{
  "classification": "stage_d3a4_phase_functional_comparison",
  "compatible_minus_F1": -2.4132803703716662e-08,
  "compatible_reduction_from_F1": 2.4132803703716662e-08,
  "functional_at_F1": -7.897697675911291e-06,
  "functional_at_compatible": -7.921830479615008e-06,
  "functional_at_unconstrained": -7.928922038513854e-06,
  "unconstrained_minus_F1": -3.122436260256302e-08,
  "unconstrained_reduction_from_F1": 3.122436260256302e-08
}
