base_eid,layer3_eid,xc,yc,damage_sdv1,history_sdv15,s_mises,miseseri,misesavg,eta_e
1,5921,0.020000,0.000000,7.11278096e-02,8.31776485e-03,4.07307007e-14,2.72111515e-15,3.80286487e-14,7.15543478e-02
2,5922,0.020490,0.020177,1.01027772e-01,2.17124745e-02,6.18687230e-14,4.20575025e-15,5.48568860e-14,7.66676811e-02
3,5923,0.000000,0.120000,1.87342297e-02,1.59442774e-03,1.62447045e-14,1.04329069e-15,1.59168519e-14,6.55462964e-02
4,5924,0.000000,0.160000,1.07590174e-02,9.06873553e-04,1.02457266e-14,8.12702490e-16,9.93273948e-15,8.18205785e-02
5,5925,0.000000,0.200000,6.01290166e-03,4.98274923e-04,6.00380045e-15,6.99736035e-16,5.69906467e-15,1.22780855e-01
6,5926,0.000000,0.240000,3.13495984e-03,2.49398348e-04,2.96753292e-15,6.37114625e-16,2.65780135e-15,2.39714915e-01
7,5927,0.000000,0.280000,1.46529416e-03,1.03728045e-04,1.17680003e-15,6.81117616e-16,9.05321414e-16,7.52348951e-01
8,5928,0.020673,0.300083,5.88600582e-04,3.97386175e-05,1.72840006e-15,1.99898439e-16,1.39898556e-15,1.42888136e-01
9,5929,0.019216,0.339690,1.93465283e-04,6.18566173e-06,1.90019708e-15,1.12499184e-16,1.70340973e-15,6.60435256e-02
10,5930,0.018888,0.378817,5.39069733e-05,7.80488790e-07,1.41990155e-15,4.35633247e-17,1.27534913e-15,3.41579600e-02
11,5931,0.021903,0.418764,1.41458795e-05,3.03563354e-07,9.53387357e-16,1.42600859e-17,8.84153901e-16,1.61285109e-02
12,5932,0.020000,0.500000,1.88492675e-06,4.12460430e-08,1.70089708e-16,1.03241411e-16,1.33473586e-16,7.73496950e-01
13,5933,0.000000,0.480000,3.56183000e-06,2.34485100e-07,3.58581181e-16,1.00554054e-16,3.35062517e-16,3.00105350e-01
14,5934,0.040000,0.000000,4.98316661e-02,5.18842274e-03,3.41816046e-14,1.78469016e-15,3.25228193e-14,5.48750138e-02
15,5935,0.041667,0.039980,3.85911465e-02,4.03620675e-03,3.28731047e-14,6.87397783e-16,3.16517510e-14,2.17175278e-02
16,5936,0.060897,0.111330,1.84052102e-02,1.77213666e-03,2.02161015e-14,7.88793291e-16,1.96315285e-14,4.01799225e-02
17,5937,0.037940,0.163076,1.19169466e-02,1.06173614e-03,1.43547622e-14,7.89256459e-16,1.42333333e-14,5.54512737e-02
18,5938,0.059909,0.201898,9.01420880e-03,8.43569869e-04,1.29060792e-14,7.17891128e-16,1.27959184e-14,5.61031344e-02
19,5939,0.042101,0.241918,3.86855542e-03,3.62114224e-04,6.13990805e-15,6.48407956e-16,5.83240502e-15,1.11173342e-01
20,5940,0.061082,0.280746,2.22864165e-03,2.41677146e-04,3.94731245e-15,2.20471612e-16,3.63997586e-15,6.05695258e-02
21,5941,0.076835,0.313499,1.88701239e-03,1.63779187e-04,2.94813460e-15,3.59608711e-16,2.88395427e-15,1.24692931e-01
22,5942,0.037157,0.377109,3.99623241e-04,2.98539617e-05,4.57587527e-16,1.99038383e-16,4.06946392e-16,4.89102218e-01
23,5943,0.068072,0.422287,1.98416208e-04,1.46200364e-05,7.99462730e-16,9.27875492e-17,7.52542504e-16,1.23298749e-01
24,5944,0.083038,0.460848,8.11308055e-05,4.07422112e-06,9.97215595e-16,7.45952535e-17,9.41995717e-16,7.91885273e-02
25,5945,0.060000,0.500000,7.27869246e-06,1.28436653e-07,5.60976739e-16,8.00448914e-17,5.38075139e-16,1.48761550e-01
26,5946,0.081369,0.480269,3.27995222e-05,7.29156341e-07,9.18719887e-16,5.53690482e-17,8.41646082e-16,6.57866167e-02
27,5947,0.080000,0.000000,3.11005376e-02,2.97880475e-03,3.03931752e-14,9.28068801e-16,2.98488007e-14,3.10923313e-02
28,5948,0.081770,0.038759,2.90816538e-02,2.95221875e-03,3.14472501e-14,4.53379838e-16,3.06990219e-14,1.47685434e-02
29,5949,0.082653,0.058075,2.67894771e-02,2.68865796e-03,3.02061300e-14,6.31263692e-16,2.95040380e-14,2.13958405e-02
30,5950,0.120891,0.096322,2.04407573e-02,1.90716819e-03,2.65318010e-14,4.37348045e-16,2.63399735e-14,1.66039668e-02
31,5951,0.091078,0.146909,1.50570823e-02,1.38658378e-03,2.05790771e-14,6.43449955e-16,2.03880424e-14,3.15601637e-02
32,5952,0.099429,0.197483,1.19377151e-02,1.09458226e-03,1.71580923e-14,6.00422746e-16,1.69668102e-14,3.53880746e-02
33,5953,0.083395,0.220682,7.86680914e-03,7.51687388e-04,1.20452634e-14,6.60774796e-16,1.17198011e-14,5.63810588e-02
34,5954,0.075674,0.293153,3.51434969e-03,3.39720136e-04,5.65065378e-15,3.88355342e-16,5.31845084e-15,7.30203876e-02
35,5955,0.099745,0.335324,2.19858135e-03,2.08695128e-04,3.00060511e-15,1.83617420e-16,2.85807233e-15,6.42451969e-02
36,5956,0.089604,0.405211,5.34472638e-04,3.95957977e-05,3.93114582e-16,1.76519032e-16,3.77271148e-16,4.67883731e-01
37,5957,0.122882,0.461226,2.88718729e-04,2.01943458e-05,7.93353769e-16,1.51333289e-16,6.63783881e-16,2.27985784e-01
38,5958,0.100000,0.500000,3.01702439e-05,2.86999182e-07,1.19442911e-15,3.09127288e-17,1.09410123e-15,2.82539932e-02
39,5959,0.121450,0.480536,1.35046968e-04,8.33512604e-06,1.08566119e-15,9.84063754e-17,9.25997276e-16,1.06270696e-01
40,5960,0.120000,0.000000,2.42002495e-02,2.24996824e-03,3.11674582e-14,4.23643899e-16,3.06503412e-14,1.38218331e-02
41,5961,0.140689,0.037884,2.25315690e-02,2.12211697e-03,3.17938831e-14,2.47304345e-16,3.14662237e-14,7.85935890e-03
42,5962,0.140920,0.056988,2.26292275e-02,2.19149957e-03,3.18675072e-14,2.22298874e-16,3.15104862e-14,7.05475860e-03
43,5963,0.172570,0.134166,1.95311476e-02,1.87770301e-03,2.83222712e-14,3.39079862e-16,2.80467347e-14,1.20898160e-02
44,5964,0.139189,0.145532,1.67682189e-02,1.65628502e-03,2.39626586e-14,3.96515551e-16,2.35098314e-14,1.68659462e-02
45,5965,0.160917,0.185673,1.54378396e-02,1.49032788e-03,2.22189126e-14,5.70476002e-16,2.18268498e-14,2.61364332e-02
46,5966,0.131474,0.290182,5.95239690e-03,5.31210040e-04,8.10249271e-15,4.03803211e-16,8.00364227e-15,5.04524312e-02
47,5967,0.129528,0.307345,5.28756389e-03,5.21212060e-04,7.15710399e-15,4.82681090e-16,6.89822319e-15,6.99717994e-02
48,5968,0.127887,0.381749,2.66720355e-03,2.29393801e-04,3.00306976e-15,3.88141307e-16,2.88442544e-15,1.34564514e-01
49,5969,0.125666,0.422739,1.27399655e-03,1.02001053e-04,1.05925758e-15,1.70159271e-16,9.61036065e-16,1.77058153e-01
50,5970,0.162242,0.460483,7.74809043e-04,6.34185126e-05,2.99371487e-16,3.13952074e-16,2.28489917e-16,1.37403032e+00
51,5971,0.140000,0.500000,1.19713666e-04,3.90531159e-06,1.62719127e-15,2.65233859e-17,1.45179774e-15,1.82693395e-02
52,5972,0.161249,0.480191,4.25185950e-04,3.24696630e-05,1.02097328e-15,8.90936187e-17,8.24766516e-16,1.08022837e-01
53,5973,0.160000,0.000000,2.10956950e-02,1.93545490e-03,3.27314537e-14,2.03926636e-16,3.23005647e-14,6.31340778e-03
54,5974,0.179517,0.038362,2.05110982e-02,1.92214537e-03,3.36681637e-14,1.11842429e-16,3.32778103e-14,3.36087104e-03
55,5975,0.178089,0.077129,2.09235623e-02,1.98753504e-03,3.27344319e-14,1.42929716e-16,3.24744504e-14,4.40129746e-03
56,5976,0.196959,0.078257,2.07874589e-02,1.99317466e-03,3.19848619e-14,1.84889293e-16,3.17022003e-14,5.83206501e-03
57,5977,0.206412,0.139516,1.87945291e-02,1.77628919e-03,2.80343037e-14,3.98284156e-16,2.77552961e-14,1.43498435e-02
58,5978,0.175655,0.184757,1.64711699e-02,1.58780057e-03,2.37574480e-14,3.24892087e-16,2.33614347e-14,1.39071975e-02
59,5979,0.162093,0.248468,1.13998447e-02,1.10834499e-03,1.55931667e-14,4.03528031e-16,1.52418683e-14,2.64749717e-02
60,5980,0.192429,0.265248,1.10746827e-02,1.06952130e-03,1.48131239e-14,4.17021266e-16,1.42565267e-14,2.92512527e-02
61,5981,0.176486,0.305606,7.09808338e-03,7.04045699e-04,9.44874994e-15,2.93893619e-16,9.02501069e-15,3.25643513e-02
62,5982,0.164784,0.382507,4.23402432e-03,3.77795397e-04,4.50596795e-15,3.52709284e-16,4.30385657e-15,8.19519141e-02
63,5983,0.163502,0.421487,2.51339050e-03,2.16116227e-04,2.26939884e-15,2.90781964e-16,2.10105146e-15,1.38398306e-01
64,5984,0.162242,0.460483,1.18811859e-03,9.79952238e-05,4.43399090e-16,3.45681240e-16,3.22741893e-16,1.07107644e+00
65,5985,0.180000,0.500000,4.05307073e-04,2.23726765e-05,1.87830996e-15,7.35460510e-17,1.68042803e-15,4.37662606e-02
66,5986,0.201143,0.479404,1.11295830e-03,9.07056892e-05,8.28193929e-16,2.55787380e-16,6.56470334e-16,3.89640425e-01
67,5987,0.200000,0.000000,1.96074191e-02,1.77179102e-03,3.48768154e-14,1.09067185e-16,3.44317368e-14,3.16763530e-03
68,5988,0.218679,0.039498,1.95039473e-02,1.78671663e-03,3.57773469e-14,7.76502367e-17,3.54325198e-14,2.19149632e-03
69,5989,0.237239,0.060389,1.99267603e-02,1.83413515e-03,3.59744210e-14,2.47080358e-16,3.57010869e-14,6.92080773e-03
70,5990,0.214064,0.099915,2.01105382e-02,1.89703004e-03,3.24280126e-14,3.45921082e-16,3.21770910e-14,1.07505393e-02
71,5991,0.206412,0.139516,1.90235544e-02,1.79927784e-03,2.87643546e-14,3.93640510e-16,2.84760517e-14,1.38235635e-02
72,5992,0.228337,0.185943,1.80845316e-02,1.69530627e-03,2.58338340e-14,5.53311144e-16,2.56168208e-14,2.15995243e-02
73,5993,0.222456,0.244425,1.61073636e-02,1.49992388e-03,2.14185613e-14,5.70310989e-16,2.11788256e-14,2.69283576e-02
74,5994,0.183677,0.279382,1.03646247e-02,9.42434708e-04,1.27432100e-14,4.02190328e-16,1.25522507e-14,3.20412918e-02
75,5995,0.230498,0.324345,1.01867029e-02,9.98283154e-04,1.14219479e-14,4.33980533e-16,1.10762509e-14,3.91811758e-02
76,5996,0.236992,0.377797,7.91528169e-03,7.47998594e-04,7.35977356e-15,4.65468268e-16,7.18636559e-15,6.47710254e-02
77,5997,0.220150,0.398882,5.75972488e-03,5.19221008e-04,4.40453448e-15,4.00020786e-16,4.16329145e-15,9.60828206e-02
78,5998,0.221763,0.458097,3.55953514e-03,2.97944352e-04,1.50923600e-15,3.07652875e-16,1.22733994e-15,2.50666392e-01
79,5999,0.220000,0.500000,1.15862861e-03,8.01633360e-05,1.99871421e-15,1.08838883e-16,1.75723920e-15,6.19374318e-02
80,6000,0.221285,0.478761,1.70928310e-03,1.41006007e-04,7.60030540e-16,4.05729232e-16,5.67561256e-16,7.14864216e-01
81,6001,0.240000,0.000000,1.90929398e-02,1.75960886e-03,3.74045142e-14,6.34608268e-17,3.70147062e-14,1.71447604e-03
82,6002,0.258102,0.040422,1.93719678e-02,1.78814447e-03,3.84011806e-14,1.78561944e-16,3.80237833e-14,4.69605936e-03
83,6003,0.256956,0.060973,1.99969783e-02,1.85630831e-03,3.72034523e-14,2.21834157e-16,3.68848832e-14,6.01422962e-03
84,6004,0.233777,0.102292,2.01063491e-02,1.89351966e-03,3.36147634e-14,3.81837053e-16,3.33113697e-14,1.14626644e-02
85,6005,0.297680,0.144104,2.06429474e-02,1.91297999e-03,3.36136555e-14,5.60865884e-16,3.34437746e-14,1.67704122e-02
86,6006,0.262175,0.207182,1.89862289e-02,1.77541224e-03,2.61626624e-14,5.78123492e-16,2.59589425e-14,2.22706873e-02
87,6007,0.274067,0.241146,1.91231444e-02,1.79197954e-03,2.51486267e-14,3.56478130e-16,2.47945551e-14,1.43772747e-02
88,6008,0.273674,0.275635,1.77862607e-02,1.71122816e-03,2.00102250e-14,6.05989287e-16,1.98616741e-14,3.05104839e-02
89,6009,0.260826,0.297512,1.38526559e-02,1.31013815e-03,1.47395862e-14,6.04288339e-16,1.46369225e-14,4.12852047e-02
90,6010,0.271084,0.353514,1.35757625e-02,1.29365129e-03,1.10638224e-14,5.36108169e-16,1.08391300e-14,4.94604430e-02
91,6011,0.274210,0.408678,1.03029450e-02,1.05323747e-03,5.63997608e-15,5.89591841e-16,5.56562649e-15,1.05934497e-01
92,6012,0.263534,0.453841,7.05572451e-03,6.84019004e-04,2.79371181e-15,4.97979775e-16,2.42727053e-15,2.05160393e-01
93,6013,0.260000,0.500000,8.63173977e-04,5.92135839e-05,1.50639118e-14,1.43493385e-15,1.41599794e-14,1.01337284e-01
94,6014,0.280000,0.500000,4.18720860e-03,3.51482828e-04,2.03689592e-15,1.19115941e-16,1.70667324e-15,6.97942276e-02
95,6015,0.300000,0.000000,1.94128323e-02,1.77656417e-03,4.21678819e-14,1.67431812e-16,4.16232092e-14,4.02255892e-03
96,6016,0.320000,0.000000,1.96836051e-02,1.81059667e-03,4.40822644e-14,2.67218804e-16,4.34620838e-14,6.14832011e-03
97,6017,0.316221,0.080567,2.06346456e-02,1.92051299e-03,4.18203070e-14,4.16103877e-16,4.13899024e-14,1.00532703e-02
98,6018,0.315886,0.121720,2.13860366e-02,2.00801110e-03,3.98723074e-14,4.31725732e-16,3.94444270e-14,1.09451642e-02
99,6019,0.297680,0.144104,2.13446729e-02,2.02510227e-03,3.53102828e-14,5.77556350e-16,3.50383683e-14,1.64835401e-02
100,6020,0.299353,0.187068,2.11920906e-02,2.03176052e-03,3.14726747e-14,7.01059789e-16,3.10771509e-14,2.25586892e-02
101,6021,0.307630,0.240407,2.07173377e-02,1.92233804e-03,2.84570612e-14,3.24545094e-16,2.80083082e-14,1.15874580e-02
102,6022,0.310697,0.280577,1.92965493e-02,1.88263808e-03,2.19574657e-14,6.22466355e-16,2.16881075e-14,2.87008147e-02
103,6023,0.305733,0.325511,1.95299815e-02,1.96784898e-03,1.67838172e-14,8.86699553e-16,1.64573657e-14,5.38785837e-02
104,6024,0.305022,0.371955,1.58474129e-02,1.49082660e-03,1.24469730e-14,5.80007346e-16,1.20364441e-14,4.81875995e-02
105,6025,0.289116,0.403043,1.27862105e-02,1.30307954e-03,7.39394711e-15,6.11097426e-16,7.16500935e-15,8.52891316e-02
106,6026,0.288154,0.449332,1.07555808e-02,1.05196494e-03,3.52394484e-15,5.32018324e-16,2.98972074e-15,1.77949170e-01
107,6027,0.283728,0.475934,6.00317307e-03,5.00529539e-04,2.29549423e-15,1.10295330e-16,1.93915932e-15,5.68779101e-02
108,6028,0.320000,0.500000,8.48671142e-03,7.24626007e-04,2.60473600e-15,1.21038692e-16,2.20971308e-15,5.47757503e-02
109,6029,0.340000,0.000000,1.99943818e-02,1.85120420e-03,4.60235758e-14,3.98858709e-16,4.53775404e-14,8.78978247e-03
110,6030,0.360000,0.000000,2.02636551e-02,1.86441408e-03,4.76581258e-14,3.72248269e-16,4.70995550e-14,7.90343495e-03
111,6031,0.356093,0.059221,2.06823628e-02,1.91812555e-03,4.57027706e-14,4.52700306e-16,4.51208149e-14,1.00330702e-02
112,6032,0.352990,0.120053,2.22560167e-02,2.08029011e-03,4.31174227e-14,4.56097861e-16,4.26936860e-14,1.06830284e-02
113,6033,0.370229,0.139070,2.34694146e-02,2.20213807e-03,4.10040552e-14,6.07134900e-16,4.05022593e-14,1.49901489e-02
114,6034,0.362613,0.198765,2.48708464e-02,2.38398532e-03,3.88169518e-14,6.18180739e-16,3.81813518e-14,1.61906457e-02
115,6035,0.361174,0.222572,2.40350608e-02,2.28933524e-03,3.33778449e-14,4.98000633e-16,3.27551300e-14,1.52037447e-02
116,6036,0.351009,0.278916,2.27921233e-02,2.19014147e-03,2.53081654e-14,6.91054530e-16,2.48269999e-14,2.78347982e-02
117,6037,0.349431,0.323200,2.20257509e-02,2.18218123e-03,1.93961922e-14,7.68306370e-16,1.89479542e-14,4.05482492e-02
118,6038,0.341557,0.376932,1.92161314e-02,1.89381919e-03,1.25405845e-14,5.21129821e-16,1.20206655e-14,4.33528260e-02
119,6039,0.342342,0.414368,1.98783241e-02,1.96065661e-03,9.62587215e-15,3.73290623e-16,9.28016920e-15,4.02245492e-02
120,6040,0.366936,0.462364,2.09892392e-02,1.86421757e-03,4.53454218e-15,2.80720139e-16,3.83147095e-15,7.32669365e-02
121,6041,0.340000,0.500000,1.19307199e-02,1.02773146e-03,3.05174472e-15,1.53016131e-16,2.59325087e-15,5.90055258e-02
122,6042,0.360000,0.500000,1.66811571e-02,1.42450095e-03,3.75180115e-15,2.46784690e-16,3.16393318e-15,7.79993370e-02
123,6043,0.380000,0.000000,2.04777550e-02,1.89291150e-03,4.93645686e-14,4.45812287e-16,4.87955488e-14,9.13633104e-03
124,6044,0.400000,0.000000,2.07522847e-02,1.89179310e-03,5.08817062e-14,4.15293372e-16,5.03109924e-14,8.25452555e-03
125,6045,0.391742,0.079890,2.14602891e-02,2.00553727e-03,4.66669414e-14,4.40465682e-16,4.61237765e-14,9.54964481e-03
126,6046,0.372133,0.099731,2.27324069e-02,2.14875815e-03,4.47855152e-14,5.18924412e-16,4.42899772e-14,1.17165202e-02
127,6047,0.399313,0.152416,2.47506164e-02,2.34942138e-03,4.49656452e-14,5.51510722e-16,4.43686327e-14,1.24301942e-02
128,6048,0.389583,0.192512,2.57649291e-02,2.46076216e-03,4.08158547e-14,7.05669978e-16,4.03555803e-14,1.74863048e-02
129,6049,0.405564,0.234518,2.81793121e-02,2.77317991e-03,3.76785124e-14,1.02150553e-15,3.73604007e-14,2.73419320e-02
130,6050,0.412278,0.274875,3.07954960e-02,3.03585292e-03,3.11759963e-14,1.11482601e-15,3.07201299e-14,3.62897558e-02
131,6051,0.364944,0.312910,2.54201535e-02,2.43061827e-03,2.02003670e-14,6.75764685e-16,1.97646786e-14,3.41905223e-02
132,6052,0.393952,0.363484,2.94507407e-02,2.72509083e-03,1.64456715e-14,4.71658015e-16,1.61070769e-14,2.92826574e-02
133,6053,0.384317,0.370142,2.80866995e-02,2.63256370e-03,1.47731101e-14,2.23701640e-16,1.43105183e-14,1.56319733e-02
134,6054,0.388126,0.441623,2.85360590e-02,2.79209809e-03,8.25166876e-15,5.65812397e-16,7.79327232e-15,7.26026724e-02
135,6055,0.383269,0.480982,3.41876000e-02,2.76896870e-03,6.69788889e-15,7.30048539e-16,5.41204290e-15,1.34893339e-01
136,6056,0.405752,0.460539,3.77315804e-02,3.49546084e-03,7.02836896e-15,2.99571678e-16,6.27863807e-15,4.77128438e-02
137,6057,0.420000,0.000000,2.12034900e-02,1.97650958e-03,5.24437061e-14,5.32917026e-16,5.18410862e-14,1.02798198e-02
138,6058,0.415341,0.040623,2.16612592e-02,2.00408464e-03,5.07362300e-14,5.45359993e-16,5.01476573e-14,1.08750841e-02
139,6059,0.429245,0.063101,2.21681837e-02,2.07765680e-03,4.97495315e-14,4.99177639e-16,4.91790921e-14,1.01502004e-02
140,6060,0.435410,0.099499,2.42715348e-02,2.23338930e-03,5.11497921e-14,1.60842822e-16,5.04293805e-14,3.18946654e-03
141,6061,0.417770,0.144693,2.54886076e-02,2.37072841e-03,4.62904488e-14,4.20455376e-16,4.60205638e-14,9.13625000e-03
142,6062,0.416268,0.195311,2.79926565e-02,2.61700409e-03,4.64788662e-14,2.91594004e-16,4.56704309e-14,6.38474388e-03
143,6063,0.422817,0.224023,3.23514417e-02,3.09616583e-03,4.21252998e-14,7.99825048e-16,4.19440178e-14,1.90688706e-02
144,6064,0.422908,0.290639,3.54767628e-02,3.44648887e-03,3.24952027e-14,9.06859837e-16,3.17476114e-14,2.85646635e-02
145,6065,0.431195,0.334126,3.84562351e-02,3.67051456e-03,2.07518329e-14,7.15786410e-16,2.03403985e-14,3.51903829e-02
146,6066,0.427625,0.361008,4.98443730e-02,5.06603718e-03,1.52948638e-14,7.48146774e-16,1.51949461e-14,4.92365535e-02
147,6067,0.463317,0.460874,1.79903626e-01,1.13056768e-02,9.10104037e-15,6.68589321e-15,7.80942439e-15,8.56131371e-01
148,6068,0.402959,0.480707,5.43314293e-02,4.07456048e-03,9.97513433e-15,1.17910777e-15,7.76267580e-15,1.51894501e-01
149,6069,0.461571,0.480638,2.18763545e-01,1.44785438e-02,1.62358920e-14,9.64153718e-15,1.25744489e-14,7.66756242e-01
150,6070,0.460000,0.000000,2.26090308e-02,2.15857383e-03,5.48972048e-14,5.05342821e-16,5.42260227e-14,9.31919392e-03
151,6071,0.454862,0.046524,2.33547166e-02,2.16885889e-03,5.43366181e-14,1.68462823e-16,5.37780913e-14,3.13255488e-03
152,6072,0.476300,0.059275,2.48302873e-02,2.32217764e-03,5.56719486e-14,2.17281408e-16,5.51220582e-14,3.94182320e-03
153,6073,0.444658,0.109702,2.52467282e-02,2.37583835e-03,5.38972587e-14,4.81635533e-16,5.36508229e-14,8.97722546e-03
154,6074,0.479602,0.159190,3.05868592e-02,2.97441543e-03,5.95554761e-14,1.92819295e-16,5.83708768e-14,3.30334759e-03
155,6075,0.488767,0.195227,3.40613909e-02,3.36044142e-03,5.85288653e-14,7.41919811e-16,5.69913311e-14,1.30181169e-02
156,6076,0.472930,0.217111,3.64723802e-02,3.62923904e-03,4.97699755e-14,1.46034409e-15,4.88168804e-14,2.99147361e-02
157,6077,0.477790,0.287941,4.59971242e-02,4.26947046e-03,4.16683154e-14,7.13674227e-16,4.00908046e-14,1.78014443e-02
158,6078,0.508259,0.331828,8.36041421e-02,7.28820264e-03,2.89589485e-14,1.85171757e-15,2.75485320e-14,6.72165608e-02
159,6079,0.472172,0.343508,5.96458800e-02,5.95549168e-03,1.88680231e-14,1.01531362e-15,1.85683496e-14,5.46797986e-02
160,6080,0.473260,0.402977,1.04301862e-01,8.05496704e-03,1.00534425e-14,1.49450536e-15,9.21778946e-15,1.62132728e-01
161,6081,0.502290,0.461208,8.48381221e-01,2.07216716e+00,8.76462368e-13,4.11506793e-13,6.74060308e-13,6.10489578e-01
162,6082,0.461571,0.480638,6.73305213e-01,8.91001225e-02,1.56033213e-13,8.91574304e-13,1.17868700e-13,7.56413111e+00
163,6083,0.482809,0.461255,6.27872407e-01,4.67223935e-02,3.23280695e-14,6.30745998e-13,2.93567017e-14,2.14855880e+01
164,6084,0.500000,0.000000,2.42658854e-02,2.28838762e-03,5.58750908e-14,2.07870898e-16,5.54859029e-14,3.74637318e-03
165,6085,0.527530,0.059159,2.59741638e-02,2.44150031e-03,5.73483657e-14,1.06680061e-16,5.69339159e-14,1.87375239e-03
166,6086,0.515943,0.072721,2.77405698e-02,2.59197084e-03,5.92800345e-14,3.35810129e-16,5.90055619e-14,5.69116060e-03
167,6087,0.512388,0.098094,3.03454436e-02,2.80589121e-03,6.11900802e-14,4.61493037e-16,6.09217334e-14,7.57517902e-03
168,6088,0.533421,0.147003,3.64202447e-02,3.53233120e-03,6.60731235e-14,5.30192597e-16,6.49428699e-14,8.16398472e-03
169,6089,0.524510,0.208579,4.40126918e-02,4.53129644e-03,6.89457917e-14,1.16720611e-15,6.65416886e-14,1.75409752e-02
170,6090,0.510910,0.243078,5.26587218e-02,5.14294580e-03,6.62575057e-14,1.84661843e-15,6.43418288e-14,2.87001235e-02
171,6091,0.512534,0.281503,6.31146505e-02,5.62739093e-03,4.57792780e-14,1.53007523e-15,4.40717985e-14,3.47177852e-02
172,6092,0.523208,0.335039,1.31418005e-01,8.68718233e-03,3.03751300e-14,3.32748169e-15,2.92114321e-14,1.13910255e-01
173,6093,0.491379,0.366925,1.38702258e-01,9.91756748e-03,1.99075223e-14,1.40216500e-15,1.89922032e-14,7.38284538e-02
174,6094,0.506620,0.385506,1.92448735e-01,1.24030132e-02,1.67131882e-14,7.46091607e-15,1.50023782e-14,4.97315557e-01
175,6095,0.522590,0.441410,9.94897068e-01,1.47463770e+01,2.54215789e-12,1.00194408e-12,2.48283382e-12,4.03548587e-01
176,6096,0.500000,0.500000,3.72139454e-01,1.13796471e-02,1.35740825e-13,3.62286075e-13,1.15749492e-13,3.12991504e+00
177,6097,0.458028,0.548796,2.23845299e-02,1.76722335e-03,1.18319281e-13,2.25349431e-15,1.12743575e-13,1.99877848e-02
178,6098,0.425081,0.600091,1.62728243e-02,1.56001700e-03,9.02559345e-14,1.33571061e-15,9.01726339e-14,1.48128157e-02
179,6099,0.392758,0.611810,1.35918865e-02,1.30197639e-03,7.71565835e-14,1.54290450e-15,7.52555570e-14,2.05022003e-02
180,6100,0.355214,0.651905,1.22092431e-02,1.14685029e-03,6.92885894e-14,1.20507420e-15,6.78990826e-14,1.77480188e-02
181,6101,0.314577,0.692373,1.09849256e-02,1.04302412e-03,6.33670362e-14,1.07625520e-15,6.25544403e-14,1.72050969e-02
182,6102,0.288663,0.783530,1.16077419e-02,1.07684743e-03,6.39924108e-14,5.98466470e-16,6.34747043e-14,9.42842471e-03
183,6103,0.236468,0.781175,9.34427977e-03,8.72061995e-04,5.75519247e-14,7.33064452e-16,5.72875555e-14,1.27962250e-02
184,6104,0.180739,0.843120,8.69430881e-03,8.11554899e-04,5.78045709e-14,3.36610708e-16,5.71958252e-14,5.88523212e-03
185,6105,0.149031,0.889468,7.85368867e-03,7.32858782e-04,5.75424040e-14,8.20635218e-16,5.73014536e-14,1.43213682e-02
186,6106,0.124268,0.922866,7.56062381e-03,7.09841377e-04,6.05974621e-14,5.68745513e-16,5.95649425e-14,9.54832641e-03
187,6107,0.073516,0.934168,7.09796045e-03,6.95959956e-04,6.65739504e-14,1.28828671e-15,6.40514727e-14,2.01133036e-02
188,6108,0.000000,0.980000,9.94151924e-03,1.46207470e-03,1.22764659e-13,7.78466393e-15,1.09279237e-13,7.12364408e-02
189,6109,0.000000,0.980000,1.01105813e-02,1.47792697e-03,9.19238982e-14,4.78043246e-15,8.78397900e-14,5.44221754e-02
190,6110,0.000000,0.940000,6.44848123e-03,5.95152087e-04,5.96352259e-14,2.50142001e-15,5.88035412e-14,4.25385947e-02
191,6111,0.070961,0.886079,5.28473966e-03,4.90021310e-04,5.18499157e-14,7.46572510e-16,5.09655692e-14,1.46485661e-02
192,6112,0.097206,0.834268,5.67094376e-03,5.45606657e-04,4.87929806e-14,1.22688794e-15,4.83170327e-14,2.53924522e-02
193,6113,0.146611,0.799476,6.28925906e-03,5.80993248e-04,4.95976551e-14,4.85185607e-16,4.87982932e-14,9.94267578e-03
194,6114,0.230640,0.738743,7.55733764e-03,7.03869271e-04,5.21756100e-14,7.16628466e-16,5.16683186e-14,1.38697849e-02
195,6115,0.257394,0.705496,8.97875428e-03,8.31503014e-04,5.63847133e-14,7.65326984e-16,5.60262828e-14,1.36601421e-02
196,6116,0.375215,0.613264,1.07586579e-02,1.02772017e-03,6.87911438e-14,1.84310304e-15,6.72223711e-14,2.74180010e-02
197,6117,0.393934,0.556529,1.11142043e-02,1.00103172e-03,7.62177932e-14,3.17758142e-15,7.37386768e-14,4.30924660e-02
198,6118,0.415708,0.539750,1.49669386e-02,1.35598634e-03,9.11921431e-14,2.91770451e-15,8.68976589e-14,3.35763305e-02
199,6119,0.500305,0.520306,3.19426775e-01,1.02618504e-02,2.91261346e-13,2.38113891e-13,2.39731493e-13,9.93252440e-01
200,6120,0.500305,0.520306,6.96305111e-02,2.52030767e-03,1.48231620e-13,8.90016312e-15,1.34929231e-13,6.59617121e-02
201,6121,0.540000,0.000000,2.48357188e-02,2.30782665e-03,5.56323955e-14,1.42231986e-16,5.51782808e-14,2.57768063e-03
202,6122,0.557738,0.022746,2.52782907e-02,2.36978335e-03,5.66002560e-14,4.99238149e-16,5.63578555e-14,8.85835957e-03
203,6123,0.596924,0.067959,2.84953173e-02,2.76777032e-03,6.09941310e-14,7.98416380e-16,6.03800999e-14,1.32231709e-02
204,6124,0.580261,0.105929,3.52820940e-02,3.49063240e-03,6.65469876e-14,3.51790968e-16,6.53961206e-14,5.37938588e-03
205,6125,0.563942,0.148218,3.99878062e-02,4.12304094e-03,6.99039622e-14,7.04407104e-16,6.82728003e-14,1.03175364e-02
206,6126,0.553647,0.207456,6.06369525e-02,6.29370473e-03,8.01441839e-14,5.92019120e-16,7.78463868e-14,7.60496594e-03
207,6127,0.566515,0.228542,7.62853995e-02,6.88982615e-03,8.16184617e-14,2.08212387e-15,8.01528440e-14,2.59769182e-02
208,6128,0.546779,0.254758,8.80412534e-02,7.76241254e-03,7.27316631e-14,3.79520735e-15,7.18871374e-14,5.27939697e-02
209,6129,0.542428,0.329589,5.80559075e-01,7.12558180e-02,9.65688507e-14,2.51077696e-13,8.94384190e-14,2.80726894e+00
210,6130,0.561013,0.378628,9.34936821e-01,8.52849770e+00,1.82859630e-12,5.40274097e-13,1.47832007e-12,3.65464900e-01
211,6131,0.561630,0.399185,9.67815578e-01,9.62233734e+00,1.96798177e-12,5.72665775e-13,1.63394916e-12,3.50479555e-01
212,6132,0.540510,0.498182,3.77694905e-01,2.88876090e-02,2.07664832e-13,1.51433241e-13,1.91787260e-13,7.89589682e-01
213,6133,0.540637,0.560412,1.85497832e-02,1.57895300e-03,6.21752676e-14,5.47352140e-15,5.79426101e-14,9.44645294e-02
214,6134,0.553355,0.606911,1.03086997e-02,8.51088727e-04,6.73759551e-14,1.51571453e-15,6.53008192e-14,2.32112636e-02
215,6135,0.554161,0.647973,9.44656227e-03,7.79568159e-04,6.62431400e-14,6.28066460e-16,6.49422194e-14,9.67115794e-03
216,6136,0.562932,0.698894,1.01371668e-02,8.70555232e-04,6.01567068e-14,1.12114244e-15,5.96059863e-14,1.88092256e-02
217,6137,0.537074,0.734960,1.10363476e-02,1.01056462e-03,6.70299794e-14,9.52068421e-16,6.63586143e-14,1.43473222e-02
218,6138,0.562491,0.762561,1.10865254e-02,1.01769832e-03,6.17639756e-14,1.06543033e-15,6.14666670e-14,1.73334652e-02
219,6139,0.580613,0.832735,1.07667036e-02,1.00443943e-03,5.65216107e-14,7.72374934e-16,5.60021796e-14,1.37918727e-02
220,6140,0.540345,0.878058,1.02807665e-02,9.37503472e-04,5.63909203e-14,5.04476942e-16,5.56720062e-14,9.06159085e-03
221,6141,0.541486,0.909092,9.53007676e-03,8.85404123e-04,5.33853831e-14,3.96292014e-16,5.26154539e-14,7.53185585e-03
222,6142,0.573214,0.931730,8.36049858e-03,7.60059513e-04,4.63845101e-14,5.39953911e-16,4.57486527e-14,1.18026189e-02
223,6143,0.560000,1.000000,7.07774423e-03,6.15984085e-04,4.37291974e-14,1.13029305e-15,4.30198208e-14,2.62737739e-02
224,6144,0.540000,1.000000,7.10894214e-03,6.29403396e-04,4.60933138e-14,9.25239288e-16,4.54297346e-14,2.03663811e-02
225,6145,0.541076,0.946376,8.60941131e-03,8.04124516e-04,5.24071787e-14,1.10431190e-15,5.22635490e-14,2.11296768e-02
226,6146,0.526444,0.924886,9.33069829e-03,8.72731500e-04,5.57122843e-14,6.75562774e-16,5.53728070e-14,1.22002624e-02
227,6147,0.554448,0.891711,9.98827070e-03,9.23424086e-04,5.61798634e-14,5.11736490e-16,5.55664760e-14,9.20944654e-03
228,6148,0.525434,0.863218,1.15731601e-02,1.07501855e-03,6.24557846e-14,4.30203428e-16,6.17874079e-14,6.96263920e-03
229,6149,0.536212,0.796139,1.24392854e-02,1.18009094e-03,6.60980466e-14,9.92080140e-16,6.58196506e-14,1.50727044e-02
230,6150,0.537074,0.734960,1.19845290e-02,1.13320095e-03,6.73968531e-14,1.00859135e-15,6.69954204e-14,1.50546313e-02
231,6151,0.541912,0.706970,1.16435457e-02,1.10204390e-03,6.91443498e-14,1.16091138e-15,6.84429320e-14,1.69617424e-02
232,6152,0.531521,0.679366,1.13396524e-02,1.07074843e-03,7.34716582e-14,4.56843726e-16,7.22214037e-14,6.32560021e-03
233,6153,0.522265,0.635086,1.03128329e-02,9.65005893e-04,7.46090879e-14,1.21064270e-15,7.32978877e-14,1.65167474e-02
234,6154,0.526687,0.606660,1.02395480e-02,7.41725671e-04,7.39445397e-14,1.90108646e-15,7.04533003e-14,2.69836396e-02
235,6155,0.540248,0.538465,2.92129107e-02,1.72619883e-03,6.99635526e-14,8.99565168e-15,6.49057631e-14,1.38595577e-01
236,6156,0.520584,0.499223,7.56556451e-01,4.13864762e-01,6.46359702e-13,5.69003666e-13,4.99569949e-13,1.13898698e+00
237,6157,0.560306,0.497198,1.82311788e-01,1.61868129e-02,1.48470646e-13,1.03817076e-14,1.41789250e-13,7.32192859e-02
238,6158,0.580000,0.000000,2.31477991e-02,2.17601215e-03,5.32201101e-14,5.46891481e-16,5.28748527e-14,1.03431301e-02
239,6159,0.597202,0.043752,2.42530238e-02,2.26903171e-03,5.65057407e-14,1.11983770e-15,5.62747514e-14,1.98994694e-02
240,6160,0.605773,0.081292,2.60903407e-02,2.48878659e-03,5.85143980e-14,5.56717540e-16,5.80733039e-14,9.58646232e-03
241,6161,0.584127,0.130901,3.63215767e-02,3.70855001e-03,6.75445621e-14,7.25208434e-16,6.60246936e-14,1.09838970e-02
242,6162,0.600060,0.166089,4.49843593e-02,4.55202488e-03,6.96552936e-14,5.33295226e-16,6.83750880e-14,7.79955450e-03
243,6163,0.629474,0.192022,6.08490445e-02,6.11819793e-03,7.45009726e-14,8.92788820e-16,7.20632457e-14,1.23889621e-02
244,6164,0.600492,0.276087,3.45541805e-01,5.46038039e-02,1.68190128e-13,2.69165692e-14,1.51615293e-13,1.77532020e-01
245,6165,0.616034,0.312640,6.26437247e-01,2.30735168e-01,3.58624670e-13,9.93177098e-14,3.21706908e-13,3.08721098e-01
246,6166,0.600862,0.374250,2.73568183e-01,2.70995889e-02,1.16473603e-13,1.72039490e-14,1.13497204e-13,1.51580377e-01
247,6167,0.600496,0.395176,1.71718672e-01,1.69118196e-02,1.16613641e-13,3.18102652e-15,1.13103625e-13,2.81248856e-02
248,6168,0.604520,0.456033,1.15705326e-01,1.27811152e-02,1.18708252e-13,2.89923792e-15,1.15430004e-13,2.51168484e-02
249,6169,0.580362,0.496590,1.19848214e-01,1.20990826e-02,1.27929582e-13,6.02121460e-15,1.23453290e-13,4.87732209e-02
250,6170,0.611715,0.550993,3.09188012e-02,2.86967680e-03,6.72906826e-14,1.33187746e-15,6.37915082e-14,2.08786013e-02
251,6171,0.593486,0.607938,1.94637142e-02,1.83882925e-03,5.38145544e-14,2.79372070e-15,5.21763452e-14,5.35438174e-02
252,6172,0.596057,0.652051,1.36937294e-02,1.25026470e-03,5.18873613e-14,3.44787011e-16,5.06808849e-14,6.80309770e-03
253,6173,0.600513,0.710581,1.16044106e-02,1.09186082e-03,5.34612095e-14,1.62706718e-15,5.29386105e-14,3.07349808e-02
254,6174,0.597155,0.758964,1.09433467e-02,1.02840934e-03,5.52810395e-14,1.02231466e-15,5.48328913e-14,1.86441867e-02
255,6175,0.594435,0.819591,1.08591402e-02,1.00812747e-03,5.48108210e-14,7.61842662e-16,5.44545657e-14,1.39904276e-02
256,6176,0.611677,0.863958,1.05209574e-02,1.01097801e-03,5.10907201e-14,8.99461110e-16,5.06852522e-14,1.77460123e-02
257,6177,0.613228,0.889718,1.02812713e-02,9.31034505e-04,4.81474059e-14,4.00773189e-16,4.75892383e-14,8.42150879e-03
258,6178,0.585584,0.957580,8.34249705e-03,7.61818432e-04,4.38413378e-14,7.03361813e-16,4.30736311e-14,1.63292900e-02
259,6179,0.620000,1.000000,7.44900573e-03,6.50783826e-04,3.65709524e-14,9.74639837e-16,3.57097097e-14,2.72934125e-02
260,6180,0.581958,0.978315,7.26408651e-03,6.41286140e-04,3.90625947e-14,9.86884757e-16,3.81934508e-14,2.58391095e-02
261,6181,0.620000,0.000000,1.91919506e-02,1.82747038e-03,4.96196034e-14,1.08934663e-15,4.86382819e-14,2.23968978e-02
262,6182,0.638270,0.020507,1.76538657e-02,1.71854021e-03,5.00848346e-14,1.32827090e-15,4.91210534e-14,2.70407659e-02
263,6183,0.656558,0.040046,1.65129080e-02,1.60753971e-03,5.03909861e-14,1.30723526e-15,4.94921859e-14,2.64129628e-02
264,6184,0.677590,0.120139,2.08286215e-02,1.91946421e-03,5.51387176e-14,9.98611823e-16,5.44300966e-14,1.83466847e-02
265,6185,0.649804,0.158190,3.09010297e-02,2.78548431e-03,5.93988766e-14,1.76814941e-15,5.78123026e-14,3.05843104e-02
266,6186,0.655656,0.185004,4.77621183e-02,4.45631891e-03,6.52317962e-14,1.51675151e-15,6.35385841e-14,2.38713458e-02
267,6187,0.648105,0.227607,1.00733735e-01,9.70263407e-03,8.34834927e-14,5.14785968e-15,7.84945297e-14,6.55824004e-02
268,6188,0.627680,0.279281,2.91790396e-01,4.07263562e-02,1.58773399e-13,1.54745466e-14,1.55485230e-13,9.95242219e-02
269,6189,0.639843,0.298355,2.17960328e-01,2.44146194e-02,1.68206608e-13,6.28620885e-15,1.60604115e-13,3.91410199e-02
270,6190,0.642647,0.356569,1.32845730e-01,1.41667854e-02,1.35117219e-13,3.91669178e-15,1.33357843e-13,2.93697895e-02
271,6191,0.656194,0.421940,1.02656364e-01,1.11850258e-02,1.21718553e-13,2.35655704e-15,1.20162208e-13,1.96114659e-02
272,6192,0.649130,0.440668,8.64845067e-02,8.51643085e-03,1.15691419e-13,6.72184806e-16,1.13380036e-13,5.92859936e-03
273,6193,0.621138,0.498658,8.02284330e-02,8.55756085e-03,1.08058697e-13,3.91401812e-15,1.05423096e-13,3.71267613e-02
274,6194,0.669772,0.560577,3.56619693e-02,3.39091709e-03,7.50370428e-14,2.85932700e-15,7.36386592e-14,3.88291562e-02
275,6195,0.660078,0.602009,2.56560259e-02,2.37085368e-03,6.23860908e-14,1.02077751e-15,6.04541374e-14,1.68851555e-02
276,6196,0.656339,0.654257,1.60230175e-02,1.48487079e-03,4.88264316e-14,5.18561458e-16,4.80652539e-14,1.07886970e-02
277,6197,0.654377,0.698241,1.46691725e-02,1.34508789e-03,4.76120540e-14,7.02324462e-16,4.65771390e-14,1.50787377e-02
278,6198,0.638368,0.752922,1.28164729e-02,1.17650488e-03,4.76517222e-14,3.97244820e-16,4.64712124e-14,8.54819144e-03
279,6199,0.635409,0.792690,1.18322074e-02,1.11566496e-03,5.00586782e-14,1.79595456e-16,4.92097445e-14,3.64959132e-03
280,6200,0.615785,0.809225,1.12220822e-02,1.06982351e-03,5.09962047e-14,9.28023485e-16,5.02230263e-14,1.84780479e-02
281,6201,0.622414,0.878792,1.07354801e-02,9.80430632e-04,4.64813057e-14,4.76417016e-16,4.55626612e-14,1.04563036e-02
282,6202,0.622050,0.894975,1.01449601e-02,9.52714297e-04,4.52027908e-14,8.16007930e-16,4.46624922e-14,1.82705418e-02
283,6203,0.662295,0.963255,9.20375530e-03,8.56267405e-04,3.68242695e-14,1.14569613e-15,3.59350780e-14,3.18823888e-02
284,6204,0.660000,1.000000,8.14395584e-03,7.22485885e-04,3.19482498e-14,1.16497936e-15,3.10456074e-14,3.75247727e-02
285,6205,0.621930,0.981041,7.73241464e-03,6.77014876e-04,3.41529309e-14,1.14292051e-15,3.32054771e-14,3.44196382e-02
286,6206,0.660000,0.000000,1.41017996e-02,1.35859312e-03,4.47726640e-14,1.72244404e-15,4.34409250e-14,3.96502616e-02
287,6207,0.678221,0.020615,1.26148881e-02,1.21748575e-03,4.59966504e-14,1.88839855e-15,4.50623391e-14,4.19063587e-02
288,6208,0.704144,0.067876,1.47221126e-02,1.34108064e-03,4.98531609e-14,4.83522723e-16,4.92289281e-14,9.82192263e-03
289,6209,0.680778,0.086644,1.69455893e-02,1.61172473e-03,5.24343244e-14,5.79239722e-16,5.15560698e-14,1.12351412e-02
290,6210,0.697422,0.171216,2.59539317e-02,2.35462538e-03,5.95585322e-14,1.40787993e-15,5.87867564e-14,2.39489303e-02
291,6211,0.696440,0.200359,3.53444442e-02,3.18424916e-03,6.69380458e-14,2.39304384e-15,6.56242638e-14,3.64658389e-02
292,6212,0.694180,0.247207,8.35820362e-02,8.57951771e-03,1.13143734e-13,5.55043072e-15,1.11756348e-13,4.96654626e-02
293,6213,0.695271,0.269099,1.20391257e-01,1.34740565e-02,1.35784274e-13,3.12300285e-15,1.29578761e-13,2.41011939e-02
294,6214,0.682936,0.343241,1.25167593e-01,1.32938968e-02,1.52102533e-13,2.57324417e-15,1.47992648e-13,1.73876487e-02
295,6215,0.697147,0.360103,1.06784843e-01,1.13528678e-02,1.46001660e-13,2.11300013e-15,1.42796053e-13,1.47973287e-02
296,6216,0.694582,0.386591,9.12855193e-02,9.38514899e-03,1.32433628e-13,1.83737985e-15,1.31579589e-13,1.39640188e-02
297,6217,0.687813,0.431979,7.49274418e-02,7.37719424e-03,1.18397737e-13,7.16665895e-16,1.17186900e-13,6.11558029e-03
298,6218,0.662737,0.509751,5.66402189e-02,5.38276322e-03,9.53171935e-14,1.27383114e-15,9.37885904e-14,1.35819415e-02
299,6219,0.710435,0.566761,2.90366262e-02,2.79761152e-03,6.95002188e-14,9.42099372e-16,6.74318864e-14,1.39711259e-02
300,6220,0.702613,0.607701,2.19263583e-02,2.03468953e-03,5.57262129e-14,1.28340357e-15,5.44588924e-14,2.35664648e-02
301,6221,0.669593,0.664317,1.74148809e-02,1.60510687e-03,4.75266866e-14,4.86545783e-16,4.70762345e-14,1.03352740e-02
302,6222,0.699667,0.676272,1.69789270e-02,1.58350065e-03,4.67398235e-14,6.50677899e-16,4.58841610e-14,1.41808826e-02
303,6223,0.668483,0.797977,1.33789014e-02,1.27863616e-03,4.39987504e-14,1.11765976e-15,4.26542719e-14,2.62027626e-02
304,6224,0.669581,0.850693,1.25818467e-02,1.18589366e-03,4.31217765e-14,1.19015710e-15,4.22774439e-14,2.81511130e-02
305,6225,0.668573,0.888235,1.20739229e-02,1.15755387e-03,4.13323821e-14,1.18539762e-15,4.04945784e-14,2.92729957e-02
306,6226,0.667427,0.907338,1.11235306e-02,1.05158961e-03,3.88187034e-14,1.14238772e-15,3.79475267e-14,3.01044053e-02
307,6227,0.662295,0.963255,9.77850147e-03,9.24075139e-04,3.50323815e-14,1.25274786e-15,3.41723889e-14,3.66596512e-02
308,6228,0.700000,1.000000,9.34125483e-03,8.21863767e-04,2.81204639e-14,1.52668774e-15,2.71182003e-14,5.62975316e-02
309,6229,0.661107,0.981764,8.66750348e-03,7.61642295e-04,3.00381736e-14,1.30097516e-15,2.89763635e-14,4.48978064e-02
310,6230,0.700000,0.000000,9.31636617e-03,8.53878388e-04,4.02632300e-14,2.60307180e-15,3.88185137e-14,6.70574823e-02
311,6231,0.719546,0.024014,8.68572202e-03,8.72194942e-04,4.43712924e-14,2.87402578e-15,4.27137675e-14,6.72857007e-02
312,6232,0.735589,0.094263,1.18042920e-02,1.13959436e-03,5.20975644e-14,2.18427266e-15,5.07839417e-14,4.30110895e-02
313,6233,0.726651,0.120207,1.52984187e-02,1.43501232e-03,5.55162504e-14,1.94526326e-15,5.43254339e-14,3.58075973e-02
314,6234,0.723690,0.172015,2.47773752e-02,2.30288715e-03,6.42198629e-14,1.46653770e-15,6.30976662e-14,2.32423446e-02
315,6235,0.750941,0.214055,3.93724926e-02,3.69315455e-03,8.88627008e-14,3.36423233e-15,8.78642862e-14,3.82889622e-02
316,6236,0.731517,0.226667,6.08767159e-02,6.03382150e-03,9.91577290e-14,4.26137956e-15,9.73446380e-14,4.37762125e-02
317,6237,0.701753,0.295754,9.80994254e-02,1.02763902e-02,1.34795387e-13,2.71741531e-15,1.32725387e-13,2.04739679e-02
318,6238,0.706873,0.385252,8.41170326e-02,8.42042360e-03,1.35594877e-13,9.97721697e-16,1.34157036e-13,7.43696887e-03
319,6239,0.730874,0.420821,6.47567287e-02,6.36487640e-03,1.22211662e-13,7.93502636e-16,1.20434709e-13,6.58865408e-03
320,6240,0.730874,0.420821,7.22965151e-02,7.19981361e-03,1.24497499e-13,1.20251923e-15,1.23228101e-13,9.75848215e-03
321,6241,0.711160,0.526045,4.59756181e-02,4.62823175e-03,9.05550388e-14,2.57132479e-15,9.03647884e-14,2.84549417e-02
322,6242,0.736105,0.569523,3.09230369e-02,2.93560443e-03,7.34833472e-14,1.06224348e-15,7.18477673e-14,1.47846415e-02
323,6243,0.719398,0.603841,2.30480526e-02,2.13804189e-03,5.77196575e-14,1.15795005e-15,5.66571970e-14,2.04378280e-02
324,6244,0.744922,0.628665,2.20702384e-02,2.06889655e-03,5.61230343e-14,5.51032996e-16,5.48737420e-14,1.00418338e-02
325,6245,0.754899,0.701169,1.75409205e-02,1.61281216e-03,4.41815435e-14,6.65229184e-16,4.35868010e-14,1.52621704e-02
326,6246,0.726034,0.793015,1.50792664e-02,1.41300447e-03,4.05066775e-14,8.18447703e-16,3.95446818e-14,2.06967831e-02
327,6247,0.719557,0.827191,1.44888302e-02,1.40081055e-03,4.01830906e-14,1.08511792e-15,3.92529874e-14,2.76442124e-02
328,6248,0.722859,0.883791,1.49386143e-02,1.44832383e-03,3.76907164e-14,1.15948868e-15,3.65863447e-14,3.16918428e-02
329,6249,0.731692,0.920810,1.48230884e-02,1.43258530e-03,3.55255173e-14,1.07026732e-15,3.44753387e-14,3.10444322e-02
330,6250,0.718926,0.961407,1.26573015e-02,1.20787008e-03,3.18282727e-14,1.47322556e-15,3.08977832e-14,4.76806231e-02
331,6251,0.740000,1.000000,1.14907390e-02,1.03348191e-03,2.59286238e-14,1.87983314e-15,2.50310806e-14,7.50999594e-02
332,6252,0.738452,0.959340,1.20025501e-02,1.15389552e-03,2.91112146e-14,1.65309322e-15,2.82560484e-14,5.85040481e-02
333,6253,0.740000,0.000000,5.99644380e-03,5.28455013e-04,3.82780728e-14,3.08075010e-15,3.69612347e-14,8.33508437e-02
334,6254,0.780607,0.020693,4.88351518e-03,4.11797344e-04,3.88806114e-14,3.08118102e-15,3.74743978e-14,8.22209617e-02
335,6255,0.762421,0.043192,8.65907315e-03,8.38842476e-04,4.82421483e-14,2.61902121e-15,4.69367993e-14,5.57988881e-02
336,6256,0.748883,0.129722,1.60372648e-02,1.48622820e-03,6.03147090e-14,2.34092145e-15,5.91741418e-14,3.95598716e-02
337,6257,0.800991,0.142808,2.12565772e-02,2.01562350e-03,7.46655952e-14,1.31779957e-15,7.35466036e-14,1.79178847e-02
338,6258,0.765859,0.214209,3.84028926e-02,3.71055701e-03,9.10844683e-14,1.77903135e-15,8.88831855e-14,2.00153869e-02
339,6259,0.780884,0.218441,4.60473597e-02,4.59977891e-03,9.89687458e-14,1.96926605e-15,9.72890930e-14,2.02413857e-02
340,6260,0.741724,0.271195,7.24596754e-02,8.05062708e-03,1.24999335e-13,2.77035847e-15,1.23013009e-13,2.25208577e-02
341,6261,0.777876,0.302152,6.94466308e-02,7.02456711e-03,1.21706925e-13,1.87623325e-15,1.21136188e-13,1.54886272e-02
342,6262,0.757149,0.318971,8.05233195e-02,8.50799866e-03,1.34485481e-13,1.68824180e-15,1.32800170e-13,1.27126479e-02
343,6263,0.758707,0.414956,5.90040982e-02,5.73409861e-03,1.17375266e-13,1.19142934e-15,1.16299413e-13,1.02445001e-02
344,6264,0.779068,0.424974,5.36198355e-02,5.34638530e-03,1.12905860e-13,9.67016858e-16,1.11341783e-13,8.68512101e-03
345,6265,0.793645,0.490549,3.84264253e-02,3.59029602e-03,9.26278436e-14,9.29218013e-16,9.13640908e-14,1.01704948e-02
346,6266,0.753253,0.579956,2.86319982e-02,2.69277464e-03,7.17431147e-14,1.17347817e-15,7.05151134e-14,1.66415130e-02
347,6267,0.775905,0.615768,2.14528739e-02,2.02020188e-03,5.62116000e-14,1.08567379e-15,5.50332823e-14,1.97275856e-02
348,6268,0.783083,0.656068,2.00344529e-02,1.87708682e-03,5.16536480e-14,1.61605607e-15,5.06481047e-14,3.19075329e-02
349,6269,0.777433,0.698559,1.78362317e-02,1.68181665e-03,4.46944863e-14,9.30590630e-16,4.36362779e-14,2.13260772e-02
350,6270,0.755376,0.740384,1.69630330e-02,1.60607288e-03,4.14745312e-14,8.40656271e-16,4.06223042e-14,2.06944507e-02
351,6271,0.766577,0.789631,1.67562254e-02,1.57542631e-03,3.89261411e-14,1.06740540e-15,3.80578171e-14,2.80469424e-02
352,6272,0.766690,0.856293,1.87932067e-02,1.76388328e-03,3.79561833e-14,2.74390315e-16,3.73587439e-14,7.34474145e-03
353,6273,0.793971,0.923732,2.23257486e-02,2.17461865e-03,3.90216525e-14,2.68045191e-16,3.79974440e-14,7.05429530e-03
354,6274,0.759080,0.956894,1.66405793e-02,1.67861592e-03,3.37225636e-14,1.26197597e-15,3.24091509e-14,3.89388777e-02
355,6275,0.760078,0.978363,1.52424900e-02,1.37834984e-03,2.69154782e-14,2.17271595e-15,2.57494018e-14,8.43792788e-02
356,6276,0.738452,0.959340,1.36484457e-02,1.31973985e-03,2.94945681e-14,1.74293017e-15,2.83767354e-14,6.14210953e-02
357,6277,0.820220,0.019398,3.53632495e-03,2.64093251e-04,4.34770458e-14,3.01103907e-15,4.16225112e-14,7.23416004e-02
358,6278,0.800456,0.019873,4.57172515e-03,4.09987930e-04,4.91033334e-14,2.81443002e-15,4.71955577e-14,5.96333671e-02
359,6279,0.822279,0.076532,8.28039460e-03,7.50613690e-04,6.38859218e-14,2.46585373e-15,6.17117238e-14,3.99576219e-02
360,6280,0.826147,0.133435,1.52791925e-02,1.51493889e-03,7.31617796e-14,2.29196761e-15,7.22171346e-14,3.17371718e-02
361,6281,0.826147,0.133435,1.80479381e-02,1.74136972e-03,7.43816968e-14,7.54929337e-16,7.22830473e-14,1.04440718e-02
362,6282,0.813482,0.223032,3.48215438e-02,3.41821602e-03,9.37091184e-14,1.09776201e-15,9.23870084e-14,1.18822118e-02
363,6283,0.804894,0.230996,4.46966328e-02,4.21804283e-03,1.00605518e-13,1.88119474e-15,9.96496180e-14,1.88780929e-02
364,6284,0.783009,0.270967,5.36388606e-02,5.26906224e-03,1.09599389e-13,1.54105447e-15,1.09051474e-13,1.41314411e-02
365,6285,0.820867,0.316277,5.43950945e-02,5.34091098e-03,1.13050099e-13,1.92475426e-15,1.12525691e-13,1.71050206e-02
366,6286,0.814340,0.373351,5.04291318e-02,5.12970891e-03,1.11056109e-13,1.53813020e-15,1.09091887e-13,1.40994004e-02
367,6287,0.806589,0.393731,5.19125648e-02,5.19605912e-03,1.11263592e-13,9.99976922e-16,1.10334945e-13,9.06310252e-03
368,6288,0.816935,0.405423,4.50165942e-02,4.42205695e-03,1.03619614e-13,1.15101507e-15,1.02366256e-13,1.12440869e-02
369,6289,0.825479,0.503942,2.98466831e-02,2.84987246e-03,8.14246877e-14,7.62363746e-16,8.03450663e-14,9.48861929e-03
370,6290,0.807699,0.558854,2.58861929e-02,2.44631944e-03,7.11380079e-14,1.19608961e-15,7.02110150e-14,1.70356405e-02
371,6291,0.819307,0.614097,1.97735149e-02,1.82574394e-03,5.40160669e-14,3.40040715e-16,5.29767439e-14,6.41867902e-03
372,6292,0.812999,0.637662,1.91466827e-02,1.75608706e-03,5.03736931e-14,8.01131597e-16,4.96581773e-14,1.61329239e-02
373,6293,0.821972,0.694689,1.81930568e-02,1.68626360e-03,4.54394314e-14,7.29033158e-16,4.47647900e-14,1.62858612e-02
374,6294,0.774752,0.757467,1.75515004e-02,1.69428997e-03,4.08338151e-14,8.95027846e-16,3.98865579e-14,2.24393353e-02
375,6295,0.795372,0.758081,1.77940968e-02,1.76621065e-03,4.11226026e-14,1.32511317e-15,3.97292740e-14,3.33535711e-02
376,6296,0.772762,0.812164,1.86012778e-02,1.71424577e-03,3.91860108e-14,7.15220698e-16,3.84785486e-14,1.85875176e-02
377,6297,0.802756,0.853081,2.01436896e-02,1.89688895e-03,3.91717705e-14,4.13222429e-16,3.85561029e-14,1.07174325e-02
378,6298,0.839959,0.901999,2.80744806e-02,2.79064523e-03,4.53587024e-14,3.91052851e-16,4.39845134e-14,8.89069402e-03
379,6299,0.793971,0.923732,1.96766220e-02,1.95226620e-03,3.54475326e-14,5.78263729e-16,3.42843836e-14,1.68666800e-02
380,6300,0.800294,0.979129,2.20409166e-02,2.07711034e-03,3.15288736e-14,2.00627271e-15,3.01206542e-14,6.66078729e-02
381,6301,0.782111,0.953800,1.90162174e-02,1.84000668e-03,3.23210121e-14,2.08498431e-15,3.10497342e-14,6.71498279e-02
382,6302,0.840000,0.000000,3.06691206e-03,1.96493609e-04,5.21074984e-14,3.09274091e-15,4.99433292e-14,6.19250049e-02
383,6303,0.860000,0.000000,3.16272816e-03,1.79780618e-04,5.79868930e-14,3.19372015e-15,5.58026254e-14,5.72324353e-02
384,6304,0.857938,0.058161,6.74001966e-03,5.78772451e-04,7.05505600e-14,2.00573251e-15,6.80600257e-14,2.94700523e-02
385,6305,0.851686,0.109375,1.35475043e-02,1.28379755e-03,8.00733313e-14,4.05455640e-16,7.85230239e-14,5.16352555e-03
386,6306,0.858747,0.173417,2.01356132e-02,2.03835545e-03,8.55424604e-14,1.96999725e-15,8.41048558e-14,2.34231096e-02
387,6307,0.826921,0.189883,3.04428935e-02,3.02849221e-03,9.12539155e-14,1.66038966e-15,8.95917794e-14,1.85328350e-02
388,6308,0.855543,0.232696,2.79498026e-02,2.75242492e-03,9.22043204e-14,1.40152676e-15,9.04574674e-14,1.54937652e-02
389,6309,0.882079,0.276129,2.94184200e-02,2.92334426e-03,9.17085825e-14,1.63659969e-15,9.06014901e-14,1.80637171e-02
390,6310,0.865334,0.313380,3.77447940e-02,3.86060262e-03,9.94074343e-14,1.84988840e-15,9.80807300e-14,1.88608752e-02
391,6311,0.847183,0.346645,4.31131832e-02,4.41258727e-03,1.03747462e-13,1.32050255e-15,1.01936078e-13,1.29542217e-02
392,6312,0.859998,0.397135,3.75362411e-02,3.72265163e-03,9.55741291e-14,1.35791568e-15,9.39672873e-14,1.44509405e-02
393,6313,0.852001,0.445489,3.15917097e-02,3.06489738e-03,8.69029783e-14,1.20957152e-15,8.53937079e-14,1.41646445e-02
394,6314,0.855582,0.487134,2.79661920e-02,2.62198527e-03,7.89061064e-14,1.18867130e-15,7.79606753e-14,1.52470626e-02
395,6315,0.832836,0.566244,2.12479681e-02,2.00138148e-03,6.12003598e-14,6.22706012e-16,6.01955484e-14,1.03447187e-02
396,6316,0.836330,0.605722,1.95362605e-02,1.82121911e-03,5.64581781e-14,5.51939321e-16,5.55293387e-14,9.93959830e-03
397,6317,0.865149,0.663011,1.76867433e-02,1.62690470e-03,4.70537576e-14,7.64243100e-16,4.64495995e-14,1.64531688e-02
398,6318,0.842133,0.691763,1.83690749e-02,1.69716845e-03,4.43233063e-14,5.82293382e-16,4.36152308e-14,1.33506890e-02
399,6319,0.850401,0.727497,1.94827635e-02,1.76480960e-03,4.48718990e-14,3.35150767e-16,4.41234878e-14,7.59574512e-03
400,6320,0.881733,0.780056,2.41655577e-02,2.24773958e-03,4.70544725e-14,4.86981370e-16,4.62185899e-14,1.05364826e-02
401,6321,0.846621,0.821240,2.72826850e-02,2.54447549e-03,4.75653079e-14,1.36903775e-15,4.71600095e-14,2.90296327e-02
402,6322,0.826171,0.857803,2.72246040e-02,2.53191101e-03,4.52386236e-14,1.00290511e-15,4.47728639e-14,2.23998428e-02
403,6323,0.849253,0.919174,3.27339694e-02,3.36741959e-03,4.81945552e-14,2.18382627e-15,4.57183289e-14,4.77669750e-02
404,6324,0.854283,0.933320,3.45482156e-02,3.53328115e-03,4.68554334e-14,3.49910740e-16,4.51718165e-14,7.74621805e-03
405,6325,0.840504,0.978605,3.42393182e-02,3.28952540e-03,3.98161627e-14,2.17127452e-15,3.80863757e-14,5.70092186e-02
406,6326,0.820074,0.958975,2.78490577e-02,2.79925065e-03,3.91697783e-14,1.55207173e-15,3.74538691e-14,4.14395566e-02
407,6327,0.880000,0.000000,3.60279460e-03,1.86253121e-04,6.54901480e-14,3.73695647e-15,6.29740400e-14,5.93412217e-02
408,6328,0.900000,0.000000,4.62829554e-03,2.46326497e-04,7.56449618e-14,4.07102627e-15,7.26120010e-14,5.60654742e-02
409,6329,0.890496,0.079347,1.02693392e-02,9.30209062e-04,8.17197669e-14,1.29981250e-15,7.92552737e-14,1.64003282e-02
410,6330,0.891689,0.098375,1.45513723e-02,1.34790130e-03,8.71410827e-14,1.55144895e-15,8.38168036e-14,1.85099989e-02
411,6331,0.918973,0.149787,1.76713429e-02,1.62519456e-03,9.07722180e-14,6.07627714e-16,8.96538635e-14,6.77748499e-03
412,6332,0.900621,0.173845,1.90162305e-02,1.84719719e-03,8.88761178e-14,2.13140510e-15,8.63421951e-14,2.46855561e-02
413,6333,0.870394,0.226299,2.41390299e-02,2.40122480e-03,8.87399420e-14,1.34756007e-15,8.71229494e-14,1.54673376e-02
414,6334,0.893022,0.236682,2.40309723e-02,2.44745542e-03,8.82946331e-14,1.51336507e-15,8.68676401e-14,1.74215055e-02
415,6335,0.899962,0.312388,2.39343159e-02,2.30945903e-03,8.38091464e-14,1.83680153e-15,8.29222081e-14,2.21508999e-02
416,6336,0.899212,0.360646,2.55936459e-02,2.46055285e-03,8.25036044e-14,1.45472710e-15,8.08016170e-14,1.80036880e-02
417,6337,0.909412,0.390933,2.31256448e-02,2.23111757e-03,7.71252704e-14,1.99888002e-15,7.47810085e-14,2.67297815e-02
418,6338,0.916568,0.413660,1.87666509e-02,1.94875360e-03,6.89872557e-14,2.12741896e-15,6.65696610e-14,3.19577857e-02
419,6339,0.912905,0.492145,1.23594096e-02,1.12402800e-03,4.66332837e-14,1.47824296e-15,4.60947097e-14,3.20696880e-02
420,6340,0.880076,0.606296,1.71446484e-02,1.52938988e-03,4.82677320e-14,4.36899250e-16,4.76691847e-14,9.16523438e-03
421,6341,0.917821,0.651610,2.07411442e-02,1.91471493e-03,4.73228058e-14,7.81188523e-16,4.59416169e-14,1.70039406e-02
422,6342,0.902658,0.677419,2.20777057e-02,1.99680286e-03,4.74602284e-14,1.25671970e-15,4.65088614e-14,2.70210808e-02
423,6343,0.869201,0.723788,2.22628489e-02,1.99073553e-03,4.71025163e-14,3.02549263e-16,4.65484008e-14,6.49967040e-03
424,6344,0.892491,0.737121,2.43804455e-02,2.25387281e-03,4.81214054e-14,5.51813325e-16,4.74448768e-14,1.16306198e-02
425,6345,0.888709,0.820446,3.67584638e-02,3.58209084e-03,5.72399048e-14,3.19318980e-16,5.60342551e-14,5.69863881e-03
426,6346,0.889592,0.853613,4.15464900e-02,4.24873875e-03,6.06749012e-14,1.26691999e-15,5.85925961e-14,2.16225270e-02
427,6347,0.881234,0.897868,4.90780845e-02,5.06220246e-03,6.30273083e-14,6.34965438e-16,6.08473368e-14,1.04353858e-02
428,6348,0.889741,0.946120,5.17947935e-02,5.15408022e-03,6.06576557e-14,2.24164199e-15,5.96768389e-14,3.75630149e-02
429,6349,0.880879,0.980241,5.55827059e-02,5.57642896e-03,5.18436612e-14,2.49094369e-15,4.98005635e-14,5.00183836e-02
430,6350,0.902120,0.964303,5.74278720e-02,6.04681438e-03,6.24778617e-14,1.76767422e-15,6.05436789e-14,2.91966768e-02
431,6351,0.920000,0.000000,6.72642747e-03,3.56527773e-04,8.80871913e-14,4.69559236e-15,8.47854773e-14,5.53820361e-02
432,6352,0.929432,0.066363,1.55295692e-02,1.43842178e-03,1.11593331e-13,4.43701396e-15,1.06883320e-13,4.15126884e-02
433,6353,0.916345,0.074955,1.64312627e-02,1.54571678e-03,1.04823485e-13,2.64690999e-15,1.02284168e-13,2.58780027e-02
434,6354,0.908060,0.095235,1.37020843e-02,1.27251633e-03,9.09755873e-14,1.73761419e-15,8.80896986e-14,1.97255095e-02
435,6355,0.937470,0.162861,1.73165314e-02,1.71846850e-03,9.62806224e-14,6.00005423e-16,9.37884956e-14,6.39743094e-03
436,6356,0.936294,0.244633,1.27469776e-02,1.27793255e-03,7.74441072e-14,1.21463381e-15,7.50406546e-14,1.61863435e-02
437,6357,0.942975,0.282793,1.40593108e-02,1.42532866e-03,7.47846948e-14,1.48686110e-15,7.29380071e-14,2.03852717e-02
438,6358,0.929672,0.318760,1.17508080e-02,1.08408288e-03,6.25562021e-14,1.84475856e-15,6.17498132e-14,2.98747230e-02
439,6359,0.942225,0.355949,7.85086397e-03,6.63218496e-04,4.84371081e-14,2.59664176e-15,4.76845634e-14,5.44545566e-02
440,6360,0.950297,0.419966,8.22400581e-03,7.60785537e-04,4.69642229e-14,2.63680827e-15,4.45963931e-14,5.91260433e-02
441,6361,0.908072,0.440143,1.54094826e-02,1.52110204e-03,6.09690046e-14,2.26800737e-15,5.89544418e-14,3.84705088e-02
442,6362,0.962257,0.520427,1.19126430e-02,1.10412459e-03,3.34595599e-14,1.61559592e-15,3.19505300e-14,5.05655435e-02
443,6363,0.942965,0.597581,1.87745672e-02,1.75094442e-03,4.33672805e-14,7.91747742e-16,4.22369252e-14,1.87453925e-02
444,6364,0.925010,0.603260,1.68699678e-02,1.58114859e-03,4.68045233e-14,6.54423531e-16,4.53697613e-14,1.44242225e-02
445,6365,0.937131,0.663571,2.99214832e-02,2.94591626e-03,5.28471073e-14,6.98835428e-16,5.19495878e-14,1.34521843e-02
446,6366,0.957107,0.741450,3.78715210e-02,3.75185558e-03,5.92586147e-14,1.08987878e-15,5.84178363e-14,1.86566098e-02
447,6367,0.942212,0.783760,3.95253450e-02,3.87635664e-03,5.96612806e-14,8.86039026e-16,5.88465772e-14,1.50567640e-02
448,6368,0.924559,0.819757,4.91848439e-02,4.87365946e-03,6.64104188e-14,3.94921171e-16,6.49791297e-14,6.07766175e-03
449,6369,0.942458,0.857999,6.47547543e-02,6.48925966e-03,7.54362867e-14,6.44633472e-16,7.40456009e-14,8.70589831e-03
450,6370,0.954829,0.918463,7.63291791e-02,8.13913345e-03,8.29836823e-14,8.32340843e-16,8.12500498e-14,1.02441887e-02
451,6371,0.902120,0.964303,6.98281676e-02,7.57658901e-03,7.00352862e-14,8.42566807e-16,6.80135066e-14,1.23882277e-02
452,6372,0.920558,0.981849,9.65236053e-02,1.06050884e-02,7.25031404e-14,2.71184967e-15,6.95589352e-14,3.89863598e-02
453,6373,0.959417,0.961136,1.04954273e-01,1.13962293e-02,9.19143302e-14,1.81567844e-15,8.94104262e-14,2.03072339e-02
454,6374,0.960000,0.000000,1.92666911e-02,1.53012876e-03,1.36646418e-13,8.99985297e-15,1.27412837e-13,7.06353705e-02
455,6375,1.000000,0.020000,3.40124555e-02,5.09973615e-03,1.73387902e-13,6.79327412e-15,1.68273137e-13,4.03705203e-02
456,6376,0.961738,0.040519,2.11099889e-02,2.09343899e-03,1.28758874e-13,2.36227240e-15,1.23337782e-13,1.91528691e-02
457,6377,0.965220,0.097565,2.20688712e-02,2.05820147e-03,1.14093576e-13,1.61879198e-15,1.13061206e-13,1.43178376e-02
458,6378,0.978493,0.139003,1.98284518e-02,1.94859563e-03,1.06993821e-13,9.27451843e-16,1.04182579e-13,8.90217780e-03
459,6379,0.979273,0.179598,1.63414385e-02,1.60117564e-03,9.61161015e-14,5.91608309e-16,9.39266297e-14,6.29862171e-03
460,6380,0.977984,0.219436,1.32382736e-02,1.27028034e-03,8.36713579e-14,1.67063167e-15,8.14074692e-14,2.05218475e-02
461,6381,0.959421,0.261427,9.74769611e-03,8.95365258e-04,7.11795193e-14,1.32902328e-15,6.89567896e-14,1.92732766e-02
462,6382,0.963332,0.319774,6.08324539e-03,5.20980102e-04,5.05734777e-14,1.60702924e-15,4.96292833e-14,3.23806658e-02
463,6383,0.961263,0.358298,4.68355976e-03,3.57387878e-04,3.83871401e-14,2.47524881e-15,3.73625962e-14,6.62493793e-02
464,6384,0.959075,0.377598,7.97173567e-03,6.43266423e-04,4.66981088e-14,2.76277859e-15,4.56511253e-14,6.05193973e-02
465,6385,0.955876,0.442370,8.20135232e-03,8.36424006e-04,4.28706888e-14,2.89015011e-15,4.11059499e-14,7.03097755e-02
466,6386,1.000000,0.480000,6.30147289e-03,5.72659075e-04,2.39120721e-14,1.50339825e-15,2.25286098e-14,6.67328459e-02
467,6387,0.981173,0.500442,6.72253035e-03,5.64098707e-04,2.65005845e-14,2.01085495e-15,2.55465950e-14,7.87132276e-02
468,6388,1.000000,0.520000,1.27919381e-02,1.29946205e-03,3.38209007e-14,1.31764001e-15,3.24222122e-14,4.06400402e-02
469,6389,1.000000,0.560000,2.07060277e-02,2.25274335e-03,4.63857400e-14,1.03089426e-15,4.48644485e-14,2.29779769e-02
470,6390,0.960104,0.539757,1.36801759e-02,1.23917568e-03,3.88790020e-14,1.19174497e-15,3.80403920e-14,3.13284093e-02
471,6391,0.961527,0.597452,2.13969592e-02,2.13023135e-03,4.58872781e-14,3.62039961e-16,4.48388038e-14,8.07425556e-03
472,6392,0.977830,0.638851,3.15652713e-02,3.20907729e-03,5.49997568e-14,9.07338834e-16,5.34512247e-14,1.69750804e-02
473,6393,0.979127,0.679627,3.92029360e-02,3.95819591e-03,6.07629791e-14,5.31000031e-16,5.92527533e-14,8.96160941e-03
474,6394,0.978084,0.719742,4.51482534e-02,4.55598347e-03,6.42627837e-14,1.06421442e-15,6.31286879e-14,1.68578574e-02
475,6395,0.959225,0.762101,5.28677143e-02,5.40544000e-03,6.94209027e-14,6.85540293e-16,6.81396942e-14,1.00608067e-02
476,6396,0.980782,0.800403,6.00164160e-02,6.09732233e-03,7.39184443e-14,6.42881172e-16,7.27586055e-14,8.83580942e-03
477,6397,0.961696,0.858652,7.22039491e-02,7.26624392e-03,8.01498760e-14,6.42269720e-16,7.89676958e-14,8.13332229e-03
478,6398,0.961234,0.877635,7.01184347e-02,7.09199626e-03,7.90265951e-14,8.34802691e-16,7.77010224e-14,1.07437800e-02
479,6399,0.934284,0.926621,8.92045274e-02,9.11277533e-03,8.62876123e-14,1.96176621e-15,8.51563625e-14,2.30372242e-02
480,6400,0.980000,1.000000,1.86263904e-01,2.63530668e-02,1.16404458e-13,3.57765499e-15,1.08846627e-13,3.28687721e-02
481,6401,0.980000,1.000000,2.50976950e-01,5.92829995e-02,1.69985025e-13,1.20011999e-14,1.54166285e-13,7.78458136e-02
482,6402,0.500000,1.000000,7.38793844e-03,6.49217225e-04,5.02160230e-14,5.30259036e-16,4.96570829e-14,1.06784170e-02
483,6403,0.496580,0.961084,8.36997572e-03,7.64872064e-04,5.38120031e-14,6.33620085e-16,5.37238304e-14,1.17940229e-02
484,6404,0.480399,0.904325,1.01129450e-02,9.26385110e-04,5.95293942e-14,4.46606062e-16,5.90816255e-14,7.55913634e-03
485,6405,0.470105,0.869271,1.24976402e-02,1.16604718e-03,6.56601238e-14,3.98431196e-16,6.52203240e-14,6.10900363e-03
486,6406,0.499474,0.782541,1.38929766e-02,1.29619706e-03,6.97981440e-14,7.49596418e-16,6.96197047e-14,1.07670152e-02
487,6407,0.505321,0.745691,1.37124397e-02,1.28842739e-03,7.15465895e-14,7.54054405e-16,7.07916392e-14,1.06517438e-02
488,6408,0.500038,0.724765,1.42787891e-02,1.37619069e-03,7.57234919e-14,1.12261829e-15,7.52438815e-14,1.49197286e-02
489,6409,0.495107,0.669098,1.40310209e-02,1.32900150e-03,7.90136524e-14,1.26866933e-15,7.83310794e-14,1.61962446e-02
490,6410,0.502875,0.578252,1.21987266e-02,9.71857284e-04,9.11239739e-14,3.22049698e-15,8.93887964e-14,3.60279712e-02
491,6411,0.484970,0.561997,2.46138535e-02,1.13109220e-03,1.13684242e-13,7.83306169e-15,1.06446441e-13,7.35868822e-02
492,6412,0.460000,1.000000,7.81101221e-03,6.91056135e-04,5.35904024e-14,3.05109367e-16,5.31696540e-14,5.73841175e-03
493,6413,0.441279,0.983383,8.33343621e-03,7.53292406e-04,5.61080316e-14,2.51074542e-16,5.57275139e-14,4.50539642e-03
494,6414,0.401882,0.926509,1.00305229e-02,9.40217113e-04,6.08672048e-14,2.16171953e-16,6.02458621e-14,3.58816267e-03
495,6415,0.443804,0.883520,1.18840439e-02,1.09434931e-03,6.41571689e-14,3.30112721e-16,6.39702050e-14,5.16041368e-03
496,6416,0.441759,0.873648,1.24718072e-02,1.16885512e-03,6.57551880e-14,3.48765869e-16,6.56090376e-14,5.31582053e-03
497,6417,0.437871,0.755681,1.58401523e-02,1.49791874e-03,7.55581985e-14,5.09451884e-16,7.48225063e-14,6.80880538e-03
498,6418,0.447678,0.689238,1.66726671e-02,1.57267787e-03,8.31825385e-14,5.28373435e-16,8.18152783e-14,6.45812672e-03
499,6419,0.459069,0.625665,1.62606426e-02,1.55637204e-03,8.88654452e-14,8.30037390e-16,8.68623478e-14,9.55577889e-03
500,6420,0.425081,0.600091,1.57603342e-02,1.51980319e-03,8.61307756e-14,1.28388373e-15,8.53522033e-14,1.50421862e-02
501,6421,0.420000,1.000000,8.27760063e-03,7.32471934e-04,5.63331628e-14,1.73081773e-16,5.59656522e-14,3.09264283e-03
502,6422,0.406772,0.962178,9.44677461e-03,8.75077734e-04,5.95950359e-14,1.58709291e-16,5.91378482e-14,2.68371772e-03
503,6423,0.393446,0.916913,1.03371665e-02,9.59705561e-04,6.15693409e-14,2.65421056e-16,6.13354717e-14,4.32736635e-03
504,6424,0.391453,0.876663,1.21974330e-02,1.12501334e-03,6.53055829e-14,3.19398866e-16,6.50334008e-14,4.91130500e-03
505,6425,0.397097,0.831238,1.40827550e-02,1.30460667e-03,6.99932801e-14,1.26560765e-16,6.95637870e-14,1.81934840e-03
506,6426,0.364814,0.806777,1.44557422e-02,1.34225120e-03,7.07718796e-14,1.74682599e-16,7.04288787e-14,2.48026949e-03
507,6427,0.382843,0.772340,1.51277147e-02,1.41956657e-03,7.25348397e-14,1.95413624e-16,7.22092877e-14,2.70621177e-03
508,6428,0.406862,0.700133,1.62954908e-02,1.55341171e-03,7.83224261e-14,6.39449154e-16,7.73588347e-14,8.26601326e-03
509,6429,0.391198,0.671920,1.59025211e-02,1.49721699e-03,8.08160098e-14,7.02570155e-16,7.89204449e-14,8.90225790e-03
510,6430,0.380000,1.000000,8.79917201e-03,8.01784743e-04,5.80686554e-14,2.17880909e-16,5.78143626e-14,3.76862944e-03
511,6431,0.362263,0.976880,9.44131799e-03,8.85726593e-04,5.99250467e-14,1.65215391e-16,5.96815146e-14,2.76828415e-03
512,6432,0.336374,0.936560,9.92808491e-03,9.03741398e-04,6.08671303e-14,2.30153569e-16,6.07482611e-14,3.78864456e-03
513,6433,0.334608,0.900379,1.17486035e-02,1.09153229e-03,6.49402813e-14,3.18958621e-16,6.46890920e-14,4.93063994e-03
514,6434,0.339428,0.834708,1.32172275e-02,1.22829573e-03,6.79514157e-14,2.19587879e-16,6.76729723e-14,3.24483869e-03
515,6435,0.364814,0.806777,1.42170126e-02,1.32141996e-03,7.00855525e-14,2.18046331e-16,6.98503213e-14,3.12162246e-03
516,6436,0.369601,0.760265,1.48252985e-02,1.39280059e-03,7.20352326e-14,2.60770184e-16,7.17663572e-14,3.63359928e-03
517,6437,0.373001,0.724371,1.52818291e-02,1.43873133e-03,7.45212269e-14,7.72059149e-16,7.43575598e-14,1.03830619e-02
518,6438,0.352579,0.691662,1.45288790e-02,1.36508537e-03,7.34222999e-14,6.91535115e-16,7.28312945e-14,9.49502710e-03
519,6439,0.340000,1.000000,9.18650068e-03,8.47101328e-04,5.94494614e-14,5.69904480e-17,5.91968152e-14,9.62728278e-04
520,6440,0.320548,0.978843,9.50381532e-03,8.63524445e-04,5.96968628e-14,2.54720489e-16,5.95879750e-14,4.27469618e-03
521,6441,0.321000,0.903260,1.10224634e-02,1.03044242e-03,6.32011872e-14,2.42383031e-16,6.30251060e-14,3.84581711e-03
522,6442,0.291346,0.855709,1.21575063e-02,1.13947922e-03,6.55166703e-14,3.81102463e-16,6.53925834e-14,5.82791570e-03
523,6443,0.302578,0.803911,1.23835560e-02,1.14601385e-03,6.56178941e-14,2.92009500e-16,6.52751033e-14,4.47352030e-03
524,6444,0.315026,0.775758,1.33696822e-02,1.23987836e-03,6.81842888e-14,2.67676123e-16,6.77508112e-14,3.95089177e-03
525,6445,0.318901,0.733330,1.18218195e-02,1.11495110e-03,6.49053023e-14,9.21997798e-16,6.42861144e-14,1.43420987e-02
526,6446,0.300000,1.000000,9.29329172e-03,8.49554432e-04,5.96682737e-14,1.43804516e-16,5.95070258e-14,2.41659726e-03
527,6447,0.237432,0.958782,9.21186991e-03,8.40180146e-04,5.95881783e-14,1.75165686e-16,5.95439022e-14,2.94179050e-03
528,6448,0.268127,0.913021,1.00653870e-02,9.24573164e-04,6.15345448e-14,1.66692193e-16,6.13987078e-14,2.71491370e-03
529,6449,0.276168,0.873599,1.09308325e-02,1.00797578e-03,6.29218222e-14,1.80973182e-16,6.28033595e-14,2.88158441e-03
530,6450,0.291346,0.855709,1.17451875e-02,1.09199574e-03,6.46519581e-14,1.87399978e-16,6.43100549e-14,2.91400743e-03
531,6451,0.253746,0.820021,1.12520400e-02,1.04612578e-03,6.25709472e-14,4.33787886e-16,6.23455484e-14,6.95780048e-03
532,6452,0.272222,0.781105,1.17468266e-02,1.09546364e-03,6.39059931e-14,4.14854291e-16,6.36609363e-14,6.51662252e-03
533,6453,0.260000,1.000000,9.03858617e-03,8.23730719e-04,5.92254585e-14,8.02906634e-17,5.91218697e-14,1.35805352e-03
534,6454,0.237432,0.958782,8.96776188e-03,8.24137824e-04,5.91181360e-14,2.72398993e-16,5.90088145e-14,4.61624242e-03
535,6455,0.237432,0.958782,9.47975088e-03,8.65415495e-04,6.03224136e-14,2.59708798e-16,6.02358400e-14,4.31153277e-03
536,6456,0.263077,0.894174,1.05698975e-02,9.74303170e-04,6.20962293e-14,1.73236383e-16,6.20404132e-14,2.79231510e-03
537,6457,0.196493,0.860176,9.60511807e-03,8.96222307e-04,5.90913630e-14,4.11937189e-16,5.90096684e-14,6.98084230e-03
538,6458,0.253746,0.820021,1.05368225e-02,9.80481971e-04,6.06496326e-14,5.22201688e-16,6.05181459e-14,8.62884479e-03
539,6459,0.200000,1.000000,8.21899343e-03,7.59355142e-04,5.80409405e-14,3.70484535e-16,5.77998614e-14,6.40978241e-03
540,6460,0.180000,1.000000,7.86045007e-03,7.31540204e-04,5.78809800e-14,2.86652784e-16,5.75989790e-14,4.97669905e-03
541,6461,0.175665,0.927130,8.47956259e-03,7.78885966e-04,5.95103936e-14,2.94947831e-16,5.93333298e-14,4.97103115e-03
542,6462,0.183502,0.887148,8.88167974e-03,8.28217482e-04,5.95145271e-14,2.22029544e-16,5.91906962e-14,3.75108856e-03
543,6463,0.160000,1.000000,7.40799587e-03,6.97209034e-04,5.75482519e-14,6.89789380e-16,5.69827456e-14,1.21052324e-02
544,6464,0.140000,1.000000,6.88846037e-03,6.34575670e-04,5.71492723e-14,1.02712158e-15,5.66571089e-14,1.81287326e-02
545,6465,0.141777,0.943482,7.55641004e-03,6.93151727e-04,5.97230802e-14,5.46637583e-16,5.89992939e-14,9.26515466e-03
546,6466,0.145538,0.906398,8.42090044e-03,7.86479388e-04,5.88922289e-14,5.81749904e-16,5.84547534e-14,9.95214026e-03
547,6467,0.120000,1.000000,6.40222384e-03,5.74578065e-04,5.76087911e-14,1.32773029e-15,5.69292064e-14,2.33224802e-02
548,6468,0.100000,1.000000,6.02945406e-03,5.20186790e-04,5.88222911e-14,1.93333618e-15,5.77425816e-14,3.34819839e-02
549,6469,0.123741,0.942748,7.84504693e-03,7.37636816e-04,5.98761492e-14,4.85086557e-16,5.91218833e-14,8.20485632e-03
550,6470,0.080000,1.000000,5.88524528e-03,4.67138714e-04,6.17935336e-14,2.69491770e-15,5.99072590e-14,4.49848272e-02
551,6471,0.038897,0.959390,7.40361353e-03,7.28164276e-04,7.08309144e-14,1.33821338e-15,6.74052489e-14,1.98532518e-02
552,6472,0.000000,0.900000,3.78145440e-03,3.27577320e-04,4.41577520e-14,1.55569343e-15,4.29383498e-14,3.62308620e-02
553,6473,0.065146,0.853182,3.34826997e-03,3.05090274e-04,4.08001269e-14,1.57984308e-15,3.97082439e-14,3.97862742e-02
554,6474,0.097206,0.834268,5.08559542e-03,4.82207688e-04,4.54008067e-14,1.01355602e-15,4.51583995e-14,2.24444630e-02
555,6475,0.161053,0.789684,6.00389624e-03,5.47488627e-04,4.75068322e-14,5.17501238e-16,4.67673114e-14,1.10654477e-02
556,6476,0.193357,0.745431,5.73271560e-03,5.35495928e-04,4.54469158e-14,8.83540226e-16,4.50285256e-14,1.96217890e-02
557,6477,0.242387,0.713143,7.30817951e-03,6.89310604e-04,5.13503323e-14,8.10279605e-16,5.09217302e-14,1.59122560e-02
558,6478,0.298818,0.639148,8.17118306e-03,7.62036070e-04,5.60133300e-14,1.02395505e-15,5.53256951e-14,1.85077665e-02
559,6479,0.324140,0.614679,7.89960567e-03,7.42327655e-04,5.71292146e-14,1.65812735e-15,5.66127481e-14,2.92889394e-02
560,6480,0.357291,0.556594,6.37124898e-03,5.61802182e-04,5.47511289e-14,2.52701205e-15,5.41743672e-14,4.66458988e-02
561,6481,0.418406,0.520255,1.01571316e-02,8.60555388e-04,7.12867604e-14,3.78754933e-15,6.96556053e-14,5.43753702e-02
562,6482,0.438742,0.521798,1.51309390e-02,1.19909132e-03,7.89771690e-14,5.77391698e-15,7.74497654e-14,7.45504773e-02
563,6483,0.035650,0.902036,4.90263849e-03,4.44900565e-04,5.04481676e-14,1.18005983e-15,4.99196360e-14,2.36391914e-02
564,6484,0.000000,0.860000,2.19621416e-03,1.80368894e-04,3.16804756e-14,1.65446255e-15,3.07629017e-14,5.37810954e-02
565,6485,0.081628,0.809047,3.12472624e-03,2.85849470e-04,3.74375078e-14,1.18459199e-15,3.68137561e-14,3.21779713e-02
566,6486,0.107276,0.803232,3.93517176e-03,3.55465396e-04,4.04271207e-14,1.06210181e-15,3.90821646e-14,2.71761256e-02
567,6487,0.137014,0.702711,3.06275999e-03,2.75295781e-04,3.31378263e-14,1.06574945e-15,3.28785935e-14,3.24146911e-02
568,6488,0.173120,0.673282,3.47697036e-03,3.17983591e-04,3.52522780e-14,1.24686617e-15,3.49773040e-14,3.56478638e-02
569,6489,0.211292,0.645135,4.02894057e-03,3.76712123e-04,3.84822213e-14,1.07417087e-15,3.80504513e-14,2.82301741e-02
570,6490,0.266933,0.611511,3.51442001e-03,3.09889438e-04,3.78887189e-14,8.19643713e-16,3.63172694e-14,2.25689796e-02
571,6491,0.320031,0.578055,5.07793203e-03,4.57963528e-04,4.70926297e-14,2.00487892e-15,4.67268910e-14,4.29063195e-02
572,6492,0.360000,0.500000,4.65271994e-03,3.85936903e-04,4.31349326e-14,2.28787051e-15,4.18315319e-14,5.46924869e-02
573,6493,0.418406,0.520255,9.59795341e-03,7.96062290e-04,6.36782226e-14,3.99620065e-15,6.22245108e-14,6.42222912e-02
574,6494,0.021249,0.861012,2.69220746e-03,2.32995226e-04,3.57686598e-14,1.93130754e-15,3.52940740e-14,5.47204480e-02
575,6495,0.000000,0.820000,1.24707085e-03,9.54160350e-05,2.27009522e-14,1.19919314e-15,2.19008466e-14,5.47555610e-02
576,6496,0.064141,0.784317,2.75989715e-03,2.60969216e-04,3.48899275e-14,1.22147170e-15,3.40788155e-14,3.58425514e-02
577,6497,0.081120,0.722488,1.81087514e-03,1.61281525e-04,2.63114471e-14,1.34101187e-15,2.61182135e-14,5.13439355e-02
578,6498,0.136784,0.686214,2.18931935e-03,1.98745984e-04,2.77947306e-14,1.07947372e-15,2.74668695e-14,3.93009373e-02
579,6499,0.211292,0.645135,3.32513428e-03,3.16072284e-04,3.49764502e-14,1.35351280e-15,3.45694712e-14,3.91534136e-02
580,6500,0.216683,0.598806,2.71905679e-03,2.46727897e-04,3.22674050e-14,1.63268862e-15,3.14886870e-14,5.18500062e-02
581,6501,0.300448,0.580658,3.33621353e-03,2.93001271e-04,3.72409216e-14,1.80621539e-15,3.67605320e-14,4.91346368e-02
582,6502,0.338964,0.519314,2.41448171e-03,1.92312204e-04,2.91961042e-14,1.80312456e-15,2.80828624e-14,6.42072927e-02
583,6503,0.340000,0.500000,3.34259029e-03,2.73143029e-04,3.55270927e-14,2.03813661e-15,3.43520107e-14,5.93309260e-02
584,6504,0.020227,0.820706,1.61154172e-03,1.33112757e-04,2.71414988e-14,1.27697660e-15,2.65040285e-14,4.81804719e-02
585,6505,0.000000,0.780000,6.67831569e-04,4.32607339e-05,1.50514163e-14,1.18100819e-15,1.41547464e-14,8.34354893e-02
586,6506,0.041683,0.742261,1.15575478e-03,1.00374702e-04,2.12169217e-14,1.51180336e-15,2.08698432e-14,7.24396126e-02
587,6507,0.098835,0.684525,1.53854105e-03,1.42256831e-04,2.32783594e-14,1.16290127e-15,2.30132668e-14,5.05317773e-02
588,6508,0.157185,0.655680,1.49483851e-03,1.28705782e-04,2.26555530e-14,1.08294253e-15,2.23309886e-14,4.84950554e-02
589,6509,0.194044,0.605857,1.45249127e-03,1.23680671e-04,2.33642146e-14,9.49570627e-16,2.23920681e-14,4.24065621e-02
590,6510,0.242172,0.563162,1.99458445e-03,1.78589122e-04,2.78244614e-14,1.82798540e-15,2.70676188e-14,6.75340308e-02
591,6511,0.280000,0.500000,1.22898305e-03,8.81821616e-05,1.91011977e-14,1.57569336e-15,1.81598477e-14,8.67679832e-02
592,6512,0.300000,0.500000,1.73246639e-03,1.33434020e-04,2.40135213e-14,1.54961671e-15,2.29380656e-14,6.75565558e-02
593,6513,0.020684,0.781051,9.63998318e-04,7.93792715e-05,2.00204877e-14,1.35630452e-15,1.94356097e-14,6.97845109e-02
594,6514,0.000000,0.740000,3.31034127e-04,1.97483860e-05,8.52563988e-15,1.19208262e-15,7.90395666e-15,1.50820996e-01
595,6515,0.060474,0.702595,7.44880293e-04,6.32334559e-05,1.59996765e-14,1.17283136e-15,1.57540556e-14,7.44463134e-02
596,6516,0.099081,0.666249,9.39746038e-04,8.33443628e-05,1.77333344e-14,1.09137951e-15,1.74289345e-14,6.26188312e-02
597,6517,0.169426,0.597259,8.64553731e-04,7.30833053e-05,1.70002782e-14,7.77100795e-16,1.65158939e-14,4.70516944e-02
598,6518,0.170456,0.560050,6.41123857e-04,5.38732093e-05,1.42359709e-14,1.06047540e-15,1.39270716e-14,7.61448950e-02
599,6519,0.234502,0.545828,6.12750533e-04,4.63311262e-05,1.31771620e-14,1.85979297e-15,1.28964341e-14,1.44209862e-01
600,6520,0.041683,0.742261,5.20781381e-04,4.21966797e-05,1.33475426e-14,1.27928127e-15,1.27445746e-14,1.00378499e-01
601,6521,0.000000,0.700000,1.45672981e-04,6.12837766e-06,4.30085722e-15,1.03623279e-15,3.61634999e-15,2.86541068e-01
602,6522,0.040171,0.662100,2.25785785e-04,1.72702476e-05,7.83798296e-15,9.84518888e-16,7.46980823e-15,1.31799754e-01
603,6523,0.143495,0.622032,6.94515649e-04,5.76520324e-05,1.49293470e-14,9.41400782e-16,1.44788034e-14,6.50192391e-02
604,6524,0.135339,0.552954,1.74245855e-04,1.22270294e-05,6.02964554e-15,9.91614589e-16,5.83846089e-15,1.69841780e-01
605,6525,0.198994,0.521355,3.03692213e-04,2.01734802e-05,8.57891401e-15,1.59516347e-15,8.06333014e-15,1.97829363e-01
606,6526,0.220000,0.500000,3.99516284e-04,2.22152066e-05,8.61121646e-15,1.29740757e-15,7.78623856e-15,1.66628283e-01
607,6527,0.020383,0.701077,2.57892767e-04,1.79842355e-05,8.38895163e-15,1.11901756e-15,7.79310800e-15,1.43590665e-01
608,6528,0.000000,0.660000,6.01348584e-05,1.65413940e-06,1.99201651e-15,9.99307448e-16,1.45599712e-15,6.86338891e-01
609,6529,0.061843,0.623731,2.66399817e-04,1.96277342e-05,8.56616109e-15,9.39225813e-16,8.26885422e-15,1.13585968e-01
610,6530,0.089783,0.587694,2.28664387e-04,1.64400190e-05,7.73346078e-15,9.00577711e-16,7.28904292e-15,1.23552258e-01
611,6531,0.158879,0.519247,1.02266873e-04,5.36064226e-06,3.76652597e-15,9.19492910e-16,3.34261965e-15,2.75081525e-01
612,6532,0.198994,0.521355,1.65641730e-04,6.66476171e-06,4.18384047e-15,1.11351904e-15,3.41459373e-15,3.26105865e-01
613,6533,0.020205,0.661020,1.76905451e-04,1.26391787e-05,6.66034077e-15,1.00174172e-15,6.03205154e-15,1.66069820e-01
614,6534,0.000000,0.620000,3.35684235e-05,4.95907307e-06,1.97181710e-15,4.77843314e-16,1.52993918e-15,3.12328307e-01
615,6535,0.100558,0.551320,4.73694599e-05,1.86995294e-06,2.19491605e-15,6.85460089e-16,1.95821143e-15,3.50043964e-01
616,6536,0.118244,0.553430,6.04114139e-05,2.74502850e-06,2.57805468e-15,7.04294184e-16,2.27336020e-15,3.09803165e-01
617,6537,0.158879,0.519247,6.18659687e-05,2.34817003e-06,1.70066312e-15,1.13252731e-15,1.20972589e-15,9.36185062e-01
618,6538,0.020716,0.620804,7.13292902e-05,3.85242265e-06,3.27706332e-15,7.98823485e-16,2.78248629e-15,2.87089819e-01
619,6539,0.000000,0.560000,1.33142375e-05,2.18463651e-06,1.66712273e-15,7.47958217e-17,1.43058296e-15,5.22834565e-02
620,6540,0.041446,0.560791,1.03237489e-05,3.70244706e-08,7.34424681e-16,2.19195570e-16,6.38282154e-16,3.43414850e-01
621,6541,0.119648,0.518011,3.52086281e-05,5.46560841e-06,2.17602849e-15,1.41394601e-16,1.82445095e-15,7.74998097e-02
622,6542,0.042686,0.580896,2.02734700e-05,3.55551038e-07,4.83095871e-16,8.57123280e-16,3.87780471e-16,2.21033122e+00
623,6543,0.020000,0.500000,4.51056803e-06,7.39344443e-08,3.13180983e-16,1.98047473e-16,2.82208058e-16,7.01778236e-01
624,6544,0.080886,0.520086,1.96501387e-05,3.42529415e-06,1.82592605e-15,8.76884307e-17,1.52510802e-15,5.74965377e-02
625,6545,0.020000,0.500000,7.11181383e-06,4.63510673e-07,7.55214364e-16,1.11543228e-16,6.71007960e-16,1.66232347e-01
626,6546,0.043539,0.438781,3.86355787e-05,8.82042457e-07,1.00291433e-15,8.56192285e-17,9.29939050e-16,9.20697206e-02
627,6547,0.039036,0.395699,1.78776303e-04,1.45877311e-05,7.27308281e-16,5.66840867e-17,6.67669486e-16,8.48984235e-02
628,6548,0.019216,0.339690,3.53735581e-04,2.33784285e-05,9.76911897e-16,2.08013981e-16,8.15168997e-16,2.55178965e-01
629,6549,0.020673,0.300083,9.66412888e-04,8.27082404e-05,1.46218247e-15,6.01498742e-16,1.25055341e-15,4.80986049e-01
630,6550,0.021015,0.241313,3.80661571e-03,3.22259875e-04,5.37105498e-15,7.11214602e-16,5.09595943e-15,1.39564416e-01
631,6551,0.019902,0.201274,6.64977310e-03,5.70044329e-04,8.35319667e-15,6.92106704e-16,8.13365420e-15,8.50917295e-02
632,6552,0.019101,0.161628,8.64860974e-03,7.50442734e-04,1.02435548e-14,7.44638999e-16,1.00621441e-14,7.40040087e-02
633,6553,0.020058,0.121890,1.87365375e-02,1.76987215e-03,1.83979571e-14,1.06858151e-15,1.79127241e-14,5.96548856e-02
634,6554,0.048347,0.083420,3.16773094e-02,2.92030186e-03,2.85813345e-14,9.42654391e-16,2.83698202e-14,3.32273657e-02
635,6555,1.000000,0.060000,3.11214104e-02,3.32717807e-03,1.41742873e-13,1.72771333e-15,1.39717299e-13,1.23657796e-02
636,6556,0.929432,0.066363,1.90488454e-02,1.77823543e-03,1.15272958e-13,2.11188374e-15,1.11572955e-13,1.89282765e-02
637,6557,0.892666,0.060922,7.83872232e-03,6.93081238e-04,7.81948562e-14,1.33349657e-15,7.59136609e-14,1.75659631e-02
638,6558,0.839823,0.038519,6.21672254e-03,5.34793187e-04,6.38133074e-14,2.38563844e-15,6.14153774e-14,3.88443178e-02
639,6559,0.801453,0.039511,6.30102912e-03,5.74913865e-04,5.47520979e-14,2.66915625e-15,5.27674997e-14,5.05833375e-02
640,6560,0.782175,0.040961,7.53714982e-03,7.18641386e-04,4.93673163e-14,2.73788323e-15,4.78707006e-14,5.71932977e-02
641,6561,0.729284,0.074264,1.02642495e-02,1.04230712e-03,4.88921376e-14,2.23875911e-15,4.73718761e-14,4.72592453e-02
642,6562,0.675875,0.039784,1.42408190e-02,1.32901932e-03,4.84625327e-14,1.39961977e-15,4.77413553e-14,2.93167164e-02
643,6563,0.637179,0.041455,1.92297492e-02,1.84725283e-03,5.25184957e-14,1.33720234e-15,5.16060312e-14,2.59117453e-02
644,6564,0.617655,0.080751,2.41117943e-02,2.25134497e-03,5.71262669e-14,1.23366378e-15,5.66150249e-14,2.17903955e-02
645,6565,0.597202,0.043752,2.59667188e-02,2.48780893e-03,5.75948455e-14,6.79942887e-16,5.74466757e-14,1.18360702e-02
646,6566,0.459522,0.074691,2.40319185e-02,2.27405806e-03,5.50205396e-14,3.84424368e-16,5.44883962e-14,7.05516026e-03
647,6567,0.393866,0.059597,2.09439993e-02,1.94798934e-03,4.72562629e-14,5.07809646e-16,4.66635601e-14,1.08823597e-02
648,6568,0.337628,0.039575,2.04522815e-02,1.89556566e-03,4.40393470e-14,3.71521568e-16,4.35887254e-14,8.52334094e-03
649,6569,0.297888,0.040362,2.00354904e-02,1.83571933e-03,4.07094843e-14,2.89946631e-16,4.02897354e-14,7.19653847e-03
650,6570,0.276874,0.061097,1.97060499e-02,1.80611887e-03,3.76520307e-14,2.29754405e-16,3.73403972e-14,6.15297164e-03
651,6571,0.199037,0.038905,2.02145837e-02,1.89874996e-03,3.42681477e-14,8.48940492e-17,3.39566462e-14,2.50007167e-03
652,6572,0.160080,0.038016,2.16088239e-02,2.03978876e-03,3.26175041e-14,2.05394875e-16,3.23335210e-14,6.35238195e-03
653,6573,0.121281,0.038009,2.40768697e-02,2.36104685e-03,3.13691910e-14,3.10804605e-16,3.09799522e-14,1.00324430e-02
654,6574,0.103964,0.074939,2.49407236e-02,2.47027143e-03,3.04673618e-14,3.20917967e-16,2.99840414e-14,1.07029590e-02
655,6575,1.000000,0.100000,2.57653520e-02,2.59889150e-03,1.27345820e-13,1.83236478e-15,1.25229159e-13,1.46320936e-02
656,6576,0.946493,0.110020,1.99737884e-02,1.85165496e-03,1.07827951e-13,1.83148196e-15,1.07300067e-13,1.70687867e-02
657,6577,0.891689,0.098375,1.54429264e-02,1.45317428e-03,9.38761940e-14,2.18902346e-15,9.04837796e-14,2.41924405e-02
658,6578,0.839673,0.076782,1.08424723e-02,1.00626878e-03,7.27219256e-14,1.88701428e-15,7.03924088e-14,2.68070707e-02
659,6579,0.805009,0.077720,1.09445024e-02,1.02177996e-03,6.16455265e-14,2.61918893e-15,5.97558773e-14,4.38314865e-02
660,6580,0.771024,0.083915,1.25402147e-02,1.17182860e-03,5.69302973e-14,2.64479177e-15,5.56101084e-14,4.75595507e-02
661,6581,0.675080,0.072420,1.86184905e-02,1.75772165e-03,5.33294688e-14,7.40863826e-16,5.24179699e-14,1.41337756e-02
662,6582,0.667827,0.090900,2.10497230e-02,1.99708319e-03,5.52483135e-14,5.01955589e-16,5.44670002e-14,9.21577446e-03
663,6583,0.632073,0.119113,3.18599604e-02,3.16736498e-03,6.34324339e-14,5.37944643e-16,6.23274422e-14,8.63094367e-03
664,6584,0.550317,0.079370,3.07400357e-02,3.04231117e-03,6.25404811e-14,3.04085622e-16,6.17252424e-14,4.92643869e-03
665,6585,0.546199,0.125758,3.39705832e-02,3.32074892e-03,6.50232499e-14,7.83066131e-16,6.41518089e-14,1.22064544e-02
666,6586,0.424869,0.082479,2.33445317e-02,2.17345636e-03,5.09315321e-14,3.96960800e-16,5.02659031e-14,7.89721810e-03
667,6587,0.406625,0.121021,2.32705921e-02,2.20360444e-03,4.68577746e-14,4.74500075e-16,4.63942747e-14,1.02275567e-02
668,6588,0.335831,0.079851,2.13403087e-02,1.97608420e-03,4.22884418e-14,4.41225259e-16,4.17938016e-14,1.05571937e-02
669,6589,0.296215,0.081381,2.07110159e-02,1.92487636e-03,3.91138368e-14,4.40497552e-16,3.87215250e-14,1.13760383e-02
670,6590,0.275859,0.082027,2.01950055e-02,1.87469460e-03,3.62187561e-14,3.65547233e-16,3.59157148e-14,1.01779189e-02
671,6591,0.216126,0.079697,2.04487033e-02,1.93256722e-03,3.28855527e-14,2.48829057e-16,3.26280446e-14,7.62623261e-03
672,6592,0.178089,0.077129,2.12204345e-02,2.04940489e-03,3.12157662e-14,2.49252785e-16,3.09701029e-14,8.04817427e-03
673,6593,0.158976,0.095447,2.17178687e-02,2.11510295e-03,3.05372555e-14,3.60499075e-16,3.02614108e-14,1.19128311e-02
674,6594,0.105930,0.088657,2.20970847e-02,2.16477760e-03,2.74295289e-14,1.80957763e-16,2.69911690e-14,6.70433218e-03
675,6595,0.048347,0.083420,2.28707418e-02,2.54100235e-03,2.48528039e-14,7.40705801e-16,2.37131465e-14,3.12360826e-02
676,6596,1.000000,0.140000,2.09641512e-02,2.07216898e-03,1.13195986e-13,1.28471732e-15,1.11192326e-13,1.15540107e-02
677,6597,0.933276,0.144571,1.85028687e-02,1.83101406e-03,1.02197012e-13,7.74406172e-16,9.91310238e-14,7.81194567e-03
678,6598,0.901859,0.159610,1.77837946e-02,1.69559859e-03,9.04974609e-14,1.44709618e-15,8.81386503e-14,1.64184064e-02
679,6599,0.854088,0.134407,1.53324325e-02,1.50009082e-03,7.87019511e-14,2.36889535e-15,7.74996183e-14,3.05665421e-02
680,6600,0.782739,0.122086,1.82045959e-02,1.65812299e-03,6.73246723e-14,2.55668933e-15,6.57151945e-14,3.89056039e-02
681,6601,0.701342,0.117233,2.06526220e-02,1.87431101e-03,5.59118114e-14,7.01976067e-16,5.49313877e-14,1.27791432e-02
682,6602,0.689367,0.131130,2.01886315e-02,1.85751403e-03,5.46498746e-14,5.01885868e-16,5.37114468e-14,9.34411374e-03
683,6603,0.547063,0.147222,3.84264067e-02,3.91123770e-03,6.85902818e-14,6.01906853e-16,6.72360185e-14,8.95214897e-03
684,6604,0.528164,0.132190,3.29132825e-02,3.21683241e-03,6.35920692e-14,5.28694937e-16,6.26767586e-14,8.43526291e-03
685,6605,0.403008,0.139022,2.48685814e-02,2.35562027e-03,4.82386178e-14,7.11508523e-16,4.78108323e-14,1.48817431e-02
686,6606,0.370943,0.119613,2.34100930e-02,2.18458124e-03,4.39813625e-14,5.26550991e-16,4.34279721e-14,1.21246967e-02
687,6607,0.334757,0.120749,2.23177001e-02,2.11450597e-03,4.02953970e-14,5.27136714e-16,3.98568744e-14,1.32257414e-02
688,6608,0.296365,0.122972,2.12254953e-02,1.99242611e-03,3.69463100e-14,4.88281830e-16,3.66406463e-14,1.33262341e-02
689,6609,0.279081,0.146141,2.06723325e-02,1.93522801e-03,3.53607016e-14,4.56151065e-16,3.51341203e-14,1.29831361e-02
690,6610,0.223454,0.143310,1.97122674e-02,1.84376573e-03,3.06620336e-14,4.05719570e-16,3.04294587e-14,1.33331182e-02
691,6611,0.192683,0.117373,1.95645131e-02,1.88079092e-03,2.91699783e-14,3.50810924e-16,2.88763493e-14,1.21487284e-02
692,6612,0.156664,0.132055,1.94788352e-02,1.88365078e-03,2.74770983e-14,3.62890937e-16,2.71964983e-14,1.33432964e-02
693,6613,0.091078,0.146909,1.67220216e-02,1.58108678e-03,2.23094604e-14,4.90814724e-16,2.20189569e-14,2.22905529e-02
694,6614,0.055991,0.146078,1.47820404e-02,1.35731744e-03,1.69913014e-14,8.08486331e-16,1.67006217e-14,4.84105530e-02
695,6615,1.000000,0.180000,1.68649834e-02,1.67381065e-03,1.02476269e-13,1.21552521e-15,1.00068425e-13,1.21469405e-02
696,6616,0.939025,0.181741,1.74638703e-02,1.62314228e-03,9.27608955e-14,1.81539211e-16,9.06430286e-14,2.00279287e-03
697,6617,0.853045,0.196528,2.35305093e-02,2.34094076e-03,8.78365916e-14,1.91337310e-15,8.63123050e-14,2.21680223e-02
698,6618,0.817547,0.150101,2.20524445e-02,2.11605267e-03,7.82578416e-14,1.16671620e-15,7.67693811e-14,1.51976763e-02
699,6619,0.772076,0.161617,2.31277272e-02,2.10966030e-03,7.07089958e-14,2.99479722e-15,6.91175700e-14,4.33290293e-02
700,6620,0.723690,0.172015,3.36525328e-02,3.28931515e-03,7.51210549e-14,1.61424670e-15,7.29369974e-14,2.21320695e-02
701,6621,0.668673,0.167461,3.84022258e-02,3.50348046e-03,6.19915293e-14,1.71756015e-15,6.06691685e-14,2.83102636e-02
702,6622,0.655656,0.185004,3.72283943e-02,3.48539744e-03,6.16951829e-14,1.53909741e-15,6.00112069e-14,2.56468331e-02
703,6623,0.629474,0.192022,4.66372408e-02,4.62335441e-03,6.80192597e-14,1.03143911e-15,6.63727699e-14,1.55400945e-02
704,6624,0.542771,0.166866,4.86277267e-02,5.09612914e-03,7.49737051e-14,6.80427866e-16,7.27421392e-14,9.35397108e-03
705,6625,0.503044,0.170582,3.95794474e-02,4.03817696e-03,6.76786440e-14,6.56072334e-16,6.54308083e-14,1.00269636e-02
706,6626,0.479602,0.159190,2.95518525e-02,2.77695153e-03,5.66383081e-14,1.18964785e-16,5.55737334e-14,2.14066570e-03
707,6627,0.407737,0.160874,2.66164578e-02,2.46390910e-03,4.50900168e-14,4.10741708e-16,4.44566699e-14,9.23914699e-03
708,6628,0.387040,0.155931,2.49588639e-02,2.38056434e-03,4.21392827e-14,4.66594028e-16,4.15352025e-14,1.12337006e-02
709,6629,0.335622,0.163860,2.32624188e-02,2.22529005e-03,3.71815514e-14,7.35101884e-16,3.66157672e-14,2.00761022e-02
710,6630,0.298877,0.165610,2.12965142e-02,1.98989897e-03,3.34442557e-14,6.33859001e-16,3.32690215e-14,1.90525291e-02
711,6631,0.281777,0.187948,1.98332127e-02,1.84704177e-03,3.03313926e-14,5.55748481e-16,3.01128717e-14,1.84555125e-02
712,6632,0.211290,0.182565,1.84263252e-02,1.73623499e-03,2.72950777e-14,4.50169106e-16,2.70102645e-14,1.66665938e-02
713,6633,0.185096,0.154950,1.73769519e-02,1.66779838e-03,2.52085425e-14,4.15818559e-16,2.48762176e-14,1.67155058e-02
714,6634,0.130945,0.158423,1.51358554e-02,1.47900789e-03,2.17642117e-14,2.70610801e-16,2.12978371e-14,1.27060227e-02
715,6635,0.093270,0.162736,1.33753940e-02,1.22002885e-03,1.87824389e-14,6.14947084e-16,1.86008147e-14,3.30602231e-02
716,6636,0.037940,0.163076,9.60383937e-03,8.49201693e-04,1.24880778e-14,7.04929459e-16,1.22970100e-14,5.73252732e-02
717,6637,1.000000,0.220000,1.30366348e-02,1.25504576e-03,8.77467451e-14,1.22269068e-15,8.56029183e-14,1.42832827e-02
718,6638,0.923784,0.205823,1.84924081e-02,1.84921455e-03,8.90622686e-14,1.74211034e-15,8.65611565e-14,2.01257748e-02
719,6639,0.834386,0.227752,3.21891941e-02,3.33219790e-03,9.55230429e-14,1.21105139e-15,9.36298361e-14,1.29344602e-02
720,6640,0.821043,0.234703,4.06621732e-02,4.13197558e-03,1.00015990e-13,1.40560999e-15,9.79769786e-14,1.43463292e-02
721,6641,0.669773,0.223033,6.24041110e-02,6.01678155e-03,8.17303717e-14,3.60684417e-15,8.01432488e-14,4.50049657e-02
722,6642,0.612417,0.237431,1.03678845e-01,1.16225416e-02,9.24264463e-14,4.33139954e-15,8.73895615e-14,4.95642668e-02
723,6643,0.566245,0.209124,7.11031854e-02,7.22057465e-03,8.37394729e-14,1.19034620e-15,8.15591152e-14,1.45948886e-02
724,6644,0.508026,0.210536,4.84443903e-02,4.79121786e-03,6.78959384e-14,1.33668554e-15,6.60682785e-14,2.02318809e-02
725,6645,0.472930,0.217111,3.42080370e-02,3.34501872e-03,5.26010340e-14,1.14897436e-15,5.14776312e-14,2.23198763e-02
726,6646,0.453664,0.202359,3.24263014e-02,3.11865029e-03,4.80834549e-14,9.82304109e-16,4.73739293e-14,2.07351200e-02
727,6647,0.370860,0.214650,2.48853359e-02,2.33753538e-03,3.53862718e-14,4.24170833e-16,3.47967911e-14,1.21899411e-02
728,6648,0.224594,0.205224,1.73586477e-02,1.65790413e-03,2.48654738e-14,5.02398693e-16,2.45325865e-14,2.04788311e-02
729,6649,0.166189,0.221294,1.42776705e-02,1.32884679e-03,2.00675387e-14,6.80310023e-16,1.98340727e-14,3.43000671e-02
730,6650,0.147416,0.220509,1.14534916e-02,1.06743339e-03,1.65216199e-14,5.28762858e-16,1.62827600e-14,3.24737857e-02
731,6651,0.110413,0.233383,7.20366556e-03,7.24401092e-04,1.10432276e-14,3.03210743e-16,1.05100907e-14,2.88494887e-02
732,6652,0.039872,0.202003,6.16814010e-03,5.65622351e-04,9.11582533e-15,6.97883733e-16,8.90789399e-15,7.83444138e-02
733,6653,1.000000,0.260000,9.11311433e-03,8.39105749e-04,7.28544693e-14,1.64522036e-15,7.10367773e-14,2.31601211e-02
734,6654,0.920461,0.268328,1.90783683e-02,1.93046231e-03,8.20796881e-14,1.47451686e-15,8.04601950e-14,1.83260414e-02
735,6655,0.843813,0.296475,3.69824693e-02,3.71131301e-03,9.87848990e-14,1.82000762e-15,9.76183246e-14,1.86441186e-02
736,6656,0.824954,0.262021,4.43221815e-02,4.24414361e-03,1.02697066e-13,1.83096061e-15,1.01993135e-13,1.79518025e-02
737,6657,0.759050,0.268658,6.35953993e-02,6.59134984e-03,1.16632629e-13,8.03014816e-16,1.14581630e-13,7.00823349e-03
738,6658,0.728097,0.259622,7.02224001e-02,7.17189535e-03,1.14565516e-13,2.86628750e-15,1.13430383e-13,2.52691335e-02
739,6659,0.706437,0.282314,9.34510082e-02,1.04754232e-02,1.29972557e-13,3.67170021e-15,1.26578124e-13,2.90073838e-02
740,6660,0.610363,0.256675,2.91246384e-01,3.85663062e-02,1.43491013e-13,2.07930732e-14,1.37962707e-13,1.50715173e-01
741,6661,0.563147,0.272115,1.24366514e-01,1.15321241e-02,9.18516497e-14,4.74171246e-15,8.74256518e-14,5.42370844e-02
742,6662,0.463100,0.278737,4.13893722e-02,3.86000797e-03,4.17687972e-14,6.59146269e-16,4.01260005e-14,1.64269117e-02
743,6663,0.387228,0.260912,2.67845467e-02,2.62841256e-03,3.17450432e-14,1.08480928e-15,3.09038277e-14,3.51027483e-02
744,6664,0.289248,0.270102,1.93179082e-02,1.80530490e-03,2.33327795e-14,5.00551261e-16,2.31383821e-14,2.16329413e-02
745,6665,0.289248,0.270102,1.80447530e-02,1.74327404e-03,2.16527812e-14,6.69463237e-16,2.14176177e-14,3.12575958e-02
746,6666,0.222456,0.244425,1.37904007e-02,1.28354388e-03,1.76769508e-14,6.01814950e-16,1.75363704e-14,3.43181020e-02
747,6667,0.145774,0.292692,6.90751430e-03,6.56664837e-04,9.59573048e-15,2.65318327e-16,9.35950909e-15,2.83474619e-02
748,6668,0.093694,0.280667,5.65122347e-03,5.47180651e-04,8.79850392e-15,4.88509576e-16,8.41604821e-15,5.80450069e-02
749,6669,0.061082,0.280746,3.47707677e-03,3.79426463e-04,6.07218735e-15,3.09521218e-16,5.43954775e-15,5.69020131e-02
750,6670,1.000000,0.300000,6.12560008e-03,5.33252722e-04,5.62602841e-14,1.62778610e-15,5.43672434e-14,2.99405670e-02
751,6671,0.945949,0.319479,1.20371934e-02,1.09719951e-03,6.54766158e-14,1.60015387e-15,6.44544910e-14,2.48261036e-02
752,6672,0.847115,0.330834,3.77570614e-02,3.77824786e-03,9.88800987e-14,1.71039267e-15,9.74696533e-14,1.75479506e-02
753,6673,0.798377,0.307656,5.78985885e-02,5.73094934e-03,1.15884136e-13,1.34103876e-15,1.14915550e-13,1.16697762e-02
754,6674,0.753425,0.295780,7.36219063e-02,7.75633892e-03,1.27074932e-13,1.94577253e-15,1.26024164e-13,1.54396782e-02
755,6675,0.682936,0.343241,1.09911628e-01,1.15941633e-02,1.48135573e-13,1.56991352e-15,1.45002527e-13,1.08268011e-02
756,6676,0.651884,0.319949,1.52095452e-01,1.58494301e-02,1.54972714e-13,2.69428729e-15,1.49371075e-13,1.80375436e-02
757,6677,0.609670,0.289370,5.28865099e-01,1.84965596e-01,3.01650903e-13,4.45926763e-14,2.76433526e-13,1.61314284e-01
758,6678,0.579924,0.315494,6.45206869e-01,1.51658908e-01,2.48987056e-13,2.19942188e-13,2.11489978e-13,1.03996506e+00
759,6679,0.538831,0.308856,1.33327305e-01,8.28979351e-03,4.34904628e-14,3.70857071e-15,4.09632994e-14,9.05339844e-02
760,6680,0.434342,0.306519,4.09338325e-02,3.98836285e-03,2.30596453e-14,1.04697878e-15,2.26228253e-14,4.62797536e-02
761,6681,0.349431,0.323200,2.42564976e-02,2.34619062e-03,2.17046399e-14,7.41042391e-16,2.12754415e-14,3.48308819e-02
762,6682,0.282582,0.311331,1.72396563e-02,1.69086503e-03,1.64381329e-14,7.08125103e-16,1.63356928e-14,4.33483362e-02
763,6683,0.277971,0.293025,1.61770321e-02,1.54752552e-03,1.81290106e-14,6.11786169e-16,1.79935073e-14,3.40003846e-02
764,6684,0.242456,0.301337,1.28386784e-02,1.21421309e-03,1.48509948e-14,6.76420553e-16,1.46933958e-14,4.60356858e-02
765,6685,0.109346,0.321180,3.61022074e-03,3.24248307e-04,5.12334443e-15,3.68633794e-16,4.97104706e-15,7.41561667e-02
766,6686,0.044671,0.298385,1.44321634e-03,1.27126186e-04,2.32323498e-15,3.91112408e-16,2.25075776e-15,1.73769214e-01
767,6687,1.000000,0.340000,3.94760631e-03,3.16158315e-04,3.97449543e-14,2.20267593e-15,3.86746130e-14,5.69540524e-02
768,6688,0.962778,0.339082,7.97276851e-03,6.93887938e-04,5.13721112e-14,2.15415789e-15,5.04470936e-14,4.27013279e-02
769,6689,0.882052,0.351095,3.11270747e-02,2.94694048e-03,8.88224837e-14,1.38415284e-15,8.76868158e-14,1.57851877e-02
770,6690,0.865281,0.346076,3.73641588e-02,3.73147498e-03,9.70247645e-14,2.07569701e-15,9.62274084e-14,2.15707463e-02
771,6691,0.824712,0.347912,5.63486777e-02,5.67511469e-03,1.15637114e-13,1.37503866e-15,1.14127322e-13,1.20482864e-02
772,6692,0.714813,0.359150,8.80107209e-02,9.01761279e-03,1.39040458e-13,6.85491376e-16,1.37137643e-13,4.99856467e-03
773,6693,0.664722,0.340801,1.20388716e-01,1.28426682e-02,1.47005766e-13,2.50646578e-15,1.43617553e-13,1.74523638e-02
774,6694,0.661439,0.357586,1.43426538e-01,1.52492765e-02,1.45034307e-13,3.62126871e-15,1.40929111e-13,2.56956755e-02
775,6695,0.592561,0.326573,6.67704880e-01,9.90514606e-02,2.11206161e-13,2.80821427e-13,1.96487290e-13,1.42920912e+00
776,6696,0.558468,0.358674,9.09301996e-01,3.79019761e+00,1.25269803e-12,3.86171292e-13,1.07631840e-12,3.58789085e-01
777,6697,0.506913,0.367280,2.21555680e-01,1.37931248e-02,2.67160222e-14,1.31161256e-14,2.56232362e-14,5.11884037e-01
778,6698,0.474585,0.365657,9.52944085e-02,7.70759815e-03,1.66272195e-14,8.44426415e-16,1.56181949e-14,5.40668382e-02
779,6699,0.440824,0.349113,5.46409972e-02,5.32971323e-03,1.67725737e-14,9.04814888e-16,1.65549337e-14,5.46553012e-02
780,6700,0.398789,0.340245,3.03110611e-02,3.08495131e-03,1.96334834e-14,8.21807300e-16,1.96168240e-14,4.18929844e-02
781,6701,0.332287,0.334698,2.02967022e-02,1.99490809e-03,1.55270389e-14,6.16631939e-16,1.49088996e-14,4.13599899e-02
782,6702,0.312403,0.348746,1.68832224e-02,1.68534322e-03,1.43711676e-14,7.24678667e-16,1.42651444e-14,5.08006540e-02
783,6703,0.290130,0.350626,1.45100439e-02,1.41624152e-03,1.28065469e-14,6.27788210e-16,1.27072526e-14,4.94039292e-02
784,6704,0.200903,0.363312,7.46008242e-03,6.87882595e-04,7.68286073e-15,4.36013836e-16,7.56286327e-15,5.76519528e-02
785,6705,0.200903,0.363312,6.14849571e-03,5.82435692e-04,6.43799081e-15,4.93381869e-16,6.38771093e-15,7.72392292e-02
786,6706,0.127826,0.357234,3.77282407e-03,3.73223680e-04,4.90032150e-15,3.41690841e-16,4.63282892e-15,7.37542541e-02
787,6707,0.099745,0.335324,1.85254577e-03,1.72768443e-04,2.71116951e-15,2.96757993e-16,2.52350893e-15,1.17597362e-01
788,6708,0.054905,0.359175,6.24770939e-04,5.02748408e-05,7.52874012e-16,2.77545804e-16,6.63462538e-16,4.18329277e-01
789,6709,1.000000,0.380000,2.60503846e-03,1.59027913e-04,2.21359796e-14,3.51381644e-15,2.14068113e-14,1.64144786e-01
790,6710,0.938546,0.374397,1.24112368e-02,1.10755640e-03,6.00194468e-14,2.35012065e-15,5.89410451e-14,3.98723953e-02
791,6711,0.768703,0.396772,5.84959574e-02,5.72963245e-03,1.16172574e-13,1.17008909e-15,1.15512038e-13,1.01295857e-02
792,6712,0.730776,0.399190,7.76098296e-02,7.87743554e-03,1.30337337e-13,1.24693774e-15,1.29850137e-13,9.60289891e-03
793,6713,0.678424,0.388268,9.73640755e-02,1.02307359e-02,1.37151873e-13,2.00834879e-15,1.35872609e-13,1.47811159e-02
794,6714,0.639906,0.392325,1.21786833e-01,1.30916229e-02,1.28699568e-13,3.58992977e-15,1.27197704e-13,2.82232276e-02
795,6715,0.580837,0.375072,3.97049338e-01,3.94705050e-02,1.20628415e-13,1.13337515e-13,1.16194733e-13,9.75410088e-01
796,6716,0.561773,0.419319,5.00537515e-01,5.04310951e-02,1.40804550e-13,1.98338619e-13,1.34093528e-13,1.47910657e+00
797,6717,0.523646,0.403344,5.86750805e-01,4.33810018e-02,9.19629363e-14,3.70460065e-13,7.14861384e-14,5.18226432e+00
798,6718,0.420744,0.389368,4.33440618e-02,4.46431525e-03,1.34803837e-14,1.09653031e-15,1.29587520e-14,8.46169689e-02
799,6719,0.271875,0.372303,1.03319893e-02,9.69564717e-04,8.02700598e-15,4.84625083e-16,7.79235583e-15,6.21923708e-02
800,6720,0.255734,0.393777,8.49639159e-03,7.90179882e-04,6.92673305e-15,4.71755635e-16,6.72475042e-15,7.01521403e-02
801,6721,0.183378,0.382852,3.33515089e-03,2.95301696e-04,3.23922551e-15,3.17579889e-16,3.11856715e-15,1.01835193e-01
802,6722,0.146194,0.381670,1.86778314e-03,1.52103254e-04,1.81967093e-15,2.94411897e-16,1.72398522e-15,1.70774027e-01
803,6723,0.071140,0.374232,7.65238598e-04,6.74550538e-05,6.14348285e-16,2.19290729e-16,5.44636256e-16,4.02637038e-01
804,6724,0.979519,0.460476,2.60142307e-03,9.48059169e-05,1.16910333e-14,4.64115356e-15,1.06240725e-14,4.36852586e-01
805,6725,0.866334,0.432722,2.42102891e-02,2.26599420e-03,7.59282164e-14,1.62933447e-15,7.43313898e-14,2.19198709e-02
806,6726,0.870385,0.410159,3.26994509e-02,3.21006542e-03,8.91553609e-14,1.22673219e-15,8.74604954e-14,1.40261290e-02
807,6727,0.715831,0.434469,6.39166459e-02,6.20876253e-03,1.18883283e-13,1.05032742e-15,1.17201211e-13,8.96174542e-03
808,6728,0.675119,0.421521,8.33315402e-02,8.10694136e-03,1.21468685e-13,4.76198270e-16,1.20153196e-13,3.96325930e-03
809,6729,0.623611,0.432242,1.39345199e-01,1.49734495e-02,1.18759115e-13,2.43599201e-15,1.15621569e-13,2.10686641e-02
810,6730,0.561747,0.439008,4.39648598e-01,3.80969830e-02,1.66678357e-13,1.66882757e-13,1.58696949e-13,1.05158138e+00
811,6731,0.504827,0.423028,9.59878564e-01,1.48465748e+01,2.39000399e-12,6.66174472e-13,1.93146779e-12,3.44905815e-01
812,6732,0.484566,0.441869,4.73706812e-01,2.52177157e-02,2.66100212e-14,2.69457904e-13,2.42855476e-14,1.10954016e+01
813,6733,0.446426,0.438983,8.89787972e-02,7.03052105e-03,9.23160965e-15,1.37445072e-15,8.43299226e-15,1.62984938e-01
814,6734,0.386255,0.401754,2.84761265e-02,2.87586288e-03,1.06438160e-14,6.87741466e-16,1.03280345e-14,6.65897723e-02
815,6735,0.347976,0.462287,1.63372681e-02,1.44651474e-03,3.76255889e-15,3.29984502e-16,3.13795722e-15,1.05159019e-01
816,6736,0.318720,0.438430,1.38862822e-02,1.33780111e-03,5.92020295e-15,4.80901209e-16,5.48085755e-15,8.77419645e-02
817,6737,0.279431,0.427649,8.03417712e-03,7.68557016e-04,4.56054355e-15,4.99220202e-16,4.34982039e-15,1.14768004e-01
818,6738,0.201982,0.419666,3.45420162e-03,2.90089898e-04,2.32706632e-15,2.83318227e-16,2.09005147e-15,1.35555622e-01
819,6739,0.182719,0.420753,1.80034654e-03,1.51110580e-04,1.30209780e-15,2.02065520e-16,1.12931250e-15,1.78927905e-01
820,6740,0.143590,0.441614,4.85078170e-04,3.96375617e-05,5.95078497e-16,1.82296896e-16,4.50549689e-16,4.04609969e-01
821,6741,0.103115,0.461223,1.59727453e-04,1.04571227e-05,9.88381994e-16,1.13904464e-16,8.80336747e-16,1.29387379e-01
822,6742,0.064777,0.440621,3.76495336e-05,6.58225474e-07,1.02344768e-15,9.58939632e-17,9.58082884e-16,1.00089423e-01
823,6743,0.946604,0.500971,8.03399086e-03,6.66860607e-04,3.31636269e-14,1.71351345e-15,3.22067642e-14,5.32035271e-02
824,6744,0.908026,0.478181,1.30186677e-02,1.22379500e-03,5.00701436e-14,1.64541296e-15,4.91811419e-14,3.34561764e-02
825,6745,0.893564,0.485399,1.98749658e-02,1.84983679e-03,6.50398924e-14,9.06607316e-16,6.36247646e-14,1.42492836e-02
826,6746,0.830990,0.523588,2.47599110e-02,2.31689215e-03,7.11065796e-14,1.54672187e-15,7.06774456e-14,2.18842355e-02
827,6747,0.783772,0.505657,3.39893140e-02,3.26011539e-03,8.45443575e-14,1.13945477e-15,8.34612192e-14,1.36525057e-02
828,6748,0.750840,0.499806,4.37067635e-02,4.20817360e-03,9.69451095e-14,1.66687465e-15,9.65752882e-14,1.72598465e-02
829,6749,0.669489,0.470938,7.06027746e-02,7.25848321e-03,1.08087489e-13,2.36611179e-15,1.06483249e-13,2.22205070e-02
830,6750,0.624830,0.478146,9.66922417e-02,1.06470240e-02,1.15952007e-13,3.49307981e-15,1.11776826e-13,3.12504831e-02
831,6751,0.600716,0.496847,6.38970062e-02,6.73676142e-03,9.72850679e-14,4.46182652e-15,9.53227433e-14,4.68075756e-02
832,6752,0.521848,0.460566,9.44035053e-01,1.29650965e+01,2.32144577e-12,4.61628294e-13,1.83144298e-12,2.52057147e-01
833,6753,0.923941,0.521940,1.32899433e-02,1.26938184e-03,4.41299456e-14,1.22637708e-15,4.29342671e-14,2.85640622e-02
834,6754,0.901567,0.558691,1.61182769e-02,1.50878506e-03,5.08141265e-14,9.57022505e-16,4.93284409e-14,1.94010288e-02
835,6755,0.847502,0.556521,2.14844737e-02,1.99065218e-03,6.54078639e-14,5.06823064e-16,6.39793259e-14,7.92166934e-03
836,6756,0.816769,0.574570,2.33998820e-02,2.19139247e-03,6.62057011e-14,6.94976187e-16,6.52277508e-14,1.06546091e-02
837,6757,0.736105,0.569523,3.19701321e-02,2.96889199e-03,7.56992938e-14,9.44633166e-16,7.41821291e-14,1.27339721e-02
838,6758,0.710435,0.566761,3.42176035e-02,3.30618559e-03,7.69193127e-14,1.28678895e-15,7.57716914e-14,1.69824498e-02
839,6759,0.631246,0.540994,3.51005457e-02,3.26163974e-03,7.34343819e-14,3.76373754e-15,7.17307344e-14,5.24703611e-02
840,6760,0.520279,0.580581,1.34921027e-02,7.90188671e-04,8.24881003e-14,5.59394153e-15,8.05892286e-14,6.94130175e-02
841,6761,0.540637,0.560412,3.26950550e-02,2.36299890e-03,6.77234215e-14,7.57455910e-15,6.25201185e-14,1.21153947e-01
842,6762,0.418252,0.590305,1.57416686e-02,1.51644321e-03,9.01771537e-14,8.81581198e-16,8.85614078e-14,9.95446233e-03
843,6763,0.458028,0.548796,1.91662032e-02,1.85350084e-03,1.10250744e-13,3.79728978e-15,1.03483113e-13,3.66947773e-02
844,6764,0.377101,0.537582,8.35486595e-03,7.50122592e-04,6.40418843e-14,2.80994181e-15,6.30391261e-14,4.45745679e-02
845,6765,0.338391,0.538529,4.92285378e-03,4.26840765e-04,4.71446849e-14,2.26100707e-15,4.66819678e-14,4.84342708e-02
846,6766,0.298583,0.540791,3.00461845e-03,2.57207023e-04,3.60624210e-14,1.92793571e-15,3.55319717e-14,5.42591819e-02
847,6767,0.278306,0.542020,1.82940695e-03,1.58502953e-04,2.65244912e-14,1.76306933e-15,2.60817962e-14,6.75976960e-02
848,6768,0.218782,0.520067,4.31687105e-04,3.44333894e-05,1.12601104e-14,9.27401021e-16,1.05215756e-14,8.81427893e-02
849,6769,0.156669,0.537999,2.92144745e-04,2.27169257e-05,8.46834826e-15,1.18073862e-15,8.38645119e-15,1.40791212e-01
850,6770,0.119310,0.535915,1.03258513e-04,6.15724957e-06,3.84460208e-15,8.05533627e-16,3.70396158e-15,2.17478937e-01
851,6771,0.100558,0.551320,1.05999403e-04,6.86755584e-06,4.15265865e-15,9.23807378e-16,4.10851595e-15,2.24851842e-01
852,6772,1.000000,0.600000,2.91244965e-02,3.18427151e-03,5.44708016e-14,5.85152224e-16,5.25911746e-14,1.11264338e-02
853,6773,0.925010,0.603260,1.94409173e-02,1.76321447e-03,4.46476352e-14,8.32365831e-16,4.41540522e-14,1.88514030e-02
854,6774,0.880076,0.606296,1.67381838e-02,1.49227411e-03,4.97999435e-14,3.52112655e-16,4.87347758e-14,7.22508001e-03
855,6775,0.836330,0.605722,1.83057394e-02,1.69368635e-03,5.25180350e-14,4.82848061e-16,5.18579422e-14,9.31097612e-03
856,6776,0.802478,0.623100,2.00068597e-02,1.85479666e-03,5.32326766e-14,2.35473412e-16,5.22895427e-14,4.50326012e-03
857,6777,0.744922,0.628665,2.13335846e-02,1.98663096e-03,5.48178988e-14,7.18412106e-16,5.39051361e-14,1.33273405e-02
858,6778,0.732300,0.603909,2.45413762e-02,2.30695633e-03,6.15330337e-14,6.76893833e-16,6.07287725e-14,1.11461801e-02
859,6779,0.685517,0.612930,2.44559646e-02,2.29313737e-03,6.06735934e-14,1.20935870e-15,5.91520851e-14,2.04449040e-02
860,6780,0.626768,0.592900,2.30833068e-02,2.16996274e-03,5.78440494e-14,1.06998748e-15,5.57348933e-14,1.91978026e-02
861,6781,0.409643,0.607340,1.38286427e-02,1.30885432e-03,8.05933621e-14,1.65564427e-15,7.89793713e-14,2.09629963e-02
862,6782,0.338859,0.576382,7.77258538e-03,7.16806273e-04,5.82736509e-14,2.00611770e-15,5.75291225e-14,3.48713419e-02
863,6783,0.300448,0.580658,5.41428896e-03,4.95157845e-04,4.75058090e-14,1.75551009e-15,4.70957163e-14,3.72753666e-02
864,6784,0.279599,0.584407,3.83830885e-03,3.43058608e-04,3.93239112e-14,1.64751773e-15,3.84600595e-14,4.28371081e-02
865,6785,0.179860,0.578989,8.71411758e-04,7.52407286e-05,1.72190770e-14,8.97609073e-16,1.67053176e-14,5.37319369e-02
866,6786,0.153324,0.593238,5.10149519e-04,4.21485565e-05,1.30403170e-14,6.98919919e-16,1.23168789e-14,5.67448885e-02
867,6787,0.110999,0.593802,4.24023136e-04,3.39158723e-05,1.13172089e-14,9.03890351e-16,1.07581468e-14,8.40191499e-02
868,6788,0.042686,0.580896,4.42199816e-05,2.05976994e-06,2.14284386e-15,7.24208935e-16,1.95736693e-15,3.69991401e-01
869,6789,1.000000,0.640000,3.69835086e-02,3.98341753e-03,6.11425380e-14,9.87707756e-16,5.95862538e-14,1.65761009e-02
870,6790,0.931804,0.645188,2.63437442e-02,2.39733094e-03,4.97356639e-14,1.12264953e-15,4.91405250e-14,2.28456967e-02
871,6791,0.901018,0.663389,1.86116174e-02,1.74608058e-03,4.62031367e-14,8.94183883e-16,4.53389293e-14,1.97222100e-02
872,6792,0.846803,0.656590,1.79933365e-02,1.63680816e-03,4.61510170e-14,2.23556929e-16,4.58361037e-14,4.87731092e-03
873,6793,0.751263,0.640075,2.01235861e-02,1.89886172e-03,5.19735859e-14,1.42488031e-15,5.13432443e-14,2.77520505e-02
874,6794,0.723959,0.620801,2.11348105e-02,1.95689755e-03,5.42133240e-14,5.38548207e-16,5.32139166e-14,1.01204392e-02
875,6795,0.703319,0.651480,1.87874883e-02,1.77461770e-03,5.02153589e-14,4.55358295e-16,4.94274896e-14,9.21265270e-03
876,6796,0.621282,0.674062,1.43176690e-02,1.30529865e-03,4.86047698e-14,4.83125094e-16,4.78758099e-14,1.00912151e-02
877,6797,0.581931,0.647455,1.28866304e-02,1.16300432e-03,5.36596693e-14,7.52401950e-16,5.23606020e-14,1.43696199e-02
878,6798,0.537640,0.620714,9.31992941e-03,7.64583063e-04,6.92091444e-14,1.52293580e-15,6.82310992e-14,2.23202590e-02
879,6799,0.355214,0.651905,1.37001844e-02,1.28120300e-03,7.35551011e-14,9.05339942e-16,7.22090912e-14,1.25377557e-02
880,6800,0.357134,0.632815,1.29976543e-02,1.24991266e-03,7.30115295e-14,1.00226190e-15,7.16642051e-14,1.39855301e-02
881,6801,0.307566,0.617573,7.30607985e-03,6.78973680e-04,5.34137113e-14,1.18678125e-15,5.28507563e-14,2.24553315e-02
882,6802,0.284632,0.647092,6.68710936e-03,6.15248573e-04,5.08972713e-14,1.00776158e-15,5.01731903e-14,2.00856588e-02
883,6803,0.226887,0.645103,3.30898399e-03,3.07978306e-04,3.49263194e-14,1.28266210e-15,3.43789294e-14,3.73095416e-02
884,6804,0.160981,0.625069,1.66226260e-03,1.49854153e-04,2.40097876e-14,1.08959311e-15,2.37691878e-14,4.58405698e-02
885,6805,0.143495,0.622032,1.02040684e-03,9.16697682e-05,1.84984474e-14,9.58866601e-16,1.80827219e-14,5.30266740e-02
886,6806,0.100134,0.648146,7.19234231e-04,6.18759659e-05,1.52438741e-14,1.04038548e-15,1.48653520e-14,6.99872749e-02
887,6807,0.060535,0.643663,1.43869154e-04,1.01968171e-05,5.84573605e-15,8.84913584e-16,5.41860148e-15,1.63310328e-01
888,6808,1.000000,0.680000,4.47569154e-02,4.92847804e-03,6.67953580e-14,6.20158402e-16,6.52217673e-14,9.50845748e-03
889,6809,0.939583,0.682547,2.56149825e-02,2.37717805e-03,4.96819721e-14,8.03125194e-16,4.83388726e-14,1.66144792e-02
890,6810,0.901018,0.663389,1.98371224e-02,1.81433884e-03,4.62110141e-14,2.02865450e-16,4.60196422e-14,4.40823613e-03
891,6811,0.842133,0.691763,1.86067782e-02,1.71007088e-03,4.49730890e-14,5.08896177e-16,4.42802939e-14,1.14926106e-02
892,6812,0.807118,0.717274,1.82213020e-02,1.70293963e-03,4.38578007e-14,6.75796502e-16,4.31527067e-14,1.56605820e-02
893,6813,0.782594,0.673445,1.90563556e-02,1.77995837e-03,4.90281000e-14,1.34641679e-15,4.83052556e-14,2.78730910e-02
894,6814,0.710703,0.688417,1.65530983e-02,1.52045640e-03,4.40295620e-14,7.97070815e-16,4.32738054e-14,1.84192448e-02
895,6815,0.681218,0.671003,1.62926689e-02,1.55246339e-03,4.71865622e-14,1.18657362e-15,4.64161112e-14,2.55638310e-02
896,6816,0.608513,0.661518,1.22365355e-02,1.09589368e-03,5.29355239e-14,3.62997531e-16,5.20993940e-14,6.96740410e-03
897,6817,0.547176,0.664445,9.93184838e-03,8.55938357e-04,6.68590956e-14,1.43719182e-15,6.62009035e-14,2.17095500e-02
898,6818,0.503204,0.648191,1.34239616e-02,1.27429771e-03,8.06994784e-14,1.77997198e-15,7.99227424e-14,2.22711574e-02
899,6819,0.439944,0.631501,1.66193135e-02,1.59077195e-03,8.71399917e-14,8.29319000e-16,8.53843363e-14,9.71277679e-03
900,6820,0.315651,0.673431,1.03308149e-02,9.54294286e-04,6.16787437e-14,7.36652696e-16,6.07817494e-14,1.21196363e-02
901,6821,0.315651,0.673431,1.16194971e-02,1.09779998e-03,6.55725609e-14,9.15025235e-16,6.48269551e-14,1.41148884e-02
902,6822,0.254219,0.664923,7.11044529e-03,6.56294054e-04,5.14432586e-14,8.95256121e-16,5.07337397e-14,1.76461685e-02
903,6823,0.210991,0.667927,5.00105182e-03,4.46175894e-04,4.28083675e-14,9.52343071e-16,4.20779812e-14,2.26328128e-02
904,6824,0.175025,0.657794,2.97651417e-03,2.68999662e-04,3.24726581e-14,9.41121049e-16,3.21761288e-14,2.92490454e-02
905,6825,0.136784,0.686214,1.66178506e-03,1.52344175e-04,2.40240516e-14,1.13387102e-15,2.37735484e-14,4.76946479e-02
906,6826,0.079568,0.664642,8.46335664e-04,7.40804244e-05,1.69627716e-14,1.11390561e-15,1.66936167e-14,6.67264396e-02
907,6827,0.040171,0.662100,3.31116549e-04,2.69879565e-05,1.02098819e-14,1.03661364e-15,9.74255941e-15,1.06400546e-01
908,6828,1.000000,0.720000,5.15096188e-02,5.53727662e-03,7.04890451e-14,8.90622216e-16,6.91803114e-14,1.28739261e-02
909,6829,0.925438,0.706859,2.52154600e-02,2.36696261e-03,4.95374378e-14,1.16290498e-15,4.90956119e-14,2.36865360e-02
910,6830,0.846207,0.709320,1.89206377e-02,1.77700736e-03,4.38310412e-14,3.99463941e-16,4.31468385e-14,9.25824358e-03
911,6831,0.811874,0.735874,1.79748870e-02,1.73734513e-03,4.22624988e-14,6.00837633e-16,4.15184278e-14,1.44715892e-02
912,6832,0.771292,0.725666,1.70746986e-02,1.60369335e-03,4.24686057e-14,8.66163928e-16,4.16334414e-14,2.08045239e-02
913,6833,0.687351,0.735235,1.52610727e-02,1.42729701e-03,4.34978422e-14,9.49345633e-16,4.22111619e-14,2.24903933e-02
914,6834,0.646376,0.717156,1.33906370e-02,1.23848172e-03,4.71111289e-14,7.46060055e-16,4.58569611e-14,1.62692869e-02
915,6835,0.590857,0.699576,1.08661670e-02,1.00427889e-03,5.68278843e-14,4.70884303e-16,5.59664653e-14,8.41368667e-03
916,6836,0.521257,0.740150,1.30795138e-02,1.22180022e-03,7.11939053e-14,1.07520340e-15,7.07389605e-14,1.51995929e-02
917,6837,0.494619,0.685104,1.41915977e-02,1.35183043e-03,7.74996793e-14,1.09473873e-15,7.67185184e-14,1.42695500e-02
918,6838,0.429266,0.694515,1.66217089e-02,1.57405948e-03,8.19212523e-14,4.60547695e-16,8.02144809e-14,5.74145329e-03
919,6839,0.375202,0.681674,1.51193850e-02,1.42293971e-03,7.53264977e-14,5.69123820e-16,7.50632331e-14,7.58192521e-03
920,6840,0.212349,0.698647,6.10612705e-03,5.64141897e-04,4.67789429e-14,9.72819669e-16,4.61758588e-14,2.10677114e-02
921,6841,0.169218,0.716147,4.41617798e-03,3.96027666e-04,4.03654025e-14,6.73188435e-16,3.97553999e-14,1.69332578e-02
922,6842,0.122393,0.738534,2.99593550e-03,2.72958045e-04,3.33771707e-14,1.18999500e-15,3.31170638e-14,3.59329863e-02
923,6843,0.125505,0.755493,2.94645038e-03,2.69110897e-04,3.35226130e-14,1.28128059e-15,3.32081808e-14,3.85832815e-02
924,6844,0.040580,0.701953,6.30865223e-04,5.29851495e-05,1.49001938e-14,1.36149387e-15,1.45557750e-14,9.35363363e-02
925,6845,0.980265,0.780597,5.88638373e-02,6.38655853e-03,7.58492593e-14,9.48521788e-16,7.44549279e-14,1.27395434e-02
926,6846,0.959225,0.762101,4.19374108e-02,4.17442014e-03,6.16844290e-14,8.62079164e-16,6.08417532e-14,1.41692032e-02
927,6847,0.920008,0.769431,3.09482627e-02,2.95019220e-03,5.33094517e-14,7.87812956e-16,5.26314561e-14,1.49684811e-02
928,6848,0.863445,0.806108,2.39730049e-02,2.36817636e-03,4.69414512e-14,5.44990633e-16,4.56821775e-14,1.19300494e-02
929,6849,0.815797,0.754534,1.82856750e-02,1.73682708e-03,4.15539456e-14,8.66340904e-16,4.04025195e-14,2.14427445e-02
930,6850,0.774752,0.757467,1.68740507e-02,1.59486651e-03,3.97458047e-14,1.09856171e-15,3.87991641e-14,2.83140562e-02
931,6851,0.731254,0.778379,1.54173160e-02,1.45022792e-03,4.04270496e-14,6.06886613e-16,3.95730405e-14,1.53358601e-02
932,6852,0.689945,0.781329,1.44844446e-02,1.37027644e-03,4.20426599e-14,6.81007184e-16,4.09754797e-14,1.66198709e-02
933,6853,0.679054,0.753775,1.33246379e-02,1.21564476e-03,4.56780000e-14,3.73894742e-16,4.44568088e-14,8.41029197e-03
934,6854,0.606287,0.772355,1.15080215e-02,1.04194891e-03,5.15178686e-14,5.07806575e-16,5.10333522e-14,9.95048440e-03
935,6855,0.512196,0.762778,1.29134888e-02,1.21239969e-03,6.96838488e-14,9.47602440e-16,6.92489618e-14,1.36839949e-02
936,6856,0.479670,0.729198,1.49985990e-02,1.41497829e-03,7.56776166e-14,8.73830158e-16,7.49424530e-14,1.16600154e-02
937,6857,0.450869,0.728706,1.63721573e-02,1.54164957e-03,7.83466716e-14,3.47626583e-16,7.80262018e-14,4.45525446e-03
938,6858,0.369601,0.760265,1.51776625e-02,1.43229798e-03,7.33293024e-14,2.97552060e-16,7.28797583e-14,4.08278055e-03
939,6859,0.235912,0.799787,1.02365715e-02,9.50171670e-04,6.01934477e-14,6.54041361e-16,5.98780330e-14,1.09228932e-02
940,6860,0.205238,0.752842,7.78997038e-03,7.20980926e-04,5.32073165e-14,5.38929265e-16,5.24116205e-14,1.02826293e-02
941,6861,0.194214,0.769038,6.60259882e-03,6.01713604e-04,4.90343951e-14,6.41575365e-16,4.83346849e-14,1.32736019e-02
942,6862,0.121267,0.793888,5.34246676e-03,4.95345157e-04,4.58767071e-14,6.97135909e-16,4.49407865e-14,1.55123211e-02
943,6863,0.128754,0.771176,3.60766216e-03,3.29478557e-04,3.72184278e-14,1.13084743e-15,3.67721905e-14,3.07527894e-02
944,6864,0.042054,0.762501,1.50934432e-03,1.35742623e-04,2.51744206e-14,1.52558670e-15,2.47215798e-14,6.17107285e-02
945,6865,0.981002,0.820118,6.56159893e-02,7.04561127e-03,7.86797927e-14,7.46022521e-16,7.76243083e-14,9.61068172e-03
946,6866,0.943128,0.820282,4.60093170e-02,4.55725286e-03,6.43041867e-14,3.48578860e-16,6.28003305e-14,5.55058958e-03
947,6867,0.906737,0.818606,3.35746147e-02,3.20542790e-03,5.52873075e-14,4.42837639e-16,5.40501041e-14,8.19309503e-03
948,6868,0.821548,0.816862,2.06551291e-02,1.91126298e-03,4.01138507e-14,8.12254833e-16,3.97156707e-14,2.04517466e-02
949,6869,0.743125,0.797923,1.63379479e-02,1.54374947e-03,3.86055628e-14,8.24668525e-16,3.77346537e-14,2.18544082e-02
950,6870,0.721792,0.809486,1.55255822e-02,1.48134877e-03,3.91851672e-14,9.22818256e-16,3.83380326e-14,2.40705689e-02
951,6871,0.680486,0.824735,1.36737339e-02,1.31953310e-03,4.22264762e-14,1.08723032e-15,4.11056890e-14,2.64496312e-02
952,6872,0.627706,0.829440,1.16495490e-02,1.11673085e-03,4.82313571e-14,8.34288225e-16,4.73791708e-14,1.76087553e-02
953,6873,0.603719,0.807888,1.11132516e-02,1.05036190e-03,5.26915005e-14,1.00182462e-15,5.21528994e-14,1.92093753e-02
954,6874,0.499304,0.822012,1.27837667e-02,1.19435077e-03,6.60519748e-14,9.32308730e-16,6.58796748e-14,1.41516899e-02
955,6875,0.576418,0.793728,1.08599225e-02,9.91863431e-04,5.82103945e-14,7.93708041e-16,5.78011014e-14,1.37317114e-02
956,6876,0.499474,0.782541,1.40532795e-02,1.30363135e-03,7.07085351e-14,6.37819992e-16,7.05371159e-14,9.04233159e-03
957,6877,0.406874,0.778318,1.54205132e-02,1.44898065e-03,7.32326865e-14,2.39055091e-16,7.29670705e-14,3.27620514e-03
958,6878,0.379091,0.798096,1.48992026e-02,1.38492533e-03,7.19131921e-14,1.71182685e-16,7.15326981e-14,2.39306904e-03
959,6879,0.350283,0.779648,1.42642343e-02,1.33193447e-03,7.00721490e-14,2.11150557e-16,6.98672823e-14,3.02216646e-03
960,6880,0.317325,0.803830,1.33890435e-02,1.23623118e-03,6.79584766e-14,2.01841797e-16,6.76545002e-14,2.98342012e-03
961,6881,0.183197,0.817158,8.33384972e-03,7.73144828e-04,5.59798552e-14,3.46003456e-16,5.54401428e-14,6.24102751e-03
962,6882,0.184167,0.792865,7.25514395e-03,6.79277873e-04,5.13881913e-14,5.24485448e-16,5.09159704e-14,1.03010007e-02
963,6883,0.132198,0.808755,4.97389864e-03,4.56497684e-04,4.50258049e-14,5.34069943e-16,4.40262451e-14,1.21307175e-02
964,6884,0.041828,0.782413,1.88278384e-03,1.62620912e-04,2.86458005e-14,1.39771321e-15,2.80488083e-14,4.98314650e-02
965,6885,1.000000,0.840000,7.28821233e-02,7.63354171e-03,8.22393572e-14,6.12867671e-16,8.11827276e-14,7.54923725e-03
966,6886,0.961879,0.839498,6.03069849e-02,6.02045143e-03,7.31722693e-14,5.60583557e-16,7.19086994e-14,7.79576826e-03
967,6887,0.905270,0.856778,3.95026095e-02,3.86234769e-03,5.86595795e-14,5.95694820e-16,5.71532771e-14,1.04227588e-02
968,6888,0.841200,0.847431,2.91157924e-02,2.69169942e-03,4.76908518e-14,1.31419428e-15,4.72475147e-14,2.78150985e-02
969,6889,0.807455,0.827327,1.98497791e-02,1.81808486e-03,3.91812335e-14,6.91308322e-16,3.87119536e-14,1.78577483e-02
970,6890,0.770996,0.834782,1.78965498e-02,1.65475823e-03,3.79745877e-14,2.83379028e-16,3.74980944e-14,7.55715812e-03
971,6891,0.702933,0.865995,1.40039530e-02,1.34986406e-03,3.94078792e-14,1.22486692e-15,3.83308633e-14,3.19551092e-02
972,6892,0.685563,0.867174,1.31032132e-02,1.24896294e-03,4.06876647e-14,1.25773360e-15,3.96643879e-14,3.17093914e-02
973,6893,0.627181,0.846942,1.10773612e-02,1.06539601e-03,4.72528341e-14,9.71644199e-16,4.63679252e-14,2.09550933e-02
974,6894,0.509624,0.849632,1.13156410e-02,1.05422782e-03,6.19449153e-14,3.11682581e-16,6.13404591e-14,5.08119088e-03
975,6895,0.580613,0.832735,1.05679436e-02,9.66744556e-04,5.53030725e-14,5.66791832e-16,5.47757606e-14,1.03474936e-02
976,6896,0.499304,0.822012,1.30644459e-02,1.21472206e-03,6.66902582e-14,5.64190647e-16,6.65064453e-14,8.48324767e-03
977,6897,0.371932,0.823309,1.40063642e-02,1.30334590e-03,6.98444259e-14,2.09161671e-16,6.94726869e-14,3.01070363e-03
978,6898,0.331233,0.801958,1.33419046e-02,1.25624321e-03,6.82349278e-14,3.65286717e-16,6.79291692e-14,5.37746481e-03
979,6899,0.289892,0.838528,1.18637430e-02,1.10250409e-03,6.47194226e-14,4.38116860e-16,6.45351421e-14,6.78881065e-03
980,6900,0.147298,0.863881,7.90910795e-03,7.35424692e-04,5.68615250e-14,1.07845671e-16,5.61705969e-14,1.91996662e-03
981,6901,0.143276,0.822981,6.86085178e-03,6.39729144e-04,5.22959090e-14,3.98766489e-16,5.15072638e-14,7.74194666e-03
982,6902,0.076384,0.829499,3.87387909e-03,3.70577531e-04,4.23097802e-14,8.75765893e-16,4.12838031e-14,2.12133047e-02
983,6903,0.059231,0.837230,2.68496037e-03,2.46268784e-04,3.50050731e-14,1.29135202e-15,3.45753902e-14,3.73488777e-02
984,6904,1.000000,0.880000,8.34032744e-02,8.54994636e-03,8.70500368e-14,7.78178221e-16,8.61171621e-14,9.03627340e-03
985,6905,0.942311,0.876299,5.67957163e-02,5.63849835e-03,7.04473982e-14,6.67699608e-16,6.91048239e-14,9.66212734e-03
986,6906,0.881234,0.897868,4.49774675e-02,4.57151188e-03,6.16887658e-14,5.96683836e-16,5.97376085e-14,9.98841185e-03
987,6907,0.839959,0.901999,3.22065949e-02,3.34874215e-03,5.00154185e-14,7.14518878e-16,4.84566373e-14,1.47455316e-02
988,6908,0.825905,0.900598,2.51982044e-02,2.40097870e-03,4.16995811e-14,5.87237407e-16,4.09132533e-14,1.43532318e-02
989,6909,0.773313,0.870784,1.80242043e-02,1.71528559e-03,3.72136946e-14,5.60504359e-16,3.63148910e-14,1.54345599e-02
990,6910,0.763037,0.893372,1.63622759e-02,1.58203801e-03,3.67903882e-14,8.63344631e-16,3.57347242e-14,2.41598235e-02
991,6911,0.686012,0.887435,1.16823195e-02,1.12650800e-03,4.02318051e-14,1.20999662e-15,3.94025768e-14,3.07085658e-02
992,6912,0.650230,0.907636,1.05301058e-02,9.95898619e-04,4.36165251e-14,1.01483536e-15,4.28027365e-14,2.37095907e-02
993,6913,0.602940,0.882125,9.94804502e-03,9.09884286e-04,4.86487749e-14,2.04360013e-16,4.81737724e-14,4.24214262e-03
994,6914,0.493703,0.905596,9.96034965e-03,9.18524223e-04,5.81479851e-14,3.82448452e-16,5.77397898e-14,6.62365508e-03
995,6915,0.580195,0.885822,9.93776415e-03,9.16870951e-04,5.34705371e-14,3.22832102e-16,5.28398804e-14,6.10962970e-03
996,6916,0.453937,0.884994,1.18737426e-02,1.10289839e-03,6.39075449e-14,3.52377353e-16,6.38251388e-14,5.52098060e-03
997,6917,0.384915,0.858875,1.28885861e-02,1.19111151e-03,6.71678696e-14,2.35072792e-16,6.67549783e-14,3.52142714e-03
998,6918,0.326438,0.856343,1.23736132e-02,1.15268223e-03,6.60163181e-14,2.05166534e-16,6.57318302e-14,3.12126611e-03
999,6919,0.327792,0.879019,1.16502764e-02,1.07693870e-03,6.44106350e-14,1.34693088e-16,6.42475642e-14,2.09646996e-03
1000,6920,0.291346,0.855709,1.15283355e-02,1.06154568e-03,6.36437517e-14,2.99630864e-16,6.35294091e-14,4.71641195e-03
1001,6921,0.222265,0.879668,1.02368109e-02,9.50261950e-04,6.11698260e-14,4.11688056e-16,6.10554223e-14,6.74285821e-03
1002,6922,0.102660,0.879805,6.52123708e-03,6.46131230e-04,5.57841872e-14,1.05713227e-15,5.46882384e-14,1.93301577e-02
1003,6923,0.102093,0.903079,7.18711643e-03,6.71057845e-04,5.67872911e-14,9.33291606e-16,5.58471184e-14,1.67115445e-02
1004,6924,0.061710,0.876365,4.32614144e-03,3.94497911e-04,4.71981666e-14,1.10515766e-15,4.47865960e-14,2.46760808e-02
1005,6925,1.000000,0.940000,1.36179224e-01,1.32130627e-02,1.04337695e-13,4.23198752e-15,1.04073346e-13,4.06635098e-02
1006,6926,0.916659,0.930592,6.85436279e-02,6.82908343e-03,7.47395310e-14,1.45263408e-15,7.36166905e-14,1.97324013e-02
1007,6927,0.836570,0.937477,2.81630885e-02,2.79690954e-03,4.12997171e-14,1.01367080e-15,3.97688067e-14,2.54890926e-02
1008,6928,0.768823,0.911497,1.66985523e-02,1.64360856e-03,3.50400319e-14,9.77452939e-16,3.38673385e-14,2.88612269e-02
1009,6929,0.717202,0.942855,1.31481979e-02,1.26844505e-03,3.40452865e-14,1.26138728e-15,3.30898266e-14,3.81200933e-02
1010,6930,0.683030,0.925694,1.04657952e-02,9.89351654e-04,3.68512966e-14,1.16592190e-15,3.59454897e-14,3.24358329e-02
1011,6931,0.645684,0.944538,8.77090357e-03,8.07914068e-04,3.87002340e-14,9.55656558e-16,3.79128728e-14,2.52066511e-02
1012,6932,0.598110,0.919471,9.51419771e-03,8.73031153e-04,4.62994714e-14,4.23161911e-16,4.57425811e-14,9.25094082e-03
1013,6933,0.496580,0.961084,8.45209975e-03,7.74253567e-04,5.32768206e-14,7.59630635e-16,5.31127266e-14,1.43022338e-02
1014,6934,0.591265,0.937766,9.00237076e-03,8.21760041e-04,4.79279431e-14,3.45851652e-16,4.72704490e-14,7.31644525e-03
1015,6935,0.465030,0.902168,1.11231636e-02,1.02586101e-03,6.19762691e-14,3.78290738e-16,6.18454330e-14,6.11671257e-03
1016,6936,0.466722,0.940145,9.48584918e-03,8.73680518e-04,5.83201564e-14,1.44088431e-16,5.78121061e-14,2.49235740e-03
1017,6937,0.391453,0.876663,1.25123551e-02,1.16343703e-03,6.64720218e-14,3.99915489e-16,6.62806940e-14,6.03366477e-03
1018,6938,0.347304,0.916548,1.10996878e-02,1.03335455e-03,6.33863825e-14,2.35332408e-16,6.30962974e-14,3.72973403e-03
1019,6939,0.333132,0.918469,1.09748933e-02,1.02081290e-03,6.31748546e-14,2.78055823e-16,6.29089066e-14,4.41997546e-03
1020,6940,0.292737,0.926341,1.06294490e-02,9.77721065e-04,6.25085853e-14,1.05503016e-16,6.22836879e-14,1.69391087e-03
1021,6941,0.230636,0.918862,1.00346608e-02,9.32549126e-04,6.14426587e-14,2.20037653e-16,6.13665206e-14,3.58563026e-03
1022,6942,0.192939,0.923884,9.32189915e-03,8.70028744e-04,6.07204310e-14,3.90846810e-16,6.03586056e-14,6.47541152e-03
1023,6943,0.035650,0.902036,5.73993567e-03,5.46687923e-04,5.62151881e-14,1.34494983e-15,5.50093689e-14,2.44494685e-02
1024,6944,0.069581,0.916415,6.95395842e-03,6.65102853e-04,6.07667467e-14,4.64010419e-16,5.93886716e-14,7.81311329e-03
1025,6945,0.479490,0.925145,8.96949600e-03,8.26244242e-04,5.65095795e-14,5.79580018e-16,5.63247196e-14,1.02899761e-02
1026,6946,0.406772,0.962178,9.10928752e-03,8.34445178e-04,5.84923548e-14,2.05431060e-16,5.80680659e-14,3.53776308e-03
1027,6947,0.354743,0.930158,1.00208838e-02,9.30425304e-04,6.07942990e-14,3.12767180e-16,6.07122994e-14,5.15162798e-03
1028,6948,0.300975,0.959888,9.83730238e-03,8.93671357e-04,6.06065491e-14,1.45306212e-16,6.04709899e-14,2.40290779e-03
1029,6949,0.274019,0.932556,9.72785242e-03,8.87398142e-04,6.07986833e-14,2.02969833e-16,6.06881082e-14,3.34447455e-03
1030,6950,0.217506,0.960340,9.21489391e-03,8.43841291e-04,5.97972802e-14,2.93203287e-16,5.97038085e-14,4.91096455e-03
1031,6951,0.198126,0.961558,8.59707035e-03,8.06877739e-04,5.94833698e-14,3.88333981e-16,5.92783608e-14,6.55102428e-03
1032,6952,0.159968,0.962712,7.87840225e-03,7.21801131e-04,5.91030114e-14,4.62027779e-16,5.86841570e-14,7.87312630e-03
1033,6953,0.980000,0.000000,2.83351168e-02,4.69413772e-03,2.11266280e-13,1.20815706e-14,1.87085292e-13,6.45778750e-02
1034,6954,0.919669,0.022421,1.05425455e-02,8.98231403e-04,1.01259225e-13,3.55935526e-15,9.66038772e-14,3.68448489e-02
1035,6955,0.780000,0.000000,4.07435745e-03,3.19038809e-04,4.05888600e-14,3.03256176e-15,3.90055386e-14,7.77469526e-02
1036,6956,0.740088,0.023273,7.05049979e-03,6.91939029e-04,4.39170862e-14,2.73102205e-15,4.24814094e-14,6.42874634e-02
1037,6957,0.698833,0.022180,1.05521940e-02,1.00270053e-03,4.50556069e-14,2.41093571e-15,4.37179759e-14,5.51474688e-02
1038,6958,0.658075,0.020251,1.50651373e-02,1.46184710e-03,4.77317398e-14,1.50293026e-15,4.68843341e-14,3.20561290e-02
1039,6959,0.618336,0.021052,2.01709196e-02,1.90820207e-03,5.19556220e-14,1.10920775e-15,5.13233898e-14,2.16121295e-02
1040,6960,0.578019,0.022383,2.41316855e-02,2.29536323e-03,5.53423918e-14,7.27263283e-16,5.49854927e-14,1.32264575e-02
1041,6961,0.557738,0.022746,2.55763251e-02,2.44029379e-03,5.71016419e-14,3.51147196e-16,5.68202305e-14,6.17996783e-03
1042,6962,0.497985,0.021202,2.46391855e-02,2.36549834e-03,5.61583725e-14,1.77835719e-16,5.56853215e-14,3.19358340e-03
1043,6963,0.457437,0.022125,2.28468105e-02,2.16836855e-03,5.44094324e-14,3.32093111e-16,5.37947338e-14,6.17333867e-03
1044,6964,0.418023,0.020384,2.13404167e-02,2.01755459e-03,5.16702126e-14,4.63895169e-16,5.10938947e-14,9.07926812e-03
1045,6965,0.378448,0.019561,2.06214823e-02,1.90226745e-03,4.84962141e-14,4.78708664e-16,4.78971890e-14,9.99450435e-03
1046,6966,0.338738,0.019724,2.01456212e-02,1.87657773e-03,4.50559864e-14,3.82923664e-16,4.44756130e-14,8.60974449e-03
1047,6967,0.278985,0.020153,1.94795895e-02,1.80327252e-03,4.00498353e-14,2.20968079e-16,3.95501062e-14,5.58704135e-03
1048,6968,0.259113,0.020105,1.93491019e-02,1.79952616e-03,3.70406695e-14,1.09527157e-16,3.66845971e-14,2.98564426e-03
1049,6969,0.199037,0.038905,1.98884830e-02,1.82510703e-03,3.45826849e-14,4.31848962e-17,3.42514950e-14,1.26081785e-03
1050,6970,0.160080,0.038016,2.13660952e-02,1.99990696e-03,3.27233493e-14,2.02688076e-16,3.23273445e-14,6.26986469e-03
1051,6971,0.121281,0.038009,2.42525116e-02,2.35138298e-03,3.12739878e-14,3.84406845e-16,3.09143004e-14,1.24345963e-02
1052,6972,0.081770,0.038759,3.04610487e-02,3.03282100e-03,3.13733313e-14,5.67892922e-16,3.07078988e-14,1.84933826e-02
1053,6973,0.041667,0.039980,4.53059077e-02,4.93497495e-03,3.51174371e-14,5.37938449e-16,3.34616910e-14,1.60762482e-02
1054,6974,0.979909,0.980244,1.89507648e-01,2.15996020e-02,1.26968938e-13,7.41225657e-15,1.24068954e-13,5.97430405e-02
1055,6975,0.978220,0.919461,1.00249693e-01,1.01492507e-02,9.29172375e-14,2.23027163e-15,9.18000214e-14,2.42948923e-02
1056,6976,0.980452,0.879072,7.80971125e-02,7.96343666e-03,8.34452204e-14,6.53995568e-16,8.21475320e-14,7.96123209e-03
1057,6977,1.000000,0.780000,6.22803234e-02,6.63750991e-03,7.66656636e-14,3.70796428e-16,7.53863389e-14,4.91861568e-03
1058,6978,0.978421,0.740222,4.90619950e-02,4.95141372e-03,6.69348813e-14,8.33099255e-16,6.56775727e-14,1.26846840e-02
1059,6979,0.979202,0.699817,4.20273095e-02,4.46751434e-03,6.24808975e-14,5.04135164e-16,6.07084505e-14,8.30420080e-03
1060,6980,0.978280,0.659262,3.55799496e-02,3.55512626e-03,5.73743594e-14,1.03912456e-15,5.61907020e-14,1.84928204e-02
1061,6981,0.979545,0.618915,2.82024723e-02,2.87614739e-03,5.24225811e-14,6.42886784e-16,5.01343182e-14,1.28232877e-02
1062,6982,0.980549,0.579259,2.17496101e-02,2.06064829e-03,4.60829698e-14,4.89339351e-16,4.46661784e-14,1.09554784e-02
1063,6983,0.980505,0.540095,1.49320289e-02,1.41311903e-03,3.80013878e-14,1.16003841e-15,3.66294519e-14,3.16695541e-02
1064,6984,0.963139,0.500823,9.11848806e-03,8.03810486e-04,2.88847383e-14,1.74270920e-15,2.80251828e-14,6.21836870e-02
1065,6985,0.980701,0.480471,4.01381264e-03,2.91462493e-04,1.73720732e-14,2.59181176e-15,1.64220529e-14,1.57825077e-01
1066,6986,0.976646,0.419960,4.33796179e-03,3.08006274e-04,2.80002682e-14,4.12523299e-15,2.71494490e-14,1.51945367e-01
1067,6987,0.979385,0.379409,4.41803271e-03,2.97590421e-04,3.35888069e-14,2.91894266e-15,3.25726147e-14,8.96133973e-02
1068,6988,0.981232,0.339737,5.25453361e-03,4.25119739e-04,4.37623231e-14,2.21564782e-15,4.29764494e-14,5.15549296e-02
1069,6989,0.980527,0.280147,8.26471951e-03,7.96904264e-04,6.35067289e-14,1.46627449e-15,6.18681877e-14,2.36999748e-02
1070,6990,0.978403,0.239840,1.14146946e-02,1.05707755e-03,7.79625659e-14,1.15796117e-15,7.56846910e-14,1.52998070e-02
1071,6991,0.979157,0.199629,1.49349198e-02,1.36874861e-03,8.94746516e-14,1.42850603e-15,8.80803609e-14,1.62182127e-02
1072,6992,0.978674,0.159366,1.79424975e-02,1.61615864e-03,1.00006795e-13,1.42946265e-15,9.77887611e-14,1.46178623e-02
1073,6993,0.980504,0.119152,2.19416637e-02,2.11307826e-03,1.13164794e-13,2.11831738e-15,1.11722568e-13,1.89605145e-02
1074,6994,0.982363,0.079254,2.63005998e-02,2.51870370e-03,1.27491333e-13,1.33409500e-15,1.25247699e-13,1.06516527e-02
1075,6995,0.961738,0.040519,2.83047687e-02,2.92470655e-03,1.45492017e-13,2.72167420e-15,1.40801934e-13,1.93298068e-02
1076,6996,0.019769,0.979902,7.90013839e-03,6.22394960e-04,8.11423343e-14,5.75941111e-15,7.61595377e-14,7.56229789e-02
1077,6997,0.080532,0.978257,6.60888897e-03,6.14258752e-04,6.59304019e-14,1.44109728e-15,6.35434562e-14,2.26789250e-02
1078,6998,0.120797,0.980655,6.80970401e-03,6.41440274e-04,5.98415496e-14,8.67009849e-16,5.89410451e-14,1.47097807e-02
1079,6999,0.159977,0.981359,7.57536385e-03,6.93489681e-04,5.82109366e-14,6.85162092e-16,5.76766892e-14,1.18793589e-02
1080,7000,0.219130,0.980056,8.67580250e-03,7.96443783e-04,5.88855814e-14,2.90293252e-16,5.87697005e-14,4.93950539e-03
1081,7001,0.300201,0.979089,9.49680526e-03,8.71913391e-04,5.98939504e-14,2.03286676e-16,5.97036323e-14,3.40492980e-03
1082,7002,0.341241,0.977677,9.49487556e-03,8.73482961e-04,6.01258680e-14,1.66803154e-16,5.99141301e-14,2.78403699e-03
1083,7003,0.382581,0.978759,9.24185291e-03,8.78730847e-04,5.96702253e-14,2.79757645e-16,5.92477998e-14,4.72182335e-03
1084,7004,0.422012,0.982456,8.60386342e-03,7.91705446e-04,5.73323059e-14,1.44665564e-16,5.68746642e-14,2.54358538e-03
1085,7005,0.460589,0.983535,8.09640437e-03,7.30710744e-04,5.47264396e-14,2.70483243e-16,5.42803819e-14,4.98307553e-03
1086,7006,0.499541,0.980110,7.79679930e-03,7.03539350e-04,5.20805831e-14,5.70280867e-16,5.16820947e-14,1.10343992e-02
1087,7007,0.540772,0.975096,7.78253609e-03,7.14307593e-04,4.93657883e-14,1.07553681e-15,4.89273369e-14,2.19823289e-02
1088,7008,0.561425,0.976379,7.14073470e-03,6.25857851e-04,4.14706077e-14,9.86160650e-16,4.07171685e-14,2.42197747e-02
1089,7009,0.719804,0.980517,1.07622277e-02,1.00979372e-03,2.96689248e-14,1.54658751e-15,2.88156746e-14,5.36717438e-02
1090,7010,0.739745,0.979453,1.30920308e-02,1.18496723e-03,2.59271178e-14,2.07940469e-15,2.49612224e-14,8.33054029e-02
1091,7011,0.780480,0.977944,1.81431752e-02,1.66974019e-03,2.87622506e-14,2.14339189e-15,2.74318227e-14,7.81352340e-02
1092,7012,0.820314,0.979233,2.72726007e-02,2.58998130e-03,3.51964788e-14,2.14201143e-15,3.35749291e-14,6.37979436e-02
1093,7013,0.860832,0.978302,4.33707237e-02,4.23434097e-03,4.50654257e-14,2.33818956e-15,4.32998872e-14,5.39998995e-02
1094,7014,0.900804,0.981663,7.24774525e-02,7.47496774e-03,6.08248396e-14,2.47602554e-15,5.84252698e-14,4.23793599e-02
1095,7015,0.020291,0.520302,7.71661598e-06,6.71188900e-07,8.77695222e-16,1.44733340e-16,8.01732196e-16,1.80525793e-01
1096,7016,0.021081,0.580578,1.39344947e-05,4.57038595e-07,1.04358938e-15,2.51761141e-16,8.48576030e-16,2.96686605e-01
1097,7017,0.020716,0.620804,4.21335571e-05,1.98922817e-06,2.00283121e-15,7.42115264e-16,1.64094052e-15,4.52249948e-01
1098,7018,0.020205,0.661020,1.15298622e-04,6.92850926e-06,4.99681210e-15,8.37373701e-16,4.46478605e-15,1.87550689e-01
1099,7019,0.020604,0.721138,3.68261855e-04,2.59562075e-05,1.08335133e-14,1.20919702e-15,1.02107306e-14,1.18424143e-01
1100,7020,0.020867,0.761222,7.19153613e-04,6.06734975e-05,1.62284516e-14,1.38753822e-15,1.57483635e-14,8.81068196e-02
1101,7021,0.020359,0.800788,1.25924603e-03,1.05756510e-04,2.32686930e-14,1.36287612e-15,2.26744249e-14,6.01063148e-02
1102,7022,0.020731,0.840820,2.05023913e-03,1.59727846e-04,3.05022697e-14,1.56380059e-15,3.00714721e-14,5.20027947e-02
1103,7023,0.019538,0.880932,3.43713933e-03,3.17082362e-04,4.25969583e-14,1.28194879e-15,4.14634181e-14,3.09175859e-02
1104,7024,0.018139,0.920521,5.28679509e-03,4.92377614e-04,5.39137792e-14,1.65276976e-15,5.30378082e-14,3.11621051e-02
1105,7025,0.038897,0.959390,7.96855707e-03,8.37265281e-04,7.41552341e-14,2.06540874e-15,7.09802429e-14,2.90983611e-02
1106,7026,0.422463,0.480545,1.02209069e-01,6.49119914e-03,1.62107334e-14,2.67276694e-15,1.20162508e-14,2.22429357e-01
1107,7027,0.479690,0.521808,7.40233362e-02,6.23634318e-03,1.58753205e-13,1.98730819e-14,1.48146130e-13,1.34145130e-01
1108,7028,0.378569,0.518893,7.18807615e-03,6.02067914e-04,5.78059126e-14,3.07078200e-15,5.72362795e-14,5.36509715e-02
1109,7029,0.323972,0.479792,1.03986664e-02,9.61564307e-04,1.19855490e-15,9.43450708e-16,8.95437598e-16,1.05361972e+00
1110,7030,0.299000,0.520431,2.17873906e-03,1.82268705e-04,2.98279230e-14,1.78758045e-15,2.90911704e-14,6.14475260e-02
1111,7031,0.241703,0.477824,2.56492617e-03,2.14835265e-04,6.08138157e-16,5.57884698e-16,4.63175297e-16,1.20447852e+00
1112,7032,0.260000,0.500000,2.82752328e-03,2.20233633e-04,2.03764596e-15,3.68245291e-17,1.72884951e-15,2.13000199e-02
1113,7033,0.218782,0.520067,2.61533569e-04,1.24140743e-05,5.79599065e-15,1.28328509e-15,5.08744759e-15,2.52245368e-01
1114,7034,0.178993,0.520623,1.00456979e-04,2.46372292e-06,2.41067779e-15,1.23063945e-15,1.77164067e-15,6.94632651e-01
1115,7035,0.081369,0.480269,6.88885848e-05,3.11813028e-06,1.09088717e-15,6.93974226e-17,9.98432146e-16,6.95063985e-02
1116,7036,0.139100,0.518329,4.39418000e-05,4.33256400e-06,1.91909057e-15,6.77165519e-16,1.42103022e-15,4.76531398e-01
1117,7037,0.100175,0.518574,2.76970150e-05,5.05817707e-06,2.12101603e-15,5.30810038e-17,1.77359541e-15,2.99284739e-02
1118,7038,0.020550,0.479669,3.56989221e-06,3.64065329e-07,3.45485972e-16,8.83250686e-17,3.26858129e-16,2.70224482e-01
1119,7039,0.040929,0.540613,9.39377333e-06,6.96556015e-07,1.06590425e-15,1.34227022e-16,9.71180025e-16,1.38210237e-01
1120,7040,0.000000,0.060000,4.89330813e-02,4.28988691e-03,3.21411802e-14,2.20950260e-15,3.15092021e-14,7.01224546e-02
1121,7041,0.022136,0.060901,3.41715850e-02,2.89923744e-03,2.56929640e-14,1.38805756e-15,2.51613712e-14,5.51662129e-02
1122,7042,0.020466,0.221207,5.06804837e-03,4.53679997e-04,6.78184849e-15,6.60205696e-16,6.54225929e-15,1.00914022e-01
1123,7043,0.021015,0.241313,2.17806385e-03,1.70342755e-04,1.82853534e-15,7.14054068e-16,1.46870463e-15,4.86179492e-01
1124,7044,0.019445,0.280686,9.43986175e-04,6.23743472e-05,1.13513257e-15,5.89163666e-16,8.42521544e-16,6.99286173e-01
1125,7045,0.020183,0.319859,3.50215589e-04,1.97035824e-05,1.82972288e-15,2.87500949e-17,1.60590321e-15,1.79027569e-02
1126,7046,0.018689,0.359279,1.02735634e-04,1.87985654e-06,1.63767362e-15,4.38477193e-17,1.46640641e-15,2.99014781e-02
1127,7047,0.020139,0.398663,2.79854776e-05,3.62559973e-07,1.09998674e-15,5.22813948e-17,1.00949461e-15,5.17896721e-02
1128,7048,0.858829,0.038837,4.56257863e-03,3.59787722e-04,6.52912037e-14,2.46867265e-15,6.27635557e-14,3.93328999e-02
1129,7049,0.839909,0.019280,3.20851034e-03,2.25516531e-04,4.73425654e-14,2.86285384e-15,4.54369141e-14,6.30072243e-02
1130,7050,0.981031,0.839775,6.36150166e-02,6.45276206e-03,7.50513204e-14,7.18993276e-16,7.37732900e-14,9.74598363e-03
1131,7051,1.000000,0.860000,7.74488971e-02,8.02184921e-03,8.40427107e-14,6.05328972e-16,8.31330650e-14,7.28144658e-03
1132,7052,0.801453,0.039511,5.09490957e-03,4.67136124e-04,4.63305169e-14,2.82872984e-15,4.46562038e-14,6.33446107e-02
1133,7053,0.961757,0.801059,5.65027557e-02,5.76727372e-03,7.14404054e-14,7.09933359e-16,7.03393507e-14,1.00929757e-02
1134,7054,0.501191,0.480488,9.78819788e-01,2.14631081e+01,2.82797397e-12,8.09712594e-13,2.30718049e-12,3.50953295e-01
1135,7055,0.500000,0.500000,9.91260052e-01,3.17440166e+01,3.70810804e-12,1.83697827e-12,3.44064013e-12,5.33905959e-01
1136,7056,0.298583,0.540791,1.62626093e-03,1.33717607e-04,2.49350542e-14,1.73776009e-15,2.42684426e-14,7.16057522e-02
1137,7057,0.238317,0.521573,8.85643589e-04,7.33554116e-05,1.73963440e-14,1.55615167e-15,1.67520891e-14,9.28929917e-02
1138,7058,0.329037,0.460753,1.39164748e-02,1.24686502e-03,1.65049664e-15,9.85824378e-16,1.20251690e-15,8.19800851e-01
1139,7059,0.383269,0.480982,2.56905518e-02,2.18177470e-03,3.27560897e-15,1.20854449e-15,2.52782605e-15,4.78096384e-01
1140,7060,0.357860,0.537816,5.23974979e-03,4.44288977e-04,4.88895660e-14,2.49711200e-15,4.81929492e-14,5.18148824e-02
1141,7061,0.338964,0.519314,2.91110133e-03,2.47562130e-04,3.50084477e-14,1.91651305e-15,3.42200769e-14,5.60055157e-02
1142,7062,0.422463,0.480545,5.62767275e-02,4.44891443e-03,5.69064263e-15,1.93947294e-15,4.39698318e-15,4.41091735e-01
1143,7063,0.242179,0.456465,3.81167652e-03,3.19465267e-04,6.21918166e-16,6.73299237e-16,4.85135050e-16,1.38785940e+00
1144,7064,0.303892,0.477857,7.83735607e-03,7.42487668e-04,1.21349995e-15,9.50055871e-16,8.51937744e-16,1.11517054e+00
1145,7065,0.000000,0.140000,1.42015554e-02,1.20639091e-03,1.29997924e-14,9.11498613e-16,1.26752644e-14,7.19116052e-02
1146,7066,0.037949,0.143979,1.44283846e-02,1.30950729e-03,1.49698928e-14,8.73933284e-16,1.47796035e-14,5.91310374e-02
1147,7067,0.019101,0.161628,8.09483882e-03,6.78702956e-04,8.09509049e-15,6.76934014e-16,7.72445005e-15,8.76352375e-02
1148,7068,0.019445,0.280686,1.94615091e-03,1.50335982e-04,2.63085659e-15,6.53368022e-16,2.49080478e-15,2.62312016e-01
1149,7069,0.120000,0.500000,6.12290751e-05,1.16393392e-06,1.42349138e-15,2.47765475e-17,1.29513847e-15,1.91304236e-02
1150,7070,0.142560,0.460980,2.46372714e-04,1.71322281e-05,1.00973125e-15,1.01979293e-16,8.56758632e-16,1.19029198e-01
1151,7071,0.141355,0.480441,2.24712276e-04,1.06326752e-05,1.80676405e-15,8.59173113e-17,1.63092276e-15,5.26801840e-02
1152,7072,0.181969,0.459922,7.01232813e-04,5.49183533e-05,9.22075725e-16,1.46584795e-16,7.42018808e-16,1.97548625e-01
1153,7073,0.181159,0.479877,7.00068835e-04,4.29149586e-05,1.92605530e-15,7.56555800e-17,1.70703683e-15,4.43198288e-02
1154,7074,0.240000,1.000000,8.81449133e-03,7.94057793e-04,5.88278138e-14,2.25502352e-16,5.86289575e-14,3.84626235e-03
1155,7075,0.280155,0.978023,9.40549467e-03,8.57032544e-04,5.98932796e-14,1.71560846e-16,5.98138821e-14,2.86824462e-03
1156,7076,0.178935,0.962537,7.98832159e-03,7.35002803e-04,5.82305403e-14,4.88779992e-16,5.79898881e-14,8.42871072e-03
1157,7077,0.199324,0.980747,8.35140701e-03,7.60583673e-04,5.85357636e-14,3.53474340e-16,5.83316490e-14,6.05973508e-03
1158,7078,0.141005,0.962344,7.16499519e-03,6.75475691e-04,5.86773333e-14,7.04951429e-16,5.81032076e-14,1.21327455e-02
1159,7079,0.220000,1.000000,8.53209477e-03,7.72113330e-04,5.84444399e-14,2.74330122e-16,5.82045873e-14,4.71320450e-03
1160,7080,0.240000,0.500000,1.84166059e-03,1.35103954e-04,1.96175329e-15,7.17341880e-17,1.71018800e-15,4.19452060e-02
1161,7081,0.258496,0.521618,5.94189798e-04,3.62853461e-05,1.13515967e-14,1.46118011e-15,1.06444775e-14,1.37271191e-01
1162,7082,0.216971,0.563273,7.81159615e-04,6.42967425e-05,1.70530026e-14,7.24449651e-16,1.58672751e-14,4.56568407e-02
1163,7083,0.156669,0.537999,1.75805253e-04,1.09585126e-05,5.76458225e-15,1.19175609e-15,5.34469785e-15,2.22979132e-01
1164,7084,0.019101,0.161628,1.11805918e-02,9.76474199e-04,1.23037202e-14,7.90906162e-16,1.21072823e-14,6.53248305e-02
1165,7085,0.000000,0.220000,4.39279852e-03,3.59184516e-04,4.37419461e-15,6.26743977e-16,4.06845044e-15,1.54049800e-01
1166,7086,0.000000,0.040000,7.31078982e-02,7.46672042e-03,4.38658035e-14,2.88685748e-15,4.17050868e-14,6.92207522e-02
1167,7087,0.039777,0.979458,6.31600805e-03,4.35743277e-04,6.78760840e-14,3.71560531e-15,6.49602984e-14,5.71980949e-02
1168,7088,0.022967,0.081550,2.49614790e-02,2.17076624e-03,2.01885153e-14,1.35681549e-15,1.97833388e-14,6.85837465e-02
1169,7089,0.122211,0.961588,7.29865115e-03,6.77951030e-04,6.06919029e-14,5.30856936e-16,5.98226167e-14,8.87385014e-03
1170,7090,0.106750,0.942452,7.15359068e-03,6.73371018e-04,6.14907905e-14,3.24473308e-16,6.07952816e-14,5.33714624e-03
1171,7091,0.039777,0.979458,8.56635999e-03,8.97112768e-04,8.63504485e-14,3.38274127e-15,8.05193924e-14,4.20115101e-02
1172,7092,0.039777,0.979458,7.13554863e-03,6.76701020e-04,7.29712785e-14,1.50104731e-15,6.94345094e-14,2.16181740e-02
1173,7093,0.021157,0.040378,4.46084701e-02,4.44314722e-03,3.33034618e-14,1.11592133e-15,3.20529736e-14,3.48149082e-02
1174,7094,0.022967,0.081550,3.29109430e-02,3.13271955e-03,2.76419411e-14,1.24214798e-15,2.69776351e-14,4.60436201e-02
1175,7095,0.055637,0.391109,2.59399705e-04,1.86265042e-05,6.08512228e-16,1.00338352e-16,5.05749132e-16,1.98395499e-01
1176,7096,0.021153,0.459395,6.86836574e-06,4.25532875e-07,5.97901076e-16,5.78429204e-17,5.50729387e-16,1.05029660e-01
1177,7097,0.000000,0.460000,7.10678523e-06,2.87244120e-07,7.03232852e-16,6.02434780e-17,6.48856513e-16,9.28456088e-02
1178,7098,0.060000,0.000000,3.79638858e-02,3.67579609e-03,3.13817948e-14,1.21759282e-15,3.04839975e-14,3.99420324e-02
1179,7099,0.040684,0.020001,5.88427335e-02,7.35445181e-03,4.07177411e-14,1.35428170e-15,3.79862090e-14,3.56519309e-02
1180,7100,0.062653,0.460116,1.50591131e-05,5.21504489e-07,8.23582046e-16,5.90098274e-17,7.76921171e-16,7.59534295e-02
1181,7101,0.100000,0.000000,2.69177370e-02,2.51553929e-03,3.05183498e-14,6.63402345e-16,3.00270503e-14,2.20934903e-02
1182,7102,0.061150,0.479940,1.46538523e-05,3.45745889e-07,8.75929900e-16,7.89254117e-17,7.85483086e-16,1.00480091e-01
1183,7103,0.140000,0.000000,2.23363377e-02,2.05414742e-03,3.18157772e-14,3.33485474e-16,3.13674630e-14,1.06315730e-02
1184,7104,0.102567,0.057269,2.61579007e-02,2.63666408e-03,3.13284317e-14,4.00056255e-16,3.08554858e-14,1.29654823e-02
1185,7105,0.180000,0.000000,2.02353671e-02,1.85512740e-03,3.37930503e-14,1.13448430e-16,3.33586545e-14,3.40086947e-03
1186,7106,0.220000,0.000000,1.92318633e-02,1.75444304e-03,3.60831529e-14,1.78281394e-17,3.56861825e-14,4.99581018e-04
1187,7107,0.260000,0.000000,1.91224534e-02,1.75488938e-03,3.88271467e-14,9.17577623e-17,3.84139742e-14,2.38865580e-03
1188,7108,0.317808,0.039990,1.98940206e-02,1.82727689e-03,4.32827195e-14,3.03633015e-16,4.27746150e-14,7.09843948e-03
1189,7109,0.298899,0.020099,1.96635704e-02,1.81984215e-03,4.16734349e-14,2.79175601e-16,4.11858454e-14,6.77843560e-03
1190,7110,0.357309,0.039286,2.03901790e-02,1.87986018e-03,4.67836693e-14,4.79974184e-16,4.61119688e-14,1.04088851e-02
1191,7111,0.363579,0.481154,2.34716665e-02,1.97798689e-03,4.87414564e-15,4.18789633e-16,4.04040264e-15,1.03650470e-01
1192,7112,0.388126,0.441623,2.76233349e-02,2.50046398e-03,5.64262983e-15,2.82675912e-16,4.87203949e-15,5.80200370e-02
1193,7113,0.440000,0.000000,2.18353588e-02,2.02594139e-03,5.33856813e-14,3.16049671e-16,5.29037195e-14,5.97405389e-03
1194,7114,0.393866,0.059597,2.12341640e-02,1.96997612e-03,4.91107060e-14,5.48959036e-16,4.84214109e-14,1.13371136e-02
1195,7115,0.480000,0.000000,2.34650578e-02,2.21107434e-03,5.52769737e-14,3.05272580e-16,5.49509711e-14,5.55536279e-03
1196,7116,0.457437,0.022125,2.20113844e-02,2.05361261e-03,5.32422109e-14,5.41510863e-16,5.25798684e-14,1.02988250e-02
1197,7117,0.441924,0.480547,2.43205845e-01,1.41281001e-02,2.79326597e-14,2.56406665e-14,2.02800016e-14,1.26433256e+00
1198,7118,0.520000,0.000000,2.47985553e-02,2.32415483e-03,5.59849679e-14,1.92727392e-16,5.56816962e-14,3.46123421e-03
1199,7119,0.476300,0.059275,2.41843238e-02,2.31406675e-03,5.56615741e-14,2.86526020e-16,5.48841165e-14,5.22056360e-03
1200,7120,0.000000,0.960000,8.35925154e-03,8.12816783e-04,7.12492131e-14,3.65535417e-15,7.01335759e-14,5.21198887e-02
1201,7121,0.459038,0.523033,2.89855115e-02,1.89616252e-03,1.01097929e-13,1.15691360e-14,9.93540916e-14,1.16443478e-01
1202,7122,0.560000,0.000000,2.43028458e-02,2.25623185e-03,5.43689713e-14,5.36147980e-16,5.40525842e-14,9.91900735e-03
1203,7123,0.535122,0.041760,2.52373163e-02,2.39677029e-03,5.67110276e-14,8.53484758e-17,5.62923731e-14,1.51616411e-03
1204,7124,0.520000,1.000000,7.22208014e-03,6.32196141e-04,4.83118354e-14,6.82100968e-16,4.76835368e-14,1.43047478e-02
1205,7125,0.540772,0.975096,7.73980562e-03,7.08220934e-04,4.74228133e-14,1.03129046e-15,4.66515864e-14,2.21062249e-02
1206,7126,0.600000,0.000000,2.13992149e-02,2.01172545e-03,5.17799880e-14,6.77535461e-16,5.11155076e-14,1.32549884e-02
1207,7127,0.624487,0.962267,8.48484877e-03,7.72149593e-04,4.11435548e-14,8.05486511e-16,4.03148719e-14,1.99798851e-02
1208,7128,0.621930,0.981041,8.14633630e-03,7.50730978e-04,3.66609277e-14,1.02364059e-15,3.57803556e-14,2.86090110e-02
1209,7129,0.640000,0.000000,1.67002734e-02,1.58652139e-03,4.71932775e-14,1.29202245e-15,4.61524028e-14,2.79946952e-02
1210,7130,0.617300,0.062926,2.18967386e-02,2.04664888e-03,5.47549270e-14,1.11919586e-15,5.41426475e-14,2.06712436e-02
1211,7131,0.661107,0.981764,9.10711102e-03,8.40189750e-04,3.24575233e-14,1.29179544e-15,3.15091784e-14,4.09974334e-02
1212,7132,0.680000,0.000000,1.15653025e-02,1.08923891e-03,4.23110982e-14,2.08107885e-15,4.09621881e-14,5.08048751e-02
1213,7133,0.700109,0.981225,9.81622003e-03,9.12184420e-04,3.08259345e-14,1.41627392e-15,2.99552795e-14,4.72796096e-02
1214,7134,0.720000,0.000000,7.46027473e-03,6.48365647e-04,3.89128291e-14,2.87178262e-15,3.75074727e-14,7.65656125e-02
1215,7135,0.780480,0.977944,1.60075463e-02,1.56972534e-03,3.08479777e-14,2.01783302e-15,2.93553125e-14,6.87382569e-02
1216,7136,0.820314,0.979233,2.27725226e-02,2.26992578e-03,3.52695337e-14,1.76522354e-15,3.37420521e-14,5.23152397e-02
1217,7137,0.820702,0.038706,4.29441221e-03,3.64600302e-04,5.35864959e-14,2.67249779e-15,5.14005918e-14,5.19935218e-02
1218,7138,0.860832,0.978302,3.50286067e-02,3.57722607e-03,4.49944444e-14,1.86910292e-15,4.29119563e-14,4.35566934e-02
1219,7139,0.889741,0.946120,4.75841537e-02,4.77063330e-03,5.61238271e-14,2.90747701e-15,5.49405119e-14,5.29204573e-02
1220,7140,0.879298,0.020107,5.36997337e-03,4.51299798e-04,7.42008993e-14,2.19885687e-15,7.15103093e-14,3.07488094e-02
1221,7141,0.919744,0.946862,8.59290659e-02,9.37645324e-03,8.06914079e-14,8.00928679e-16,7.80027627e-14,1.02679527e-02
1222,7142,0.940000,0.000000,1.10445470e-02,6.20017236e-04,1.06151097e-13,6.25636068e-15,1.01154294e-13,6.18496796e-02
1223,7143,0.892666,0.060922,9.98396892e-03,9.10775270e-04,8.89818818e-14,1.91301608e-15,8.54271691e-14,2.23935324e-02
1224,7144,0.960001,0.980742,1.56893075e-01,2.03048531e-02,1.14477736e-13,3.76477515e-15,1.09305536e-13,3.44426759e-02
1225,7145,0.960000,1.000000,1.32230490e-01,1.58004630e-02,8.95122328e-14,3.09686299e-15,8.49231980e-14,3.64666318e-02
1226,7146,0.960484,0.020565,2.53021456e-02,2.91514047e-03,1.53930877e-13,5.24483521e-15,1.45682471e-13,3.60018277e-02
1227,7147,0.935590,0.448301,7.26738060e-03,6.19422412e-04,3.68897858e-14,2.66340913e-15,3.59569179e-14,7.40722310e-02
1228,7148,1.000000,0.500000,9.32209659e-03,9.27480520e-04,2.90433503e-14,1.59067748e-15,2.73625964e-14,5.81332800e-02
1229,7149,1.000000,0.540000,1.65843125e-02,1.73540018e-03,4.01232324e-14,9.96602554e-16,3.83182967e-14,2.60085296e-02
1230,7150,0.480000,1.000000,7.59569975e-03,6.71430491e-04,5.21443613e-14,3.35570790e-16,5.15496290e-14,6.50966450e-03
1231,7151,0.440000,1.000000,8.03429447e-03,7.13007525e-04,5.52520235e-14,1.25831377e-16,5.47545306e-14,2.29809981e-03
1232,7152,0.460906,0.967573,7.91357365e-03,7.09675369e-04,5.35402208e-14,3.95967309e-16,5.30899109e-14,7.45842859e-03
1233,7153,0.400000,1.000000,8.54430627e-03,7.76349800e-04,5.74723510e-14,1.07003283e-16,5.70874728e-14,1.87437415e-03
1234,7154,0.360000,1.000000,9.00830328e-03,8.28125689e-04,5.87738679e-14,3.19187028e-16,5.83781884e-14,5.46757338e-03
1235,7155,0.395553,0.940141,9.82575212e-03,9.10029223e-04,6.06426801e-14,2.23114116e-16,6.02854762e-14,3.70095968e-03
1236,7156,0.320000,1.000000,9.29793250e-03,8.47247255e-04,5.97014978e-14,1.37136143e-16,5.94948014e-14,2.30501052e-03
1237,7157,0.259592,0.978302,9.19301994e-03,8.36101070e-04,5.93781819e-14,1.16015747e-16,5.93122827e-14,1.95601554e-03
1238,7158,0.053226,0.919590,6.72819652e-03,6.55406679e-04,6.35374389e-14,1.31491658e-15,6.12921985e-14,2.14532455e-02
1239,7159,0.000000,0.920000,4.93631978e-03,4.35286289e-04,5.13665885e-14,1.87693650e-15,5.05759680e-14,3.71112323e-02
1240,7160,0.418406,0.520255,1.51412217e-02,1.24666002e-03,8.92736744e-14,4.96176612e-15,8.53577259e-14,5.81290804e-02
1241,7161,0.053765,0.889429,4.34854859e-03,3.97018739e-04,4.74925173e-14,9.40394507e-16,4.59675734e-14,2.04577801e-02
1242,7162,0.000000,0.880000,2.89128139e-03,2.38311026e-04,3.77501578e-14,1.53251522e-15,3.69438976e-14,4.14822289e-02
1243,7163,0.380000,0.500000,6.57029171e-03,5.55975130e-04,5.19032178e-14,3.08064676e-15,5.05800541e-14,6.09063556e-02
1244,7164,0.000000,0.840000,1.65842671e-03,1.37590105e-04,2.66569281e-14,1.37031868e-15,2.59743670e-14,5.27565765e-02
1245,7165,0.000000,0.800000,9.21208586e-04,6.28839480e-05,1.86134796e-14,1.25549352e-15,1.78151747e-14,7.04732643e-02
1246,7166,0.000000,0.760000,4.76075977e-04,3.08614581e-05,1.14870492e-14,1.21892520e-15,1.07836891e-14,1.13034156e-01
1247,7167,0.258496,0.521618,1.20757427e-03,9.81307458e-05,2.09181732e-14,1.63735767e-15,2.02437825e-14,8.08820028e-02
1248,7168,0.000000,0.680000,9.33432966e-05,2.97072461e-06,2.79190466e-15,1.01303679e-15,2.12265165e-15,4.77250610e-01
1249,7169,0.000000,0.640000,4.26506485e-05,3.31416709e-06,1.81841901e-15,9.27128595e-16,1.32519152e-15,6.99618571e-01
1250,7170,0.000000,0.600000,2.69398679e-05,4.75689285e-06,2.00486536e-15,2.01121396e-16,1.63949262e-15,1.22672950e-01
1251,7171,0.041297,0.621962,8.43435118e-05,4.90527691e-06,3.84809482e-15,7.86145149e-16,3.55971822e-15,2.20844769e-01
1252,7172,0.000000,0.580000,2.01268904e-05,3.56812825e-06,2.01663552e-15,8.51169909e-17,1.72388717e-15,4.93750359e-02
1253,7173,0.077655,0.562366,1.99188817e-05,4.29400131e-07,6.31707908e-16,4.73775809e-16,5.80679837e-16,8.15898501e-01
1254,7174,0.020524,0.540412,7.63456774e-06,8.59862723e-07,1.33596736e-15,2.08666990e-16,1.17089144e-15,1.78212072e-01
1255,7175,0.040000,0.500000,1.23421787e-05,1.66247196e-06,1.23960371e-15,1.40120306e-16,1.01456601e-15,1.38108615e-01
1256,7176,1.000000,0.040000,3.36492024e-02,3.71172116e-03,1.50974909e-13,3.45318053e-15,1.49510070e-13,2.30966418e-02
1257,7177,0.949361,0.079357,2.32593156e-02,2.22370634e-03,1.26633702e-13,1.26505186e-15,1.22809748e-13,1.03009075e-02
1258,7178,1.000000,0.080000,2.83945873e-02,2.87045981e-03,1.33750799e-13,1.39856193e-15,1.31918104e-13,1.06017438e-02
1259,7179,0.946493,0.110020,2.03833170e-02,1.92128506e-03,1.08230163e-13,2.71259358e-15,1.07009196e-13,2.53491633e-02
1260,7180,1.000000,0.120000,2.33274642e-02,2.33125337e-03,1.18967173e-13,1.76771319e-15,1.17586049e-13,1.50333581e-02
1261,7181,1.000000,0.160000,1.87435448e-02,1.87579182e-03,1.07113259e-13,9.65254183e-16,1.04504851e-13,9.23645332e-03
1262,7182,1.000000,0.200000,1.50393667e-02,1.48520817e-03,9.49111124e-14,1.67165287e-15,9.31130173e-14,1.79529449e-02
1263,7183,1.000000,0.240000,1.10125626e-02,1.09337748e-03,8.11469015e-14,1.59629468e-15,7.90356956e-14,2.01971358e-02
1264,7184,0.981193,0.300010,7.07801618e-03,5.87581773e-04,5.62783462e-14,1.75714465e-15,5.49194276e-14,3.19949557e-02
1265,7185,1.000000,0.320000,4.95932251e-03,4.22931334e-04,4.82271626e-14,1.77558657e-15,4.69652800e-14,3.78063661e-02
1266,7186,1.000000,0.360000,3.16260336e-03,2.21638576e-04,3.05400406e-14,2.71824159e-15,2.93664188e-14,9.25629240e-02
1267,7187,1.000000,0.400000,2.23756419e-03,1.17755531e-04,1.56960474e-14,4.38951913e-15,1.45438335e-14,3.01813075e-01
1268,7188,1.000000,0.420000,2.11126939e-03,6.26153487e-05,1.10864873e-14,5.20353769e-15,1.02717831e-14,5.06585631e-01
1269,7189,0.980549,0.579259,1.82595514e-02,1.79749087e-03,4.29076906e-14,5.66560698e-16,4.14651088e-14,1.36635527e-02
1270,7190,1.000000,0.580000,2.49561165e-02,2.74131191e-03,5.07540346e-14,6.44882393e-16,4.91296863e-14,1.31261248e-02
1271,7191,0.946102,0.611709,2.29654368e-02,2.33927020e-03,4.78818204e-14,1.02934800e-15,4.67031741e-14,2.20402151e-02
1272,7192,1.000000,0.620000,3.30777206e-02,3.62668280e-03,5.71047997e-14,5.93407672e-16,5.55962001e-14,1.06735293e-02
1273,7193,1.000000,0.660000,4.10098284e-02,4.48360341e-03,6.50342004e-14,1.00929376e-15,6.31789543e-14,1.59751577e-02
1274,7194,1.000000,0.700000,4.81241010e-02,5.15831308e-03,6.78577745e-14,4.77631026e-16,6.65448938e-14,7.17757591e-03
1275,7195,1.000000,0.740000,5.51784262e-02,5.90277230e-03,7.33891639e-14,9.28735628e-16,7.20149309e-14,1.28964316e-02
1276,7196,0.981031,0.839775,6.90734088e-02,7.34264730e-03,8.05953882e-14,3.63148780e-16,7.91872603e-14,4.58594953e-03
1277,7197,1.000000,0.900000,9.21451971e-02,9.05088149e-03,8.93547592e-14,1.00367052e-15,8.88392550e-14,1.12976017e-02
1278,7198,1.000000,0.920000,1.07187316e-01,1.03749977e-02,9.50730651e-14,1.90845989e-15,9.47388598e-14,2.01444253e-02
1279,7199,0.960484,0.020565,1.61467344e-02,1.57014083e-03,1.22026168e-13,3.12437738e-15,1.16775648e-13,2.67553845e-02
1280,7200,0.839909,0.019280,4.26042173e-03,3.36689933e-04,5.82893312e-14,2.61397184e-15,5.60737268e-14,4.66166953e-02
1281,7201,0.762421,0.043192,5.90224750e-03,5.66758215e-04,4.43925394e-14,2.78003794e-15,4.29724615e-14,6.46934768e-02
1282,7202,0.280000,0.000000,1.92280803e-02,1.75606506e-03,4.04137376e-14,1.11608780e-16,3.99359534e-14,2.79469427e-03
1283,7203,0.979465,0.960248,1.24144129e-01,1.31163700e-02,1.01252753e-13,2.62208303e-15,9.93796110e-14,2.63845169e-02
1284,7204,0.981031,0.839775,6.75726980e-02,6.78706774e-03,7.77509296e-14,5.87712169e-16,7.65186796e-14,7.68063657e-03
1285,7205,0.979519,0.460476,5.09475172e-03,3.73016926e-04,2.43405726e-14,2.43507848e-15,2.35389609e-14,1.03448852e-01
1286,7206,1.000000,0.280000,7.47832702e-03,6.74758921e-04,6.40639817e-14,1.58520310e-15,6.23025869e-14,2.54436161e-02
1287,7207,0.581958,0.978315,7.65575562e-03,6.89656998e-04,4.44670207e-14,8.61250713e-16,4.36089153e-14,1.97494184e-02
1288,7208,0.621930,0.981041,7.86222983e-03,7.13807531e-04,3.90917598e-14,9.38795944e-16,3.82441068e-14,2.45474669e-02
1289,7209,0.661107,0.981764,8.56301002e-03,7.86280201e-04,3.45497658e-14,1.11946595e-15,3.36054799e-14,3.33120062e-02
1290,7210,0.720000,1.000000,1.02659641e-02,9.09044000e-04,2.67758905e-14,1.70159570e-15,2.57853075e-14,6.59909019e-02
1291,7211,0.880879,0.980241,4.45426814e-02,4.55183350e-03,5.09768009e-14,2.47678829e-15,4.86814026e-14,5.08775047e-02
1292,7212,0.920558,0.981849,7.18613714e-02,7.78346928e-03,6.65758613e-14,1.60986955e-15,6.43180509e-14,2.50298248e-02
1293,7213,0.959417,0.961136,1.20971605e-01,1.42854247e-02,9.45634833e-14,1.01932570e-15,9.03301956e-14,1.12844403e-02
1294,7214,0.020524,0.540412,9.40448172e-06,8.71623911e-07,1.50059288e-15,2.95494246e-16,1.33358434e-15,2.21578971e-01
1295,7215,0.000000,0.720000,2.22475981e-04,1.16793544e-05,6.25371667e-15,1.08263580e-15,5.55532827e-15,1.94882417e-01
1296,7216,0.443961,0.460269,1.00019567e-01,7.16575468e-03,5.15343739e-15,4.62014502e-15,4.10672405e-15,1.12501959e+00
1297,7217,0.459038,0.523033,4.99949083e-02,2.81752436e-03,1.50368108e-13,8.32253916e-15,1.35133780e-13,6.15874075e-02
1298,7218,0.363579,0.481154,1.87562536e-02,1.62371690e-03,2.32725034e-15,1.07882087e-15,1.73364690e-15,6.22284081e-01
1299,7219,0.338964,0.519314,3.88801517e-03,3.29845498e-04,4.12934931e-14,2.18768197e-15,4.05395152e-14,5.39641867e-02
1300,7220,0.283728,0.475934,5.65410685e-03,4.80621704e-04,1.02825131e-15,7.93369175e-16,7.74716239e-16,1.02407712e+00
1301,7221,0.119310,0.535915,6.07565635e-05,2.95152381e-06,2.35436556e-15,7.36974304e-16,1.98997791e-15,3.70342956e-01
1302,7222,0.080886,0.520086,2.43697887e-05,3.64030853e-07,7.59453817e-16,6.71558796e-16,5.65265002e-16,1.18804241e+00
1303,7223,0.020952,0.261266,2.79514957e-03,2.45209463e-04,4.19480319e-15,6.05303985e-16,3.93624173e-15,1.53777137e-01
1304,7224,0.019445,0.280686,1.36810576e-03,1.22914702e-04,2.20323498e-15,2.48833769e-16,1.93732486e-15,1.28441943e-01
1305,7225,0.038291,0.340228,5.93049859e-04,4.27393679e-05,9.85250090e-16,4.51847449e-16,8.04463507e-16,5.61675509e-01
1306,7226,0.037157,0.377109,2.06454191e-04,1.13107189e-05,9.20747048e-16,1.12495915e-16,7.98860701e-16,1.40820439e-01
1307,7227,0.021903,0.418764,7.23748744e-05,3.49121183e-06,9.41336619e-16,5.65826479e-17,8.44559611e-16,6.69966302e-02
1308,7228,0.041995,0.459412,1.58717685e-05,2.56081080e-07,8.72338215e-16,2.55414762e-17,7.86489044e-16,3.24753108e-02
1309,7229,0.501413,0.540464,2.64805574e-02,1.04713696e-03,8.51348207e-14,9.51934674e-15,8.19403410e-14,1.16174117e-01
1310,7230,0.500305,0.520306,8.09807703e-02,2.36362219e-03,9.14928669e-14,3.06343289e-14,8.24253927e-14,3.71661303e-01
1311,7231,0.423421,0.578765,1.46599673e-02,1.38359179e-03,9.03455641e-14,1.75685073e-15,8.65353118e-14,2.03021251e-02
1312,7232,0.327227,0.422858,1.56889297e-02,1.46568660e-03,5.83163380e-15,3.09858655e-16,5.27294061e-15,5.87639190e-02
1313,7233,0.963139,0.500823,9.57001001e-03,8.50417244e-04,3.42544799e-14,1.82384871e-15,3.31701931e-14,5.49845671e-02
1314,7234,0.104937,0.442180,3.15756653e-04,2.22012568e-05,8.22483233e-16,1.47458113e-16,7.21983514e-16,2.04240277e-01
1315,7235,0.821410,0.057814,6.10820809e-03,5.44663868e-04,5.90009609e-14,2.55241795e-15,5.68288228e-14,4.49141444e-02
1316,7236,0.690157,0.059102,1.26348715e-02,1.15127978e-03,4.84904543e-14,1.41766073e-15,4.75341981e-14,2.98240169e-02
1317,7237,0.178913,0.057744,2.08047088e-02,1.95988850e-03,3.33620664e-14,1.21357534e-16,3.30670245e-14,3.67004700e-03
1318,7238,0.316929,0.060215,2.02395078e-02,1.89196086e-03,4.26590424e-14,3.81414330e-16,4.20639001e-14,9.06749801e-03
1319,7239,0.943128,0.820282,5.64486496e-02,5.66212926e-03,7.03763016e-14,6.36058057e-16,6.91769911e-14,9.19464763e-03
1320,7240,0.177792,0.944322,8.24299455e-03,7.71656167e-04,5.95177390e-14,5.65078073e-16,5.91480397e-14,9.55362301e-03
1321,7241,0.170456,0.560050,4.91653336e-04,4.09741988e-05,1.22947044e-14,1.40586060e-15,1.18957968e-14,1.18181290e-01
1322,7242,0.945949,0.319479,8.40372778e-03,7.32838875e-04,5.56157835e-14,1.89134982e-15,5.48281716e-14,3.44959492e-02
1323,7243,0.318931,0.559035,3.83814028e-03,3.28756403e-04,4.12382734e-14,1.98651567e-15,4.06432293e-14,4.88769150e-02
1324,7244,0.821410,0.057814,8.36601760e-03,7.61994452e-04,6.00039631e-14,2.49042065e-15,5.78737701e-14,4.30319408e-02
1325,7245,0.079507,0.683692,5.52134472e-04,4.59938165e-05,1.35225024e-14,1.09067763e-15,1.31959695e-14,8.26523307e-02
1326,7246,0.040580,0.701953,4.62321012e-04,4.00018071e-05,1.24173531e-14,1.15434741e-15,1.19308318e-14,9.67533052e-02
1327,7247,0.040808,0.801846,2.25795456e-03,2.08994272e-04,3.22026341e-14,1.22637072e-15,3.15631649e-14,3.88544915e-02
1328,7248,0.674215,0.057025,1.77938137e-02,1.69520092e-03,5.20841406e-14,1.06442406e-15,5.12149188e-14,2.07834765e-02
1329,7249,0.202023,0.439281,2.52245530e-03,2.14477666e-04,1.79073967e-15,2.74688126e-16,1.56970166e-15,1.74993843e-01
1330,7250,0.201807,0.459116,1.75406714e-03,1.46359365e-04,7.93822232e-16,3.19478990e-16,5.92476518e-16,5.39226417e-01
1331,7251,0.057887,0.182618,1.07672606e-02,9.82680242e-04,1.47791664e-14,6.37001758e-16,1.45347330e-14,4.38261754e-02
1332,7252,0.039872,0.202003,7.71634839e-03,6.94995106e-04,1.07466687e-14,6.52934659e-16,1.05104761e-14,6.21222725e-02
1333,7253,0.159865,0.057211,2.15942394e-02,2.04688543e-03,3.20962231e-14,1.65224457e-16,3.18070155e-14,5.19459164e-03
1334,7254,0.961757,0.801059,5.28955683e-02,5.16135944e-03,6.89854329e-14,3.72900511e-16,6.76208763e-14,5.51457673e-03
1335,7255,0.681688,0.944488,1.11913336e-02,1.07592356e-03,3.54723371e-14,1.24395682e-15,3.47663216e-14,3.57805130e-02
1336,7256,0.699822,0.962499,1.05081601e-02,9.99320997e-04,3.35954544e-14,1.33707655e-15,3.26594017e-14,4.09400198e-02
1337,7257,0.817947,0.939014,2.78924778e-02,2.79433513e-03,4.31444600e-14,9.35758907e-16,4.12683532e-14,2.26749757e-02
1338,7258,0.801481,0.959458,2.34394930e-02,2.33987905e-03,3.76670571e-14,1.14309373e-15,3.62458510e-14,3.15372296e-02
1339,7259,0.959863,0.698915,3.32873128e-02,3.22724110e-03,5.54647643e-14,7.08128650e-16,5.45201024e-14,1.29883955e-02
1340,7260,0.925438,0.706859,3.30944955e-02,3.07916384e-03,5.40370225e-14,1.73977730e-15,5.38903232e-14,3.22836679e-02
1341,7261,0.329037,0.460753,1.30141843e-02,1.23283674e-03,3.47350382e-15,4.00078251e-16,2.88817186e-15,1.38523007e-01
1342,7262,0.296939,0.060779,2.04085466e-02,1.89789420e-03,4.00057354e-14,3.14559290e-16,3.96297375e-14,7.93745582e-03
1343,7263,0.038291,0.340228,9.57312295e-04,7.66079829e-05,1.36792581e-15,3.43153085e-16,1.26696467e-15,2.70846609e-01
1344,7264,0.177792,0.944322,8.82351398e-03,8.16909305e-04,5.99887232e-14,3.71912844e-16,5.96769203e-14,6.23210519e-03
1345,7265,0.959488,0.198376,1.61141250e-02,1.47480681e-03,9.21785367e-14,7.87213892e-16,8.98179643e-14,8.76454837e-03
1346,7266,0.923784,0.205823,1.57112814e-02,1.55659020e-03,8.82147545e-14,1.84726218e-15,8.42847995e-14,2.19169078e-02
1347,7267,0.962824,0.300369,9.08488594e-03,7.69578211e-04,6.00586814e-14,1.71420209e-15,5.88805873e-14,2.91131962e-02
1348,7268,0.298954,0.561002,4.11545718e-03,3.71361588e-04,4.21067058e-14,1.87228226e-15,4.16402989e-14,4.49632282e-02
1349,7269,0.292737,0.926341,9.98843368e-03,9.13605385e-04,6.11883523e-14,1.98294383e-16,6.10576382e-14,3.24765892e-03
1350,7270,0.317271,0.939638,1.04283774e-02,9.61047830e-04,6.18510438e-14,2.11325985e-16,6.17206075e-14,3.42391292e-03
1351,7271,0.354215,0.426453,2.01261975e-02,1.92358042e-03,8.20920954e-15,4.97006746e-16,7.79536534e-15,6.37566970e-02
1352,7272,0.369387,0.443519,2.27523539e-02,2.14105099e-03,7.02141228e-15,3.91098908e-16,6.53433699e-15,5.98528831e-02
1353,7273,0.144474,0.422167,8.23479495e-04,6.24247477e-05,5.28430080e-16,1.83827669e-16,4.29982326e-16,4.27523780e-01
1354,7274,0.162957,0.441014,1.24132936e-03,9.98186079e-05,7.74448629e-16,1.87374011e-16,6.59412238e-16,2.84153069e-01
1355,7275,0.857162,0.077358,9.14855301e-03,8.35531799e-04,7.49803797e-14,1.78397929e-15,7.25604405e-14,2.45861144e-02
1356,7276,0.839768,0.057663,8.50864872e-03,7.45563710e-04,6.85781523e-14,2.19116094e-15,6.60852937e-14,3.31565591e-02
1357,7277,0.060001,0.663295,3.93485738e-04,3.35383302e-05,1.10196140e-14,1.05037676e-15,1.06261494e-14,9.88482953e-02
1358,7278,0.354929,0.079447,2.11471748e-02,1.96667551e-03,4.51762990e-14,4.36980486e-16,4.45933912e-14,9.79922078e-03
1359,7279,0.336619,0.059655,2.08803769e-02,1.95480464e-03,4.32682725e-14,4.02539014e-16,4.27455380e-14,9.41710020e-03
1360,7280,0.055991,0.146078,1.51868211e-02,1.42044958e-03,1.87142426e-14,7.12508657e-16,1.84363955e-14,3.86468525e-02
1361,7281,0.054905,0.359175,9.55025316e-04,7.75251974e-05,1.10958955e-15,2.85497828e-16,1.04274129e-15,2.73795458e-01
1362,7282,0.054396,0.375432,6.53641531e-04,5.11073595e-05,5.53661551e-16,1.84306098e-16,5.18161500e-16,3.55692381e-01
1363,7283,0.140920,0.056988,2.23799460e-02,2.17242050e-03,3.12426781e-14,2.18400352e-16,3.09890426e-14,7.04766373e-03
1364,7284,0.121982,0.056945,2.34480780e-02,2.27993820e-03,3.06251674e-14,2.16472465e-16,3.02618275e-14,7.15331765e-03
1365,7285,0.065146,0.853182,4.73525282e-03,4.26989165e-04,4.74880348e-14,8.83588031e-16,4.58692600e-14,1.92631848e-02
1366,7286,0.657025,0.059039,2.04579923e-02,1.98063347e-03,5.44896973e-14,5.95491532e-16,5.37207574e-14,1.10849430e-02
1367,7287,0.942903,0.839151,5.27229048e-02,5.28486120e-03,6.85234204e-14,4.20533012e-16,6.70384836e-14,6.27300901e-03
1368,7288,0.160057,0.944632,8.15694686e-03,7.45163648e-04,5.93870317e-14,6.23047419e-16,5.87666851e-14,1.06020515e-02
1369,7289,0.645684,0.944538,9.41714365e-03,8.96207173e-04,4.08457007e-14,9.74488324e-16,4.00718277e-14,2.43185395e-02
1370,7290,0.663828,0.944689,9.87281278e-03,9.35019343e-04,3.89110300e-14,1.03835768e-15,3.79979082e-14,2.73267064e-02
1371,7291,0.944822,0.337687,1.18592670e-02,1.05162000e-03,6.04324465e-14,2.10998406e-15,5.96843335e-14,3.53523938e-02
1372,7292,0.357129,0.575376,7.80438166e-03,7.16719485e-04,6.00766182e-14,2.33487978e-15,5.92142234e-14,3.94310630e-02
1373,7293,0.338361,0.557547,6.28240779e-03,5.74249250e-04,5.28768313e-14,2.09434614e-15,5.24858646e-14,3.99030511e-02
1374,7294,0.152873,0.555677,2.57824315e-04,1.95187822e-05,7.91002734e-15,9.31033946e-16,7.74787898e-15,1.20166300e-01
1375,7295,0.118244,0.553430,1.71504624e-04,1.33901285e-05,6.42068973e-15,6.16356547e-16,6.08972686e-15,1.01212511e-01
1376,7296,0.918973,0.149787,1.78421047e-02,1.72109948e-03,9.55303477e-14,4.55473703e-16,9.33223835e-14,4.88064799e-03
1377,7297,0.918973,0.149787,1.77127775e-02,1.69955788e-03,9.66951400e-14,2.64698580e-15,9.40374962e-14,2.81481952e-02
1378,7298,0.849253,0.919174,3.28956060e-02,3.24365310e-03,4.69753190e-14,5.06541584e-16,4.56807274e-14,1.10887373e-02
1379,7299,0.849253,0.919174,3.70447710e-02,3.47938272e-03,5.03759090e-14,1.38254878e-15,4.97918662e-14,2.77665587e-02
1380,7300,0.347304,0.916548,1.05561540e-02,9.70403082e-04,6.20790921e-14,1.80360314e-16,6.18666088e-14,2.91530952e-03
1381,7301,0.347304,0.916548,1.08968569e-02,1.01799727e-03,6.29080257e-14,3.75740454e-16,6.27827732e-14,5.98476994e-03
1382,7302,0.917821,0.651610,2.32562758e-02,2.10498367e-03,4.71752764e-14,6.56848534e-16,4.69251171e-14,1.39978028e-02
1383,7303,0.919599,0.629944,2.06540041e-02,1.94408861e-03,4.70558549e-14,1.11069694e-15,4.59443817e-14,2.41748153e-02
1384,7304,0.124323,0.442044,5.24881005e-04,3.93519767e-05,5.82728757e-16,1.24734786e-16,5.13904206e-16,2.42719917e-01
1385,7305,0.393934,0.556529,1.20569495e-02,1.15027418e-03,7.91466163e-14,2.29889422e-15,7.67579292e-14,2.99499249e-02
1386,7306,0.541035,0.478791,6.10425353e-01,5.85556403e-02,2.33080970e-13,4.32322581e-13,2.10858674e-13,2.05029545e+00
1387,7307,0.540200,0.517961,1.74646527e-01,9.91899706e-03,1.28259721e-13,3.21435485e-14,1.26262363e-13,2.54577434e-01
1388,7308,0.945269,0.518647,1.15316007e-02,1.12794247e-03,3.71250882e-14,1.62234243e-15,3.57141786e-14,4.54257242e-02
1389,7309,0.068072,0.422287,9.09039081e-05,4.35401626e-06,1.01611999e-15,1.13227804e-16,9.12969698e-16,1.24021426e-01
1390,7310,0.068072,0.422287,1.76636473e-04,1.18936478e-05,9.05560277e-16,1.01305002e-16,8.55039685e-16,1.18479883e-01
1391,7311,0.450526,0.417602,7.62850493e-02,6.17026817e-03,1.19334042e-14,9.75953585e-16,1.13401355e-14,8.60618977e-02
1392,7312,0.465587,0.440772,1.42464235e-01,8.57652165e-03,1.27555344e-14,2.15748842e-15,1.20323012e-14,1.79308046e-01
1393,7313,0.484566,0.441869,2.94898838e-01,1.83847882e-02,3.28287304e-14,5.33278696e-14,2.57234165e-14,2.07312546e+00
1394,7314,0.503504,0.442012,6.57553196e-01,5.83010875e-02,1.13364233e-13,5.14792365e-13,8.51490712e-14,6.04577780e+00
1395,7315,0.487041,0.579278,1.44494893e-02,9.29977221e-04,9.82161130e-14,4.86049952e-15,9.49666303e-14,5.11811307e-02
1396,7316,0.469355,0.567046,1.63417421e-02,1.50316046e-03,1.05651924e-13,2.29641495e-15,1.01974608e-13,2.25194781e-02
1397,7317,0.078576,0.846104,4.64826450e-03,4.33810259e-04,4.45557152e-14,1.39567885e-15,4.42476425e-14,3.15424453e-02
1398,7318,0.342342,0.414368,1.78262517e-02,1.62951637e-03,7.70075345e-15,2.97601770e-16,7.19848409e-15,4.13422835e-02
1399,7319,0.407810,0.439184,3.68705057e-02,3.75921279e-03,9.80440552e-15,8.30844242e-16,9.39850733e-15,8.84017230e-02
1400,7320,0.393866,0.059597,2.17881482e-02,2.02192692e-03,4.81625306e-14,4.45574853e-16,4.76621272e-14,9.34861448e-03
1401,7321,0.086482,0.122149,1.94709636e-02,1.91443181e-03,2.39262091e-14,1.94954744e-16,2.34770106e-14,8.30407020e-03
1402,7322,0.075825,0.117632,1.79293640e-02,1.79002411e-03,2.15086145e-14,5.78479616e-16,2.09312023e-14,2.76371901e-02
1403,7323,0.085155,0.607081,1.72028202e-04,1.18890639e-05,6.43962092e-15,8.98042118e-16,6.06972714e-15,1.47954282e-01
1404,7324,0.605773,0.081292,2.82082800e-02,2.70254165e-03,6.07159315e-14,1.00217444e-15,6.02958100e-14,1.66209633e-02
1405,7325,0.922575,0.876218,6.16547838e-02,6.13205880e-03,7.33743104e-14,9.08516210e-16,7.20681314e-14,1.26063517e-02
1406,7326,0.917930,0.369719,1.33146364e-02,1.23751292e-03,5.97501649e-14,2.91444682e-15,5.88982327e-14,4.94827551e-02
1407,7327,0.938432,0.120972,1.87164173e-02,1.81145268e-03,1.03671439e-13,2.86849613e-15,9.94864591e-14,2.88330307e-02
1408,7328,0.877008,0.937994,4.09530699e-02,3.90372355e-03,5.20731902e-14,1.69348938e-15,5.08599476e-14,3.32971122e-02
1409,7329,0.380584,0.931166,1.03385923e-02,9.52114991e-04,6.19478495e-14,2.91166490e-16,6.15992107e-14,4.72678931e-03
1410,7330,0.393446,0.916913,1.12327030e-02,1.03622826e-03,6.35980119e-14,2.41478479e-16,6.32767899e-14,3.81622518e-03
1411,7331,0.935600,0.620520,2.22324543e-02,2.04895181e-03,4.65270895e-14,1.64368289e-15,4.57036718e-14,3.59639133e-02
1412,7332,0.106779,0.423203,5.46870520e-04,4.01917314e-05,5.35043502e-16,1.33541203e-16,4.85325791e-16,2.75157853e-01
1413,7333,0.423421,0.578765,1.45697119e-02,1.35593291e-03,8.61096472e-14,9.89572816e-16,8.37447990e-14,1.18165286e-02
1414,7334,0.559554,0.516943,1.13535643e-01,9.00585018e-03,1.13976089e-13,1.20080939e-14,1.12469130e-13,1.06767910e-01
1415,7335,0.902192,0.512580,1.38051463e-02,1.22571585e-03,4.80634853e-14,1.30489809e-15,4.70861584e-14,2.77129869e-02
1416,7336,0.946604,0.500971,1.06389131e-02,9.77403251e-04,3.98829190e-14,1.22941835e-15,3.86258069e-14,3.18289363e-02
1417,7337,0.928290,0.487158,1.00636622e-02,9.00632469e-04,3.97914632e-14,1.94857431e-15,3.96916420e-14,4.90928117e-02
1418,7338,0.944829,0.483706,1.00600692e-02,9.25967412e-04,4.22876591e-14,1.99735070e-15,4.15879218e-14,4.80271823e-02
1419,7339,0.959785,0.462345,7.25676073e-03,6.01225940e-04,3.36657175e-14,2.38523334e-15,3.32191753e-14,7.18029067e-02
1420,7340,0.923941,0.521940,1.17702857e-02,1.15468609e-03,4.17758581e-14,7.09109249e-16,3.99176812e-14,1.77642896e-02
1421,7341,0.917323,0.506973,1.20488657e-02,1.09955878e-03,4.42983459e-14,1.02003127e-15,4.37075540e-14,2.33376426e-02
1422,7342,0.903772,0.546578,1.49229988e-02,1.43870525e-03,4.91929122e-14,1.07931373e-15,4.82916929e-14,2.23498840e-02
1423,7343,0.099974,0.816259,3.80599801e-03,3.48540663e-04,4.03964175e-14,9.48949857e-16,3.93360474e-14,2.41241792e-02
1424,7344,0.823071,0.094211,1.05626648e-02,9.72959271e-04,6.83493450e-14,1.98488682e-15,6.60607297e-14,3.00463956e-02
1425,7345,0.680778,0.086644,1.65642668e-02,1.55266735e-03,5.15528612e-14,4.00507750e-16,5.08395579e-14,7.87787634e-03
1426,7346,0.093270,0.162736,1.20497756e-02,1.10384973e-03,1.68031160e-14,6.82124685e-16,1.66644466e-14,4.09329336e-02
1427,7347,0.924559,0.819757,4.23941538e-02,4.24825819e-03,6.15585328e-14,4.21521420e-16,6.01987942e-14,7.00215719e-03
1428,7348,0.296005,0.417472,1.29978321e-02,1.31126319e-03,6.34911376e-15,5.51450054e-16,6.04850558e-15,9.11712896e-02
1429,7349,0.334548,0.409532,1.64322406e-02,1.55233650e-03,7.95281606e-15,3.19816295e-16,7.51250292e-15,4.25712040e-02
1430,7350,0.075674,0.293153,2.52099778e-03,2.50235316e-04,4.15942093e-15,1.91703329e-16,3.91208985e-15,4.90027929e-02
1431,7351,0.059834,0.324619,1.40949711e-03,1.17083204e-04,1.92543527e-15,3.79087134e-16,1.88363970e-15,2.01252465e-01
1432,7352,0.315835,0.101036,2.10095625e-02,1.94780610e-03,4.07340889e-14,4.05485869e-16,4.03883605e-14,1.00396714e-02
1433,7353,0.202726,0.579270,9.48764035e-04,8.03439107e-05,1.85853106e-14,6.20720461e-16,1.78271297e-14,3.48188671e-02
1434,7354,0.163730,0.579646,4.19728138e-04,3.30022376e-05,1.10523722e-14,1.13771507e-15,1.07002225e-14,1.06326300e-01
1435,7355,0.929672,0.318760,1.57404300e-02,1.41338899e-03,6.94346924e-14,1.80660544e-15,6.90544966e-14,2.61620247e-02
1436,7356,0.321861,0.596599,6.48193341e-03,5.99649677e-04,5.24060911e-14,1.83143431e-15,5.20801257e-14,3.51657045e-02
1437,7357,0.386183,0.461521,3.65994796e-02,3.09514953e-03,4.46082278e-15,1.41840919e-15,3.54786992e-15,3.99791767e-01
1438,7358,0.856408,0.095434,1.14700990e-02,1.05820666e-03,7.88017384e-14,1.68190631e-15,7.62635262e-14,2.20538755e-02
1439,7359,0.656217,0.098015,2.13565957e-02,2.02045776e-03,5.50340447e-14,2.35805502e-16,5.44724110e-14,4.32889784e-03
1440,7360,0.637822,0.064628,2.34302264e-02,2.28656898e-03,5.68067389e-14,2.82593776e-16,5.61476118e-14,5.03305068e-03
1441,7361,0.353863,0.099749,2.16931887e-02,2.05773721e-03,4.42536666e-14,5.08991945e-16,4.37261752e-14,1.16404406e-02
1442,7362,0.890496,0.079347,1.18522123e-02,1.11405563e-03,8.87496592e-14,7.97788834e-16,8.67256164e-14,9.19899872e-03
1443,7363,0.140766,0.095223,2.06928477e-02,2.01005163e-03,2.90947415e-14,3.19016378e-16,2.88333810e-14,1.10641335e-02
1444,7364,0.060897,0.111330,2.07609739e-02,2.07527471e-03,2.41492532e-14,3.58517177e-16,2.34874850e-14,1.52641791e-02
1445,7365,0.038101,0.883609,4.24141809e-03,3.89732915e-04,4.74975453e-14,1.48698222e-15,4.68066476e-14,3.17686118e-02
1446,7366,0.088156,0.132627,1.77040733e-02,1.68150780e-03,2.19817095e-14,4.43096223e-16,2.17084719e-14,2.04112120e-02
1447,7367,0.091078,0.146909,1.57656651e-02,1.46144815e-03,2.02500133e-14,5.31647164e-16,1.99992576e-14,2.65833449e-02
1448,7368,0.099745,0.335324,2.69784383e-03,2.61163048e-04,4.05505419e-15,2.41303593e-16,3.72917266e-15,6.47070047e-02
1449,7369,0.617436,0.042403,2.23883968e-02,2.11848179e-03,5.37856706e-14,8.85767129e-16,5.33887814e-14,1.65908849e-02
1450,7370,0.085155,0.607081,1.06111387e-04,6.57392457e-06,4.55821971e-15,8.39903418e-16,4.20421839e-15,1.99776353e-01
1451,7371,0.100134,0.648146,4.53576155e-04,3.67567445e-05,1.16777358e-14,1.02161110e-15,1.13208664e-14,9.02414233e-02
1452,7372,0.962028,0.116297,2.42007654e-02,2.36451603e-03,1.19931829e-13,1.79199116e-15,1.18687652e-13,1.50983790e-02
1453,7373,0.883699,0.961626,5.64314723e-02,5.93226124e-03,5.82154632e-14,2.06858659e-15,5.61096376e-14,3.68668678e-02
1454,7374,0.145538,0.906398,7.93738011e-03,7.32606801e-04,5.87723568e-14,5.28254850e-16,5.81534671e-14,9.08380663e-03
1455,7375,0.938432,0.120972,1.79677680e-02,1.74292910e-03,1.02601399e-13,2.31556361e-15,9.91451794e-14,2.33552819e-02
1456,7376,0.374602,0.593788,9.31172818e-03,8.71133350e-04,6.47056939e-14,2.02111739e-15,6.36873909e-14,3.17349692e-02
1457,7377,0.137323,0.586255,3.00092477e-04,2.16685676e-05,9.03183354e-15,6.14714839e-16,8.41370278e-15,7.30611545e-02
1458,7378,0.923652,0.351931,1.77852139e-02,1.61640765e-03,7.07730586e-14,1.95813667e-15,6.94687770e-14,2.81872916e-02
1459,7379,0.877008,0.937994,4.60171252e-02,4.41937009e-03,5.73707206e-14,1.24002849e-15,5.66324568e-14,2.18960745e-02
1460,7380,0.380584,0.931166,1.08393291e-02,1.00183696e-03,6.28254976e-14,2.77440983e-16,6.25479960e-14,4.43564943e-03
1461,7381,0.905270,0.856778,4.89870571e-02,5.00214892e-03,6.53072838e-14,3.14714245e-16,6.35314216e-14,4.95367861e-03
1462,7382,0.609561,0.941665,8.97267461e-03,8.25776253e-04,4.52834418e-14,5.52750567e-16,4.45822443e-14,1.23984464e-02
1463,7383,0.387308,0.958160,8.91494285e-03,8.19213630e-04,5.83249744e-14,2.24059405e-16,5.79782397e-14,3.86454308e-03
1464,7384,0.960332,0.616346,2.52050161e-02,2.47783074e-03,4.85823133e-14,9.85708546e-16,4.69812279e-14,2.09809022e-02
1465,7385,0.634360,0.907666,1.00119784e-02,9.34771844e-04,4.23059618e-14,8.99371748e-16,4.14953242e-14,2.16740504e-02
1466,7386,0.125666,0.422739,8.59139429e-04,6.55575132e-05,6.30223112e-16,1.96501956e-16,5.61895982e-16,3.49712335e-01
1467,7387,0.469355,0.567046,1.94441006e-02,1.73443696e-03,1.06066719e-13,3.43946368e-15,1.03302905e-13,3.32949367e-02
1468,7388,0.391136,0.592901,1.28898052e-02,1.22060895e-03,7.94797713e-14,1.74084615e-15,7.72916209e-14,2.25230902e-02
1469,7389,0.561539,0.458370,2.70433277e-01,2.45280787e-02,1.67813612e-13,2.46926909e-14,1.59247127e-13,1.55058941e-01
1470,7390,0.468899,0.421236,1.16853543e-01,8.23530462e-03,1.27265176e-14,8.27048264e-16,1.14121554e-14,7.24708206e-02
1471,7391,0.486774,0.422825,2.11345106e-01,1.35665033e-02,8.02872461e-15,1.32086597e-14,7.74158468e-15,1.70619586e+00
1472,7392,0.505902,0.404266,4.54553276e-01,2.70392131e-02,4.18063547e-14,2.11482104e-13,3.31541232e-14,6.37875727e+00
1473,7393,0.472350,0.582033,1.43075474e-02,1.29905285e-03,9.73285580e-14,1.85246275e-15,9.45188955e-14,1.95988616e-02
1474,7394,0.520279,0.580581,1.46499127e-02,1.09291077e-03,7.06079753e-14,4.79874870e-15,6.73753994e-14,7.12240482e-02
1475,7395,0.917281,0.455888,1.07992496e-02,1.04390585e-03,4.71775769e-14,2.14749576e-15,4.58460750e-14,4.68414310e-02
1476,7396,0.918992,0.561491,1.38176885e-02,1.21462659e-03,4.19309058e-14,1.47650358e-15,4.17163998e-14,3.53938399e-02
1477,7397,0.087630,0.423349,3.29658273e-04,2.36525884e-05,6.74695465e-16,1.13967277e-16,6.06983281e-16,1.87760159e-01
1478,7398,0.891665,0.536368,1.58813912e-02,1.43446610e-03,5.32307488e-14,1.27450454e-15,5.21912598e-14,2.44198845e-02
1479,7399,0.458278,0.399265,7.28635192e-02,5.91753656e-03,1.24339541e-14,3.10378786e-16,1.20243764e-14,2.58124643e-02
1480,7400,0.476390,0.385261,1.61494762e-01,1.09755406e-02,1.21884170e-14,2.28226209e-15,1.11615217e-14,2.04475891e-01
1481,7401,0.126894,0.402858,1.31394167e-03,1.05888408e-04,1.21465160e-15,2.72999751e-16,1.12726999e-15,2.42177788e-01
1482,7402,0.391136,0.592901,1.23528456e-02,1.18472474e-03,7.51326762e-14,1.85956978e-15,7.34604706e-14,2.53138833e-02
1483,7403,0.391897,0.574617,1.10540260e-02,1.03283022e-03,7.17002819e-14,2.00277870e-15,7.02748339e-14,2.84992306e-02
1484,7404,0.163966,0.402004,2.52496474e-03,2.13706124e-04,2.50076843e-15,3.16377579e-16,2.34382000e-15,1.34983736e-01
1485,7405,0.163502,0.421487,1.81565399e-03,1.50648557e-04,1.55900077e-15,2.55079419e-16,1.43678038e-15,1.77535428e-01
1486,7406,0.073434,0.147404,1.38456607e-02,1.26016373e-03,1.85425524e-14,6.39154174e-16,1.83654226e-14,3.48020402e-02
1487,7407,0.079568,0.664642,6.27563859e-04,5.51835692e-05,1.41740477e-14,1.06953114e-15,1.38842456e-14,7.70319951e-02
1488,7408,0.335094,0.100244,2.18133405e-02,2.03733821e-03,4.13166951e-14,4.93237238e-16,4.09240513e-14,1.20525027e-02
1489,7409,0.339730,0.595045,9.23335925e-03,8.62977759e-04,6.23867413e-14,1.77418992e-15,6.14332058e-14,2.88799826e-02
1490,7410,0.665460,0.925830,1.04937367e-02,1.00332720e-03,4.05027201e-14,1.07294352e-15,3.97037851e-14,2.70237085e-02
1491,7411,0.905782,0.345229,2.37039253e-02,2.25098711e-03,8.07873259e-14,1.60388145e-15,7.91374954e-14,2.02670231e-02
1492,7412,0.890085,0.375785,1.95568968e-02,1.84146012e-03,7.32846265e-14,1.93308737e-15,7.08809029e-14,2.72723299e-02
1493,7413,0.924109,0.838646,4.55492921e-02,4.50750580e-03,6.32411671e-14,3.83325951e-16,6.16771648e-14,6.21503846e-03
1494,7414,0.160902,0.927285,8.36130232e-03,7.82389136e-04,5.93744414e-14,4.75507621e-16,5.93707009e-14,8.00912931e-03
1495,7415,0.055637,0.391109,4.64344979e-04,4.02107471e-05,3.18563374e-16,1.82672449e-16,2.88374379e-16,6.33455891e-01
1496,7416,0.058112,0.404047,3.28727212e-04,2.17545366e-05,5.41937874e-16,5.84548687e-17,5.26194390e-16,1.11089874e-01
1497,7417,0.300669,0.391872,1.50640830e-02,1.45175261e-03,8.73872541e-15,4.68137799e-16,8.67863690e-15,5.39413970e-02
1498,7418,0.325760,0.403907,1.55156506e-02,1.53619156e-03,8.24897859e-15,4.23564781e-16,7.84740620e-15,5.39751314e-02
1499,7419,0.081033,0.327196,2.54783710e-03,2.49417528e-04,4.01768818e-15,1.84878956e-16,3.78787501e-15,4.88080932e-02
1500,7420,0.295872,0.102202,2.09877584e-02,1.94953533e-03,3.79839863e-14,4.21452440e-16,3.76853293e-14,1.11834618e-02
1501,7421,0.334608,0.900379,1.14478720e-02,1.04690983e-03,6.40648423e-14,1.58337497e-16,6.38342732e-14,2.48044646e-03
1502,7422,0.321861,0.596599,6.79055415e-03,6.24528155e-04,5.23247522e-14,1.57601872e-15,5.19459658e-14,3.03395788e-02
1503,7423,0.914386,0.316733,1.55040044e-02,1.41527946e-03,7.17491997e-14,1.52779788e-15,7.06977405e-14,2.16102788e-02
1504,7424,0.201673,0.400536,4.30848263e-03,3.83778912e-04,4.16383228e-15,3.61070981e-16,3.97023697e-15,9.09444408e-02
1505,7425,0.201982,0.419666,3.38181644e-03,2.94147088e-04,2.93178051e-15,3.07259084e-16,2.72376785e-15,1.12806634e-01
1506,7426,0.195182,0.097884,2.03366578e-02,1.92588230e-03,3.07360576e-14,3.02630764e-16,3.04944160e-14,9.92413705e-03
1507,7427,0.079773,0.200595,1.04382616e-02,9.76567622e-04,1.51575445e-14,6.06455844e-16,1.49266162e-14,4.06291577e-02
1508,7428,0.915737,0.184770,1.80195924e-02,1.68952136e-03,8.95812626e-14,7.22623342e-16,8.90009163e-14,8.11927980e-03
1509,7429,0.901859,0.159610,1.87733471e-02,1.79510296e-03,8.93647542e-14,8.43046757e-16,8.76456771e-14,9.61880591e-03
1510,7430,0.186845,0.590560,1.24496641e-03,1.08904242e-04,2.09885311e-14,8.55899423e-16,2.03217231e-14,4.21174632e-02
1511,7431,0.175665,0.927130,8.92581884e-03,8.31232639e-04,6.03534218e-14,3.68855082e-16,5.98652529e-14,6.16142192e-03
1512,7432,0.188218,0.905675,9.32366401e-03,8.80728418e-04,6.01361544e-14,3.53493663e-16,5.97126176e-14,5.91991571e-03
1513,7433,0.680778,0.086644,1.92019604e-02,1.77377451e-03,5.35352504e-14,1.00505721e-15,5.26285897e-14,1.90971717e-02
1514,7434,0.076384,0.829499,4.12314478e-03,3.89539549e-04,4.16551356e-14,1.11813219e-15,4.11954101e-14,2.71421547e-02
1515,7435,0.117969,0.685360,1.21576281e-03,1.05978077e-04,2.04275988e-14,1.14420101e-15,2.02056220e-14,5.66278539e-02
1516,7436,0.080057,0.702935,1.10517605e-03,1.00097073e-04,1.95270724e-14,1.19651313e-15,1.93061662e-14,6.19756983e-02
1517,7437,0.807432,0.096473,1.29928375e-02,1.20493514e-03,6.76705667e-14,2.84932947e-15,6.53973742e-14,4.35694782e-02
1518,7438,0.918730,0.666045,2.21413579e-02,2.12654960e-03,4.77568932e-14,3.41223517e-16,4.69128283e-14,7.27356524e-03
1519,7439,0.814926,0.915686,2.81680040e-02,2.84575857e-03,4.47066836e-14,1.80947075e-15,4.31442059e-14,4.19400637e-02
1520,7440,0.705860,0.908640,1.24819307e-02,1.21587573e-03,3.87788082e-14,1.32991574e-15,3.76987124e-14,3.52774843e-02
1521,7441,0.685373,0.907122,1.19007099e-02,1.13446626e-03,3.70475711e-14,1.14512343e-15,3.59251643e-14,3.18752454e-02
1522,7442,0.906737,0.818606,3.94037291e-02,3.88957257e-03,5.97386114e-14,3.60194779e-16,5.82787535e-14,6.18055050e-03
1523,7443,0.061313,0.722543,9.86139290e-04,8.66991104e-05,1.90081884e-14,1.27305378e-15,1.87181118e-14,6.80118695e-02
1524,7444,0.788293,0.080213,8.74779467e-03,8.10250349e-04,5.64707820e-14,2.70305069e-15,5.47294076e-14,4.93893651e-02
1525,7445,0.704144,0.067876,1.24041401e-02,1.17903610e-03,4.88508058e-14,9.45583219e-16,4.79059372e-14,1.97383305e-02
1526,7446,0.062101,0.221713,7.51034357e-03,6.94959483e-04,1.13006757e-14,6.69157934e-16,1.11378751e-14,6.00794971e-02
1527,7447,0.216126,0.079697,2.04214882e-02,1.90411939e-03,3.36717992e-14,1.21966180e-16,3.33755986e-14,3.65435184e-03
1528,7448,0.717202,0.942855,1.20358737e-02,1.14390801e-03,3.44944681e-14,1.30254651e-15,3.36784637e-14,3.86759481e-02
1529,7449,0.943777,0.700953,2.86559202e-02,2.70175794e-03,5.15101504e-14,1.06812856e-15,5.08929243e-14,2.09877615e-02
1530,7450,0.942212,0.783760,4.29640934e-02,4.18868847e-03,6.18097695e-14,6.34280982e-16,6.09051655e-14,1.04142395e-02
1531,7451,0.799748,0.942918,2.33586151e-02,2.35400093e-03,3.92501109e-14,6.71280758e-16,3.77326615e-14,1.77904428e-02
1532,7452,0.305241,0.430334,9.95191559e-03,1.05549721e-03,4.12283207e-15,7.53012714e-16,4.04449211e-15,1.86182268e-01
1533,7453,0.063731,0.307909,2.30625877e-03,2.43857910e-04,4.21058892e-15,3.82812676e-16,3.82511947e-15,1.00078619e-01
1534,7454,0.276874,0.061097,2.02076714e-02,1.88387977e-03,3.89330529e-14,4.34862665e-16,3.86212160e-14,1.12596834e-02
1535,7455,0.188122,0.565846,8.63128749e-04,7.28127197e-05,1.81787653e-14,1.22202184e-15,1.69702983e-14,7.20094498e-02
1536,7456,0.942947,0.200068,1.68011598e-02,1.61364081e-03,9.05118740e-14,1.01314130e-15,8.77045561e-14,1.15517522e-02
1537,7457,0.215031,0.940751,9.16538015e-03,8.59059975e-04,6.02398583e-14,2.74872515e-16,6.01047871e-14,4.57322167e-03
1538,7458,0.298749,0.944076,1.02467723e-02,9.43076739e-04,6.15246718e-14,2.53807043e-16,6.14433092e-14,4.13075153e-03
1539,7459,0.942975,0.282793,1.28544522e-02,1.26958708e-03,6.98512700e-14,1.74031082e-15,6.82875319e-14,2.54850450e-02
1540,7460,0.427480,0.437585,4.99604493e-02,4.94838692e-03,1.11432292e-14,1.05077529e-15,1.07775151e-14,9.74969907e-02
1541,7461,0.897267,0.041811,7.25318398e-03,6.33649644e-04,8.60350203e-14,2.59235810e-15,8.29689236e-14,3.12449287e-02
1542,7462,0.588011,0.088432,2.85700448e-02,2.76431488e-03,6.13155766e-14,5.23285890e-16,6.06127561e-14,8.63326342e-03
1543,7463,0.094293,0.095604,2.32241582e-02,2.35473504e-03,2.66287440e-14,2.33001744e-16,2.59952938e-14,8.96322795e-03
1544,7464,0.042449,0.105028,2.46058032e-02,2.31772684e-03,2.29431308e-14,1.17938602e-15,2.21020864e-14,5.33608455e-02
1545,7465,0.407374,0.101280,2.24907529e-02,2.14289338e-03,4.80536733e-14,5.70936629e-16,4.73625655e-14,1.20545968e-02
1546,7466,0.396138,0.039660,2.08963230e-02,1.92617602e-03,4.99933211e-14,5.00865669e-16,4.94355635e-14,1.01316873e-02
1547,7467,0.042379,0.601432,2.40458412e-05,1.03243110e-06,8.21610789e-16,7.90249182e-16,6.61618070e-16,1.19441898e+00
1548,7468,0.084158,0.882836,5.29590156e-03,4.85688710e-04,5.10945520e-14,7.42448307e-16,4.93443651e-14,1.50462632e-02
1549,7469,0.908025,0.613193,1.87598057e-02,1.76356221e-03,4.55722902e-14,1.02617470e-15,4.44582319e-14,2.30817704e-02
1550,7470,0.592502,0.895783,9.53117944e-03,8.88281676e-04,4.85963165e-14,2.37501580e-16,4.80523451e-14,4.94255960e-03
1551,7471,0.938904,0.094434,1.82515234e-02,1.74984778e-03,1.06251969e-13,2.22490081e-15,1.03980525e-13,2.13972839e-02
1552,7472,0.103130,0.960240,6.59955153e-03,6.06603920e-04,6.24314714e-14,1.19284039e-15,6.09508985e-14,1.95705137e-02
1553,7473,0.956119,0.397331,4.47660778e-03,3.31295247e-04,3.19539452e-14,3.69525704e-15,3.08525314e-14,1.19771600e-01
1554,7474,0.605318,0.960458,7.70042185e-03,7.00837176e-04,4.15049126e-14,8.14943157e-16,4.07506704e-14,1.99982761e-02
1555,7475,0.960093,0.896838,8.62970278e-02,8.95516295e-03,8.75114326e-14,7.27985431e-16,8.59834461e-14,8.46657658e-03
1556,7476,0.435845,0.543106,2.40062270e-02,2.01644539e-03,1.14883024e-13,4.87130088e-15,1.06952662e-13,4.55463269e-02
1557,7477,0.459403,0.579847,1.68381538e-02,1.57432398e-03,9.85302944e-14,2.15643238e-15,9.52824516e-14,2.26319993e-02
1558,7478,0.437006,0.587685,1.64724533e-02,1.66562537e-03,9.76272692e-14,1.17668261e-15,9.38514674e-14,1.25377113e-02
1559,7479,0.521183,0.539332,7.92296603e-02,3.32953152e-03,8.40083889e-14,1.52655700e-14,7.68061762e-14,1.98754459e-01
1560,7480,0.596810,0.535048,5.16049117e-02,4.85211657e-03,8.50948272e-14,5.39447247e-15,8.31492806e-14,6.48769590e-02
1561,7481,0.540248,0.538465,6.14236370e-02,4.39993851e-03,8.47421024e-14,8.95862618e-15,8.15311970e-14,1.09879733e-01
1562,7482,0.101555,0.038288,2.67526340e-02,2.62212777e-03,3.10841678e-14,4.69989519e-16,3.06732958e-14,1.53224330e-02
1563,7483,0.101528,0.536136,3.79973499e-05,1.15184389e-06,1.27700349e-15,8.04675635e-16,9.83326689e-16,8.18319734e-01
1564,7484,0.039036,0.395699,1.20629651e-04,7.06095307e-06,9.53378146e-16,3.81260680e-17,8.45155975e-16,4.51112802e-02
1565,7485,0.407810,0.439184,5.47216497e-02,4.83932439e-03,8.40564665e-15,5.77368097e-16,7.64294176e-15,7.55426530e-02
1566,7486,0.901366,0.464419,1.42766181e-02,1.36996340e-03,5.48946027e-14,1.54003391e-15,5.35342373e-14,2.87672709e-02
1567,7487,0.541492,0.459552,7.98098624e-01,5.86731195e-01,5.95679647e-13,5.24201722e-13,4.73244924e-13,1.10767532e+00
1568,7488,0.375789,0.556151,9.71666630e-03,9.08427930e-04,6.93093112e-14,2.41037265e-15,6.75380704e-14,3.56890955e-02
1569,7489,0.490772,0.385478,2.78632283e-01,1.70854907e-02,2.16830016e-14,4.27595073e-14,1.86128985e-14,2.29730513e+00
1570,7490,0.476390,0.385261,8.73916075e-02,7.68271415e-03,1.17333621e-14,8.36258159e-16,1.14399711e-14,7.30996742e-02
1571,7491,0.542327,0.401532,9.10995424e-01,8.04485798e+00,1.74901207e-12,3.75601758e-13,1.36953643e-12,2.74254667e-01
1572,7492,0.505010,0.612651,1.06925294e-02,9.28039430e-04,8.39617072e-14,1.35386633e-15,8.20887480e-14,1.64927151e-02
1573,7493,0.513764,0.598601,1.05897235e-02,7.26361643e-04,8.19702514e-14,3.29652645e-15,8.04045077e-14,4.09992741e-02
1574,7494,0.091709,0.350247,1.60813425e-03,1.38306685e-04,1.89048839e-15,2.97586285e-16,1.83441354e-15,1.62224209e-01
1575,7495,0.392758,0.611810,1.48768490e-02,1.41327514e-03,8.16868071e-14,1.45658041e-15,8.04138182e-14,1.81135586e-02
1576,7496,0.341557,0.376932,2.05522645e-02,2.01359089e-03,1.15914273e-14,4.98511288e-16,1.11187093e-14,4.48353560e-02
1577,7497,0.911760,0.331318,2.14235336e-02,2.02900101e-03,7.81896791e-14,1.50205178e-15,7.69806717e-14,1.95120639e-02
1578,7498,0.884029,0.312868,3.01426295e-02,3.00289411e-03,8.95157565e-14,2.16540648e-15,8.81833126e-14,2.45557398e-02
1579,7499,0.158976,0.095447,2.05062684e-02,1.96274696e-03,2.98899292e-14,2.88182737e-16,2.96407559e-14,9.72251648e-03
1580,7500,0.093044,0.941392,7.32686417e-03,6.89218869e-04,6.10976181e-14,3.57211793e-16,5.99794533e-14,5.95556934e-03
1581,7501,0.941380,0.907106,6.73612431e-02,6.62936084e-03,7.53201280e-14,1.04499969e-15,7.42669815e-14,1.40708518e-02
1582,7502,0.933768,0.408011,1.30349668e-02,1.28859736e-03,5.70908338e-14,2.99574632e-15,5.61546659e-14,5.33481283e-02
1583,7503,0.581709,0.476867,1.66652769e-01,1.65373366e-02,1.36858610e-13,4.76809161e-15,1.30652799e-13,3.64943701e-02
1584,7504,0.579001,0.516222,8.36174339e-02,7.84763508e-03,1.05749719e-13,7.52857961e-15,1.04196925e-13,7.22533764e-02
1585,7505,0.955876,0.442370,4.29205969e-03,3.04221379e-04,2.39524705e-14,3.19217961e-15,2.33431370e-14,1.36750241e-01
1586,7506,0.559554,0.516943,5.50486520e-02,4.86945733e-03,8.42726428e-14,6.89655920e-15,8.19569564e-14,8.41485519e-02
1587,7507,0.935590,0.448301,1.25395032e-02,1.28096342e-03,5.36948382e-14,2.14617905e-15,5.18680964e-14,4.13776328e-02
1588,7508,0.927456,0.430912,1.05848545e-02,9.75784904e-04,5.05795831e-14,2.70471638e-15,4.81927256e-14,5.61229180e-02
1589,7509,0.918992,0.561491,1.54432291e-02,1.48602272e-03,4.72389631e-14,1.33230289e-15,4.60758581e-14,2.89154221e-02
1590,7510,0.542211,0.421025,9.91812527e-01,1.05879936e+01,2.17954257e-12,8.23604206e-13,2.09245533e-12,3.93606589e-01
1591,7511,0.505902,0.404266,8.10801744e-01,8.79588127e-01,5.92905553e-13,4.27049861e-13,4.60307465e-13,9.27749155e-01
1592,7512,0.738452,0.959340,1.42998695e-02,1.36972067e-03,3.22071064e-14,1.47600658e-15,3.10504389e-14,4.75357718e-02
1593,7513,0.699822,0.962499,1.14363870e-02,1.08203443e-03,3.21254592e-14,1.43499399e-15,3.14091845e-14,4.56870820e-02
1594,7514,0.960959,0.781798,4.57448997e-02,4.51749377e-03,6.40060108e-14,8.34376210e-16,6.31266279e-14,1.32175001e-02
1595,7515,0.961757,0.801059,4.94076200e-02,4.87645250e-03,6.66581048e-14,5.51336022e-16,6.54395497e-14,8.42511944e-03
1596,7516,0.198126,0.961558,8.92204326e-03,8.21505615e-04,5.96231980e-14,3.21869767e-16,5.95144797e-14,5.40825979e-03
1597,7517,0.215031,0.940751,9.48111527e-03,8.66681687e-04,6.05197451e-14,2.48368854e-16,6.04518199e-14,4.10854221e-03
1598,7518,0.258413,0.564527,2.67332233e-03,2.35803847e-04,3.27155769e-14,1.84101552e-15,3.23612495e-14,5.68895068e-02
1599,7519,0.298583,0.540791,2.35233782e-03,2.03014846e-04,3.11419286e-14,1.84494427e-15,3.06187672e-14,6.02553415e-02
1600,7520,0.961516,0.280996,1.13263251e-02,1.08260685e-03,7.14891877e-14,1.26709109e-15,6.96634997e-14,1.81887372e-02
1601,7521,0.962824,0.300369,1.00586144e-02,9.57036973e-04,6.59722182e-14,1.51050104e-15,6.43782851e-14,2.34628965e-02
1602,7522,0.041066,0.722041,8.56845523e-04,7.25708451e-05,1.81038232e-14,1.39031596e-15,1.77071662e-14,7.85171353e-02
1603,7523,0.801453,0.039511,6.76973769e-03,6.42358267e-04,5.16725809e-14,2.74155660e-15,4.98718803e-14,5.49719919e-02
1604,7524,0.784720,0.060789,9.43809375e-03,8.95469508e-04,5.42896484e-14,2.64285587e-15,5.28518913e-14,5.00049442e-02
1605,7525,0.041031,0.221797,4.89987992e-03,4.43779543e-04,7.46480734e-15,6.44219590e-16,7.25837525e-15,8.87553437e-02
1606,7526,0.296939,0.060779,1.98528394e-02,1.84927077e-03,3.93838235e-14,2.67151412e-16,3.89114332e-14,6.86562766e-03
1607,7527,0.242179,0.456465,4.99939313e-03,4.28634201e-04,2.10915841e-15,3.37261812e-16,1.77118877e-15,1.90415509e-01
1608,7528,0.201807,0.459116,2.51933956e-03,2.17034874e-04,1.18819082e-15,2.86216192e-16,9.21382005e-16,3.10637922e-01
1609,7529,0.389996,0.100304,2.20811721e-02,2.04282184e-03,4.58858212e-14,4.74671440e-16,4.53213754e-14,1.04734562e-02
1610,7530,0.101330,0.128164,1.80228092e-02,1.70537049e-03,2.40757223e-14,3.88641480e-16,2.36657651e-14,1.64220966e-02
1611,7531,0.873926,0.098748,1.24902138e-02,1.15470262e-03,8.45341592e-14,1.48880578e-15,8.19173085e-14,1.81744958e-02
1612,7532,0.121729,0.633966,5.49938472e-04,4.61516684e-05,1.29492593e-14,1.00698538e-15,1.25752163e-14,8.00769827e-02
1613,7533,0.143495,0.622032,8.55892780e-04,7.31203982e-05,1.67548911e-14,1.00472264e-15,1.63014421e-14,6.16339724e-02
1614,7534,0.357630,0.613494,1.20387832e-02,1.13502052e-03,7.11410369e-14,1.60662954e-15,6.96245158e-14,2.30756296e-02
1615,7535,0.863049,0.374783,2.85612587e-02,2.73301709e-03,8.53482053e-14,1.22621085e-15,8.34794338e-14,1.46887777e-02
1616,7536,0.124537,0.902344,7.51021644e-03,7.06646300e-04,5.90247388e-14,6.32745523e-16,5.77900968e-14,1.09490303e-02
1617,7537,0.619489,0.907512,9.93885007e-03,9.17109661e-04,4.68378388e-14,3.57281753e-16,4.64002683e-14,7.69999325e-03
1618,7538,0.613228,0.889718,1.03157032e-02,9.49640933e-04,4.66305834e-14,5.51945515e-16,4.60584262e-14,1.19835948e-02
1619,7539,0.902438,0.876521,5.34873195e-02,5.28275548e-03,6.77551480e-14,6.06028304e-16,6.60405568e-14,9.17660803e-03
1620,7540,0.911933,0.731738,3.22700925e-02,3.07051605e-03,5.48784515e-14,8.88051629e-16,5.41947401e-14,1.63863067e-02
1621,7541,0.242172,0.563162,1.41429948e-03,1.18427473e-04,2.36055783e-14,1.60968055e-15,2.24441302e-14,7.17194448e-02
1622,7542,0.931256,0.224936,1.42737133e-02,1.37187692e-03,8.32510533e-14,8.82148710e-16,8.06564627e-14,1.09371113e-02
1623,7543,0.916384,0.249560,1.53135359e-02,1.53290015e-03,7.87017749e-14,1.30826928e-15,7.67998200e-14,1.70347962e-02
1624,7544,0.064141,0.784317,2.26857187e-03,2.19300768e-04,3.02548581e-14,1.81998200e-15,2.99769365e-14,6.07127417e-02
1625,7545,0.238373,0.040015,1.98250227e-02,1.84841396e-03,3.52621612e-14,1.20943586e-16,3.49469023e-14,3.46078131e-03
1626,7546,0.064422,0.073031,2.65213177e-02,2.92405044e-03,2.80269294e-14,4.16968697e-16,2.64763848e-14,1.57487021e-02
1627,7547,0.429660,0.946801,9.72879026e-03,9.09311930e-04,5.97161074e-14,3.16955653e-16,5.93669604e-14,5.33892337e-03
1628,7548,0.929432,0.066363,1.33520393e-02,1.25671993e-03,9.70811159e-14,3.82740519e-15,9.60470242e-14,3.98492845e-02
1629,7549,0.073516,0.934168,7.13884737e-03,6.91019464e-04,6.24122065e-14,7.71476338e-16,6.12860254e-14,1.25881281e-02
1630,7550,0.939816,0.579715,1.53311947e-02,1.40308344e-03,4.27796463e-14,2.07903686e-15,4.13458974e-14,5.02839942e-02
1631,7551,0.934284,0.926621,7.61825517e-02,7.36961467e-03,7.93641479e-14,2.05264268e-15,7.90838274e-14,2.59552774e-02
1632,7552,0.369375,0.404295,2.39858031e-02,2.44014128e-03,1.15043303e-14,7.43514880e-16,1.12963871e-14,6.58188208e-02
1633,7553,0.370415,0.424462,2.37156227e-02,2.31769728e-03,9.47235336e-15,5.65662578e-16,9.09901257e-15,6.21674686e-02
1634,7554,0.656217,0.098015,2.40747221e-02,2.29908666e-03,5.68348164e-14,1.79319972e-16,5.62818496e-14,3.18610659e-03
1635,7555,0.635419,0.093281,2.39249337e-02,2.30314210e-03,5.72580991e-14,1.93131876e-16,5.65747197e-14,3.41374871e-03
1636,7556,0.120891,0.096322,2.08329707e-02,1.97877432e-03,2.80626454e-14,4.33819677e-16,2.78343310e-14,1.55857770e-02
1637,7557,0.122562,0.075821,2.23282445e-02,2.19449797e-03,2.95537012e-14,3.20699618e-16,2.92361384e-14,1.09692878e-02
1638,7558,0.102660,0.879805,6.49107294e-03,6.25998829e-04,5.36999678e-14,1.28093034e-15,5.24009445e-14,2.44447949e-02
1639,7559,0.084158,0.882836,5.74069656e-03,5.35427709e-04,5.22153189e-14,9.43486495e-16,5.02504430e-14,1.87756851e-02
1640,7560,0.890496,0.623006,1.76602527e-02,1.55200704e-03,4.67455257e-14,5.36141680e-16,4.61252537e-14,1.16236039e-02
1641,7561,0.908025,0.613193,1.82645228e-02,1.74933427e-03,4.66174069e-14,6.58748905e-16,4.55126049e-14,1.44739882e-02
1642,7562,0.373873,0.887035,1.20814648e-02,1.12708565e-03,6.58185867e-14,3.88524193e-16,6.54881084e-14,5.93274416e-03
1643,7563,0.383515,0.903579,1.14254616e-02,1.06400833e-03,6.39893141e-14,3.01005016e-16,6.36806688e-14,4.72678792e-03
1644,7564,0.881234,0.897868,3.75409573e-02,3.77272558e-03,5.50890307e-14,2.46941921e-16,5.32409098e-14,4.63819874e-03
1645,7565,0.883878,0.916032,4.17486541e-02,4.18227818e-03,5.63537423e-14,1.14535255e-15,5.51248466e-14,2.07774284e-02
1646,7566,0.153324,0.593238,5.79938933e-04,4.78733782e-05,1.34358789e-14,8.88214842e-16,1.29042598e-14,6.88311345e-02
1647,7567,0.895249,0.118048,1.64115801e-02,1.59031921e-03,8.98725945e-14,2.95453795e-15,8.62031326e-14,3.42741367e-02
1648,7568,0.914062,0.112362,1.68410409e-02,1.59807550e-03,9.49556528e-14,2.75661155e-15,9.09932530e-14,3.02946808e-02
1649,7569,0.108774,0.384299,1.21374638e-03,1.07859873e-04,1.20275799e-15,3.12221162e-16,1.16703861e-15,2.67532848e-01
1650,7570,0.579277,0.555382,3.51657718e-02,2.86834431e-03,6.92132780e-14,5.37289643e-15,6.56734189e-14,8.18123454e-02
1651,7571,0.562708,0.578772,2.38240473e-02,2.08667200e-03,6.00421541e-14,4.06153272e-15,5.66933788e-14,7.16403363e-02
1652,7572,0.454862,0.046524,2.23129299e-02,2.06106389e-03,5.22959971e-14,5.51106052e-16,5.17678314e-14,1.06457241e-02
1653,7573,0.424869,0.082479,2.27235053e-02,2.08400423e-03,5.12021930e-14,4.47161451e-16,5.07627523e-14,8.80884962e-03
1654,7574,0.062948,0.057638,3.32787335e-02,3.44595662e-03,3.20475966e-14,5.20427313e-16,3.10185092e-14,1.67779602e-02
1655,7575,0.578120,0.065677,2.87649408e-02,2.79317587e-03,6.07751357e-14,4.94169874e-16,6.01498967e-14,8.21563962e-03
1656,7576,0.554441,0.048579,2.68695783e-02,2.53458391e-03,5.83060415e-14,6.17456472e-16,5.82995363e-14,1.05911044e-02
1657,7577,0.965348,0.078794,2.79273223e-02,2.76991795e-03,1.35526559e-13,1.21928762e-15,1.32510132e-13,9.20146709e-03
1658,7578,0.446359,0.950096,9.33993515e-03,8.57770559e-04,5.85027971e-14,2.52849102e-16,5.80961332e-14,4.35225356e-03
1659,7579,0.443130,0.966734,8.80116224e-03,8.02640861e-04,5.72188306e-14,2.48883770e-16,5.67989666e-14,4.38183624e-03
1660,7580,0.066740,0.579907,6.87983484e-05,3.13310466e-06,3.13322929e-15,7.14867273e-16,2.72015377e-15,2.62803993e-01
1661,7581,0.965220,0.097565,2.32412461e-02,2.21846695e-03,1.20460906e-13,6.64525670e-16,1.17925472e-13,5.63513259e-03
1662,7582,0.919744,0.946862,7.73569942e-02,7.91385304e-03,7.81864672e-14,1.39865902e-15,7.66588534e-14,1.82452380e-02
1663,7583,0.920731,0.964089,9.26888734e-02,1.05008967e-02,7.87718212e-14,1.06069298e-15,7.55450593e-14,1.40405341e-02
1664,7584,0.541076,0.946376,8.55493359e-03,7.91508064e-04,4.97526011e-14,3.15769595e-16,4.88358099e-14,6.46594364e-03
1665,7585,0.582709,0.912549,9.20233224e-03,8.43118585e-04,5.06682810e-14,2.86561940e-16,4.99611203e-14,5.73569884e-03
1666,7586,0.445803,0.390580,6.04153015e-02,5.82747720e-03,1.30709677e-14,5.89831658e-16,1.29189880e-14,4.56561812e-02
1667,7587,0.464705,0.386185,7.68044069e-02,6.63556065e-03,1.15258238e-14,4.20436053e-16,1.12259995e-14,3.74519927e-02
1668,7588,0.491379,0.366925,1.18823029e-01,8.84035975e-03,1.28303037e-14,1.42126390e-15,1.26275706e-14,1.12552442e-01
1669,7589,0.481134,0.645982,1.28243109e-02,1.21004658e-03,8.32212310e-14,2.52607354e-15,8.18993378e-14,3.08436381e-02
1670,7590,0.459069,0.625665,1.52486013e-02,1.50353357e-03,9.50466038e-14,2.31604176e-15,9.10233328e-14,2.54444843e-02
1671,7591,0.513764,0.598601,9.69048683e-03,7.54897424e-04,7.80939576e-14,5.30056384e-16,7.57199750e-14,7.00021868e-03
1672,7592,0.289257,0.370643,1.41331889e-02,1.28334609e-03,9.90866934e-15,3.00503599e-16,9.52433407e-15,3.15511402e-02
1673,7593,0.109346,0.321180,4.21515433e-03,3.78208351e-04,5.79052009e-15,4.37173583e-16,5.57384144e-15,7.84330856e-02
1674,7594,0.316430,0.142836,2.17780303e-02,2.04327144e-03,3.85368786e-14,5.05837276e-16,3.82830940e-14,1.32130720e-02
1675,7595,0.275148,0.103497,2.05904841e-02,1.94847886e-03,3.65279062e-14,4.01616781e-16,3.62103773e-14,1.10912067e-02
1676,7596,0.326629,0.632189,9.21840034e-03,8.71709781e-04,6.11701987e-14,1.50073338e-15,6.01943964e-14,2.49314466e-02
1677,7597,0.291597,0.622544,5.90217439e-03,5.40835550e-04,4.83500467e-14,1.47232686e-15,4.78508394e-14,3.07690915e-02
1678,7598,0.904946,0.293497,2.35909130e-02,2.30004522e-03,8.49543553e-14,2.02085481e-15,8.34436348e-14,2.42182020e-02
1679,7599,0.201673,0.400536,5.46641601e-03,4.93741885e-04,4.95323903e-15,3.89411327e-16,4.75181418e-15,8.19500327e-02
1680,7600,0.192683,0.117373,1.96233355e-02,1.88385940e-03,2.98117312e-14,3.75586850e-16,2.95935626e-14,1.26915051e-02
1681,7601,0.128346,0.173209,1.34777334e-02,1.27224915e-03,1.94845445e-14,3.96734589e-16,1.90638114e-14,2.08108746e-02
1682,7602,0.124252,0.209419,1.07579762e-02,1.01064483e-03,1.57636253e-14,5.63504444e-16,1.54938657e-14,3.63695191e-02
1683,7603,0.195765,0.624467,1.67720765e-03,1.45974045e-04,2.40636809e-14,1.08973150e-15,2.37862488e-14,4.58135080e-02
1684,7604,0.878787,0.203505,2.11792979e-02,2.16506468e-03,8.84882039e-14,1.91257858e-15,8.66508674e-14,2.20722382e-02
1685,7605,0.159587,0.877909,8.67709797e-03,8.03732022e-04,5.86609483e-14,2.93382434e-16,5.80950490e-14,5.05004195e-03
1686,7606,0.226411,0.899249,9.76539776e-03,8.93458724e-04,6.05444175e-14,2.97735813e-16,6.02864384e-14,4.93868640e-03
1687,7607,0.793420,0.099409,1.41927488e-02,1.33875175e-03,6.43902046e-14,3.16454622e-15,6.27586836e-14,5.04240376e-02
1688,7608,0.119915,0.720846,1.91968936e-03,1.73732129e-04,2.64631372e-14,1.23981208e-15,2.62168573e-14,4.72906445e-02
1689,7609,0.879506,0.691227,1.90325938e-02,1.83088856e-03,4.65968511e-14,1.07646643e-15,4.56237831e-14,2.35944141e-02
1690,7610,0.796210,0.878762,2.33314224e-02,2.18799245e-03,4.05208873e-14,7.40976375e-16,3.97126383e-14,1.86584525e-02
1691,7611,0.726490,0.902717,1.35555333e-02,1.32312777e-03,3.74195405e-14,1.38717347e-15,3.62207348e-14,3.82977727e-02
1692,7612,0.878946,0.843078,3.29151340e-02,3.07677151e-03,5.31619392e-14,7.81328390e-16,5.26162162e-14,1.48495739e-02
1693,7613,0.901249,0.775317,3.02350596e-02,2.86792149e-03,5.24558593e-14,9.79944381e-16,5.15912623e-14,1.89943866e-02
1694,7614,0.352707,0.140497,2.28534210e-02,2.16090819e-03,4.21252388e-14,5.38454874e-16,4.16730791e-14,1.29209285e-02
1695,7615,0.082476,0.079507,2.41817422e-02,2.24400708e-03,2.79458988e-14,4.25952884e-16,2.78113765e-14,1.53157786e-02
1696,7616,0.128400,0.130718,1.89622547e-02,1.76978123e-03,2.53384587e-14,3.47687675e-16,2.51836854e-14,1.38060681e-02
1697,7617,0.111597,0.160187,1.60964988e-02,1.52314804e-03,2.22886505e-14,4.94688046e-16,2.20845867e-14,2.23996968e-02
1698,7618,0.839447,0.096076,1.35945352e-02,1.31726975e-03,7.37408723e-14,2.05560793e-15,7.27758579e-14,2.82457396e-02
1699,7619,0.922024,0.089499,1.67348422e-02,1.59009011e-03,1.00217150e-13,2.42602645e-15,9.70392861e-14,2.50004565e-02
1700,7620,0.121729,0.633966,1.06637098e-03,9.39797319e-05,1.89190043e-14,1.08791345e-15,1.85856088e-14,5.85352603e-02
1701,7621,0.082123,0.626577,3.22876847e-04,2.62317899e-05,9.58897200e-15,9.33656148e-16,9.16371318e-15,1.01886226e-01
1702,7622,0.110999,0.593802,1.63428995e-04,1.17922100e-05,6.24355820e-15,9.14653070e-16,5.85537995e-15,1.56207296e-01
1703,7623,0.866505,0.331123,3.02822012e-02,2.91229342e-03,8.85426376e-14,1.86865400e-15,8.77364519e-14,2.12984906e-02
1704,7624,0.066755,0.899225,6.47616060e-03,6.10043178e-04,5.75463410e-14,9.30637217e-16,5.60925580e-14,1.65910996e-02
1705,7625,0.635075,0.887631,1.09853027e-02,1.03696750e-03,4.50021524e-14,6.79665272e-16,4.42422215e-14,1.53623676e-02
1706,7626,0.889592,0.853613,3.52617875e-02,3.49217211e-03,5.44811490e-14,1.76859516e-15,5.37943273e-14,3.28769826e-02
1707,7627,0.899645,0.933354,6.01823367e-02,6.04929868e-03,6.85024411e-14,6.48135741e-16,6.71686556e-14,9.64937790e-03
1708,7628,0.580362,0.496590,7.11008608e-02,7.09512923e-03,1.00944162e-13,5.61105075e-15,9.91503429e-14,5.65913399e-02
1709,7629,0.578393,0.535830,3.71966511e-02,3.29511520e-03,7.13722565e-14,4.01118932e-15,6.91856986e-14,5.79771456e-02
1710,7630,0.561773,0.419319,6.49044573e-01,7.96374679e-02,1.84755545e-13,4.29502489e-13,1.72195849e-13,2.49426739e+00
1711,7631,0.268127,0.913021,1.06550287e-02,9.80149955e-04,6.23765295e-14,1.73779556e-16,6.23563972e-14,2.78687615e-03
1712,7632,0.274019,0.932556,1.03335427e-02,9.49464971e-04,6.18632139e-14,1.83463088e-16,6.18027764e-14,2.96852502e-03
1713,7633,0.901265,0.273150,1.81347635e-02,1.77223678e-03,7.92120547e-14,1.55161666e-15,7.73547825e-14,2.00584451e-02
1714,7634,0.284938,0.604131,4.54215426e-03,4.10330627e-04,4.30543561e-14,1.62445186e-15,4.24794104e-14,3.82409228e-02
1715,7635,0.105159,0.261271,5.27639501e-03,5.41264832e-04,8.60528554e-15,3.10162210e-16,8.11491360e-15,3.82212585e-02
1716,7636,0.075674,0.293153,3.61959636e-03,3.79077188e-04,6.05862508e-15,2.89789479e-16,5.64156638e-15,5.13668474e-02
1717,7637,0.275148,0.103497,2.04450823e-02,1.90245220e-03,3.78227926e-14,4.03241496e-16,3.75690723e-14,1.07333365e-02
1718,7638,0.257725,0.412963,9.12969746e-03,8.74085235e-04,6.25417365e-15,4.74321669e-16,6.03322849e-15,7.86182173e-02
1719,7639,0.911414,0.230994,2.05060747e-02,2.04850920e-03,8.68119528e-14,1.52483718e-15,8.49020561e-14,1.79599559e-02
1720,7640,0.931256,0.224936,1.76216103e-02,1.83135131e-03,8.58535316e-14,1.45780183e-15,8.34084253e-14,1.74778726e-02
1721,7641,0.237855,0.608911,2.35380046e-03,2.06936951e-04,3.10847641e-14,1.01642323e-15,2.96068136e-14,3.43307202e-02
1722,7642,0.202726,0.579270,1.47601578e-03,1.22354279e-04,2.41867514e-14,9.90721922e-16,2.27877680e-14,4.34760403e-02
1723,7643,0.226411,0.899249,9.68505908e-03,8.94592493e-04,6.08897766e-14,2.70662655e-16,6.06996143e-14,4.45905066e-03
1724,7644,0.249721,0.916276,9.78186354e-03,8.98348924e-04,6.09298582e-14,3.61806709e-16,6.07591234e-14,5.95477170e-03
1725,7645,0.233777,0.102292,2.02291049e-02,1.89518032e-03,3.38398810e-14,2.63214906e-16,3.35710226e-14,7.84053882e-03
1726,7646,0.235779,0.081120,2.01019496e-02,1.88633020e-03,3.46931244e-14,1.72838767e-16,3.44145285e-14,5.02226165e-03
1727,7647,0.104039,0.215588,9.06061288e-03,8.67256313e-04,1.34957709e-14,6.55696992e-16,1.33042872e-14,4.92846390e-02
1728,7648,0.061635,0.256829,4.86451387e-03,4.48149338e-04,7.60445004e-15,6.55796731e-16,7.38993641e-15,8.87418639e-02
1729,7649,0.220150,0.398882,4.44910629e-03,3.94051545e-04,3.62269851e-15,3.60252695e-16,3.39604371e-15,1.06080111e-01
1730,7650,0.260680,0.433038,6.16031419e-03,5.66323695e-04,3.69499573e-15,4.12275155e-16,3.40816285e-15,1.20966977e-01
1731,7651,0.911933,0.731738,2.50303820e-02,2.38610897e-03,4.94328055e-14,6.75396332e-16,4.88550376e-14,1.38244972e-02
1732,7652,0.932022,0.725734,2.86482796e-02,2.70007085e-03,5.22744791e-14,1.05556177e-15,5.15918044e-14,2.04598730e-02
1733,7653,0.768823,0.911497,1.86334960e-02,1.80793693e-03,3.70288483e-14,5.41675346e-16,3.60277197e-14,1.50349606e-02
1734,7654,0.774898,0.931210,1.92290265e-02,1.88602495e-03,3.66081372e-14,6.29544162e-16,3.54171275e-14,1.77751333e-02
1735,7655,0.726490,0.902717,1.33867292e-02,1.27540668e-03,3.56831772e-14,1.13397584e-15,3.47663453e-14,3.26170562e-02
1736,7656,0.750283,0.916556,1.46806315e-02,1.44643325e-03,3.42730503e-14,1.22920003e-15,3.31101012e-14,3.71246231e-02
1737,7657,0.901249,0.775317,3.46108600e-02,3.26877413e-03,5.58269488e-14,1.06322837e-15,5.53180379e-14,1.92202834e-02
1738,7658,0.916205,0.750424,3.58574614e-02,3.47997714e-03,5.74993747e-14,9.04903615e-16,5.66064292e-14,1.59858805e-02
1739,7659,0.713535,0.082619,1.35977305e-02,1.29435526e-03,5.23417166e-14,2.05166203e-15,5.06252246e-14,4.05264775e-02
1740,7660,0.085302,0.763254,2.99980189e-03,2.66168732e-04,3.48014566e-14,1.41295387e-15,3.41719654e-14,4.13483349e-02
1741,7661,0.100607,0.721868,1.41927088e-03,1.27748848e-04,2.28319662e-14,1.24385708e-15,2.25586372e-14,5.51388399e-02
1742,7662,0.063716,0.763554,1.71527208e-03,1.47424653e-04,2.58980442e-14,1.57557191e-15,2.57314040e-14,6.12314785e-02
1743,7663,0.776873,0.103646,1.16204740e-02,1.08355377e-03,5.89249041e-14,2.72243653e-15,5.73410270e-14,4.74779868e-02
1744,7664,0.753239,0.088416,1.04440860e-02,1.02014490e-03,5.28777665e-14,2.51187663e-15,5.16138781e-14,4.86666905e-02
1745,7665,0.258102,0.040422,1.96557473e-02,1.81022065e-03,3.64418477e-14,1.60713318e-16,3.61625233e-14,4.44419536e-03
1746,7666,0.960671,0.578813,1.61327869e-02,1.48556766e-03,4.10388141e-14,1.20048063e-15,3.98785280e-14,3.01034339e-02
1747,7667,0.542024,0.440325,9.47402060e-01,1.20564337e+01,2.20068538e-12,5.34254932e-13,1.74991261e-12,3.05303779e-01
1748,7668,0.917266,0.543392,1.47894360e-02,1.38429971e-03,4.74528016e-14,1.49730745e-15,4.67355375e-14,3.20378779e-02
1749,7669,0.384275,0.383624,2.79427879e-02,2.77217687e-03,1.28588919e-14,5.89955536e-16,1.25796776e-14,4.68975083e-02
1750,7670,0.618466,0.102744,2.74245460e-02,2.68053613e-03,6.00924204e-14,3.00725125e-16,5.94177214e-14,5.06120258e-03
1751,7671,0.890496,0.623006,1.69757977e-02,1.55236840e-03,4.77856483e-14,3.05405855e-16,4.67742131e-14,6.52936384e-03
1752,7672,0.373873,0.887035,1.18612191e-02,1.08323258e-03,6.51229762e-14,2.42058035e-16,6.47373594e-14,3.73907798e-03
1753,7673,0.506913,0.367280,3.68329167e-01,2.16053370e-02,3.40968912e-14,1.25222288e-13,3.12691462e-14,4.00465965e+00
1754,7674,0.561630,0.399185,8.37897778e-01,1.76720870e+00,8.22335689e-13,2.84812430e-13,6.39522506e-13,4.45351691e-01
1755,7675,0.062948,0.057638,2.96231732e-02,2.99868314e-03,2.97701012e-14,3.30212115e-16,2.87907481e-14,1.14693829e-02
1756,7676,0.561725,0.083156,3.10136396e-02,3.03336210e-03,6.30354940e-14,4.42792005e-16,6.22357187e-14,7.11475684e-03
1757,7677,0.051485,0.903017,6.11584820e-03,5.85678034e-04,5.75131034e-14,9.94172311e-16,5.58859701e-14,1.77893004e-02
1758,7678,0.106299,0.923799,7.16693932e-03,6.78596436e-04,5.97295447e-14,3.87863772e-16,5.82258444e-14,6.66136791e-03
1759,7679,0.429696,0.907398,1.09110698e-02,1.01055903e-03,6.26780596e-14,4.00703071e-16,6.23388941e-14,6.42781808e-03
1760,7680,0.429696,0.907398,1.03659928e-02,9.62643011e-04,6.15208364e-14,2.13889689e-16,6.09040406e-14,3.51191296e-03
1761,7681,0.916345,0.074955,1.49782300e-02,1.37571408e-03,9.74216638e-14,2.18398721e-15,9.45741085e-14,2.30928660e-02
1762,7682,0.923831,0.894076,6.01888373e-02,5.89371333e-03,7.06243197e-14,1.75504284e-15,6.99984504e-14,2.50725957e-02
1763,7683,0.420744,0.389368,3.78660597e-02,3.70622310e-03,1.44335973e-14,6.98498150e-16,1.41474653e-14,4.93726710e-02
1764,7684,0.289116,0.403043,1.10774459e-02,1.04852207e-03,7.27781635e-15,4.46558576e-16,7.06868137e-15,6.31742403e-02
1765,7685,0.115310,0.286315,4.46445309e-03,3.98990902e-04,6.68362231e-15,4.75107398e-16,6.55709804e-15,7.24569611e-02
1766,7686,0.301126,0.902218,1.09476084e-02,1.00087957e-03,6.29209887e-14,1.64960315e-16,6.28425738e-14,2.62497707e-03
1767,7687,0.301126,0.902218,1.12577891e-02,1.03130669e-03,6.33766179e-14,1.98584836e-16,6.32192798e-14,3.14120687e-03
1768,7688,0.210864,0.119930,2.01961156e-02,1.92587695e-03,3.15699276e-14,2.99105518e-16,3.13039491e-14,9.55488132e-03
1769,7689,0.213326,0.624001,2.07280903e-03,1.86502104e-04,2.72489483e-14,1.31599136e-15,2.69621582e-14,4.88088288e-02
1770,7690,0.896193,0.195290,2.10054573e-02,2.07669707e-03,8.86243119e-14,1.48119444e-15,8.68587022e-14,1.70529194e-02
1771,7691,0.701342,0.117233,1.71079207e-02,1.61593920e-03,5.38847124e-14,3.88254439e-16,5.26922324e-14,7.36834296e-03
1772,7692,0.804485,0.896097,2.09565740e-02,2.00882205e-03,3.85336023e-14,2.05269170e-16,3.77837545e-14,5.43273618e-03
1773,7693,0.899954,0.697643,2.26102490e-02,2.07198830e-03,4.73954169e-14,7.56217198e-16,4.69374939e-14,1.61111541e-02
1774,7694,0.604520,0.456033,1.19535848e-01,1.30624166e-02,1.22904765e-13,3.20664842e-15,1.19124071e-13,2.69185597e-02
1775,7695,0.263077,0.894174,1.03617432e-02,9.68237815e-04,6.23050805e-14,4.46169364e-16,6.21758436e-14,7.17592779e-03
1776,7696,0.292460,0.871905,1.12494575e-02,1.03979220e-03,6.34837370e-14,1.82166598e-16,6.34034383e-14,2.87313438e-03
1777,7697,0.901265,0.273150,2.38372181e-02,2.33930559e-03,8.67838313e-14,1.74776567e-15,8.51659780e-14,2.05218763e-02
1778,7698,0.284938,0.604131,5.24516078e-03,4.75799607e-04,4.55505723e-14,1.14069482e-15,4.47009373e-14,2.55183648e-02
1779,7699,0.936294,0.244633,1.65034868e-02,1.62402610e-03,8.30590276e-14,1.37108906e-15,8.06965985e-14,1.69906673e-02
1780,7700,0.255734,0.393777,7.32821878e-03,6.88533473e-04,5.30947568e-15,4.45706990e-16,5.07105200e-15,8.78924116e-02
1781,7701,0.289257,0.370643,1.22939013e-02,1.14295946e-03,9.12270324e-15,4.71923136e-16,8.84782495e-15,5.33377569e-02
1782,7702,0.242172,0.563162,1.31709001e-03,1.10986504e-04,2.35322321e-14,1.11199502e-15,2.15782812e-14,5.15330673e-02
1783,7703,0.893022,0.236682,1.98514648e-02,1.97362155e-03,8.50273831e-14,1.47084317e-15,8.32514803e-14,1.76674717e-02
1784,7704,0.862534,0.211351,2.42179967e-02,2.45917286e-03,8.98533838e-14,1.69678244e-15,8.81198529e-14,1.92553934e-02
1785,7705,0.235779,0.081120,2.01100111e-02,1.89110916e-03,3.49046150e-14,3.38196062e-16,3.46912169e-14,9.74875178e-03
1786,7706,0.063148,0.241004,6.18750975e-03,5.67067415e-04,9.58011882e-15,7.55381653e-16,9.46938620e-15,7.97709204e-02
1787,7707,0.104039,0.215588,9.76691581e-03,9.33674804e-04,1.44015371e-14,5.26737867e-16,1.41042446e-14,3.73460531e-02
1788,7708,0.241138,0.436099,4.64806287e-03,4.04689636e-04,2.95073329e-15,3.43414553e-16,2.66311161e-15,1.28952370e-01
1789,7709,0.892491,0.737121,2.78197415e-02,2.63722264e-03,5.14158350e-14,7.99448807e-16,5.05116240e-14,1.58270264e-02
1790,7710,0.865434,0.706055,2.06067916e-02,1.82462274e-03,4.58344842e-14,4.34910814e-16,4.52722237e-14,9.60657060e-03
1791,7711,0.763037,0.893372,1.65504310e-02,1.60957396e-03,3.62009176e-14,9.20338249e-16,3.50072551e-14,2.62899290e-02
1792,7712,0.788256,0.862646,1.97941847e-02,1.90898171e-03,3.81092591e-14,2.12661518e-16,3.75081029e-14,5.66974871e-03
1793,7713,0.901249,0.775317,2.70139966e-02,2.54239840e-03,5.01231577e-14,6.08879629e-16,4.93225422e-14,1.23448549e-02
1794,7714,0.742511,0.112693,1.36967245e-02,1.31041848e-03,5.57755678e-14,2.29320491e-15,5.46262898e-14,4.19798767e-02
1795,7715,0.105628,0.759501,2.31952500e-03,2.10542174e-04,3.00305401e-14,1.29835487e-15,2.97156302e-14,4.36926580e-02
1796,7716,0.062433,0.742812,1.29680266e-03,1.16047224e-04,2.25667212e-14,1.38860072e-15,2.23016863e-14,6.22643822e-02
1797,7717,0.100607,0.721868,2.38429336e-03,2.17585155e-04,2.98389311e-14,1.26410414e-15,2.95977266e-14,4.27095011e-02
1798,7718,0.759306,0.107594,1.50919128e-02,1.38036872e-03,6.26806414e-14,2.73675286e-15,6.08782501e-14,4.49545258e-02
1799,7719,0.461930,0.647440,1.50643121e-02,1.42523309e-03,8.42974779e-14,1.44247075e-15,8.29349474e-14,1.73927975e-02
1800,7720,0.480550,0.621515,1.49409985e-02,1.45759771e-03,8.91910989e-14,2.09063740e-15,8.68595492e-14,2.40691717e-02
1801,7721,0.561539,0.458370,2.23585963e-01,2.14305352e-02,1.37669132e-13,5.70001123e-15,1.32215934e-13,4.31113789e-02
1802,7722,0.403008,0.139022,2.40558237e-02,2.29414087e-03,4.61206492e-14,5.82446642e-16,4.55922667e-14,1.27751192e-02
1803,7723,0.594152,0.868915,1.03501733e-02,9.61013720e-04,4.94643728e-14,8.63206300e-16,4.91315735e-14,1.75692785e-02
1804,7724,0.870385,0.410159,2.80846674e-02,2.73304712e-03,8.29256436e-14,1.55047136e-15,8.10966894e-14,1.91187997e-02
1805,7725,0.582306,0.457179,1.49100244e-01,1.54874241e-02,1.25956144e-13,2.97507300e-15,1.20765607e-13,2.46351015e-02
1806,7726,0.409327,0.642073,1.58048365e-02,1.51106564e-03,8.22972129e-14,1.11391651e-15,8.20071753e-14,1.35831591e-02
1807,7727,0.392368,0.653600,1.44553697e-02,1.37237390e-03,7.84786258e-14,1.14866583e-15,7.67719018e-14,1.49620603e-02
1808,7728,0.459069,0.625665,1.63409002e-02,1.57479523e-03,9.22619321e-14,1.53117066e-15,8.99868423e-14,1.70154949e-02
1809,7729,0.537640,0.620714,9.32839233e-03,6.92712842e-04,7.28617741e-14,1.29716013e-15,7.13686177e-14,1.81754974e-02
1810,7730,0.915762,0.582976,1.61636788e-02,1.56684068e-03,4.87210065e-14,4.81434257e-16,4.68176794e-14,1.02831722e-02
1811,7731,0.883068,0.563657,1.76178981e-02,1.69715134e-03,5.53908116e-14,9.30785977e-16,5.41950484e-14,1.71747421e-02
1812,7732,0.887603,0.553102,1.58688631e-02,1.47378736e-03,5.15179567e-14,1.28870441e-15,5.01644489e-14,2.56895956e-02
1813,7733,0.340405,0.631462,1.14245294e-02,1.07303564e-03,6.82395086e-14,9.30815094e-16,6.66065510e-14,1.39748280e-02
1814,7734,0.340508,0.613518,1.05236368e-02,9.88767366e-04,6.61558278e-14,1.50089230e-15,6.50685899e-14,2.30663106e-02
1815,7735,0.863049,0.374783,3.35556082e-02,3.27397860e-03,9.19477236e-14,1.03575401e-15,9.04341706e-14,1.14531266e-02
1816,7736,0.137427,0.847629,7.20157521e-03,6.87609776e-04,5.53254308e-14,8.37212447e-16,5.43811720e-14,1.53952630e-02
1817,7737,0.153885,0.838206,7.19388435e-03,6.65927771e-04,5.28544459e-14,4.33794848e-16,5.20598681e-14,8.33261520e-03
1818,7738,0.641663,0.846433,1.15070445e-02,1.08547939e-03,4.52258097e-14,9.32919865e-16,4.45312529e-14,2.09497781e-02
1819,7739,0.878977,0.873447,3.32034603e-02,3.09314602e-03,5.08307182e-14,1.70176066e-15,5.00353543e-14,3.40111644e-02
1820,7740,0.334816,0.141816,2.27866769e-02,2.15105433e-03,3.88517580e-14,6.10821981e-16,3.85258096e-14,1.58548772e-02
1821,7741,0.168758,0.152022,1.83561426e-02,1.74861483e-03,2.64428541e-14,3.77887312e-16,2.60877779e-14,1.44852242e-02
1822,7742,0.871681,0.121083,1.70742162e-02,1.72155153e-03,8.49057288e-14,2.82679755e-15,8.32878010e-14,3.39401151e-02
1823,7743,0.849892,0.158736,1.87162720e-02,1.86473061e-03,8.26730584e-14,2.14559459e-15,8.12732789e-14,2.63997543e-02
1824,7744,0.166723,0.363661,4.46431898e-03,4.20935423e-04,5.35192516e-15,3.10095797e-16,5.07446343e-15,6.11090812e-02
1825,7745,0.164784,0.382507,3.39315040e-03,3.06537375e-04,3.78884995e-15,3.24716910e-16,3.62475807e-15,8.95830573e-02
1826,7746,0.291346,0.855709,1.18697835e-02,1.09203975e-03,6.47874834e-14,7.68422930e-17,6.44790956e-14,1.19173962e-03
1827,7747,0.311688,0.634840,9.46793426e-03,9.06879781e-04,6.06541727e-14,1.40894836e-15,5.99927551e-14,2.34853084e-02
1828,7748,0.883859,0.294344,3.03217787e-02,3.04126856e-03,9.20325963e-14,2.04242323e-15,9.05279270e-14,2.25612504e-02
1829,7749,0.872519,0.164976,2.09614281e-02,2.13448168e-03,8.78708524e-14,1.84292622e-15,8.60484847e-14,2.14173001e-02
1830,7750,0.847572,0.219360,2.76231579e-02,2.82889651e-03,9.15279815e-14,1.62753590e-15,8.97823279e-14,1.81275752e-02
1831,7751,0.211292,0.645135,2.68392055e-03,2.46570446e-04,3.10192342e-14,1.33804746e-15,3.08293159e-14,4.34017891e-02
1832,7752,0.177009,0.641901,2.59543094e-03,2.31747355e-04,3.06757725e-14,1.14708537e-15,3.02294607e-14,3.79459422e-02
1833,7753,0.202476,0.882113,9.14342422e-03,8.57113511e-04,5.91733151e-14,2.60975907e-16,5.87776423e-14,4.44005402e-03
1834,7754,0.164956,0.853534,8.25072918e-03,7.69557839e-04,5.70521142e-14,1.98602439e-16,5.64488574e-14,3.51827208e-03
1835,7755,0.802756,0.853081,2.32348330e-02,2.15909979e-03,4.15437914e-14,7.07594383e-16,4.09702010e-14,1.72709522e-02
1836,7756,0.834938,0.871854,2.53747348e-02,2.38935580e-03,4.29602778e-14,1.09079548e-15,4.24825004e-14,2.56763483e-02
1837,7757,0.684602,0.847341,1.23795709e-02,1.19559886e-03,4.20465664e-14,1.13466924e-15,4.12925648e-14,2.74787785e-02
1838,7758,0.704242,0.886407,1.28367543e-02,1.23478204e-03,3.97726421e-14,1.21448759e-15,3.89439051e-14,3.11855627e-02
1839,7759,0.885162,0.800677,2.94539556e-02,2.75460258e-03,5.10959649e-14,8.40442025e-16,5.02558946e-14,1.67232527e-02
1840,7760,0.856152,0.836901,3.07591725e-02,2.79423385e-03,5.00352967e-14,1.29523376e-15,4.96769204e-14,2.60731493e-02
1841,7761,0.317146,0.164569,2.20879000e-02,2.07092380e-03,3.71886969e-14,6.41487221e-16,3.68464584e-14,1.74097389e-02
1842,7762,0.144106,0.204098,1.39910989e-02,1.29688811e-03,1.99843228e-14,4.94725686e-16,1.96830484e-14,2.51346070e-02
1843,7763,0.124252,0.209419,1.25185987e-02,1.18111819e-03,1.79781625e-14,6.53707100e-16,1.77591858e-14,3.68095196e-02
1844,7764,0.686678,0.156691,2.40588486e-02,2.15285295e-03,5.66093464e-14,7.43417471e-16,5.58661665e-14,1.33071145e-02
1845,7765,0.146611,0.799476,6.61846017e-03,6.14764402e-04,5.02170361e-14,4.89553703e-16,4.93823935e-14,9.91352724e-03
1846,7766,0.129467,0.831640,5.95092587e-03,5.60490473e-04,4.89926432e-14,5.47642746e-16,4.80445253e-14,1.13986504e-02
1847,7767,0.136784,0.686214,2.03764020e-03,1.83058801e-04,2.69568439e-14,1.10691314e-15,2.66467824e-14,4.15402176e-02
1848,7768,0.840348,0.145051,1.70723200e-02,1.61327654e-03,7.77200163e-14,1.93106508e-15,7.67496486e-14,2.51605722e-02
1849,7769,0.817547,0.150101,1.92562807e-02,1.81002379e-03,7.82943792e-14,8.10856752e-16,7.66717351e-14,1.05756933e-02
1850,7770,0.305022,0.371955,1.58188194e-02,1.45984103e-03,1.04750167e-14,3.37265835e-16,1.01668120e-14,3.31732146e-02
1851,7771,0.184179,0.365385,5.15624182e-03,4.70442174e-04,5.71867984e-15,2.68934734e-16,5.53381659e-15,4.85984184e-02
1852,7772,0.201448,0.381792,5.25376294e-03,4.75420558e-04,5.30904835e-15,3.90720761e-16,5.14660099e-15,7.59182151e-02
1853,7773,0.407374,0.101280,2.28986293e-02,2.11872626e-03,4.93132282e-14,4.03013618e-16,4.88555661e-14,8.24908295e-03
1854,7774,0.556242,0.922733,9.00909118e-03,8.38466978e-04,5.27320124e-14,6.03566456e-16,5.19502722e-14,1.16181577e-02
1855,7775,0.562136,0.067974,2.78905500e-02,2.62335339e-03,5.96473486e-14,3.95066066e-16,5.92933092e-14,6.66291141e-03
1856,7776,0.444990,0.067640,2.31364537e-02,2.13837181e-03,5.33798740e-14,3.51029353e-16,5.32183211e-14,6.59602455e-03
1857,7777,0.439525,0.085483,2.35494338e-02,2.21294002e-03,5.27948047e-14,5.13669049e-16,5.23569428e-14,9.81090608e-03
1858,7778,0.561773,0.419319,3.18063110e-01,2.75822971e-02,1.38438320e-13,4.23407308e-14,1.33667193e-13,3.16762325e-01
1859,7779,0.602940,0.882125,1.00712981e-02,9.28923080e-04,5.12361387e-14,5.89015488e-16,5.06580082e-14,1.16272927e-02
1860,7780,0.592502,0.895783,9.69716534e-03,8.98350205e-04,5.11116147e-14,2.48574868e-16,5.04645018e-14,4.92573708e-03
1861,7781,0.434821,0.892776,1.09487912e-02,1.01360411e-03,6.20747350e-14,3.42834203e-16,6.18804731e-14,5.54026474e-03
1862,7782,0.588011,0.088432,3.12233493e-02,3.04279756e-03,6.32733002e-14,2.93567988e-16,6.25483416e-14,4.69345757e-03
1863,7783,0.559188,0.101312,3.34393419e-02,3.18257418e-03,6.42563531e-14,5.62045695e-16,6.40962028e-14,8.76878301e-03
1864,7784,0.439525,0.085483,2.40732785e-02,2.22273101e-03,5.20434763e-14,3.67987641e-16,5.19163874e-14,7.08808256e-03
1865,7785,0.406625,0.121021,2.38820743e-02,2.24417937e-03,4.92660654e-14,4.28270684e-16,4.85593723e-14,8.81952678e-03
1866,7786,0.908072,0.440143,1.97402649e-02,1.91008137e-03,6.89861308e-14,1.12896638e-15,6.65833287e-14,1.69556915e-02
1867,7787,0.370229,0.139070,2.41275821e-02,2.25648959e-03,4.29735322e-14,5.99591806e-16,4.24258644e-14,1.41326951e-02
1868,7788,0.611677,0.863958,1.07649593e-02,1.01692963e-03,4.90788643e-14,8.88165450e-16,4.84392427e-14,1.83356593e-02
1869,7789,0.622414,0.878792,1.05468715e-02,9.61432583e-04,4.83370498e-14,5.38301932e-16,4.75556890e-14,1.13194014e-02
1870,7790,0.863049,0.374783,3.27450819e-02,3.14825960e-03,9.01251255e-14,1.21014941e-15,8.82677856e-14,1.37099781e-02
1871,7791,0.407818,0.417092,3.47202867e-02,3.53436871e-03,1.19107706e-14,8.37237117e-16,1.17157557e-14,7.14624937e-02
1872,7792,0.655559,0.120924,2.37491857e-02,2.19777087e-03,5.61887098e-14,4.44493721e-16,5.55206244e-14,8.00592078e-03
1873,7793,0.593109,0.113723,3.18130031e-02,3.15055670e-03,6.37181822e-14,8.72099405e-16,6.26054316e-14,1.39300917e-02
1874,7794,0.635419,0.093281,2.62667313e-02,2.49077380e-03,5.89347500e-14,8.55171346e-16,5.83132650e-14,1.46651254e-02
1875,7795,0.105930,0.088657,2.33608466e-02,2.29337765e-03,2.91169778e-14,1.79547969e-16,2.85675821e-14,6.28502507e-03
1876,7796,0.118907,0.854652,6.42158836e-03,5.95089106e-04,5.13682894e-14,8.26974254e-16,5.06052482e-14,1.63416698e-02
1877,7797,0.850343,0.863670,2.98750363e-02,2.87157926e-03,4.74385274e-14,7.02251088e-16,4.66624725e-14,1.50495902e-02
1878,7798,0.110999,0.593802,3.35896038e-04,2.60274246e-05,9.98142100e-15,8.49283037e-16,9.28631273e-15,9.14553560e-02
1879,7799,0.864482,0.149745,1.85636841e-02,1.83181011e-03,8.71770240e-14,1.94663545e-15,8.55613323e-14,2.27513457e-02
1880,7800,0.522092,0.350219,1.60604313e-01,1.02261566e-02,2.64041295e-14,3.38517480e-15,2.51829722e-14,1.34423164e-01
1881,7801,0.121325,0.271122,7.13760126e-03,6.86410465e-04,1.05799895e-14,2.40112268e-16,1.01975965e-14,2.35459667e-02
1882,7802,0.229261,0.627479,3.60048539e-03,3.13340686e-04,3.71133720e-14,7.70775047e-16,3.60973831e-14,2.13526572e-02
1883,7803,0.742511,0.112693,1.73266232e-02,1.56385638e-03,5.86011681e-14,1.95766572e-15,5.77539861e-14,3.38966339e-02
1884,7804,0.581709,0.476867,9.44093019e-02,1.01352623e-02,1.15400230e-13,4.61092337e-15,1.11545647e-13,4.13366501e-02
1885,7805,0.522265,0.635086,1.05954465e-02,9.09379101e-04,7.81369191e-14,1.94933473e-15,7.63035400e-14,2.55471074e-02
1886,7806,0.481994,0.347560,7.23296851e-02,5.97255351e-03,1.62669188e-14,7.97537106e-16,1.57717111e-14,5.05675700e-02
1887,7807,0.462459,0.352456,6.75840005e-02,6.13648025e-03,1.39282769e-14,8.01444734e-16,1.36625627e-14,5.86599128e-02
1888,7808,0.902192,0.512580,1.46787530e-02,1.37492898e-03,5.23363769e-14,1.28910865e-15,5.15383024e-14,2.50126332e-02
1889,7809,0.876566,0.572808,1.65318400e-02,1.51068973e-03,5.17545533e-14,5.50478348e-16,5.03685669e-14,1.09290056e-02
1890,7810,0.873042,0.538374,1.73935555e-02,1.59236696e-03,5.47071374e-14,1.83636341e-15,5.41237926e-14,3.39289492e-02
1891,7811,0.409327,0.642073,1.63434930e-02,1.56001013e-03,8.38608900e-14,5.04660589e-16,8.24386878e-14,6.12164752e-03
1892,7812,0.433583,0.613852,1.63464155e-02,1.57790654e-03,8.74328686e-14,1.12824916e-15,8.59916386e-14,1.31204519e-02
1893,7813,0.540950,0.586403,1.37922019e-02,1.26519892e-03,5.91512584e-14,3.43700135e-15,5.76894896e-14,5.95776004e-02
1894,7814,0.323516,0.837316,1.28412787e-02,1.17763027e-03,6.70132488e-14,8.63935225e-17,6.66569393e-14,1.29609195e-03
1895,7815,0.309022,0.872402,1.21245878e-02,1.12814805e-03,6.54435544e-14,1.46054804e-16,6.51980572e-14,2.24017111e-03
1896,7816,0.300906,0.675226,9.51627083e-03,8.86855414e-04,5.92387942e-14,1.04939473e-15,5.89669101e-14,1.77963323e-02
1897,7817,0.822919,0.296253,4.60820422e-02,4.51934105e-03,1.07196817e-13,1.81159870e-15,1.05954409e-13,1.70979076e-02
1898,7818,0.840348,0.145051,2.06461176e-02,2.03262921e-03,8.22387609e-14,2.05407692e-15,8.05751475e-14,2.54926858e-02
1899,7819,0.157185,0.655680,2.00107065e-03,1.79674214e-04,2.65297326e-14,1.07785281e-15,2.61781004e-14,4.11738360e-02
1900,7820,0.180739,0.843120,9.00945626e-03,8.31046433e-04,5.78979003e-14,2.55500659e-16,5.73687148e-14,4.45365841e-03
1901,7821,0.853878,0.670854,1.77019909e-02,1.63523003e-03,4.65619602e-14,1.74090139e-16,4.60711757e-14,3.77872143e-03
1902,7822,0.856152,0.836901,2.60352641e-02,2.40049860e-03,4.51345368e-14,1.13192157e-15,4.48157340e-14,2.52572361e-02
1903,7823,0.653796,0.874326,1.14256851e-02,1.10569748e-03,4.29441367e-14,1.12036391e-15,4.22345027e-14,2.65272193e-02
1904,7824,0.701169,0.825604,1.33532239e-02,1.26513036e-03,4.15023579e-14,1.32460209e-15,4.04206765e-14,3.27704086e-02
1905,7825,0.846621,0.821240,2.44236477e-02,2.28303508e-03,4.47795318e-14,1.52568019e-15,4.41005163e-14,3.45955177e-02
1906,7826,0.171619,0.346029,5.84094459e-03,5.72056801e-04,7.08756470e-15,2.62898592e-16,6.73940155e-15,3.90091895e-02
1907,7827,0.164150,0.168847,1.70119554e-02,1.60758302e-03,2.43870323e-14,3.97791183e-16,2.40255695e-14,1.65569929e-02
1908,7828,0.172570,0.134166,1.85605902e-02,1.73712149e-03,2.71771046e-14,3.90047317e-16,2.69070637e-14,1.44960937e-02
1909,7829,0.644901,0.132754,3.17549929e-02,3.03820428e-03,6.07346476e-14,9.48032415e-16,5.97222467e-14,1.58740246e-02
1910,7830,0.667136,0.131974,2.34504975e-02,2.16834852e-03,5.57881005e-14,4.45809110e-16,5.50309208e-14,8.10106579e-03
1911,7831,0.164956,0.853534,8.00507423e-03,7.51048094e-04,5.55959663e-14,3.43242817e-16,5.50176156e-14,6.23878031e-03
1912,7832,0.138672,0.653412,1.33392401e-03,1.18202901e-04,2.14546652e-14,1.08803913e-15,2.11637755e-14,5.14104455e-02
1913,7833,0.155795,0.671610,2.80005089e-03,2.54439918e-04,3.14695779e-14,1.14622224e-15,3.11798486e-14,3.67616359e-02
1914,7834,0.329199,0.363119,2.16595959e-02,2.13887054e-03,1.45362661e-14,6.31482385e-16,1.40332582e-14,4.49989858e-02
1915,7835,0.254145,0.104225,2.02512555e-02,1.87433418e-03,3.48463324e-14,5.33393905e-16,3.46492380e-14,1.53941021e-02
1916,7836,0.241376,0.877713,1.01796519e-02,9.45263193e-04,6.12889459e-14,3.43592324e-16,6.11472136e-14,5.61910026e-03
1917,7837,0.238238,0.396600,6.86327415e-03,6.35728997e-04,5.88909355e-15,4.33620491e-16,5.69209783e-15,7.61793814e-02
1918,7838,0.740941,0.880410,1.48747554e-02,1.43022253e-03,3.69073262e-14,1.14228417e-15,3.57347276e-14,3.19656606e-02
1919,7839,0.073516,0.934168,6.82725431e-03,6.62520179e-04,6.27909590e-14,8.72328898e-16,6.06534205e-14,1.43821880e-02
1920,7840,0.581128,0.396861,7.29506910e-01,3.18513632e-01,3.06022677e-13,3.74793214e-13,2.50765066e-13,1.49459899e+00
1921,7841,0.356491,0.181335,2.41362825e-02,2.29857909e-03,3.95838452e-14,6.04111574e-16,3.90345884e-14,1.54763147e-02
1922,7842,0.141744,0.130570,1.81864966e-02,1.73569494e-03,2.56643021e-14,3.23103206e-16,2.53777458e-14,1.27317536e-02
1923,7843,0.107481,0.366271,1.90338714e-03,1.68832732e-04,2.13025906e-15,4.15347291e-16,2.08988439e-15,1.98741755e-01
1924,7844,0.127826,0.357234,2.29512923e-03,2.44914234e-04,3.29932504e-15,2.52183175e-16,3.07973832e-15,8.18846115e-02
1925,7845,0.627706,0.829440,1.13462461e-02,1.07184623e-03,4.76668909e-14,9.28820437e-16,4.69010003e-14,1.98038513e-02
1926,7846,0.140699,0.637446,1.23417436e-03,1.10349116e-04,2.04417612e-14,1.03350640e-15,2.00835493e-14,5.14603464e-02
1927,7847,0.399375,0.379194,3.10364664e-02,3.01038660e-03,1.49275683e-14,5.57361020e-16,1.48090599e-14,3.76364891e-02
1928,7848,0.586003,0.590489,2.23054141e-02,2.08549015e-03,5.76679004e-14,2.57162210e-15,5.50198586e-14,4.67398893e-02
1929,7849,0.119915,0.720846,2.47093686e-03,2.25693322e-04,2.99695978e-14,1.18826790e-15,2.97479496e-14,3.99445312e-02
1930,7850,0.722916,0.145727,1.93468910e-02,1.78961025e-03,5.82769306e-14,1.56322260e-15,5.74393980e-14,2.72151633e-02
1931,7851,0.686678,0.156691,3.09616681e-02,2.77054100e-03,6.04491500e-14,1.76158871e-15,5.95635534e-14,2.95749433e-02
1932,7852,0.151422,0.777174,4.88375360e-03,4.39742173e-04,4.31534725e-14,7.99551457e-16,4.24448854e-14,1.88374041e-02
1933,7853,0.807455,0.827327,2.24960055e-02,2.07627867e-03,4.14328402e-14,8.22924166e-16,4.10648993e-14,2.00396003e-02
1934,7854,0.164150,0.168847,1.61127429e-02,1.54254015e-03,2.31297915e-14,4.55890920e-16,2.29203473e-14,1.98902274e-02
1935,7855,0.826921,0.189883,2.48914473e-02,2.47226283e-03,8.60235277e-14,2.71398377e-15,8.47774948e-14,3.20130216e-02
1936,7856,0.115310,0.286315,6.30140444e-03,6.04642963e-04,9.19913271e-15,3.74570860e-16,8.90311418e-15,4.20718922e-02
1937,7857,0.165400,0.321856,7.45905098e-03,7.24682119e-04,9.21350940e-15,2.45807135e-16,8.79343358e-15,2.79534874e-02
1938,7858,0.304515,0.820880,1.23244487e-02,1.14033150e-03,6.56858465e-14,1.79156772e-16,6.54654011e-14,2.73666348e-03
1939,7859,0.602820,0.589117,2.51442138e-02,2.27032765e-03,6.07876176e-14,2.92038685e-15,5.85855420e-14,4.98482519e-02
1940,7860,0.582290,0.573760,1.83606092e-02,1.62999774e-03,5.61784607e-14,2.55062224e-15,5.41262049e-14,4.71236114e-02
1941,7861,0.061579,0.540655,1.48503350e-05,4.98097506e-07,9.77272310e-16,3.44127464e-16,7.08560054e-16,4.85671556e-01
1942,7862,0.061725,0.039048,3.62360254e-02,3.79818282e-03,3.26438095e-14,6.85419431e-16,3.14990377e-14,2.17600118e-02
1943,7863,0.018648,0.940231,6.59273192e-03,6.27960777e-04,6.23136661e-14,1.79330809e-15,6.07228027e-14,2.95326963e-02
1944,7864,0.201448,0.381792,6.47479482e-03,5.95469319e-04,6.23322144e-15,4.25261891e-16,6.09114225e-15,6.98164439e-02
1945,7865,0.110413,0.233383,9.03979130e-03,8.62072222e-04,1.32399652e-14,4.30194190e-16,1.29630668e-14,3.31861432e-02
1946,7866,0.883859,0.294344,3.00140958e-02,2.99113500e-03,9.24932263e-14,1.87687149e-15,9.11627002e-14,2.05881515e-02
1947,7867,0.266933,0.611511,4.83951950e-03,4.32919536e-04,4.36376365e-14,9.04932520e-16,4.27687535e-14,2.11587303e-02
1948,7868,0.800991,0.142808,1.75659712e-02,1.65272702e-03,7.15333283e-14,2.54413884e-15,6.96289001e-14,3.65385471e-02
1949,7869,0.202476,0.882113,9.69897211e-03,9.07543930e-04,6.01627309e-14,5.51520834e-16,5.98717920e-14,9.21169745e-03
1950,7870,0.704242,0.886407,1.37858158e-02,1.34230684e-03,3.86179092e-14,1.27715892e-15,3.75468394e-14,3.40150847e-02
1951,7871,0.885162,0.800677,2.64907312e-02,2.49366998e-03,4.91408265e-14,3.38916490e-16,4.79179955e-14,7.07284365e-03
1952,7872,0.407685,0.907459,1.15438448e-02,1.06147560e-03,6.38291842e-14,2.75977363e-16,6.36133805e-14,4.33835399e-03
1953,7873,0.449698,0.898625,1.14369001e-02,1.06319028e-03,6.31948920e-14,1.48004436e-16,6.27765797e-14,2.35763778e-03
1954,7874,0.588011,0.088432,3.17447223e-02,3.14620882e-03,6.37587517e-14,4.14217614e-16,6.30329935e-14,6.57144125e-03
1955,7875,0.488080,0.595090,1.33560756e-02,1.27686863e-03,9.15476123e-14,9.31458098e-16,8.90008688e-14,1.04657192e-02
1956,7876,0.597114,0.138605,3.70923020e-02,3.59823648e-03,6.64659435e-14,4.39314115e-16,6.55727439e-14,6.69964513e-03
1957,7877,0.094457,0.115756,1.93894748e-02,1.83465425e-03,2.48564055e-14,3.13025446e-16,2.45688039e-14,1.27407686e-02
1958,7878,0.094293,0.095604,2.09850017e-02,2.03810912e-03,2.57987499e-14,1.62376137e-16,2.53442083e-14,6.40683403e-03
1959,7879,0.420941,0.897882,1.17545929e-02,1.08676997e-03,6.41871877e-14,3.13021476e-16,6.38700586e-14,4.90091104e-03
1960,7880,0.551860,0.342310,4.13123667e-01,2.34358553e-02,4.84202623e-14,1.27088132e-13,4.78855677e-14,2.65399656e+00
1961,7881,0.419420,0.346196,4.31957692e-02,4.36044065e-03,1.80089250e-14,7.96850480e-16,1.78412007e-14,4.46635008e-02
1962,7882,0.873042,0.538374,2.02723239e-02,1.93356769e-03,6.30602477e-14,1.38212314e-15,6.25249838e-14,2.21051339e-02
1963,7883,0.885868,0.517240,1.98580809e-02,1.86927128e-03,6.31231314e-14,1.67700824e-15,6.24808907e-14,2.68403382e-02
1964,7884,0.323516,0.837316,1.25092501e-02,1.16223574e-03,6.61639119e-14,1.27619278e-16,6.59093955e-14,1.93628354e-03
1965,7885,0.366629,0.867847,1.27207544e-02,1.17343769e-03,6.69603465e-14,2.50327194e-16,6.66965059e-14,3.75322801e-03
1966,7886,0.194828,0.643374,2.13872478e-03,1.94374690e-04,2.74666442e-14,1.25041746e-15,2.72957909e-14,4.58099003e-02
1967,7887,0.842898,0.181692,2.23211907e-02,2.20884103e-03,8.53833944e-14,2.06349063e-15,8.38303968e-14,2.46150646e-02
1968,7888,0.854677,0.636198,1.77857541e-02,1.62720529e-03,4.80317283e-14,1.66746906e-16,4.75231562e-14,3.50875067e-03
1969,7889,0.872068,0.630075,1.74236428e-02,1.54049916e-03,4.74726866e-14,4.06261168e-16,4.70803443e-14,8.62910360e-03
1970,7890,0.842133,0.691763,1.81274656e-02,1.64484500e-03,4.55246294e-14,3.13665803e-16,4.48625275e-14,6.99171047e-03
1971,7891,0.817116,0.842696,2.46816725e-02,2.26269593e-03,4.33481105e-14,9.91675681e-16,4.29083242e-14,2.31114988e-02
1972,7892,0.151315,0.312706,5.31824352e-03,5.33886778e-04,6.95390333e-15,3.20800176e-16,6.45006187e-15,4.97359843e-02
1973,7893,0.621095,0.134065,3.20499577e-02,3.06818611e-03,6.23486519e-14,6.27497889e-16,6.13454193e-14,1.02289282e-02
1974,7894,0.678057,0.143194,2.69393083e-02,2.45137163e-03,5.72494932e-14,6.30544349e-16,5.63105843e-14,1.11976169e-02
1975,7895,0.667989,0.151199,2.81172749e-02,2.53722654e-03,5.76159739e-14,2.08860918e-15,5.59904092e-14,3.73029812e-02
1976,7896,0.305022,0.371955,1.77874994e-02,1.69544050e-03,1.31926440e-14,3.37097487e-16,1.25349340e-14,2.68926417e-02
1977,7897,0.375532,0.364817,2.57847328e-02,2.56079901e-03,1.54934100e-14,6.11179270e-16,1.48568173e-14,4.11379677e-02
1978,7898,0.366708,0.382206,2.31928769e-02,2.31857365e-03,1.34844850e-14,6.72111591e-16,1.31315874e-14,5.11828138e-02
1979,7899,0.561013,0.378628,9.17695642e-01,6.33482122e+00,1.58778708e-12,4.24469623e-13,1.22465081e-12,3.46604616e-01
1980,7900,0.374415,0.651984,1.49257453e-02,1.39593659e-03,7.74187911e-14,6.18915116e-16,7.59990622e-14,8.14372044e-03
1981,7901,0.392368,0.653600,1.56163862e-02,1.46755809e-03,8.16844015e-14,6.18191750e-16,7.95527449e-14,7.77084123e-03
1982,7902,0.847115,0.330834,4.48357798e-02,4.47206153e-03,1.05205016e-13,1.38667753e-15,1.03499105e-13,1.33979664e-02
1983,7903,0.847183,0.346645,3.64775211e-02,3.50961694e-03,9.56595236e-14,1.18304806e-15,9.45012975e-14,1.25188552e-02
1984,7904,0.526895,0.085501,2.94300672e-02,2.82739988e-03,6.10656477e-14,4.09776726e-16,6.06262612e-14,6.75906311e-03
1985,7905,0.466722,0.940145,9.00331605e-03,8.17436841e-04,5.72596847e-14,2.16654498e-16,5.68699344e-14,3.80964916e-03
1986,7906,0.427625,0.361008,3.89989056e-02,4.02488234e-03,1.67385044e-14,7.33957384e-16,1.65537936e-14,4.43377151e-02
1987,7907,0.413567,0.371583,3.46057937e-02,3.47843627e-03,1.58338359e-14,6.69796968e-16,1.56794320e-14,4.27181909e-02
1988,7908,0.783930,0.154892,2.16560941e-02,2.04385654e-03,7.23626955e-14,2.23139162e-15,7.13224103e-14,3.12859817e-02
1989,7909,0.814232,0.171637,2.21284777e-02,2.03981274e-03,8.08195267e-14,2.14597915e-15,7.86874770e-14,2.72721814e-02
1990,7910,0.138448,0.719429,3.61406524e-03,3.26672918e-04,3.62363304e-14,1.05215659e-15,3.59737739e-14,2.92478790e-02
1991,7911,0.141575,0.735895,3.65196844e-03,3.34777695e-04,3.68640089e-14,1.28758632e-15,3.66018386e-14,3.51781870e-02
1992,7912,0.164018,0.765705,5.07266819e-03,4.65260498e-04,4.37421942e-14,5.70447256e-16,4.31222170e-14,1.32286161e-02
1993,7913,0.741481,0.147620,2.16098428e-02,2.00823275e-03,6.34358966e-14,1.07594762e-15,6.24570924e-14,1.72269887e-02
1994,7914,0.157185,0.655680,1.81238342e-03,1.64005643e-04,2.52072160e-14,1.09491915e-15,2.48965565e-14,4.39787386e-02
1995,7915,0.175025,0.657794,2.37002387e-03,2.12530911e-04,2.88751939e-14,1.09172298e-15,2.86221750e-14,3.81425582e-02
1996,7916,0.846621,0.821240,2.35457309e-02,2.16278573e-03,4.30374967e-14,1.00794094e-15,4.26922122e-14,2.36094802e-02
1997,7917,0.719497,0.845609,1.50534622e-02,1.46269926e-03,3.87984424e-14,1.13172210e-15,3.76408025e-14,3.00663648e-02
1998,7918,0.844958,0.785011,2.23282650e-02,2.05415254e-03,4.47788304e-14,2.69261583e-16,4.39935868e-14,6.12047351e-03
1999,7919,0.755825,0.844558,1.62326656e-02,1.56547222e-03,3.81064267e-14,1.06695044e-15,3.69630135e-14,2.88653532e-02
2000,7920,0.835568,0.749935,2.08361093e-02,1.92127028e-03,4.36263947e-14,3.45117354e-16,4.29648586e-14,8.03254952e-03
2001,7921,0.835568,0.749935,1.97284464e-02,1.84959860e-03,4.34947115e-14,3.43884762e-16,4.28209138e-14,8.03076655e-03
2002,7922,0.198223,0.342579,7.94849824e-03,7.80868810e-04,9.23606504e-15,2.68327782e-16,8.83677371e-15,3.03649036e-02
2003,7923,0.218108,0.361774,8.90140887e-03,8.33510247e-04,8.85554820e-15,4.84031419e-16,8.72121640e-15,5.55004482e-02
2004,7924,0.136853,0.241420,1.06443949e-02,1.02648360e-03,1.51274697e-14,4.50942183e-16,1.48960688e-14,3.02725631e-02
2005,7925,0.238872,0.148610,1.98535956e-02,1.84268621e-03,3.19569742e-14,2.78870828e-16,3.16210579e-14,8.81914921e-03
2006,7926,0.217110,0.163099,1.92391220e-02,1.80959585e-03,2.94080725e-14,4.15949558e-16,2.91566969e-14,1.42660041e-02
2007,7927,0.218459,0.841068,1.01847788e-02,9.47285153e-04,6.07437955e-14,4.56644620e-16,6.06558667e-14,7.52844935e-03
2008,7928,0.260773,0.639228,4.58634272e-03,4.17140574e-04,4.18632007e-14,7.22385538e-16,4.12357018e-14,1.75184490e-02
2009,7929,0.271084,0.353514,1.24239810e-02,1.18216651e-03,1.13166549e-14,5.76137888e-16,1.12247265e-14,5.13275660e-02
2010,7930,0.317014,0.185381,2.22857371e-02,2.11010221e-03,3.49787507e-14,6.61887374e-16,3.48409114e-14,1.89974185e-02
2011,7931,0.279081,0.146141,2.01083552e-02,1.85799354e-03,3.22735918e-14,5.30101806e-16,3.20947831e-14,1.65167593e-02
2012,7932,0.275757,0.125139,2.02254113e-02,1.88255857e-03,3.37419505e-14,3.43048026e-16,3.33988683e-14,1.02712470e-02
2013,7933,0.136853,0.241420,8.51628557e-03,8.01375194e-04,1.22072364e-14,3.63499081e-16,1.20188275e-14,3.02441383e-02
2014,7934,0.149185,0.282481,8.07435624e-03,7.79633119e-04,1.14011516e-14,2.38904663e-16,1.11144216e-14,2.14950154e-02
2015,7935,0.843592,0.279017,3.54605764e-02,3.42624215e-03,9.62795788e-14,1.99562254e-15,9.53666467e-14,2.09257912e-02
2016,7936,0.269602,0.655860,7.60610448e-03,7.05693266e-04,5.33513189e-14,9.05889773e-16,5.26916699e-14,1.71922768e-02
2017,7937,0.260773,0.639228,6.21466292e-03,5.69605560e-04,4.87182485e-14,9.39389185e-16,4.79899527e-14,1.95747054e-02
2018,7938,0.807648,0.332294,5.15029840e-02,5.14241913e-03,1.11692204e-13,7.85128338e-16,1.10224967e-13,7.12296281e-03
2019,7939,0.820867,0.316277,4.56788167e-02,4.68262425e-03,1.07008532e-13,1.85893493e-15,1.05749034e-13,1.75787414e-02
2020,7940,0.311305,0.652641,1.06770033e-02,9.99256037e-04,6.36435891e-14,1.34137969e-15,6.28188433e-14,2.13531422e-02
2021,7941,0.254756,0.838903,1.07378270e-02,9.95008857e-04,6.19813310e-14,3.63299101e-16,6.19168548e-14,5.86753159e-03
2022,7942,0.254756,0.838903,1.12662632e-02,1.04965805e-03,6.31730996e-14,3.08542948e-16,6.30796210e-14,4.89132533e-03
2023,7943,0.586654,0.629123,1.36713982e-02,1.20535877e-03,5.49339186e-14,1.91211377e-15,5.32975390e-14,3.58762113e-02
2024,7944,0.547185,0.635871,1.01982486e-02,9.52206086e-04,6.14817984e-14,2.41955914e-15,6.03652938e-14,4.00819576e-02
2025,7945,0.879889,0.441859,2.25587375e-02,2.18123663e-03,7.19360281e-14,9.52997934e-16,7.04958552e-14,1.35184959e-02
2026,7946,0.115045,0.343781,3.16075282e-03,3.14327306e-04,4.42168859e-15,3.16673088e-16,4.06388875e-15,7.79236607e-02
2027,7947,0.495107,0.669098,1.20381303e-02,1.16257963e-03,7.78691348e-14,6.18167610e-16,7.62465720e-14,8.10748068e-03
2028,7948,0.514386,0.907940,9.63391550e-03,8.89777089e-04,5.61739139e-14,6.40625153e-16,5.55677635e-14,1.15287194e-02
2029,7949,0.466938,0.098837,2.46382654e-02,2.32817465e-03,5.46179177e-14,4.31760116e-16,5.41481092e-14,7.97368777e-03
2030,7950,0.444658,0.109702,2.56490968e-02,2.37486814e-03,5.25408439e-14,6.03843700e-16,5.20750266e-14,1.15956484e-02
2031,7951,0.460017,0.918557,1.05269989e-02,9.92143410e-04,6.11140912e-14,2.84234902e-16,6.06692363e-14,4.68499225e-03
2032,7952,0.407737,0.160874,2.55306605e-02,2.38446333e-03,4.44637410e-14,2.94808653e-16,4.37923149e-14,6.73197234e-03
2033,7953,0.827699,0.418183,4.17539217e-02,4.07378422e-03,1.00366953e-13,1.09056837e-15,9.87943925e-14,1.10387679e-02
2034,7954,0.591076,0.843738,1.06535312e-02,1.00039865e-03,5.21190655e-14,1.04316099e-15,5.16362059e-14,2.02021232e-02
2035,7955,0.627706,0.829440,1.09597407e-02,1.03420310e-03,4.97784051e-14,1.09777662e-15,4.91854245e-14,2.23191449e-02
2036,7956,0.463001,0.667736,1.62096545e-02,1.54741073e-03,8.57037423e-14,8.71675730e-16,8.41566129e-14,1.03577806e-02
2037,7957,0.445285,0.670440,1.66916605e-02,1.59021164e-03,8.50840733e-14,5.90442209e-16,8.34043528e-14,7.07927332e-03
2038,7958,0.908026,0.478181,1.73578076e-02,1.62495801e-03,6.02476307e-14,1.33237393e-15,5.92258176e-14,2.24965055e-02
2039,7959,0.873042,0.538374,1.81649663e-02,1.70044962e-03,5.80475677e-14,1.82179740e-15,5.76757067e-14,3.15869108e-02
2040,7960,0.614746,0.536363,4.92683724e-02,4.69109928e-03,8.41024299e-14,4.25805411e-15,8.32099960e-14,5.11723869e-02
2041,7961,0.408644,0.656422,1.65452287e-02,1.57394412e-03,8.31809665e-14,5.27581724e-16,8.16604949e-14,6.46067263e-03
2042,7962,0.581440,0.417502,1.91862404e-01,1.87511761e-02,1.22509086e-13,4.30079497e-15,1.18032063e-13,3.64375143e-02
2043,7963,0.642046,0.425910,1.00656502e-01,1.07177598e-02,1.18116657e-13,2.03341885e-15,1.15896645e-13,1.75451053e-02
2044,7964,0.389583,0.192512,2.67209634e-02,2.52288743e-03,4.24306213e-14,4.92717742e-16,4.21279189e-14,1.16957532e-02
2045,7965,0.603719,0.807888,1.09480638e-02,9.96700022e-04,5.28606462e-14,2.47694695e-16,5.21036088e-14,4.75388750e-03
2046,7966,0.834314,0.370278,4.67467941e-02,4.64697741e-03,1.05812697e-13,1.05709182e-15,1.04208763e-13,1.01439821e-02
2047,7967,0.816935,0.405423,4.71796729e-02,4.58550639e-03,1.05774635e-13,1.07504013e-15,1.04439847e-13,1.02933906e-02
2048,7968,0.335245,0.817433,1.35736708e-02,1.25643087e-03,6.86308988e-14,1.18721753e-16,6.82748264e-14,1.73888033e-03
2049,7969,0.360926,0.848399,1.36457225e-02,1.26112951e-03,6.89628747e-14,1.74020960e-16,6.86146425e-14,2.53620734e-03
2050,7970,0.625442,0.162552,3.77377123e-02,3.59845720e-03,6.37085260e-14,1.09558958e-15,6.24559473e-14,1.75417975e-02
2051,7971,0.343131,0.350345,2.28974055e-02,2.23003584e-03,1.78433809e-14,7.02535267e-16,1.74628073e-14,4.02303739e-02
2052,7972,0.354230,0.366067,2.41390932e-02,2.36263289e-03,1.64700712e-14,6.85387615e-16,1.60003406e-14,4.28358142e-02
2053,7973,0.537055,0.349032,4.12870318e-01,2.46278010e-02,5.29254138e-14,1.53859334e-13,4.78640023e-14,3.21451041e+00
2054,7974,0.527459,0.893920,1.02732731e-02,9.60509642e-04,5.88313442e-14,4.73834307e-16,5.82650383e-14,8.13239502e-03
2055,7975,0.488491,0.058153,2.51698103e-02,2.31835386e-03,5.61869412e-14,2.58176781e-16,5.60233453e-14,4.60837851e-03
2056,7976,0.499389,0.918765,9.16485209e-03,8.52827157e-04,5.60908843e-14,7.90056217e-16,5.60029521e-14,1.41074030e-02
2057,7977,0.497314,0.108527,3.01354770e-02,2.90145655e-03,6.10759612e-14,4.10990206e-16,6.03299081e-14,6.81237912e-03
2058,7978,0.142802,0.767237,4.25769482e-03,4.04504710e-04,4.00709163e-14,9.34972861e-16,3.97376698e-14,2.35286283e-02
2059,7979,0.121267,0.793888,4.41437867e-03,4.10021108e-04,4.17718431e-14,9.00779199e-16,4.08832243e-14,2.20329785e-02
2060,7980,0.701342,0.117233,1.76644921e-02,1.63917441e-03,5.49273626e-14,9.68768522e-16,5.42324872e-14,1.78632508e-02
2061,7981,0.795618,0.161737,2.44716667e-02,2.33625155e-03,7.65569181e-14,1.37329134e-15,7.56523614e-14,1.81526566e-02
2062,7982,0.767967,0.143822,1.90077275e-02,1.72479416e-03,6.51215328e-14,2.50298130e-15,6.36697726e-14,3.93119246e-02
2063,7983,0.155570,0.717787,3.68155516e-03,3.44443455e-04,3.65031729e-14,8.35148704e-16,3.61453523e-14,2.31052861e-02
2064,7984,0.827061,0.791183,2.10262295e-02,1.99182658e-03,4.25826976e-14,3.22751767e-16,4.19508890e-14,7.69356203e-03
2065,7985,0.701169,0.825604,1.42347338e-02,1.37732271e-03,3.99866772e-14,1.13247606e-15,3.90049999e-14,2.90341255e-02
2066,7986,0.766690,0.856293,1.75142158e-02,1.65945524e-03,3.73898842e-14,5.48333502e-16,3.66167396e-14,1.49749406e-02
2067,7987,0.869201,0.723788,2.06475221e-02,1.88971381e-03,4.53362865e-14,2.43619805e-16,4.46249550e-14,5.45927283e-03
2068,7988,0.217926,0.330394,8.61962978e-03,7.94691499e-04,9.47898224e-15,3.17165002e-16,9.16478214e-15,3.46069331e-02
2069,7989,0.223454,0.143310,1.98093858e-02,1.85600657e-03,3.15823045e-14,4.34821081e-16,3.13328295e-14,1.38774917e-02
2070,7990,0.212955,0.819103,9.34657268e-03,8.74128193e-04,5.83178389e-14,4.37839377e-16,5.78843139e-14,7.56404192e-03
2071,7991,0.855543,0.232696,2.82293782e-02,2.76573980e-03,9.21339760e-14,1.36006227e-15,9.05766280e-14,1.50155985e-02
2072,7992,0.271875,0.372303,1.14760343e-02,1.09766563e-03,9.72656827e-15,5.34222992e-16,9.56359659e-15,5.58600508e-02
2073,7993,0.281777,0.187948,2.04556286e-02,1.88939355e-03,3.19360017e-14,5.96431315e-16,3.17056934e-14,1.88114894e-02
2074,7994,0.279387,0.672601,8.99801310e-03,8.23368027e-04,5.82142841e-14,4.88490730e-16,5.70380874e-14,8.56429015e-03
2075,7995,0.822919,0.296253,4.42662649e-02,4.38019028e-03,1.03941127e-13,2.05917902e-15,1.03372965e-13,1.99198991e-02
2076,7996,0.276168,0.873599,1.11409072e-02,1.02620153e-03,6.29870030e-14,2.29874498e-16,6.29555408e-14,3.65137834e-03
2077,7997,0.610701,0.150400,3.76658589e-02,3.70173017e-03,6.57330635e-14,8.40217508e-16,6.44823618e-14,1.30301913e-02
2078,7998,0.597114,0.138605,4.27252501e-02,4.28839261e-03,7.00932300e-14,3.34261144e-16,6.88479560e-14,4.85506272e-03
2079,7999,0.862954,0.613828,1.74338389e-02,1.61796703e-03,5.13812591e-14,4.28173593e-16,5.05869760e-14,8.46410730e-03
2080,8000,0.872068,0.630075,1.75999347e-02,1.60582969e-03,4.94803173e-14,3.75413023e-16,4.88787782e-14,7.68049113e-03
2081,8001,0.366629,0.867847,1.31367194e-02,1.22261583e-03,6.78840529e-14,1.64935023e-16,6.74919850e-14,2.44377200e-03
2082,8002,0.384915,0.858875,1.35527980e-02,1.25876116e-03,6.87807558e-14,2.46147589e-16,6.84029724e-14,3.59849259e-03
2083,8003,0.443790,0.137823,2.60243081e-02,2.42951629e-03,5.05325389e-14,5.20214972e-16,4.99944121e-14,1.04054623e-02
2084,8004,0.870385,0.410159,2.85599027e-02,2.81548570e-03,8.27901997e-14,1.17170121e-15,8.16687077e-14,1.43470031e-02
2085,8005,0.553231,0.861851,1.04717165e-02,9.55664495e-04,5.59011862e-14,4.41071020e-16,5.52821948e-14,7.97853669e-03
2086,8006,0.594152,0.868915,1.02445828e-02,9.29490139e-04,5.32930532e-14,4.73114541e-16,5.26560878e-14,8.98499226e-03
2087,8007,0.650914,0.525284,5.28310947e-02,5.38042979e-03,9.23595036e-14,2.76806450e-15,9.12918965e-14,3.03210318e-02
2088,8008,0.533264,0.649941,9.96032637e-03,8.53552716e-04,7.01702558e-14,9.99649438e-16,6.88689963e-14,1.45152317e-02
2089,8009,0.521468,0.113839,3.34443003e-02,3.32629238e-03,6.45172595e-14,6.22971451e-16,6.35986828e-14,9.79535147e-03
2090,8010,0.489157,0.093673,2.59521417e-02,2.41075084e-03,5.58657497e-14,4.20137606e-16,5.57341818e-14,7.53823942e-03
2091,8011,0.480399,0.904325,1.04830340e-02,9.71091795e-04,5.99202288e-14,3.56748652e-16,5.96280973e-14,5.98289511e-03
2092,8012,0.579338,0.858848,1.04488106e-02,9.68948530e-04,5.30599870e-14,2.22873083e-16,5.25526210e-14,4.24095085e-03
2093,8013,0.489433,0.332366,6.99274838e-02,6.18132763e-03,2.02771692e-14,8.79416552e-16,1.96924047e-14,4.46576518e-02
2094,8014,0.249558,0.155633,1.97037980e-02,1.83402898e-03,3.09360048e-14,4.66273797e-16,3.07275703e-14,1.51744441e-02
2095,8015,0.233876,0.341934,1.05637275e-02,1.01531122e-03,1.00118109e-14,5.21437082e-16,9.90378620e-15,5.26502765e-02
2096,8016,0.236992,0.377797,9.58993193e-03,9.01644991e-04,8.46169990e-15,4.89769908e-16,8.30975659e-15,5.89391402e-02
2097,8017,0.144512,0.259405,1.00264894e-02,9.48748842e-04,1.41974868e-14,4.44593618e-16,1.38837179e-14,3.20226629e-02
2098,8018,0.843278,0.261623,3.36373821e-02,3.26966611e-03,9.52470931e-14,1.66082207e-15,9.42487462e-14,1.76216888e-02
2099,8019,0.879385,0.258408,2.87665408e-02,2.87162466e-03,9.17844224e-14,1.52645724e-15,9.05342966e-14,1.68605412e-02
2100,8020,0.260773,0.639228,5.76715125e-03,5.28571662e-04,4.66309357e-14,9.61752443e-16,4.58832869e-14,2.09608445e-02
2101,8021,0.734921,0.158998,2.33841538e-02,2.17181770e-03,6.87219717e-14,1.58997116e-15,6.71754725e-14,2.36689240e-02
2102,8022,0.147302,0.753652,4.27137874e-03,4.03838145e-04,3.99850102e-14,8.50011909e-16,3.95198434e-14,2.15084837e-02
2103,8023,0.241376,0.877713,1.07032694e-02,9.88253276e-04,6.21097683e-14,2.91257705e-16,6.20782790e-14,4.69178125e-03
2104,8024,0.740941,0.880410,1.62279867e-02,1.55356585e-03,3.74763527e-14,9.69399138e-16,3.63370528e-14,2.66779792e-02
2105,8025,0.877841,0.760164,2.21660156e-02,2.05433113e-03,4.56075709e-14,4.53862223e-16,4.49065833e-14,1.01068082e-02
2106,8026,0.153885,0.838206,7.63339084e-03,7.11392378e-04,5.54156398e-14,4.90756120e-16,5.45700536e-14,8.99313978e-03
2107,8027,0.264833,0.315799,1.31918704e-02,1.25717442e-03,1.29856936e-14,6.07883783e-16,1.29062249e-14,4.71000456e-02
2108,8028,0.164018,0.765705,5.15844021e-03,4.61877062e-04,4.41143568e-14,5.84564171e-16,4.31367453e-14,1.35514204e-02
2109,8029,0.151422,0.777174,5.71576320e-03,5.27719443e-04,4.65396358e-14,5.66055654e-16,4.58584349e-14,1.23435450e-02
2110,8030,0.737643,0.184943,2.79317591e-02,2.63544102e-03,7.23427665e-14,1.10147932e-15,6.98849344e-14,1.57613272e-02
2111,8031,0.697422,0.171216,2.92620119e-02,2.76339985e-03,6.58554835e-14,1.83461153e-15,6.44335117e-14,2.84729403e-02
2112,8032,0.831149,0.731620,1.90220606e-02,1.80845778e-03,4.24617074e-14,4.09067097e-16,4.16726454e-14,9.81620181e-03
2113,8033,0.770996,0.834782,1.71927884e-02,1.58271601e-03,3.74847621e-14,4.29556480e-16,3.70975562e-14,1.15791045e-02
2114,8034,0.770996,0.834782,1.89357642e-02,1.76536688e-03,3.83354135e-14,3.90337002e-16,3.79729241e-14,1.02793506e-02
2115,8035,0.821043,0.234703,3.70023064e-02,3.68357496e-03,9.73947485e-14,1.70870305e-15,9.58694929e-14,1.78232198e-02
2116,8036,0.834386,0.227752,3.16093788e-02,3.19580082e-03,9.39412122e-14,1.50725458e-15,9.20982108e-14,1.63657314e-02
2117,8037,0.239255,0.674505,5.38386172e-03,4.90752456e-04,4.47386065e-14,6.56645775e-16,4.38987056e-14,1.49582036e-02
2118,8038,0.271460,0.820432,1.13193402e-02,1.07069651e-03,6.32592733e-14,3.95382910e-16,6.31161993e-14,6.26436500e-03
2119,8039,0.527144,0.303850,9.21808705e-02,7.91110657e-03,4.49782559e-14,3.39913136e-15,4.39503407e-14,7.73402732e-02
2120,8040,0.534241,0.337932,2.30872840e-01,1.16408607e-02,3.20331699e-14,1.02280889e-14,3.10434187e-14,3.29476884e-01
2121,8041,0.620155,0.393712,2.17718557e-01,2.08443347e-02,1.13796288e-13,7.70467860e-15,1.10384392e-13,6.97986235e-02
2122,8042,0.581440,0.417502,2.59669036e-01,2.33322736e-02,1.21897108e-13,1.25420702e-14,1.17620865e-13,1.06631338e-01
2123,8043,0.168880,0.828012,7.51592871e-03,6.92188798e-04,5.31321847e-14,3.73763294e-16,5.25459701e-14,7.11307247e-03
2124,8044,0.184167,0.792865,7.81321991e-03,7.25317746e-04,5.36770708e-14,3.86754820e-16,5.31306464e-14,7.27931704e-03
2125,8045,0.685536,0.802033,1.30035644e-02,1.23771431e-03,4.45264180e-14,8.59247321e-16,4.31218917e-14,1.99260118e-02
2126,8046,0.192073,0.315059,9.08894744e-03,8.66794784e-04,1.10297894e-14,2.65775301e-16,1.06782615e-14,2.48893795e-02
2127,8047,0.181495,0.330931,6.34969445e-03,6.33149932e-04,7.38857353e-15,1.66236754e-16,7.11435254e-15,2.33663925e-02
2128,8048,0.315626,0.201658,2.21771393e-02,2.05413532e-03,3.29281924e-14,5.75399063e-16,3.27674594e-14,1.75600756e-02
2129,8049,0.195126,0.177489,1.67596359e-02,1.61830080e-03,2.41695634e-14,5.20487452e-16,2.37498619e-14,2.19153885e-02
2130,8050,0.163469,0.202085,1.51752643e-02,1.43196050e-03,2.18573430e-14,4.86182830e-16,2.15598701e-14,2.25503599e-02
2131,8051,0.224375,0.684320,4.79179854e-03,4.31402877e-04,4.22892481e-14,5.65287290e-16,4.12044835e-14,1.37190723e-02
2132,8052,0.814232,0.171637,2.85233203e-02,2.90289940e-03,8.69180216e-14,1.85197528e-15,8.55868450e-14,2.16385507e-02
2133,8053,0.365264,0.687440,1.43841067e-02,1.36741286e-03,7.39725799e-14,8.59405822e-16,7.34934439e-14,1.16936393e-02
2134,8054,0.355651,0.673257,1.29459379e-02,1.20325724e-03,7.04102846e-14,8.57661358e-16,6.92077485e-14,1.23925626e-02
2135,8055,0.356491,0.181335,2.39721518e-02,2.24780547e-03,3.63177031e-14,4.23918629e-16,3.55626173e-14,1.19203439e-02
2136,8056,0.644440,0.830332,1.17753362e-02,1.10022933e-03,4.56466496e-14,4.78735134e-16,4.48813350e-14,1.06666866e-02
2137,8057,0.460906,0.967573,8.37212335e-03,7.55299814e-04,5.47103290e-14,4.65030670e-16,5.44044417e-14,8.54766000e-03
2138,8058,0.506152,0.059864,2.64134537e-02,2.43126811e-03,5.75449790e-14,2.17784625e-16,5.73910426e-14,3.79474941e-03
2139,8059,0.527530,0.059159,2.67692655e-02,2.57328595e-03,5.85533954e-14,8.31411211e-17,5.79540959e-14,1.43460302e-03
2140,8060,0.234853,0.819644,1.06872385e-02,9.95973125e-04,6.15613382e-14,4.85491810e-16,6.14803483e-14,7.89669908e-03
2141,8061,0.157594,0.273516,9.62347072e-03,9.26336623e-04,1.33009804e-14,3.37505625e-16,1.29353197e-14,2.60917885e-02
2142,8062,0.128133,0.259580,7.58725964e-03,7.22619647e-04,1.10217723e-14,4.73725781e-16,1.06103006e-14,4.46477247e-02
2143,8063,0.241464,0.632324,4.05696221e-03,3.75885196e-04,3.90706551e-14,1.29030721e-15,3.84846878e-14,3.35278075e-02
2144,8064,0.248137,0.170123,1.94327869e-02,1.80592434e-03,2.98360749e-14,3.44657256e-16,2.95749109e-14,1.16537040e-02
2145,8065,0.736606,0.828426,1.62135027e-02,1.54949923e-03,3.86316921e-14,8.70645791e-16,3.76631811e-14,2.31166292e-02
2146,8066,0.264833,0.315799,1.56982839e-02,1.52835273e-03,1.64764188e-14,6.29704516e-16,1.63612816e-14,3.84874810e-02
2147,8067,0.287154,0.330729,1.51654072e-02,1.45476277e-03,1.46077252e-14,6.63121660e-16,1.45312517e-14,4.56341734e-02
2148,8068,0.254219,0.664923,6.60922797e-03,6.15734258e-04,4.91889041e-14,9.00362671e-16,4.85669989e-14,1.85385692e-02
2149,8069,0.824130,0.278644,4.17624153e-02,4.06262279e-03,1.01646962e-13,1.65626165e-15,1.00442976e-13,1.64895716e-02
2150,8070,0.824130,0.278644,5.14807478e-02,5.01490384e-03,1.09014028e-13,1.77341425e-15,1.08529484e-13,1.63403913e-02
2151,8071,0.206437,0.264685,1.25342831e-02,1.16917759e-03,1.62523329e-14,4.73388185e-16,1.60991741e-14,2.94045013e-02
2152,8072,0.162076,0.291703,6.67335000e-03,6.35086035e-04,9.00804547e-15,4.07649402e-16,8.65666740e-15,4.70908011e-02
2153,8073,0.263809,0.188290,1.93393640e-02,1.81506970e-03,2.90449258e-14,5.60106466e-16,2.88820041e-14,1.93929225e-02
2154,8074,0.233876,0.341934,1.13873668e-02,1.10716769e-03,1.15265040e-14,5.60671595e-16,1.14671913e-14,4.88935415e-02
2155,8075,0.824914,0.213976,3.59305888e-02,3.61706736e-03,9.64544606e-14,1.29072522e-15,9.48108982e-14,1.36136799e-02
2156,8076,0.234853,0.819644,9.97880474e-03,9.29711212e-04,5.99162037e-14,6.76061623e-16,5.97473121e-14,1.13153479e-02
2157,8077,0.196565,0.805813,8.68808758e-03,8.09633930e-04,5.64432568e-14,4.12141933e-16,5.58984113e-14,7.37305271e-03
2158,8078,0.249152,0.689792,6.16181456e-03,5.67526324e-04,4.74476618e-14,7.19095397e-16,4.67164861e-14,1.53927544e-02
2159,8079,0.204029,0.246207,1.48074869e-02,1.37247180e-03,1.98122514e-14,5.99930884e-16,1.95746790e-14,3.06483128e-02
2160,8080,0.152812,0.233957,1.18041020e-02,1.15011353e-03,1.64934323e-14,4.15216821e-16,1.61526693e-14,2.57057712e-02
2161,8081,0.232544,0.167188,1.88655686e-02,1.77363027e-03,2.80219641e-14,4.68275389e-16,2.77817049e-14,1.68555310e-02
2162,8082,0.840047,0.767882,1.98677480e-02,1.88021793e-03,4.23770279e-14,3.84405389e-16,4.14797862e-14,9.26729437e-03
2163,8083,0.819932,0.773312,1.99332424e-02,1.82863220e-03,4.09033565e-14,3.74648919e-16,4.03102268e-14,9.29414070e-03
2164,8084,0.736606,0.828426,1.61823742e-02,1.55391032e-03,3.84753061e-14,9.04825264e-16,3.75158787e-14,2.41184612e-02
2165,8085,0.719557,0.827191,1.51808653e-02,1.45315123e-03,3.90439600e-14,1.06121020e-15,3.80091195e-14,2.79198839e-02
2166,8086,0.826474,0.713082,1.84801668e-02,1.71720947e-03,4.28653796e-14,5.64165871e-16,4.21233110e-14,1.33931986e-02
2167,8087,0.762866,0.822961,1.71507522e-02,1.60790293e-03,3.84974509e-14,6.22201498e-16,3.76975300e-14,1.65050999e-02
2168,8088,0.770996,0.834782,1.79649703e-02,1.63801387e-03,3.80542596e-14,4.99488553e-16,3.76308922e-14,1.32733646e-02
2169,8089,0.175443,0.778980,6.29289402e-03,5.74316073e-04,4.83249373e-14,6.81065206e-16,4.75127479e-14,1.43343679e-02
2170,8090,0.748647,0.198870,3.24420743e-02,3.12012038e-03,7.88454791e-14,3.03408049e-15,7.76978986e-14,3.90497110e-02
2171,8091,0.737643,0.184943,3.82373147e-02,3.70742055e-03,8.24075102e-14,1.56153097e-15,8.00981731e-14,1.94952133e-02
2172,8092,0.799407,0.187644,2.64546610e-02,2.53727683e-03,8.25876571e-14,7.62490430e-16,8.02760094e-14,9.49835992e-03
2173,8093,0.169218,0.716147,4.22791578e-03,3.86089378e-04,3.92575072e-14,1.07168228e-15,3.88384393e-14,2.75933406e-02
2174,8094,0.836330,0.605722,1.91548765e-02,1.78090390e-03,5.36547261e-14,4.08580027e-16,5.28756726e-14,7.72718354e-03
2175,8095,0.655656,0.185004,4.98375706e-02,4.59987391e-03,6.59042116e-14,1.80934348e-15,6.38277273e-14,2.83472960e-02
2176,8096,0.837982,0.643862,1.87917855e-02,1.71317928e-03,5.02561792e-14,2.52631600e-16,4.95137040e-14,5.10225614e-03
2177,8097,0.820062,0.676386,1.82861909e-02,1.70125754e-03,4.72946030e-14,1.26757983e-15,4.62313158e-14,2.74182079e-02
2178,8098,0.350054,0.813215,1.37700122e-02,1.28549966e-03,6.89890514e-14,2.04328077e-16,6.87566120e-14,2.97175895e-03
2179,8099,0.611715,0.550993,3.66964266e-02,3.43269436e-03,7.27221424e-14,3.49972351e-15,7.13550448e-14,4.90466164e-02
2180,8100,0.596810,0.535048,3.81796435e-02,3.49290203e-03,7.27674011e-14,3.64588815e-15,7.10562116e-14,5.13099146e-02
2181,8101,0.387134,0.688594,1.60608497e-02,1.50863593e-03,7.98364060e-14,5.45691818e-16,7.83781948e-14,6.96229123e-03
2182,8102,0.534241,0.337932,2.62900412e-01,1.44710829e-02,4.11327771e-14,1.76055883e-14,3.76807214e-14,4.67230658e-01
2183,8103,0.805755,0.358217,5.64746447e-02,5.66322310e-03,1.15362499e-13,1.06080352e-15,1.14227977e-13,9.28672252e-03
2184,8104,0.901366,0.464419,1.94363873e-02,1.86803157e-03,6.54401595e-14,8.68308244e-16,6.37567053e-14,1.36190890e-02
2185,8105,0.866334,0.432722,2.68332493e-02,2.61423015e-03,7.97197662e-14,1.23647456e-15,7.79738619e-14,1.58575518e-02
2186,8106,0.621138,0.498658,7.03261197e-02,7.60001736e-03,1.05042230e-13,3.58846313e-15,1.02539369e-13,3.49959548e-02
2187,8107,0.634723,0.521867,5.80544695e-02,5.96632203e-03,9.44148934e-14,3.61675911e-15,9.28362815e-14,3.89584659e-02
2188,8108,0.497467,0.867063,1.09557519e-02,1.02231139e-03,6.13044907e-14,2.67676811e-16,6.06647233e-14,4.41239647e-03
2189,8109,0.478616,0.103094,2.74779256e-02,2.60125124e-03,5.80334121e-14,2.19973583e-16,5.74050153e-14,3.83195757e-03
2190,8110,0.526895,0.085501,2.81117223e-02,2.60897586e-03,5.90443832e-14,3.69284951e-16,5.88086098e-14,6.27943684e-03
2191,8111,0.479490,0.925145,9.86516941e-03,8.99401668e-04,5.81508583e-14,5.78399360e-16,5.80667445e-14,9.96094003e-03
2192,8112,0.480399,0.904325,1.08384173e-02,1.01633801e-03,6.13039621e-14,3.63021010e-16,6.09205747e-14,5.95892294e-03
2193,8113,0.502775,0.083741,2.79195607e-02,2.62268540e-03,5.87888638e-14,3.59211426e-16,5.83422606e-14,6.15696791e-03
2194,8114,0.623331,0.355076,3.22544247e-01,3.07271294e-02,1.40704004e-13,2.72925179e-14,1.33379839e-13,2.04622514e-01
2195,8115,0.580837,0.375072,5.90150356e-01,1.04291208e-01,1.60922979e-13,2.58644478e-13,1.49418048e-13,1.73101229e+00
2196,8116,0.493276,0.349312,1.04434870e-01,8.23243521e-03,2.22034576e-14,1.53316860e-15,2.16080138e-14,7.09537033e-02
2197,8117,0.538831,0.308856,1.32383451e-01,8.63294024e-03,5.90534972e-14,3.36784175e-15,5.60310702e-14,6.01066825e-02
2198,8118,0.614746,0.536363,4.65168841e-02,4.66041453e-03,8.38447218e-14,3.89101483e-15,8.26903379e-14,4.70552537e-02
2199,8119,0.586654,0.629123,1.52585171e-02,1.33314822e-03,5.19087269e-14,2.08986787e-15,5.02747529e-14,4.15689338e-02
2200,8120,0.516711,0.954930,7.75119662e-03,6.99275755e-04,5.06971784e-14,8.40376274e-16,5.03942963e-14,1.66760196e-02
2201,8121,0.476410,0.041829,2.37871259e-02,2.26386450e-03,5.56185889e-14,3.07670716e-16,5.49621350e-14,5.59786689e-03
2202,8122,0.515943,0.072721,2.64318772e-02,2.46673846e-03,5.73677932e-14,3.21009790e-16,5.71247761e-14,5.61944943e-03
2203,8123,0.553231,0.861851,1.08168283e-02,9.91308712e-04,5.93229757e-14,4.83792768e-16,5.86941994e-14,8.24259931e-03
2204,8124,0.566606,0.846826,1.08661801e-02,9.96970804e-04,5.90910919e-14,6.05198794e-16,5.83178525e-14,1.03775905e-02
2205,8125,0.443790,0.137823,2.74615418e-02,2.55474215e-03,5.49080502e-14,2.57374640e-16,5.40219691e-14,4.76425878e-03
2206,8126,0.430866,0.154822,2.74973232e-02,2.55712983e-03,5.22978572e-14,4.16720808e-16,5.16074508e-14,8.07481868e-03
2207,8127,0.554161,0.647973,9.90760885e-03,9.48862289e-04,6.22246802e-14,1.64721449e-15,6.10689545e-14,2.69730259e-02
2208,8128,0.547176,0.664445,9.85833816e-03,8.96387966e-04,6.19986308e-14,1.76624168e-15,6.11863736e-14,2.88665854e-02
2209,8129,0.708141,0.787470,1.40505470e-02,1.36376987e-03,4.22105689e-14,9.65259688e-16,4.10828699e-14,2.34954298e-02
2210,8130,0.793627,0.837943,2.13955343e-02,1.98393292e-03,4.01113841e-14,6.65598172e-16,3.96638323e-14,1.67809850e-02
2211,8131,0.838057,0.204983,2.66795494e-02,2.68665235e-03,8.90480520e-14,1.78041328e-15,8.74909276e-14,2.03496903e-02
2212,8132,0.187249,0.673853,3.74380779e-03,3.35977966e-04,3.74535845e-14,6.05821734e-16,3.67015785e-14,1.65066942e-02
2213,8133,0.175443,0.778980,6.91264030e-03,6.34682481e-04,5.05957581e-14,4.43981478e-16,5.00065958e-14,8.87845834e-03
2214,8134,0.180351,0.171696,1.77405067e-02,1.70079712e-03,2.59167636e-14,3.83751533e-16,2.56117776e-14,1.49834010e-02
2215,8135,0.211290,0.182565,1.80586260e-02,1.74095435e-03,2.65489026e-14,4.34386209e-16,2.62270200e-14,1.65625454e-02
2216,8136,0.183677,0.279382,8.90729390e-03,8.62107321e-04,1.13738949e-14,4.63252960e-16,1.09204663e-14,4.24206208e-02
2217,8137,0.782476,0.287943,6.21448532e-02,6.12276932e-03,1.17324566e-13,1.78153030e-15,1.17308019e-13,1.51867734e-02
2218,8138,0.843825,0.406776,3.65688838e-02,3.52477492e-03,9.35471928e-14,1.21158343e-15,9.21595835e-14,1.31465811e-02
2219,8139,0.819932,0.773312,1.88820418e-02,1.87135895e-03,4.10869865e-14,7.64340244e-16,3.99026786e-14,1.91551112e-02
2220,8140,0.835879,0.807479,2.15160996e-02,1.99876307e-03,4.17586328e-14,7.06163851e-16,4.12547600e-14,1.71171484e-02
2221,8141,0.719557,0.827191,1.53269619e-02,1.47304172e-03,3.89956656e-14,9.74346870e-16,3.81203180e-14,2.55597781e-02
2222,8142,0.188897,0.709214,4.05601924e-03,3.91080219e-04,3.85961337e-14,1.07928059e-15,3.82372187e-14,2.82259178e-02
2223,8143,0.787802,0.202320,3.16030085e-02,3.14441836e-03,8.61921415e-14,7.27085247e-16,8.40668477e-14,8.64889390e-03
2224,8144,0.212955,0.819103,9.71954595e-03,9.12763877e-04,5.86461083e-14,5.65424774e-16,5.84268826e-14,9.67747634e-03
2225,8145,0.230498,0.324345,1.20103247e-02,1.14522316e-03,1.30326277e-14,5.76109088e-16,1.28923505e-14,4.46861174e-02
2226,8146,0.824130,0.278644,4.80395965e-02,4.71902639e-03,1.06169237e-13,1.91244115e-15,1.05714930e-13,1.80905494e-02
2227,8147,0.273258,0.698419,8.54165014e-03,8.06279597e-04,5.59072577e-14,1.07233873e-15,5.54038457e-14,1.93549513e-02
2228,8148,0.263809,0.188290,1.94881354e-02,1.83755171e-03,2.83509568e-14,5.68315750e-16,2.81525867e-14,2.01869816e-02
2229,8149,0.375202,0.681674,1.52342897e-02,1.41828007e-03,7.71564548e-14,5.28108525e-16,7.61838983e-14,6.93202287e-03
2230,8150,0.583202,0.152045,4.62471955e-02,4.89491923e-03,7.40090633e-14,8.54184023e-16,7.19227466e-14,1.18764099e-02
2231,8151,0.422678,0.842761,1.38886888e-02,1.30527827e-03,6.98502332e-14,4.06574147e-16,6.93561351e-14,5.86212231e-03
2232,8152,0.872215,0.554314,1.92935467e-02,1.82690576e-03,6.02415389e-14,9.10095185e-16,5.86791493e-14,1.55096861e-02
2233,8153,0.869826,0.590576,1.84387378e-02,1.71627966e-03,5.51407742e-14,6.89381428e-16,5.44341997e-14,1.26644909e-02
2234,8154,0.553410,0.316701,2.63757914e-01,1.40613969e-02,8.57388637e-14,3.19159575e-14,7.80930632e-14,4.08691326e-01
2235,8155,0.542428,0.329589,2.51591384e-01,1.41748944e-02,4.84497730e-14,2.22481284e-14,4.57038412e-14,4.86789027e-01
2236,8156,0.592561,0.326573,9.21805203e-01,3.46843052e+00,1.21558633e-12,4.73928947e-13,1.14267992e-12,4.14752145e-01
2237,8157,0.865986,0.459479,2.23832019e-02,2.15363363e-03,6.99518094e-14,1.83912240e-15,6.93378528e-14,2.65240750e-02
2238,8158,0.846911,0.471156,2.54424047e-02,2.42379773e-03,7.55557658e-14,1.23679675e-15,7.43172613e-14,1.66421195e-02
2239,8159,0.823516,0.443364,3.43147814e-02,3.28068365e-03,8.98219013e-14,1.26182615e-15,8.84560505e-14,1.42650066e-02
2240,8160,0.305733,0.325511,1.93753950e-02,1.91101909e-03,1.86361207e-14,7.59066246e-16,1.83683160e-14,4.13247597e-02
2241,8161,0.304515,0.820880,1.28835449e-02,1.20484817e-03,6.71284182e-14,2.86824149e-16,6.67825238e-14,4.29489832e-03
2242,8162,0.206953,0.323263,9.79238003e-03,9.52162256e-04,1.16223136e-14,3.27159858e-16,1.11876332e-14,2.92429912e-02
2243,8163,0.183677,0.279382,9.27225593e-03,9.07552603e-04,1.24298409e-14,5.08346453e-16,1.21230676e-14,4.19321636e-02
2244,8164,0.188897,0.709214,5.05727669e-03,4.60313691e-04,4.32792230e-14,1.02787406e-15,4.23587794e-14,2.42659036e-02
2245,8165,0.799407,0.187644,3.34463604e-02,3.27977212e-03,9.02542675e-14,8.82491652e-16,8.84430807e-14,9.97807454e-03
2246,8166,0.821972,0.694689,1.82807390e-02,1.70614116e-03,4.58708761e-14,1.35659971e-15,4.46682859e-14,3.03705343e-02
2247,8167,0.810590,0.800103,1.91422347e-02,1.75893994e-03,4.00991394e-14,1.01929054e-15,3.91463697e-14,2.60379328e-02
2248,8168,0.216364,0.778782,7.98399746e-03,7.41209893e-04,5.39168387e-14,7.02462211e-16,5.33737957e-14,1.31611815e-02
2249,8169,0.682925,0.184006,4.33016494e-02,3.93113028e-03,6.81784002e-14,2.83428913e-15,6.67694117e-14,4.24489157e-02
2250,8170,0.650914,0.525284,4.40937392e-02,4.35583573e-03,8.20337044e-14,3.34118795e-15,8.14501597e-14,4.10212573e-02
2251,8171,0.358131,0.296626,2.34544054e-02,2.29391153e-03,2.35344530e-14,7.68900722e-16,2.31088359e-14,3.32730184e-02
2252,8172,0.629474,0.192022,6.58527091e-02,6.57334318e-03,7.30759921e-14,2.32415274e-15,6.99046805e-14,3.32474553e-02
2253,8173,0.306874,0.838280,1.27507588e-02,1.17459882e-03,6.67762964e-14,2.64175203e-16,6.65289899e-14,3.97082841e-03
2254,8174,0.847033,0.510096,2.68170983e-02,2.52493867e-03,7.57003238e-14,9.31313573e-16,7.48921324e-14,1.24353993e-02
2255,8175,0.855582,0.487134,2.23081596e-02,2.11394764e-03,6.90470156e-14,1.43318557e-15,6.78865465e-14,2.11114815e-02
2256,8176,0.518730,0.698013,1.07292403e-02,1.01690087e-03,6.98223421e-14,8.69572865e-16,6.87794683e-14,1.26429134e-02
2257,8177,0.481480,0.705652,1.52373826e-02,1.45124865e-03,7.94760511e-14,9.41399511e-16,7.87115260e-14,1.19601227e-02
2258,8178,0.463001,0.667736,1.51942391e-02,1.43589627e-03,8.14264495e-14,1.08492586e-15,8.05001682e-14,1.34773117e-02
2259,8179,0.606287,0.772355,1.10789342e-02,1.03678566e-03,5.38283001e-14,1.17886192e-15,5.33482831e-14,2.20974668e-02
2260,8180,0.800375,0.415854,5.02574593e-02,4.97220131e-03,1.08621520e-13,1.01691864e-15,1.07496023e-13,9.46005826e-03
2261,8181,0.892434,0.451496,1.64256226e-02,1.58634922e-03,6.04884591e-14,1.53892429e-15,5.89956347e-14,2.60853926e-02
2262,8182,0.624830,0.478146,8.15229490e-02,8.70591030e-03,1.11978040e-13,2.76934796e-15,1.09352265e-13,2.53250169e-02
2263,8183,0.453937,0.884994,1.17028328e-02,1.06975564e-03,6.31163551e-14,4.42075283e-16,6.28616286e-14,7.03251400e-03
2264,8184,0.470678,0.330271,5.15030734e-02,5.27911773e-03,2.27197039e-14,1.76324795e-15,2.25050742e-14,7.83489062e-02
2265,8185,0.593486,0.607938,1.59274396e-02,1.54390011e-03,5.57700452e-14,2.18176269e-15,5.40540953e-14,4.03625789e-02
2266,8186,0.567266,0.646211,1.16151785e-02,1.08098285e-03,5.68008538e-14,1.89617685e-15,5.49368900e-14,3.45155477e-02
2267,8187,0.512869,0.879496,1.05966348e-02,9.74469236e-04,5.92944341e-14,4.52339840e-16,5.86069144e-14,7.71819921e-03
2268,8188,0.471166,0.141484,2.82136872e-02,2.67918687e-03,5.75270219e-14,2.18622142e-16,5.62966523e-14,3.88339507e-03
2269,8189,0.579046,0.664558,1.03851994e-02,9.76960175e-04,5.95435160e-14,1.10359372e-15,5.80596362e-14,1.90079338e-02
2270,8190,0.777876,0.302152,6.51852414e-02,6.52185874e-03,1.21279858e-13,1.40850441e-15,1.20567849e-13,1.16822554e-02
2271,8191,0.314577,0.692373,1.22918980e-02,1.14619860e-03,6.71598194e-14,8.95811775e-16,6.63027440e-14,1.35109306e-02
2272,8192,0.301489,0.210747,2.15874370e-02,2.03421433e-03,3.07598626e-14,2.41107717e-16,3.02191777e-14,7.97863261e-03
2273,8193,0.334326,0.709161,1.35348132e-02,1.28296099e-03,7.10774619e-14,8.06937849e-16,7.00147744e-14,1.15252510e-02
2274,8194,0.639906,0.392325,1.50388241e-01,1.55386822e-02,1.19796967e-13,3.95886471e-15,1.17869310e-13,3.35868998e-02
2275,8195,0.547063,0.147222,4.33742255e-02,4.57152259e-03,7.23552484e-14,7.42349681e-16,7.02294193e-14,1.05703520e-02
2276,8196,0.533421,0.147003,4.01012711e-02,4.07632114e-03,6.94211941e-14,8.20410066e-16,6.80154378e-14,1.20621155e-02
2277,8197,0.444302,0.859902,1.31484475e-02,1.20116747e-03,6.72046308e-14,4.55968053e-16,6.69887797e-14,6.80663321e-03
2278,8198,0.512036,0.294682,7.69562945e-02,6.83859223e-03,5.20216127e-14,3.33462684e-15,5.13600054e-14,6.49265281e-02
2279,8199,0.554185,0.832470,1.07947495e-02,9.83997248e-04,5.80143979e-14,7.49619076e-16,5.73870107e-14,1.30625218e-02
2280,8200,0.419429,0.170930,2.78887022e-02,2.58911354e-03,4.93773384e-14,3.33361251e-16,4.85731145e-14,6.86308166e-03
2281,8201,0.407737,0.160874,2.65153740e-02,2.46219384e-03,4.76972418e-14,4.46582610e-16,4.71937857e-14,9.46274182e-03
2282,8202,0.623331,0.355076,1.93730891e-01,1.97361838e-02,1.41337679e-13,4.77130864e-15,1.36500037e-13,3.49546326e-02
2283,8203,0.384275,0.383624,3.25603709e-02,3.39548849e-03,1.37250551e-14,7.17602078e-16,1.34891606e-14,5.31984234e-02
2284,8204,0.828939,0.629292,1.82482973e-02,1.68391981e-03,5.02928218e-14,3.67504752e-16,4.94689196e-14,7.42900300e-03
2285,8205,0.811027,0.429601,3.96012925e-02,3.81063879e-03,9.70325030e-14,1.15618526e-15,9.56979247e-14,1.20816126e-02
2286,8206,0.399612,0.193017,2.77112667e-02,2.60223192e-03,4.32512607e-14,3.24635250e-16,4.27111180e-14,7.60072004e-03
2287,8207,0.591734,0.782937,1.08202463e-02,9.78770549e-04,5.61137068e-14,9.45367331e-16,5.56939680e-14,1.69743217e-02
2288,8208,0.648560,0.563386,2.97319666e-02,2.72597838e-03,6.73790247e-14,2.04532749e-15,6.58067080e-14,3.10808359e-02
2289,8209,0.626768,0.592900,2.75754929e-02,2.49044807e-03,6.33997656e-14,3.19543116e-15,6.08530763e-14,5.25105936e-02
2290,8210,0.452222,0.705952,1.60345808e-02,1.51533401e-03,8.12186757e-14,7.83007421e-16,8.01693103e-14,9.76692225e-03
2291,8211,0.272222,0.781105,1.10409418e-02,1.02556089e-03,6.23078927e-14,6.78527283e-16,6.20771948e-14,1.09303793e-02
2292,8212,0.201548,0.299068,1.14403963e-02,1.07461284e-03,1.37192114e-14,4.47103588e-16,1.33639285e-14,3.34559997e-02
2293,8213,0.210343,0.736377,6.90025091e-03,6.53970579e-04,4.96903205e-14,1.21830051e-15,4.93221559e-14,2.47008771e-02
2294,8214,0.802086,0.212529,3.92429195e-02,3.93844023e-03,9.52973323e-14,5.39432456e-16,9.32140717e-14,5.78702814e-03
2295,8215,0.205438,0.202416,1.60429515e-02,1.50571333e-03,2.22759585e-14,6.66482792e-16,2.19849214e-14,3.03154503e-02
2296,8216,0.783611,0.798518,1.78103521e-02,1.70076510e-03,3.91049972e-14,1.28926737e-15,3.80792742e-14,3.38574565e-02
2297,8217,0.792926,0.739465,1.74517799e-02,1.62611040e-03,4.16206816e-14,8.44632244e-16,4.06798313e-14,2.07629239e-02
2298,8218,0.159344,0.731915,4.92924592e-03,4.51223488e-04,4.19241464e-14,1.23141025e-15,4.18243694e-14,2.94424105e-02
2299,8219,0.768099,0.191813,2.80449353e-02,2.80094962e-03,7.89407534e-14,2.84155795e-15,7.77055015e-14,3.65682981e-02
2300,8220,0.454706,0.337793,4.68322448e-02,4.74416139e-03,1.99271972e-14,1.08405331e-15,1.97217459e-14,5.49674106e-02
2301,8221,0.809540,0.598522,2.11526491e-02,1.94782554e-03,5.75248196e-14,4.44990612e-16,5.64994659e-14,7.87601449e-03
2302,8222,0.403352,0.849931,1.31319351e-02,1.22100359e-03,6.75369455e-14,3.54709023e-16,6.72731524e-14,5.27266837e-03
2303,8223,0.623331,0.355076,1.71624869e-01,1.71189960e-02,1.25640817e-13,4.82132339e-15,1.24162602e-13,3.88307212e-02
2304,8224,0.282582,0.311331,1.75302569e-02,1.68706290e-03,1.82892049e-14,6.73759705e-16,1.81516484e-14,3.71183757e-02
2305,8225,0.271320,0.801498,1.18550323e-02,1.10484427e-03,6.43557744e-14,3.57503490e-16,6.41191134e-14,5.57561500e-03
2306,8226,0.204466,0.282086,1.15308128e-02,1.07270887e-03,1.47503029e-14,5.28700072e-16,1.43545132e-14,3.68316267e-02
2307,8227,0.224375,0.684320,5.88696543e-03,5.34638704e-04,4.62999864e-14,5.54969158e-16,4.56418621e-14,1.21592138e-02
2308,8228,0.802086,0.212529,3.96720432e-02,3.89048038e-03,9.72172578e-14,5.03269814e-16,9.58190572e-14,5.25229353e-03
2309,8229,0.807118,0.717274,1.79194659e-02,1.69718685e-03,4.35587506e-14,3.52965114e-16,4.28378646e-14,8.23955903e-03
2310,8230,0.783611,0.798518,1.75109170e-02,1.63782912e-03,3.88953396e-14,8.36007913e-16,3.79225324e-14,2.20451500e-02
2311,8231,0.710846,0.219802,4.21675891e-02,4.26491536e-03,7.95632481e-14,2.59886310e-15,7.73359038e-14,3.36048714e-02
2312,8232,0.710846,0.219802,4.75685932e-02,4.84354235e-03,9.04961666e-14,7.14253651e-16,8.66475742e-14,8.24320424e-03
2313,8233,0.868094,0.522192,2.23060939e-02,2.07756809e-03,6.73494396e-14,1.45887259e-15,6.68729124e-14,2.18155982e-02
2314,8234,0.387134,0.688594,1.58432927e-02,1.48753251e-03,7.68780723e-14,6.45447206e-16,7.66691059e-14,8.41860875e-03
2315,8235,0.478616,0.103094,2.65888069e-02,2.54427106e-03,5.64325638e-14,3.61897500e-16,5.56111621e-14,6.50764139e-03
2316,8236,0.547063,0.147222,3.70729379e-02,3.72572057e-03,6.76043897e-14,5.98617560e-16,6.64211999e-14,9.01244724e-03
2317,8237,0.453332,0.872397,1.23246126e-02,1.14036317e-03,6.54632259e-14,5.10319298e-16,6.50371074e-14,7.84658665e-03
2318,8238,0.408570,0.867846,1.24332663e-02,1.14816218e-03,6.59629279e-14,3.27264282e-16,6.56126629e-14,4.98782197e-03
2319,8239,0.544898,0.292094,2.03691781e-01,1.58688091e-02,8.92232590e-14,2.80284473e-14,8.75327575e-14,3.20205236e-01
2320,8240,0.846911,0.471156,2.94413343e-02,2.77051073e-03,8.21474372e-14,1.27119105e-15,8.06279753e-14,1.57661289e-02
2321,8241,0.794521,0.441068,4.82049920e-02,4.70413547e-03,1.06534370e-13,1.55011053e-15,1.05700300e-13,1.46651479e-02
2322,8242,0.569898,0.819506,1.11115156e-02,1.02068891e-03,6.02013624e-14,9.17393645e-16,5.95860912e-14,1.53961038e-02
2323,8243,0.541912,0.706970,1.01485606e-02,9.01692198e-04,6.43346392e-14,1.66461032e-15,6.39284293e-14,2.60386551e-02
2324,8244,0.463001,0.667736,1.61570851e-02,1.53590867e-03,8.33782370e-14,8.89502438e-16,8.21619181e-14,1.08262132e-02
2325,8245,0.218859,0.798047,8.86138622e-03,8.20037967e-04,5.66581050e-14,4.01479959e-16,5.59893623e-14,7.17064710e-03
2326,8246,0.183736,0.214067,1.36301741e-02,1.31077727e-03,1.90085679e-14,3.34347251e-16,1.84654927e-14,1.81065978e-02
2327,8247,0.204029,0.246207,1.32113639e-02,1.24143634e-03,1.78794815e-14,6.34154351e-16,1.75767909e-14,3.60790747e-02
2328,8248,0.242456,0.301337,1.45207895e-02,1.38178491e-03,1.64276196e-14,6.13054866e-16,1.63011169e-14,3.76081510e-02
2329,8249,0.257394,0.705496,7.85830617e-03,7.20271899e-04,5.33191181e-14,8.80995898e-16,5.28374307e-14,1.66737081e-02
2330,8250,0.767277,0.253068,5.54191619e-02,5.86528378e-03,1.11557072e-13,2.13641149e-15,1.09965199e-13,1.94280692e-02
2331,8251,0.280961,0.208141,2.02550404e-02,1.89372734e-03,2.96715777e-14,6.55821347e-16,2.95399996e-14,2.22011292e-02
2332,8252,0.246006,0.187888,1.88150648e-02,1.74515112e-03,2.71060047e-14,5.32330191e-16,2.68770889e-14,1.98060955e-02
2333,8253,0.188897,0.709214,5.36735496e-03,4.98204492e-04,4.44281520e-14,4.95876751e-16,4.36056864e-14,1.13718368e-02
2334,8254,0.418176,0.819356,1.45136835e-02,1.35438784e-03,7.11209588e-14,1.33245509e-16,7.06085581e-14,1.88710140e-03
2335,8255,0.331233,0.801958,1.38289789e-02,1.28328754e-03,6.91417206e-14,2.25982752e-16,6.87682197e-14,3.28615097e-03
2336,8256,0.341355,0.306370,2.14472972e-02,2.09935359e-03,2.11060485e-14,7.61280073e-16,2.07116683e-14,3.67560963e-02
2337,8257,0.358839,0.338632,2.68852934e-02,2.66571180e-03,1.81863835e-14,8.39649996e-16,1.79604951e-14,4.67498247e-02
2338,8258,0.782594,0.673445,1.88931134e-02,1.74346077e-03,4.81924715e-14,1.25257136e-15,4.74592222e-14,2.63925809e-02
2339,8259,0.800075,0.644053,1.96288638e-02,1.82298955e-03,5.06918658e-14,1.71730138e-15,4.97918323e-14,3.44896202e-02
2340,8260,0.669773,0.223033,5.46403080e-02,4.98371013e-03,7.12096940e-14,2.75372613e-15,6.92482909e-14,3.97659798e-02
2341,8261,0.643718,0.202090,6.84269369e-02,6.36418583e-03,7.23772442e-14,2.40386955e-15,6.92186651e-14,3.47286321e-02
2342,8262,0.615104,0.179414,5.44816144e-02,5.42673608e-03,7.40820843e-14,2.02425125e-16,7.27305314e-14,2.78322076e-03
2343,8263,0.836879,0.543385,2.23051216e-02,2.11891695e-03,6.53670233e-14,5.10573302e-16,6.42599716e-14,7.94543305e-03
2344,8264,0.467176,0.308799,5.51344678e-02,5.30645531e-03,3.41890077e-14,1.18613189e-15,3.24739489e-14,3.65256439e-02
2345,8265,0.512036,0.294682,7.08368495e-02,6.64745225e-03,3.78447104e-14,1.61112718e-15,3.57307940e-14,4.50907187e-02
2346,8266,0.793267,0.343894,6.20896071e-02,6.19372772e-03,1.20062434e-13,9.95920587e-16,1.18691501e-13,8.39083317e-03
2347,8267,0.635409,0.792690,1.15084322e-02,1.09193148e-03,5.09505971e-14,8.84632793e-16,4.98751024e-14,1.77369619e-02
2348,8268,0.631142,0.811226,1.19534982e-02,1.14337751e-03,4.85663383e-14,7.41403439e-16,4.76399959e-14,1.55626260e-02
2349,8269,0.362613,0.198765,2.56150309e-02,2.43479107e-03,3.74734864e-14,4.76035110e-16,3.68342035e-14,1.29237248e-02
2350,8270,0.660078,0.602009,2.09403802e-02,1.96475396e-03,5.47021399e-14,3.82312688e-16,5.32936122e-14,7.17370567e-03
2351,8271,0.395722,0.323042,3.42971161e-02,3.50641087e-03,2.10886013e-14,7.49954978e-16,2.07038976e-14,3.62228887e-02
2352,8272,0.407828,0.300340,3.64557952e-02,3.62881785e-03,2.61259029e-14,1.12805286e-15,2.56784882e-14,4.39298781e-02
2353,8273,0.691001,0.485845,6.38424680e-02,6.61751488e-03,1.06511506e-13,2.43520659e-15,1.05900708e-13,2.29951872e-02
2354,8274,0.804483,0.276186,5.82800917e-02,5.67401620e-03,1.13643124e-13,1.98062434e-15,1.13202667e-13,1.74962693e-02
2355,8275,0.273258,0.698419,9.79911909e-03,9.08889226e-04,5.90171222e-14,1.05500812e-15,5.87751486e-14,1.79499014e-02
2356,8276,0.721792,0.809486,1.47598339e-02,1.42611272e-03,4.06635141e-14,8.88146021e-16,3.95876264e-14,2.24349399e-02
2357,8277,0.277422,0.226520,1.98574904e-02,1.86054618e-03,2.76228032e-14,5.42675957e-16,2.73245849e-14,1.98603550e-02
2358,8278,0.199087,0.224953,1.52787315e-02,1.45954697e-03,2.14476162e-14,3.97824614e-16,2.10257210e-14,1.89208548e-02
2359,8279,0.597187,0.305521,6.19825423e-01,3.14719588e-01,3.77285714e-13,9.52699223e-14,3.23814245e-13,2.94211647e-01
2360,8280,0.620155,0.393712,1.31839320e-01,1.39446585e-02,1.19025219e-13,2.91972066e-15,1.16783902e-13,2.50010542e-02
2361,8281,0.487993,0.133532,3.18864472e-02,3.09656607e-03,6.21063395e-14,2.92191188e-16,6.09016350e-14,4.79775606e-03
2362,8282,0.509624,0.849632,1.20613761e-02,1.11361069e-03,6.41121948e-14,2.54036642e-16,6.35034560e-14,4.00035933e-03
2363,8283,0.484302,0.883896,1.17104929e-02,1.08268380e-03,6.32982639e-14,2.94110883e-16,6.27322088e-14,4.68835529e-03
2364,8284,0.697275,0.762800,1.38934487e-02,1.32504106e-03,4.40989340e-14,6.00556683e-16,4.29588107e-14,1.39798256e-02
2365,8285,0.296484,0.735842,1.24140009e-02,1.17279799e-03,6.64165513e-14,8.48422452e-16,6.59152976e-14,1.28714044e-02
2366,8286,0.798170,0.380894,5.53123839e-02,5.47422050e-03,1.14275099e-13,9.03468529e-16,1.13168135e-13,7.98341802e-03
2367,8287,0.618274,0.759609,1.12835225e-02,1.02684204e-03,5.34965139e-14,7.97681578e-16,5.29963341e-14,1.50516369e-02
2368,8288,0.420359,0.209619,2.86983009e-02,2.77076382e-03,4.25081248e-14,6.09076087e-16,4.18117452e-14,1.45671051e-02
2369,8289,0.422817,0.224023,2.98183020e-02,2.93680769e-03,4.10409520e-14,1.01541007e-15,4.01585706e-14,2.52850153e-02
2370,8290,0.354646,0.750221,1.45189622e-02,1.34061882e-03,7.15013647e-14,2.86021056e-16,7.10083102e-14,4.02799413e-03
2371,8291,0.521257,0.740150,1.20357415e-02,1.12775306e-03,6.85770885e-14,1.10279200e-15,6.82179126e-14,1.61657248e-02
2372,8292,0.498493,0.703800,1.29511617e-02,1.24075275e-03,7.30453228e-14,1.40639953e-15,7.26123399e-14,1.93686023e-02
2373,8293,0.452222,0.705952,1.61868352e-02,1.54419569e-03,7.93587879e-14,2.67210255e-16,7.85402423e-14,3.40220817e-03
2374,8294,0.406862,0.700133,1.65949482e-02,1.57139369e-03,8.04462765e-14,6.32521642e-16,7.91874501e-14,7.98765008e-03
2375,8295,0.628791,0.628534,1.59385502e-02,1.44216733e-03,5.04564889e-14,1.34194731e-15,4.94176606e-14,2.71552173e-02
2376,8296,0.579046,0.664558,1.16412472e-02,1.07546663e-03,5.50257031e-14,1.02454871e-15,5.37051821e-14,1.90772784e-02
2377,8297,0.581931,0.647455,1.07378652e-02,9.96972667e-04,5.76859727e-14,1.41598921e-15,5.64621253e-14,2.50785674e-02
2378,8298,0.555647,0.189041,5.30935600e-02,5.55170234e-03,7.71750082e-14,6.31007994e-16,7.49025950e-14,8.42438094e-03
2379,8299,0.442881,0.840129,1.39741823e-02,1.29731675e-03,6.97040963e-14,5.20427260e-16,6.93312053e-14,7.50639280e-03
2380,8300,0.616034,0.312640,5.23856699e-01,1.81256428e-01,3.17915968e-13,3.86543723e-14,2.87023064e-13,1.34673401e-01
2381,8301,0.579832,0.265880,1.58202767e-01,1.72694940e-02,1.11790582e-13,2.57407849e-15,1.02792117e-13,2.50415943e-02
2382,8302,0.585458,0.286170,3.22409272e-01,4.64003645e-02,1.60923765e-13,2.00004418e-14,1.39910463e-13,1.42951724e-01
2383,8303,0.579046,0.664558,1.11700557e-02,1.03567052e-03,5.51920909e-14,1.46518933e-15,5.44280536e-14,2.69197452e-02
2384,8304,0.590857,0.699576,1.04774060e-02,9.65620507e-04,5.87809424e-14,1.21353373e-15,5.81114746e-14,2.08828589e-02
2385,8305,0.464875,0.840370,1.29881706e-02,1.19285507e-03,6.65571995e-14,4.91253540e-16,6.64004171e-14,7.39835021e-03
2386,8306,0.492988,0.840078,1.23851690e-02,1.15085114e-03,6.48623814e-14,3.69192492e-16,6.42431529e-14,5.74679908e-03
2387,8307,0.523840,0.187722,4.38182317e-02,4.61540604e-03,7.12271428e-14,6.43226868e-16,6.88280338e-14,9.34541976e-03
2388,8308,0.479602,0.159190,3.33715454e-02,3.29896086e-03,6.12046763e-14,1.36732241e-16,5.98497963e-14,2.28458991e-03
2389,8309,0.495200,0.251674,4.50998917e-02,4.35282337e-03,4.75381724e-14,1.43682559e-15,4.66565229e-14,3.07958137e-02
2390,8310,0.494813,0.293339,5.27839139e-02,4.93697356e-03,4.33207242e-14,1.07974032e-15,4.14168211e-14,2.60700916e-02
2391,8311,0.488023,0.755612,1.41493697e-02,1.34338473e-03,7.38504174e-14,9.11122531e-16,7.30975813e-14,1.24644689e-02
2392,8312,0.465733,0.703859,1.53025826e-02,1.45973335e-03,7.76801041e-14,9.68572752e-16,7.74666857e-14,1.25030875e-02
2393,8313,0.378502,0.747861,1.59266088e-02,1.49259914e-03,7.59744576e-14,3.87061367e-16,7.53265587e-14,5.13844484e-03
2394,8314,0.659682,0.374285,1.06693506e-01,1.13625219e-02,1.34593657e-13,2.98604673e-15,1.33194616e-13,2.24186744e-02
2395,8315,0.912905,0.492145,1.57830827e-02,1.52958359e-03,5.63721907e-14,1.25748002e-15,5.53245973e-14,2.27291310e-02
2396,8316,0.299897,0.305679,1.93285421e-02,1.90164591e-03,2.03355721e-14,6.82045858e-16,2.00803339e-14,3.39658623e-02
2397,8317,0.302578,0.803911,1.29052736e-02,1.20413967e-03,6.67055319e-14,2.78886339e-16,6.63415720e-14,4.20379455e-03
2398,8318,0.781139,0.688467,1.79623850e-02,1.64295745e-03,4.40841448e-14,9.28475271e-16,4.29796410e-14,2.16026763e-02
2399,8319,0.801242,0.676156,1.83581132e-02,1.75815751e-03,4.63743593e-14,1.42048156e-15,4.55573723e-14,3.11800590e-02
2400,8320,0.710846,0.219802,5.21263145e-02,4.87820618e-03,7.94638606e-14,4.79334039e-15,7.82365031e-14,6.12673139e-02
2401,8321,0.830990,0.523588,2.40233485e-02,2.22241622e-03,7.04912948e-14,9.30928173e-16,6.85592330e-14,1.35784508e-02
2402,8322,0.537640,0.620714,1.02660339e-02,9.25786910e-04,6.27754955e-14,2.26994411e-15,6.16858317e-14,3.67984682e-02
2403,8323,0.654480,0.782079,1.27326632e-02,1.20740302e-03,4.57677854e-14,1.14811727e-15,4.49050858e-14,2.55676444e-02
2404,8324,0.788729,0.368092,6.05277233e-02,5.90769388e-03,1.18255937e-13,1.06145817e-15,1.17559296e-13,9.02913005e-03
2405,8325,0.379749,0.207014,2.64596362e-02,2.62778834e-03,3.88195369e-14,6.59494135e-16,3.86353377e-14,1.70697132e-02
2406,8326,0.669417,0.541783,4.32341956e-02,4.24928172e-03,8.27480242e-14,2.89643340e-15,8.17276951e-14,3.54400475e-02
2407,8327,0.575338,0.173756,4.97243591e-02,5.12613170e-03,7.43387014e-14,4.01410184e-16,7.26479152e-14,5.52541918e-03
2408,8328,0.827811,0.534258,2.46094018e-02,2.31915945e-03,6.95767500e-14,8.55375534e-16,6.88185267e-14,1.24294369e-02
2409,8329,0.869826,0.590576,1.73474215e-02,1.56157557e-03,5.26697894e-14,1.11065893e-15,5.18163596e-14,2.14345225e-02
2410,8330,0.748749,0.783575,1.60195231e-02,1.51223503e-03,3.95345547e-14,8.43104779e-16,3.88049781e-14,2.17267170e-02
2411,8331,0.748749,0.783575,1.57751814e-02,1.47145556e-03,3.94387993e-14,7.78395644e-16,3.85620253e-14,2.01855488e-02
2412,8332,0.184167,0.792865,8.02651607e-03,7.40888412e-04,5.38634079e-14,4.33548414e-16,5.35358704e-14,8.09827899e-03
2413,8333,0.254499,0.781844,9.83163528e-03,9.16224613e-04,5.86341956e-14,6.44373962e-16,5.83044694e-14,1.10518794e-02
2414,8334,0.296484,0.735842,1.06588211e-02,9.83453821e-04,6.12601942e-14,9.46263386e-16,6.06208267e-14,1.56095428e-02
2415,8335,0.226040,0.718988,7.78429583e-03,7.30305503e-04,5.26657710e-14,9.34710704e-16,5.23445660e-14,1.78568813e-02
2416,8336,0.196153,0.732253,6.55548228e-03,6.01280015e-04,4.85622251e-14,6.23996043e-16,4.81236009e-14,1.29665285e-02
2417,8337,0.243778,0.206484,1.71309076e-02,1.59453216e-03,2.36754653e-14,6.08604290e-16,2.34695974e-14,2.59316034e-02
2418,8338,0.274067,0.241146,1.83218922e-02,1.71533180e-03,2.40620207e-14,5.98578384e-16,2.38887025e-14,2.50569651e-02
2419,8339,0.240488,0.282304,1.39535870e-02,1.28499116e-03,1.68823509e-14,6.09023307e-16,1.67142216e-14,3.64374316e-02
2420,8340,0.688171,0.558031,3.61967795e-02,3.33896861e-03,7.63785872e-14,2.34741841e-15,7.53691949e-14,3.11455948e-02
2421,8341,0.654744,0.628291,1.84830688e-02,1.74731435e-03,5.14570618e-14,5.46368862e-16,5.05614566e-14,1.08060348e-02
2422,8342,0.446275,0.321714,4.44077924e-02,4.34752833e-03,2.73715326e-14,1.21378625e-15,2.67723279e-14,4.53373443e-02
2423,8343,0.839880,0.495076,2.48044021e-02,2.33421265e-03,7.29735012e-14,1.37887816e-15,7.22351053e-14,1.90887541e-02
2424,8344,0.663911,0.431159,9.46102515e-02,9.67213139e-03,1.19116536e-13,7.22190985e-16,1.18179243e-13,6.11097995e-03
2425,8345,0.660835,0.451525,8.52721184e-02,8.43269657e-03,1.17473102e-13,4.72712571e-16,1.16328808e-13,4.06358991e-03
2426,8346,0.662737,0.509751,5.04164845e-02,4.88123484e-03,9.12353418e-14,1.97323355e-15,9.01659864e-14,2.18844559e-02
2427,8347,0.657800,0.499974,6.33882880e-02,6.60867430e-03,1.00628226e-13,2.43007336e-15,9.95220616e-14,2.44174339e-02
2428,8348,0.442792,0.165716,2.90475450e-02,2.67895381e-03,5.37208353e-14,3.08183329e-16,5.29422460e-14,5.82112307e-03
2429,8349,0.543258,0.815797,1.14764180e-02,1.06130412e-03,6.17832201e-14,7.98932223e-16,6.11889689e-14,1.30568015e-02
2430,8350,0.566341,0.625249,1.27818594e-02,1.14056235e-03,5.67641874e-14,1.46227014e-15,5.59768262e-14,2.61227769e-02
2431,8351,0.510910,0.243078,5.32647632e-02,4.82298620e-03,5.89549568e-14,1.33922961e-15,5.63558193e-14,2.37638211e-02
2432,8352,0.349743,0.206492,2.31006481e-02,2.16508424e-03,3.38464100e-14,2.36826759e-16,3.31587412e-14,7.14221200e-03
2433,8353,0.304288,0.264610,2.07091682e-02,1.97174074e-03,2.42464486e-14,6.15631381e-16,2.38683280e-14,2.57928156e-02
2434,8354,0.793267,0.343894,6.24274984e-02,6.23718556e-03,1.19961929e-13,9.13582314e-16,1.18664030e-13,7.69889840e-03
2435,8355,0.725741,0.302701,8.48584622e-02,9.21235047e-03,1.35253760e-13,1.76874593e-15,1.32463607e-13,1.33526934e-02
2436,8356,0.334326,0.709161,1.38658127e-02,1.28877407e-03,7.11665021e-14,4.10255802e-16,7.04072624e-14,5.82689610e-03
2437,8357,0.398212,0.733046,1.62498802e-02,1.54248218e-03,7.77412260e-14,6.51831981e-16,7.66909526e-14,8.49946388e-03
2438,8358,0.721091,0.758590,1.49818044e-02,1.40612351e-03,4.19640383e-14,3.88813084e-16,4.11602515e-14,9.44632430e-03
2439,8359,0.768703,0.396772,6.62921891e-02,6.61202613e-03,1.24742542e-13,8.99210706e-16,1.23029801e-13,7.30888533e-03
2440,8360,0.420359,0.209619,3.10317725e-02,3.00463173e-03,4.46002556e-14,8.63858780e-16,4.37648236e-14,1.97386556e-02
2441,8361,0.420580,0.241570,3.14165652e-02,3.02504376e-03,3.69282208e-14,7.52875653e-16,3.64702199e-14,2.06435732e-02
2442,8362,0.568959,0.778812,1.07854838e-02,9.77556803e-04,5.79668082e-14,1.06240992e-15,5.74880109e-14,1.84805476e-02
2443,8363,0.775093,0.379554,6.69133812e-02,6.59523578e-03,1.23375675e-13,1.30927079e-15,1.22519277e-13,1.06862432e-02
2444,8364,0.638368,0.752922,1.23018892e-02,1.15210819e-03,4.86692833e-14,8.99154127e-17,4.78033886e-14,1.88094224e-03
2445,8365,0.463781,0.741958,1.56153254e-02,1.46970327e-03,7.70076751e-14,1.67621534e-16,7.65120186e-14,2.19078697e-03
2446,8366,0.552993,0.726195,1.03680091e-02,9.28619294e-04,6.32685907e-14,1.87188289e-15,6.25650044e-14,2.99190083e-02
2447,8367,0.576418,0.793728,1.09767187e-02,9.96259972e-04,6.00655390e-14,1.00535802e-15,5.95886594e-14,1.68716334e-02
2448,8368,0.416268,0.195311,2.95224134e-02,2.84587615e-03,4.61233224e-14,7.93438632e-16,4.51479098e-14,1.75742052e-02
2449,8369,0.546779,0.254758,7.75871128e-02,6.77683111e-03,8.03969860e-14,2.70656122e-15,7.88262413e-14,3.43357894e-02
2450,8370,0.373001,0.724371,1.48144914e-02,1.38255826e-03,7.30949454e-14,2.73431023e-16,7.25015073e-14,3.77138398e-03
2451,8371,0.360001,0.771292,1.51208714e-02,1.41635002e-03,7.25087443e-14,3.01974366e-16,7.23692075e-14,4.17269135e-03
2452,8372,0.342468,0.770078,1.41649703e-02,1.32156094e-03,6.99117955e-14,2.68259225e-16,6.96890123e-14,3.84937620e-03
2453,8373,0.350283,0.779648,1.44957658e-02,1.34823413e-03,7.09078860e-14,2.34879086e-16,7.07448016e-14,3.32008969e-03
2454,8374,0.669773,0.223033,7.25473687e-02,6.91097183e-03,7.85455888e-14,2.17135964e-15,7.49729461e-14,2.89619090e-02
2455,8375,0.642402,0.243919,9.89494473e-02,9.47134104e-03,8.85419057e-14,3.09298993e-15,8.27326421e-14,3.73853640e-02
2456,8376,0.342777,0.261421,2.47159302e-02,2.39985506e-03,2.81360865e-14,7.60207729e-16,2.75417438e-14,2.76020187e-02
2457,8377,0.358131,0.296626,2.56970953e-02,2.51794932e-03,2.59103364e-14,8.75808033e-16,2.55146178e-14,3.43257359e-02
2458,8378,0.627917,0.335796,3.65227103e-01,4.23662663e-02,1.95761525e-13,1.92060164e-14,1.78004516e-13,1.07896231e-01
2459,8379,0.583954,0.769018,1.07617658e-02,9.69845336e-04,5.95354386e-14,1.09939254e-15,5.91453563e-14,1.85879774e-02
2460,8380,0.438858,0.220603,3.41928415e-02,3.39196459e-03,4.48720955e-14,1.02945727e-15,4.45509650e-14,2.31074067e-02
2461,8381,0.623359,0.295448,3.83494824e-01,7.36640841e-02,2.12671121e-13,1.53678831e-14,2.01441376e-13,7.62896056e-02
2462,8382,0.560610,0.804546,1.14545757e-02,1.06191158e-03,6.18441726e-14,9.66408477e-16,6.15858750e-14,1.56920475e-02
2463,8383,0.479602,0.159190,3.17586102e-02,3.12480261e-03,5.79482751e-14,3.84188310e-16,5.65514534e-14,6.79360631e-03
2464,8384,0.468925,0.182379,3.05589624e-02,2.88092555e-03,5.44006673e-14,6.33601767e-16,5.34431813e-14,1.18556147e-02
2465,8385,0.632278,0.657795,1.60637461e-02,1.48794963e-03,4.96983537e-14,5.28890178e-16,4.91112820e-14,1.07692195e-02
2466,8386,0.621282,0.674062,1.40873054e-02,1.30596699e-03,5.02524827e-14,2.62266282e-16,4.94249857e-14,5.30635018e-03
2467,8387,0.302196,0.787746,1.29103130e-02,1.18681835e-03,6.66968108e-14,1.92178369e-16,6.63794445e-14,2.89514879e-03
2468,8388,0.691855,0.227874,6.65377900e-02,6.42580865e-03,9.70707821e-14,5.63893042e-15,9.62194666e-14,5.86048813e-02
2469,8389,0.661412,0.236207,7.87027776e-02,8.20476841e-03,9.11082597e-14,2.41243962e-15,8.76549945e-14,2.75219870e-02
2470,8390,0.317119,0.298070,2.10593231e-02,2.01990712e-03,2.27372645e-14,6.85953750e-16,2.23425828e-14,3.07016318e-02
2471,8391,0.607579,0.688958,1.25345308e-02,1.16181653e-03,5.15227136e-14,7.40854932e-16,5.09650678e-14,1.45365240e-02
2472,8392,0.492988,0.840078,1.27893835e-02,1.19375717e-03,6.64179202e-14,3.06334548e-16,6.57705363e-14,4.65762582e-03
2473,8393,0.495911,0.151513,3.53631303e-02,3.54351499e-03,6.48519189e-14,4.62211797e-16,6.33872973e-14,7.29186789e-03
2474,8394,0.678051,0.373538,1.14029452e-01,1.23985251e-02,1.40710103e-13,3.08198867e-15,1.38586205e-13,2.22387840e-02
2475,8395,0.885868,0.517240,1.72023010e-02,1.59306964e-03,5.73601225e-14,1.88401557e-15,5.70026272e-14,3.30513814e-02
2476,8396,0.830990,0.523588,2.66157929e-02,2.47141276e-03,7.30603661e-14,1.55881241e-15,7.29455355e-14,2.13695383e-02
2477,8397,0.825479,0.503942,2.75851227e-02,2.57658912e-03,7.70288645e-14,9.26245986e-16,7.61514197e-14,1.21632136e-02
2478,8398,0.441298,0.819171,1.47618512e-02,1.39389641e-03,7.19416185e-14,6.71610730e-16,7.15055727e-14,9.39242501e-03
2479,8399,0.816769,0.574570,2.22662576e-02,2.05984153e-03,6.19323589e-14,6.84505324e-16,6.09284690e-14,1.12345729e-02
2480,8400,0.812077,0.518013,2.87478566e-02,2.72128638e-03,7.68145584e-14,1.20208216e-15,7.61366068e-14,1.57884914e-02
2481,8401,0.748749,0.783575,1.65620055e-02,1.59033446e-03,3.87078438e-14,8.78258446e-16,3.78344579e-14,2.32131896e-02
2482,8402,0.230640,0.738743,8.67532752e-03,8.00109119e-04,5.59473427e-14,5.07201211e-16,5.50043375e-14,9.22111299e-03
2483,8403,0.235321,0.697951,6.82469131e-03,6.28729875e-04,4.93824206e-14,6.85874818e-16,4.90213508e-14,1.39913488e-02
2484,8404,0.264283,0.720923,8.38284940e-03,7.65037839e-04,5.45975076e-14,7.11736904e-16,5.41771489e-14,1.31372159e-02
2485,8405,0.767277,0.253068,5.21932058e-02,5.19307051e-03,1.05373684e-13,2.33881086e-15,1.03661552e-13,2.25619895e-02
2486,8406,0.260049,0.225766,1.81009583e-02,1.69369567e-03,2.49206597e-14,5.59590675e-16,2.47061062e-14,2.26498935e-02
2487,8407,0.239910,0.263157,1.50486473e-02,1.38632348e-03,1.91888301e-14,5.63368866e-16,1.89536700e-14,2.97234713e-02
2488,8408,0.691010,0.523383,4.92344648e-02,4.96427855e-03,9.24657486e-14,2.65358058e-15,9.17867196e-14,2.89102889e-02
2489,8409,0.569511,0.192053,5.80007620e-02,5.99952182e-03,7.84823595e-14,5.03912923e-16,7.66135202e-14,6.57733677e-03
2490,8410,0.540188,0.187620,5.48551604e-02,5.79692097e-03,7.76774681e-14,8.58363919e-16,7.50165311e-14,1.14423302e-02
2491,8411,0.441298,0.819171,1.44868279e-02,1.36032887e-03,7.09661076e-14,5.56048913e-16,7.07761486e-14,7.85644492e-03
2492,8412,0.654480,0.782079,1.26725985e-02,1.16590795e-03,4.65719992e-14,6.29657611e-16,4.60540690e-14,1.36721385e-02
2493,8413,0.332914,0.244370,2.28356719e-02,2.17447150e-03,3.06680442e-14,5.02560794e-16,3.01029241e-14,1.66947500e-02
2494,8414,0.776437,0.354253,7.40066916e-02,7.84179009e-03,1.30590566e-13,1.12537284e-15,1.28657461e-13,8.74704691e-03
2495,8415,0.781877,0.330546,7.23951384e-02,7.52172759e-03,1.27728205e-13,1.34148142e-16,1.25937929e-13,1.06519253e-03
2496,8416,0.307630,0.240407,2.14988701e-02,2.04353943e-03,2.82311745e-14,4.87085026e-16,2.76101960e-14,1.76414911e-02
2497,8417,0.298671,0.251988,2.03676280e-02,1.90929172e-03,2.55196712e-14,4.52918364e-16,2.51165123e-14,1.80326933e-02
2498,8418,0.338586,0.742636,1.34247914e-02,1.25480688e-03,6.91194945e-14,4.05873677e-16,6.83593536e-14,5.93735394e-03
2499,8419,0.780865,0.454425,4.98337001e-02,4.78984416e-03,1.07936961e-13,9.94328059e-16,1.06637206e-13,9.32440089e-03
2500,8420,0.758707,0.414956,5.73878549e-02,5.66217070e-03,1.16398969e-13,8.51858441e-16,1.14417400e-13,7.44518263e-03
2501,8421,0.422817,0.224023,3.12660038e-02,2.93913623e-03,3.98625631e-14,4.10103760e-16,3.88653682e-14,1.05519072e-02
2502,8422,0.775093,0.379554,6.81199208e-02,6.69365143e-03,1.25444170e-13,1.03312683e-15,1.24247604e-13,8.31506439e-03
2503,8423,0.576799,0.755307,1.08077237e-02,9.90266446e-04,5.71441088e-14,9.04055946e-16,5.66537004e-14,1.59575798e-02
2504,8424,0.629696,0.768785,1.19391549e-02,1.09368865e-03,4.99477677e-14,2.57699027e-16,4.92906361e-14,5.22815382e-03
2505,8425,0.552993,0.726195,1.05607845e-02,9.85488063e-04,6.18471406e-14,1.55872496e-15,6.11349892e-14,2.54964461e-02
2506,8426,0.495200,0.251674,5.18213287e-02,4.67325561e-03,5.26252592e-14,7.56661996e-16,5.03596629e-14,1.50251601e-02
2507,8427,0.510910,0.243078,5.90667427e-02,5.85785042e-03,6.95141779e-14,2.10922596e-15,6.72901811e-14,3.13452264e-02
2508,8428,0.338586,0.742636,1.42604411e-02,1.32404140e-03,7.08309754e-14,2.33460544e-16,7.03618682e-14,3.31799809e-03
2509,8429,0.835915,0.457138,3.18497755e-02,3.03969323e-03,8.52202152e-14,9.30993182e-16,8.38212963e-14,1.11068812e-02
2510,8430,0.335234,0.774899,1.37937944e-02,1.28396950e-03,6.89453716e-14,2.52178596e-16,6.87788517e-14,3.66651361e-03
2511,8431,0.764020,0.671913,1.83144119e-02,1.71819667e-03,4.62613211e-14,1.18700698e-15,4.53583670e-14,2.61695265e-02
2512,8432,0.376588,0.326985,2.95769926e-02,2.91810604e-03,2.23749225e-14,7.79712992e-16,2.20261279e-14,3.53994582e-02
2513,8433,0.393389,0.305087,3.30843851e-02,3.40209482e-03,2.34034068e-14,8.45798026e-16,2.32933112e-14,3.63107683e-02
2514,8434,0.669489,0.470938,7.60428235e-02,7.57522369e-03,1.12515540e-13,1.28514581e-15,1.11393987e-13,1.15369406e-02
2515,8435,0.823516,0.443364,3.65370214e-02,3.55040631e-03,9.24534632e-14,1.11459986e-15,9.11789633e-14,1.22243094e-02
2516,8436,0.794631,0.466911,3.79536450e-02,3.57278250e-03,9.34990068e-14,9.31721737e-16,9.24310948e-14,1.00801764e-02
2517,8437,0.405564,0.234518,2.91013233e-02,2.87316414e-03,3.42521388e-14,1.15959329e-15,3.40398689e-14,3.40657391e-02
2518,8438,0.387228,0.260912,2.82550082e-02,2.83083203e-03,2.83639892e-14,1.05704492e-15,2.81178923e-14,3.75933199e-02
2519,8439,0.378502,0.747861,1.55809224e-02,1.46088365e-03,7.40741087e-14,3.90816502e-16,7.39249157e-14,5.28666822e-03
2520,8440,0.370159,0.783475,1.46898320e-02,1.37561839e-03,7.14645153e-14,2.83850958e-16,7.12179474e-14,3.98566609e-03
2521,8441,0.610363,0.256675,1.72521681e-01,1.97897870e-02,1.09240010e-13,7.49296611e-15,1.01686671e-13,7.36868069e-02
2522,8442,0.616561,0.213250,1.02024913e-01,1.02183437e-02,8.43267039e-14,5.63401593e-15,7.93064887e-14,7.10410463e-02
2523,8443,0.590857,0.699576,1.12890257e-02,1.04596023e-03,5.43916007e-14,1.41167104e-15,5.37541677e-14,2.62616109e-02
2524,8444,0.485439,0.177014,3.64564322e-02,3.70874116e-03,6.30794448e-14,6.89611927e-16,6.11641678e-14,1.12747700e-02
2525,8445,0.479338,0.832688,1.34636965e-02,1.25056808e-03,6.78647744e-14,5.30735386e-16,6.75700679e-14,7.85459306e-03
2526,8446,0.623359,0.295448,3.58982563e-01,4.65128124e-02,1.97827540e-13,2.05595564e-14,1.90340704e-13,1.08014502e-01
2527,8447,0.675119,0.421521,9.24043879e-02,9.07799043e-03,1.23258161e-13,6.03180367e-16,1.22207461e-13,4.93570822e-03
2528,8448,0.734604,0.365875,7.66738728e-02,8.16015992e-03,1.33477051e-13,8.27135402e-16,1.30680108e-13,6.32946680e-03
2529,8449,0.687813,0.431979,7.35301450e-02,7.17717968e-03,1.22278245e-13,1.04165825e-15,1.20831784e-13,8.62073051e-03
2530,8450,0.674114,0.441804,7.68906400e-02,7.50251347e-03,1.15558808e-13,4.54762566e-16,1.14166800e-13,3.98331708e-03
2531,8451,0.794521,0.441068,4.19755019e-02,4.06634808e-03,9.94981956e-14,1.23047354e-15,9.84485659e-14,1.24986436e-02
2532,8452,0.794631,0.466911,4.32687402e-02,4.10581473e-03,1.00231909e-13,8.82980708e-16,9.90952993e-14,8.91041971e-03
2533,8453,0.402419,0.803893,1.49785820e-02,1.39637722e-03,7.19117691e-14,3.87730602e-16,7.17732351e-14,5.40216142e-03
2534,8454,0.576388,0.209549,7.53114596e-02,7.19355280e-03,8.28186667e-14,1.37111648e-15,8.18955499e-14,1.67422586e-02
2535,8455,0.674087,0.505533,5.64376153e-02,5.69098629e-03,9.98754505e-14,2.27299364e-15,9.90555091e-14,2.29466656e-02
2536,8456,0.748596,0.231222,4.89564389e-02,4.83547896e-03,9.51358539e-14,1.89302483e-15,9.34285540e-14,2.02617374e-02
2537,8457,0.679073,0.232660,7.67472610e-02,7.20535219e-03,9.55872954e-14,5.09259374e-15,9.38356990e-14,5.42713892e-02
2538,8458,0.739564,0.752737,1.62266232e-02,1.55506015e-03,4.00468097e-14,9.35968866e-16,3.92516152e-14,2.38453593e-02
2539,8459,0.236468,0.781175,8.90894327e-03,8.28218239e-04,5.58982995e-14,7.30166117e-16,5.56032203e-14,1.31317235e-02
2540,8460,0.746723,0.249539,5.69259226e-02,5.63813699e-03,1.05719273e-13,2.82936851e-15,1.04644171e-13,2.70379942e-02
2541,8461,0.776832,0.231694,4.57250364e-02,4.62900568e-03,1.00861607e-13,1.02088921e-15,9.95094984e-14,1.02592137e-02
2542,8462,0.255722,0.262786,1.62710790e-02,1.51984650e-03,2.05533358e-14,5.53960977e-16,2.03219162e-14,2.72592885e-02
2543,8463,0.222867,0.263931,1.27025833e-02,1.18671556e-03,1.56605635e-14,5.47455870e-16,1.54888563e-14,3.53451448e-02
2544,8464,0.627917,0.335796,2.11941287e-01,2.10061129e-02,1.61024216e-13,2.70466620e-15,1.52478927e-13,1.77379671e-02
2545,8465,0.825479,0.503942,3.08803506e-02,2.85960827e-03,8.22394250e-14,8.10090293e-16,8.11817654e-14,9.97872231e-03
2546,8466,0.793645,0.490549,3.45083028e-02,3.27593065e-03,8.78974492e-14,7.43343462e-16,8.69725163e-14,8.54687772e-03
2547,8467,0.640409,0.409461,1.11176334e-01,1.20920073e-02,1.25160502e-13,3.10795934e-15,1.23385528e-13,2.51890104e-02
2548,8468,0.342777,0.261421,2.21638530e-02,2.09782994e-03,2.67006689e-14,6.05591553e-16,2.62291443e-14,2.30884982e-02
2549,8469,0.335234,0.774899,1.37512600e-02,1.26648159e-03,6.87919977e-14,1.84389213e-16,6.83975785e-14,2.69584416e-03
2550,8470,0.764515,0.655266,1.90103669e-02,1.76879892e-03,4.93576500e-14,1.45027033e-15,4.82141182e-14,3.00797854e-02
2551,8471,0.398789,0.340245,3.21210846e-02,3.13912472e-03,1.75110103e-14,7.45748930e-16,1.72491026e-14,4.32340712e-02
2552,8472,0.706873,0.385252,9.06498283e-02,9.42119863e-03,1.37893101e-13,1.13896963e-15,1.36414561e-13,8.34932589e-03
2553,8473,0.661718,0.408295,9.88420397e-02,1.05795721e-02,1.30182879e-13,2.71560245e-15,1.29131203e-13,2.10297929e-02
2554,8474,0.359911,0.249839,2.37521864e-02,2.27750908e-03,2.93577215e-14,6.02260278e-16,2.87691183e-14,2.09342626e-02
2555,8475,0.406874,0.778318,1.55749843e-02,1.44847215e-03,7.41831591e-14,3.24400702e-16,7.37567424e-14,4.39825148e-03
2556,8476,0.642033,0.261321,1.31413400e-01,1.21418992e-02,1.02986826e-13,8.07559179e-15,9.87859900e-14,8.17483511e-02
2557,8477,0.595903,0.259010,1.75942913e-01,2.12005936e-02,1.12388201e-13,8.78091104e-15,1.02152221e-13,8.59590811e-02
2558,8478,0.751263,0.640075,2.07119156e-02,1.93408120e-03,5.30864957e-14,5.65333294e-16,5.24118136e-14,1.07863715e-02
2559,8479,0.765786,0.598214,2.32908763e-02,2.22610403e-03,6.02318624e-14,5.88492763e-16,5.90871278e-14,9.95974563e-03
2560,8480,0.639843,0.298355,2.92251736e-01,3.72001901e-02,1.72766681e-13,1.73083526e-14,1.68200713e-13,1.02902968e-01
2561,8481,0.669721,0.323243,1.55487120e-01,1.72218066e-02,1.58017466e-13,4.65963920e-15,1.52758679e-13,3.05032699e-02
2562,8482,0.807699,0.558854,2.44581681e-02,2.28170608e-03,6.67748937e-14,9.33841860e-16,6.56545808e-14,1.42235599e-02
2563,8483,0.791292,0.565961,2.70551443e-02,2.56183720e-03,7.20298048e-14,9.14704633e-16,7.09879814e-14,1.28853450e-02
2564,8484,0.479901,0.817943,1.35038216e-02,1.25569687e-03,6.80888451e-14,7.45732307e-16,6.80059985e-14,1.09656842e-02
2565,8485,0.607579,0.688958,1.28193088e-02,1.18990662e-03,4.98145768e-14,8.60637461e-16,4.92338815e-14,1.74805933e-02
2566,8486,0.515749,0.781362,1.31628038e-02,1.21789332e-03,6.77837642e-14,7.62135629e-16,6.77430795e-14,1.12503836e-02
2567,8487,0.438028,0.234910,3.50360014e-02,3.26816854e-03,4.18821709e-14,6.21212164e-16,4.10477655e-14,1.51338850e-02
2568,8488,0.426824,0.233139,3.29389609e-02,3.13983043e-03,4.01179876e-14,4.75100251e-16,3.96680471e-14,1.19769004e-02
2569,8489,0.576799,0.755307,1.07222376e-02,9.79581149e-04,6.06056749e-14,1.17432203e-15,6.00693201e-14,1.95494477e-02
2570,8490,0.274067,0.241146,1.80741828e-02,1.71568955e-03,2.29997482e-14,2.97074228e-16,2.26285665e-14,1.31282831e-02
2571,8491,0.725741,0.302701,8.45263749e-02,9.52754356e-03,1.31676435e-13,3.00685960e-15,1.28117514e-13,2.34695437e-02
2572,8492,0.767277,0.253068,6.67411685e-02,6.55393396e-03,1.14663568e-13,2.72742534e-15,1.13725544e-13,2.39825219e-02
2573,8493,0.297098,0.760956,1.12695768e-02,1.05505844e-03,6.29960155e-14,6.98080033e-16,6.23943442e-14,1.11881941e-02
2574,8494,0.727584,0.750695,1.54819600e-02,1.42484298e-03,4.09641498e-14,4.71405122e-16,4.05013750e-14,1.16392375e-02
2575,8495,0.739564,0.752737,1.57287307e-02,1.48509350e-03,4.02749360e-14,6.09881351e-16,3.96641338e-14,1.53761419e-02
2576,8496,0.617189,0.279094,3.87828916e-01,8.11768323e-02,2.09901690e-13,1.92394064e-14,1.97496628e-13,9.74163793e-02
2577,8497,0.609796,0.748494,1.17159672e-02,1.09362486e-03,5.13361665e-14,8.53138361e-16,5.09838787e-14,1.67334927e-02
2578,8498,0.782366,0.479346,3.85637544e-02,3.63010936e-03,9.39545954e-14,6.69601726e-16,9.26962500e-14,7.22361181e-03
2579,8499,0.746382,0.432770,5.60297742e-02,5.54446690e-03,1.13873727e-13,1.03746237e-15,1.11911606e-13,9.27037333e-03
2580,8500,0.573520,0.740410,1.06773851e-02,9.89713357e-04,5.87558431e-14,1.11066348e-15,5.73645406e-14,1.93614987e-02
2581,8501,0.687349,0.327186,1.26358017e-01,1.36337010e-02,1.50690671e-13,3.03603565e-15,1.47718318e-13,2.05528718e-02
2582,8502,0.642046,0.425910,1.15953699e-01,1.25699956e-02,1.18984087e-13,2.26031525e-15,1.17057297e-13,1.93094776e-02
2583,8503,0.688480,0.468756,5.98214380e-02,5.97820245e-03,1.07055607e-13,2.10735720e-15,1.06559516e-13,1.97763398e-02
2584,8504,0.688480,0.468756,7.02333748e-02,7.13091530e-03,1.11195680e-13,1.59382209e-15,1.10760942e-13,1.43897484e-02
2585,8505,0.406874,0.778318,1.58560574e-02,1.48486008e-03,7.51341738e-14,2.07388672e-16,7.43630147e-14,2.78886854e-03
2586,8506,0.482172,0.778461,1.47614917e-02,1.37865893e-03,7.27691426e-14,5.77388479e-16,7.25805727e-14,7.95513809e-03
2587,8507,0.451708,0.752365,1.53981298e-02,1.44182157e-03,7.52321992e-14,2.18264098e-16,7.46199096e-14,2.92501156e-03
2588,8508,0.524510,0.208579,4.91758734e-02,4.98909969e-03,7.35315942e-14,9.49204708e-16,7.11463156e-14,1.33415863e-02
2589,8509,0.488767,0.195227,3.97102423e-02,4.00739163e-03,6.31933199e-14,1.09902768e-15,6.11617893e-14,1.79691879e-02
2590,8510,0.272222,0.781105,1.06782457e-02,9.94282309e-04,6.10530100e-14,5.84117785e-16,6.08480212e-14,9.59961841e-03
2591,8511,0.773672,0.740930,1.69199370e-02,1.65326963e-03,4.11355927e-14,9.96160827e-16,4.00777197e-14,2.48557262e-02
2592,8512,0.750941,0.214055,4.78901602e-02,4.52033337e-03,9.62065917e-14,2.54058046e-15,9.53348322e-14,2.66490264e-02
2593,8513,0.729473,0.244858,5.93128353e-02,5.91812795e-03,1.04112153e-13,2.82095641e-15,1.02365118e-13,2.75577900e-02
2594,8514,0.273674,0.275635,1.66445170e-02,1.56939880e-03,1.98138608e-14,5.65024709e-16,1.96772632e-14,2.87145984e-02
2595,8515,0.420533,0.253307,3.29566374e-02,3.16347554e-03,3.41312096e-14,9.60840400e-16,3.35608243e-14,2.86298212e-02
2596,8516,0.407828,0.300340,3.32094841e-02,3.26741906e-03,2.88279668e-14,8.41680228e-16,2.81354038e-14,2.99153420e-02
2597,8517,0.695306,0.373342,1.02749445e-01,1.10557713e-02,1.43022421e-13,2.23389291e-15,1.41001590e-13,1.58430334e-02
2598,8518,0.743056,0.405539,7.14507699e-02,7.03821750e-03,1.26221245e-13,8.57047471e-16,1.25246168e-13,6.84290376e-03
2599,8519,0.759949,0.622342,2.28371583e-02,2.14381632e-03,5.88019827e-14,4.24466051e-16,5.74885259e-14,7.38349164e-03
2600,8520,0.643387,0.279450,1.64976150e-01,1.77206192e-02,1.27605026e-13,1.11409278e-14,1.24162291e-13,8.97287553e-02
2601,8521,0.461473,0.818527,1.40665369e-02,1.31772470e-03,6.96824664e-14,7.06484400e-16,6.95992065e-14,1.01507537e-02
2602,8522,0.780865,0.454425,4.33854200e-02,4.14919481e-03,1.00306827e-13,8.78403130e-16,9.91947816e-14,8.85533609e-03
2603,8523,0.582381,0.221135,1.05176389e-01,1.07936850e-02,9.35122951e-14,4.04334650e-15,9.03937298e-14,4.47303868e-02
2604,8524,0.575338,0.246145,1.01848423e-01,1.05052162e-02,9.39345579e-14,2.09962802e-15,8.93768295e-14,2.34918606e-02
2605,8525,0.437802,0.279714,3.70404795e-02,3.52562871e-03,3.70452502e-14,7.90211224e-16,3.59890950e-14,2.19569629e-02
2606,8526,0.738882,0.739220,1.63854416e-02,1.56481878e-03,4.09673448e-14,9.31084344e-16,4.00833575e-14,2.32287014e-02
2607,8527,0.727584,0.750695,1.59347598e-02,1.50104577e-03,4.08709965e-14,7.29837786e-16,4.02062179e-14,1.81523611e-02
2608,8528,0.245941,0.752060,9.95694473e-03,9.31402727e-04,5.90667923e-14,6.49629907e-16,5.86947280e-14,1.10679431e-02
2609,8529,0.453664,0.202359,3.22259665e-02,3.13590257e-03,5.38844177e-14,8.05723574e-16,5.27228170e-14,1.52822558e-02
2610,8530,0.734604,0.365875,8.04306567e-02,8.53394717e-03,1.34624449e-13,6.88679873e-16,1.32022919e-13,5.21636605e-03
2611,8531,0.679054,0.753775,1.40249114e-02,1.29398960e-03,4.49749524e-14,6.32749070e-16,4.37260634e-14,1.44707532e-02
2612,8532,0.592994,0.724040,1.10976547e-02,1.04812928e-03,5.48669725e-14,9.59231143e-16,5.39967512e-14,1.77646085e-02
2613,8533,0.635787,0.687661,1.33936424e-02,1.24393241e-03,4.91598034e-14,5.22303015e-16,4.80713932e-14,1.08651524e-02
2614,8534,0.512196,0.762778,1.33895082e-02,1.25485484e-03,6.92649537e-14,7.22503434e-16,6.90848271e-14,1.04582072e-02
2615,8535,0.542040,0.752015,1.11312401e-02,1.00817357e-03,6.32591513e-14,1.14668864e-15,6.29115019e-14,1.82270110e-02
2616,8536,0.241887,0.225316,1.72642618e-02,1.61329412e-03,2.26648737e-14,5.85919318e-16,2.24728785e-14,2.60722862e-02
2617,8537,0.807264,0.260382,4.90799658e-02,4.86310385e-03,1.05380460e-13,2.02244765e-15,1.04854988e-13,1.92880443e-02
2618,8538,0.259481,0.743060,9.47696064e-03,8.99420585e-04,5.82815792e-14,7.78907993e-16,5.77971305e-14,1.34765859e-02
2619,8539,0.669847,0.522076,4.24888209e-02,4.20679431e-03,8.43729925e-14,2.67840288e-15,8.34393996e-14,3.20999779e-02
2620,8540,0.667169,0.488265,5.73339947e-02,5.52901719e-03,9.89754543e-14,1.14204637e-15,9.78106010e-14,1.16761001e-02
2621,8541,0.802262,0.501820,3.23206000e-02,3.11078783e-03,8.31183131e-14,1.64999424e-15,8.20769844e-14,2.01030076e-02
2622,8542,0.575338,0.246145,1.74233362e-01,2.13462021e-02,1.17900508e-13,7.62824489e-15,1.07633005e-13,7.08727298e-02
2623,8543,0.697147,0.360103,9.43314880e-02,1.00805964e-02,1.42771415e-13,1.87856471e-15,1.39612212e-13,1.34555901e-02
2624,8544,0.843278,0.261623,3.89695428e-02,3.78674129e-03,9.92029470e-14,1.63474045e-15,9.82267856e-14,1.66425119e-02
2625,8545,0.233876,0.341934,9.78819560e-03,9.34822834e-04,1.01827938e-14,4.75507462e-16,1.00996245e-14,4.70816974e-02
2626,8546,0.522682,0.240032,6.14723712e-02,5.42822108e-03,7.13553768e-14,1.15436953e-15,7.03690849e-14,1.64044983e-02
2627,8547,0.593639,0.236706,9.34199020e-02,9.08031780e-03,8.82547548e-14,3.04479609e-15,8.57739783e-14,3.54978998e-02
2628,8548,0.765786,0.598214,2.57810391e-02,2.38342280e-03,6.64519099e-14,8.85573952e-16,6.49657059e-14,1.36314066e-02
2629,8549,0.765786,0.598214,2.33380850e-02,2.18175002e-03,6.13440505e-14,5.84871221e-16,6.01076670e-14,9.73039298e-03
2630,8550,0.765786,0.598214,2.54976340e-02,2.42795702e-03,6.48750530e-14,5.09247166e-16,6.34989633e-14,8.01977135e-03
2631,8551,0.433114,0.184600,2.93724611e-02,2.80719507e-03,5.08432001e-14,8.52071523e-16,5.05370383e-14,1.68603375e-02
2632,8552,0.719024,0.408030,7.98795372e-02,8.06542020e-03,1.28601380e-13,1.58142385e-15,1.28379864e-13,1.23183169e-02
2633,8553,0.699212,0.445571,6.70613572e-02,6.53978996e-03,1.13091468e-13,1.50664228e-15,1.12403542e-13,1.34038683e-02
2634,8554,0.451708,0.752365,1.59276389e-02,1.47835503e-03,7.70866389e-14,1.58632754e-16,7.64971921e-14,2.07370688e-03
2635,8555,0.392768,0.787743,1.52750164e-02,1.42755941e-03,7.30065625e-14,1.27830030e-16,7.25842861e-14,1.76112540e-03
2636,8556,0.738882,0.739220,1.65282339e-02,1.54572190e-03,4.17112600e-14,8.24614209e-16,4.08584198e-14,2.01822345e-02
2637,8557,0.768635,0.712140,1.75910648e-02,1.62948191e-03,4.27595920e-14,6.28461019e-16,4.22076348e-14,1.48897473e-02
2638,8558,0.714430,0.263391,7.39138871e-02,7.25355791e-03,1.12081121e-13,3.89065611e-15,1.11151810e-13,3.50030836e-02
2639,8559,0.450586,0.293629,3.90935577e-02,3.74520803e-03,3.02801844e-14,1.06232204e-15,2.94399277e-14,3.60843970e-02
2640,8560,0.685158,0.413436,8.21351334e-02,8.13381933e-03,1.25194072e-13,5.02104614e-16,1.23152316e-13,4.07710250e-03
2641,8561,0.799605,0.542317,3.01647075e-02,2.79898453e-03,7.85537068e-14,1.21854435e-15,7.72018761e-14,1.57838697e-02
2642,8562,0.759927,0.541147,3.10345422e-02,2.93741003e-03,7.78041165e-14,1.00011626e-15,7.67506582e-14,1.30307190e-02
2643,8563,0.582381,0.221135,7.82877877e-02,8.12314451e-03,8.65433213e-14,1.35662184e-15,8.39233332e-14,1.61650138e-02
2644,8564,0.687351,0.735235,1.45645672e-02,1.34799583e-03,4.32237186e-14,6.77517514e-16,4.20877051e-14,1.60977538e-02
2645,8565,0.718557,0.708850,1.63577404e-02,1.56181853e-03,4.32881304e-14,1.28160553e-15,4.19813042e-14,3.05280065e-02
2646,8566,0.750037,0.387979,7.34238923e-02,7.58824032e-03,1.29878720e-13,8.74383906e-16,1.28398228e-13,6.80993749e-03
2647,8567,0.711663,0.374833,8.57925862e-02,8.76772031e-03,1.38024954e-13,9.11004264e-16,1.36258179e-13,6.68586849e-03
2648,8568,0.627096,0.748965,1.22551955e-02,1.14541024e-03,4.94013569e-14,8.45949274e-16,4.83523676e-14,1.74955088e-02
2649,8569,0.620627,0.709424,1.25745861e-02,1.16845511e-03,4.91515940e-14,1.48875718e-15,4.79711655e-14,3.10344175e-02
2650,8570,0.600513,0.710581,1.14774695e-02,1.10336498e-03,5.37789079e-14,7.87641168e-16,5.28298922e-14,1.49090058e-02
2651,8571,0.826512,0.590122,2.04978641e-02,1.94160943e-03,5.73853505e-14,4.63388167e-16,5.64287386e-14,8.21191787e-03
2652,8572,0.526564,0.758245,1.18927406e-02,1.12609856e-03,6.55791271e-14,1.07172781e-15,6.52613543e-14,1.64220897e-02
2653,8573,0.508674,0.228161,4.30693552e-02,4.34438046e-03,6.20801154e-14,1.49753307e-15,6.02740514e-14,2.48454026e-02
2654,8574,0.476975,0.250587,4.25182544e-02,4.19084309e-03,5.22571895e-14,1.57667507e-15,5.16988592e-14,3.04972894e-02
2655,8575,0.816284,0.491718,3.35206762e-02,3.15976539e-03,8.71798158e-14,1.02281949e-15,8.62772039e-14,1.18550376e-02
2656,8576,0.681169,0.401954,9.05428976e-02,9.16050188e-03,1.26220743e-13,1.04544014e-15,1.24846897e-13,8.37377759e-03
2657,8577,0.524801,0.226786,5.58711626e-02,5.79157798e-03,7.51634608e-14,1.88130592e-15,7.29191826e-14,2.57998766e-02
2658,8578,0.482172,0.778461,1.45698525e-02,1.35594909e-03,7.15293439e-14,7.77887265e-16,7.13784568e-14,1.08980679e-02
2659,8579,0.492229,0.231776,4.70467359e-02,4.76769125e-03,6.06954740e-14,1.86832238e-15,5.82269489e-14,3.20869016e-02
2660,8580,0.646376,0.717156,1.41734714e-02,1.31380465e-03,4.66620049e-14,8.05229648e-16,4.54883594e-14,1.77018837e-02
2661,8581,0.723618,0.740484,1.60669461e-02,1.50314672e-03,4.16915512e-14,8.15535974e-16,4.09736772e-14,1.99039000e-02
2662,8582,0.736467,0.724832,1.67609490e-02,1.56513741e-03,4.25909376e-14,1.10126396e-15,4.16393503e-14,2.64476739e-02
2663,8583,0.461459,0.797091,1.50762359e-02,1.41903479e-03,7.30315534e-14,6.66634835e-16,7.25088460e-14,9.19384146e-03
2664,8584,0.678540,0.265177,1.19969696e-01,1.40482886e-02,1.22978247e-13,7.61688703e-15,1.18301555e-13,6.43853503e-02
2665,8585,0.239910,0.263157,1.52942985e-02,1.44760055e-03,1.83731780e-14,5.57129621e-16,1.81889754e-14,3.06300717e-02
2666,8586,0.588651,0.743523,1.10875564e-02,1.00949465e-03,5.41797442e-14,1.09252639e-15,5.38087133e-14,2.03038936e-02
2667,8587,0.750840,0.499806,3.90447564e-02,3.71554145e-03,8.97877421e-14,8.71703258e-16,8.85012753e-14,9.84961240e-03
2668,8588,0.802478,0.623100,2.14124210e-02,2.01143138e-03,5.67250985e-14,5.26196243e-16,5.55965559e-14,9.46454748e-03
2669,8589,0.707864,0.462273,6.46906644e-02,6.38164021e-03,1.16452217e-13,1.71154241e-15,1.15217392e-13,1.48548962e-02
2670,8590,0.688501,0.541364,3.60036641e-02,3.44356569e-03,7.76815203e-14,1.91993147e-15,7.67028720e-14,2.50307637e-02
2671,8591,0.461969,0.772465,1.56103894e-02,1.45714392e-03,7.54071623e-14,5.98804225e-16,7.44372486e-14,8.04441641e-03
2672,8592,0.725177,0.344101,9.40251499e-02,9.83789004e-03,1.40752468e-13,1.56145791e-15,1.39052263e-13,1.12292881e-02
2673,8593,0.694282,0.310836,1.10433832e-01,1.15456218e-02,1.46279175e-13,2.18212755e-15,1.44873195e-13,1.50623278e-02
2674,8594,0.701919,0.346254,9.62074474e-02,9.84053127e-03,1.42357466e-13,1.54188901e-15,1.41933842e-13,1.08634347e-02
2675,8595,0.687351,0.735235,1.47754932e-02,1.38711487e-03,4.50758713e-14,7.37134552e-16,4.39534104e-14,1.67708159e-02
2676,8596,0.711953,0.481855,5.26090823e-02,5.19920420e-03,1.00147396e-13,2.73286392e-15,9.99585546e-14,2.73399704e-02
2677,8597,0.782621,0.590216,2.52948999e-02,2.37452472e-03,6.68703306e-14,8.64939965e-16,6.57223706e-14,1.31605108e-02
2678,8598,0.792515,0.607210,2.29863059e-02,2.12203339e-03,6.21008914e-14,6.19152285e-16,6.08855617e-14,1.01691151e-02
2679,8599,0.472930,0.217111,3.92191261e-02,3.86061193e-03,5.60952923e-14,1.49141718e-15,5.44786587e-14,2.73761729e-02
2680,8600,0.553799,0.222317,6.31122738e-02,6.63601328e-03,8.05634652e-14,1.36195243e-15,7.68151344e-14,1.77302616e-02
2681,8601,0.654377,0.698241,1.52094262e-02,1.41197571e-03,4.61444610e-14,8.56284135e-16,4.51743914e-14,1.89550785e-02
2682,8602,0.664285,0.278586,1.45656526e-01,1.49947284e-02,1.45410580e-13,5.30372094e-15,1.43638600e-13,3.69240645e-02
2683,8603,0.701753,0.295754,1.05186485e-01,1.07312864e-02,1.40549871e-13,2.73543319e-15,1.40101187e-13,1.95246967e-02
2684,8604,0.512196,0.762778,1.26911253e-02,1.18159049e-03,6.76088824e-14,8.62778231e-16,6.73154634e-14,1.28169396e-02
2685,8605,0.467176,0.308799,4.61839437e-02,4.25381633e-03,3.41951639e-14,1.15561033e-15,3.25598279e-14,3.54919054e-02
2686,8606,0.441458,0.775108,1.53329987e-02,1.43823447e-03,7.35496394e-14,4.05188295e-16,7.29644074e-14,5.55323218e-03
2687,8607,0.701753,0.295754,1.08159430e-01,1.13995690e-02,1.36010859e-13,2.51879159e-15,1.33484424e-13,1.88695544e-02
2688,8608,0.728097,0.259622,8.12322870e-02,8.65208451e-03,1.21855271e-13,2.10624229e-15,1.19148493e-13,1.76774565e-02
2689,8609,0.735894,0.707487,1.71478819e-02,1.57465949e-03,4.42991557e-14,1.05336329e-15,4.35957931e-14,2.41620399e-02
2690,8610,0.557836,0.745117,1.10693676e-02,1.03963562e-03,6.47594025e-14,1.27282540e-15,6.43516951e-14,1.97792055e-02
2691,8611,0.683634,0.287559,1.20931827e-01,1.25805615e-02,1.43204540e-13,3.31461505e-15,1.42053903e-13,2.33335021e-02
2692,8612,0.765144,0.516293,3.87690514e-02,3.60138062e-03,9.19087736e-14,9.36663009e-16,8.98999232e-14,1.04189523e-02
2693,8613,0.728303,0.532089,3.77627872e-02,3.64415278e-03,8.25488563e-14,2.36004047e-15,8.15658169e-14,2.89341854e-02
2694,8614,0.691010,0.523383,4.05445956e-02,3.96173727e-03,8.41252523e-14,2.52577136e-15,8.31776664e-14,3.03659800e-02
2695,8615,0.775335,0.532699,3.46439853e-02,3.26321041e-03,8.42247685e-14,6.79761993e-16,8.26644525e-14,8.22314758e-03
2696,8616,0.739518,0.593334,2.79148314e-02,2.67649395e-03,6.89507520e-14,1.08884402e-15,6.76671921e-14,1.60911660e-02
2697,8617,0.723959,0.620801,2.37721894e-02,2.25807074e-03,5.99161020e-14,8.26450205e-16,5.84744316e-14,1.41335312e-02
2698,8618,0.726339,0.658944,1.87063850e-02,1.73070468e-03,4.87197088e-14,1.03892731e-15,4.78886204e-14,2.16946594e-02
2699,8619,0.712393,0.666284,1.81799009e-02,1.70662673e-03,4.77317194e-14,4.04438883e-16,4.69200416e-14,8.61974689e-03
2700,8620,0.731305,0.476996,5.23270555e-02,5.37211122e-03,1.07240151e-13,2.04704041e-15,1.06310983e-13,1.92552109e-02
2701,8621,0.769903,0.491338,4.29032519e-02,4.04740963e-03,9.91854236e-14,8.70735470e-16,9.78117598e-14,8.90215524e-03
2702,8622,0.759927,0.541147,3.16253603e-02,3.01551586e-03,7.71187313e-14,1.00197804e-15,7.59114993e-14,1.31992919e-02
2703,8623,0.474439,0.234743,3.92761230e-02,3.89111321e-03,4.73442222e-14,1.27832391e-15,4.59798791e-14,2.78018111e-02
2704,8624,0.745997,0.690652,1.78296044e-02,1.63732376e-03,4.63696701e-14,1.30369520e-15,4.55721784e-14,2.86072609e-02
2705,8625,0.764270,0.686872,1.80641450e-02,1.63046841e-03,4.60719584e-14,1.47150746e-15,4.48494086e-14,3.28099635e-02
2706,8626,0.669593,0.664317,1.75933242e-02,1.63085165e-03,4.87830161e-14,6.87628123e-16,4.81359574e-14,1.42851240e-02
2707,8627,0.662612,0.680257,1.60716437e-02,1.49557157e-03,4.75446979e-14,5.33090614e-16,4.69402959e-14,1.13567800e-02
2708,8628,0.490623,0.213606,3.65012810e-02,3.56846163e-03,5.74754274e-14,1.08592440e-15,5.60255408e-14,1.93826670e-02
2709,8629,0.674592,0.707423,1.56272948e-02,1.44644687e-03,4.51590534e-14,7.91099603e-16,4.41165455e-14,1.79320387e-02
2710,8630,0.718557,0.708850,1.59197804e-02,1.50324428e-03,4.39314824e-14,8.90494314e-16,4.29548737e-14,2.07309261e-02
2711,8631,0.723738,0.697183,1.72079057e-02,1.59833673e-03,4.49235680e-14,5.65161029e-16,4.43481277e-14,1.27437404e-02
2712,8632,0.736996,0.515727,4.18505408e-02,4.02307510e-03,9.02134338e-14,2.23318860e-15,8.89012984e-14,2.51198648e-02
2713,8633,0.666514,0.640929,1.78942252e-02,1.68646395e-03,4.97303174e-14,5.09568933e-16,4.91132268e-14,1.03753910e-02
2714,8634,0.712393,0.666284,1.89525578e-02,1.71606964e-03,4.94403509e-14,4.38993857e-16,4.86041295e-14,9.03202796e-03
2715,8635,0.731305,0.476996,5.67343496e-02,5.62755391e-03,1.07961552e-13,2.00025433e-15,1.07424581e-13,1.86200804e-02
2716,8636,0.770024,0.468090,4.72426713e-02,4.53978451e-03,1.02819812e-13,1.19830132e-15,1.02139244e-13,1.17320363e-02
2717,8637,0.674640,0.248436,9.55878943e-02,9.61149391e-03,1.13426880e-13,6.56761056e-15,1.12358724e-13,5.84521640e-02
2718,8638,0.736532,0.351882,8.66282135e-02,8.72628484e-03,1.36417150e-13,1.03116489e-15,1.35770112e-13,7.59493290e-03
2719,8639,0.731305,0.476996,4.99869734e-02,4.84736543e-03,9.93694601e-14,2.09765253e-15,9.89487694e-14,2.11993797e-02
2720,8640,0.712393,0.666284,1.74717214e-02,1.62048370e-03,4.65069132e-14,9.75229200e-17,4.58295680e-14,2.12794762e-03
2721,8641,0.770024,0.468090,4.91658971e-02,4.86722682e-03,1.06631711e-13,6.57387670e-16,1.05155542e-13,6.25157416e-03
2722,8642,0.736996,0.515727,3.79260853e-02,3.59333493e-03,8.59645336e-14,9.96529498e-16,8.49078837e-14,1.17365956e-02
2723,8643,0.691203,0.662280,1.80235580e-02,1.69335864e-03,4.84614959e-14,1.43950761e-16,4.74748313e-14,3.03214898e-03
2724,8644,0.683295,0.687938,1.65732987e-02,1.54813775e-03,4.53407555e-14,2.82021102e-16,4.46030745e-14,6.32290723e-03
2725,8645,0.728303,0.532089,3.54226492e-02,3.36116855e-03,8.04563664e-14,1.85000995e-15,7.99461273e-14,2.31407076e-02
2726,8646,0.733007,0.493524,4.41630892e-02,4.23690537e-03,9.59978624e-14,5.03087331e-16,9.34029194e-14,5.38620564e-03
2727,8647,0.720595,0.583894,2.58742608e-02,2.43023690e-03,6.26005866e-14,1.95682886e-15,6.20857329e-14,3.15181728e-02
2728,8648,0.750840,0.499806,4.70527001e-02,4.62028198e-03,9.87004329e-14,2.17552281e-15,9.84408071e-14,2.20998067e-02
2729,8649,0.741021,0.535853,3.47455367e-02,3.28710023e-03,8.16482637e-14,8.50773127e-16,8.06944098e-14,1.05431483e-02
2730,8650,0.726339,0.658944,1.97929107e-02,1.86570256e-03,5.17302164e-14,3.58544520e-16,5.03271402e-14,7.12427765e-03
2731,8651,0.708398,0.626347,2.00924389e-02,1.85791939e-03,5.25137456e-14,5.39739611e-16,5.11044759e-14,1.05614939e-02
2732,8652,0.442881,0.840129,1.37403281e-02,1.27450016e-03,6.86526844e-14,6.49995561e-16,6.84814008e-14,9.49156344e-03
2733,8653,0.669023,0.618125,2.28972565e-02,2.12281221e-03,5.75856975e-14,8.13488748e-16,5.62290218e-14,1.44674178e-02
2734,8654,0.685517,0.612930,2.09093280e-02,1.96092878e-03,5.42329548e-14,1.19338599e-15,5.32928262e-14,2.23929950e-02
2735,8655,0.654744,0.628291,1.96950231e-02,1.83718617e-03,5.20613622e-14,3.19044039e-16,5.12921648e-14,6.22013206e-03
2736,8656,0.688171,0.558031,3.12411673e-02,2.92375800e-03,7.05137785e-14,1.54790327e-15,6.90515150e-14,2.24166445e-02
2737,8657,0.720595,0.583894,2.57834736e-02,2.40478688e-03,6.31509005e-14,1.69487153e-15,6.19849969e-14,2.73432542e-02
2738,8658,0.692527,0.573728,2.74780020e-02,2.55041709e-03,6.51114294e-14,1.16952475e-15,6.37301897e-14,1.83511890e-02
2739,8659,0.675261,0.631012,1.92218646e-02,1.77766534e-03,5.05768353e-14,1.17141046e-15,4.99220958e-14,2.34647693e-02
2740,8660,0.702197,0.556066,3.23348008e-02,3.00971908e-03,7.32885906e-14,9.07204686e-16,7.17437110e-14,1.26450761e-02
2741,8661,0.315026,0.775758,1.33380005e-02,1.22600573e-03,6.77213006e-14,2.25720596e-16,6.74192418e-14,3.34801444e-03
2742,8662,0.642422,0.612836,1.94145478e-02,1.87170994e-03,5.32453855e-14,1.04898042e-15,5.23786946e-14,2.00268531e-02
2743,8663,0.592974,0.208098,7.55563676e-02,7.22852396e-03,7.98476614e-14,2.21197466e-15,7.85192834e-14,2.81711010e-02
2744,8664,0.664225,0.816885,1.24580739e-02,1.19007472e-03,4.60115310e-14,7.16982367e-16,4.50296640e-14,1.59224454e-02
2745,8665,0.647861,0.813890,1.21370647e-02,1.13163795e-03,4.60626749e-14,8.87778355e-16,4.49160701e-14,1.97652723e-02
2746,8666,0.383488,0.735485,1.54833980e-02,1.44151144e-03,7.43859117e-14,3.15020738e-16,7.40052279e-14,4.25673627e-03
2747,8667,0.566245,0.209124,6.62643537e-02,6.87758159e-03,8.19544831e-14,5.10171650e-16,7.96061351e-14,6.40869764e-03
2748,8668,0.461486,0.952829,8.52999091e-03,7.84096890e-04,5.59033241e-14,2.95461900e-16,5.54602954e-14,5.32744909e-03
2749,8669,0.496878,0.043348,2.53835581e-02,2.35881004e-03,5.64981919e-14,2.13644937e-16,5.60799135e-14,3.80965168e-03
2750,8670,0.674215,0.057025,1.57645419e-02,1.47751556e-03,5.06170016e-14,1.16077300e-15,4.98709147e-14,2.32755506e-02
2751,8671,0.934848,0.082417,2.03324240e-02,1.92308181e-03,1.13319463e-13,8.17202935e-16,1.11108076e-13,7.35502730e-03
2752,8672,0.916659,0.930592,6.55015931e-02,6.72548357e-03,7.05842381e-14,7.97650556e-16,6.87419888e-14,1.16035420e-02
2753,8673,0.494175,0.070256,2.61262730e-02,2.43037450e-03,5.68951760e-14,3.36775032e-16,5.64737906e-14,5.96338635e-03
2754,8674,0.351705,0.444269,1.85921323e-02,1.66627904e-03,6.18926890e-15,2.39565905e-16,5.63796353e-15,4.24915670e-02
2755,8675,0.693245,0.079424,1.46424472e-02,1.39001186e-03,5.06902700e-14,3.15070290e-16,4.97428535e-14,6.33398101e-03
2756,8676,0.807432,0.096473,1.05685061e-02,9.72913986e-04,6.41191541e-14,2.36244985e-15,6.23704918e-14,3.78776852e-02
2757,8677,0.452579,0.601802,1.60295777e-02,1.49035873e-03,9.93137999e-14,2.07418464e-15,9.48092380e-14,2.18774529e-02
2758,8678,0.899402,0.915816,5.22235855e-02,5.42012649e-03,6.35555925e-14,4.44523367e-16,6.21355520e-14,7.15409058e-03
2759,8679,0.942965,0.597581,1.71972588e-02,1.55529042e-03,4.33207242e-14,6.85875665e-16,4.32802530e-14,1.58473118e-02
2760,8680,0.401882,0.926509,1.06315427e-02,9.71726957e-04,6.19927354e-14,2.85614586e-16,6.16036627e-14,4.63632476e-03
2761,8681,0.084478,0.898867,5.95366489e-03,5.62373723e-04,5.37799955e-14,7.55572871e-16,5.31059944e-14,1.42276381e-02
2762,8682,0.452291,0.934255,9.91683081e-03,9.19851009e-04,5.97234800e-14,2.21508737e-16,5.92614133e-14,3.73782408e-03
2763,8683,0.631221,0.925562,9.68369562e-03,8.95524281e-04,4.42891912e-14,7.30757452e-16,4.35563451e-14,1.67772905e-02
2764,8684,0.627674,0.943740,9.11665801e-03,8.48499883e-04,4.29257934e-14,7.58770632e-16,4.21831454e-14,1.79875309e-02
2765,8685,0.436077,0.376777,4.39822860e-02,4.67414968e-03,1.48532106e-14,6.91854976e-16,1.46528941e-14,4.72162681e-02
2766,8686,0.445803,0.390580,5.28571419e-02,5.45216305e-03,1.34924242e-14,6.98321861e-16,1.31389684e-14,5.31489109e-02
2767,8687,0.056451,0.164027,1.28087243e-02,1.17983588e-03,1.66186831e-14,6.32059267e-16,1.63694589e-14,3.86121051e-02
2768,8688,0.579277,0.555382,2.78569087e-02,2.49177474e-03,6.18515113e-14,2.83074811e-15,5.95477782e-14,4.75374262e-02
2769,8689,0.878787,0.203505,2.41179075e-02,2.42354441e-03,8.92803829e-14,1.65622322e-15,8.74533939e-14,1.89383527e-02
2770,8690,0.879506,0.691227,1.94191001e-02,1.73688179e-03,4.55291830e-14,6.93667097e-16,4.45784292e-14,1.55605998e-02
2771,8691,0.899954,0.697643,2.06564181e-02,1.84182730e-03,4.60511756e-14,6.58190234e-16,4.57372279e-14,1.43906893e-02
2772,8692,0.796210,0.878762,2.15946380e-02,2.03745859e-03,3.97058722e-14,5.40656683e-16,3.89593821e-14,1.38774450e-02
2773,8693,0.306015,0.884088,1.15278279e-02,1.06149283e-03,6.41514362e-14,1.75812554e-16,6.40004678e-14,2.74705108e-03
2774,8694,0.481375,0.117081,2.93606818e-02,2.83723185e-03,5.95889644e-14,3.01422445e-16,5.88545461e-14,5.12148108e-03
2775,8695,0.712674,0.131571,2.22112313e-02,2.04687053e-03,5.91728679e-14,1.06856584e-15,5.82336981e-14,1.83496133e-02
2776,8696,0.341712,0.398630,1.84747577e-02,1.73049886e-03,9.84685966e-15,3.43775177e-16,9.42498388e-15,3.64748822e-02
2777,8697,0.655559,0.120924,2.76007317e-02,2.65219132e-03,5.91842994e-14,3.40522386e-16,5.85023769e-14,5.82065898e-03
2778,8698,0.406423,0.591547,1.49954092e-02,1.42041792e-03,8.47081736e-14,1.39271561e-15,8.36986527e-14,1.66396419e-02
2779,8699,0.499738,0.626460,1.19454758e-02,1.11605693e-03,8.43694485e-14,1.41160158e-15,8.35893922e-14,1.68873292e-02
2780,8700,0.088156,0.132627,1.82371885e-02,1.71733077e-03,2.32574749e-14,3.72496503e-16,2.30440446e-14,1.61645453e-02
2781,8701,0.108272,0.403982,8.58300598e-04,7.13384943e-05,6.46960748e-16,2.46165774e-16,6.02448319e-16,4.08608948e-01
2782,8702,0.741481,0.147620,1.98676065e-02,1.79905514e-03,6.28754115e-14,2.18018213e-15,6.20946979e-14,3.51106004e-02
2783,8703,0.876686,0.421783,2.43594237e-02,2.34868983e-03,7.65258218e-14,1.92807336e-15,7.50766433e-14,2.56814007e-02
2784,8704,0.330315,0.389966,1.70625187e-02,1.67978439e-03,1.04524975e-14,4.50341425e-16,1.01447882e-14,4.43914071e-02
2785,8705,0.923652,0.351931,1.64842904e-02,1.49727613e-03,7.00263008e-14,1.74665150e-15,6.90550522e-14,2.52936091e-02
2786,8706,0.651785,0.889438,1.10316714e-02,1.05549570e-03,4.18665584e-14,1.08068900e-15,4.10560563e-14,2.63222797e-02
2787,8707,0.899962,0.312388,1.91419646e-02,1.77298661e-03,7.74281694e-14,1.15534638e-15,7.63893817e-14,1.51244368e-02
2788,8708,0.916462,0.304260,1.65546499e-02,1.68418617e-03,7.52352214e-14,1.51243948e-15,7.39237705e-14,2.04594472e-02
2789,8709,0.899546,0.325916,1.98181812e-02,1.87503593e-03,7.65321102e-14,1.44201134e-15,7.59882540e-14,1.89767663e-02
2790,8710,0.884029,0.312868,2.41546910e-02,2.29500444e-03,8.21538069e-14,1.47456398e-15,8.09730972e-14,1.82105419e-02
2791,8711,0.865149,0.663011,1.80185530e-02,1.63616578e-03,4.63154194e-14,1.11585706e-15,4.50540416e-14,2.47670803e-02
2792,8712,0.541647,0.382333,6.79521561e-01,7.65540302e-02,1.97927544e-13,4.13787548e-13,1.56820398e-13,2.63860794e+00
2793,8713,0.558468,0.358674,6.98606253e-01,2.23952115e-01,3.13743823e-13,2.81093345e-13,2.56359766e-13,1.09647996e+00
2794,8714,0.129528,0.307345,5.19148866e-03,4.78590402e-04,7.48055284e-15,4.13305200e-16,7.29754205e-15,5.66362204e-02
2795,8715,0.657247,0.143979,2.73129195e-02,2.57018441e-03,5.81357675e-14,5.97944698e-16,5.73203052e-14,1.04316384e-02
2796,8716,0.837982,0.643862,1.81969777e-02,1.69813214e-03,4.82349010e-14,3.53643614e-16,4.75299291e-14,7.44044060e-03
2797,8717,0.335245,0.817433,1.31597929e-02,1.20925542e-03,6.75033556e-14,1.56437086e-16,6.72296217e-14,2.32690713e-03
2798,8718,0.591076,0.843738,1.07059423e-02,9.75845905e-04,5.40709140e-14,7.58512022e-16,5.34040450e-14,1.42032691e-02
2799,8719,0.543258,0.815797,1.20658157e-02,1.13034900e-03,6.42025563e-14,1.10861154e-15,6.39016495e-14,1.73487156e-02
2800,8720,0.847502,0.556521,2.01179441e-02,1.83260569e-03,6.01197152e-14,5.61544039e-16,5.89356445e-14,9.52808855e-03
2801,8721,0.311688,0.634840,8.15770216e-03,7.54564942e-04,5.64627351e-14,1.42432688e-15,5.62455627e-14,2.53233643e-02
2802,8722,0.111597,0.160187,1.46040497e-02,1.34916743e-03,2.05436339e-14,5.79900143e-16,2.03748033e-14,2.84616316e-02
2803,8723,0.398789,0.340245,3.57731283e-02,3.51748033e-03,1.86980643e-14,6.11742865e-16,1.85787275e-14,3.29270595e-02
2804,8724,0.091709,0.350247,1.25437404e-03,1.13084025e-04,1.50447885e-15,2.57755699e-16,1.35806074e-15,1.89796886e-01
2805,8725,0.653796,0.874326,1.15104616e-02,1.07328536e-03,4.36191576e-14,7.62986685e-16,4.32299290e-14,1.76495012e-02
2806,8726,0.851751,0.362094,3.81654240e-02,3.75099177e-03,9.71324732e-14,1.57797505e-15,9.57480826e-14,1.64804872e-02
2807,8727,0.553129,0.788046,1.17287310e-02,1.11482700e-03,6.40182013e-14,1.02680087e-15,6.36500943e-14,1.61319614e-02
2808,8728,0.379091,0.798096,1.46716535e-02,1.37290626e-03,7.12456149e-14,1.91043861e-16,7.09353908e-14,2.69320939e-03
2809,8729,0.470678,0.330271,6.17923066e-02,5.91234723e-03,2.64101586e-14,1.05765192e-15,2.52483276e-14,4.18899795e-02
2810,8730,0.160981,0.625069,1.35004811e-03,1.15448180e-04,2.12342334e-14,1.02566722e-15,2.11377834e-14,4.85229316e-02
2811,8731,0.452178,0.185840,3.06706410e-02,2.96856416e-03,4.95255556e-14,8.73694739e-16,4.85643562e-14,1.79904524e-02
2812,8732,0.155212,0.687221,2.60568224e-03,2.44921888e-04,3.05213652e-14,1.10690901e-15,3.02623595e-14,3.65770888e-02
2813,8733,0.844958,0.785011,2.24397667e-02,2.06647441e-03,4.32226717e-14,4.76569482e-16,4.27569357e-14,1.11460158e-02
2814,8734,0.139189,0.145532,1.79273020e-02,1.68305566e-03,2.47794559e-14,4.03465616e-16,2.45453766e-14,1.64375402e-02
2815,8735,0.126560,0.115125,1.93146598e-02,1.81198388e-03,2.65054803e-14,4.16744604e-16,2.62594766e-14,1.58702556e-02
2816,8736,0.498493,0.703800,1.28777958e-02,1.18824386e-03,7.58620597e-14,1.31387378e-15,7.46013223e-14,1.76119369e-02
2817,8737,0.463100,0.278737,4.07006331e-02,3.81374243e-03,3.54556404e-14,9.36949942e-16,3.42650170e-14,2.73442135e-02
2818,8738,0.801057,0.658206,1.85970552e-02,1.70802756e-03,4.74100604e-14,1.42765169e-15,4.63809289e-14,3.07810069e-02
2819,8739,0.669581,0.850693,1.19931335e-02,1.12513546e-03,4.42202935e-14,7.45590693e-16,4.39575304e-14,1.69616147e-02
2820,8740,0.117170,0.131078,1.75760761e-02,1.71089265e-03,2.42053454e-14,4.73206073e-16,2.36803798e-14,1.99830441e-02
2821,8741,0.166189,0.221294,1.28697082e-02,1.18229189e-03,1.80750156e-14,5.87025173e-16,1.79507457e-14,3.27019936e-02
2822,8742,0.378431,0.307488,2.66056843e-02,2.66198139e-03,2.35234331e-14,8.26393772e-16,2.33023084e-14,3.54640304e-02
2823,8743,0.582408,0.197945,6.50061816e-02,6.47971081e-03,7.92585534e-14,6.91011331e-16,7.75476485e-14,8.91079671e-03
2824,8744,0.154902,0.702576,3.26308096e-03,3.00132378e-04,3.43267454e-14,1.05474978e-15,3.39807494e-14,3.10396268e-02
2825,8745,0.545597,0.273175,1.09149784e-01,8.38318374e-03,6.54982050e-14,5.00953920e-15,6.44034319e-14,7.77837307e-02
2826,8746,0.658051,0.300661,1.99175119e-01,2.28925496e-02,1.56327859e-13,1.04766481e-14,1.51485012e-13,6.91596349e-02
2827,8747,0.429266,0.694515,1.65221002e-02,1.57182512e-03,8.13273738e-14,4.12337386e-16,8.02966363e-14,5.13517632e-03
2828,8748,0.441031,0.255660,3.78754176e-02,3.59453470e-03,4.24304892e-14,8.73389913e-16,4.10213008e-14,2.12911316e-02
2829,8749,0.302196,0.787746,1.23620005e-02,1.13865279e-03,6.54099171e-14,2.72353306e-16,6.49889620e-14,4.19076252e-03
2830,8750,0.431012,0.246633,3.44593190e-02,3.25418031e-03,3.77079010e-14,6.11131413e-16,3.70202661e-14,1.65080232e-02
2831,8751,0.685158,0.413436,8.49126726e-02,8.64405278e-03,1.28525066e-13,1.99565494e-15,1.26867077e-13,1.57302823e-02
2832,8752,0.791292,0.565961,2.79706232e-02,2.60331132e-03,7.26672750e-14,1.00928391e-15,7.13519887e-14,1.41451405e-02
2833,8753,0.394679,0.285071,2.92496011e-02,2.91421311e-03,2.52871403e-14,8.73872668e-16,2.50824802e-14,3.48399624e-02
2834,8754,0.440448,0.739992,1.62525829e-02,1.54551247e-03,7.75317717e-14,6.40285069e-16,7.68435134e-14,8.33232424e-03
2835,8755,0.388310,0.714112,1.58468094e-02,1.47860986e-03,7.56507148e-14,5.44197916e-16,7.51487292e-14,7.24161170e-03
2836,8756,0.784078,0.708220,1.74855944e-02,1.63508125e-03,4.22679673e-14,5.69248598e-16,4.16540276e-14,1.36661118e-02
2837,8757,0.403623,0.202621,2.72583105e-02,2.58930237e-03,4.06266546e-14,5.87240160e-16,4.01051330e-14,1.46425187e-02
2838,8758,0.370860,0.214650,2.65705809e-02,2.45975330e-03,3.66952867e-14,5.21217489e-16,3.60523514e-14,1.44572398e-02
2839,8759,0.510098,0.263519,6.33423403e-02,5.40772080e-03,5.68362394e-14,1.23726071e-15,5.45715071e-14,2.26722840e-02
2840,8760,0.781877,0.330546,6.79557398e-02,7.02231424e-03,1.24593912e-13,9.48813273e-16,1.23190520e-13,7.70199907e-03
2841,8761,0.651922,0.796735,1.22311218e-02,1.15451810e-03,4.78458317e-14,5.01559178e-16,4.70455042e-14,1.06611500e-02
2842,8762,0.609796,0.748494,1.14954552e-02,1.03917229e-03,5.26529605e-14,3.42646162e-16,5.17696508e-14,6.61866859e-03
2843,8763,0.230640,0.738743,8.88991356e-03,8.22086993e-04,5.62144461e-14,7.26069707e-16,5.56559193e-14,1.30456871e-02
2844,8764,0.642033,0.261321,2.23117530e-01,2.57077552e-02,1.37909405e-13,1.54314648e-14,1.31985731e-13,1.16917675e-01
2845,8765,0.713010,0.394741,8.61064419e-02,8.69053975e-03,1.32935546e-13,1.56944988e-15,1.32179044e-13,1.18736664e-02
2846,8766,0.653934,0.246179,1.04779422e-01,1.11218784e-02,9.91502006e-14,6.05312995e-15,9.47493562e-14,6.38857106e-02
2847,8767,0.516986,0.252631,6.46415800e-02,5.52971382e-03,6.27900984e-14,2.18841804e-15,6.11821859e-14,3.57688763e-02
2848,8768,0.766221,0.699559,1.72806345e-02,1.58786599e-03,4.33674533e-14,7.80430217e-16,4.27702477e-14,1.82470353e-02
2849,8769,0.624994,0.261359,1.56339362e-01,1.59910358e-02,1.03463387e-13,1.16780763e-14,9.79101850e-14,1.19273355e-01
2850,8770,0.305100,0.775356,1.27753615e-02,1.19115517e-03,6.65743095e-14,5.08747682e-16,6.62826456e-14,7.67542812e-03
2851,8771,0.305100,0.775356,1.23946890e-02,1.15786237e-03,6.59236663e-14,2.27390150e-16,6.52301767e-14,3.48596558e-03
2852,8772,0.293159,0.231519,1.98024865e-02,1.85267394e-03,2.56390707e-14,4.26412532e-16,2.52719547e-14,1.68729541e-02
2853,8773,0.348098,0.234051,2.52895951e-02,2.36131414e-03,3.29137725e-14,3.71085240e-16,3.21468248e-14,1.15434492e-02
2854,8774,0.334100,0.723121,1.36547610e-02,1.28064281e-03,6.95916239e-14,5.22268022e-16,6.90994706e-14,7.55820583e-03
2855,8775,0.735894,0.707487,1.71508752e-02,1.61559845e-03,4.43361168e-14,8.74965817e-16,4.36181920e-14,2.00596535e-02
2856,8776,0.332942,0.756993,1.41110625e-02,1.30912429e-03,7.00801992e-14,1.77964693e-16,6.97614845e-14,2.55104509e-03
2857,8777,0.720203,0.326548,1.01092517e-01,1.04814069e-02,1.43416773e-13,1.73735309e-15,1.42873316e-13,1.21600949e-02
2858,8778,0.720203,0.326548,9.57436413e-02,1.01297889e-02,1.39597332e-13,4.65911743e-16,1.37100821e-13,3.39831477e-03
2859,8779,0.334100,0.723121,1.28843095e-02,1.20915775e-03,6.76068495e-14,6.26341689e-16,6.72883041e-14,9.30832925e-03
2860,8780,0.315670,0.752714,1.33687844e-02,1.23868906e-03,6.81748901e-14,1.66545100e-16,6.77658410e-14,2.45765563e-03
2861,8781,0.097100,0.300780,3.22013744e-03,2.57311680e-04,4.47928133e-15,3.35744802e-16,4.47928133e-15,7.49550603e-02
2862,8782,0.311305,0.652641,8.44935421e-03,7.46925012e-04,5.68752741e-14,1.20535287e-15,5.68752741e-14,2.11929154e-02
2863,8783,0.608328,0.727104,1.18940249e-02,1.09717646e-03,5.24389289e-14,1.58047285e-15,5.24389255e-14,3.01393065e-02
2864,8784,0.716445,0.726699,1.55780530e-02,1.42246415e-03,4.25941936e-14,1.16974837e-15,4.25941936e-14,2.74626251e-02
2865,8785,0.751463,0.828593,1.68393459e-02,1.49878848e-03,3.70910069e-14,3.95919134e-16,3.70910069e-14,1.06742622e-02
2866,8786,0.887603,0.553102,1.71098653e-02,1.60612783e-03,5.24780042e-14,1.07715211e-15,5.24780076e-14,2.05257813e-02
2867,8787,0.716359,0.101824,1.50003843e-02,1.29969826e-03,5.12136923e-14,5.75418333e-16,5.12136923e-14,1.12356346e-02
2868,8788,0.376588,0.326985,2.72405669e-02,2.40306486e-03,2.11133364e-14,7.31668436e-16,2.11133364e-14,3.46543258e-02
2869,8789,0.781877,0.330546,6.66666180e-02,6.60717627e-03,1.21992599e-13,1.08764547e-15,1.21992599e-13,8.91566765e-03
2870,8790,0.341712,0.398630,2.14845482e-02,1.90036593e-03,1.01359351e-14,5.07758030e-16,1.01359351e-14,5.00948385e-02
2871,8791,0.593486,0.607938,1.88892465e-02,1.52309868e-03,5.17348039e-14,2.03496786e-15,5.17348005e-14,3.93346033e-02
2872,8792,0.494005,0.606560,1.18653104e-02,9.87941283e-04,8.70047646e-14,1.29375537e-15,8.70047646e-14,1.48699370e-02
2873,8793,0.735894,0.707487,1.66730341e-02,1.53736072e-03,4.29450414e-14,2.08757808e-16,4.29450380e-14,4.86104606e-03
2874,8794,0.278156,0.716237,9.79685411e-03,8.73211538e-04,5.87076503e-14,7.92372323e-16,5.87076503e-14,1.34969177e-02
2875,8795,0.467801,0.885929,1.14383483e-02,1.04487478e-03,6.22212175e-14,4.89674829e-16,6.22212175e-14,7.86990112e-03
2876,8796,0.899402,0.915816,5.58483787e-02,5.04015386e-03,6.45412340e-14,1.67440075e-15,6.45412272e-14,2.59431193e-02
2877,8797,0.799748,0.942918,2.02842243e-02,1.88498013e-03,3.53477149e-14,1.65409430e-15,3.53477149e-14,4.67949430e-02
2878,8798,0.943777,0.700953,3.62274796e-02,3.52584105e-03,5.68575609e-14,1.04610824e-15,5.68575609e-14,1.83987534e-02
2879,8799,0.942947,0.200068,1.51814334e-02,1.40317075e-03,8.66896615e-14,1.10624006e-15,8.66896615e-14,1.27609226e-02
2880,8800,0.298749,0.944076,9.74863023e-03,8.57855426e-04,6.02368836e-14,2.26340835e-16,6.02368836e-14,3.75751237e-03
2881,8801,0.084478,0.898867,6.83610141e-03,6.31912961e-04,5.71615170e-14,8.76733999e-16,5.71615170e-14,1.53378364e-02
2882,8802,0.930851,0.105163,1.93065368e-02,1.76959811e-03,1.02804423e-13,1.87439159e-15,1.02804423e-13,1.82325968e-02
2883,8803,0.058544,0.822109,3.29371123e-03,3.09535797e-04,3.82462718e-14,1.13257061e-15,3.82462718e-14,2.96125755e-02
2884,8804,0.167340,0.910887,8.62205215e-03,8.08419602e-04,6.05264333e-14,1.05807999e-15,6.05264333e-14,1.74812877e-02
2885,8805,0.153324,0.593238,7.38248695e-04,6.07432448e-05,1.47650294e-14,9.38708276e-16,1.47650294e-14,6.35764583e-02
2886,8806,0.851686,0.109375,1.25531992e-02,1.19912811e-03,7.49594207e-14,1.83541176e-15,7.49594207e-14,2.44854049e-02
2887,8807,0.827063,0.108293,1.23009039e-02,1.06080039e-03,6.95697772e-14,1.50095975e-15,6.95697704e-14,2.15748843e-02
2888,8808,0.053765,0.889429,5.46604814e-03,5.04829746e-04,5.29061048e-14,1.06367115e-15,5.29061014e-14,2.01048863e-02
2889,8809,0.889741,0.946120,5.77570051e-02,5.68854623e-03,6.45048183e-14,2.00464111e-15,6.45048183e-14,3.10773856e-02
2890,8810,0.907303,0.064780,1.33520300e-02,1.14396447e-03,9.04420039e-14,2.23636265e-15,9.04419972e-14,2.47270374e-02
2891,8811,0.077655,0.562366,2.99793501e-05,1.16256717e-06,1.52858382e-15,3.23824084e-16,1.52858371e-15,2.11845829e-01
2892,8812,0.101528,0.536136,3.58424622e-05,1.00210843e-06,9.18168468e-16,7.05636573e-16,9.18168362e-16,7.68526342e-01
2893,8813,0.071683,0.360914,8.93247896e-04,7.68980244e-05,9.39157945e-16,1.46261401e-16,9.39157945e-16,1.55736745e-01
2894,8814,0.318780,0.397476,1.73198003e-02,1.51226053e-03,9.18889124e-15,4.40622886e-16,9.18889124e-15,4.79516924e-02
2895,8815,0.176710,0.610790,1.11887883e-03,9.45108040e-05,1.90090168e-14,7.80540861e-16,1.90090168e-14,4.10616113e-02
2896,8816,0.149031,0.889468,8.36423691e-03,7.85855402e-04,5.77591292e-14,3.04760178e-16,5.77591292e-14,5.27639842e-03
2897,8817,0.891829,0.838169,3.56665403e-02,3.41505115e-03,5.51791109e-14,9.53296301e-16,5.51791109e-14,1.72763983e-02
2898,8818,0.513940,0.620535,1.05840340e-02,8.64944130e-04,7.86068395e-14,1.12916723e-15,7.86068395e-14,1.43647454e-02
2899,8819,0.333763,0.649269,1.01851486e-02,9.04704444e-04,6.34601353e-14,1.36463043e-15,6.34601353e-14,2.15037428e-02
2900,8820,0.699802,0.926640,1.24507900e-02,1.12225942e-03,3.59674787e-14,1.06031584e-15,3.59674787e-14,2.94798490e-02
2901,8821,0.925724,0.801943,3.81788239e-02,3.64221749e-03,5.95988035e-14,1.91113503e-15,5.95988035e-14,3.20666677e-02
2902,8822,0.807432,0.096473,1.30956043e-02,1.17932481e-03,6.61531444e-14,2.72456385e-15,6.61531377e-14,4.11857086e-02
2903,8823,0.658188,0.857090,1.19548505e-02,1.07037369e-03,4.20510964e-14,6.72093539e-16,4.20510964e-14,1.59827828e-02
2904,8824,0.243662,0.648352,4.51443018e-03,3.97593132e-04,4.11255333e-14,1.22301393e-15,4.11255333e-14,2.97385550e-02
2905,8825,0.859643,0.245260,3.18043120e-02,3.00759659e-03,9.37149799e-14,9.62150654e-16,9.37149799e-14,1.02667754e-02
2906,8826,0.832380,0.391325,4.14682589e-02,3.80598870e-03,9.77961473e-14,1.86614678e-15,9.77961473e-14,1.90820071e-02
2907,8827,0.481994,0.347560,8.45830068e-02,6.90389285e-03,1.90568183e-14,1.33294684e-15,1.90568183e-14,6.99459282e-02
2908,8828,0.162076,0.291703,8.06372333e-03,7.15114758e-04,1.05095308e-14,4.15794868e-16,1.05095316e-14,3.95635964e-02
2909,8829,0.754140,0.860783,1.71717554e-02,1.56008173e-03,3.67966732e-14,2.39492001e-16,3.67966732e-14,6.50852321e-03
2910,8830,0.824954,0.246742,4.12053578e-02,3.89291882e-03,9.89639279e-14,8.64494955e-16,9.89639279e-14,8.73545517e-03
2911,8831,0.196153,0.732253,6.20383630e-03,5.67066891e-04,4.64215153e-14,8.87395761e-16,4.64215153e-14,1.91160447e-02
2912,8832,0.494619,0.685104,1.30809480e-02,1.18477887e-03,7.60322523e-14,7.50562671e-16,7.60322523e-14,9.87163536e-03
2913,8833,0.680486,0.824735,1.26176616e-02,1.14018354e-03,4.32205880e-14,4.89849688e-16,4.32205880e-14,1.13337118e-02
2914,8834,0.352579,0.691662,1.39140394e-02,1.29815168e-03,7.12390691e-14,7.16993008e-16,7.12390691e-14,1.00646038e-02
2915,8835,0.444302,0.859902,1.23035815e-02,1.11823331e-03,6.52782949e-14,5.09142823e-16,6.52782949e-14,7.79957294e-03
2916,8836,0.748647,0.198870,4.17843610e-02,3.79399420e-03,8.70375007e-14,1.73158575e-15,8.70375007e-14,1.98947090e-02
2917,8837,0.583202,0.152045,4.03390937e-02,3.60502745e-03,6.70855922e-14,1.09083497e-15,6.70855922e-14,1.62603464e-02
2918,8838,0.216364,0.778782,8.73978250e-03,7.84045784e-04,5.53102316e-14,5.29479978e-16,5.53102316e-14,9.57291196e-03
2919,8839,0.597187,0.305521,8.13581765e-01,1.98733521e+00,9.58695796e-13,4.22015613e-13,9.58695688e-13,4.40197675e-01
2920,8840,0.881520,0.497158,1.78901311e-02,1.65266159e-03,6.01889551e-14,1.67704297e-15,6.01889483e-14,2.78629718e-02
2921,8841,0.872215,0.554314,1.88943464e-02,1.73207559e-03,5.92187906e-14,1.41744696e-15,5.92187906e-14,2.39357633e-02
2922,8842,0.337245,0.217812,2.23619249e-02,2.07814272e-03,3.11089621e-14,5.89458645e-16,3.11089621e-14,1.89481939e-02
2923,8843,0.768262,0.280789,6.35695457e-02,6.33883523e-03,1.17588448e-13,1.78967791e-15,1.17588448e-13,1.52198447e-02
2924,8844,0.253547,0.764700,9.48904268e-03,8.80184059e-04,5.74227216e-14,5.43769424e-16,5.74227216e-14,9.46958639e-03
2925,8845,0.394679,0.285071,3.15528065e-02,2.98396265e-03,2.63261990e-14,9.20116962e-16,2.63261974e-14,3.49506216e-02
2926,8846,0.553424,0.240969,9.62497294e-02,8.61889962e-03,8.72482899e-14,3.18377154e-15,8.72482899e-14,3.64909334e-02
2927,8847,0.272495,0.757765,1.03291627e-02,9.44880827e-04,6.02296465e-14,8.16940567e-16,6.02296465e-14,1.35637616e-02
2928,8848,0.367126,0.355024,2.76678260e-02,2.42270436e-03,1.62352753e-14,4.78168098e-16,1.62352753e-14,2.94524170e-02
2929,8849,0.255722,0.262786,1.70538519e-02,1.59495254e-03,2.12547163e-14,5.32912526e-16,2.12547163e-14,2.50726718e-02
2930,8850,0.380078,0.233572,2.58954614e-02,2.50637578e-03,3.42214321e-14,4.29018561e-16,3.42214287e-14,1.25365473e-02
2931,8851,0.624994,0.261359,2.46784493e-01,2.38863900e-02,1.15792535e-13,1.70623742e-14,1.15792535e-13,1.47352973e-01
2932,8852,0.147416,0.220509,1.19243553e-02,1.04357523e-03,1.64080277e-14,5.14390933e-16,1.64080260e-14,3.13499584e-02
2933,8853,0.420533,0.253307,3.29303704e-02,3.03238700e-03,3.83291286e-14,8.44088131e-16,3.83291286e-14,2.20221060e-02
2934,8854,0.783772,0.505657,3.51176299e-02,3.24264867e-03,8.77081204e-14,1.38914102e-15,8.77081204e-14,1.58382259e-02
2935,8855,0.476975,0.250587,4.17020470e-02,3.79429082e-03,4.37517793e-14,1.21747211e-15,4.37517827e-14,2.78268002e-02
2936,8856,0.731388,0.673304,1.77222881e-02,1.62940624e-03,4.55714974e-14,3.74814488e-16,4.55714940e-14,8.22475751e-03
2937,8857,0.703214,0.331340,1.02118649e-01,1.03018954e-02,1.45736450e-13,2.70050536e-15,1.45736437e-13,1.85300630e-02
2938,8858,0.736105,0.569523,2.93147340e-02,2.70043383e-03,7.13571522e-14,1.43072536e-15,7.13571522e-14,2.00502027e-02
2939,8859,0.588651,0.743523,1.07052075e-02,9.35891760e-04,5.72591155e-14,9.20469116e-16,5.72591155e-14,1.60755036e-02
2940,8860,0.326499,0.766234,1.37731424e-02,1.27288920e-03,6.87615383e-14,2.26820812e-16,6.87615383e-14,3.29865819e-03
2941,8861,0.466722,0.940145,8.76420084e-03,7.88510544e-04,5.62612802e-14,5.61785179e-16,5.62612802e-14,9.98528965e-03
2942,8862,0.561725,0.083156,2.89741680e-02,2.76552606e-03,6.05200568e-14,3.81785490e-16,6.05200568e-14,6.30841261e-03
2943,8863,0.472350,0.582033,1.71207562e-02,1.57270487e-03,1.02408221e-13,2.32106234e-15,1.02408221e-13,2.26648047e-02
2944,8864,0.287297,0.388866,1.27161741e-02,1.14982389e-03,8.16442014e-15,4.42614076e-16,8.16442014e-15,5.42125550e-02
2945,8865,0.107276,0.803232,4.66613611e-03,4.31048451e-04,4.29493409e-14,9.40933749e-16,4.29493409e-14,2.19079904e-02
2946,8866,0.834938,0.871854,2.74473950e-02,2.60948273e-03,4.51757602e-14,1.24557518e-15,4.51757602e-14,2.75717592e-02
2947,8867,0.872519,0.164976,1.94050390e-02,1.86835299e-03,8.88218806e-14,2.37001788e-15,8.88218738e-14,2.66828178e-02
2948,8868,0.129467,0.831640,5.78187592e-03,5.41112444e-04,4.80362921e-14,8.60512471e-16,4.80362921e-14,1.79137988e-02
2949,8869,0.434821,0.892776,1.12351933e-02,1.00959290e-03,6.24876466e-14,3.45951205e-16,6.24876466e-14,5.53631355e-03
2950,8870,0.115045,0.343781,3.20060039e-03,2.37989865e-04,3.71998659e-15,5.30400385e-16,3.71998659e-15,1.42581263e-01
2951,8871,0.662737,0.509751,5.16858436e-02,4.72072745e-03,9.21643201e-14,1.70198428e-15,9.21643201e-14,1.84668457e-02
2952,8872,0.126850,0.144189,1.68082938e-02,1.55307725e-03,2.33721479e-14,4.48163280e-16,2.33721479e-14,1.91751002e-02
2953,8873,0.461791,0.718043,1.59007255e-02,1.50183099e-03,7.89551394e-14,4.74216848e-16,7.89551462e-14,6.00615503e-03
2954,8874,0.162076,0.291703,7.42201274e-03,6.97360840e-04,1.01161060e-14,4.16479668e-16,1.01161060e-14,4.11699588e-02
2955,8875,0.440448,0.739992,1.60005763e-02,1.45417196e-03,7.59071083e-14,3.46406882e-16,7.59071083e-14,4.56356315e-03
2956,8876,0.714813,0.359150,9.82855707e-02,9.54505429e-03,1.42332150e-13,1.39868581e-15,1.42332150e-13,9.82691408e-03
2957,8877,0.768703,0.396772,6.24285899e-02,6.12030784e-03,1.19429233e-13,1.08905535e-15,1.19429233e-13,9.11883401e-03
2958,8878,0.405460,0.214476,2.79562995e-02,2.60086171e-03,3.92449304e-14,7.04713042e-16,3.92449304e-14,1.79567917e-02
2959,8879,0.334407,0.766882,1.40278889e-02,1.30838004e-03,6.93711717e-14,2.17687560e-16,6.93711649e-14,3.13801218e-03
2960,8880,0.314415,0.764250,1.27518596e-02,1.15901849e-03,6.62145645e-14,5.27636093e-16,6.62145645e-14,7.96858058e-03
