label,type,cx,cy,area,h_eq,aspect_ratio,miseseri,region
1,CPE3,0.234906,0.193551,1.76137313e-04,0.013272,1.1661,9.12909985e+00,FAR_FIELD
2,CPE3,0.310915,0.184519,9.14428383e-05,0.009563,1.1121,8.30577755e+00,FAR_FIELD
3,CPE3,0.582113,0.741281,1.56432390e-04,0.012507,1.2127,5.59342003e+00,FAR_FIELD
4,CPE3,0.688350,0.168843,1.03790313e-04,0.010188,1.2992,6.59498596e+00,FAR_FIELD
5,CPE3,0.744330,0.098164,1.11866742e-04,0.010577,1.1590,9.65307045e+00,FAR_FIELD
6,CPE3,0.720908,0.437811,8.46087933e-05,0.009198,1.0848,1.17438507e+01,LIGAMENT
7,CPE3,0.784519,0.572066,7.97659159e-05,0.008931,1.0389,8.62137890e+00,LIGAMENT
8,CPE3,0.854021,0.354265,1.72659755e-04,0.013140,1.2571,1.28405704e+01,FAR_FIELD
9,CPE3,0.939158,0.109898,1.33551657e-04,0.011556,1.3417,3.49781370e+00,FAR_FIELD
10,CPE3,0.560006,0.106352,1.38329342e-04,0.011761,1.5086,1.72341371e+00,FAR_FIELD
11,CPE3,0.556376,0.155087,8.95857811e-05,0.009465,1.1769,2.77877593e+00,FAR_FIELD
12,CPE3,0.344138,0.227788,8.82148743e-05,0.009392,1.4188,9.67919064e+00,FAR_FIELD
13,CPE3,0.325769,0.393707,7.42748380e-05,0.008618,1.6510,1.42673368e+01,FAR_FIELD
14,CPE3,0.848515,0.729591,8.07940960e-05,0.008989,1.1196,5.26060629e+00,FAR_FIELD
15,CPE3,0.549786,0.877501,1.11520290e-04,0.010560,1.2349,2.48360133e+00,FAR_FIELD
16,CPE3,0.657741,0.921814,1.04337931e-04,0.010215,1.0728,5.79471922e+00,FAR_FIELD
17,CPE3,0.523444,0.943705,1.00016594e-04,0.010001,1.3136,2.04041529e+00,FAR_FIELD
18,CPE3,0.116311,0.652265,1.11456960e-04,0.010557,1.4550,2.03025198e+00,FAR_FIELD
19,CPE3,0.925355,0.254507,1.22375786e-04,0.011062,1.3716,9.23463917e+00,FAR_FIELD
20,CPE3,0.058410,0.631437,5.53634018e-05,0.007441,1.2628,3.36240828e-01,FAR_FIELD
21,CPE3,0.116447,0.872052,1.23601407e-04,0.011118,1.2644,3.89993024e+00,FAR_FIELD
22,CPE3,0.689864,0.134704,9.05580819e-05,0.009516,1.2834,5.88801622e+00,FAR_FIELD
23,CPE3,0.886920,0.590081,8.11517239e-05,0.009008,1.2743,9.81429768e+00,LIGAMENT
24,CPE3,0.676301,0.884139,1.25318766e-04,0.011195,1.2101,8.33587074e+00,FAR_FIELD
25,CPE3,0.556471,0.090456,7.55991787e-05,0.008695,1.1029,1.96846306e+00,FAR_FIELD
26,CPE3,0.168437,0.863856,1.32352114e-04,0.011504,1.1625,6.12414122e+00,FAR_FIELD
27,CPE3,0.736583,0.842628,8.43405724e-05,0.009184,1.4923,7.82100582e+00,FAR_FIELD
28,CPE3,0.517006,0.137708,5.62816858e-05,0.007502,1.1415,2.51691532e+00,FAR_FIELD
29,CPE3,0.845068,0.321905,1.11848116e-04,0.010576,1.2771,6.06191730e+00,FAR_FIELD
30,CPE3,0.577044,0.170155,7.49640167e-05,0.008658,1.1075,2.46725440e+00,FAR_FIELD
31,CPE3,0.254143,0.293292,1.43490732e-04,0.011979,1.2454,8.95809746e+00,FAR_FIELD
32,CPE3,0.475753,0.280491,9.71704721e-05,0.009858,1.1085,8.83291626e+00,FAR_FIELD
33,CPE3,0.825525,0.323891,1.32396817e-04,0.011506,1.2568,9.59884548e+00,FAR_FIELD
34,CPE3,0.251499,0.688959,9.95099545e-05,0.009975,1.2050,7.59120131e+00,FAR_FIELD
35,CPE3,0.836952,0.266741,8.95559788e-05,0.009463,1.0685,6.09431410e+00,FAR_FIELD
36,CPE3,0.626372,0.396998,1.66043639e-04,0.012886,1.3066,2.38926487e+01,FAR_FIELD
37,CPE3,0.411667,0.299845,9.67048109e-05,0.009834,1.2557,1.26331854e+01,FAR_FIELD
38,CPE3,0.496198,0.811307,1.22472644e-04,0.011067,1.3385,7.00554132e+00,FAR_FIELD
39,CPE3,0.492755,0.279171,9.73492861e-05,0.009867,1.1898,1.03452063e+01,FAR_FIELD
40,CPE3,0.529586,0.289929,9.91001725e-05,0.009955,1.1981,6.60941029e+00,FAR_FIELD
41,CPE3,0.784092,0.323540,6.89625740e-05,0.008304,1.0875,6.82471037e+00,FAR_FIELD
42,CPE3,0.285303,0.780775,6.69136643e-05,0.008180,1.1945,6.95084286e+00,FAR_FIELD
43,CPE3,0.442951,0.291305,1.49212778e-04,0.012215,1.2150,1.20924635e+01,FAR_FIELD
44,CPE3,0.781219,0.300654,6.43283129e-05,0.008020,1.1990,7.32672882e+00,FAR_FIELD
45,CPE3,0.299897,0.762330,8.72984529e-05,0.009343,1.1819,8.32916260e+00,FAR_FIELD
46,CPE3,0.378980,0.735447,1.16780400e-04,0.010806,1.3070,1.10395069e+01,FAR_FIELD
47,CPE3,0.241094,0.259068,8.45808536e-05,0.009197,1.2733,6.55481958e+00,FAR_FIELD
48,CPE3,0.239941,0.277573,1.30804256e-04,0.011437,1.2158,7.53851414e+00,FAR_FIELD
49,CPE3,0.543433,0.703697,1.15036964e-04,0.010726,1.4848,9.13594913e+00,FAR_FIELD
50,CPE3,0.590236,0.255217,9.59858298e-05,0.009797,1.0248,4.59843397e+00,FAR_FIELD
51,CPE3,0.315239,0.768942,1.01745129e-04,0.010087,1.1711,8.69693851e+00,FAR_FIELD
52,CPE3,0.724577,0.287916,1.07467175e-04,0.010367,1.4115,1.45839663e+01,FAR_FIELD
53,CPE3,0.402171,0.243273,1.07102096e-04,0.010349,1.3349,1.23882666e+01,FAR_FIELD
54,CPE3,0.405151,0.762796,1.27613544e-04,0.011297,1.2431,1.19529991e+01,FAR_FIELD
55,CPE3,0.724171,0.307872,1.45301223e-04,0.012054,1.1731,1.43857756e+01,FAR_FIELD
56,CPE3,0.698967,0.796111,9.53376293e-05,0.009764,1.0981,9.05390835e+00,FAR_FIELD
57,CPE3,0.790545,0.263467,7.81491399e-05,0.008840,1.1741,8.57733727e+00,FAR_FIELD
58,CPE3,0.074948,0.881439,7.51819462e-05,0.008671,1.2271,2.81478262e+00,FAR_FIELD
59,CPE3,0.934005,0.813330,8.16285610e-05,0.009035,1.2616,5.37379169e+00,FAR_FIELD
60,CPE3,0.421926,0.414301,6.28307462e-05,0.007927,1.1630,2.65131435e+01,CRACK_WAKE
61,CPE3,0.291349,0.393681,9.80831683e-05,0.009904,1.1500,9.76318073e+00,FAR_FIELD
62,CPE3,0.101832,0.847388,7.15032220e-05,0.008456,1.1107,3.37378716e+00,FAR_FIELD
63,CPE3,0.423936,0.622375,8.87364149e-05,0.009420,1.5586,3.04538231e+01,FAR_FIELD
64,CPE3,0.351175,0.395002,1.09635293e-04,0.010471,1.3433,1.60387383e+01,FAR_FIELD
65,CPE3,0.894028,0.567163,8.01831484e-05,0.008955,1.4292,7.61546087e+00,LIGAMENT
66,CPE3,0.529709,0.915965,9.58442688e-05,0.009790,1.3040,2.52856255e+00,FAR_FIELD
67,CPE3,0.907859,0.327670,5.92470169e-05,0.007697,1.0300,3.65241647e+00,FAR_FIELD
68,CPE3,0.647543,0.135679,9.91560519e-05,0.009958,1.1529,6.15450668e+00,FAR_FIELD
69,CPE3,0.202882,0.870781,7.93337822e-05,0.008907,1.0620,4.68536997e+00,FAR_FIELD
70,CPE3,0.859640,0.883074,9.59038734e-05,0.009793,1.2417,9.34283066e+00,FAR_FIELD
71,CPE3,0.217676,0.752540,3.66419554e-05,0.006053,1.7232,5.79318237e+00,FAR_FIELD
72,CPE3,0.864888,0.537935,7.32094049e-05,0.008556,1.3343,6.45394564e+00,LIGAMENT
73,CPE3,0.752342,0.602185,1.24007463e-04,0.011136,1.3642,1.46507215e+01,FAR_FIELD
74,CPE3,0.791300,0.529605,1.27434731e-04,0.011289,1.2559,8.00568008e+00,LIGAMENT
75,CPE3,0.646389,0.709294,1.15662813e-04,0.010755,1.2318,1.15614290e+01,FAR_FIELD
76,CPE3,0.621938,0.707080,1.01804733e-04,0.010090,1.4012,9.43883324e+00,FAR_FIELD
77,CPE3,0.768262,0.455869,9.86456871e-05,0.009932,1.3592,1.18138618e+01,LIGAMENT
78,CPE3,0.592927,0.216190,8.79056752e-05,0.009376,1.0456,5.41167068e+00,FAR_FIELD
79,CPE3,0.780029,0.477634,1.10387802e-04,0.010507,1.2242,1.06081791e+01,LIGAMENT
80,CPE4,0.032028,0.010841,4.63792065e-04,0.021536,1.0369,4.29219007e+00,FAR_FIELD
81,CPE4,0.010608,0.031521,4.43640092e-04,0.021063,1.0267,1.68838918e+00,FAR_FIELD
82,CPE4,0.010374,0.052383,4.32157249e-04,0.020788,1.0295,1.56361246e+00,FAR_FIELD
83,CPE4,0.009872,0.094144,4.13160305e-04,0.020326,1.0688,1.39669263e+00,FAR_FIELD
84,CPE4,0.010081,0.135822,4.19109245e-04,0.020472,1.0453,1.39869630e+00,FAR_FIELD
85,CPE4,0.010367,0.177383,4.30938788e-04,0.020759,1.0054,1.59302711e+00,FAR_FIELD
86,CPE4,0.010088,0.239842,4.19844175e-04,0.020490,1.0391,1.67200172e+00,FAR_FIELD
87,CPE4,0.009971,0.260645,4.14918410e-04,0.020370,1.0497,1.56165051e+00,FAR_FIELD
88,CPE4,0.009885,0.302196,4.11670888e-04,0.020290,1.0561,1.19266772e+00,FAR_FIELD
89,CPE4,0.010181,0.343878,4.26027225e-04,0.020640,1.0435,8.22884619e-01,FAR_FIELD
90,CPE4,0.010404,0.385609,4.34716232e-04,0.020850,1.0122,1.59078777e+00,FAR_FIELD
91,CPE4,0.010070,0.427358,4.19966411e-04,0.020493,1.0445,2.39300990e+00,CRACK_WAKE
92,CPE4,0.009963,0.489641,4.12810594e-04,0.020318,1.0493,1.64837098e+00,CRACK_WAKE
93,CPE4,0.009924,0.468912,4.11665067e-04,0.020290,1.0497,2.27802110e+00,CRACK_WAKE
94,CPE4,0.053522,0.011275,4.86585806e-04,0.022059,1.0839,5.42445230e+00,FAR_FIELD
95,CPE4,0.076364,0.035554,5.73343423e-04,0.023945,1.2051,2.80811405e+00,FAR_FIELD
96,CPE4,0.093210,0.068233,4.43996862e-04,0.021071,1.4255,6.91234541e+00,FAR_FIELD
97,CPE4,0.048254,0.115890,3.59827187e-04,0.018969,1.1729,5.00041580e+00,FAR_FIELD
98,CPE4,0.052250,0.157245,4.60942741e-04,0.021470,1.0642,5.84632874e+00,FAR_FIELD
99,CPE4,0.052725,0.178424,4.59632603e-04,0.021439,1.0707,5.19603348e+00,FAR_FIELD
100,CPE4,0.051045,0.220391,4.22025099e-04,0.020543,1.0310,2.42363524e+00,FAR_FIELD
101,CPE4,0.049680,0.261468,4.01114579e-04,0.020028,1.0379,1.18904555e+00,FAR_FIELD
102,CPE4,0.049198,0.301981,3.92862130e-04,0.019821,1.0422,1.32984495e+00,FAR_FIELD
103,CPE4,0.053091,0.364259,4.96136025e-04,0.022274,1.1757,1.36109734e+00,FAR_FIELD
104,CPE4,0.053243,0.386494,5.02175651e-04,0.022409,1.1717,1.62363005e+00,FAR_FIELD
105,CPE4,0.069907,0.449654,4.01044264e-04,0.020026,1.0244,1.39792669e+00,CRACK_WAKE
106,CPE4,0.049917,0.489821,4.07543033e-04,0.020188,1.0205,2.53654861e+00,CRACK_WAKE
107,CPE4,0.069898,0.469658,4.05510888e-04,0.020137,1.0076,1.95498776e+00,CRACK_WAKE
108,CPE4,0.096620,0.011242,4.82412288e-04,0.021964,1.1095,2.99288297e+00,FAR_FIELD
109,CPE4,0.120639,0.030277,4.16080118e-04,0.020398,1.1477,3.61489201e+00,FAR_FIELD
110,CPE4,0.124850,0.048442,3.26521927e-04,0.018070,1.2604,3.36956263e+00,FAR_FIELD
111,CPE4,0.092734,0.112591,3.41528561e-04,0.018480,1.3273,6.14612913e+00,FAR_FIELD
112,CPE4,0.094392,0.151838,3.98598146e-04,0.019965,1.4844,1.83326423e+00,FAR_FIELD
113,CPE4,0.093363,0.203678,4.00268473e-04,0.020007,1.1423,5.49390221e+00,FAR_FIELD
114,CPE4,0.090620,0.242791,4.05109487e-04,0.020127,1.0604,5.23314476e+00,FAR_FIELD
115,CPE4,0.088877,0.281710,3.87154520e-04,0.019676,1.0673,3.97000289e+00,FAR_FIELD
116,CPE4,0.108227,0.317697,3.27623449e-04,0.018100,1.2182,2.48793507e+00,FAR_FIELD
117,CPE4,0.111512,0.349824,2.84276903e-04,0.016861,1.1709,2.13356590e+00,FAR_FIELD
118,CPE4,0.092644,0.395481,3.02793458e-04,0.017401,1.1298,1.44409597e+00,FAR_FIELD
119,CPE4,0.110805,0.449735,4.08142805e-04,0.020203,1.0600,1.37814140e+00,CRACK_WAKE
120,CPE4,0.090042,0.489864,4.07356769e-04,0.020183,1.0139,2.53030038e+00,CRACK_WAKE
121,CPE4,0.110422,0.469680,4.06816602e-04,0.020170,1.0155,1.37233901e+00,CRACK_WAKE
122,CPE4,0.139293,0.009722,4.12305119e-04,0.020305,1.1043,3.41497540e+00,FAR_FIELD
123,CPE4,0.161893,0.029089,3.97341442e-04,0.019933,1.0789,3.25251102e+00,FAR_FIELD
124,CPE4,0.162643,0.049187,4.05888306e-04,0.020147,1.3188,3.44264889e+00,FAR_FIELD
125,CPE4,0.140852,0.103247,3.46943736e-04,0.018626,1.2411,6.62489986e+00,FAR_FIELD
126,CPE4,0.134435,0.160593,3.49843875e-04,0.018704,1.3397,6.24423981e+00,FAR_FIELD
127,CPE4,0.150418,0.201708,2.25661322e-04,0.015022,1.3463,3.07994676e+00,FAR_FIELD
128,CPE4,0.154483,0.214925,2.23837793e-04,0.014961,1.4848,4.00210333e+00,FAR_FIELD
129,CPE4,0.150319,0.284166,3.77815217e-04,0.019437,1.1116,6.11575270e+00,FAR_FIELD
130,CPE4,0.115464,0.365660,3.26979905e-04,0.018083,1.3980,2.54441023e+00,FAR_FIELD
131,CPE4,0.136575,0.411881,3.40860337e-04,0.018462,1.3848,2.18836761e+00,CRACK_WAKE
132,CPE4,0.151519,0.450429,3.85062769e-04,0.019623,1.0731,2.18105006e+00,CRACK_WAKE
133,CPE4,0.130200,0.489871,4.06395644e-04,0.020159,1.0146,1.86142898e+00,CRACK_WAKE
134,CPE4,0.150826,0.469869,3.99831682e-04,0.019996,1.0230,1.15908992e+00,CRACK_WAKE
135,CPE4,0.181333,0.009672,4.05938365e-04,0.020148,1.0986,3.67093730e+00,FAR_FIELD
136,CPE4,0.202373,0.009675,4.08150372e-04,0.020203,1.1003,3.94255567e+00,FAR_FIELD
137,CPE4,0.203764,0.049448,4.09508590e-04,0.020236,1.0409,3.99475813e+00,FAR_FIELD
138,CPE4,0.209130,0.100303,4.20500524e-04,0.020506,1.2864,6.98122311e+00,FAR_FIELD
139,CPE4,0.204136,0.144170,3.68269160e-04,0.019190,1.3660,3.25416827e+00,FAR_FIELD
140,CPE4,0.182516,0.190147,3.37911770e-04,0.018382,1.1244,3.01142097e+00,FAR_FIELD
141,CPE4,0.194701,0.228415,4.79144976e-04,0.021889,1.2911,7.70751333e+00,FAR_FIELD
142,CPE4,0.188066,0.323400,3.30833718e-04,0.018189,1.1310,7.03137302e+00,FAR_FIELD
143,CPE4,0.177558,0.360084,3.19151208e-04,0.017865,1.0530,5.22327518e+00,FAR_FIELD
144,CPE4,0.172211,0.414232,3.07854265e-04,0.017546,1.1231,4.17284632e+00,CRACK_WAKE
145,CPE4,0.171522,0.450454,3.75863165e-04,0.019387,1.0631,2.91422176e+00,CRACK_WAKE
146,CPE4,0.170330,0.489858,4.06656414e-04,0.020166,1.0177,1.36617804e+00,CRACK_WAKE
147,CPE4,0.190973,0.469485,3.98937613e-04,0.019973,1.0166,1.98325312e+00,CRACK_WAKE
148,CPE4,0.223448,0.009649,4.06363979e-04,0.020158,1.1046,4.15904188e+00,FAR_FIELD
149,CPE4,0.244546,0.009601,4.05863859e-04,0.020146,1.1111,4.45740128e+00,FAR_FIELD
150,CPE4,0.244476,0.048860,4.13869042e-04,0.020344,1.0471,4.37027359e+00,FAR_FIELD
151,CPE4,0.249660,0.108033,3.33041884e-04,0.018249,1.1938,3.74584126e+00,FAR_FIELD
152,CPE4,0.221343,0.144256,2.60070898e-04,0.016127,1.0852,4.07415152e+00,FAR_FIELD
153,CPE4,0.211835,0.251717,3.68753448e-04,0.019203,1.1367,8.52891064e+00,FAR_FIELD
154,CPE4,0.209193,0.270656,3.28730792e-04,0.018131,1.0748,8.09043503e+00,FAR_FIELD
155,CPE4,0.206123,0.324857,3.07034701e-04,0.017522,1.0996,7.82399702e+00,FAR_FIELD
156,CPE4,0.221810,0.367119,4.19877470e-04,0.020491,1.1899,9.55872631e+00,FAR_FIELD
157,CPE4,0.227234,0.407440,3.73948365e-04,0.019338,1.0849,7.71871090e+00,CRACK_WAKE
158,CPE4,0.230805,0.447217,4.04126942e-04,0.020103,1.0462,5.79296160e+00,CRACK_WAKE
159,CPE4,0.210440,0.489491,4.22067940e-04,0.020544,1.0672,1.91535366e+00,CRACK_WAKE
160,CPE4,0.211005,0.468807,4.08381224e-04,0.020208,1.0285,2.81209588e+00,CRACK_WAKE
161,CPE4,0.265676,0.009544,4.03154641e-04,0.020079,1.1173,4.70187712e+00,FAR_FIELD
162,CPE4,0.286817,0.009479,4.01078723e-04,0.020027,1.1251,4.93716764e+00,FAR_FIELD
163,CPE4,0.285558,0.047733,3.93945258e-04,0.019848,1.0814,4.85168600e+00,FAR_FIELD
164,CPE4,0.285713,0.107175,3.86008061e-04,0.019647,1.1536,4.67219257e+00,FAR_FIELD
165,CPE4,0.283937,0.150701,4.43490222e-04,0.021059,1.3617,6.71401215e+00,FAR_FIELD
166,CPE4,0.250287,0.190182,3.70925292e-04,0.019259,1.2668,3.36146545e+00,FAR_FIELD
167,CPE4,0.260453,0.244041,2.50918791e-04,0.015840,1.6268,6.01185131e+00,FAR_FIELD
168,CPE4,0.270474,0.266140,3.07429582e-04,0.017534,1.2667,1.05627670e+01,FAR_FIELD
169,CPE4,0.277496,0.361746,3.41914594e-04,0.018491,1.0967,1.34967136e+01,FAR_FIELD
170,CPE4,0.284056,0.413747,3.25925648e-04,0.018053,1.2191,1.26822052e+01,CRACK_WAKE
171,CPE4,0.272519,0.440785,5.01468778e-04,0.022393,1.2756,2.07911777e+01,CRACK_WAKE
172,CPE4,0.269266,0.510726,4.32036817e-04,0.020785,1.0992,4.39082909e+00,CRACK_WAKE
173,CPE4,0.271567,0.488080,4.89681959e-04,0.022129,1.2230,5.06148148e+00,CRACK_WAKE
174,CPE4,0.307965,0.009434,3.98824224e-04,0.019971,1.1263,5.13294649e+00,FAR_FIELD
175,CPE4,0.329117,0.009428,3.99074517e-04,0.019977,1.1263,5.28426170e+00,FAR_FIELD
176,CPE4,0.326418,0.047232,3.87138687e-04,0.019676,1.0932,5.15904140e+00,FAR_FIELD
177,CPE4,0.323452,0.106195,3.96341085e-04,0.019908,1.1102,4.82945299e+00,FAR_FIELD
178,CPE4,0.324625,0.150131,4.92136925e-04,0.022184,1.2078,5.37489414e+00,FAR_FIELD
179,CPE4,0.300714,0.280986,3.53854150e-04,0.018811,1.4296,1.33262835e+01,FAR_FIELD
180,CPE4,0.313493,0.308952,4.78904694e-04,0.021884,1.6275,1.71966171e+01,FAR_FIELD
181,CPE4,0.295225,0.359908,3.57456505e-04,0.018907,1.3669,1.66710262e+01,FAR_FIELD
182,CPE4,0.298160,0.403702,2.69897282e-04,0.016429,1.0519,9.69788361e+00,CRACK_WAKE
183,CPE4,0.305642,0.443346,4.43160534e-04,0.021051,1.6309,1.60474262e+01,CRACK_WAKE
184,CPE4,0.291924,0.488422,4.70012426e-04,0.021680,1.2230,7.00528049e+00,CRACK_WAKE
185,CPE4,0.311996,0.489427,4.27223742e-04,0.020669,1.1246,7.54179049e+00,CRACK_WAKE
186,CPE4,0.350308,0.009478,4.02374659e-04,0.020059,1.1248,5.40716696e+00,FAR_FIELD
187,CPE4,0.371554,0.009599,4.08614054e-04,0.020214,1.1130,5.35930777e+00,FAR_FIELD
188,CPE4,0.367717,0.047804,3.99125274e-04,0.019978,1.1198,5.37487602e+00,FAR_FIELD
189,CPE4,0.360443,0.122364,3.15112993e-04,0.017751,1.1991,4.18396139e+00,FAR_FIELD
190,CPE4,0.374271,0.158181,4.97559085e-04,0.022306,1.3794,1.13783636e+01,FAR_FIELD
191,CPE4,0.360111,0.209970,3.43322754e-04,0.018529,1.1439,4.23940849e+00,FAR_FIELD
192,CPE4,0.370556,0.243611,2.58542597e-04,0.016079,1.1150,5.78305721e+00,FAR_FIELD
193,CPE4,0.332348,0.268677,2.30945647e-04,0.015197,1.4633,9.66641617e+00,FAR_FIELD
194,CPE4,0.331724,0.308252,3.98818403e-04,0.019970,1.4642,1.24274950e+01,FAR_FIELD
195,CPE4,0.330288,0.369346,4.61004674e-04,0.021471,1.3648,8.50167751e+00,FAR_FIELD
196,CPE4,0.344620,0.404736,1.69627368e-04,0.013024,1.6403,7.56986904e+00,CRACK_WAKE
197,CPE4,0.359036,0.453228,3.35797668e-04,0.018325,1.1045,2.55705986e+01,CRACK_WAKE
198,CPE4,0.331980,0.490232,3.92235816e-04,0.019805,1.0638,6.71101570e+00,CRACK_WAKE
199,CPE4,0.351865,0.490600,3.73013318e-04,0.019314,1.0517,7.27102375e+00,CRACK_WAKE
200,CPE4,0.392845,0.009734,4.15036920e-04,0.020372,1.0997,5.28683329e+00,FAR_FIELD
201,CPE4,0.414076,0.009800,4.14600130e-04,0.020362,1.0827,4.81491327e+00,FAR_FIELD
202,CPE4,0.411324,0.050713,5.02483919e-04,0.022416,1.2339,4.97306299e+00,FAR_FIELD
203,CPE4,0.408296,0.113413,2.71014869e-04,0.016463,1.0555,5.05482769e+00,FAR_FIELD
204,CPE4,0.405647,0.151799,3.01491469e-04,0.017364,1.4533,9.85322857e+00,FAR_FIELD
205,CPE4,0.392572,0.204034,2.26419419e-04,0.015047,1.5914,6.85447931e+00,FAR_FIELD
206,CPE4,0.414887,0.242115,3.18013132e-04,0.017833,1.2811,3.99330878e+00,FAR_FIELD
207,CPE4,0.413122,0.319194,2.42501497e-04,0.015572,1.1949,1.68676720e+01,FAR_FIELD
208,CPE4,0.379784,0.391415,3.63923609e-04,0.019077,1.6865,3.34076691e+01,FAR_FIELD
209,CPE4,0.397386,0.450718,4.36417758e-04,0.020891,1.1637,6.04400215e+01,CRACK_WAKE
210,CPE4,0.391538,0.490553,3.74607742e-04,0.019355,1.0468,4.60991554e+01,CRACK_WAKE
211,CPE4,0.394622,0.471231,3.89054418e-04,0.019724,1.0331,6.04801025e+01,CRACK_WAKE
212,CPE4,0.435172,0.009762,4.10622917e-04,0.020264,1.0872,4.60230970e+00,FAR_FIELD
213,CPE4,0.456248,0.009998,4.23505437e-04,0.020579,1.0872,4.29372644e+00,FAR_FIELD
214,CPE4,0.426328,0.080123,4.49861400e-04,0.021210,1.2685,6.88215160e+00,FAR_FIELD
215,CPE4,0.429799,0.106075,2.50697136e-04,0.015833,1.3364,6.61846542e+00,FAR_FIELD
216,CPE4,0.432574,0.147754,4.15772200e-04,0.020390,1.2071,8.94284439e+00,FAR_FIELD
217,CPE4,0.429055,0.175035,3.91408801e-04,0.019784,1.1968,1.06341391e+01,FAR_FIELD
218,CPE4,0.454430,0.251058,3.64053994e-04,0.019080,1.1122,6.52128839e+00,FAR_FIELD
219,CPE4,0.465007,0.286914,2.56791711e-04,0.016025,1.3074,1.42656965e+01,FAR_FIELD
220,CPE4,0.425982,0.329513,3.46355140e-04,0.018611,1.4878,2.09135361e+01,FAR_FIELD
221,CPE4,0.420010,0.373640,1.91055238e-04,0.013822,1.4530,2.77787743e+01,FAR_FIELD
222,CPE4,0.420311,0.404139,1.59196556e-04,0.012617,1.1970,2.18311844e+01,CRACK_WAKE
223,CPE4,0.456056,0.454528,3.48374248e-04,0.018665,1.0555,1.56168091e+02,CRACK_TIP
224,CPE4,0.411346,0.490592,3.72558832e-04,0.019302,1.0618,7.16032333e+01,CRACK_TIP
225,CPE4,0.453419,0.472786,3.59043479e-04,0.018948,1.0926,1.80312134e+02,CRACK_TIP
226,CPE4,0.477983,0.011499,5.17775770e-04,0.022755,1.2292,3.59983134e+00,FAR_FIELD
227,CPE4,0.453407,0.029536,3.81954946e-04,0.019544,1.1215,4.25223827e+00,FAR_FIELD
228,CPE4,0.475081,0.068290,4.44140285e-04,0.021075,1.2776,5.89689493e+00,FAR_FIELD
229,CPE4,0.489187,0.126652,2.99705192e-04,0.017312,1.1305,4.77728939e+00,FAR_FIELD
230,CPE4,0.500327,0.139271,2.51572579e-04,0.015861,1.2660,3.23299384e+00,FAR_FIELD
231,CPE4,0.467992,0.204733,5.65618277e-04,0.023783,1.2404,7.32494879e+00,FAR_FIELD
232,CPE4,0.470737,0.227252,4.36890870e-04,0.020902,1.1449,6.65742159e+00,FAR_FIELD
233,CPE4,0.476943,0.329856,2.79694796e-04,0.016724,1.2554,1.02288580e+01,FAR_FIELD
234,CPE4,0.457419,0.340227,2.50168145e-04,0.015817,1.3639,1.24017811e+01,FAR_FIELD
235,CPE4,0.462837,0.397205,3.54871154e-04,0.018838,1.2661,1.72147999e+01,FAR_FIELD
236,CPE4,0.494762,0.455137,3.71769071e-04,0.019281,1.1180,7.62968445e+01,CRACK_TIP
237,CPE4,0.471099,0.491098,3.57814133e-04,0.018916,1.1314,6.07480286e+02,CRACK_TIP
238,CPE4,0.473220,0.473209,3.59699130e-04,0.018966,1.1205,3.56137207e+02,CRACK_TIP
239,CPE4,0.522215,0.010095,4.31621447e-04,0.020776,1.1144,2.47836685e+00,FAR_FIELD
240,CPE4,0.545469,0.027614,3.70519701e-04,0.019249,1.1706,1.66398811e+00,FAR_FIELD
241,CPE4,0.540280,0.082900,2.62936577e-04,0.016215,1.3872,1.36009073e+00,FAR_FIELD
242,CPE4,0.534842,0.106235,3.56703997e-04,0.018887,1.5021,3.69733858e+00,FAR_FIELD
243,CPE4,0.522683,0.124087,1.72691420e-04,0.013141,1.5283,3.20451307e+00,FAR_FIELD
244,CPE4,0.519774,0.188556,4.64607030e-04,0.021555,1.1397,3.37604523e+00,FAR_FIELD
245,CPE4,0.509480,0.248893,3.61211598e-04,0.019006,1.1585,3.88857031e+00,FAR_FIELD
246,CPE4,0.518064,0.286495,2.11976469e-04,0.014559,1.1424,5.57106924e+00,FAR_FIELD
247,CPE4,0.512462,0.320092,3.26402485e-04,0.018067,1.1371,6.96347904e+00,FAR_FIELD
248,CPE4,0.505782,0.359503,4.03910875e-04,0.020098,1.1037,1.32383184e+01,FAR_FIELD
249,CPE4,0.502110,0.379478,4.04015183e-04,0.020100,1.0434,1.42798233e+01,FAR_FIELD
250,CPE4,0.514827,0.454398,3.92787158e-04,0.019819,1.1140,8.15140228e+01,CRACK_TIP
251,CPE4,0.505246,0.514766,4.18119133e-04,0.020448,1.4606,5.47742310e+02,CRACK_TIP
252,CPE4,0.478304,0.557397,4.78044152e-04,0.021864,1.3880,4.66379433e+01,CRACK_TIP
253,CPE4,0.402655,0.626933,3.20181251e-04,0.017894,1.2791,2.87765541e+01,FAR_FIELD
254,CPE4,0.342847,0.673299,2.55733728e-04,0.015992,1.3656,4.69529533e+00,FAR_FIELD
255,CPE4,0.327937,0.725353,2.03475356e-04,0.014264,1.3760,7.20745707e+00,FAR_FIELD
256,CPE4,0.247168,0.772615,1.62743032e-04,0.012757,1.5901,3.08571386e+00,FAR_FIELD
257,CPE4,0.238638,0.805857,2.79031694e-04,0.016704,1.1991,7.90819025e+00,FAR_FIELD
258,CPE4,0.130889,0.872910,3.72111797e-04,0.019290,1.1873,2.10214686e+00,FAR_FIELD
259,CPE4,0.089441,0.931672,3.83891165e-04,0.019593,1.2466,3.01983929e+00,FAR_FIELD
260,CPE4,0.047027,0.990303,3.68893147e-04,0.019207,1.0376,6.60699987e+00,FAR_FIELD
261,CPE4,0.028100,0.990430,3.60543840e-04,0.018988,1.0219,1.58963680e+00,FAR_FIELD
262,CPE4,0.027575,0.971442,3.51529568e-04,0.018749,1.0215,1.61781096e+00,FAR_FIELD
263,CPE4,0.008698,0.933381,3.28199938e-04,0.018116,1.1064,1.36311865e+00,FAR_FIELD
264,CPE4,0.060774,0.907897,2.09972262e-04,0.014490,1.3053,3.35189033e+00,FAR_FIELD
265,CPE4,0.113495,0.835180,2.18886882e-04,0.014795,1.6097,5.96368408e+00,FAR_FIELD
266,CPE4,0.148405,0.810796,4.81005758e-04,0.021932,1.3704,5.99344015e+00,FAR_FIELD
267,CPE4,0.186883,0.781841,3.20747495e-04,0.017909,1.3166,6.99193096e+00,FAR_FIELD
268,CPE4,0.234034,0.756928,2.99684703e-04,0.017311,1.2195,7.75867081e+00,FAR_FIELD
269,CPE4,0.288559,0.698362,3.86871397e-04,0.019669,1.5340,7.64159918e+00,FAR_FIELD
270,CPE4,0.311330,0.650638,4.06034291e-04,0.020150,1.2919,1.77759647e+01,FAR_FIELD
271,CPE4,0.362692,0.601076,3.29636037e-04,0.018156,1.1293,2.84217167e+01,FAR_FIELD
272,CPE4,0.402053,0.545523,3.32877040e-04,0.018245,1.0620,6.25831795e+01,CRACK_WAKE
273,CPE4,0.444383,0.530343,4.01198864e-04,0.020030,1.1090,1.56806030e+02,CRACK_TIP
274,CPE4,0.487217,0.511640,4.47988510e-04,0.021166,1.3807,8.13235901e+02,CRACK_TIP
275,CPE4,0.499945,0.536466,3.70830297e-04,0.019257,1.3148,2.35964600e+02,CRACK_TIP
276,CPE4,0.543384,0.009278,3.91721725e-04,0.019792,1.1776,1.65186751e+00,FAR_FIELD
277,CPE4,0.565765,0.026635,3.59854195e-04,0.018970,1.1823,1.50331020e+00,FAR_FIELD
278,CPE4,0.551085,0.062572,2.90148892e-04,0.017034,1.1323,1.41233122e+00,FAR_FIELD
279,CPE4,0.565617,0.146119,2.73503363e-04,0.016538,1.3577,3.16024303e+00,FAR_FIELD
280,CPE4,0.561852,0.197924,4.29078937e-04,0.020714,1.2523,5.60162497e+00,FAR_FIELD
281,CPE4,0.555302,0.241746,5.62548637e-04,0.023718,1.2404,9.15812778e+00,FAR_FIELD
282,CPE4,0.559460,0.273666,2.87905335e-04,0.016968,1.7481,5.43914652e+00,FAR_FIELD
283,CPE4,0.546652,0.324518,3.48880887e-04,0.018678,1.1617,1.17938213e+01,FAR_FIELD
284,CPE4,0.545185,0.365032,4.19847667e-04,0.020490,1.0946,1.94283981e+01,FAR_FIELD
285,CPE4,0.544454,0.386444,4.88631427e-04,0.022105,1.1443,2.49741230e+01,FAR_FIELD
286,CPE4,0.530156,0.503201,3.84554267e-04,0.019610,1.3783,4.91456207e+02,CRACK_TIP
287,CPE4,0.551100,0.575573,3.13222408e-04,0.017698,1.0435,2.66657715e+01,CRACK_TIP
288,CPE4,0.554533,0.611239,3.15487385e-04,0.017762,1.0602,2.35554161e+01,FAR_FIELD
289,CPE4,0.577424,0.645258,3.00705433e-04,0.017341,1.0909,1.52667828e+01,FAR_FIELD
290,CPE4,0.568939,0.684244,3.12939286e-04,0.017690,1.2389,1.23901625e+01,FAR_FIELD
291,CPE4,0.550461,0.786703,3.48135829e-04,0.018658,1.0648,4.74388170e+00,FAR_FIELD
292,CPE4,0.544015,0.824184,3.38420272e-04,0.018396,1.0456,3.87592125e+00,FAR_FIELD
293,CPE4,0.553254,0.864001,2.70873308e-04,0.016458,1.2330,1.75938451e+00,FAR_FIELD
294,CPE4,0.551243,0.901357,3.01614404e-04,0.017367,1.7394,1.81795394e+00,FAR_FIELD
295,CPE4,0.535933,0.942339,2.11790204e-04,0.014553,1.1967,7.59547234e-01,FAR_FIELD
296,CPE4,0.556548,0.990962,3.39835882e-04,0.018435,1.0795,1.23058462e+00,FAR_FIELD
297,CPE4,0.555868,0.973106,3.24100256e-04,0.018003,1.0940,1.16909027e+00,FAR_FIELD
298,CPE4,0.537758,0.991351,3.24904919e-04,0.018025,1.1022,1.36984670e+00,FAR_FIELD
299,CPE4,0.537598,0.974160,3.12447548e-04,0.017676,1.0980,1.44930553e+00,FAR_FIELD
300,CPE4,0.502161,0.934832,3.70442867e-04,0.019247,1.1924,2.08978367e+00,FAR_FIELD
301,CPE4,0.536001,0.895722,2.82183290e-04,0.016798,1.3180,2.50737143e+00,FAR_FIELD
302,CPE4,0.502360,0.856329,3.69831920e-04,0.019231,1.1772,3.83782506e+00,FAR_FIELD
303,CPE4,0.508460,0.816565,3.41653824e-04,0.018484,1.2547,6.85270834e+00,FAR_FIELD
304,CPE4,0.515519,0.780788,3.15487385e-04,0.017762,1.1694,5.42651176e+00,FAR_FIELD
305,CPE4,0.504289,0.722963,3.08766961e-04,0.017572,1.2645,4.46128416e+00,FAR_FIELD
306,CPE4,0.539153,0.689031,2.58594751e-04,0.016081,1.4460,8.64864922e+00,FAR_FIELD
307,CPE4,0.544685,0.649607,3.03149223e-04,0.017411,1.1988,1.60798683e+01,FAR_FIELD
308,CPE4,0.534958,0.594169,3.20702791e-04,0.017908,1.0894,3.49194069e+01,LIGAMENT
309,CPE4,0.532668,0.558504,2.98634171e-04,0.017281,1.0563,6.26899948e+01,CRACK_TIP
310,CPE4,0.512356,0.494227,4.29525971e-04,0.020725,1.4357,3.85716980e+02,CRACK_TIP
311,CPE4,0.535289,0.526378,1.95935369e-04,0.013998,1.4120,1.23150711e+02,CRACK_TIP
312,CPE4,0.606606,0.009007,3.80589627e-04,0.019509,1.1975,2.75308919e+00,FAR_FIELD
313,CPE4,0.627763,0.027955,3.96803953e-04,0.019920,1.1644,3.43031621e+00,FAR_FIELD
314,CPE4,0.606337,0.044940,3.57884914e-04,0.018918,1.1601,2.63440824e+00,FAR_FIELD
315,CPE4,0.609141,0.109837,3.34253535e-04,0.018283,1.2385,4.47122288e+00,FAR_FIELD
316,CPE4,0.588065,0.153862,3.24729830e-04,0.018020,1.4595,2.24761081e+00,FAR_FIELD
317,CPE4,0.595678,0.204845,2.25339085e-04,0.015011,1.1002,6.48050213e+00,FAR_FIELD
318,CPE4,0.588429,0.235205,3.66300344e-04,0.019139,1.2889,1.07218895e+01,FAR_FIELD
319,CPE4,0.596036,0.284081,3.19086015e-04,0.017863,1.0385,2.38368893e+00,FAR_FIELD
320,CPE4,0.601196,0.321437,3.67023051e-04,0.019158,1.0728,3.36389685e+00,FAR_FIELD
321,CPE4,0.605941,0.361245,4.10936773e-04,0.020272,1.0446,5.53521681e+00,FAR_FIELD
322,CPE4,0.611013,0.401430,4.48048115e-04,0.021167,1.2034,2.83785000e+01,LIGAMENT
323,CPE4,0.611228,0.444914,4.22820449e-04,0.020563,1.1872,2.94794922e+01,LIGAMENT
324,CPE4,0.564229,0.483776,3.54722142e-04,0.018834,1.0595,1.14079773e+02,CRACK_TIP
325,CPE4,0.606786,0.554180,4.25517559e-04,0.020628,1.1967,1.82552757e+01,LIGAMENT
326,CPE4,0.623151,0.577940,2.41100788e-04,0.015527,1.7780,3.63399544e+01,LIGAMENT
327,CPE4,0.612174,0.641706,3.12194228e-04,0.017669,1.0550,9.54862881e+00,FAR_FIELD
328,CPE4,0.617250,0.676342,2.89857388e-04,0.017025,1.1252,7.81243038e+00,FAR_FIELD
329,CPE4,0.604283,0.734861,2.53304839e-04,0.015916,1.6562,1.01735764e+01,FAR_FIELD
330,CPE4,0.624253,0.756002,3.17141414e-04,0.017808,1.4497,8.97120857e+00,FAR_FIELD
331,CPE4,0.620279,0.823376,4.49717045e-04,0.021207,1.3292,2.01361704e+00,FAR_FIELD
332,CPE4,0.608257,0.863860,3.59147787e-04,0.018951,1.1180,1.85904777e+00,FAR_FIELD
333,CPE4,0.596958,0.902085,3.75181437e-04,0.019370,1.2794,1.36910510e+00,FAR_FIELD
334,CPE4,0.619262,0.946737,3.96162271e-04,0.019904,1.3277,4.09183836e+00,FAR_FIELD
335,CPE4,0.613418,0.989329,4.06503677e-04,0.020162,1.1637,2.65283084e+00,FAR_FIELD
336,CPE4,0.614216,0.967235,4.70072031e-04,0.021681,1.3230,2.70677328e+00,FAR_FIELD
337,CPE4,0.627800,0.009303,3.95405106e-04,0.019885,1.1643,3.39699817e+00,FAR_FIELD
338,CPE4,0.649103,0.028958,4.21956647e-04,0.020542,1.1371,3.95376873e+00,FAR_FIELD
339,CPE4,0.648557,0.049161,4.74534929e-04,0.021784,1.2782,4.19371414e+00,FAR_FIELD
340,CPE4,0.647746,0.104310,1.84061006e-04,0.013567,1.6070,6.64275551e+00,FAR_FIELD
341,CPE4,0.641571,0.166012,3.45259905e-04,0.018581,1.1895,9.03624344e+00,FAR_FIELD
342,CPE4,0.626947,0.210966,2.44788826e-04,0.015646,1.7241,3.53214145e+00,FAR_FIELD
343,CPE4,0.634498,0.226213,4.15675342e-04,0.020388,1.2773,1.13752327e+01,FAR_FIELD
344,CPE4,0.634144,0.274162,4.59752977e-04,0.021442,1.2739,2.48409653e+00,FAR_FIELD
345,CPE4,0.640323,0.332912,3.50154936e-04,0.018712,1.1190,1.06876545e+01,FAR_FIELD
346,CPE4,0.645118,0.351658,3.89061868e-04,0.019725,1.3795,2.01615162e+01,FAR_FIELD
347,CPE4,0.666466,0.387518,3.70293856e-04,0.019243,1.1985,7.28039694e+00,FAR_FIELD
348,CPE4,0.660676,0.454968,2.85297632e-04,0.016891,1.6217,1.21206598e+01,LIGAMENT
349,CPE4,0.611674,0.488852,4.78774309e-04,0.021881,1.1790,5.29484215e+01,LIGAMENT
350,CPE4,0.647875,0.544657,3.81395221e-04,0.019529,1.1240,1.51762428e+01,LIGAMENT
351,CPE4,0.627873,0.622983,3.21552157e-04,0.017932,1.1773,9.03658485e+00,FAR_FIELD
352,CPE4,0.632770,0.657739,3.29911709e-04,0.018163,1.0696,4.42973518e+00,FAR_FIELD
353,CPE4,0.619643,0.693444,2.40132213e-04,0.015496,1.3608,6.31117725e+00,FAR_FIELD
354,CPE4,0.633358,0.709426,2.41190195e-04,0.015530,1.1888,4.52642059e+00,FAR_FIELD
355,CPE4,0.630513,0.775495,4.04521823e-04,0.020113,1.2564,1.03818083e+01,FAR_FIELD
356,CPE4,0.649249,0.812854,3.51816416e-04,0.018757,1.4226,8.99043655e+00,FAR_FIELD
357,CPE4,0.649290,0.858497,3.85761261e-04,0.019641,1.1139,4.88027811e+00,FAR_FIELD
358,CPE4,0.640678,0.934736,2.35557556e-04,0.015348,1.4469,2.23765969e+00,FAR_FIELD
359,CPE4,0.651310,0.990570,3.54498625e-04,0.018828,1.0472,3.79445148e+00,FAR_FIELD
360,CPE4,0.691499,0.009477,4.02073842e-04,0.020052,1.1325,5.36838818e+00,FAR_FIELD
361,CPE4,0.692437,0.047488,3.91498208e-04,0.019786,1.1278,5.37415075e+00,FAR_FIELD
362,CPE4,0.700593,0.103506,2.84790993e-04,0.016876,1.1696,3.89713788e+00,FAR_FIELD
363,CPE4,0.679347,0.140809,2.60207802e-04,0.016131,1.2219,6.93719292e+00,FAR_FIELD
364,CPE4,0.700369,0.234496,6.41159713e-04,0.025321,1.1213,1.00837440e+01,FAR_FIELD
365,CPE4,0.696093,0.330405,3.08692455e-04,0.017570,1.1005,1.52346888e+01,FAR_FIELD
366,CPE4,0.686432,0.369916,3.17536294e-04,0.017820,1.1705,1.66899033e+01,FAR_FIELD
367,CPE4,0.699402,0.415680,3.70308757e-04,0.019243,1.2721,2.57319679e+01,LIGAMENT
368,CPE4,0.702184,0.445319,3.60280275e-04,0.018981,1.3592,1.30623970e+01,LIGAMENT
369,CPE4,0.678827,0.499408,4.00304794e-04,0.020008,1.0907,1.91200447e+01,LIGAMENT
370,CPE4,0.690005,0.579374,3.50117683e-04,0.018711,1.1451,2.73042698e+01,LIGAMENT
371,CPE4,0.690999,0.618450,4.37408686e-04,0.020914,1.3161,8.26242733e+00,FAR_FIELD
372,CPE4,0.689590,0.659623,3.94552946e-04,0.019863,1.0978,1.40922127e+01,FAR_FIELD
373,CPE4,0.688162,0.699330,4.02301550e-04,0.020057,1.0305,7.23245859e+00,FAR_FIELD
374,CPE4,0.670996,0.736982,2.48894095e-04,0.015776,1.4174,6.42769718e+00,FAR_FIELD
375,CPE4,0.670615,0.776777,3.48120928e-04,0.018658,1.0909,1.11614647e+01,FAR_FIELD
376,CPE4,0.707750,0.815923,4.04149294e-04,0.020103,1.6866,7.56039762e+00,FAR_FIELD
377,CPE4,0.696838,0.873077,3.69012356e-04,0.019210,1.4676,3.71504617e+00,FAR_FIELD
378,CPE4,0.681385,0.897751,3.48567963e-04,0.018670,1.2793,6.30174685e+00,FAR_FIELD
379,CPE4,0.671355,0.936366,2.85744667e-04,0.016904,1.2168,3.91362953e+00,FAR_FIELD
380,CPE4,0.688765,0.990893,3.40461731e-04,0.018452,1.0387,4.65756416e+00,FAR_FIELD
381,CPE4,0.707157,0.972252,3.43501568e-04,0.018534,1.0329,5.02726460e+00,FAR_FIELD
382,CPE4,0.712685,0.009389,3.97305936e-04,0.019933,1.1335,5.80364704e+00,FAR_FIELD
383,CPE4,0.733184,0.028390,3.84749379e-04,0.019615,1.1367,6.05103683e+00,FAR_FIELD
384,CPE4,0.732096,0.046844,3.53539363e-04,0.018803,1.1021,5.85937023e+00,FAR_FIELD
385,CPE4,0.733856,0.162518,3.13814729e-04,0.017715,1.1272,7.97455025e+00,FAR_FIELD
386,CPE4,0.741382,0.198890,4.01772559e-04,0.020044,1.1764,1.00851259e+01,FAR_FIELD
387,CPE4,0.753883,0.234213,3.89568508e-04,0.019737,1.2953,1.57620783e+01,FAR_FIELD
388,CPE4,0.733395,0.276015,2.98947096e-04,0.017290,1.5559,1.41226664e+01,FAR_FIELD
389,CPE4,0.742552,0.322339,3.52792442e-04,0.018783,1.7678,8.60534954e+00,FAR_FIELD
390,CPE4,0.722251,0.358758,3.47293913e-04,0.018636,1.1503,2.20977192e+01,FAR_FIELD
391,CPE4,0.715965,0.403087,4.46960330e-04,0.021141,1.2736,2.93584557e+01,LIGAMENT
392,CPE4,0.703007,0.514773,3.61531973e-04,0.019014,1.1501,1.19564838e+01,LIGAMENT
393,CPE4,0.723770,0.588563,2.64540315e-04,0.016265,1.2048,2.33665829e+01,LIGAMENT
394,CPE4,0.739206,0.596117,2.48432159e-04,0.015762,1.2264,2.07624760e+01,LIGAMENT
395,CPE4,0.731455,0.652880,3.63796949e-04,0.019073,1.1168,2.30868816e+01,FAR_FIELD
396,CPE4,0.732287,0.703376,5.84751368e-04,0.024182,1.3759,1.92033978e+01,FAR_FIELD
397,CPE4,0.749338,0.725876,3.13758850e-04,0.017713,1.2865,4.99921465e+00,FAR_FIELD
398,CPE4,0.723233,0.773315,3.31252813e-04,0.018200,1.3093,4.06246614e+00,FAR_FIELD
399,CPE4,0.725043,0.816057,3.74585390e-04,0.019354,1.4529,6.65484333e+00,FAR_FIELD
400,CPE4,0.729021,0.833386,2.86102295e-04,0.016915,1.3334,1.22970209e+01,FAR_FIELD
401,CPE4,0.716808,0.893084,3.60757113e-04,0.018994,1.2157,5.83255386e+00,FAR_FIELD
402,CPE4,0.706355,0.953459,3.40580940e-04,0.018455,1.0857,4.97697496e+00,FAR_FIELD
403,CPE4,0.745050,0.990416,3.61114740e-04,0.019003,1.0287,5.77701998e+00,FAR_FIELD
404,CPE4,0.725662,0.971694,3.54588032e-04,0.018831,1.0406,5.48622227e+00,FAR_FIELD
405,CPE4,0.776414,0.010662,4.55467962e-04,0.021342,1.0619,6.91929626e+00,FAR_FIELD
406,CPE4,0.770626,0.052916,4.11762856e-04,0.020292,1.4119,1.14992990e+01,FAR_FIELD
407,CPE4,0.782668,0.091717,3.10108066e-04,0.017610,1.0465,1.12534227e+01,FAR_FIELD
408,CPE4,0.776401,0.163744,4.58728522e-04,0.021418,1.3073,1.35284824e+01,FAR_FIELD
409,CPE4,0.760759,0.190586,3.79510224e-04,0.019481,1.1483,1.08809633e+01,FAR_FIELD
410,CPE4,0.791660,0.274124,2.21997499e-04,0.014900,1.1987,9.01625729e+00,FAR_FIELD
411,CPE4,0.802136,0.320554,2.64100730e-04,0.016251,1.3825,4.69018459e+00,FAR_FIELD
412,CPE4,0.799119,0.364889,2.76803970e-04,0.016637,1.0867,1.29845762e+01,FAR_FIELD
413,CPE4,0.769297,0.380654,2.98380852e-04,0.017274,1.2200,2.12583656e+01,FAR_FIELD
414,CPE4,0.797631,0.494221,3.80143523e-04,0.019497,1.2932,1.15732927e+01,LIGAMENT
415,CPE4,0.760001,0.592060,3.08781862e-04,0.017572,1.3300,1.86115379e+01,LIGAMENT
416,CPE4,0.781228,0.661778,4.63217497e-04,0.021522,1.3330,1.21387606e+01,FAR_FIELD
417,CPE4,0.765814,0.723853,2.72303820e-04,0.016502,1.1461,4.18327904e+00,FAR_FIELD
418,CPE4,0.774514,0.758146,3.57300043e-04,0.018902,1.0763,3.57990551e+00,FAR_FIELD
419,CPE4,0.763250,0.812850,2.83956528e-04,0.016851,1.5782,9.84559536e+00,FAR_FIELD
420,CPE4,0.755395,0.852089,1.76221132e-04,0.013275,1.3839,7.86641884e+00,FAR_FIELD
421,CPE4,0.767916,0.884391,3.41922045e-04,0.018491,1.2980,8.58098316e+00,FAR_FIELD
422,CPE4,0.760260,0.929675,4.13089991e-04,0.020325,1.1197,6.85277414e+00,FAR_FIELD
423,CPE4,0.782685,0.990282,3.65108252e-04,0.019108,1.0427,6.10653973e+00,FAR_FIELD
424,CPE4,0.781262,0.949858,4.05311584e-04,0.020132,1.1460,6.13320160e+00,FAR_FIELD
425,CPE4,0.797744,0.010705,4.56111506e-04,0.021357,1.0531,7.06183290e+00,FAR_FIELD
426,CPE4,0.819487,0.030060,4.10887413e-04,0.020270,1.1445,8.10245609e+00,FAR_FIELD
427,CPE4,0.821804,0.048805,3.49603593e-04,0.018698,1.1964,8.34667015e+00,FAR_FIELD
428,CPE4,0.813144,0.138916,3.84416431e-04,0.019607,1.3566,1.34140568e+01,FAR_FIELD
429,CPE4,0.807359,0.164343,3.06345522e-04,0.017503,1.8106,1.07209530e+01,FAR_FIELD
430,CPE4,0.829271,0.249557,3.24100256e-04,0.018003,1.4825,5.04957724e+00,FAR_FIELD
431,CPE4,0.807918,0.269967,3.07969749e-04,0.017549,1.3928,1.23309193e+01,FAR_FIELD
432,CPE4,0.808146,0.378551,2.80201435e-04,0.016739,1.1196,1.29650526e+01,FAR_FIELD
433,CPE4,0.805582,0.410848,2.04190612e-04,0.014290,1.5650,1.44855766e+01,LIGAMENT
434,CPE4,0.788186,0.442734,3.74272466e-04,0.019346,1.2564,2.19018974e+01,LIGAMENT
435,CPE4,0.821894,0.506721,3.41877341e-04,0.018490,1.2300,1.31937914e+01,LIGAMENT
436,CPE4,0.796275,0.569859,2.50935555e-04,0.015841,1.3059,1.68474770e+01,LIGAMENT
437,CPE4,0.815622,0.585109,3.19644809e-04,0.017879,1.1142,1.78156929e+01,LIGAMENT
438,CPE4,0.803644,0.658242,4.72813845e-04,0.021744,1.3061,9.68583488e+00,FAR_FIELD
439,CPE4,0.795861,0.712205,2.53200531e-04,0.015912,1.1470,5.45478725e+00,FAR_FIELD
440,CPE4,0.793590,0.752527,3.90201807e-04,0.019754,1.1593,3.04314733e+00,FAR_FIELD
441,CPE4,0.798683,0.771819,4.46408987e-04,0.021128,1.1330,3.48428130e+00,FAR_FIELD
442,CPE4,0.798010,0.827707,2.38060951e-04,0.015429,1.3328,4.84192371e+00,FAR_FIELD
443,CPE4,0.797299,0.867557,3.15755606e-04,0.017770,1.2208,9.30223751e+00,FAR_FIELD
444,CPE4,0.822729,0.914856,3.02106142e-04,0.017381,1.4205,6.94167089e+00,FAR_FIELD
445,CPE4,0.800863,0.929170,4.62949276e-04,0.021516,1.3011,8.03811264e+00,FAR_FIELD
446,CPE4,0.820289,0.990718,3.49164009e-04,0.018686,1.0376,6.27650690e+00,FAR_FIELD
447,CPE4,0.819583,0.971946,3.57061625e-04,0.018896,1.0473,6.34115028e+00,FAR_FIELD
448,CPE4,0.840363,0.009838,4.18372452e-04,0.020454,1.0842,7.07579899e+00,FAR_FIELD
449,CPE4,0.861144,0.029847,4.09477390e-04,0.020236,1.1374,6.03729343e+00,FAR_FIELD
450,CPE4,0.859539,0.048549,3.51246446e-04,0.018742,1.2468,5.93720531e+00,FAR_FIELD
451,CPE4,0.870875,0.118715,4.00919467e-04,0.020023,1.1998,1.11165705e+01,FAR_FIELD
452,CPE4,0.858396,0.160730,3.20561230e-04,0.017904,1.4357,1.19156742e+01,FAR_FIELD
453,CPE4,0.858842,0.191395,4.55491245e-04,0.021342,1.2356,1.97797596e+00,FAR_FIELD
454,CPE4,0.853724,0.243970,3.14608216e-04,0.017737,1.8755,1.12654905e+01,FAR_FIELD
455,CPE4,0.842249,0.277579,2.48573720e-04,0.015766,1.1271,1.12332792e+01,FAR_FIELD
456,CPE4,0.857545,0.306679,3.10704112e-04,0.017627,1.3860,1.06088190e+01,FAR_FIELD
457,CPE4,0.839095,0.403006,3.23325396e-04,0.017981,1.1008,1.24894733e+01,LIGAMENT
458,CPE4,0.872222,0.448323,3.46302986e-04,0.018609,1.2439,4.15689278e+00,LIGAMENT
459,CPE4,0.860530,0.499021,2.98365951e-04,0.017273,1.2768,5.58075142e+00,LIGAMENT
460,CPE4,0.848675,0.561522,2.85938382e-04,0.016910,1.2569,1.76719322e+01,LIGAMENT
461,CPE4,0.839417,0.618172,3.66091728e-04,0.019134,1.4475,1.52864494e+01,FAR_FIELD
462,CPE4,0.866847,0.654344,3.24785709e-04,0.018022,1.1826,1.03511257e+01,FAR_FIELD
463,CPE4,0.855954,0.713031,2.50518322e-04,0.015828,1.2716,3.41748977e+00,FAR_FIELD
464,CPE4,0.843986,0.742123,3.40580940e-04,0.018455,1.6672,1.40482111e+01,FAR_FIELD
465,CPE4,0.861925,0.742173,2.96294689e-04,0.017213,1.1991,9.13075066e+00,FAR_FIELD
466,CPE4,0.866691,0.831269,3.08275223e-04,0.017558,1.1073,4.91071796e+00,FAR_FIELD
467,CPE4,0.850850,0.848855,3.17871571e-04,0.017829,1.1538,5.99790335e+00,FAR_FIELD
468,CPE4,0.870603,0.890765,2.89410353e-04,0.017012,1.3181,9.85586262e+00,FAR_FIELD
469,CPE4,0.838670,0.936314,3.36140394e-04,0.018334,1.0711,7.06649733e+00,FAR_FIELD
470,CPE4,0.857812,0.991450,3.19808722e-04,0.017883,1.1221,6.13090324e+00,FAR_FIELD
471,CPE4,0.882788,0.010494,4.42616642e-04,0.021038,1.0486,6.03529930e+00,FAR_FIELD
472,CPE4,0.903144,0.032878,4.82477248e-04,0.021965,1.0785,1.05528498e+01,FAR_FIELD
473,CPE4,0.902137,0.056557,5.83881512e-04,0.024164,1.2400,9.26459885e+00,FAR_FIELD
474,CPE4,0.917177,0.125051,4.52984124e-04,0.021283,1.1923,7.59750080e+00,FAR_FIELD
475,CPE4,0.896151,0.131600,4.70258296e-04,0.021685,1.1260,1.08855400e+01,FAR_FIELD
476,CPE4,0.902325,0.183532,3.74279916e-04,0.019346,1.1246,6.94091272e+00,FAR_FIELD
477,CPE4,0.893014,0.252628,2.40184367e-04,0.015498,1.4059,8.75591660e+00,FAR_FIELD
478,CPE4,0.887845,0.265210,2.25424767e-04,0.015014,1.4642,4.50133610e+00,FAR_FIELD
479,CPE4,0.900190,0.320700,2.04131007e-04,0.014287,1.4390,8.52248478e+00,FAR_FIELD
480,CPE4,0.896383,0.372384,1.56268477e-04,0.012501,1.5132,7.26468515e+00,FAR_FIELD
481,CPE4,0.897786,0.402754,2.39551067e-04,0.015477,1.7147,1.31206932e+01,LIGAMENT
482,CPE4,0.912918,0.443712,3.70994210e-04,0.019261,1.1561,4.27547407e+00,LIGAMENT
483,CPE4,0.934964,0.479461,3.42279673e-04,0.018501,1.0495,5.38339472e+00,LIGAMENT
484,CPE4,0.881225,0.553020,1.73613429e-04,0.013176,1.6039,7.64444351e+00,LIGAMENT
485,CPE4,0.891347,0.600118,2.33352184e-04,0.015276,1.3096,1.61441345e+01,FAR_FIELD
486,CPE4,0.909142,0.649279,3.31848860e-04,0.018217,1.7387,8.47232342e+00,FAR_FIELD
487,CPE4,0.872673,0.707329,2.97516584e-04,0.017249,1.2139,8.16672802e+00,FAR_FIELD
488,CPE4,0.916471,0.751110,2.73138285e-04,0.016527,1.4723,4.65415525e+00,FAR_FIELD
489,CPE4,0.920773,0.776819,1.52975321e-04,0.012368,1.6199,4.37731886e+00,FAR_FIELD
490,CPE4,0.885140,0.829559,3.19093466e-04,0.017863,1.1272,6.19445419e+00,FAR_FIELD
491,CPE4,0.894976,0.878388,3.43978405e-04,0.018547,1.2862,5.86562395e+00,FAR_FIELD
492,CPE4,0.902633,0.912142,2.63839960e-04,0.016243,1.3519,4.57070112e+00,FAR_FIELD
493,CPE4,0.873086,0.941787,2.71588564e-04,0.016480,1.0680,6.19639921e+00,FAR_FIELD
494,CPE4,0.895153,0.991836,3.04311514e-04,0.017445,1.1490,6.07821417e+00,FAR_FIELD
495,CPE4,0.910934,0.975116,2.95937061e-04,0.017203,1.1282,1.14023333e+01,FAR_FIELD
496,CPE4,0.924696,0.032452,4.74395230e-04,0.021781,1.0496,1.15077744e+01,FAR_FIELD
497,CPE4,0.946989,0.052138,4.46042046e-04,0.021120,1.0889,2.78086352e+00,FAR_FIELD
498,CPE4,0.924300,0.162864,3.63379717e-04,0.019063,1.2622,6.12986994e+00,FAR_FIELD
499,CPE4,0.933097,0.207615,3.03179026e-04,0.017412,1.1951,4.29493046e+00,FAR_FIELD
500,CPE4,0.929782,0.242121,3.44306231e-04,0.018555,1.2928,7.84884214e+00,FAR_FIELD
501,CPE4,0.950537,0.285341,3.92362475e-04,0.019808,1.0447,2.32547736e+00,FAR_FIELD
502,CPE4,0.952242,0.323666,3.58134508e-04,0.018924,1.0862,3.36822653e+00,FAR_FIELD
503,CPE4,0.906391,0.363977,2.06455588e-04,0.014369,1.3023,1.31750221e+01,FAR_FIELD
504,CPE4,0.950726,0.404490,3.82289290e-04,0.019552,1.0550,6.12166262e+00,LIGAMENT
505,CPE4,0.933010,0.442829,3.62381339e-04,0.019036,1.1052,4.82206345e+00,LIGAMENT
506,CPE4,0.954044,0.498352,3.44336033e-04,0.018556,1.0372,6.32603741e+00,LIGAMENT
507,CPE4,0.929035,0.569758,3.88801098e-04,0.019718,1.4315,1.52696285e+01,LIGAMENT
508,CPE4,0.950627,0.617220,3.85046005e-04,0.019623,1.0457,5.73341465e+00,FAR_FIELD
509,CPE4,0.950501,0.656061,3.97801399e-04,0.019945,1.1284,3.93553710e+00,FAR_FIELD
510,CPE4,0.910901,0.698014,3.96400690e-04,0.019910,1.1492,1.13240271e+01,FAR_FIELD
511,CPE4,0.955948,0.731696,3.23563814e-04,0.017988,1.0817,2.49000931e+00,FAR_FIELD
512,CPE4,0.926661,0.767743,1.37597322e-04,0.011730,1.2597,3.24466991e+00,FAR_FIELD
513,CPE4,0.940724,0.805617,2.24024057e-04,0.014967,1.4875,5.54042196e+00,FAR_FIELD
514,CPE4,0.934077,0.874098,3.12536955e-04,0.017679,1.2300,4.98947954e+00,FAR_FIELD
515,CPE4,0.924588,0.906081,1.90287828e-04,0.013794,1.6629,4.28840446e+00,FAR_FIELD
516,CPE4,0.940317,0.952050,3.24338675e-04,0.018009,1.5221,7.61896276e+00,FAR_FIELD
517,CPE4,0.951511,0.989974,3.84032726e-04,0.019597,1.1277,4.30020285e+00,FAR_FIELD
518,CPE4,0.929091,0.973414,3.23772430e-04,0.017994,1.1251,7.91695213e+00,FAR_FIELD
519,CPE4,0.967944,0.010199,4.35658731e-04,0.020872,1.0680,3.67565680e+00,FAR_FIELD
520,CPE4,0.989312,0.009924,4.24246304e-04,0.020597,1.0954,2.91302991e+00,FAR_FIELD
521,CPE4,0.968446,0.050454,4.21557575e-04,0.020532,1.0955,2.95967388e+00,FAR_FIELD
522,CPE4,0.971140,0.089052,3.66281718e-04,0.019138,1.0814,2.83122802e+00,FAR_FIELD
523,CPE4,0.972635,0.125149,3.07176262e-04,0.017526,1.1524,1.60919189e+00,FAR_FIELD
524,CPE4,0.967084,0.169643,4.01906669e-04,0.020048,1.3355,5.93661118e+00,FAR_FIELD
525,CPE4,0.970727,0.226107,3.75874341e-04,0.019387,1.0433,3.03048921e+00,FAR_FIELD
526,CPE4,0.970122,0.265025,3.99410725e-04,0.019985,1.0480,4.24681425e+00,FAR_FIELD
527,CPE4,0.951496,0.304519,3.70040536e-04,0.019236,1.0800,3.11823106e+00,FAR_FIELD
528,CPE4,0.951599,0.343281,3.70413065e-04,0.019246,1.1140,5.17819071e+00,FAR_FIELD
529,CPE4,0.969795,0.383420,4.03806567e-04,0.020095,1.0655,6.94101381e+00,FAR_FIELD
530,CPE4,0.971644,0.441641,3.64452600e-04,0.019091,1.0212,7.53633547e+00,LIGAMENT
531,CPE4,0.990789,0.480218,3.58507037e-04,0.018934,1.0678,8.08693695e+00,LIGAMENT
532,CPE4,0.990824,0.499697,3.57776880e-04,0.018915,1.0680,8.13017178e+00,LIGAMENT
533,CPE4,0.990784,0.519217,3.60295177e-04,0.018981,1.0680,8.19621849e+00,LIGAMENT
534,CPE4,0.990626,0.538788,3.67581844e-04,0.019172,1.0577,8.52054501e+00,LIGAMENT
535,CPE4,0.971928,0.537704,3.64094973e-04,0.019081,1.0590,8.14170647e+00,LIGAMENT
536,CPE4,0.969773,0.597058,4.10139561e-04,0.020252,1.0528,7.14493704e+00,LIGAMENT
537,CPE4,0.950962,0.636818,3.81171703e-04,0.019524,1.0473,4.39213228e+00,FAR_FIELD
538,CPE4,0.950719,0.675199,4.05848026e-04,0.020146,1.1321,3.51833320e+00,FAR_FIELD
539,CPE4,0.972950,0.713816,3.49998474e-04,0.018708,1.0611,3.09890103e+00,FAR_FIELD
540,CPE4,0.974439,0.750983,3.10510397e-04,0.017621,1.0954,4.70508957e+00,FAR_FIELD
541,CPE4,0.966268,0.804433,4.02301550e-04,0.020057,1.6761,9.90918827e+00,FAR_FIELD
542,CPE4,0.965356,0.834772,4.26679850e-04,0.020656,1.3161,4.46565914e+00,FAR_FIELD
543,CPE4,0.973790,0.908413,3.18437815e-04,0.017845,1.0902,2.38994551e+00,FAR_FIELD
544,CPE4,0.972748,0.927125,3.42875719e-04,0.018517,1.1237,3.45739484e+00,FAR_FIELD
545,CPE4,0.968656,0.968055,4.65601683e-04,0.021578,1.1805,2.23657990e+00,FAR_FIELD
546,CPE4,0.989688,0.969718,4.13417816e-04,0.020333,1.0727,3.07524729e+00,FAR_FIELD
547,CPE4,0.481680,0.991297,3.26067209e-04,0.018057,1.0827,2.71023750e+00,FAR_FIELD
548,CPE4,0.462946,0.991354,3.23802233e-04,0.017995,1.0929,3.17045355e+00,FAR_FIELD
549,CPE4,0.465852,0.936481,3.45557928e-04,0.018589,1.0968,3.23632812e+00,FAR_FIELD
550,CPE4,0.483552,0.896227,3.49700451e-04,0.018700,1.1531,2.99094748e+00,FAR_FIELD
551,CPE4,0.484087,0.855709,3.81946564e-04,0.019543,1.1612,3.80432200e+00,FAR_FIELD
552,CPE4,0.482965,0.814922,3.54826450e-04,0.018837,1.2470,3.00260210e+00,FAR_FIELD
553,CPE4,0.498999,0.779979,2.78264284e-04,0.016681,1.1006,5.04381800e+00,FAR_FIELD
554,CPE4,0.481227,0.712462,3.41728330e-04,0.018486,1.2348,9.60792351e+00,FAR_FIELD
555,CPE4,0.492774,0.643730,3.29479575e-04,0.018152,1.4447,1.38221264e+01,FAR_FIELD
556,CPE4,0.501006,0.596361,3.22863460e-04,0.017968,1.2343,2.17468014e+01,CRACK_TIP
557,CPE4,0.497599,0.557163,3.70368361e-04,0.019245,1.2054,8.42519073e+01,CRACK_TIP
558,CPE4,0.444239,0.991419,3.20523977e-04,0.017903,1.0952,3.61475635e+00,FAR_FIELD
559,CPE4,0.425611,0.991382,3.20419669e-04,0.017900,1.0952,3.93470311e+00,FAR_FIELD
560,CPE4,0.448404,0.917773,3.46705317e-04,0.018620,1.1210,3.54511404e+00,FAR_FIELD
561,CPE4,0.448347,0.898003,3.53485346e-04,0.018801,1.1326,3.52470708e+00,FAR_FIELD
562,CPE4,0.427847,0.839100,3.83064151e-04,0.019572,1.1699,3.66358447e+00,FAR_FIELD
563,CPE4,0.464178,0.796459,3.46437097e-04,0.018613,1.2184,4.08894730e+00,FAR_FIELD
564,CPE4,0.449035,0.756411,2.30625272e-04,0.015186,1.6714,4.41948748e+00,FAR_FIELD
565,CPE4,0.442988,0.719410,3.16172838e-04,0.017781,1.1312,1.47265606e+01,FAR_FIELD
566,CPE4,0.429484,0.706670,4.11614776e-04,0.020288,1.2202,1.89370518e+01,FAR_FIELD
567,CPE4,0.449424,0.638163,2.77966261e-04,0.016672,1.1102,2.78010635e+01,FAR_FIELD
568,CPE4,0.447077,0.601350,2.68504024e-04,0.016386,1.4195,3.86210632e+01,FAR_FIELD
569,CPE4,0.407018,0.991021,3.35827470e-04,0.018326,1.0770,4.89384985e+00,FAR_FIELD
570,CPE4,0.412441,0.956520,2.92271376e-04,0.017096,1.0986,3.81088161e+00,FAR_FIELD
571,CPE4,0.413230,0.920113,3.30388546e-04,0.018177,1.0935,4.00819016e+00,FAR_FIELD
572,CPE4,0.412183,0.881621,3.52114439e-04,0.018765,1.0961,4.12085485e+00,FAR_FIELD
573,CPE4,0.391942,0.845118,3.44559550e-04,0.018562,1.0712,5.09876490e+00,FAR_FIELD
574,CPE4,0.390459,0.827612,2.53111124e-04,0.015909,1.3038,5.69221020e+00,FAR_FIELD
575,CPE4,0.371189,0.723979,2.64540315e-04,0.016265,1.2088,1.27707853e+01,FAR_FIELD
576,CPE4,0.399637,0.704354,4.06533480e-04,0.020163,1.2666,2.08377838e+01,FAR_FIELD
577,CPE4,0.419765,0.660913,4.01169062e-04,0.020029,1.1041,2.72853947e+01,FAR_FIELD
578,CPE4,0.368188,0.988521,4.54276800e-04,0.021314,1.2889,4.82182837e+00,FAR_FIELD
579,CPE4,0.347507,0.968722,3.84122133e-04,0.019599,1.1651,4.94001102e+00,FAR_FIELD
580,CPE4,0.342882,0.908988,3.35559249e-04,0.018318,1.1173,4.67517519e+00,FAR_FIELD
581,CPE4,0.340646,0.871310,3.14608216e-04,0.017737,1.0958,5.08800888e+00,FAR_FIELD
582,CPE4,0.334819,0.838383,1.97082758e-04,0.014039,1.4473,6.92438030e+00,FAR_FIELD
583,CPE4,0.336349,0.816314,2.94402242e-04,0.017158,1.2215,1.01257429e+01,FAR_FIELD
584,CPE4,0.359244,0.762709,3.36423516e-04,0.018342,1.0956,1.18803177e+01,FAR_FIELD
585,CPE4,0.348807,0.723589,2.86445022e-04,0.016925,1.1551,1.04129314e+01,FAR_FIELD
586,CPE4,0.348331,0.697463,3.32184136e-04,0.018226,1.3385,9.68058014e+00,FAR_FIELD
587,CPE4,0.329891,0.990016,3.76001000e-04,0.019391,1.0846,4.74326897e+00,FAR_FIELD
588,CPE4,0.310547,0.970766,3.62947583e-04,0.019051,1.0860,4.60338974e+00,FAR_FIELD
589,CPE4,0.309788,0.950992,3.59207392e-04,0.018953,1.1195,4.58550453e+00,FAR_FIELD
590,CPE4,0.289989,0.892844,3.33942473e-04,0.018274,1.1303,4.63709784e+00,FAR_FIELD
591,CPE4,0.290143,0.854718,3.20278108e-04,0.017896,1.2013,4.35910511e+00,FAR_FIELD
592,CPE4,0.311922,0.789452,3.09959054e-04,0.017606,1.5566,1.00537405e+01,FAR_FIELD
593,CPE4,0.319386,0.755901,3.26842070e-04,0.018079,1.2486,5.40033007e+00,FAR_FIELD
594,CPE4,0.323229,0.739298,2.38515437e-04,0.015444,1.5789,7.40606165e+00,FAR_FIELD
595,CPE4,0.273636,0.990536,3.54304910e-04,0.018823,1.0225,4.25420618e+00,FAR_FIELD
596,CPE4,0.254914,0.990587,3.52509320e-04,0.018775,1.0155,4.07970858e+00,FAR_FIELD
597,CPE4,0.255596,0.932899,3.45818698e-04,0.018596,1.1092,4.06407928e+00,FAR_FIELD
598,CPE4,0.254849,0.893765,3.51332128e-04,0.018744,1.1460,4.60877752e+00,FAR_FIELD
599,CPE4,0.273400,0.854038,3.33413482e-04,0.018260,1.2212,4.35692453e+00,FAR_FIELD
600,CPE4,0.250434,0.793337,2.43991613e-04,0.015620,1.3788,6.06150818e+00,FAR_FIELD
601,CPE4,0.258419,0.778461,2.29813159e-04,0.015160,1.3255,3.43738627e+00,FAR_FIELD
602,CPE4,0.236183,0.990619,3.51563096e-04,0.018750,1.0139,3.90605664e+00,FAR_FIELD
603,CPE4,0.237363,0.952626,3.49022448e-04,0.018682,1.0657,3.84365296e+00,FAR_FIELD
604,CPE4,0.237731,0.933483,3.43143940e-04,0.018524,1.0841,3.89854860e+00,FAR_FIELD
605,CPE4,0.237284,0.895337,3.39046121e-04,0.018413,1.1400,4.65137339e+00,FAR_FIELD
606,CPE4,0.204551,0.852254,2.92807817e-04,0.017112,1.1856,7.43553352e+00,FAR_FIELD
607,CPE4,0.249223,0.819191,3.68088484e-04,0.019186,1.3241,9.89511299e+00,FAR_FIELD
608,CPE4,0.198638,0.990665,3.50922346e-04,0.018733,1.0096,3.54649210e+00,FAR_FIELD
609,CPE4,0.180934,0.971981,3.50646675e-04,0.018726,1.0094,3.27087140e+00,FAR_FIELD
610,CPE4,0.201292,0.934421,3.43956053e-04,0.018546,1.0069,3.56652021e+00,FAR_FIELD
611,CPE4,0.202331,0.898619,3.00407410e-04,0.017332,1.0552,3.78015399e+00,FAR_FIELD
612,CPE4,0.160994,0.990674,3.51116061e-04,0.018738,1.0100,3.13790274e+00,FAR_FIELD
613,CPE4,0.143411,0.971933,3.50452960e-04,0.018720,1.0127,2.84370422e+00,FAR_FIELD
614,CPE4,0.127060,0.917872,2.75582075e-04,0.016601,1.5793,3.64513659e+00,FAR_FIELD
615,CPE4,0.146355,0.895490,4.09867615e-04,0.020245,1.1643,2.69506240e+00,FAR_FIELD
616,CPE4,0.123225,0.990498,3.60596925e-04,0.018989,1.0179,2.78435612e+00,FAR_FIELD
617,CPE4,0.105185,0.971079,3.72320414e-04,0.019296,1.0526,2.53070092e+00,FAR_FIELD
618,CPE4,0.108702,0.934651,3.32992524e-04,0.018248,1.1796,2.52669239e+00,FAR_FIELD
619,CPE4,0.066067,0.990145,3.75688076e-04,0.019383,1.0518,1.96007919e+00,FAR_FIELD
620,CPE4,0.026179,0.934720,3.15007754e-04,0.017748,1.0659,1.44999790e+00,FAR_FIELD
621,CPE4,0.009532,0.895544,3.65504995e-04,0.019118,1.1292,1.26586044e+00,FAR_FIELD
622,CPE4,0.071389,0.851250,2.41383910e-04,0.015537,1.1111,3.75352621e+00,FAR_FIELD
623,CPE4,0.108455,0.809675,2.71163881e-04,0.016467,1.3960,3.97862959e+00,FAR_FIELD
624,CPE4,0.140132,0.774985,2.54813582e-04,0.015963,1.5998,6.25123310e+00,FAR_FIELD
625,CPE4,0.191484,0.711883,3.52211297e-04,0.018767,1.4381,2.78319836e+00,FAR_FIELD
626,CPE4,0.214828,0.691505,4.55044210e-04,0.021332,1.2939,9.90378380e+00,FAR_FIELD
627,CPE4,0.293238,0.652123,3.73333693e-04,0.019322,1.3626,1.54525242e+01,FAR_FIELD
628,CPE4,0.327485,0.606614,3.65562737e-04,0.019120,1.1184,2.16633511e+01,FAR_FIELD
629,CPE4,0.364744,0.545706,3.40633094e-04,0.018456,1.0522,3.17578087e+01,CRACK_WAKE
630,CPE4,0.424918,0.528539,3.74235213e-04,0.019345,1.0554,1.03124931e+02,CRACK_TIP
631,CPE4,0.428428,0.509550,3.81529331e-04,0.019533,1.0601,1.07677994e+02,CRACK_TIP
632,CPE4,0.027860,0.899252,3.17334197e-04,0.017814,1.1757,2.51021361e+00,FAR_FIELD
633,CPE4,0.011623,0.855836,4.75173816e-04,0.021798,1.3398,1.99456823e+00,FAR_FIELD
634,CPE4,0.048328,0.816107,3.72678973e-04,0.019305,1.2868,3.63275242e+00,FAR_FIELD
635,CPE4,0.104151,0.779525,3.01882625e-04,0.017375,1.2205,4.55152655e+00,FAR_FIELD
636,CPE4,0.136772,0.715744,2.89887190e-04,0.017026,1.1286,4.25817060e+00,FAR_FIELD
637,CPE4,0.221084,0.645349,3.89121473e-04,0.019726,1.0715,7.84490252e+00,FAR_FIELD
638,CPE4,0.235879,0.619441,4.36708331e-04,0.020898,1.1926,9.85131454e+00,FAR_FIELD
639,CPE4,0.326574,0.567156,3.59080732e-04,0.018949,1.0655,2.08511715e+01,CRACK_WAKE
640,CPE4,0.368875,0.509118,3.60846519e-04,0.018996,1.0950,2.89545155e+00,CRACK_WAKE
641,CPE4,0.408547,0.509198,3.66069376e-04,0.019133,1.0881,4.70128288e+01,CRACK_TIP
642,CPE4,0.032667,0.852314,3.90739180e-04,0.019767,1.3292,2.70706129e+00,FAR_FIELD
643,CPE4,0.009320,0.817089,3.50968447e-04,0.018734,1.0501,1.65573812e+00,FAR_FIELD
644,CPE4,0.066995,0.797614,3.38025391e-04,0.018385,1.2772,4.97289133e+00,FAR_FIELD
645,CPE4,0.100138,0.713525,3.15822661e-04,0.017771,1.1178,4.46575594e+00,FAR_FIELD
646,CPE4,0.202586,0.652545,3.90246511e-04,0.019755,1.0744,6.30948544e+00,FAR_FIELD
647,CPE4,0.222228,0.593083,3.20702791e-04,0.017908,1.4705,7.78973675e+00,CRACK_WAKE
648,CPE4,0.289289,0.571276,3.81775200e-04,0.019539,1.1061,1.30628223e+01,CRACK_WAKE
649,CPE4,0.329212,0.509545,3.78444791e-04,0.019454,1.0603,5.92313242e+00,CRACK_WAKE
650,CPE4,0.349055,0.509289,3.68133187e-04,0.019187,1.0819,4.00754452e+00,CRACK_WAKE
651,CPE4,0.028215,0.816430,3.40542756e-04,0.018454,1.1238,1.36330605e+00,FAR_FIELD
652,CPE4,0.008874,0.760282,3.37426085e-04,0.018369,1.0846,1.55113721e+00,FAR_FIELD
653,CPE4,0.044958,0.744556,3.34542245e-04,0.018290,1.0438,1.14718914e+00,FAR_FIELD
654,CPE4,0.100405,0.680108,3.16366553e-04,0.017787,1.1713,2.14547634e+00,FAR_FIELD
655,CPE4,0.159196,0.646830,3.32213938e-04,0.018227,1.3203,4.15364552e+00,FAR_FIELD
656,CPE4,0.252346,0.577600,3.76164913e-04,0.019395,1.1910,9.19237614e+00,CRACK_WAKE
657,CPE4,0.289361,0.510267,4.10497189e-04,0.020261,1.0511,4.97839308e+00,CRACK_WAKE
658,CPE4,0.309329,0.509870,3.92697752e-04,0.019817,1.0349,5.62011719e+00,CRACK_WAKE
659,CPE4,0.046124,0.780603,3.42947431e-04,0.018519,1.1064,1.68160152e+00,FAR_FIELD
660,CPE4,0.008736,0.722259,3.31966672e-04,0.018220,1.0946,1.51417649e+00,FAR_FIELD
661,CPE4,0.044198,0.690641,3.21119092e-04,0.017920,1.0723,6.67691231e-01,FAR_FIELD
662,CPE4,0.101807,0.649251,2.53815204e-04,0.015932,1.4267,1.93197858e+00,FAR_FIELD
663,CPE4,0.152695,0.601624,1.98841095e-04,0.014101,1.3114,1.60120702e+00,FAR_FIELD
664,CPE4,0.178466,0.567898,2.16629356e-04,0.014718,1.4288,3.65776443e+00,CRACK_WAKE
665,CPE4,0.227455,0.531802,3.97618860e-04,0.019940,1.4812,7.46806574e+00,CRACK_WAKE
666,CPE4,0.008680,0.684332,3.28225084e-04,0.018117,1.0936,1.49472320e+00,FAR_FIELD
667,CPE4,0.058908,0.645420,1.72395259e-04,0.013130,2.0769,1.89175701e+00,FAR_FIELD
668,CPE4,0.111904,0.608395,1.94055960e-04,0.013930,1.5765,1.24310672e+00,FAR_FIELD
669,CPE4,0.149200,0.544992,2.99528241e-04,0.017307,1.1329,2.05208278e+00,CRACK_WAKE
670,CPE4,0.189372,0.531517,4.59868461e-04,0.021445,1.2321,3.65245104e+00,CRACK_WAKE
671,CPE4,0.229384,0.510537,4.15172428e-04,0.020376,1.1377,2.42476153e+00,CRACK_WAKE
672,CPE4,0.026210,0.687606,3.22490465e-04,0.017958,1.0385,7.77543902e-01,FAR_FIELD
673,CPE4,0.009406,0.646599,3.59727535e-04,0.018966,1.1028,1.89208174e+00,FAR_FIELD
674,CPE4,0.074192,0.608393,3.08405608e-04,0.017561,1.2066,1.24239957e+00,FAR_FIELD
675,CPE4,0.113201,0.545681,3.36313620e-04,0.018339,1.1210,1.25641418e+00,CRACK_WAKE
676,CPE4,0.150019,0.527460,3.43725085e-04,0.018540,1.1146,1.19147718e+00,CRACK_WAKE
677,CPE4,0.189829,0.510243,4.06533480e-04,0.020163,1.0639,1.59360719e+00,CRACK_WAKE
678,CPE4,0.027381,0.652023,3.05043999e-04,0.017466,1.1680,1.04233420e+00,FAR_FIELD
679,CPE4,0.012136,0.607207,4.98468522e-04,0.022326,1.3486,2.26187348e+00,FAR_FIELD
680,CPE4,0.074313,0.549519,4.22384590e-04,0.020552,1.0494,1.66213810e+00,CRACK_WAKE
681,CPE4,0.111456,0.527584,3.56515869e-04,0.018882,1.0991,1.42814863e+00,CRACK_WAKE
682,CPE4,0.150111,0.509228,3.65372747e-04,0.019115,1.1019,1.64053726e+00,CRACK_WAKE
683,CPE4,0.034923,0.606994,4.25490085e-04,0.020627,1.2970,1.24069619e+00,FAR_FIELD
684,CPE4,0.010895,0.567815,4.19297256e-04,0.020477,1.1477,2.61227083e+00,CRACK_WAKE
685,CPE4,0.072149,0.529471,3.99069861e-04,0.019977,1.0245,2.07014036e+00,CRACK_WAKE
686,CPE4,0.110412,0.509215,3.66117805e-04,0.019134,1.1009,2.19955182e+00,CRACK_WAKE
687,CPE4,0.032649,0.568641,4.16371506e-04,0.020405,1.1416,2.06100464e+00,CRACK_WAKE
688,CPE4,0.010150,0.509741,3.95413954e-04,0.019885,1.0715,1.63820839e+00,CRACK_WAKE
689,CPE4,0.070628,0.509787,3.91686335e-04,0.019791,1.0323,2.61689901e+00,CRACK_WAKE
690,CPE4,0.030408,0.509914,4.00764402e-04,0.020019,1.0349,2.27732778e+00,CRACK_WAKE
691,CPE4,0.030183,0.428020,4.17182688e-04,0.020425,1.0438,1.76268196e+00,CRACK_WAKE
692,CPE4,0.031435,0.385996,4.50144056e-04,0.021217,1.0311,1.03424573e+00,FAR_FIELD
693,CPE4,0.030547,0.343836,4.28204890e-04,0.020693,1.0537,9.03640926e-01,FAR_FIELD
694,CPE4,0.029600,0.302281,4.04773280e-04,0.020119,1.0596,1.16981542e+00,FAR_FIELD
695,CPE4,0.029868,0.261093,4.09074361e-04,0.020226,1.0528,1.47610116e+00,FAR_FIELD
696,CPE4,0.030652,0.219615,4.25439328e-04,0.020626,1.0311,1.51495934e+00,FAR_FIELD
697,CPE4,0.031273,0.177930,4.37344890e-04,0.020913,1.0205,1.68841720e+00,FAR_FIELD
698,CPE4,0.030243,0.136393,4.17928677e-04,0.020443,1.0537,2.01369834e+00,FAR_FIELD
699,CPE4,0.029276,0.095007,3.98687785e-04,0.019967,1.1121,2.00331354e+00,FAR_FIELD
700,CPE4,0.031132,0.053296,4.34694084e-04,0.020849,1.0496,3.41412425e+00,FAR_FIELD
701,CPE4,0.989925,0.068934,3.92576680e-04,0.019814,1.0662,2.98901963e+00,FAR_FIELD
702,CPE4,0.925052,0.054347,4.89354134e-04,0.022121,1.0917,9.00911045e+00,FAR_FIELD
703,CPE4,0.879721,0.054052,5.09863719e-04,0.022580,1.3783,4.79957581e+00,FAR_FIELD
704,CPE4,0.840568,0.046785,3.16366553e-04,0.017787,1.2261,6.24701548e+00,FAR_FIELD
705,CPE4,0.802613,0.053843,4.42804769e-04,0.021043,1.3436,1.25643063e+01,FAR_FIELD
706,CPE4,0.751298,0.048550,3.56939621e-04,0.018893,1.1693,6.89027023e+00,FAR_FIELD
707,CPE4,0.712581,0.046607,3.63950618e-04,0.019077,1.1108,5.27398872e+00,FAR_FIELD
708,CPE4,0.671031,0.049497,4.69483435e-04,0.021668,1.2093,4.66590881e+00,FAR_FIELD
709,CPE4,0.626761,0.046545,3.89414839e-04,0.019734,1.1683,4.44848680e+00,FAR_FIELD
710,CPE4,0.586566,0.044071,3.42401676e-04,0.018504,1.1612,1.94041359e+00,FAR_FIELD
711,CPE4,0.568320,0.061187,2.95400620e-04,0.017187,1.1160,1.48321784e+00,FAR_FIELD
712,CPE4,0.534504,0.066023,3.01600434e-04,0.017367,1.1728,1.90980744e+00,FAR_FIELD
713,CPE4,0.469632,0.049782,3.68752517e-04,0.019203,1.5106,3.25421381e+00,FAR_FIELD
714,CPE4,0.432456,0.049089,3.85541469e-04,0.019635,1.4767,4.14153147e+00,FAR_FIELD
715,CPE4,0.389036,0.048929,4.27285209e-04,0.020671,1.1349,5.56845903e+00,FAR_FIELD
716,CPE4,0.346934,0.047305,3.88409011e-04,0.019708,1.1022,5.32488203e+00,FAR_FIELD
717,CPE4,0.305998,0.047404,3.88927758e-04,0.019721,1.0847,5.02611828e+00,FAR_FIELD
718,CPE4,0.265054,0.048220,4.01472207e-04,0.020037,1.0711,4.69034672e+00,FAR_FIELD
719,CPE4,0.224023,0.049399,4.16539609e-04,0.020409,1.0289,4.14756775e+00,FAR_FIELD
720,CPE4,0.183090,0.050310,4.56934562e-04,0.021376,1.1745,3.69080114e+00,FAR_FIELD
721,CPE4,0.143368,0.046890,3.23292334e-04,0.017980,1.1830,3.44456005e+00,FAR_FIELD
722,CPE4,0.106785,0.054545,4.19121236e-04,0.020472,1.5343,6.39501333e+00,FAR_FIELD
723,CPE4,0.049476,0.075879,3.95564362e-04,0.019889,1.1374,6.70199490e+00,FAR_FIELD
724,CPE4,0.990784,0.107593,3.53090465e-04,0.018791,1.0748,3.11768198e+00,FAR_FIELD
725,CPE4,0.932593,0.096586,4.27763909e-04,0.020682,1.2821,5.84087324e+00,FAR_FIELD
726,CPE4,0.855710,0.086567,3.05294991e-04,0.017473,1.2457,1.15846462e+01,FAR_FIELD
727,CPE4,0.761523,0.084693,2.42969021e-04,0.015587,1.6238,6.06943846e+00,FAR_FIELD
728,CPE4,0.730655,0.083254,2.84446403e-04,0.016866,1.2235,4.97769403e+00,FAR_FIELD
729,CPE4,0.681440,0.088345,3.03637236e-04,0.017425,1.1948,4.54826927e+00,FAR_FIELD
730,CPE4,0.655368,0.115452,2.30517238e-04,0.015183,1.3223,2.80991340e+00,FAR_FIELD
731,CPE4,0.596623,0.099009,2.82239169e-04,0.016800,1.5808,5.03589725e+00,FAR_FIELD
732,CPE4,0.501747,0.077678,3.52222472e-04,0.018768,1.0693,3.84893632e+00,FAR_FIELD
733,CPE4,0.468277,0.095883,3.76855955e-04,0.019413,1.0696,5.79810476e+00,FAR_FIELD
734,CPE4,0.399485,0.090534,3.50835733e-04,0.018731,1.1580,6.04090643e+00,FAR_FIELD
735,CPE4,0.304781,0.086360,3.86358239e-04,0.019656,1.0573,4.81872749e+00,FAR_FIELD
736,CPE4,0.266337,0.087443,3.78515571e-04,0.019455,1.0699,4.41278172e+00,FAR_FIELD
737,CPE4,0.227505,0.091773,4.20403667e-04,0.020504,1.2690,4.91714859e+00,FAR_FIELD
738,CPE4,0.109164,0.081126,3.07487324e-04,0.017535,1.2732,6.30337238e+00,FAR_FIELD
739,CPE4,0.989182,0.146507,4.41074371e-04,0.021002,1.2643,1.82137585e+00,FAR_FIELD
740,CPE4,0.936904,0.123494,3.47331166e-04,0.018637,1.3459,5.10630035e+00,FAR_FIELD
741,CPE4,0.840789,0.166380,3.76224518e-04,0.019397,1.2445,9.41193390e+00,FAR_FIELD
742,CPE4,0.759944,0.127821,3.76563519e-04,0.019405,1.0572,1.18945589e+01,FAR_FIELD
743,CPE4,0.735711,0.118131,3.50873917e-04,0.018732,1.3817,8.26460171e+00,FAR_FIELD
744,CPE4,0.684835,0.155847,2.60218978e-04,0.016131,1.3809,4.71468544e+00,FAR_FIELD
745,CPE4,0.636544,0.129640,2.64182687e-04,0.016254,1.1078,7.21919680e+00,FAR_FIELD
746,CPE4,0.605938,0.154494,3.76164913e-04,0.019395,1.3253,4.99031162e+00,FAR_FIELD
747,CPE4,0.510715,0.129666,1.76331028e-04,0.013279,1.3798,3.18673038e+00,FAR_FIELD
748,CPE4,0.489657,0.152746,3.73665243e-04,0.019330,1.2031,4.87499571e+00,FAR_FIELD
749,CPE4,0.423477,0.120308,2.72976235e-04,0.016522,1.5486,3.99525189e+00,FAR_FIELD
750,CPE4,0.388175,0.121848,1.89252198e-04,0.013757,1.3851,4.92570686e+00,FAR_FIELD
751,CPE4,0.342744,0.125573,3.98835167e-04,0.019971,1.2000,4.75509787e+00,FAR_FIELD
752,CPE4,0.304207,0.128593,4.27212566e-04,0.020669,1.1838,5.05640125e+00,FAR_FIELD
753,CPE4,0.267527,0.127512,3.54642048e-04,0.018832,1.2255,5.01664209e+00,FAR_FIELD
754,CPE4,0.220923,0.128950,1.98177993e-04,0.014078,1.2542,3.58941674e+00,FAR_FIELD
755,CPE4,0.206607,0.126532,2.78188847e-04,0.016679,1.7148,7.47776127e+00,FAR_FIELD
756,CPE4,0.118557,0.127314,2.10056081e-04,0.014493,1.6924,3.66382980e+00,FAR_FIELD
757,CPE4,0.089748,0.131741,3.63801140e-04,0.019074,1.4188,3.10356331e+00,FAR_FIELD
758,CPE4,0.050418,0.136129,4.24233498e-04,0.020597,1.0987,5.32533789e+00,FAR_FIELD
759,CPE4,0.989764,0.186706,4.01467085e-04,0.020037,1.0795,5.76609707e+00,FAR_FIELD
760,CPE4,0.933792,0.192141,2.30997801e-04,0.015199,1.3651,2.27555919e+00,FAR_FIELD
761,CPE4,0.896662,0.201803,3.57523561e-04,0.018908,1.1186,6.04300261e+00,FAR_FIELD
762,CPE4,0.756495,0.172479,3.80750746e-04,0.019513,1.1562,1.06222916e+01,FAR_FIELD
763,CPE4,0.714946,0.152185,2.11052597e-04,0.014528,1.3125,4.58005381e+00,FAR_FIELD
764,CPE4,0.679287,0.175445,2.05397606e-04,0.014332,1.2891,9.39467621e+00,FAR_FIELD
765,CPE4,0.618924,0.176750,2.85260379e-04,0.016890,1.1379,6.28754950e+00,FAR_FIELD
766,CPE4,0.603129,0.172824,2.81568617e-04,0.016780,1.1480,5.41654921e+00,FAR_FIELD
767,CPE4,0.541484,0.192895,4.88955528e-04,0.022112,1.1428,5.23542643e+00,FAR_FIELD
768,CPE4,0.459398,0.182811,5.67819923e-04,0.023829,1.3185,1.19992161e+01,FAR_FIELD
769,CPE4,0.376317,0.188262,2.96629965e-04,0.017223,1.6796,5.50471401e+00,FAR_FIELD
770,CPE4,0.321780,0.184374,1.97291374e-04,0.014046,1.3157,4.60609388e+00,FAR_FIELD
771,CPE4,0.246002,0.171743,3.57354060e-04,0.018904,1.1662,4.60258055e+00,FAR_FIELD
772,CPE4,0.224409,0.160678,2.75872648e-04,0.016609,1.1521,3.03733277e+00,FAR_FIELD
773,CPE4,0.175313,0.172801,3.24610621e-04,0.018017,1.0974,3.01116395e+00,FAR_FIELD
774,CPE4,0.140699,0.188346,3.42267565e-04,0.018500,1.2833,5.01326323e+00,FAR_FIELD
775,CPE4,0.097333,0.183836,4.64952551e-04,0.021563,1.3503,6.58870363e+00,FAR_FIELD
776,CPE4,0.990256,0.225728,3.80299985e-04,0.019501,1.0098,5.55164814e+00,FAR_FIELD
777,CPE4,0.931937,0.224465,3.31953168e-04,0.018220,1.1598,5.19489384e+00,FAR_FIELD
778,CPE4,0.872350,0.217728,4.64029610e-04,0.021541,1.2903,7.88926840e+00,FAR_FIELD
779,CPE4,0.810786,0.218671,2.66209245e-04,0.016316,1.3230,4.40097046e+00,FAR_FIELD
780,CPE4,0.764754,0.208078,3.32422554e-04,0.018232,1.2158,1.12758970e+01,FAR_FIELD
781,CPE4,0.746199,0.217343,4.09461558e-04,0.020235,1.2322,1.29312181e+01,FAR_FIELD
782,CPE4,0.677960,0.208129,4.18275595e-04,0.020452,1.4425,9.86926651e+00,FAR_FIELD
783,CPE4,0.512260,0.229394,4.38250601e-04,0.020934,1.1334,3.98945808e+00,FAR_FIELD
784,CPE4,0.490929,0.247026,3.59211117e-04,0.018953,1.1533,5.16746044e+00,FAR_FIELD
785,CPE4,0.427700,0.218508,3.56003642e-04,0.018868,1.0793,8.15922260e+00,FAR_FIELD
786,CPE4,0.384544,0.237066,2.46405602e-04,0.015697,1.1285,7.31959820e+00,FAR_FIELD
787,CPE4,0.290512,0.213892,4.34815884e-04,0.020852,1.3756,1.26206684e+01,FAR_FIELD
788,CPE4,0.258570,0.207584,3.98198143e-04,0.019955,1.1795,7.11769724e+00,FAR_FIELD
789,CPE4,0.225640,0.209008,5.89378178e-04,0.024277,1.2083,1.25393047e+01,FAR_FIELD
790,CPE4,0.173591,0.230022,3.59654427e-04,0.018965,1.2068,5.49136734e+00,FAR_FIELD
791,CPE4,0.133871,0.227483,3.78496945e-04,0.019455,1.2979,6.01179409e+00,FAR_FIELD
792,CPE4,0.091778,0.223211,4.01728787e-04,0.020043,1.0890,5.05536604e+00,FAR_FIELD
793,CPE4,0.990130,0.264805,3.86469066e-04,0.019659,1.0120,5.97730684e+00,FAR_FIELD
794,CPE4,0.949289,0.265344,4.40634787e-04,0.020991,1.1412,2.91537404e+00,FAR_FIELD
795,CPE4,0.866726,0.263327,2.09763646e-04,0.014483,1.5042,2.97098398e+00,FAR_FIELD
796,CPE4,0.842420,0.255892,2.09368765e-04,0.014470,1.4441,2.41950107e+00,FAR_FIELD
797,CPE4,0.734915,0.247116,5.26428223e-04,0.022944,1.4026,1.94751892e+01,FAR_FIELD
798,CPE4,0.679403,0.258006,3.45632434e-04,0.018591,1.3381,5.95873356e+00,FAR_FIELD
799,CPE4,0.628243,0.254611,4.61876392e-04,0.021491,1.3348,1.06244993e+01,FAR_FIELD
800,CPE4,0.592642,0.267341,2.62342393e-04,0.016197,1.1624,2.41800618e+00,FAR_FIELD
801,CPE4,0.546210,0.261592,4.13142145e-04,0.020326,1.4106,7.68761969e+00,FAR_FIELD
802,CPE4,0.506941,0.266848,2.75723636e-04,0.016605,1.2224,4.49926901e+00,FAR_FIELD
803,CPE4,0.474611,0.267051,3.14988196e-04,0.017748,1.2303,7.30776024e+00,FAR_FIELD
804,CPE4,0.457888,0.270753,3.56305391e-04,0.018876,1.2372,7.70419025e+00,FAR_FIELD
805,CPE4,0.417974,0.260777,4.01854515e-04,0.020046,1.1004,8.49989414e+00,FAR_FIELD
806,CPE4,0.380349,0.276396,3.51488590e-04,0.018748,1.2059,5.72399092e+00,FAR_FIELD
807,CPE4,0.305405,0.259916,3.22874635e-04,0.017969,1.4619,1.22535906e+01,FAR_FIELD
808,CPE4,0.257448,0.258382,1.99312344e-04,0.014118,1.4666,7.91365767e+00,FAR_FIELD
809,CPE4,0.170268,0.285663,3.66019085e-04,0.019132,1.0554,6.78985167e+00,FAR_FIELD
810,CPE4,0.151457,0.265678,3.81540507e-04,0.019533,1.1258,6.22066545e+00,FAR_FIELD
811,CPE4,0.089629,0.262363,3.95067036e-04,0.019876,1.0608,5.28572416e+00,FAR_FIELD
812,CPE4,0.990296,0.323613,3.82468104e-04,0.019557,1.0242,6.61689425e+00,FAR_FIELD
813,CPE4,0.930128,0.286701,4.01169062e-04,0.020029,1.2305,8.20048428e+00,FAR_FIELD
814,CPE4,0.887045,0.311170,3.43397260e-04,0.018531,1.2425,6.04290915e+00,FAR_FIELD
815,CPE4,0.841420,0.311184,2.09301710e-04,0.014467,1.2929,1.00533552e+01,FAR_FIELD
816,CPE4,0.809105,0.305462,3.41050327e-04,0.018468,1.4426,5.75806141e+00,FAR_FIELD
817,CPE4,0.788156,0.314318,1.83612108e-04,0.013550,1.1282,3.01655912e+00,FAR_FIELD
818,CPE4,0.731783,0.298186,2.47888267e-04,0.015744,1.6019,1.48508081e+01,FAR_FIELD
819,CPE4,0.679523,0.336557,2.99058855e-04,0.017293,1.1629,1.49140892e+01,FAR_FIELD
820,CPE4,0.635493,0.294617,3.68036330e-04,0.019184,1.0982,2.77335072e+00,FAR_FIELD
821,CPE4,0.598874,0.302287,3.44455242e-04,0.018560,1.0548,3.16415930e+00,FAR_FIELD
822,CPE4,0.564579,0.324955,3.54237854e-04,0.018821,1.1047,1.03618259e+01,FAR_FIELD
823,CPE4,0.515117,0.302171,2.66753137e-04,0.016333,1.2168,5.42247534e+00,FAR_FIELD
824,CPE4,0.480454,0.313027,2.30506063e-04,0.015182,1.5769,4.89764357e+00,FAR_FIELD
825,CPE4,0.432818,0.312140,2.46353447e-04,0.015696,1.5670,1.38308105e+01,FAR_FIELD
826,CPE4,0.403153,0.308823,2.01474875e-04,0.014194,1.1584,1.19780750e+01,FAR_FIELD
827,CPE4,0.331221,0.287118,3.05507332e-04,0.017479,1.4429,1.09490423e+01,FAR_FIELD
828,CPE4,0.295537,0.302700,4.42035496e-04,0.021025,1.5026,1.34442759e+01,FAR_FIELD
829,CPE4,0.278217,0.292818,3.86428088e-04,0.019658,1.1683,1.27002134e+01,FAR_FIELD
830,CPE4,0.223904,0.308426,3.07057053e-04,0.017523,1.0792,8.35568237e+00,FAR_FIELD
831,CPE4,0.188512,0.305548,3.47990543e-04,0.018655,1.0657,7.37014055e+00,FAR_FIELD
832,CPE4,0.149190,0.302660,3.75721604e-04,0.019384,1.1330,5.70452642e+00,FAR_FIELD
833,CPE4,0.990009,0.363059,3.92615795e-04,0.019815,1.0254,7.42414522e+00,FAR_FIELD
834,CPE4,0.855634,0.339709,3.25620174e-04,0.018045,1.1427,1.17499714e+01,FAR_FIELD
835,CPE4,0.813618,0.355820,3.11061740e-04,0.017637,1.1235,1.19217567e+01,FAR_FIELD
836,CPE4,0.739873,0.349606,3.86975706e-04,0.019672,1.2193,2.20109234e+01,FAR_FIELD
837,CPE4,0.683692,0.352877,2.91913748e-04,0.017085,1.1066,1.64635162e+01,FAR_FIELD
838,CPE4,0.603516,0.341203,3.90425324e-04,0.019759,1.0710,4.30197334e+00,FAR_FIELD
839,CPE4,0.545977,0.344500,3.79748642e-04,0.019487,1.1144,1.48268423e+01,FAR_FIELD
840,CPE4,0.509435,0.339465,3.66531312e-04,0.019145,1.1479,8.31808949e+00,FAR_FIELD
841,CPE4,0.486743,0.354884,4.21702862e-04,0.020535,1.3049,1.59213915e+01,FAR_FIELD
842,CPE4,0.414298,0.343906,3.31193209e-04,0.018199,1.3220,2.28408012e+01,FAR_FIELD
843,CPE4,0.388712,0.344533,3.32091004e-04,0.018223,1.2387,1.80807762e+01,FAR_FIELD
844,CPE4,0.362506,0.342321,4.14572656e-04,0.020361,1.1555,8.58266258e+00,FAR_FIELD
845,CPE4,0.294057,0.338110,4.49649990e-04,0.021205,1.4377,1.38104839e+01,FAR_FIELD
846,CPE4,0.275798,0.343077,3.40510160e-04,0.018453,1.0735,1.13077030e+01,FAR_FIELD
847,CPE4,0.204442,0.342507,2.82928348e-04,0.016820,1.5871,6.19578362e+00,FAR_FIELD
848,CPE4,0.194697,0.354425,2.90427357e-04,0.017042,1.4903,3.28390574e+00,FAR_FIELD
849,CPE4,0.128292,0.345933,2.28334218e-04,0.015111,1.4853,1.16940522e+00,FAR_FIELD
850,CPE4,0.108865,0.334167,2.93118879e-04,0.017121,1.2247,2.14353466e+00,FAR_FIELD
851,CPE4,0.050773,0.342821,4.20313794e-04,0.020502,1.0645,1.18931067e+00,FAR_FIELD
852,CPE4,0.990194,0.402252,3.84256244e-04,0.019602,1.0237,8.41738319e+00,LIGAMENT
853,CPE4,0.948682,0.384516,4.53591347e-04,0.021298,1.1842,6.45613527e+00,FAR_FIELD
854,CPE4,0.889716,0.389373,2.28464603e-04,0.015115,1.2614,3.29305196e+00,FAR_FIELD
855,CPE4,0.856723,0.398375,3.39999795e-04,0.018439,1.0780,8.36228657e+00,FAR_FIELD
856,CPE4,0.816047,0.392652,2.72676349e-04,0.016513,1.1437,1.35153790e+01,FAR_FIELD
857,CPE4,0.728359,0.376376,3.95044684e-04,0.019876,1.0887,2.41897526e+01,FAR_FIELD
858,CPE4,0.687405,0.388471,4.24191356e-04,0.020596,1.3444,1.86152687e+01,FAR_FIELD
859,CPE4,0.587394,0.383661,4.22775745e-04,0.020562,1.0540,6.10445356e+00,FAR_FIELD
860,CPE4,0.568146,0.405588,4.34949994e-04,0.020855,1.0964,8.54732895e+00,LIGAMENT
861,CPE4,0.522669,0.384083,4.69192863e-04,0.021661,1.1890,2.54526443e+01,FAR_FIELD
862,CPE4,0.432511,0.400641,2.08511949e-04,0.014440,1.4532,2.11345463e+01,CRACK_WAKE
863,CPE4,0.378621,0.412981,3.21730971e-04,0.017937,1.4503,3.74224319e+01,CRACK_WAKE
864,CPE4,0.260974,0.382636,3.32359225e-04,0.018231,1.1011,1.19027519e+01,FAR_FIELD
865,CPE4,0.243085,0.385103,3.62023711e-04,0.019027,1.0982,1.06843586e+01,FAR_FIELD
866,CPE4,0.171099,0.397377,2.75671482e-04,0.016603,1.1263,3.17163730e+00,FAR_FIELD
867,CPE4,0.143090,0.396706,1.93871558e-04,0.013924,1.4171,1.26808321e+00,FAR_FIELD
868,CPE4,0.990409,0.421803,3.74436378e-04,0.019350,1.0329,8.27738953e+00,LIGAMENT
869,CPE4,0.932128,0.424800,3.56197357e-04,0.018873,1.1631,4.45964050e+00,LIGAMENT
870,CPE4,0.892533,0.445506,3.64825130e-04,0.019100,1.2168,3.12644720e+00,LIGAMENT
871,CPE4,0.848445,0.435451,3.26231122e-04,0.018062,1.2629,8.48438072e+00,LIGAMENT
872,CPE4,0.808528,0.440993,3.35931778e-04,0.018328,1.2887,1.73466053e+01,LIGAMENT
873,CPE4,0.786911,0.424317,3.69802117e-04,0.019230,1.3607,2.27363644e+01,LIGAMENT
874,CPE4,0.732547,0.433759,2.41771340e-04,0.015549,1.2555,2.25574341e+01,LIGAMENT
875,CPE4,0.683432,0.423402,3.06114554e-04,0.017496,1.2622,2.88933182e+01,LIGAMENT
876,CPE4,0.646311,0.449174,2.48685479e-04,0.015770,1.4660,1.52915421e+01,LIGAMENT
877,CPE4,0.553721,0.447786,3.67842615e-04,0.019179,1.0362,5.01434288e+01,CRACK_TIP
878,CPE4,0.513871,0.435584,3.41221690e-04,0.018472,1.0840,4.52657166e+01,CRACK_TIP
879,CPE4,0.475162,0.455062,3.53738666e-04,0.018808,1.0773,1.52017838e+02,CRACK_TIP
880,CPE4,0.437077,0.453409,3.60421836e-04,0.018985,1.0465,9.77524872e+01,CRACK_TIP
881,CPE4,0.377531,0.452526,3.63506377e-04,0.019066,1.0652,4.08904419e+01,CRACK_WAKE
882,CPE4,0.341105,0.452428,3.34739685e-04,0.018296,1.1431,2.05162888e+01,CRACK_WAKE
883,CPE4,0.317550,0.425961,2.68124044e-04,0.016374,1.5300,7.18326235e+00,CRACK_WAKE
884,CPE4,0.266990,0.420389,3.75427306e-04,0.019376,1.1686,1.19126253e+01,CRACK_WAKE
885,CPE4,0.210206,0.429302,3.71955335e-04,0.019286,1.0453,5.79681635e+00,CRACK_WAKE
886,CPE4,0.172033,0.431910,3.46764922e-04,0.018622,1.0935,4.00062418e+00,CRACK_WAKE
887,CPE4,0.131268,0.449941,3.99885699e-04,0.019997,1.0570,1.66656125e+00,CRACK_WAKE
888,CPE4,0.090245,0.449837,4.03854996e-04,0.020096,1.0488,1.28606439e+00,CRACK_WAKE
889,CPE4,0.050198,0.428886,4.07084823e-04,0.020176,1.0353,1.31061292e+00,CRACK_WAKE
890,CPE4,0.953119,0.460885,3.55571508e-04,0.018857,1.0272,6.29175377e+00,LIGAMENT
891,CPE4,0.914662,0.461731,3.50639224e-04,0.018725,1.1127,4.43046999e+00,LIGAMENT
892,CPE4,0.877666,0.481366,3.23235989e-04,0.017979,1.2245,3.27175331e+00,LIGAMENT
893,CPE4,0.814570,0.473796,3.40655446e-04,0.018457,1.2575,1.01286144e+01,LIGAMENT
894,CPE4,0.794355,0.477064,3.46764922e-04,0.018622,1.3232,1.51072159e+01,LIGAMENT
895,CPE4,0.769458,0.485981,3.09497118e-04,0.017593,1.2417,1.03632212e+01,LIGAMENT
896,CPE4,0.678122,0.460669,4.17619944e-04,0.020436,1.2577,1.24336872e+01,LIGAMENT
897,CPE4,0.629700,0.466831,3.72186303e-04,0.019292,1.1846,3.71298065e+01,LIGAMENT
898,CPE4,0.617130,0.510035,4.30569053e-04,0.020750,1.0714,3.48001556e+01,LIGAMENT
899,CPE4,0.515688,0.474493,4.73298132e-04,0.021755,1.3266,1.34799423e+02,CRACK_TIP
900,CPE4,0.911582,0.561758,2.54318118e-04,0.015947,1.3854,1.07991056e+01,LIGAMENT
901,CPE4,0.895564,0.557132,2.18495727e-04,0.014782,1.2296,4.41080570e+00,LIGAMENT
902,CPE4,0.809744,0.548763,4.40001488e-04,0.020976,1.3480,2.18561306e+01,LIGAMENT
903,CPE4,0.766447,0.575823,3.03536654e-04,0.017422,1.2113,2.03174286e+01,LIGAMENT
904,CPE4,0.729554,0.574494,2.74553895e-04,0.016570,1.3239,2.12931499e+01,LIGAMENT
905,CPE4,0.668266,0.541325,4.00260091e-04,0.020007,1.1255,1.72944794e+01,LIGAMENT
906,CPE4,0.627583,0.550057,4.34309244e-04,0.020840,1.2064,1.43664036e+01,LIGAMENT
907,CPE4,0.586663,0.555872,3.49149108e-04,0.018686,1.1071,1.72365036e+01,LIGAMENT
908,CPE4,0.515878,0.576348,3.22625041e-04,0.017962,1.0872,5.14401245e+01,CRACK_TIP
909,CPE4,0.550170,0.558480,2.98365951e-04,0.017273,1.0655,1.67654247e+01,CRACK_TIP
910,CPE4,0.458427,0.554931,4.73059714e-04,0.021750,1.3778,7.75877228e+01,CRACK_TIP
911,CPE4,0.439422,0.550092,3.83384526e-04,0.019580,1.1165,1.01053520e+02,CRACK_TIP
912,CPE4,0.383434,0.545222,3.32891941e-04,0.018245,1.0580,4.28188782e+01,CRACK_WAKE
913,CPE4,0.345931,0.546649,3.51645052e-04,0.018752,1.0343,2.44908600e+01,CRACK_WAKE
914,CPE4,0.307851,0.549322,3.77535820e-04,0.019430,1.0477,2.22599106e+01,CRACK_WAKE
915,CPE4,0.268828,0.553329,4.17597592e-04,0.020435,1.0923,1.63787518e+01,CRACK_WAKE
916,CPE4,0.209152,0.530967,3.90239060e-04,0.019754,1.3912,2.55952525e+00,CRACK_WAKE
917,CPE4,0.166826,0.547473,3.29151750e-04,0.018143,1.1413,3.22358942e+00,CRACK_WAKE
918,CPE4,0.131480,0.544256,3.01763415e-04,0.017371,1.1527,1.33851278e+00,CRACK_WAKE
919,CPE4,0.094307,0.547994,3.84261832e-04,0.019603,1.0873,1.48335934e+00,CRACK_WAKE
920,CPE4,0.053282,0.549711,4.24805097e-04,0.020611,1.1082,1.79829156e+00,CRACK_WAKE
921,CPE4,0.990000,0.597711,3.93658876e-04,0.019841,1.0227,7.99036598e+00,LIGAMENT
922,CPE4,0.948755,0.596591,4.62055206e-04,0.021495,1.2081,8.13601494e+00,LIGAMENT
923,CPE4,0.853487,0.599851,2.27957964e-04,0.015098,1.3738,1.38429775e+01,LIGAMENT
924,CPE4,0.781498,0.583235,2.44230032e-04,0.015628,1.2837,1.79674206e+01,LIGAMENT
925,CPE4,0.718511,0.602743,2.15321779e-04,0.014674,1.3005,2.20314274e+01,FAR_FIELD
926,CPE4,0.669980,0.597638,4.03493643e-04,0.020087,1.3414,2.95953217e+01,LIGAMENT
927,CPE4,0.641185,0.602516,3.18318605e-04,0.017841,1.5215,1.88607655e+01,FAR_FIELD
928,CPE4,0.605415,0.591619,2.88188457e-04,0.016976,1.0651,1.04617367e+01,LIGAMENT
929,CPE4,0.520466,0.614380,3.31789255e-04,0.018215,1.1940,2.34519978e+01,FAR_FIELD
930,CPE4,0.552490,0.593249,3.21000814e-04,0.017916,1.0442,2.61868954e+01,LIGAMENT
931,CPE4,0.409110,0.605958,1.43967569e-04,0.011999,1.5953,2.51298485e+01,FAR_FIELD
932,CPE4,0.417923,0.597289,1.43803656e-04,0.011992,1.6726,9.22037506e+00,CRACK_WAKE
933,CPE4,0.344727,0.584451,3.42309475e-04,0.018502,1.0949,2.56062012e+01,CRACK_WAKE
934,CPE4,0.308604,0.588947,3.63677740e-04,0.019070,1.1043,1.77761459e+01,CRACK_WAKE
935,CPE4,0.272294,0.594172,3.62068415e-04,0.019028,1.0886,1.17446060e+01,CRACK_WAKE
936,CPE4,0.198088,0.589361,3.19987535e-04,0.017888,1.1359,3.42190528e+00,CRACK_WAKE
937,CPE4,0.177763,0.582003,1.95980072e-04,0.013999,1.3581,2.86286283e+00,CRACK_WAKE
938,CPE4,0.146845,0.586722,2.98000872e-04,0.017263,1.2364,2.05430412e+00,CRACK_WAKE
939,CPE4,0.107701,0.586020,3.56059521e-04,0.018870,1.5608,1.33883405e+00,CRACK_WAKE
940,CPE4,0.055095,0.588264,3.97288240e-04,0.019932,1.2444,1.41136575e+00,CRACK_WAKE
941,CPE4,0.990090,0.617414,3.90797853e-04,0.019769,1.0185,7.88567877e+00,FAR_FIELD
942,CPE4,0.931846,0.618231,3.24219465e-04,0.018006,1.2134,6.72556782e+00,FAR_FIELD
943,CPE4,0.896846,0.636703,2.81810760e-04,0.016787,1.4606,1.56809540e+01,FAR_FIELD
944,CPE4,0.855782,0.640037,2.66104937e-04,0.016313,1.5975,4.50412560e+00,FAR_FIELD
945,CPE4,0.824437,0.652535,3.52948904e-04,0.018787,1.2334,8.72072506e+00,FAR_FIELD
946,CPE4,0.776557,0.641367,4.93362546e-04,0.022212,1.2499,9.48047829e+00,FAR_FIELD
947,CPE4,0.670378,0.638129,4.11525369e-04,0.020286,1.0966,1.02142553e+01,FAR_FIELD
948,CPE4,0.630706,0.640023,3.37019563e-04,0.018358,1.1233,5.95066977e+00,FAR_FIELD
949,CPE4,0.591653,0.626333,3.01554799e-04,0.017365,1.0391,1.23827868e+01,FAR_FIELD
950,CPE4,0.528959,0.652558,3.07008624e-04,0.017522,1.2844,1.32094975e+01,FAR_FIELD
951,CPE4,0.574368,0.627689,3.03134322e-04,0.017411,1.0576,1.66135216e+01,FAR_FIELD
952,CPE4,0.475194,0.619160,1.98632479e-04,0.014094,1.2983,2.01460247e+01,FAR_FIELD
953,CPE4,0.373154,0.660497,4.23565507e-04,0.020581,1.2542,2.49440536e+01,FAR_FIELD
954,CPE4,0.368328,0.640148,3.75963748e-04,0.019390,1.1198,2.45715370e+01,FAR_FIELD
955,CPE4,0.310512,0.629469,3.76537442e-04,0.019405,1.1555,1.87591419e+01,FAR_FIELD
956,CPE4,0.275131,0.633110,3.45364213e-04,0.018584,1.1182,1.33944273e+01,FAR_FIELD
957,CPE4,0.215782,0.625267,4.61582094e-04,0.021484,1.1655,5.43812227e+00,FAR_FIELD
958,CPE4,0.171590,0.624896,3.31059098e-04,0.018195,1.3481,3.22002006e+00,FAR_FIELD
959,CPE4,0.156345,0.632089,2.02424824e-04,0.014228,1.5593,2.13014674e+00,FAR_FIELD
960,CPE4,0.108258,0.621380,2.54824758e-04,0.015963,1.3284,1.75398505e+00,FAR_FIELD
961,CPE4,0.056739,0.621298,2.17457302e-04,0.014746,1.4648,1.05412900e+00,FAR_FIELD
962,CPE4,0.990772,0.695542,3.58700752e-04,0.018939,1.0769,6.56716108e+00,FAR_FIELD
963,CPE4,0.895468,0.661270,4.30911779e-04,0.020758,1.3832,1.57430477e+01,FAR_FIELD
964,CPE4,0.849041,0.699135,2.99990177e-04,0.017320,1.1735,3.08302069e+00,FAR_FIELD
965,CPE4,0.809111,0.702636,2.98827887e-04,0.017287,1.1140,5.28478241e+00,FAR_FIELD
966,CPE4,0.775910,0.694714,1.67876482e-04,0.012957,1.5677,9.92672825e+00,FAR_FIELD
967,CPE4,0.738910,0.679938,4.73231077e-04,0.021754,1.4112,2.32765350e+01,FAR_FIELD
968,CPE4,0.708204,0.680021,3.51920724e-04,0.018760,1.5814,5.78413820e+00,FAR_FIELD
969,CPE4,0.597571,0.660841,3.05578113e-04,0.017481,1.0869,1.20992231e+01,FAR_FIELD
970,CPE4,0.533513,0.710240,3.01346183e-04,0.017359,1.3336,1.04065914e+01,FAR_FIELD
971,CPE4,0.499048,0.661838,2.98768282e-04,0.017285,1.2564,2.77222538e+00,FAR_FIELD
972,CPE4,0.445730,0.663876,3.40238214e-04,0.018446,1.0688,2.35084438e+01,FAR_FIELD
973,CPE4,0.325105,0.702854,2.69599259e-04,0.016419,1.1267,7.36800385e+00,FAR_FIELD
974,CPE4,0.322952,0.680159,2.03788280e-04,0.014275,1.4177,7.38195181e+00,FAR_FIELD
975,CPE4,0.261726,0.672095,2.55867839e-04,0.015996,1.3473,1.01361694e+01,FAR_FIELD
976,CPE4,0.226289,0.664459,3.61792743e-04,0.019021,1.1005,8.78422737e+00,FAR_FIELD
977,CPE4,0.208742,0.671222,3.78921628e-04,0.019466,1.1015,8.15286827e+00,FAR_FIELD
978,CPE4,0.081438,0.678210,3.17718834e-04,0.017825,1.1443,2.08046412e+00,FAR_FIELD
979,CPE4,0.044151,0.673367,3.06356698e-04,0.017503,1.1139,6.73568308e-01,FAR_FIELD
980,CPE4,0.954053,0.713466,3.63081694e-04,0.019055,1.0523,3.82474446e+00,FAR_FIELD
981,CPE4,0.895097,0.719327,3.31699848e-04,0.018213,1.1600,9.88684654e+00,FAR_FIELD
982,CPE4,0.803853,0.727474,3.28689814e-04,0.018130,1.1105,4.48047018e+00,FAR_FIELD
983,CPE4,0.731786,0.727369,4.25398350e-04,0.020625,1.4904,4.27505732e+00,FAR_FIELD
984,CPE4,0.685209,0.737245,2.70366669e-04,0.016443,1.4619,4.73004484e+00,FAR_FIELD
985,CPE4,0.656036,0.742195,3.27408314e-04,0.018094,1.2183,8.90431976e+00,FAR_FIELD
986,CPE4,0.595556,0.719247,3.66508961e-04,0.019144,1.2901,1.22822294e+01,FAR_FIELD
987,CPE4,0.516329,0.761338,3.65138054e-04,0.019109,1.3054,6.24235201e+00,FAR_FIELD
988,CPE4,0.558314,0.726845,4.52756882e-04,0.021278,1.2466,1.00013857e+01,FAR_FIELD
989,CPE4,0.471218,0.694426,4.15369868e-04,0.020381,1.2812,1.64990501e+01,FAR_FIELD
990,CPE4,0.270660,0.740876,4.36857343e-04,0.020901,1.2575,6.23517513e+00,FAR_FIELD
991,CPE4,0.232255,0.735530,4.97490168e-04,0.022304,1.4788,1.08410234e+01,FAR_FIELD
992,CPE4,0.174124,0.705485,2.88616866e-04,0.016989,1.1946,4.65784836e+00,FAR_FIELD
993,CPE4,0.081509,0.712316,3.20373103e-04,0.017899,1.0932,1.67766428e+00,FAR_FIELD
994,CPE4,0.991162,0.772887,3.43561172e-04,0.018535,1.1316,7.78913307e+00,FAR_FIELD
995,CPE4,0.938937,0.774215,2.01076269e-04,0.014180,1.2853,4.64509153e+00,FAR_FIELD
996,CPE4,0.886745,0.773231,3.30269337e-04,0.018173,1.0554,5.82948828e+00,FAR_FIELD
997,CPE4,0.820372,0.766232,5.55515289e-04,0.023569,1.1622,3.86463976e+00,FAR_FIELD
998,CPE4,0.756292,0.763296,3.48955393e-04,0.018680,1.0813,3.83280110e+00,FAR_FIELD
999,CPE4,0.719601,0.753343,3.33517790e-04,0.018262,1.2664,3.67972112e+00,FAR_FIELD
1000,CPE4,0.662625,0.759836,3.16411257e-04,0.017788,1.1715,1.04874268e+01,FAR_FIELD
1001,CPE4,0.615935,0.743720,1.77174807e-04,0.013311,1.2954,9.65760899e+00,FAR_FIELD
1002,CPE4,0.602516,0.770783,3.08558345e-04,0.017566,1.8362,8.55458927e+00,FAR_FIELD
1003,CPE4,0.513185,0.798964,2.97173858e-04,0.017239,1.1476,5.67624426e+00,FAR_FIELD
1004,CPE4,0.496424,0.746134,2.71767378e-04,0.016485,1.2137,1.57504344e+00,FAR_FIELD
1005,CPE4,0.442749,0.743463,1.88544393e-04,0.013731,1.4625,9.90738678e+00,FAR_FIELD
1006,CPE4,0.398283,0.748955,3.66568565e-04,0.019146,1.2381,1.48972178e+01,FAR_FIELD
1007,CPE4,0.336876,0.736081,2.46882439e-04,0.015712,1.5206,1.08001909e+01,FAR_FIELD
1008,CPE4,0.229921,0.793339,2.35565007e-04,0.015348,1.1691,7.17927647e+00,FAR_FIELD
1009,CPE4,0.122610,0.778312,2.78297812e-04,0.016682,1.2312,5.13350439e+00,FAR_FIELD
1010,CPE4,0.102120,0.763376,3.04684043e-04,0.017455,1.1404,4.50217628e+00,FAR_FIELD
1011,CPE4,0.045448,0.762639,3.38274986e-04,0.018392,1.0630,1.37563562e+00,FAR_FIELD
1012,CPE4,0.924376,0.797021,2.85565853e-04,0.016899,1.7429,4.22678375e+00,FAR_FIELD
1013,CPE4,0.900286,0.809920,3.75598669e-04,0.019380,1.1662,6.79329014e+00,FAR_FIELD
1014,CPE4,0.849011,0.831397,2.92539597e-04,0.017104,1.0593,6.37888002e+00,FAR_FIELD
1015,CPE4,0.811663,0.820135,2.83986330e-04,0.016852,1.6333,6.84296751e+00,FAR_FIELD
1016,CPE4,0.764237,0.797178,2.36213207e-04,0.015369,1.3811,3.90211582e+00,FAR_FIELD
1017,CPE4,0.710271,0.795823,2.62022018e-04,0.016187,1.4153,3.01529145e+00,FAR_FIELD
1018,CPE4,0.679332,0.794644,3.88056040e-04,0.019699,1.2905,1.14588308e+01,FAR_FIELD
1019,CPE4,0.638739,0.795784,4.30524349e-04,0.020749,1.3890,1.02138453e+01,FAR_FIELD
1020,CPE4,0.601372,0.819031,3.77893448e-04,0.019439,1.0713,2.75610638e+00,FAR_FIELD
1021,CPE4,0.504114,0.835722,4.07844782e-04,0.020195,1.2059,4.43275642e+00,FAR_FIELD
1022,CPE4,0.565348,0.809654,3.54781747e-04,0.018836,1.0640,3.38550043e+00,FAR_FIELD
1023,CPE4,0.497483,0.797045,2.58743763e-04,0.016086,1.2165,3.87351513e+00,FAR_FIELD
1024,CPE4,0.466071,0.776739,3.37779522e-04,0.018379,1.3242,5.68954515e+00,FAR_FIELD
1025,CPE4,0.396480,0.774850,3.20389867e-04,0.017899,1.2333,1.05278711e+01,FAR_FIELD
1026,CPE4,0.346484,0.749804,3.60183418e-04,0.018978,1.1893,1.31779766e+01,FAR_FIELD
1027,CPE4,0.305441,0.773325,2.12363899e-04,0.014573,1.2412,8.51916790e+00,FAR_FIELD
1028,CPE4,0.179940,0.824590,4.77902591e-04,0.021861,1.4696,9.30328655e+00,FAR_FIELD
1029,CPE4,0.198793,0.813134,3.50132585e-04,0.018712,1.3009,8.36605740e+00,FAR_FIELD
1030,CPE4,0.125870,0.793855,3.10536474e-04,0.017622,1.2865,5.25046349e+00,FAR_FIELD
1031,CPE4,0.086907,0.796192,3.09774652e-04,0.017600,1.3018,4.36219215e+00,FAR_FIELD
1032,CPE4,0.047062,0.798400,3.50774266e-04,0.018729,1.1464,2.30465198e+00,FAR_FIELD
1033,CPE4,0.989669,0.852755,4.03702259e-04,0.020092,1.1332,4.09401274e+00,FAR_FIELD
1034,CPE4,0.926465,0.842442,3.07410955e-04,0.017533,1.1983,6.04581499e+00,FAR_FIELD
1035,CPE4,0.892271,0.861883,2.94506550e-04,0.017161,1.1733,3.94045615e+00,FAR_FIELD
1036,CPE4,0.863441,0.871631,1.97857618e-04,0.014066,1.5925,8.04301453e+00,FAR_FIELD
1037,CPE4,0.803400,0.843125,2.73644924e-04,0.016542,1.1347,6.57374334e+00,FAR_FIELD
1038,CPE4,0.789157,0.850524,2.98559666e-04,0.017279,1.2200,8.23545361e+00,FAR_FIELD
1039,CPE4,0.746406,0.843609,1.66326761e-04,0.012897,1.6678,8.64915180e+00,FAR_FIELD
1040,CPE4,0.689164,0.856804,3.26544046e-04,0.018071,1.5837,1.14664402e+01,FAR_FIELD
1041,CPE4,0.656593,0.839469,3.79025936e-04,0.019469,1.0801,5.87706232e+00,FAR_FIELD
1042,CPE4,0.614317,0.844322,3.89188528e-04,0.019728,1.1747,1.83880794e+00,FAR_FIELD
1043,CPE4,0.537407,0.860561,3.07649374e-04,0.017540,1.1526,3.33945894e+00,FAR_FIELD
1044,CPE4,0.557511,0.846625,3.20449471e-04,0.017901,1.0942,2.51810813e+00,FAR_FIELD
1045,CPE4,0.484534,0.834742,4.23908234e-04,0.020589,1.1775,4.36249971e+00,FAR_FIELD
1046,CPE4,0.445369,0.816558,3.96713614e-04,0.019918,1.1526,4.10024452e+00,FAR_FIELD
1047,CPE4,0.407015,0.821099,4.20615077e-04,0.020509,1.3902,6.12080574e+00,FAR_FIELD
1048,CPE4,0.348044,0.803933,3.32087278e-04,0.018223,1.0733,1.09209785e+01,FAR_FIELD
1049,CPE4,0.326330,0.827560,2.00644135e-04,0.014165,1.4619,7.53577042e+00,FAR_FIELD
1050,CPE4,0.274301,0.833144,3.99008393e-04,0.019975,1.4427,5.65077686e+00,FAR_FIELD
1051,CPE4,0.135201,0.853222,4.75790352e-04,0.021813,1.1128,2.86346245e+00,FAR_FIELD
1052,CPE4,0.143765,0.832065,5.47509640e-04,0.023399,1.1626,3.41712642e+00,FAR_FIELD
1053,CPE4,0.092870,0.825152,2.47459859e-04,0.015731,1.3849,4.63877106e+00,FAR_FIELD
1054,CPE4,0.061543,0.838392,2.29034573e-04,0.015134,1.5534,2.74187231e+00,FAR_FIELD
1055,CPE4,0.991180,0.891418,3.38762999e-04,0.018406,1.1233,3.40365815e+00,FAR_FIELD
1056,CPE4,0.899361,0.895405,3.46928835e-04,0.018626,1.1859,5.05288982e+00,FAR_FIELD
1057,CPE4,0.807248,0.883780,3.38375568e-04,0.018395,1.1225,1.15178566e+01,FAR_FIELD
1058,CPE4,0.792705,0.895607,4.32878733e-04,0.020806,1.4273,1.14651270e+01,FAR_FIELD
1059,CPE4,0.731625,0.872705,3.01808119e-04,0.017373,1.3289,4.75782156e+00,FAR_FIELD
1060,CPE4,0.698908,0.894391,3.91215086e-04,0.019779,1.2381,6.20991611e+00,FAR_FIELD
1061,CPE4,0.664286,0.901767,3.48001719e-04,0.018655,1.4114,8.14859200e+00,FAR_FIELD
1062,CPE4,0.602238,0.882708,3.45945358e-04,0.018600,1.1419,1.57669282e+00,FAR_FIELD
1063,CPE4,0.483717,0.876141,3.58954072e-04,0.018946,1.1580,3.30576634e+00,FAR_FIELD
1064,CPE4,0.447950,0.877989,3.62038612e-04,0.019027,1.1345,3.50436425e+00,FAR_FIELD
1065,CPE4,0.393148,0.864274,3.56853008e-04,0.018891,1.0739,4.73225260e+00,FAR_FIELD
1066,CPE4,0.357733,0.868697,3.35246325e-04,0.018310,1.1560,5.28041458e+00,FAR_FIELD
1067,CPE4,0.322583,0.855834,2.66745687e-04,0.016332,1.1187,4.94053793e+00,FAR_FIELD
1068,CPE4,0.272402,0.873636,3.42935324e-04,0.018519,1.1311,4.63480663e+00,FAR_FIELD
1069,CPE4,0.235540,0.875556,3.80240381e-04,0.019500,1.2827,5.98465919e+00,FAR_FIELD
1070,CPE4,0.101459,0.897809,3.12156975e-04,0.017668,1.2149,4.20556688e+00,FAR_FIELD
1071,CPE4,0.118250,0.905406,2.72858888e-04,0.016518,1.4675,5.67618895e+00,FAR_FIELD
1072,CPE4,0.068780,0.871856,2.40676105e-04,0.015514,1.2199,4.51907349e+00,FAR_FIELD
1073,CPE4,0.991227,0.910692,3.39418650e-04,0.018423,1.1233,3.29640937e+00,FAR_FIELD
1074,CPE4,0.931015,0.939301,1.48326159e-04,0.012179,1.4826,4.11257267e+00,FAR_FIELD
1075,CPE4,0.857860,0.921899,2.95937061e-04,0.017203,1.1318,8.21240234e+00,FAR_FIELD
1076,CPE4,0.704836,0.934332,3.39686871e-04,0.018431,1.1303,5.16645908e+00,FAR_FIELD
1077,CPE4,0.627418,0.931273,2.09897757e-04,0.014488,1.4523,3.78777361e+00,FAR_FIELD
1078,CPE4,0.518826,0.931967,2.72482634e-04,0.016507,1.3767,1.25724101e+00,FAR_FIELD
1079,CPE4,0.546282,0.923771,2.39923596e-04,0.015489,1.1606,1.50304079e+00,FAR_FIELD
1080,CPE4,0.483604,0.916111,3.47509980e-04,0.018642,1.1386,2.83527493e+00,FAR_FIELD
1081,CPE4,0.395066,0.902906,3.40864062e-04,0.018463,1.0768,4.34910011e+00,FAR_FIELD
1082,CPE4,0.341863,0.889883,3.27885151e-04,0.018108,1.0989,4.89199209e+00,FAR_FIELD
1083,CPE4,0.325547,0.910473,3.38509679e-04,0.018399,1.1190,4.73704290e+00,FAR_FIELD
1084,CPE4,0.272960,0.912796,3.46258283e-04,0.018608,1.1192,4.42256165e+00,FAR_FIELD
1085,CPE4,0.219985,0.915521,3.27266753e-04,0.018091,1.0470,3.90765762e+00,FAR_FIELD
1086,CPE4,0.201904,0.916155,3.27847898e-04,0.018107,1.0309,3.63620114e+00,FAR_FIELD
1087,CPE4,0.043794,0.935628,2.93327495e-04,0.017127,1.1550,5.88219547e+00,FAR_FIELD
1088,CPE4,0.061427,0.934593,2.63042748e-04,0.016219,1.6034,5.15413761e+00,FAR_FIELD
1089,CPE4,0.483637,0.954970,3.49581242e-04,0.018697,1.0289,2.89668274e+00,FAR_FIELD
1090,CPE4,0.447193,0.955907,3.29643488e-04,0.018156,1.0373,3.71003795e+00,FAR_FIELD
1091,CPE4,0.413213,0.938620,3.09482217e-04,0.017592,1.1118,3.95391130e+00,FAR_FIELD
1092,CPE4,0.362905,0.945954,3.41296196e-04,0.018474,1.1742,4.64829636e+00,FAR_FIELD
1093,CPE4,0.327772,0.950041,3.59907746e-04,0.018971,1.1339,4.71369410e+00,FAR_FIELD
1094,CPE4,0.273623,0.951991,3.53813171e-04,0.018810,1.0954,4.22918034e+00,FAR_FIELD
1095,CPE4,0.200540,0.953109,3.49782407e-04,0.018702,1.0164,3.50930738e+00,FAR_FIELD
1096,CPE4,0.144566,0.953359,3.43419611e-04,0.018532,1.0175,2.84246492e+00,FAR_FIELD
1097,CPE4,0.946563,0.010508,4.49622050e-04,0.021204,1.0398,3.85582089e+00,FAR_FIELD
1098,CPE4,0.755080,0.010011,4.27151565e-04,0.020668,1.1048,6.55047226e+00,FAR_FIELD
1099,CPE4,0.670285,0.009615,4.07953281e-04,0.020198,1.1127,4.70131397e+00,FAR_FIELD
1100,CPE4,0.585498,0.008841,3.72739509e-04,0.019306,1.2066,2.14101577e+00,FAR_FIELD
1101,CPE4,0.473107,0.031640,3.63275409e-04,0.019060,1.5166,3.67494106e+00,FAR_FIELD
1102,CPE4,0.433271,0.029339,4.00269870e-04,0.020007,1.0907,3.97435546e+00,FAR_FIELD
1103,CPE4,0.391177,0.029310,4.23586695e-04,0.020581,1.1132,5.04471779e+00,FAR_FIELD
1104,CPE4,0.348706,0.028420,3.98079166e-04,0.019952,1.1159,5.34690046e+00,FAR_FIELD
1105,CPE4,0.306909,0.028368,3.95714771e-04,0.019893,1.1085,5.11444092e+00,FAR_FIELD
1106,CPE4,0.265202,0.028766,4.03671758e-04,0.020092,1.0911,4.72148895e+00,FAR_FIELD
1107,CPE4,0.223620,0.029216,4.09720931e-04,0.020242,1.0546,4.17604446e+00,FAR_FIELD
1108,CPE4,0.182294,0.029431,4.14654380e-04,0.020363,1.0322,3.67105651e+00,FAR_FIELD
1109,CPE4,0.141451,0.028853,3.89022753e-04,0.019724,1.1213,3.19137740e+00,FAR_FIELD
1110,CPE4,0.099126,0.034126,5.29911602e-04,0.023020,1.2844,2.89200425e+00,FAR_FIELD
1111,CPE4,0.053615,0.033576,4.86036093e-04,0.022046,1.0619,6.65019608e+00,FAR_FIELD
1112,CPE4,0.990201,0.989877,3.96341085e-04,0.019908,1.1097,2.59557867e+00,FAR_FIELD
1113,CPE4,0.989985,0.949812,3.97503376e-04,0.019937,1.0898,3.09115505e+00,FAR_FIELD
1114,CPE4,0.972075,0.871988,3.38345766e-04,0.018394,1.0814,1.09634709e+00,FAR_FIELD
1115,CPE4,0.987775,0.832510,5.07622957e-04,0.022530,1.3826,2.73527193e+00,FAR_FIELD
1116,CPE4,0.987976,0.811981,4.94152308e-04,0.022230,1.3826,7.25515461e+00,FAR_FIELD
1117,CPE4,0.991494,0.753602,3.27497721e-04,0.018097,1.1467,7.28642368e+00,FAR_FIELD
1118,CPE4,0.991392,0.734326,3.31938267e-04,0.018219,1.1467,6.72056675e+00,FAR_FIELD
1119,CPE4,0.990530,0.676100,3.67879868e-04,0.019180,1.0447,6.77259541e+00,FAR_FIELD
1120,CPE4,0.990362,0.656643,3.75509262e-04,0.019378,1.0243,6.91939116e+00,FAR_FIELD
1121,CPE4,0.990088,0.578061,3.89039516e-04,0.019724,1.0227,8.49960899e+00,LIGAMENT
1122,CPE4,0.990580,0.441295,3.66806984e-04,0.019152,1.0486,8.14033222e+00,LIGAMENT
1123,CPE4,0.970485,0.403047,3.88085842e-04,0.019700,1.0342,7.55241680e+00,LIGAMENT
1124,CPE4,0.969859,0.363612,4.04432416e-04,0.020111,1.0569,5.74631071e+00,FAR_FIELD
1125,CPE4,0.971041,0.323698,3.77669930e-04,0.019434,1.0401,4.93204594e+00,FAR_FIELD
1126,CPE4,0.970525,0.284638,3.87266278e-04,0.019679,1.0275,4.89658785e+00,FAR_FIELD
1127,CPE4,0.970243,0.245446,3.92422080e-04,0.019810,1.0532,3.23576641e+00,FAR_FIELD
1128,CPE4,0.990197,0.206234,3.81916761e-04,0.019543,1.0246,5.58589983e+00,FAR_FIELD
1129,CPE4,0.970753,0.207085,3.63506377e-04,0.019066,1.0555,3.80767155e+00,FAR_FIELD
1130,CPE4,0.960518,0.153814,2.81341374e-04,0.016773,1.5739,8.37733173e+00,FAR_FIELD
1131,CPE4,0.972419,0.107403,3.28142196e-04,0.018115,1.0901,2.83189154e+00,FAR_FIELD
1132,CPE4,0.969574,0.070008,3.99110839e-04,0.019978,1.0891,2.99643207e+00,FAR_FIELD
1133,CPE4,0.989319,0.029721,4.21845354e-04,0.020539,1.0954,2.93969584e+00,FAR_FIELD
1134,CPE4,0.009341,0.990425,3.57739627e-04,0.018914,1.0397,1.51503038e+00,FAR_FIELD
1135,CPE4,0.085610,0.970463,3.84777784e-04,0.019616,1.0383,2.40141320e+00,FAR_FIELD
1136,CPE4,0.124480,0.971659,3.56566161e-04,0.018883,1.0231,2.73808408e+00,FAR_FIELD
1137,CPE4,0.162193,0.971998,3.50944698e-04,0.018734,1.0034,3.05233121e+00,FAR_FIELD
1138,CPE4,0.199644,0.971919,3.52002680e-04,0.018762,1.0114,3.47581720e+00,FAR_FIELD
1139,CPE4,0.236816,0.971723,3.51838768e-04,0.018757,1.0406,3.86501002e+00,FAR_FIELD
1140,CPE4,0.292112,0.971164,3.58864665e-04,0.018944,1.0702,4.43610430e+00,FAR_FIELD
1141,CPE4,0.329003,0.970036,3.70591879e-04,0.019251,1.1108,4.77124834e+00,FAR_FIELD
1142,CPE4,0.366201,0.966439,4.13089991e-04,0.020325,1.3009,5.75422859e+00,FAR_FIELD
1143,CPE4,0.429476,0.956307,3.16917896e-04,0.017802,1.0545,3.93770599e+00,FAR_FIELD
1144,CPE4,0.464235,0.973738,3.31178308e-04,0.018198,1.0389,3.35988045e+00,FAR_FIELD
1145,CPE4,0.500382,0.991315,3.24308872e-04,0.018009,1.0896,2.18864274e+00,FAR_FIELD
1146,CPE4,0.519439,0.973993,3.17528844e-04,0.017819,1.0821,1.70020425e+00,FAR_FIELD
1147,CPE4,0.594401,0.989403,4.02569771e-04,0.020064,1.1637,1.68605196e+00,FAR_FIELD
1148,CPE4,0.632428,0.989994,3.80426645e-04,0.019505,1.0992,3.24004102e+00,FAR_FIELD
1149,CPE4,0.670059,0.990853,3.42518091e-04,0.018507,1.0387,4.23500156e+00,FAR_FIELD
1150,CPE4,0.670624,0.972591,3.32176685e-04,0.018226,1.0397,4.08570290e+00,FAR_FIELD
1151,CPE4,0.726238,0.990605,3.53068113e-04,0.018790,1.0222,5.43975830e+00,FAR_FIELD
1152,CPE4,0.763879,0.990290,3.65614891e-04,0.019121,1.0389,5.96390438e+00,FAR_FIELD
1153,CPE4,0.801478,0.990429,3.59624624e-04,0.018964,1.0349,6.20778465e+00,FAR_FIELD
1154,CPE4,0.839075,0.991082,3.33905220e-04,0.018273,1.0786,6.20852375e+00,FAR_FIELD
1155,CPE4,0.876507,0.991736,3.08007002e-04,0.017550,1.1490,5.99840164e+00,FAR_FIELD
1156,CPE4,0.874883,0.975108,3.02433968e-04,0.017391,1.1143,5.72206163e+00,FAR_FIELD
1157,CPE4,0.932579,0.990977,3.42786312e-04,0.018514,1.1060,2.96781898e+00,FAR_FIELD
1158,CPE4,0.970708,0.989496,4.07040119e-04,0.020175,1.1277,3.24195504e+00,FAR_FIELD
1159,CPE4,0.010429,0.529176,4.04251739e-04,0.020106,1.0989,2.24874163e+00,CRACK_WAKE
1160,CPE4,0.033355,0.587713,4.11170535e-04,0.020277,1.1916,1.66030419e+00,CRACK_WAKE
1161,CPE4,0.041258,0.624182,2.95697711e-04,0.017196,1.7845,1.34846413e+00,FAR_FIELD
1162,CPE4,0.026387,0.669566,3.13524622e-04,0.017707,1.0681,7.47746944e-01,FAR_FIELD
1163,CPE4,0.026284,0.705931,3.28213908e-04,0.018117,1.0381,1.01537883e+00,FAR_FIELD
1164,CPE4,0.026656,0.742996,3.36302444e-04,0.018339,1.0383,1.40161419e+00,FAR_FIELD
1165,CPE4,0.027233,0.780063,3.42930667e-04,0.018518,1.0287,1.51947677e+00,FAR_FIELD
1166,CPE4,0.029183,0.834161,3.33800912e-04,0.018270,1.1635,1.33007395e+00,FAR_FIELD
1167,CPE4,0.042981,0.868117,3.60279344e-04,0.018981,1.4404,5.53302908e+00,FAR_FIELD
1168,CPE4,0.026245,0.916827,3.09508294e-04,0.017593,1.0861,1.64436626e+00,FAR_FIELD
1169,CPE4,0.026838,0.952865,3.32868658e-04,0.018245,1.0462,1.47696805e+00,FAR_FIELD
1170,CPE4,0.431181,0.490767,3.67797911e-04,0.019178,1.0870,1.00208305e+02,CRACK_TIP
1171,CPE4,0.467945,0.510823,4.25480306e-04,0.020627,1.1965,7.56796265e+02,CRACK_TIP
1172,CPE4,0.386056,0.527208,3.51302326e-04,0.018743,1.0738,5.63988571e+01,CRACK_WAKE
1173,CPE4,0.316736,0.468786,4.13812697e-04,0.020342,1.1100,2.42979488e+01,CRACK_WAKE
1174,CPE4,0.308290,0.529609,3.86901200e-04,0.019670,1.0326,1.17289696e+01,CRACK_WAKE
1175,CPE4,0.231282,0.467732,4.28643078e-04,0.020704,1.0408,3.96044660e+00,CRACK_WAKE
1176,CPE4,0.250998,0.488556,4.69245017e-04,0.021662,1.1822,3.32836390e+00,CRACK_WAKE
1177,CPE4,0.209654,0.510275,4.06928360e-04,0.020172,1.0666,1.58766186e+00,CRACK_WAKE
1178,CPE4,0.169961,0.509699,3.86044383e-04,0.019648,1.0671,1.03919625e+00,CRACK_WAKE
1179,CPE4,0.090134,0.469702,4.07200307e-04,0.020179,1.0195,1.66586483e+00,CRACK_WAKE
1180,CPE4,0.130275,0.509075,3.60667706e-04,0.018991,1.1019,1.87468266e+00,CRACK_WAKE
1181,CPE4,0.090555,0.509510,3.78090888e-04,0.019445,1.0678,2.48108935e+00,CRACK_WAKE
1182,CPE4,0.029917,0.489747,4.09684144e-04,0.020241,1.0321,2.26999331e+00,CRACK_WAKE
1183,CPE4,0.051824,0.529808,4.08477150e-04,0.020211,1.0506,2.14856863e+00,CRACK_WAKE
1184,CPE4,0.010665,0.010534,4.49372790e-04,0.021198,1.0267,1.76167846e+00,FAR_FIELD
1185,CPE4,0.010074,0.073238,4.21087316e-04,0.020520,1.0551,1.47067022e+00,FAR_FIELD
1186,CPE4,0.009888,0.115015,4.11578570e-04,0.020287,1.0598,1.39108932e+00,FAR_FIELD
1187,CPE4,0.010280,0.156606,4.26938408e-04,0.020662,1.0200,1.48601282e+00,FAR_FIELD
1188,CPE4,0.010333,0.198183,4.30243672e-04,0.020742,1.0123,1.67094040e+00,FAR_FIELD
1189,CPE4,0.009892,0.281416,4.10289969e-04,0.020256,1.0560,1.42817640e+00,FAR_FIELD
1190,CPE4,0.009990,0.323012,4.15700022e-04,0.020389,1.0514,9.76781249e-01,FAR_FIELD
1191,CPE4,0.010375,0.364752,4.32005618e-04,0.020785,1.0169,1.02978265e+00,FAR_FIELD
1192,CPE4,0.010250,0.406494,4.28143423e-04,0.020692,1.0302,2.06546569e+00,CRACK_WAKE
1193,CPE4,0.029879,0.448686,4.10591252e-04,0.020263,1.0385,1.98528469e+00,CRACK_WAKE
1194,CPE4,0.593911,0.967387,4.66495752e-04,0.021599,1.3264,2.05595255e+00,FAR_FIELD
1195,CPE4,0.575423,0.990223,3.70770693e-04,0.019255,1.0941,1.37405634e+00,FAR_FIELD
1196,CPE4,0.519042,0.991393,3.21090221e-04,0.017919,1.1022,1.73977387e+00,FAR_FIELD
1197,CPE4,0.652400,0.971912,3.38077545e-04,0.018387,1.0535,3.55062366e+00,FAR_FIELD
1198,CPE4,0.744384,0.971098,3.67343426e-04,0.019166,1.0477,5.77616262e+00,FAR_FIELD
1199,CPE4,0.707478,0.990788,3.45170498e-04,0.018579,1.0330,5.06424475e+00,FAR_FIELD
1200,CPE4,0.762172,0.950406,3.94582748e-04,0.019864,1.1125,5.90837288e+00,FAR_FIELD
1201,CPE4,0.800779,0.970995,3.69697809e-04,0.019228,1.0704,6.20706892e+00,FAR_FIELD
1202,CPE4,0.856634,0.974222,3.17543745e-04,0.017820,1.0920,6.00941706e+00,FAR_FIELD
1203,CPE4,0.948097,0.969708,4.23461199e-04,0.020578,1.2798,4.60481644e+00,FAR_FIELD
1204,CPE4,0.913811,0.991634,3.13580036e-04,0.017708,1.1421,1.45942974e+01,FAR_FIELD
1205,CPE4,0.482748,0.973503,3.37019563e-04,0.018358,1.0298,2.87600899e+00,FAR_FIELD
1206,CPE4,0.501221,0.973512,3.35723162e-04,0.018323,1.0171,2.37180901e+00,FAR_FIELD
1207,CPE4,0.445853,0.973969,3.24115157e-04,0.018003,1.0442,3.73703909e+00,FAR_FIELD
1208,CPE4,0.387905,0.989290,4.26545739e-04,0.020653,1.2932,4.77771807e+00,FAR_FIELD
1209,CPE4,0.348789,0.989498,3.98963690e-04,0.019974,1.1473,5.07105446e+00,FAR_FIELD
1210,CPE4,0.382513,0.960674,2.80529261e-04,0.016749,1.6045,4.30564308e+00,FAR_FIELD
1211,CPE4,0.311106,0.990301,3.63811851e-04,0.019074,1.0505,4.58969021e+00,FAR_FIELD
1212,CPE4,0.255274,0.971585,3.53261828e-04,0.018795,1.0532,4.04897261e+00,FAR_FIELD
1213,CPE4,0.273689,0.971422,3.55258584e-04,0.018848,1.0612,4.25202990e+00,FAR_FIELD
1214,CPE4,0.217425,0.990644,3.51347029e-04,0.018744,1.0097,3.72756958e+00,FAR_FIELD
1215,CPE4,0.179823,0.990675,3.51250172e-04,0.018742,1.0100,3.33882332e+00,FAR_FIELD
1216,CPE4,0.219050,0.952902,3.48657370e-04,0.018672,1.0396,3.67019391e+00,FAR_FIELD
1217,CPE4,0.142145,0.990626,3.53999436e-04,0.018815,1.0096,2.96068358e+00,FAR_FIELD
1218,CPE4,0.104203,0.990296,3.70472670e-04,0.019248,1.0414,2.61369514e+00,FAR_FIELD
1219,CPE4,0.046519,0.971161,3.63551080e-04,0.019067,1.0276,7.37752151e+00,FAR_FIELD
1220,CPE4,0.065964,0.970567,3.82574275e-04,0.019560,1.0565,2.32835913e+00,FAR_FIELD
1221,CPE4,0.085131,0.990129,3.76436859e-04,0.019402,1.0518,2.35690093e+00,FAR_FIELD
1222,CPE4,0.292363,0.990447,3.58000398e-04,0.018921,1.0335,4.42632580e+00,FAR_FIELD
1223,CPE4,0.393036,0.971392,2.70187855e-04,0.016437,1.6106,6.83483839e+00,FAR_FIELD
1224,CPE4,0.574398,0.970857,3.66002321e-04,0.019131,1.1165,2.07490516e+00,FAR_FIELD
1225,CPE4,0.633845,0.970260,3.71992588e-04,0.019287,1.0847,3.22519445e+00,FAR_FIELD
1226,CPE4,0.688841,0.972611,3.34441662e-04,0.018288,1.0330,4.50407648e+00,FAR_FIELD
1227,CPE4,0.763215,0.970633,3.74704599e-04,0.019357,1.0710,6.01943684e+00,FAR_FIELD
1228,CPE4,0.838231,0.973099,3.33875418e-04,0.018272,1.0508,6.15864229e+00,FAR_FIELD
1229,CPE4,0.892951,0.975509,2.93493271e-04,0.017132,1.1212,5.55169821e+00,FAR_FIELD
1230,CPE4,0.009122,0.971315,3.47845256e-04,0.018651,1.0684,1.49222553e+00,FAR_FIELD
1231,CPE4,0.008872,0.952299,3.36272642e-04,0.018338,1.0973,1.45370686e+00,FAR_FIELD
1232,CPE4,0.008803,0.914498,3.33257951e-04,0.018255,1.1064,1.41330922e+00,FAR_FIELD
1233,CPE4,0.032141,0.881946,3.74692492e-04,0.019357,1.5016,4.31615019e+00,FAR_FIELD
1234,CPE4,0.011486,0.876051,4.64599580e-04,0.021555,1.3398,1.91260946e+00,FAR_FIELD
1235,CPE4,0.009090,0.798220,3.43871303e-04,0.018544,1.0650,1.59298337e+00,FAR_FIELD
1236,CPE4,0.027673,0.798425,3.46537214e-04,0.018616,1.0726,1.42535138e+00,FAR_FIELD
1237,CPE4,0.008970,0.779276,3.40254977e-04,0.018446,1.0762,1.56579471e+00,FAR_FIELD
1238,CPE4,0.008802,0.741268,3.34558077e-04,0.018291,1.0891,1.55097950e+00,FAR_FIELD
1239,CPE4,0.026440,0.724419,3.32379248e-04,0.018231,1.0423,1.23582351e+00,FAR_FIELD
1240,CPE4,0.008684,0.703269,3.29398084e-04,0.018149,1.0946,1.48163402e+00,FAR_FIELD
1241,CPE4,0.008826,0.665464,3.33532691e-04,0.018263,1.0831,1.57525599e+00,FAR_FIELD
1242,CPE4,0.030796,0.635346,3.22173815e-04,0.017949,1.6619,1.73827910e+00,FAR_FIELD
1243,CPE4,0.011319,0.627352,4.57440969e-04,0.021388,1.3486,1.50334942e+00,FAR_FIELD
1244,CPE4,0.010662,0.548529,4.11752146e-04,0.020292,1.1209,2.50717425e+00,CRACK_WAKE
1245,CPE4,0.031970,0.549281,4.15352173e-04,0.020380,1.1148,2.12361455e+00,CRACK_WAKE
1246,CPE4,0.031205,0.529672,4.07116953e-04,0.020177,1.0719,2.01622224e+00,CRACK_WAKE
1247,CPE4,0.011255,0.587152,4.36561648e-04,0.020894,1.1969,2.73706079e+00,CRACK_WAKE
1248,CPE4,0.009932,0.836054,3.80465761e-04,0.019506,1.0952,1.88593900e+00,FAR_FIELD
1249,CPE4,0.990780,0.930146,3.62932682e-04,0.019051,1.0959,3.16501951e+00,FAR_FIELD
1250,CPE4,0.970030,0.577111,4.03493643e-04,0.020087,1.0598,8.15970516e+00,LIGAMENT
1251,CPE4,0.973944,0.732612,3.26991081e-04,0.018083,1.0934,3.39483190e+00,FAR_FIELD
1252,CPE4,0.971217,0.787153,3.41683626e-04,0.018485,1.2304,7.52468729e+00,FAR_FIELD
1253,CPE4,0.973472,0.890163,3.21775675e-04,0.017938,1.0775,1.65725374e+00,FAR_FIELD
1254,CPE4,0.990676,0.872170,3.58790159e-04,0.018942,1.0918,3.27762103e+00,FAR_FIELD
1255,CPE4,0.969548,0.853666,3.68088484e-04,0.019186,1.1478,1.59038544e+00,FAR_FIELD
1256,CPE4,0.990142,0.792233,3.87251377e-04,0.019679,1.1563,8.23408794e+00,FAR_FIELD
1257,CPE4,0.973734,0.769214,3.20315361e-04,0.017897,1.1073,6.37950516e+00,FAR_FIELD
1258,CPE4,0.991088,0.714970,3.45349312e-04,0.018584,1.1168,6.48886776e+00,FAR_FIELD
1259,CPE4,0.952170,0.694436,3.92019749e-04,0.019799,1.0825,4.19815254e+00,FAR_FIELD
1260,CPE4,0.990226,0.637087,3.83585691e-04,0.019585,1.0136,7.10568380e+00,FAR_FIELD
1261,CPE4,0.970256,0.617080,3.96370888e-04,0.019909,1.0287,5.72682714e+00,FAR_FIELD
1262,CPE4,0.990354,0.558419,3.79681587e-04,0.019485,1.0389,8.80152607e+00,LIGAMENT
1263,CPE4,0.971165,0.422449,3.72022390e-04,0.019288,1.0217,7.63277817e+00,LIGAMENT
1264,CPE4,0.990704,0.460758,3.61770391e-04,0.019020,1.0606,8.10674953e+00,LIGAMENT
1265,CPE4,0.972290,0.479893,3.55288386e-04,0.018849,1.0460,7.57791138e+00,LIGAMENT
1266,CPE4,0.971048,0.557319,3.83198261e-04,0.019575,1.0508,8.60023880e+00,LIGAMENT
1267,CPE4,0.967912,0.030477,4.32613306e-04,0.020799,1.0807,3.06449533e+00,FAR_FIELD
1268,CPE4,0.989533,0.049396,4.10685316e-04,0.020265,1.0845,2.93736863e+00,FAR_FIELD
1269,CPE4,0.990419,0.088340,3.70774418e-04,0.019256,1.0559,3.31163955e+00,FAR_FIELD
1270,CPE4,0.990679,0.126777,3.58592719e-04,0.018937,1.0748,3.73033404e+00,FAR_FIELD
1271,CPE4,0.970849,0.142459,2.78525054e-04,0.016689,1.6229,4.11675453e+00,FAR_FIELD
1272,CPE4,0.988663,0.166775,4.60170209e-04,0.021452,1.2347,5.13300467e+00,FAR_FIELD
1273,CPE4,0.990162,0.245251,3.84218991e-04,0.019602,1.0170,5.63079262e+00,FAR_FIELD
1274,CPE4,0.990217,0.284383,3.83079052e-04,0.019572,1.0134,6.47100973e+00,FAR_FIELD
1275,CPE4,0.990306,0.303965,3.79785895e-04,0.019488,1.0139,6.57391167e+00,FAR_FIELD
1276,CPE4,0.990164,0.343350,3.88756394e-04,0.019717,1.0231,7.23215055e+00,FAR_FIELD
1277,CPE4,0.949065,0.363693,4.46841121e-04,0.021139,1.2369,8.68493080e+00,FAR_FIELD
1278,CPE4,0.990016,0.382672,3.90917063e-04,0.019772,1.0289,7.96172476e+00,FAR_FIELD
1279,CPE4,0.971932,0.694693,3.69042158e-04,0.019210,1.0411,3.63659334e+00,FAR_FIELD
1280,CPE4,0.969710,0.946892,4.34517860e-04,0.020845,1.2507,4.73723793e+00,FAR_FIELD
1281,CPE4,0.955368,0.817592,3.69817019e-04,0.019231,1.7848,1.14339209e+01,FAR_FIELD
1282,CPE4,0.970817,0.656315,3.81112099e-04,0.019522,1.0409,5.12673616e+00,FAR_FIELD
1283,CPE4,0.972002,0.460770,3.59624624e-04,0.018964,1.0330,7.58770180e+00,LIGAMENT
1284,CPE4,0.969744,0.188313,3.70025635e-04,0.019236,1.1193,4.42742252e+00,FAR_FIELD
1285,CPE4,0.946370,0.031459,4.51890752e-04,0.021258,1.0664,3.09860063e+00,FAR_FIELD
1286,CPE4,0.493750,0.473606,3.85962427e-04,0.019646,1.1971,3.94866241e+02,CRACK_TIP
1287,CPE4,0.491519,0.491372,3.59520316e-04,0.018961,1.2478,1.16996826e+03,CRACK_TIP
1288,CPE4,0.482132,0.534468,4.18797135e-04,0.020465,1.2754,1.14910736e+02,CRACK_TIP
1289,CPE4,0.288501,0.530754,4.06943262e-04,0.020173,1.0462,6.43511486e+00,CRACK_WAKE
1290,CPE4,0.247194,0.533881,5.12499362e-04,0.022638,1.2954,5.09557819e+00,CRACK_WAKE
1291,CPE4,0.336284,0.471027,3.72335315e-04,0.019296,1.0548,3.24945564e+01,CRACK_WAKE
1292,CPE4,0.374973,0.471718,3.70346010e-04,0.019244,1.0383,5.53074150e+01,CRACK_WAKE
1293,CPE4,0.366703,0.527408,3.53977084e-04,0.018814,1.0679,4.88363609e+01,CRACK_WAKE
1294,CPE4,0.327861,0.528687,3.73385847e-04,0.019323,1.0360,2.14631252e+01,CRACK_WAKE
1295,CPE4,0.414246,0.471373,3.84412706e-04,0.019606,1.0463,5.80841980e+01,CRACK_TIP
1296,CPE4,0.405444,0.527521,3.56450677e-04,0.018880,1.0771,6.36481400e+01,CRACK_TIP
1297,CPE4,0.252183,0.466084,4.69569117e-04,0.021670,1.0779,4.90370941e+00,CRACK_WAKE
1298,CPE4,0.296405,0.464876,5.25586307e-04,0.022926,1.3290,2.07447758e+01,CRACK_WAKE
1299,CPE4,0.110129,0.489858,4.07297164e-04,0.020182,1.0146,2.24377060e+00,CRACK_WAKE
1300,CPE4,0.130645,0.469755,4.03165817e-04,0.020079,1.0183,1.15399945e+00,CRACK_WAKE
1301,CPE4,0.150268,0.489887,4.06045467e-04,0.020151,1.0118,1.51346469e+00,CRACK_WAKE
1302,CPE4,0.170949,0.469826,3.96758318e-04,0.019919,1.0171,1.41204119e+00,CRACK_WAKE
1303,CPE4,0.190374,0.489736,4.11227345e-04,0.020279,1.0365,1.49100924e+00,CRACK_WAKE
1304,CPE4,0.230604,0.489102,4.40429896e-04,0.020986,1.1159,2.49625754e+00,CRACK_WAKE
1305,CPE4,0.249194,0.510979,4.38492745e-04,0.020940,1.1055,4.00491190e+00,CRACK_WAKE
1306,CPE4,0.216759,0.548211,4.32614237e-04,0.020799,1.2923,6.74744081e+00,CRACK_WAKE
1307,CPE4,0.169270,0.528967,3.74626368e-04,0.019355,1.0806,2.01071095e+00,CRACK_WAKE
1308,CPE4,0.049800,0.469500,4.06336039e-04,0.020158,1.0179,2.05285811e+00,CRACK_WAKE
1309,CPE4,0.069961,0.489857,4.07096930e-04,0.020177,1.0153,2.63623595e+00,CRACK_WAKE
1310,CPE4,0.371697,0.490622,3.71962786e-04,0.019286,1.0517,1.52618160e+01,CRACK_WAKE
1311,CPE4,0.433795,0.472136,3.71083617e-04,0.019264,1.0631,1.25725906e+02,CRACK_TIP
1312,CPE4,0.451093,0.490951,3.61114740e-04,0.019003,1.1074,2.98472290e+02,CRACK_TIP
1313,CPE4,0.448282,0.510124,4.03396785e-04,0.020085,1.0797,2.09769531e+02,CRACK_TIP
1314,CPE4,0.388696,0.509068,3.59870493e-04,0.018970,1.0950,2.12112999e+01,CRACK_WAKE
1315,CPE4,0.268280,0.532203,4.40105796e-04,0.020979,1.0899,4.85361528e+00,CRACK_WAKE
1316,CPE4,0.050573,0.509934,3.99718992e-04,0.019993,1.0189,2.53301883e+00,CRACK_WAKE
1317,CPE4,0.463509,0.532560,4.22172248e-04,0.020547,1.2234,2.83275543e+02,CRACK_TIP
1318,CPE4,0.355589,0.471868,3.59989703e-04,0.018973,1.0420,4.46116295e+01,CRACK_WAKE
1319,CPE4,0.347320,0.527941,3.62627208e-04,0.019043,1.0599,3.60325928e+01,CRACK_WAKE
1320,CPE4,0.274391,0.463791,5.64675778e-04,0.023763,1.2775,1.13609390e+01,CRACK_WAKE
1321,CPE4,0.130823,0.527026,3.43166292e-04,0.018525,1.1221,1.08969200e+00,CRACK_WAKE
1322,CPE4,0.091977,0.528611,3.76934186e-04,0.019415,1.0522,1.77901661e+00,CRACK_WAKE
1323,CPE4,0.029816,0.469236,4.09045722e-04,0.020225,1.0368,1.94085836e+00,CRACK_WAKE
1324,CPE4,0.009953,0.448162,4.13239934e-04,0.020328,1.0497,2.47679520e+00,CRACK_WAKE
1325,CPE4,0.029627,0.281691,4.05447790e-04,0.020136,1.0508,1.38082564e+00,FAR_FIELD
1326,CPE4,0.029889,0.322954,4.11527697e-04,0.020286,1.0560,1.03347754e+00,FAR_FIELD
1327,CPE4,0.031343,0.364876,4.46497696e-04,0.021130,1.0384,9.66238737e-01,FAR_FIELD
1328,CPE4,0.030780,0.407112,4.33644745e-04,0.020824,1.0504,1.31840968e+00,CRACK_WAKE
1329,CPE4,0.030026,0.074145,4.12818627e-04,0.020318,1.0869,2.48989129e+00,FAR_FIELD
1330,CPE4,0.031914,0.032272,4.53627203e-04,0.021299,1.0261,4.34704304e+00,FAR_FIELD
1331,CPE4,0.010221,0.219015,4.26223967e-04,0.020645,1.0269,1.70139396e+00,FAR_FIELD
1332,CPE4,0.030225,0.240408,4.17610630e-04,0.020436,1.0400,1.54730499e+00,FAR_FIELD
1333,CPE4,0.029423,0.115738,3.96429677e-04,0.019911,1.1012,1.91523135e+00,FAR_FIELD
1334,CPE4,0.031003,0.157160,4.33946727e-04,0.020831,1.0265,1.90759420e+00,FAR_FIELD
1335,CPE4,0.031070,0.198756,4.35172929e-04,0.020861,1.0183,1.57124114e+00,FAR_FIELD
1336,CPE4,0.564436,0.008904,3.74945812e-04,0.019364,1.2066,1.71491587e+00,FAR_FIELD
1337,CPE4,0.529579,0.048390,3.49565409e-04,0.018697,1.1030,1.96914637e+00,FAR_FIELD
1338,CPE4,0.649053,0.009569,4.06641513e-04,0.020165,1.1233,4.03398752e+00,FAR_FIELD
1339,CPE4,0.606801,0.027007,3.72727867e-04,0.019306,1.1845,2.72779489e+00,FAR_FIELD
1340,CPE4,0.733843,0.009533,4.03485727e-04,0.020087,1.1335,6.44107962e+00,FAR_FIELD
1341,CPE4,0.712543,0.028081,3.84900253e-04,0.019619,1.1364,5.79175806e+00,FAR_FIELD
1342,CPE4,0.903923,0.010800,4.57759015e-04,0.021395,1.0298,1.06858130e+01,FAR_FIELD
1343,CPE4,0.775642,0.032552,5.06152399e-04,0.022498,1.2313,6.51257467e+00,FAR_FIELD
1344,CPE4,0.691671,0.028481,4.01430298e-04,0.020036,1.1308,5.16708994e+00,FAR_FIELD
1345,CPE4,0.500369,0.011682,5.25222626e-04,0.022918,1.1962,2.60243845e+00,FAR_FIELD
1346,CPE4,0.075125,0.011647,5.03179384e-04,0.022432,1.1095,2.58896613e+00,FAR_FIELD
1347,CPE4,0.118005,0.010283,4.41717100e-04,0.021017,1.0889,3.17258120e+00,FAR_FIELD
1348,CPE4,0.160361,0.009625,4.03340324e-04,0.020083,1.1043,3.44747496e+00,FAR_FIELD
1349,CPE4,0.202932,0.029336,4.14008391e-04,0.020347,1.0497,3.84518456e+00,FAR_FIELD
1350,CPE4,0.244359,0.029018,4.08810563e-04,0.020219,1.0766,4.46530771e+00,FAR_FIELD
1351,CPE4,0.286061,0.028534,3.99375567e-04,0.019984,1.1011,4.94891977e+00,FAR_FIELD
1352,CPE4,0.327764,0.028307,3.94590665e-04,0.019864,1.1113,5.27305889e+00,FAR_FIELD
1353,CPE4,0.369829,0.028765,4.07200772e-04,0.020179,1.1169,5.43517160e+00,FAR_FIELD
1354,CPE4,0.412472,0.029690,4.26567625e-04,0.020654,1.0549,5.03600454e+00,FAR_FIELD
1355,CPE4,0.441332,0.064899,4.33794223e-04,0.020828,1.2497,8.83330727e+00,FAR_FIELD
1356,CPE4,0.486661,0.042218,3.61276790e-04,0.019007,1.5118,3.23995757e+00,FAR_FIELD
1357,CPE4,0.525192,0.029766,4.00466379e-04,0.020012,1.1400,2.18075418e+00,FAR_FIELD
1358,CPE4,0.504564,0.033665,4.69666440e-04,0.021672,1.2436,3.73670578e+00,FAR_FIELD
1359,CPE4,0.586189,0.026506,3.61672137e-04,0.019018,1.1869,1.89254081e+00,FAR_FIELD
1360,CPE4,0.670494,0.029112,4.21158504e-04,0.020522,1.1061,4.82836723e+00,FAR_FIELD
1361,CPE4,0.753976,0.029737,4.11145389e-04,0.020277,1.1361,7.53496408e+00,FAR_FIELD
1362,CPE4,0.819064,0.010146,4.32770699e-04,0.020803,1.0857,7.00068951e+00,FAR_FIELD
1363,CPE4,0.797918,0.032714,5.04063442e-04,0.022451,1.2168,7.19595718e+00,FAR_FIELD
1364,CPE4,0.861621,0.010029,4.26394865e-04,0.020649,1.0842,6.59468269e+00,FAR_FIELD
1365,CPE4,0.840337,0.029021,3.88218090e-04,0.019703,1.1376,6.77084112e+00,FAR_FIELD
1366,CPE4,0.925190,0.010761,4.59275208e-04,0.021431,1.0214,1.22044601e+01,FAR_FIELD
1367,CPE4,0.882008,0.031789,4.53609042e-04,0.021298,1.1095,6.31848145e+00,FAR_FIELD
1368,CPE4,0.567176,0.044116,3.32970172e-04,0.018247,1.1485,1.48435712e+00,FAR_FIELD
1369,CPE4,0.520462,0.956144,3.11493874e-04,0.017649,1.2693,1.87417650e+00,FAR_FIELD
1370,CPE4,0.537257,0.957493,2.71499157e-04,0.016477,1.1494,1.58621454e+00,FAR_FIELD
1371,CPE4,0.890844,0.959276,2.74270773e-04,0.016561,1.0930,5.38114166e+00,FAR_FIELD
1372,CPE4,0.106559,0.952424,3.64728272e-04,0.019098,1.1066,2.71953297e+00,FAR_FIELD
1373,CPE4,0.125881,0.953244,3.42037529e-04,0.018494,1.0570,2.62407923e+00,FAR_FIELD
1374,CPE4,0.086159,0.950781,4.15727496e-04,0.020389,1.1880,2.41005325e+00,FAR_FIELD
1375,CPE4,0.671188,0.954401,3.14205885e-04,0.017726,1.0918,3.69015169e+00,FAR_FIELD
1376,CPE4,0.688614,0.954181,3.24994326e-04,0.018028,1.0905,4.43837547e+00,FAR_FIELD
1377,CPE4,0.873617,0.958377,2.89976597e-04,0.017029,1.0863,5.74744940e+00,FAR_FIELD
1378,CPE4,0.465271,0.955462,3.38301063e-04,0.018393,1.0391,3.31584787e+00,FAR_FIELD
1379,CPE4,0.045620,0.644037,1.61199830e-04,0.012696,1.6471,6.90356970e-01,FAR_FIELD
1380,CPE4,0.049429,0.846277,2.23914161e-04,0.014964,1.3221,3.16230845e+00,FAR_FIELD
1381,CPE4,0.048733,0.890471,2.24577263e-04,0.014986,1.4253,4.47418356e+00,FAR_FIELD
1382,CPE4,0.055365,0.605764,3.27881426e-04,0.018107,1.2749,1.12662017e+00,FAR_FIELD
1383,CPE4,0.954032,0.517140,3.44604254e-04,0.018564,1.0468,6.42006636e+00,LIGAMENT
1384,CPE4,0.956687,0.906138,2.79575586e-04,0.016721,1.1310,1.14626086e+00,FAR_FIELD
1385,CPE4,0.953275,0.872718,3.22669744e-04,0.017963,1.1877,2.43969464e+00,FAR_FIELD
1386,CPE4,0.949994,0.855992,3.34769487e-04,0.018297,1.2116,3.78238201e+00,FAR_FIELD
1387,CPE4,0.955422,0.139863,2.36697495e-04,0.015385,1.3396,3.70302033e+00,FAR_FIELD
1388,CPE4,0.951711,0.207847,3.31200659e-04,0.018199,1.1322,2.52040529e+00,FAR_FIELD
1389,CPE4,0.950856,0.190512,3.14012170e-04,0.017720,1.1339,3.57654929e+00,FAR_FIELD
1390,CPE4,0.972446,0.499052,3.53142619e-04,0.018792,1.0551,7.55745697e+00,LIGAMENT
1391,CPE4,0.948386,0.794282,2.64376402e-04,0.016260,1.3947,7.36356020e+00,FAR_FIELD
1392,CPE4,0.515345,0.557791,3.23638320e-04,0.017990,1.1254,8.12743988e+01,CRACK_TIP
1393,CPE4,0.420707,0.547018,3.48232687e-04,0.018661,1.0641,8.52084351e+01,CRACK_TIP
1394,CPE4,0.330810,0.431871,2.70359218e-04,0.016443,1.3876,1.15525932e+01,CRACK_WAKE
1395,CPE4,0.417669,0.451119,4.24988568e-04,0.020615,1.1874,7.52016296e+01,CRACK_TIP
1396,CPE4,0.049841,0.449218,4.05212864e-04,0.020130,1.0268,1.64559174e+00,CRACK_WAKE
1397,CPE4,0.129675,0.063730,1.98340975e-04,0.014083,1.3957,2.93430495e+00,FAR_FIELD
1398,CPE4,0.185153,0.551637,3.84990126e-04,0.019621,1.3442,5.87920952e+00,CRACK_WAKE
1399,CPE4,0.326966,0.547874,3.64311039e-04,0.019087,1.0325,2.22575989e+01,CRACK_WAKE
1400,CPE4,0.949099,0.575479,4.55439091e-04,0.021341,1.1986,9.28820515e+00,LIGAMENT
1401,CPE4,0.954201,0.108227,2.90434808e-04,0.017042,1.2617,2.63050747e+00,FAR_FIELD
1402,CPE4,0.949536,0.245127,4.23744321e-04,0.020585,1.1617,5.14327431e+00,FAR_FIELD
1403,CPE4,0.957174,0.765180,2.67773867e-04,0.016364,1.1545,4.57883644e+00,FAR_FIELD
1404,CPE4,0.952517,0.442166,3.59550118e-04,0.018962,1.0502,6.08497095e+00,LIGAMENT
1405,CPE4,0.948752,0.072214,4.21900302e-04,0.020540,1.1221,2.66341639e+00,FAR_FIELD
1406,CPE4,0.724521,0.952513,3.57091427e-04,0.018897,1.0673,5.53250742e+00,FAR_FIELD
1407,CPE4,0.255527,0.952310,3.50728631e-04,0.018728,1.0854,4.03322744e+00,FAR_FIELD
1408,CPE4,0.050275,0.241032,4.12395690e-04,0.020308,1.0452,1.46958840e+00,FAR_FIELD
1409,CPE4,0.047687,0.096083,3.57384444e-04,0.018905,1.1972,5.34248877e+00,FAR_FIELD
1410,CPE4,0.073719,0.058785,5.17416629e-04,0.022747,1.2636,5.86950207e+00,FAR_FIELD
1411,CPE4,0.051977,0.199497,4.44043195e-04,0.021072,1.0404,3.87512827e+00,FAR_FIELD
1412,CPE4,0.049280,0.281767,3.98667529e-04,0.019967,1.0509,1.27344477e+00,FAR_FIELD
1413,CPE4,0.059003,0.920977,2.00709328e-04,0.014167,1.3947,2.58504367e+00,FAR_FIELD
1414,CPE4,0.062607,0.676088,3.18273902e-04,0.017840,1.1413,1.48951077e+00,FAR_FIELD
1415,CPE4,0.924053,0.957178,2.67267227e-04,0.016348,1.2187,7.81213570e+00,FAR_FIELD
1416,CPE4,0.045407,0.952836,3.37222591e-04,0.018364,1.0921,7.12375069e+00,FAR_FIELD
1417,CPE4,0.902932,0.928257,2.13533640e-04,0.014613,1.1611,5.00393438e+00,FAR_FIELD
1418,CPE4,0.904724,0.943633,2.27242708e-04,0.015075,1.1180,5.31148529e+00,FAR_FIELD
1419,CPE4,0.932848,0.785832,2.21967697e-04,0.014899,1.3685,4.81314611e+00,FAR_FIELD
1420,CPE4,0.934020,0.461146,3.53693962e-04,0.018807,1.0739,5.21456957e+00,LIGAMENT
1421,CPE4,0.953669,0.479625,3.49432230e-04,0.018693,1.0233,6.37551165e+00,LIGAMENT
1422,CPE4,0.955001,0.124299,2.89771706e-04,0.017023,1.1052,1.34965372e+00,FAR_FIELD
1423,CPE4,0.942791,0.158424,3.02754343e-04,0.017400,1.1748,3.48296714e+00,FAR_FIELD
1424,CPE4,0.077008,0.590644,4.30051237e-04,0.020738,1.3644,1.30293405e+00,CRACK_WAKE
1425,CPE4,0.058035,0.859181,2.62994319e-04,0.016217,1.0895,3.37053490e+00,FAR_FIELD
1426,CPE4,0.056589,0.879514,2.16513872e-04,0.014714,1.3484,3.77756214e+00,FAR_FIELD
1427,CPE4,0.044758,0.903970,2.47444957e-04,0.015730,1.2674,4.18841648e+00,FAR_FIELD
1428,CPE4,0.072077,0.624087,2.39379704e-04,0.015472,1.2188,1.23182976e+00,FAR_FIELD
1429,CPE4,0.044427,0.657272,2.60577537e-04,0.016142,1.2507,5.55570900e-01,FAR_FIELD
1430,CPE4,0.687717,0.935526,3.17096710e-04,0.017807,1.1695,4.40577745e+00,FAR_FIELD
1431,CPE4,0.308952,0.931151,3.51607800e-04,0.018751,1.1300,4.62241459e+00,FAR_FIELD
1432,CPE4,0.326578,0.930109,3.49849463e-04,0.018704,1.1404,4.67360497e+00,FAR_FIELD
1433,CPE4,0.406937,0.071634,4.73145396e-04,0.021752,1.2592,6.70983315e+00,FAR_FIELD
1434,CPE4,0.385630,0.068182,4.04024497e-04,0.020100,1.1504,5.78544521e+00,FAR_FIELD
1435,CPE4,0.604918,0.062982,3.46027315e-04,0.018602,1.0932,2.97963405e+00,FAR_FIELD
1436,CPE4,0.586302,0.061526,3.21882777e-04,0.017941,1.1178,2.20266294e+00,FAR_FIELD
1437,CPE4,0.365120,0.066652,3.81378457e-04,0.019529,1.0949,5.39765787e+00,FAR_FIELD
1438,CPE4,0.345047,0.066211,3.78234312e-04,0.019448,1.0714,5.18444109e+00,FAR_FIELD
1439,CPE4,0.644134,0.068436,4.02364880e-04,0.020059,1.3596,7.41278934e+00,FAR_FIELD
1440,CPE4,0.624128,0.064929,3.65834683e-04,0.019127,1.1192,4.46918488e+00,FAR_FIELD
1441,CPE4,0.694593,0.066451,3.64089385e-04,0.019081,1.1428,4.96338272e+00,FAR_FIELD
1442,CPE4,0.675398,0.069621,4.10206616e-04,0.020254,1.4137,6.84391689e+00,FAR_FIELD
1443,CPE4,0.325151,0.066315,3.81389633e-04,0.019529,1.0528,5.05752993e+00,FAR_FIELD
1444,CPE4,0.191131,0.430895,3.56830657e-04,0.018890,1.0603,5.07481766e+00,CRACK_WAKE
1445,CPE4,0.191259,0.449873,3.78061086e-04,0.019444,1.0419,3.92848468e+00,CRACK_WAKE
1446,CPE4,0.323333,0.449444,3.61986458e-04,0.019026,1.2595,1.80581779e+01,CRACK_WAKE
1447,CPE4,0.307980,0.569079,3.70688736e-04,0.019253,1.0834,1.67005787e+01,CRACK_WAKE
1448,CPE4,0.285399,0.067097,3.87547538e-04,0.019686,1.0412,4.75075483e+00,FAR_FIELD
1449,CPE4,0.731048,0.065137,3.22418287e-04,0.017956,1.1068,4.95858574e+00,FAR_FIELD
1450,CPE4,0.713147,0.065137,3.40094790e-04,0.018442,1.1008,4.95635509e+00,FAR_FIELD
1451,CPE4,0.345579,0.948432,3.58104706e-04,0.018924,1.1502,4.72072458e+00,FAR_FIELD
1452,CPE4,0.554025,0.955831,2.91347504e-04,0.017069,1.1078,1.29388177e+00,FAR_FIELD
1453,CPE4,0.654104,0.953683,3.06099653e-04,0.017496,1.1387,3.48452663e+00,FAR_FIELD
1454,CPE4,0.856001,0.956788,3.11642885e-04,0.017653,1.0628,6.12262821e+00,FAR_FIELD
1455,CPE4,0.951868,0.555317,3.77506018e-04,0.019430,1.0610,8.61714935e+00,LIGAMENT
1456,CPE4,0.951701,0.091168,3.65708023e-04,0.019123,1.1215,3.48231626e+00,FAR_FIELD
1457,CPE4,0.951191,0.225925,3.62217426e-04,0.019032,1.0970,3.35412455e+00,FAR_FIELD
1458,CPE4,0.954021,0.780686,2.67803669e-04,0.016365,1.2975,6.93621874e+00,FAR_FIELD
1459,CPE4,0.951811,0.423471,3.63841653e-04,0.019075,1.0636,5.73730612e+00,LIGAMENT
1460,CPE4,0.955562,0.889470,3.01003456e-04,0.017349,1.1562,1.76129460e+00,FAR_FIELD
1461,CPE4,0.940769,0.918905,1.99466944e-04,0.014123,1.2369,3.11560869e+00,FAR_FIELD
1462,CPE4,0.741087,0.931557,3.80247831e-04,0.019500,1.0776,6.19252634e+00,FAR_FIELD
1463,CPE4,0.743163,0.951450,3.76194715e-04,0.019396,1.0697,6.02295017e+00,FAR_FIELD
1464,CPE4,0.291715,0.951585,3.56778502e-04,0.018889,1.1023,4.44599724e+00,FAR_FIELD
1465,CPE4,0.348765,0.416982,2.15671957e-04,0.014686,1.5023,2.46284122e+01,CRACK_WAKE
1466,CPE4,0.361751,0.434364,3.10584903e-04,0.017623,1.2637,3.02876453e+01,CRACK_WAKE
1467,CPE4,0.132332,0.430291,4.12141904e-04,0.020301,1.1849,2.32420969e+00,CRACK_WAKE
1468,CPE4,0.152595,0.431882,3.56476754e-04,0.018881,1.1217,2.97717476e+00,CRACK_WAKE
1469,CPE4,0.363197,0.563937,3.27251852e-04,0.018090,1.0416,3.22463150e+01,CRACK_WAKE
1470,CPE4,0.345001,0.565425,3.44537199e-04,0.018562,1.0577,2.60031433e+01,CRACK_WAKE
1471,CPE4,0.147215,0.561562,2.46305019e-04,0.015694,1.5330,2.63246584e+00,CRACK_WAKE
1472,CPE4,0.132657,0.559850,2.18439847e-04,0.014780,1.3285,1.05826187e+00,CRACK_WAKE
1473,CPE4,0.245190,0.068967,4.12704423e-04,0.020315,1.0457,4.53038740e+00,FAR_FIELD
1474,CPE4,0.763187,0.069389,2.26210803e-04,0.015040,1.4756,8.10219383e+00,FAR_FIELD
1475,CPE4,0.748017,0.066545,2.97656283e-04,0.017253,1.1969,5.81299973e+00,FAR_FIELD
1476,CPE4,0.065279,0.951213,4.03653830e-04,0.020091,1.2439,3.21491194e+00,FAR_FIELD
1477,CPE4,0.826323,0.065887,2.78640538e-04,0.016693,1.2080,9.04754066e+00,FAR_FIELD
1478,CPE4,0.786217,0.064490,3.95754352e-04,0.019894,1.3765,1.21706047e+01,FAR_FIELD
1479,CPE4,0.204565,0.069599,3.63761093e-04,0.019073,1.4516,3.58726382e+00,FAR_FIELD
1480,CPE4,0.186699,0.070327,3.61262821e-04,0.019007,1.5144,5.23825455e+00,FAR_FIELD
1481,CPE4,0.972365,0.518306,3.55795026e-04,0.018863,1.0604,7.70937920e+00,LIGAMENT
1482,CPE4,0.953407,0.536055,3.51056457e-04,0.018737,1.0592,7.00560284e+00,LIGAMENT
1483,CPE4,0.077174,0.570419,4.89622355e-04,0.022127,1.2458,1.45854199e+00,CRACK_WAKE
1484,CPE4,0.054607,0.569414,4.31300141e-04,0.020768,1.1834,1.53593707e+00,CRACK_WAKE
1485,CPE4,0.069271,0.814265,3.56117263e-04,0.018871,1.4446,5.38564396e+00,FAR_FIELD
1486,CPE4,0.062718,0.693181,3.24264169e-04,0.018007,1.0948,1.33937991e+00,FAR_FIELD
1487,CPE4,0.378525,0.433136,3.34620476e-04,0.018293,1.2235,3.86561508e+01,CRACK_WAKE
1488,CPE4,0.396487,0.430509,3.73318791e-04,0.019321,1.3672,4.68118858e+01,CRACK_WAKE
1489,CPE4,0.090289,0.430620,3.82101163e-04,0.019547,1.1190,9.33988214e-01,CRACK_WAKE
1490,CPE4,0.398671,0.562892,2.97300518e-04,0.017242,1.0837,5.11223717e+01,CRACK_WAKE
1491,CPE4,0.116664,0.563144,3.11851501e-04,0.017659,1.1398,1.31516445e+00,CRACK_WAKE
1492,CPE4,0.098359,0.568079,4.30034474e-04,0.020737,1.2560,1.37604213e+00,CRACK_WAKE
1493,CPE4,0.855463,0.064241,2.26592645e-04,0.015053,1.5304,6.36344051e+00,FAR_FIELD
1494,CPE4,0.521365,0.520700,3.22788954e-04,0.017966,1.3212,1.52593445e+02,CRACK_TIP
1495,CPE4,0.929547,0.267506,3.51324677e-04,0.018744,1.2999,5.34147120e+00,FAR_FIELD
1496,CPE4,0.928962,0.599837,3.76462936e-04,0.019403,1.4041,1.65543785e+01,LIGAMENT
1497,CPE4,0.931224,0.407071,3.44306231e-04,0.018555,1.2199,3.24244404e+00,LIGAMENT
1498,CPE4,0.928292,0.389108,3.85120511e-04,0.019624,1.4076,8.50623989e+00,FAR_FIELD
1499,CPE4,0.936906,0.732800,3.64154577e-04,0.019083,1.1493,6.93529940e+00,FAR_FIELD
1500,CPE4,0.934390,0.714386,3.78578901e-04,0.019457,1.0765,7.17763424e+00,FAR_FIELD
1501,CPE4,0.118091,0.069440,2.15109438e-04,0.014667,1.6863,5.36081648e+00,FAR_FIELD
1502,CPE4,0.870707,0.073502,4.37509269e-04,0.020917,1.4935,1.15050707e+01,FAR_FIELD
1503,CPE4,0.070136,0.429901,3.91292386e-04,0.019781,1.0547,9.47434485e-01,CRACK_WAKE
1504,CPE4,0.441359,0.435075,3.18907201e-04,0.017858,1.1703,8.74109650e+01,CRACK_TIP
1505,CPE4,0.458926,0.436133,3.31841409e-04,0.018217,1.0969,8.65993118e+01,CRACK_TIP
1506,CPE4,0.449236,0.575196,3.96527350e-04,0.019913,1.5979,4.10645828e+01,CRACK_TIP
1507,CPE4,0.432816,0.568305,3.24562192e-04,0.018016,1.2388,4.38282204e+01,CRACK_TIP
1508,CPE4,0.927506,0.075897,4.70507890e-04,0.021691,1.1246,7.16114569e+00,FAR_FIELD
1509,CPE4,0.064208,0.097614,2.63888389e-04,0.016245,1.4285,4.21391058e+00,FAR_FIELD
1510,CPE4,0.075312,0.179189,5.24466857e-04,0.022901,1.1878,6.47819471e+00,FAR_FIELD
1511,CPE4,0.074052,0.390393,4.16882336e-04,0.020418,1.3856,1.72344303e+00,FAR_FIELD
1512,CPE4,0.069525,0.261842,3.96396033e-04,0.019910,1.0231,2.42503715e+00,FAR_FIELD
1513,CPE4,0.071371,0.221545,4.13553324e-04,0.020336,1.0296,5.14266443e+00,FAR_FIELD
1514,CPE4,0.068754,0.301356,3.80513258e-04,0.019507,1.0440,1.76243615e+00,FAR_FIELD
1515,CPE4,0.069178,0.320770,3.80355865e-04,0.019503,1.0695,1.87595069e+00,FAR_FIELD
1516,CPE4,0.476953,0.436519,3.42056155e-04,0.018495,1.0679,4.60902023e+01,CRACK_TIP
1517,CPE4,0.495311,0.436507,3.44038010e-04,0.018548,1.0791,4.61200523e+01,CRACK_TIP
1518,CPE4,0.498285,0.577018,3.45125794e-04,0.018578,1.1752,2.53058014e+01,CRACK_TIP
1519,CPE4,0.479647,0.579333,4.18290496e-04,0.020452,1.3043,6.27506638e+01,CRACK_TIP
1520,CPE4,0.070631,0.340173,3.88691202e-04,0.019715,1.1265,1.79801130e+00,FAR_FIELD
1521,CPE4,0.073988,0.359579,4.15859744e-04,0.020393,1.4095,1.38980758e+00,FAR_FIELD
1522,CPE4,0.065966,0.114291,3.00172949e-04,0.017325,1.5629,2.19924378e+00,FAR_FIELD
1523,CPE4,0.052073,0.055152,4.52028180e-04,0.021261,1.0948,7.13105583e+00,FAR_FIELD
1524,CPE4,0.070693,0.133796,4.69794264e-04,0.021675,1.1876,3.61647940e+00,FAR_FIELD
1525,CPE4,0.074438,0.156545,5.27947210e-04,0.022977,1.2484,3.61789107e+00,FAR_FIELD
1526,CPE4,0.935804,0.515748,3.29360366e-04,0.018148,1.0523,5.26785707e+00,LIGAMENT
1527,CPE4,0.565840,0.935023,2.77340412e-04,0.016654,1.2495,1.97742546e+00,FAR_FIELD
1528,CPE4,0.430455,0.937838,3.27229500e-04,0.018089,1.0908,3.79899096e+00,FAR_FIELD
1529,CPE4,0.448049,0.937153,3.38867307e-04,0.018408,1.0918,3.60561395e+00,FAR_FIELD
1530,CPE4,0.344026,0.928530,3.45602632e-04,0.018590,1.1459,4.63115072e+00,FAR_FIELD
1531,CPE4,0.361233,0.926396,3.33130360e-04,0.018252,1.1471,4.46378326e+00,FAR_FIELD
1532,CPE4,0.655700,0.935433,2.87204981e-04,0.016947,1.2957,2.69126081e+00,FAR_FIELD
1533,CPE4,0.856200,0.939248,3.04937363e-04,0.017462,1.0767,6.49942398e+00,FAR_FIELD
1534,CPE4,0.127157,0.935317,3.16731632e-04,0.017797,1.0959,2.62866235e+00,FAR_FIELD
1535,CPE4,0.145353,0.934720,3.45990062e-04,0.018601,1.0318,3.03531575e+00,FAR_FIELD
1536,CPE4,0.669683,0.919230,2.54541636e-04,0.015954,1.1964,4.78470516e+00,FAR_FIELD
1537,CPE4,0.073081,0.925635,2.48605385e-04,0.015767,1.7652,2.39695096e+00,FAR_FIELD
1538,CPE4,0.062304,0.659387,3.10305506e-04,0.017615,1.3048,1.82442224e+00,FAR_FIELD
1539,CPE4,0.466030,0.916888,3.48821282e-04,0.018677,1.1344,3.21420455e+00,FAR_FIELD
1540,CPE4,0.560522,0.917175,3.12790275e-04,0.017686,1.4880,2.65407157e+00,FAR_FIELD
1541,CPE4,0.502457,0.954586,3.74466181e-04,0.019351,1.1103,2.62141633e+00,FAR_FIELD
1542,CPE4,0.451083,0.048849,3.56429256e-04,0.018879,1.4410,3.96169853e+00,FAR_FIELD
1543,CPE4,0.566744,0.094045,2.37036496e-04,0.015396,1.4303,2.92481709e+00,FAR_FIELD
1544,CPE4,0.337087,0.416616,1.68077648e-04,0.012964,1.7452,1.31959352e+01,CRACK_WAKE
1545,CPE4,0.162930,0.565458,3.17770988e-04,0.017826,1.1743,3.84379387e+00,CRACK_WAKE
1546,CPE4,0.780337,0.927476,4.87387180e-04,0.022077,1.3152,5.71140862e+00,FAR_FIELD
1547,CPE4,0.919139,0.584101,3.30328941e-04,0.018175,1.5341,2.36912613e+01,LIGAMENT
1548,CPE4,0.941059,0.748651,2.27004290e-04,0.015067,1.6280,8.04656124e+00,FAR_FIELD
1549,CPE4,0.927646,0.917319,1.35123730e-04,0.011624,1.2579,2.02667212e+00,FAR_FIELD
1550,CPE4,0.938392,0.931462,1.49309635e-04,0.012219,1.5121,3.96912837e+00,FAR_FIELD
1551,CPE4,0.065481,0.780679,3.35058197e-04,0.018305,1.1747,4.22208071e+00,FAR_FIELD
1552,CPE4,0.063102,0.728145,3.29028815e-04,0.018139,1.0841,9.75341856e-01,FAR_FIELD
1553,CPE4,0.090486,0.412423,3.38399783e-04,0.018396,1.2045,1.34870791e+00,CRACK_WAKE
1554,CPE4,0.415939,0.564421,2.99289823e-04,0.017300,1.1236,5.54089622e+01,CRACK_WAKE
1555,CPE4,0.931545,0.305749,3.86357307e-04,0.019656,1.2643,3.38904333e+00,FAR_FIELD
1556,CPE4,0.931551,0.636249,3.50564718e-04,0.018723,1.1366,2.77052760e+00,FAR_FIELD
1557,CPE4,0.929908,0.359696,3.55452299e-04,0.018853,1.4254,1.63967438e+01,FAR_FIELD
1558,CPE4,0.931533,0.695268,4.14103270e-04,0.020350,1.1131,8.61222267e+00,FAR_FIELD
1559,CPE4,0.146317,0.076679,2.41992064e-04,0.015556,1.7279,3.38561225e+00,FAR_FIELD
1560,CPE4,0.545449,0.490885,4.22254205e-04,0.020549,1.3190,2.75014252e+02,CRACK_TIP
1561,CPE4,0.555805,0.507208,3.05905938e-04,0.017490,1.1908,7.37611084e+01,CRACK_TIP
1562,CPE4,0.131119,0.077568,2.23700423e-04,0.014957,1.8304,3.42793918e+00,FAR_FIELD
1563,CPE4,0.143901,0.062551,2.04026001e-04,0.014284,1.4648,2.66994572e+00,FAR_FIELD
1564,CPE4,0.085149,0.086553,3.49679729e-04,0.018700,1.1494,6.06854725e+00,FAR_FIELD
1565,CPE4,0.070323,0.241796,4.06745821e-04,0.020168,1.0225,4.17369080e+00,FAR_FIELD
1566,CPE4,0.072910,0.200876,4.42464836e-04,0.021035,1.0476,5.67493105e+00,FAR_FIELD
1567,CPE4,0.068956,0.281712,3.91731039e-04,0.019792,1.0248,1.41481519e+00,FAR_FIELD
1568,CPE4,0.094595,0.913639,3.36866826e-04,0.018354,1.1405,2.07379842e+00,FAR_FIELD
1569,CPE4,0.927345,0.928449,1.21861696e-04,0.011039,1.3338,1.61665452e+00,FAR_FIELD
1570,CPE4,0.049604,0.322230,4.00675461e-04,0.020017,1.0618,1.30700791e+00,FAR_FIELD
1571,CPE4,0.068131,0.079463,3.75646749e-04,0.019382,1.1575,4.89763927e+00,FAR_FIELD
1572,CPE4,0.051188,0.408191,4.27533872e-04,0.020677,1.0619,1.15531504e+00,CRACK_WAKE
1573,CPE4,0.071115,0.410254,3.89993191e-04,0.019748,1.1220,1.10548246e+00,CRACK_WAKE
1574,CPE4,0.832911,0.081110,2.48068944e-04,0.015750,1.1079,1.00448341e+01,FAR_FIELD
1575,CPE4,0.846251,0.074491,2.00210139e-04,0.014150,1.3477,9.79798031e+00,FAR_FIELD
1576,CPE4,0.905106,0.080753,5.88720664e-04,0.024264,1.1967,1.18751259e+01,FAR_FIELD
1577,CPE4,0.090123,0.336803,3.43801454e-04,0.018542,1.1752,2.15090489e+00,FAR_FIELD
1578,CPE4,0.078113,0.104197,2.98259547e-04,0.017270,1.4624,5.53250074e+00,FAR_FIELD
1579,CPE4,0.082632,0.374587,2.83121131e-04,0.016826,1.8162,6.11527085e-01,FAR_FIELD
1580,CPE4,0.088496,0.300642,3.70374881e-04,0.019245,1.1005,2.10962820e+00,FAR_FIELD
1581,CPE4,0.088749,0.319018,3.56767327e-04,0.018888,1.1287,2.22466969e+00,FAR_FIELD
1582,CPE4,0.935146,0.533738,3.27438116e-04,0.018095,1.0808,6.10168409e+00,LIGAMENT
1583,CPE4,0.427744,0.974076,3.11508775e-04,0.017650,1.0568,4.16794586e+00,FAR_FIELD
1584,CPE4,0.637032,0.951697,3.16649675e-04,0.017795,1.1745,3.00241065e+00,FAR_FIELD
1585,CPE4,0.126798,0.890938,3.68174165e-04,0.019188,1.3451,3.43093634e+00,FAR_FIELD
1586,CPE4,0.888487,0.913314,1.70886517e-04,0.013072,1.3787,3.81953454e+00,FAR_FIELD
1587,CPE4,0.917166,0.497080,3.21358442e-04,0.017926,1.1021,4.37392235e+00,LIGAMENT
1588,CPE4,0.919885,0.810602,3.02672386e-04,0.017397,1.8174,8.45862389e+00,FAR_FIELD
1589,CPE4,0.918828,0.188976,2.63765454e-04,0.016241,1.5946,7.03090525e+00,FAR_FIELD
1590,CPE4,0.914621,0.876169,3.22014093e-04,0.017945,1.2408,5.60835314e+00,FAR_FIELD
1591,CPE4,0.922231,0.826515,2.97874212e-04,0.017259,1.1898,6.49902344e+00,FAR_FIELD
1592,CPE4,0.920653,0.144608,3.54737043e-04,0.018834,1.0924,6.32639265e+00,FAR_FIELD
1593,CPE4,0.685461,0.916777,3.15666199e-04,0.017767,1.2011,5.38929462e+00,FAR_FIELD
1594,CPE4,0.308111,0.911507,3.41266394e-04,0.018473,1.1213,4.69472504e+00,FAR_FIELD
1595,CPE4,0.084141,0.843403,2.26810575e-04,0.015060,1.1862,3.94302344e+00,FAR_FIELD
1596,CPE4,0.082031,0.864043,2.69558281e-04,0.016418,1.2329,4.70855761e+00,FAR_FIELD
1597,CPE4,0.043196,0.919267,2.68273056e-04,0.016379,1.1354,4.64803076e+00,FAR_FIELD
1598,CPE4,0.075459,0.896545,1.72823668e-04,0.013146,1.9249,4.77924299e+00,FAR_FIELD
1599,CPE4,0.077223,0.910106,2.71502882e-04,0.016477,1.5161,1.63799334e+00,FAR_FIELD
1600,CPE4,0.083847,0.644794,3.03218141e-04,0.017413,1.3608,1.39749503e+00,FAR_FIELD
1601,CPE4,0.068276,0.637631,2.08785757e-04,0.014449,1.7582,2.45602474e-01,FAR_FIELD
1602,CPE4,0.500984,0.915293,3.30194831e-04,0.018171,1.1484,2.56940985e+00,FAR_FIELD
1603,CPE4,0.306828,0.416580,2.62659043e-04,0.016207,1.4442,7.87489510e+00,CRACK_WAKE
1604,CPE4,0.327023,0.411147,1.91040337e-04,0.013822,1.5143,7.09057093e+00,CRACK_WAKE
1605,CPE4,0.189719,0.575439,2.20522285e-04,0.014850,1.3488,1.57490087e+00,CRACK_WAKE
1606,CPE4,0.326752,0.586683,3.57545912e-04,0.018909,1.0951,2.14983616e+01,CRACK_WAKE
1607,CPE4,0.255384,0.913441,3.41661274e-04,0.018484,1.1241,4.25766659e+00,FAR_FIELD
1608,CPE4,0.291186,0.931883,3.51533294e-04,0.018749,1.1161,4.49046278e+00,FAR_FIELD
1609,CPE4,0.782012,0.970529,3.76611948e-04,0.019406,1.0749,6.03605318e+00,FAR_FIELD
1610,CPE4,0.219655,0.934048,3.41147184e-04,0.018470,1.0460,3.73388529e+00,FAR_FIELD
1611,CPE4,0.719894,0.913283,3.57985497e-04,0.018921,1.1475,5.91863346e+00,FAR_FIELD
1612,CPE4,0.602487,0.081717,3.62401828e-04,0.019037,1.2113,3.46865821e+00,FAR_FIELD
1613,CPE4,0.584872,0.078888,2.98066065e-04,0.017265,1.0881,3.14246964e+00,FAR_FIELD
1614,CPE4,0.905095,0.573590,2.06202269e-04,0.014360,1.5413,1.33398752e+01,LIGAMENT
1615,CPE4,0.915330,0.547139,2.85074115e-04,0.016884,1.2231,7.19863892e+00,LIGAMENT
1616,CPE4,0.912216,0.103589,5.30615449e-04,0.023035,1.0725,7.77789402e+00,FAR_FIELD
1617,CPE4,0.911313,0.238437,3.03439796e-04,0.017420,1.2299,7.46028185e+00,FAR_FIELD
1618,CPE4,0.910081,0.784858,2.97218561e-04,0.017240,1.5399,6.60324430e+00,FAR_FIELD
1619,CPE4,0.951688,0.939907,3.32087278e-04,0.018223,1.5254,5.34621477e+00,FAR_FIELD
1620,CPE4,0.916080,0.914581,1.64151192e-04,0.012812,1.7639,4.95443821e+00,FAR_FIELD
1621,CPE4,0.937425,0.889795,2.86608934e-04,0.016930,1.2219,3.62862182e+00,FAR_FIELD
1622,CPE4,0.064368,0.763322,3.34464014e-04,0.018288,1.1120,3.12430263e+00,FAR_FIELD
1623,CPE4,0.044340,0.708387,3.26903537e-04,0.018080,1.0429,8.33004713e-01,FAR_FIELD
1624,CPE4,0.100549,0.664007,2.93055549e-04,0.017119,1.2696,2.31433988e+00,FAR_FIELD
1625,CPE4,0.334369,0.397131,1.97984278e-04,0.014071,1.5175,9.44977951e+00,FAR_FIELD
1626,CPE4,0.362366,0.582285,3.21879983e-04,0.017941,1.0900,3.06023922e+01,CRACK_WAKE
1627,CPE4,0.162802,0.583077,2.81341374e-04,0.016773,1.2377,3.30031228e+00,CRACK_WAKE
1628,CPE4,0.138549,0.572844,2.34030187e-04,0.015298,1.4441,7.86921620e-01,CRACK_WAKE
1629,CPE4,0.362363,0.085358,3.55707482e-04,0.018860,1.0747,5.17801046e+00,FAR_FIELD
1630,CPE4,0.653077,0.091289,2.31910497e-04,0.015229,1.2673,3.87689424e+00,FAR_FIELD
1631,CPE4,0.620866,0.083458,3.46740708e-04,0.018621,1.2821,3.89159894e+00,FAR_FIELD
1632,CPE4,0.660084,0.077683,2.84854323e-04,0.016878,1.7884,7.10727453e+00,FAR_FIELD
1633,CPE4,0.324078,0.085848,3.82558443e-04,0.019559,1.0497,4.93574810e+00,FAR_FIELD
1634,CPE4,0.305283,0.066641,3.85363586e-04,0.019631,1.0407,4.90856028e+00,FAR_FIELD
1635,CPE4,0.285532,0.086814,3.83314677e-04,0.019578,1.0604,4.67516565e+00,FAR_FIELD
1636,CPE4,0.265421,0.067798,3.93966679e-04,0.019849,1.0427,4.56769896e+00,FAR_FIELD
1637,CPE4,0.714427,0.083748,3.09966505e-04,0.017606,1.1950,4.24107647e+00,FAR_FIELD
1638,CPE4,0.393762,0.411740,2.75366008e-04,0.016594,1.4357,3.65302925e+01,CRACK_WAKE
1639,CPE4,0.412639,0.422881,2.73384154e-04,0.016534,1.8547,2.18786869e+01,CRACK_WAKE
1640,CPE4,0.109284,0.397916,2.29021534e-04,0.015133,1.1894,1.42553365e+00,FAR_FIELD
1641,CPE4,0.109134,0.412552,2.77414918e-04,0.016656,1.5681,1.42464828e+00,CRACK_WAKE
1642,CPE4,0.411173,0.580345,2.32838094e-04,0.015259,1.2026,3.58374100e+01,CRACK_WAKE
1643,CPE4,0.395830,0.579525,2.57752836e-04,0.016055,1.1267,3.91714973e+01,CRACK_WAKE
1644,CPE4,0.096594,0.598330,3.54042277e-04,0.018816,1.5924,1.26504600e+00,CRACK_WAKE
1645,CPE4,0.970931,0.304107,3.75807285e-04,0.019386,1.0215,4.76748276e+00,FAR_FIELD
1646,CPE4,0.934359,0.323934,3.08424234e-04,0.017562,1.1478,1.93238485e+00,FAR_FIELD
1647,CPE4,0.912222,0.269566,2.46353447e-04,0.015696,1.3197,2.83433342e+00,FAR_FIELD
1648,CPE4,0.912658,0.605504,2.13503838e-04,0.014612,1.4023,1.36120949e+01,FAR_FIELD
1649,CPE4,0.970623,0.636883,3.85880470e-04,0.019644,1.0085,5.79936361e+00,FAR_FIELD
1650,CPE4,0.928783,0.655135,4.48793173e-04,0.021185,1.3370,4.32830334e+00,FAR_FIELD
1651,CPE4,0.910994,0.395353,2.23413110e-04,0.014947,1.4560,7.97557211e+00,FAR_FIELD
1652,CPE4,0.919233,0.374196,3.21656466e-04,0.017935,1.4886,1.88002357e+01,FAR_FIELD
1653,CPE4,0.970609,0.343619,3.89993191e-04,0.019748,1.0632,4.51218939e+00,FAR_FIELD
1654,CPE4,0.971184,0.675506,3.77953053e-04,0.019441,1.0443,4.50148821e+00,FAR_FIELD
1655,CPE4,0.916915,0.734403,3.60071659e-04,0.018976,1.2433,8.36523819e+00,FAR_FIELD
1656,CPE4,0.247114,0.088794,3.80811282e-04,0.019514,1.1007,4.33289385e+00,FAR_FIELD
1657,CPE4,0.445295,0.417048,2.79642642e-04,0.016723,1.2847,5.47609787e+01,CRACK_TIP
1658,CPE4,0.461476,0.417188,3.27892601e-04,0.018108,1.1942,4.26338882e+01,CRACK_TIP
1659,CPE4,0.437240,0.591238,2.50160694e-04,0.015816,1.5385,2.46872292e+01,CRACK_WAKE
1660,CPE4,0.537653,0.471989,4.66316938e-04,0.021594,1.2211,1.49775665e+02,CRACK_TIP
1661,CPE4,0.478692,0.417292,3.45319510e-04,0.018583,1.1441,2.55361881e+01,CRACK_TIP
1662,CPE4,0.496218,0.417703,3.34136188e-04,0.018279,1.1362,2.45161247e+01,CRACK_TIP
1663,CPE4,0.516850,0.539217,3.15397978e-04,0.017759,1.2169,2.13568420e+02,CRACK_TIP
1664,CPE4,0.533348,0.576051,3.12283635e-04,0.017672,1.0479,4.34512482e+01,CRACK_TIP
1665,CPE4,0.111340,0.918563,2.46267766e-04,0.015693,1.3566,2.67240667e+00,FAR_FIELD
1666,CPE4,0.889317,0.943321,2.50250101e-04,0.015819,1.0746,5.43590498e+00,FAR_FIELD
1667,CPE4,0.637172,0.920783,2.23696232e-04,0.014956,1.6453,6.24624348e+00,FAR_FIELD
1668,CPE4,0.430783,0.918830,3.38092446e-04,0.018387,1.1098,3.80294275e+00,FAR_FIELD
1669,CPE4,0.550876,0.939369,2.57611275e-04,0.016050,1.1482,1.78141975e+00,FAR_FIELD
1670,CPE4,0.107309,0.167042,3.99181619e-04,0.019980,1.3736,6.81364584e+00,FAR_FIELD
1671,CPE4,0.232807,0.110340,2.97591090e-04,0.017251,1.2124,3.69160485e+00,FAR_FIELD
1672,CPE4,0.791912,0.107460,3.42108309e-04,0.018496,1.0603,1.25716848e+01,FAR_FIELD
1673,CPE4,0.767285,0.101093,3.53183597e-04,0.018793,1.1857,1.14378319e+01,FAR_FIELD
1674,CPE4,0.716433,0.102111,2.89935619e-04,0.017027,1.1564,4.33166027e+00,FAR_FIELD
1675,CPE4,0.267389,0.107308,3.62353399e-04,0.019036,1.1651,4.42779303e+00,FAR_FIELD
1676,CPE4,0.429015,0.384494,2.63504684e-04,0.016233,1.5884,7.98871517e+00,FAR_FIELD
1677,CPE4,0.434312,0.613400,2.03341246e-04,0.014260,1.5227,2.89496078e+01,FAR_FIELD
1678,CPE4,0.304471,0.106922,3.99148092e-04,0.019979,1.1161,4.97836733e+00,FAR_FIELD
1679,CPE4,0.669830,0.109688,2.85141170e-04,0.016886,1.1795,4.15653563e+00,FAR_FIELD
1680,CPE4,0.480463,0.397224,3.69332731e-04,0.019218,1.2130,1.18888073e+01,FAR_FIELD
1681,CPE4,0.484869,0.598648,3.03968787e-04,0.017435,1.3081,2.10386448e+01,CRACK_TIP
1682,CPE4,0.097073,0.380677,2.24441290e-04,0.014981,1.3669,1.60540390e+00,FAR_FIELD
1683,CPE4,0.111204,0.429926,4.24191356e-04,0.020596,1.2109,1.81550539e+00,CRACK_WAKE
1684,CPE4,0.394522,0.393947,2.36399472e-04,0.015375,1.4446,2.93828907e+01,FAR_FIELD
1685,CPE4,0.407877,0.408601,2.05665827e-04,0.014341,1.3399,2.70274849e+01,CRACK_WAKE
1686,CPE4,0.396548,0.611464,2.46651471e-04,0.015705,1.2465,2.85238762e+01,FAR_FIELD
1687,CPE4,0.666698,0.092784,2.37965956e-04,0.015426,1.4567,3.10024762e+00,FAR_FIELD
1688,CPE4,0.630218,0.109961,1.64084136e-04,0.012810,1.4753,5.31027317e+00,FAR_FIELD
1689,CPE4,0.897624,0.736109,3.10063362e-04,0.017609,1.1428,7.70237970e+00,FAR_FIELD
1690,CPE4,0.899416,0.752464,2.75015831e-04,0.016584,1.1480,7.22220516e+00,FAR_FIELD
1691,CPE4,0.904236,0.383171,2.27704644e-04,0.015090,1.3155,7.97829962e+00,FAR_FIELD
1692,CPE4,0.882541,0.410604,3.79607081e-04,0.019484,1.2972,6.83862162e+00,LIGAMENT
1693,CPE4,0.905260,0.593292,2.27600336e-04,0.015086,1.2572,1.52349186e+01,LIGAMENT
1694,CPE4,0.900317,0.612747,2.20447779e-04,0.014847,1.6346,1.36240196e+01,FAR_FIELD
1695,CPE4,0.910299,0.254316,2.88046896e-04,0.016972,1.3606,9.08458042e+00,FAR_FIELD
1696,CPE4,0.898949,0.275594,2.33635306e-04,0.015285,1.3676,4.77167940e+00,FAR_FIELD
1697,CPE4,0.155909,0.399511,1.91768631e-04,0.013848,1.3294,2.92572570e+00,FAR_FIELD
1698,CPE4,0.154391,0.414625,2.94705853e-04,0.017167,1.1892,3.24578023e+00,CRACK_WAKE
1699,CPE4,0.381335,0.616270,3.09787691e-04,0.017601,1.2012,2.82468033e+01,FAR_FIELD
1700,CPE4,0.345308,0.603967,3.53418291e-04,0.018799,1.1326,2.50242939e+01,FAR_FIELD
1701,CPE4,0.622011,0.099652,2.15040520e-04,0.014664,1.6299,2.73565245e+00,FAR_FIELD
1702,CPE4,0.584614,0.110555,2.82380730e-04,0.016804,1.5143,3.20749545e+00,FAR_FIELD
1703,CPE4,0.415897,0.097313,3.24595720e-04,0.018017,1.2151,6.13658810e+00,FAR_FIELD
1704,CPE4,0.393414,0.107321,2.68163159e-04,0.016376,1.1230,5.36865568e+00,FAR_FIELD
1705,CPE4,0.106510,0.795001,2.96652317e-04,0.017224,1.2790,4.42052650e+00,FAR_FIELD
1706,CPE4,0.089312,0.811139,2.83051282e-04,0.016824,1.4209,4.02822447e+00,FAR_FIELD
1707,CPE4,0.890727,0.161389,2.92368233e-04,0.017099,1.4909,4.73020744e+00,FAR_FIELD
1708,CPE4,0.911096,0.860217,3.12983990e-04,0.017691,1.2082,6.39854813e+00,FAR_FIELD
1709,CPE4,0.895084,0.462943,3.44723463e-04,0.018567,1.1692,3.38342381e+00,LIGAMENT
1710,CPE4,0.897056,0.480121,3.28749418e-04,0.018131,1.1615,3.72104645e+00,LIGAMENT
1711,CPE4,0.918782,0.892315,3.29375267e-04,0.018149,1.2680,5.27093935e+00,FAR_FIELD
1712,CPE4,0.912864,0.222057,3.23422253e-04,0.017984,1.1806,6.91897964e+00,FAR_FIELD
1713,CPE4,0.310041,0.394188,1.86741352e-04,0.013665,1.6029,8.32172585e+00,FAR_FIELD
1714,CPE4,0.317983,0.403894,1.81097537e-04,0.013457,1.6475,3.36925101e+00,CRACK_WAKE
1715,CPE4,0.309527,0.608998,3.64489853e-04,0.019092,1.1235,1.83968410e+01,FAR_FIELD
1716,CPE4,0.188086,0.394172,3.28950584e-04,0.018137,1.0802,3.92833805e+00,FAR_FIELD
1717,CPE4,0.190274,0.412374,3.38029116e-04,0.018386,1.0588,4.37290478e+00,CRACK_WAKE
1718,CPE4,0.182163,0.597829,3.33685428e-04,0.018267,1.3411,3.62051868e+00,CRACK_WAKE
1719,CPE4,0.110048,0.883921,2.58490443e-04,0.016078,1.2271,3.31210852e+00,FAR_FIELD
1720,CPE4,0.081455,0.661104,3.37954611e-04,0.018384,1.2763,2.09970117e+00,FAR_FIELD
1721,CPE4,0.106746,0.863731,2.78163701e-04,0.016678,1.2772,5.35517788e+00,FAR_FIELD
1722,CPE4,0.093736,0.854545,2.06619501e-04,0.014374,1.2168,3.94814277e+00,FAR_FIELD
1723,CPE4,0.218284,0.971833,3.51086259e-04,0.018737,1.0269,3.68131685e+00,FAR_FIELD
1724,CPE4,0.841311,0.062104,2.02424824e-04,0.014228,1.4196,6.20326185e+00,FAR_FIELD
1725,CPE4,0.026906,0.761562,3.39123420e-04,0.018415,1.0293,1.48275292e+00,FAR_FIELD
1726,CPE4,0.272489,0.893174,3.45952809e-04,0.018600,1.1234,4.57083464e+00,FAR_FIELD
1727,CPE4,0.734304,0.891900,3.48657370e-04,0.018672,1.1901,6.14329004e+00,FAR_FIELD
1728,CPE4,0.737964,0.911637,3.72469425e-04,0.019299,1.1269,6.56345272e+00,FAR_FIELD
1729,CPE4,0.091603,0.614263,2.87149101e-04,0.016945,1.2719,1.16482663e+00,FAR_FIELD
1730,CPE4,0.532795,0.928097,2.01568007e-04,0.014197,1.1912,1.43523026e+00,FAR_FIELD
1731,CPE4,0.466010,0.896927,3.53321433e-04,0.018797,1.1488,3.24790001e+00,FAR_FIELD
1732,CPE4,0.838003,0.954840,3.34292650e-04,0.018284,1.0508,6.51488686e+00,FAR_FIELD
1733,CPE4,0.840397,0.917109,3.73631716e-04,0.019330,1.1942,8.24244690e+00,FAR_FIELD
1734,CPE4,0.164665,0.915691,3.57568264e-04,0.018909,1.0408,3.26318932e+00,FAR_FIELD
1735,CPE4,0.935639,0.497649,3.33100557e-04,0.018251,1.0435,5.27984238e+00,LIGAMENT
1736,CPE4,0.945561,0.839653,3.25709581e-04,0.018047,1.2224,5.32449865e+00,FAR_FIELD
1737,CPE4,0.939507,0.824197,2.69472599e-04,0.016416,1.3455,7.17542267e+00,FAR_FIELD
1738,CPE4,0.938717,0.141740,3.14105302e-04,0.017723,1.1231,2.50055099e+00,FAR_FIELD
1739,CPE4,0.947677,0.174165,3.03119421e-04,0.017410,1.2124,4.80408907e+00,FAR_FIELD
1740,CPE4,0.930484,0.858243,3.16917896e-04,0.017802,1.2165,5.44216251e+00,FAR_FIELD
1741,CPE4,0.067547,0.887627,1.22042373e-04,0.011047,1.2457,1.87031960e+00,FAR_FIELD
1742,CPE4,0.051088,0.635635,1.25735067e-04,0.011213,1.4107,6.66159749e-01,FAR_FIELD
1743,CPE4,0.062523,0.896295,1.38537958e-04,0.011770,1.6475,2.52094102e+00,FAR_FIELD
1744,CPE4,0.722617,0.933045,3.58015299e-04,0.018921,1.1083,5.71283436e+00,FAR_FIELD
1745,CPE4,0.483849,0.935765,3.54096293e-04,0.018817,1.1094,2.78233051e+00,FAR_FIELD
1746,CPE4,0.292123,0.430757,4.36667353e-04,0.020897,1.6308,1.24741783e+01,CRACK_WAKE
1747,CPE4,0.201140,0.561879,3.97570431e-04,0.019939,1.3260,4.70408583e+00,CRACK_WAKE
1748,CPE4,0.273381,0.932413,3.48716974e-04,0.018674,1.1124,4.30767345e+00,FAR_FIELD
1749,CPE4,0.756534,0.909028,3.98755074e-04,0.019969,1.1813,7.42918015e+00,FAR_FIELD
1750,CPE4,0.441534,0.093051,3.62794846e-04,0.019047,1.1200,6.39183044e+00,FAR_FIELD
1751,CPE4,0.554084,0.078707,2.25584954e-04,0.015019,1.3169,1.56792903e+00,FAR_FIELD
1752,CPE4,0.083398,0.763536,3.23276967e-04,0.017980,1.1400,4.88811016e+00,FAR_FIELD
1753,CPE4,0.062836,0.710572,3.26991081e-04,0.018083,1.0909,9.99047518e-01,FAR_FIELD
1754,CPE4,0.082349,0.746557,3.16996127e-04,0.017804,1.1342,4.61589050e+00,FAR_FIELD
1755,CPE4,0.913339,0.311121,3.08424234e-04,0.017562,1.4747,6.20479012e+00,FAR_FIELD
1756,CPE4,0.918436,0.339474,2.06783414e-04,0.014380,1.3450,8.14795399e+00,FAR_FIELD
1757,CPE4,0.928299,0.675210,4.88281250e-04,0.022097,1.3222,1.03978920e+01,FAR_FIELD
1758,CPE4,0.562623,0.523527,2.84612179e-04,0.016870,1.1753,1.89736004e+01,CRACK_TIP
1759,CPE4,0.548195,0.527234,1.89855695e-04,0.013779,1.3766,3.24757652e+01,CRACK_TIP
1760,CPE4,0.557487,0.466357,3.62351537e-04,0.019036,1.0740,9.60812302e+01,CRACK_TIP
1761,CPE4,0.307309,0.892332,3.26678157e-04,0.018074,1.1067,4.79483986e+00,FAR_FIELD
1762,CPE4,0.702359,0.914779,3.47465277e-04,0.018640,1.1698,5.59236813e+00,FAR_FIELD
1763,CPE4,0.534595,0.451763,3.86603177e-04,0.019662,1.0634,5.65092583e+01,CRACK_TIP
1764,CPE4,0.105491,0.131169,1.91332772e-04,0.013832,1.5175,2.19211102e+00,FAR_FIELD
1765,CPE4,0.109184,0.144595,1.93367712e-04,0.013906,1.5277,2.63098383e+00,FAR_FIELD
1766,CPE4,0.112728,0.206511,3.08440998e-04,0.017562,1.4586,3.42053962e+00,FAR_FIELD
1767,CPE4,0.112884,0.224641,4.25172038e-04,0.020620,1.1824,5.53754520e+00,FAR_FIELD
1768,CPE4,0.111276,0.244018,4.02063131e-04,0.020052,1.1009,5.21747780e+00,FAR_FIELD
1769,CPE4,0.110091,0.263145,3.93413007e-04,0.019835,1.0979,4.89950991e+00,FAR_FIELD
1770,CPE4,0.109178,0.281991,3.83057632e-04,0.019572,1.1164,4.87762165e+00,FAR_FIELD
1771,CPE4,0.237774,0.914447,3.35231423e-04,0.018309,1.0954,4.06861496e+00,FAR_FIELD
1772,CPE4,0.379490,0.580473,2.92256474e-04,0.017096,1.0973,3.56258392e+01,CRACK_WAKE
1773,CPE4,0.381101,0.562943,3.10130417e-04,0.017611,1.0557,4.11488075e+01,CRACK_WAKE
1774,CPE4,0.498650,0.398782,3.54029238e-04,0.018816,1.1555,1.75383339e+01,FAR_FIELD
1775,CPE4,0.550814,0.428540,3.88927758e-04,0.019721,1.0245,2.67392044e+01,CRACK_TIP
1776,CPE4,0.461770,0.588016,3.99991870e-04,0.020000,1.5067,5.74284935e+01,CRACK_TIP
1777,CPE4,0.343296,0.085356,3.68967652e-04,0.019209,1.0513,4.99374199e+00,FAR_FIELD
1778,CPE4,0.378344,0.923966,3.25351954e-04,0.018038,1.1129,4.37463808e+00,FAR_FIELD
1779,CPE4,0.395695,0.921763,3.27825546e-04,0.018106,1.0674,4.24614573e+00,FAR_FIELD
1780,CPE4,0.575893,0.913885,2.84850597e-04,0.016878,1.7675,1.80081439e+00,FAR_FIELD
1781,CPE4,0.603814,0.934023,4.42415476e-04,0.021034,1.1413,4.54152441e+00,FAR_FIELD
1782,CPE4,0.731885,0.100388,2.51755118e-04,0.015867,1.2298,4.41235733e+00,FAR_FIELD
1783,CPE4,0.746372,0.084703,2.89103016e-04,0.017003,1.2896,3.51384282e+00,FAR_FIELD
1784,CPE4,0.685145,0.105935,2.66235322e-04,0.016317,1.1785,4.11535835e+00,FAR_FIELD
1785,CPE4,0.446584,0.398478,2.91697681e-04,0.017079,1.3497,2.23893795e+01,FAR_FIELD
1786,CPE4,0.462519,0.375925,4.34480608e-04,0.020844,1.3146,4.53911066e+00,FAR_FIELD
1787,CPE4,0.455145,0.614148,2.64763832e-04,0.016272,1.2052,3.58422470e+01,FAR_FIELD
1788,CPE4,0.516939,0.402353,3.20330262e-04,0.017898,1.6189,3.76781578e+01,CRACK_TIP
1789,CPE4,0.483287,0.630291,2.19076872e-04,0.014801,1.5520,2.36251659e+01,FAR_FIELD
1790,CPE4,0.517761,0.595138,3.28689814e-04,0.018130,1.1631,2.92680988e+01,CRACK_TIP
1791,CPE4,0.891130,0.702359,3.49253416e-04,0.018688,1.2047,1.08583717e+01,FAR_FIELD
1792,CPE4,0.901489,0.347143,1.37612224e-04,0.011731,1.4330,9.15130234e+00,FAR_FIELD
1793,CPE4,0.912921,0.633964,2.85685062e-04,0.016902,1.3848,7.30950403e+00,FAR_FIELD
1794,CPE4,0.876380,0.607315,3.00168991e-04,0.017325,1.1136,1.45951185e+01,FAR_FIELD
1795,CPE4,0.901492,0.298432,3.51220369e-04,0.018741,1.2326,9.09337521e+00,FAR_FIELD
1796,CPE4,0.876545,0.275384,2.42151320e-04,0.015561,1.1575,4.01394415e+00,FAR_FIELD
1797,CPE4,0.377474,0.104123,2.79355794e-04,0.016714,1.1573,4.76885271e+00,FAR_FIELD
1798,CPE4,0.375552,0.119666,1.93625689e-04,0.013915,1.3720,3.84874249e+00,FAR_FIELD
1799,CPE4,0.635164,0.099080,1.57844275e-04,0.012564,1.4512,3.49709916e+00,FAR_FIELD
1800,CPE4,0.581589,0.095733,2.58592889e-04,0.016081,1.3500,2.86229634e+00,FAR_FIELD
1801,CPE4,0.917155,0.531074,2.96831131e-04,0.017229,1.1495,4.66871214e+00,LIGAMENT
1802,CPE4,0.916130,0.479550,3.35350633e-04,0.018313,1.0971,4.45443773e+00,LIGAMENT
1803,CPE4,0.890979,0.110864,4.74374741e-04,0.021780,1.1042,1.14688377e+01,FAR_FIELD
1804,CPE4,0.902447,0.149452,3.16150486e-04,0.017781,1.5495,6.71135330e+00,FAR_FIELD
1805,CPE4,0.877081,0.877650,2.36541033e-04,0.015380,1.7326,7.65318727e+00,FAR_FIELD
1806,CPE4,0.884373,0.179182,3.36043537e-04,0.018331,1.1811,2.85301042e+00,FAR_FIELD
1807,CPE4,0.902548,0.768677,2.55644321e-04,0.015989,1.2751,6.81457901e+00,FAR_FIELD
1808,CPE4,0.343342,0.383685,2.98470259e-04,0.017276,1.4214,7.68386745e+00,FAR_FIELD
1809,CPE4,0.328734,0.627090,3.85701656e-04,0.019639,1.1544,2.14410267e+01,FAR_FIELD
1810,CPE4,0.167154,0.381481,2.72028148e-04,0.016493,1.1157,1.90139413e+00,FAR_FIELD
1811,CPE4,0.139770,0.608340,2.64190137e-04,0.016254,1.2922,1.91533041e+00,FAR_FIELD
1812,CPE4,0.254077,0.873211,4.03508544e-04,0.020088,1.2762,5.41615677e+00,FAR_FIELD
1813,CPE4,0.751559,0.889323,3.41475010e-04,0.018479,1.2014,7.02272320e+00,FAR_FIELD
1814,CPE4,0.125810,0.612260,2.04358250e-04,0.014295,1.6457,2.74052787e+00,FAR_FIELD
1815,CPE4,0.561130,0.886958,3.91915441e-04,0.019797,1.4083,2.20091915e+00,FAR_FIELD
1816,CPE4,0.539144,0.910162,2.12550163e-04,0.014579,1.1875,1.03783631e+00,FAR_FIELD
1817,CPE4,0.456490,0.079228,4.60601412e-04,0.021462,1.2052,6.82284737e+00,FAR_FIELD
1818,CPE4,0.063592,0.745757,3.29168513e-04,0.018143,1.0901,1.85116577e+00,FAR_FIELD
1819,CPE4,0.933987,0.341737,3.00943851e-04,0.017348,1.2096,7.87703514e+00,FAR_FIELD
1820,CPE4,0.581767,0.476870,3.17007303e-04,0.017805,1.5393,6.60272064e+01,CRACK_TIP
1821,CPE4,0.324594,0.891390,3.25545669e-04,0.018043,1.0885,4.85657883e+00,FAR_FIELD
1822,CPE4,0.649394,0.910006,3.58909369e-04,0.018945,1.3473,6.76405716e+00,FAR_FIELD
1823,CPE4,0.126104,0.332817,2.21660361e-04,0.014888,1.4974,2.34594297e+00,FAR_FIELD
1824,CPE4,0.093165,0.353375,3.13364901e-04,0.017702,1.2388,1.80321515e+00,FAR_FIELD
1825,CPE4,0.107849,0.118176,2.06021126e-04,0.014353,1.4218,5.17358351e+00,FAR_FIELD
1826,CPE4,0.127673,0.317898,3.18735838e-04,0.017853,1.2530,4.34390688e+00,FAR_FIELD
1827,CPE4,0.108519,0.300279,3.60579230e-04,0.018989,1.1572,4.53879118e+00,FAR_FIELD
1828,CPE4,0.883494,0.089933,5.36443666e-04,0.023161,1.3693,1.27870979e+01,FAR_FIELD
1829,CPE4,0.864538,0.101339,3.68747860e-04,0.019203,1.2632,1.15947332e+01,FAR_FIELD
1830,CPE4,0.846992,0.109709,2.92900950e-04,0.017114,1.2825,1.01130495e+01,FAR_FIELD
1831,CPE4,0.528496,0.413993,3.17215919e-04,0.017811,1.5784,2.62589893e+01,CRACK_TIP
1832,CPE4,0.513013,0.418222,2.64160335e-04,0.016253,1.2777,3.18182144e+01,CRACK_TIP
1833,CPE4,0.826697,0.101578,2.03538686e-04,0.014267,1.2018,9.73466778e+00,FAR_FIELD
1834,CPE4,0.775619,0.904804,4.67449427e-04,0.021621,1.4200,1.02304296e+01,FAR_FIELD
1835,CPE4,0.219823,0.897476,3.11031938e-04,0.017636,1.0847,4.18226624e+00,FAR_FIELD
1836,CPE4,0.270609,0.573996,3.89538705e-04,0.019737,1.1363,1.02500124e+01,CRACK_WAKE
1837,CPE4,0.288524,0.551061,3.93703580e-04,0.019842,1.0640,2.11263142e+01,CRACK_WAKE
1838,CPE4,0.251144,0.444787,4.31660563e-04,0.020776,1.0828,1.03951101e+01,CRACK_WAKE
1839,CPE4,0.210940,0.448809,3.87813896e-04,0.019693,1.0305,5.08689070e+00,CRACK_WAKE
1840,CPE4,0.122306,0.404162,2.51678750e-04,0.015864,1.4696,1.07311761e+00,CRACK_WAKE
1841,CPE4,0.130615,0.388193,3.05637717e-04,0.017482,1.3293,1.55575132e+00,FAR_FIELD
1842,CPE4,0.379277,0.598165,2.89298594e-04,0.017009,1.1518,3.11626644e+01,CRACK_WAKE
1843,CPE4,0.888692,0.927789,2.24947929e-04,0.014998,1.1107,5.31485319e+00,FAR_FIELD
1844,CPE4,0.883703,0.900630,2.12341547e-04,0.014572,1.5817,6.65370941e+00,FAR_FIELD
1845,CPE4,0.084952,0.780238,3.19371000e-04,0.017871,1.2218,4.69842052e+00,FAR_FIELD
1846,CPE4,0.899371,0.513198,2.92807817e-04,0.017112,1.1910,3.49493313e+00,LIGAMENT
1847,CPE4,0.116015,0.105366,2.92372890e-04,0.017099,1.1873,6.37214708e+00,FAR_FIELD
1848,CPE4,0.574812,0.462067,2.68921256e-04,0.016399,1.2743,5.67804070e+01,CRACK_TIP
1849,CPE4,0.248355,0.556636,4.74251807e-04,0.021777,1.2300,9.63987446e+00,CRACK_WAKE
1850,CPE4,0.590726,0.919689,2.87979841e-04,0.016970,1.3995,3.29814291e+00,FAR_FIELD
1851,CPE4,0.881079,0.512954,2.78845429e-04,0.016699,1.2510,4.13959789e+00,LIGAMENT
1852,CPE4,0.898483,0.543445,2.34454870e-04,0.015312,1.2567,3.79823732e+00,LIGAMENT
1853,CPE4,0.100870,0.746958,2.99040228e-04,0.017293,1.1324,4.23072815e+00,FAR_FIELD
1854,CPE4,0.100294,0.730393,3.08096409e-04,0.017553,1.1195,4.38550091e+00,FAR_FIELD
1855,CPE4,0.081771,0.729503,3.20130959e-04,0.017892,1.0989,3.43095469e+00,FAR_FIELD
1856,CPE4,0.290568,0.912243,3.44872475e-04,0.018571,1.1214,4.58850241e+00,FAR_FIELD
1857,CPE4,0.306669,0.873742,3.08871269e-04,0.017575,1.1255,4.73912525e+00,FAR_FIELD
1858,CPE4,0.125247,0.626861,2.75917351e-04,0.016611,1.3213,2.31619406e+00,FAR_FIELD
1859,CPE4,0.500995,0.895956,3.38748097e-04,0.018405,1.1475,2.76507688e+00,FAR_FIELD
1860,CPE4,0.095154,0.875440,2.89585441e-04,0.017017,1.2553,4.29067230e+00,FAR_FIELD
1861,CPE4,0.907514,0.844265,3.09020281e-04,0.017579,1.1740,5.93180132e+00,FAR_FIELD
1862,CPE4,0.864026,0.815280,2.49773264e-04,0.015804,1.3028,5.64604378e+00,FAR_FIELD
1863,CPE4,0.518311,0.071145,3.23552638e-04,0.017988,1.1579,2.72345018e+00,FAR_FIELD
1864,CPE4,0.363354,0.392503,3.74197960e-04,0.019344,1.5770,3.14020596e+01,FAR_FIELD
1865,CPE4,0.363088,0.414230,3.30105424e-04,0.018169,1.4022,3.15647354e+01,CRACK_WAKE
1866,CPE4,0.119543,0.599421,1.91785395e-04,0.013849,1.4835,9.69364822e-01,CRACK_WAKE
1867,CPE4,0.898508,0.496905,3.10838223e-04,0.017631,1.1738,3.78875589e+00,LIGAMENT
1868,CPE4,0.917607,0.514297,3.10614705e-04,0.017624,1.1119,4.27957296e+00,LIGAMENT
1869,CPE4,0.588690,0.946558,4.11540270e-04,0.020286,1.3534,4.44281197e+00,FAR_FIELD
1870,CPE4,0.100245,0.696710,3.15787271e-04,0.017770,1.1591,2.58694625e+00,FAR_FIELD
1871,CPE4,0.081442,0.695186,3.18679959e-04,0.017852,1.1189,1.69086480e+00,FAR_FIELD
1872,CPE4,0.889266,0.427811,4.01511788e-04,0.020038,1.3464,3.08556509e+00,LIGAMENT
1873,CPE4,0.911103,0.425563,4.02063131e-04,0.020052,1.3458,5.74655390e+00,LIGAMENT
1874,CPE4,0.915541,0.765424,1.52289867e-04,0.012341,1.5508,5.07496643e+00,FAR_FIELD
1875,CPE4,0.396226,0.939888,2.99423933e-04,0.017304,1.0723,4.20888424e+00,FAR_FIELD
1876,CPE4,0.379570,0.942613,3.08051705e-04,0.017551,1.1858,4.17321491e+00,FAR_FIELD
1877,CPE4,0.568057,0.557493,3.11359763e-04,0.017645,1.0938,1.17720852e+01,CRACK_TIP
1878,CPE4,0.914309,0.352819,2.16320157e-04,0.014708,1.2832,1.31229553e+01,FAR_FIELD
1879,CPE4,0.494048,0.060176,3.70709226e-04,0.019254,1.0651,3.97416949e+00,FAR_FIELD
1880,CPE4,0.424448,0.432100,3.26879323e-04,0.018080,1.5902,5.74529877e+01,CRACK_WAKE
1881,CPE4,0.431244,0.416057,1.95302069e-04,0.013975,1.4022,4.72200127e+01,CRACK_WAKE
1882,CPE4,0.697732,0.085289,3.21302563e-04,0.017925,1.1775,4.66631794e+00,FAR_FIELD
1883,CPE4,0.899461,0.528796,2.66313553e-04,0.016319,1.2406,3.49304748e+00,LIGAMENT
1884,CPE4,0.883000,0.541349,1.79782510e-04,0.013408,1.4521,6.67121267e+00,LIGAMENT
1885,CPE4,0.250953,0.126653,2.87611037e-04,0.016959,1.2871,4.07759428e+00,FAR_FIELD
1886,CPE4,0.776428,0.118009,3.72610986e-04,0.019303,1.0654,1.22625771e+01,FAR_FIELD
1887,CPE4,0.751500,0.110134,3.45412642e-04,0.018585,1.2016,1.00957232e+01,FAR_FIELD
1888,CPE4,0.718656,0.120811,3.34583223e-04,0.018292,1.3458,3.62807178e+00,FAR_FIELD
1889,CPE4,0.285412,0.128446,4.00854275e-04,0.020021,1.2267,5.65482092e+00,FAR_FIELD
1890,CPE4,0.444103,0.378725,3.63558531e-04,0.019067,1.3513,6.99088383e+00,FAR_FIELD
1891,CPE4,0.441596,0.624767,2.52291560e-04,0.015884,1.1836,3.12228985e+01,FAR_FIELD
1892,CPE4,0.482266,0.376046,4.41551208e-04,0.021013,1.2643,5.33225584e+00,FAR_FIELD
1893,CPE4,0.462634,0.627723,2.49639153e-04,0.015800,1.1043,2.89707890e+01,FAR_FIELD
1894,CPE4,0.537360,0.612644,3.18765640e-04,0.017854,1.1330,2.50491066e+01,FAR_FIELD
1895,CPE4,0.323613,0.127680,4.34566289e-04,0.020846,1.1646,5.25085878e+00,FAR_FIELD
1896,CPE4,0.674108,0.125969,2.43272632e-04,0.015597,1.0958,4.05529022e+00,FAR_FIELD
1897,CPE4,0.386991,0.371485,3.48128378e-04,0.018658,1.6230,2.63695507e+01,FAR_FIELD
1898,CPE4,0.410855,0.384026,1.32642686e-04,0.011517,1.4674,2.17502441e+01,FAR_FIELD
1899,CPE4,0.879592,0.739200,3.00943851e-04,0.017348,1.0915,8.24602699e+00,FAR_FIELD
1900,CPE4,0.876909,0.722940,2.90483236e-04,0.017044,1.1415,8.23666954e+00,FAR_FIELD
1901,CPE4,0.905736,0.678922,4.61846590e-04,0.021491,1.3216,1.47243748e+01,FAR_FIELD
1902,CPE4,0.874039,0.394090,3.09690833e-04,0.017598,1.1427,4.53220558e+00,FAR_FIELD
1903,CPE4,0.884500,0.376349,1.75699592e-04,0.013255,1.4564,6.74692202e+00,FAR_FIELD
1904,CPE4,0.905135,0.336478,1.48057938e-04,0.012168,1.2163,9.74116898e+00,FAR_FIELD
1905,CPE4,0.342232,0.105012,3.69803980e-04,0.019230,1.1158,4.69400024e+00,FAR_FIELD
1906,CPE4,0.642257,0.116268,1.89438462e-04,0.013764,1.5746,4.23388338e+00,FAR_FIELD
1907,CPE4,0.596384,0.124709,3.95271927e-04,0.019881,1.3186,4.96696949e+00,FAR_FIELD
1908,CPE4,0.400941,0.128803,2.72134319e-04,0.016496,1.1819,7.10420752e+00,FAR_FIELD
1909,CPE4,0.875193,0.156628,3.20717692e-04,0.017909,1.6437,7.14459229e+00,FAR_FIELD
1910,CPE4,0.894185,0.791353,3.92138958e-04,0.019802,1.2471,7.30756950e+00,FAR_FIELD
1911,CPE4,0.293756,0.379775,2.91965902e-04,0.017087,1.4254,1.44710083e+01,FAR_FIELD
1912,CPE4,0.291657,0.611285,3.56815755e-04,0.018890,1.1365,1.52816391e+01,FAR_FIELD
1913,CPE4,0.206162,0.390633,3.71247530e-04,0.019268,1.0949,6.41052103e+00,FAR_FIELD
1914,CPE4,0.188944,0.615734,4.16357070e-04,0.020405,1.0657,5.36641026e+00,FAR_FIELD
1915,CPE4,0.104762,0.635343,2.60163099e-04,0.016130,1.3441,1.51804328e+00,FAR_FIELD
1916,CPE4,0.141467,0.631610,2.21986324e-04,0.014899,1.5051,2.08830428e+00,FAR_FIELD
1917,CPE4,0.714457,0.871422,4.13149595e-04,0.020326,1.4706,5.08877945e+00,FAR_FIELD
1918,CPE4,0.517831,0.914558,2.87488103e-04,0.016955,1.2333,2.19966555e+00,FAR_FIELD
1919,CPE4,0.518972,0.877285,3.29911709e-04,0.018163,1.1093,2.98375416e+00,FAR_FIELD
1920,CPE4,0.430616,0.899415,3.47808003e-04,0.018650,1.1162,3.77361345e+00,FAR_FIELD
1921,CPE4,0.323610,0.873066,3.05444002e-04,0.017477,1.0679,5.12698507e+00,FAR_FIELD
1922,CPE4,0.359091,0.887921,3.31416726e-04,0.018205,1.1135,4.64801168e+00,FAR_FIELD
1923,CPE4,0.360122,0.907103,3.32668424e-04,0.018239,1.1164,4.54516029e+00,FAR_FIELD
1924,CPE4,0.635535,0.896385,3.67671251e-04,0.019175,1.2892,6.46827412e+00,FAR_FIELD
1925,CPE4,0.134625,0.360267,3.60989943e-04,0.019000,1.4078,1.23415375e+00,FAR_FIELD
1926,CPE4,0.122610,0.140979,2.12951563e-04,0.014593,1.6893,2.77638555e+00,FAR_FIELD
1927,CPE4,0.127803,0.200998,2.63005495e-04,0.016217,1.3929,3.90768886e+00,FAR_FIELD
1928,CPE4,0.129789,0.282832,3.82827595e-04,0.019566,1.1295,5.20065165e+00,FAR_FIELD
1929,CPE4,0.840646,0.095180,2.59909779e-04,0.016122,1.0994,9.65381622e+00,FAR_FIELD
1930,CPE4,0.815842,0.110783,2.50462443e-04,0.015826,1.5881,8.85796165e+00,FAR_FIELD
1931,CPE4,0.143418,0.374857,3.37561592e-04,0.018373,1.3923,6.03807986e-01,FAR_FIELD
1932,CPE4,0.152623,0.387030,1.93070620e-04,0.013895,1.4360,1.23556304e+00,FAR_FIELD
1933,CPE4,0.364634,0.620446,3.51555645e-04,0.018750,1.1656,2.66514549e+01,FAR_FIELD
1934,CPE4,0.892372,0.236820,3.18363309e-04,0.017843,1.2405,8.10527420e+00,FAR_FIELD
1935,CPE4,0.591249,0.493910,4.59164381e-04,0.021428,1.2237,7.06448593e+01,CRACK_TIP
1936,CPE4,0.566204,0.540436,2.95132399e-04,0.017179,1.1021,2.01370792e+01,CRACK_TIP
1937,CPE4,0.181913,0.953227,3.49819660e-04,0.018703,1.0092,3.27198124e+00,FAR_FIELD
1938,CPE4,0.182717,0.934531,3.46884131e-04,0.018625,1.0118,3.37574267e+00,FAR_FIELD
1939,CPE4,0.572812,0.444659,3.62701714e-04,0.019045,1.0806,3.45602341e+01,CRACK_TIP
1940,CPE4,0.885108,0.573393,2.18212605e-04,0.014772,1.2561,1.51900139e+01,LIGAMENT
1941,CPE4,0.118455,0.731042,2.93161720e-04,0.017122,1.1238,4.09898949e+00,FAR_FIELD
1942,CPE4,0.681176,0.871886,2.78294086e-04,0.016682,1.2659,4.41133451e+00,FAR_FIELD
1943,CPE4,0.132164,0.593369,2.47377902e-04,0.015728,1.1718,1.20618129e+00,CRACK_WAKE
1944,CPE4,0.465875,0.876729,3.63692641e-04,0.019071,1.1498,3.37633276e+00,FAR_FIELD
1945,CPE4,0.115086,0.849583,3.30910087e-04,0.018191,1.9008,1.54404318e+00,FAR_FIELD
1946,CPE4,0.888651,0.845973,3.08692455e-04,0.017570,1.1591,5.37280130e+00,FAR_FIELD
1947,CPE4,0.877706,0.197628,3.95528972e-04,0.019888,1.1158,4.01643467e+00,FAR_FIELD
1948,CPE4,0.851599,0.125578,3.38938087e-04,0.018410,1.2092,1.06979818e+01,FAR_FIELD
1949,CPE4,0.761433,0.866677,2.63869762e-04,0.016244,1.2627,7.31384611e+00,FAR_FIELD
1950,CPE4,0.218382,0.880278,2.80059874e-04,0.016735,1.1870,5.39231777e+00,FAR_FIELD
1951,CPE4,0.118749,0.747041,2.73458660e-04,0.016537,1.1707,4.07930326e+00,FAR_FIELD
1952,CPE4,0.290431,0.591373,3.65555286e-04,0.019120,1.0998,1.45896568e+01,CRACK_WAKE
1953,CPE4,0.263178,0.401339,3.26491892e-04,0.018069,1.1277,1.22131977e+01,CRACK_WAKE
1954,CPE4,0.212427,0.577411,3.47938389e-04,0.018653,1.0702,4.37901545e+00,CRACK_WAKE
1955,CPE4,0.208677,0.409984,3.62001359e-04,0.019026,1.0668,6.45698833e+00,CRACK_WAKE
1956,CPE4,0.248469,0.424497,3.90805304e-04,0.019769,1.0979,1.16900253e+01,CRACK_WAKE
1957,CPE4,0.805660,0.096905,2.87495553e-04,0.016956,1.1517,1.15753889e+01,FAR_FIELD
1958,CPE4,0.100779,0.095825,3.16792401e-04,0.017799,1.1526,6.20749855e+00,FAR_FIELD
1959,CPE4,0.129804,0.116925,3.07725277e-04,0.017542,1.1868,6.10659790e+00,FAR_FIELD
1960,CPE4,0.532187,0.432582,3.50378454e-04,0.018718,1.1033,3.23256493e+01,CRACK_TIP
1961,CPE4,0.616085,0.921006,2.47955322e-04,0.015747,1.7455,5.09669590e+00,FAR_FIELD
1962,CPE4,0.143266,0.127493,2.52705999e-04,0.015897,1.4995,5.83531713e+00,FAR_FIELD
1963,CPE4,0.138384,0.143107,3.13164666e-04,0.017696,1.1837,5.19747257e+00,FAR_FIELD
1964,CPE4,0.837966,0.486445,3.30060720e-04,0.018168,1.2902,5.17561293e+00,LIGAMENT
1965,CPE4,0.525260,0.363112,4.15258110e-04,0.020378,1.1055,1.67200985e+01,FAR_FIELD
1966,CPE4,0.549411,0.542156,2.62722373e-04,0.016209,1.1359,2.52652321e+01,CRACK_TIP
1967,CPE4,0.546715,0.408078,4.73327935e-04,0.021756,1.1999,2.44593143e+01,LIGAMENT
1968,CPE4,0.193533,0.114360,4.26985323e-04,0.020664,1.2881,7.48900604e+00,FAR_FIELD
1969,CPE4,0.885820,0.364408,1.87233090e-04,0.013683,1.7083,1.05581436e+01,FAR_FIELD
1970,CPE4,0.892520,0.332042,1.88663602e-04,0.013735,1.3691,8.56785965e+00,FAR_FIELD
1971,CPE4,0.548875,0.098898,2.79296190e-04,0.016712,1.7536,2.37778974e+00,FAR_FIELD
1972,CPE4,0.906160,0.165604,2.99356878e-04,0.017302,1.3541,5.07958221e+00,FAR_FIELD
1973,CPE4,0.279359,0.397386,2.56475061e-04,0.016015,1.2450,1.23500032e+01,FAR_FIELD
1974,CPE4,0.087976,0.629579,2.68593431e-04,0.016389,1.1588,1.38333821e+00,FAR_FIELD
1975,CPE4,0.568822,0.869964,3.30448151e-04,0.018178,1.1256,1.70876586e+00,FAR_FIELD
1976,CPE4,0.125883,0.176754,3.81517224e-04,0.019532,1.2290,7.26307106e+00,FAR_FIELD
1977,CPE4,0.115655,0.191109,2.74953432e-04,0.016582,1.3255,5.79574442e+00,FAR_FIELD
1978,CPE4,0.609794,0.466877,4.57838178e-04,0.021397,1.2579,3.42242432e+01,LIGAMENT
1979,CPE4,0.572572,0.500874,3.63618135e-04,0.019069,1.0708,8.17964630e+01,CRACK_TIP
1980,CPE4,0.767087,0.841698,3.39150429e-04,0.018416,1.3242,1.09348640e+01,FAR_FIELD
1981,CPE4,0.775193,0.858851,3.07798386e-04,0.017544,1.1820,8.34041786e+00,FAR_FIELD
1982,CPE4,0.213654,0.865231,2.45749950e-04,0.015676,1.3283,6.98024654e+00,FAR_FIELD
1983,CPE4,0.183477,0.916129,3.38196754e-04,0.018390,1.0347,3.41236663e+00,FAR_FIELD
1984,CPE4,0.118666,0.714583,3.06099653e-04,0.017496,1.1481,3.96454930e+00,FAR_FIELD
1985,CPE4,0.235551,0.582620,2.90900469e-04,0.017056,1.4145,7.53720236e+00,CRACK_WAKE
1986,CPE4,0.245596,0.404656,3.64933163e-04,0.019103,1.1014,1.04336910e+01,CRACK_WAKE
1987,CPE4,0.277936,0.380292,3.00619751e-04,0.017338,1.1961,1.35032291e+01,FAR_FIELD
1988,CPE4,0.228623,0.564726,4.57290560e-04,0.021384,1.3043,7.37179852e+00,CRACK_WAKE
1989,CPE4,0.207586,0.606059,4.41186130e-04,0.021004,1.2048,5.14174032e+00,FAR_FIELD
1990,CPE4,0.224671,0.387549,3.76526266e-04,0.019404,1.0994,8.75703907e+00,FAR_FIELD
1991,CPE4,0.229354,0.427254,3.84964049e-04,0.019621,1.0594,1.03041105e+01,CRACK_WAKE
1992,CPE4,0.829968,0.115164,2.50332057e-04,0.015822,1.6302,6.64840603e+00,FAR_FIELD
1993,CPE4,0.125444,0.091617,3.36424913e-04,0.018342,1.3819,6.90524817e+00,FAR_FIELD
1994,CPE4,0.119905,0.762798,2.72914767e-04,0.016520,1.1015,4.67702627e+00,FAR_FIELD
1995,CPE4,0.469722,0.663959,2.70992517e-04,0.016462,1.5993,1.75237446e+01,FAR_FIELD
1996,CPE4,0.470955,0.640418,2.43440270e-04,0.015603,1.0945,2.26443806e+01,FAR_FIELD
1997,CPE4,0.435332,0.649231,3.24711204e-04,0.018020,1.1328,2.64524612e+01,FAR_FIELD
1998,CPE4,0.592004,0.443935,3.83034348e-04,0.019571,1.1657,3.39367218e+01,LIGAMENT
1999,CPE4,0.249414,0.144442,2.47081742e-04,0.015719,1.6186,5.71254063e+00,FAR_FIELD
2000,CPE4,0.785943,0.134932,4.01131809e-04,0.020028,1.1416,1.39418554e+01,FAR_FIELD
2001,CPE4,0.768387,0.145562,3.98706645e-04,0.019968,1.0900,1.21219978e+01,FAR_FIELD
2002,CPE4,0.438875,0.118596,2.91272998e-04,0.017067,1.5250,4.91069412e+00,FAR_FIELD
2003,CPE4,0.859675,0.322838,3.11240554e-04,0.017642,1.4619,1.36730518e+01,FAR_FIELD
2004,CPE4,0.873962,0.298752,3.46653163e-04,0.018619,1.2749,6.62872553e+00,FAR_FIELD
2005,CPE4,0.882241,0.645643,3.40670347e-04,0.018457,1.1201,1.01457071e+01,FAR_FIELD
2006,CPE4,0.886747,0.621887,3.52203846e-04,0.018767,1.1110,1.60290871e+01,FAR_FIELD
2007,CPE4,0.430062,0.879701,3.54900956e-04,0.018839,1.1181,3.74547148e+00,FAR_FIELD
2008,CPE4,0.540644,0.631183,3.14995646e-04,0.017748,1.1660,2.09134922e+01,FAR_FIELD
2009,CPE4,0.524203,0.633629,3.24591994e-04,0.018016,1.2327,1.62052269e+01,FAR_FIELD
2010,CPE4,0.643355,0.878405,4.20510769e-04,0.020506,1.1767,3.79727030e+00,FAR_FIELD
2011,CPE4,0.661696,0.883274,3.37332487e-04,0.018367,1.4626,1.89931536e+00,FAR_FIELD
2012,CPE4,0.265180,0.148056,3.86748463e-04,0.019666,1.2655,7.71320820e+00,FAR_FIELD
2013,CPE4,0.427061,0.634024,2.97605991e-04,0.017251,1.2943,3.02582703e+01,FAR_FIELD
2014,CPE4,0.392414,0.654235,4.62308526e-04,0.021501,1.2125,2.72266788e+01,FAR_FIELD
2015,CPE4,0.373753,0.359348,4.53140587e-04,0.021287,1.3913,1.07998314e+01,FAR_FIELD
2016,CPE4,0.399981,0.356032,2.92964280e-04,0.017116,1.3311,1.92846146e+01,FAR_FIELD
2017,CPE4,0.868280,0.376733,3.42696905e-04,0.018512,1.3860,1.27084064e+01,FAR_FIELD
2018,CPE4,0.866742,0.594356,2.22206116e-04,0.014907,1.7073,1.17058563e+01,LIGAMENT
2019,CPE4,0.859368,0.614731,3.33458185e-04,0.018261,1.3033,1.51632719e+01,FAR_FIELD
2020,CPE4,0.877904,0.254191,2.35855579e-04,0.015358,1.5562,6.70032454e+00,FAR_FIELD
2021,CPE4,0.855840,0.271634,2.03497708e-04,0.014265,1.3676,8.95596123e+00,FAR_FIELD
2022,CPE4,0.303654,0.151338,4.70023602e-04,0.021680,1.2972,6.64354467e+00,FAR_FIELD
2023,CPE4,0.364799,0.140619,3.67095694e-04,0.019160,1.2430,7.81327868e+00,FAR_FIELD
2024,CPE4,0.345775,0.147344,4.89775091e-04,0.022131,1.2657,5.80487490e+00,FAR_FIELD
2025,CPE4,0.349704,0.644898,4.21226025e-04,0.020524,1.1951,2.32259026e+01,FAR_FIELD
2026,CPE4,0.346953,0.624132,3.77289951e-04,0.019424,1.1653,2.44217587e+01,FAR_FIELD
2027,CPE4,0.141344,0.337053,2.75749713e-04,0.016606,1.7414,3.35150385e+00,FAR_FIELD
2028,CPE4,0.390512,0.144012,3.42534855e-04,0.018508,1.4279,9.76157761e+00,FAR_FIELD
2029,CPE4,0.124834,0.826128,2.73641199e-04,0.016542,1.8895,2.22544241e+00,FAR_FIELD
2030,CPE4,0.145939,0.790750,4.13514674e-04,0.020335,1.2903,6.55623388e+00,FAR_FIELD
2031,CPE4,0.127473,0.809997,3.10916454e-04,0.017633,1.3513,4.00359440e+00,FAR_FIELD
2032,CPE4,0.872730,0.563513,2.44975090e-04,0.015652,1.1633,1.30115089e+01,LIGAMENT
2033,CPE4,0.876012,0.584068,2.39998102e-04,0.015492,1.3896,7.01062727e+00,LIGAMENT
2034,CPE4,0.881840,0.527859,2.58550048e-04,0.016079,1.2323,4.50881815e+00,LIGAMENT
2035,CPE4,0.893277,0.219670,3.59512866e-04,0.018961,1.2022,7.12509632e+00,FAR_FIELD
2036,CPE4,0.465601,0.856391,3.77029181e-04,0.019417,1.1282,3.44376278e+00,FAR_FIELD
2037,CPE4,0.330377,0.647918,4.07703221e-04,0.020192,1.1812,2.04919186e+01,FAR_FIELD
2038,CPE4,0.196541,0.634005,3.99645418e-04,0.019991,1.0783,4.55323029e+00,FAR_FIELD
2039,CPE4,0.308321,0.379986,2.36306340e-04,0.015372,1.5667,1.56100521e+01,FAR_FIELD
2040,CPE4,0.202245,0.371022,4.10817564e-04,0.020269,1.2224,7.47734499e+00,FAR_FIELD
2041,CPE4,0.119595,0.681186,3.21868807e-04,0.017941,1.1743,3.29792976e+00,FAR_FIELD
2042,CPE4,0.119198,0.697917,3.18627805e-04,0.017850,1.1654,4.49390221e+00,FAR_FIELD
2043,CPE4,0.149931,0.876470,3.51257622e-04,0.018742,1.0787,3.33974099e+00,FAR_FIELD
2044,CPE4,0.869582,0.848256,3.42965126e-04,0.018519,1.2462,5.14398623e+00,FAR_FIELD
2045,CPE4,0.155099,0.091599,3.79171688e-04,0.019472,1.1739,6.83750057e+00,FAR_FIELD
2046,CPE4,0.857955,0.483433,3.21820378e-04,0.017939,1.2750,3.30218649e+00,LIGAMENT
2047,CPE4,0.875258,0.464905,3.37153673e-04,0.018362,1.2376,2.99050069e+00,LIGAMENT
2048,CPE4,0.484651,0.085778,3.77470627e-04,0.019429,1.0907,5.24858093e+00,FAR_FIELD
2049,CPE4,0.511613,0.053173,3.61220911e-04,0.019006,1.1101,2.96923804e+00,FAR_FIELD
2050,CPE4,0.570656,0.425505,4.08597291e-04,0.020214,1.0603,2.12118950e+01,LIGAMENT
2051,CPE4,0.629891,0.446694,3.81052494e-04,0.019521,1.2615,2.61548195e+01,LIGAMENT
2052,CPE4,0.525829,0.088560,3.09038907e-04,0.017580,1.2058,2.79968023e+00,FAR_FIELD
2053,CPE4,0.166212,0.599740,2.32331455e-04,0.015242,1.5052,3.25597811e+00,CRACK_WAKE
2054,CPE4,0.148929,0.620985,2.05785036e-04,0.014345,1.2870,1.67827177e+00,FAR_FIELD
2055,CPE4,0.494005,0.102210,3.29272822e-04,0.018146,1.0701,4.52361774e+00,FAR_FIELD
2056,CPE4,0.464046,0.123083,3.61826271e-04,0.019022,1.0421,6.48781729e+00,FAR_FIELD
2057,CPE4,0.376464,0.885799,3.40864062e-04,0.018463,1.0986,4.62187719e+00,FAR_FIELD
2058,CPE4,0.394227,0.883674,3.50460410e-04,0.018721,1.0800,4.42309904e+00,FAR_FIELD
2059,CPE4,0.585428,0.876734,3.57449055e-04,0.018906,1.1174,1.08365774e+00,FAR_FIELD
2060,CPE4,0.579093,0.895603,3.89933586e-04,0.019747,1.1573,1.20247531e+00,FAR_FIELD
2061,CPE4,0.338637,0.853703,2.82168388e-04,0.016798,1.1438,6.15742731e+00,FAR_FIELD
2062,CPE4,0.355352,0.848904,3.70547175e-04,0.019250,1.3111,6.07501602e+00,FAR_FIELD
2063,CPE4,0.774267,0.077553,2.30250880e-04,0.015174,1.3060,9.92935848e+00,FAR_FIELD
2064,CPE4,0.411245,0.861936,3.58596444e-04,0.018937,1.1118,4.14101791e+00,FAR_FIELD
2065,CPE4,0.446196,0.837347,3.85835767e-04,0.019643,1.1369,3.37750173e+00,FAR_FIELD
2066,CPE4,0.574350,0.851935,3.40864062e-04,0.018463,1.1094,1.58524132e+00,FAR_FIELD
2067,CPE4,0.861541,0.553273,1.94832683e-04,0.013958,1.1796,1.31994486e+01,LIGAMENT
2068,CPE4,0.844982,0.517038,2.77727842e-04,0.016665,1.3491,1.25279646e+01,LIGAMENT
2069,CPE4,0.930610,0.755810,1.83433294e-04,0.013544,1.5635,5.68220520e+00,FAR_FIELD
2070,CPE4,0.912008,0.409077,2.80216336e-04,0.016740,1.5231,1.11153851e+01,LIGAMENT
2071,CPE4,0.161524,0.664605,4.27927822e-04,0.020686,1.3913,6.44996023e+00,FAR_FIELD
2072,CPE4,0.139423,0.681933,3.53787094e-04,0.018809,1.2476,5.02521944e+00,FAR_FIELD
2073,CPE4,0.166806,0.107838,3.60208564e-04,0.018979,1.1761,5.94091415e+00,FAR_FIELD
2074,CPE4,0.181909,0.097296,3.86056956e-04,0.019648,1.1443,6.93191338e+00,FAR_FIELD
2075,CPE4,0.153797,0.230240,3.23260203e-04,0.017979,1.2639,5.37385416e+00,FAR_FIELD
2076,CPE4,0.139266,0.211723,2.62971036e-04,0.016216,1.6797,5.84807873e+00,FAR_FIELD
2077,CPE4,0.158928,0.131139,2.80803069e-04,0.016757,1.6368,2.94395828e+00,FAR_FIELD
2078,CPE4,0.478793,0.111850,3.36641446e-04,0.018348,1.0616,5.36388731e+00,FAR_FIELD
2079,CPE4,0.882255,0.755950,3.09556723e-04,0.017594,1.0919,6.77770615e+00,FAR_FIELD
2080,CPE4,0.448131,0.134798,4.33182344e-04,0.020813,1.1648,9.15468502e+00,FAR_FIELD
2081,CPE4,0.419072,0.160438,2.75751576e-04,0.016606,1.3745,8.56317806e+00,FAR_FIELD
2082,CPE4,0.580830,0.136297,3.97142023e-04,0.019928,1.2234,3.77451682e+00,FAR_FIELD
2083,CPE4,0.552782,0.133164,4.48305160e-04,0.021173,1.5055,2.38582468e+00,FAR_FIELD
2084,CPE4,0.877488,0.326223,3.20613384e-04,0.017906,1.2836,1.25224276e+01,FAR_FIELD
2085,CPE4,0.747153,0.871466,2.60710716e-04,0.016147,1.2531,5.80356073e+00,FAR_FIELD
2086,CPE4,0.257087,0.835426,3.25955451e-04,0.018054,1.6829,7.69627094e+00,FAR_FIELD
2087,CPE4,0.255392,0.616641,3.62493098e-04,0.019039,1.0332,1.10644302e+01,FAR_FIELD
2088,CPE4,0.236336,0.599891,3.19927931e-04,0.017887,1.5390,9.12806606e+00,CRACK_WAKE
2089,CPE4,0.591164,0.463480,3.28496099e-04,0.018124,1.5982,2.91264019e+01,CRACK_TIP
2090,CPE4,0.869538,0.630287,3.78608704e-04,0.019458,1.2516,1.08458309e+01,FAR_FIELD
2091,CPE4,0.873650,0.343137,3.11449170e-04,0.017648,1.1655,1.18172293e+01,FAR_FIELD
2092,CPE4,0.869268,0.359606,3.38852406e-04,0.018408,1.2765,1.60597572e+01,FAR_FIELD
2093,CPE4,0.866513,0.692152,3.17156315e-04,0.017809,1.1935,7.48407936e+00,FAR_FIELD
2094,CPE4,0.728135,0.146169,2.62975693e-04,0.016217,1.5721,8.95269108e+00,FAR_FIELD
2095,CPE4,0.742904,0.136740,3.91528010e-04,0.019787,1.1270,1.12883558e+01,FAR_FIELD
2096,CPE4,0.423003,0.359173,2.93992460e-04,0.017146,1.9281,7.27574539e+00,FAR_FIELD
2097,CPE4,0.409753,0.366106,1.94586813e-04,0.013949,1.4676,1.96931915e+01,FAR_FIELD
2098,CPE4,0.841683,0.720820,2.34067440e-04,0.015299,1.2251,3.83312154e+00,FAR_FIELD
2099,CPE4,0.860395,0.726781,2.29001045e-04,0.015133,1.2611,7.68677330e+00,FAR_FIELD
2100,CPE4,0.840842,0.361474,4.17768955e-04,0.020439,1.2083,9.81470013e+00,FAR_FIELD
2101,CPE4,0.507901,0.636889,3.53023410e-04,0.018789,1.4541,1.32784462e+01,FAR_FIELD
2102,CPE4,0.139614,0.646991,3.33081931e-04,0.018251,1.3848,2.26810908e+00,FAR_FIELD
2103,CPE4,0.344996,0.353881,5.01319766e-04,0.022390,1.2746,8.94991207e+00,FAR_FIELD
2104,CPE4,0.160414,0.366186,3.12305987e-04,0.017672,1.1833,3.08952761e+00,FAR_FIELD
2105,CPE4,0.119186,0.664420,3.14220786e-04,0.017726,1.2728,2.59352779e+00,FAR_FIELD
2106,CPE4,0.254296,0.597374,3.47219408e-04,0.018634,1.1222,9.49837112e+00,CRACK_WAKE
2107,CPE4,0.273718,0.613763,3.54729593e-04,0.018834,1.0825,1.28652964e+01,FAR_FIELD
2108,CPE4,0.852027,0.451402,3.33458185e-04,0.018261,1.2594,6.23907042e+00,LIGAMENT
2109,CPE4,0.165973,0.896993,3.50840390e-04,0.018731,1.0469,3.35246205e+00,FAR_FIELD
2110,CPE4,0.839636,0.186525,4.21002507e-04,0.020518,1.2792,4.43127203e+00,FAR_FIELD
2111,CPE4,0.178731,0.853322,3.74175608e-04,0.019344,1.1067,6.75358868e+00,FAR_FIELD
2112,CPE4,0.665962,0.865048,3.25530767e-04,0.018042,1.2015,5.64591312e+00,FAR_FIELD
2113,CPE4,0.700205,0.838682,5.43266535e-04,0.023308,1.3823,1.10922012e+01,FAR_FIELD
2114,CPE4,0.447230,0.857798,3.71277332e-04,0.019269,1.1164,3.46065021e+00,FAR_FIELD
2115,CPE4,0.566275,0.385343,4.36827540e-04,0.020900,1.0900,1.48008060e+01,FAR_FIELD
2116,CPE4,0.262977,0.167174,2.86951661e-04,0.016940,1.4599,5.20698071e+00,FAR_FIELD
2117,CPE4,0.443886,0.691813,3.92749906e-04,0.019818,1.0913,2.13710003e+01,FAR_FIELD
2118,CPE4,0.483762,0.667397,2.72855163e-04,0.016518,1.5455,4.67750359e+00,FAR_FIELD
2119,CPE4,0.335269,0.178215,2.99230218e-04,0.017298,1.6581,6.78291321e+00,FAR_FIELD
2120,CPE4,0.415717,0.691429,4.71472740e-04,0.021713,1.1268,2.19515724e+01,FAR_FIELD
2121,CPE4,0.864007,0.284611,2.59160995e-04,0.016098,1.1039,6.19957781e+00,FAR_FIELD
2122,CPE4,0.827255,0.284173,3.12551856e-04,0.017679,1.3314,1.31702614e+01,FAR_FIELD
2123,CPE4,0.358478,0.189550,4.33260575e-04,0.020815,1.3036,5.96344185e+00,FAR_FIELD
2124,CPE4,0.416703,0.136358,3.66916880e-04,0.019155,1.1957,8.39645004e+00,FAR_FIELD
2125,CPE4,0.392916,0.188725,2.96346843e-04,0.017215,1.4516,7.49019146e+00,FAR_FIELD
2126,CPE4,0.849386,0.530319,2.09018588e-04,0.014457,1.3991,1.19761591e+01,LIGAMENT
2127,CPE4,0.163218,0.953290,3.50870192e-04,0.018732,1.0044,3.06850457e+00,FAR_FIELD
2128,CPE4,0.163991,0.934501,3.55064869e-04,0.018843,1.0137,3.13487363e+00,FAR_FIELD
2129,CPE4,0.306503,0.855632,2.88635492e-04,0.016989,1.1901,4.52309465e+00,FAR_FIELD
2130,CPE4,0.732419,0.855143,2.19285488e-04,0.014808,1.6249,5.24884033e+00,FAR_FIELD
2131,CPE4,0.385928,0.634676,3.55392694e-04,0.018852,1.1809,2.76740971e+01,FAR_FIELD
2132,CPE4,0.354796,0.663484,2.99923122e-04,0.017318,1.4956,2.03765297e+01,FAR_FIELD
2133,CPE4,0.872244,0.237802,4.18081880e-04,0.020447,1.4108,1.24666443e+01,FAR_FIELD
2134,CPE4,0.825477,0.224792,3.31342220e-04,0.018203,1.3537,4.90427113e+00,FAR_FIELD
2135,CPE4,0.520205,0.858229,3.45006585e-04,0.018574,1.1389,3.53466797e+00,FAR_FIELD
2136,CPE4,0.166985,0.786426,4.27540392e-04,0.020677,1.1986,7.33794117e+00,FAR_FIELD
2137,CPE4,0.853065,0.586041,2.47180462e-04,0.015722,1.8874,8.12388039e+00,LIGAMENT
2138,CPE4,0.842034,0.547873,1.81630254e-04,0.013477,1.2585,1.38144474e+01,LIGAMENT
2139,CPE4,0.832265,0.131077,3.61651182e-04,0.019017,1.3102,1.03554144e+01,FAR_FIELD
2140,CPE4,0.867882,0.173174,3.15152109e-04,0.017753,1.5452,6.04910231e+00,FAR_FIELD
2141,CPE4,0.169137,0.304362,3.71487811e-04,0.019274,1.0770,6.72245741e+00,FAR_FIELD
2142,CPE4,0.152483,0.350057,3.79648060e-04,0.019485,1.3387,4.80824757e+00,FAR_FIELD
2143,CPE4,0.583950,0.537611,3.52174044e-04,0.018766,1.0931,2.07249832e+01,CRACK_TIP
2144,CPE4,0.221544,0.346457,3.93860042e-04,0.019846,1.2673,9.67052841e+00,FAR_FIELD
2145,CPE4,0.803040,0.123128,4.10184264e-04,0.020253,1.2416,1.43896370e+01,FAR_FIELD
2146,CPE4,0.357590,0.372353,4.15951014e-04,0.020395,1.2098,7.85538340e+00,FAR_FIELD
2147,CPE4,0.402146,0.331753,2.82507390e-04,0.016808,1.0937,1.83370571e+01,FAR_FIELD
2148,CPE4,0.829062,0.733120,3.69071960e-04,0.019211,1.4749,8.49544907e+00,FAR_FIELD
2149,CPE4,0.192400,0.864464,2.88449228e-04,0.016984,1.4817,5.87742519e+00,FAR_FIELD
2150,CPE4,0.233541,0.830847,3.25225294e-04,0.018034,1.1375,8.75619507e+00,FAR_FIELD
2151,CPE4,0.822916,0.850758,1.84476376e-04,0.013582,1.3961,4.91592073e+00,FAR_FIELD
2152,CPE4,0.152730,0.732838,2.47422606e-04,0.015730,1.0984,4.51402283e+00,FAR_FIELD
2153,CPE4,0.569236,0.574771,3.19361687e-04,0.017871,1.0633,9.70248604e+00,LIGAMENT
2154,CPE4,0.587687,0.573855,3.33875418e-04,0.018272,1.1062,1.28212910e+01,LIGAMENT
2155,CPE4,0.152665,0.247461,3.71597707e-04,0.019277,1.1562,5.96690941e+00,FAR_FIELD
2156,CPE4,0.132022,0.245778,3.84958461e-04,0.019620,1.1603,5.71585655e+00,FAR_FIELD
2157,CPE4,0.145009,0.915314,4.06026840e-04,0.020150,1.1933,3.88613844e+00,FAR_FIELD
2158,CPE4,0.292752,0.631348,3.55176628e-04,0.018846,1.2016,1.54726048e+01,FAR_FIELD
2159,CPE4,0.879607,0.497445,3.02344561e-04,0.017388,1.2423,4.02399206e+00,LIGAMENT
2160,CPE4,0.862977,0.513921,2.63184309e-04,0.016223,1.2999,7.49448156e+00,LIGAMENT
2161,CPE4,0.517774,0.110401,2.78610736e-04,0.016692,1.0908,3.24131227e+00,FAR_FIELD
2162,CPE4,0.348281,0.830740,3.38062644e-04,0.018386,1.4124,1.07352657e+01,FAR_FIELD
2163,CPE4,0.536736,0.878423,3.18065286e-04,0.017834,1.1960,2.71298742e+00,FAR_FIELD
2164,CPE4,0.561616,0.828395,3.43605876e-04,0.018537,1.0674,2.97546315e+00,FAR_FIELD
2165,CPE4,0.136044,0.731798,2.74021178e-04,0.016554,1.1121,4.35074472e+00,FAR_FIELD
2166,CPE4,0.138143,0.699108,3.24428082e-04,0.018012,1.1541,4.10451651e+00,FAR_FIELD
2167,CPE4,0.197135,0.085544,3.53981275e-04,0.018814,1.5313,8.71557999e+00,FAR_FIELD
2168,CPE4,0.170658,0.079985,4.07989603e-04,0.020199,1.2782,6.58475256e+00,FAR_FIELD
2169,CPE4,0.157499,0.179229,3.72514129e-04,0.019301,1.2714,3.69371867e+00,FAR_FIELD
2170,CPE4,0.176854,0.126388,4.64453362e-04,0.021551,1.3634,5.04142666e+00,FAR_FIELD
2171,CPE4,0.152552,0.162607,3.03322449e-04,0.017416,1.5792,3.62791657e+00,FAR_FIELD
2172,CPE4,0.458630,0.356613,3.08245420e-04,0.017557,1.5576,1.52820997e+01,FAR_FIELD
2173,CPE4,0.559677,0.167950,2.79635191e-04,0.016722,1.5533,2.34474611e+00,FAR_FIELD
2174,CPE4,0.744652,0.856444,1.55687332e-04,0.012477,1.5898,4.53017807e+00,FAR_FIELD
2175,CPE4,0.717725,0.848964,4.42296267e-04,0.021031,1.5647,1.02531700e+01,FAR_FIELD
2176,CPE4,0.218817,0.841790,3.17104161e-04,0.017807,1.0564,8.07956791e+00,FAR_FIELD
2177,CPE4,0.229097,0.857217,3.59535217e-04,0.018961,1.2306,9.31840420e+00,FAR_FIELD
2178,CPE4,0.750752,0.154646,3.63089144e-04,0.019055,1.0861,1.07119007e+01,FAR_FIELD
2179,CPE4,0.701038,0.136760,2.43496150e-04,0.015604,1.1137,4.97389698e+00,FAR_FIELD
2180,CPE4,0.716706,0.137680,2.36146152e-04,0.015367,1.5251,7.55828857e+00,FAR_FIELD
2181,CPE4,0.440334,0.357681,4.10459936e-04,0.020260,1.2878,7.43428946e+00,FAR_FIELD
2182,CPE4,0.849905,0.379943,3.90321016e-04,0.019757,1.2264,1.26014938e+01,FAR_FIELD
2183,CPE4,0.889138,0.344877,1.73524022e-04,0.013173,1.7837,1.00340366e+01,FAR_FIELD
2184,CPE4,0.885279,0.685752,3.60578299e-04,0.018989,1.2237,1.08636971e+01,FAR_FIELD
2185,CPE4,0.178049,0.641833,3.61390412e-04,0.019010,1.1474,4.39927101e+00,FAR_FIELD
2186,CPE4,0.314402,0.335362,6.08168542e-04,0.024661,1.3262,1.76484280e+01,FAR_FIELD
2187,CPE4,0.313454,0.360322,4.36693430e-04,0.020897,1.5767,2.16595993e+01,FAR_FIELD
2188,CPE4,0.335342,0.331950,5.38066030e-04,0.023196,1.4910,1.31467171e+01,FAR_FIELD
2189,CPE4,0.868396,0.431888,3.43918800e-04,0.018545,1.2466,4.80596304e+00,LIGAMENT
2190,CPE4,0.841233,0.502132,3.15576792e-04,0.017764,1.3119,8.81653023e+00,LIGAMENT
2191,CPE4,0.855176,0.467459,3.32862139e-04,0.018245,1.2579,4.15907478e+00,LIGAMENT
2192,CPE4,0.154625,0.858623,3.38971615e-04,0.018411,1.2908,2.63494420e+00,FAR_FIELD
2193,CPE4,0.565444,0.364985,4.15943563e-04,0.020395,1.0586,1.39812126e+01,FAR_FIELD
2194,CPE4,0.479600,0.652582,2.16901302e-04,0.014728,1.2894,1.48524389e+01,FAR_FIELD
2195,CPE4,0.410574,0.643589,4.02063131e-04,0.020052,1.0816,2.89617977e+01,FAR_FIELD
2196,CPE4,0.836151,0.601309,3.22520733e-04,0.017959,1.1649,1.59881258e+01,FAR_FIELD
2197,CPE4,0.876184,0.911409,1.80184841e-04,0.013423,1.3872,7.23566771e+00,FAR_FIELD
2198,CPE4,0.862157,0.905034,3.07172537e-04,0.017526,1.1978,1.01048393e+01,FAR_FIELD
2199,CPE4,0.847948,0.813672,2.97784805e-04,0.017256,1.6380,9.92949200e+00,FAR_FIELD
2200,CPE4,0.848322,0.866333,3.42309475e-04,0.018502,1.0714,1.03549795e+01,FAR_FIELD
2201,CPE4,0.832243,0.861365,2.31117010e-04,0.015203,1.6013,1.02179346e+01,FAR_FIELD
2202,CPE4,0.256427,0.853589,3.10309231e-04,0.017616,1.4645,4.25149775e+00,FAR_FIELD
2203,CPE4,0.289721,0.873781,3.21857631e-04,0.017940,1.1371,4.57355642e+00,FAR_FIELD
2204,CPE4,0.673409,0.847302,3.57717276e-04,0.018913,1.1643,8.05520058e+00,FAR_FIELD
2205,CPE4,0.691548,0.808705,3.67760658e-04,0.019177,1.5226,1.12376404e+01,FAR_FIELD
2206,CPE4,0.851940,0.213002,4.67002392e-04,0.021610,1.2446,1.81763804e+00,FAR_FIELD
2207,CPE4,0.501408,0.876361,3.47152352e-04,0.018632,1.1461,3.10670781e+00,FAR_FIELD
2208,CPE4,0.465025,0.836073,3.86953354e-04,0.019671,1.0760,3.42988300e+00,FAR_FIELD
2209,CPE4,0.135907,0.747249,2.53029168e-04,0.015907,1.1532,4.18294811e+00,FAR_FIELD
2210,CPE4,0.135970,0.761741,2.09923834e-04,0.014489,1.3241,3.77826619e+00,FAR_FIELD
2211,CPE4,0.820388,0.184521,3.39962542e-04,0.018438,1.1220,5.43708611e+00,FAR_FIELD
2212,CPE4,0.855331,0.142744,3.48474830e-04,0.018667,1.1215,1.06890593e+01,FAR_FIELD
2213,CPE4,0.130790,0.264318,3.87950800e-04,0.019696,1.1298,5.55750179e+00,FAR_FIELD
2214,CPE4,0.147560,0.321256,3.89654189e-04,0.019740,1.3439,5.31043482e+00,FAR_FIELD
2215,CPE4,0.831918,0.566418,3.43367457e-04,0.018530,1.2879,2.01396980e+01,LIGAMENT
2216,CPE4,0.170791,0.342700,3.86921689e-04,0.019670,1.2327,5.07010698e+00,FAR_FIELD
2217,CPE4,0.168138,0.323579,4.10366803e-04,0.020258,1.2252,6.23163128e+00,FAR_FIELD
2218,CPE4,0.257287,0.635736,3.46526504e-04,0.018615,1.0859,1.14314127e+01,FAR_FIELD
2219,CPE4,0.239272,0.639584,3.66136432e-04,0.019135,1.1229,9.59585953e+00,FAR_FIELD
2220,CPE4,0.258047,0.345497,3.21552157e-04,0.017932,1.0957,1.03626766e+01,FAR_FIELD
2221,CPE4,0.314511,0.668813,2.60315835e-04,0.016134,1.5172,1.31440468e+01,FAR_FIELD
2222,CPE4,0.276079,0.652044,3.13013792e-04,0.017692,1.1746,1.27723455e+01,FAR_FIELD
2223,CPE4,0.236033,0.142545,1.99072994e-04,0.014109,1.2515,3.80602431e+00,FAR_FIELD
2224,CPE4,0.184967,0.147080,4.68193553e-04,0.021638,1.3643,3.98119760e+00,FAR_FIELD
2225,CPE4,0.795403,0.151826,4.27074730e-04,0.020666,1.3946,1.44530535e+01,FAR_FIELD
2226,CPE4,0.868350,0.777762,3.82095575e-04,0.019547,1.0821,4.28898716e+00,FAR_FIELD
2227,CPE4,0.863685,0.759628,3.66389751e-04,0.019141,1.1479,7.50686598e+00,FAR_FIELD
2228,CPE4,0.754619,0.829290,3.54915857e-04,0.018839,1.2891,1.36596527e+01,FAR_FIELD
2229,CPE4,0.821478,0.873253,3.30537558e-04,0.018181,1.2455,1.13261957e+01,FAR_FIELD
2230,CPE4,0.570351,0.592378,3.20613384e-04,0.017906,1.0241,1.36398220e+01,LIGAMENT
2231,CPE4,0.571939,0.610101,3.09884548e-04,0.017604,1.0436,1.62598343e+01,FAR_FIELD
2232,CPE4,0.377446,0.905000,3.35380435e-04,0.018313,1.0963,4.44217157e+00,FAR_FIELD
2233,CPE4,0.837203,0.148113,3.24431807e-04,0.018012,1.1143,9.16096592e+00,FAR_FIELD
2234,CPE4,0.820463,0.153615,2.50641257e-04,0.015832,1.5153,1.11668777e+01,FAR_FIELD
2235,CPE4,0.618795,0.888570,3.25083733e-04,0.018030,1.1848,3.01858878e+00,FAR_FIELD
2236,CPE4,0.152351,0.748322,2.52008438e-04,0.015875,1.1119,4.18611383e+00,FAR_FIELD
2237,CPE4,0.597714,0.514321,4.07919288e-04,0.020197,1.1186,3.64099922e+01,CRACK_TIP
2238,CPE4,0.453417,0.107527,3.42708081e-04,0.018512,1.0966,6.71282005e+00,FAR_FIELD
2239,CPE4,0.152880,0.116536,2.45437492e-04,0.015666,1.4345,5.25187206e+00,FAR_FIELD
2240,CPE4,0.502735,0.117113,2.62662768e-04,0.016207,1.1493,3.84125304e+00,FAR_FIELD
2241,CPE4,0.510028,0.094600,3.25758010e-04,0.018049,1.0947,3.74779677e+00,FAR_FIELD
2242,CPE4,0.412857,0.901046,3.44425440e-04,0.018559,1.0932,4.03997850e+00,FAR_FIELD
2243,CPE4,0.833134,0.707610,2.94327736e-04,0.017156,1.1090,2.93137980e+00,FAR_FIELD
2244,CPE4,0.838524,0.332589,3.25813890e-04,0.018050,1.4245,7.86153126e+00,FAR_FIELD
2245,CPE4,0.626346,0.910534,2.16990709e-04,0.014731,1.4108,4.33027458e+00,FAR_FIELD
2246,CPE4,0.183043,0.660277,4.28929925e-04,0.020711,1.2250,5.88693523e+00,FAR_FIELD
2247,CPE4,0.579362,0.519033,3.58834863e-04,0.018943,1.1035,2.65866547e+01,CRACK_TIP
2248,CPE4,0.606798,0.573573,3.70651484e-04,0.019252,1.3355,3.38943329e+01,LIGAMENT
2249,CPE4,0.591266,0.423737,4.24124300e-04,0.020594,1.0901,2.14507389e+01,LIGAMENT
2250,CPE4,0.827930,0.345625,3.54781747e-04,0.018836,1.3669,7.26843166e+00,FAR_FIELD
2251,CPE4,0.823971,0.370443,3.26484442e-04,0.018069,1.1213,1.15306454e+01,FAR_FIELD
2252,CPE4,0.823824,0.692767,3.41445208e-04,0.018478,1.0724,3.50757909e+00,FAR_FIELD
2253,CPE4,0.818657,0.717708,3.15815210e-04,0.017771,1.0936,4.16177654e+00,FAR_FIELD
2254,CPE4,0.373475,0.846232,3.87728214e-04,0.019691,1.2701,5.53046417e+00,FAR_FIELD
2255,CPE4,0.596713,0.838602,3.71828675e-04,0.019283,1.1305,1.34222496e+00,FAR_FIELD
2256,CPE4,0.156631,0.701206,3.09623778e-04,0.017596,1.1623,4.19313002e+00,FAR_FIELD
2257,CPE4,0.513184,0.147585,2.28337944e-04,0.015111,1.4113,1.29332018e+00,FAR_FIELD
2258,CPE4,0.612027,0.136509,3.84926796e-04,0.019620,1.2935,7.02415228e+00,FAR_FIELD
2259,CPE4,0.717061,0.167998,2.99151987e-04,0.017296,1.1496,5.15641880e+00,FAR_FIELD
2260,CPE4,0.441614,0.336781,3.61204147e-04,0.019005,1.4605,1.85854225e+01,FAR_FIELD
2261,CPE4,0.831760,0.454461,3.36274505e-04,0.018338,1.2801,1.02228546e+01,LIGAMENT
2262,CPE4,0.828624,0.438573,3.22207808e-04,0.017950,1.2782,1.30605907e+01,LIGAMENT
2263,CPE4,0.564989,0.344738,3.88368964e-04,0.019707,1.0798,1.21519489e+01,FAR_FIELD
2264,CPE4,0.832536,0.831824,2.78860331e-04,0.016699,1.2145,4.78235006e+00,FAR_FIELD
2265,CPE4,0.856871,0.800953,3.21120024e-04,0.017920,1.6528,6.91080141e+00,FAR_FIELD
2266,CPE4,0.291742,0.835037,3.43292952e-04,0.018528,1.2672,4.60098982e+00,FAR_FIELD
2267,CPE4,0.307807,0.837673,2.83539295e-04,0.016839,1.2527,3.92891169e+00,FAR_FIELD
2268,CPE4,0.522720,0.839061,3.52591276e-04,0.018777,1.0872,4.62180758e+00,FAR_FIELD
2269,CPE4,0.826652,0.523469,3.56271863e-04,0.018875,1.3793,1.92077942e+01,LIGAMENT
2270,CPE4,0.802861,0.511378,3.40476632e-04,0.018452,1.1405,1.28144865e+01,LIGAMENT
2271,CPE4,0.259490,0.363913,3.37846577e-04,0.018381,1.0612,1.15356445e+01,FAR_FIELD
2272,CPE4,0.275881,0.669609,2.29835510e-04,0.015160,1.4341,1.04231539e+01,FAR_FIELD
2273,CPE4,0.186109,0.880282,3.22468579e-04,0.017957,1.3032,3.05510449e+00,FAR_FIELD
2274,CPE4,0.845422,0.899271,3.13311815e-04,0.017701,1.2583,1.11910410e+01,FAR_FIELD
2275,CPE4,0.818463,0.898752,2.99960375e-04,0.017319,1.3986,1.15486746e+01,FAR_FIELD
2276,CPE4,0.169298,0.719785,2.04481184e-04,0.014300,1.3249,2.90430212e+00,FAR_FIELD
2277,CPE4,0.632759,0.486375,4.20764089e-04,0.020513,1.0942,3.51999359e+01,LIGAMENT
2278,CPE4,0.648402,0.464906,3.04654241e-04,0.017454,1.6359,3.67128448e+01,LIGAMENT
2279,CPE4,0.831870,0.668730,3.58283520e-04,0.018928,1.1758,4.48448420e+00,FAR_FIELD
2280,CPE4,0.858715,0.677030,3.35246325e-04,0.018310,1.1281,6.96601057e+00,FAR_FIELD
2281,CPE4,0.166842,0.767107,3.65946442e-04,0.019130,1.2644,4.64562845e+00,FAR_FIELD
2282,CPE4,0.854443,0.542113,1.72212720e-04,0.013123,1.2661,1.54169855e+01,LIGAMENT
2283,CPE4,0.834521,0.536738,2.26020813e-04,0.015034,1.7490,1.32586708e+01,LIGAMENT
2284,CPE4,0.171617,0.267004,3.71385366e-04,0.019271,1.0709,6.90343618e+00,FAR_FIELD
2285,CPE4,0.863205,0.415453,3.41206789e-04,0.018472,1.1826,5.75807714e+00,LIGAMENT
2286,CPE4,0.190906,0.208272,4.26817685e-04,0.020660,1.3880,3.43401790e+00,FAR_FIELD
2287,CPE4,0.165778,0.195729,3.18198465e-04,0.017838,1.1046,2.62421632e+00,FAR_FIELD
2288,CPE4,0.584280,0.343590,3.87601554e-04,0.019688,1.0633,7.34661674e+00,FAR_FIELD
2289,CPE4,0.240204,0.346556,3.45215201e-04,0.018580,1.1167,1.03215628e+01,FAR_FIELD
2290,CPE4,0.241137,0.365716,3.64102423e-04,0.019081,1.0563,1.03564548e+01,FAR_FIELD
2291,CPE4,0.259518,0.654265,3.02568078e-04,0.017394,1.1757,1.05941458e+01,FAR_FIELD
2292,CPE4,0.492456,0.335043,3.33234668e-04,0.018255,1.2270,3.63570571e+00,FAR_FIELD
2293,CPE4,0.168362,0.156134,2.98930332e-04,0.017290,1.5476,4.31363726e+00,FAR_FIELD
2294,CPE4,0.832222,0.888651,3.24726105e-04,0.018020,1.2940,8.19386768e+00,FAR_FIELD
2295,CPE4,0.256661,0.327298,2.93359160e-04,0.017128,1.2157,1.01653099e+01,FAR_FIELD
2296,CPE4,0.243118,0.658365,3.21574509e-04,0.017932,1.1538,9.75390434e+00,FAR_FIELD
2297,CPE4,0.844287,0.419447,3.20926309e-04,0.017914,1.2110,1.05894575e+01,LIGAMENT
2298,CPE4,0.842734,0.762104,5.00440598e-04,0.022371,1.3381,8.19353485e+00,FAR_FIELD
2299,CPE4,0.875160,0.795339,3.52144241e-04,0.018766,1.1029,3.79153275e+00,FAR_FIELD
2300,CPE4,0.881159,0.812523,3.31193209e-04,0.018199,1.0756,4.68293142e+00,FAR_FIELD
2301,CPE4,0.530644,0.303620,3.04646790e-04,0.017454,1.3596,9.10391331e+00,FAR_FIELD
2302,CPE4,0.529343,0.322950,3.33443284e-04,0.018260,1.2136,1.06512356e+01,FAR_FIELD
2303,CPE4,0.607908,0.381366,4.10228968e-04,0.020254,1.0403,9.95508385e+00,FAR_FIELD
2304,CPE4,0.589461,0.403638,4.27015126e-04,0.020664,1.0844,1.41676455e+01,LIGAMENT
2305,CPE4,0.277734,0.811820,3.87422740e-04,0.019683,1.4574,5.01854897e+00,FAR_FIELD
2306,CPE4,0.780289,0.813447,3.50862741e-04,0.018731,1.1852,6.57566500e+00,FAR_FIELD
2307,CPE4,0.782255,0.832540,3.52263451e-04,0.018769,1.3634,6.60368013e+00,FAR_FIELD
2308,CPE4,0.163821,0.840444,4.72098589e-04,0.021728,1.3644,6.01370573e+00,FAR_FIELD
2309,CPE4,0.475833,0.138560,3.70798633e-04,0.019256,1.1257,6.38402081e+00,FAR_FIELD
2310,CPE4,0.228942,0.178732,3.55472788e-04,0.018854,1.3307,3.97548032e+00,FAR_FIELD
2311,CPE4,0.207831,0.198044,3.84211540e-04,0.019601,1.8899,8.58190155e+00,FAR_FIELD
2312,CPE4,0.828133,0.549243,2.55033374e-04,0.015970,1.6147,1.57246218e+01,LIGAMENT
2313,CPE4,0.813267,0.567730,3.24994326e-04,0.018028,1.0311,1.80480061e+01,LIGAMENT
2314,CPE4,0.527314,0.135416,1.66352838e-04,0.012898,1.6347,2.70594430e+00,FAR_FIELD
2315,CPE4,0.875136,0.137719,4.27003950e-04,0.020664,1.2305,1.03845930e+01,FAR_FIELD
2316,CPE4,0.620756,0.591999,1.98826194e-04,0.014101,1.3349,7.14642239e+00,LIGAMENT
2317,CPE4,0.312738,0.693050,2.87272036e-04,0.016949,1.1666,7.30528498e+00,FAR_FIELD
2318,CPE4,0.188760,0.339926,2.57471576e-04,0.016046,1.3625,5.85072660e+00,FAR_FIELD
2319,CPE4,0.121555,0.642002,2.80082226e-04,0.016736,1.3745,1.66588831e+00,FAR_FIELD
2320,CPE4,0.847759,0.783734,5.03808260e-04,0.022446,1.2704,2.74883604e+00,FAR_FIELD
2321,CPE4,0.272366,0.326061,2.45608389e-04,0.015672,1.3550,8.84686375e+00,FAR_FIELD
2322,CPE4,0.208092,0.163111,3.08180228e-04,0.017555,1.1613,3.29159760e+00,FAR_FIELD
2323,CPE4,0.197588,0.183842,2.61990353e-04,0.016186,1.3721,3.81881404e+00,FAR_FIELD
2324,CPE4,0.798875,0.811871,3.12268734e-04,0.017671,1.6271,1.14763575e+01,FAR_FIELD
2325,CPE4,0.272239,0.310014,2.86072493e-04,0.016914,1.6098,1.11463718e+01,FAR_FIELD
2326,CPE4,0.278593,0.685361,2.79709697e-04,0.016725,1.9387,9.18165493e+00,FAR_FIELD
2327,CPE4,0.263460,0.690284,3.00124288e-04,0.017324,1.6195,1.17952805e+01,FAR_FIELD
2328,CPE4,0.240296,0.309206,2.89257616e-04,0.017008,1.1663,8.90399551e+00,FAR_FIELD
2329,CPE4,0.232369,0.683125,3.60675156e-04,0.018991,1.2098,8.82702351e+00,FAR_FIELD
2330,CPE4,0.540422,0.842462,3.29285860e-04,0.018146,1.0790,3.34783244e+00,FAR_FIELD
2331,CPE4,0.526309,0.820489,3.35916877e-04,0.018328,1.0557,4.54761648e+00,FAR_FIELD
2332,CPE4,0.312538,0.819531,3.42547894e-04,0.018508,1.4381,5.47746086e+00,FAR_FIELD
2333,CPE4,0.700033,0.153023,2.65244395e-04,0.016286,1.2026,3.38218522e+00,FAR_FIELD
2334,CPE4,0.370128,0.315195,3.11203301e-04,0.017641,1.1617,5.61105156e+00,FAR_FIELD
2335,CPE4,0.353860,0.323673,4.01310623e-04,0.020033,1.2160,6.93743086e+00,FAR_FIELD
2336,CPE4,0.471059,0.346982,2.90349126e-04,0.017040,1.5827,1.80328655e+01,FAR_FIELD
2337,CPE4,0.203833,0.776146,2.26221979e-04,0.015041,1.4192,6.81401730e+00,FAR_FIELD
2338,CPE4,0.150329,0.764316,2.45247036e-04,0.015660,1.6692,2.54930139e+00,FAR_FIELD
2339,CPE4,0.737751,0.180278,3.65775079e-04,0.019125,1.1257,8.56847954e+00,FAR_FIELD
2340,CPE4,0.718804,0.186254,3.83663923e-04,0.019587,1.1221,5.74510765e+00,FAR_FIELD
2341,CPE4,0.461984,0.323906,2.81065702e-04,0.016765,1.1236,1.13317862e+01,FAR_FIELD
2342,CPE4,0.447053,0.317133,3.21149826e-04,0.017921,1.3815,1.38399401e+01,FAR_FIELD
2343,CPE4,0.206747,0.306950,3.15424055e-04,0.017760,1.0382,7.91246891e+00,FAR_FIELD
2344,CPE4,0.750330,0.804385,2.75701284e-04,0.016604,1.5524,1.16649609e+01,FAR_FIELD
2345,CPE4,0.602833,0.534304,3.98471951e-04,0.019962,1.0884,2.19974709e+01,LIGAMENT
2346,CPE4,0.495761,0.315617,3.37548554e-04,0.018372,1.2450,4.03034782e+00,FAR_FIELD
2347,CPE4,0.612604,0.422717,4.93556261e-04,0.022216,1.2245,1.85801163e+01,LIGAMENT
2348,CPE4,0.832439,0.386355,3.28958035e-04,0.018137,1.1194,1.21198044e+01,FAR_FIELD
2349,CPE4,0.787497,0.700089,1.71273947e-04,0.013087,1.4756,9.29257011e+00,FAR_FIELD
2350,CPE4,0.527458,0.342723,3.73132527e-04,0.019317,1.1404,1.34889784e+01,FAR_FIELD
2351,CPE4,0.171539,0.212494,3.25277448e-04,0.018035,1.2173,3.68855619e+00,FAR_FIELD
2352,CPE4,0.585765,0.363587,4.08604741e-04,0.020214,1.0439,6.28720045e+00,FAR_FIELD
2353,CPE4,0.155857,0.146850,2.81288289e-04,0.016772,1.4461,6.88969421e+00,FAR_FIELD
2354,CPE4,0.631887,0.851055,4.02212143e-04,0.020055,1.1354,3.75192952e+00,FAR_FIELD
2355,CPE4,0.625416,0.870518,3.72797251e-04,0.019308,1.0669,3.32223725e+00,FAR_FIELD
2356,CPE4,0.375161,0.866342,3.50922346e-04,0.018733,1.1297,4.76971531e+00,FAR_FIELD
2357,CPE4,0.506227,0.163192,3.74659896e-04,0.019356,1.2388,1.90357828e+00,FAR_FIELD
2358,CPE4,0.429165,0.859692,3.63141298e-04,0.019056,1.1295,3.70839286e+00,FAR_FIELD
2359,CPE4,0.591289,0.857823,3.55690718e-04,0.018860,1.1196,1.26284266e+00,FAR_FIELD
2360,CPE4,0.589452,0.609214,3.03953886e-04,0.017434,1.0333,8.09833527e+00,FAR_FIELD
2361,CPE4,0.270271,0.786655,2.54616141e-04,0.015957,1.2335,4.00116491e+00,FAR_FIELD
2362,CPE4,0.216087,0.230857,4.92699444e-04,0.022197,1.2814,1.01007004e+01,FAR_FIELD
2363,CPE4,0.740167,0.819583,3.28093767e-04,0.018113,1.4008,1.17024231e+01,FAR_FIELD
2364,CPE4,0.778707,0.776196,3.63290310e-04,0.019060,1.1074,2.90348220e+00,FAR_FIELD
2365,CPE4,0.315627,0.717532,2.74471939e-04,0.016567,1.1979,5.61350250e+00,FAR_FIELD
2366,CPE4,0.842444,0.647774,2.52008438e-04,0.015875,1.3481,7.61766720e+00,FAR_FIELD
2367,CPE4,0.583325,0.814103,3.66300344e-04,0.019139,1.0862,2.47043014e+00,FAR_FIELD
2368,CPE4,0.384168,0.814313,2.42620707e-04,0.015576,1.4473,1.02834358e+01,FAR_FIELD
2369,CPE4,0.409890,0.841957,3.64899635e-04,0.019102,1.1635,4.74669790e+00,FAR_FIELD
2370,CPE4,0.821819,0.407528,2.77608633e-04,0.016662,1.2195,1.44229393e+01,LIGAMENT
2371,CPE4,0.806560,0.425106,2.99662352e-04,0.017311,1.3135,1.71791801e+01,LIGAMENT
2372,CPE4,0.629522,0.144084,2.98500061e-04,0.017277,1.2106,7.25994349e+00,FAR_FIELD
2373,CPE4,0.212513,0.181226,2.91883945e-04,0.017085,1.4563,2.89388347e+00,FAR_FIELD
2374,CPE4,0.286324,0.319541,3.15260142e-04,0.017756,1.6549,7.20288372e+00,FAR_FIELD
2375,CPE4,0.301366,0.681217,3.35887074e-04,0.018327,1.4987,5.06763220e+00,FAR_FIELD
2376,CPE4,0.277215,0.718139,4.59477305e-04,0.021435,1.3918,5.11479282e+00,FAR_FIELD
2377,CPE4,0.224573,0.290650,2.89570540e-04,0.017017,1.0894,8.00092793e+00,FAR_FIELD
2378,CPE4,0.223238,0.326865,3.20587307e-04,0.017905,1.1090,8.92911625e+00,FAR_FIELD
2379,CPE4,0.179075,0.689206,3.13840806e-04,0.017716,1.4746,4.45703268e+00,FAR_FIELD
2380,CPE4,0.614345,0.193148,2.57056206e-04,0.016033,1.1071,5.85676050e+00,FAR_FIELD
2381,CPE4,0.599381,0.189445,2.56996602e-04,0.016031,1.0897,5.81683350e+00,FAR_FIELD
2382,CPE4,0.295626,0.814596,3.87251377e-04,0.019679,1.2968,4.69776011e+00,FAR_FIELD
2383,CPE4,0.637483,0.506216,4.35173512e-04,0.020861,1.0415,2.87211227e+01,LIGAMENT
2384,CPE4,0.622459,0.530302,4.21985984e-04,0.020542,1.0424,2.00305882e+01,LIGAMENT
2385,CPE4,0.346894,0.285434,2.89589167e-04,0.017017,1.2105,8.29232121e+00,FAR_FIELD
2386,CPE4,0.191410,0.797931,3.45744193e-04,0.018594,1.3587,7.93644381e+00,FAR_FIELD
2387,CPE4,0.185177,0.765415,2.87041068e-04,0.016942,1.2273,6.19834375e+00,FAR_FIELD
2388,CPE4,0.825536,0.422942,2.99647450e-04,0.017310,1.2840,1.44667702e+01,LIGAMENT
2389,CPE4,0.813061,0.745106,4.55647707e-04,0.021346,1.2801,5.31433249e+00,FAR_FIELD
2390,CPE4,0.797218,0.688244,3.51607800e-04,0.018751,1.4204,1.36241455e+01,FAR_FIELD
2391,CPE4,0.654027,0.482548,4.53725457e-04,0.021301,1.1959,3.19917469e+01,LIGAMENT
2392,CPE4,0.847214,0.883146,2.77668238e-04,0.016663,1.1844,5.33203411e+00,FAR_FIELD
2393,CPE4,0.192895,0.249188,3.92254442e-04,0.019805,1.0725,7.68594742e+00,FAR_FIELD
2394,CPE4,0.173018,0.248325,3.75628471e-04,0.019381,1.1254,6.67740679e+00,FAR_FIELD
2395,CPE4,0.806644,0.529234,4.10690904e-04,0.020266,1.3410,2.17699852e+01,LIGAMENT
2396,CPE4,0.579139,0.833258,3.55035067e-04,0.018842,1.0951,2.04703879e+00,FAR_FIELD
2397,CPE4,0.282875,0.793080,2.35617161e-04,0.015350,1.5211,4.06571865e+00,FAR_FIELD
2398,CPE4,0.262307,0.804121,3.57374549e-04,0.018904,1.5008,5.75892830e+00,FAR_FIELD
2399,CPE4,0.224092,0.816770,3.11478972e-04,0.017649,1.1678,8.28059196e+00,FAR_FIELD
2400,CPE4,0.266844,0.182649,2.58164480e-04,0.016067,1.4229,6.40927267e+00,FAR_FIELD
2401,CPE4,0.375127,0.698762,2.99580395e-04,0.017308,1.3511,1.86614418e+01,FAR_FIELD
2402,CPE4,0.356116,0.680517,2.89313495e-04,0.017009,1.5856,8.85317707e+00,FAR_FIELD
2403,CPE4,0.302209,0.708632,3.27162445e-04,0.018088,1.2826,5.77175093e+00,FAR_FIELD
2404,CPE4,0.812576,0.676620,4.46796417e-04,0.021138,1.2794,4.27144480e+00,FAR_FIELD
2405,CPE4,0.826234,0.310676,2.86817551e-04,0.016936,1.5942,1.07869883e+01,FAR_FIELD
2406,CPE4,0.815038,0.331703,3.00884247e-04,0.017346,1.1847,8.95173359e+00,FAR_FIELD
2407,CPE4,0.840201,0.633830,2.79724598e-04,0.016725,1.6079,1.30366268e+01,FAR_FIELD
2408,CPE4,0.849669,0.291926,2.62096524e-04,0.016189,1.0741,1.04037066e+01,FAR_FIELD
2409,CPE4,0.476988,0.168988,5.44488430e-04,0.023334,1.3586,7.58579063e+00,FAR_FIELD
2410,CPE4,0.461599,0.151577,4.34961170e-04,0.020856,1.1788,7.90101528e+00,FAR_FIELD
2411,CPE4,0.181497,0.726357,2.34331936e-04,0.015308,1.5884,2.98777318e+00,FAR_FIELD
2412,CPE4,0.168263,0.878159,3.46593559e-04,0.018617,1.1334,2.43009996e+00,FAR_FIELD
2413,CPE4,0.192798,0.839176,3.67715955e-04,0.019176,1.1615,7.95257330e+00,FAR_FIELD
2414,CPE4,0.811432,0.457376,3.42875719e-04,0.018517,1.2543,1.50587759e+01,LIGAMENT
2415,CPE4,0.547151,0.304828,3.37839127e-04,0.018380,1.2291,9.94569969e+00,FAR_FIELD
2416,CPE4,0.569334,0.180429,2.85565853e-04,0.016899,1.6522,4.91525412e+00,FAR_FIELD
2417,CPE4,0.475921,0.298980,2.13168561e-04,0.014600,1.3881,1.51025257e+01,FAR_FIELD
2418,CPE4,0.499758,0.297810,2.79709697e-04,0.016725,1.2704,4.88660192e+00,FAR_FIELD
2419,CPE4,0.802614,0.342616,2.65374780e-04,0.016290,1.0826,1.08616686e+01,FAR_FIELD
2420,CPE4,0.547483,0.805595,3.47033143e-04,0.018629,1.0586,4.44441700e+00,FAR_FIELD
2421,CPE4,0.497145,0.181931,5.57255000e-04,0.023606,1.3472,4.46119499e+00,FAR_FIELD
2422,CPE4,0.190929,0.268525,3.58812511e-04,0.018942,1.0216,7.46000957e+00,FAR_FIELD
2423,CPE4,0.824722,0.789921,6.05672598e-04,0.024610,1.1869,4.60714197e+00,FAR_FIELD
2424,CPE4,0.256202,0.308439,3.10141593e-04,0.017611,1.3612,1.01949997e+01,FAR_FIELD
2425,CPE4,0.262036,0.282305,3.40778381e-04,0.018460,1.2963,8.78882885e+00,FAR_FIELD
2426,CPE4,0.242059,0.700518,4.33214009e-04,0.020814,1.5992,6.64189911e+00,FAR_FIELD
2427,CPE4,0.247510,0.675922,2.63102353e-04,0.016220,1.3111,9.18014812e+00,FAR_FIELD
2428,CPE4,0.224297,0.712856,5.61550260e-04,0.023697,1.1293,1.24408979e+01,FAR_FIELD
2429,CPE4,0.464168,0.816143,3.66017222e-04,0.019132,1.1149,3.52757525e+00,FAR_FIELD
2430,CPE4,0.529959,0.802055,3.34396958e-04,0.018287,1.0935,4.82011747e+00,FAR_FIELD
2431,CPE4,0.801329,0.792790,4.81605530e-04,0.021946,1.2553,6.31264782e+00,FAR_FIELD
2432,CPE4,0.584154,0.186080,2.54157931e-04,0.015942,1.1774,5.15092468e+00,FAR_FIELD
2433,CPE4,0.335544,0.790893,3.08692455e-04,0.017570,1.0220,1.04001360e+01,FAR_FIELD
2434,CPE4,0.322832,0.803932,3.45274806e-04,0.018582,1.2172,1.09018660e+01,FAR_FIELD
2435,CPE4,0.383944,0.307483,2.04265118e-04,0.014292,1.3659,8.06483364e+00,FAR_FIELD
2436,CPE4,0.348942,0.304096,3.42417508e-04,0.018505,1.2394,8.11108398e+00,FAR_FIELD
2437,CPE4,0.185433,0.749356,2.27957964e-04,0.015098,1.5229,4.97490168e+00,FAR_FIELD
2438,CPE4,0.217117,0.769515,1.36129558e-04,0.011667,1.7831,5.87686825e+00,FAR_FIELD
2439,CPE4,0.170928,0.806531,4.99583781e-04,0.022351,1.4476,8.14697742e+00,FAR_FIELD
2440,CPE4,0.780860,0.183125,4.32789326e-04,0.020804,1.3150,9.51643944e+00,FAR_FIELD
2441,CPE4,0.699724,0.189053,3.87985259e-04,0.019697,1.1765,3.97832060e+00,FAR_FIELD
2442,CPE4,0.391951,0.319852,2.51233578e-04,0.015850,1.2047,1.32606134e+01,FAR_FIELD
2443,CPE4,0.467208,0.308930,2.12989748e-04,0.014594,1.2599,1.10351887e+01,FAR_FIELD
2444,CPE4,0.622298,0.337721,3.79271805e-04,0.019475,1.1001,7.07951975e+00,FAR_FIELD
2445,CPE4,0.485826,0.288770,2.71834433e-04,0.016487,1.2703,8.78214073e+00,FAR_FIELD
2446,CPE4,0.609409,0.624933,3.01152468e-04,0.017354,1.1017,8.25238037e+00,FAR_FIELD
2447,CPE4,0.820235,0.635893,3.48865986e-04,0.018678,1.3493,1.37848635e+01,FAR_FIELD
2448,CPE4,0.816813,0.602264,3.39597464e-04,0.018428,1.1931,1.75357876e+01,FAR_FIELD
2449,CPE4,0.816536,0.202034,3.11791897e-04,0.017658,1.1669,3.27220464e+00,FAR_FIELD
2450,CPE4,0.799498,0.199572,2.81445682e-04,0.016776,1.1993,4.26507378e+00,FAR_FIELD
2451,CPE4,0.568427,0.790838,3.50713730e-04,0.018727,1.0226,4.22040606e+00,FAR_FIELD
2452,CPE4,0.564230,0.306104,3.10800970e-04,0.017630,1.1281,8.60953903e+00,FAR_FIELD
2453,CPE4,0.190648,0.677535,3.44712287e-04,0.018566,1.5074,6.77776003e+00,FAR_FIELD
2454,CPE4,0.192313,0.735830,2.47739255e-04,0.015740,1.5028,5.08593464e+00,FAR_FIELD
2455,CPE4,0.793221,0.288419,2.34797597e-04,0.015323,1.2591,9.81412125e+00,FAR_FIELD
2456,CPE4,0.810208,0.287637,3.24979424e-04,0.018027,1.3103,1.31013536e+01,FAR_FIELD
2457,CPE4,0.796971,0.602343,3.48180532e-04,0.018660,1.2390,1.90686398e+01,FAR_FIELD
2458,CPE4,0.642713,0.525947,4.22298908e-04,0.020550,1.0489,1.83475952e+01,LIGAMENT
2459,CPE4,0.787398,0.735031,3.31312418e-04,0.018202,1.1106,3.29841113e+00,FAR_FIELD
2460,CPE4,0.215573,0.803061,2.92271376e-04,0.017096,1.2303,7.81023836e+00,FAR_FIELD
2461,CPE4,0.688030,0.122167,2.14766711e-04,0.014655,1.2724,3.10295939e+00,FAR_FIELD
2462,CPE4,0.627680,0.379632,4.16018069e-04,0.020397,1.3974,4.97081184e+00,FAR_FIELD
2463,CPE4,0.373004,0.681090,3.61472368e-04,0.019012,1.3369,1.01738253e+01,FAR_FIELD
2464,CPE4,0.334792,0.688589,2.63601542e-04,0.016236,1.1566,7.14553356e+00,FAR_FIELD
2465,CPE4,0.276499,0.198040,4.28467989e-04,0.020699,1.1481,8.72307110e+00,FAR_FIELD
2466,CPE4,0.398085,0.802997,3.93509865e-04,0.019837,1.2711,1.24929762e+01,FAR_FIELD
2467,CPE4,0.604959,0.799673,3.30924988e-04,0.018191,1.3223,3.69430494e+00,FAR_FIELD
2468,CPE4,0.621749,0.802384,3.58477235e-04,0.018933,1.6850,6.67167854e+00,FAR_FIELD
2469,CPE4,0.524707,0.168928,3.78351659e-04,0.019451,1.2286,3.37388968e+00,FAR_FIELD
2470,CPE4,0.201826,0.761894,2.44289637e-04,0.015630,1.1602,6.04553127e+00,FAR_FIELD
2471,CPE4,0.168606,0.733181,2.13660300e-04,0.014617,1.4590,5.82775497e+00,FAR_FIELD
2472,CPE4,0.700329,0.170137,2.80793756e-04,0.016757,1.2155,3.59775233e+00,FAR_FIELD
2473,CPE4,0.669595,0.162835,3.02344561e-04,0.017388,1.3685,8.38685608e+00,FAR_FIELD
2474,CPE4,0.587191,0.794379,4.00498509e-04,0.020012,1.1827,2.23610902e+00,FAR_FIELD
2475,CPE4,0.663130,0.147293,3.10380012e-04,0.017618,1.2986,4.10866499e+00,FAR_FIELD
2476,CPE4,0.545064,0.151883,3.08793038e-04,0.017573,1.4532,2.99889970e+00,FAR_FIELD
2477,CPE4,0.652788,0.561781,3.08156013e-04,0.017554,1.2172,1.04634018e+01,LIGAMENT
2478,CPE4,0.594473,0.643438,3.03685665e-04,0.017427,1.0234,1.23123188e+01,FAR_FIELD
2479,CPE4,0.388374,0.687622,3.59117985e-04,0.018950,1.5851,1.30939112e+01,FAR_FIELD
2480,CPE4,0.360990,0.709489,3.51838768e-04,0.018757,1.2827,1.31334753e+01,FAR_FIELD
2481,CPE4,0.208460,0.827484,3.35998833e-04,0.018330,1.1724,8.18887424e+00,FAR_FIELD
2482,CPE4,0.279754,0.229230,3.47640365e-04,0.018645,1.3413,9.08350849e+00,FAR_FIELD
2483,CPE4,0.262161,0.225944,3.80696729e-04,0.019511,1.2399,1.07590275e+01,FAR_FIELD
2484,CPE4,0.223233,0.780254,2.32666731e-04,0.015253,1.2371,6.85307121e+00,FAR_FIELD
2485,CPE4,0.235720,0.772916,1.74783170e-04,0.013221,1.4286,6.25218344e+00,FAR_FIELD
2486,CPE4,0.543454,0.171633,3.84464860e-04,0.019608,1.4366,3.76855493e+00,FAR_FIELD
2487,CPE4,0.235243,0.238647,3.94240022e-04,0.019855,1.3400,1.07310972e+01,FAR_FIELD
2488,CPE4,0.656994,0.174806,3.15815210e-04,0.017771,1.2614,9.80367947e+00,FAR_FIELD
2489,CPE4,0.801251,0.398846,2.01731920e-04,0.014203,1.3663,1.14279299e+01,FAR_FIELD
2490,CPE4,0.781639,0.719411,2.49594450e-04,0.015799,1.1640,3.04088855e+00,FAR_FIELD
2491,CPE4,0.769830,0.740535,3.32325697e-04,0.018230,1.0748,3.04391694e+00,FAR_FIELD
2492,CPE4,0.208768,0.789492,2.65613198e-04,0.016298,1.3377,7.45736408e+00,FAR_FIELD
2493,CPE4,0.446050,0.164054,4.34491783e-04,0.020844,1.1805,9.91492653e+00,FAR_FIELD
2494,CPE4,0.654600,0.366164,2.82391906e-04,0.016805,1.7117,2.36411018e+01,FAR_FIELD
2495,CPE4,0.626180,0.358273,4.45820391e-04,0.021114,1.1959,1.68626194e+01,FAR_FIELD
2496,CPE4,0.828874,0.812552,4.81843948e-04,0.021951,1.5737,5.24392843e+00,FAR_FIELD
2497,CPE4,0.240876,0.291458,2.77668238e-04,0.016663,1.1386,8.45084476e+00,FAR_FIELD
2498,CPE4,0.285350,0.274054,3.48929316e-04,0.018680,1.3244,1.20045910e+01,FAR_FIELD
2499,CPE4,0.196115,0.694586,3.45557928e-04,0.018589,1.6328,8.06002903e+00,FAR_FIELD
2500,CPE4,0.611047,0.209710,2.88821757e-04,0.016995,1.3199,5.74391890e+00,FAR_FIELD
2501,CPE4,0.359919,0.790069,3.40446830e-04,0.018451,1.0219,1.12045174e+01,FAR_FIELD
2502,CPE4,0.522440,0.271082,2.81497836e-04,0.016778,1.2254,2.89572597e+00,FAR_FIELD
2503,CPE4,0.504191,0.282593,2.12267041e-04,0.014569,1.1398,3.56977391e+00,FAR_FIELD
2504,CPE4,0.624098,0.606931,2.75716186e-04,0.016605,1.1845,8.76641369e+00,FAR_FIELD
2505,CPE4,0.817924,0.490187,3.42428684e-04,0.018505,1.2603,8.73116875e+00,LIGAMENT
2506,CPE4,0.833754,0.206498,3.66397202e-04,0.019142,1.2209,3.24084616e+00,FAR_FIELD
2507,CPE4,0.160447,0.683455,4.18163836e-04,0.020449,1.3690,4.64755249e+00,FAR_FIELD
2508,CPE4,0.384765,0.789102,3.36289406e-04,0.018338,1.0685,1.17335253e+01,FAR_FIELD
2509,CPE4,0.361032,0.818024,3.70442867e-04,0.019247,1.2710,9.53592014e+00,FAR_FIELD
2510,CPE4,0.663807,0.803556,3.25530767e-04,0.018042,1.4732,1.02702875e+01,FAR_FIELD
2511,CPE4,0.214844,0.741354,3.17446887e-04,0.017817,1.5620,8.87355232e+00,FAR_FIELD
2512,CPE4,0.579902,0.202201,2.92319804e-04,0.017097,1.2505,5.15350819e+00,FAR_FIELD
2513,CPE4,0.651582,0.432801,2.85133719e-04,0.016886,1.6993,1.75877438e+01,LIGAMENT
2514,CPE4,0.664625,0.423948,2.94625759e-04,0.017165,1.5523,3.48843918e+01,LIGAMENT
2515,CPE4,0.696786,0.479992,3.27751040e-04,0.018104,1.3154,1.63407803e+01,LIGAMENT
2516,CPE4,0.656264,0.577568,2.17735767e-04,0.014756,1.4192,1.32312622e+01,LIGAMENT
2517,CPE4,0.635261,0.567206,3.30999494e-04,0.018193,1.4975,2.02747440e+01,LIGAMENT
2518,CPE4,0.563989,0.288979,2.26430595e-04,0.015048,1.4233,6.65036869e+00,FAR_FIELD
2519,CPE4,0.675937,0.480012,4.30285931e-04,0.020743,1.3186,2.40639877e+01,LIGAMENT
2520,CPE4,0.646856,0.382909,4.22917306e-04,0.020565,1.2493,1.01984367e+01,FAR_FIELD
2521,CPE4,0.797692,0.585566,2.78875232e-04,0.016700,1.2105,1.82388363e+01,LIGAMENT
2522,CPE4,0.779896,0.339397,2.30193138e-04,0.015172,1.1249,1.42417555e+01,FAR_FIELD
2523,CPE4,0.792522,0.302023,1.95488334e-04,0.013982,1.4017,4.69283581e+00,FAR_FIELD
2524,CPE4,0.799121,0.638823,4.24340367e-04,0.020600,1.2363,1.29044590e+01,FAR_FIELD
2525,CPE4,0.394106,0.297442,2.19911337e-04,0.014829,1.5248,1.25365171e+01,FAR_FIELD
2526,CPE4,0.782292,0.201415,2.93612480e-04,0.017135,1.2019,8.82611275e+00,FAR_FIELD
2527,CPE4,0.453990,0.299367,3.21358442e-04,0.017926,1.2736,1.47739544e+01,FAR_FIELD
2528,CPE4,0.581321,0.304968,3.20650637e-04,0.017907,1.1240,6.10642719e+00,FAR_FIELD
2529,CPE4,0.582839,0.323913,3.57620418e-04,0.018911,1.0947,7.07785892e+00,FAR_FIELD
2530,CPE4,0.481414,0.796739,3.05503607e-04,0.017479,1.1186,4.56210232e+00,FAR_FIELD
2531,CPE4,0.669426,0.185133,2.13764608e-04,0.014621,1.2894,8.18988228e+00,FAR_FIELD
2532,CPE4,0.575370,0.268488,3.44365835e-04,0.018557,1.3765,5.64961529e+00,FAR_FIELD
2533,CPE4,0.579182,0.286769,2.96600163e-04,0.017222,1.1260,6.25485039e+00,FAR_FIELD
2534,CPE4,0.818196,0.619186,3.50326300e-04,0.018717,1.3154,1.49304457e+01,FAR_FIELD
2535,CPE4,0.777068,0.599777,3.81618738e-04,0.019535,1.2922,2.36577072e+01,LIGAMENT
2536,CPE4,0.449048,0.774709,3.60533595e-04,0.018988,1.2840,6.20543861e+00,FAR_FIELD
2537,CPE4,0.319030,0.265434,2.72963196e-04,0.016522,1.5049,1.11146402e+01,FAR_FIELD
2538,CPE4,0.315944,0.285714,3.30433249e-04,0.018178,1.5246,1.29576979e+01,FAR_FIELD
2539,CPE4,0.646278,0.148996,2.91187316e-04,0.017064,1.4652,3.47218704e+00,FAR_FIELD
2540,CPE4,0.484573,0.763970,1.93372369e-04,0.013906,1.3295,4.90589094e+00,FAR_FIELD
2541,CPE4,0.801187,0.181650,3.87318432e-04,0.019680,1.2880,3.77118087e+00,FAR_FIELD
2542,CPE4,0.784612,0.215810,1.79447234e-04,0.013396,1.4467,8.53785992e+00,FAR_FIELD
2543,CPE4,0.770374,0.223516,2.83040106e-04,0.016824,1.2966,1.24347458e+01,FAR_FIELD
2544,CPE4,0.423703,0.280075,3.66855413e-04,0.019153,1.1862,9.40966511e+00,FAR_FIELD
2545,CPE4,0.247857,0.248893,2.03270465e-04,0.014257,1.6132,3.99472284e+00,FAR_FIELD
2546,CPE4,0.337512,0.712371,2.71655619e-04,0.016482,1.1430,9.23200226e+00,FAR_FIELD
2547,CPE4,0.264939,0.761445,3.24025750e-04,0.018001,1.4102,4.09979916e+00,FAR_FIELD
2548,CPE4,0.241060,0.784045,1.55799091e-04,0.012482,1.5363,5.42978764e+00,FAR_FIELD
2549,CPE4,0.244359,0.220228,4.25796956e-04,0.020635,1.3102,9.63050270e+00,FAR_FIELD
2550,CPE4,0.767220,0.349141,2.52753496e-04,0.015898,1.6607,1.10310450e+01,FAR_FIELD
2551,CPE4,0.792838,0.386794,2.74479389e-04,0.016567,1.1448,1.32934303e+01,FAR_FIELD
2552,CPE4,0.759142,0.681143,3.71724367e-04,0.019280,1.3409,1.57506313e+01,FAR_FIELD
2553,CPE4,0.658292,0.502470,4.31060791e-04,0.020762,1.0537,2.35236874e+01,LIGAMENT
2554,CPE4,0.634272,0.182110,2.67960131e-04,0.016369,1.1368,8.04255104e+00,FAR_FIELD
2555,CPE4,0.528108,0.253708,3.75851989e-04,0.019387,1.1913,5.05197144e+00,FAR_FIELD
2556,CPE4,0.410335,0.786750,4.17843461e-04,0.020441,1.5510,9.97800159e+00,FAR_FIELD
2557,CPE4,0.614233,0.784792,3.61874700e-04,0.019023,1.6006,1.04704790e+01,FAR_FIELD
2558,CPE4,0.639058,0.830395,4.61310148e-04,0.021478,1.2969,5.41804123e+00,FAR_FIELD
2559,CPE4,0.634342,0.425077,5.19543886e-04,0.022794,1.3785,1.17717295e+01,LIGAMENT
2560,CPE4,0.491801,0.204001,5.88752329e-04,0.024264,1.3082,5.25851297e+00,FAR_FIELD
2561,CPE4,0.438802,0.192329,4.49016690e-04,0.021190,1.1354,1.02041149e+01,FAR_FIELD
2562,CPE4,0.560866,0.647261,3.02210450e-04,0.017384,1.1354,1.69627571e+01,FAR_FIELD
2563,CPE4,0.557375,0.629257,3.11061740e-04,0.017637,1.1161,2.00590115e+01,FAR_FIELD
2564,CPE4,0.291210,0.183004,4.08615917e-04,0.020214,1.1884,8.62505722e+00,FAR_FIELD
2565,CPE4,0.628268,0.196611,1.94311142e-04,0.013940,1.3893,6.33703136e+00,FAR_FIELD
2566,CPE4,0.440876,0.275312,3.62813473e-04,0.019048,1.2991,7.89208889e+00,FAR_FIELD
2567,CPE4,0.189452,0.287190,3.49313021e-04,0.018690,1.0331,7.47485876e+00,FAR_FIELD
2568,CPE4,0.761372,0.663515,2.76446342e-04,0.016627,1.2836,1.27329273e+01,FAR_FIELD
2569,CPE4,0.773911,0.619953,5.38900495e-04,0.023214,1.3295,2.33580647e+01,FAR_FIELD
2570,CPE4,0.777991,0.290868,2.12758780e-04,0.014586,1.2415,1.08027802e+01,FAR_FIELD
2571,CPE4,0.617046,0.298511,3.63588333e-04,0.019068,1.0603,1.36513340e+00,FAR_FIELD
2572,CPE4,0.619451,0.317938,3.64750624e-04,0.019098,1.0742,2.78178215e+00,FAR_FIELD
2573,CPE4,0.579590,0.219733,3.51127237e-04,0.018738,1.6488,4.39628458e+00,FAR_FIELD
2574,CPE4,0.559275,0.219512,4.92438674e-04,0.022191,1.2318,5.79964685e+00,FAR_FIELD
2575,CPE4,0.665788,0.439159,2.46375799e-04,0.015696,1.3475,1.31078167e+01,LIGAMENT
2576,CPE4,0.347275,0.777101,3.28421593e-04,0.018122,1.0605,1.06957693e+01,FAR_FIELD
2577,CPE4,0.855018,0.258422,1.84237957e-04,0.013573,1.1132,7.93663120e+00,FAR_FIELD
2578,CPE4,0.603373,0.224201,3.17983329e-04,0.017832,1.4287,1.04657373e+01,FAR_FIELD
2579,CPE4,0.824551,0.266899,2.76364386e-04,0.016624,1.4596,1.16487827e+01,FAR_FIELD
2580,CPE4,0.698457,0.463108,3.42860818e-04,0.018517,1.2905,1.71098080e+01,LIGAMENT
2581,CPE4,0.683405,0.441316,3.91468406e-04,0.019786,1.2178,1.78763084e+01,LIGAMENT
2582,CPE4,0.371952,0.775733,3.46854329e-04,0.018624,1.0357,1.11174231e+01,FAR_FIELD
2583,CPE4,0.416988,0.767034,3.18825245e-04,0.017856,1.2149,4.80558586e+00,FAR_FIELD
2584,CPE4,0.698583,0.210857,5.27538359e-04,0.022968,1.3515,5.28369808e+00,FAR_FIELD
2585,CPE4,0.661789,0.199324,3.01312655e-04,0.017358,1.1024,1.07833586e+01,FAR_FIELD
2586,CPE4,0.648188,0.189771,2.61768699e-04,0.016179,1.0848,8.46729469e+00,FAR_FIELD
2587,CPE4,0.536656,0.278805,3.03320587e-04,0.017416,1.2287,6.37574053e+00,FAR_FIELD
2588,CPE4,0.278473,0.170433,3.14895064e-04,0.017745,1.6816,9.79290771e+00,FAR_FIELD
2589,CPE4,0.419536,0.200996,4.01690602e-04,0.020042,1.1530,1.15995531e+01,FAR_FIELD
2590,CPE4,0.775736,0.562644,2.88486481e-04,0.016985,1.4484,4.60359478e+00,LIGAMENT
2591,CPE4,0.311729,0.237926,4.16319817e-04,0.020404,1.9212,1.16573505e+01,FAR_FIELD
2592,CPE4,0.436488,0.255620,3.63186002e-04,0.019057,1.0972,7.12506437e+00,FAR_FIELD
2593,CPE4,0.431118,0.296648,2.44446099e-04,0.015635,1.3475,1.28436708e+01,FAR_FIELD
2594,CPE4,0.614822,0.658922,3.09497118e-04,0.017593,1.0473,8.42595482e+00,FAR_FIELD
2595,CPE4,0.841395,0.232287,3.97898257e-04,0.019947,1.4921,6.59644032e+00,FAR_FIELD
2596,CPE4,0.814850,0.242199,3.42339277e-04,0.018502,1.4700,7.98410511e+00,FAR_FIELD
2597,CPE4,0.275952,0.248359,3.01554799e-04,0.017365,1.2486,1.01813793e+01,FAR_FIELD
2598,CPE4,0.308471,0.733428,2.78607011e-04,0.016692,1.1816,4.47337484e+00,FAR_FIELD
2599,CPE4,0.359427,0.736204,2.98872590e-04,0.017288,1.1190,1.16746607e+01,FAR_FIELD
2600,CPE4,0.277672,0.771554,2.53327191e-04,0.015916,1.6220,5.34949970e+00,FAR_FIELD
2601,CPE4,0.222042,0.759369,1.03943050e-04,0.010195,2.3028,4.63229656e+00,FAR_FIELD
2602,CPE4,0.776958,0.359821,2.12296844e-04,0.014570,1.2688,1.39449739e+01,FAR_FIELD
2603,CPE4,0.790405,0.408507,2.49117613e-04,0.015783,1.8008,4.84758854e+00,LIGAMENT
2604,CPE4,0.753122,0.387242,3.58656049e-04,0.018938,1.0865,2.37824574e+01,FAR_FIELD
2605,CPE4,0.752343,0.744677,3.35156918e-04,0.018307,1.1656,3.20257640e+00,FAR_FIELD
2606,CPE4,0.779797,0.680385,3.64392996e-04,0.019089,1.4865,1.70294571e+01,FAR_FIELD
2607,CPE4,0.667823,0.357441,2.24307179e-04,0.014977,1.4382,1.76469307e+01,FAR_FIELD
2608,CPE4,0.427635,0.793793,4.49925661e-04,0.021211,1.4806,7.62655449e+00,FAR_FIELD
2609,CPE4,0.446409,0.211335,4.38105315e-04,0.020931,1.1208,9.22226906e+00,FAR_FIELD
2610,CPE4,0.304127,0.198320,4.34871763e-04,0.020854,1.7494,1.05596781e+01,FAR_FIELD
2611,CPE4,0.390582,0.731054,3.04654241e-04,0.017454,1.1535,1.24028730e+01,FAR_FIELD
2612,CPE4,0.384221,0.714153,3.01256776e-04,0.017357,1.1233,1.58680258e+01,FAR_FIELD
2613,CPE4,0.229314,0.256266,3.07688490e-04,0.017541,1.1579,8.34918976e+00,FAR_FIELD
2614,CPE4,0.771764,0.325441,2.94551253e-04,0.017162,1.8410,1.88081951e+01,FAR_FIELD
2615,CPE4,0.789609,0.351694,2.48581171e-04,0.015766,1.0842,1.39658613e+01,FAR_FIELD
2616,CPE4,0.769271,0.443328,3.09512019e-04,0.017593,1.2344,2.24175091e+01,LIGAMENT
2617,CPE4,0.761358,0.405614,4.05207276e-04,0.020130,1.2004,2.58133411e+01,LIGAMENT
2618,CPE4,0.654491,0.310259,2.99230218e-04,0.017298,1.1528,6.44313812e+00,FAR_FIELD
2619,CPE4,0.780621,0.538346,3.46466899e-04,0.018614,1.2188,6.92891216e+00,LIGAMENT
2620,CPE4,0.580927,0.663118,3.04982066e-04,0.017464,1.1454,1.40279646e+01,FAR_FIELD
2621,CPE4,0.564767,0.665451,3.03596258e-04,0.017424,1.1879,1.44946785e+01,FAR_FIELD
2622,CPE4,0.669308,0.371252,2.37435102e-04,0.015409,1.4142,6.57484674e+00,FAR_FIELD
2623,CPE4,0.641206,0.403560,4.95366752e-04,0.022257,1.3210,1.08732929e+01,LIGAMENT
2624,CPE4,0.774887,0.465526,2.42650509e-04,0.015577,1.2623,1.16557055e+01,LIGAMENT
2625,CPE4,0.791408,0.460218,3.44857574e-04,0.018570,1.2453,1.71811943e+01,LIGAMENT
2626,CPE4,0.764504,0.547904,3.56465578e-04,0.018880,1.1910,5.90700960e+00,LIGAMENT
2627,CPE4,0.715409,0.494703,2.30997801e-04,0.015199,1.3829,1.20999699e+01,LIGAMENT
2628,CPE4,0.533387,0.234623,4.49460000e-04,0.021200,1.1369,5.12684488e+00,FAR_FIELD
2629,CPE4,0.801572,0.255954,2.69025564e-04,0.016402,1.6109,1.30512190e+01,FAR_FIELD
2630,CPE4,0.371578,0.747814,3.37362289e-04,0.018367,1.2693,1.21417856e+01,FAR_FIELD
2631,CPE4,0.549064,0.667907,2.94312835e-04,0.017156,1.2287,1.32749329e+01,FAR_FIELD
2632,CPE4,0.576423,0.249663,4.26352024e-04,0.020648,1.7679,1.01601925e+01,FAR_FIELD
2633,CPE4,0.790643,0.553763,3.48553061e-04,0.018670,1.2797,1.27077484e+01,LIGAMENT
2634,CPE4,0.733002,0.610767,3.16753983e-04,0.017798,1.1602,2.22205410e+01,FAR_FIELD
2635,CPE4,0.248562,0.269740,2.59485096e-04,0.016109,1.4949,5.92564869e+00,FAR_FIELD
2636,CPE4,0.324355,0.247791,2.34235078e-04,0.015305,1.4328,1.05019827e+01,FAR_FIELD
2637,CPE4,0.471772,0.760286,2.22191215e-04,0.014906,1.7006,9.18165684e+00,FAR_FIELD
2638,CPE4,0.724911,0.227940,5.78641891e-04,0.024055,1.3840,1.26051502e+01,FAR_FIELD
2639,CPE4,0.720866,0.206384,4.62204218e-04,0.021499,1.1964,8.04859161e+00,FAR_FIELD
2640,CPE4,0.764823,0.249205,3.94985080e-04,0.019874,1.3379,1.55951729e+01,FAR_FIELD
2641,CPE4,0.406621,0.287165,3.60783190e-04,0.018994,1.3684,1.31336422e+01,FAR_FIELD
2642,CPE4,0.391763,0.251684,3.10845673e-04,0.017631,1.3527,1.15532780e+01,FAR_FIELD
2643,CPE4,0.296229,0.232491,3.81816179e-04,0.019540,1.8611,1.24445648e+01,FAR_FIELD
2644,CPE4,0.303504,0.750276,2.85878778e-04,0.016908,1.1527,5.38105726e+00,FAR_FIELD
2645,CPE4,0.249762,0.756363,2.92621553e-04,0.017106,1.4105,5.69723749e+00,FAR_FIELD
2646,CPE4,0.763377,0.363867,2.61262059e-04,0.016164,1.6328,2.06671066e+01,FAR_FIELD
2647,CPE4,0.778038,0.396868,3.48240137e-04,0.018661,1.3790,1.66985683e+01,FAR_FIELD
2648,CPE4,0.776935,0.706388,1.59621239e-04,0.012634,1.3554,2.25286102e+00,FAR_FIELD
2649,CPE4,0.750188,0.707489,2.63005495e-04,0.016217,1.7867,1.38362122e+01,FAR_FIELD
2650,CPE4,0.637301,0.314019,3.46407294e-04,0.018612,1.1001,4.53390932e+00,FAR_FIELD
2651,CPE4,0.662475,0.343166,3.02016735e-04,0.017379,1.1814,1.57965288e+01,FAR_FIELD
2652,CPE4,0.472558,0.247832,3.65540385e-04,0.019119,1.1254,5.94387102e+00,FAR_FIELD
2653,CPE4,0.324882,0.221786,3.97723168e-04,0.019943,1.4885,9.43435669e+00,FAR_FIELD
2654,CPE4,0.402751,0.673491,4.89965081e-04,0.022135,1.1747,2.63808861e+01,FAR_FIELD
2655,CPE4,0.411552,0.738468,2.78681517e-04,0.016694,1.6124,1.36502552e+01,FAR_FIELD
2656,CPE4,0.425946,0.816889,4.67091799e-04,0.021612,1.3834,4.26072454e+00,FAR_FIELD
2657,CPE4,0.432384,0.772814,3.19451094e-04,0.017873,1.2767,6.65333271e+00,FAR_FIELD
2658,CPE4,0.746181,0.661203,2.64585018e-04,0.016266,1.4632,1.86186485e+01,FAR_FIELD
2659,CPE4,0.757168,0.647801,3.33920121e-04,0.018273,1.6945,8.69593048e+00,FAR_FIELD
2660,CPE4,0.773689,0.310323,2.59399414e-04,0.016106,1.8085,7.10231352e+00,FAR_FIELD
2661,CPE4,0.657817,0.327178,3.10346484e-04,0.017617,1.1704,1.20404911e+01,FAR_FIELD
2662,CPE4,0.601140,0.248135,2.89365649e-04,0.017011,1.2182,8.62854195e+00,FAR_FIELD
2663,CPE4,0.708584,0.384541,4.43905592e-04,0.021069,1.2740,2.71383801e+01,FAR_FIELD
2664,CPE4,0.663193,0.406424,4.36604023e-04,0.020895,1.2841,1.39643335e+01,LIGAMENT
2665,CPE4,0.226548,0.273512,2.97509134e-04,0.017248,1.1125,8.37464714e+00,FAR_FIELD
2666,CPE4,0.207575,0.288870,3.18009406e-04,0.017833,1.0533,7.79033661e+00,FAR_FIELD
2667,CPE4,0.605097,0.696218,2.80797482e-04,0.016757,1.2615,1.15706015e+01,FAR_FIELD
2668,CPE4,0.589470,0.700355,3.32057476e-04,0.018222,1.2549,1.18608246e+01,FAR_FIELD
2669,CPE4,0.670398,0.306554,2.15582550e-04,0.014683,1.4991,1.02353544e+01,FAR_FIELD
2670,CPE4,0.683735,0.518847,4.12642956e-04,0.020314,1.0361,1.48466501e+01,LIGAMENT
2671,CPE4,0.609335,0.262689,3.19302082e-04,0.017869,1.2452,4.64320517e+00,FAR_FIELD
2672,CPE4,0.614146,0.279789,3.60257924e-04,0.018980,1.1109,2.66702080e+00,FAR_FIELD
2673,CPE4,0.639450,0.203004,2.04939395e-04,0.014316,1.4458,7.65979862e+00,FAR_FIELD
2674,CPE4,0.616982,0.237567,4.18037176e-04,0.020446,1.2184,9.16170788e+00,FAR_FIELD
2675,CPE4,0.700208,0.347898,3.11009586e-04,0.017635,1.0684,1.77654495e+01,FAR_FIELD
2676,CPE4,0.646988,0.767682,3.53410840e-04,0.018799,1.1914,1.03870974e+01,FAR_FIELD
2677,CPE4,0.654963,0.785999,3.59341502e-04,0.018956,1.1142,1.06454306e+01,FAR_FIELD
2678,CPE4,0.677532,0.240426,4.11905348e-04,0.020295,1.8436,1.14500093e+01,FAR_FIELD
2679,CPE4,0.742607,0.635829,4.43086028e-04,0.021050,1.2515,2.64559746e+01,FAR_FIELD
2680,CPE4,0.763280,0.298959,3.46444547e-04,0.018613,1.5235,1.62032261e+01,FAR_FIELD
2681,CPE4,0.755910,0.335540,4.49575484e-04,0.021203,1.2115,1.97393513e+01,FAR_FIELD
2682,CPE4,0.451123,0.231234,4.01936471e-04,0.020048,1.1056,6.89574718e+00,FAR_FIELD
2683,CPE4,0.432641,0.236769,3.52934003e-04,0.018787,1.0941,7.43649149e+00,FAR_FIELD
2684,CPE4,0.801904,0.233455,2.53796577e-04,0.015931,1.2904,9.21176434e+00,FAR_FIELD
2685,CPE4,0.775087,0.275280,3.07098031e-04,0.017524,1.5115,1.12547369e+01,FAR_FIELD
2686,CPE4,0.287738,0.745831,3.45669687e-04,0.018592,1.4067,5.36323166e+00,FAR_FIELD
2687,CPE4,0.293417,0.726345,3.42883170e-04,0.018517,1.2713,5.00657415e+00,FAR_FIELD
2688,CPE4,0.294035,0.778246,1.72615051e-04,0.013138,1.4169,7.94408894e+00,FAR_FIELD
2689,CPE4,0.534021,0.670993,2.83539295e-04,0.016839,1.2809,1.01379652e+01,FAR_FIELD
2690,CPE4,0.251989,0.734792,4.94241714e-04,0.022232,1.5047,9.24292183e+00,FAR_FIELD
2691,CPE4,0.781046,0.794536,3.37660313e-04,0.018376,1.0836,4.49508095e+00,FAR_FIELD
2692,CPE4,0.760393,0.781172,3.27706337e-04,0.018103,1.0721,5.16800785e+00,FAR_FIELD
2693,CPE4,0.746822,0.368073,4.07040119e-04,0.020175,1.2272,2.42963238e+01,FAR_FIELD
2694,CPE4,0.760467,0.696488,2.22742558e-04,0.014925,1.8252,5.97096491e+00,FAR_FIELD
2695,CPE4,0.663334,0.522162,4.22209501e-04,0.020548,1.0487,1.67878761e+01,LIGAMENT
2696,CPE4,0.778580,0.500571,3.50624323e-04,0.018725,1.2302,1.10571108e+01,LIGAMENT
2697,CPE4,0.404951,0.210415,2.33195722e-04,0.015271,1.6897,8.07125092e+00,FAR_FIELD
2698,CPE4,0.410896,0.183682,3.77878547e-04,0.019439,1.2103,8.16517735e+00,FAR_FIELD
2699,CPE4,0.515373,0.208940,4.85453755e-04,0.022033,1.1424,3.90329647e+00,FAR_FIELD
2700,CPE4,0.719258,0.449381,2.54482031e-04,0.015952,1.2894,1.56044321e+01,LIGAMENT
2701,CPE4,0.650103,0.638522,3.73467803e-04,0.019325,1.1293,4.71043777e+00,FAR_FIELD
2702,CPE4,0.651286,0.657432,3.56003642e-04,0.018868,1.0822,4.47119093e+00,FAR_FIELD
2703,CPE4,0.334388,0.764541,3.37213278e-04,0.018363,1.2288,8.66124439e+00,FAR_FIELD
2704,CPE4,0.600981,0.678560,2.97889113e-04,0.017259,1.1653,1.12324648e+01,FAR_FIELD
2705,CPE4,0.573043,0.703931,3.46362591e-04,0.018611,1.2951,1.17546539e+01,FAR_FIELD
2706,CPE4,0.751550,0.617077,4.52771783e-04,0.021278,1.4214,2.61136799e+01,FAR_FIELD
2707,CPE4,0.751144,0.569146,2.39968300e-04,0.015491,1.6055,2.08360252e+01,LIGAMENT
2708,CPE4,0.360511,0.265009,2.48383731e-04,0.015760,1.1252,4.46376371e+00,FAR_FIELD
2709,CPE4,0.534920,0.763006,4.09111381e-04,0.020227,1.2230,6.57331705e+00,FAR_FIELD
2710,CPE4,0.446317,0.795563,3.86327505e-04,0.019655,1.2430,5.87673330e+00,FAR_FIELD
2711,CPE4,0.462254,0.748343,2.93806195e-04,0.017141,1.2171,8.08899784e+00,FAR_FIELD
2712,CPE4,0.790228,0.246128,2.56672502e-04,0.016021,1.1679,1.14751272e+01,FAR_FIELD
2713,CPE4,0.398991,0.268749,4.35579568e-04,0.020871,1.0690,6.68654346e+00,FAR_FIELD
2714,CPE4,0.342867,0.215034,3.33897769e-04,0.018273,1.2402,4.78762150e+00,FAR_FIELD
2715,CPE4,0.333761,0.234944,1.92504376e-04,0.013875,1.4428,7.51717424e+00,FAR_FIELD
2716,CPE4,0.323150,0.169386,2.77876854e-04,0.016670,1.9372,8.19728374e+00,FAR_FIELD
2717,CPE4,0.405551,0.722597,2.92256474e-04,0.017096,1.4781,1.08238134e+01,FAR_FIELD
2718,CPE4,0.735276,0.394391,3.91125679e-04,0.019777,1.0884,2.64214973e+01,FAR_FIELD
2719,CPE4,0.654942,0.272948,4.27223742e-04,0.020669,1.2949,5.97576189e+00,FAR_FIELD
2720,CPE4,0.653520,0.292424,3.22118402e-04,0.017948,1.1876,2.74025559e+00,FAR_FIELD
2721,CPE4,0.698207,0.497062,3.31029296e-04,0.018194,1.1502,1.53842707e+01,LIGAMENT
2722,CPE4,0.537466,0.214252,4.69587743e-04,0.021670,1.1011,6.60285902e+00,FAR_FIELD
2723,CPE4,0.665242,0.225970,4.78759408e-04,0.021881,1.4828,1.60363712e+01,FAR_FIELD
2724,CPE4,0.650585,0.213921,3.46377492e-04,0.018611,1.2263,1.16993418e+01,FAR_FIELD
2725,CPE4,0.639869,0.748314,3.76015902e-04,0.019391,1.2827,1.12670479e+01,FAR_FIELD
2726,CPE4,0.748877,0.428781,3.13296914e-04,0.017700,1.1143,2.36060009e+01,LIGAMENT
2727,CPE4,0.767225,0.424673,3.87400389e-04,0.019682,1.1903,2.60294228e+01,LIGAMENT
2728,CPE4,0.363007,0.281398,2.86579132e-04,0.016929,1.0728,6.62755489e+00,FAR_FIELD
2729,CPE4,0.346063,0.268465,2.26002187e-04,0.015033,1.2362,6.93263340e+00,FAR_FIELD
2730,CPE4,0.735669,0.448590,2.59622931e-04,0.016113,1.1740,2.06596527e+01,LIGAMENT
2731,CPE4,0.760504,0.472888,2.57462263e-04,0.016046,1.2121,1.25711508e+01,LIGAMENT
2732,CPE4,0.729107,0.488396,2.44572759e-04,0.015639,1.5421,1.28971949e+01,LIGAMENT
2733,CPE4,0.532750,0.783049,3.47375870e-04,0.018638,1.1113,5.53340435e+00,FAR_FIELD
2734,CPE4,0.754430,0.531995,3.21671367e-04,0.017935,1.0540,7.19094467e+00,LIGAMENT
2735,CPE4,0.722538,0.670702,3.45021486e-04,0.018575,1.5379,1.96233826e+01,FAR_FIELD
2736,CPE4,0.726887,0.320893,2.33352184e-04,0.015276,1.3054,1.06886711e+01,FAR_FIELD
2737,CPE4,0.436085,0.755746,2.00673938e-04,0.014166,1.5275,6.40672779e+00,FAR_FIELD
2738,CPE4,0.526642,0.734009,2.93523073e-04,0.017133,1.4565,2.34391570e+00,FAR_FIELD
2739,CPE4,0.745178,0.582839,2.49668956e-04,0.015801,1.2192,1.84637794e+01,LIGAMENT
2740,CPE4,0.748550,0.262810,4.31440771e-04,0.020771,1.1684,1.80323181e+01,FAR_FIELD
2741,CPE4,0.757814,0.280042,3.75621021e-04,0.019381,1.2788,1.58795729e+01,FAR_FIELD
2742,CPE4,0.381442,0.293303,2.43548304e-04,0.015606,1.5730,1.13245249e+01,FAR_FIELD
2743,CPE4,0.379361,0.221793,2.46208161e-04,0.015691,1.1432,5.04777670e+00,FAR_FIELD
2744,CPE4,0.341317,0.243838,1.25337392e-04,0.011195,1.4457,7.33449936e+00,FAR_FIELD
2745,CPE4,0.419833,0.723406,2.90945172e-04,0.017057,1.5488,6.62185860e+00,FAR_FIELD
2746,CPE4,0.519407,0.675075,2.92405486e-04,0.017100,1.2828,6.90503359e+00,FAR_FIELD
2747,CPE4,0.491021,0.265925,2.95035541e-04,0.017177,1.2861,5.51111746e+00,FAR_FIELD
2748,CPE4,0.684406,0.406756,3.51548195e-04,0.018750,1.4504,7.65338039e+00,LIGAMENT
2749,CPE4,0.647665,0.619557,4.09856439e-04,0.020245,1.2790,6.70303726e+00,FAR_FIELD
2750,CPE4,0.761643,0.508961,3.07947397e-04,0.017548,1.0986,9.19992447e+00,LIGAMENT
2751,CPE4,0.589827,0.761323,2.22176313e-04,0.014906,1.3346,2.92145324e+00,FAR_FIELD
2752,CPE4,0.288792,0.763553,2.22899020e-04,0.014930,1.7205,1.04965515e+01,FAR_FIELD
2753,CPE4,0.709659,0.701073,5.61952591e-04,0.023706,1.4264,1.23664427e+01,FAR_FIELD
2754,CPE4,0.704409,0.365634,3.49536538e-04,0.018696,1.1323,2.11512203e+01,FAR_FIELD
2755,CPE4,0.290998,0.254069,3.29442322e-04,0.018151,1.4162,1.14538107e+01,FAR_FIELD
2756,CPE4,0.647246,0.241859,4.89309430e-04,0.022120,1.4333,1.39153948e+01,FAR_FIELD
2757,CPE4,0.611616,0.712759,2.85059214e-04,0.016884,1.1813,1.38401909e+01,FAR_FIELD
2758,CPE4,0.770175,0.523845,3.09064984e-04,0.017580,1.0725,7.67702961e+00,LIGAMENT
2759,CPE4,0.785707,0.516570,2.83688307e-04,0.016843,1.2203,1.31929598e+01,LIGAMENT
2760,CPE4,0.674963,0.320835,2.93120742e-04,0.017121,1.1612,1.30352678e+01,FAR_FIELD
2761,CPE4,0.651521,0.676502,3.37496400e-04,0.018371,1.1492,4.33661795e+00,FAR_FIELD
2762,CPE4,0.661869,0.254001,3.77871096e-04,0.019439,1.7821,1.40331373e+01,FAR_FIELD
2763,CPE4,0.778934,0.259303,2.90580094e-04,0.017046,1.5866,8.57918167e+00,FAR_FIELD
2764,CPE4,0.324061,0.778494,2.57812440e-04,0.016057,1.2588,8.89793587e+00,FAR_FIELD
2765,CPE4,0.728529,0.524844,3.37630510e-04,0.018375,1.1227,8.64994335e+00,LIGAMENT
2766,CPE4,0.710430,0.533355,4.41715121e-04,0.021017,1.2598,9.06007385e+00,LIGAMENT
2767,CPE4,0.258561,0.711119,5.20214438e-04,0.022808,1.3939,4.98752737e+00,FAR_FIELD
2768,CPE4,0.725717,0.419194,3.19242477e-04,0.017867,1.2106,2.33736458e+01,LIGAMENT
2769,CPE4,0.691945,0.639028,4.71994281e-04,0.021725,1.2316,1.90365753e+01,FAR_FIELD
2770,CPE4,0.713280,0.643939,4.56303358e-04,0.021361,1.2687,2.49386406e+01,FAR_FIELD
2771,CPE4,0.482495,0.751007,1.86324120e-04,0.013650,1.4190,5.46462679e+00,FAR_FIELD
2772,CPE4,0.518720,0.716538,3.03074718e-04,0.017409,1.2663,3.18119454e+00,FAR_FIELD
2773,CPE4,0.707529,0.582439,3.05861235e-04,0.017489,1.1987,2.69114895e+01,LIGAMENT
2774,CPE4,0.339793,0.196286,3.53733078e-04,0.018808,1.0988,4.89349461e+00,FAR_FIELD
2775,CPE4,0.397987,0.231011,2.14386731e-04,0.014642,1.1419,5.62715435e+00,FAR_FIELD
2776,CPE4,0.453766,0.733122,2.83032656e-04,0.016824,1.1351,1.12507229e+01,FAR_FIELD
2777,CPE4,0.553467,0.686447,2.93016434e-04,0.017118,1.3022,1.17242632e+01,FAR_FIELD
2778,CPE4,0.511119,0.698578,3.16515565e-04,0.017791,1.2923,5.21596193e+00,FAR_FIELD
2779,CPE4,0.199990,0.747211,2.28039920e-04,0.015101,1.4156,6.85097122e+00,FAR_FIELD
2780,CPE4,0.491256,0.226588,4.46569175e-04,0.021132,1.1416,4.90859938e+00,FAR_FIELD
2781,CPE4,0.633012,0.588607,1.84044242e-04,0.013566,1.4401,1.70348244e+01,LIGAMENT
2782,CPE4,0.670288,0.658039,3.86834145e-04,0.019668,1.0939,8.97351551e+00,FAR_FIELD
2783,CPE4,0.411785,0.225250,2.64454633e-04,0.016262,1.1965,7.30872917e+00,FAR_FIELD
2784,CPE4,0.376517,0.205777,2.62085348e-04,0.016189,1.2375,4.87880516e+00,FAR_FIELD
2785,CPE4,0.715729,0.480787,2.61858106e-04,0.016182,1.4899,9.55892086e+00,LIGAMENT
2786,CPE4,0.737735,0.464302,3.10122967e-04,0.017610,1.4017,2.03729744e+01,LIGAMENT
2787,CPE4,0.755132,0.459599,2.30446458e-04,0.015180,1.3594,1.83434486e+01,LIGAMENT
2788,CPE4,0.735663,0.748601,3.39835882e-04,0.018435,1.2480,3.48832941e+00,FAR_FIELD
2789,CPE4,0.742902,0.411817,3.55884433e-04,0.018865,1.0875,2.57511940e+01,LIGAMENT
2790,CPE4,0.716368,0.342076,2.94804573e-04,0.017170,1.1415,1.90299911e+01,FAR_FIELD
2791,CPE4,0.423384,0.749119,2.88724899e-04,0.016992,1.4586,1.04133129e+01,FAR_FIELD
2792,CPE4,0.699830,0.258658,5.39571047e-04,0.023229,1.4943,7.45495749e+00,FAR_FIELD
2793,CPE4,0.686352,0.766305,3.77953053e-04,0.019441,1.1767,1.10909147e+01,FAR_FIELD
2794,CPE4,0.693549,0.783834,2.90691853e-04,0.017050,1.2574,9.51900482e+00,FAR_FIELD
2795,CPE4,0.683860,0.298287,2.69256532e-04,0.016409,1.7927,1.62856445e+01,FAR_FIELD
2796,CPE4,0.556087,0.705580,3.38301063e-04,0.018393,1.3620,1.03079510e+01,FAR_FIELD
2797,CPE4,0.577738,0.725351,4.53755260e-04,0.021302,1.3766,1.15682859e+01,FAR_FIELD
2798,CPE4,0.557581,0.748271,3.96341085e-04,0.019908,1.1789,5.40885782e+00,FAR_FIELD
2799,CPE4,0.570933,0.772448,3.20091844e-04,0.017891,1.1176,3.69297791e+00,FAR_FIELD
2800,CPE4,0.719284,0.264986,4.89078462e-04,0.022115,1.6446,1.37938356e+01,FAR_FIELD
2801,CPE4,0.720863,0.509357,3.05801630e-04,0.017487,1.1936,1.08474407e+01,LIGAMENT
2802,CPE4,0.540510,0.727443,2.99721956e-04,0.017312,1.5408,7.47986841e+00,FAR_FIELD
2803,CPE4,0.512272,0.741561,3.59803438e-04,0.018968,1.4544,4.43197823e+00,FAR_FIELD
2804,CPE4,0.466872,0.722253,3.27214599e-04,0.018089,1.1297,1.17021132e+01,FAR_FIELD
2805,CPE4,0.723056,0.626396,4.30509448e-04,0.020749,1.2488,2.79461441e+01,FAR_FIELD
2806,CPE4,0.708822,0.614017,2.86102295e-04,0.016915,1.6715,1.16248045e+01,FAR_FIELD
2807,CPE4,0.722770,0.549933,4.04626131e-04,0.020115,1.4695,1.58996267e+01,LIGAMENT
2808,CPE4,0.357112,0.249649,2.12207437e-04,0.014567,1.2311,3.83461690e+00,FAR_FIELD
2809,CPE4,0.351513,0.235665,2.11399049e-04,0.014540,1.4274,6.44508553e+00,FAR_FIELD
2810,CPE4,0.321314,0.202484,4.13579866e-04,0.020337,1.6620,8.89286804e+00,FAR_FIELD
2811,CPE4,0.353055,0.168658,5.31217083e-04,0.023048,1.0598,9.75303364e+00,FAR_FIELD
2812,CPE4,0.432285,0.733411,2.63065100e-04,0.016219,1.3326,1.23024893e+01,FAR_FIELD
2813,CPE4,0.431204,0.676973,4.05862927e-04,0.020146,1.0980,2.31761951e+01,FAR_FIELD
2814,CPE4,0.496141,0.704715,3.35246325e-04,0.018310,1.2964,5.90524673e+00,FAR_FIELD
2815,CPE4,0.504431,0.680139,3.16232443e-04,0.017783,1.2027,4.92563725e+00,FAR_FIELD
2816,CPE4,0.669666,0.678021,3.73005867e-04,0.019313,1.0722,7.33892775e+00,FAR_FIELD
2817,CPE4,0.393091,0.217457,1.84755772e-04,0.013592,1.2756,5.93349504e+00,FAR_FIELD
2818,CPE4,0.385815,0.173590,3.72154638e-04,0.019291,1.7332,1.13573923e+01,FAR_FIELD
2819,CPE4,0.677497,0.751214,2.64734030e-04,0.016271,1.5861,1.30458069e+01,FAR_FIELD
2820,CPE4,0.574960,0.754243,3.35201621e-04,0.018309,1.3128,5.74101067e+00,FAR_FIELD
2821,CPE4,0.709582,0.307025,3.58328223e-04,0.018930,1.3443,1.02047110e+01,FAR_FIELD
2822,CPE4,0.711901,0.325294,2.77407467e-04,0.016656,1.1699,1.52042313e+01,FAR_FIELD
2823,CPE4,0.707730,0.662460,3.10659409e-04,0.017626,1.3311,1.79762249e+01,FAR_FIELD
2824,CPE4,0.693136,0.281326,4.28520143e-04,0.020701,1.3310,8.93312359e+00,FAR_FIELD
2825,CPE4,0.674667,0.276205,3.58663499e-04,0.018938,1.1163,9.59584236e+00,FAR_FIELD
2826,CPE4,0.700301,0.739128,3.03268433e-04,0.017415,1.6607,4.57260466e+00,FAR_FIELD
2827,CPE4,0.703016,0.758384,3.61859798e-04,0.019023,1.2714,7.35153437e+00,FAR_FIELD
2828,CPE4,0.715386,0.733493,3.31878662e-04,0.018218,1.5344,6.96126366e+00,FAR_FIELD
2829,CPE4,0.704278,0.721428,3.20926309e-04,0.017914,1.7007,1.63083649e+01,FAR_FIELD
2830,CPE4,0.669084,0.617913,4.54917550e-04,0.021329,1.1490,1.12481174e+01,FAR_FIELD
2831,CPE4,0.753073,0.494515,3.01778316e-04,0.017372,1.1064,1.18330965e+01,LIGAMENT
2832,CPE4,0.745319,0.516991,3.04833055e-04,0.017459,1.0757,7.83140755e+00,LIGAMENT
2833,CPE4,0.345302,0.254191,1.40175223e-04,0.011840,1.4187,4.50659561e+00,FAR_FIELD
2834,CPE4,0.643702,0.581165,1.92776322e-04,0.013884,1.4052,1.50959148e+01,LIGAMENT
2835,CPE4,0.653531,0.592228,2.51442194e-04,0.015857,1.7854,2.93165302e+01,LIGAMENT
2836,CPE4,0.664518,0.821159,3.37749720e-04,0.018378,1.4740,7.07301617e+00,FAR_FIELD
2837,CPE4,0.691914,0.312529,3.51779163e-04,0.018756,1.3450,1.39647264e+01,FAR_FIELD
2838,CPE4,0.738496,0.540012,3.26871872e-04,0.018080,1.1402,6.07625055e+00,LIGAMENT
2839,CPE4,0.718343,0.465459,3.36676836e-04,0.018349,1.3808,1.89267044e+01,LIGAMENT
2840,CPE4,0.743809,0.479853,3.36915255e-04,0.018355,1.2787,1.78897629e+01,LIGAMENT
2841,CPE4,0.668296,0.698333,4.07055020e-04,0.020176,1.1639,6.43521643e+00,FAR_FIELD
2842,CPE4,0.688699,0.679552,3.81037593e-04,0.019520,1.0952,6.71031237e+00,FAR_FIELD
2843,CPE4,0.650260,0.695791,3.30373645e-04,0.018176,1.2803,5.62591648e+00,FAR_FIELD
2844,CPE4,0.651126,0.722827,3.53187323e-04,0.018793,1.2636,9.30974102e+00,FAR_FIELD
2845,CPE4,0.456243,0.706556,3.64705920e-04,0.019097,1.1039,1.59076815e+01,FAR_FIELD
2846,CPE4,0.688910,0.598681,3.48001719e-04,0.018655,1.1605,1.98284435e+01,LIGAMENT
2847,CPE4,0.670171,0.292588,2.36578286e-04,0.015381,1.3715,5.77014446e+00,FAR_FIELD
2848,CPE4,0.739248,0.768557,3.44723463e-04,0.018567,1.2427,3.63473463e+00,FAR_FIELD
2849,CPE4,0.707946,0.777477,2.97784805e-04,0.017256,1.4084,6.21218777e+00,FAR_FIELD
2850,CPE4,0.609952,0.756439,2.38806009e-04,0.015453,1.5264,3.49150681e+00,FAR_FIELD
2851,CPE4,0.595513,0.747182,2.77280807e-04,0.016652,1.3383,7.00134754e+00,FAR_FIELD
2852,CPE4,0.587947,0.776147,2.71826982e-04,0.016487,1.5149,5.89574528e+00,FAR_FIELD
2853,CPE4,0.668468,0.718648,3.73348594e-04,0.019322,1.3005,4.73732328e+00,FAR_FIELD
2854,CPE4,0.618194,0.729645,2.86772847e-04,0.016934,1.6448,8.58067513e+00,FAR_FIELD
2855,CPE4,0.489785,0.729560,2.96369195e-04,0.017215,1.2293,5.40495777e+00,FAR_FIELD
2856,CPE4,0.671479,0.559733,3.51607800e-04,0.018751,1.1903,2.00521297e+01,LIGAMENT
2857,CPE4,0.458647,0.678122,4.00722027e-04,0.020018,1.1564,2.24850960e+01,FAR_FIELD
2858,CPE4,0.487889,0.685727,3.89605761e-04,0.019738,1.3351,1.09166574e+01,FAR_FIELD
2859,CPE4,0.475574,0.737652,2.76133418e-04,0.016617,1.0889,6.94651747e+00,FAR_FIELD
2860,CPE4,0.711372,0.286617,4.15325165e-04,0.020380,1.4649,3.87506080e+00,FAR_FIELD
2861,CPE4,0.553453,0.767708,3.55392694e-04,0.018852,1.0639,5.72620392e+00,FAR_FIELD
2862,CPE4,0.705087,0.598756,2.24366784e-04,0.014979,1.4401,1.86108398e+01,LIGAMENT
2863,CPE4,0.743139,0.788331,3.67730856e-04,0.019176,1.2904,5.16040421e+00,FAR_FIELD
2864,CPE4,0.513831,0.656472,3.04475427e-04,0.017449,1.2855,7.71920967e+00,FAR_FIELD
2865,CPE4,0.682029,0.827980,4.65005636e-04,0.021564,1.2214,9.30891800e+00,FAR_FIELD
2866,CPE4,0.634507,0.727728,3.71187925e-04,0.019266,1.4001,8.85035515e+00,FAR_FIELD
2867,CPE4,0.689803,0.539003,4.77388501e-04,0.021849,1.2170,1.64486256e+01,LIGAMENT
2868,CPE4,0.672204,0.578213,3.32772732e-04,0.018242,1.1618,2.49205627e+01,LIGAMENT
2869,CPE4,0.539340,0.744598,3.03804874e-04,0.017430,1.4829,7.71214104e+00,FAR_FIELD
2870,CPE4,0.712162,0.564870,4.00200486e-04,0.020005,1.5120,3.01288357e+01,LIGAMENT
2871,CPE4,0.322098,0.840346,1.91047788e-04,0.013822,1.3868,3.94439697e+00,FAR_FIELD
2872,CPE4,0.097359,0.367614,2.22271308e-04,0.014909,1.5333,1.80021942e+00,FAR_FIELD
2873,CPE4,0.711025,0.429718,3.20136547e-04,0.017892,1.5278,1.76554585e+01,LIGAMENT
2874,CPE4,0.403782,0.167080,2.91422009e-04,0.017071,1.4512,7.76381445e+00,FAR_FIELD
2875,CPE4,0.378287,0.330891,3.24916095e-04,0.018025,1.1894,1.03920116e+01,FAR_FIELD
2876,CPE4,0.206243,0.723647,3.93584371e-04,0.019839,1.4809,7.37232161e+00,FAR_FIELD
2877,CPE4,0.726130,0.794093,3.72797251e-04,0.019308,1.4241,3.66176987e+00,FAR_FIELD
2878,CPE4,0.691944,0.559556,4.39852476e-04,0.020973,1.2855,3.09742393e+01,LIGAMENT
2879,CPE4,0.819442,0.952750,3.68446112e-04,0.019195,1.0609,6.61994934e+00,FAR_FIELD
2880,CPE4,0.835066,0.847601,1.91599131e-04,0.013842,1.3341,4.81611443e+00,FAR_FIELD
2881,CPE4,0.806211,0.910230,3.41802835e-04,0.018488,1.5242,1.25634155e+01,FAR_FIELD
2882,CPE4,0.224346,0.070768,4.73153312e-04,0.021752,1.1862,4.45020485e+00,FAR_FIELD
2883,CPE4,0.865005,0.527936,2.16349959e-04,0.014709,1.3444,6.45621586e+00,LIGAMENT
2884,CPE4,0.800376,0.950740,3.98159027e-04,0.019954,1.1461,6.64783049e+00,FAR_FIELD
2885,CPE4,0.169269,0.748770,3.11892480e-04,0.017660,1.1529,4.75528240e+00,FAR_FIELD
2886,CPE4,0.783055,0.876699,3.42935324e-04,0.018519,1.2482,9.40655231e+00,FAR_FIELD
2887,CPE4,0.240194,0.327677,3.16247344e-04,0.017783,1.1646,9.72177124e+00,FAR_FIELD
2888,CPE4,0.820413,0.933419,3.64810228e-04,0.019100,1.0455,8.32244205e+00,FAR_FIELD
2889,CPE4,0.810869,0.858666,2.76088715e-04,0.016616,1.1748,9.11519051e+00,FAR_FIELD
2890,CPE4,0.410077,0.973687,2.93567777e-04,0.017134,1.1173,4.42070723e+00,FAR_FIELD
2891,CPE4,0.044587,0.726419,3.32730822e-04,0.018241,1.0280,9.94652808e-01,FAR_FIELD
2892,CPE4,0.542427,0.514879,2.04682350e-04,0.014307,1.4643,1.11115364e+02,CRACK_TIP
2893,CPE4,0.533137,0.541693,2.63482332e-04,0.016232,1.1308,1.37804079e+01,CRACK_TIP
2894,CPE4,0.396772,0.956452,2.28643417e-04,0.015121,1.3144,4.21221209e+00,FAR_FIELD
2895,CPE4,0.548164,0.045447,3.36527824e-04,0.018345,1.1316,1.51615930e+00,FAR_FIELD
2896,CPE4,0.047580,0.832356,2.66397372e-04,0.016322,1.5158,3.44217563e+00,FAR_FIELD
2897,CPE4,0.571019,0.952387,3.25024128e-04,0.018028,1.1708,2.12607574e+00,FAR_FIELD
2898,CPE4,0.580004,0.929935,2.38478184e-04,0.015443,1.4843,3.06740403e+00,FAR_FIELD
2899,CPE4,0.075320,0.829838,3.20214778e-04,0.017895,1.4441,4.47490072e+00,FAR_FIELD
2900,CPE4,0.345799,0.434382,2.79732049e-04,0.016725,1.3243,2.10119267e+01,CRACK_WAKE
2901,CPE4,0.907660,0.959104,2.63363123e-04,0.016228,1.1125,7.30319595e+00,FAR_FIELD
2902,CPE4,0.918858,0.942499,1.95980072e-04,0.013999,1.2440,5.26592016e+00,FAR_FIELD
2903,CPE4,0.955902,0.922912,2.81691551e-04,0.016784,1.2193,2.39615965e+00,FAR_FIELD
2904,CPE4,0.957485,0.748778,2.74538994e-04,0.016569,1.1387,2.16986060e+00,FAR_FIELD
2905,CPE4,0.942633,0.761757,1.73568726e-04,0.013175,1.4285,3.38322115e+00,FAR_FIELD
2906,CPE4,0.929935,0.178426,2.61843204e-04,0.016182,1.5044,2.87528777e+00,FAR_FIELD
2907,CPE4,0.810984,0.072154,3.17163765e-04,0.017809,1.2006,1.10048866e+01,FAR_FIELD
2908,CPE4,0.818992,0.088033,2.65607610e-04,0.016297,1.0949,1.03023224e+01,FAR_FIELD
2909,CPE4,0.796556,0.081158,3.18771228e-04,0.017854,1.1506,1.17262888e+01,FAR_FIELD
2910,CPE4,0.588187,0.591710,3.15561891e-04,0.017764,1.0161,6.51140594e+00,LIGAMENT
2911,CPE4,0.114561,0.382299,3.26970592e-04,0.018082,1.3466,2.83544683e+00,FAR_FIELD
2912,CPE4,0.568712,0.077786,2.49985605e-04,0.015811,1.2290,1.29209220e+00,FAR_FIELD
2913,CPE4,0.940157,0.904774,2.32070684e-04,0.015234,1.2707,3.21881700e+00,FAR_FIELD
2914,CPE4,0.873740,0.925800,2.40355730e-04,0.015503,1.1030,6.72988367e+00,FAR_FIELD
2915,CPE4,0.903770,0.827724,3.24189663e-04,0.018005,1.0826,6.10938740e+00,FAR_FIELD
2916,CPE4,0.613009,0.905949,2.65479088e-04,0.016294,1.5767,1.59496725e+00,FAR_FIELD
2917,CPE4,0.425172,0.584206,2.37524509e-04,0.015412,1.3676,1.32165909e+01,CRACK_WAKE
2918,CPE4,0.426444,0.604524,1.86122954e-04,0.013643,1.5354,2.31625938e+01,FAR_FIELD
2919,CPE4,0.469436,0.604520,2.94551253e-04,0.017162,1.1675,3.85403061e+01,FAR_FIELD
2920,CPE4,0.488260,0.616513,2.40951777e-04,0.015523,1.5555,1.57053347e+01,FAR_FIELD
2921,CPE4,0.933203,0.551690,3.42130661e-04,0.018497,1.1480,7.95279312e+00,LIGAMENT
2922,CPE4,0.918448,0.325530,2.09063292e-04,0.014459,1.4507,2.76582241e+00,FAR_FIELD
2923,CPE4,0.085864,0.888068,2.75943428e-04,0.016612,1.5296,3.41297436e+00,FAR_FIELD
2924,CPE4,0.123473,0.578987,2.79657543e-04,0.016723,1.1326,1.41715252e+00,CRACK_WAKE
2925,CPE4,0.394553,0.595641,2.30684876e-04,0.015188,1.1976,3.14314499e+01,CRACK_WAKE
2926,CPE4,0.638235,0.085224,2.71810219e-04,0.016487,1.1417,5.37693405e+00,FAR_FIELD
2927,CPE4,0.109468,0.823021,2.01512128e-04,0.014195,1.5717,3.23717952e+00,FAR_FIELD
2928,CPE4,0.097846,0.838012,1.90541148e-04,0.013804,1.2417,4.57241011e+00,FAR_FIELD
2929,CPE4,0.606890,0.608458,2.86236405e-04,0.016919,1.1073,5.95966387e+00,FAR_FIELD
2930,CPE4,0.914999,0.205374,3.05637717e-04,0.017482,1.1927,6.22164392e+00,FAR_FIELD
2931,CPE4,0.400124,0.378436,2.16320157e-04,0.014708,1.3652,2.60883369e+01,FAR_FIELD
2932,CPE4,0.406778,0.395100,1.38260424e-04,0.011758,1.5921,2.38902588e+01,FAR_FIELD
2933,CPE4,0.158208,0.066613,2.79504806e-04,0.016718,1.6493,6.84964132e+00,FAR_FIELD
2934,CPE4,0.118501,0.154323,2.17287801e-04,0.014741,1.4524,5.43034935e+00,FAR_FIELD
2935,CPE4,0.914479,0.716448,3.67313623e-04,0.019165,1.1346,9.26644516e+00,FAR_FIELD
2936,CPE4,0.911711,0.284640,2.79523432e-04,0.016719,1.5792,9.26374722e+00,FAR_FIELD
2937,CPE4,0.887697,0.287233,2.83226371e-04,0.016829,1.0627,5.34042454e+00,FAR_FIELD
2938,CPE4,0.407690,0.594304,1.49786472e-04,0.012239,1.4232,2.39479637e+01,CRACK_WAKE
2939,CPE4,0.895761,0.582995,1.82747841e-04,0.013518,1.2260,1.54182606e+01,LIGAMENT
2940,CPE4,0.914001,0.618924,2.47478485e-04,0.015731,1.5273,2.86778998e+00,FAR_FIELD
2941,CPE4,0.503663,0.616410,3.52457166e-04,0.018774,1.3503,1.36375980e+01,FAR_FIELD
2942,CPE4,0.458616,0.651569,2.76952982e-04,0.016642,1.1823,2.41419182e+01,FAR_FIELD
2943,CPE4,0.320294,0.384822,2.05855817e-04,0.014348,1.7389,7.16112995e+00,FAR_FIELD
2944,CPE4,0.915823,0.928497,1.68204308e-04,0.012969,1.2950,3.56126833e+00,FAR_FIELD
2945,CPE4,0.518593,0.896247,3.41102481e-04,0.018469,1.0848,2.70080352e+00,FAR_FIELD
2946,CPE4,0.183880,0.376654,3.23027372e-04,0.017973,1.0681,5.26877213e+00,FAR_FIELD
2947,CPE4,0.874578,0.863707,2.46793032e-04,0.015710,1.4595,5.05772161e+00,FAR_FIELD
2948,CPE4,0.139335,0.664311,3.88052315e-04,0.019699,1.2793,4.47619247e+00,FAR_FIELD
2949,CPE4,0.621694,0.121573,2.77407467e-04,0.016656,1.1698,6.41191816e+00,FAR_FIELD
2950,CPE4,0.659081,0.131086,2.66425312e-04,0.016323,1.0760,4.46566677e+00,FAR_FIELD
2951,CPE4,0.702351,0.120685,2.52958387e-04,0.015905,1.1783,4.46793270e+00,FAR_FIELD
2952,CPE4,0.876964,0.669754,3.62634659e-04,0.019043,1.1789,1.12385826e+01,FAR_FIELD
2953,CPE4,0.415973,0.616519,2.10665166e-04,0.014514,1.5797,1.68489017e+01,FAR_FIELD
2954,CPE4,0.417433,0.392072,1.35712326e-04,0.011650,1.3397,1.04389315e+01,FAR_FIELD
2955,CPE4,0.184443,0.898138,3.25746834e-04,0.018048,1.0827,3.26214004e+00,FAR_FIELD
2956,CPE4,0.894243,0.355518,1.63570046e-04,0.012789,1.4660,7.66329908e+00,FAR_FIELD
2957,CPE4,0.822945,0.167935,2.54787505e-04,0.015962,1.3630,5.28615761e+00,FAR_FIELD
2958,CPE4,0.381260,0.086737,3.51532362e-04,0.018749,1.1220,5.53635693e+00,FAR_FIELD
2959,CPE4,0.161531,0.612614,2.21315771e-04,0.014877,1.5238,9.85274255e-01,FAR_FIELD
2960,CPE4,0.840764,0.684312,3.39269638e-04,0.018419,1.1341,3.14062381e+00,FAR_FIELD
2961,CPE4,0.850150,0.661963,3.23504210e-04,0.017986,1.1332,6.87244606e+00,FAR_FIELD
2962,CPE4,0.375244,0.827715,2.76863575e-04,0.016639,1.6526,6.36556578e+00,FAR_FIELD
2963,CPE4,0.365440,0.298340,2.90252268e-04,0.017037,1.1164,6.08495903e+00,FAR_FIELD
2964,CPE4,0.202545,0.882353,2.37241387e-04,0.015403,1.2494,3.49992967e+00,FAR_FIELD
2965,CPE4,0.624006,0.160145,3.20985913e-04,0.017916,1.1299,6.78753996e+00,FAR_FIELD
2966,CPE4,0.861032,0.573863,2.89961696e-04,0.017028,1.5361,1.08228016e+01,LIGAMENT
2967,CPE4,0.834851,0.584036,3.51339579e-04,0.018744,1.2430,1.79355202e+01,LIGAMENT
2968,CPE4,0.153868,0.717343,2.61478126e-04,0.016170,1.1112,4.27895212e+00,FAR_FIELD
2969,CPE4,0.128844,0.300914,3.65266576e-04,0.019112,1.1762,4.78043747e+00,FAR_FIELD
2970,CPE4,0.537000,0.124396,3.09523195e-04,0.017593,2.0489,2.71522141e+00,FAR_FIELD
2971,CPE4,0.360345,0.103902,3.24839726e-04,0.018023,1.1313,4.64714432e+00,FAR_FIELD
2972,CPE4,0.217635,0.115454,2.29207799e-04,0.015140,1.4983,4.99858046e+00,FAR_FIELD
2973,CPE4,0.235505,0.127128,2.47404911e-04,0.015729,1.1241,3.35383439e+00,FAR_FIELD
2974,CPE4,0.834817,0.298636,2.42024660e-04,0.015557,1.4637,1.11271887e+01,FAR_FIELD
2975,CPE4,0.191606,0.166657,3.25108878e-04,0.018031,1.1631,3.08854151e+00,FAR_FIELD
2976,CPE4,0.871425,0.544996,1.44317746e-04,0.012013,1.3405,1.54710340e+01,LIGAMENT
2977,CPE4,0.525488,0.693202,2.82391906e-04,0.016805,1.3531,5.99915504e+00,FAR_FIELD
2978,CPE4,0.243118,0.845695,3.13609838e-04,0.017709,1.4379,7.02498388e+00,FAR_FIELD
2979,CPE4,0.372514,0.802885,3.26544046e-04,0.018071,1.0792,1.06504173e+01,FAR_FIELD
2980,CPE4,0.528766,0.149949,3.18873674e-04,0.017857,1.4104,2.66221786e+00,FAR_FIELD
2981,CPE4,0.567802,0.119156,4.55388799e-04,0.021340,1.3175,3.39073181e+00,FAR_FIELD
2982,CPE4,0.584867,0.681497,3.12268734e-04,0.017671,1.1926,1.28609142e+01,FAR_FIELD
2983,CPE4,0.790871,0.225759,1.70201063e-04,0.013046,1.4977,9.43843842e+00,FAR_FIELD
2984,CPE4,0.797416,0.214376,1.73091888e-04,0.013156,1.4870,3.19316483e+00,FAR_FIELD
2985,CPE4,0.573052,0.159681,2.22727656e-04,0.014924,1.1834,1.20699632e+00,FAR_FIELD
2986,CPE4,0.817626,0.836211,2.54780054e-04,0.015962,1.1683,3.31117940e+00,FAR_FIELD
2987,CPE4,0.420766,0.305696,2.04388052e-04,0.014296,1.1890,1.38450451e+01,FAR_FIELD
2988,CPE4,0.796869,0.620198,3.98993492e-04,0.019975,1.2903,1.72060490e+01,FAR_FIELD
2989,CPE4,0.289487,0.671471,2.75790691e-04,0.016607,1.8941,6.37803698e+00,FAR_FIELD
2990,CPE4,0.329546,0.666438,2.57380307e-04,0.016043,1.7040,1.02940578e+01,FAR_FIELD
2991,CPE4,0.588012,0.170744,2.23197043e-04,0.014940,1.2903,4.05294037e+00,FAR_FIELD
2992,CPE4,0.634073,0.675656,3.08617949e-04,0.017568,1.1049,3.56103563e+00,FAR_FIELD
2993,CPE4,0.737237,0.502459,2.83569098e-04,0.016840,1.1365,1.17956839e+01,LIGAMENT
2994,CPE4,0.749015,0.554714,2.64316797e-04,0.016258,1.4210,4.95123196e+00,LIGAMENT
2995,CPE4,0.737062,0.562238,2.28792429e-04,0.015126,1.5829,1.35915718e+01,LIGAMENT
2996,CPE4,0.240054,0.156110,2.41056085e-04,0.015526,1.6236,5.45625591e+00,FAR_FIELD
2997,CPE4,0.778935,0.236149,2.64525414e-04,0.016264,1.2592,1.24417343e+01,FAR_FIELD
2998,CPE4,0.791994,0.331288,2.03147531e-04,0.014253,1.2645,1.08656998e+01,FAR_FIELD
2999,CPE4,0.379530,0.132661,2.11345032e-04,0.014538,1.4901,7.13712025e+00,FAR_FIELD
3000,CPE4,0.384322,0.760906,3.81886959e-04,0.019542,1.1826,1.28413000e+01,FAR_FIELD
3001,CPE4,0.297246,0.794778,2.96592712e-04,0.017222,1.7246,7.56782103e+00,FAR_FIELD
3002,CPE4,0.482624,0.779350,2.79694796e-04,0.016724,1.0774,5.80779648e+00,FAR_FIELD
3003,CPE4,0.499433,0.762902,2.69740820e-04,0.016424,1.1679,3.65432072e+00,FAR_FIELD
3004,CPE4,0.834874,0.470493,3.37451696e-04,0.018370,1.2786,6.91580248e+00,LIGAMENT
3005,CPE4,0.784435,0.373275,2.73942947e-04,0.016551,1.1112,1.60708103e+01,FAR_FIELD
3006,CPE4,0.682791,0.189543,2.56035477e-04,0.016001,1.5383,4.52795696e+00,FAR_FIELD
3007,CPE4,0.334924,0.253730,1.40801072e-04,0.011866,1.6246,7.89386129e+00,FAR_FIELD
3008,CPE4,0.375784,0.259464,2.81419605e-04,0.016776,1.1521,5.63109779e+00,FAR_FIELD
3009,CPE4,0.550079,0.286965,2.54914165e-04,0.015966,1.5298,6.03397322e+00,FAR_FIELD
3010,CPE4,0.213953,0.759747,9.71779227e-05,0.009858,1.9525,3.87836576e+00,FAR_FIELD
3011,CPE4,0.731361,0.334996,2.41585076e-04,0.015543,1.4500,1.81623058e+01,FAR_FIELD
3012,CPE4,0.752232,0.445090,2.71305442e-04,0.016471,1.0947,2.13816547e+01,LIGAMENT
3013,CPE4,0.306104,0.171729,3.23485583e-04,0.017986,1.5874,5.73560667e+00,FAR_FIELD
3014,CPE4,0.364596,0.227644,2.87588686e-04,0.016958,1.1859,6.57314253e+00,FAR_FIELD
3015,CPE4,0.742876,0.288464,2.35512853e-04,0.015346,1.4937,1.32744932e+01,FAR_FIELD
3016,CPE4,0.746695,0.304486,3.31312418e-04,0.018202,1.8212,1.08642530e+01,FAR_FIELD
3017,CPE4,0.686625,0.718608,3.34247947e-04,0.018282,1.2613,6.19810104e+00,FAR_FIELD
3018,CPE4,0.634368,0.693125,2.61545181e-04,0.016172,1.2297,5.88244438e+00,FAR_FIELD
3019,CPE4,0.763771,0.709170,1.86264515e-04,0.013648,1.2978,6.54197121e+00,FAR_FIELD
