{
  "D3A_ok": true,
  "bulk_sdv12_vs_stress_strain_relative_difference": 8.198293407457934e-10,
  "classification": "stage_d3a_energy_reconstruction_pass",
  "external_work": 0.0005994580560459379,
  "failures": [],
  "integration_point_rows": 15720,
  "ip_count_d_ge_0p1": 0,
  "ip_count_d_ge_0p5": 0,
  "ip_coverage": 1.0,
  "job_id": "1376154.mmaster02",
  "max_H": 0.0512588769197464,
  "max_d": 0.08412302285432816,
  "maximum_detJ": 0.000612708407449269,
  "maximum_detJ_element": 23,
  "maximum_detJ_integration_point": 4,
  "minimum_detJ": 2.829135024804933e-06,
  "minimum_detJ_element": 2921,
  "minimum_detJ_integration_point": 1,
  "nodal_phase_rows": 4000,
  "non_positive_detJ_count": 0,
  "physical_elements": 3930,
  "relative_energy_residual": 0.012586306767288707,
  "total_reconstructed_internal_energy": 0.0005919130930584212
}
