{
  "classification": "stage_d3d_runtime_state_validation_pass",
  "duplicates": 0,
  "failures": [],
  "maximum_H": 0.027317036782803523,
  "minimum_H": 1.0045788889553414e-08,
  "missing_records": 0,
  "records": 25600,
  "runtime_state_ok": true,
  "sha256": "e4e2b2773c7c29161f4c99bbd7218fa6fe49c6ec3e48d6c2107f83419e97e07c"
}
