step,inc,u2_mm,rf2_kN
1,1,2.5000000000e-06,3.4536460000e-04
1,2,5.0000000000e-06,6.9072918000e-04
1,3,7.5000000000e-06,1.0360937000e-03
1,4,1.0000000000e-05,1.3814582000e-03
1,5,1.2500000000e-05,1.7268226000e-03
1,6,1.5000000000e-05,2.0721869000e-03
1,7,1.7500000000e-05,2.4175510000e-03
1,8,2.0000000000e-05,2.7629151000e-03
1,9,2.2500000000e-05,3.1082789000e-03
1,10,2.5000000000e-05,3.4536426000e-03
1,11,2.7500000000e-05,3.7990060000e-03
1,12,3.0000000000e-05,4.1443693000e-03
1,13,3.2500000000e-05,4.4897323000e-03
1,14,3.5000000000e-05,4.8350950000e-03
1,15,3.7500000000e-05,5.1804574000e-03
1,16,4.0000000000e-05,5.5258195000e-03
1,17,4.2500000000e-05,5.8711813000e-03
1,18,4.5000000000e-05,6.2165427000e-03
1,19,4.7500000000e-05,6.5619037000e-03
1,20,5.0000000000e-05,6.9072644000e-03
1,21,5.2500000000e-05,7.2526246000e-03
1,22,5.5000000000e-05,7.5979844000e-03
1,23,5.7500000000e-05,7.9433438000e-03
1,24,6.0000000000e-05,8.2887027000e-03
1,25,6.2500000000e-05,8.6340610000e-03
1,26,6.5000000000e-05,8.9794189000e-03
1,27,6.7500000000e-05,9.3247762000e-03
1,28,7.0000000000e-05,9.6701329000e-03
1,29,7.2500000000e-05,1.0015489000e-02
1,30,7.5000000000e-05,1.0360845000e-02
1,31,7.7500000000e-05,1.0706200000e-02
1,32,8.0000000000e-05,1.1051554000e-02
1,33,8.2500000000e-05,1.1396908000e-02
1,34,8.5000000000e-05,1.1742260000e-02
1,35,8.7500000000e-05,1.2087613000e-02
1,36,9.0000000000e-05,1.2432964000e-02
1,37,9.2500000000e-05,1.2778315000e-02
1,38,9.5000000000e-05,1.3123665000e-02
1,39,9.7500000000e-05,1.3469014000e-02
1,40,1.0000000000e-04,1.3814363000e-02
1,41,1.0250000000e-04,1.4159710000e-02
1,42,1.0500000000e-04,1.4505057000e-02
1,43,1.0750000000e-04,1.4850403000e-02
1,44,1.1000000000e-04,1.5195748000e-02
1,45,1.1250000000e-04,1.5541092000e-02
1,46,1.1500000000e-04,1.5886435000e-02
1,47,1.1750000000e-04,1.6231777000e-02
1,48,1.2000000000e-04,1.6577118000e-02
1,49,1.2250000000e-04,1.6922458000e-02
1,50,1.2500000000e-04,1.7267797000e-02
1,51,1.2750000000e-04,1.7613136000e-02
1,52,1.3000000000e-04,1.7958473000e-02
1,53,1.3250000000e-04,1.8303809000e-02
1,54,1.3500000000e-04,1.8649144000e-02
1,55,1.3750000000e-04,1.8994477000e-02
1,56,1.4000000000e-04,1.9339810000e-02
1,57,1.4250000000e-04,1.9685141000e-02
1,58,1.4500000000e-04,2.0030472000e-02
1,59,1.4750000000e-04,2.0375801000e-02
1,60,1.5000000000e-04,2.0721128000e-02
1,61,1.5250000000e-04,2.1066455000e-02
1,62,1.5500000000e-04,2.1411780000e-02
1,63,1.5750000000e-04,2.1757104000e-02
1,64,1.6000000000e-04,2.2102427000e-02
1,65,1.6250000000e-04,2.2447749000e-02
1,66,1.6500000000e-04,2.2793069000e-02
1,67,1.6750000000e-04,2.3138387000e-02
1,68,1.7000000000e-04,2.3483705000e-02
1,69,1.7250000000e-04,2.3829020000e-02
1,70,1.7500000000e-04,2.4174335000e-02
1,71,1.7750000000e-04,2.4519648000e-02
1,72,1.8000000000e-04,2.4864959000e-02
1,73,1.8250000000e-04,2.5210269000e-02
1,74,1.8500000000e-04,2.5555578000e-02
1,75,1.8750000000e-04,2.5900885000e-02
1,76,1.9000000000e-04,2.6246190000e-02
1,77,1.9250000000e-04,2.6591494000e-02
1,78,1.9500000000e-04,2.6936796000e-02
1,79,1.9750000000e-04,2.7282097000e-02
1,80,2.0000000000e-04,2.7627396000e-02
1,81,2.0250000000e-04,2.7972693000e-02
1,82,2.0500000000e-04,2.8317989000e-02
1,83,2.0750000000e-04,2.8663283000e-02
1,84,2.1000000000e-04,2.9008575000e-02
1,85,2.1250000000e-04,2.9353865000e-02
1,86,2.1500000000e-04,2.9699154000e-02
1,87,2.1750000000e-04,3.0044441000e-02
1,88,2.2000000000e-04,3.0389726000e-02
1,89,2.2250000000e-04,3.0735009000e-02
1,90,2.2500000000e-04,3.1080291000e-02
1,91,2.2750000000e-04,3.1425570000e-02
1,92,2.3000000000e-04,3.1770848000e-02
1,93,2.3250000000e-04,3.2116123000e-02
1,94,2.3500000000e-04,3.2461397000e-02
1,95,2.3750000000e-04,3.2806669000e-02
1,96,2.4000000000e-04,3.3151939000e-02
1,97,2.4250000000e-04,3.3497207000e-02
1,98,2.4500000000e-04,3.3842473000e-02
1,99,2.4750000000e-04,3.4187737000e-02
1,100,2.5000000000e-04,3.4532998000e-02
1,101,2.5250000000e-04,3.4878258000e-02
1,102,2.5500000000e-04,3.5223516000e-02
1,103,2.5750000000e-04,3.5568771000e-02
1,104,2.6000000000e-04,3.5914024000e-02
1,105,2.6250000000e-04,3.6259276000e-02
1,106,2.6500000000e-04,3.6604525000e-02
1,107,2.6750000000e-04,3.6949771000e-02
1,108,2.7000000000e-04,3.7295016000e-02
1,109,2.7250000000e-04,3.7640258000e-02
1,110,2.7500000000e-04,3.7985498000e-02
1,111,2.7750000000e-04,3.8330736000e-02
1,112,2.8000000000e-04,3.8675972000e-02
1,113,2.8250000000e-04,3.9021205000e-02
1,114,2.8500000000e-04,3.9366436000e-02
1,115,2.8750000000e-04,3.9711664000e-02
1,116,2.9000000000e-04,4.0056890000e-02
1,117,2.9250000000e-04,4.0402114000e-02
1,118,2.9500000000e-04,4.0747335000e-02
1,119,2.9750000000e-04,4.1092554000e-02
1,120,3.0000000000e-04,4.1437770000e-02
1,121,3.0250000000e-04,4.1782984000e-02
1,122,3.0500000000e-04,4.2128195000e-02
1,123,3.0750000000e-04,4.2473404000e-02
1,124,3.1000000000e-04,4.2818610000e-02
1,125,3.1250000000e-04,4.3163814000e-02
1,126,3.1500000000e-04,4.3509015000e-02
1,127,3.1750000000e-04,4.3854213000e-02
1,128,3.2000000000e-04,4.4199409000e-02
1,129,3.2250000000e-04,4.4544602000e-02
1,130,3.2500000000e-04,4.4889792000e-02
1,131,3.2750000000e-04,4.5234980000e-02
1,132,3.3000000000e-04,4.5580165000e-02
1,133,3.3250000000e-04,4.5925347000e-02
1,134,3.3500000000e-04,4.6270527000e-02
1,135,3.3750000000e-04,4.6615703000e-02
1,136,3.4000000000e-04,4.6960877000e-02
1,137,3.4250000000e-04,4.7306048000e-02
1,138,3.4500000000e-04,4.7651217000e-02
1,139,3.4750000000e-04,4.7996382000e-02
1,140,3.5000000000e-04,4.8341544000e-02
1,141,3.5250000000e-04,4.8686704000e-02
1,142,3.5500000000e-04,4.9031861000e-02
1,143,3.5750000000e-04,4.9377014000e-02
1,144,3.6000000000e-04,4.9722165000e-02
1,145,3.6250000000e-04,5.0067313000e-02
1,146,3.6500000000e-04,5.0412457000e-02
1,147,3.6750000000e-04,5.0757599000e-02
1,148,3.7000000000e-04,5.1102738000e-02
1,149,3.7250000000e-04,5.1447873000e-02
1,150,3.7500000000e-04,5.1793006000e-02
1,151,3.7750000000e-04,5.2138135000e-02
1,152,3.8000000000e-04,5.2483261000e-02
1,153,3.8250000000e-04,5.2828384000e-02
1,154,3.8500000000e-04,5.3173504000e-02
1,155,3.8750000000e-04,5.3518621000e-02
1,156,3.9000000000e-04,5.3863734000e-02
1,157,3.9250000000e-04,5.4208844000e-02
1,158,3.9500000000e-04,5.4553951000e-02
1,159,3.9750000000e-04,5.4899055000e-02
1,160,4.0000000000e-04,5.5244155000e-02
1,161,4.0250000000e-04,5.5589252000e-02
1,162,4.0500000000e-04,5.5934346000e-02
1,163,4.0750000000e-04,5.6279436000e-02
1,164,4.1000000000e-04,5.6624523000e-02
1,165,4.1250000000e-04,5.6969607000e-02
1,166,4.1500000000e-04,5.7314687000e-02
1,167,4.1750000000e-04,5.7659763000e-02
1,168,4.2000000000e-04,5.8004837000e-02
1,169,4.2250000000e-04,5.8349906000e-02
1,170,4.2500000000e-04,5.8694972000e-02
1,171,4.2750000000e-04,5.9040035000e-02
1,172,4.3000000000e-04,5.9385094000e-02
1,173,4.3250000000e-04,5.9730150000e-02
1,174,4.3500000000e-04,6.0075202000e-02
1,175,4.3750000000e-04,6.0420250000e-02
1,176,4.4000000000e-04,6.0765295000e-02
1,177,4.4250000000e-04,6.1110336000e-02
1,178,4.4500000000e-04,6.1455373000e-02
1,179,4.4750000000e-04,6.1800407000e-02
1,180,4.5000000000e-04,6.2145436000e-02
1,181,4.5250000000e-04,6.2490463000e-02
1,182,4.5500000000e-04,6.2835485000e-02
1,183,4.5750000000e-04,6.3180504000e-02
1,184,4.6000000000e-04,6.3525518000e-02
1,185,4.6250000000e-04,6.3870529000e-02
1,186,4.6500000000e-04,6.4215537000e-02
1,187,4.6750000000e-04,6.4560540000e-02
1,188,4.7000000000e-04,6.4905539000e-02
1,189,4.7250000000e-04,6.5250535000e-02
1,190,4.7500000000e-04,6.5595526000e-02
1,191,4.7750000000e-04,6.5940514000e-02
1,192,4.8000000000e-04,6.6285498000e-02
1,193,4.8250000000e-04,6.6630477000e-02
1,194,4.8500000000e-04,6.6975453000e-02
1,195,4.8750000000e-04,6.7320425000e-02
1,196,4.9000000000e-04,6.7665392000e-02
1,197,4.9250000000e-04,6.8010356000e-02
1,198,4.9500000000e-04,6.8355315000e-02
1,199,4.9750000000e-04,6.8700270000e-02
1,200,5.0000000000e-04,6.9045222000e-02
1,201,5.0250000000e-04,6.9390169000e-02
1,202,5.0500000000e-04,6.9735111000e-02
1,203,5.0750000000e-04,7.0080050000e-02
1,204,5.1000000000e-04,7.0424984000e-02
1,205,5.1250000000e-04,7.0769915000e-02
1,206,5.1500000000e-04,7.1114840000e-02
1,207,5.1750000000e-04,7.1459762000e-02
1,208,5.2000000000e-04,7.1804679000e-02
1,209,5.2250000000e-04,7.2149592000e-02
1,210,5.2500000000e-04,7.2494501000e-02
1,211,5.2750000000e-04,7.2839405000e-02
1,212,5.3000000000e-04,7.3184305000e-02
1,213,5.3250000000e-04,7.3529201000e-02
1,214,5.3500000000e-04,7.3874092000e-02
1,215,5.3750000000e-04,7.4218978000e-02
1,216,5.4000000000e-04,7.4563861000e-02
1,217,5.4250000000e-04,7.4908738000e-02
1,218,5.4500000000e-04,7.5253611000e-02
1,219,5.4750000000e-04,7.5598480000e-02
1,220,5.5000000000e-04,7.5943344000e-02
1,221,5.5250000000e-04,7.6288204000e-02
1,222,5.5500000000e-04,7.6633059000e-02
1,223,5.5750000000e-04,7.6977909000e-02
1,224,5.6000000000e-04,7.7322755000e-02
1,225,5.6250000000e-04,7.7667596000e-02
1,226,5.6500000000e-04,7.8012432000e-02
1,227,5.6750000000e-04,7.8357264000e-02
1,228,5.7000000000e-04,7.8702091000e-02
1,229,5.7250000000e-04,7.9046913000e-02
1,230,5.7500000000e-04,7.9391730000e-02
1,231,5.7750000000e-04,7.9736543000e-02
1,232,5.8000000000e-04,8.0081351000e-02
1,233,5.8250000000e-04,8.0426154000e-02
1,234,5.8500000000e-04,8.0770952000e-02
1,235,5.8750000000e-04,8.1115745000e-02
1,236,5.9000000000e-04,8.1460534000e-02
1,237,5.9250000000e-04,8.1805317000e-02
1,238,5.9500000000e-04,8.2150096000e-02
1,239,5.9750000000e-04,8.2494869000e-02
1,240,6.0000000000e-04,8.2839638000e-02
1,241,6.0250000000e-04,8.3184402000e-02
1,242,6.0500000000e-04,8.3529160000e-02
1,243,6.0750000000e-04,8.3873914000e-02
1,244,6.1000000000e-04,8.4218663000e-02
1,245,6.1250000000e-04,8.4563406000e-02
1,246,6.1500000000e-04,8.4908145000e-02
1,247,6.1750000000e-04,8.5252878000e-02
1,248,6.2000000000e-04,8.5597606000e-02
1,249,6.2250000000e-04,8.5942329000e-02
1,250,6.2500000000e-04,8.6287047000e-02
1,251,6.2750000000e-04,8.6631760000e-02
1,252,6.3000000000e-04,8.6976467000e-02
1,253,6.3250000000e-04,8.7321169000e-02
1,254,6.3500000000e-04,8.7665866000e-02
1,255,6.3750000000e-04,8.8010558000e-02
1,256,6.4000000000e-04,8.8355244000e-02
1,257,6.4250000000e-04,8.8699925000e-02
1,258,6.4500000000e-04,8.9044601000e-02
1,259,6.4750000000e-04,8.9389272000e-02
1,260,6.5000000000e-04,8.9733936000e-02
1,261,6.5250000000e-04,9.0078596000e-02
1,262,6.5500000000e-04,9.0423250000e-02
1,263,6.5750000000e-04,9.0767899000e-02
1,264,6.6000000000e-04,9.1112542000e-02
1,265,6.6250000000e-04,9.1457180000e-02
1,266,6.6500000000e-04,9.1801812000e-02
1,267,6.6750000000e-04,9.2146439000e-02
1,268,6.7000000000e-04,9.2491060000e-02
1,269,6.7250000000e-04,9.2835675000e-02
1,270,6.7500000000e-04,9.3180285000e-02
1,271,6.7750000000e-04,9.3524890000e-02
1,272,6.8000000000e-04,9.3869489000e-02
1,273,6.8250000000e-04,9.4214082000e-02
1,274,6.8500000000e-04,9.4558669000e-02
1,275,6.8750000000e-04,9.4903251000e-02
1,276,6.9000000000e-04,9.5247827000e-02
1,277,6.9250000000e-04,9.5592397000e-02
1,278,6.9500000000e-04,9.5936962000e-02
1,279,6.9750000000e-04,9.6281520000e-02
1,280,7.0000000000e-04,9.6626073000e-02
1,281,7.0250000000e-04,9.6970620000e-02
1,282,7.0500000000e-04,9.7315162000e-02
1,283,7.0750000000e-04,9.7659697000e-02
1,284,7.1000000000e-04,9.8004226000e-02
1,285,7.1250000000e-04,9.8348750000e-02
1,286,7.1500000000e-04,9.8693268000e-02
1,287,7.1750000000e-04,9.9037779000e-02
1,288,7.2000000000e-04,9.9382285000e-02
1,289,7.2250000000e-04,9.9726785000e-02
1,290,7.2500000000e-04,1.0007128000e-01
1,291,7.2750000000e-04,1.0041577000e-01
1,292,7.3000000000e-04,1.0076025000e-01
1,293,7.3250000000e-04,1.0110472000e-01
1,294,7.3500000000e-04,1.0144919000e-01
1,295,7.3750000000e-04,1.0179366000e-01
1,296,7.4000000000e-04,1.0213811000e-01
1,297,7.4250000000e-04,1.0248257000e-01
1,298,7.4500000000e-04,1.0282701000e-01
1,299,7.4750000000e-04,1.0317145000e-01
1,300,7.5000000000e-04,1.0351588000e-01
1,301,7.5250000000e-04,1.0386031000e-01
1,302,7.5500000000e-04,1.0420473000e-01
1,303,7.5750000000e-04,1.0454914000e-01
1,304,7.6000000000e-04,1.0489355000e-01
1,305,7.6250000000e-04,1.0523795000e-01
1,306,7.6500000000e-04,1.0558234000e-01
1,307,7.6750000000e-04,1.0592673000e-01
1,308,7.7000000000e-04,1.0627112000e-01
1,309,7.7250000000e-04,1.0661549000e-01
1,310,7.7500000000e-04,1.0695986000e-01
1,311,7.7750000000e-04,1.0730422000e-01
1,312,7.8000000000e-04,1.0764858000e-01
1,313,7.8250000000e-04,1.0799293000e-01
1,314,7.8500000000e-04,1.0833727000e-01
1,315,7.8750000000e-04,1.0868161000e-01
1,316,7.9000000000e-04,1.0902594000e-01
1,317,7.9250000000e-04,1.0937026000e-01
1,318,7.9500000000e-04,1.0971458000e-01
1,319,7.9750000000e-04,1.1005889000e-01
1,320,8.0000000000e-04,1.1040319000e-01
1,321,8.0250000000e-04,1.1074749000e-01
1,322,8.0500000000e-04,1.1109178000e-01
1,323,8.0750000000e-04,1.1143607000e-01
1,324,8.1000000000e-04,1.1178034000e-01
1,325,8.1250000000e-04,1.1212461000e-01
1,326,8.1500000000e-04,1.1246888000e-01
1,327,8.1750000000e-04,1.1281313000e-01
1,328,8.2000000000e-04,1.1315738000e-01
1,329,8.2250000000e-04,1.1350163000e-01
1,330,8.2500000000e-04,1.1384586000e-01
1,331,8.2750000000e-04,1.1419009000e-01
1,332,8.3000000000e-04,1.1453432000e-01
1,333,8.3250000000e-04,1.1487853000e-01
1,334,8.3500000000e-04,1.1522274000e-01
1,335,8.3750000000e-04,1.1556694000e-01
1,336,8.4000000000e-04,1.1591114000e-01
1,337,8.4250000000e-04,1.1625532000e-01
1,338,8.4500000000e-04,1.1659951000e-01
1,339,8.4750000000e-04,1.1694368000e-01
1,340,8.5000000000e-04,1.1728785000e-01
1,341,8.5250000000e-04,1.1763201000e-01
1,342,8.5500000000e-04,1.1797616000e-01
1,343,8.5750000000e-04,1.1832030000e-01
1,344,8.6000000000e-04,1.1866444000e-01
1,345,8.6250000000e-04,1.1900857000e-01
1,346,8.6500000000e-04,1.1935270000e-01
1,347,8.6750000000e-04,1.1969681000e-01
1,348,8.7000000000e-04,1.2004092000e-01
1,349,8.7250000000e-04,1.2038503000e-01
1,350,8.7500000000e-04,1.2072912000e-01
1,351,8.7750000000e-04,1.2107321000e-01
1,352,8.8000000000e-04,1.2141729000e-01
1,353,8.8250000000e-04,1.2176136000e-01
1,354,8.8500000000e-04,1.2210543000e-01
1,355,8.8750000000e-04,1.2244949000e-01
1,356,8.9000000000e-04,1.2279354000e-01
1,357,8.9250000000e-04,1.2313758000e-01
1,358,8.9500000000e-04,1.2348162000e-01
1,359,8.9750000000e-04,1.2382565000e-01
1,360,9.0000000000e-04,1.2416967000e-01
1,361,9.0250000000e-04,1.2451368000e-01
1,362,9.0500000000e-04,1.2485769000e-01
1,363,9.0750000000e-04,1.2520169000e-01
1,364,9.1000000000e-04,1.2554568000e-01
1,365,9.1250000000e-04,1.2588966000e-01
1,366,9.1500000000e-04,1.2623364000e-01
1,367,9.1750000000e-04,1.2657761000e-01
1,368,9.2000000000e-04,1.2692157000e-01
1,369,9.2250000000e-04,1.2726552000e-01
1,370,9.2500000000e-04,1.2760947000e-01
1,371,9.2750000000e-04,1.2795341000e-01
1,372,9.3000000000e-04,1.2829734000e-01
1,373,9.3250000000e-04,1.2864126000e-01
1,374,9.3500000000e-04,1.2898517000e-01
1,375,9.3750000000e-04,1.2932908000e-01
1,376,9.4000000000e-04,1.2967298000e-01
1,377,9.4250000000e-04,1.3001687000e-01
1,378,9.4500000000e-04,1.3036075000e-01
1,379,9.4750000000e-04,1.3070463000e-01
1,380,9.5000000000e-04,1.3104850000e-01
1,381,9.5250000000e-04,1.3139236000e-01
1,382,9.5500000000e-04,1.3173621000e-01
1,383,9.5750000000e-04,1.3208005000e-01
1,384,9.6000000000e-04,1.3242389000e-01
1,385,9.6250000000e-04,1.3276772000e-01
1,386,9.6500000000e-04,1.3311154000e-01
1,387,9.6750000000e-04,1.3345535000e-01
1,388,9.7000000000e-04,1.3379915000e-01
1,389,9.7250000000e-04,1.3414295000e-01
1,390,9.7500000000e-04,1.3448674000e-01
1,391,9.7750000000e-04,1.3483052000e-01
1,392,9.8000000000e-04,1.3517429000e-01
1,393,9.8250000000e-04,1.3551805000e-01
1,394,9.8500000000e-04,1.3586180000e-01
1,395,9.8750000000e-04,1.3620555000e-01
1,396,9.9000000000e-04,1.3654929000e-01
1,397,9.9250000000e-04,1.3689302000e-01
1,398,9.9500000000e-04,1.3723674000e-01
1,399,9.9750000000e-04,1.3758046000e-01
1,400,1.0000000000e-03,1.3792416000e-01
1,401,1.0025000000e-03,1.3826786000e-01
1,402,1.0050000000e-03,1.3861155000e-01
1,403,1.0075000000e-03,1.3895523000e-01
1,404,1.0100000000e-03,1.3929890000e-01
1,405,1.0125000000e-03,1.3964257000e-01
1,406,1.0150000000e-03,1.3998622000e-01
1,407,1.0175000000e-03,1.4032987000e-01
1,408,1.0200000000e-03,1.4067351000e-01
1,409,1.0225000000e-03,1.4101714000e-01
1,410,1.0250000000e-03,1.4136076000e-01
1,411,1.0275000000e-03,1.4170437000e-01
1,412,1.0300000000e-03,1.4204797000e-01
1,413,1.0325000000e-03,1.4239157000e-01
1,414,1.0350000000e-03,1.4273516000e-01
1,415,1.0375000000e-03,1.4307874000e-01
1,416,1.0400000000e-03,1.4342231000e-01
1,417,1.0425000000e-03,1.4376587000e-01
1,418,1.0450000000e-03,1.4410942000e-01
1,419,1.0475000000e-03,1.4445296000e-01
1,420,1.0500000000e-03,1.4479650000e-01
1,421,1.0525000000e-03,1.4514003000e-01
1,422,1.0550000000e-03,1.4548354000e-01
1,423,1.0575000000e-03,1.4582705000e-01
1,424,1.0600000000e-03,1.4617055000e-01
1,425,1.0625000000e-03,1.4651404000e-01
1,426,1.0650000000e-03,1.4685753000e-01
1,427,1.0675000000e-03,1.4720100000e-01
1,428,1.0700000000e-03,1.4754446000e-01
1,429,1.0725000000e-03,1.4788792000e-01
1,430,1.0750000000e-03,1.4823137000e-01
1,431,1.0775000000e-03,1.4857480000e-01
1,432,1.0800000000e-03,1.4891823000e-01
1,433,1.0825000000e-03,1.4926165000e-01
1,434,1.0850000000e-03,1.4960506000e-01
1,435,1.0875000000e-03,1.4994847000e-01
1,436,1.0900000000e-03,1.5029186000e-01
1,437,1.0925000000e-03,1.5063524000e-01
1,438,1.0950000000e-03,1.5097862000e-01
1,439,1.0975000000e-03,1.5132198000e-01
1,440,1.1000000000e-03,1.5166534000e-01
1,441,1.1025000000e-03,1.5200869000e-01
1,442,1.1050000000e-03,1.5235202000e-01
1,443,1.1075000000e-03,1.5269535000e-01
1,444,1.1100000000e-03,1.5303867000e-01
1,445,1.1125000000e-03,1.5338198000e-01
1,446,1.1150000000e-03,1.5372528000e-01
1,447,1.1175000000e-03,1.5406858000e-01
1,448,1.1200000000e-03,1.5441186000e-01
1,449,1.1225000000e-03,1.5475513000e-01
1,450,1.1250000000e-03,1.5509839000e-01
1,451,1.1275000000e-03,1.5544165000e-01
1,452,1.1300000000e-03,1.5578489000e-01
1,453,1.1325000000e-03,1.5612813000e-01
1,454,1.1350000000e-03,1.5647136000e-01
1,455,1.1375000000e-03,1.5681457000e-01
1,456,1.1400000000e-03,1.5715778000e-01
1,457,1.1425000000e-03,1.5750098000e-01
1,458,1.1450000000e-03,1.5784417000e-01
1,459,1.1475000000e-03,1.5818735000e-01
1,460,1.1500000000e-03,1.5853051000e-01
1,461,1.1525000000e-03,1.5887367000e-01
1,462,1.1550000000e-03,1.5921682000e-01
1,463,1.1575000000e-03,1.5955996000e-01
1,464,1.1600000000e-03,1.5990310000e-01
1,465,1.1625000000e-03,1.6024622000e-01
1,466,1.1650000000e-03,1.6058933000e-01
1,467,1.1675000000e-03,1.6093243000e-01
1,468,1.1700000000e-03,1.6127552000e-01
1,469,1.1725000000e-03,1.6161860000e-01
1,470,1.1750000000e-03,1.6196168000e-01
1,471,1.1775000000e-03,1.6230474000e-01
1,472,1.1800000000e-03,1.6264779000e-01
1,473,1.1825000000e-03,1.6299083000e-01
1,474,1.1850000000e-03,1.6333387000e-01
1,475,1.1875000000e-03,1.6367689000e-01
1,476,1.1900000000e-03,1.6401990000e-01
1,477,1.1925000000e-03,1.6436291000e-01
1,478,1.1950000000e-03,1.6470590000e-01
1,479,1.1975000000e-03,1.6504889000e-01
1,480,1.2000000000e-03,1.6539186000e-01
1,481,1.2025000000e-03,1.6573482000e-01
1,482,1.2050000000e-03,1.6607778000e-01
1,483,1.2075000000e-03,1.6642072000e-01
1,484,1.2100000000e-03,1.6676365000e-01
1,485,1.2125000000e-03,1.6710658000e-01
1,486,1.2150000000e-03,1.6744949000e-01
1,487,1.2175000000e-03,1.6779239000e-01
1,488,1.2200000000e-03,1.6813529000e-01
1,489,1.2225000000e-03,1.6847817000e-01
1,490,1.2250000000e-03,1.6882104000e-01
1,491,1.2275000000e-03,1.6916391000e-01
1,492,1.2300000000e-03,1.6950676000e-01
1,493,1.2325000000e-03,1.6984960000e-01
1,494,1.2350000000e-03,1.7019243000e-01
1,495,1.2375000000e-03,1.7053525000e-01
1,496,1.2400000000e-03,1.7087806000e-01
1,497,1.2425000000e-03,1.7122087000e-01
1,498,1.2450000000e-03,1.7156366000e-01
1,499,1.2475000000e-03,1.7190644000e-01
1,500,1.2500000000e-03,1.7224921000e-01
1,501,1.2525000000e-03,1.7259196000e-01
1,502,1.2550000000e-03,1.7293471000e-01
1,503,1.2575000000e-03,1.7327745000e-01
1,504,1.2600000000e-03,1.7362018000e-01
1,505,1.2625000000e-03,1.7396290000e-01
1,506,1.2650000000e-03,1.7430560000e-01
1,507,1.2675000000e-03,1.7464830000e-01
1,508,1.2700000000e-03,1.7499099000e-01
1,509,1.2725000000e-03,1.7533366000e-01
1,510,1.2750000000e-03,1.7567633000e-01
1,511,1.2775000000e-03,1.7601898000e-01
1,512,1.2800000000e-03,1.7636162000e-01
1,513,1.2825000000e-03,1.7670426000e-01
1,514,1.2850000000e-03,1.7704688000e-01
1,515,1.2875000000e-03,1.7738949000e-01
1,516,1.2900000000e-03,1.7773209000e-01
1,517,1.2925000000e-03,1.7807468000e-01
1,518,1.2950000000e-03,1.7841726000e-01
1,519,1.2975000000e-03,1.7875983000e-01
1,520,1.3000000000e-03,1.7910239000e-01
1,521,1.3025000000e-03,1.7944493000e-01
1,522,1.3050000000e-03,1.7978747000e-01
1,523,1.3075000000e-03,1.8012999000e-01
1,524,1.3100000000e-03,1.8047251000e-01
1,525,1.3125000000e-03,1.8081501000e-01
1,526,1.3150000000e-03,1.8115750000e-01
1,527,1.3175000000e-03,1.8149998000e-01
1,528,1.3200000000e-03,1.8184245000e-01
1,529,1.3225000000e-03,1.8218491000e-01
1,530,1.3250000000e-03,1.8252736000e-01
1,531,1.3275000000e-03,1.8286980000e-01
1,532,1.3300000000e-03,1.8321222000e-01
1,533,1.3325000000e-03,1.8355464000e-01
1,534,1.3350000000e-03,1.8389704000e-01
1,535,1.3375000000e-03,1.8423944000e-01
1,536,1.3400000000e-03,1.8458182000e-01
1,537,1.3425000000e-03,1.8492419000e-01
1,538,1.3450000000e-03,1.8526655000e-01
1,539,1.3475000000e-03,1.8560889000e-01
1,540,1.3500000000e-03,1.8595123000e-01
1,541,1.3525000000e-03,1.8629356000e-01
1,542,1.3550000000e-03,1.8663587000e-01
1,543,1.3575000000e-03,1.8697817000e-01
1,544,1.3600000000e-03,1.8732047000e-01
1,545,1.3625000000e-03,1.8766275000e-01
1,546,1.3650000000e-03,1.8800501000e-01
1,547,1.3675000000e-03,1.8834727000e-01
1,548,1.3700000000e-03,1.8868952000e-01
1,549,1.3725000000e-03,1.8903175000e-01
1,550,1.3750000000e-03,1.8937398000e-01
1,551,1.3775000000e-03,1.8971619000e-01
1,552,1.3800000000e-03,1.9005839000e-01
1,553,1.3825000000e-03,1.9040058000e-01
1,554,1.3850000000e-03,1.9074275000e-01
1,555,1.3875000000e-03,1.9108492000e-01
1,556,1.3900000000e-03,1.9142707000e-01
1,557,1.3925000000e-03,1.9176922000e-01
1,558,1.3950000000e-03,1.9211135000e-01
1,559,1.3975000000e-03,1.9245347000e-01
1,560,1.4000000000e-03,1.9279558000e-01
1,561,1.4025000000e-03,1.9313767000e-01
1,562,1.4050000000e-03,1.9347976000e-01
1,563,1.4075000000e-03,1.9382183000e-01
1,564,1.4100000000e-03,1.9416389000e-01
1,565,1.4125000000e-03,1.9450594000e-01
1,566,1.4150000000e-03,1.9484798000e-01
1,567,1.4175000000e-03,1.9519000000e-01
1,568,1.4200000000e-03,1.9553201000e-01
1,569,1.4225000000e-03,1.9587402000e-01
1,570,1.4250000000e-03,1.9621601000e-01
1,571,1.4275000000e-03,1.9655798000e-01
1,572,1.4300000000e-03,1.9689995000e-01
1,573,1.4325000000e-03,1.9724190000e-01
1,574,1.4350000000e-03,1.9758385000e-01
1,575,1.4375000000e-03,1.9792578000e-01
1,576,1.4400000000e-03,1.9826770000e-01
1,577,1.4425000000e-03,1.9860960000e-01
1,578,1.4450000000e-03,1.9895150000e-01
1,579,1.4475000000e-03,1.9929338000e-01
1,580,1.4500000000e-03,1.9963525000e-01
1,581,1.4525000000e-03,1.9997711000e-01
1,582,1.4550000000e-03,2.0031895000e-01
1,583,1.4575000000e-03,2.0066079000e-01
1,584,1.4600000000e-03,2.0100261000e-01
1,585,1.4625000000e-03,2.0134442000e-01
1,586,1.4650000000e-03,2.0168622000e-01
1,587,1.4675000000e-03,2.0202800000e-01
1,588,1.4700000000e-03,2.0236977000e-01
1,589,1.4725000000e-03,2.0271153000e-01
1,590,1.4750000000e-03,2.0305328000e-01
1,591,1.4775000000e-03,2.0339502000e-01
1,592,1.4800000000e-03,2.0373674000e-01
1,593,1.4825000000e-03,2.0407845000e-01
1,594,1.4850000000e-03,2.0442015000e-01
1,595,1.4875000000e-03,2.0476184000e-01
1,596,1.4900000000e-03,2.0510351000e-01
1,597,1.4925000000e-03,2.0544517000e-01
1,598,1.4950000000e-03,2.0578682000e-01
1,599,1.4975000000e-03,2.0612846000e-01
1,600,1.5000000000e-03,2.0647008000e-01
1,601,1.5025000000e-03,2.0681170000e-01
1,602,1.5050000000e-03,2.0715330000e-01
1,603,1.5075000000e-03,2.0749488000e-01
1,604,1.5100000000e-03,2.0783646000e-01
1,605,1.5125000000e-03,2.0817802000e-01
1,606,1.5150000000e-03,2.0851957000e-01
1,607,1.5175000000e-03,2.0886110000e-01
1,608,1.5200000000e-03,2.0920263000e-01
1,609,1.5225000000e-03,2.0954414000e-01
1,610,1.5250000000e-03,2.0988563000e-01
1,611,1.5275000000e-03,2.1022712000e-01
1,612,1.5300000000e-03,2.1056859000e-01
1,613,1.5325000000e-03,2.1091005000e-01
1,614,1.5350000000e-03,2.1125150000e-01
1,615,1.5375000000e-03,2.1159293000e-01
1,616,1.5400000000e-03,2.1193436000e-01
1,617,1.5425000000e-03,2.1227576000e-01
1,618,1.5450000000e-03,2.1261716000e-01
1,619,1.5475000000e-03,2.1295854000e-01
1,620,1.5500000000e-03,2.1329991000e-01
1,621,1.5525000000e-03,2.1364127000e-01
1,622,1.5550000000e-03,2.1398261000e-01
1,623,1.5575000000e-03,2.1432394000e-01
1,624,1.5600000000e-03,2.1466526000e-01
1,625,1.5625000000e-03,2.1500657000e-01
1,626,1.5650000000e-03,2.1534786000e-01
1,627,1.5675000000e-03,2.1568914000e-01
1,628,1.5700000000e-03,2.1603040000e-01
1,629,1.5725000000e-03,2.1637166000e-01
1,630,1.5750000000e-03,2.1671290000e-01
1,631,1.5775000000e-03,2.1705412000e-01
1,632,1.5800000000e-03,2.1739534000e-01
1,633,1.5825000000e-03,2.1773654000e-01
1,634,1.5850000000e-03,2.1807772000e-01
1,635,1.5875000000e-03,2.1841890000e-01
1,636,1.5900000000e-03,2.1876006000e-01
1,637,1.5925000000e-03,2.1910120000e-01
1,638,1.5950000000e-03,2.1944234000e-01
1,639,1.5975000000e-03,2.1978346000e-01
1,640,1.6000000000e-03,2.2012457000e-01
1,641,1.6025000000e-03,2.2046566000e-01
1,642,1.6050000000e-03,2.2080674000e-01
1,643,1.6075000000e-03,2.2114781000e-01
1,644,1.6100000000e-03,2.2148886000e-01
1,645,1.6125000000e-03,2.2182990000e-01
1,646,1.6150000000e-03,2.2217093000e-01
1,647,1.6175000000e-03,2.2251194000e-01
1,648,1.6200000000e-03,2.2285294000e-01
1,649,1.6225000000e-03,2.2319393000e-01
1,650,1.6250000000e-03,2.2353490000e-01
1,651,1.6275000000e-03,2.2387586000e-01
1,652,1.6300000000e-03,2.2421680000e-01
1,653,1.6325000000e-03,2.2455773000e-01
1,654,1.6350000000e-03,2.2489865000e-01
1,655,1.6375000000e-03,2.2523956000e-01
1,656,1.6400000000e-03,2.2558045000e-01
1,657,1.6425000000e-03,2.2592133000e-01
1,658,1.6450000000e-03,2.2626219000e-01
1,659,1.6475000000e-03,2.2660304000e-01
1,660,1.6500000000e-03,2.2694387000e-01
1,661,1.6525000000e-03,2.2728470000e-01
1,662,1.6550000000e-03,2.2762550000e-01
1,663,1.6575000000e-03,2.2796630000e-01
1,664,1.6600000000e-03,2.2830708000e-01
1,665,1.6625000000e-03,2.2864785000e-01
1,666,1.6650000000e-03,2.2898860000e-01
1,667,1.6675000000e-03,2.2932934000e-01
1,668,1.6700000000e-03,2.2967006000e-01
1,669,1.6725000000e-03,2.3001077000e-01
1,670,1.6750000000e-03,2.3035147000e-01
1,671,1.6775000000e-03,2.3069215000e-01
1,672,1.6800000000e-03,2.3103282000e-01
1,673,1.6825000000e-03,2.3137348000e-01
1,674,1.6850000000e-03,2.3171412000e-01
1,675,1.6875000000e-03,2.3205475000e-01
1,676,1.6900000000e-03,2.3239536000e-01
1,677,1.6925000000e-03,2.3273596000e-01
1,678,1.6950000000e-03,2.3307654000e-01
1,679,1.6975000000e-03,2.3341711000e-01
1,680,1.7000000000e-03,2.3375767000e-01
1,681,1.7025000000e-03,2.3409821000e-01
1,682,1.7050000000e-03,2.3443874000e-01
1,683,1.7075000000e-03,2.3477925000e-01
1,684,1.7100000000e-03,2.3511975000e-01
1,685,1.7125000000e-03,2.3546024000e-01
1,686,1.7150000000e-03,2.3580071000e-01
1,687,1.7175000000e-03,2.3614116000e-01
1,688,1.7200000000e-03,2.3648160000e-01
1,689,1.7225000000e-03,2.3682203000e-01
1,690,1.7250000000e-03,2.3716245000e-01
1,691,1.7275000000e-03,2.3750284000e-01
1,692,1.7300000000e-03,2.3784323000e-01
1,693,1.7325000000e-03,2.3818360000e-01
1,694,1.7350000000e-03,2.3852395000e-01
1,695,1.7375000000e-03,2.3886429000e-01
1,696,1.7400000000e-03,2.3920462000e-01
1,697,1.7425000000e-03,2.3954493000e-01
1,698,1.7450000000e-03,2.3988523000e-01
1,699,1.7475000000e-03,2.4022551000e-01
1,700,1.7500000000e-03,2.4056578000e-01
1,701,1.7525000000e-03,2.4090603000e-01
1,702,1.7550000000e-03,2.4124627000e-01
1,703,1.7575000000e-03,2.4158650000e-01
1,704,1.7600000000e-03,2.4192671000e-01
1,705,1.7625000000e-03,2.4226690000e-01
1,706,1.7650000000e-03,2.4260708000e-01
1,707,1.7675000000e-03,2.4294724000e-01
1,708,1.7700000000e-03,2.4328740000e-01
1,709,1.7725000000e-03,2.4362753000e-01
1,710,1.7750000000e-03,2.4396765000e-01
1,711,1.7775000000e-03,2.4430776000e-01
1,712,1.7800000000e-03,2.4464785000e-01
1,713,1.7825000000e-03,2.4498792000e-01
1,714,1.7850000000e-03,2.4532799000e-01
1,715,1.7875000000e-03,2.4566803000e-01
1,716,1.7900000000e-03,2.4600806000e-01
1,717,1.7925000000e-03,2.4634808000e-01
1,718,1.7950000000e-03,2.4668808000e-01
1,719,1.7975000000e-03,2.4702807000e-01
1,720,1.8000000000e-03,2.4736804000e-01
1,721,1.8025000000e-03,2.4770799000e-01
1,722,1.8050000000e-03,2.4804794000e-01
1,723,1.8075000000e-03,2.4838786000e-01
1,724,1.8100000000e-03,2.4872777000e-01
1,725,1.8125000000e-03,2.4906767000e-01
1,726,1.8150000000e-03,2.4940755000e-01
1,727,1.8175000000e-03,2.4974742000e-01
1,728,1.8200000000e-03,2.5008727000e-01
1,729,1.8225000000e-03,2.5042710000e-01
1,730,1.8250000000e-03,2.5076692000e-01
1,731,1.8275000000e-03,2.5110672000e-01
1,732,1.8300000000e-03,2.5144651000e-01
1,733,1.8325000000e-03,2.5178629000e-01
1,734,1.8350000000e-03,2.5212605000e-01
1,735,1.8375000000e-03,2.5246579000e-01
1,736,1.8400000000e-03,2.5280552000e-01
1,737,1.8425000000e-03,2.5314523000e-01
1,738,1.8450000000e-03,2.5348493000e-01
1,739,1.8475000000e-03,2.5382461000e-01
1,740,1.8500000000e-03,2.5416427000e-01
1,741,1.8525000000e-03,2.5450393000e-01
1,742,1.8550000000e-03,2.5484356000e-01
1,743,1.8575000000e-03,2.5518318000e-01
1,744,1.8600000000e-03,2.5552278000e-01
1,745,1.8625000000e-03,2.5586237000e-01
1,746,1.8650000000e-03,2.5620195000e-01
1,747,1.8675000000e-03,2.5654150000e-01
1,748,1.8700000000e-03,2.5688104000e-01
1,749,1.8725000000e-03,2.5722057000e-01
1,750,1.8750000000e-03,2.5756008000e-01
1,751,1.8775000000e-03,2.5789958000e-01
1,752,1.8800000000e-03,2.5823905000e-01
1,753,1.8825000000e-03,2.5857852000e-01
1,754,1.8850000000e-03,2.5891797000e-01
1,755,1.8875000000e-03,2.5925740000e-01
1,756,1.8900000000e-03,2.5959681000e-01
1,757,1.8925000000e-03,2.5993621000e-01
1,758,1.8950000000e-03,2.6027560000e-01
1,759,1.8975000000e-03,2.6061497000e-01
1,760,1.9000000000e-03,2.6095432000e-01
1,761,1.9025000000e-03,2.6129365000e-01
1,762,1.9050000000e-03,2.6163297000e-01
1,763,1.9075000000e-03,2.6197228000e-01
1,764,1.9100000000e-03,2.6231157000e-01
1,765,1.9125000000e-03,2.6265084000e-01
1,766,1.9150000000e-03,2.6299010000e-01
1,767,1.9175000000e-03,2.6332934000e-01
1,768,1.9200000000e-03,2.6366856000e-01
1,769,1.9225000000e-03,2.6400777000e-01
1,770,1.9250000000e-03,2.6434696000e-01
1,771,1.9275000000e-03,2.6468614000e-01
1,772,1.9300000000e-03,2.6502530000e-01
1,773,1.9325000000e-03,2.6536444000e-01
1,774,1.9350000000e-03,2.6570357000e-01
1,775,1.9375000000e-03,2.6604268000e-01
1,776,1.9400000000e-03,2.6638178000e-01
1,777,1.9425000000e-03,2.6672086000e-01
1,778,1.9450000000e-03,2.6705992000e-01
1,779,1.9475000000e-03,2.6739897000e-01
1,780,1.9500000000e-03,2.6773800000e-01
1,781,1.9525000000e-03,2.6807701000e-01
1,782,1.9550000000e-03,2.6841601000e-01
1,783,1.9575000000e-03,2.6875499000e-01
1,784,1.9600000000e-03,2.6909395000e-01
1,785,1.9625000000e-03,2.6943290000e-01
1,786,1.9650000000e-03,2.6977183000e-01
1,787,1.9675000000e-03,2.7011075000e-01
1,788,1.9700000000e-03,2.7044965000e-01
1,789,1.9725000000e-03,2.7078853000e-01
1,790,1.9750000000e-03,2.7112740000e-01
1,791,1.9775000000e-03,2.7146625000e-01
1,792,1.9800000000e-03,2.7180508000e-01
1,793,1.9825000000e-03,2.7214390000e-01
1,794,1.9850000000e-03,2.7248269000e-01
1,795,1.9875000000e-03,2.7282148000e-01
1,796,1.9900000000e-03,2.7316024000e-01
1,797,1.9925000000e-03,2.7349899000e-01
1,798,1.9950000000e-03,2.7383773000e-01
1,799,1.9975000000e-03,2.7417644000e-01
1,800,2.0000000000e-03,2.7451514000e-01
1,801,2.0025000000e-03,2.7485382000e-01
1,802,2.0050000000e-03,2.7519249000e-01
1,803,2.0075000000e-03,2.7553114000e-01
1,804,2.0100000000e-03,2.7586977000e-01
1,805,2.0125000000e-03,2.7620839000e-01
1,806,2.0150000000e-03,2.7654699000e-01
1,807,2.0175000000e-03,2.7688557000e-01
1,808,2.0200000000e-03,2.7722413000e-01
1,809,2.0225000000e-03,2.7756268000e-01
1,810,2.0250000000e-03,2.7790121000e-01
1,811,2.0275000000e-03,2.7823972000e-01
1,812,2.0300000000e-03,2.7857822000e-01
1,813,2.0325000000e-03,2.7891670000e-01
1,814,2.0350000000e-03,2.7925516000e-01
1,815,2.0375000000e-03,2.7959361000e-01
1,816,2.0400000000e-03,2.7993204000e-01
1,817,2.0425000000e-03,2.8027045000e-01
1,818,2.0450000000e-03,2.8060884000e-01
1,819,2.0475000000e-03,2.8094722000e-01
1,820,2.0500000000e-03,2.8128558000e-01
1,821,2.0525000000e-03,2.8162392000e-01
1,822,2.0550000000e-03,2.8196225000e-01
1,823,2.0575000000e-03,2.8230056000e-01
1,824,2.0600000000e-03,2.8263885000e-01
1,825,2.0625000000e-03,2.8297712000e-01
1,826,2.0650000000e-03,2.8331538000e-01
1,827,2.0675000000e-03,2.8365362000e-01
1,828,2.0700000000e-03,2.8399184000e-01
1,829,2.0725000000e-03,2.8433004000e-01
1,830,2.0750000000e-03,2.8466823000e-01
1,831,2.0775000000e-03,2.8500640000e-01
1,832,2.0800000000e-03,2.8534455000e-01
1,833,2.0825000000e-03,2.8568269000e-01
1,834,2.0850000000e-03,2.8602081000e-01
1,835,2.0875000000e-03,2.8635891000e-01
1,836,2.0900000000e-03,2.8669699000e-01
1,837,2.0925000000e-03,2.8703505000e-01
1,838,2.0950000000e-03,2.8737310000e-01
1,839,2.0975000000e-03,2.8771113000e-01
1,840,2.1000000000e-03,2.8804914000e-01
1,841,2.1025000000e-03,2.8838714000e-01
1,842,2.1050000000e-03,2.8872511000e-01
1,843,2.1075000000e-03,2.8906307000e-01
1,844,2.1100000000e-03,2.8940101000e-01
1,845,2.1125000000e-03,2.8973894000e-01
1,846,2.1150000000e-03,2.9007684000e-01
1,847,2.1175000000e-03,2.9041473000e-01
1,848,2.1200000000e-03,2.9075260000e-01
1,849,2.1225000000e-03,2.9109046000e-01
1,850,2.1250000000e-03,2.9142829000e-01
1,851,2.1275000000e-03,2.9176611000e-01
1,852,2.1300000000e-03,2.9210391000e-01
1,853,2.1325000000e-03,2.9244169000e-01
1,854,2.1350000000e-03,2.9277945000e-01
1,855,2.1375000000e-03,2.9311720000e-01
1,856,2.1400000000e-03,2.9345492000e-01
1,857,2.1425000000e-03,2.9379263000e-01
1,858,2.1450000000e-03,2.9413033000e-01
1,859,2.1475000000e-03,2.9446800000e-01
1,860,2.1500000000e-03,2.9480565000e-01
1,861,2.1525000000e-03,2.9514329000e-01
1,862,2.1550000000e-03,2.9548091000e-01
1,863,2.1575000000e-03,2.9581851000e-01
1,864,2.1600000000e-03,2.9615610000e-01
1,865,2.1625000000e-03,2.9649366000e-01
1,866,2.1650000000e-03,2.9683121000e-01
1,867,2.1675000000e-03,2.9716874000e-01
1,868,2.1700000000e-03,2.9750625000e-01
1,869,2.1725000000e-03,2.9784374000e-01
1,870,2.1750000000e-03,2.9818121000e-01
1,871,2.1775000000e-03,2.9851867000e-01
1,872,2.1800000000e-03,2.9885611000e-01
1,873,2.1825000000e-03,2.9919352000e-01
1,874,2.1850000000e-03,2.9953093000e-01
1,875,2.1875000000e-03,2.9986831000e-01
1,876,2.1900000000e-03,3.0020567000e-01
1,877,2.1925000000e-03,3.0054302000e-01
1,878,2.1950000000e-03,3.0088034000e-01
1,879,2.1975000000e-03,3.0121765000e-01
1,880,2.2000000000e-03,3.0155494000e-01
1,881,2.2025000000e-03,3.0189222000e-01
1,882,2.2050000000e-03,3.0222947000e-01
1,883,2.2075000000e-03,3.0256670000e-01
1,884,2.2100000000e-03,3.0290392000e-01
1,885,2.2125000000e-03,3.0324112000e-01
1,886,2.2150000000e-03,3.0357830000e-01
1,887,2.2175000000e-03,3.0391546000e-01
1,888,2.2200000000e-03,3.0425260000e-01
1,889,2.2225000000e-03,3.0458972000e-01
1,890,2.2250000000e-03,3.0492683000e-01
1,891,2.2275000000e-03,3.0526391000e-01
1,892,2.2300000000e-03,3.0560098000e-01
1,893,2.2325000000e-03,3.0593803000e-01
1,894,2.2350000000e-03,3.0627506000e-01
1,895,2.2375000000e-03,3.0661207000e-01
1,896,2.2400000000e-03,3.0694906000e-01
1,897,2.2425000000e-03,3.0728603000e-01
1,898,2.2450000000e-03,3.0762299000e-01
1,899,2.2475000000e-03,3.0795992000e-01
1,900,2.2500000000e-03,3.0829684000e-01
1,901,2.2525000000e-03,3.0863374000e-01
1,902,2.2550000000e-03,3.0897061000e-01
1,903,2.2575000000e-03,3.0930747000e-01
1,904,2.2600000000e-03,3.0964431000e-01
1,905,2.2625000000e-03,3.0998114000e-01
1,906,2.2650000000e-03,3.1031794000e-01
1,907,2.2675000000e-03,3.1065472000e-01
1,908,2.2700000000e-03,3.1099149000e-01
1,909,2.2725000000e-03,3.1132823000e-01
1,910,2.2750000000e-03,3.1166496000e-01
1,911,2.2775000000e-03,3.1200166000e-01
1,912,2.2800000000e-03,3.1233835000e-01
1,913,2.2825000000e-03,3.1267502000e-01
1,914,2.2850000000e-03,3.1301167000e-01
1,915,2.2875000000e-03,3.1334830000e-01
1,916,2.2900000000e-03,3.1368491000e-01
1,917,2.2925000000e-03,3.1402150000e-01
1,918,2.2950000000e-03,3.1435808000e-01
1,919,2.2975000000e-03,3.1469463000e-01
1,920,2.3000000000e-03,3.1503116000e-01
1,921,2.3025000000e-03,3.1536768000e-01
1,922,2.3050000000e-03,3.1570417000e-01
1,923,2.3075000000e-03,3.1604065000e-01
1,924,2.3100000000e-03,3.1637711000e-01
1,925,2.3125000000e-03,3.1671354000e-01
1,926,2.3150000000e-03,3.1704996000e-01
1,927,2.3175000000e-03,3.1738636000e-01
1,928,2.3200000000e-03,3.1772274000e-01
1,929,2.3225000000e-03,3.1805909000e-01
1,930,2.3250000000e-03,3.1839543000e-01
1,931,2.3275000000e-03,3.1873175000e-01
1,932,2.3300000000e-03,3.1906805000e-01
1,933,2.3325000000e-03,3.1940433000e-01
1,934,2.3350000000e-03,3.1974060000e-01
1,935,2.3375000000e-03,3.2007684000e-01
1,936,2.3400000000e-03,3.2041306000e-01
1,937,2.3425000000e-03,3.2074926000e-01
1,938,2.3450000000e-03,3.2108544000e-01
1,939,2.3475000000e-03,3.2142160000e-01
1,940,2.3500000000e-03,3.2175775000e-01
1,941,2.3525000000e-03,3.2209387000e-01
1,942,2.3550000000e-03,3.2242997000e-01
1,943,2.3575000000e-03,3.2276606000e-01
1,944,2.3600000000e-03,3.2310212000e-01
1,945,2.3625000000e-03,3.2343816000e-01
1,946,2.3650000000e-03,3.2377419000e-01
1,947,2.3675000000e-03,3.2411019000e-01
1,948,2.3700000000e-03,3.2444617000e-01
1,949,2.3725000000e-03,3.2478214000e-01
1,950,2.3750000000e-03,3.2511808000e-01
1,951,2.3775000000e-03,3.2545400000e-01
1,952,2.3800000000e-03,3.2578991000e-01
1,953,2.3825000000e-03,3.2612579000e-01
1,954,2.3850000000e-03,3.2646165000e-01
1,955,2.3875000000e-03,3.2679750000e-01
1,956,2.3900000000e-03,3.2713332000e-01
1,957,2.3925000000e-03,3.2746912000e-01
1,958,2.3950000000e-03,3.2780491000e-01
1,959,2.3975000000e-03,3.2814067000e-01
1,960,2.4000000000e-03,3.2847641000e-01
1,961,2.4025000000e-03,3.2881213000e-01
1,962,2.4050000000e-03,3.2914784000e-01
1,963,2.4075000000e-03,3.2948352000e-01
1,964,2.4100000000e-03,3.2981918000e-01
1,965,2.4125000000e-03,3.3015482000e-01
1,966,2.4150000000e-03,3.3049044000e-01
1,967,2.4175000000e-03,3.3082604000e-01
1,968,2.4200000000e-03,3.3116162000e-01
1,969,2.4225000000e-03,3.3149718000e-01
1,970,2.4250000000e-03,3.3183272000e-01
1,971,2.4275000000e-03,3.3216824000e-01
1,972,2.4300000000e-03,3.3250374000e-01
1,973,2.4325000000e-03,3.3283922000e-01
1,974,2.4350000000e-03,3.3317467000e-01
1,975,2.4375000000e-03,3.3351011000e-01
1,976,2.4400000000e-03,3.3384553000e-01
1,977,2.4425000000e-03,3.3418092000e-01
1,978,2.4450000000e-03,3.3451630000e-01
1,979,2.4475000000e-03,3.3485165000e-01
1,980,2.4500000000e-03,3.3518698000e-01
1,981,2.4525000000e-03,3.3552230000e-01
1,982,2.4550000000e-03,3.3585759000e-01
1,983,2.4575000000e-03,3.3619286000e-01
1,984,2.4600000000e-03,3.3652811000e-01
1,985,2.4625000000e-03,3.3686334000e-01
1,986,2.4650000000e-03,3.3719855000e-01
1,987,2.4675000000e-03,3.3753374000e-01
1,988,2.4700000000e-03,3.3786891000e-01
1,989,2.4725000000e-03,3.3820405000e-01
1,990,2.4750000000e-03,3.3853918000e-01
1,991,2.4775000000e-03,3.3887429000e-01
1,992,2.4800000000e-03,3.3920937000e-01
1,993,2.4825000000e-03,3.3954443000e-01
1,994,2.4850000000e-03,3.3987948000e-01
1,995,2.4875000000e-03,3.4021450000e-01
1,996,2.4900000000e-03,3.4054950000e-01
1,997,2.4925000000e-03,3.4088448000e-01
1,998,2.4950000000e-03,3.4121943000e-01
1,999,2.4975000000e-03,3.4155437000e-01
1,1000,2.5000000000e-03,3.4188929000e-01
1,1001,2.5025000000e-03,3.4222418000e-01
1,1002,2.5050000000e-03,3.4255906000e-01
1,1003,2.5075000000e-03,3.4289391000e-01
1,1004,2.5100000000e-03,3.4322874000e-01
1,1005,2.5125000000e-03,3.4356355000e-01
1,1006,2.5150000000e-03,3.4389834000e-01
1,1007,2.5175000000e-03,3.4423311000e-01
1,1008,2.5200000000e-03,3.4456785000e-01
1,1009,2.5225000000e-03,3.4490258000e-01
1,1010,2.5250000000e-03,3.4523728000e-01
1,1011,2.5275000000e-03,3.4557197000e-01
1,1012,2.5300000000e-03,3.4590663000e-01
1,1013,2.5325000000e-03,3.4624127000e-01
1,1014,2.5350000000e-03,3.4657589000e-01
1,1015,2.5375000000e-03,3.4691048000e-01
1,1016,2.5400000000e-03,3.4724506000e-01
1,1017,2.5425000000e-03,3.4757961000e-01
1,1018,2.5450000000e-03,3.4791415000e-01
1,1019,2.5475000000e-03,3.4824866000e-01
1,1020,2.5500000000e-03,3.4858315000e-01
1,1021,2.5525000000e-03,3.4891761000e-01
1,1022,2.5550000000e-03,3.4925206000e-01
1,1023,2.5575000000e-03,3.4958649000e-01
1,1024,2.5600000000e-03,3.4992089000e-01
1,1025,2.5625000000e-03,3.5025527000e-01
1,1026,2.5650000000e-03,3.5058963000e-01
1,1027,2.5675000000e-03,3.5092397000e-01
1,1028,2.5700000000e-03,3.5125829000e-01
1,1029,2.5725000000e-03,3.5159258000e-01
1,1030,2.5750000000e-03,3.5192685000e-01
1,1031,2.5775000000e-03,3.5226110000e-01
1,1032,2.5800000000e-03,3.5259533000e-01
1,1033,2.5825000000e-03,3.5292954000e-01
1,1034,2.5850000000e-03,3.5326373000e-01
1,1035,2.5875000000e-03,3.5359789000e-01
1,1036,2.5900000000e-03,3.5393203000e-01
1,1037,2.5925000000e-03,3.5426615000e-01
1,1038,2.5950000000e-03,3.5460025000e-01
1,1039,2.5975000000e-03,3.5493433000e-01
1,1040,2.6000000000e-03,3.5526838000e-01
1,1041,2.6025000000e-03,3.5560241000e-01
1,1042,2.6050000000e-03,3.5593642000e-01
1,1043,2.6075000000e-03,3.5627041000e-01
1,1044,2.6100000000e-03,3.5660438000e-01
1,1045,2.6125000000e-03,3.5693832000e-01
1,1046,2.6150000000e-03,3.5727224000e-01
1,1047,2.6175000000e-03,3.5760614000e-01
1,1048,2.6200000000e-03,3.5794002000e-01
1,1049,2.6225000000e-03,3.5827388000e-01
1,1050,2.6250000000e-03,3.5860771000e-01
1,1051,2.6275000000e-03,3.5894152000e-01
1,1052,2.6300000000e-03,3.5927531000e-01
1,1053,2.6325000000e-03,3.5960908000e-01
1,1054,2.6350000000e-03,3.5994282000e-01
1,1055,2.6375000000e-03,3.6027654000e-01
1,1056,2.6400000000e-03,3.6061024000e-01
1,1057,2.6425000000e-03,3.6094392000e-01
1,1058,2.6450000000e-03,3.6127757000e-01
1,1059,2.6475000000e-03,3.6161121000e-01
1,1060,2.6500000000e-03,3.6194482000e-01
1,1061,2.6525000000e-03,3.6227840000e-01
1,1062,2.6550000000e-03,3.6261197000e-01
1,1063,2.6575000000e-03,3.6294551000e-01
1,1064,2.6600000000e-03,3.6327903000e-01
1,1065,2.6625000000e-03,3.6361253000e-01
1,1066,2.6650000000e-03,3.6394600000e-01
1,1067,2.6675000000e-03,3.6427946000e-01
1,1068,2.6700000000e-03,3.6461289000e-01
1,1069,2.6725000000e-03,3.6494629000e-01
1,1070,2.6750000000e-03,3.6527968000e-01
1,1071,2.6775000000e-03,3.6561304000e-01
1,1072,2.6800000000e-03,3.6594638000e-01
1,1073,2.6825000000e-03,3.6627970000e-01
1,1074,2.6850000000e-03,3.6661299000e-01
1,1075,2.6875000000e-03,3.6694626000e-01
1,1076,2.6900000000e-03,3.6727951000e-01
1,1077,2.6925000000e-03,3.6761273000e-01
1,1078,2.6950000000e-03,3.6794594000e-01
1,1079,2.6975000000e-03,3.6827912000e-01
1,1080,2.7000000000e-03,3.6861227000e-01
1,1081,2.7025000000e-03,3.6894541000e-01
1,1082,2.7050000000e-03,3.6927852000e-01
1,1083,2.7075000000e-03,3.6961160000e-01
1,1084,2.7100000000e-03,3.6994467000e-01
1,1085,2.7125000000e-03,3.7027771000e-01
1,1086,2.7150000000e-03,3.7061073000e-01
1,1087,2.7175000000e-03,3.7094373000e-01
1,1088,2.7200000000e-03,3.7127670000e-01
1,1089,2.7225000000e-03,3.7160965000e-01
1,1090,2.7250000000e-03,3.7194258000e-01
1,1091,2.7275000000e-03,3.7227548000e-01
1,1092,2.7300000000e-03,3.7260836000e-01
1,1093,2.7325000000e-03,3.7294122000e-01
1,1094,2.7350000000e-03,3.7327405000e-01
1,1095,2.7375000000e-03,3.7360686000e-01
1,1096,2.7400000000e-03,3.7393965000e-01
1,1097,2.7425000000e-03,3.7427241000e-01
1,1098,2.7450000000e-03,3.7460515000e-01
1,1099,2.7475000000e-03,3.7493787000e-01
1,1100,2.7500000000e-03,3.7527057000e-01
1,1101,2.7525000000e-03,3.7560324000e-01
1,1102,2.7550000000e-03,3.7593589000e-01
1,1103,2.7575000000e-03,3.7626851000e-01
1,1104,2.7600000000e-03,3.7660111000e-01
1,1105,2.7625000000e-03,3.7693369000e-01
1,1106,2.7650000000e-03,3.7726624000e-01
1,1107,2.7675000000e-03,3.7759877000e-01
1,1108,2.7700000000e-03,3.7793128000e-01
1,1109,2.7725000000e-03,3.7826376000e-01
1,1110,2.7750000000e-03,3.7859622000e-01
1,1111,2.7775000000e-03,3.7892866000e-01
1,1112,2.7800000000e-03,3.7926107000e-01
1,1113,2.7825000000e-03,3.7959346000e-01
1,1114,2.7850000000e-03,3.7992583000e-01
1,1115,2.7875000000e-03,3.8025817000e-01
1,1116,2.7900000000e-03,3.8059049000e-01
1,1117,2.7925000000e-03,3.8092278000e-01
1,1118,2.7950000000e-03,3.8125505000e-01
1,1119,2.7975000000e-03,3.8158730000e-01
1,1120,2.8000000000e-03,3.8191952000e-01
1,1121,2.8025000000e-03,3.8225172000e-01
1,1122,2.8050000000e-03,3.8258390000e-01
1,1123,2.8075000000e-03,3.8291605000e-01
1,1124,2.8100000000e-03,3.8324818000e-01
1,1125,2.8125000000e-03,3.8358028000e-01
1,1126,2.8150000000e-03,3.8391236000e-01
1,1127,2.8175000000e-03,3.8424442000e-01
1,1128,2.8200000000e-03,3.8457645000e-01
1,1129,2.8225000000e-03,3.8490846000e-01
1,1130,2.8250000000e-03,3.8524044000e-01
1,1131,2.8275000000e-03,3.8557240000e-01
1,1132,2.8300000000e-03,3.8590434000e-01
1,1133,2.8325000000e-03,3.8623625000e-01
1,1134,2.8350000000e-03,3.8656813000e-01
1,1135,2.8375000000e-03,3.8690000000e-01
1,1136,2.8400000000e-03,3.8723184000e-01
1,1137,2.8425000000e-03,3.8756365000e-01
1,1138,2.8450000000e-03,3.8789544000e-01
1,1139,2.8475000000e-03,3.8822721000e-01
1,1140,2.8500000000e-03,3.8855895000e-01
1,1141,2.8525000000e-03,3.8889067000e-01
1,1142,2.8550000000e-03,3.8922237000e-01
1,1143,2.8575000000e-03,3.8955404000e-01
1,1144,2.8600000000e-03,3.8988568000e-01
1,1145,2.8625000000e-03,3.9021730000e-01
1,1146,2.8650000000e-03,3.9054890000e-01
1,1147,2.8675000000e-03,3.9088047000e-01
1,1148,2.8700000000e-03,3.9121202000e-01
1,1149,2.8725000000e-03,3.9154354000e-01
1,1150,2.8750000000e-03,3.9187504000e-01
1,1151,2.8775000000e-03,3.9220652000e-01
1,1152,2.8800000000e-03,3.9253797000e-01
1,1153,2.8825000000e-03,3.9286939000e-01
1,1154,2.8850000000e-03,3.9320079000e-01
1,1155,2.8875000000e-03,3.9353217000e-01
1,1156,2.8900000000e-03,3.9386352000e-01
1,1157,2.8925000000e-03,3.9419485000e-01
1,1158,2.8950000000e-03,3.9452615000e-01
1,1159,2.8975000000e-03,3.9485743000e-01
1,1160,2.9000000000e-03,3.9518868000e-01
1,1161,2.9025000000e-03,3.9551991000e-01
1,1162,2.9050000000e-03,3.9585111000e-01
1,1163,2.9075000000e-03,3.9618229000e-01
1,1164,2.9100000000e-03,3.9651344000e-01
1,1165,2.9125000000e-03,3.9684457000e-01
1,1166,2.9150000000e-03,3.9717568000e-01
1,1167,2.9175000000e-03,3.9750676000e-01
1,1168,2.9200000000e-03,3.9783781000e-01
1,1169,2.9225000000e-03,3.9816884000e-01
1,1170,2.9250000000e-03,3.9849985000e-01
1,1171,2.9275000000e-03,3.9883083000e-01
1,1172,2.9300000000e-03,3.9916178000e-01
1,1173,2.9325000000e-03,3.9949271000e-01
1,1174,2.9350000000e-03,3.9982362000e-01
1,1175,2.9375000000e-03,4.0015449000e-01
1,1176,2.9400000000e-03,4.0048535000e-01
1,1177,2.9425000000e-03,4.0081618000e-01
1,1178,2.9450000000e-03,4.0114698000e-01
1,1179,2.9475000000e-03,4.0147776000e-01
1,1180,2.9500000000e-03,4.0180852000e-01
1,1181,2.9525000000e-03,4.0213925000e-01
1,1182,2.9550000000e-03,4.0246995000e-01
1,1183,2.9575000000e-03,4.0280063000e-01
1,1184,2.9600000000e-03,4.0313128000e-01
1,1185,2.9625000000e-03,4.0346191000e-01
1,1186,2.9650000000e-03,4.0379251000e-01
1,1187,2.9675000000e-03,4.0412309000e-01
1,1188,2.9700000000e-03,4.0445364000e-01
1,1189,2.9725000000e-03,4.0478417000e-01
1,1190,2.9750000000e-03,4.0511467000e-01
1,1191,2.9775000000e-03,4.0544514000e-01
1,1192,2.9800000000e-03,4.0577559000e-01
1,1193,2.9825000000e-03,4.0610602000e-01
1,1194,2.9850000000e-03,4.0643642000e-01
1,1195,2.9875000000e-03,4.0676679000e-01
1,1196,2.9900000000e-03,4.0709714000e-01
1,1197,2.9925000000e-03,4.0742746000e-01
1,1198,2.9950000000e-03,4.0775776000e-01
1,1199,2.9975000000e-03,4.0808803000e-01
1,1200,3.0000000000e-03,4.0841828000e-01
1,1201,3.0025000000e-03,4.0874850000e-01
1,1202,3.0050000000e-03,4.0907869000e-01
1,1203,3.0075000000e-03,4.0940886000e-01
1,1204,3.0100000000e-03,4.0973900000e-01
1,1205,3.0125000000e-03,4.1006912000e-01
1,1206,3.0150000000e-03,4.1039921000e-01
1,1207,3.0175000000e-03,4.1072928000e-01
1,1208,3.0200000000e-03,4.1105932000e-01
1,1209,3.0225000000e-03,4.1138933000e-01
1,1210,3.0250000000e-03,4.1171932000e-01
1,1211,3.0275000000e-03,4.1204928000e-01
1,1212,3.0300000000e-03,4.1237922000e-01
1,1213,3.0325000000e-03,4.1270913000e-01
1,1214,3.0350000000e-03,4.1303902000e-01
1,1215,3.0375000000e-03,4.1336887000e-01
1,1216,3.0400000000e-03,4.1369871000e-01
1,1217,3.0425000000e-03,4.1402851000e-01
1,1218,3.0450000000e-03,4.1435829000e-01
1,1219,3.0475000000e-03,4.1468805000e-01
1,1220,3.0500000000e-03,4.1501778000e-01
1,1221,3.0525000000e-03,4.1534748000e-01
1,1222,3.0550000000e-03,4.1567716000e-01
1,1223,3.0575000000e-03,4.1600681000e-01
1,1224,3.0600000000e-03,4.1633643000e-01
1,1225,3.0625000000e-03,4.1666603000e-01
1,1226,3.0650000000e-03,4.1699560000e-01
1,1227,3.0675000000e-03,4.1732514000e-01
1,1228,3.0700000000e-03,4.1765466000e-01
1,1229,3.0725000000e-03,4.1798415000e-01
1,1230,3.0750000000e-03,4.1831362000e-01
1,1231,3.0775000000e-03,4.1864306000e-01
1,1232,3.0800000000e-03,4.1897247000e-01
1,1233,3.0825000000e-03,4.1930186000e-01
1,1234,3.0850000000e-03,4.1963122000e-01
1,1235,3.0875000000e-03,4.1996055000e-01
1,1236,3.0900000000e-03,4.2028986000e-01
1,1237,3.0925000000e-03,4.2061914000e-01
1,1238,3.0950000000e-03,4.2094840000e-01
1,1239,3.0975000000e-03,4.2127762000e-01
1,1240,3.1000000000e-03,4.2160683000e-01
1,1241,3.1025000000e-03,4.2193600000e-01
1,1242,3.1050000000e-03,4.2226515000e-01
1,1243,3.1075000000e-03,4.2259427000e-01
1,1244,3.1100000000e-03,4.2292337000e-01
1,1245,3.1125000000e-03,4.2325243000e-01
1,1246,3.1150000000e-03,4.2358147000e-01
1,1247,3.1175000000e-03,4.2391049000e-01
1,1248,3.1200000000e-03,4.2423948000e-01
1,1249,3.1225000000e-03,4.2456844000e-01
1,1250,3.1250000000e-03,4.2489737000e-01
1,1251,3.1275000000e-03,4.2522628000e-01
1,1252,3.1300000000e-03,4.2555516000e-01
1,1253,3.1325000000e-03,4.2588401000e-01
1,1254,3.1350000000e-03,4.2621284000e-01
1,1255,3.1375000000e-03,4.2654164000e-01
1,1256,3.1400000000e-03,4.2687041000e-01
1,1257,3.1425000000e-03,4.2719916000e-01
1,1258,3.1450000000e-03,4.2752788000e-01
1,1259,3.1475000000e-03,4.2785657000e-01
1,1260,3.1500000000e-03,4.2818523000e-01
1,1261,3.1525000000e-03,4.2851387000e-01
1,1262,3.1550000000e-03,4.2884248000e-01
1,1263,3.1575000000e-03,4.2917107000e-01
1,1264,3.1600000000e-03,4.2949962000e-01
1,1265,3.1625000000e-03,4.2982815000e-01
1,1266,3.1650000000e-03,4.3015665000e-01
1,1267,3.1675000000e-03,4.3048513000e-01
1,1268,3.1700000000e-03,4.3081358000e-01
1,1269,3.1725000000e-03,4.3114200000e-01
1,1270,3.1750000000e-03,4.3147039000e-01
1,1271,3.1775000000e-03,4.3179875000e-01
1,1272,3.1800000000e-03,4.3212709000e-01
1,1273,3.1825000000e-03,4.3245540000e-01
1,1274,3.1850000000e-03,4.3278369000e-01
1,1275,3.1875000000e-03,4.3311194000e-01
1,1276,3.1900000000e-03,4.3344017000e-01
1,1277,3.1925000000e-03,4.3376837000e-01
1,1278,3.1950000000e-03,4.3409655000e-01
1,1279,3.1975000000e-03,4.3442469000e-01
1,1280,3.2000000000e-03,4.3475281000e-01
1,1281,3.2025000000e-03,4.3508090000e-01
1,1282,3.2050000000e-03,4.3540897000e-01
1,1283,3.2075000000e-03,4.3573700000e-01
1,1284,3.2100000000e-03,4.3606501000e-01
1,1285,3.2125000000e-03,4.3639299000e-01
1,1286,3.2150000000e-03,4.3672094000e-01
1,1287,3.2175000000e-03,4.3704887000e-01
1,1288,3.2200000000e-03,4.3737677000e-01
1,1289,3.2225000000e-03,4.3770464000e-01
1,1290,3.2250000000e-03,4.3803248000e-01
1,1291,3.2275000000e-03,4.3836029000e-01
1,1292,3.2300000000e-03,4.3868808000e-01
1,1293,3.2325000000e-03,4.3901584000e-01
1,1294,3.2350000000e-03,4.3934357000e-01
1,1295,3.2375000000e-03,4.3967127000e-01
1,1296,3.2400000000e-03,4.3999894000e-01
1,1297,3.2425000000e-03,4.4032659000e-01
1,1298,3.2450000000e-03,4.4065421000e-01
1,1299,3.2475000000e-03,4.4098180000e-01
1,1300,3.2500000000e-03,4.4130936000e-01
1,1301,3.2525000000e-03,4.4163690000e-01
1,1302,3.2550000000e-03,4.4196441000e-01
1,1303,3.2575000000e-03,4.4229188000e-01
1,1304,3.2600000000e-03,4.4261933000e-01
1,1305,3.2625000000e-03,4.4294676000e-01
1,1306,3.2650000000e-03,4.4327415000e-01
1,1307,3.2675000000e-03,4.4360152000e-01
1,1308,3.2700000000e-03,4.4392885000e-01
1,1309,3.2725000000e-03,4.4425616000e-01
1,1310,3.2750000000e-03,4.4458344000e-01
1,1311,3.2775000000e-03,4.4491070000e-01
1,1312,3.2800000000e-03,4.4523792000e-01
1,1313,3.2825000000e-03,4.4556512000e-01
1,1314,3.2850000000e-03,4.4589229000e-01
1,1315,3.2875000000e-03,4.4621943000e-01
1,1316,3.2900000000e-03,4.4654654000e-01
1,1317,3.2925000000e-03,4.4687362000e-01
1,1318,3.2950000000e-03,4.4720067000e-01
1,1319,3.2975000000e-03,4.4752770000e-01
1,1320,3.3000000000e-03,4.4785470000e-01
1,1321,3.3025000000e-03,4.4818166000e-01
1,1322,3.3050000000e-03,4.4850860000e-01
1,1323,3.3075000000e-03,4.4883552000e-01
1,1324,3.3100000000e-03,4.4916240000e-01
1,1325,3.3125000000e-03,4.4948925000e-01
1,1326,3.3150000000e-03,4.4981608000e-01
1,1327,3.3175000000e-03,4.5014287000e-01
1,1328,3.3200000000e-03,4.5046964000e-01
1,1329,3.3225000000e-03,4.5079638000e-01
1,1330,3.3250000000e-03,4.5112309000e-01
1,1331,3.3275000000e-03,4.5144977000e-01
1,1332,3.3300000000e-03,4.5177643000e-01
1,1333,3.3325000000e-03,4.5210305000e-01
1,1334,3.3350000000e-03,4.5242965000e-01
1,1335,3.3375000000e-03,4.5275621000e-01
1,1336,3.3400000000e-03,4.5308275000e-01
1,1337,3.3425000000e-03,4.5340926000e-01
1,1338,3.3450000000e-03,4.5373574000e-01
1,1339,3.3475000000e-03,4.5406219000e-01
1,1340,3.3500000000e-03,4.5438861000e-01
1,1341,3.3525000000e-03,4.5471500000e-01
1,1342,3.3550000000e-03,4.5504137000e-01
1,1343,3.3575000000e-03,4.5536770000e-01
1,1344,3.3600000000e-03,4.5569401000e-01
1,1345,3.3625000000e-03,4.5602028000e-01
1,1346,3.3650000000e-03,4.5634653000e-01
1,1347,3.3675000000e-03,4.5667275000e-01
1,1348,3.3700000000e-03,4.5699893000e-01
1,1349,3.3725000000e-03,4.5732509000e-01
1,1350,3.3750000000e-03,4.5765122000e-01
1,1351,3.3775000000e-03,4.5797732000e-01
1,1352,3.3800000000e-03,4.5830340000e-01
1,1353,3.3825000000e-03,4.5862944000e-01
1,1354,3.3850000000e-03,4.5895545000e-01
1,1355,3.3875000000e-03,4.5928143000e-01
1,1356,3.3900000000e-03,4.5960739000e-01
1,1357,3.3925000000e-03,4.5993331000e-01
1,1358,3.3950000000e-03,4.6025921000e-01
1,1359,3.3975000000e-03,4.6058507000e-01
1,1360,3.4000000000e-03,4.6091091000e-01
1,1361,3.4025000000e-03,4.6123671000e-01
1,1362,3.4050000000e-03,4.6156249000e-01
1,1363,3.4075000000e-03,4.6188824000e-01
1,1364,3.4100000000e-03,4.6221396000e-01
1,1365,3.4125000000e-03,4.6253964000e-01
1,1366,3.4150000000e-03,4.6286530000e-01
1,1367,3.4175000000e-03,4.6319093000e-01
1,1368,3.4200000000e-03,4.6351653000e-01
1,1369,3.4225000000e-03,4.6384210000e-01
1,1370,3.4250000000e-03,4.6416764000e-01
1,1371,3.4275000000e-03,4.6449315000e-01
1,1372,3.4300000000e-03,4.6481863000e-01
1,1373,3.4325000000e-03,4.6514408000e-01
1,1374,3.4350000000e-03,4.6546950000e-01
1,1375,3.4375000000e-03,4.6579489000e-01
1,1376,3.4400000000e-03,4.6612025000e-01
1,1377,3.4425000000e-03,4.6644558000e-01
1,1378,3.4450000000e-03,4.6677088000e-01
1,1379,3.4475000000e-03,4.6709615000e-01
1,1380,3.4500000000e-03,4.6742139000e-01
1,1381,3.4525000000e-03,4.6774660000e-01
1,1382,3.4550000000e-03,4.6807178000e-01
1,1383,3.4575000000e-03,4.6839693000e-01
1,1384,3.4600000000e-03,4.6872205000e-01
1,1385,3.4625000000e-03,4.6904713000e-01
1,1386,3.4650000000e-03,4.6937219000e-01
1,1387,3.4675000000e-03,4.6969722000e-01
1,1388,3.4700000000e-03,4.7002222000e-01
1,1389,3.4725000000e-03,4.7034719000e-01
1,1390,3.4750000000e-03,4.7067213000e-01
1,1391,3.4775000000e-03,4.7099704000e-01
1,1392,3.4800000000e-03,4.7132191000e-01
1,1393,3.4825000000e-03,4.7164676000e-01
1,1394,3.4850000000e-03,4.7197158000e-01
1,1395,3.4875000000e-03,4.7229637000e-01
1,1396,3.4900000000e-03,4.7262112000e-01
1,1397,3.4925000000e-03,4.7294585000e-01
1,1398,3.4950000000e-03,4.7327054000e-01
1,1399,3.4975000000e-03,4.7359521000e-01
1,1400,3.5000000000e-03,4.7391984000e-01
1,1401,3.5025000000e-03,4.7424444000e-01
1,1402,3.5050000000e-03,4.7456902000e-01
1,1403,3.5075000000e-03,4.7489356000e-01
1,1404,3.5100000000e-03,4.7521807000e-01
1,1405,3.5125000000e-03,4.7554255000e-01
1,1406,3.5150000000e-03,4.7586700000e-01
1,1407,3.5175000000e-03,4.7619142000e-01
1,1408,3.5200000000e-03,4.7651581000e-01
1,1409,3.5225000000e-03,4.7684017000e-01
1,1410,3.5250000000e-03,4.7716449000e-01
1,1411,3.5275000000e-03,4.7748879000e-01
1,1412,3.5300000000e-03,4.7781306000e-01
1,1413,3.5325000000e-03,4.7813729000e-01
1,1414,3.5350000000e-03,4.7846149000e-01
1,1415,3.5375000000e-03,4.7878567000e-01
1,1416,3.5400000000e-03,4.7910981000e-01
1,1417,3.5425000000e-03,4.7943392000e-01
1,1418,3.5450000000e-03,4.7975800000e-01
1,1419,3.5475000000e-03,4.8008205000e-01
1,1420,3.5500000000e-03,4.8040607000e-01
1,1421,3.5525000000e-03,4.8073005000e-01
1,1422,3.5550000000e-03,4.8105401000e-01
1,1423,3.5575000000e-03,4.8137793000e-01
1,1424,3.5600000000e-03,4.8170182000e-01
1,1425,3.5625000000e-03,4.8202569000e-01
1,1426,3.5650000000e-03,4.8234952000e-01
1,1427,3.5675000000e-03,4.8267332000e-01
1,1428,3.5700000000e-03,4.8299708000e-01
1,1429,3.5725000000e-03,4.8332082000e-01
1,1430,3.5750000000e-03,4.8364453000e-01
1,1431,3.5775000000e-03,4.8396820000e-01
1,1432,3.5800000000e-03,4.8429184000e-01
1,1433,3.5825000000e-03,4.8461545000e-01
1,1434,3.5850000000e-03,4.8493903000e-01
1,1435,3.5875000000e-03,4.8526258000e-01
1,1436,3.5900000000e-03,4.8558610000e-01
1,1437,3.5925000000e-03,4.8590958000e-01
1,1438,3.5950000000e-03,4.8623304000e-01
1,1439,3.5975000000e-03,4.8655646000e-01
1,1440,3.6000000000e-03,4.8687985000e-01
1,1441,3.6025000000e-03,4.8720321000e-01
1,1442,3.6050000000e-03,4.8752653000e-01
1,1443,3.6075000000e-03,4.8784983000e-01
1,1444,3.6100000000e-03,4.8817309000e-01
1,1445,3.6125000000e-03,4.8849633000e-01
1,1446,3.6150000000e-03,4.8881953000e-01
1,1447,3.6175000000e-03,4.8914269000e-01
1,1448,3.6200000000e-03,4.8946583000e-01
1,1449,3.6225000000e-03,4.8978893000e-01
1,1450,3.6250000000e-03,4.9011201000e-01
1,1451,3.6275000000e-03,4.9043505000e-01
1,1452,3.6300000000e-03,4.9075806000e-01
1,1453,3.6325000000e-03,4.9108103000e-01
1,1454,3.6350000000e-03,4.9140398000e-01
1,1455,3.6375000000e-03,4.9172689000e-01
1,1456,3.6400000000e-03,4.9204977000e-01
1,1457,3.6425000000e-03,4.9237262000e-01
1,1458,3.6450000000e-03,4.9269544000e-01
1,1459,3.6475000000e-03,4.9301822000e-01
1,1460,3.6500000000e-03,4.9334098000e-01
1,1461,3.6525000000e-03,4.9366370000e-01
1,1462,3.6550000000e-03,4.9398639000e-01
1,1463,3.6575000000e-03,4.9430904000e-01
1,1464,3.6600000000e-03,4.9463166000e-01
1,1465,3.6625000000e-03,4.9495426000e-01
1,1466,3.6650000000e-03,4.9527682000e-01
1,1467,3.6675000000e-03,4.9559934000e-01
1,1468,3.6700000000e-03,4.9592184000e-01
1,1469,3.6725000000e-03,4.9624430000e-01
1,1470,3.6750000000e-03,4.9656673000e-01
1,1471,3.6775000000e-03,4.9688912000e-01
1,1472,3.6800000000e-03,4.9721149000e-01
1,1473,3.6825000000e-03,4.9753382000e-01
1,1474,3.6850000000e-03,4.9785612000e-01
1,1475,3.6875000000e-03,4.9817839000e-01
1,1476,3.6900000000e-03,4.9850062000e-01
1,1477,3.6925000000e-03,4.9882282000e-01
1,1478,3.6950000000e-03,4.9914499000e-01
1,1479,3.6975000000e-03,4.9946713000e-01
1,1480,3.7000000000e-03,4.9978923000e-01
1,1481,3.7025000000e-03,5.0011130000e-01
1,1482,3.7050000000e-03,5.0043334000e-01
1,1483,3.7075000000e-03,5.0075535000e-01
1,1484,3.7100000000e-03,5.0107732000e-01
1,1485,3.7125000000e-03,5.0139926000e-01
1,1486,3.7150000000e-03,5.0172117000e-01
1,1487,3.7175000000e-03,5.0204304000e-01
1,1488,3.7200000000e-03,5.0236488000e-01
1,1489,3.7225000000e-03,5.0268669000e-01
1,1490,3.7250000000e-03,5.0300847000e-01
1,1491,3.7275000000e-03,5.0333021000e-01
1,1492,3.7300000000e-03,5.0365192000e-01
1,1493,3.7325000000e-03,5.0397359000e-01
1,1494,3.7350000000e-03,5.0429524000e-01
1,1495,3.7375000000e-03,5.0461685000e-01
1,1496,3.7400000000e-03,5.0493842000e-01
1,1497,3.7425000000e-03,5.0525997000e-01
1,1498,3.7450000000e-03,5.0558148000e-01
1,1499,3.7475000000e-03,5.0590295000e-01
1,1500,3.7500000000e-03,5.0622440000e-01
1,1501,3.7525000000e-03,5.0654581000e-01
1,1502,3.7550000000e-03,5.0686718000e-01
1,1503,3.7575000000e-03,5.0718853000e-01
1,1504,3.7600000000e-03,5.0750984000e-01
1,1505,3.7625000000e-03,5.0783112000e-01
1,1506,3.7650000000e-03,5.0815236000e-01
1,1507,3.7675000000e-03,5.0847357000e-01
1,1508,3.7700000000e-03,5.0879475000e-01
1,1509,3.7725000000e-03,5.0911589000e-01
1,1510,3.7750000000e-03,5.0943700000e-01
1,1511,3.7775000000e-03,5.0975808000e-01
1,1512,3.7800000000e-03,5.1007912000e-01
1,1513,3.7825000000e-03,5.1040013000e-01
1,1514,3.7850000000e-03,5.1072110000e-01
1,1515,3.7875000000e-03,5.1104204000e-01
1,1516,3.7900000000e-03,5.1136295000e-01
1,1517,3.7925000000e-03,5.1168382000e-01
1,1518,3.7950000000e-03,5.1200466000e-01
1,1519,3.7975000000e-03,5.1232547000e-01
1,1520,3.8000000000e-03,5.1264624000e-01
1,1521,3.8025000000e-03,5.1296698000e-01
1,1522,3.8050000000e-03,5.1328769000e-01
1,1523,3.8075000000e-03,5.1360836000e-01
1,1524,3.8100000000e-03,5.1392899000e-01
1,1525,3.8125000000e-03,5.1424960000e-01
1,1526,3.8150000000e-03,5.1457017000e-01
1,1527,3.8175000000e-03,5.1489070000e-01
1,1528,3.8200000000e-03,5.1521120000e-01
1,1529,3.8225000000e-03,5.1553167000e-01
1,1530,3.8250000000e-03,5.1585210000e-01
1,1531,3.8275000000e-03,5.1617250000e-01
1,1532,3.8300000000e-03,5.1649286000e-01
1,1533,3.8325000000e-03,5.1681319000e-01
1,1534,3.8350000000e-03,5.1713349000e-01
1,1535,3.8375000000e-03,5.1745375000e-01
1,1536,3.8400000000e-03,5.1777398000e-01
1,1537,3.8425000000e-03,5.1809417000e-01
1,1538,3.8450000000e-03,5.1841433000e-01
1,1539,3.8475000000e-03,5.1873445000e-01
1,1540,3.8500000000e-03,5.1905454000e-01
1,1541,3.8525000000e-03,5.1937460000e-01
1,1542,3.8550000000e-03,5.1969462000e-01
1,1543,3.8575000000e-03,5.2001460000e-01
1,1544,3.8600000000e-03,5.2033455000e-01
1,1545,3.8625000000e-03,5.2065447000e-01
1,1546,3.8650000000e-03,5.2097435000e-01
1,1547,3.8675000000e-03,5.2129420000e-01
1,1548,3.8700000000e-03,5.2161401000e-01
1,1549,3.8725000000e-03,5.2193379000e-01
1,1550,3.8750000000e-03,5.2225354000e-01
1,1551,3.8775000000e-03,5.2257325000e-01
1,1552,3.8800000000e-03,5.2289292000e-01
1,1553,3.8825000000e-03,5.2321256000e-01
1,1554,3.8850000000e-03,5.2353216000e-01
1,1555,3.8875000000e-03,5.2385173000e-01
1,1556,3.8900000000e-03,5.2417127000e-01
1,1557,3.8925000000e-03,5.2449077000e-01
1,1558,3.8950000000e-03,5.2481023000e-01
1,1559,3.8975000000e-03,5.2512966000e-01
1,1560,3.9000000000e-03,5.2544906000e-01
1,1561,3.9025000000e-03,5.2576842000e-01
1,1562,3.9050000000e-03,5.2608774000e-01
1,1563,3.9075000000e-03,5.2640703000e-01
1,1564,3.9100000000e-03,5.2672629000e-01
1,1565,3.9125000000e-03,5.2704550000e-01
1,1566,3.9150000000e-03,5.2736469000e-01
1,1567,3.9175000000e-03,5.2768384000e-01
1,1568,3.9200000000e-03,5.2800295000e-01
1,1569,3.9225000000e-03,5.2832203000e-01
1,1570,3.9250000000e-03,5.2864107000e-01
1,1571,3.9275000000e-03,5.2896008000e-01
1,1572,3.9300000000e-03,5.2927905000e-01
1,1573,3.9325000000e-03,5.2959799000e-01
1,1574,3.9350000000e-03,5.2991689000e-01
1,1575,3.9375000000e-03,5.3023575000e-01
1,1576,3.9400000000e-03,5.3055458000e-01
1,1577,3.9425000000e-03,5.3087338000e-01
1,1578,3.9450000000e-03,5.3119214000e-01
1,1579,3.9475000000e-03,5.3151086000e-01
1,1580,3.9500000000e-03,5.3182955000e-01
1,1581,3.9525000000e-03,5.3214820000e-01
1,1582,3.9550000000e-03,5.3246682000e-01
1,1583,3.9575000000e-03,5.3278540000e-01
1,1584,3.9600000000e-03,5.3310394000e-01
1,1585,3.9625000000e-03,5.3342245000e-01
1,1586,3.9650000000e-03,5.3374093000e-01
1,1587,3.9675000000e-03,5.3405936000e-01
1,1588,3.9700000000e-03,5.3437777000e-01
1,1589,3.9725000000e-03,5.3469613000e-01
1,1590,3.9750000000e-03,5.3501446000e-01
1,1591,3.9775000000e-03,5.3533276000e-01
1,1592,3.9800000000e-03,5.3565101000e-01
1,1593,3.9825000000e-03,5.3596923000e-01
1,1594,3.9850000000e-03,5.3628742000e-01
1,1595,3.9875000000e-03,5.3660557000e-01
1,1596,3.9900000000e-03,5.3692368000e-01
1,1597,3.9925000000e-03,5.3724176000e-01
1,1598,3.9950000000e-03,5.3755980000e-01
1,1599,3.9975000000e-03,5.3787781000e-01
1,1600,4.0000000000e-03,5.3819577000e-01
1,1601,4.0025000000e-03,5.3851371000e-01
1,1602,4.0050000000e-03,5.3883160000e-01
1,1603,4.0075000000e-03,5.3914946000e-01
1,1604,4.0100000000e-03,5.3946729000e-01
1,1605,4.0125000000e-03,5.3978507000e-01
1,1606,4.0150000000e-03,5.4010282000e-01
1,1607,4.0175000000e-03,5.4042054000e-01
1,1608,4.0200000000e-03,5.4073821000e-01
1,1609,4.0225000000e-03,5.4105585000e-01
1,1610,4.0250000000e-03,5.4137346000e-01
1,1611,4.0275000000e-03,5.4169102000e-01
1,1612,4.0300000000e-03,5.4200856000e-01
1,1613,4.0325000000e-03,5.4232605000e-01
1,1614,4.0350000000e-03,5.4264351000e-01
1,1615,4.0375000000e-03,5.4296093000e-01
1,1616,4.0400000000e-03,5.4327831000e-01
1,1617,4.0425000000e-03,5.4359566000e-01
1,1618,4.0450000000e-03,5.4391297000e-01
1,1619,4.0475000000e-03,5.4423024000e-01
1,1620,4.0500000000e-03,5.4454748000e-01
1,1621,4.0525000000e-03,5.4486468000e-01
1,1622,4.0550000000e-03,5.4518184000e-01
1,1623,4.0575000000e-03,5.4549896000e-01
1,1624,4.0600000000e-03,5.4581605000e-01
1,1625,4.0625000000e-03,5.4613310000e-01
1,1626,4.0650000000e-03,5.4645012000e-01
1,1627,4.0675000000e-03,5.4676710000e-01
1,1628,4.0700000000e-03,5.4708404000e-01
1,1629,4.0725000000e-03,5.4740094000e-01
1,1630,4.0750000000e-03,5.4771780000e-01
1,1631,4.0775000000e-03,5.4803463000e-01
1,1632,4.0800000000e-03,5.4835142000e-01
1,1633,4.0825000000e-03,5.4866818000e-01
1,1634,4.0850000000e-03,5.4898489000e-01
1,1635,4.0875000000e-03,5.4930157000e-01
1,1636,4.0900000000e-03,5.4961821000e-01
1,1637,4.0925000000e-03,5.4993481000e-01
1,1638,4.0950000000e-03,5.5025138000e-01
1,1639,4.0975000000e-03,5.5056791000e-01
1,1640,4.1000000000e-03,5.5088440000e-01
1,1641,4.1025000000e-03,5.5120085000e-01
1,1642,4.1050000000e-03,5.5151727000e-01
1,1643,4.1075000000e-03,5.5183365000e-01
1,1644,4.1100000000e-03,5.5214999000e-01
1,1645,4.1125000000e-03,5.5246629000e-01
1,1646,4.1150000000e-03,5.5278255000e-01
1,1647,4.1175000000e-03,5.5309878000e-01
1,1648,4.1200000000e-03,5.5341497000e-01
1,1649,4.1225000000e-03,5.5373112000e-01
1,1650,4.1250000000e-03,5.5404724000e-01
1,1651,4.1275000000e-03,5.5436331000e-01
1,1652,4.1300000000e-03,5.5467935000e-01
1,1653,4.1325000000e-03,5.5499535000e-01
1,1654,4.1350000000e-03,5.5531131000e-01
1,1655,4.1375000000e-03,5.5562723000e-01
1,1656,4.1400000000e-03,5.5594312000e-01
1,1657,4.1425000000e-03,5.5625896000e-01
1,1658,4.1450000000e-03,5.5657477000e-01
1,1659,4.1475000000e-03,5.5689054000e-01
1,1660,4.1500000000e-03,5.5720627000e-01
1,1661,4.1525000000e-03,5.5752197000e-01
1,1662,4.1550000000e-03,5.5783762000e-01
1,1663,4.1575000000e-03,5.5815324000e-01
1,1664,4.1600000000e-03,5.5846882000e-01
1,1665,4.1625000000e-03,5.5878436000e-01
1,1666,4.1650000000e-03,5.5909986000e-01
1,1667,4.1675000000e-03,5.5941532000e-01
1,1668,4.1700000000e-03,5.5973075000e-01
1,1669,4.1725000000e-03,5.6004613000e-01
1,1670,4.1750000000e-03,5.6036148000e-01
1,1671,4.1775000000e-03,5.6067679000e-01
1,1672,4.1800000000e-03,5.6099206000e-01
1,1673,4.1825000000e-03,5.6130729000e-01
1,1674,4.1850000000e-03,5.6162248000e-01
1,1675,4.1875000000e-03,5.6193764000e-01
1,1676,4.1900000000e-03,5.6225275000e-01
1,1677,4.1925000000e-03,5.6256783000e-01
1,1678,4.1950000000e-03,5.6288287000e-01
1,1679,4.1975000000e-03,5.6319786000e-01
1,1680,4.2000000000e-03,5.6351282000e-01
1,1681,4.2025000000e-03,5.6382774000e-01
1,1682,4.2050000000e-03,5.6414262000e-01
1,1683,4.2075000000e-03,5.6445747000e-01
1,1684,4.2100000000e-03,5.6477227000e-01
1,1685,4.2125000000e-03,5.6508703000e-01
1,1686,4.2150000000e-03,5.6540176000e-01
1,1687,4.2175000000e-03,5.6571644000e-01
1,1688,4.2200000000e-03,5.6603109000e-01
1,1689,4.2225000000e-03,5.6634569000e-01
1,1690,4.2250000000e-03,5.6666026000e-01
1,1691,4.2275000000e-03,5.6697479000e-01
1,1692,4.2300000000e-03,5.6728928000e-01
1,1693,4.2325000000e-03,5.6760373000e-01
1,1694,4.2350000000e-03,5.6791814000e-01
1,1695,4.2375000000e-03,5.6823251000e-01
1,1696,4.2400000000e-03,5.6854684000e-01
1,1697,4.2425000000e-03,5.6886113000e-01
1,1698,4.2450000000e-03,5.6917538000e-01
1,1699,4.2475000000e-03,5.6948959000e-01
1,1700,4.2500000000e-03,5.6980376000e-01
1,1701,4.2525000000e-03,5.7011789000e-01
1,1702,4.2550000000e-03,5.7043199000e-01
1,1703,4.2575000000e-03,5.7074604000e-01
1,1704,4.2600000000e-03,5.7106005000e-01
1,1705,4.2625000000e-03,5.7137402000e-01
1,1706,4.2650000000e-03,5.7168796000e-01
1,1707,4.2675000000e-03,5.7200185000e-01
1,1708,4.2700000000e-03,5.7231570000e-01
1,1709,4.2725000000e-03,5.7262951000e-01
1,1710,4.2750000000e-03,5.7294328000e-01
1,1711,4.2775000000e-03,5.7325702000e-01
1,1712,4.2800000000e-03,5.7357071000e-01
1,1713,4.2825000000e-03,5.7388436000e-01
1,1714,4.2850000000e-03,5.7419797000e-01
1,1715,4.2875000000e-03,5.7451154000e-01
1,1716,4.2900000000e-03,5.7482507000e-01
1,1717,4.2925000000e-03,5.7513856000e-01
1,1718,4.2950000000e-03,5.7545201000e-01
1,1719,4.2975000000e-03,5.7576542000e-01
1,1720,4.3000000000e-03,5.7607879000e-01
1,1721,4.3025000000e-03,5.7639212000e-01
1,1722,4.3050000000e-03,5.7670541000e-01
1,1723,4.3075000000e-03,5.7701866000e-01
1,1724,4.3100000000e-03,5.7733186000e-01
1,1725,4.3125000000e-03,5.7764503000e-01
1,1726,4.3150000000e-03,5.7795815000e-01
1,1727,4.3175000000e-03,5.7827124000e-01
1,1728,4.3200000000e-03,5.7858428000e-01
1,1729,4.3225000000e-03,5.7889729000e-01
1,1730,4.3250000000e-03,5.7921025000e-01
1,1731,4.3275000000e-03,5.7952317000e-01
1,1732,4.3300000000e-03,5.7983605000e-01
1,1733,4.3325000000e-03,5.8014889000e-01
1,1734,4.3350000000e-03,5.8046169000e-01
1,1735,4.3375000000e-03,5.8077444000e-01
1,1736,4.3400000000e-03,5.8108716000e-01
1,1737,4.3425000000e-03,5.8139983000e-01
1,1738,4.3450000000e-03,5.8171247000e-01
1,1739,4.3475000000e-03,5.8202506000e-01
1,1740,4.3500000000e-03,5.8233761000e-01
1,1741,4.3525000000e-03,5.8265012000e-01
1,1742,4.3550000000e-03,5.8296259000e-01
1,1743,4.3575000000e-03,5.8327501000e-01
1,1744,4.3600000000e-03,5.8358740000e-01
1,1745,4.3625000000e-03,5.8389974000e-01
1,1746,4.3650000000e-03,5.8421204000e-01
1,1747,4.3675000000e-03,5.8452430000e-01
1,1748,4.3700000000e-03,5.8483652000e-01
1,1749,4.3725000000e-03,5.8514870000e-01
1,1750,4.3750000000e-03,5.8546084000e-01
1,1751,4.3775000000e-03,5.8577293000e-01
1,1752,4.3800000000e-03,5.8608498000e-01
1,1753,4.3825000000e-03,5.8639699000e-01
1,1754,4.3850000000e-03,5.8670896000e-01
1,1755,4.3875000000e-03,5.8702089000e-01
1,1756,4.3900000000e-03,5.8733277000e-01
1,1757,4.3925000000e-03,5.8764461000e-01
1,1758,4.3950000000e-03,5.8795641000e-01
1,1759,4.3975000000e-03,5.8826817000e-01
1,1760,4.4000000000e-03,5.8857989000e-01
1,1761,4.4025000000e-03,5.8889156000e-01
1,1762,4.4050000000e-03,5.8920319000e-01
1,1763,4.4075000000e-03,5.8951478000e-01
1,1764,4.4100000000e-03,5.8982633000e-01
1,1765,4.4125000000e-03,5.9013783000e-01
1,1766,4.4150000000e-03,5.9044929000e-01
1,1767,4.4175000000e-03,5.9076071000e-01
1,1768,4.4200000000e-03,5.9107209000e-01
1,1769,4.4225000000e-03,5.9138343000e-01
1,1770,4.4250000000e-03,5.9169472000e-01
1,1771,4.4275000000e-03,5.9200597000e-01
1,1772,4.4300000000e-03,5.9231718000e-01
1,1773,4.4325000000e-03,5.9262834000e-01
1,1774,4.4350000000e-03,5.9293946000e-01
1,1775,4.4375000000e-03,5.9325054000e-01
1,1776,4.4400000000e-03,5.9356158000e-01
1,1777,4.4425000000e-03,5.9387257000e-01
1,1778,4.4450000000e-03,5.9418352000e-01
1,1779,4.4475000000e-03,5.9449443000e-01
1,1780,4.4500000000e-03,5.9480529000e-01
1,1781,4.4525000000e-03,5.9511611000e-01
1,1782,4.4550000000e-03,5.9542689000e-01
1,1783,4.4575000000e-03,5.9573762000e-01
1,1784,4.4600000000e-03,5.9604832000e-01
1,1785,4.4625000000e-03,5.9635896000e-01
1,1786,4.4650000000e-03,5.9666957000e-01
1,1787,4.4675000000e-03,5.9698013000e-01
1,1788,4.4700000000e-03,5.9729065000e-01
1,1789,4.4725000000e-03,5.9760112000e-01
1,1790,4.4750000000e-03,5.9791155000e-01
1,1791,4.4775000000e-03,5.9822194000e-01
1,1792,4.4800000000e-03,5.9853229000e-01
1,1793,4.4825000000e-03,5.9884259000e-01
1,1794,4.4850000000e-03,5.9915284000e-01
1,1795,4.4875000000e-03,5.9946306000e-01
1,1796,4.4900000000e-03,5.9977323000e-01
1,1797,4.4925000000e-03,6.0008335000e-01
1,1798,4.4950000000e-03,6.0039343000e-01
1,1799,4.4975000000e-03,6.0070347000e-01
1,1800,4.5000000000e-03,6.0101347000e-01
1,1801,4.5025000000e-03,6.0132342000e-01
1,1802,4.5050000000e-03,6.0163332000e-01
1,1803,4.5075000000e-03,6.0194318000e-01
1,1804,4.5100000000e-03,6.0225300000e-01
1,1805,4.5125000000e-03,6.0256278000e-01
1,1806,4.5150000000e-03,6.0287250000e-01
1,1807,4.5175000000e-03,6.0318219000e-01
1,1808,4.5200000000e-03,6.0349183000e-01
1,1809,4.5225000000e-03,6.0380143000e-01
1,1810,4.5250000000e-03,6.0411098000e-01
1,1811,4.5275000000e-03,6.0442049000e-01
1,1812,4.5300000000e-03,6.0472995000e-01
1,1813,4.5325000000e-03,6.0503937000e-01
1,1814,4.5350000000e-03,6.0534874000e-01
1,1815,4.5375000000e-03,6.0565807000e-01
1,1816,4.5400000000e-03,6.0596735000e-01
1,1817,4.5425000000e-03,6.0627659000e-01
1,1818,4.5450000000e-03,6.0658579000e-01
1,1819,4.5475000000e-03,6.0689494000e-01
1,1820,4.5500000000e-03,6.0720404000e-01
1,1821,4.5525000000e-03,6.0751310000e-01
1,1822,4.5550000000e-03,6.0782212000e-01
1,1823,4.5575000000e-03,6.0813109000e-01
1,1824,4.5600000000e-03,6.0844001000e-01
1,1825,4.5625000000e-03,6.0874889000e-01
1,1826,4.5650000000e-03,6.0905773000e-01
1,1827,4.5675000000e-03,6.0936651000e-01
1,1828,4.5700000000e-03,6.0967526000e-01
1,1829,4.5725000000e-03,6.0998396000e-01
1,1830,4.5750000000e-03,6.1029261000e-01
1,1831,4.5775000000e-03,6.1060122000e-01
1,1832,4.5800000000e-03,6.1090978000e-01
1,1833,4.5825000000e-03,6.1121829000e-01
1,1834,4.5850000000e-03,6.1152676000e-01
1,1835,4.5875000000e-03,6.1183519000e-01
1,1836,4.5900000000e-03,6.1214357000e-01
1,1837,4.5925000000e-03,6.1245190000e-01
1,1838,4.5950000000e-03,6.1276019000e-01
1,1839,4.5975000000e-03,6.1306843000e-01
1,1840,4.6000000000e-03,6.1337663000e-01
1,1841,4.6025000000e-03,6.1368477000e-01
1,1842,4.6050000000e-03,6.1399288000e-01
1,1843,4.6075000000e-03,6.1430094000e-01
1,1844,4.6100000000e-03,6.1460895000e-01
1,1845,4.6125000000e-03,6.1491691000e-01
1,1846,4.6150000000e-03,6.1522483000e-01
1,1847,4.6175000000e-03,6.1553270000e-01
1,1848,4.6200000000e-03,6.1584053000e-01
1,1849,4.6225000000e-03,6.1614831000e-01
1,1850,4.6250000000e-03,6.1645604000e-01
1,1851,4.6275000000e-03,6.1676373000e-01
1,1852,4.6300000000e-03,6.1707137000e-01
1,1853,4.6325000000e-03,6.1737896000e-01
1,1854,4.6350000000e-03,6.1768650000e-01
1,1855,4.6375000000e-03,6.1799400000e-01
1,1856,4.6400000000e-03,6.1830146000e-01
1,1857,4.6425000000e-03,6.1860886000e-01
1,1858,4.6450000000e-03,6.1891622000e-01
1,1859,4.6475000000e-03,6.1922353000e-01
1,1860,4.6500000000e-03,6.1953080000e-01
1,1861,4.6525000000e-03,6.1983801000e-01
1,1862,4.6550000000e-03,6.2014518000e-01
1,1863,4.6575000000e-03,6.2045231000e-01
1,1864,4.6600000000e-03,6.2075938000e-01
1,1865,4.6625000000e-03,6.2106641000e-01
1,1866,4.6650000000e-03,6.2137339000e-01
1,1867,4.6675000000e-03,6.2168032000e-01
1,1868,4.6700000000e-03,6.2198721000e-01
1,1869,4.6725000000e-03,6.2229405000e-01
1,1870,4.6750000000e-03,6.2260084000e-01
1,1871,4.6775000000e-03,6.2290758000e-01
1,1872,4.6800000000e-03,6.2321428000e-01
1,1873,4.6825000000e-03,6.2352092000e-01
1,1874,4.6850000000e-03,6.2382752000e-01
1,1875,4.6875000000e-03,6.2413407000e-01
1,1876,4.6900000000e-03,6.2444058000e-01
1,1877,4.6925000000e-03,6.2474703000e-01
1,1878,4.6950000000e-03,6.2505344000e-01
1,1879,4.6975000000e-03,6.2535980000e-01
1,1880,4.7000000000e-03,6.2566611000e-01
1,1881,4.7025000000e-03,6.2597237000e-01
1,1882,4.7050000000e-03,6.2627858000e-01
1,1883,4.7075000000e-03,6.2658475000e-01
1,1884,4.7100000000e-03,6.2689087000e-01
1,1885,4.7125000000e-03,6.2719694000e-01
1,1886,4.7150000000e-03,6.2750295000e-01
1,1887,4.7175000000e-03,6.2780893000e-01
1,1888,4.7200000000e-03,6.2811485000e-01
1,1889,4.7225000000e-03,6.2842072000e-01
1,1890,4.7250000000e-03,6.2872655000e-01
1,1891,4.7275000000e-03,6.2903232000e-01
1,1892,4.7300000000e-03,6.2933805000e-01
1,1893,4.7325000000e-03,6.2964372000e-01
1,1894,4.7350000000e-03,6.2994935000e-01
1,1895,4.7375000000e-03,6.3025493000e-01
1,1896,4.7400000000e-03,6.3056046000e-01
1,1897,4.7425000000e-03,6.3086594000e-01
1,1898,4.7450000000e-03,6.3117137000e-01
1,1899,4.7475000000e-03,6.3147675000e-01
1,1900,4.7500000000e-03,6.3178209000e-01
1,1901,4.7525000000e-03,6.3208737000e-01
1,1902,4.7550000000e-03,6.3239260000e-01
1,1903,4.7575000000e-03,6.3269778000e-01
1,1904,4.7600000000e-03,6.3300292000e-01
1,1905,4.7625000000e-03,6.3330800000e-01
1,1906,4.7650000000e-03,6.3361303000e-01
1,1907,4.7675000000e-03,6.3391801000e-01
1,1908,4.7700000000e-03,6.3422295000e-01
1,1909,4.7725000000e-03,6.3452783000e-01
1,1910,4.7750000000e-03,6.3483266000e-01
1,1911,4.7775000000e-03,6.3513744000e-01
1,1912,4.7800000000e-03,6.3544218000e-01
1,1913,4.7825000000e-03,6.3574686000e-01
1,1914,4.7850000000e-03,6.3605149000e-01
1,1915,4.7875000000e-03,6.3635607000e-01
1,1916,4.7900000000e-03,6.3666060000e-01
1,1917,4.7925000000e-03,6.3696508000e-01
1,1918,4.7950000000e-03,6.3726951000e-01
1,1919,4.7975000000e-03,6.3757388000e-01
1,1920,4.8000000000e-03,6.3787821000e-01
1,1921,4.8025000000e-03,6.3818248000e-01
1,1922,4.8050000000e-03,6.3848671000e-01
1,1923,4.8075000000e-03,6.3879088000e-01
1,1924,4.8100000000e-03,6.3909500000e-01
1,1925,4.8125000000e-03,6.3939907000e-01
1,1926,4.8150000000e-03,6.3970309000e-01
1,1927,4.8175000000e-03,6.4000706000e-01
1,1928,4.8200000000e-03,6.4031098000e-01
1,1929,4.8225000000e-03,6.4061484000e-01
1,1930,4.8250000000e-03,6.4091865000e-01
1,1931,4.8275000000e-03,6.4122241000e-01
1,1932,4.8300000000e-03,6.4152612000e-01
1,1933,4.8325000000e-03,6.4182978000e-01
1,1934,4.8350000000e-03,6.4213339000e-01
1,1935,4.8375000000e-03,6.4243694000e-01
1,1936,4.8400000000e-03,6.4274044000e-01
1,1937,4.8425000000e-03,6.4304389000e-01
1,1938,4.8450000000e-03,6.4334729000e-01
1,1939,4.8475000000e-03,6.4365063000e-01
1,1940,4.8500000000e-03,6.4395392000e-01
1,1941,4.8525000000e-03,6.4425716000e-01
1,1942,4.8550000000e-03,6.4456035000e-01
1,1943,4.8575000000e-03,6.4486348000e-01
1,1944,4.8600000000e-03,6.4516656000e-01
1,1945,4.8625000000e-03,6.4546959000e-01
1,1946,4.8650000000e-03,6.4577256000e-01
1,1947,4.8675000000e-03,6.4607549000e-01
1,1948,4.8700000000e-03,6.4637836000e-01
1,1949,4.8725000000e-03,6.4668117000e-01
1,1950,4.8750000000e-03,6.4698393000e-01
1,1951,4.8775000000e-03,6.4728664000e-01
1,1952,4.8800000000e-03,6.4758930000e-01
1,1953,4.8825000000e-03,6.4789190000e-01
1,1954,4.8850000000e-03,6.4819445000e-01
1,1955,4.8875000000e-03,6.4849695000e-01
1,1956,4.8900000000e-03,6.4879939000e-01
1,1957,4.8925000000e-03,6.4910177000e-01
1,1958,4.8950000000e-03,6.4940411000e-01
1,1959,4.8975000000e-03,6.4970639000e-01
1,1960,4.9000000000e-03,6.5000861000e-01
1,1961,4.9025000000e-03,6.5031078000e-01
1,1962,4.9050000000e-03,6.5061290000e-01
1,1963,4.9075000000e-03,6.5091496000e-01
1,1964,4.9100000000e-03,6.5121697000e-01
1,1965,4.9125000000e-03,6.5151892000e-01
1,1966,4.9150000000e-03,6.5182082000e-01
1,1967,4.9175000000e-03,6.5212266000e-01
1,1968,4.9200000000e-03,6.5242445000e-01
1,1969,4.9225000000e-03,6.5272619000e-01
1,1970,4.9250000000e-03,6.5302787000e-01
1,1971,4.9275000000e-03,6.5332949000e-01
1,1972,4.9300000000e-03,6.5363106000e-01
1,1973,4.9325000000e-03,6.5393257000e-01
1,1974,4.9350000000e-03,6.5423403000e-01
1,1975,4.9375000000e-03,6.5453543000e-01
1,1976,4.9400000000e-03,6.5483678000e-01
1,1977,4.9425000000e-03,6.5513807000e-01
1,1978,4.9450000000e-03,6.5543930000e-01
1,1979,4.9475000000e-03,6.5574048000e-01
1,1980,4.9500000000e-03,6.5604161000e-01
1,1981,4.9525000000e-03,6.5634267000e-01
1,1982,4.9550000000e-03,6.5664369000e-01
1,1983,4.9575000000e-03,6.5694464000e-01
1,1984,4.9600000000e-03,6.5724554000e-01
1,1985,4.9625000000e-03,6.5754638000e-01
1,1986,4.9650000000e-03,6.5784717000e-01
1,1987,4.9675000000e-03,6.5814790000e-01
1,1988,4.9700000000e-03,6.5844857000e-01
1,1989,4.9725000000e-03,6.5874918000e-01
1,1990,4.9750000000e-03,6.5904974000e-01
1,1991,4.9775000000e-03,6.5935024000e-01
1,1992,4.9800000000e-03,6.5965069000e-01
1,1993,4.9825000000e-03,6.5995107000e-01
1,1994,4.9850000000e-03,6.6025140000e-01
1,1995,4.9875000000e-03,6.6055167000e-01
1,1996,4.9900000000e-03,6.6085189000e-01
1,1997,4.9925000000e-03,6.6115204000e-01
1,1998,4.9950000000e-03,6.6145214000e-01
1,1999,4.9975000000e-03,6.6175218000e-01
1,2000,5.0000000000e-03,6.6205217000e-01
1,1,5.0010000000e-03,6.6218408000e-01
1,2,5.0020000000e-03,6.6229503000e-01
1,3,5.0030000000e-03,6.6241319000e-01
1,4,5.0040000000e-03,6.6253188000e-01
1,5,5.0050000000e-03,6.6265127000e-01
1,6,5.0060000000e-03,6.6277125000e-01
1,7,5.0070000000e-03,6.6289150000e-01
1,8,5.0080000000e-03,6.6301172000e-01
1,9,5.0090000000e-03,6.6313176000e-01
1,10,5.0100000000e-03,6.6325165000e-01
1,11,5.0110000000e-03,6.6337145000e-01
1,12,5.0120000000e-03,6.6349125000e-01
1,13,5.0130000000e-03,6.6361108000e-01
1,14,5.0140000000e-03,6.6373094000e-01
1,15,5.0150000000e-03,6.6385080000e-01
1,16,5.0160000000e-03,6.6397066000e-01
1,17,5.0170000000e-03,6.6409049000e-01
1,18,5.0180000000e-03,6.6421031000e-01
1,19,5.0190000000e-03,6.6433011000e-01
1,20,5.0200000000e-03,6.6444991000e-01
1,21,5.0210000000e-03,6.6456969000e-01
1,22,5.0220000000e-03,6.6468947000e-01
1,23,5.0230000000e-03,6.6480925000e-01
1,24,5.0240000000e-03,6.6492901000e-01
1,25,5.0250000000e-03,6.6504876000e-01
1,26,5.0260000000e-03,6.6516850000e-01
1,27,5.0270000000e-03,6.6528823000e-01
1,28,5.0280000000e-03,6.6540796000e-01
1,29,5.0290000000e-03,6.6552767000e-01
1,30,5.0300000000e-03,6.6564737000e-01
1,31,5.0310000000e-03,6.6576707000e-01
1,32,5.0320000000e-03,6.6588675000e-01
1,33,5.0330000000e-03,6.6600643000e-01
1,34,5.0340000000e-03,6.6612609000e-01
1,35,5.0350000000e-03,6.6624575000e-01
1,36,5.0360000000e-03,6.6636539000e-01
1,37,5.0370000000e-03,6.6648503000e-01
1,38,5.0380000000e-03,6.6660466000e-01
1,39,5.0390000000e-03,6.6672428000e-01
1,40,5.0400000000e-03,6.6684389000e-01
1,41,5.0410000000e-03,6.6696348000e-01
1,42,5.0420000000e-03,6.6708307000e-01
1,43,5.0430000000e-03,6.6720265000e-01
1,44,5.0440000000e-03,6.6732222000e-01
1,45,5.0450000000e-03,6.6744178000e-01
1,46,5.0460000000e-03,6.6756133000e-01
1,47,5.0470000000e-03,6.6768087000e-01
1,48,5.0480000000e-03,6.6780040000e-01
1,49,5.0490000000e-03,6.6791993000e-01
1,50,5.0500000000e-03,6.6803944000e-01
1,51,5.0510000000e-03,6.6815894000e-01
1,52,5.0520000000e-03,6.6827843000e-01
1,53,5.0530000000e-03,6.6839792000e-01
1,54,5.0540000000e-03,6.6851739000e-01
1,55,5.0550000000e-03,6.6863685000e-01
1,56,5.0560000000e-03,6.6875631000e-01
1,57,5.0570000000e-03,6.6887575000e-01
1,58,5.0580000000e-03,6.6899518000e-01
1,59,5.0590000000e-03,6.6911461000e-01
1,60,5.0600000000e-03,6.6923402000e-01
1,61,5.0610000000e-03,6.6935343000e-01
1,62,5.0620000000e-03,6.6947282000e-01
1,63,5.0630000000e-03,6.6959221000e-01
1,64,5.0640000000e-03,6.6971159000e-01
1,65,5.0650000000e-03,6.6983095000e-01
1,66,5.0660000000e-03,6.6995031000e-01
1,67,5.0670000000e-03,6.7006965000e-01
1,68,5.0680000000e-03,6.7018899000e-01
1,69,5.0690000000e-03,6.7030832000e-01
1,70,5.0700000000e-03,6.7042763000e-01
1,71,5.0710000000e-03,6.7054694000e-01
1,72,5.0720000000e-03,6.7066624000e-01
1,73,5.0730000000e-03,6.7078552000e-01
1,74,5.0740000000e-03,6.7090480000e-01
1,75,5.0750000000e-03,6.7102407000e-01
1,76,5.0760000000e-03,6.7114333000e-01
1,77,5.0770000000e-03,6.7126257000e-01
1,78,5.0780000000e-03,6.7138181000e-01
1,79,5.0790000000e-03,6.7150104000e-01
1,80,5.0800000000e-03,6.7162026000e-01
1,81,5.0810000000e-03,6.7173947000e-01
1,82,5.0820000000e-03,6.7185866000e-01
1,83,5.0830000000e-03,6.7197785000e-01
1,84,5.0840000000e-03,6.7209703000e-01
1,85,5.0850000000e-03,6.7221620000e-01
1,86,5.0860000000e-03,6.7233536000e-01
1,87,5.0870000000e-03,6.7245451000e-01
1,88,5.0880000000e-03,6.7257364000e-01
1,89,5.0890000000e-03,6.7269277000e-01
1,90,5.0900000000e-03,6.7281189000e-01
1,91,5.0910000000e-03,6.7293100000e-01
1,92,5.0920000000e-03,6.7305010000e-01
1,93,5.0930000000e-03,6.7316919000e-01
1,94,5.0940000000e-03,6.7328826000e-01
1,95,5.0950000000e-03,6.7340733000e-01
1,96,5.0960000000e-03,6.7352639000e-01
1,97,5.0970000000e-03,6.7364544000e-01
1,98,5.0980000000e-03,6.7376448000e-01
1,99,5.0990000000e-03,6.7388350000e-01
1,100,5.1000000000e-03,6.7400252000e-01
1,101,5.1010000000e-03,6.7412153000e-01
1,102,5.1020000000e-03,6.7424053000e-01
1,103,5.1030000000e-03,6.7435951000e-01
1,104,5.1040000000e-03,6.7447849000e-01
1,105,5.1050000000e-03,6.7459746000e-01
1,106,5.1060000000e-03,6.7471642000e-01
1,107,5.1070000000e-03,6.7483536000e-01
1,108,5.1080000000e-03,6.7495430000e-01
1,109,5.1090000000e-03,6.7507323000e-01
1,110,5.1100000000e-03,6.7519214000e-01
1,111,5.1110000000e-03,6.7531105000e-01
1,112,5.1120000000e-03,6.7542995000e-01
1,113,5.1130000000e-03,6.7554883000e-01
1,114,5.1140000000e-03,6.7566771000e-01
1,115,5.1150000000e-03,6.7578657000e-01
1,116,5.1160000000e-03,6.7590543000e-01
1,117,5.1170000000e-03,6.7602427000e-01
1,118,5.1180000000e-03,6.7614311000e-01
1,119,5.1190000000e-03,6.7626193000e-01
1,120,5.1200000000e-03,6.7638074000e-01
1,121,5.1210000000e-03,6.7649955000e-01
1,122,5.1220000000e-03,6.7661834000e-01
1,123,5.1230000000e-03,6.7673712000e-01
1,124,5.1240000000e-03,6.7685590000e-01
1,125,5.1250000000e-03,6.7697466000e-01
1,126,5.1260000000e-03,6.7709341000e-01
1,127,5.1270000000e-03,6.7721215000e-01
1,128,5.1280000000e-03,6.7733088000e-01
1,129,5.1290000000e-03,6.7744960000e-01
1,130,5.1300000000e-03,6.7756832000e-01
1,131,5.1310000000e-03,6.7768702000e-01
1,132,5.1320000000e-03,6.7780571000e-01
1,133,5.1330000000e-03,6.7792438000e-01
1,134,5.1340000000e-03,6.7804305000e-01
1,135,5.1350000000e-03,6.7816171000e-01
1,136,5.1360000000e-03,6.7828036000e-01
1,137,5.1370000000e-03,6.7839900000e-01
1,138,5.1380000000e-03,6.7851763000e-01
1,139,5.1390000000e-03,6.7863624000e-01
1,140,5.1400000000e-03,6.7875485000e-01
1,141,5.1410000000e-03,6.7887344000e-01
1,142,5.1420000000e-03,6.7899203000e-01
1,143,5.1430000000e-03,6.7911060000e-01
1,144,5.1440000000e-03,6.7922917000e-01
1,145,5.1450000000e-03,6.7934772000e-01
1,146,5.1460000000e-03,6.7946626000e-01
1,147,5.1470000000e-03,6.7958480000e-01
1,148,5.1480000000e-03,6.7970332000e-01
1,149,5.1490000000e-03,6.7982183000e-01
1,150,5.1500000000e-03,6.7994033000e-01
1,151,5.1510000000e-03,6.8005882000e-01
1,152,5.1520000000e-03,6.8017730000e-01
1,153,5.1530000000e-03,6.8029577000e-01
1,154,5.1540000000e-03,6.8041423000e-01
1,155,5.1550000000e-03,6.8053268000e-01
1,156,5.1560000000e-03,6.8065111000e-01
1,157,5.1570000000e-03,6.8076954000e-01
1,158,5.1580000000e-03,6.8088796000e-01
1,159,5.1590000000e-03,6.8100636000e-01
1,160,5.1600000000e-03,6.8112475000e-01
1,161,5.1610000000e-03,6.8124314000e-01
1,162,5.1620000000e-03,6.8136151000e-01
1,163,5.1630000000e-03,6.8147987000e-01
1,164,5.1640000000e-03,6.8159823000e-01
1,165,5.1650000000e-03,6.8171657000e-01
1,166,5.1660000000e-03,6.8183490000e-01
1,167,5.1670000000e-03,6.8195322000e-01
1,168,5.1680000000e-03,6.8207152000e-01
1,169,5.1690000000e-03,6.8218982000e-01
1,170,5.1700000000e-03,6.8230811000e-01
1,171,5.1710000000e-03,6.8242638000e-01
1,172,5.1720000000e-03,6.8254465000e-01
1,173,5.1730000000e-03,6.8266290000e-01
1,174,5.1740000000e-03,6.8278115000e-01
1,175,5.1750000000e-03,6.8289938000e-01
1,176,5.1760000000e-03,6.8301760000e-01
1,177,5.1770000000e-03,6.8313581000e-01
1,178,5.1780000000e-03,6.8325401000e-01
1,179,5.1790000000e-03,6.8337220000e-01
1,180,5.1800000000e-03,6.8349038000e-01
1,181,5.1810000000e-03,6.8360855000e-01
1,182,5.1820000000e-03,6.8372670000e-01
1,183,5.1830000000e-03,6.8384485000e-01
1,184,5.1840000000e-03,6.8396298000e-01
1,185,5.1850000000e-03,6.8408111000e-01
1,186,5.1860000000e-03,6.8419922000e-01
1,187,5.1870000000e-03,6.8431732000e-01
1,188,5.1880000000e-03,6.8443541000e-01
1,189,5.1890000000e-03,6.8455349000e-01
1,190,5.1900000000e-03,6.8467156000e-01
1,191,5.1910000000e-03,6.8478962000e-01
1,192,5.1920000000e-03,6.8490766000e-01
1,193,5.1930000000e-03,6.8502570000e-01
1,194,5.1940000000e-03,6.8514372000e-01
1,195,5.1950000000e-03,6.8526173000e-01
1,196,5.1960000000e-03,6.8537974000e-01
1,197,5.1970000000e-03,6.8549773000e-01
1,198,5.1980000000e-03,6.8561571000e-01
1,199,5.1990000000e-03,6.8573367000e-01
1,200,5.2000000000e-03,6.8585163000e-01
1,201,5.2010000000e-03,6.8596958000e-01
1,202,5.2020000000e-03,6.8608751000e-01
1,203,5.2030000000e-03,6.8620544000e-01
1,204,5.2040000000e-03,6.8632335000e-01
1,205,5.2050000000e-03,6.8644125000e-01
1,206,5.2060000000e-03,6.8655914000e-01
1,207,5.2070000000e-03,6.8667702000e-01
1,208,5.2080000000e-03,6.8679489000e-01
1,209,5.2090000000e-03,6.8691274000e-01
1,210,5.2100000000e-03,6.8703059000e-01
1,211,5.2110000000e-03,6.8714842000e-01
1,212,5.2120000000e-03,6.8726624000e-01
1,213,5.2130000000e-03,6.8738406000e-01
1,214,5.2140000000e-03,6.8750186000e-01
1,215,5.2150000000e-03,6.8761964000e-01
1,216,5.2160000000e-03,6.8773742000e-01
1,217,5.2170000000e-03,6.8785519000e-01
1,218,5.2180000000e-03,6.8797294000e-01
1,219,5.2190000000e-03,6.8809068000e-01
1,220,5.2200000000e-03,6.8820842000e-01
1,221,5.2210000000e-03,6.8832614000e-01
1,222,5.2220000000e-03,6.8844384000e-01
1,223,5.2230000000e-03,6.8856154000e-01
1,224,5.2240000000e-03,6.8867923000e-01
1,225,5.2250000000e-03,6.8879690000e-01
1,226,5.2260000000e-03,6.8891456000e-01
1,227,5.2270000000e-03,6.8903221000e-01
1,228,5.2280000000e-03,6.8914985000e-01
1,229,5.2290000000e-03,6.8926748000e-01
1,230,5.2300000000e-03,6.8938510000e-01
1,231,5.2310000000e-03,6.8950270000e-01
1,232,5.2320000000e-03,6.8962030000e-01
1,233,5.2330000000e-03,6.8973788000e-01
1,234,5.2340000000e-03,6.8985545000e-01
1,235,5.2350000000e-03,6.8997301000e-01
1,236,5.2360000000e-03,6.9009055000e-01
1,237,5.2370000000e-03,6.9020809000e-01
1,238,5.2380000000e-03,6.9032561000e-01
1,239,5.2390000000e-03,6.9044313000e-01
1,240,5.2400000000e-03,6.9056063000e-01
1,241,5.2410000000e-03,6.9067811000e-01
1,242,5.2420000000e-03,6.9079559000e-01
1,243,5.2430000000e-03,6.9091306000e-01
1,244,5.2440000000e-03,6.9103051000e-01
1,245,5.2450000000e-03,6.9114795000e-01
1,246,5.2460000000e-03,6.9126538000e-01
1,247,5.2470000000e-03,6.9138280000e-01
1,248,5.2480000000e-03,6.9150021000e-01
1,249,5.2490000000e-03,6.9161760000e-01
1,250,5.2500000000e-03,6.9173498000e-01
1,251,5.2510000000e-03,6.9185235000e-01
1,252,5.2520000000e-03,6.9196971000e-01
1,253,5.2530000000e-03,6.9208706000e-01
1,254,5.2540000000e-03,6.9220439000e-01
1,255,5.2550000000e-03,6.9232172000e-01
1,256,5.2560000000e-03,6.9243903000e-01
1,257,5.2570000000e-03,6.9255633000e-01
1,258,5.2580000000e-03,6.9267361000e-01
1,259,5.2590000000e-03,6.9279089000e-01
1,260,5.2600000000e-03,6.9290815000e-01
1,261,5.2610000000e-03,6.9302540000e-01
1,262,5.2620000000e-03,6.9314264000e-01
1,263,5.2630000000e-03,6.9325987000e-01
1,264,5.2640000000e-03,6.9337709000e-01
1,265,5.2650000000e-03,6.9349429000e-01
1,266,5.2660000000e-03,6.9361148000e-01
1,267,5.2670000000e-03,6.9372866000e-01
1,268,5.2680000000e-03,6.9384583000e-01
1,269,5.2690000000e-03,6.9396298000e-01
1,270,5.2700000000e-03,6.9408012000e-01
1,271,5.2710000000e-03,6.9419725000e-01
1,272,5.2720000000e-03,6.9431437000e-01
1,273,5.2730000000e-03,6.9443148000e-01
1,274,5.2740000000e-03,6.9454857000e-01
1,275,5.2750000000e-03,6.9466565000e-01
1,276,5.2760000000e-03,6.9478272000e-01
1,277,5.2770000000e-03,6.9489978000e-01
1,278,5.2780000000e-03,6.9501682000e-01
1,279,5.2790000000e-03,6.9513386000e-01
1,280,5.2800000000e-03,6.9525088000e-01
1,281,5.2810000000e-03,6.9536788000e-01
1,282,5.2820000000e-03,6.9548488000e-01
1,283,5.2830000000e-03,6.9560186000e-01
1,284,5.2840000000e-03,6.9571883000e-01
1,285,5.2850000000e-03,6.9583579000e-01
1,286,5.2860000000e-03,6.9595274000e-01
1,287,5.2870000000e-03,6.9606967000e-01
1,288,5.2880000000e-03,6.9618659000e-01
1,289,5.2890000000e-03,6.9630350000e-01
1,290,5.2900000000e-03,6.9642040000e-01
1,291,5.2910000000e-03,6.9653728000e-01
1,292,5.2920000000e-03,6.9665415000e-01
1,293,5.2930000000e-03,6.9677101000e-01
1,294,5.2940000000e-03,6.9688786000e-01
1,295,5.2950000000e-03,6.9700469000e-01
1,296,5.2960000000e-03,6.9712151000e-01
1,297,5.2970000000e-03,6.9723832000e-01
1,298,5.2980000000e-03,6.9735511000e-01
1,299,5.2990000000e-03,6.9747190000e-01
1,300,5.3000000000e-03,6.9758867000e-01
1,301,5.3010000000e-03,6.9770543000e-01
1,302,5.3020000000e-03,6.9782217000e-01
1,303,5.3030000000e-03,6.9793890000e-01
1,304,5.3040000000e-03,6.9805562000e-01
1,305,5.3050000000e-03,6.9817233000e-01
1,306,5.3060000000e-03,6.9828902000e-01
1,307,5.3070000000e-03,6.9840570000e-01
1,308,5.3080000000e-03,6.9852237000e-01
1,309,5.3090000000e-03,6.9863903000e-01
1,310,5.3100000000e-03,6.9875567000e-01
1,311,5.3110000000e-03,6.9887230000e-01
1,312,5.3120000000e-03,6.9898892000e-01
1,313,5.3130000000e-03,6.9910552000e-01
1,314,5.3140000000e-03,6.9922211000e-01
1,315,5.3150000000e-03,6.9933869000e-01
1,316,5.3160000000e-03,6.9945526000e-01
1,317,5.3170000000e-03,6.9957181000e-01
1,318,5.3180000000e-03,6.9968835000e-01
1,319,5.3190000000e-03,6.9980487000e-01
1,320,5.3200000000e-03,6.9992139000e-01
1,321,5.3210000000e-03,7.0003789000e-01
1,322,5.3220000000e-03,7.0015437000e-01
1,323,5.3230000000e-03,7.0027085000e-01
1,324,5.3240000000e-03,7.0038731000e-01
1,325,5.3250000000e-03,7.0050376000e-01
1,326,5.3260000000e-03,7.0062019000e-01
1,327,5.3270000000e-03,7.0073661000e-01
1,328,5.3280000000e-03,7.0085302000e-01
1,329,5.3290000000e-03,7.0096941000e-01
1,330,5.3300000000e-03,7.0108580000e-01
1,331,5.3310000000e-03,7.0120216000e-01
1,332,5.3320000000e-03,7.0131852000e-01
1,333,5.3330000000e-03,7.0143486000e-01
1,334,5.3340000000e-03,7.0155119000e-01
1,335,5.3350000000e-03,7.0166751000e-01
1,336,5.3360000000e-03,7.0178381000e-01
1,337,5.3370000000e-03,7.0190010000e-01
1,338,5.3380000000e-03,7.0201637000e-01
1,339,5.3390000000e-03,7.0213263000e-01
1,340,5.3400000000e-03,7.0224888000e-01
1,341,5.3410000000e-03,7.0236511000e-01
1,342,5.3420000000e-03,7.0248134000e-01
1,343,5.3430000000e-03,7.0259754000e-01
1,344,5.3440000000e-03,7.0271374000e-01
1,345,5.3450000000e-03,7.0282992000e-01
1,346,5.3460000000e-03,7.0294608000e-01
1,347,5.3470000000e-03,7.0306224000e-01
1,348,5.3480000000e-03,7.0317838000e-01
1,349,5.3490000000e-03,7.0329450000e-01
1,350,5.3500000000e-03,7.0341062000e-01
1,351,5.3510000000e-03,7.0352671000e-01
1,352,5.3520000000e-03,7.0364280000e-01
1,353,5.3530000000e-03,7.0375887000e-01
1,354,5.3540000000e-03,7.0387493000e-01
1,355,5.3550000000e-03,7.0399097000e-01
1,356,5.3560000000e-03,7.0410700000e-01
1,357,5.3570000000e-03,7.0422302000e-01
1,358,5.3580000000e-03,7.0433902000e-01
1,359,5.3590000000e-03,7.0445501000e-01
1,360,5.3600000000e-03,7.0457098000e-01
1,361,5.3610000000e-03,7.0468694000e-01
1,362,5.3620000000e-03,7.0480289000e-01
1,363,5.3630000000e-03,7.0491882000e-01
1,364,5.3640000000e-03,7.0503474000e-01
1,365,5.3650000000e-03,7.0515065000e-01
1,366,5.3660000000e-03,7.0526654000e-01
1,367,5.3670000000e-03,7.0538241000e-01
1,368,5.3680000000e-03,7.0549827000e-01
1,369,5.3690000000e-03,7.0561412000e-01
1,370,5.3700000000e-03,7.0572996000e-01
1,371,5.3710000000e-03,7.0584578000e-01
1,372,5.3720000000e-03,7.0596158000e-01
1,373,5.3730000000e-03,7.0607737000e-01
1,374,5.3740000000e-03,7.0619315000e-01
1,375,5.3750000000e-03,7.0630891000e-01
1,376,5.3760000000e-03,7.0642466000e-01
1,377,5.3770000000e-03,7.0654040000e-01
1,378,5.3780000000e-03,7.0665612000e-01
1,379,5.3790000000e-03,7.0677182000e-01
1,380,5.3800000000e-03,7.0688751000e-01
1,381,5.3810000000e-03,7.0700319000e-01
1,382,5.3820000000e-03,7.0711885000e-01
1,383,5.3830000000e-03,7.0723450000e-01
1,384,5.3840000000e-03,7.0735013000e-01
1,385,5.3850000000e-03,7.0746575000e-01
1,386,5.3860000000e-03,7.0758135000e-01
1,387,5.3870000000e-03,7.0769694000e-01
1,388,5.3880000000e-03,7.0781252000e-01
1,389,5.3890000000e-03,7.0792808000e-01
1,390,5.3900000000e-03,7.0804362000e-01
1,391,5.3910000000e-03,7.0815916000e-01
1,392,5.3920000000e-03,7.0827467000e-01
1,393,5.3930000000e-03,7.0839017000e-01
1,394,5.3940000000e-03,7.0850566000e-01
1,395,5.3950000000e-03,7.0862113000e-01
1,396,5.3960000000e-03,7.0873659000e-01
1,397,5.3970000000e-03,7.0885203000e-01
1,398,5.3980000000e-03,7.0896746000e-01
1,399,5.3990000000e-03,7.0908287000e-01
1,400,5.4000000000e-03,7.0919827000e-01
1,401,5.4010000000e-03,7.0931365000e-01
1,402,5.4020000000e-03,7.0942902000e-01
1,403,5.4030000000e-03,7.0954437000e-01
1,404,5.4040000000e-03,7.0965971000e-01
1,405,5.4050000000e-03,7.0977503000e-01
1,406,5.4060000000e-03,7.0989034000e-01
1,407,5.4070000000e-03,7.1000563000e-01
1,408,5.4080000000e-03,7.1012090000e-01
1,409,5.4090000000e-03,7.1023616000e-01
1,410,5.4100000000e-03,7.1035141000e-01
1,411,5.4110000000e-03,7.1046664000e-01
1,412,5.4120000000e-03,7.1058186000e-01
1,413,5.4130000000e-03,7.1069706000e-01
1,414,5.4140000000e-03,7.1081224000e-01
1,415,5.4150000000e-03,7.1092741000e-01
1,416,5.4160000000e-03,7.1104257000e-01
1,417,5.4170000000e-03,7.1115770000e-01
1,418,5.4180000000e-03,7.1127283000e-01
1,419,5.4190000000e-03,7.1138793000e-01
1,420,5.4200000000e-03,7.1150303000e-01
1,421,5.4210000000e-03,7.1161810000e-01
1,422,5.4220000000e-03,7.1173316000e-01
1,423,5.4230000000e-03,7.1184821000e-01
1,424,5.4240000000e-03,7.1196324000e-01
1,425,5.4250000000e-03,7.1207825000e-01
1,426,5.4260000000e-03,7.1219325000e-01
1,427,5.4270000000e-03,7.1230823000e-01
1,428,5.4280000000e-03,7.1242320000e-01
1,429,5.4290000000e-03,7.1253815000e-01
1,430,5.4300000000e-03,7.1265308000e-01
1,431,5.4310000000e-03,7.1276800000e-01
1,432,5.4320000000e-03,7.1288290000e-01
1,433,5.4330000000e-03,7.1299779000e-01
1,434,5.4340000000e-03,7.1311266000e-01
1,435,5.4350000000e-03,7.1322751000e-01
1,436,5.4360000000e-03,7.1334235000e-01
1,437,5.4370000000e-03,7.1345717000e-01
1,438,5.4380000000e-03,7.1357198000e-01
1,439,5.4390000000e-03,7.1368677000e-01
1,440,5.4400000000e-03,7.1380154000e-01
1,441,5.4410000000e-03,7.1391630000e-01
1,442,5.4420000000e-03,7.1403104000e-01
1,443,5.4430000000e-03,7.1414576000e-01
1,444,5.4440000000e-03,7.1426047000e-01
1,445,5.4450000000e-03,7.1437516000e-01
1,446,5.4460000000e-03,7.1448984000e-01
1,447,5.4470000000e-03,7.1460450000e-01
1,448,5.4480000000e-03,7.1471914000e-01
1,449,5.4490000000e-03,7.1483376000e-01
1,450,5.4500000000e-03,7.1494837000e-01
1,451,5.4510000000e-03,7.1506296000e-01
1,452,5.4520000000e-03,7.1517754000e-01
1,453,5.4530000000e-03,7.1529210000e-01
1,454,5.4540000000e-03,7.1540664000e-01
1,455,5.4550000000e-03,7.1552117000e-01
1,456,5.4560000000e-03,7.1563567000e-01
1,457,5.4570000000e-03,7.1575017000e-01
1,458,5.4580000000e-03,7.1586464000e-01
1,459,5.4590000000e-03,7.1597910000e-01
1,460,5.4600000000e-03,7.1609354000e-01
1,461,5.4610000000e-03,7.1620796000e-01
1,462,5.4620000000e-03,7.1632237000e-01
1,463,5.4630000000e-03,7.1643676000e-01
1,464,5.4640000000e-03,7.1655113000e-01
1,465,5.4650000000e-03,7.1666548000e-01
1,466,5.4660000000e-03,7.1677982000e-01
1,467,5.4670000000e-03,7.1689414000e-01
1,468,5.4680000000e-03,7.1700844000e-01
1,469,5.4690000000e-03,7.1712273000e-01
1,470,5.4700000000e-03,7.1723699000e-01
1,471,5.4710000000e-03,7.1735124000e-01
1,472,5.4720000000e-03,7.1746548000e-01
1,473,5.4730000000e-03,7.1757969000e-01
1,474,5.4740000000e-03,7.1769389000e-01
1,475,5.4750000000e-03,7.1780807000e-01
1,476,5.4760000000e-03,7.1792223000e-01
1,477,5.4770000000e-03,7.1803638000e-01
1,478,5.4780000000e-03,7.1815050000e-01
1,479,5.4790000000e-03,7.1826461000e-01
1,480,5.4800000000e-03,7.1837870000e-01
1,481,5.4810000000e-03,7.1849277000e-01
1,482,5.4820000000e-03,7.1860683000e-01
1,483,5.4830000000e-03,7.1872087000e-01
1,484,5.4840000000e-03,7.1883488000e-01
1,485,5.4850000000e-03,7.1894888000e-01
1,486,5.4860000000e-03,7.1906287000e-01
1,487,5.4870000000e-03,7.1917683000e-01
1,488,5.4880000000e-03,7.1929078000e-01
1,489,5.4890000000e-03,7.1940470000e-01
1,490,5.4900000000e-03,7.1951861000e-01
1,491,5.4910000000e-03,7.1963250000e-01
1,492,5.4920000000e-03,7.1974638000e-01
1,493,5.4930000000e-03,7.1986023000e-01
1,494,5.4940000000e-03,7.1997406000e-01
1,495,5.4950000000e-03,7.2008788000e-01
1,496,5.4960000000e-03,7.2020168000e-01
1,497,5.4970000000e-03,7.2031546000e-01
1,498,5.4980000000e-03,7.2042922000e-01
1,499,5.4990000000e-03,7.2054296000e-01
1,500,5.5000000000e-03,7.2065668000e-01
1,501,5.5010000000e-03,7.2077038000e-01
1,502,5.5020000000e-03,7.2088407000e-01
1,503,5.5030000000e-03,7.2099773000e-01
1,504,5.5040000000e-03,7.2111138000e-01
1,505,5.5050000000e-03,7.2122501000e-01
1,506,5.5060000000e-03,7.2133862000e-01
1,507,5.5070000000e-03,7.2145220000e-01
1,508,5.5080000000e-03,7.2156577000e-01
1,509,5.5090000000e-03,7.2167932000e-01
1,510,5.5100000000e-03,7.2179285000e-01
1,511,5.5110000000e-03,7.2190636000e-01
1,512,5.5120000000e-03,7.2201986000e-01
1,513,5.5130000000e-03,7.2213333000e-01
1,514,5.5140000000e-03,7.2224678000e-01
1,515,5.5150000000e-03,7.2236021000e-01
1,516,5.5160000000e-03,7.2247362000e-01
1,517,5.5170000000e-03,7.2258702000e-01
1,518,5.5180000000e-03,7.2270039000e-01
1,519,5.5190000000e-03,7.2281374000e-01
1,520,5.5200000000e-03,7.2292708000e-01
1,521,5.5210000000e-03,7.2304039000e-01
1,522,5.5220000000e-03,7.2315368000e-01
1,523,5.5230000000e-03,7.2326695000e-01
1,524,5.5240000000e-03,7.2338020000e-01
1,525,5.5250000000e-03,7.2349344000e-01
1,526,5.5260000000e-03,7.2360665000e-01
1,527,5.5270000000e-03,7.2371984000e-01
1,528,5.5280000000e-03,7.2383301000e-01
1,529,5.5290000000e-03,7.2394616000e-01
1,530,5.5300000000e-03,7.2405929000e-01
1,531,5.5310000000e-03,7.2417239000e-01
1,532,5.5320000000e-03,7.2428548000e-01
1,533,5.5330000000e-03,7.2439855000e-01
1,534,5.5340000000e-03,7.2451159000e-01
1,535,5.5350000000e-03,7.2462462000e-01
1,536,5.5360000000e-03,7.2473762000e-01
1,537,5.5370000000e-03,7.2485060000e-01
1,538,5.5380000000e-03,7.2496356000e-01
1,539,5.5390000000e-03,7.2507650000e-01
1,540,5.5400000000e-03,7.2518942000e-01
1,541,5.5410000000e-03,7.2530232000e-01
1,542,5.5420000000e-03,7.2541519000e-01
1,543,5.5430000000e-03,7.2552804000e-01
1,544,5.5440000000e-03,7.2564088000e-01
1,545,5.5450000000e-03,7.2575369000e-01
1,546,5.5460000000e-03,7.2586647000e-01
1,547,5.5470000000e-03,7.2597924000e-01
1,548,5.5480000000e-03,7.2609198000e-01
1,549,5.5490000000e-03,7.2620471000e-01
1,550,5.5500000000e-03,7.2631740000e-01
1,551,5.5510000000e-03,7.2643008000e-01
1,552,5.5520000000e-03,7.2654274000e-01
1,553,5.5530000000e-03,7.2665537000e-01
1,554,5.5540000000e-03,7.2676798000e-01
1,555,5.5550000000e-03,7.2688057000e-01
1,556,5.5560000000e-03,7.2699313000e-01
1,557,5.5570000000e-03,7.2710567000e-01
1,558,5.5580000000e-03,7.2721819000e-01
1,559,5.5590000000e-03,7.2733069000e-01
1,560,5.5600000000e-03,7.2744316000e-01
1,561,5.5610000000e-03,7.2755561000e-01
1,562,5.5620000000e-03,7.2766804000e-01
1,563,5.5630000000e-03,7.2778044000e-01
1,564,5.5640000000e-03,7.2789283000e-01
1,565,5.5650000000e-03,7.2800518000e-01
1,566,5.5660000000e-03,7.2811752000e-01
1,567,5.5670000000e-03,7.2822983000e-01
1,568,5.5680000000e-03,7.2834211000e-01
1,569,5.5690000000e-03,7.2845437000e-01
1,570,5.5700000000e-03,7.2856661000e-01
1,571,5.5710000000e-03,7.2867883000e-01
1,572,5.5720000000e-03,7.2879102000e-01
1,573,5.5730000000e-03,7.2890318000e-01
1,574,5.5740000000e-03,7.2901532000e-01
1,575,5.5750000000e-03,7.2912744000e-01
1,576,5.5760000000e-03,7.2923954000e-01
1,577,5.5770000000e-03,7.2935160000e-01
1,578,5.5780000000e-03,7.2946365000e-01
1,579,5.5790000000e-03,7.2957567000e-01
1,580,5.5800000000e-03,7.2968766000e-01
1,581,5.5810000000e-03,7.2979963000e-01
1,582,5.5820000000e-03,7.2991158000e-01
1,583,5.5830000000e-03,7.3002349000e-01
1,584,5.5840000000e-03,7.3013539000e-01
1,585,5.5850000000e-03,7.3024726000e-01
1,586,5.5860000000e-03,7.3035910000e-01
1,587,5.5870000000e-03,7.3047092000e-01
1,588,5.5880000000e-03,7.3058271000e-01
1,589,5.5890000000e-03,7.3069448000e-01
1,590,5.5900000000e-03,7.3080622000e-01
1,591,5.5910000000e-03,7.3091793000e-01
1,592,5.5920000000e-03,7.3102962000e-01
1,593,5.5930000000e-03,7.3114128000e-01
1,594,5.5940000000e-03,7.3125291000e-01
1,595,5.5950000000e-03,7.3136452000e-01
1,596,5.5960000000e-03,7.3147611000e-01
1,597,5.5970000000e-03,7.3158766000e-01
1,598,5.5980000000e-03,7.3169919000e-01
1,599,5.5990000000e-03,7.3181069000e-01
1,600,5.6000000000e-03,7.3192217000e-01
1,601,5.6010000000e-03,7.3203361000e-01
1,602,5.6020000000e-03,7.3214503000e-01
1,603,5.6030000000e-03,7.3225643000e-01
1,604,5.6040000000e-03,7.3236779000e-01
1,605,5.6050000000e-03,7.3247913000e-01
1,606,5.6060000000e-03,7.3259044000e-01
1,607,5.6070000000e-03,7.3270172000e-01
1,608,5.6080000000e-03,7.3281297000e-01
1,609,5.6090000000e-03,7.3292420000e-01
1,610,5.6100000000e-03,7.3303539000e-01
1,611,5.6110000000e-03,7.3314656000e-01
1,612,5.6120000000e-03,7.3325770000e-01
1,613,5.6130000000e-03,7.3336881000e-01
1,614,5.6140000000e-03,7.3347989000e-01
1,615,5.6150000000e-03,7.3359095000e-01
1,616,5.6160000000e-03,7.3370197000e-01
1,617,5.6170000000e-03,7.3381297000e-01
1,618,5.6180000000e-03,7.3392393000e-01
1,619,5.6190000000e-03,7.3403487000e-01
1,620,5.6200000000e-03,7.3414577000e-01
1,621,5.6210000000e-03,7.3425665000e-01
1,622,5.6220000000e-03,7.3436749000e-01
1,623,5.6230000000e-03,7.3447831000e-01
1,624,5.6240000000e-03,7.3458909000e-01
1,625,5.6250000000e-03,7.3469984000e-01
1,626,5.6260000000e-03,7.3481057000e-01
1,627,5.6270000000e-03,7.3492126000e-01
1,628,5.6280000000e-03,7.3503192000e-01
1,629,5.6290000000e-03,7.3514255000e-01
1,630,5.6300000000e-03,7.3525315000e-01
1,631,5.6310000000e-03,7.3536372000e-01
1,632,5.6320000000e-03,7.3547425000e-01
1,633,5.6330000000e-03,7.3558475000e-01
1,634,5.6340000000e-03,7.3569522000e-01
1,635,5.6350000000e-03,7.3580566000e-01
1,636,5.6360000000e-03,7.3591607000e-01
1,637,5.6370000000e-03,7.3602644000e-01
1,638,5.6380000000e-03,7.3613678000e-01
1,639,5.6390000000e-03,7.3624709000e-01
1,640,5.6400000000e-03,7.3635737000e-01
1,641,5.6410000000e-03,7.3646761000e-01
1,642,5.6420000000e-03,7.3657782000e-01
1,643,5.6430000000e-03,7.3668799000e-01
1,644,5.6440000000e-03,7.3679813000e-01
1,645,5.6450000000e-03,7.3690824000e-01
1,646,5.6460000000e-03,7.3701831000e-01
1,647,5.6470000000e-03,7.3712834000e-01
1,648,5.6480000000e-03,7.3723835000e-01
1,649,5.6490000000e-03,7.3734831000e-01
1,650,5.6500000000e-03,7.3745824000e-01
1,651,5.6510000000e-03,7.3756814000e-01
1,652,5.6520000000e-03,7.3767800000e-01
1,653,5.6530000000e-03,7.3778783000e-01
1,654,5.6540000000e-03,7.3789761000e-01
1,655,5.6550000000e-03,7.3800737000e-01
1,656,5.6560000000e-03,7.3811708000e-01
1,657,5.6570000000e-03,7.3822676000e-01
1,658,5.6580000000e-03,7.3833640000e-01
1,659,5.6590000000e-03,7.3844601000e-01
1,660,5.6600000000e-03,7.3855558000e-01
1,661,5.6610000000e-03,7.3866511000e-01
1,662,5.6620000000e-03,7.3877460000e-01
1,663,5.6630000000e-03,7.3888405000e-01
1,664,5.6640000000e-03,7.3899347000e-01
1,665,5.6650000000e-03,7.3910284000e-01
1,666,5.6660000000e-03,7.3921218000e-01
1,667,5.6670000000e-03,7.3932148000e-01
1,668,5.6680000000e-03,7.3943074000e-01
1,669,5.6690000000e-03,7.3953996000e-01
1,670,5.6700000000e-03,7.3964914000e-01
1,671,5.6710000000e-03,7.3975828000e-01
1,672,5.6720000000e-03,7.3986738000e-01
1,673,5.6730000000e-03,7.3997643000e-01
1,674,5.6740000000e-03,7.4008545000e-01
1,675,5.6750000000e-03,7.4019443000e-01
1,676,5.6760000000e-03,7.4030336000e-01
1,677,5.6770000000e-03,7.4041225000e-01
1,678,5.6780000000e-03,7.4052110000e-01
1,679,5.6790000000e-03,7.4062991000e-01
1,680,5.6800000000e-03,7.4073867000e-01
1,681,5.6810000000e-03,7.4084739000e-01
1,682,5.6820000000e-03,7.4095606000e-01
1,683,5.6830000000e-03,7.4106470000e-01
1,684,5.6840000000e-03,7.4117328000e-01
1,685,5.6850000000e-03,7.4128183000e-01
1,686,5.6860000000e-03,7.4139033000e-01
1,687,5.6870000000e-03,7.4149878000e-01
1,688,5.6880000000e-03,7.4160719000e-01
1,689,5.6890000000e-03,7.4171555000e-01
1,690,5.6900000000e-03,7.4182386000e-01
1,691,5.6910000000e-03,7.4193213000e-01
1,692,5.6920000000e-03,7.4204035000e-01
1,693,5.6930000000e-03,7.4214853000e-01
1,694,5.6940000000e-03,7.4225665000e-01
1,695,5.6950000000e-03,7.4236473000e-01
1,696,5.6960000000e-03,7.4247276000e-01
1,697,5.6970000000e-03,7.4258073000e-01
1,698,5.6980000000e-03,7.4268866000e-01
1,699,5.6990000000e-03,7.4279654000e-01
1,700,5.7000000000e-03,7.4290437000e-01
1,701,5.7010000000e-03,7.4301215000e-01
1,702,5.7020000000e-03,7.4311987000e-01
1,703,5.7030000000e-03,7.4322755000e-01
1,704,5.7040000000e-03,7.4333517000e-01
1,705,5.7050000000e-03,7.4344274000e-01
1,706,5.7060000000e-03,7.4355025000e-01
1,707,5.7070000000e-03,7.4365771000e-01
1,708,5.7080000000e-03,7.4376512000e-01
1,709,5.7090000000e-03,7.4387247000e-01
1,710,5.7100000000e-03,7.4397977000e-01
1,711,5.7110000000e-03,7.4408701000e-01
1,712,5.7120000000e-03,7.4419420000e-01
1,713,5.7130000000e-03,7.4430133000e-01
1,714,5.7140000000e-03,7.4440840000e-01
1,715,5.7150000000e-03,7.4451541000e-01
1,716,5.7160000000e-03,7.4462236000e-01
1,717,5.7170000000e-03,7.4472926000e-01
1,718,5.7180000000e-03,7.4483609000e-01
1,719,5.7190000000e-03,7.4494287000e-01
1,720,5.7200000000e-03,7.4504958000e-01
1,721,5.7210000000e-03,7.4515624000e-01
1,722,5.7220000000e-03,7.4526283000e-01
1,723,5.7230000000e-03,7.4536936000e-01
1,724,5.7240000000e-03,7.4547582000e-01
1,725,5.7250000000e-03,7.4558222000e-01
1,726,5.7260000000e-03,7.4568856000e-01
1,727,5.7270000000e-03,7.4579483000e-01
1,728,5.7280000000e-03,7.4590104000e-01
1,729,5.7290000000e-03,7.4600717000e-01
1,730,5.7300000000e-03,7.4611325000e-01
1,731,5.7310000000e-03,7.4621925000e-01
1,732,5.7320000000e-03,7.4632518000e-01
1,733,5.7330000000e-03,7.4643104000e-01
1,734,5.7340000000e-03,7.4653683000e-01
1,735,5.7350000000e-03,7.4664255000e-01
1,736,5.7360000000e-03,7.4674820000e-01
1,737,5.7370000000e-03,7.4685377000e-01
1,738,5.7380000000e-03,7.4695927000e-01
1,739,5.7390000000e-03,7.4706469000e-01
1,740,5.7400000000e-03,7.4717004000e-01
1,741,5.7410000000e-03,7.4727531000e-01
1,742,5.7420000000e-03,7.4738050000e-01
1,743,5.7430000000e-03,7.4748562000e-01
1,744,5.7440000000e-03,7.4759065000e-01
1,745,5.7450000000e-03,7.4769561000e-01
1,746,5.7460000000e-03,7.4780048000e-01
1,747,5.7470000000e-03,7.4790527000e-01
1,748,5.7480000000e-03,7.4800997000e-01
1,749,5.7490000000e-03,7.4811459000e-01
1,750,5.7500000000e-03,7.4821912000e-01
1,751,5.7510000000e-03,7.4832357000e-01
1,752,5.7520000000e-03,7.4842793000e-01
1,753,5.7530000000e-03,7.4853219000e-01
1,754,5.7540000000e-03,7.4863637000e-01
1,755,5.7550000000e-03,7.4874045000e-01
1,756,5.7560000000e-03,7.4884444000e-01
1,757,5.7570000000e-03,7.4894834000e-01
1,758,5.7580000000e-03,7.4905214000e-01
1,759,5.7590000000e-03,7.4915584000e-01
1,760,5.7600000000e-03,7.4925945000e-01
1,761,5.7610000000e-03,7.4936295000e-01
1,762,5.7620000000e-03,7.4946635000e-01
1,763,5.7630000000e-03,7.4956965000e-01
1,764,5.7640000000e-03,7.4967285000e-01
1,765,5.7650000000e-03,7.4977593000e-01
1,766,5.7660000000e-03,7.4987891000e-01
1,767,5.7670000000e-03,7.4998177000e-01
1,768,5.7680000000e-03,7.5008453000e-01
1,769,5.7690000000e-03,7.5018717000e-01
1,770,5.7700000000e-03,7.5028969000e-01
1,771,5.7710000000e-03,7.5039209000e-01
1,772,5.7720000000e-03,7.5049437000e-01
1,773,5.7730000000e-03,7.5059654000e-01
1,774,5.7740000000e-03,7.5069857000e-01
1,775,5.7750000000e-03,7.5080048000e-01
1,776,5.7760000000e-03,7.5090226000e-01
1,777,5.7770000000e-03,7.5100391000e-01
1,778,5.7780000000e-03,7.5110543000e-01
1,779,5.7790000000e-03,7.5120681000e-01
1,780,5.7800000000e-03,7.5130805000e-01
1,781,5.7810000000e-03,7.5140915000e-01
1,782,5.7820000000e-03,7.5151010000e-01
1,783,5.7830000000e-03,7.5161090000e-01
1,784,5.7840000000e-03,7.5171156000e-01
1,785,5.7850000000e-03,7.5181206000e-01
1,786,5.7860000000e-03,7.5191240000e-01
1,787,5.7870000000e-03,7.5201258000e-01
1,788,5.7880000000e-03,7.5211259000e-01
1,789,5.7890000000e-03,7.5221244000e-01
1,790,5.7900000000e-03,7.5231212000e-01
1,791,5.7910000000e-03,7.5241162000e-01
1,792,5.7920000000e-03,7.5251094000e-01
1,793,5.7930000000e-03,7.5261007000e-01
1,794,5.7940000000e-03,7.5270902000e-01
1,795,5.7950000000e-03,7.5280778000e-01
1,796,5.7960000000e-03,7.5290634000e-01
1,797,5.7970000000e-03,7.5300469000e-01
1,798,5.7980000000e-03,7.5310284000e-01
1,799,5.7990000000e-03,7.5320078000e-01
1,800,5.8000000000e-03,7.5329850000e-01
1,801,5.8010000000e-03,7.5339600000e-01
1,802,5.8020000000e-03,7.5349327000e-01
1,803,5.8030000000e-03,7.5359031000e-01
1,804,5.8040000000e-03,7.5368710000e-01
1,805,5.8050000000e-03,7.5378364000e-01
1,806,5.8060000000e-03,7.5387992000e-01
1,807,5.8070000000e-03,7.5397594000e-01
1,808,5.8080000000e-03,7.5407169000e-01
1,809,5.8090000000e-03,7.5416715000e-01
1,810,5.8100000000e-03,7.5426232000e-01
1,811,5.8110000000e-03,7.5435719000e-01
1,812,5.8120000000e-03,7.5445174000e-01
1,813,5.8130000000e-03,7.5454598000e-01
1,814,5.8140000000e-03,7.5463987000e-01
1,815,5.8150000000e-03,7.5473343000e-01
1,816,5.8160000000e-03,7.5482662000e-01
1,817,5.8170000000e-03,7.5491945000e-01
1,818,5.8180000000e-03,7.5501189000e-01
1,819,5.8190000000e-03,7.5510392000e-01
1,820,5.8200000000e-03,7.5519555000e-01
1,821,5.8210000000e-03,7.5528674000e-01
1,822,5.8220000000e-03,7.5537748000e-01
1,823,5.8230000000e-03,7.5546774000e-01
1,824,5.8240000000e-03,7.5555752000e-01
1,825,5.8250000000e-03,7.5564679000e-01
1,826,5.8260000000e-03,7.5573551000e-01
1,827,5.8270000000e-03,7.5582368000e-01
1,828,5.8280000000e-03,7.5591125000e-01
1,829,5.8290000000e-03,7.5599819000e-01
1,830,5.8300000000e-03,7.5608448000e-01
1,831,5.8310000000e-03,7.5617008000e-01
1,832,5.8320000000e-03,7.5625495000e-01
1,833,5.8330000000e-03,7.5633904000e-01
1,834,5.8340000000e-03,7.5642231000e-01
1,835,5.8350000000e-03,7.5650471000e-01
1,836,5.8360000000e-03,7.5658618000e-01
1,837,5.8370000000e-03,7.5666665000e-01
1,838,5.8380000000e-03,7.5674607000e-01
1,839,5.8390000000e-03,7.5682435000e-01
1,840,5.8400000000e-03,7.5690140000e-01
1,841,5.8410000000e-03,7.5697714000e-01
1,842,5.8420000000e-03,7.5705144000e-01
1,843,5.8430000000e-03,7.5712419000e-01
1,844,5.8440000000e-03,7.5719524000e-01
1,845,5.8450000000e-03,7.5726443000e-01
1,846,5.8460000000e-03,7.5733156000e-01
1,847,5.8470000000e-03,7.5739643000e-01
1,848,5.8480000000e-03,7.5745229000e-01
1,849,5.8490000000e-03,7.5750811000e-01
1,850,5.8500000000e-03,7.5756046000e-01
1,851,5.8510000000e-03,7.5760974000e-01
1,852,5.8520000000e-03,7.5765562000e-01
1,853,5.8530000000e-03,7.5769750000e-01
1,854,5.8540000000e-03,7.5773461000e-01
1,855,5.8550000000e-03,7.5775460000e-01
1,856,5.8560000000e-03,7.5777111000e-01
1,857,5.8570000000e-03,7.5777849000e-01
1,858,5.8580000000e-03,7.5777552000e-01
1,859,5.8590000000e-03,7.5774980000e-01
1,860,5.8600000000e-03,7.5771191000e-01
1,861,5.8610000000e-03,7.5765178000e-01
1,862,5.8620000000e-03,7.5755193000e-01
1,863,5.8630000000e-03,7.5741987000e-01
1,864,5.8640000000e-03,7.5722086000e-01
1,865,5.8650000000e-03,7.5694569000e-01
1,866,5.8660000000e-03,7.5655161000e-01
1,867,5.8670000000e-03,7.5597590000e-01
1,868,5.8680000000e-03,7.5511117000e-01
1,869,5.8690000000e-03,7.5376981000e-01
1,870,5.8700000000e-03,7.5162386000e-01
1,871,5.8710000000e-03,7.4818347000e-01
1,872,5.8720000000e-03,7.4313807000e-01
1,873,5.8730000000e-03,7.3727044000e-01
1,874,5.8740000000e-03,7.3090655000e-01
1,875,5.8750000000e-03,7.2440295000e-01
1,876,5.8760000000e-03,7.1800594000e-01
1,877,5.8770000000e-03,7.1165238000e-01
1,878,5.8780000000e-03,7.0533824000e-01
1,879,5.8790000000e-03,6.9903924000e-01
1,880,5.8800000000e-03,6.9287543000e-01
1,881,5.8810000000e-03,6.8682065000e-01
1,882,5.8820000000e-03,6.8081445000e-01
1,883,5.8830000000e-03,6.7483248000e-01
1,884,5.8840000000e-03,6.6878126000e-01
1,885,5.8850000000e-03,6.6288828000e-01
1,886,5.8860000000e-03,6.5684986000e-01
1,887,5.8870000000e-03,6.5101021000e-01
1,888,5.8880000000e-03,6.4500262000e-01
1,889,5.8890000000e-03,6.3918098000e-01
1,890,5.8900000000e-03,6.3324967000e-01
1,891,5.8910000000e-03,6.2732595000e-01
1,892,5.8920000000e-03,6.2146339000e-01
1,893,5.8930000000e-03,6.1541311000e-01
1,894,5.8940000000e-03,6.0959158000e-01
1,895,5.8950000000e-03,6.0357450000e-01
1,896,5.8960000000e-03,5.9772746000e-01
1,897,5.8970000000e-03,5.9178610000e-01
1,898,5.8980000000e-03,5.8581924000e-01
1,899,5.8990000000e-03,5.7990523000e-01
1,900,5.9000000000e-03,5.7388836000e-01
1,901,5.9010000000e-03,5.6800323000e-01
1,902,5.9020000000e-03,5.6204155000e-01
1,903,5.9030000000e-03,5.5613625000e-01
1,904,5.9040000000e-03,5.5021554000e-01
1,905,5.9050000000e-03,5.4425682000e-01
1,906,5.9060000000e-03,5.3832497000e-01
1,907,5.9070000000e-03,5.3235248000e-01
1,908,5.9080000000e-03,5.2641594000e-01
1,909,5.9090000000e-03,5.2047121000e-01
1,910,5.9100000000e-03,5.1452226000e-01
1,911,5.9110000000e-03,5.0861530000e-01
1,912,5.9120000000e-03,5.0266728000e-01
1,913,5.9130000000e-03,4.9679028000e-01
1,914,5.9140000000e-03,4.9084250000e-01
1,915,5.9150000000e-03,4.8497468000e-01
1,916,5.9160000000e-03,4.7904903000e-01
1,917,5.9170000000e-03,4.7317081000e-01
1,918,5.9180000000e-03,4.6728714000e-01
1,919,5.9190000000e-03,4.6138439000e-01
1,920,5.9200000000e-03,4.5554436000e-01
1,921,5.9210000000e-03,4.4962903000e-01
1,922,5.9220000000e-03,4.4376911000e-01
1,923,5.9230000000e-03,4.3786850000e-01
1,924,5.9240000000e-03,4.3195986000e-01
1,925,5.9250000000e-03,4.2608583000e-01
1,926,5.9260000000e-03,4.2017889000e-01
1,927,5.9270000000e-03,4.1433784000e-01
1,928,5.9280000000e-03,4.0842267000e-01
1,929,5.9290000000e-03,4.0264104000e-01
1,930,5.9300000000e-03,3.9677528000e-01
1,931,5.9310000000e-03,3.9098493000e-01
1,932,5.9320000000e-03,3.8513178000e-01
1,933,5.9330000000e-03,3.7929865000e-01
1,934,5.9340000000e-03,3.7344817000e-01
1,935,5.9350000000e-03,3.6759810000e-01
1,936,5.9360000000e-03,3.6177920000e-01
1,937,5.9370000000e-03,3.5591880000e-01
1,938,5.9380000000e-03,3.5012987000e-01
1,939,5.9390000000e-03,3.4424680000e-01
1,940,5.9400000000e-03,3.3846221000e-01
1,941,5.9410000000e-03,3.3265066000e-01
1,942,5.9420000000e-03,3.2682289000e-01
1,943,5.9430000000e-03,3.2108438000e-01
1,944,5.9440000000e-03,3.1518767000e-01
1,945,5.9450000000e-03,3.0949255000e-01
1,946,5.9460000000e-03,3.0364477000e-01
1,947,5.9470000000e-03,2.9790207000e-01
1,948,5.9480000000e-03,2.9217016000e-01
1,949,5.9490000000e-03,2.8626917000e-01
1,950,5.9500000000e-03,2.8060181000e-01
1,951,5.9510000000e-03,2.7470180000e-01
1,952,5.9520000000e-03,2.6900668000e-01
1,953,5.9530000000e-03,2.6314210000e-01
1,954,5.9540000000e-03,2.5728457000e-01
1,955,5.9550000000e-03,2.5145864000e-01
1,956,5.9560000000e-03,2.4542626000e-01
1,957,5.9570000000e-03,2.3955529000e-01
1,958,5.9580000000e-03,2.3344717000e-01
1,959,5.9590000000e-03,2.2750340000e-01
1,960,5.9600000000e-03,2.2131895000e-01
1,961,5.9610000000e-03,2.1522511000e-01
1,962,5.9620000000e-03,2.0888446000e-01
1,963,5.9630000000e-03,2.0257861000e-01
1,964,5.9640000000e-03,1.9600091000e-01
1,965,5.9650000000e-03,1.8935438000e-01
1,966,5.9660000000e-03,1.8241432000e-01
1,967,5.9670000000e-03,1.7528274000e-01
1,968,5.9680000000e-03,1.6781937000e-01
1,969,5.9690000000e-03,1.6004141000e-01
1,970,5.9700000000e-03,1.5188519000e-01
1,971,5.9710000000e-03,1.4313458000e-01
1,972,5.9720000000e-03,1.3354746000e-01
1,973,5.9730000000e-03,1.2287290000e-01
1,974,5.9740000000e-03,1.1043644000e-01
1,975,5.9750000000e-03,9.4643063000e-02
1,976,5.9760000000e-03,7.1604316000e-02
1,977,5.9770000000e-03,7.2092581000e-03
1,978,5.9780000000e-03,5.7222997000e-04
1,979,5.9790000000e-03,5.4992466000e-04
1,980,5.9800000000e-03,5.4724002000e-04
1,981,5.9810000000e-03,5.4681000000e-04
1,982,5.9820000000e-03,5.4685612000e-04
1,983,5.9830000000e-03,5.4689211000e-04
1,984,5.9840000000e-03,5.4692841000e-04
1,985,5.9850000000e-03,5.4696477000e-04
1,986,5.9860000000e-03,5.4700102000e-04
1,987,5.9870000000e-03,5.4703713000e-04
1,988,5.9880000000e-03,5.4707280000e-04
1,989,5.9890000000e-03,5.4710812000e-04
1,990,5.9900000000e-03,5.4714267000e-04
1,991,5.9910000000e-03,5.4717566000e-04
1,992,5.9920000000e-03,5.4717901000e-04
1,993,5.9930000000e-03,5.4717273000e-04
1,994,5.9940000000e-03,5.4710634000e-04
1,995,5.9950000000e-03,5.4698377000e-04
1,996,5.9960000000e-03,5.4685785000e-04
1,997,5.9970000000e-03,5.4673490000e-04
1,998,5.9980000000e-03,5.4661236000e-04
1,999,5.9990000000e-03,5.4648970000e-04
1,1000,6.0000000000e-03,5.4636700000e-04
1,1001,6.0010000000e-03,5.4624451000e-04
1,1002,6.0020000000e-03,5.4612174000e-04
1,1003,6.0030000000e-03,5.4599876000e-04
1,1004,6.0040000000e-03,5.4587552000e-04
1,1005,6.0050000000e-03,5.4575148000e-04
1,1006,6.0060000000e-03,5.4562333000e-04
1,1007,6.0070000000e-03,5.4549453000e-04
1,1008,6.0080000000e-03,5.4536570000e-04
1,1009,6.0090000000e-03,5.4523664000e-04
1,1010,6.0100000000e-03,5.4510742000e-04
1,1011,6.0110000000e-03,5.4497801000e-04
1,1012,6.0120000000e-03,5.4484849000e-04
1,1013,6.0130000000e-03,5.4471882000e-04
1,1014,6.0140000000e-03,5.4458905000e-04
1,1015,6.0150000000e-03,5.4445908000e-04
1,1016,6.0160000000e-03,5.4432902000e-04
1,1017,6.0170000000e-03,5.4419886000e-04
1,1018,6.0180000000e-03,5.4406864000e-04
1,1019,6.0190000000e-03,5.4393845000e-04
1,1020,6.0200000000e-03,5.4380827000e-04
1,1021,6.0210000000e-03,5.4367810000e-04
1,1022,6.0220000000e-03,5.4354795000e-04
1,1023,6.0230000000e-03,5.4341784000e-04
1,1024,6.0240000000e-03,5.4328766000e-04
1,1025,6.0250000000e-03,5.4315689000e-04
1,1026,6.0260000000e-03,5.4302607000e-04
1,1027,6.0270000000e-03,5.4289531000e-04
1,1028,6.0280000000e-03,5.4276409000e-04
1,1029,6.0290000000e-03,5.4263288000e-04
1,1030,6.0300000000e-03,5.4250173000e-04
1,1031,6.0310000000e-03,5.4237062000e-04
1,1032,6.0320000000e-03,5.4223955000e-04
1,1033,6.0330000000e-03,5.4210854000e-04
1,1034,6.0340000000e-03,5.4197757000e-04
1,1035,6.0350000000e-03,5.4184663000e-04
1,1036,6.0360000000e-03,5.4171574000e-04
1,1037,6.0370000000e-03,5.4158488000e-04
1,1038,6.0380000000e-03,5.4145405000e-04
1,1039,6.0390000000e-03,5.4132327000e-04
1,1040,6.0400000000e-03,5.4119254000e-04
1,1041,6.0410000000e-03,5.4106185000e-04
1,1042,6.0420000000e-03,5.4093122000e-04
1,1043,6.0430000000e-03,5.4080062000e-04
1,1044,6.0440000000e-03,5.4067006000e-04
1,1045,6.0450000000e-03,5.4053954000e-04
1,1046,6.0460000000e-03,5.4040908000e-04
1,1047,6.0470000000e-03,5.4027865000e-04
1,1048,6.0480000000e-03,5.4014829000e-04
1,1049,6.0490000000e-03,5.4001799000e-04
1,1050,6.0500000000e-03,5.3988774000e-04
1,1051,6.0510000000e-03,5.3975755000e-04
1,1052,6.0520000000e-03,5.3962743000e-04
1,1053,6.0530000000e-03,5.3949735000e-04
1,1054,6.0540000000e-03,5.3936733000e-04
1,1055,6.0550000000e-03,5.3923736000e-04
1,1056,6.0560000000e-03,5.3910745000e-04
1,1057,6.0570000000e-03,5.3897759000e-04
1,1058,6.0580000000e-03,5.3884779000e-04
1,1059,6.0590000000e-03,5.3871805000e-04
1,1060,6.0600000000e-03,5.3858837000e-04
1,1061,6.0610000000e-03,5.3845875000e-04
1,1062,6.0620000000e-03,5.3832919000e-04
1,1063,6.0630000000e-03,5.3819969000e-04
1,1064,6.0640000000e-03,5.3807025000e-04
1,1065,6.0650000000e-03,5.3794085000e-04
1,1066,6.0660000000e-03,5.3781151000e-04
1,1067,6.0670000000e-03,5.3768222000e-04
1,1068,6.0680000000e-03,5.3755299000e-04
1,1069,6.0690000000e-03,5.3742383000e-04
1,1070,6.0700000000e-03,5.3729472000e-04
1,1071,6.0710000000e-03,5.3716567000e-04
1,1072,6.0720000000e-03,5.3703668000e-04
1,1073,6.0730000000e-03,5.3690775000e-04
1,1074,6.0740000000e-03,5.3677888000e-04
1,1075,6.0750000000e-03,5.3665005000e-04
1,1076,6.0760000000e-03,5.3652128000e-04
1,1077,6.0770000000e-03,5.3639255000e-04
1,1078,6.0780000000e-03,5.3626388000e-04
1,1079,6.0790000000e-03,5.3613525000e-04
1,1080,6.0800000000e-03,5.3600636000e-04
1,1081,6.0810000000e-03,5.3587474000e-04
1,1082,6.0820000000e-03,5.3574147000e-04
1,1083,6.0830000000e-03,5.3560770000e-04
1,1084,6.0840000000e-03,5.3547422000e-04
1,1085,6.0850000000e-03,5.3534124000e-04
1,1086,6.0860000000e-03,5.3520862000e-04
1,1087,6.0870000000e-03,5.3507610000e-04
1,1088,6.0880000000e-03,5.3494355000e-04
1,1089,6.0890000000e-03,5.3481096000e-04
1,1090,6.0900000000e-03,5.3467838000e-04
1,1091,6.0910000000e-03,5.3454584000e-04
1,1092,6.0920000000e-03,5.3441339000e-04
1,1093,6.0930000000e-03,5.3428101000e-04
1,1094,6.0940000000e-03,5.3414869000e-04
1,1095,6.0950000000e-03,5.3401644000e-04
1,1096,6.0960000000e-03,5.3388424000e-04
1,1097,6.0970000000e-03,5.3375210000e-04
1,1098,6.0980000000e-03,5.3362002000e-04
1,1099,6.0990000000e-03,5.3348798000e-04
1,1100,6.1000000000e-03,5.3335600000e-04
1,1101,6.1010000000e-03,5.3322406000e-04
1,1102,6.1020000000e-03,5.3309218000e-04
1,1103,6.1030000000e-03,5.3296036000e-04
1,1104,6.1040000000e-03,5.3282859000e-04
1,1105,6.1050000000e-03,5.3269688000e-04
1,1106,6.1060000000e-03,5.3256522000e-04
1,1107,6.1070000000e-03,5.3243363000e-04
1,1108,6.1080000000e-03,5.3230209000e-04
1,1109,6.1090000000e-03,5.3217062000e-04
1,1110,6.1100000000e-03,5.3203920000e-04
1,1111,6.1110000000e-03,5.3190785000e-04
1,1112,6.1120000000e-03,5.3177655000e-04
1,1113,6.1130000000e-03,5.3164530000e-04
1,1114,6.1140000000e-03,5.3151410000e-04
1,1115,6.1150000000e-03,5.3138295000e-04
1,1116,6.1160000000e-03,5.3125187000e-04
1,1117,6.1170000000e-03,5.3112083000e-04
1,1118,6.1180000000e-03,5.3098985000e-04
1,1119,6.1190000000e-03,5.3085893000e-04
1,1120,6.1200000000e-03,5.3072806000e-04
1,1121,6.1210000000e-03,5.3059725000e-04
1,1122,6.1220000000e-03,5.3046651000e-04
1,1123,6.1230000000e-03,5.3033582000e-04
1,1124,6.1240000000e-03,5.3020518000e-04
1,1125,6.1250000000e-03,5.3007460000e-04
1,1126,6.1260000000e-03,5.2994409000e-04
1,1127,6.1270000000e-03,5.2981361000e-04
1,1128,6.1280000000e-03,5.2968319000e-04
1,1129,6.1290000000e-03,5.2955282000e-04
1,1130,6.1300000000e-03,5.2942250000e-04
1,1131,6.1310000000e-03,5.2929224000e-04
1,1132,6.1320000000e-03,5.2916203000e-04
1,1133,6.1330000000e-03,5.2903187000e-04
1,1134,6.1340000000e-03,5.2890177000e-04
1,1135,6.1350000000e-03,5.2877173000e-04
1,1136,6.1360000000e-03,5.2864174000e-04
1,1137,6.1370000000e-03,5.2851181000e-04
1,1138,6.1380000000e-03,5.2838193000e-04
1,1139,6.1390000000e-03,5.2825209000e-04
1,1140,6.1400000000e-03,5.2812232000e-04
1,1141,6.1410000000e-03,5.2799260000e-04
1,1142,6.1420000000e-03,5.2786293000e-04
1,1143,6.1430000000e-03,5.2773331000e-04
1,1144,6.1440000000e-03,5.2760375000e-04
1,1145,6.1450000000e-03,5.2747424000e-04
1,1146,6.1460000000e-03,5.2734479000e-04
1,1147,6.1470000000e-03,5.2721540000e-04
1,1148,6.1480000000e-03,5.2708605000e-04
1,1149,6.1490000000e-03,5.2695677000e-04
1,1150,6.1500000000e-03,5.2682754000e-04
1,1151,6.1510000000e-03,5.2669837000e-04
1,1152,6.1520000000e-03,5.2656926000e-04
1,1153,6.1530000000e-03,5.2644019000e-04
1,1154,6.1540000000e-03,5.2631119000e-04
1,1155,6.1550000000e-03,5.2618223000e-04
1,1156,6.1560000000e-03,5.2605333000e-04
1,1157,6.1570000000e-03,5.2592449000e-04
1,1158,6.1580000000e-03,5.2579571000e-04
1,1159,6.1590000000e-03,5.2566699000e-04
1,1160,6.1600000000e-03,5.2553833000e-04
1,1161,6.1610000000e-03,5.2540972000e-04
1,1162,6.1620000000e-03,5.2528118000e-04
1,1163,6.1630000000e-03,5.2515270000e-04
1,1164,6.1640000000e-03,5.2502427000e-04
1,1165,6.1650000000e-03,5.2489591000e-04
1,1166,6.1660000000e-03,5.2476761000e-04
1,1167,6.1670000000e-03,5.2463936000e-04
1,1168,6.1680000000e-03,5.2451118000e-04
1,1169,6.1690000000e-03,5.2438305000e-04
1,1170,6.1700000000e-03,5.2425497000e-04
1,1171,6.1710000000e-03,5.2412695000e-04
1,1172,6.1720000000e-03,5.2399898000e-04
1,1173,6.1730000000e-03,5.2387105000e-04
1,1174,6.1740000000e-03,5.2374318000e-04
1,1175,6.1750000000e-03,5.2361537000e-04
1,1176,6.1760000000e-03,5.2348761000e-04
1,1177,6.1770000000e-03,5.2335991000e-04
1,1178,6.1780000000e-03,5.2323226000e-04
1,1179,6.1790000000e-03,5.2310467000e-04
1,1180,6.1800000000e-03,5.2297714000e-04
1,1181,6.1810000000e-03,5.2284966000e-04
1,1182,6.1820000000e-03,5.2272224000e-04
1,1183,6.1830000000e-03,5.2259488000e-04
1,1184,6.1840000000e-03,5.2246758000e-04
1,1185,6.1850000000e-03,5.2234033000e-04
1,1186,6.1860000000e-03,5.2221313000e-04
1,1187,6.1870000000e-03,5.2208600000e-04
1,1188,6.1880000000e-03,5.2195892000e-04
1,1189,6.1890000000e-03,5.2183189000e-04
1,1190,6.1900000000e-03,5.2170492000e-04
1,1191,6.1910000000e-03,5.2157801000e-04
1,1192,6.1920000000e-03,5.2145114000e-04
1,1193,6.1930000000e-03,5.2132432000e-04
1,1194,6.1940000000e-03,5.2119757000e-04
1,1195,6.1950000000e-03,5.2107088000e-04
1,1196,6.1960000000e-03,5.2094424000e-04
1,1197,6.1970000000e-03,5.2081767000e-04
1,1198,6.1980000000e-03,5.2069115000e-04
1,1199,6.1990000000e-03,5.2056468000e-04
1,1200,6.2000000000e-03,5.2043828000e-04
1,1201,6.2010000000e-03,5.2031194000e-04
1,1202,6.2020000000e-03,5.2018565000e-04
1,1203,6.2030000000e-03,5.2005943000e-04
1,1204,6.2040000000e-03,5.1993326000e-04
1,1205,6.2050000000e-03,5.1980714000e-04
1,1206,6.2060000000e-03,5.1968108000e-04
1,1207,6.2070000000e-03,5.1955508000e-04
1,1208,6.2080000000e-03,5.1942913000e-04
1,1209,6.2090000000e-03,5.1930321000e-04
1,1210,6.2100000000e-03,5.1917734000e-04
1,1211,6.2110000000e-03,5.1905152000e-04
1,1212,6.2120000000e-03,5.1892572000e-04
1,1213,6.2130000000e-03,5.1879997000e-04
1,1214,6.2140000000e-03,5.1867429000e-04
1,1215,6.2150000000e-03,5.1854866000e-04
1,1216,6.2160000000e-03,5.1842305000e-04
1,1217,6.2170000000e-03,5.1829749000e-04
1,1218,6.2180000000e-03,5.1817200000e-04
1,1219,6.2190000000e-03,5.1804653000e-04
1,1220,6.2200000000e-03,5.1792111000e-04
1,1221,6.2210000000e-03,5.1779575000e-04
1,1222,6.2220000000e-03,5.1767045000e-04
1,1223,6.2230000000e-03,5.1754519000e-04
1,1224,6.2240000000e-03,5.1741998000e-04
1,1225,6.2250000000e-03,5.1729483000e-04
1,1226,6.2260000000e-03,5.1716972000e-04
1,1227,6.2270000000e-03,5.1704466000e-04
1,1228,6.2280000000e-03,5.1691966000e-04
1,1229,6.2290000000e-03,5.1679472000e-04
1,1230,6.2300000000e-03,5.1666983000e-04
1,1231,6.2310000000e-03,5.1654498000e-04
1,1232,6.2320000000e-03,5.1642019000e-04
1,1233,6.2330000000e-03,5.1629545000e-04
1,1234,6.2340000000e-03,5.1617075000e-04
1,1235,6.2350000000e-03,5.1604611000e-04
1,1236,6.2360000000e-03,5.1592153000e-04
1,1237,6.2370000000e-03,5.1579701000e-04
1,1238,6.2380000000e-03,5.1567251000e-04
1,1239,6.2390000000e-03,5.1554807000e-04
1,1240,6.2400000000e-03,5.1542370000e-04
1,1241,6.2410000000e-03,5.1529934000e-04
1,1242,6.2420000000e-03,5.1517505000e-04
1,1243,6.2430000000e-03,5.1505081000e-04
1,1244,6.2440000000e-03,5.1492663000e-04
1,1245,6.2450000000e-03,5.1480250000e-04
1,1246,6.2460000000e-03,5.1467840000e-04
1,1247,6.2470000000e-03,5.1455437000e-04
1,1248,6.2480000000e-03,5.1443039000e-04
1,1249,6.2490000000e-03,5.1430646000e-04
1,1250,6.2500000000e-03,5.1418258000e-04
1,1251,6.2510000000e-03,5.1405876000e-04
1,1252,6.2520000000e-03,5.1393499000e-04
1,1253,6.2530000000e-03,5.1381129000e-04
1,1254,6.2540000000e-03,5.1368764000e-04
1,1255,6.2550000000e-03,5.1356404000e-04
1,1256,6.2560000000e-03,5.1344050000e-04
1,1257,6.2570000000e-03,5.1331702000e-04
1,1258,6.2580000000e-03,5.1319359000e-04
1,1259,6.2590000000e-03,5.1307022000e-04
1,1260,6.2600000000e-03,5.1294691000e-04
1,1261,6.2610000000e-03,5.1282366000e-04
1,1262,6.2620000000e-03,5.1270045000e-04
1,1263,6.2630000000e-03,5.1257730000e-04
1,1264,6.2640000000e-03,5.1245420000e-04
1,1265,6.2650000000e-03,5.1233114000e-04
1,1266,6.2660000000e-03,5.1220813000e-04
1,1267,6.2670000000e-03,5.1208519000e-04
1,1268,6.2680000000e-03,5.1196230000e-04
1,1269,6.2690000000e-03,5.1183946000e-04
1,1270,6.2700000000e-03,5.1171666000e-04
1,1271,6.2710000000e-03,5.1159392000e-04
1,1272,6.2720000000e-03,5.1147123000e-04
1,1273,6.2730000000e-03,5.1134860000e-04
1,1274,6.2740000000e-03,5.1122601000e-04
1,1275,6.2750000000e-03,5.1110347000e-04
1,1276,6.2760000000e-03,5.1098099000e-04
1,1277,6.2770000000e-03,5.1085857000e-04
1,1278,6.2780000000e-03,5.1073620000e-04
1,1279,6.2790000000e-03,5.1061388000e-04
1,1280,6.2800000000e-03,5.1049161000e-04
1,1281,6.2810000000e-03,5.1036941000e-04
1,1282,6.2820000000e-03,5.1024725000e-04
1,1283,6.2830000000e-03,5.1012514000e-04
1,1284,6.2840000000e-03,5.1000308000e-04
1,1285,6.2850000000e-03,5.0988109000e-04
1,1286,6.2860000000e-03,5.0975916000e-04
1,1287,6.2870000000e-03,5.0963727000e-04
1,1288,6.2880000000e-03,5.0951542000e-04
1,1289,6.2890000000e-03,5.0939363000e-04
1,1290,6.2900000000e-03,5.0927189000e-04
1,1291,6.2910000000e-03,5.0915019000e-04
1,1292,6.2920000000e-03,5.0902854000e-04
1,1293,6.2930000000e-03,5.0890696000e-04
1,1294,6.2940000000e-03,5.0878543000e-04
1,1295,6.2950000000e-03,5.0866395000e-04
1,1296,6.2960000000e-03,5.0854249000e-04
1,1297,6.2970000000e-03,5.0842110000e-04
1,1298,6.2980000000e-03,5.0829976000e-04
1,1299,6.2990000000e-03,5.0817846000e-04
1,1300,6.3000000000e-03,5.0805720000e-04
1,1301,6.3010000000e-03,5.0793600000e-04
1,1302,6.3020000000e-03,5.0781485000e-04
1,1303,6.3030000000e-03,5.0769376000e-04
1,1304,6.3040000000e-03,5.0757271000e-04
1,1305,6.3050000000e-03,5.0745170000e-04
1,1306,6.3060000000e-03,5.0733075000e-04
1,1307,6.3070000000e-03,5.0720985000e-04
1,1308,6.3080000000e-03,5.0708901000e-04
1,1309,6.3090000000e-03,5.0696820000e-04
1,1310,6.3100000000e-03,5.0684745000e-04
1,1311,6.3110000000e-03,5.0672675000e-04
1,1312,6.3120000000e-03,5.0660610000e-04
1,1313,6.3130000000e-03,5.0648552000e-04
1,1314,6.3140000000e-03,5.0636499000e-04
1,1315,6.3150000000e-03,5.0624450000e-04
1,1316,6.3160000000e-03,5.0612406000e-04
1,1317,6.3170000000e-03,5.0600369000e-04
1,1318,6.3180000000e-03,5.0588336000e-04
1,1319,6.3190000000e-03,5.0576307000e-04
1,1320,6.3200000000e-03,5.0564285000e-04
1,1321,6.3210000000e-03,5.0552268000e-04
1,1322,6.3220000000e-03,5.0540257000e-04
1,1323,6.3230000000e-03,5.0528251000e-04
1,1324,6.3240000000e-03,5.0516248000e-04
1,1325,6.3250000000e-03,5.0504250000e-04
1,1326,6.3260000000e-03,5.0492258000e-04
1,1327,6.3270000000e-03,5.0480270000e-04
1,1328,6.3280000000e-03,5.0468285000e-04
1,1329,6.3290000000e-03,5.0456306000e-04
1,1330,6.3300000000e-03,5.0444332000e-04
1,1331,6.3310000000e-03,5.0432364000e-04
1,1332,6.3320000000e-03,5.0420402000e-04
1,1333,6.3330000000e-03,5.0408444000e-04
1,1334,6.3340000000e-03,5.0396489000e-04
1,1335,6.3350000000e-03,5.0384540000e-04
1,1336,6.3360000000e-03,5.0372597000e-04
1,1337,6.3370000000e-03,5.0360660000e-04
1,1338,6.3380000000e-03,5.0348727000e-04
1,1339,6.3390000000e-03,5.0336798000e-04
1,1340,6.3400000000e-03,5.0324874000e-04
1,1341,6.3410000000e-03,5.0312957000e-04
1,1342,6.3420000000e-03,5.0301045000e-04
1,1343,6.3430000000e-03,5.0289138000e-04
1,1344,6.3440000000e-03,5.0277237000e-04
1,1345,6.3450000000e-03,5.0265340000e-04
1,1346,6.3460000000e-03,5.0253449000e-04
1,1347,6.3470000000e-03,5.0241563000e-04
1,1348,6.3480000000e-03,5.0229682000e-04
1,1349,6.3490000000e-03,5.0217805000e-04
1,1350,6.3500000000e-03,5.0205934000e-04
1,1351,6.3510000000e-03,5.0194069000e-04
1,1352,6.3520000000e-03,5.0182209000e-04
1,1353,6.3530000000e-03,5.0170355000e-04
1,1354,6.3540000000e-03,5.0158504000e-04
1,1355,6.3550000000e-03,5.0146657000e-04
1,1356,6.3560000000e-03,5.0134816000e-04
1,1357,6.3570000000e-03,5.0122981000e-04
1,1358,6.3580000000e-03,5.0111149000e-04
1,1359,6.3590000000e-03,5.0099320000e-04
1,1360,6.3600000000e-03,5.0087498000e-04
1,1361,6.3610000000e-03,5.0075680000e-04
1,1362,6.3620000000e-03,5.0063869000e-04
1,1363,6.3630000000e-03,5.0052063000e-04
1,1364,6.3640000000e-03,5.0040261000e-04
1,1365,6.3650000000e-03,5.0028464000e-04
1,1366,6.3660000000e-03,5.0016672000e-04
1,1367,6.3670000000e-03,5.0004886000e-04
1,1368,6.3680000000e-03,4.9993105000e-04
1,1369,6.3690000000e-03,4.9981329000e-04
1,1370,6.3700000000e-03,4.9969557000e-04
1,1371,6.3710000000e-03,4.9957790000e-04
1,1372,6.3720000000e-03,4.9946030000e-04
1,1373,6.3730000000e-03,4.9934274000e-04
1,1374,6.3740000000e-03,4.9922525000e-04
1,1375,6.3750000000e-03,4.9910780000e-04
1,1376,6.3760000000e-03,4.9899038000e-04
1,1377,6.3770000000e-03,4.9887302000e-04
1,1378,6.3780000000e-03,4.9875572000e-04
1,1379,6.3790000000e-03,4.9863847000e-04
1,1380,6.3800000000e-03,4.9852124000e-04
1,1381,6.3810000000e-03,4.9840407000e-04
1,1382,6.3820000000e-03,4.9828695000e-04
1,1383,6.3830000000e-03,4.9816989000e-04
1,1384,6.3840000000e-03,4.9805288000e-04
1,1385,6.3850000000e-03,4.9793593000e-04
1,1386,6.3860000000e-03,4.9781900000e-04
1,1387,6.3870000000e-03,4.9770211000e-04
1,1388,6.3880000000e-03,4.9758528000e-04
1,1389,6.3890000000e-03,4.9746850000e-04
1,1390,6.3900000000e-03,4.9735178000e-04
1,1391,6.3910000000e-03,4.9723508000e-04
1,1392,6.3920000000e-03,4.9711843000e-04
1,1393,6.3930000000e-03,4.9700184000e-04
1,1394,6.3940000000e-03,4.9688530000e-04
1,1395,6.3950000000e-03,4.9676881000e-04
1,1396,6.3960000000e-03,4.9665238000e-04
1,1397,6.3970000000e-03,4.9653600000e-04
1,1398,6.3980000000e-03,4.9641965000e-04
1,1399,6.3990000000e-03,4.9630336000e-04
1,1400,6.4000000000e-03,4.9618713000e-04
1,1401,6.4010000000e-03,4.9607095000e-04
1,1402,6.4020000000e-03,4.9595482000e-04
1,1403,6.4030000000e-03,4.9583873000e-04
1,1404,6.4040000000e-03,4.9572270000e-04
1,1405,6.4050000000e-03,4.9560672000e-04
1,1406,6.4060000000e-03,4.9549080000e-04
1,1407,6.4070000000e-03,4.9537492000e-04
1,1408,6.4080000000e-03,4.9525911000e-04
1,1409,6.4090000000e-03,4.9514335000e-04
1,1410,6.4100000000e-03,4.9502763000e-04
1,1411,6.4110000000e-03,4.9491196000e-04
1,1412,6.4120000000e-03,4.9479634000e-04
1,1413,6.4130000000e-03,4.9468078000e-04
1,1414,6.4140000000e-03,4.9456528000e-04
1,1415,6.4150000000e-03,4.9444982000e-04
1,1416,6.4160000000e-03,4.9433441000e-04
1,1417,6.4170000000e-03,4.9421905000e-04
1,1418,6.4180000000e-03,4.9410375000e-04
1,1419,6.4190000000e-03,4.9398850000e-04
1,1420,6.4200000000e-03,4.9387330000e-04
1,1421,6.4210000000e-03,4.9375816000e-04
1,1422,6.4220000000e-03,4.9364307000e-04
1,1423,6.4230000000e-03,4.9352803000e-04
1,1424,6.4240000000e-03,4.9341304000e-04
1,1425,6.4250000000e-03,4.9329811000e-04
1,1426,6.4260000000e-03,4.9318323000e-04
1,1427,6.4270000000e-03,4.9306840000e-04
1,1428,6.4280000000e-03,4.9295362000e-04
1,1429,6.4290000000e-03,4.9283889000e-04
1,1430,6.4300000000e-03,4.9272421000e-04
1,1431,6.4310000000e-03,4.9260959000e-04
1,1432,6.4320000000e-03,4.9249503000e-04
1,1433,6.4330000000e-03,4.9238051000e-04
1,1434,6.4340000000e-03,4.9226603000e-04
1,1435,6.4350000000e-03,4.9215161000e-04
1,1436,6.4360000000e-03,4.9203725000e-04
1,1437,6.4370000000e-03,4.9192293000e-04
1,1438,6.4380000000e-03,4.9180865000e-04
1,1439,6.4390000000e-03,4.9169443000e-04
1,1440,6.4400000000e-03,4.9158026000e-04
1,1441,6.4410000000e-03,4.9146614000e-04
1,1442,6.4420000000e-03,4.9135208000e-04
1,1443,6.4430000000e-03,4.9123807000e-04
1,1444,6.4440000000e-03,4.9112409000e-04
1,1445,6.4450000000e-03,4.9101015000e-04
1,1446,6.4460000000e-03,4.9089625000e-04
1,1447,6.4470000000e-03,4.9078242000e-04
1,1448,6.4480000000e-03,4.9066863000e-04
1,1449,6.4490000000e-03,4.9055487000e-04
1,1450,6.4500000000e-03,4.9044113000e-04
1,1451,6.4510000000e-03,4.9032744000e-04
1,1452,6.4520000000e-03,4.9021380000e-04
1,1453,6.4530000000e-03,4.9010022000e-04
1,1454,6.4540000000e-03,4.8998669000e-04
1,1455,6.4550000000e-03,4.8987322000e-04
1,1456,6.4560000000e-03,4.8975979000e-04
1,1457,6.4570000000e-03,4.8964635000e-04
1,1458,6.4580000000e-03,4.8953293000e-04
1,1459,6.4590000000e-03,4.8941956000e-04
1,1460,6.4600000000e-03,4.8930625000e-04
1,1461,6.4610000000e-03,4.8919299000e-04
1,1462,6.4620000000e-03,4.8907978000e-04
1,1463,6.4630000000e-03,4.8896652000e-04
1,1464,6.4640000000e-03,4.8885330000e-04
1,1465,6.4650000000e-03,4.8874013000e-04
1,1466,6.4660000000e-03,4.8862701000e-04
1,1467,6.4670000000e-03,4.8851395000e-04
1,1468,6.4680000000e-03,4.8840094000e-04
1,1469,6.4690000000e-03,4.8828798000e-04
1,1470,6.4700000000e-03,4.8817502000e-04
1,1471,6.4710000000e-03,4.8806205000e-04
1,1472,6.4720000000e-03,4.8794913000e-04
1,1473,6.4730000000e-03,4.8783626000e-04
1,1474,6.4740000000e-03,4.8772344000e-04
1,1475,6.4750000000e-03,4.8761068000e-04
1,1476,6.4760000000e-03,4.8749792000e-04
1,1477,6.4770000000e-03,4.8738512000e-04
1,1478,6.4780000000e-03,4.8727239000e-04
1,1479,6.4790000000e-03,4.8715971000e-04
1,1480,6.4800000000e-03,4.8704708000e-04
1,1481,6.4810000000e-03,4.8693450000e-04
1,1482,6.4820000000e-03,4.8682198000e-04
1,1483,6.4830000000e-03,4.8670951000e-04
1,1484,6.4840000000e-03,4.8659702000e-04
1,1485,6.4850000000e-03,4.8648451000e-04
1,1486,6.4860000000e-03,4.8637205000e-04
1,1487,6.4870000000e-03,4.8625965000e-04
1,1488,6.4880000000e-03,4.8614730000e-04
1,1489,6.4890000000e-03,4.8603500000e-04
1,1490,6.4900000000e-03,4.8592272000e-04
1,1491,6.4910000000e-03,4.8581035000e-04
1,1492,6.4920000000e-03,4.8569805000e-04
1,1493,6.4930000000e-03,4.8558581000e-04
1,1494,6.4940000000e-03,4.8547362000e-04
1,1495,6.4950000000e-03,4.8536149000e-04
1,1496,6.4960000000e-03,4.8524941000e-04
1,1497,6.4970000000e-03,4.8513738000e-04
1,1498,6.4980000000e-03,4.8502534000e-04
1,1499,6.4990000000e-03,4.8491322000e-04
1,1500,6.5000000000e-03,4.8480117000e-04
1,1501,6.5010000000e-03,4.8468919000e-04
1,1502,6.5020000000e-03,4.8457725000e-04
1,1503,6.5030000000e-03,4.8446537000e-04
1,1504,6.5040000000e-03,4.8435342000e-04
1,1505,6.5050000000e-03,4.8424146000e-04
1,1506,6.5060000000e-03,4.8412955000e-04
1,1507,6.5070000000e-03,4.8401770000e-04
1,1508,6.5080000000e-03,4.8390590000e-04
1,1509,6.5090000000e-03,4.8379415000e-04
1,1510,6.5100000000e-03,4.8368245000e-04
1,1511,6.5110000000e-03,4.8357080000e-04
1,1512,6.5120000000e-03,4.8345916000e-04
1,1513,6.5130000000e-03,4.8334741000e-04
1,1514,6.5140000000e-03,4.8323571000e-04
1,1515,6.5150000000e-03,4.8312407000e-04
1,1516,6.5160000000e-03,4.8301248000e-04
1,1517,6.5170000000e-03,4.8290094000e-04
1,1518,6.5180000000e-03,4.8278945000e-04
1,1519,6.5190000000e-03,4.8267782000e-04
1,1520,6.5200000000e-03,4.8256622000e-04
1,1521,6.5210000000e-03,4.8245467000e-04
1,1522,6.5220000000e-03,4.8234318000e-04
1,1523,6.5230000000e-03,4.8223174000e-04
1,1524,6.5240000000e-03,4.8212035000e-04
1,1525,6.5250000000e-03,4.8200901000e-04
1,1526,6.5260000000e-03,4.8189772000e-04
1,1527,6.5270000000e-03,4.8178647000e-04
1,1528,6.5280000000e-03,4.8167507000e-04
1,1529,6.5290000000e-03,4.8156373000e-04
1,1530,6.5300000000e-03,4.8145244000e-04
1,1531,6.5310000000e-03,4.8134120000e-04
1,1532,6.5320000000e-03,4.8123002000e-04
1,1533,6.5330000000e-03,4.8111888000e-04
1,1534,6.5340000000e-03,4.8100773000e-04
1,1535,6.5350000000e-03,4.8089649000e-04
1,1536,6.5360000000e-03,4.8078530000e-04
1,1537,6.5370000000e-03,4.8067417000e-04
1,1538,6.5380000000e-03,4.8056308000e-04
1,1539,6.5390000000e-03,4.8045205000e-04
1,1540,6.5400000000e-03,4.8034107000e-04
1,1541,6.5410000000e-03,4.8023014000e-04
1,1542,6.5420000000e-03,4.8011926000e-04
1,1543,6.5430000000e-03,4.8000834000e-04
1,1544,6.5440000000e-03,4.7989736000e-04
1,1545,6.5450000000e-03,4.7978644000e-04
1,1546,6.5460000000e-03,4.7967556000e-04
1,1547,6.5470000000e-03,4.7956474000e-04
1,1548,6.5480000000e-03,4.7945397000e-04
1,1549,6.5490000000e-03,4.7934325000e-04
1,1550,6.5500000000e-03,4.7923239000e-04
1,1551,6.5510000000e-03,4.7912157000e-04
1,1552,6.5520000000e-03,4.7901080000e-04
1,1553,6.5530000000e-03,4.7890008000e-04
1,1554,6.5540000000e-03,4.7878941000e-04
1,1555,6.5550000000e-03,4.7867879000e-04
1,1556,6.5560000000e-03,4.7856822000e-04
1,1557,6.5570000000e-03,4.7845771000e-04
1,1558,6.5580000000e-03,4.7834725000e-04
1,1559,6.5590000000e-03,4.7823664000e-04
1,1560,6.5600000000e-03,4.7812606000e-04
1,1561,6.5610000000e-03,4.7801553000e-04
1,1562,6.5620000000e-03,4.7790505000e-04
1,1563,6.5630000000e-03,4.7779462000e-04
1,1564,6.5640000000e-03,4.7768425000e-04
1,1565,6.5650000000e-03,4.7757392000e-04
1,1566,6.5660000000e-03,4.7746343000e-04
1,1567,6.5670000000e-03,4.7735299000e-04
1,1568,6.5680000000e-03,4.7724261000e-04
1,1569,6.5690000000e-03,4.7713227000e-04
1,1570,6.5700000000e-03,4.7702199000e-04
1,1571,6.5710000000e-03,4.7691175000e-04
1,1572,6.5720000000e-03,4.7680157000e-04
1,1573,6.5730000000e-03,4.7669144000e-04
1,1574,6.5740000000e-03,4.7658136000e-04
1,1575,6.5750000000e-03,4.7647121000e-04
1,1576,6.5760000000e-03,4.7636104000e-04
1,1577,6.5770000000e-03,4.7625092000e-04
1,1578,6.5780000000e-03,4.7614085000e-04
1,1579,6.5790000000e-03,4.7603084000e-04
1,1580,6.5800000000e-03,4.7592087000e-04
1,1581,6.5810000000e-03,4.7581096000e-04
1,1582,6.5820000000e-03,4.7570102000e-04
1,1583,6.5830000000e-03,4.7559101000e-04
1,1584,6.5840000000e-03,4.7548107000e-04
1,1585,6.5850000000e-03,4.7537117000e-04
1,1586,6.5860000000e-03,4.7526132000e-04
1,1587,6.5870000000e-03,4.7515153000e-04
1,1588,6.5880000000e-03,4.7504179000e-04
1,1589,6.5890000000e-03,4.7493209000e-04
1,1590,6.5900000000e-03,4.7482245000e-04
1,1591,6.5910000000e-03,4.7471286000e-04
1,1592,6.5920000000e-03,4.7460315000e-04
1,1593,6.5930000000e-03,4.7449347000e-04
1,1594,6.5940000000e-03,4.7438384000e-04
1,1595,6.5950000000e-03,4.7427426000e-04
1,1596,6.5960000000e-03,4.7416474000e-04
1,1597,6.5970000000e-03,4.7405526000e-04
1,1598,6.5980000000e-03,4.7394583000e-04
1,1599,6.5990000000e-03,4.7383626000e-04
1,1600,6.6000000000e-03,4.7372674000e-04
1,1601,6.6010000000e-03,4.7361727000e-04
1,1602,6.6020000000e-03,4.7350785000e-04
1,1603,6.6030000000e-03,4.7339847000e-04
1,1604,6.6040000000e-03,4.7328915000e-04
1,1605,6.6050000000e-03,4.7317988000e-04
1,1606,6.6060000000e-03,4.7307066000e-04
1,1607,6.6070000000e-03,4.7296150000e-04
1,1608,6.6080000000e-03,4.7285231000e-04
1,1609,6.6090000000e-03,4.7274303000e-04
1,1610,6.6100000000e-03,4.7263380000e-04
1,1611,6.6110000000e-03,4.7252461000e-04
1,1612,6.6120000000e-03,4.7241548000e-04
1,1613,6.6130000000e-03,4.7230640000e-04
1,1614,6.6140000000e-03,4.7219737000e-04
1,1615,6.6150000000e-03,4.7208836000e-04
1,1616,6.6160000000e-03,4.7197920000e-04
1,1617,6.6170000000e-03,4.7187010000e-04
1,1618,6.6180000000e-03,4.7176105000e-04
1,1619,6.6190000000e-03,4.7165205000e-04
1,1620,6.6200000000e-03,4.7154310000e-04
1,1621,6.6210000000e-03,4.7143419000e-04
1,1622,6.6220000000e-03,4.7132534000e-04
1,1623,6.6230000000e-03,4.7121654000e-04
1,1624,6.6240000000e-03,4.7110779000e-04
1,1625,6.6250000000e-03,4.7099908000e-04
1,1626,6.6260000000e-03,4.7089021000e-04
1,1627,6.6270000000e-03,4.7078139000e-04
1,1628,6.6280000000e-03,4.7067262000e-04
1,1629,6.6290000000e-03,4.7056390000e-04
1,1630,6.6300000000e-03,4.7045523000e-04
1,1631,6.6310000000e-03,4.7034661000e-04
1,1632,6.6320000000e-03,4.7023804000e-04
1,1633,6.6330000000e-03,4.7012941000e-04
1,1634,6.6340000000e-03,4.7002072000e-04
1,1635,6.6350000000e-03,4.6991208000e-04
1,1636,6.6360000000e-03,4.6980137000e-04
1,1637,6.6370000000e-03,4.6968858000e-04
1,1638,6.6380000000e-03,4.6957519000e-04
1,1639,6.6390000000e-03,4.6946211000e-04
1,1640,6.6400000000e-03,4.6934941000e-04
1,1641,6.6410000000e-03,4.6923688000e-04
1,1642,6.6420000000e-03,4.6912438000e-04
1,1643,6.6430000000e-03,4.6901186000e-04
1,1644,6.6440000000e-03,4.6889915000e-04
1,1645,6.6450000000e-03,4.6878650000e-04
1,1646,6.6460000000e-03,4.6867391000e-04
1,1647,6.6470000000e-03,4.6856137000e-04
1,1648,6.6480000000e-03,4.6844888000e-04
1,1649,6.6490000000e-03,4.6833643000e-04
1,1650,6.6500000000e-03,4.6822397000e-04
1,1651,6.6510000000e-03,4.6811107000e-04
1,1652,6.6520000000e-03,4.6799794000e-04
1,1653,6.6530000000e-03,4.6788485000e-04
1,1654,6.6540000000e-03,4.6777184000e-04
1,1655,6.6550000000e-03,4.6765891000e-04
1,1656,6.6560000000e-03,4.6754603000e-04
1,1657,6.6570000000e-03,4.6743319000e-04
1,1658,6.6580000000e-03,4.6731989000e-04
1,1659,6.6590000000e-03,4.6720522000e-04
1,1660,6.6600000000e-03,4.6708982000e-04
1,1661,6.6610000000e-03,4.6697441000e-04
1,1662,6.6620000000e-03,4.6685911000e-04
1,1663,6.6630000000e-03,4.6674397000e-04
1,1664,6.6640000000e-03,4.6662894000e-04
1,1665,6.6650000000e-03,4.6651392000e-04
1,1666,6.6660000000e-03,4.6639892000e-04
1,1667,6.6670000000e-03,4.6628396000e-04
1,1668,6.6680000000e-03,4.6616906000e-04
1,1669,6.6690000000e-03,4.6605421000e-04
1,1670,6.6700000000e-03,4.6593942000e-04
1,1671,6.6710000000e-03,4.6582449000e-04
1,1672,6.6720000000e-03,4.6570956000e-04
1,1673,6.6730000000e-03,4.6559469000e-04
1,1674,6.6740000000e-03,4.6547987000e-04
1,1675,6.6750000000e-03,4.6536510000e-04
1,1676,6.6760000000e-03,4.6525039000e-04
1,1677,6.6770000000e-03,4.6513572000e-04
1,1678,6.6780000000e-03,4.6502111000e-04
1,1679,6.6790000000e-03,4.6490655000e-04
1,1680,6.6800000000e-03,4.6479204000e-04
1,1681,6.6810000000e-03,4.6467758000e-04
1,1682,6.6820000000e-03,4.6456317000e-04
1,1683,6.6830000000e-03,4.6444895000e-04
1,1684,6.6840000000e-03,4.6433459000e-04
1,1685,6.6850000000e-03,4.6422024000e-04
1,1686,6.6860000000e-03,4.6410596000e-04
1,1687,6.6870000000e-03,4.6399174000e-04
1,1688,6.6880000000e-03,4.6387757000e-04
1,1689,6.6890000000e-03,4.6376345000e-04
1,1690,6.6900000000e-03,4.6364938000e-04
1,1691,6.6910000000e-03,4.6353536000e-04
1,1692,6.6920000000e-03,4.6342139000e-04
1,1693,6.6930000000e-03,4.6330747000e-04
1,1694,6.6940000000e-03,4.6319361000e-04
1,1695,6.6950000000e-03,4.6307979000e-04
1,1696,6.6960000000e-03,4.6296603000e-04
1,1697,6.6970000000e-03,4.6285232000e-04
1,1698,6.6980000000e-03,4.6273866000e-04
1,1699,6.6990000000e-03,4.6262505000e-04
1,1700,6.7000000000e-03,4.6251135000e-04
1,1701,6.7010000000e-03,4.6239769000e-04
1,1702,6.7020000000e-03,4.6228409000e-04
1,1703,6.7030000000e-03,4.6217056000e-04
1,1704,6.7040000000e-03,4.6205707000e-04
1,1705,6.7050000000e-03,4.6194363000e-04
1,1706,6.7060000000e-03,4.6183024000e-04
1,1707,6.7070000000e-03,4.6171690000e-04
1,1708,6.7080000000e-03,4.6160361000e-04
1,1709,6.7090000000e-03,4.6149037000e-04
1,1710,6.7100000000e-03,4.6137718000e-04
1,1711,6.7110000000e-03,4.6126405000e-04
1,1712,6.7120000000e-03,4.6115096000e-04
1,1713,6.7130000000e-03,4.6103793000e-04
1,1714,6.7140000000e-03,4.6092494000e-04
1,1715,6.7150000000e-03,4.6081201000e-04
1,1716,6.7160000000e-03,4.6069913000e-04
1,1717,6.7170000000e-03,4.6058630000e-04
1,1718,6.7180000000e-03,4.6047352000e-04
1,1719,6.7190000000e-03,4.6036079000e-04
1,1720,6.7200000000e-03,4.6024811000e-04
1,1721,6.7210000000e-03,4.6013548000e-04
1,1722,6.7220000000e-03,4.6002290000e-04
1,1723,6.7230000000e-03,4.5991037000e-04
1,1724,6.7240000000e-03,4.5979790000e-04
1,1725,6.7250000000e-03,4.5968545000e-04
1,1726,6.7260000000e-03,4.5957301000e-04
1,1727,6.7270000000e-03,4.5946064000e-04
1,1728,6.7280000000e-03,4.5934832000e-04
1,1729,6.7290000000e-03,4.5923604000e-04
1,1730,6.7300000000e-03,4.5912381000e-04
1,1731,6.7310000000e-03,4.5901163000e-04
1,1732,6.7320000000e-03,4.5889951000e-04
1,1733,6.7330000000e-03,4.5878743000e-04
1,1734,6.7340000000e-03,4.5867527000e-04
1,1735,6.7350000000e-03,4.5856313000e-04
1,1736,6.7360000000e-03,4.5845105000e-04
1,1737,6.7370000000e-03,4.5833901000e-04
1,1738,6.7380000000e-03,4.5822703000e-04
1,1739,6.7390000000e-03,4.5811509000e-04
1,1740,6.7400000000e-03,4.5800301000e-04
1,1741,6.7410000000e-03,4.5789075000e-04
1,1742,6.7420000000e-03,4.5777872000e-04
1,1743,6.7430000000e-03,4.5766673000e-04
1,1744,6.7440000000e-03,4.5755484000e-04
1,1745,6.7450000000e-03,4.5744309000e-04
1,1746,6.7460000000e-03,4.5733135000e-04
1,1747,6.7470000000e-03,4.5721964000e-04
1,1748,6.7480000000e-03,4.5710800000e-04
1,1749,6.7490000000e-03,4.5699641000e-04
1,1750,6.7500000000e-03,4.5688488000e-04
1,1751,6.7510000000e-03,4.5677340000e-04
1,1752,6.7520000000e-03,4.5666196000e-04
1,1753,6.7530000000e-03,4.5655058000e-04
1,1754,6.7540000000e-03,4.5643924000e-04
1,1755,6.7550000000e-03,4.5632795000e-04
1,1756,6.7560000000e-03,4.5621671000e-04
1,1757,6.7570000000e-03,4.5610544000e-04
1,1758,6.7580000000e-03,4.5599408000e-04
1,1759,6.7590000000e-03,4.5588276000e-04
1,1760,6.7600000000e-03,4.5577148000e-04
1,1761,6.7610000000e-03,4.5566026000e-04
1,1762,6.7620000000e-03,4.5554909000e-04
1,1763,6.7630000000e-03,4.5543798000e-04
1,1764,6.7640000000e-03,4.5532675000e-04
1,1765,6.7650000000e-03,4.5521557000e-04
1,1766,6.7660000000e-03,4.5510444000e-04
1,1767,6.7670000000e-03,4.5499336000e-04
1,1768,6.7680000000e-03,4.5488232000e-04
1,1769,6.7690000000e-03,4.5477134000e-04
1,1770,6.7700000000e-03,4.5466041000e-04
1,1771,6.7710000000e-03,4.5454952000e-04
1,1772,6.7720000000e-03,4.5443868000e-04
1,1773,6.7730000000e-03,4.5432774000e-04
1,1774,6.7740000000e-03,4.5421684000e-04
1,1775,6.7750000000e-03,4.5410603000e-04
1,1776,6.7760000000e-03,4.5399526000e-04
1,1777,6.7770000000e-03,4.5388454000e-04
1,1778,6.7780000000e-03,4.5377386000e-04
1,1779,6.7790000000e-03,4.5366305000e-04
1,1780,6.7800000000e-03,4.5355071000e-04
1,1781,6.7810000000e-03,4.5343900000e-04
1,1782,6.7820000000e-03,4.5332779000e-04
1,1783,6.7830000000e-03,4.5321669000e-04
1,1784,6.7840000000e-03,4.5310547000e-04
1,1785,6.7850000000e-03,4.5299410000e-04
1,1786,6.7860000000e-03,4.5288264000e-04
1,1787,6.7870000000e-03,4.5277119000e-04
1,1788,6.7880000000e-03,4.5265981000e-04
1,1789,6.7890000000e-03,4.5254840000e-04
1,1790,6.7900000000e-03,4.5243709000e-04
1,1791,6.7910000000e-03,4.5232586000e-04
1,1792,6.7920000000e-03,4.5221467000e-04
1,1793,6.7930000000e-03,4.5210351000e-04
1,1794,6.7940000000e-03,4.5199239000e-04
1,1795,6.7950000000e-03,4.5188132000e-04
1,1796,6.7960000000e-03,4.5177028000e-04
1,1797,6.7970000000e-03,4.5165931000e-04
1,1798,6.7980000000e-03,4.5154835000e-04
1,1799,6.7990000000e-03,4.5143733000e-04
1,1800,6.8000000000e-03,4.5132638000e-04
1,1801,6.8010000000e-03,4.5121546000e-04
1,1802,6.8020000000e-03,4.5110460000e-04
1,1803,6.8030000000e-03,4.5099378000e-04
1,1804,6.8040000000e-03,4.5088301000e-04
1,1805,6.8050000000e-03,4.5077229000e-04
1,1806,6.8060000000e-03,4.5066162000e-04
1,1807,6.8070000000e-03,4.5055099000e-04
1,1808,6.8080000000e-03,4.5044041000e-04
1,1809,6.8090000000e-03,4.5032988000e-04
1,1810,6.8100000000e-03,4.5021940000e-04
1,1811,6.8110000000e-03,4.5010890000e-04
1,1812,6.8120000000e-03,4.4999836000e-04
1,1813,6.8130000000e-03,4.4988787000e-04
1,1814,6.8140000000e-03,4.4977743000e-04
1,1815,6.8150000000e-03,4.4966704000e-04
1,1816,6.8160000000e-03,4.4955670000e-04
1,1817,6.8170000000e-03,4.4944640000e-04
1,1818,6.8180000000e-03,4.4933615000e-04
1,1819,6.8190000000e-03,4.4922595000e-04
1,1820,6.8200000000e-03,4.4911580000e-04
1,1821,6.8210000000e-03,4.4900557000e-04
1,1822,6.8220000000e-03,4.4889537000e-04
1,1823,6.8230000000e-03,4.4878521000e-04
1,1824,6.8240000000e-03,4.4867510000e-04
1,1825,6.8250000000e-03,4.4856504000e-04
1,1826,6.8260000000e-03,4.4845503000e-04
1,1827,6.8270000000e-03,4.4834506000e-04
1,1828,6.8280000000e-03,4.4823514000e-04
1,1829,6.8290000000e-03,4.4812527000e-04
1,1830,6.8300000000e-03,4.4801545000e-04
1,1831,6.8310000000e-03,4.4790567000e-04
1,1832,6.8320000000e-03,4.4779594000e-04
1,1833,6.8330000000e-03,4.4768626000e-04
1,1834,6.8340000000e-03,4.4757662000e-04
1,1835,6.8350000000e-03,4.4746692000e-04
1,1836,6.8360000000e-03,4.4735726000e-04
1,1837,6.8370000000e-03,4.4724764000e-04
1,1838,6.8380000000e-03,4.4713804000e-04
1,1839,6.8390000000e-03,4.4702846000e-04
1,1840,6.8400000000e-03,4.4691893000e-04
1,1841,6.8410000000e-03,4.4680945000e-04
1,1842,6.8420000000e-03,4.4670002000e-04
1,1843,6.8430000000e-03,4.4659064000e-04
1,1844,6.8440000000e-03,4.4648128000e-04
1,1845,6.8450000000e-03,4.4637191000e-04
1,1846,6.8460000000e-03,4.4626249000e-04
1,1847,6.8470000000e-03,4.4615310000e-04
1,1848,6.8480000000e-03,4.4604376000e-04
1,1849,6.8490000000e-03,4.4593446000e-04
1,1850,6.8500000000e-03,4.4582522000e-04
1,1851,6.8510000000e-03,4.4571602000e-04
1,1852,6.8520000000e-03,4.4560686000e-04
1,1853,6.8530000000e-03,4.4549776000e-04
1,1854,6.8540000000e-03,4.4538870000e-04
1,1855,6.8550000000e-03,4.4527969000e-04
1,1856,6.8560000000e-03,4.4517072000e-04
1,1857,6.8570000000e-03,4.4506180000e-04
1,1858,6.8580000000e-03,4.4495292000e-04
1,1859,6.8590000000e-03,4.4484410000e-04
1,1860,6.8600000000e-03,4.4473520000e-04
1,1861,6.8610000000e-03,4.4462632000e-04
1,1862,6.8620000000e-03,4.4451745000e-04
1,1863,6.8630000000e-03,4.4440861000e-04
1,1864,6.8640000000e-03,4.4429982000e-04
1,1865,6.8650000000e-03,4.4419108000e-04
1,1866,6.8660000000e-03,4.4408239000e-04
1,1867,6.8670000000e-03,4.4397374000e-04
1,1868,6.8680000000e-03,4.4386514000e-04
1,1869,6.8690000000e-03,4.4375659000e-04
1,1870,6.8700000000e-03,4.4364802000e-04
1,1871,6.8710000000e-03,4.4353945000e-04
1,1872,6.8720000000e-03,4.4343093000e-04
1,1873,6.8730000000e-03,4.4332245000e-04
1,1874,6.8740000000e-03,4.4321402000e-04
1,1875,6.8750000000e-03,4.4310563000e-04
1,1876,6.8760000000e-03,4.4299723000e-04
1,1877,6.8770000000e-03,4.4288886000e-04
1,1878,6.8780000000e-03,4.4278053000e-04
1,1879,6.8790000000e-03,4.4267225000e-04
1,1880,6.8800000000e-03,4.4256402000e-04
1,1881,6.8810000000e-03,4.4245584000e-04
1,1882,6.8820000000e-03,4.4234771000e-04
1,1883,6.8830000000e-03,4.4223962000e-04
1,1884,6.8840000000e-03,4.4213158000e-04
1,1885,6.8850000000e-03,4.4202352000e-04
1,1886,6.8860000000e-03,4.4191546000e-04
1,1887,6.8870000000e-03,4.4180746000e-04
1,1888,6.8880000000e-03,4.4169949000e-04
1,1889,6.8890000000e-03,4.4159158000e-04
1,1890,6.8900000000e-03,4.4148371000e-04
1,1891,6.8910000000e-03,4.4137589000e-04
1,1892,6.8920000000e-03,4.4126811000e-04
1,1893,6.8930000000e-03,4.4116038000e-04
1,1894,6.8940000000e-03,4.4105269000e-04
1,1895,6.8950000000e-03,4.4094505000e-04
1,1896,6.8960000000e-03,4.4083745000e-04
1,1897,6.8970000000e-03,4.4072979000e-04
1,1898,6.8980000000e-03,4.4062218000e-04
1,1899,6.8990000000e-03,4.4051460000e-04
1,1900,6.9000000000e-03,4.4040706000e-04
1,1901,6.9010000000e-03,4.4029956000e-04
1,1902,6.9020000000e-03,4.4019211000e-04
1,1903,6.9030000000e-03,4.4008470000e-04
1,1904,6.9040000000e-03,4.3997734000e-04
1,1905,6.9050000000e-03,4.3987003000e-04
1,1906,6.9060000000e-03,4.3976276000e-04
1,1907,6.9070000000e-03,4.3965554000e-04
1,1908,6.9080000000e-03,4.3954836000e-04
1,1909,6.9090000000e-03,4.3944123000e-04
1,1910,6.9100000000e-03,4.3933415000e-04
1,1911,6.9110000000e-03,4.3922711000e-04
1,1912,6.9120000000e-03,4.3912005000e-04
1,1913,6.9130000000e-03,4.3901301000e-04
1,1914,6.9140000000e-03,4.3890604000e-04
1,1915,6.9150000000e-03,4.3879910000e-04
1,1916,6.9160000000e-03,4.3869222000e-04
1,1917,6.9170000000e-03,4.3858538000e-04
1,1918,6.9180000000e-03,4.3847858000e-04
1,1919,6.9190000000e-03,4.3837183000e-04
1,1920,6.9200000000e-03,4.3826512000e-04
1,1921,6.9210000000e-03,4.3815846000e-04
1,1922,6.9220000000e-03,4.3805185000e-04
1,1923,6.9230000000e-03,4.3794525000e-04
1,1924,6.9240000000e-03,4.3783866000e-04
1,1925,6.9250000000e-03,4.3773212000e-04
1,1926,6.9260000000e-03,4.3762563000e-04
1,1927,6.9270000000e-03,4.3751919000e-04
1,1928,6.9280000000e-03,4.3741278000e-04
1,1929,6.9290000000e-03,4.3730643000e-04
1,1930,6.9300000000e-03,4.3720012000e-04
1,1931,6.9310000000e-03,4.3709385000e-04
1,1932,6.9320000000e-03,4.3698763000e-04
1,1933,6.9330000000e-03,4.3688146000e-04
1,1934,6.9340000000e-03,4.3677533000e-04
1,1935,6.9350000000e-03,4.3666925000e-04
1,1936,6.9360000000e-03,4.3656321000e-04
1,1937,6.9370000000e-03,4.3645721000e-04
1,1938,6.9380000000e-03,4.3635116000e-04
1,1939,6.9390000000e-03,4.3624511000e-04
1,1940,6.9400000000e-03,4.3613910000e-04
1,1941,6.9410000000e-03,4.3603314000e-04
1,1942,6.9420000000e-03,4.3592724000e-04
1,1943,6.9430000000e-03,4.3582138000e-04
1,1944,6.9440000000e-03,4.3571556000e-04
1,1945,6.9450000000e-03,4.3560979000e-04
1,1946,6.9460000000e-03,4.3550407000e-04
1,1947,6.9470000000e-03,4.3539838000e-04
1,1948,6.9480000000e-03,4.3529275000e-04
1,1949,6.9490000000e-03,4.3518716000e-04
1,1950,6.9500000000e-03,4.3508159000e-04
1,1951,6.9510000000e-03,4.3497607000e-04
1,1952,6.9520000000e-03,4.3487059000e-04
1,1953,6.9530000000e-03,4.3476515000e-04
1,1954,6.9540000000e-03,4.3465976000e-04
1,1955,6.9550000000e-03,4.3455442000e-04
1,1956,6.9560000000e-03,4.3444912000e-04
1,1957,6.9570000000e-03,4.3434386000e-04
1,1958,6.9580000000e-03,4.3423863000e-04
1,1959,6.9590000000e-03,4.3413343000e-04
1,1960,6.9600000000e-03,4.3402827000e-04
1,1961,6.9610000000e-03,4.3392315000e-04
1,1962,6.9620000000e-03,4.3381808000e-04
1,1963,6.9630000000e-03,4.3371306000e-04
1,1964,6.9640000000e-03,4.3360808000e-04
1,1965,6.9650000000e-03,4.3350314000e-04
1,1966,6.9660000000e-03,4.3339824000e-04
1,1967,6.9670000000e-03,4.3329338000e-04
1,1968,6.9680000000e-03,4.3318856000e-04
1,1969,6.9690000000e-03,4.3308379000e-04
1,1970,6.9700000000e-03,4.3297906000e-04
1,1971,6.9710000000e-03,4.3287438000e-04
1,1972,6.9720000000e-03,4.3276974000e-04
1,1973,6.9730000000e-03,4.3266513000e-04
1,1974,6.9740000000e-03,4.3256055000e-04
1,1975,6.9750000000e-03,4.3245601000e-04
1,1976,6.9760000000e-03,4.3235152000e-04
1,1977,6.9770000000e-03,4.3224707000e-04
1,1978,6.9780000000e-03,4.3214266000e-04
1,1979,6.9790000000e-03,4.3203830000e-04
1,1980,6.9800000000e-03,4.3193398000e-04
1,1981,6.9810000000e-03,4.3182969000e-04
1,1982,6.9820000000e-03,4.3172545000e-04
1,1983,6.9830000000e-03,4.3162126000e-04
1,1984,6.9840000000e-03,4.3151710000e-04
1,1985,6.9850000000e-03,4.3141300000e-04
1,1986,6.9860000000e-03,4.3130893000e-04
1,1987,6.9870000000e-03,4.3120491000e-04
1,1988,6.9880000000e-03,4.3110093000e-04
1,1989,6.9890000000e-03,4.3099700000e-04
1,1990,6.9900000000e-03,4.3089311000e-04
1,1991,6.9910000000e-03,4.3078927000e-04
1,1992,6.9920000000e-03,4.3068547000e-04
1,1993,6.9930000000e-03,4.3058171000e-04
1,1994,6.9940000000e-03,4.3047799000e-04
1,1995,6.9950000000e-03,4.3037428000e-04
1,1996,6.9960000000e-03,4.3027062000e-04
1,1997,6.9970000000e-03,4.3016700000e-04
1,1998,6.9980000000e-03,4.3006341000e-04
1,1999,6.9990000000e-03,4.2995986000e-04
1,2000,7.0000000000e-03,4.2985636000e-04
1,2001,7.0010000000e-03,4.2975290000e-04
1,2002,7.0020000000e-03,4.2964949000e-04
1,2003,7.0030000000e-03,4.2954611000e-04
1,2004,7.0040000000e-03,4.2944278000e-04
1,2005,7.0050000000e-03,4.2933941000e-04
1,2006,7.0060000000e-03,4.2923603000e-04
1,2007,7.0070000000e-03,4.2913267000e-04
1,2008,7.0080000000e-03,4.2902937000e-04
1,2009,7.0090000000e-03,4.2892611000e-04
1,2010,7.0100000000e-03,4.2882289000e-04
1,2011,7.0110000000e-03,4.2871971000e-04
1,2012,7.0120000000e-03,4.2861657000e-04
1,2013,7.0130000000e-03,4.2851347000e-04
1,2014,7.0140000000e-03,4.2841042000e-04
1,2015,7.0150000000e-03,4.2830741000e-04
1,2016,7.0160000000e-03,4.2820444000e-04
1,2017,7.0170000000e-03,4.2810152000e-04
1,2018,7.0180000000e-03,4.2799864000e-04
1,2019,7.0190000000e-03,4.2789580000e-04
1,2020,7.0200000000e-03,4.2779300000e-04
1,2021,7.0210000000e-03,4.2769025000e-04
1,2022,7.0220000000e-03,4.2758755000e-04
1,2023,7.0230000000e-03,4.2748488000e-04
1,2024,7.0240000000e-03,4.2738226000e-04
1,2025,7.0250000000e-03,4.2727968000e-04
1,2026,7.0260000000e-03,4.2717714000e-04
1,2027,7.0270000000e-03,4.2707463000e-04
1,2028,7.0280000000e-03,4.2697216000e-04
1,2029,7.0290000000e-03,4.2686973000e-04
1,2030,7.0300000000e-03,4.2676735000e-04
1,2031,7.0310000000e-03,4.2666501000e-04
1,2032,7.0320000000e-03,4.2656271000e-04
1,2033,7.0330000000e-03,4.2646045000e-04
1,2034,7.0340000000e-03,4.2635824000e-04
1,2035,7.0350000000e-03,4.2625607000e-04
1,2036,7.0360000000e-03,4.2615395000e-04
1,2037,7.0370000000e-03,4.2605185000e-04
1,2038,7.0380000000e-03,4.2594975000e-04
1,2039,7.0390000000e-03,4.2584767000e-04
1,2040,7.0400000000e-03,4.2574563000e-04
1,2041,7.0410000000e-03,4.2564363000e-04
1,2042,7.0420000000e-03,4.2554169000e-04
1,2043,7.0430000000e-03,4.2543978000e-04
1,2044,7.0440000000e-03,4.2533792000e-04
1,2045,7.0450000000e-03,4.2523610000e-04
1,2046,7.0460000000e-03,4.2513432000e-04
1,2047,7.0470000000e-03,4.2503258000e-04
1,2048,7.0480000000e-03,4.2493089000e-04
1,2049,7.0490000000e-03,4.2482924000e-04
1,2050,7.0500000000e-03,4.2472763000e-04
1,2051,7.0510000000e-03,4.2462607000e-04
1,2052,7.0520000000e-03,4.2452454000e-04
1,2053,7.0530000000e-03,4.2442306000e-04
1,2054,7.0540000000e-03,4.2432163000e-04
1,2055,7.0550000000e-03,4.2422023000e-04
1,2056,7.0560000000e-03,4.2411888000e-04
1,2057,7.0570000000e-03,4.2401756000e-04
1,2058,7.0580000000e-03,4.2391628000e-04
1,2059,7.0590000000e-03,4.2381501000e-04
1,2060,7.0600000000e-03,4.2371378000e-04
1,2061,7.0610000000e-03,4.2361258000e-04
1,2062,7.0620000000e-03,4.2351143000e-04
1,2063,7.0630000000e-03,4.2341032000e-04
1,2064,7.0640000000e-03,4.2330925000e-04
1,2065,7.0650000000e-03,4.2320823000e-04
1,2066,7.0660000000e-03,4.2310724000e-04
1,2067,7.0670000000e-03,4.2300630000e-04
1,2068,7.0680000000e-03,4.2290541000e-04
1,2069,7.0690000000e-03,4.2280455000e-04
1,2070,7.0700000000e-03,4.2270368000e-04
1,2071,7.0710000000e-03,4.2260284000e-04
1,2072,7.0720000000e-03,4.2250203000e-04
1,2073,7.0730000000e-03,4.2240127000e-04
1,2074,7.0740000000e-03,4.2230056000e-04
1,2075,7.0750000000e-03,4.2219988000e-04
1,2076,7.0760000000e-03,4.2209925000e-04
1,2077,7.0770000000e-03,4.2199866000e-04
1,2078,7.0780000000e-03,4.2189811000e-04
1,2079,7.0790000000e-03,4.2179760000e-04
1,2080,7.0800000000e-03,4.2169710000e-04
1,2081,7.0810000000e-03,4.2159656000e-04
1,2082,7.0820000000e-03,4.2149602000e-04
1,2083,7.0830000000e-03,4.2139552000e-04
1,2084,7.0840000000e-03,4.2129508000e-04
1,2085,7.0850000000e-03,4.2119470000e-04
1,2086,7.0860000000e-03,4.2109435000e-04
1,2087,7.0870000000e-03,4.2099405000e-04
1,2088,7.0880000000e-03,4.2089378000e-04
1,2089,7.0890000000e-03,4.2079356000e-04
1,2090,7.0900000000e-03,4.2069336000e-04
1,2091,7.0910000000e-03,4.2059316000e-04
1,2092,7.0920000000e-03,4.2049298000e-04
1,2093,7.0930000000e-03,4.2039284000e-04
1,2094,7.0940000000e-03,4.2029273000e-04
1,2095,7.0950000000e-03,4.2019264000e-04
1,2096,7.0960000000e-03,4.2009258000e-04
1,2097,7.0970000000e-03,4.1999257000e-04
1,2098,7.0980000000e-03,4.1989260000e-04
1,2099,7.0990000000e-03,4.1979267000e-04
1,2100,7.1000000000e-03,4.1969279000e-04
1,2101,7.1010000000e-03,4.1959295000e-04
1,2102,7.1020000000e-03,4.1949315000e-04
1,2103,7.1030000000e-03,4.1939339000e-04
1,2104,7.1040000000e-03,4.1929368000e-04
1,2105,7.1050000000e-03,4.1919400000e-04
1,2106,7.1060000000e-03,4.1909437000e-04
1,2107,7.1070000000e-03,4.1899477000e-04
1,2108,7.1080000000e-03,4.1889519000e-04
1,2109,7.1090000000e-03,4.1879565000e-04
1,2110,7.1100000000e-03,4.1869615000e-04
1,2111,7.1110000000e-03,4.1859668000e-04
1,2112,7.1120000000e-03,4.1849726000e-04
1,2113,7.1130000000e-03,4.1839788000e-04
1,2114,7.1140000000e-03,4.1829854000e-04
1,2115,7.1150000000e-03,4.1819924000e-04
1,2116,7.1160000000e-03,4.1809999000e-04
1,2117,7.1170000000e-03,4.1800078000e-04
1,2118,7.1180000000e-03,4.1790160000e-04
1,2119,7.1190000000e-03,4.1780247000e-04
1,2120,7.1200000000e-03,4.1770338000e-04
1,2121,7.1210000000e-03,4.1760434000e-04
1,2122,7.1220000000e-03,4.1750533000e-04
1,2123,7.1230000000e-03,4.1740637000e-04
1,2124,7.1240000000e-03,4.1730744000e-04
1,2125,7.1250000000e-03,4.1720856000e-04
1,2126,7.1260000000e-03,4.1710972000e-04
1,2127,7.1270000000e-03,4.1701093000e-04
1,2128,7.1280000000e-03,4.1691217000e-04
1,2129,7.1290000000e-03,4.1681341000e-04
1,2130,7.1300000000e-03,4.1671462000e-04
1,2131,7.1310000000e-03,4.1661551000e-04
1,2132,7.1320000000e-03,4.1651565000e-04
1,2133,7.1330000000e-03,4.1641597000e-04
1,2134,7.1340000000e-03,4.1631623000e-04
1,2135,7.1350000000e-03,4.1621657000e-04
1,2136,7.1360000000e-03,4.1611694000e-04
1,2137,7.1370000000e-03,4.1601735000e-04
1,2138,7.1380000000e-03,4.1591778000e-04
1,2139,7.1390000000e-03,4.1581824000e-04
1,2140,7.1400000000e-03,4.1571866000e-04
1,2141,7.1410000000e-03,4.1561905000e-04
1,2142,7.1420000000e-03,4.1551944000e-04
1,2143,7.1430000000e-03,4.1541987000e-04
1,2144,7.1440000000e-03,4.1532036000e-04
1,2145,7.1450000000e-03,4.1522089000e-04
1,2146,7.1460000000e-03,4.1512147000e-04
1,2147,7.1470000000e-03,4.1502208000e-04
1,2148,7.1480000000e-03,4.1492274000e-04
1,2149,7.1490000000e-03,4.1482342000e-04
1,2150,7.1500000000e-03,4.1472415000e-04
1,2151,7.1510000000e-03,4.1462492000e-04
1,2152,7.1520000000e-03,4.1452572000e-04
1,2153,7.1530000000e-03,4.1442657000e-04
1,2154,7.1540000000e-03,4.1432747000e-04
1,2155,7.1550000000e-03,4.1422840000e-04
1,2156,7.1560000000e-03,4.1412937000e-04
1,2157,7.1570000000e-03,4.1403039000e-04
1,2158,7.1580000000e-03,4.1393145000e-04
1,2159,7.1590000000e-03,4.1383254000e-04
1,2160,7.1600000000e-03,4.1373368000e-04
1,2161,7.1610000000e-03,4.1363486000e-04
1,2162,7.1620000000e-03,4.1353608000e-04
1,2163,7.1630000000e-03,4.1343733000e-04
1,2164,7.1640000000e-03,4.1333862000e-04
1,2165,7.1650000000e-03,4.1323995000e-04
1,2166,7.1660000000e-03,4.1314132000e-04
1,2167,7.1670000000e-03,4.1304273000e-04
1,2168,7.1680000000e-03,4.1294418000e-04
1,2169,7.1690000000e-03,4.1284567000e-04
1,2170,7.1700000000e-03,4.1274720000e-04
1,2171,7.1710000000e-03,4.1264877000e-04
1,2172,7.1720000000e-03,4.1255038000e-04
1,2173,7.1730000000e-03,4.1245203000e-04
1,2174,7.1740000000e-03,4.1235372000e-04
1,2175,7.1750000000e-03,4.1225544000e-04
1,2176,7.1760000000e-03,4.1215720000e-04
1,2177,7.1770000000e-03,4.1205901000e-04
1,2178,7.1780000000e-03,4.1196084000e-04
1,2179,7.1790000000e-03,4.1186271000e-04
1,2180,7.1800000000e-03,4.1176463000e-04
1,2181,7.1810000000e-03,4.1166658000e-04
1,2182,7.1820000000e-03,4.1156857000e-04
1,2183,7.1830000000e-03,4.1147060000e-04
1,2184,7.1840000000e-03,4.1137267000e-04
1,2185,7.1850000000e-03,4.1127478000e-04
1,2186,7.1860000000e-03,4.1117694000e-04
1,2187,7.1870000000e-03,4.1107913000e-04
1,2188,7.1880000000e-03,4.1098136000e-04
1,2189,7.1890000000e-03,4.1088363000e-04
1,2190,7.1900000000e-03,4.1078595000e-04
1,2191,7.1910000000e-03,4.1068828000e-04
1,2192,7.1920000000e-03,4.1059061000e-04
1,2193,7.1930000000e-03,4.1049297000e-04
1,2194,7.1940000000e-03,4.1039537000e-04
1,2195,7.1950000000e-03,4.1029781000e-04
1,2196,7.1960000000e-03,4.1020029000e-04
1,2197,7.1970000000e-03,4.1010282000e-04
1,2198,7.1980000000e-03,4.1000539000e-04
1,2199,7.1990000000e-03,4.0990798000e-04
1,2200,7.2000000000e-03,4.0981061000e-04
1,2201,7.2010000000e-03,4.0971328000e-04
1,2202,7.2020000000e-03,4.0961598000e-04
1,2203,7.2030000000e-03,4.0951872000e-04
1,2204,7.2040000000e-03,4.0942149000e-04
1,2205,7.2050000000e-03,4.0932427000e-04
1,2206,7.2060000000e-03,4.0922703000e-04
1,2207,7.2070000000e-03,4.0912980000e-04
1,2208,7.2080000000e-03,4.0903258000e-04
1,2209,7.2090000000e-03,4.0893542000e-04
1,2210,7.2100000000e-03,4.0883832000e-04
1,2211,7.2110000000e-03,4.0874127000e-04
1,2212,7.2120000000e-03,4.0864426000e-04
1,2213,7.2130000000e-03,4.0854729000e-04
1,2214,7.2140000000e-03,4.0845036000e-04
1,2215,7.2150000000e-03,4.0835346000e-04
1,2216,7.2160000000e-03,4.0825660000e-04
1,2217,7.2170000000e-03,4.0815978000e-04
1,2218,7.2180000000e-03,4.0806301000e-04
1,2219,7.2190000000e-03,4.0796627000e-04
1,2220,7.2200000000e-03,4.0786957000e-04
1,2221,7.2210000000e-03,4.0777290000e-04
1,2222,7.2220000000e-03,4.0767628000e-04
1,2223,7.2230000000e-03,4.0757969000e-04
1,2224,7.2240000000e-03,4.0748314000e-04
1,2225,7.2250000000e-03,4.0738663000e-04
1,2226,7.2260000000e-03,4.0729016000e-04
1,2227,7.2270000000e-03,4.0719373000e-04
1,2228,7.2280000000e-03,4.0709734000e-04
1,2229,7.2290000000e-03,4.0700098000e-04
1,2230,7.2300000000e-03,4.0690467000e-04
1,2231,7.2310000000e-03,4.0680840000e-04
1,2232,7.2320000000e-03,4.0671214000e-04
1,2233,7.2330000000e-03,4.0661590000e-04
1,2234,7.2340000000e-03,4.0651970000e-04
1,2235,7.2350000000e-03,4.0642353000e-04
1,2236,7.2360000000e-03,4.0632741000e-04
1,2237,7.2370000000e-03,4.0623133000e-04
1,2238,7.2380000000e-03,4.0613528000e-04
1,2239,7.2390000000e-03,4.0603928000e-04
1,2240,7.2400000000e-03,4.0594331000e-04
1,2241,7.2410000000e-03,4.0584735000e-04
1,2242,7.2420000000e-03,4.0575143000e-04
1,2243,7.2430000000e-03,4.0565554000e-04
1,2244,7.2440000000e-03,4.0555969000e-04
1,2245,7.2450000000e-03,4.0546388000e-04
1,2246,7.2460000000e-03,4.0536811000e-04
1,2247,7.2470000000e-03,4.0527238000e-04
1,2248,7.2480000000e-03,4.0517669000e-04
1,2249,7.2490000000e-03,4.0508103000e-04
1,2250,7.2500000000e-03,4.0498542000e-04
1,2251,7.2510000000e-03,4.0488984000e-04
1,2252,7.2520000000e-03,4.0479430000e-04
1,2253,7.2530000000e-03,4.0469880000e-04
1,2254,7.2540000000e-03,4.0460335000e-04
1,2255,7.2550000000e-03,4.0450793000e-04
1,2256,7.2560000000e-03,4.0441255000e-04
1,2257,7.2570000000e-03,4.0431720000e-04
1,2258,7.2580000000e-03,4.0422190000e-04
1,2259,7.2590000000e-03,4.0412664000e-04
1,2260,7.2600000000e-03,4.0403141000e-04
1,2261,7.2610000000e-03,4.0393622000e-04
1,2262,7.2620000000e-03,4.0384107000e-04
1,2263,7.2630000000e-03,4.0374595000e-04
1,2264,7.2640000000e-03,4.0364917000e-04
1,2265,7.2650000000e-03,4.0355137000e-04
1,2266,7.2660000000e-03,4.0345242000e-04
1,2267,7.2670000000e-03,4.0335084000e-04
1,2268,7.2680000000e-03,4.0325015000e-04
1,2269,7.2690000000e-03,4.0314977000e-04
1,2270,7.2700000000e-03,4.0305000000e-04
1,2271,7.2710000000e-03,4.0295074000e-04
1,2272,7.2720000000e-03,4.0285172000e-04
1,2273,7.2730000000e-03,4.0275271000e-04
1,2274,7.2740000000e-03,4.0265359000e-04
1,2275,7.2750000000e-03,4.0255437000e-04
1,2276,7.2760000000e-03,4.0245508000e-04
1,2277,7.2770000000e-03,4.0235583000e-04
1,2278,7.2780000000e-03,4.0225666000e-04
1,2279,7.2790000000e-03,4.0215757000e-04
1,2280,7.2800000000e-03,4.0205854000e-04
1,2281,7.2810000000e-03,4.0195955000e-04
1,2282,7.2820000000e-03,4.0186059000e-04
1,2283,7.2830000000e-03,4.0176166000e-04
1,2284,7.2840000000e-03,4.0166276000e-04
1,2285,7.2850000000e-03,4.0156389000e-04
1,2286,7.2860000000e-03,4.0146506000e-04
1,2287,7.2870000000e-03,4.0136628000e-04
1,2288,7.2880000000e-03,4.0126753000e-04
1,2289,7.2890000000e-03,4.0116883000e-04
1,2290,7.2900000000e-03,4.0107017000e-04
1,2291,7.2910000000e-03,4.0097154000e-04
1,2292,7.2920000000e-03,4.0087296000e-04
1,2293,7.2930000000e-03,4.0077441000e-04
1,2294,7.2940000000e-03,4.0067591000e-04
1,2295,7.2950000000e-03,4.0057745000e-04
1,2296,7.2960000000e-03,4.0047902000e-04
1,2297,7.2970000000e-03,4.0038064000e-04
1,2298,7.2980000000e-03,4.0028230000e-04
1,2299,7.2990000000e-03,4.0018399000e-04
1,2300,7.3000000000e-03,4.0008571000e-04
1,2301,7.3010000000e-03,3.9998747000e-04
1,2302,7.3020000000e-03,3.9988921000e-04
1,2303,7.3030000000e-03,3.9979097000e-04
1,2304,7.3040000000e-03,3.9969276000e-04
1,2305,7.3050000000e-03,3.9959459000e-04
1,2306,7.3060000000e-03,3.9949647000e-04
1,2307,7.3070000000e-03,3.9939839000e-04
1,2308,7.3080000000e-03,3.9930035000e-04
1,2309,7.3090000000e-03,3.9920235000e-04
1,2310,7.3100000000e-03,3.9910439000e-04
1,2311,7.3110000000e-03,3.9900647000e-04
1,2312,7.3120000000e-03,3.9890859000e-04
1,2313,7.3130000000e-03,3.9881075000e-04
1,2314,7.3140000000e-03,3.9871295000e-04
1,2315,7.3150000000e-03,3.9861519000e-04
1,2316,7.3160000000e-03,3.9851747000e-04
1,2317,7.3170000000e-03,3.9841978000e-04
1,2318,7.3180000000e-03,3.9832214000e-04
1,2319,7.3190000000e-03,3.9822454000e-04
1,2320,7.3200000000e-03,3.9812698000e-04
1,2321,7.3210000000e-03,3.9802945000e-04
1,2322,7.3220000000e-03,3.9793197000e-04
1,2323,7.3230000000e-03,3.9783453000e-04
1,2324,7.3240000000e-03,3.9773712000e-04
1,2325,7.3250000000e-03,3.9763975000e-04
1,2326,7.3260000000e-03,3.9754240000e-04
1,2327,7.3270000000e-03,3.9744509000e-04
1,2328,7.3280000000e-03,3.9734782000e-04
1,2329,7.3290000000e-03,3.9725059000e-04
1,2330,7.3300000000e-03,3.9715339000e-04
1,2331,7.3310000000e-03,3.9705624000e-04
1,2332,7.3320000000e-03,3.9695913000e-04
1,2333,7.3330000000e-03,3.9686206000e-04
1,2334,7.3340000000e-03,3.9676502000e-04
1,2335,7.3350000000e-03,3.9666803000e-04
1,2336,7.3360000000e-03,3.9657106000e-04
1,2337,7.3370000000e-03,3.9647409000e-04
1,2338,7.3380000000e-03,3.9637711000e-04
1,2339,7.3390000000e-03,3.9628016000e-04
1,2340,7.3400000000e-03,3.9618324000e-04
1,2341,7.3410000000e-03,3.9608638000e-04
1,2342,7.3420000000e-03,3.9598957000e-04
1,2343,7.3430000000e-03,3.9589280000e-04
1,2344,7.3440000000e-03,3.9579607000e-04
1,2345,7.3450000000e-03,3.9569937000e-04
1,2346,7.3460000000e-03,3.9560270000e-04
1,2347,7.3470000000e-03,3.9550606000e-04
1,2348,7.3480000000e-03,3.9540946000e-04
1,2349,7.3490000000e-03,3.9531287000e-04
1,2350,7.3500000000e-03,3.9521630000e-04
1,2351,7.3510000000e-03,3.9511977000e-04
1,2352,7.3520000000e-03,3.9502328000e-04
1,2353,7.3530000000e-03,3.9492683000e-04
1,2354,7.3540000000e-03,3.9483042000e-04
1,2355,7.3550000000e-03,3.9473405000e-04
1,2356,7.3560000000e-03,3.9463772000e-04
1,2357,7.3570000000e-03,3.9454143000e-04
1,2358,7.3580000000e-03,3.9444517000e-04
1,2359,7.3590000000e-03,3.9434896000e-04
1,2360,7.3600000000e-03,3.9425278000e-04
1,2361,7.3610000000e-03,3.9415664000e-04
1,2362,7.3620000000e-03,3.9406055000e-04
1,2363,7.3630000000e-03,3.9396448000e-04
1,2364,7.3640000000e-03,3.9386844000e-04
1,2365,7.3650000000e-03,3.9377243000e-04
1,2366,7.3660000000e-03,3.9367645000e-04
1,2367,7.3670000000e-03,3.9358051000e-04
1,2368,7.3680000000e-03,3.9348460000e-04
1,2369,7.3690000000e-03,3.9338873000e-04
1,2370,7.3700000000e-03,3.9329290000e-04
1,2371,7.3710000000e-03,3.9319711000e-04
1,2372,7.3720000000e-03,3.9310136000e-04
1,2373,7.3730000000e-03,3.9300564000e-04
1,2374,7.3740000000e-03,3.9290996000e-04
1,2375,7.3750000000e-03,3.9281432000e-04
1,2376,7.3760000000e-03,3.9271871000e-04
1,2377,7.3770000000e-03,3.9262315000e-04
1,2378,7.3780000000e-03,3.9252762000e-04
1,2379,7.3790000000e-03,3.9243213000e-04
1,2380,7.3800000000e-03,3.9233668000e-04
1,2381,7.3810000000e-03,3.9224124000e-04
1,2382,7.3820000000e-03,3.9214583000e-04
1,2383,7.3830000000e-03,3.9205045000e-04
1,2384,7.3840000000e-03,3.9195510000e-04
1,2385,7.3850000000e-03,3.9185980000e-04
1,2386,7.3860000000e-03,3.9176454000e-04
1,2387,7.3870000000e-03,3.9166932000e-04
1,2388,7.3880000000e-03,3.9157413000e-04
1,2389,7.3890000000e-03,3.9147899000e-04
1,2390,7.3900000000e-03,3.9138388000e-04
1,2391,7.3910000000e-03,3.9128881000e-04
1,2392,7.3920000000e-03,3.9119378000e-04
1,2393,7.3930000000e-03,3.9109879000e-04
1,2394,7.3940000000e-03,3.9100383000e-04
1,2395,7.3950000000e-03,3.9090892000e-04
1,2396,7.3960000000e-03,3.9081404000e-04
1,2397,7.3970000000e-03,3.9071920000e-04
1,2398,7.3980000000e-03,3.9062440000e-04
1,2399,7.3990000000e-03,3.9052963000e-04
1,2400,7.4000000000e-03,3.9043490000e-04
1,2401,7.4010000000e-03,3.9034021000e-04
1,2402,7.4020000000e-03,3.9024556000e-04
1,2403,7.4030000000e-03,3.9015094000e-04
1,2404,7.4040000000e-03,3.9005636000e-04
1,2405,7.4050000000e-03,3.8996182000e-04
1,2406,7.4060000000e-03,3.8986731000e-04
1,2407,7.4070000000e-03,3.8977283000e-04
1,2408,7.4080000000e-03,3.8967839000e-04
1,2409,7.4090000000e-03,3.8958398000e-04
1,2410,7.4100000000e-03,3.8948961000e-04
1,2411,7.4110000000e-03,3.8939528000e-04
1,2412,7.4120000000e-03,3.8930099000e-04
1,2413,7.4130000000e-03,3.8920673000e-04
1,2414,7.4140000000e-03,3.8911251000e-04
1,2415,7.4150000000e-03,3.8901833000e-04
1,2416,7.4160000000e-03,3.8892419000e-04
1,2417,7.4170000000e-03,3.8883009000e-04
1,2418,7.4180000000e-03,3.8873598000e-04
1,2419,7.4190000000e-03,3.8864182000e-04
1,2420,7.4200000000e-03,3.8854758000e-04
1,2421,7.4210000000e-03,3.8845327000e-04
1,2422,7.4220000000e-03,3.8835895000e-04
1,2423,7.4230000000e-03,3.8826467000e-04
1,2424,7.4240000000e-03,3.8817046000e-04
1,2425,7.4250000000e-03,3.8807634000e-04
1,2426,7.4260000000e-03,3.8798228000e-04
1,2427,7.4270000000e-03,3.8788826000e-04
1,2428,7.4280000000e-03,3.8779427000e-04
1,2429,7.4290000000e-03,3.8770031000e-04
1,2430,7.4300000000e-03,3.8760637000e-04
1,2431,7.4310000000e-03,3.8751246000e-04
1,2432,7.4320000000e-03,3.8741860000e-04
1,2433,7.4330000000e-03,3.8732477000e-04
1,2434,7.4340000000e-03,3.8723099000e-04
1,2435,7.4350000000e-03,3.8713724000e-04
1,2436,7.4360000000e-03,3.8704354000e-04
1,2437,7.4370000000e-03,3.8694987000e-04
1,2438,7.4380000000e-03,3.8685624000e-04
1,2439,7.4390000000e-03,3.8676265000e-04
1,2440,7.4400000000e-03,3.8666910000e-04
1,2441,7.4410000000e-03,3.8657558000e-04
1,2442,7.4420000000e-03,3.8648210000e-04
1,2443,7.4430000000e-03,3.8638866000e-04
1,2444,7.4440000000e-03,3.8629525000e-04
1,2445,7.4450000000e-03,3.8620186000e-04
1,2446,7.4460000000e-03,3.8610851000e-04
1,2447,7.4470000000e-03,3.8601518000e-04
1,2448,7.4480000000e-03,3.8592190000e-04
1,2449,7.4490000000e-03,3.8582865000e-04
1,2450,7.4500000000e-03,3.8573544000e-04
1,2451,7.4510000000e-03,3.8564227000e-04
1,2452,7.4520000000e-03,3.8554914000e-04
1,2453,7.4530000000e-03,3.8545604000e-04
1,2454,7.4540000000e-03,3.8536298000e-04
1,2455,7.4550000000e-03,3.8526996000e-04
1,2456,7.4560000000e-03,3.8517698000e-04
1,2457,7.4570000000e-03,3.8508404000e-04
1,2458,7.4580000000e-03,3.8499113000e-04
1,2459,7.4590000000e-03,3.8489826000e-04
1,2460,7.4600000000e-03,3.8480543000e-04
1,2461,7.4610000000e-03,3.8471264000e-04
1,2462,7.4620000000e-03,3.8461988000e-04
1,2463,7.4630000000e-03,3.8452716000e-04
1,2464,7.4640000000e-03,3.8443448000e-04
1,2465,7.4650000000e-03,3.8434184000e-04
1,2466,7.4660000000e-03,3.8424923000e-04
1,2467,7.4670000000e-03,3.8415667000e-04
1,2468,7.4680000000e-03,3.8406414000e-04
1,2469,7.4690000000e-03,3.8397164000e-04
1,2470,7.4700000000e-03,3.8387919000e-04
1,2471,7.4710000000e-03,3.8378677000e-04
1,2472,7.4720000000e-03,3.8369439000e-04
1,2473,7.4730000000e-03,3.8360205000e-04
1,2474,7.4740000000e-03,3.8350973000e-04
1,2475,7.4750000000e-03,3.8341746000e-04
1,2476,7.4760000000e-03,3.8332521000e-04
1,2477,7.4770000000e-03,3.8323300000e-04
1,2478,7.4780000000e-03,3.8314082000e-04
1,2479,7.4790000000e-03,3.8304868000e-04
1,2480,7.4800000000e-03,3.8295657000e-04
1,2481,7.4810000000e-03,3.8286451000e-04
1,2482,7.4820000000e-03,3.8277248000e-04
1,2483,7.4830000000e-03,3.8268049000e-04
1,2484,7.4840000000e-03,3.8258854000e-04
1,2485,7.4850000000e-03,3.8249662000e-04
1,2486,7.4860000000e-03,3.8240474000e-04
1,2487,7.4870000000e-03,3.8231290000e-04
1,2488,7.4880000000e-03,3.8222109000e-04
1,2489,7.4890000000e-03,3.8212933000e-04
1,2490,7.4900000000e-03,3.8203760000e-04
1,2491,7.4910000000e-03,3.8194590000e-04
1,2492,7.4920000000e-03,3.8185425000e-04
1,2493,7.4930000000e-03,3.8176263000e-04
1,2494,7.4940000000e-03,3.8167104000e-04
1,2495,7.4950000000e-03,3.8157950000e-04
1,2496,7.4960000000e-03,3.8148798000e-04
1,2497,7.4970000000e-03,3.8139649000e-04
1,2498,7.4980000000e-03,3.8130503000e-04
1,2499,7.4990000000e-03,3.8121361000e-04
1,2500,7.5000000000e-03,3.8112222000e-04
1,2501,7.5010000000e-03,3.8103087000e-04
1,2502,7.5020000000e-03,3.8093956000e-04
1,2503,7.5030000000e-03,3.8084829000e-04
1,2504,7.5040000000e-03,3.8075705000e-04
1,2505,7.5050000000e-03,3.8066585000e-04
1,2506,7.5060000000e-03,3.8057468000e-04
1,2507,7.5070000000e-03,3.8048356000e-04
1,2508,7.5080000000e-03,3.8039246000e-04
1,2509,7.5090000000e-03,3.8030141000e-04
1,2510,7.5100000000e-03,3.8021039000e-04
1,2511,7.5110000000e-03,3.8011941000e-04
1,2512,7.5120000000e-03,3.8002847000e-04
1,2513,7.5130000000e-03,3.7993756000e-04
1,2514,7.5140000000e-03,3.7984669000e-04
1,2515,7.5150000000e-03,3.7975586000e-04
1,2516,7.5160000000e-03,3.7966506000e-04
1,2517,7.5170000000e-03,3.7957430000e-04
1,2518,7.5180000000e-03,3.7948358000e-04
1,2519,7.5190000000e-03,3.7939289000e-04
1,2520,7.5200000000e-03,3.7930224000e-04
1,2521,7.5210000000e-03,3.7921163000e-04
1,2522,7.5220000000e-03,3.7912105000e-04
1,2523,7.5230000000e-03,3.7903051000e-04
1,2524,7.5240000000e-03,3.7894001000e-04
1,2525,7.5250000000e-03,3.7884954000e-04
1,2526,7.5260000000e-03,3.7875911000e-04
1,2527,7.5270000000e-03,3.7866872000e-04
1,2528,7.5280000000e-03,3.7857835000e-04
1,2529,7.5290000000e-03,3.7848802000e-04
1,2530,7.5300000000e-03,3.7839771000e-04
1,2531,7.5310000000e-03,3.7830744000e-04
1,2532,7.5320000000e-03,3.7821720000e-04
1,2533,7.5330000000e-03,3.7812700000e-04
1,2534,7.5340000000e-03,3.7803684000e-04
1,2535,7.5350000000e-03,3.7794671000e-04
1,2536,7.5360000000e-03,3.7785663000e-04
1,2537,7.5370000000e-03,3.7776657000e-04
1,2538,7.5380000000e-03,3.7767656000e-04
1,2539,7.5390000000e-03,3.7758657000e-04
1,2540,7.5400000000e-03,3.7749663000e-04
1,2541,7.5410000000e-03,3.7740672000e-04
1,2542,7.5420000000e-03,3.7731685000e-04
1,2543,7.5430000000e-03,3.7722701000e-04
1,2544,7.5440000000e-03,3.7713721000e-04
1,2545,7.5450000000e-03,3.7704745000e-04
1,2546,7.5460000000e-03,3.7695772000e-04
1,2547,7.5470000000e-03,3.7686803000e-04
1,2548,7.5480000000e-03,3.7677838000e-04
1,2549,7.5490000000e-03,3.7668876000e-04
1,2550,7.5500000000e-03,3.7659917000e-04
1,2551,7.5510000000e-03,3.7650963000e-04
1,2552,7.5520000000e-03,3.7642011000e-04
1,2553,7.5530000000e-03,3.7633064000e-04
1,2554,7.5540000000e-03,3.7624120000e-04
1,2555,7.5550000000e-03,3.7615180000e-04
1,2556,7.5560000000e-03,3.7606241000e-04
1,2557,7.5570000000e-03,3.7597306000e-04
1,2558,7.5580000000e-03,3.7588375000e-04
1,2559,7.5590000000e-03,3.7579447000e-04
1,2560,7.5600000000e-03,3.7570522000e-04
1,2561,7.5610000000e-03,3.7561601000e-04
1,2562,7.5620000000e-03,3.7552683000e-04
1,2563,7.5630000000e-03,3.7543769000e-04
1,2564,7.5640000000e-03,3.7534859000e-04
1,2565,7.5650000000e-03,3.7525952000e-04
1,2566,7.5660000000e-03,3.7517049000e-04
1,2567,7.5670000000e-03,3.7508149000e-04
1,2568,7.5680000000e-03,3.7499253000e-04
1,2569,7.5690000000e-03,3.7490361000e-04
1,2570,7.5700000000e-03,3.7481472000e-04
1,2571,7.5710000000e-03,3.7472586000e-04
1,2572,7.5720000000e-03,3.7463704000e-04
1,2573,7.5730000000e-03,3.7454826000e-04
1,2574,7.5740000000e-03,3.7445952000e-04
1,2575,7.5750000000e-03,3.7437080000e-04
1,2576,7.5760000000e-03,3.7428213000e-04
1,2577,7.5770000000e-03,3.7419349000e-04
1,2578,7.5780000000e-03,3.7410488000e-04
1,2579,7.5790000000e-03,3.7401631000e-04
1,2580,7.5800000000e-03,3.7392778000e-04
1,2581,7.5810000000e-03,3.7383928000e-04
1,2582,7.5820000000e-03,3.7375082000e-04
1,2583,7.5830000000e-03,3.7366239000e-04
1,2584,7.5840000000e-03,3.7357400000e-04
1,2585,7.5850000000e-03,3.7348562000e-04
1,2586,7.5860000000e-03,3.7339712000e-04
1,2587,7.5870000000e-03,3.7330843000e-04
1,2588,7.5880000000e-03,3.7321957000e-04
1,2589,7.5890000000e-03,3.7313063000e-04
1,2590,7.5900000000e-03,3.7304170000e-04
1,2591,7.5910000000e-03,3.7295287000e-04
1,2592,7.5920000000e-03,3.7286417000e-04
1,2593,7.5930000000e-03,3.7277559000e-04
1,2594,7.5940000000e-03,3.7268711000e-04
1,2595,7.5950000000e-03,3.7259868000e-04
1,2596,7.5960000000e-03,3.7251027000e-04
1,2597,7.5970000000e-03,3.7242185000e-04
1,2598,7.5980000000e-03,3.7233343000e-04
1,2599,7.5990000000e-03,3.7224503000e-04
1,2600,7.6000000000e-03,3.7215664000e-04
1,2601,7.6010000000e-03,3.7206829000e-04
1,2602,7.6020000000e-03,3.7197999000e-04
1,2603,7.6030000000e-03,3.7189175000e-04
1,2604,7.6040000000e-03,3.7180355000e-04
1,2605,7.6050000000e-03,3.7171539000e-04
1,2606,7.6060000000e-03,3.7162727000e-04
1,2607,7.6070000000e-03,3.7153919000e-04
1,2608,7.6080000000e-03,3.7145113000e-04
1,2609,7.6090000000e-03,3.7136311000e-04
1,2610,7.6100000000e-03,3.7127513000e-04
1,2611,7.6110000000e-03,3.7118718000e-04
1,2612,7.6120000000e-03,3.7109927000e-04
1,2613,7.6130000000e-03,3.7101139000e-04
1,2614,7.6140000000e-03,3.7092356000e-04
1,2615,7.6150000000e-03,3.7083577000e-04
1,2616,7.6160000000e-03,3.7074801000e-04
1,2617,7.6170000000e-03,3.7066029000e-04
1,2618,7.6180000000e-03,3.7057260000e-04
1,2619,7.6190000000e-03,3.7048495000e-04
1,2620,7.6200000000e-03,3.7039734000e-04
1,2621,7.6210000000e-03,3.7030976000e-04
1,2622,7.6220000000e-03,3.7022222000e-04
1,2623,7.6230000000e-03,3.7013472000e-04
1,2624,7.6240000000e-03,3.7004726000e-04
1,2625,7.6250000000e-03,3.6995983000e-04
1,2626,7.6260000000e-03,3.6987244000e-04
1,2627,7.6270000000e-03,3.6978506000e-04
1,2628,7.6280000000e-03,3.6969772000e-04
1,2629,7.6290000000e-03,3.6961039000e-04
1,2630,7.6300000000e-03,3.6952309000e-04
1,2631,7.6310000000e-03,3.6943583000e-04
1,2632,7.6320000000e-03,3.6934861000e-04
1,2633,7.6330000000e-03,3.6926142000e-04
1,2634,7.6340000000e-03,3.6917427000e-04
1,2635,7.6350000000e-03,3.6908716000e-04
1,2636,7.6360000000e-03,3.6900008000e-04
1,2637,7.6370000000e-03,3.6891304000e-04
1,2638,7.6380000000e-03,3.6882603000e-04
1,2639,7.6390000000e-03,3.6873906000e-04
1,2640,7.6400000000e-03,3.6865213000e-04
1,2641,7.6410000000e-03,3.6856524000e-04
1,2642,7.6420000000e-03,3.6847838000e-04
1,2643,7.6430000000e-03,3.6839155000e-04
1,2644,7.6440000000e-03,3.6830477000e-04
1,2645,7.6450000000e-03,3.6821802000e-04
1,2646,7.6460000000e-03,3.6813130000e-04
1,2647,7.6470000000e-03,3.6804462000e-04
1,2648,7.6480000000e-03,3.6795798000e-04
1,2649,7.6490000000e-03,3.6787137000e-04
1,2650,7.6500000000e-03,3.6778480000e-04
1,2651,7.6510000000e-03,3.6769827000e-04
1,2652,7.6520000000e-03,3.6761177000e-04
1,2653,7.6530000000e-03,3.6752531000e-04
1,2654,7.6540000000e-03,3.6743888000e-04
1,2655,7.6550000000e-03,3.6735249000e-04
1,2656,7.6560000000e-03,3.6726614000e-04
1,2657,7.6570000000e-03,3.6717982000e-04
1,2658,7.6580000000e-03,3.6709354000e-04
1,2659,7.6590000000e-03,3.6700729000e-04
1,2660,7.6600000000e-03,3.6692108000e-04
1,2661,7.6610000000e-03,3.6683490000e-04
1,2662,7.6620000000e-03,3.6674876000e-04
1,2663,7.6630000000e-03,3.6666266000e-04
1,2664,7.6640000000e-03,3.6657659000e-04
1,2665,7.6650000000e-03,3.6649056000e-04
1,2666,7.6660000000e-03,3.6640456000e-04
1,2667,7.6670000000e-03,3.6631860000e-04
1,2668,7.6680000000e-03,3.6623268000e-04
1,2669,7.6690000000e-03,3.6614678000e-04
1,2670,7.6700000000e-03,3.6606091000e-04
1,2671,7.6710000000e-03,3.6597506000e-04
1,2672,7.6720000000e-03,3.6588924000e-04
1,2673,7.6730000000e-03,3.6580345000e-04
1,2674,7.6740000000e-03,3.6571769000e-04
1,2675,7.6750000000e-03,3.6563197000e-04
1,2676,7.6760000000e-03,3.6554629000e-04
1,2677,7.6770000000e-03,3.6546064000e-04
1,2678,7.6780000000e-03,3.6537503000e-04
1,2679,7.6790000000e-03,3.6528941000e-04
1,2680,7.6800000000e-03,3.6520383000e-04
1,2681,7.6810000000e-03,3.6511828000e-04
1,2682,7.6820000000e-03,3.6503277000e-04
1,2683,7.6830000000e-03,3.6494730000e-04
1,2684,7.6840000000e-03,3.6486186000e-04
1,2685,7.6850000000e-03,3.6477645000e-04
1,2686,7.6860000000e-03,3.6469107000e-04
1,2687,7.6870000000e-03,3.6460571000e-04
1,2688,7.6880000000e-03,3.6452037000e-04
1,2689,7.6890000000e-03,3.6443507000e-04
1,2690,7.6900000000e-03,3.6434981000e-04
1,2691,7.6910000000e-03,3.6426458000e-04
1,2692,7.6920000000e-03,3.6417939000e-04
1,2693,7.6930000000e-03,3.6409423000e-04
1,2694,7.6940000000e-03,3.6400911000e-04
1,2695,7.6950000000e-03,3.6392403000e-04
1,2696,7.6960000000e-03,3.6383897000e-04
1,2697,7.6970000000e-03,3.6375396000e-04
1,2698,7.6980000000e-03,3.6366897000e-04
1,2699,7.6990000000e-03,3.6358403000e-04
1,2700,7.7000000000e-03,3.6349911000e-04
1,2701,7.7010000000e-03,3.6341423000e-04
1,2702,7.7020000000e-03,3.6332939000e-04
1,2703,7.7030000000e-03,3.6324458000e-04
1,2704,7.7040000000e-03,3.6315981000e-04
1,2705,7.7050000000e-03,3.6307507000e-04
1,2706,7.7060000000e-03,3.6299037000e-04
1,2707,7.7070000000e-03,3.6290570000e-04
1,2708,7.7080000000e-03,3.6282106000e-04
1,2709,7.7090000000e-03,3.6273646000e-04
1,2710,7.7100000000e-03,3.6265190000e-04
1,2711,7.7110000000e-03,3.6256737000e-04
1,2712,7.7120000000e-03,3.6248287000e-04
1,2713,7.7130000000e-03,3.6239841000e-04
1,2714,7.7140000000e-03,3.6231398000e-04
1,2715,7.7150000000e-03,3.6222959000e-04
1,2716,7.7160000000e-03,3.6214521000e-04
1,2717,7.7170000000e-03,3.6206085000e-04
1,2718,7.7180000000e-03,3.6197653000e-04
1,2719,7.7190000000e-03,3.6189224000e-04
1,2720,7.7200000000e-03,3.6180799000e-04
1,2721,7.7210000000e-03,3.6172377000e-04
1,2722,7.7220000000e-03,3.6163959000e-04
1,2723,7.7230000000e-03,3.6155544000e-04
1,2724,7.7240000000e-03,3.6147133000e-04
1,2725,7.7250000000e-03,3.6138725000e-04
1,2726,7.7260000000e-03,3.6130320000e-04
1,2727,7.7270000000e-03,3.6121919000e-04
1,2728,7.7280000000e-03,3.6113521000e-04
1,2729,7.7290000000e-03,3.6105125000e-04
1,2730,7.7300000000e-03,3.6096730000e-04
1,2731,7.7310000000e-03,3.6088337000e-04
1,2732,7.7320000000e-03,3.6079948000e-04
1,2733,7.7330000000e-03,3.6071563000e-04
1,2734,7.7340000000e-03,3.6063180000e-04
1,2735,7.7350000000e-03,3.6054802000e-04
1,2736,7.7360000000e-03,3.6046426000e-04
1,2737,7.7370000000e-03,3.6038054000e-04
1,2738,7.7380000000e-03,3.6029686000e-04
1,2739,7.7390000000e-03,3.6021321000e-04
1,2740,7.7400000000e-03,3.6012959000e-04
1,2741,7.7410000000e-03,3.6004600000e-04
1,2742,7.7420000000e-03,3.5996246000e-04
1,2743,7.7430000000e-03,3.5987894000e-04
1,2744,7.7440000000e-03,3.5979546000e-04
1,2745,7.7450000000e-03,3.5971201000e-04
1,2746,7.7460000000e-03,3.5962860000e-04
1,2747,7.7470000000e-03,3.5954522000e-04
1,2748,7.7480000000e-03,3.5946187000e-04
1,2749,7.7490000000e-03,3.5937856000e-04
1,2750,7.7500000000e-03,3.5929528000e-04
1,2751,7.7510000000e-03,3.5921204000e-04
1,2752,7.7520000000e-03,3.5912883000e-04
1,2753,7.7530000000e-03,3.5904565000e-04
1,2754,7.7540000000e-03,3.5896251000e-04
1,2755,7.7550000000e-03,3.5887940000e-04
1,2756,7.7560000000e-03,3.5879633000e-04
1,2757,7.7570000000e-03,3.5871328000e-04
1,2758,7.7580000000e-03,3.5863028000e-04
1,2759,7.7590000000e-03,3.5854730000e-04
1,2760,7.7600000000e-03,3.5846436000e-04
1,2761,7.7610000000e-03,3.5838146000e-04
1,2762,7.7620000000e-03,3.5829858000e-04
1,2763,7.7630000000e-03,3.5821574000e-04
1,2764,7.7640000000e-03,3.5813294000e-04
1,2765,7.7650000000e-03,3.5805016000e-04
1,2766,7.7660000000e-03,3.5796742000e-04
1,2767,7.7670000000e-03,3.5788472000e-04
1,2768,7.7680000000e-03,3.5780205000e-04
1,2769,7.7690000000e-03,3.5771941000e-04
1,2770,7.7700000000e-03,3.5763680000e-04
1,2771,7.7710000000e-03,3.5755423000e-04
1,2772,7.7720000000e-03,3.5747169000e-04
1,2773,7.7730000000e-03,3.5738919000e-04
1,2774,7.7740000000e-03,3.5730672000e-04
1,2775,7.7750000000e-03,3.5722428000e-04
1,2776,7.7760000000e-03,3.5714187000e-04
1,2777,7.7770000000e-03,3.5705946000e-04
1,2778,7.7780000000e-03,3.5697703000e-04
1,2779,7.7790000000e-03,3.5689460000e-04
1,2780,7.7800000000e-03,3.5681221000e-04
1,2781,7.7810000000e-03,3.5672987000e-04
1,2782,7.7820000000e-03,3.5664756000e-04
1,2783,7.7830000000e-03,3.5656529000e-04
1,2784,7.7840000000e-03,3.5648306000e-04
1,2785,7.7850000000e-03,3.5640085000e-04
1,2786,7.7860000000e-03,3.5631868000e-04
1,2787,7.7870000000e-03,3.5623654000e-04
1,2788,7.7880000000e-03,3.5615443000e-04
1,2789,7.7890000000e-03,3.5607235000e-04
1,2790,7.7900000000e-03,3.5599031000e-04
1,2791,7.7910000000e-03,3.5590831000e-04
1,2792,7.7920000000e-03,3.5582633000e-04
1,2793,7.7930000000e-03,3.5574439000e-04
1,2794,7.7940000000e-03,3.5566248000e-04
1,2795,7.7950000000e-03,3.5558060000e-04
1,2796,7.7960000000e-03,3.5549876000e-04
1,2797,7.7970000000e-03,3.5541695000e-04
1,2798,7.7980000000e-03,3.5533518000e-04
1,2799,7.7990000000e-03,3.5525343000e-04
1,2800,7.8000000000e-03,3.5517172000e-04
1,2801,7.8010000000e-03,3.5509004000e-04
1,2802,7.8020000000e-03,3.5500840000e-04
1,2803,7.8030000000e-03,3.5492679000e-04
1,2804,7.8040000000e-03,3.5484521000e-04
1,2805,7.8050000000e-03,3.5476366000e-04
1,2806,7.8060000000e-03,3.5468215000e-04
1,2807,7.8070000000e-03,3.5460066000e-04
1,2808,7.8080000000e-03,3.5451922000e-04
1,2809,7.8090000000e-03,3.5443780000e-04
1,2810,7.8100000000e-03,3.5435642000e-04
1,2811,7.8110000000e-03,3.5427507000e-04
1,2812,7.8120000000e-03,3.5419375000e-04
1,2813,7.8130000000e-03,3.5411247000e-04
1,2814,7.8140000000e-03,3.5403121000e-04
1,2815,7.8150000000e-03,3.5395000000e-04
1,2816,7.8160000000e-03,3.5386881000e-04
1,2817,7.8170000000e-03,3.5378765000e-04
1,2818,7.8180000000e-03,3.5370653000e-04
1,2819,7.8190000000e-03,3.5362544000e-04
1,2820,7.8200000000e-03,3.5354439000e-04
1,2821,7.8210000000e-03,3.5346336000e-04
1,2822,7.8220000000e-03,3.5338237000e-04
1,2823,7.8230000000e-03,3.5330141000e-04
1,2824,7.8240000000e-03,3.5322049000e-04
1,2825,7.8250000000e-03,3.5313959000e-04
1,2826,7.8260000000e-03,3.5305873000e-04
1,2827,7.8270000000e-03,3.5297789000e-04
1,2828,7.8280000000e-03,3.5289706000e-04
1,2829,7.8290000000e-03,3.5281624000e-04
1,2830,7.8300000000e-03,3.5273544000e-04
1,2831,7.8310000000e-03,3.5265467000e-04
1,2832,7.8320000000e-03,3.5257394000e-04
1,2833,7.8330000000e-03,3.5249324000e-04
1,2834,7.8340000000e-03,3.5241257000e-04
1,2835,7.8350000000e-03,3.5233194000e-04
1,2836,7.8360000000e-03,3.5225134000e-04
1,2837,7.8370000000e-03,3.5217076000e-04
1,2838,7.8380000000e-03,3.5209023000e-04
1,2839,7.8390000000e-03,3.5200972000e-04
1,2840,7.8400000000e-03,3.5192925000e-04
1,2841,7.8410000000e-03,3.5184880000e-04
1,2842,7.8420000000e-03,3.5176839000e-04
1,2843,7.8430000000e-03,3.5168802000e-04
1,2844,7.8440000000e-03,3.5160767000e-04
1,2845,7.8450000000e-03,3.5152736000e-04
1,2846,7.8460000000e-03,3.5144708000e-04
1,2847,7.8470000000e-03,3.5136683000e-04
1,2848,7.8480000000e-03,3.5128661000e-04
1,2849,7.8490000000e-03,3.5120642000e-04
1,2850,7.8500000000e-03,3.5112627000e-04
1,2851,7.8510000000e-03,3.5104615000e-04
1,2852,7.8520000000e-03,3.5096606000e-04
1,2853,7.8530000000e-03,3.5088601000e-04
1,2854,7.8540000000e-03,3.5080598000e-04
1,2855,7.8550000000e-03,3.5072599000e-04
1,2856,7.8560000000e-03,3.5064603000e-04
1,2857,7.8570000000e-03,3.5056610000e-04
1,2858,7.8580000000e-03,3.5048620000e-04
1,2859,7.8590000000e-03,3.5040633000e-04
1,2860,7.8600000000e-03,3.5032650000e-04
1,2861,7.8610000000e-03,3.5024670000e-04
1,2862,7.8620000000e-03,3.5016693000e-04
1,2863,7.8630000000e-03,3.5008719000e-04
1,2864,7.8640000000e-03,3.5000749000e-04
1,2865,7.8650000000e-03,3.4992781000e-04
1,2866,7.8660000000e-03,3.4984817000e-04
1,2867,7.8670000000e-03,3.4976856000e-04
1,2868,7.8680000000e-03,3.4968898000e-04
1,2869,7.8690000000e-03,3.4960943000e-04
1,2870,7.8700000000e-03,3.4952992000e-04
1,2871,7.8710000000e-03,3.4945043000e-04
1,2872,7.8720000000e-03,3.4937098000e-04
1,2873,7.8730000000e-03,3.4929156000e-04
1,2874,7.8740000000e-03,3.4921217000e-04
1,2875,7.8750000000e-03,3.4913281000e-04
1,2876,7.8760000000e-03,3.4905349000e-04
1,2877,7.8770000000e-03,3.4897419000e-04
1,2878,7.8780000000e-03,3.4889493000e-04
1,2879,7.8790000000e-03,3.4881570000e-04
1,2880,7.8800000000e-03,3.4873650000e-04
1,2881,7.8810000000e-03,3.4865733000e-04
1,2882,7.8820000000e-03,3.4857819000e-04
1,2883,7.8830000000e-03,3.4849909000e-04
1,2884,7.8840000000e-03,3.4842001000e-04
1,2885,7.8850000000e-03,3.4834097000e-04
1,2886,7.8860000000e-03,3.4826196000e-04
1,2887,7.8870000000e-03,3.4818298000e-04
1,2888,7.8880000000e-03,3.4810403000e-04
1,2889,7.8890000000e-03,3.4802512000e-04
1,2890,7.8900000000e-03,3.4794623000e-04
1,2891,7.8910000000e-03,3.4786738000e-04
1,2892,7.8920000000e-03,3.4778855000e-04
1,2893,7.8930000000e-03,3.4770976000e-04
1,2894,7.8940000000e-03,3.4763100000e-04
1,2895,7.8950000000e-03,3.4755227000e-04
1,2896,7.8960000000e-03,3.4747358000e-04
1,2897,7.8970000000e-03,3.4739491000e-04
1,2898,7.8980000000e-03,3.4731628000e-04
1,2899,7.8990000000e-03,3.4723767000e-04
1,2900,7.9000000000e-03,3.4715910000e-04
1,2901,7.9010000000e-03,3.4708056000e-04
1,2902,7.9020000000e-03,3.4700205000e-04
1,2903,7.9030000000e-03,3.4692357000e-04
1,2904,7.9040000000e-03,3.4684512000e-04
1,2905,7.9050000000e-03,3.4676670000e-04
1,2906,7.9060000000e-03,3.4668832000e-04
1,2907,7.9070000000e-03,3.4660996000e-04
1,2908,7.9080000000e-03,3.4653164000e-04
1,2909,7.9090000000e-03,3.4645334000e-04
1,2910,7.9100000000e-03,3.4637508000e-04
1,2911,7.9110000000e-03,3.4629685000e-04
1,2912,7.9120000000e-03,3.4621865000e-04
1,2913,7.9130000000e-03,3.4614048000e-04
1,2914,7.9140000000e-03,3.4606234000e-04
1,2915,7.9150000000e-03,3.4598424000e-04
1,2916,7.9160000000e-03,3.4590616000e-04
1,2917,7.9170000000e-03,3.4582812000e-04
1,2918,7.9180000000e-03,3.4575010000e-04
1,2919,7.9190000000e-03,3.4567212000e-04
1,2920,7.9200000000e-03,3.4559416000e-04
1,2921,7.9210000000e-03,3.4551624000e-04
1,2922,7.9220000000e-03,3.4543835000e-04
1,2923,7.9230000000e-03,3.4536049000e-04
1,2924,7.9240000000e-03,3.4528266000e-04
1,2925,7.9250000000e-03,3.4520486000e-04
1,2926,7.9260000000e-03,3.4512710000e-04
1,2927,7.9270000000e-03,3.4504936000e-04
1,2928,7.9280000000e-03,3.4497165000e-04
1,2929,7.9290000000e-03,3.4489398000e-04
1,2930,7.9300000000e-03,3.4481633000e-04
1,2931,7.9310000000e-03,3.4473872000e-04
1,2932,7.9320000000e-03,3.4466113000e-04
1,2933,7.9330000000e-03,3.4458358000e-04
1,2934,7.9340000000e-03,3.4450606000e-04
1,2935,7.9350000000e-03,3.4442857000e-04
1,2936,7.9360000000e-03,3.4435111000e-04
1,2937,7.9370000000e-03,3.4427367000e-04
1,2938,7.9380000000e-03,3.4419627000e-04
1,2939,7.9390000000e-03,3.4411891000e-04
1,2940,7.9400000000e-03,3.4404157000e-04
1,2941,7.9410000000e-03,3.4396426000e-04
1,2942,7.9420000000e-03,3.4388698000e-04
1,2943,7.9430000000e-03,3.4380973000e-04
1,2944,7.9440000000e-03,3.4373251000e-04
1,2945,7.9450000000e-03,3.4365533000e-04
1,2946,7.9460000000e-03,3.4357817000e-04
1,2947,7.9470000000e-03,3.4350105000e-04
1,2948,7.9480000000e-03,3.4342395000e-04
1,2949,7.9490000000e-03,3.4334689000e-04
1,2950,7.9500000000e-03,3.4326985000e-04
1,2951,7.9510000000e-03,3.4319285000e-04
1,2952,7.9520000000e-03,3.4311587000e-04
1,2953,7.9530000000e-03,3.4303893000e-04
1,2954,7.9540000000e-03,3.4296202000e-04
1,2955,7.9550000000e-03,3.4288513000e-04
1,2956,7.9560000000e-03,3.4280828000e-04
1,2957,7.9570000000e-03,3.4273146000e-04
1,2958,7.9580000000e-03,3.4265467000e-04
1,2959,7.9590000000e-03,3.4257790000e-04
1,2960,7.9600000000e-03,3.4250117000e-04
1,2961,7.9610000000e-03,3.4242447000e-04
1,2962,7.9620000000e-03,3.4234780000e-04
1,2963,7.9630000000e-03,3.4227116000e-04
1,2964,7.9640000000e-03,3.4219455000e-04
1,2965,7.9650000000e-03,3.4211797000e-04
1,2966,7.9660000000e-03,3.4204141000e-04
1,2967,7.9670000000e-03,3.4196489000e-04
1,2968,7.9680000000e-03,3.4188840000e-04
1,2969,7.9690000000e-03,3.4181194000e-04
1,2970,7.9700000000e-03,3.4173551000e-04
1,2971,7.9710000000e-03,3.4165911000e-04
1,2972,7.9720000000e-03,3.4158274000e-04
1,2973,7.9730000000e-03,3.4150640000e-04
1,2974,7.9740000000e-03,3.4143009000e-04
1,2975,7.9750000000e-03,3.4135381000e-04
1,2976,7.9760000000e-03,3.4127756000e-04
1,2977,7.9770000000e-03,3.4120134000e-04
1,2978,7.9780000000e-03,3.4112515000e-04
1,2979,7.9790000000e-03,3.4104899000e-04
1,2980,7.9800000000e-03,3.4097286000e-04
1,2981,7.9810000000e-03,3.4089676000e-04
1,2982,7.9820000000e-03,3.4082068000e-04
1,2983,7.9830000000e-03,3.4074464000e-04
1,2984,7.9840000000e-03,3.4066863000e-04
1,2985,7.9850000000e-03,3.4059265000e-04
1,2986,7.9860000000e-03,3.4051670000e-04
1,2987,7.9870000000e-03,3.4044078000e-04
1,2988,7.9880000000e-03,3.4036488000e-04
1,2989,7.9890000000e-03,3.4028902000e-04
1,2990,7.9900000000e-03,3.4021319000e-04
1,2991,7.9910000000e-03,3.4013739000e-04
1,2992,7.9920000000e-03,3.4006161000e-04
1,2993,7.9930000000e-03,3.3998587000e-04
1,2994,7.9940000000e-03,3.3991016000e-04
1,2995,7.9950000000e-03,3.3983447000e-04
1,2996,7.9960000000e-03,3.3975882000e-04
1,2997,7.9970000000e-03,3.3968319000e-04
1,2998,7.9980000000e-03,3.3960760000e-04
1,2999,7.9990000000e-03,3.3953203000e-04
1,3000,8.0000000000e-03,3.3945649000e-04
1,3001,8.0010000000e-03,3.3938099000e-04
1,3002,8.0020000000e-03,3.3930551000e-04
1,3003,8.0030000000e-03,3.3923006000e-04
1,3004,8.0040000000e-03,3.3915465000e-04
1,3005,8.0050000000e-03,3.3907926000e-04
1,3006,8.0060000000e-03,3.3900390000e-04
1,3007,8.0070000000e-03,3.3892857000e-04
1,3008,8.0080000000e-03,3.3885327000e-04
1,3009,8.0090000000e-03,3.3877800000e-04
1,3010,8.0100000000e-03,3.3870276000e-04
1,3011,8.0110000000e-03,3.3862755000e-04
1,3012,8.0120000000e-03,3.3855237000e-04
1,3013,8.0130000000e-03,3.3847721000e-04
1,3014,8.0140000000e-03,3.3840209000e-04
1,3015,8.0150000000e-03,3.3832700000e-04
1,3016,8.0160000000e-03,3.3825193000e-04
1,3017,8.0170000000e-03,3.3817690000e-04
1,3018,8.0180000000e-03,3.3810189000e-04
1,3019,8.0190000000e-03,3.3802691000e-04
1,3020,8.0200000000e-03,3.3795197000e-04
1,3021,8.0210000000e-03,3.3787705000e-04
1,3022,8.0220000000e-03,3.3780216000e-04
1,3023,8.0230000000e-03,3.3772730000e-04
1,3024,8.0240000000e-03,3.3765247000e-04
1,3025,8.0250000000e-03,3.3757767000e-04
1,3026,8.0260000000e-03,3.3750290000e-04
1,3027,8.0270000000e-03,3.3742815000e-04
1,3028,8.0280000000e-03,3.3735344000e-04
1,3029,8.0290000000e-03,3.3727876000e-04
1,3030,8.0300000000e-03,3.3720410000e-04
1,3031,8.0310000000e-03,3.3712947000e-04
1,3032,8.0320000000e-03,3.3705488000e-04
1,3033,8.0330000000e-03,3.3698031000e-04
1,3034,8.0340000000e-03,3.3690577000e-04
1,3035,8.0350000000e-03,3.3683126000e-04
1,3036,8.0360000000e-03,3.3675678000e-04
1,3037,8.0370000000e-03,3.3668233000e-04
1,3038,8.0380000000e-03,3.3660791000e-04
1,3039,8.0390000000e-03,3.3653351000e-04
1,3040,8.0400000000e-03,3.3645915000e-04
1,3041,8.0410000000e-03,3.3638481000e-04
1,3042,8.0420000000e-03,3.3631051000e-04
1,3043,8.0430000000e-03,3.3623623000e-04
1,3044,8.0440000000e-03,3.3616198000e-04
1,3045,8.0450000000e-03,3.3608776000e-04
1,3046,8.0460000000e-03,3.3601357000e-04
1,3047,8.0470000000e-03,3.3593941000e-04
1,3048,8.0480000000e-03,3.3586528000e-04
1,3049,8.0490000000e-03,3.3579117000e-04
1,3050,8.0500000000e-03,3.3571710000e-04
1,3051,8.0510000000e-03,3.3564305000e-04
1,3052,8.0520000000e-03,3.3556903000e-04
1,3053,8.0530000000e-03,3.3549504000e-04
1,3054,8.0540000000e-03,3.3542108000e-04
1,3055,8.0550000000e-03,3.3534715000e-04
1,3056,8.0560000000e-03,3.3527325000e-04
1,3057,8.0570000000e-03,3.3519938000e-04
1,3058,8.0580000000e-03,3.3512553000e-04
1,3059,8.0590000000e-03,3.3505172000e-04
1,3060,8.0600000000e-03,3.3497793000e-04
1,3061,8.0610000000e-03,3.3490417000e-04
1,3062,8.0620000000e-03,3.3483044000e-04
1,3063,8.0630000000e-03,3.3475674000e-04
1,3064,8.0640000000e-03,3.3468306000e-04
1,3065,8.0650000000e-03,3.3460942000e-04
1,3066,8.0660000000e-03,3.3453581000e-04
1,3067,8.0670000000e-03,3.3446222000e-04
1,3068,8.0680000000e-03,3.3438866000e-04
1,3069,8.0690000000e-03,3.3431513000e-04
1,3070,8.0700000000e-03,3.3424163000e-04
1,3071,8.0710000000e-03,3.3416816000e-04
1,3072,8.0720000000e-03,3.3409471000e-04
1,3073,8.0730000000e-03,3.3402130000e-04
1,3074,8.0740000000e-03,3.3394791000e-04
1,3075,8.0750000000e-03,3.3387455000e-04
1,3076,8.0760000000e-03,3.3380122000e-04
1,3077,8.0770000000e-03,3.3372792000e-04
1,3078,8.0780000000e-03,3.3365465000e-04
1,3079,8.0790000000e-03,3.3358140000e-04
1,3080,8.0800000000e-03,3.3350819000e-04
1,3081,8.0810000000e-03,3.3343500000e-04
1,3082,8.0820000000e-03,3.3336184000e-04
1,3083,8.0830000000e-03,3.3328871000e-04
1,3084,8.0840000000e-03,3.3321561000e-04
1,3085,8.0850000000e-03,3.3314253000e-04
1,3086,8.0860000000e-03,3.3306949000e-04
1,3087,8.0870000000e-03,3.3299647000e-04
1,3088,8.0880000000e-03,3.3292348000e-04
1,3089,8.0890000000e-03,3.3285052000e-04
1,3090,8.0900000000e-03,3.3277759000e-04
1,3091,8.0910000000e-03,3.3270468000e-04
1,3092,8.0920000000e-03,3.3263181000e-04
1,3093,8.0930000000e-03,3.3255896000e-04
1,3094,8.0940000000e-03,3.3248614000e-04
1,3095,8.0950000000e-03,3.3241335000e-04
1,3096,8.0960000000e-03,3.3234058000e-04
1,3097,8.0970000000e-03,3.3226785000e-04
1,3098,8.0980000000e-03,3.3219514000e-04
1,3099,8.0990000000e-03,3.3212246000e-04
1,3100,8.1000000000e-03,3.3204981000e-04
1,3101,8.1010000000e-03,3.3197719000e-04
1,3102,8.1020000000e-03,3.3190460000e-04
1,3103,8.1030000000e-03,3.3183203000e-04
1,3104,8.1040000000e-03,3.3175949000e-04
1,3105,8.1050000000e-03,3.3168698000e-04
1,3106,8.1060000000e-03,3.3161450000e-04
1,3107,8.1070000000e-03,3.3154205000e-04
1,3108,8.1080000000e-03,3.3146962000e-04
1,3109,8.1090000000e-03,3.3139722000e-04
1,3110,8.1100000000e-03,3.3132485000e-04
1,3111,8.1110000000e-03,3.3125251000e-04
1,3112,8.1120000000e-03,3.3118020000e-04
1,3113,8.1130000000e-03,3.3110791000e-04
1,3114,8.1140000000e-03,3.3103565000e-04
1,3115,8.1150000000e-03,3.3096342000e-04
1,3116,8.1160000000e-03,3.3089122000e-04
1,3117,8.1170000000e-03,3.3081905000e-04
1,3118,8.1180000000e-03,3.3074690000e-04
1,3119,8.1190000000e-03,3.3067478000e-04
1,3120,8.1200000000e-03,3.3060269000e-04
1,3121,8.1210000000e-03,3.3053063000e-04
1,3122,8.1220000000e-03,3.3045860000e-04
1,3123,8.1230000000e-03,3.3038659000e-04
1,3124,8.1240000000e-03,3.3031461000e-04
1,3125,8.1250000000e-03,3.3024266000e-04
1,3126,8.1260000000e-03,3.3017074000e-04
1,3127,8.1270000000e-03,3.3009884000e-04
1,3128,8.1280000000e-03,3.3002697000e-04
1,3129,8.1290000000e-03,3.2995513000e-04
1,3130,8.1300000000e-03,3.2988332000e-04
1,3131,8.1310000000e-03,3.2981154000e-04
1,3132,8.1320000000e-03,3.2973978000e-04
1,3133,8.1330000000e-03,3.2966805000e-04
1,3134,8.1340000000e-03,3.2959635000e-04
1,3135,8.1350000000e-03,3.2952468000e-04
1,3136,8.1360000000e-03,3.2945303000e-04
1,3137,8.1370000000e-03,3.2938141000e-04
1,3138,8.1380000000e-03,3.2930982000e-04
1,3139,8.1390000000e-03,3.2923826000e-04
1,3140,8.1400000000e-03,3.2916672000e-04
1,3141,8.1410000000e-03,3.2909521000e-04
1,3142,8.1420000000e-03,3.2902373000e-04
1,3143,8.1430000000e-03,3.2895228000e-04
1,3144,8.1440000000e-03,3.2888085000e-04
1,3145,8.1450000000e-03,3.2880946000e-04
1,3146,8.1460000000e-03,3.2873809000e-04
1,3147,8.1470000000e-03,3.2866674000e-04
1,3148,8.1480000000e-03,3.2859543000e-04
1,3149,8.1490000000e-03,3.2852414000e-04
1,3150,8.1500000000e-03,3.2845288000e-04
1,3151,8.1510000000e-03,3.2838165000e-04
1,3152,8.1520000000e-03,3.2831044000e-04
1,3153,8.1530000000e-03,3.2823926000e-04
1,3154,8.1540000000e-03,3.2816811000e-04
1,3155,8.1550000000e-03,3.2809699000e-04
1,3156,8.1560000000e-03,3.2802590000e-04
1,3157,8.1570000000e-03,3.2795483000e-04
1,3158,8.1580000000e-03,3.2788379000e-04
1,3159,8.1590000000e-03,3.2781277000e-04
1,3160,8.1600000000e-03,3.2774179000e-04
1,3161,8.1610000000e-03,3.2767083000e-04
1,3162,8.1620000000e-03,3.2759990000e-04
1,3163,8.1630000000e-03,3.2752899000e-04
1,3164,8.1640000000e-03,3.2745811000e-04
1,3165,8.1650000000e-03,3.2738727000e-04
1,3166,8.1660000000e-03,3.2731644000e-04
1,3167,8.1670000000e-03,3.2724565000e-04
1,3168,8.1680000000e-03,3.2717488000e-04
1,3169,8.1690000000e-03,3.2710414000e-04
1,3170,8.1700000000e-03,3.2703343000e-04
1,3171,8.1710000000e-03,3.2696274000e-04
1,3172,8.1720000000e-03,3.2689208000e-04
1,3173,8.1730000000e-03,3.2682145000e-04
1,3174,8.1740000000e-03,3.2675084000e-04
1,3175,8.1750000000e-03,3.2668027000e-04
1,3176,8.1760000000e-03,3.2660972000e-04
1,3177,8.1770000000e-03,3.2653919000e-04
1,3178,8.1780000000e-03,3.2646870000e-04
1,3179,8.1790000000e-03,3.2639823000e-04
1,3180,8.1800000000e-03,3.2632778000e-04
1,3181,8.1810000000e-03,3.2625737000e-04
1,3182,8.1820000000e-03,3.2618698000e-04
1,3183,8.1830000000e-03,3.2611662000e-04
1,3184,8.1840000000e-03,3.2604629000e-04
1,3185,8.1850000000e-03,3.2597598000e-04
1,3186,8.1860000000e-03,3.2590570000e-04
1,3187,8.1870000000e-03,3.2583545000e-04
1,3188,8.1880000000e-03,3.2576522000e-04
1,3189,8.1890000000e-03,3.2569502000e-04
1,3190,8.1900000000e-03,3.2562485000e-04
1,3191,8.1910000000e-03,3.2555470000e-04
1,3192,8.1920000000e-03,3.2548459000e-04
1,3193,8.1930000000e-03,3.2541450000e-04
1,3194,8.1940000000e-03,3.2534443000e-04
1,3195,8.1950000000e-03,3.2527439000e-04
1,3196,8.1960000000e-03,3.2520438000e-04
1,3197,8.1970000000e-03,3.2513439000e-04
1,3198,8.1980000000e-03,3.2506443000e-04
1,3199,8.1990000000e-03,3.2499449000e-04
1,3200,8.2000000000e-03,3.2492458000e-04
1,3201,8.2010000000e-03,3.2485470000e-04
1,3202,8.2020000000e-03,3.2478484000e-04
1,3203,8.2030000000e-03,3.2471501000e-04
1,3204,8.2040000000e-03,3.2464520000e-04
1,3205,8.2050000000e-03,3.2457540000e-04
1,3206,8.2060000000e-03,3.2450563000e-04
1,3207,8.2070000000e-03,3.2443589000e-04
1,3208,8.2080000000e-03,3.2436617000e-04
1,3209,8.2090000000e-03,3.2429647000e-04
1,3210,8.2100000000e-03,3.2422680000e-04
1,3211,8.2110000000e-03,3.2415716000e-04
1,3212,8.2120000000e-03,3.2408755000e-04
1,3213,8.2130000000e-03,3.2401796000e-04
1,3214,8.2140000000e-03,3.2394840000e-04
1,3215,8.2150000000e-03,3.2387887000e-04
1,3216,8.2160000000e-03,3.2380936000e-04
1,3217,8.2170000000e-03,3.2373988000e-04
1,3218,8.2180000000e-03,3.2367043000e-04
1,3219,8.2190000000e-03,3.2360100000e-04
1,3220,8.2200000000e-03,3.2353160000e-04
1,3221,8.2210000000e-03,3.2346222000e-04
1,3222,8.2220000000e-03,3.2339288000e-04
1,3223,8.2230000000e-03,3.2332355000e-04
1,3224,8.2240000000e-03,3.2325426000e-04
1,3225,8.2250000000e-03,3.2318499000e-04
1,3226,8.2260000000e-03,3.2311575000e-04
1,3227,8.2270000000e-03,3.2304653000e-04
1,3228,8.2280000000e-03,3.2297734000e-04
1,3229,8.2290000000e-03,3.2290818000e-04
1,3230,8.2300000000e-03,3.2283905000e-04
1,3231,8.2310000000e-03,3.2276993000e-04
1,3232,8.2320000000e-03,3.2270084000e-04
1,3233,8.2330000000e-03,3.2263178000e-04
1,3234,8.2340000000e-03,3.2256274000e-04
1,3235,8.2350000000e-03,3.2249373000e-04
1,3236,8.2360000000e-03,3.2242475000e-04
1,3237,8.2370000000e-03,3.2235579000e-04
1,3238,8.2380000000e-03,3.2228686000e-04
1,3239,8.2390000000e-03,3.2221795000e-04
1,3240,8.2400000000e-03,3.2214907000e-04
1,3241,8.2410000000e-03,3.2208020000e-04
1,3242,8.2420000000e-03,3.2201137000e-04
1,3243,8.2430000000e-03,3.2194256000e-04
1,3244,8.2440000000e-03,3.2187377000e-04
1,3245,8.2450000000e-03,3.2180502000e-04
1,3246,8.2460000000e-03,3.2173629000e-04
1,3247,8.2470000000e-03,3.2166753000e-04
1,3248,8.2480000000e-03,3.2159874000e-04
1,3249,8.2490000000e-03,3.2152994000e-04
1,3250,8.2500000000e-03,3.2146115000e-04
1,3251,8.2510000000e-03,3.2139241000e-04
1,3252,8.2520000000e-03,3.2132372000e-04
1,3253,8.2530000000e-03,3.2125506000e-04
1,3254,8.2540000000e-03,3.2118643000e-04
1,3255,8.2550000000e-03,3.2111782000e-04
1,3256,8.2560000000e-03,3.2104924000e-04
1,3257,8.2570000000e-03,3.2098067000e-04
1,3258,8.2580000000e-03,3.2091214000e-04
1,3259,8.2590000000e-03,3.2084363000e-04
1,3260,8.2600000000e-03,3.2077514000e-04
1,3261,8.2610000000e-03,3.2070669000e-04
1,3262,8.2620000000e-03,3.2063826000e-04
1,3263,8.2630000000e-03,3.2056986000e-04
1,3264,8.2640000000e-03,3.2050148000e-04
1,3265,8.2650000000e-03,3.2043313000e-04
1,3266,8.2660000000e-03,3.2036481000e-04
1,3267,8.2670000000e-03,3.2029651000e-04
1,3268,8.2680000000e-03,3.2022824000e-04
1,3269,8.2690000000e-03,3.2015999000e-04
1,3270,8.2700000000e-03,3.2009177000e-04
1,3271,8.2710000000e-03,3.2002358000e-04
1,3272,8.2720000000e-03,3.1995541000e-04
1,3273,8.2730000000e-03,3.1988727000e-04
1,3274,8.2740000000e-03,3.1981916000e-04
1,3275,8.2750000000e-03,3.1975107000e-04
1,3276,8.2760000000e-03,3.1968301000e-04
1,3277,8.2770000000e-03,3.1961497000e-04
1,3278,8.2780000000e-03,3.1954696000e-04
1,3279,8.2790000000e-03,3.1947898000e-04
1,3280,8.2800000000e-03,3.1941102000e-04
1,3281,8.2810000000e-03,3.1934309000e-04
1,3282,8.2820000000e-03,3.1927518000e-04
1,3283,8.2830000000e-03,3.1920730000e-04
1,3284,8.2840000000e-03,3.1913945000e-04
1,3285,8.2850000000e-03,3.1907162000e-04
1,3286,8.2860000000e-03,3.1900382000e-04
1,3287,8.2870000000e-03,3.1893604000e-04
1,3288,8.2880000000e-03,3.1886829000e-04
1,3289,8.2890000000e-03,3.1880057000e-04
1,3290,8.2900000000e-03,3.1873287000e-04
1,3291,8.2910000000e-03,3.1866520000e-04
1,3292,8.2920000000e-03,3.1859755000e-04
1,3293,8.2930000000e-03,3.1852993000e-04
1,3294,8.2940000000e-03,3.1846234000e-04
1,3295,8.2950000000e-03,3.1839477000e-04
1,3296,8.2960000000e-03,3.1832722000e-04
1,3297,8.2970000000e-03,3.1825971000e-04
1,3298,8.2980000000e-03,3.1819222000e-04
1,3299,8.2990000000e-03,3.1812475000e-04
1,3300,8.3000000000e-03,3.1805731000e-04
1,3301,8.3010000000e-03,3.1798990000e-04
1,3302,8.3020000000e-03,3.1792251000e-04
1,3303,8.3030000000e-03,3.1785515000e-04
1,3304,8.3040000000e-03,3.1778781000e-04
1,3305,8.3050000000e-03,3.1772050000e-04
1,3306,8.3060000000e-03,3.1765322000e-04
1,3307,8.3070000000e-03,3.1758596000e-04
1,3308,8.3080000000e-03,3.1751873000e-04
1,3309,8.3090000000e-03,3.1745152000e-04
1,3310,8.3100000000e-03,3.1738434000e-04
1,3311,8.3110000000e-03,3.1731718000e-04
1,3312,8.3120000000e-03,3.1725005000e-04
1,3313,8.3130000000e-03,3.1718295000e-04
1,3314,8.3140000000e-03,3.1711587000e-04
1,3315,8.3150000000e-03,3.1704881000e-04
1,3316,8.3160000000e-03,3.1698179000e-04
1,3317,8.3170000000e-03,3.1691478000e-04
1,3318,8.3180000000e-03,3.1684781000e-04
1,3319,8.3190000000e-03,3.1678086000e-04
1,3320,8.3200000000e-03,3.1671393000e-04
1,3321,8.3210000000e-03,3.1664703000e-04
1,3322,8.3220000000e-03,3.1658016000e-04
1,3323,8.3230000000e-03,3.1651331000e-04
1,3324,8.3240000000e-03,3.1644648000e-04
1,3325,8.3250000000e-03,3.1637969000e-04
1,3326,8.3260000000e-03,3.1631291000e-04
1,3327,8.3270000000e-03,3.1624617000e-04
1,3328,8.3280000000e-03,3.1617945000e-04
1,3329,8.3290000000e-03,3.1611275000e-04
1,3330,8.3300000000e-03,3.1604608000e-04
1,3331,8.3310000000e-03,3.1597944000e-04
1,3332,8.3320000000e-03,3.1591282000e-04
1,3333,8.3330000000e-03,3.1584622000e-04
1,3334,8.3340000000e-03,3.1577965000e-04
1,3335,8.3350000000e-03,3.1571310000e-04
1,3336,8.3360000000e-03,3.1564656000e-04
1,3337,8.3370000000e-03,3.1558003000e-04
1,3338,8.3380000000e-03,3.1551353000e-04
1,3339,8.3390000000e-03,3.1544705000e-04
1,3340,8.3400000000e-03,3.1538061000e-04
1,3341,8.3410000000e-03,3.1531419000e-04
1,3342,8.3420000000e-03,3.1524779000e-04
1,3343,8.3430000000e-03,3.1518142000e-04
1,3344,8.3440000000e-03,3.1511508000e-04
1,3345,8.3450000000e-03,3.1504876000e-04
1,3346,8.3460000000e-03,3.1498246000e-04
1,3347,8.3470000000e-03,3.1491619000e-04
1,3348,8.3480000000e-03,3.1484993000e-04
1,3349,8.3490000000e-03,3.1478370000e-04
1,3350,8.3500000000e-03,3.1471750000e-04
1,3351,8.3510000000e-03,3.1465131000e-04
1,3352,8.3520000000e-03,3.1458515000e-04
1,3353,8.3530000000e-03,3.1451902000e-04
1,3354,8.3540000000e-03,3.1445290000e-04
1,3355,8.3550000000e-03,3.1438682000e-04
1,3356,8.3560000000e-03,3.1432076000e-04
1,3357,8.3570000000e-03,3.1425472000e-04
1,3358,8.3580000000e-03,3.1418871000e-04
1,3359,8.3590000000e-03,3.1412273000e-04
1,3360,8.3600000000e-03,3.1405677000e-04
1,3361,8.3610000000e-03,3.1399083000e-04
1,3362,8.3620000000e-03,3.1392492000e-04
1,3363,8.3630000000e-03,3.1385904000e-04
1,3364,8.3640000000e-03,3.1379318000e-04
1,3365,8.3650000000e-03,3.1372735000e-04
1,3366,8.3660000000e-03,3.1366154000e-04
1,3367,8.3670000000e-03,3.1359575000e-04
1,3368,8.3680000000e-03,3.1352999000e-04
1,3369,8.3690000000e-03,3.1346426000e-04
1,3370,8.3700000000e-03,3.1339855000e-04
1,3371,8.3710000000e-03,3.1333287000e-04
1,3372,8.3720000000e-03,3.1326721000e-04
1,3373,8.3730000000e-03,3.1320157000e-04
1,3374,8.3740000000e-03,3.1313597000e-04
1,3375,8.3750000000e-03,3.1307038000e-04
1,3376,8.3760000000e-03,3.1300482000e-04
1,3377,8.3770000000e-03,3.1293929000e-04
1,3378,8.3780000000e-03,3.1287378000e-04
1,3379,8.3790000000e-03,3.1280830000e-04
1,3380,8.3800000000e-03,3.1274284000e-04
1,3381,8.3810000000e-03,3.1267740000e-04
1,3382,8.3820000000e-03,3.1261199000e-04
1,3383,8.3830000000e-03,3.1254661000e-04
1,3384,8.3840000000e-03,3.1248125000e-04
1,3385,8.3850000000e-03,3.1241592000e-04
1,3386,8.3860000000e-03,3.1235061000e-04
1,3387,8.3870000000e-03,3.1228532000e-04
1,3388,8.3880000000e-03,3.1222006000e-04
1,3389,8.3890000000e-03,3.1215483000e-04
1,3390,8.3900000000e-03,3.1208962000e-04
1,3391,8.3910000000e-03,3.1202443000e-04
1,3392,8.3920000000e-03,3.1195927000e-04
1,3393,8.3930000000e-03,3.1189413000e-04
1,3394,8.3940000000e-03,3.1182902000e-04
1,3395,8.3950000000e-03,3.1176394000e-04
1,3396,8.3960000000e-03,3.1169887000e-04
1,3397,8.3970000000e-03,3.1163384000e-04
1,3398,8.3980000000e-03,3.1156883000e-04
1,3399,8.3990000000e-03,3.1150384000e-04
1,3400,8.4000000000e-03,3.1143888000e-04
1,3401,8.4010000000e-03,3.1137394000e-04
1,3402,8.4020000000e-03,3.1130902000e-04
1,3403,8.4030000000e-03,3.1124413000e-04
1,3404,8.4040000000e-03,3.1117927000e-04
1,3405,8.4050000000e-03,3.1111443000e-04
1,3406,8.4060000000e-03,3.1104962000e-04
1,3407,8.4070000000e-03,3.1098482000e-04
1,3408,8.4080000000e-03,3.1092006000e-04
1,3409,8.4090000000e-03,3.1085532000e-04
1,3410,8.4100000000e-03,3.1079060000e-04
1,3411,8.4110000000e-03,3.1072591000e-04
1,3412,8.4120000000e-03,3.1066124000e-04
1,3413,8.4130000000e-03,3.1059660000e-04
1,3414,8.4140000000e-03,3.1053198000e-04
1,3415,8.4150000000e-03,3.1046739000e-04
1,3416,8.4160000000e-03,3.1040282000e-04
1,3417,8.4170000000e-03,3.1033827000e-04
1,3418,8.4180000000e-03,3.1027375000e-04
1,3419,8.4190000000e-03,3.1020926000e-04
1,3420,8.4200000000e-03,3.1014478000e-04
1,3421,8.4210000000e-03,3.1008034000e-04
1,3422,8.4220000000e-03,3.1001591000e-04
1,3423,8.4230000000e-03,3.0995152000e-04
1,3424,8.4240000000e-03,3.0988714000e-04
1,3425,8.4250000000e-03,3.0982279000e-04
1,3426,8.4260000000e-03,3.0975846000e-04
1,3427,8.4270000000e-03,3.0969415000e-04
1,3428,8.4280000000e-03,3.0962986000e-04
1,3429,8.4290000000e-03,3.0956560000e-04
1,3430,8.4300000000e-03,3.0950137000e-04
1,3431,8.4310000000e-03,3.0943715000e-04
1,3432,8.4320000000e-03,3.0937297000e-04
1,3433,8.4330000000e-03,3.0930880000e-04
1,3434,8.4340000000e-03,3.0924467000e-04
1,3435,8.4350000000e-03,3.0918055000e-04
1,3436,8.4360000000e-03,3.0911646000e-04
1,3437,8.4370000000e-03,3.0905239000e-04
1,3438,8.4380000000e-03,3.0898835000e-04
1,3439,8.4390000000e-03,3.0892433000e-04
1,3440,8.4400000000e-03,3.0886034000e-04
1,3441,8.4410000000e-03,3.0879637000e-04
1,3442,8.4420000000e-03,3.0873243000e-04
1,3443,8.4430000000e-03,3.0866851000e-04
1,3444,8.4440000000e-03,3.0860461000e-04
1,3445,8.4450000000e-03,3.0854074000e-04
1,3446,8.4460000000e-03,3.0847689000e-04
1,3447,8.4470000000e-03,3.0841306000e-04
1,3448,8.4480000000e-03,3.0834926000e-04
1,3449,8.4490000000e-03,3.0828549000e-04
1,3450,8.4500000000e-03,3.0822174000e-04
1,3451,8.4510000000e-03,3.0815801000e-04
1,3452,8.4520000000e-03,3.0809430000e-04
1,3453,8.4530000000e-03,3.0803063000e-04
1,3454,8.4540000000e-03,3.0796697000e-04
1,3455,8.4550000000e-03,3.0790334000e-04
1,3456,8.4560000000e-03,3.0783973000e-04
1,3457,8.4570000000e-03,3.0777615000e-04
1,3458,8.4580000000e-03,3.0771259000e-04
1,3459,8.4590000000e-03,3.0764905000e-04
1,3460,8.4600000000e-03,3.0758554000e-04
1,3461,8.4610000000e-03,3.0752205000e-04
1,3462,8.4620000000e-03,3.0745859000e-04
1,3463,8.4630000000e-03,3.0739515000e-04
1,3464,8.4640000000e-03,3.0733174000e-04
1,3465,8.4650000000e-03,3.0726835000e-04
1,3466,8.4660000000e-03,3.0720498000e-04
1,3467,8.4670000000e-03,3.0714163000e-04
1,3468,8.4680000000e-03,3.0707831000e-04
1,3469,8.4690000000e-03,3.0701502000e-04
1,3470,8.4700000000e-03,3.0695175000e-04
1,3471,8.4710000000e-03,3.0688850000e-04
1,3472,8.4720000000e-03,3.0682527000e-04
1,3473,8.4730000000e-03,3.0676207000e-04
1,3474,8.4740000000e-03,3.0669890000e-04
1,3475,8.4750000000e-03,3.0663575000e-04
1,3476,8.4760000000e-03,3.0657262000e-04
1,3477,8.4770000000e-03,3.0650951000e-04
1,3478,8.4780000000e-03,3.0644643000e-04
1,3479,8.4790000000e-03,3.0638337000e-04
1,3480,8.4800000000e-03,3.0632034000e-04
1,3481,8.4810000000e-03,3.0625733000e-04
1,3482,8.4820000000e-03,3.0619434000e-04
1,3483,8.4830000000e-03,3.0613138000e-04
1,3484,8.4840000000e-03,3.0606844000e-04
1,3485,8.4850000000e-03,3.0600553000e-04
1,3486,8.4860000000e-03,3.0594264000e-04
1,3487,8.4870000000e-03,3.0587977000e-04
1,3488,8.4880000000e-03,3.0581693000e-04
1,3489,8.4890000000e-03,3.0575411000e-04
1,3490,8.4900000000e-03,3.0569131000e-04
1,3491,8.4910000000e-03,3.0562854000e-04
1,3492,8.4920000000e-03,3.0556579000e-04
1,3493,8.4930000000e-03,3.0550306000e-04
1,3494,8.4940000000e-03,3.0544036000e-04
1,3495,8.4950000000e-03,3.0537768000e-04
1,3496,8.4960000000e-03,3.0531503000e-04
1,3497,8.4970000000e-03,3.0525240000e-04
1,3498,8.4980000000e-03,3.0518979000e-04
1,3499,8.4990000000e-03,3.0512721000e-04
1,3500,8.5000000000e-03,3.0506465000e-04
1,3501,8.5010000000e-03,3.0500211000e-04
1,3502,8.5020000000e-03,3.0493960000e-04
1,3503,8.5030000000e-03,3.0487711000e-04
1,3504,8.5040000000e-03,3.0481464000e-04
1,3505,8.5050000000e-03,3.0475220000e-04
1,3506,8.5060000000e-03,3.0468978000e-04
1,3507,8.5070000000e-03,3.0462738000e-04
1,3508,8.5080000000e-03,3.0456501000e-04
1,3509,8.5090000000e-03,3.0450266000e-04
1,3510,8.5100000000e-03,3.0444034000e-04
1,3511,8.5110000000e-03,3.0437803000e-04
1,3512,8.5120000000e-03,3.0431576000e-04
1,3513,8.5130000000e-03,3.0425350000e-04
1,3514,8.5140000000e-03,3.0419127000e-04
1,3515,8.5150000000e-03,3.0412906000e-04
1,3516,8.5160000000e-03,3.0406688000e-04
1,3517,8.5170000000e-03,3.0400471000e-04
1,3518,8.5180000000e-03,3.0394258000e-04
1,3519,8.5190000000e-03,3.0388046000e-04
1,3520,8.5200000000e-03,3.0381837000e-04
1,3521,8.5210000000e-03,3.0375630000e-04
1,3522,8.5220000000e-03,3.0369426000e-04
1,3523,8.5230000000e-03,3.0363224000e-04
1,3524,8.5240000000e-03,3.0357024000e-04
1,3525,8.5250000000e-03,3.0350826000e-04
1,3526,8.5260000000e-03,3.0344631000e-04
1,3527,8.5270000000e-03,3.0338438000e-04
1,3528,8.5280000000e-03,3.0332248000e-04
1,3529,8.5290000000e-03,3.0326060000e-04
1,3530,8.5300000000e-03,3.0319874000e-04
1,3531,8.5310000000e-03,3.0313690000e-04
1,3532,8.5320000000e-03,3.0307509000e-04
1,3533,8.5330000000e-03,3.0301330000e-04
1,3534,8.5340000000e-03,3.0295154000e-04
1,3535,8.5350000000e-03,3.0288979000e-04
1,3536,8.5360000000e-03,3.0282807000e-04
1,3537,8.5370000000e-03,3.0276638000e-04
1,3538,8.5380000000e-03,3.0270471000e-04
1,3539,8.5390000000e-03,3.0264306000e-04
1,3540,8.5400000000e-03,3.0258143000e-04
1,3541,8.5410000000e-03,3.0251982000e-04
1,3542,8.5420000000e-03,3.0245824000e-04
1,3543,8.5430000000e-03,3.0239669000e-04
1,3544,8.5440000000e-03,3.0233515000e-04
1,3545,8.5450000000e-03,3.0227364000e-04
1,3546,8.5460000000e-03,3.0221215000e-04
1,3547,8.5470000000e-03,3.0215069000e-04
1,3548,8.5480000000e-03,3.0208925000e-04
1,3549,8.5490000000e-03,3.0202783000e-04
1,3550,8.5500000000e-03,3.0196643000e-04
1,3551,8.5510000000e-03,3.0190506000e-04
1,3552,8.5520000000e-03,3.0184371000e-04
1,3553,8.5530000000e-03,3.0178238000e-04
1,3554,8.5540000000e-03,3.0172108000e-04
1,3555,8.5550000000e-03,3.0165979000e-04
1,3556,8.5560000000e-03,3.0159854000e-04
1,3557,8.5570000000e-03,3.0153730000e-04
1,3558,8.5580000000e-03,3.0147609000e-04
1,3559,8.5590000000e-03,3.0141490000e-04
1,3560,8.5600000000e-03,3.0135373000e-04
1,3561,8.5610000000e-03,3.0129259000e-04
1,3562,8.5620000000e-03,3.0123147000e-04
1,3563,8.5630000000e-03,3.0117037000e-04
1,3564,8.5640000000e-03,3.0110930000e-04
1,3565,8.5650000000e-03,3.0104824000e-04
1,3566,8.5660000000e-03,3.0098721000e-04
1,3567,8.5670000000e-03,3.0092621000e-04
1,3568,8.5680000000e-03,3.0086523000e-04
1,3569,8.5690000000e-03,3.0080426000e-04
1,3570,8.5700000000e-03,3.0074333000e-04
1,3571,8.5710000000e-03,3.0068241000e-04
1,3572,8.5720000000e-03,3.0062152000e-04
1,3573,8.5730000000e-03,3.0056065000e-04
1,3574,8.5740000000e-03,3.0049980000e-04
1,3575,8.5750000000e-03,3.0043898000e-04
1,3576,8.5760000000e-03,3.0037818000e-04
1,3577,8.5770000000e-03,3.0031740000e-04
1,3578,8.5780000000e-03,3.0025664000e-04
1,3579,8.5790000000e-03,3.0019591000e-04
1,3580,8.5800000000e-03,3.0013520000e-04
1,3581,8.5810000000e-03,3.0007451000e-04
1,3582,8.5820000000e-03,3.0001385000e-04
1,3583,8.5830000000e-03,2.9995321000e-04
1,3584,8.5840000000e-03,2.9989259000e-04
1,3585,8.5850000000e-03,2.9983199000e-04
1,3586,8.5860000000e-03,2.9977141000e-04
1,3587,8.5870000000e-03,2.9971086000e-04
1,3588,8.5880000000e-03,2.9965033000e-04
1,3589,8.5890000000e-03,2.9958983000e-04
1,3590,8.5900000000e-03,2.9952934000e-04
1,3591,8.5910000000e-03,2.9946888000e-04
1,3592,8.5920000000e-03,2.9940844000e-04
1,3593,8.5930000000e-03,2.9934803000e-04
1,3594,8.5940000000e-03,2.9928763000e-04
1,3595,8.5950000000e-03,2.9922726000e-04
1,3596,8.5960000000e-03,2.9916692000e-04
1,3597,8.5970000000e-03,2.9910659000e-04
1,3598,8.5980000000e-03,2.9904629000e-04
1,3599,8.5990000000e-03,2.9898601000e-04
1,3600,8.6000000000e-03,2.9892575000e-04
1,3601,8.6010000000e-03,2.9886551000e-04
1,3602,8.6020000000e-03,2.9880530000e-04
1,3603,8.6030000000e-03,2.9874511000e-04
1,3604,8.6040000000e-03,2.9868494000e-04
1,3605,8.6050000000e-03,2.9862479000e-04
1,3606,8.6060000000e-03,2.9856467000e-04
1,3607,8.6070000000e-03,2.9850457000e-04
1,3608,8.6080000000e-03,2.9844449000e-04
1,3609,8.6090000000e-03,2.9838443000e-04
1,3610,8.6100000000e-03,2.9832440000e-04
1,3611,8.6110000000e-03,2.9826439000e-04
1,3612,8.6120000000e-03,2.9820440000e-04
1,3613,8.6130000000e-03,2.9814443000e-04
1,3614,8.6140000000e-03,2.9808449000e-04
1,3615,8.6150000000e-03,2.9802457000e-04
1,3616,8.6160000000e-03,2.9796467000e-04
1,3617,8.6170000000e-03,2.9790478000e-04
1,3618,8.6180000000e-03,2.9784492000e-04
1,3619,8.6190000000e-03,2.9778507000e-04
1,3620,8.6200000000e-03,2.9772526000e-04
1,3621,8.6210000000e-03,2.9766546000e-04
1,3622,8.6220000000e-03,2.9760568000e-04
1,3623,8.6230000000e-03,2.9754593000e-04
1,3624,8.6240000000e-03,2.9748620000e-04
1,3625,8.6250000000e-03,2.9742649000e-04
1,3626,8.6260000000e-03,2.9736681000e-04
1,3627,8.6270000000e-03,2.9730714000e-04
1,3628,8.6280000000e-03,2.9724750000e-04
1,3629,8.6290000000e-03,2.9718788000e-04
1,3630,8.6300000000e-03,2.9712829000e-04
1,3631,8.6310000000e-03,2.9706871000e-04
1,3632,8.6320000000e-03,2.9700916000e-04
1,3633,8.6330000000e-03,2.9694963000e-04
1,3634,8.6340000000e-03,2.9689012000e-04
1,3635,8.6350000000e-03,2.9683063000e-04
1,3636,8.6360000000e-03,2.9677117000e-04
1,3637,8.6370000000e-03,2.9671172000e-04
1,3638,8.6380000000e-03,2.9665230000e-04
1,3639,8.6390000000e-03,2.9659289000e-04
1,3640,8.6400000000e-03,2.9653351000e-04
1,3641,8.6410000000e-03,2.9647415000e-04
1,3642,8.6420000000e-03,2.9641482000e-04
1,3643,8.6430000000e-03,2.9635550000e-04
1,3644,8.6440000000e-03,2.9629621000e-04
1,3645,8.6450000000e-03,2.9623694000e-04
1,3646,8.6460000000e-03,2.9617769000e-04
1,3647,8.6470000000e-03,2.9611846000e-04
1,3648,8.6480000000e-03,2.9605925000e-04
1,3649,8.6490000000e-03,2.9600007000e-04
1,3650,8.6500000000e-03,2.9594091000e-04
1,3651,8.6510000000e-03,2.9588177000e-04
1,3652,8.6520000000e-03,2.9582265000e-04
1,3653,8.6530000000e-03,2.9576356000e-04
1,3654,8.6540000000e-03,2.9570449000e-04
1,3655,8.6550000000e-03,2.9564544000e-04
1,3656,8.6560000000e-03,2.9558641000e-04
1,3657,8.6570000000e-03,2.9552740000e-04
1,3658,8.6580000000e-03,2.9546841000e-04
1,3659,8.6590000000e-03,2.9540945000e-04
1,3660,8.6600000000e-03,2.9535051000e-04
1,3661,8.6610000000e-03,2.9529159000e-04
1,3662,8.6620000000e-03,2.9523269000e-04
1,3663,8.6630000000e-03,2.9517382000e-04
1,3664,8.6640000000e-03,2.9511496000e-04
1,3665,8.6650000000e-03,2.9505613000e-04
1,3666,8.6660000000e-03,2.9499732000e-04
1,3667,8.6670000000e-03,2.9493853000e-04
1,3668,8.6680000000e-03,2.9487977000e-04
1,3669,8.6690000000e-03,2.9482102000e-04
1,3670,8.6700000000e-03,2.9476230000e-04
1,3671,8.6710000000e-03,2.9470360000e-04
1,3672,8.6720000000e-03,2.9464492000e-04
1,3673,8.6730000000e-03,2.9458626000e-04
1,3674,8.6740000000e-03,2.9452762000e-04
1,3675,8.6750000000e-03,2.9446901000e-04
1,3676,8.6760000000e-03,2.9441042000e-04
1,3677,8.6770000000e-03,2.9435185000e-04
1,3678,8.6780000000e-03,2.9429330000e-04
1,3679,8.6790000000e-03,2.9423477000e-04
1,3680,8.6800000000e-03,2.9417627000e-04
1,3681,8.6810000000e-03,2.9411778000e-04
1,3682,8.6820000000e-03,2.9405932000e-04
1,3683,8.6830000000e-03,2.9400088000e-04
1,3684,8.6840000000e-03,2.9394246000e-04
1,3685,8.6850000000e-03,2.9388407000e-04
1,3686,8.6860000000e-03,2.9382569000e-04
1,3687,8.6870000000e-03,2.9376734000e-04
1,3688,8.6880000000e-03,2.9370900000e-04
1,3689,8.6890000000e-03,2.9365069000e-04
1,3690,8.6900000000e-03,2.9359241000e-04
1,3691,8.6910000000e-03,2.9353414000e-04
1,3692,8.6920000000e-03,2.9347589000e-04
1,3693,8.6930000000e-03,2.9341767000e-04
1,3694,8.6940000000e-03,2.9335947000e-04
1,3695,8.6950000000e-03,2.9330129000e-04
1,3696,8.6960000000e-03,2.9324313000e-04
1,3697,8.6970000000e-03,2.9318499000e-04
1,3698,8.6980000000e-03,2.9312687000e-04
1,3699,8.6990000000e-03,2.9306878000e-04
1,3700,8.7000000000e-03,2.9301071000e-04
1,3701,8.7010000000e-03,2.9295265000e-04
1,3702,8.7020000000e-03,2.9289462000e-04
1,3703,8.7030000000e-03,2.9283662000e-04
1,3704,8.7040000000e-03,2.9277863000e-04
1,3705,8.7050000000e-03,2.9272066000e-04
1,3706,8.7060000000e-03,2.9266272000e-04
1,3707,8.7070000000e-03,2.9260480000e-04
1,3708,8.7080000000e-03,2.9254689000e-04
1,3709,8.7090000000e-03,2.9248901000e-04
1,3710,8.7100000000e-03,2.9243116000e-04
1,3711,8.7110000000e-03,2.9237332000e-04
1,3712,8.7120000000e-03,2.9231550000e-04
1,3713,8.7130000000e-03,2.9225771000e-04
1,3714,8.7140000000e-03,2.9219994000e-04
1,3715,8.7150000000e-03,2.9214219000e-04
1,3716,8.7160000000e-03,2.9208446000e-04
1,3717,8.7170000000e-03,2.9202675000e-04
1,3718,8.7180000000e-03,2.9196906000e-04
1,3719,8.7190000000e-03,2.9191139000e-04
1,3720,8.7200000000e-03,2.9185375000e-04
1,3721,8.7210000000e-03,2.9179613000e-04
1,3722,8.7220000000e-03,2.9173852000e-04
1,3723,8.7230000000e-03,2.9168094000e-04
1,3724,8.7240000000e-03,2.9162338000e-04
1,3725,8.7250000000e-03,2.9156585000e-04
1,3726,8.7260000000e-03,2.9150833000e-04
1,3727,8.7270000000e-03,2.9145083000e-04
1,3728,8.7280000000e-03,2.9139336000e-04
1,3729,8.7290000000e-03,2.9133591000e-04
1,3730,8.7300000000e-03,2.9127847000e-04
1,3731,8.7310000000e-03,2.9122106000e-04
1,3732,8.7320000000e-03,2.9116367000e-04
1,3733,8.7330000000e-03,2.9110631000e-04
1,3734,8.7340000000e-03,2.9104896000e-04
1,3735,8.7350000000e-03,2.9099163000e-04
1,3736,8.7360000000e-03,2.9093433000e-04
1,3737,8.7370000000e-03,2.9087704000e-04
1,3738,8.7380000000e-03,2.9081978000e-04
1,3739,8.7390000000e-03,2.9076254000e-04
1,3740,8.7400000000e-03,2.9070532000e-04
1,3741,8.7410000000e-03,2.9064812000e-04
1,3742,8.7420000000e-03,2.9059094000e-04
1,3743,8.7430000000e-03,2.9053379000e-04
1,3744,8.7440000000e-03,2.9047665000e-04
1,3745,8.7450000000e-03,2.9041954000e-04
1,3746,8.7460000000e-03,2.9036244000e-04
1,3747,8.7470000000e-03,2.9030537000e-04
1,3748,8.7480000000e-03,2.9024832000e-04
1,3749,8.7490000000e-03,2.9019129000e-04
1,3750,8.7500000000e-03,2.9013428000e-04
1,3751,8.7510000000e-03,2.9007729000e-04
1,3752,8.7520000000e-03,2.9002033000e-04
1,3753,8.7530000000e-03,2.8996338000e-04
1,3754,8.7540000000e-03,2.8990646000e-04
1,3755,8.7550000000e-03,2.8984955000e-04
1,3756,8.7560000000e-03,2.8979267000e-04
1,3757,8.7570000000e-03,2.8973581000e-04
1,3758,8.7580000000e-03,2.8967897000e-04
1,3759,8.7590000000e-03,2.8962215000e-04
1,3760,8.7600000000e-03,2.8956535000e-04
1,3761,8.7610000000e-03,2.8950857000e-04
1,3762,8.7620000000e-03,2.8945181000e-04
1,3763,8.7630000000e-03,2.8939508000e-04
1,3764,8.7640000000e-03,2.8933836000e-04
1,3765,8.7650000000e-03,2.8928167000e-04
1,3766,8.7660000000e-03,2.8922499000e-04
1,3767,8.7670000000e-03,2.8916834000e-04
1,3768,8.7680000000e-03,2.8911171000e-04
1,3769,8.7690000000e-03,2.8905510000e-04
1,3770,8.7700000000e-03,2.8899851000e-04
1,3771,8.7710000000e-03,2.8894194000e-04
1,3772,8.7720000000e-03,2.8888539000e-04
1,3773,8.7730000000e-03,2.8882886000e-04
1,3774,8.7740000000e-03,2.8877236000e-04
1,3775,8.7750000000e-03,2.8871587000e-04
1,3776,8.7760000000e-03,2.8865940000e-04
1,3777,8.7770000000e-03,2.8860296000e-04
1,3778,8.7780000000e-03,2.8854654000e-04
1,3779,8.7790000000e-03,2.8849012000e-04
1,3780,8.7800000000e-03,2.8843372000e-04
1,3781,8.7810000000e-03,2.8837733000e-04
1,3782,8.7820000000e-03,2.8832097000e-04
1,3783,8.7830000000e-03,2.8826463000e-04
1,3784,8.7840000000e-03,2.8820831000e-04
1,3785,8.7850000000e-03,2.8815201000e-04
1,3786,8.7860000000e-03,2.8809573000e-04
1,3787,8.7870000000e-03,2.8803947000e-04
1,3788,8.7880000000e-03,2.8798323000e-04
1,3789,8.7890000000e-03,2.8792701000e-04
1,3790,8.7900000000e-03,2.8787081000e-04
1,3791,8.7910000000e-03,2.8781463000e-04
1,3792,8.7920000000e-03,2.8775848000e-04
1,3793,8.7930000000e-03,2.8770234000e-04
1,3794,8.7940000000e-03,2.8764623000e-04
1,3795,8.7950000000e-03,2.8759013000e-04
1,3796,8.7960000000e-03,2.8753406000e-04
1,3797,8.7970000000e-03,2.8747801000e-04
1,3798,8.7980000000e-03,2.8742198000e-04
1,3799,8.7990000000e-03,2.8736596000e-04
1,3800,8.8000000000e-03,2.8730997000e-04
1,3801,8.8010000000e-03,2.8725400000e-04
1,3802,8.8020000000e-03,2.8719805000e-04
1,3803,8.8030000000e-03,2.8714212000e-04
1,3804,8.8040000000e-03,2.8708621000e-04
1,3805,8.8050000000e-03,2.8703033000e-04
1,3806,8.8060000000e-03,2.8697446000e-04
1,3807,8.8070000000e-03,2.8691861000e-04
1,3808,8.8080000000e-03,2.8686279000e-04
1,3809,8.8090000000e-03,2.8680698000e-04
1,3810,8.8100000000e-03,2.8675119000e-04
1,3811,8.8110000000e-03,2.8669543000e-04
1,3812,8.8120000000e-03,2.8663968000e-04
1,3813,8.8130000000e-03,2.8658396000e-04
1,3814,8.8140000000e-03,2.8652826000e-04
1,3815,8.8150000000e-03,2.8647257000e-04
1,3816,8.8160000000e-03,2.8641691000e-04
1,3817,8.8170000000e-03,2.8636127000e-04
1,3818,8.8180000000e-03,2.8630565000e-04
1,3819,8.8190000000e-03,2.8625005000e-04
1,3820,8.8200000000e-03,2.8619447000e-04
1,3821,8.8210000000e-03,2.8613890000e-04
1,3822,8.8220000000e-03,2.8608336000e-04
1,3823,8.8230000000e-03,2.8602785000e-04
1,3824,8.8240000000e-03,2.8597235000e-04
1,3825,8.8250000000e-03,2.8591687000e-04
1,3826,8.8260000000e-03,2.8586141000e-04
1,3827,8.8270000000e-03,2.8580597000e-04
1,3828,8.8280000000e-03,2.8575055000e-04
1,3829,8.8290000000e-03,2.8569516000e-04
1,3830,8.8300000000e-03,2.8563978000e-04
1,3831,8.8310000000e-03,2.8558442000e-04
1,3832,8.8320000000e-03,2.8552908000e-04
1,3833,8.8330000000e-03,2.8547377000e-04
1,3834,8.8340000000e-03,2.8541847000e-04
1,3835,8.8350000000e-03,2.8536320000e-04
1,3836,8.8360000000e-03,2.8530794000e-04
1,3837,8.8370000000e-03,2.8525271000e-04
1,3838,8.8380000000e-03,2.8519749000e-04
1,3839,8.8390000000e-03,2.8514230000e-04
1,3840,8.8400000000e-03,2.8508712000e-04
1,3841,8.8410000000e-03,2.8503197000e-04
1,3842,8.8420000000e-03,2.8497683000e-04
1,3843,8.8430000000e-03,2.8492172000e-04
1,3844,8.8440000000e-03,2.8486663000e-04
1,3845,8.8450000000e-03,2.8481155000e-04
1,3846,8.8460000000e-03,2.8475650000e-04
1,3847,8.8470000000e-03,2.8470147000e-04
1,3848,8.8480000000e-03,2.8464646000e-04
1,3849,8.8490000000e-03,2.8459146000e-04
1,3850,8.8500000000e-03,2.8453649000e-04
1,3851,8.8510000000e-03,2.8448154000e-04
1,3852,8.8520000000e-03,2.8442661000e-04
1,3853,8.8530000000e-03,2.8437170000e-04
1,3854,8.8540000000e-03,2.8431680000e-04
1,3855,8.8550000000e-03,2.8426193000e-04
1,3856,8.8560000000e-03,2.8420707000e-04
1,3857,8.8570000000e-03,2.8415223000e-04
1,3858,8.8580000000e-03,2.8409741000e-04
1,3859,8.8590000000e-03,2.8404261000e-04
1,3860,8.8600000000e-03,2.8398783000e-04
1,3861,8.8610000000e-03,2.8393307000e-04
1,3862,8.8620000000e-03,2.8387834000e-04
1,3863,8.8630000000e-03,2.8382362000e-04
1,3864,8.8640000000e-03,2.8376892000e-04
1,3865,8.8650000000e-03,2.8371424000e-04
1,3866,8.8660000000e-03,2.8365958000e-04
1,3867,8.8670000000e-03,2.8360494000e-04
1,3868,8.8680000000e-03,2.8355032000e-04
1,3869,8.8690000000e-03,2.8349572000e-04
1,3870,8.8700000000e-03,2.8344114000e-04
1,3871,8.8710000000e-03,2.8338658000e-04
1,3872,8.8720000000e-03,2.8333204000e-04
1,3873,8.8730000000e-03,2.8327752000e-04
1,3874,8.8740000000e-03,2.8322302000e-04
1,3875,8.8750000000e-03,2.8316854000e-04
1,3876,8.8760000000e-03,2.8311408000e-04
1,3877,8.8770000000e-03,2.8305964000e-04
1,3878,8.8780000000e-03,2.8300522000e-04
1,3879,8.8790000000e-03,2.8295082000e-04
1,3880,8.8800000000e-03,2.8289644000e-04
1,3881,8.8810000000e-03,2.8284208000e-04
1,3882,8.8820000000e-03,2.8278774000e-04
1,3883,8.8830000000e-03,2.8273342000e-04
1,3884,8.8840000000e-03,2.8267912000e-04
1,3885,8.8850000000e-03,2.8262484000e-04
1,3886,8.8860000000e-03,2.8257058000e-04
1,3887,8.8870000000e-03,2.8251634000e-04
1,3888,8.8880000000e-03,2.8246212000e-04
1,3889,8.8890000000e-03,2.8240791000e-04
1,3890,8.8900000000e-03,2.8235373000e-04
1,3891,8.8910000000e-03,2.8229957000e-04
1,3892,8.8920000000e-03,2.8224543000e-04
1,3893,8.8930000000e-03,2.8219131000e-04
1,3894,8.8940000000e-03,2.8213720000e-04
1,3895,8.8950000000e-03,2.8208312000e-04
1,3896,8.8960000000e-03,2.8202906000e-04
1,3897,8.8970000000e-03,2.8197502000e-04
1,3898,8.8980000000e-03,2.8192094000e-04
1,3899,8.8990000000e-03,2.8186652000e-04
1,3900,8.9000000000e-03,2.8181231000e-04
1,3901,8.9010000000e-03,2.8175823000e-04
1,3902,8.9020000000e-03,2.8170405000e-04
1,3903,8.9030000000e-03,2.8164982000e-04
1,3904,8.9040000000e-03,2.8159560000e-04
1,3905,8.9050000000e-03,2.8154141000e-04
1,3906,8.9060000000e-03,2.8148722000e-04
1,3907,8.9070000000e-03,2.8143304000e-04
1,3908,8.9080000000e-03,2.8137889000e-04
1,3909,8.9090000000e-03,2.8132475000e-04
1,3910,8.9100000000e-03,2.8127064000e-04
1,3911,8.9110000000e-03,2.8121654000e-04
1,3912,8.9120000000e-03,2.8116247000e-04
1,3913,8.9130000000e-03,2.8110841000e-04
1,3914,8.9140000000e-03,2.8105438000e-04
1,3915,8.9150000000e-03,2.8100036000e-04
1,3916,8.9160000000e-03,2.8094636000e-04
1,3917,8.9170000000e-03,2.8089238000e-04
1,3918,8.9180000000e-03,2.8083842000e-04
1,3919,8.9190000000e-03,2.8078448000e-04
1,3920,8.9200000000e-03,2.8073056000e-04
1,3921,8.9210000000e-03,2.8067666000e-04
1,3922,8.9220000000e-03,2.8062278000e-04
1,3923,8.9230000000e-03,2.8056891000e-04
1,3924,8.9240000000e-03,2.8051507000e-04
1,3925,8.9250000000e-03,2.8046124000e-04
1,3926,8.9260000000e-03,2.8040743000e-04
1,3927,8.9270000000e-03,2.8035363000e-04
1,3928,8.9280000000e-03,2.8029986000e-04
1,3929,8.9290000000e-03,2.8024610000e-04
1,3930,8.9300000000e-03,2.8019236000e-04
1,3931,8.9310000000e-03,2.8013864000e-04
1,3932,8.9320000000e-03,2.8008494000e-04
1,3933,8.9330000000e-03,2.8003125000e-04
1,3934,8.9340000000e-03,2.7997759000e-04
1,3935,8.9350000000e-03,2.7992395000e-04
1,3936,8.9360000000e-03,2.7987032000e-04
1,3937,8.9370000000e-03,2.7981672000e-04
1,3938,8.9380000000e-03,2.7976313000e-04
1,3939,8.9390000000e-03,2.7970956000e-04
1,3940,8.9400000000e-03,2.7965601000e-04
1,3941,8.9410000000e-03,2.7960248000e-04
1,3942,8.9420000000e-03,2.7954897000e-04
1,3943,8.9430000000e-03,2.7949548000e-04
1,3944,8.9440000000e-03,2.7944201000e-04
1,3945,8.9450000000e-03,2.7938855000e-04
1,3946,8.9460000000e-03,2.7933512000e-04
1,3947,8.9470000000e-03,2.7928170000e-04
1,3948,8.9480000000e-03,2.7922831000e-04
1,3949,8.9490000000e-03,2.7917493000e-04
1,3950,8.9500000000e-03,2.7912157000e-04
1,3951,8.9510000000e-03,2.7906823000e-04
1,3952,8.9520000000e-03,2.7901491000e-04
1,3953,8.9530000000e-03,2.7896160000e-04
1,3954,8.9540000000e-03,2.7890832000e-04
1,3955,8.9550000000e-03,2.7885506000e-04
1,3956,8.9560000000e-03,2.7880181000e-04
1,3957,8.9570000000e-03,2.7874858000e-04
1,3958,8.9580000000e-03,2.7869538000e-04
1,3959,8.9590000000e-03,2.7864219000e-04
1,3960,8.9600000000e-03,2.7858902000e-04
1,3961,8.9610000000e-03,2.7853586000e-04
1,3962,8.9620000000e-03,2.7848273000e-04
1,3963,8.9630000000e-03,2.7842962000e-04
1,3964,8.9640000000e-03,2.7837652000e-04
1,3965,8.9650000000e-03,2.7832345000e-04
1,3966,8.9660000000e-03,2.7827039000e-04
1,3967,8.9670000000e-03,2.7821735000e-04
1,3968,8.9680000000e-03,2.7816433000e-04
1,3969,8.9690000000e-03,2.7811133000e-04
1,3970,8.9700000000e-03,2.7805835000e-04
1,3971,8.9710000000e-03,2.7800538000e-04
1,3972,8.9720000000e-03,2.7795244000e-04
1,3973,8.9730000000e-03,2.7789951000e-04
1,3974,8.9740000000e-03,2.7784660000e-04
1,3975,8.9750000000e-03,2.7779372000e-04
1,3976,8.9760000000e-03,2.7774085000e-04
1,3977,8.9770000000e-03,2.7768800000e-04
1,3978,8.9780000000e-03,2.7763516000e-04
1,3979,8.9790000000e-03,2.7758235000e-04
1,3980,8.9800000000e-03,2.7752955000e-04
1,3981,8.9810000000e-03,2.7747678000e-04
1,3982,8.9820000000e-03,2.7742402000e-04
1,3983,8.9830000000e-03,2.7737128000e-04
1,3984,8.9840000000e-03,2.7731856000e-04
1,3985,8.9850000000e-03,2.7726586000e-04
1,3986,8.9860000000e-03,2.7721317000e-04
1,3987,8.9870000000e-03,2.7716051000e-04
1,3988,8.9880000000e-03,2.7710786000e-04
1,3989,8.9890000000e-03,2.7705524000e-04
1,3990,8.9900000000e-03,2.7700263000e-04
1,3991,8.9910000000e-03,2.7695004000e-04
1,3992,8.9920000000e-03,2.7689747000e-04
1,3993,8.9930000000e-03,2.7684491000e-04
1,3994,8.9940000000e-03,2.7679238000e-04
1,3995,8.9950000000e-03,2.7673986000e-04
1,3996,8.9960000000e-03,2.7668737000e-04
1,3997,8.9970000000e-03,2.7663489000e-04
1,3998,8.9980000000e-03,2.7658243000e-04
1,3999,8.9990000000e-03,2.7652999000e-04
1,4000,9.0000000000e-03,2.7647756000e-04
1,4001,9.0010000000e-03,2.7642516000e-04
1,4002,9.0020000000e-03,2.7637277000e-04
1,4003,9.0030000000e-03,2.7632041000e-04
1,4004,9.0040000000e-03,2.7626806000e-04
1,4005,9.0050000000e-03,2.7621573000e-04
1,4006,9.0060000000e-03,2.7616341000e-04
1,4007,9.0070000000e-03,2.7611112000e-04
1,4008,9.0080000000e-03,2.7605885000e-04
1,4009,9.0090000000e-03,2.7600659000e-04
1,4010,9.0100000000e-03,2.7595435000e-04
1,4011,9.0110000000e-03,2.7590213000e-04
1,4012,9.0120000000e-03,2.7584993000e-04
1,4013,9.0130000000e-03,2.7579773000e-04
1,4014,9.0140000000e-03,2.7574554000e-04
1,4015,9.0150000000e-03,2.7569338000e-04
1,4016,9.0160000000e-03,2.7564123000e-04
1,4017,9.0170000000e-03,2.7558910000e-04
1,4018,9.0180000000e-03,2.7553699000e-04
1,4019,9.0190000000e-03,2.7548490000e-04
1,4020,9.0200000000e-03,2.7543282000e-04
1,4021,9.0210000000e-03,2.7538077000e-04
1,4022,9.0220000000e-03,2.7532873000e-04
1,4023,9.0230000000e-03,2.7527672000e-04
1,4024,9.0240000000e-03,2.7522472000e-04
1,4025,9.0250000000e-03,2.7517273000e-04
1,4026,9.0260000000e-03,2.7512077000e-04
1,4027,9.0270000000e-03,2.7506883000e-04
1,4028,9.0280000000e-03,2.7501690000e-04
1,4029,9.0290000000e-03,2.7496499000e-04
1,4030,9.0300000000e-03,2.7491310000e-04
1,4031,9.0310000000e-03,2.7486123000e-04
1,4032,9.0320000000e-03,2.7480938000e-04
1,4033,9.0330000000e-03,2.7475754000e-04
1,4034,9.0340000000e-03,2.7470573000e-04
1,4035,9.0350000000e-03,2.7465393000e-04
1,4036,9.0360000000e-03,2.7460215000e-04
1,4037,9.0370000000e-03,2.7455039000e-04
1,4038,9.0380000000e-03,2.7449864000e-04
1,4039,9.0390000000e-03,2.7444692000e-04
1,4040,9.0400000000e-03,2.7439521000e-04
1,4041,9.0410000000e-03,2.7434352000e-04
1,4042,9.0420000000e-03,2.7429185000e-04
1,4043,9.0430000000e-03,2.7424020000e-04
1,4044,9.0440000000e-03,2.7418857000e-04
1,4045,9.0450000000e-03,2.7413695000e-04
1,4046,9.0460000000e-03,2.7408535000e-04
1,4047,9.0470000000e-03,2.7403377000e-04
1,4048,9.0480000000e-03,2.7398221000e-04
1,4049,9.0490000000e-03,2.7393067000e-04
1,4050,9.0500000000e-03,2.7387914000e-04
1,4051,9.0510000000e-03,2.7382764000e-04
1,4052,9.0520000000e-03,2.7377615000e-04
1,4053,9.0530000000e-03,2.7372468000e-04
1,4054,9.0540000000e-03,2.7367323000e-04
1,4055,9.0550000000e-03,2.7362179000e-04
1,4056,9.0560000000e-03,2.7357038000e-04
1,4057,9.0570000000e-03,2.7351898000e-04
1,4058,9.0580000000e-03,2.7346760000e-04
1,4059,9.0590000000e-03,2.7341624000e-04
1,4060,9.0600000000e-03,2.7336489000e-04
1,4061,9.0610000000e-03,2.7331357000e-04
1,4062,9.0620000000e-03,2.7326226000e-04
1,4063,9.0630000000e-03,2.7321097000e-04
1,4064,9.0640000000e-03,2.7315970000e-04
1,4065,9.0650000000e-03,2.7310845000e-04
1,4066,9.0660000000e-03,2.7305721000e-04
1,4067,9.0670000000e-03,2.7300599000e-04
1,4068,9.0680000000e-03,2.7295480000e-04
1,4069,9.0690000000e-03,2.7290361000e-04
1,4070,9.0700000000e-03,2.7285245000e-04
1,4071,9.0710000000e-03,2.7280131000e-04
1,4072,9.0720000000e-03,2.7275018000e-04
1,4073,9.0730000000e-03,2.7269907000e-04
1,4074,9.0740000000e-03,2.7264798000e-04
1,4075,9.0750000000e-03,2.7259691000e-04
1,4076,9.0760000000e-03,2.7254585000e-04
1,4077,9.0770000000e-03,2.7249481000e-04
1,4078,9.0780000000e-03,2.7244379000e-04
1,4079,9.0790000000e-03,2.7239279000e-04
1,4080,9.0800000000e-03,2.7234181000e-04
1,4081,9.0810000000e-03,2.7229084000e-04
1,4082,9.0820000000e-03,2.7223990000e-04
1,4083,9.0830000000e-03,2.7218897000e-04
1,4084,9.0840000000e-03,2.7213805000e-04
1,4085,9.0850000000e-03,2.7208716000e-04
1,4086,9.0860000000e-03,2.7203629000e-04
1,4087,9.0870000000e-03,2.7198543000e-04
1,4088,9.0880000000e-03,2.7193459000e-04
1,4089,9.0890000000e-03,2.7188377000e-04
1,4090,9.0900000000e-03,2.7183296000e-04
1,4091,9.0910000000e-03,2.7178217000e-04
1,4092,9.0920000000e-03,2.7173141000e-04
1,4093,9.0930000000e-03,2.7168065000e-04
1,4094,9.0940000000e-03,2.7162992000e-04
1,4095,9.0950000000e-03,2.7157921000e-04
1,4096,9.0960000000e-03,2.7152851000e-04
1,4097,9.0970000000e-03,2.7147783000e-04
1,4098,9.0980000000e-03,2.7142717000e-04
1,4099,9.0990000000e-03,2.7137652000e-04
1,4100,9.1000000000e-03,2.7132590000e-04
1,4101,9.1010000000e-03,2.7127529000e-04
1,4102,9.1020000000e-03,2.7122470000e-04
1,4103,9.1030000000e-03,2.7117413000e-04
1,4104,9.1040000000e-03,2.7112357000e-04
1,4105,9.1050000000e-03,2.7107303000e-04
1,4106,9.1060000000e-03,2.7102251000e-04
1,4107,9.1070000000e-03,2.7097201000e-04
1,4108,9.1080000000e-03,2.7092153000e-04
1,4109,9.1090000000e-03,2.7087106000e-04
1,4110,9.1100000000e-03,2.7082061000e-04
1,4111,9.1110000000e-03,2.7077018000e-04
1,4112,9.1120000000e-03,2.7071977000e-04
1,4113,9.1130000000e-03,2.7066937000e-04
1,4114,9.1140000000e-03,2.7061900000e-04
1,4115,9.1150000000e-03,2.7056864000e-04
1,4116,9.1160000000e-03,2.7051829000e-04
1,4117,9.1170000000e-03,2.7046797000e-04
1,4118,9.1180000000e-03,2.7041766000e-04
1,4119,9.1190000000e-03,2.7036737000e-04
1,4120,9.1200000000e-03,2.7031710000e-04
1,4121,9.1210000000e-03,2.7026685000e-04
1,4122,9.1220000000e-03,2.7021661000e-04
1,4123,9.1230000000e-03,2.7016639000e-04
1,4124,9.1240000000e-03,2.7011619000e-04
1,4125,9.1250000000e-03,2.7006601000e-04
1,4126,9.1260000000e-03,2.7001584000e-04
1,4127,9.1270000000e-03,2.6996569000e-04
1,4128,9.1280000000e-03,2.6991556000e-04
1,4129,9.1290000000e-03,2.6986545000e-04
1,4130,9.1300000000e-03,2.6981535000e-04
1,4131,9.1310000000e-03,2.6976527000e-04
1,4132,9.1320000000e-03,2.6971521000e-04
1,4133,9.1330000000e-03,2.6966517000e-04
1,4134,9.1340000000e-03,2.6961514000e-04
1,4135,9.1350000000e-03,2.6956512000e-04
1,4136,9.1360000000e-03,2.6951512000e-04
1,4137,9.1370000000e-03,2.6946513000e-04
1,4138,9.1380000000e-03,2.6941517000e-04
1,4139,9.1390000000e-03,2.6936522000e-04
1,4140,9.1400000000e-03,2.6931529000e-04
1,4141,9.1410000000e-03,2.6926537000e-04
1,4142,9.1420000000e-03,2.6921548000e-04
1,4143,9.1430000000e-03,2.6916560000e-04
1,4144,9.1440000000e-03,2.6911574000e-04
1,4145,9.1450000000e-03,2.6906590000e-04
1,4146,9.1460000000e-03,2.6901607000e-04
1,4147,9.1470000000e-03,2.6896626000e-04
1,4148,9.1480000000e-03,2.6891647000e-04
1,4149,9.1490000000e-03,2.6886670000e-04
1,4150,9.1500000000e-03,2.6881694000e-04
1,4151,9.1510000000e-03,2.6876720000e-04
1,4152,9.1520000000e-03,2.6871748000e-04
1,4153,9.1530000000e-03,2.6866778000e-04
1,4154,9.1540000000e-03,2.6861809000e-04
1,4155,9.1550000000e-03,2.6856842000e-04
1,4156,9.1560000000e-03,2.6851877000e-04
1,4157,9.1570000000e-03,2.6846913000e-04
1,4158,9.1580000000e-03,2.6841952000e-04
1,4159,9.1590000000e-03,2.6836992000e-04
1,4160,9.1600000000e-03,2.6832033000e-04
1,4161,9.1610000000e-03,2.6827077000e-04
1,4162,9.1620000000e-03,2.6822122000e-04
1,4163,9.1630000000e-03,2.6817169000e-04
1,4164,9.1640000000e-03,2.6812218000e-04
1,4165,9.1650000000e-03,2.6807268000e-04
1,4166,9.1660000000e-03,2.6802321000e-04
1,4167,9.1670000000e-03,2.6797374000e-04
1,4168,9.1680000000e-03,2.6792430000e-04
1,4169,9.1690000000e-03,2.6787487000e-04
1,4170,9.1700000000e-03,2.6782547000e-04
1,4171,9.1710000000e-03,2.6777607000e-04
1,4172,9.1720000000e-03,2.6772670000e-04
1,4173,9.1730000000e-03,2.6767734000e-04
1,4174,9.1740000000e-03,2.6762800000e-04
1,4175,9.1750000000e-03,2.6757868000e-04
1,4176,9.1760000000e-03,2.6752937000e-04
1,4177,9.1770000000e-03,2.6748009000e-04
1,4178,9.1780000000e-03,2.6743082000e-04
1,4179,9.1790000000e-03,2.6738156000e-04
1,4180,9.1800000000e-03,2.6733233000e-04
1,4181,9.1810000000e-03,2.6728311000e-04
1,4182,9.1820000000e-03,2.6723390000e-04
1,4183,9.1830000000e-03,2.6718472000e-04
1,4184,9.1840000000e-03,2.6713555000e-04
1,4185,9.1850000000e-03,2.6708640000e-04
1,4186,9.1860000000e-03,2.6703727000e-04
1,4187,9.1870000000e-03,2.6698815000e-04
1,4188,9.1880000000e-03,2.6693905000e-04
1,4189,9.1890000000e-03,2.6688997000e-04
1,4190,9.1900000000e-03,2.6684091000e-04
1,4191,9.1910000000e-03,2.6679186000e-04
1,4192,9.1920000000e-03,2.6674283000e-04
1,4193,9.1930000000e-03,2.6669382000e-04
1,4194,9.1940000000e-03,2.6664482000e-04
1,4195,9.1950000000e-03,2.6659584000e-04
1,4196,9.1960000000e-03,2.6654688000e-04
1,4197,9.1970000000e-03,2.6649793000e-04
1,4198,9.1980000000e-03,2.6644901000e-04
1,4199,9.1990000000e-03,2.6640010000e-04
1,4200,9.2000000000e-03,2.6635120000e-04
1,4201,9.2010000000e-03,2.6630233000e-04
1,4202,9.2020000000e-03,2.6625347000e-04
1,4203,9.2030000000e-03,2.6620462000e-04
1,4204,9.2040000000e-03,2.6615580000e-04
1,4205,9.2050000000e-03,2.6610699000e-04
1,4206,9.2060000000e-03,2.6605820000e-04
1,4207,9.2070000000e-03,2.6600943000e-04
1,4208,9.2080000000e-03,2.6596067000e-04
1,4209,9.2090000000e-03,2.6591193000e-04
1,4210,9.2100000000e-03,2.6586321000e-04
1,4211,9.2110000000e-03,2.6581450000e-04
1,4212,9.2120000000e-03,2.6576581000e-04
1,4213,9.2130000000e-03,2.6571714000e-04
1,4214,9.2140000000e-03,2.6566848000e-04
1,4215,9.2150000000e-03,2.6561985000e-04
1,4216,9.2160000000e-03,2.6557122000e-04
1,4217,9.2170000000e-03,2.6552262000e-04
1,4218,9.2180000000e-03,2.6547403000e-04
1,4219,9.2190000000e-03,2.6542546000e-04
1,4220,9.2200000000e-03,2.6537691000e-04
1,4221,9.2210000000e-03,2.6532837000e-04
1,4222,9.2220000000e-03,2.6527985000e-04
1,4223,9.2230000000e-03,2.6523135000e-04
1,4224,9.2240000000e-03,2.6518287000e-04
1,4225,9.2250000000e-03,2.6513440000e-04
1,4226,9.2260000000e-03,2.6508594000e-04
1,4227,9.2270000000e-03,2.6503751000e-04
1,4228,9.2280000000e-03,2.6498909000e-04
1,4229,9.2290000000e-03,2.6494069000e-04
1,4230,9.2300000000e-03,2.6489231000e-04
1,4231,9.2310000000e-03,2.6484394000e-04
1,4232,9.2320000000e-03,2.6479559000e-04
1,4233,9.2330000000e-03,2.6474726000e-04
1,4234,9.2340000000e-03,2.6469894000e-04
1,4235,9.2350000000e-03,2.6465064000e-04
1,4236,9.2360000000e-03,2.6460236000e-04
1,4237,9.2370000000e-03,2.6455409000e-04
1,4238,9.2380000000e-03,2.6450584000e-04
1,4239,9.2390000000e-03,2.6445761000e-04
1,4240,9.2400000000e-03,2.6440939000e-04
1,4241,9.2410000000e-03,2.6436119000e-04
1,4242,9.2420000000e-03,2.6431301000e-04
1,4243,9.2430000000e-03,2.6426484000e-04
1,4244,9.2440000000e-03,2.6421670000e-04
1,4245,9.2450000000e-03,2.6416856000e-04
1,4246,9.2460000000e-03,2.6412045000e-04
1,4247,9.2470000000e-03,2.6407235000e-04
1,4248,9.2480000000e-03,2.6402427000e-04
1,4249,9.2490000000e-03,2.6397620000e-04
1,4250,9.2500000000e-03,2.6392816000e-04
1,4251,9.2510000000e-03,2.6388012000e-04
1,4252,9.2520000000e-03,2.6383211000e-04
1,4253,9.2530000000e-03,2.6378411000e-04
1,4254,9.2540000000e-03,2.6373613000e-04
1,4255,9.2550000000e-03,2.6368816000e-04
1,4256,9.2560000000e-03,2.6364022000e-04
1,4257,9.2570000000e-03,2.6359229000e-04
1,4258,9.2580000000e-03,2.6354437000e-04
1,4259,9.2590000000e-03,2.6349647000e-04
1,4260,9.2600000000e-03,2.6344859000e-04
1,4261,9.2610000000e-03,2.6340073000e-04
1,4262,9.2620000000e-03,2.6335288000e-04
1,4263,9.2630000000e-03,2.6330505000e-04
1,4264,9.2640000000e-03,2.6325723000e-04
1,4265,9.2650000000e-03,2.6320944000e-04
1,4266,9.2660000000e-03,2.6316165000e-04
1,4267,9.2670000000e-03,2.6311389000e-04
1,4268,9.2680000000e-03,2.6306614000e-04
1,4269,9.2690000000e-03,2.6301841000e-04
1,4270,9.2700000000e-03,2.6297070000e-04
1,4271,9.2710000000e-03,2.6292300000e-04
1,4272,9.2720000000e-03,2.6287532000e-04
1,4273,9.2730000000e-03,2.6282765000e-04
1,4274,9.2740000000e-03,2.6278000000e-04
1,4275,9.2750000000e-03,2.6273237000e-04
1,4276,9.2760000000e-03,2.6268475000e-04
1,4277,9.2770000000e-03,2.6263716000e-04
1,4278,9.2780000000e-03,2.6258957000e-04
1,4279,9.2790000000e-03,2.6254201000e-04
1,4280,9.2800000000e-03,2.6249446000e-04
1,4281,9.2810000000e-03,2.6244693000e-04
1,4282,9.2820000000e-03,2.6239941000e-04
1,4283,9.2830000000e-03,2.6235191000e-04
1,4284,9.2840000000e-03,2.6230443000e-04
1,4285,9.2850000000e-03,2.6225696000e-04
1,4286,9.2860000000e-03,2.6220951000e-04
1,4287,9.2870000000e-03,2.6216208000e-04
1,4288,9.2880000000e-03,2.6211466000e-04
1,4289,9.2890000000e-03,2.6206726000e-04
1,4290,9.2900000000e-03,2.6201987000e-04
1,4291,9.2910000000e-03,2.6197251000e-04
1,4292,9.2920000000e-03,2.6192516000e-04
1,4293,9.2930000000e-03,2.6187782000e-04
1,4294,9.2940000000e-03,2.6183050000e-04
1,4295,9.2950000000e-03,2.6178320000e-04
1,4296,9.2960000000e-03,2.6173592000e-04
1,4297,9.2970000000e-03,2.6168865000e-04
1,4298,9.2980000000e-03,2.6164139000e-04
1,4299,9.2990000000e-03,2.6159416000e-04
1,4300,9.3000000000e-03,2.6154694000e-04
1,4301,9.3010000000e-03,2.6149973000e-04
1,4302,9.3020000000e-03,2.6145255000e-04
1,4303,9.3030000000e-03,2.6140538000e-04
1,4304,9.3040000000e-03,2.6135822000e-04
1,4305,9.3050000000e-03,2.6131108000e-04
1,4306,9.3060000000e-03,2.6126396000e-04
1,4307,9.3070000000e-03,2.6121686000e-04
1,4308,9.3080000000e-03,2.6116977000e-04
1,4309,9.3090000000e-03,2.6112270000e-04
1,4310,9.3100000000e-03,2.6107564000e-04
1,4311,9.3110000000e-03,2.6102860000e-04
1,4312,9.3120000000e-03,2.6098158000e-04
1,4313,9.3130000000e-03,2.6093457000e-04
1,4314,9.3140000000e-03,2.6088758000e-04
1,4315,9.3150000000e-03,2.6084060000e-04
1,4316,9.3160000000e-03,2.6079364000e-04
1,4317,9.3170000000e-03,2.6074670000e-04
1,4318,9.3180000000e-03,2.6069978000e-04
1,4319,9.3190000000e-03,2.6065287000e-04
1,4320,9.3200000000e-03,2.6060597000e-04
1,4321,9.3210000000e-03,2.6055910000e-04
1,4322,9.3220000000e-03,2.6051224000e-04
1,4323,9.3230000000e-03,2.6046539000e-04
1,4324,9.3240000000e-03,2.6041856000e-04
1,4325,9.3250000000e-03,2.6037175000e-04
1,4326,9.3260000000e-03,2.6032496000e-04
1,4327,9.3270000000e-03,2.6027818000e-04
1,4328,9.3280000000e-03,2.6023141000e-04
1,4329,9.3290000000e-03,2.6018467000e-04
1,4330,9.3300000000e-03,2.6013794000e-04
1,4331,9.3310000000e-03,2.6009122000e-04
1,4332,9.3320000000e-03,2.6004452000e-04
1,4333,9.3330000000e-03,2.5999784000e-04
1,4334,9.3340000000e-03,2.5995117000e-04
1,4335,9.3350000000e-03,2.5990452000e-04
1,4336,9.3360000000e-03,2.5985789000e-04
1,4337,9.3370000000e-03,2.5981127000e-04
1,4338,9.3380000000e-03,2.5976467000e-04
1,4339,9.3390000000e-03,2.5971809000e-04
1,4340,9.3400000000e-03,2.5967152000e-04
1,4341,9.3410000000e-03,2.5962496000e-04
1,4342,9.3420000000e-03,2.5957843000e-04
1,4343,9.3430000000e-03,2.5953191000e-04
1,4344,9.3440000000e-03,2.5948540000e-04
1,4345,9.3450000000e-03,2.5943891000e-04
1,4346,9.3460000000e-03,2.5939244000e-04
1,4347,9.3470000000e-03,2.5934598000e-04
1,4348,9.3480000000e-03,2.5929954000e-04
1,4349,9.3490000000e-03,2.5925312000e-04
1,4350,9.3500000000e-03,2.5920671000e-04
1,4351,9.3510000000e-03,2.5916032000e-04
1,4352,9.3520000000e-03,2.5911394000e-04
1,4353,9.3530000000e-03,2.5906758000e-04
1,4354,9.3540000000e-03,2.5902124000e-04
1,4355,9.3550000000e-03,2.5897491000e-04
1,4356,9.3560000000e-03,2.5892860000e-04
1,4357,9.3570000000e-03,2.5888230000e-04
1,4358,9.3580000000e-03,2.5883602000e-04
1,4359,9.3590000000e-03,2.5878976000e-04
1,4360,9.3600000000e-03,2.5874351000e-04
1,4361,9.3610000000e-03,2.5869728000e-04
1,4362,9.3620000000e-03,2.5865107000e-04
1,4363,9.3630000000e-03,2.5860487000e-04
1,4364,9.3640000000e-03,2.5855868000e-04
1,4365,9.3650000000e-03,2.5851251000e-04
1,4366,9.3660000000e-03,2.5846636000e-04
1,4367,9.3670000000e-03,2.5842023000e-04
1,4368,9.3680000000e-03,2.5837411000e-04
1,4369,9.3690000000e-03,2.5832800000e-04
1,4370,9.3700000000e-03,2.5828192000e-04
1,4371,9.3710000000e-03,2.5823584000e-04
1,4372,9.3720000000e-03,2.5818979000e-04
1,4373,9.3730000000e-03,2.5814375000e-04
1,4374,9.3740000000e-03,2.5809772000e-04
1,4375,9.3750000000e-03,2.5805171000e-04
1,4376,9.3760000000e-03,2.5800572000e-04
1,4377,9.3770000000e-03,2.5795975000e-04
1,4378,9.3780000000e-03,2.5791379000e-04
1,4379,9.3790000000e-03,2.5786784000e-04
1,4380,9.3800000000e-03,2.5782191000e-04
1,4381,9.3810000000e-03,2.5777600000e-04
1,4382,9.3820000000e-03,2.5773010000e-04
1,4383,9.3830000000e-03,2.5768422000e-04
1,4384,9.3840000000e-03,2.5763836000e-04
1,4385,9.3850000000e-03,2.5759251000e-04
1,4386,9.3860000000e-03,2.5754667000e-04
1,4387,9.3870000000e-03,2.5750085000e-04
1,4388,9.3880000000e-03,2.5745505000e-04
1,4389,9.3890000000e-03,2.5740927000e-04
1,4390,9.3900000000e-03,2.5736350000e-04
1,4391,9.3910000000e-03,2.5731774000e-04
1,4392,9.3920000000e-03,2.5727200000e-04
1,4393,9.3930000000e-03,2.5722628000e-04
1,4394,9.3940000000e-03,2.5718057000e-04
1,4395,9.3950000000e-03,2.5713488000e-04
1,4396,9.3960000000e-03,2.5708919000e-04
1,4397,9.3970000000e-03,2.5704352000e-04
1,4398,9.3980000000e-03,2.5699787000e-04
1,4399,9.3990000000e-03,2.5695223000e-04
1,4400,9.4000000000e-03,2.5690661000e-04
1,4401,9.4010000000e-03,2.5686101000e-04
1,4402,9.4020000000e-03,2.5681542000e-04
1,4403,9.4030000000e-03,2.5676984000e-04
1,4404,9.4040000000e-03,2.5672429000e-04
1,4405,9.4050000000e-03,2.5667874000e-04
1,4406,9.4060000000e-03,2.5663322000e-04
1,4407,9.4070000000e-03,2.5658770000e-04
1,4408,9.4080000000e-03,2.5654221000e-04
1,4409,9.4090000000e-03,2.5649673000e-04
1,4410,9.4100000000e-03,2.5645127000e-04
1,4411,9.4110000000e-03,2.5640582000e-04
1,4412,9.4120000000e-03,2.5636038000e-04
1,4413,9.4130000000e-03,2.5631497000e-04
1,4414,9.4140000000e-03,2.5626957000e-04
1,4415,9.4150000000e-03,2.5622418000e-04
1,4416,9.4160000000e-03,2.5617881000e-04
1,4417,9.4170000000e-03,2.5613346000e-04
1,4418,9.4180000000e-03,2.5608812000e-04
1,4419,9.4190000000e-03,2.5604280000e-04
1,4420,9.4200000000e-03,2.5599749000e-04
1,4421,9.4210000000e-03,2.5595219000e-04
1,4422,9.4220000000e-03,2.5590691000e-04
1,4423,9.4230000000e-03,2.5586164000e-04
1,4424,9.4240000000e-03,2.5581639000e-04
1,4425,9.4250000000e-03,2.5577115000e-04
1,4426,9.4260000000e-03,2.5572593000e-04
1,4427,9.4270000000e-03,2.5568072000e-04
1,4428,9.4280000000e-03,2.5563553000e-04
1,4429,9.4290000000e-03,2.5559036000e-04
1,4430,9.4300000000e-03,2.5554520000e-04
1,4431,9.4310000000e-03,2.5550006000e-04
1,4432,9.4320000000e-03,2.5545493000e-04
1,4433,9.4330000000e-03,2.5540982000e-04
1,4434,9.4340000000e-03,2.5536472000e-04
1,4435,9.4350000000e-03,2.5531964000e-04
1,4436,9.4360000000e-03,2.5527457000e-04
1,4437,9.4370000000e-03,2.5522952000e-04
1,4438,9.4380000000e-03,2.5518449000e-04
1,4439,9.4390000000e-03,2.5513947000e-04
1,4440,9.4400000000e-03,2.5509446000e-04
1,4441,9.4410000000e-03,2.5504948000e-04
1,4442,9.4420000000e-03,2.5500450000e-04
1,4443,9.4430000000e-03,2.5495955000e-04
1,4444,9.4440000000e-03,2.5491460000e-04
1,4445,9.4450000000e-03,2.5486968000e-04
1,4446,9.4460000000e-03,2.5482477000e-04
1,4447,9.4470000000e-03,2.5477987000e-04
1,4448,9.4480000000e-03,2.5473499000e-04
1,4449,9.4490000000e-03,2.5469013000e-04
1,4450,9.4500000000e-03,2.5464528000e-04
1,4451,9.4510000000e-03,2.5460045000e-04
1,4452,9.4520000000e-03,2.5455563000e-04
1,4453,9.4530000000e-03,2.5451083000e-04
1,4454,9.4540000000e-03,2.5446604000e-04
1,4455,9.4550000000e-03,2.5442127000e-04
1,4456,9.4560000000e-03,2.5437651000e-04
1,4457,9.4570000000e-03,2.5433177000e-04
1,4458,9.4580000000e-03,2.5428705000e-04
1,4459,9.4590000000e-03,2.5424234000e-04
1,4460,9.4600000000e-03,2.5419764000e-04
1,4461,9.4610000000e-03,2.5415296000e-04
1,4462,9.4620000000e-03,2.5410830000e-04
1,4463,9.4630000000e-03,2.5406365000e-04
1,4464,9.4640000000e-03,2.5401902000e-04
1,4465,9.4650000000e-03,2.5397440000e-04
1,4466,9.4660000000e-03,2.5392980000e-04
1,4467,9.4670000000e-03,2.5388521000e-04
1,4468,9.4680000000e-03,2.5384064000e-04
1,4469,9.4690000000e-03,2.5379608000e-04
1,4470,9.4700000000e-03,2.5375154000e-04
1,4471,9.4710000000e-03,2.5370702000e-04
1,4472,9.4720000000e-03,2.5366251000e-04
1,4473,9.4730000000e-03,2.5361801000e-04
1,4474,9.4740000000e-03,2.5357353000e-04
1,4475,9.4750000000e-03,2.5352907000e-04
1,4476,9.4760000000e-03,2.5348462000e-04
1,4477,9.4770000000e-03,2.5344019000e-04
1,4478,9.4780000000e-03,2.5339577000e-04
1,4479,9.4790000000e-03,2.5335136000e-04
1,4480,9.4800000000e-03,2.5330698000e-04
1,4481,9.4810000000e-03,2.5326260000e-04
1,4482,9.4820000000e-03,2.5321825000e-04
1,4483,9.4830000000e-03,2.5317391000e-04
1,4484,9.4840000000e-03,2.5312958000e-04
1,4485,9.4850000000e-03,2.5308527000e-04
1,4486,9.4860000000e-03,2.5304097000e-04
1,4487,9.4870000000e-03,2.5299669000e-04
1,4488,9.4880000000e-03,2.5295242000e-04
1,4489,9.4890000000e-03,2.5290817000e-04
1,4490,9.4900000000e-03,2.5286394000e-04
1,4491,9.4910000000e-03,2.5281972000e-04
1,4492,9.4920000000e-03,2.5277551000e-04
1,4493,9.4930000000e-03,2.5273132000e-04
1,4494,9.4940000000e-03,2.5268715000e-04
1,4495,9.4950000000e-03,2.5264299000e-04
1,4496,9.4960000000e-03,2.5259885000e-04
1,4497,9.4970000000e-03,2.5255472000e-04
1,4498,9.4980000000e-03,2.5251060000e-04
1,4499,9.4990000000e-03,2.5246651000e-04
1,4500,9.5000000000e-03,2.5242242000e-04
1,4501,9.5010000000e-03,2.5237835000e-04
1,4502,9.5020000000e-03,2.5233430000e-04
1,4503,9.5030000000e-03,2.5229026000e-04
1,4504,9.5040000000e-03,2.5224624000e-04
1,4505,9.5050000000e-03,2.5220223000e-04
1,4506,9.5060000000e-03,2.5215824000e-04
1,4507,9.5070000000e-03,2.5211426000e-04
1,4508,9.5080000000e-03,2.5207030000e-04
1,4509,9.5090000000e-03,2.5202635000e-04
1,4510,9.5100000000e-03,2.5198242000e-04
1,4511,9.5110000000e-03,2.5193851000e-04
1,4512,9.5120000000e-03,2.5189460000e-04
1,4513,9.5130000000e-03,2.5185072000e-04
1,4514,9.5140000000e-03,2.5180685000e-04
1,4515,9.5150000000e-03,2.5176299000e-04
1,4516,9.5160000000e-03,2.5171915000e-04
1,4517,9.5170000000e-03,2.5167532000e-04
1,4518,9.5180000000e-03,2.5163151000e-04
1,4519,9.5190000000e-03,2.5158771000e-04
1,4520,9.5200000000e-03,2.5154393000e-04
1,4521,9.5210000000e-03,2.5150017000e-04
1,4522,9.5220000000e-03,2.5145641000e-04
1,4523,9.5230000000e-03,2.5141268000e-04
1,4524,9.5240000000e-03,2.5136896000e-04
1,4525,9.5250000000e-03,2.5132525000e-04
1,4526,9.5260000000e-03,2.5128156000e-04
1,4527,9.5270000000e-03,2.5123788000e-04
1,4528,9.5280000000e-03,2.5119422000e-04
1,4529,9.5290000000e-03,2.5115058000e-04
1,4530,9.5300000000e-03,2.5110694000e-04
1,4531,9.5310000000e-03,2.5106333000e-04
1,4532,9.5320000000e-03,2.5101973000e-04
1,4533,9.5330000000e-03,2.5097614000e-04
1,4534,9.5340000000e-03,2.5093257000e-04
1,4535,9.5350000000e-03,2.5088901000e-04
1,4536,9.5360000000e-03,2.5084547000e-04
1,4537,9.5370000000e-03,2.5080194000e-04
1,4538,9.5380000000e-03,2.5075843000e-04
1,4539,9.5390000000e-03,2.5071494000e-04
1,4540,9.5400000000e-03,2.5067145000e-04
1,4541,9.5410000000e-03,2.5062799000e-04
1,4542,9.5420000000e-03,2.5058454000e-04
1,4543,9.5430000000e-03,2.5054110000e-04
1,4544,9.5440000000e-03,2.5049768000e-04
1,4545,9.5450000000e-03,2.5045427000e-04
1,4546,9.5460000000e-03,2.5041088000e-04
1,4547,9.5470000000e-03,2.5036750000e-04
1,4548,9.5480000000e-03,2.5032414000e-04
1,4549,9.5490000000e-03,2.5028079000e-04
1,4550,9.5500000000e-03,2.5023746000e-04
1,4551,9.5510000000e-03,2.5019414000e-04
1,4552,9.5520000000e-03,2.5015084000e-04
1,4553,9.5530000000e-03,2.5010755000e-04
1,4554,9.5540000000e-03,2.5006428000e-04
1,4555,9.5550000000e-03,2.5002102000e-04
1,4556,9.5560000000e-03,2.4997777000e-04
1,4557,9.5570000000e-03,2.4993454000e-04
1,4558,9.5580000000e-03,2.4989133000e-04
1,4559,9.5590000000e-03,2.4984813000e-04
1,4560,9.5600000000e-03,2.4980495000e-04
1,4561,9.5610000000e-03,2.4976178000e-04
1,4562,9.5620000000e-03,2.4971862000e-04
1,4563,9.5630000000e-03,2.4967548000e-04
1,4564,9.5640000000e-03,2.4963236000e-04
1,4565,9.5650000000e-03,2.4958925000e-04
1,4566,9.5660000000e-03,2.4954615000e-04
1,4567,9.5670000000e-03,2.4950307000e-04
1,4568,9.5680000000e-03,2.4946000000e-04
1,4569,9.5690000000e-03,2.4941695000e-04
1,4570,9.5700000000e-03,2.4937392000e-04
1,4571,9.5710000000e-03,2.4933089000e-04
1,4572,9.5720000000e-03,2.4928789000e-04
1,4573,9.5730000000e-03,2.4924489000e-04
1,4574,9.5740000000e-03,2.4920192000e-04
1,4575,9.5750000000e-03,2.4915895000e-04
1,4576,9.5760000000e-03,2.4911601000e-04
1,4577,9.5770000000e-03,2.4907307000e-04
1,4578,9.5780000000e-03,2.4903015000e-04
1,4579,9.5790000000e-03,2.4898725000e-04
1,4580,9.5800000000e-03,2.4894436000e-04
1,4581,9.5810000000e-03,2.4890148000e-04
1,4582,9.5820000000e-03,2.4885862000e-04
1,4583,9.5830000000e-03,2.4881578000e-04
1,4584,9.5840000000e-03,2.4877295000e-04
1,4585,9.5850000000e-03,2.4873013000e-04
1,4586,9.5860000000e-03,2.4868733000e-04
1,4587,9.5870000000e-03,2.4864454000e-04
1,4588,9.5880000000e-03,2.4860177000e-04
1,4589,9.5890000000e-03,2.4855901000e-04
1,4590,9.5900000000e-03,2.4851627000e-04
1,4591,9.5910000000e-03,2.4847354000e-04
1,4592,9.5920000000e-03,2.4843083000e-04
1,4593,9.5930000000e-03,2.4838813000e-04
1,4594,9.5940000000e-03,2.4834545000e-04
1,4595,9.5950000000e-03,2.4830278000e-04
1,4596,9.5960000000e-03,2.4826012000e-04
1,4597,9.5970000000e-03,2.4821748000e-04
1,4598,9.5980000000e-03,2.4817486000e-04
1,4599,9.5990000000e-03,2.4813224000e-04
1,4600,9.6000000000e-03,2.4808965000e-04
1,4601,9.6010000000e-03,2.4804707000e-04
1,4602,9.6020000000e-03,2.4800450000e-04
1,4603,9.6030000000e-03,2.4796194000e-04
1,4604,9.6040000000e-03,2.4791941000e-04
1,4605,9.6050000000e-03,2.4787688000e-04
1,4606,9.6060000000e-03,2.4783437000e-04
1,4607,9.6070000000e-03,2.4779188000e-04
1,4608,9.6080000000e-03,2.4774940000e-04
1,4609,9.6090000000e-03,2.4770693000e-04
1,4610,9.6100000000e-03,2.4766448000e-04
1,4611,9.6110000000e-03,2.4762204000e-04
1,4612,9.6120000000e-03,2.4757962000e-04
1,4613,9.6130000000e-03,2.4753721000e-04
1,4614,9.6140000000e-03,2.4749482000e-04
1,4615,9.6150000000e-03,2.4745244000e-04
1,4616,9.6160000000e-03,2.4741008000e-04
1,4617,9.6170000000e-03,2.4736773000e-04
1,4618,9.6180000000e-03,2.4732539000e-04
1,4619,9.6190000000e-03,2.4728307000e-04
1,4620,9.6200000000e-03,2.4724076000e-04
1,4621,9.6210000000e-03,2.4719847000e-04
1,4622,9.6220000000e-03,2.4715619000e-04
1,4623,9.6230000000e-03,2.4711393000e-04
1,4624,9.6240000000e-03,2.4707168000e-04
1,4625,9.6250000000e-03,2.4702945000e-04
1,4626,9.6260000000e-03,2.4698723000e-04
1,4627,9.6270000000e-03,2.4694502000e-04
1,4628,9.6280000000e-03,2.4690283000e-04
1,4629,9.6290000000e-03,2.4686065000e-04
1,4630,9.6300000000e-03,2.4681849000e-04
1,4631,9.6310000000e-03,2.4677634000e-04
1,4632,9.6320000000e-03,2.4673421000e-04
1,4633,9.6330000000e-03,2.4669209000e-04
1,4634,9.6340000000e-03,2.4664999000e-04
1,4635,9.6350000000e-03,2.4660790000e-04
1,4636,9.6360000000e-03,2.4656582000e-04
1,4637,9.6370000000e-03,2.4652376000e-04
1,4638,9.6380000000e-03,2.4648171000e-04
1,4639,9.6390000000e-03,2.4643968000e-04
1,4640,9.6400000000e-03,2.4639766000e-04
1,4641,9.6410000000e-03,2.4635566000e-04
1,4642,9.6420000000e-03,2.4631367000e-04
1,4643,9.6430000000e-03,2.4627169000e-04
1,4644,9.6440000000e-03,2.4622973000e-04
1,4645,9.6450000000e-03,2.4618778000e-04
1,4646,9.6460000000e-03,2.4614585000e-04
1,4647,9.6470000000e-03,2.4610393000e-04
1,4648,9.6480000000e-03,2.4606203000e-04
1,4649,9.6490000000e-03,2.4602014000e-04
1,4650,9.6500000000e-03,2.4597826000e-04
1,4651,9.6510000000e-03,2.4593640000e-04
1,4652,9.6520000000e-03,2.4589456000e-04
1,4653,9.6530000000e-03,2.4585272000e-04
1,4654,9.6540000000e-03,2.4581090000e-04
1,4655,9.6550000000e-03,2.4576910000e-04
1,4656,9.6560000000e-03,2.4572731000e-04
1,4657,9.6570000000e-03,2.4568554000e-04
1,4658,9.6580000000e-03,2.4564377000e-04
1,4659,9.6590000000e-03,2.4560203000e-04
1,4660,9.6600000000e-03,2.4556030000e-04
1,4661,9.6610000000e-03,2.4551858000e-04
1,4662,9.6620000000e-03,2.4547687000e-04
1,4663,9.6630000000e-03,2.4543518000e-04
1,4664,9.6640000000e-03,2.4539351000e-04
1,4665,9.6650000000e-03,2.4535185000e-04
1,4666,9.6660000000e-03,2.4531020000e-04
1,4667,9.6670000000e-03,2.4526857000e-04
1,4668,9.6680000000e-03,2.4522695000e-04
1,4669,9.6690000000e-03,2.4518534000e-04
1,4670,9.6700000000e-03,2.4514375000e-04
1,4671,9.6710000000e-03,2.4510218000e-04
1,4672,9.6720000000e-03,2.4506061000e-04
1,4673,9.6730000000e-03,2.4501907000e-04
1,4674,9.6740000000e-03,2.4497753000e-04
1,4675,9.6750000000e-03,2.4493601000e-04
1,4676,9.6760000000e-03,2.4489451000e-04
1,4677,9.6770000000e-03,2.4485302000e-04
1,4678,9.6780000000e-03,2.4481154000e-04
1,4679,9.6790000000e-03,2.4477008000e-04
1,4680,9.6800000000e-03,2.4472863000e-04
1,4681,9.6810000000e-03,2.4468719000e-04
1,4682,9.6820000000e-03,2.4464577000e-04
1,4683,9.6830000000e-03,2.4460436000e-04
1,4684,9.6840000000e-03,2.4456297000e-04
1,4685,9.6850000000e-03,2.4452159000e-04
1,4686,9.6860000000e-03,2.4448023000e-04
1,4687,9.6870000000e-03,2.4443888000e-04
1,4688,9.6880000000e-03,2.4439754000e-04
1,4689,9.6890000000e-03,2.4435622000e-04
1,4690,9.6900000000e-03,2.4431491000e-04
1,4691,9.6910000000e-03,2.4427362000e-04
1,4692,9.6920000000e-03,2.4423234000e-04
1,4693,9.6930000000e-03,2.4419108000e-04
1,4694,9.6940000000e-03,2.4414982000e-04
1,4695,9.6950000000e-03,2.4410859000e-04
1,4696,9.6960000000e-03,2.4406736000e-04
1,4697,9.6970000000e-03,2.4402615000e-04
1,4698,9.6980000000e-03,2.4398496000e-04
1,4699,9.6990000000e-03,2.4394378000e-04
1,4700,9.7000000000e-03,2.4390261000e-04
1,4701,9.7010000000e-03,2.4386146000e-04
1,4702,9.7020000000e-03,2.4382032000e-04
1,4703,9.7030000000e-03,2.4377919000e-04
1,4704,9.7040000000e-03,2.4373808000e-04
1,4705,9.7050000000e-03,2.4369698000e-04
1,4706,9.7060000000e-03,2.4365590000e-04
1,4707,9.7070000000e-03,2.4361483000e-04
1,4708,9.7080000000e-03,2.4357378000e-04
1,4709,9.7090000000e-03,2.4353274000e-04
1,4710,9.7100000000e-03,2.4349171000e-04
1,4711,9.7110000000e-03,2.4345070000e-04
1,4712,9.7120000000e-03,2.4340970000e-04
1,4713,9.7130000000e-03,2.4336871000e-04
1,4714,9.7140000000e-03,2.4332774000e-04
1,4715,9.7150000000e-03,2.4328678000e-04
1,4716,9.7160000000e-03,2.4324584000e-04
1,4717,9.7170000000e-03,2.4320491000e-04
1,4718,9.7180000000e-03,2.4316399000e-04
1,4719,9.7190000000e-03,2.4312309000e-04
1,4720,9.7200000000e-03,2.4308220000e-04
1,4721,9.7210000000e-03,2.4304133000e-04
1,4722,9.7220000000e-03,2.4300047000e-04
1,4723,9.7230000000e-03,2.4295962000e-04
1,4724,9.7240000000e-03,2.4291879000e-04
1,4725,9.7250000000e-03,2.4287797000e-04
1,4726,9.7260000000e-03,2.4283717000e-04
1,4727,9.7270000000e-03,2.4279638000e-04
1,4728,9.7280000000e-03,2.4275560000e-04
1,4729,9.7290000000e-03,2.4271484000e-04
1,4730,9.7300000000e-03,2.4267409000e-04
1,4731,9.7310000000e-03,2.4263335000e-04
1,4732,9.7320000000e-03,2.4259263000e-04
1,4733,9.7330000000e-03,2.4255193000e-04
1,4734,9.7340000000e-03,2.4251123000e-04
1,4735,9.7350000000e-03,2.4247055000e-04
1,4736,9.7360000000e-03,2.4242989000e-04
1,4737,9.7370000000e-03,2.4238924000e-04
1,4738,9.7380000000e-03,2.4234860000e-04
1,4739,9.7390000000e-03,2.4230797000e-04
1,4740,9.7400000000e-03,2.4226736000e-04
1,4741,9.7410000000e-03,2.4222677000e-04
1,4742,9.7420000000e-03,2.4218618000e-04
1,4743,9.7430000000e-03,2.4214561000e-04
1,4744,9.7440000000e-03,2.4210506000e-04
1,4745,9.7450000000e-03,2.4206452000e-04
1,4746,9.7460000000e-03,2.4202399000e-04
1,4747,9.7470000000e-03,2.4198347000e-04
1,4748,9.7480000000e-03,2.4194297000e-04
1,4749,9.7490000000e-03,2.4190249000e-04
1,4750,9.7500000000e-03,2.4186202000e-04
1,4751,9.7510000000e-03,2.4182156000e-04
1,4752,9.7520000000e-03,2.4178111000e-04
1,4753,9.7530000000e-03,2.4174068000e-04
1,4754,9.7540000000e-03,2.4170026000e-04
1,4755,9.7550000000e-03,2.4165986000e-04
1,4756,9.7560000000e-03,2.4161947000e-04
1,4757,9.7570000000e-03,2.4157909000e-04
1,4758,9.7580000000e-03,2.4153873000e-04
1,4759,9.7590000000e-03,2.4149838000e-04
1,4760,9.7600000000e-03,2.4145804000e-04
1,4761,9.7610000000e-03,2.4141772000e-04
1,4762,9.7620000000e-03,2.4137742000e-04
1,4763,9.7630000000e-03,2.4133712000e-04
1,4764,9.7640000000e-03,2.4129684000e-04
1,4765,9.7650000000e-03,2.4125657000e-04
1,4766,9.7660000000e-03,2.4121632000e-04
1,4767,9.7670000000e-03,2.4117608000e-04
1,4768,9.7680000000e-03,2.4113586000e-04
1,4769,9.7690000000e-03,2.4109564000e-04
1,4770,9.7700000000e-03,2.4105544000e-04
1,4771,9.7710000000e-03,2.4101526000e-04
1,4772,9.7720000000e-03,2.4097509000e-04
1,4773,9.7730000000e-03,2.4093493000e-04
1,4774,9.7740000000e-03,2.4089479000e-04
1,4775,9.7750000000e-03,2.4085466000e-04
1,4776,9.7760000000e-03,2.4081454000e-04
1,4777,9.7770000000e-03,2.4077444000e-04
1,4778,9.7780000000e-03,2.4073435000e-04
1,4779,9.7790000000e-03,2.4069427000e-04
1,4780,9.7800000000e-03,2.4065421000e-04
1,4781,9.7810000000e-03,2.4061416000e-04
1,4782,9.7820000000e-03,2.4057413000e-04
1,4783,9.7830000000e-03,2.4053410000e-04
1,4784,9.7840000000e-03,2.4049410000e-04
1,4785,9.7850000000e-03,2.4045410000e-04
1,4786,9.7860000000e-03,2.4041412000e-04
1,4787,9.7870000000e-03,2.4037415000e-04
1,4788,9.7880000000e-03,2.4033420000e-04
1,4789,9.7890000000e-03,2.4029426000e-04
1,4790,9.7900000000e-03,2.4025433000e-04
1,4791,9.7910000000e-03,2.4021442000e-04
1,4792,9.7920000000e-03,2.4017452000e-04
1,4793,9.7930000000e-03,2.4013464000e-04
1,4794,9.7940000000e-03,2.4009476000e-04
1,4795,9.7950000000e-03,2.4005490000e-04
1,4796,9.7960000000e-03,2.4001506000e-04
1,4797,9.7970000000e-03,2.3997523000e-04
1,4798,9.7980000000e-03,2.3993541000e-04
1,4799,9.7990000000e-03,2.3989560000e-04
1,4800,9.8000000000e-03,2.3985581000e-04
1,4801,9.8010000000e-03,2.3981604000e-04
1,4802,9.8020000000e-03,2.3977627000e-04
1,4803,9.8030000000e-03,2.3973652000e-04
1,4804,9.8040000000e-03,2.3969678000e-04
1,4805,9.8050000000e-03,2.3965706000e-04
1,4806,9.8060000000e-03,2.3961735000e-04
1,4807,9.8070000000e-03,2.3957765000e-04
1,4808,9.8080000000e-03,2.3953797000e-04
1,4809,9.8090000000e-03,2.3949830000e-04
1,4810,9.8100000000e-03,2.3945864000e-04
1,4811,9.8110000000e-03,2.3941900000e-04
1,4812,9.8120000000e-03,2.3937937000e-04
1,4813,9.8130000000e-03,2.3933975000e-04
1,4814,9.8140000000e-03,2.3930015000e-04
1,4815,9.8150000000e-03,2.3926056000e-04
1,4816,9.8160000000e-03,2.3922099000e-04
1,4817,9.8170000000e-03,2.3918142000e-04
1,4818,9.8180000000e-03,2.3914187000e-04
1,4819,9.8190000000e-03,2.3910234000e-04
1,4820,9.8200000000e-03,2.3906282000e-04
1,4821,9.8210000000e-03,2.3902331000e-04
1,4822,9.8220000000e-03,2.3898381000e-04
1,4823,9.8230000000e-03,2.3894433000e-04
1,4824,9.8240000000e-03,2.3890486000e-04
1,4825,9.8250000000e-03,2.3886541000e-04
1,4826,9.8260000000e-03,2.3882596000e-04
1,4827,9.8270000000e-03,2.3878654000e-04
1,4828,9.8280000000e-03,2.3874712000e-04
1,4829,9.8290000000e-03,2.3870772000e-04
1,4830,9.8300000000e-03,2.3866833000e-04
1,4831,9.8310000000e-03,2.3862895000e-04
1,4832,9.8320000000e-03,2.3858959000e-04
1,4833,9.8330000000e-03,2.3855024000e-04
1,4834,9.8340000000e-03,2.3851091000e-04
1,4835,9.8350000000e-03,2.3847159000e-04
1,4836,9.8360000000e-03,2.3843228000e-04
1,4837,9.8370000000e-03,2.3839298000e-04
1,4838,9.8380000000e-03,2.3835370000e-04
1,4839,9.8390000000e-03,2.3831443000e-04
1,4840,9.8400000000e-03,2.3827518000e-04
1,4841,9.8410000000e-03,2.3823594000e-04
1,4842,9.8420000000e-03,2.3819671000e-04
1,4843,9.8430000000e-03,2.3815749000e-04
1,4844,9.8440000000e-03,2.3811829000e-04
1,4845,9.8450000000e-03,2.3807910000e-04
1,4846,9.8460000000e-03,2.3803992000e-04
1,4847,9.8470000000e-03,2.3800076000e-04
1,4848,9.8480000000e-03,2.3796161000e-04
1,4849,9.8490000000e-03,2.3792248000e-04
1,4850,9.8500000000e-03,2.3788335000e-04
1,4851,9.8510000000e-03,2.3784424000e-04
1,4852,9.8520000000e-03,2.3780515000e-04
1,4853,9.8530000000e-03,2.3776607000e-04
1,4854,9.8540000000e-03,2.3772700000e-04
1,4855,9.8550000000e-03,2.3768794000e-04
1,4856,9.8560000000e-03,2.3764890000e-04
1,4857,9.8570000000e-03,2.3760987000e-04
1,4858,9.8580000000e-03,2.3757085000e-04
1,4859,9.8590000000e-03,2.3753185000e-04
1,4860,9.8600000000e-03,2.3749286000e-04
1,4861,9.8610000000e-03,2.3745388000e-04
1,4862,9.8620000000e-03,2.3741491000e-04
1,4863,9.8630000000e-03,2.3737596000e-04
1,4864,9.8640000000e-03,2.3733703000e-04
1,4865,9.8650000000e-03,2.3729810000e-04
1,4866,9.8660000000e-03,2.3725919000e-04
1,4867,9.8670000000e-03,2.3722029000e-04
1,4868,9.8680000000e-03,2.3718141000e-04
1,4869,9.8690000000e-03,2.3714253000e-04
1,4870,9.8700000000e-03,2.3710368000e-04
1,4871,9.8710000000e-03,2.3706483000e-04
1,4872,9.8720000000e-03,2.3702600000e-04
1,4873,9.8730000000e-03,2.3698718000e-04
1,4874,9.8740000000e-03,2.3694837000e-04
1,4875,9.8750000000e-03,2.3690958000e-04
1,4876,9.8760000000e-03,2.3687080000e-04
1,4877,9.8770000000e-03,2.3683203000e-04
1,4878,9.8780000000e-03,2.3679328000e-04
1,4879,9.8790000000e-03,2.3675454000e-04
1,4880,9.8800000000e-03,2.3671581000e-04
1,4881,9.8810000000e-03,2.3667710000e-04
1,4882,9.8820000000e-03,2.3663840000e-04
1,4883,9.8830000000e-03,2.3659971000e-04
1,4884,9.8840000000e-03,2.3656103000e-04
1,4885,9.8850000000e-03,2.3652237000e-04
1,4886,9.8860000000e-03,2.3648372000e-04
1,4887,9.8870000000e-03,2.3644509000e-04
1,4888,9.8880000000e-03,2.3640646000e-04
1,4889,9.8890000000e-03,2.3636785000e-04
1,4890,9.8900000000e-03,2.3632926000e-04
1,4891,9.8910000000e-03,2.3629067000e-04
1,4892,9.8920000000e-03,2.3625210000e-04
1,4893,9.8930000000e-03,2.3621354000e-04
1,4894,9.8940000000e-03,2.3617500000e-04
1,4895,9.8950000000e-03,2.3613647000e-04
1,4896,9.8960000000e-03,2.3609795000e-04
1,4897,9.8970000000e-03,2.3605944000e-04
1,4898,9.8980000000e-03,2.3602095000e-04
1,4899,9.8990000000e-03,2.3598247000e-04
1,4900,9.9000000000e-03,2.3594400000e-04
1,4901,9.9010000000e-03,2.3590555000e-04
1,4902,9.9020000000e-03,2.3586711000e-04
1,4903,9.9030000000e-03,2.3582868000e-04
1,4904,9.9040000000e-03,2.3579027000e-04
1,4905,9.9050000000e-03,2.3575187000e-04
1,4906,9.9060000000e-03,2.3571348000e-04
1,4907,9.9070000000e-03,2.3567510000e-04
1,4908,9.9080000000e-03,2.3563674000e-04
1,4909,9.9090000000e-03,2.3559839000e-04
1,4910,9.9100000000e-03,2.3556005000e-04
1,4911,9.9110000000e-03,2.3552173000e-04
1,4912,9.9120000000e-03,2.3548342000e-04
1,4913,9.9130000000e-03,2.3544512000e-04
1,4914,9.9140000000e-03,2.3540684000e-04
1,4915,9.9150000000e-03,2.3536856000e-04
1,4916,9.9160000000e-03,2.3533030000e-04
1,4917,9.9170000000e-03,2.3529206000e-04
1,4918,9.9180000000e-03,2.3525382000e-04
1,4919,9.9190000000e-03,2.3521560000e-04
1,4920,9.9200000000e-03,2.3517740000e-04
1,4921,9.9210000000e-03,2.3513920000e-04
1,4922,9.9220000000e-03,2.3510102000e-04
1,4923,9.9230000000e-03,2.3506285000e-04
1,4924,9.9240000000e-03,2.3502470000e-04
1,4925,9.9250000000e-03,2.3498655000e-04
1,4926,9.9260000000e-03,2.3494842000e-04
1,4927,9.9270000000e-03,2.3491030000e-04
1,4928,9.9280000000e-03,2.3487220000e-04
1,4929,9.9290000000e-03,2.3483411000e-04
1,4930,9.9300000000e-03,2.3479603000e-04
1,4931,9.9310000000e-03,2.3475796000e-04
1,4932,9.9320000000e-03,2.3471991000e-04
1,4933,9.9330000000e-03,2.3468187000e-04
1,4934,9.9340000000e-03,2.3464384000e-04
1,4935,9.9350000000e-03,2.3460583000e-04
1,4936,9.9360000000e-03,2.3456783000e-04
1,4937,9.9370000000e-03,2.3452984000e-04
1,4938,9.9380000000e-03,2.3449186000e-04
1,4939,9.9390000000e-03,2.3445390000e-04
1,4940,9.9400000000e-03,2.3441595000e-04
1,4941,9.9410000000e-03,2.3437801000e-04
1,4942,9.9420000000e-03,2.3434008000e-04
1,4943,9.9430000000e-03,2.3430217000e-04
1,4944,9.9440000000e-03,2.3426427000e-04
1,4945,9.9450000000e-03,2.3422639000e-04
1,4946,9.9460000000e-03,2.3418851000e-04
1,4947,9.9470000000e-03,2.3415065000e-04
1,4948,9.9480000000e-03,2.3411280000e-04
1,4949,9.9490000000e-03,2.3407497000e-04
1,4950,9.9500000000e-03,2.3403715000e-04
1,4951,9.9510000000e-03,2.3399934000e-04
1,4952,9.9520000000e-03,2.3396154000e-04
1,4953,9.9530000000e-03,2.3392375000e-04
1,4954,9.9540000000e-03,2.3388598000e-04
1,4955,9.9550000000e-03,2.3384822000e-04
1,4956,9.9560000000e-03,2.3381048000e-04
1,4957,9.9570000000e-03,2.3377274000e-04
1,4958,9.9580000000e-03,2.3373502000e-04
1,4959,9.9590000000e-03,2.3369732000e-04
1,4960,9.9600000000e-03,2.3365962000e-04
1,4961,9.9610000000e-03,2.3362194000e-04
1,4962,9.9620000000e-03,2.3358427000e-04
1,4963,9.9630000000e-03,2.3354661000e-04
1,4964,9.9640000000e-03,2.3350897000e-04
1,4965,9.9650000000e-03,2.3347133000e-04
1,4966,9.9660000000e-03,2.3343371000e-04
1,4967,9.9670000000e-03,2.3339611000e-04
1,4968,9.9680000000e-03,2.3335851000e-04
1,4969,9.9690000000e-03,2.3332093000e-04
1,4970,9.9700000000e-03,2.3328336000e-04
1,4971,9.9710000000e-03,2.3324581000e-04
1,4972,9.9720000000e-03,2.3320827000e-04
1,4973,9.9730000000e-03,2.3317073000e-04
1,4974,9.9740000000e-03,2.3313322000e-04
1,4975,9.9750000000e-03,2.3309571000e-04
1,4976,9.9760000000e-03,2.3305822000e-04
1,4977,9.9770000000e-03,2.3302074000e-04
1,4978,9.9780000000e-03,2.3298327000e-04
1,4979,9.9790000000e-03,2.3294582000e-04
1,4980,9.9800000000e-03,2.3290837000e-04
1,4981,9.9810000000e-03,2.3287095000e-04
1,4982,9.9820000000e-03,2.3283353000e-04
1,4983,9.9830000000e-03,2.3279612000e-04
1,4984,9.9840000000e-03,2.3275873000e-04
1,4985,9.9850000000e-03,2.3272135000e-04
1,4986,9.9860000000e-03,2.3268399000e-04
1,4987,9.9870000000e-03,2.3264663000e-04
1,4988,9.9880000000e-03,2.3260929000e-04
1,4989,9.9890000000e-03,2.3257196000e-04
1,4990,9.9900000000e-03,2.3253465000e-04
1,4991,9.9910000000e-03,2.3249734000e-04
1,4992,9.9920000000e-03,2.3246005000e-04
1,4993,9.9930000000e-03,2.3242277000e-04
1,4994,9.9940000000e-03,2.3238551000e-04
1,4995,9.9950000000e-03,2.3234825000e-04
1,4996,9.9960000000e-03,2.3231101000e-04
1,4997,9.9970000000e-03,2.3227378000e-04
1,4998,9.9980000000e-03,2.3223657000e-04
1,4999,9.9990000000e-03,2.3219937000e-04
1,5000,1.0000000000e-02,2.3216217000e-04
