{
  "case_metrics": {
    "H0": {
      "RF2_at_U_0.002": 0.26681201409553335,
      "RF2_at_U_0.004": 0.5153128282403577,
      "RF2_at_U_0.005": 0.6266450398269382,
      "RF2_at_U_0.0058": 0.7048419777758428,
      "RF2_at_U_0.006": 0.7214058596312123,
      "U2_at_peak_mm": 0.006099999882,
      "area_kN_mm": 0.002581374295833964,
      "case": "H0",
      "cpu_time_s": 926,
      "final_RF2_kN": 0.00139523053076,
      "final_U2_mm": 0.007000000216,
      "h_measured_median_mm": 0.004943904068987025,
      "h_over_lc": 0.329593604599135,
      "h_target_mm": 0.005,
      "initial_tangent_kN_per_mm": 134.72048585210715,
      "job_id": "1376154.mmaster02",
      "layered_elements": 11790,
      "memory_kb_per_element": 175.99287531806615,
      "n_deduped_samples": 71,
      "n_original_samples": 73,
      "odb_bytes": 88827548,
      "peak_RF2_kN": 0.72760784626,
      "peak_memory_kb": 691652,
      "physical_elements": 3930,
      "u_max_mm": 0.007000000216,
      "u_min_mm": 0.0,
      "walltime_per_element_s": 0.25165394402035624,
      "walltime_s": 989
    },
    "H1": {
      "RF2_at_U_0.002": 0.2660197789979246,
      "RF2_at_U_0.004": 0.5136386530747322,
      "RF2_at_U_0.005": 0.6243215910260115,
      "RF2_at_U_0.0058": 0.6996044461872675,
      "RF2_at_U_0.006": 0.5786360496807954,
      "U2_at_peak_mm": 0.005799999926,
      "area_kN_mm": 0.002400487758345979,
      "case": "H1",
      "cpu_time_s": 2728,
      "final_RF2_kN": 0.000280934822513,
      "final_U2_mm": 0.007000000216,
      "h_measured_median_mm": 0.0025000000000000022,
      "h_over_lc": 0.16666666666666682,
      "h_target_mm": 0.0025,
      "initial_tangent_kN_per_mm": 134.32775992952799,
      "job_id": "1376185.mmaster02",
      "layered_elements": 36192,
      "memory_kb_per_element": 76.95324933687003,
      "n_deduped_samples": 71,
      "n_original_samples": 73,
      "odb_bytes": 244467576,
      "peak_RF2_kN": 0.699604451656,
      "peak_memory_kb": 928364,
      "physical_elements": 12064,
      "u_max_mm": 0.007000000216,
      "u_min_mm": 0.0,
      "walltime_per_element_s": 0.23093501326259946,
      "walltime_s": 2786
    },
    "H2-PUB": {
      "RF2_at_U_0.002": 0.2658500845820219,
      "RF2_at_U_0.004": 0.5132901447357578,
      "RF2_at_U_0.005": 0.6238409987407652,
      "RF2_at_U_0.0058": 0.6963359069539661,
      "RF2_at_U_0.006": 0.4948587714713611,
      "U2_at_peak_mm": 0.005799999926,
      "area_kN_mm": 0.002351747550181659,
      "case": "H2-PUB",
      "cpu_time_s": 7843,
      "final_RF2_kN": 0.000156695779879,
      "final_U2_mm": 0.007000000216,
      "h_measured_median_mm": 0.0010000000000000009,
      "h_over_lc": 0.06666666666666674,
      "h_target_mm": 0.001,
      "initial_tangent_kN_per_mm": 134.24295131002376,
      "job_id": "1376186.mmaster02",
      "layered_elements": 101556,
      "memory_kb_per_element": 53.254637835283,
      "n_deduped_samples": 71,
      "n_original_samples": 73,
      "odb_bytes": 660842080,
      "peak_RF2_kN": 0.696335971355,
      "peak_memory_kb": 1802776,
      "physical_elements": 33852,
      "u_max_mm": 0.007000000216,
      "u_min_mm": 0.0,
      "walltime_per_element_s": 0.23508212217889637,
      "walltime_s": 7958
    }
  },
  "common_u": [
    0.0,
    0.007000000216
  ],
  "crack_path_classification": "crack_path_convergence_not_assessed",
  "post_peak_classification": "post_peak_h_convergence_not_fully_demonstrated",
  "peak_and_prepeak_classification": "supported",
  "full_curve_wording": "not_unrestricted_full_curve_mesh_independence",
  "gate_a3_overall": "open",
  "gate_a3_historical_label": "reference_data_insufficient",
  "gate_a3_internal_rf_u_status": "rf_u_reference_supported_contour_evidence_pending",
  "safest_wording": "The force-displacement response is effectively mesh-independent between H1 and H2-PUB for the elastic, pre-peak and peak-load regimes. A noticeable post-peak mesh dependence remains and must be retained as a limitation.",
  "decision_doc": "docs/decisions/MOLNAR_LC015_H_CONVERGENCE_SCIENTIFIC_DECISION.md",
  "h0_h1": {
    "U_at_max_abs_force_diff_mm": 0.0063000001944,
    "coarse": "H0",
    "common_U_max": 0.007000000216,
    "common_U_min": 0.0,
    "comparison": "H0_vs_H1",
    "fine": "H1",
    "full_curve_nrmse": 0.2130641272030907,
    "full_curve_nrmse_pct": 21.30641272030907,
    "max_abs_force_diff_kN": 0.42244733862882144,
    "mean_abs_force_diff_kN": 0.025815890319471815,
    "n_grid": 1001,
    "postpeak_nrmse": 0.6290393946260108,
    "postpeak_nrmse_pct": 62.90393946260108,
    "prepeak_nrmse": 0.003868408451956486,
    "prepeak_nrmse_pct": 0.3868408451956486,
    "rel_area": 0.07535407621183714,
    "rel_peak_RF2": 0.04002746771795753,
    "rel_peak_RF2_pct": 4.002746771795753,
    "rel_peak_U2": 0.051724131004756174,
    "rel_peak_U2_pct": 5.172413100475618,
    "rel_tangent": 0.002923639334008063,
    "split_U_mm": 0.005799999926
  },
  "h1_h2": {
    "U_at_max_abs_force_diff_mm": 0.006202000191376,
    "coarse": "H1",
    "common_U_max": 0.007000000216,
    "common_U_min": 0.0,
    "comparison": "H1_vs_H2-PUB",
    "fine": "H2-PUB",
    "full_curve_nrmse": 0.06011335441758488,
    "full_curve_nrmse_pct": 6.011335441758487,
    "max_abs_force_diff_kN": 0.10545728951529543,
    "mean_abs_force_diff_kN": 0.0069569605816082345,
    "n_grid": 1001,
    "postpeak_nrmse": 0.2020569678467725,
    "postpeak_nrmse_pct": 20.205696784677247,
    "prepeak_nrmse": 0.001061387906142089,
    "prepeak_nrmse_pct": 0.10613879061420892,
    "rel_area": 0.02072510213120253,
    "rel_peak_RF2": 0.004693826594423789,
    "rel_peak_RF2_pct": 0.4693826594423789,
    "rel_peak_U2": 0.0,
    "rel_peak_U2_pct": 0.0,
    "rel_tangent": 0.0006317547303349353,
    "split_U_mm": 0.005799999926
  },
  "intermediate_mesh_recommendation": "H1",
  "publication_classification": "publication_agreement_provisional",
  "resource_alpha": 0.9677147805787956,
  "rf_u_classification": "rf_u_h_convergence_supported",
  "u_split": 0.005799999926,
  "uniform_reference_recommendation": "H2-PUB"
}
