label,type,cx,cy,area,h_eq,aspect_ratio
1,TRI,0.221438,0.234715,1.17684460e-04,0.010848,1.5402
2,TRI,0.711261,0.905118,1.24296829e-04,0.011149,1.2944
3,TRI,0.882635,0.491296,5.06052446e-05,0.007114,1.0936
4,TRI,0.875900,0.701540,8.19299162e-05,0.009052,1.4465
5,TRI,0.877491,0.082879,1.51042884e-04,0.012290,1.1190
6,TRI,0.283088,0.806548,8.16061576e-05,0.009034,1.3146
7,TRI,0.683200,0.077402,7.25629004e-05,0.008518,1.1536
8,TRI,0.097184,0.161952,6.91510908e-05,0.008316,1.3427
9,TRI,0.906149,0.239449,9.72691455e-05,0.009863,1.2845
10,TRI,0.626716,0.213099,8.89432054e-05,0.009431,1.2706
11,TRI,0.406251,0.224630,9.00846448e-05,0.009491,1.3518
12,TRI,0.515345,0.312201,1.28198474e-04,0.011322,1.1660
13,TRI,0.178423,0.541409,8.42828273e-05,0.009181,1.0559
14,TRI,0.090622,0.713721,6.80992431e-05,0.008252,1.1392
15,TRI,0.910024,0.906157,1.02252385e-04,0.010112,1.2090
16,TRI,0.490361,0.487850,2.29564872e-06,0.001515,1.1911
17,TRI,0.469910,0.474419,7.21857350e-06,0.002687,1.3470
18,TRI,0.488718,0.477775,4.31784555e-06,0.002078,1.3035
19,TRI,0.513076,0.485022,8.31783281e-06,0.002884,1.0079
20,TRI,0.466092,0.470370,1.10728548e-05,0.003328,1.1351
21,TRI,0.472245,0.534072,8.41386332e-06,0.002901,1.4122
22,TRI,0.491082,0.520051,6.12529602e-06,0.002475,1.3787
23,TRI,0.498554,0.521823,7.23443288e-06,0.002690,1.2698
24,TRI,0.504366,0.462841,1.06106841e-05,0.003257,1.2057
25,TRI,0.504594,0.468392,8.98372512e-06,0.002997,1.1968
26,TRI,0.492334,0.541245,1.06684309e-05,0.003266,1.2357
27,TRI,0.526742,0.473595,1.49787084e-05,0.003870,1.1518
28,TRI,0.414612,0.592201,4.20169884e-05,0.006482,1.3149
29,TRI,0.560323,0.503737,2.39895141e-05,0.004898,1.1229
30,TRI,0.474664,0.571970,1.37069231e-05,0.003702,1.3853
31,TRI,0.495471,0.437379,2.08421798e-05,0.004565,1.1850
32,TRI,0.335553,0.445474,4.84206153e-05,0.006958,1.5755
33,TRI,0.469955,0.611657,5.03080357e-05,0.007093,1.1478
34,TRI,0.480080,0.394018,2.94262763e-05,0.005425,1.0589
35,TRI,0.500171,0.430731,2.23386421e-05,0.004726,1.1166
36,TRI,0.570751,0.542653,7.75443776e-05,0.008806,1.2311
37,TRI,0.591302,0.521000,9.03617870e-05,0.009506,1.4136
38,TRI,0.453926,0.608521,3.18871870e-05,0.005647,1.0105
39,TRI,0.422295,0.608079,3.35379570e-05,0.005791,1.0802
40,TRI,0.458861,0.631613,3.79363168e-05,0.006159,1.0855
41,TRI,0.375370,0.375556,4.84922820e-05,0.006964,1.3032
42,TRI,0.411987,0.329926,6.61762817e-05,0.008135,1.0793
43,TRI,0.642254,0.496832,1.06348294e-04,0.010313,1.2972
44,TRI,0.931999,0.082108,6.85645096e-05,0.008280,1.0764
45,TRI,0.496258,0.334291,7.36088157e-05,0.008580,1.3792
46,TRI,0.667587,0.932391,1.04133674e-04,0.010205,1.2681
47,TRI,0.315711,0.656505,7.74617629e-05,0.008801,1.4209
48,TRI,0.519595,0.356744,5.88471656e-05,0.007671,1.3336
49,TRI,0.297796,0.362233,1.31980981e-04,0.011488,1.3143
50,TRI,0.692811,0.908322,1.10974928e-04,0.010534,1.2621
51,TRI,0.067849,0.849321,1.53690612e-04,0.012397,1.2519
52,TRI,0.741953,0.099381,1.27430307e-04,0.011289,1.2389
53,TRI,0.749777,0.082701,8.64151513e-05,0.009296,1.4480
54,TRI,0.309377,0.911390,6.19550955e-05,0.007871,1.1567
55,TRI,0.156010,0.572823,1.26613790e-04,0.011252,1.3350
56,TRI,0.453837,0.277429,5.78942907e-05,0.007609,1.1206
57,TRI,0.099342,0.888840,1.03384674e-04,0.010168,1.4599
58,TRI,0.578092,0.678179,8.16533176e-05,0.009036,1.0556
59,TRI,0.781378,0.902230,1.31077609e-04,0.011449,1.2995
60,TRI,0.517323,0.292226,1.28412742e-04,0.011332,1.2002
61,TRI,0.049193,0.324400,9.41051669e-05,0.009701,1.3769
62,TRI,0.417050,0.743118,6.47660227e-05,0.008048,1.0259
63,TRI,0.160408,0.382482,9.84048323e-05,0.009920,1.3371
64,TRI,0.469500,0.128218,9.52044471e-05,0.009757,1.2776
65,TRI,0.885213,0.191523,5.71400742e-05,0.007559,1.1425
66,TRI,0.692624,0.415332,9.58950651e-05,0.009793,1.3858
67,TRI,0.166184,0.313806,1.06087145e-04,0.010300,1.1419
68,TRI,0.355136,0.755156,1.38581543e-04,0.011772,1.1762
69,TRI,0.477933,0.246231,1.01188651e-04,0.010059,1.2777
70,TRI,0.636139,0.601053,8.09722690e-05,0.008998,1.3029
71,TRI,0.340280,0.227294,1.01713681e-04,0.010085,1.2538
72,TRI,0.767934,0.147467,8.93532596e-05,0.009453,1.3374
73,TRI,0.502642,0.152432,9.24479541e-05,0.009615,1.2243
74,TRI,0.415374,0.883445,1.32320490e-04,0.011503,1.2569
75,TRI,0.700689,0.385235,1.20097217e-04,0.010959,1.3499
76,TRI,0.299328,0.766015,1.32444526e-04,0.011508,1.2904
77,TRI,0.896080,0.552046,5.55256870e-05,0.007452,1.1640
78,TRI,0.152410,0.807600,1.32680829e-04,0.011519,1.2400
79,TRI,0.356607,0.840673,8.37620281e-05,0.009152,1.5488
80,TRI,0.114901,0.781546,5.83476448e-05,0.007639,1.1472
81,TRI,0.801406,0.534796,7.43894813e-05,0.008625,1.2730
82,TRI,0.285694,0.777969,8.47395063e-05,0.009205,1.1948
83,TRI,0.793856,0.801986,7.85557038e-05,0.008863,1.3292
84,TRI,0.816335,0.403509,5.98501815e-05,0.007736,1.3240
85,TRI,0.299696,0.224206,8.59526276e-05,0.009271,1.2803
86,TRI,0.444511,0.844430,5.04119256e-05,0.007100,1.1038
87,TRI,0.225052,0.743924,6.58240064e-05,0.008113,1.0700
88,TRI,0.772431,0.809174,8.25496866e-05,0.009086,1.3742
89,TRI,0.764150,0.417326,1.23095848e-04,0.011095,1.3171
90,TRI,0.222129,0.782365,1.15870753e-04,0.010764,1.2405
91,TRI,0.187280,0.710778,4.55755114e-05,0.006751,1.8742
92,TRI,0.426846,0.235172,8.39422269e-05,0.009162,1.3359
93,TRI,0.808406,0.355986,6.66688801e-05,0.008165,1.2104
94,TRI,0.218998,0.284606,1.52501260e-04,0.012349,1.1889
95,TRI,0.153625,0.285621,9.53909476e-05,0.009767,1.0632
96,TRI,0.549605,0.324445,1.10687365e-04,0.010521,1.3198
97,TRI,0.132470,0.305864,1.15517649e-04,0.010748,1.2805
98,TRI,0.145490,0.631737,7.68684754e-05,0.008767,1.0872
99,TRI,0.185449,0.626926,1.39433772e-04,0.011808,1.2243
100,TRI,0.816266,0.548243,5.85939622e-05,0.007655,1.0910
101,TRI,0.411868,0.652685,8.55857023e-05,0.009251,1.2619
102,TRI,0.310373,0.614718,1.19456212e-04,0.010930,1.3666
103,TRI,0.348319,0.549243,1.00924131e-04,0.010046,1.2647
104,TRI,0.284841,0.218052,8.88496399e-05,0.009426,1.0354
105,TRI,0.332203,0.661538,1.22545949e-04,0.011070,1.1894
106,TRI,0.678318,0.652734,1.06210827e-04,0.010306,1.2003
107,TRI,0.733965,0.794081,9.83058295e-05,0.009915,1.4400
108,TRI,0.536786,0.765135,7.05119366e-05,0.008397,1.1320
109,TRI,0.073716,0.383333,7.29393350e-05,0.008540,1.0602
110,TRI,0.243992,0.157843,5.37953912e-05,0.007335,1.1943
111,TRI,0.185622,0.181311,6.55471238e-05,0.008096,1.2346
112,TRI,0.238440,0.207794,7.85807435e-05,0.008865,1.2594
113,TRI,0.220495,0.157252,1.32604210e-04,0.011515,1.3944
114,TRI,0.195316,0.193010,9.15470029e-05,0.009568,1.0714
115,TRI,0.325860,0.448523,4.00784958e-05,0.006331,1.2880
116,TRI,0.923538,0.915387,6.53833959e-05,0.008086,1.2763
117,TRI,0.100292,0.192599,4.03428274e-05,0.006352,1.0658
118,TRI,0.388508,0.918078,6.16073211e-05,0.007849,1.3160
119,TRI,0.118701,0.077268,7.00146953e-05,0.008367,1.1785
120,TRI,0.458000,0.081556,8.67959200e-05,0.009316,1.3787
121,TRI,0.482383,0.491596,1.82504511e-06,0.001351,1.1987
122,TRI,0.103665,0.619195,1.08387185e-04,0.010411,1.1330
123,TRI,0.098444,0.579699,5.48977816e-05,0.007409,1.1186
124,TRI,0.923188,0.874566,5.56103385e-05,0.007457,1.3472
125,TRI,0.912296,0.277399,7.09098623e-05,0.008421,1.1653
126,TRI,0.203601,0.703715,9.08997597e-05,0.009534,1.3055
127,TRI,0.170128,0.111583,5.66104574e-05,0.007524,1.0772
128,TRI,0.243316,0.821066,1.04092333e-04,0.010203,1.2821
129,TRI,0.695395,0.836200,6.62455169e-05,0.008139,1.3778
130,TRI,0.337262,0.706126,7.41360685e-05,0.008610,1.1049
131,TRI,0.708127,0.805222,1.11139265e-04,0.010542,1.2254
132,TRI,0.519706,0.396592,4.97400296e-05,0.007053,1.3728
133,TRI,0.471054,0.572351,1.84138944e-05,0.004291,1.4496
134,TRI,0.247879,0.791443,9.02818225e-05,0.009502,1.2450
135,TRI,0.505195,0.417845,2.82175767e-05,0.005312,1.3885
136,TRI,0.634851,0.253198,8.78830432e-05,0.009375,1.2953
137,TRI,0.688789,0.553616,1.01579767e-04,0.010079,1.3183
138,TRI,0.664740,0.681960,1.08685124e-04,0.010425,1.3431
139,TRI,0.722835,0.641234,6.78037329e-05,0.008234,1.0633
140,TRI,0.547484,0.691654,1.04400620e-04,0.010218,1.2216
141,TRI,0.688748,0.600163,8.89560642e-05,0.009432,1.3715
142,QUAD,0.009986,0.010155,4.05590834e-04,0.020139,1.0330
143,QUAD,0.010180,0.030431,4.12128575e-04,0.020301,1.0188
144,QUAD,0.010275,0.070783,4.14589866e-04,0.020361,1.0268
145,QUAD,0.010683,0.131620,4.34638662e-04,0.020848,1.0967
146,QUAD,0.011256,0.172275,4.54399517e-04,0.021317,1.1648
147,QUAD,0.010610,0.192421,4.29794584e-04,0.020731,1.1018
148,QUAD,0.010051,0.212554,4.05200103e-04,0.020130,1.0426
149,QUAD,0.009499,0.252546,3.78160835e-04,0.019446,1.0689
150,QUAD,0.009312,0.332507,3.72916875e-04,0.019311,1.0947
151,QUAD,0.009102,0.372032,3.55007469e-04,0.018842,1.0859
152,QUAD,0.009293,0.391465,3.59549503e-04,0.018962,1.0591
153,QUAD,0.009431,0.430479,3.71727754e-04,0.019280,1.0454
154,QUAD,0.009854,0.490084,3.90741824e-04,0.019767,1.0420
155,QUAD,0.009590,0.470196,3.82325809e-04,0.019553,1.0602
156,QUAD,0.049659,0.010010,3.93374762e-04,0.019834,1.0424
157,QUAD,0.069179,0.009520,3.70229805e-04,0.019241,1.0721
158,QUAD,0.049244,0.092190,3.61556972e-04,0.019015,1.1159
159,QUAD,0.080056,0.178814,2.31885201e-04,0.015228,1.3468
160,QUAD,0.068555,0.205604,2.78973354e-04,0.016702,1.2243
161,QUAD,0.067845,0.240109,3.51846252e-04,0.018758,1.1094
162,QUAD,0.048064,0.275999,3.72278626e-04,0.019295,1.1697
163,QUAD,0.046028,0.312139,2.87437814e-04,0.016954,1.3592
164,QUAD,0.060310,0.372050,2.59324552e-04,0.016104,1.2177
165,QUAD,0.072360,0.401082,2.64174455e-04,0.016253,1.4579
166,QUAD,0.080256,0.421447,1.88785444e-04,0.013740,1.3887
167,QUAD,0.049435,0.490557,3.74506578e-04,0.019352,1.0636
168,QUAD,0.048132,0.471580,3.67365699e-04,0.019167,1.0357
169,QUAD,0.088492,0.008829,3.40378778e-04,0.018449,1.1416
170,QUAD,0.128206,0.023608,2.87200182e-04,0.016947,1.2110
171,QUAD,0.098438,0.056815,2.46202418e-04,0.015691,1.3301
172,QUAD,0.118230,0.105876,2.42609329e-04,0.015576,1.6529
173,QUAD,0.119508,0.157333,1.31144431e-04,0.011452,1.1647
174,QUAD,0.099908,0.200472,1.22057674e-04,0.011048,1.3473
175,QUAD,0.090542,0.257088,3.76294657e-04,0.019398,1.3649
176,QUAD,0.090291,0.287975,4.38018561e-04,0.020929,1.4473
177,QUAD,0.086275,0.328801,3.11288112e-04,0.017643,1.1503
178,QUAD,0.100232,0.364672,3.18579976e-04,0.017849,1.1641
179,QUAD,0.118018,0.407327,3.27570725e-04,0.018099,1.1635
180,QUAD,0.103904,0.434703,2.26963784e-04,0.015065,1.6552
181,QUAD,0.089145,0.490421,3.80996941e-04,0.019519,1.0543
182,QUAD,0.126489,0.007942,2.99446077e-04,0.017305,1.1942
183,QUAD,0.131494,0.067214,2.10692382e-04,0.014515,1.2489
184,QUAD,0.144023,0.113973,2.70516612e-04,0.016447,1.3183
185,QUAD,0.125523,0.144371,8.55092027e-05,0.009247,1.2870
186,QUAD,0.136132,0.207165,3.37981823e-04,0.018384,1.2711
187,QUAD,0.122118,0.241889,2.51531399e-04,0.015860,1.2068
188,QUAD,0.133910,0.326245,2.80398485e-04,0.016745,1.0872
189,QUAD,0.124865,0.364759,3.19332384e-04,0.017870,1.0826
190,QUAD,0.162630,0.402190,2.69220486e-04,0.016408,1.1731
191,QUAD,0.136608,0.446069,2.86471841e-04,0.016925,1.2996
192,QUAD,0.128899,0.489261,4.31518276e-04,0.020773,1.1428
193,QUAD,0.144327,0.464732,4.36658611e-04,0.020896,1.3953
194,QUAD,0.164343,0.007949,3.03561618e-04,0.017423,1.2160
195,QUAD,0.165440,0.023900,3.00031197e-04,0.017321,1.1997
196,QUAD,0.203331,0.042280,3.28194933e-04,0.018116,1.1013
197,QUAD,0.195353,0.096180,3.38617776e-04,0.018402,1.3062
198,QUAD,0.170520,0.140239,2.92198772e-04,0.017094,1.2142
199,QUAD,0.169853,0.187976,2.42716405e-04,0.015579,1.2765
200,QUAD,0.146595,0.248366,4.07195553e-04,0.020179,1.1522
201,QUAD,0.166294,0.281236,3.47632617e-04,0.018645,1.4397
202,QUAD,0.176636,0.319446,2.24861977e-04,0.014995,1.2587
203,QUAD,0.198590,0.351927,1.48774438e-04,0.012197,1.5425
204,QUAD,0.175630,0.413640,3.32535046e-04,0.018236,1.2841
205,QUAD,0.208021,0.444334,3.04527870e-04,0.017451,1.2365
206,QUAD,0.170104,0.487790,5.03558255e-04,0.022440,1.3890
207,QUAD,0.175200,0.466401,3.91097351e-04,0.019776,1.4867
208,QUAD,0.203020,0.008270,3.22607417e-04,0.017961,1.2044
209,QUAD,0.222192,0.043120,3.38847332e-04,0.018408,1.0709
210,QUAD,0.221522,0.061330,3.53399198e-04,0.018799,1.0418
211,QUAD,0.222574,0.098250,2.87274765e-04,0.016949,1.5341
212,QUAD,0.248912,0.148754,2.05325618e-04,0.014329,1.3520
213,QUAD,0.214270,0.194395,3.17297382e-04,0.017813,1.2938
214,QUAD,0.209701,0.297120,3.17557823e-04,0.017820,1.2968
215,QUAD,0.220293,0.307738,2.24885208e-04,0.014996,1.7685
216,QUAD,0.237522,0.367909,2.46531076e-04,0.015701,1.1961
217,QUAD,0.222076,0.386651,2.91233019e-04,0.017066,1.2890
218,QUAD,0.221083,0.455803,4.03176930e-04,0.020079,1.4442
219,QUAD,0.230240,0.509457,3.72556523e-04,0.019302,1.1481
220,QUAD,0.210213,0.488419,4.70703456e-04,0.021696,1.3214
221,QUAD,0.261780,0.008656,3.39962475e-04,0.018438,1.1478
222,QUAD,0.260347,0.043928,3.42228575e-04,0.018499,1.0712
223,QUAD,0.259483,0.061946,3.39918779e-04,0.018437,1.0469
224,QUAD,0.257852,0.098217,3.19790802e-04,0.017883,1.0803
225,QUAD,0.270378,0.138692,3.79970743e-04,0.019493,1.4563
226,QUAD,0.239854,0.247023,2.76721303e-04,0.016635,1.4540
227,QUAD,0.270250,0.266251,2.85884148e-04,0.016908,1.1134
228,QUAD,0.280741,0.316829,2.02646662e-04,0.014235,1.5506
229,QUAD,0.252283,0.349976,2.40293020e-04,0.015501,1.1344
230,QUAD,0.293038,0.387113,2.80977131e-04,0.016762,1.4550
231,QUAD,0.273425,0.453000,3.07730412e-04,0.017542,1.2404
232,QUAD,0.250684,0.489884,4.00905243e-04,0.020023,1.1192
233,QUAD,0.270279,0.490607,3.66565329e-04,0.019146,1.0843
234,QUAD,0.301027,0.008835,3.46474785e-04,0.018614,1.1227
235,QUAD,0.299790,0.026686,3.48241322e-04,0.018661,1.0846
236,QUAD,0.314836,0.064339,3.49147106e-04,0.018685,1.0820
237,QUAD,0.308702,0.101545,3.09011300e-04,0.017579,1.1621
238,QUAD,0.288212,0.140407,4.00488431e-04,0.020012,1.4408
239,QUAD,0.298993,0.177585,3.09753742e-04,0.017600,1.0975
240,QUAD,0.296363,0.214188,2.21751166e-04,0.014891,1.1491
241,QUAD,0.328998,0.284560,1.68269579e-04,0.012972,1.6379
242,QUAD,0.320690,0.336301,2.81865621e-04,0.016789,1.4396
243,QUAD,0.305084,0.373093,2.83299809e-04,0.016832,1.1956
244,QUAD,0.308917,0.419806,2.35261524e-04,0.015338,1.2445
245,QUAD,0.318379,0.437206,1.71017564e-04,0.013077,1.2875
246,QUAD,0.289607,0.471948,3.33533905e-04,0.018263,1.1570
247,QUAD,0.317622,0.450629,1.61138904e-04,0.012694,1.4780
248,QUAD,0.339878,0.008999,3.45190639e-04,0.018579,1.0835
249,QUAD,0.358987,0.009225,3.52447492e-04,0.018774,1.0609
250,QUAD,0.354026,0.044852,2.71694624e-04,0.016483,1.5305
251,QUAD,0.354457,0.108683,2.16982843e-04,0.014730,1.1537
252,QUAD,0.363895,0.153817,2.10738847e-04,0.014517,1.1017
253,QUAD,0.344086,0.180384,2.22305465e-04,0.014910,1.1751
254,QUAD,0.372236,0.232728,3.02893890e-04,0.017404,1.1983
255,QUAD,0.337888,0.291648,1.53526781e-04,0.012391,1.4388
256,QUAD,0.334993,0.324359,2.66395605e-04,0.016322,1.4550
257,QUAD,0.350543,0.347445,2.04544366e-04,0.014302,1.4267
258,QUAD,0.359743,0.404436,1.81513314e-04,0.013473,1.2096
259,QUAD,0.352168,0.462442,1.77719624e-04,0.013331,1.2920
260,QUAD,0.350385,0.476782,2.44674774e-04,0.015642,1.2561
261,QUAD,0.364911,0.462531,1.79941586e-04,0.013414,1.2640
262,QUAD,0.378240,0.010136,3.98578983e-04,0.019964,1.1488
263,QUAD,0.374190,0.029135,3.41882388e-04,0.018490,1.1415
264,QUAD,0.396265,0.060972,2.92752114e-04,0.017110,1.2235
265,QUAD,0.386538,0.124886,1.29799662e-04,0.011393,1.4603
266,QUAD,0.413436,0.166834,3.82263519e-04,0.019552,1.2661
267,QUAD,0.395068,0.169902,3.13881222e-04,0.017717,1.1248
268,QUAD,0.383930,0.244194,2.92582909e-04,0.017105,1.1341
269,QUAD,0.405052,0.290887,2.80143909e-04,0.016738,1.1593
270,QUAD,0.419335,0.322176,1.90864946e-04,0.013815,1.3028
271,QUAD,0.410357,0.366884,1.54603172e-04,0.012434,1.2054
272,QUAD,0.398949,0.393473,1.58259940e-04,0.012580,1.0400
273,QUAD,0.404230,0.430467,1.42804005e-04,0.011950,1.1617
274,QUAD,0.413884,0.505195,1.21136388e-04,0.011006,1.1748
275,QUAD,0.414863,0.494384,1.30936442e-04,0.011443,1.2937
276,QUAD,0.398364,0.012438,5.21114015e-04,0.022828,1.4465
277,QUAD,0.424947,0.035698,4.63548370e-04,0.021530,1.4346
278,QUAD,0.434179,0.055333,3.34691430e-04,0.018295,1.3072
279,QUAD,0.430380,0.118295,2.68979837e-04,0.016401,1.1435
280,QUAD,0.456212,0.161780,2.93254679e-04,0.017125,1.1462
281,QUAD,0.457257,0.223315,3.25228433e-04,0.018034,1.1957
282,QUAD,0.438225,0.277899,2.04744941e-04,0.014309,1.2065
283,QUAD,0.430555,0.311763,2.82917726e-04,0.016820,1.2160
284,QUAD,0.423867,0.363531,1.81109607e-04,0.013458,1.2353
285,QUAD,0.443816,0.421843,8.52180821e-05,0.009231,1.0960
286,QUAD,0.446011,0.457252,7.73993506e-05,0.008798,1.2316
287,QUAD,0.455415,0.503017,3.09283352e-05,0.005561,1.3223
288,QUAD,0.460518,0.497585,2.10723479e-05,0.004590,1.2155
289,QUAD,0.478219,0.008163,3.17623865e-04,0.017822,1.2548
290,QUAD,0.498115,0.023413,2.78370756e-04,0.016684,1.2466
291,QUAD,0.497885,0.051478,1.54416129e-04,0.012426,1.3748
292,QUAD,0.499437,0.102967,3.23752742e-04,0.017993,1.2201
293,QUAD,0.487564,0.178892,2.29467616e-04,0.015148,1.1585
294,QUAD,0.494832,0.254948,2.42356363e-04,0.015568,1.1634
295,QUAD,0.483681,0.323196,2.45238346e-04,0.015660,1.2548
296,QUAD,0.475745,0.355249,1.99587581e-04,0.014128,1.2462
297,QUAD,0.478465,0.400603,7.87693381e-05,0.008875,1.1486
298,QUAD,0.468912,0.458458,3.65107904e-05,0.006042,1.3442
299,QUAD,0.499386,0.501832,9.44940251e-06,0.003074,1.9098
300,QUAD,0.494484,0.498320,8.07010282e-06,0.002841,1.5534
301,QUAD,0.497620,0.007878,3.05587312e-04,0.017481,1.2548
302,QUAD,0.501176,0.085281,2.79089454e-04,0.016706,1.1727
303,QUAD,0.519187,0.174848,2.33081869e-04,0.015267,1.1168
304,QUAD,0.505470,0.234576,3.12866285e-04,0.017688,1.1548
305,QUAD,0.497241,0.268328,1.67166902e-04,0.012929,1.4640
306,QUAD,0.514912,0.324997,2.54264491e-04,0.015946,1.0998
307,QUAD,0.527939,0.361614,1.86234717e-04,0.013647,1.2406
308,QUAD,0.505545,0.396124,1.47929238e-04,0.012163,1.2775
309,QUAD,0.512544,0.450017,3.49398688e-05,0.005911,1.4337
310,QUAD,0.503863,0.502674,2.46083779e-05,0.004961,1.8280
311,QUAD,0.456649,0.550107,4.52945987e-05,0.006730,1.2006
312,QUAD,0.453798,0.583107,1.39414917e-04,0.011807,1.3230
313,QUAD,0.376352,0.625008,2.26117465e-04,0.015037,1.0723
314,QUAD,0.374378,0.692384,3.01369231e-04,0.017360,1.1997
315,QUAD,0.310411,0.716099,3.93851414e-04,0.019846,1.1571
316,QUAD,0.261339,0.762321,1.99142215e-04,0.014112,1.4327
317,QUAD,0.194574,0.808479,3.30879765e-04,0.018190,1.2532
318,QUAD,0.172638,0.875800,1.46032235e-04,0.012084,1.5925
319,QUAD,0.109107,0.882074,2.78706154e-04,0.016694,1.2774
320,QUAD,0.107058,0.922025,3.48191722e-04,0.018660,1.4570
321,QUAD,0.068865,0.972372,3.42915176e-04,0.018518,1.1107
322,QUAD,0.029911,0.990296,3.85831999e-04,0.019643,1.0407
323,QUAD,0.009985,0.990128,3.94281376e-04,0.019857,1.0197
324,QUAD,0.010030,0.950811,3.92573286e-04,0.019813,1.0410
325,QUAD,0.085793,0.868467,3.75927428e-04,0.019389,1.1897
326,QUAD,0.182970,0.794440,3.37041240e-04,0.018359,1.2631
327,QUAD,0.236138,0.718518,3.29954247e-04,0.018165,1.2005
328,QUAD,0.277165,0.687318,2.71259109e-04,0.016470,1.4537
329,QUAD,0.334717,0.637764,3.06240114e-04,0.017500,1.3352
330,QUAD,0.350148,0.608817,2.49456682e-04,0.015794,1.0677
331,QUAD,0.410680,0.559742,1.18182784e-04,0.010871,1.0705
332,QUAD,0.453756,0.509216,3.40429194e-05,0.005835,1.2551
333,QUAD,0.464510,0.502679,2.12315911e-05,0.004608,1.4895
334,QUAD,0.492348,0.503921,5.38319931e-06,0.002320,1.2096
335,QUAD,0.556071,0.010309,4.07956931e-04,0.020198,1.1442
336,QUAD,0.575807,0.011535,4.57023384e-04,0.021378,1.2228
337,QUAD,0.540086,0.066377,2.92403275e-04,0.017100,1.2825
338,QUAD,0.532710,0.105042,2.21776767e-04,0.014892,1.5155
339,QUAD,0.559194,0.145570,3.18985205e-04,0.017860,1.4579
340,QUAD,0.540329,0.180787,2.73438131e-04,0.016536,1.1100
341,QUAD,0.571217,0.242469,3.14602872e-04,0.017737,1.0757
342,QUAD,0.551802,0.278690,3.38408188e-04,0.018396,1.0619
343,QUAD,0.585802,0.319735,3.06753010e-04,0.017514,1.0910
344,QUAD,0.549314,0.359252,2.67215560e-04,0.016347,1.1990
345,QUAD,0.543416,0.398949,1.34786746e-04,0.011610,1.2170
346,QUAD,0.542549,0.433174,1.16219472e-04,0.010781,1.2800
347,QUAD,0.532399,0.521901,4.78946105e-05,0.006921,1.1043
348,QUAD,0.551798,0.592769,2.10954524e-04,0.014524,1.4822
349,QUAD,0.578719,0.624604,2.95450745e-04,0.017189,1.0728
350,QUAD,0.560158,0.672315,3.18746073e-04,0.017853,1.2101
351,QUAD,0.545340,0.735491,3.05654493e-04,0.017483,1.0842
352,QUAD,0.559908,0.788711,3.14069485e-04,0.017722,1.3743
353,QUAD,0.537737,0.825801,1.50379178e-04,0.012263,1.3968
354,QUAD,0.556132,0.851542,2.38512747e-04,0.015444,1.1913
355,QUAD,0.567666,0.921773,3.12690447e-04,0.017683,1.1294
356,QUAD,0.583367,0.939283,2.79751273e-04,0.016726,1.2301
357,QUAD,0.598560,0.991471,3.31470889e-04,0.018206,1.1650
358,QUAD,0.578993,0.991191,3.47061011e-04,0.018630,1.1713
359,QUAD,0.539411,0.990233,3.86608516e-04,0.019662,1.0308
360,QUAD,0.501286,0.972438,3.44810390e-04,0.018569,1.0436
361,QUAD,0.515777,0.913182,3.21817003e-04,0.017939,1.1899
362,QUAD,0.514220,0.894012,3.13359351e-04,0.017702,1.2122
363,QUAD,0.515699,0.842222,1.77149149e-04,0.013310,1.3180
364,QUAD,0.507199,0.802318,1.33346925e-04,0.011548,1.6801
365,QUAD,0.514664,0.794045,1.57266183e-04,0.012541,1.7411
366,QUAD,0.533839,0.722406,3.07464844e-04,0.017535,1.0657
367,QUAD,0.505620,0.681775,2.64963816e-04,0.016278,1.1399
368,QUAD,0.501114,0.637524,2.09026152e-04,0.014458,1.2134
369,QUAD,0.510207,0.606912,1.21040958e-04,0.011002,1.5484
370,QUAD,0.500378,0.558029,5.12113830e-05,0.007156,1.1225
371,QUAD,0.502439,0.510384,1.70258800e-05,0.004126,1.2456
372,QUAD,0.530680,0.501365,5.30797974e-05,0.007286,1.1134
373,QUAD,0.595658,0.011810,4.70605704e-04,0.021693,1.2228
374,QUAD,0.615994,0.033049,4.38586292e-04,0.020942,1.1270
375,QUAD,0.618880,0.053381,3.77614441e-04,0.019432,1.1665
376,QUAD,0.626196,0.131665,2.19307573e-04,0.014809,1.5713
377,QUAD,0.609035,0.163846,2.75360731e-04,0.016594,1.2305
378,QUAD,0.600709,0.186231,2.81134720e-04,0.016767,1.1435
379,QUAD,0.615350,0.216399,2.55692696e-04,0.015990,1.2798
380,QUAD,0.614817,0.273543,2.73165185e-04,0.016528,1.0719
381,QUAD,0.613117,0.363158,2.31086205e-04,0.015202,1.1751
382,QUAD,0.609261,0.409315,2.11339216e-04,0.014538,1.1573
383,QUAD,0.587345,0.418915,1.37975179e-04,0.011746,1.4330
384,QUAD,0.591513,0.508853,1.80274249e-04,0.013427,1.3433
385,QUAD,0.592273,0.579775,2.21609851e-04,0.014887,1.0773
386,QUAD,0.593086,0.615702,2.72022693e-04,0.016493,1.0862
387,QUAD,0.598570,0.652066,2.73566273e-04,0.016540,1.3795
388,QUAD,0.588684,0.681849,2.14174807e-04,0.014635,1.1794
389,QUAD,0.580083,0.755850,3.27995001e-04,0.018111,1.1886
390,QUAD,0.588398,0.773225,3.15244408e-04,0.017755,1.1822
391,QUAD,0.576878,0.823145,2.63629776e-04,0.016237,1.2773
392,QUAD,0.609817,0.866631,3.01821920e-04,0.017373,1.0713
393,QUAD,0.601875,0.923277,3.22259746e-04,0.017952,1.5305
394,QUAD,0.613518,0.957629,2.49428028e-04,0.015793,1.1777
395,QUAD,0.637131,0.990071,3.84418057e-04,0.019607,1.1650
396,QUAD,0.615869,0.973875,3.06708737e-04,0.017513,1.1336
397,QUAD,0.635532,0.010452,4.13787622e-04,0.020342,1.0909
398,QUAD,0.635937,0.030810,3.91824225e-04,0.019795,1.0476
399,QUAD,0.632685,0.086038,2.59401846e-04,0.016106,1.1077
400,QUAD,0.639014,0.122221,2.50881189e-04,0.015839,1.1018
401,QUAD,0.638622,0.157415,2.57381470e-04,0.016043,1.1132
402,QUAD,0.659081,0.167741,2.97451792e-04,0.017247,1.0396
403,QUAD,0.657663,0.206365,2.65715129e-04,0.016301,1.0987
404,QUAD,0.638806,0.274799,3.11054123e-04,0.017637,1.1214
405,QUAD,0.632277,0.321054,2.30951933e-04,0.015197,1.1666
406,QUAD,0.632993,0.377683,1.50596117e-04,0.012272,1.4559
407,QUAD,0.639763,0.405355,2.71216653e-04,0.016469,1.0774
408,QUAD,0.636298,0.450944,3.18745562e-04,0.017853,1.3345
409,QUAD,0.632920,0.524406,2.48658550e-04,0.015769,1.5972
410,QUAD,0.636631,0.572043,2.07318891e-04,0.014399,1.0724
411,QUAD,0.638488,0.621941,2.92975680e-04,0.017117,1.1337
412,QUAD,0.633594,0.644781,2.57167027e-04,0.016036,1.0724
413,QUAD,0.632750,0.679954,2.43714599e-04,0.015611,1.1086
414,QUAD,0.646079,0.728740,3.31647872e-04,0.018211,1.0350
415,QUAD,0.661805,0.779636,2.76561456e-04,0.016630,1.0910
416,QUAD,0.646275,0.825375,2.74123424e-04,0.016557,1.0891
417,QUAD,0.625555,0.859062,3.33054706e-04,0.018250,1.1834
418,QUAD,0.668313,0.896122,2.52859215e-04,0.015902,1.1077
419,QUAD,0.634875,0.933026,2.43513137e-04,0.015605,1.2691
420,QUAD,0.677003,0.987749,4.99335059e-04,0.022346,1.4308
421,QUAD,0.643267,0.948152,2.84794029e-04,0.016876,1.2257
422,QUAD,0.655190,0.010111,3.94663918e-04,0.019866,1.0452
423,QUAD,0.674416,0.029953,3.70244599e-04,0.019242,1.0590
424,QUAD,0.677454,0.066216,2.50161638e-04,0.015816,1.6124
425,QUAD,0.694587,0.112327,3.72209062e-04,0.019293,1.2687
426,QUAD,0.680386,0.176803,2.74309812e-04,0.016562,1.0456
427,QUAD,0.685769,0.192071,2.45396619e-04,0.015665,1.0944
428,QUAD,0.697648,0.220462,2.04259943e-04,0.014292,1.2033
429,QUAD,0.679846,0.248390,2.27307964e-04,0.015077,1.0390
430,QUAD,0.670247,0.320740,3.77163878e-04,0.019421,1.1839
431,QUAD,0.684011,0.373556,3.04572172e-04,0.017452,1.1404
432,QUAD,0.691202,0.403733,2.56901346e-04,0.016028,1.1965
433,QUAD,0.682234,0.457003,2.92803540e-04,0.017112,1.2026
434,QUAD,0.664444,0.495267,3.16350505e-04,0.017786,1.2309
435,QUAD,0.674829,0.563892,1.74623075e-04,0.013215,1.4604
436,QUAD,0.680024,0.595126,1.80763678e-04,0.013445,1.5313
437,QUAD,0.677487,0.665850,2.85519471e-04,0.016897,1.2693
438,QUAD,0.693447,0.682910,2.77254989e-04,0.016651,1.0668
439,QUAD,0.697375,0.715702,2.83366474e-04,0.016833,1.1044
440,QUAD,0.692869,0.769641,2.71427477e-04,0.016475,1.1257
441,QUAD,0.680326,0.824904,2.36256968e-04,0.015371,1.1214
442,QUAD,0.692001,0.851467,1.70058155e-04,0.013041,1.5033
443,QUAD,0.681455,0.904143,2.50658205e-04,0.015832,1.1710
444,QUAD,0.689918,0.948261,2.60976886e-04,0.016155,1.2616
445,QUAD,0.696684,0.989684,3.97892354e-04,0.019947,1.1539
446,QUAD,0.682199,0.965860,4.06015558e-04,0.020150,1.4030
447,QUAD,0.694446,0.010445,4.14693274e-04,0.020364,1.0860
448,QUAD,0.714632,0.031995,4.34252994e-04,0.020839,1.1325
449,QUAD,0.721702,0.071368,2.77348506e-04,0.016654,1.2376
450,QUAD,0.729465,0.104877,2.96737617e-04,0.017226,1.2311
451,QUAD,0.751621,0.149918,1.82939343e-04,0.013526,1.7677
452,QUAD,0.747809,0.189085,2.01450172e-04,0.014193,1.4638
453,QUAD,0.728141,0.212181,1.34691954e-04,0.011606,1.4439
454,QUAD,0.738452,0.277321,2.94705878e-04,0.017167,1.1190
455,QUAD,0.721440,0.329202,2.10250606e-04,0.014500,1.5125
456,QUAD,0.722829,0.370235,4.44491440e-04,0.021083,1.3330
457,QUAD,0.725986,0.418291,2.10517360e-04,0.014509,1.2949
458,QUAD,0.709828,0.436980,2.59517058e-04,0.016110,1.2529
459,QUAD,0.704676,0.514359,1.77484598e-04,0.013322,1.3045
460,QUAD,0.723286,0.558469,3.21111120e-04,0.017920,1.0602
461,QUAD,0.706295,0.604635,2.51656768e-04,0.015864,1.1281
462,QUAD,0.722932,0.687222,2.55482290e-04,0.015984,1.5687
463,QUAD,0.733298,0.750560,2.91620849e-04,0.017077,1.8628
464,QUAD,0.708656,0.784576,2.22308863e-04,0.014910,1.5089
465,QUAD,0.733004,0.807796,2.12382734e-04,0.014573,1.4091
466,QUAD,0.718006,0.863629,3.34106182e-04,0.018279,1.1543
467,QUAD,0.708612,0.935172,2.46493071e-04,0.015700,1.2383
468,QUAD,0.735031,0.990929,3.51395351e-04,0.018746,1.0873
469,QUAD,0.718703,0.971976,3.39926001e-04,0.018437,1.0609
470,QUAD,0.754101,0.011065,4.42674093e-04,0.021040,1.1545
471,QUAD,0.775226,0.035575,5.21185225e-04,0.022829,1.3136
472,QUAD,0.764172,0.073168,2.15574537e-04,0.014682,1.5005
473,QUAD,0.749735,0.121954,2.93167723e-04,0.017122,1.3825
474,QUAD,0.759242,0.195460,1.88522117e-04,0.013730,1.2810
475,QUAD,0.791568,0.231490,3.07240131e-04,0.017528,1.4019
476,QUAD,0.788071,0.286155,3.12448675e-04,0.017676,1.0862
477,QUAD,0.776972,0.328379,3.45397769e-04,0.018585,1.2256
478,QUAD,0.769828,0.363843,1.88962751e-04,0.013746,1.4602
479,QUAD,0.755367,0.427320,2.35492532e-04,0.015346,1.2758
480,QUAD,0.760210,0.449923,2.99491794e-04,0.017306,1.2320
481,QUAD,0.754838,0.543830,2.98475003e-04,0.017276,1.1038
482,QUAD,0.764043,0.559950,3.38342041e-04,0.018394,1.1409
483,QUAD,0.762557,0.602683,3.76086113e-04,0.019393,1.1257
484,QUAD,0.784747,0.660534,3.93669483e-04,0.019841,1.0903
485,QUAD,0.759193,0.699172,4.44143248e-04,0.021075,1.1746
486,QUAD,0.794276,0.745774,2.07192868e-04,0.014394,1.6065
487,QUAD,0.777902,0.788270,3.12167318e-04,0.017668,1.2136
488,QUAD,0.761428,0.823579,2.29501832e-04,0.015149,1.2122
489,QUAD,0.753127,0.856880,2.17428292e-04,0.014745,1.4020
490,QUAD,0.738398,0.899752,2.91926587e-04,0.017086,1.6303
491,QUAD,0.757562,0.954584,3.41530184e-04,0.018481,1.0364
492,QUAD,0.774184,0.991039,3.53933016e-04,0.018813,1.1160
493,QUAD,0.756105,0.973000,3.45889558e-04,0.018598,1.0571
494,QUAD,0.794171,0.011816,4.71448815e-04,0.021713,1.2302
495,QUAD,0.817393,0.033177,4.50145491e-04,0.021217,1.1562
496,QUAD,0.809490,0.076792,2.49733567e-04,0.015803,1.4557
497,QUAD,0.795054,0.112822,2.46920344e-04,0.015714,1.6190
498,QUAD,0.814668,0.152549,2.52546301e-04,0.015892,1.7638
499,QUAD,0.842435,0.190249,3.08242322e-04,0.017557,1.2894
500,QUAD,0.844700,0.238371,2.59304045e-04,0.016103,1.2017
501,QUAD,0.809852,0.273922,1.80773290e-04,0.013445,1.8754
502,QUAD,0.802837,0.327802,2.87166598e-04,0.016946,1.0577
503,QUAD,0.801216,0.349066,2.00490000e-04,0.014159,1.2623
504,QUAD,0.806943,0.409109,2.28556913e-04,0.015118,1.4746
505,QUAD,0.809369,0.448036,2.26345880e-04,0.015045,1.0802
506,QUAD,0.791177,0.494068,2.55780449e-04,0.015993,1.0877
507,QUAD,0.813744,0.558744,2.27861311e-04,0.015095,1.4921
508,QUAD,0.829769,0.577469,4.06569830e-04,0.020164,1.3612
509,QUAD,0.800078,0.700499,3.38250512e-04,0.018392,1.1009
510,QUAD,0.800916,0.733935,2.28986633e-04,0.015132,1.5070
511,QUAD,0.808357,0.773948,2.43733721e-04,0.015612,1.0701
512,QUAD,0.811480,0.838805,2.41715202e-04,0.015547,1.0536
513,QUAD,0.810462,0.875930,3.29753999e-04,0.018159,1.2392
514,QUAD,0.795098,0.954335,3.54664033e-04,0.018833,1.0599
515,QUAD,0.833787,0.990713,3.69729879e-04,0.019228,1.0808
516,QUAD,0.834173,0.972001,3.74112864e-04,0.019342,1.0636
517,QUAD,0.833540,0.010172,3.97080270e-04,0.019927,1.1110
518,QUAD,0.836910,0.030370,3.93696119e-04,0.019842,1.1282
519,QUAD,0.865637,0.062237,2.59890763e-04,0.016121,1.3271
520,QUAD,0.865454,0.103045,2.80261430e-04,0.016741,1.5562
521,QUAD,0.866861,0.149430,2.60249614e-04,0.016132,1.1328
522,QUAD,0.862202,0.175667,1.96294286e-04,0.014011,1.5316
523,QUAD,0.858843,0.290800,2.24448722e-04,0.014982,1.8001
524,QUAD,0.843602,0.339341,2.90876612e-04,0.017055,1.5387
525,QUAD,0.860903,0.344937,2.53930918e-04,0.015935,1.3299
526,QUAD,0.847209,0.394424,1.59571157e-04,0.012632,1.1573
527,QUAD,0.852626,0.441579,2.21237830e-04,0.014874,1.0444
528,QUAD,0.869083,0.607046,2.89095946e-04,0.017003,1.1069
529,QUAD,0.873534,0.677844,1.63717302e-04,0.012795,1.6381
530,QUAD,0.847443,0.755368,2.38222760e-04,0.015434,1.5715
531,QUAD,0.863542,0.760340,3.44970798e-04,0.018573,1.1986
532,QUAD,0.840029,0.824103,2.73797830e-04,0.016547,1.1400
533,QUAD,0.847350,0.869117,2.40403592e-04,0.015505,1.6036
534,QUAD,0.820678,0.888711,2.53324031e-04,0.015916,1.4353
535,QUAD,0.873827,0.952402,3.84572191e-04,0.019611,1.0451
536,QUAD,0.893101,0.990749,3.62510332e-04,0.019040,1.0677
537,QUAD,0.873442,0.971860,3.68654376e-04,0.019200,1.0331
538,QUAD,0.872252,0.008722,3.38511073e-04,0.018399,1.1476
539,QUAD,0.874022,0.025902,3.09319483e-04,0.017587,1.1646
540,QUAD,0.904121,0.067455,2.91257206e-04,0.017066,1.0958
541,QUAD,0.886598,0.134811,3.36848774e-04,0.018353,1.2119
542,QUAD,0.895405,0.170673,2.40729202e-04,0.015515,1.1941
543,QUAD,0.901140,0.228507,2.74332072e-04,0.016563,1.1224
544,QUAD,0.883403,0.280012,2.98865629e-04,0.017288,1.3890
545,QUAD,0.904295,0.292460,2.66949808e-04,0.016339,1.2177
546,QUAD,0.900617,0.340609,2.32987329e-04,0.015264,1.2302
547,QUAD,0.879119,0.392024,2.13443005e-04,0.014610,1.2324
548,QUAD,0.888591,0.444280,2.61766911e-04,0.016179,1.0810
549,QUAD,0.910543,0.486202,2.34411223e-04,0.015310,1.3087
550,QUAD,0.887056,0.582513,1.35801515e-04,0.011653,1.1585
551,QUAD,0.875305,0.586523,1.97054313e-04,0.014038,1.7564
552,QUAD,0.886018,0.678245,1.43892827e-04,0.011996,1.4936
553,QUAD,0.888516,0.702133,1.89493440e-04,0.013766,1.4232
554,QUAD,0.884486,0.746015,3.07565838e-04,0.017538,1.1332
555,QUAD,0.911486,0.795524,2.14788786e-04,0.014656,1.1991
556,QUAD,0.884602,0.807498,2.52660746e-04,0.015895,1.1054
557,QUAD,0.890457,0.860670,3.39087575e-04,0.018414,1.3956
558,QUAD,0.923936,0.883296,9.26446883e-05,0.009625,1.3174
559,QUAD,0.894726,0.934937,3.60561130e-04,0.018988,1.4708
560,QUAD,0.932065,0.990668,3.61170771e-04,0.019004,1.0546
561,QUAD,0.912277,0.972507,3.54085094e-04,0.018817,1.1027
562,QUAD,0.931215,0.009750,3.85898273e-04,0.019644,1.0160
563,QUAD,0.911474,0.009341,3.67122326e-04,0.019160,1.1085
564,QUAD,0.926348,0.072263,2.35337339e-04,0.015341,1.2955
565,QUAD,0.943849,0.107949,2.52438535e-04,0.015888,1.5906
566,QUAD,0.929821,0.126569,3.09227093e-04,0.017585,1.0906
567,QUAD,0.951439,0.182462,3.82845318e-04,0.019566,1.0375
568,QUAD,0.951882,0.201845,3.79646198e-04,0.019485,1.0523
569,QUAD,0.949743,0.279029,4.30054078e-04,0.020738,1.2244
570,QUAD,0.951327,0.319175,3.72245317e-04,0.019294,1.0671
571,QUAD,0.953150,0.357005,3.39392777e-04,0.018423,1.0553
572,QUAD,0.952529,0.375723,3.43397110e-04,0.018531,1.0612
573,QUAD,0.913698,0.439718,3.33436843e-04,0.018260,1.2110
574,QUAD,0.971584,0.499825,3.56600721e-04,0.018884,1.0859
575,QUAD,0.954428,0.572883,3.12972626e-04,0.017691,1.0975
576,QUAD,0.945228,0.609339,4.23642179e-04,0.020583,1.3578
577,QUAD,0.932747,0.624749,4.21645094e-04,0.020534,1.3490
578,QUAD,0.955396,0.696763,3.23638716e-04,0.017990,1.0706
579,QUAD,0.921651,0.732124,2.87416866e-04,0.016953,1.1542
580,QUAD,0.941006,0.811040,2.59423541e-04,0.016107,1.2688
581,QUAD,0.933401,0.870382,2.11219186e-04,0.014533,1.7827
582,QUAD,0.939192,0.897940,1.91752173e-04,0.013847,1.2013
583,QUAD,0.912693,0.939017,2.65523508e-04,0.016295,1.3327
584,QUAD,0.951373,0.990496,3.66159991e-04,0.019135,1.0288
585,QUAD,0.970733,0.009564,3.75446553e-04,0.019376,1.0344
586,QUAD,0.990273,0.009713,3.77800413e-04,0.019437,1.0324
587,QUAD,0.973209,0.084192,3.17467845e-04,0.017818,1.1171
588,QUAD,0.969345,0.123067,4.23627630e-04,0.020582,1.1319
589,QUAD,0.970734,0.163056,3.83561933e-04,0.019585,1.0219
590,QUAD,0.952873,0.221133,3.57325389e-04,0.018903,1.0698
591,QUAD,0.970304,0.280476,3.91323255e-04,0.019782,1.0654
592,QUAD,0.970111,0.299896,3.92720516e-04,0.019817,1.0716
593,QUAD,0.952699,0.338227,3.46424491e-04,0.018612,1.0573
594,QUAD,0.971094,0.377339,3.69131142e-04,0.019213,1.0546
595,QUAD,0.989098,0.418327,4.39264628e-04,0.020959,1.1381
596,QUAD,0.989525,0.478511,4.16221832e-04,0.020402,1.1184
597,QUAD,0.990943,0.517620,3.50862353e-04,0.018731,1.1000
598,QUAD,0.991144,0.536947,3.41863487e-04,0.018490,1.1081
599,QUAD,0.991026,0.556283,3.47708864e-04,0.018647,1.1095
600,QUAD,0.972072,0.574794,3.50795441e-04,0.018730,1.0968
601,QUAD,0.951268,0.590948,3.37528660e-04,0.018372,1.1536
602,QUAD,0.965976,0.635928,5.07355007e-04,0.022525,1.3003
603,QUAD,0.971549,0.676197,3.66254636e-04,0.019138,1.0870
604,QUAD,0.974091,0.714470,3.29305836e-04,0.018147,1.1215
605,QUAD,0.971275,0.788410,3.40914068e-04,0.018464,1.1358
606,QUAD,0.954956,0.822614,4.11103954e-04,0.020276,1.4149
607,QUAD,0.966002,0.838103,4.24610466e-04,0.020606,1.4626
608,QUAD,0.974246,0.873031,2.89085331e-04,0.017003,1.1977
609,QUAD,0.969229,0.931152,4.39856809e-04,0.020973,1.1405
610,QUAD,0.990188,0.990153,3.86440385e-04,0.019658,1.0155
611,QUAD,0.990206,0.970435,3.86738970e-04,0.019666,1.0155
612,QUAD,0.500313,0.990843,3.50066407e-04,0.018710,1.0676
613,QUAD,0.464634,0.973555,3.18614716e-04,0.017850,1.0423
614,QUAD,0.483377,0.918368,3.03362957e-04,0.017417,1.2063
615,QUAD,0.456262,0.883598,1.24590369e-04,0.011162,1.3698
616,QUAD,0.488863,0.852408,2.22589265e-04,0.014919,1.2973
617,QUAD,0.495046,0.801674,2.19380398e-04,0.014811,1.3702
618,QUAD,0.482625,0.776551,2.42492577e-04,0.015572,1.5006
619,QUAD,0.470359,0.720294,2.85085790e-04,0.016884,1.0374
620,QUAD,0.496186,0.669981,2.27069058e-04,0.015069,1.2353
621,QUAD,0.466663,0.627123,1.57318076e-04,0.012543,1.7713
622,QUAD,0.464281,0.589032,1.43107262e-04,0.011963,1.3089
623,QUAD,0.468367,0.552074,2.25935898e-05,0.004753,1.4364
624,QUAD,0.462926,0.991181,3.24091160e-04,0.018003,1.0409
625,QUAD,0.425942,0.990857,3.43599223e-04,0.018536,1.0453
626,QUAD,0.450335,0.938998,2.82367182e-04,0.016804,1.0682
627,QUAD,0.452339,0.893811,1.28313265e-04,0.011328,1.3962
628,QUAD,0.431286,0.837988,2.28971693e-04,0.015132,1.1909
629,QUAD,0.443800,0.815795,3.88982562e-04,0.019723,1.3800
630,QUAD,0.448733,0.768853,3.41503653e-04,0.018480,1.2962
631,QUAD,0.449527,0.676980,2.33607991e-04,0.015284,1.1373
632,QUAD,0.421224,0.629165,2.06750522e-04,0.014379,1.2328
633,QUAD,0.421338,0.596325,1.07235608e-04,0.010355,1.3034
634,QUAD,0.413968,0.953207,3.11351727e-04,0.017645,1.1810
635,QUAD,0.419051,0.936520,2.46193805e-04,0.015691,1.2600
636,QUAD,0.411363,0.905417,1.84863911e-04,0.013596,1.8167
637,QUAD,0.397503,0.838989,2.72259394e-04,0.016500,1.0630
638,QUAD,0.381817,0.808589,3.18225313e-04,0.017839,1.1238
639,QUAD,0.430836,0.769849,2.94194568e-04,0.017152,1.0708
640,QUAD,0.373967,0.731069,2.84237831e-04,0.016859,1.0607
641,QUAD,0.397344,0.682639,3.79354538e-04,0.019477,1.3163
642,QUAD,0.416956,0.643059,2.15698885e-04,0.014687,1.2834
643,QUAD,0.387361,0.989457,4.17954551e-04,0.020444,1.1145
644,QUAD,0.367571,0.945252,4.15487307e-04,0.020384,1.3437
645,QUAD,0.362476,0.907033,3.00815017e-04,0.017344,1.1747
646,QUAD,0.360912,0.888787,3.11415390e-04,0.017647,1.1044
647,QUAD,0.337855,0.840475,3.41229222e-04,0.018472,1.3796
648,QUAD,0.352309,0.829778,2.85728589e-04,0.016904,1.1097
649,QUAD,0.356879,0.767805,2.61192212e-04,0.016161,1.5774
650,QUAD,0.367938,0.707468,2.82206197e-04,0.016799,1.1339
651,QUAD,0.357915,0.685456,2.71185119e-04,0.016468,1.1368
652,QUAD,0.327209,0.989603,4.17063878e-04,0.020422,1.0520
653,QUAD,0.307211,0.989734,4.09051965e-04,0.020225,1.0380
654,QUAD,0.309268,0.948067,4.44137488e-04,0.021075,1.1823
655,QUAD,0.319217,0.899804,1.43853351e-04,0.011994,1.2861
656,QUAD,0.322038,0.849036,3.58994682e-04,0.018947,1.3363
657,QUAD,0.291645,0.811395,1.60436620e-04,0.012666,1.6097
658,QUAD,0.318929,0.770088,2.69278357e-04,0.016410,1.0896
659,QUAD,0.337460,0.724230,2.81129693e-04,0.016767,1.3716
660,QUAD,0.287297,0.989955,3.99426725e-04,0.019986,1.0327
661,QUAD,0.267417,0.990330,3.83551900e-04,0.019584,1.0516
662,QUAD,0.268109,0.951350,3.80871621e-04,0.019516,1.0556
663,QUAD,0.277140,0.892471,2.63983829e-04,0.016248,1.1191
664,QUAD,0.269366,0.841646,3.02584309e-04,0.017395,1.3054
665,QUAD,0.273165,0.766637,1.94046150e-04,0.013930,1.3912
666,QUAD,0.247615,0.990720,3.65943066e-04,0.019130,1.0908
667,QUAD,0.229754,0.972895,3.39515384e-04,0.018426,1.0706
668,QUAD,0.231052,0.936571,3.09739071e-04,0.017599,1.1402
669,QUAD,0.245145,0.897456,3.06335346e-04,0.017502,1.1036
670,QUAD,0.242474,0.853414,1.62783862e-04,0.012759,1.4722
671,QUAD,0.208670,0.819607,3.05684467e-04,0.017484,1.0575
672,QUAD,0.208517,0.990946,3.50525041e-04,0.018722,1.0884
673,QUAD,0.174903,0.969004,3.61909455e-04,0.019024,1.2429
674,QUAD,0.188256,0.935171,2.09883627e-04,0.014487,1.5747
675,QUAD,0.170570,0.888345,1.67450390e-04,0.012940,1.8656
676,QUAD,0.190950,0.872360,2.53086084e-04,0.015909,1.2400
677,QUAD,0.170007,0.989237,4.20302488e-04,0.020501,1.2125
678,QUAD,0.130630,0.932807,3.69172717e-04,0.019214,1.2192
679,QUAD,0.149994,0.897214,2.62696321e-04,0.016208,1.3156
680,QUAD,0.129389,0.986708,5.56284022e-04,0.023586,1.5199
681,QUAD,0.089390,0.990349,3.83110092e-04,0.019573,1.0760
682,QUAD,0.122365,0.915318,3.07979791e-04,0.017549,1.2625
683,QUAD,0.030323,0.950459,4.25258358e-04,0.020622,1.0964
684,QUAD,0.009543,0.931268,3.73063145e-04,0.019315,1.0985
685,QUAD,0.056491,0.874205,2.17370274e-04,0.014743,1.3381
686,QUAD,0.097963,0.829826,3.00524539e-04,0.017336,1.0955
687,QUAD,0.138416,0.803844,3.88162104e-04,0.019702,1.0707
688,QUAD,0.181651,0.740681,2.50352508e-04,0.015823,1.0283
689,QUAD,0.246602,0.705211,2.91731413e-04,0.017080,1.1298
690,QUAD,0.268240,0.664601,2.53186529e-04,0.015912,1.0772
691,QUAD,0.316264,0.603253,2.62400981e-04,0.016199,1.1379
692,QUAD,0.366037,0.559177,2.43053732e-04,0.015590,1.2195
693,QUAD,0.411969,0.515529,1.18883973e-04,0.010903,1.2199
694,QUAD,0.434824,0.504096,7.24734037e-05,0.008513,1.1089
695,QUAD,0.025865,0.910415,3.18403117e-04,0.017844,1.1949
696,QUAD,0.008381,0.892213,3.28824981e-04,0.018134,1.1936
697,QUAD,0.063626,0.834777,3.33622783e-04,0.018265,1.2366
698,QUAD,0.109812,0.788975,1.51630122e-04,0.012314,1.3328
699,QUAD,0.162777,0.730633,1.88335120e-04,0.013724,1.2563
700,QUAD,0.187793,0.681330,2.12696193e-04,0.014584,1.2432
701,QUAD,0.223936,0.647943,2.91660352e-04,0.017078,1.2539
702,QUAD,0.277950,0.608545,2.96566852e-04,0.017221,1.1893
703,QUAD,0.302241,0.559056,1.55225151e-04,0.012459,1.4642
704,QUAD,0.359025,0.544700,2.58659682e-04,0.016083,1.1644
705,QUAD,0.399331,0.517431,1.55529791e-04,0.012471,1.2945
706,QUAD,0.025042,0.872349,3.21417127e-04,0.017928,1.1964
707,QUAD,0.008957,0.812841,3.59367400e-04,0.018957,1.1327
708,QUAD,0.062149,0.797866,3.01566487e-04,0.017366,1.1680
709,QUAD,0.112425,0.734546,3.66847358e-04,0.019153,1.2893
710,QUAD,0.161704,0.698123,2.46853920e-04,0.015712,1.2253
711,QUAD,0.191796,0.666325,2.95457273e-04,0.017189,1.2239
712,QUAD,0.228100,0.595123,3.74019350e-04,0.019340,1.0906
713,QUAD,0.282208,0.584441,2.85131946e-04,0.016886,1.2408
714,QUAD,0.324137,0.530560,3.64393000e-04,0.019089,1.3337
715,QUAD,0.367971,0.507950,2.87647319e-04,0.016960,1.2997
716,QUAD,0.026658,0.833872,3.55797842e-04,0.018863,1.0818
717,QUAD,0.009149,0.792753,3.68581195e-04,0.019198,1.1117
718,QUAD,0.072028,0.740611,4.42755892e-04,0.021042,1.1843
719,QUAD,0.111396,0.693041,2.86251414e-04,0.016919,1.2502
720,QUAD,0.154396,0.661323,4.20024255e-04,0.020494,1.0910
721,QUAD,0.185063,0.602837,4.16311081e-04,0.020404,1.3107
722,QUAD,0.243614,0.584805,3.62327907e-04,0.019035,1.1084
723,QUAD,0.288708,0.509300,3.67474583e-04,0.019170,1.0761
724,QUAD,0.328635,0.510713,4.40791518e-04,0.020995,1.1873
725,QUAD,0.027372,0.794212,3.64054540e-04,0.019080,1.1141
726,QUAD,0.010008,0.732528,4.01427602e-04,0.020036,1.0251
727,QUAD,0.051305,0.695158,4.50728526e-04,0.021230,1.2278
728,QUAD,0.095902,0.660388,1.70724215e-04,0.013066,1.2535
729,QUAD,0.123510,0.610171,2.41235419e-04,0.015532,1.4114
730,QUAD,0.232591,0.527325,2.91019355e-04,0.017059,1.3313
731,QUAD,0.269043,0.509382,3.66969851e-04,0.019156,1.0651
732,QUAD,0.030777,0.714428,4.22143402e-04,0.020546,1.0631
733,QUAD,0.010064,0.692385,4.04907925e-04,0.020122,1.0221
734,QUAD,0.065884,0.673451,3.08076975e-04,0.017552,1.2065
735,QUAD,0.099363,0.607749,2.63947763e-04,0.016246,1.1166
736,QUAD,0.150218,0.541632,2.90392594e-04,0.017041,1.0861
737,QUAD,0.184870,0.530039,3.28875862e-04,0.018135,1.5593
738,QUAD,0.210108,0.511361,4.71614928e-04,0.021717,1.2654
739,QUAD,0.009782,0.672204,3.94938127e-04,0.019873,1.0517
740,QUAD,0.045370,0.597955,3.21752629e-04,0.017937,1.0965
741,QUAD,0.115153,0.540923,2.94368666e-04,0.017157,1.1092
742,QUAD,0.167658,0.525839,2.88078395e-04,0.016973,1.2088
743,QUAD,0.189493,0.511017,4.54942723e-04,0.021329,1.3388
744,QUAD,0.029288,0.673809,3.95318764e-04,0.019883,1.0834
745,QUAD,0.009132,0.612024,3.63175292e-04,0.019057,1.0944
746,QUAD,0.071714,0.561130,1.55697836e-04,0.012478,1.5101
747,QUAD,0.111172,0.508058,3.15977399e-04,0.017776,1.2463
748,QUAD,0.150051,0.508193,3.16512358e-04,0.017791,1.2328
749,QUAD,0.027552,0.595074,3.51920497e-04,0.018760,1.0828
750,QUAD,0.009258,0.592086,3.70896618e-04,0.019259,1.0919
751,QUAD,0.062463,0.548615,3.47560656e-04,0.018643,1.5044
752,QUAD,0.050442,0.561615,3.54854961e-04,0.018838,1.5088
753,QUAD,0.010871,0.531099,4.48195135e-04,0.021171,1.0994
754,QUAD,0.071541,0.509117,3.69000889e-04,0.019209,1.1594
755,QUAD,0.031011,0.510760,4.41415036e-04,0.021010,1.0849
756,QUAD,0.028190,0.431787,3.69313098e-04,0.019218,1.0601
757,QUAD,0.027792,0.392210,3.60165460e-04,0.018978,1.1059
758,QUAD,0.026940,0.353175,3.41737124e-04,0.018486,1.1394
759,QUAD,0.028427,0.313062,3.91078143e-04,0.019776,1.1248
760,QUAD,0.009349,0.272419,3.71528012e-04,0.019275,1.0852
761,QUAD,0.029852,0.215621,3.89621625e-04,0.019739,1.0241
762,QUAD,0.034022,0.174930,4.99380988e-04,0.022347,1.2430
763,QUAD,0.030177,0.111495,3.89335052e-04,0.019732,1.0595
764,QUAD,0.031123,0.050839,4.24372723e-04,0.020600,1.0585
765,QUAD,0.990855,0.048067,3.45016408e-04,0.018575,1.0526
766,QUAD,0.935193,0.049533,3.81716943e-04,0.019538,1.2815
767,QUAD,0.876704,0.042644,2.76056466e-04,0.016615,1.1605
768,QUAD,0.842215,0.050334,4.04166941e-04,0.020104,1.2639
769,QUAD,0.825933,0.075017,3.45480484e-04,0.018587,1.3872
770,QUAD,0.753027,0.052094,3.31087610e-04,0.018196,1.2391
771,QUAD,0.736552,0.069170,2.63444948e-04,0.016231,1.3465
772,QUAD,0.702871,0.058177,2.35872005e-04,0.015358,1.6454
773,QUAD,0.637279,0.049598,3.28947972e-04,0.018137,1.1303
774,QUAD,0.599604,0.060142,5.13497984e-04,0.022660,1.3596
775,QUAD,0.553994,0.075712,3.41482610e-04,0.018479,1.2576
776,QUAD,0.511048,0.054925,2.24984396e-04,0.014999,1.1449
777,QUAD,0.482533,0.039388,2.37165943e-04,0.015400,1.2697
778,QUAD,0.383017,0.051596,2.88651931e-04,0.016990,1.2592
779,QUAD,0.336406,0.046472,3.87510409e-04,0.019685,1.1530
780,QUAD,0.317270,0.045580,3.57943862e-04,0.018919,1.0377
781,QUAD,0.278094,0.062407,3.36841824e-04,0.018353,1.0333
782,QUAD,0.184589,0.041100,3.14067271e-04,0.017722,1.1522
783,QUAD,0.074036,0.047524,4.18671645e-04,0.020461,1.3607
784,QUAD,0.990294,0.104597,3.71021984e-04,0.019262,1.0824
785,QUAD,0.941580,0.094817,1.75094354e-04,0.013232,1.1657
786,QUAD,0.851412,0.066956,2.75968264e-04,0.016612,1.8727
787,QUAD,0.825500,0.123539,1.77403771e-04,0.013319,1.3398
788,QUAD,0.755459,0.104320,3.97825260e-04,0.019946,1.0715
789,QUAD,0.593825,0.093161,4.87998644e-04,0.022091,1.1630
790,QUAD,0.543528,0.113108,2.01895548e-04,0.014209,1.3102
791,QUAD,0.469127,0.083695,2.25545987e-04,0.015018,1.1954
792,QUAD,0.423116,0.102783,2.56915199e-04,0.016029,1.1319
793,QUAD,0.378529,0.087000,2.11835043e-04,0.014555,1.0964
794,QUAD,0.344294,0.088964,2.76961859e-04,0.016642,1.2064
795,QUAD,0.275144,0.099304,3.22482315e-04,0.017958,1.1427
796,QUAD,0.220604,0.080443,3.94543749e-04,0.019863,1.1778
797,QUAD,0.182293,0.074357,3.03739033e-04,0.017428,1.2075
798,QUAD,0.145633,0.083474,2.41567803e-04,0.015542,1.1369
799,QUAD,0.098579,0.096679,2.00767310e-04,0.014169,1.2537
800,QUAD,0.066478,0.111142,2.85730530e-04,0.016904,1.1692
801,QUAD,0.989922,0.123852,3.91544659e-04,0.019787,1.0418
802,QUAD,0.925656,0.109062,3.43418862e-04,0.018532,1.3406
803,QUAD,0.898940,0.155814,2.59701618e-04,0.016115,1.0623
804,QUAD,0.837891,0.126808,2.17833560e-04,0.014759,1.5914
805,QUAD,0.815037,0.138829,1.70578847e-04,0.013061,1.2056
806,QUAD,0.748099,0.137209,1.59225833e-04,0.012618,1.5654
807,QUAD,0.712341,0.108890,3.02737793e-04,0.017399,1.0733
808,QUAD,0.684182,0.136979,3.20881802e-04,0.017913,1.1424
809,QUAD,0.668653,0.144247,3.04662028e-04,0.017455,1.0729
810,QUAD,0.620916,0.144724,2.22448261e-04,0.014915,1.5448
811,QUAD,0.553368,0.123587,2.22098675e-04,0.014903,1.3806
812,QUAD,0.499291,0.121541,3.30452779e-04,0.018178,1.1843
813,QUAD,0.481959,0.125526,3.20890547e-04,0.017913,1.2003
814,QUAD,0.423784,0.142211,2.99878219e-04,0.017317,1.1721
815,QUAD,0.377457,0.139720,1.82251535e-04,0.013500,1.1362
816,QUAD,0.351816,0.123476,2.05305485e-04,0.014328,1.1169
817,QUAD,0.336461,0.151105,1.83558698e-04,0.013548,1.1017
818,QUAD,0.256503,0.116323,3.09326876e-04,0.017588,1.1132
819,QUAD,0.237913,0.130893,2.49344547e-04,0.015791,1.1335
820,QUAD,0.163870,0.125683,2.16985957e-04,0.014730,1.1590
821,QUAD,0.149157,0.129459,2.60876821e-04,0.016152,1.1143
822,QUAD,0.065507,0.167073,3.74950564e-04,0.019364,1.5824
823,QUAD,0.990218,0.163261,3.87138639e-04,0.019676,1.0206
824,QUAD,0.932874,0.162530,3.40064144e-04,0.018441,1.1036
825,QUAD,0.859124,0.189521,2.73506024e-04,0.016538,1.3827
826,QUAD,0.818399,0.180679,3.79106719e-04,0.019471,1.2981
827,QUAD,0.762998,0.159025,2.92953785e-04,0.017116,1.3120
828,QUAD,0.732763,0.184988,3.16884518e-04,0.017801,1.1655
829,QUAD,0.642901,0.174566,3.31936982e-04,0.018219,1.2650
830,QUAD,0.555110,0.171050,3.08561285e-04,0.017566,1.1318
831,QUAD,0.510778,0.161211,2.42725418e-04,0.015580,1.2588
832,QUAD,0.497629,0.191118,2.16284190e-04,0.014707,1.6201
833,QUAD,0.448538,0.197427,2.49159176e-04,0.015785,1.4215
834,QUAD,0.378208,0.170714,2.79557354e-04,0.016720,1.1522
835,QUAD,0.336273,0.163764,1.32575748e-04,0.011514,1.3352
836,QUAD,0.259235,0.185762,2.95349722e-04,0.017186,1.4371
837,QUAD,0.233242,0.158623,1.79349933e-04,0.013392,1.5807
838,QUAD,0.157112,0.179692,2.59138583e-04,0.016098,1.1774
839,QUAD,0.145799,0.170168,2.15985523e-04,0.014696,1.2622
840,QUAD,0.101122,0.179101,1.85787663e-04,0.013630,1.3322
841,QUAD,0.055150,0.181740,4.19974697e-04,0.020493,1.4948
842,QUAD,0.990528,0.222371,3.73635956e-04,0.019330,1.0451
843,QUAD,0.934608,0.221417,3.32699725e-04,0.018240,1.1071
844,QUAD,0.845968,0.206980,2.34509958e-04,0.015314,1.1895
845,QUAD,0.833264,0.221445,1.59535913e-04,0.012631,1.3905
846,QUAD,0.756405,0.216512,2.39617839e-04,0.015480,1.2118
847,QUAD,0.716730,0.198799,1.79304725e-04,0.013390,1.2992
848,QUAD,0.691214,0.206617,2.14661011e-04,0.014651,1.1707
849,QUAD,0.593417,0.209509,2.87104221e-04,0.016944,1.0337
850,QUAD,0.547656,0.195624,3.04304732e-04,0.017444,1.0822
851,QUAD,0.497435,0.217773,3.52741946e-04,0.018781,1.1734
852,QUAD,0.471294,0.212119,3.53399675e-04,0.018799,1.1294
853,QUAD,0.323812,0.242227,2.64053363e-04,0.016250,1.2254
854,QUAD,0.256104,0.209496,2.58919956e-04,0.016091,1.2869
855,QUAD,0.225468,0.245742,2.31927916e-04,0.015229,1.8718
856,QUAD,0.183652,0.227422,4.33318441e-04,0.020816,1.3568
857,QUAD,0.100685,0.211922,1.97367438e-04,0.014049,1.5014
858,QUAD,0.048954,0.219082,3.57156809e-04,0.018899,1.0706
859,QUAD,0.990359,0.261862,3.80604423e-04,0.019509,1.0341
860,QUAD,0.952369,0.259358,3.56587497e-04,0.018884,1.0961
861,QUAD,0.900519,0.265199,2.19851152e-04,0.014827,1.2080
862,QUAD,0.839760,0.252960,2.11679336e-04,0.014549,1.1256
863,QUAD,0.828769,0.234458,2.46855400e-04,0.015712,1.2230
864,QUAD,0.768764,0.250244,3.73930889e-04,0.019337,1.3389
865,QUAD,0.714610,0.247909,2.89950523e-04,0.017028,1.2028
866,QUAD,0.616924,0.251185,2.35229286e-04,0.015337,1.1161
867,QUAD,0.566164,0.267545,3.30816596e-04,0.018188,1.0437
868,QUAD,0.511119,0.269829,2.73705371e-04,0.016544,1.9278
869,QUAD,0.463931,0.277549,1.91506993e-04,0.013839,1.3858
870,QUAD,0.418835,0.255072,2.86652612e-04,0.016931,1.2052
871,QUAD,0.380457,0.293313,3.12986961e-04,0.017691,1.3396
872,QUAD,0.360465,0.246270,2.71585976e-04,0.016480,1.1224
873,QUAD,0.327870,0.262619,1.95564817e-04,0.013984,1.4988
874,QUAD,0.289025,0.250930,2.63728478e-04,0.016240,1.1256
875,QUAD,0.236445,0.265256,3.21127463e-04,0.017920,1.3513
876,QUAD,0.183367,0.272055,4.19248936e-04,0.020476,1.1979
877,QUAD,0.048802,0.257346,3.90014074e-04,0.019749,1.1116
878,QUAD,0.990123,0.300801,3.80569129e-04,0.019508,1.0315
879,QUAD,0.949192,0.299315,4.40175392e-04,0.020980,1.1897
880,QUAD,0.886336,0.296003,3.18015845e-04,0.017833,1.2988
881,QUAD,0.854809,0.309791,2.15288022e-04,0.014673,1.1873
882,QUAD,0.816045,0.315542,3.46433068e-04,0.018613,1.2053
883,QUAD,0.768523,0.301749,3.08513307e-04,0.017565,1.7686
884,QUAD,0.689613,0.298720,2.99897371e-04,0.017318,1.3904
885,QUAD,0.646108,0.312644,2.81514255e-04,0.016778,1.1479
886,QUAD,0.601588,0.284259,2.86936828e-04,0.016939,1.0467
887,QUAD,0.574599,0.306625,3.07905133e-04,0.017547,1.0475
888,QUAD,0.455725,0.304997,2.47785802e-04,0.015741,1.3533
889,QUAD,0.440797,0.299210,2.67752729e-04,0.016363,1.3027
890,QUAD,0.388347,0.337179,9.60697604e-05,0.009802,1.2576
891,QUAD,0.344016,0.302655,2.15231472e-04,0.014671,1.3083
892,QUAD,0.279710,0.330648,1.79749511e-04,0.013407,1.4127
893,QUAD,0.235023,0.301919,2.95050922e-04,0.017177,1.3243
894,QUAD,0.184560,0.303390,3.49930723e-04,0.018706,1.4435
895,QUAD,0.144265,0.313187,2.75947051e-04,0.016612,1.3609
896,QUAD,0.110430,0.326913,3.03411118e-04,0.017419,1.0540
897,QUAD,0.061292,0.311933,1.99332927e-04,0.014119,1.4229
898,QUAD,0.990252,0.320072,3.75592783e-04,0.019380,1.0253
899,QUAD,0.932458,0.320561,3.39590098e-04,0.018428,1.1152
900,QUAD,0.887636,0.354548,1.57871475e-04,0.012565,1.4754
901,QUAD,0.820700,0.353204,2.44245680e-04,0.015628,1.7006
902,QUAD,0.759392,0.357001,1.84654437e-04,0.013589,1.3699
903,QUAD,0.713926,0.342907,2.67721813e-04,0.016362,1.8317
904,QUAD,0.641814,0.345936,2.05854698e-04,0.014348,1.6663
905,QUAD,0.609394,0.342066,2.45221759e-04,0.015660,1.1349
906,QUAD,0.545554,0.336099,2.74886021e-04,0.016580,1.2731
907,QUAD,0.513488,0.338538,1.49609929e-04,0.012232,1.5712
908,QUAD,0.488605,0.348398,1.71743811e-04,0.013105,1.2938
909,QUAD,0.454253,0.352761,2.65947127e-04,0.016308,1.3619
910,QUAD,0.420856,0.351266,1.72128997e-04,0.013120,1.1757
911,QUAD,0.366424,0.373911,1.55081011e-04,0.012453,1.4106
912,QUAD,0.317837,0.360613,2.71655403e-04,0.016482,1.2048
913,QUAD,0.283082,0.345664,2.77988467e-04,0.016673,1.2344
914,QUAD,0.223818,0.351932,2.27297267e-04,0.015076,1.2094
915,QUAD,0.210549,0.352075,2.03984286e-04,0.014282,1.3115
916,QUAD,0.076186,0.356891,2.24942425e-04,0.014998,1.4294
917,QUAD,0.060351,0.355586,2.66963890e-04,0.016339,1.0993
918,QUAD,0.990449,0.358816,3.73204120e-04,0.019318,1.0242
919,QUAD,0.934642,0.373769,3.09754403e-04,0.017600,1.0828
920,QUAD,0.898612,0.383440,2.37058066e-04,0.015397,1.2278
921,QUAD,0.864467,0.387119,1.90463961e-04,0.013801,1.2350
922,QUAD,0.826606,0.385133,1.23242123e-04,0.011101,1.6230
923,QUAD,0.764218,0.402884,4.19548103e-04,0.020483,1.1045
924,QUAD,0.687215,0.389040,2.42990953e-04,0.015588,1.2054
925,QUAD,0.645678,0.369799,2.72341535e-04,0.016503,1.3568
926,QUAD,0.596121,0.411333,1.56424343e-04,0.012507,1.5074
927,QUAD,0.553655,0.391220,1.59862167e-04,0.012644,1.3923
928,QUAD,0.497937,0.386518,1.64861938e-04,0.012840,1.1836
929,QUAD,0.466441,0.406444,9.47486713e-05,0.009734,1.0983
930,QUAD,0.423970,0.412908,1.21609791e-04,0.011028,1.0864
931,QUAD,0.411651,0.391108,1.59681904e-04,0.012637,1.0677
932,QUAD,0.374985,0.395769,1.30328407e-04,0.011416,1.2520
933,QUAD,0.314998,0.405257,1.90618036e-04,0.013806,1.5595
934,QUAD,0.281754,0.380098,2.27827354e-04,0.015094,1.5209
935,QUAD,0.237572,0.385283,2.76220520e-04,0.016620,1.2564
936,QUAD,0.171302,0.389827,2.32765330e-04,0.015257,1.3032
937,QUAD,0.101640,0.388159,2.09586717e-04,0.014477,1.7194
938,QUAD,0.062946,0.388493,2.76595287e-04,0.016631,1.6320
939,QUAD,0.989810,0.398301,4.06588970e-04,0.020164,1.0612
940,QUAD,0.947365,0.413514,3.95375848e-04,0.019884,1.1236
941,QUAD,0.882545,0.423747,2.41084797e-04,0.015527,1.1447
942,QUAD,0.817313,0.418519,1.75188489e-04,0.013236,1.1042
943,QUAD,0.723641,0.431608,1.86886953e-04,0.013671,1.6152
944,QUAD,0.665938,0.429779,2.66464846e-04,0.016324,1.2171
945,QUAD,0.659947,0.415423,2.75861359e-04,0.016609,1.1617
946,QUAD,0.593407,0.435335,1.75503516e-04,0.013248,1.0922
947,QUAD,0.553985,0.440291,7.78728296e-05,0.008825,1.3287
948,QUAD,0.513890,0.440391,6.94468644e-05,0.008333,1.2293
949,QUAD,0.469822,0.452328,4.19537704e-05,0.006477,1.4958
950,QUAD,0.428979,0.451049,7.83437656e-05,0.008851,1.2514
951,QUAD,0.408668,0.441782,1.33226802e-04,0.011542,1.1726
952,QUAD,0.368004,0.421926,1.84626809e-04,0.013588,1.3079
953,QUAD,0.274151,0.433459,3.55208699e-04,0.018847,1.3251
954,QUAD,0.185289,0.450029,2.75390094e-04,0.016595,1.2186
955,QUAD,0.163023,0.426667,2.86110815e-04,0.016915,1.1258
956,QUAD,0.091754,0.428184,1.94120618e-04,0.013933,1.5508
957,QUAD,0.065587,0.453030,3.41776888e-04,0.018487,1.0628
958,QUAD,0.953705,0.502584,3.17531818e-04,0.017819,1.1015
959,QUAD,0.917127,0.498223,2.25628678e-04,0.015021,1.3468
960,QUAD,0.872799,0.488614,1.93050726e-04,0.013894,1.5529
961,QUAD,0.794615,0.516091,2.55636340e-04,0.015989,1.1802
962,QUAD,0.695994,0.504494,2.06469140e-04,0.014369,1.5379
963,QUAD,0.617496,0.502312,1.27116777e-04,0.011275,1.1302
964,QUAD,0.579034,0.504854,2.02980860e-04,0.014247,1.1809
965,QUAD,0.500601,0.494441,1.44967718e-05,0.003807,1.2155
966,QUAD,0.955539,0.555148,3.06622978e-04,0.017511,1.0791
967,QUAD,0.903182,0.558264,1.65347462e-04,0.012859,1.2802
968,QUAD,0.849469,0.544434,1.94034288e-04,0.013930,1.3905
969,QUAD,0.826160,0.544047,2.18356530e-04,0.014777,1.4904
970,QUAD,0.739558,0.551387,3.13245481e-04,0.017699,1.0609
971,QUAD,0.677284,0.533549,3.15512431e-04,0.017763,1.1119
972,QUAD,0.631058,0.558520,2.28226897e-04,0.015107,1.0971
973,QUAD,0.604737,0.572290,2.19026239e-04,0.014800,1.0654
974,QUAD,0.499103,0.551079,4.22286723e-05,0.006498,1.1714
975,QUAD,0.523584,0.559879,6.79028733e-05,0.008240,1.1855
976,QUAD,0.443655,0.541538,6.09036836e-05,0.007804,1.1046
977,QUAD,0.450190,0.537906,5.02646307e-05,0.007090,1.0925
978,QUAD,0.402255,0.539628,1.34431432e-04,0.011594,1.2147
979,QUAD,0.375017,0.571097,1.87399340e-04,0.013689,1.1538
980,QUAD,0.317990,0.547353,2.37697174e-04,0.015417,1.2455
981,QUAD,0.268868,0.549129,3.83208278e-04,0.019576,1.2425
982,QUAD,0.224301,0.551263,3.61558106e-04,0.019015,1.1250
983,QUAD,0.132876,0.541514,3.12466770e-04,0.017677,1.0320
984,QUAD,0.097543,0.541007,2.80270480e-04,0.016741,1.1585
985,QUAD,0.084760,0.557345,2.03224385e-04,0.014256,1.2285
986,QUAD,0.990579,0.575751,3.68875223e-04,0.019206,1.0755
987,QUAD,0.934873,0.586142,2.51713736e-04,0.015865,1.2338
988,QUAD,0.894539,0.592462,1.77985135e-04,0.013341,1.1399
989,QUAD,0.858726,0.591540,4.27758147e-04,0.020682,1.4544
990,QUAD,0.808320,0.575196,4.17255241e-04,0.020427,1.4119
991,QUAD,0.756137,0.584776,3.73338502e-04,0.019322,1.1000
992,QUAD,0.698649,0.591288,2.52661396e-04,0.015895,1.6111
993,QUAD,0.660729,0.592186,2.06473512e-04,0.014369,1.1496
994,QUAD,0.653208,0.613051,2.90908472e-04,0.017056,1.1476
995,QUAD,0.599006,0.593513,2.33197870e-04,0.015271,1.0388
996,QUAD,0.514003,0.594426,5.38832287e-05,0.007341,1.4806
997,QUAD,0.579516,0.587080,2.23689331e-04,0.014956,1.1355
998,QUAD,0.400177,0.606819,1.69789211e-04,0.013030,1.2087
999,QUAD,0.357840,0.594895,2.34527072e-04,0.015314,1.0833
1000,QUAD,0.329316,0.613118,2.59978685e-04,0.016124,1.1250
1001,QUAD,0.268179,0.592512,3.27311844e-04,0.018092,1.1833
1002,QUAD,0.217484,0.578343,3.89780435e-04,0.019743,1.0490
1003,QUAD,0.171573,0.574416,3.53198478e-04,0.018794,1.5332
1004,QUAD,0.087265,0.570239,1.57388520e-04,0.012545,1.0984
1005,QUAD,0.988986,0.615309,4.39131619e-04,0.020955,1.1511
1006,QUAD,0.887226,0.651111,2.04664176e-04,0.014306,1.1956
1007,QUAD,0.854584,0.640299,2.81994355e-04,0.016793,1.2061
1008,QUAD,0.807668,0.640702,5.04082950e-04,0.022452,1.2263
1009,QUAD,0.765974,0.659443,3.53488943e-04,0.018801,1.1024
1010,QUAD,0.712362,0.618729,2.44705297e-04,0.015643,1.0942
1011,QUAD,0.676478,0.618823,2.98192566e-04,0.017268,1.1322
1012,QUAD,0.601775,0.629076,2.69232261e-04,0.016408,1.1278
1013,QUAD,0.563934,0.633174,2.92306886e-04,0.017097,1.0992
1014,QUAD,0.462171,0.600053,1.30976105e-04,0.011444,1.3956
1015,QUAD,0.349947,0.647536,3.13526748e-04,0.017707,1.1717
1016,QUAD,0.370971,0.639295,2.51709725e-04,0.015865,1.0964
1017,QUAD,0.278133,0.633135,2.94692933e-04,0.017167,1.4530
1018,QUAD,0.210075,0.634456,3.97027944e-04,0.019926,1.2553
1019,QUAD,0.180439,0.641689,4.25414720e-04,0.020626,1.1625
1020,QUAD,0.121080,0.651424,2.71133011e-04,0.016466,1.2697
1021,QUAD,0.099678,0.649066,1.86076983e-04,0.013641,1.5918
1022,QUAD,0.046433,0.635260,3.56046674e-04,0.018869,1.0399
1023,QUAD,0.991033,0.694854,3.53029394e-04,0.018789,1.1377
1024,QUAD,0.937900,0.698530,2.97676575e-04,0.017253,1.0816
1025,QUAD,0.902758,0.687883,2.14072335e-04,0.014631,1.2311
1026,QUAD,0.873035,0.691341,2.09045407e-04,0.014458,1.4199
1027,QUAD,0.801445,0.681975,3.70155301e-04,0.019239,1.0538
1028,QUAD,0.782157,0.680687,3.92270710e-04,0.019806,1.0797
1029,QUAD,0.744909,0.675699,3.33156198e-04,0.018253,1.1125
1030,QUAD,0.627725,0.665652,2.13630927e-04,0.014616,1.1212
1031,QUAD,0.591326,0.666366,2.47576441e-04,0.015735,1.3723
1032,QUAD,0.514405,0.695117,2.78519998e-04,0.016689,1.0563
1033,QUAD,0.543935,0.679126,3.08748239e-04,0.017571,1.1690
1034,QUAD,0.481277,0.640490,1.72796111e-04,0.013145,1.4034
1035,QUAD,0.434786,0.633714,1.98975294e-04,0.014106,1.2590
1036,QUAD,0.326817,0.710717,2.75051789e-04,0.016585,1.5361
1037,QUAD,0.312491,0.668168,2.29698835e-04,0.015156,1.8411
1038,QUAD,0.262321,0.715960,3.57954157e-04,0.018920,1.3516
1039,QUAD,0.228012,0.671571,2.44584130e-04,0.015639,1.1805
1040,QUAD,0.200755,0.686970,1.82482005e-04,0.013509,1.2827
1041,QUAD,0.134848,0.661327,3.24102328e-04,0.018003,1.5484
1042,QUAD,0.094923,0.673911,2.03882265e-04,0.014279,1.4858
1043,QUAD,0.048300,0.674421,3.75598524e-04,0.019380,1.1395
1044,QUAD,0.991554,0.734074,3.30047231e-04,0.018167,1.1779
1045,QUAD,0.939123,0.715506,2.98232525e-04,0.017269,1.0726
1046,QUAD,0.903809,0.731553,2.78529687e-04,0.016689,1.1651
1047,QUAD,0.869130,0.727032,2.69329269e-04,0.016411,1.1020
1048,QUAD,0.835080,0.720744,2.93339439e-04,0.017127,1.1029
1049,QUAD,0.787421,0.734035,1.87615002e-04,0.013697,1.3499
1050,QUAD,0.748723,0.748470,2.89264227e-04,0.017008,1.1525
1051,QUAD,0.720774,0.741674,2.39806508e-04,0.015486,1.7695
1052,QUAD,0.637099,0.695236,2.84207000e-04,0.016858,1.1434
1053,QUAD,0.583759,0.697476,3.40688217e-04,0.018458,1.4810
1054,QUAD,0.502784,0.743092,3.56463984e-04,0.018880,1.2424
1055,QUAD,0.544539,0.758156,2.13243590e-04,0.014603,1.2618
1056,QUAD,0.491594,0.691002,2.51569869e-04,0.015861,1.1200
1057,QUAD,0.284524,0.747540,3.08657248e-04,0.017569,1.3518
1058,QUAD,0.275834,0.730026,3.57372730e-04,0.018904,1.3871
1059,QUAD,0.187939,0.703947,8.81014060e-05,0.009386,1.4065
1060,QUAD,0.052316,0.716412,4.73739925e-04,0.021766,1.1559
1061,QUAD,0.991488,0.753570,3.31418322e-04,0.018205,1.1761
1062,QUAD,0.938014,0.779392,2.26129032e-04,0.015038,1.2782
1063,QUAD,0.891588,0.787123,2.17627722e-04,0.014752,1.5133
1064,QUAD,0.823047,0.769275,2.31962504e-04,0.015230,1.0526
1065,QUAD,0.773032,0.772248,2.39171315e-04,0.015465,1.1231
1066,QUAD,0.689089,0.753336,3.01633826e-04,0.017368,1.0395
1067,QUAD,0.632160,0.793046,2.93827817e-04,0.017141,1.1421
1068,QUAD,0.528652,0.792906,2.18283027e-04,0.014774,1.3087
1069,QUAD,0.478674,0.734756,2.81939284e-04,0.016791,1.0668
1070,QUAD,0.447126,0.712107,2.85626726e-04,0.016900,1.1127
1071,QUAD,0.364637,0.745288,2.84508996e-04,0.016867,1.1685
1072,QUAD,0.210743,0.782272,2.27123126e-04,0.015071,1.5263
1073,QUAD,0.220818,0.760585,2.39414093e-04,0.015473,1.3018
1074,QUAD,0.175835,0.777624,3.05698574e-04,0.017484,1.1366
1075,QUAD,0.138598,0.766282,2.90804906e-04,0.017053,1.1417
1076,QUAD,0.109458,0.771676,1.98427442e-04,0.014086,1.4558
1077,QUAD,0.048982,0.756787,3.92251779e-04,0.019805,1.0875
1078,QUAD,0.990109,0.792381,3.89180621e-04,0.019728,1.1460
1079,QUAD,0.929973,0.801534,1.53611821e-04,0.012394,1.3968
1080,QUAD,0.898452,0.801527,2.32752547e-04,0.015256,1.1318
1081,QUAD,0.843504,0.781683,3.72272741e-04,0.019294,1.0628
1082,QUAD,0.810778,0.805574,2.02974910e-04,0.014247,1.1595
1083,QUAD,0.717573,0.821425,2.20542539e-04,0.014851,1.3449
1084,QUAD,0.687823,0.803963,2.42808510e-04,0.015582,1.1163
1085,QUAD,0.660052,0.817465,2.55593649e-04,0.015987,1.0722
1086,QUAD,0.610546,0.783138,3.07829206e-04,0.017545,1.1775
1087,QUAD,0.516980,0.804461,1.02745523e-04,0.010136,1.1646
1088,QUAD,0.557469,0.815638,1.99786301e-04,0.014135,1.6175
1089,QUAD,0.446277,0.787274,2.75986776e-04,0.016613,1.6060
1090,QUAD,0.371599,0.770699,2.52754067e-04,0.015898,1.4918
1091,QUAD,0.341880,0.774759,3.06072202e-04,0.017495,1.1965
1092,QUAD,0.305638,0.778808,2.71757642e-04,0.016485,1.1518
1093,QUAD,0.186180,0.847478,3.57437685e-04,0.018906,1.2643
1094,QUAD,0.153650,0.822081,2.88611654e-04,0.016989,1.1748
1095,QUAD,0.092933,0.789356,1.44615853e-04,0.012026,1.5404
1096,QUAD,0.062036,0.816153,3.04707486e-04,0.017456,1.1713
1097,QUAD,0.987956,0.832932,4.92106585e-04,0.022183,1.3974
1098,QUAD,0.929380,0.856583,3.06810962e-04,0.017516,1.3728
1099,QUAD,0.851118,0.855217,2.25552044e-04,0.015018,1.5892
1100,QUAD,0.817905,0.852912,2.52425716e-04,0.015888,1.0629
1101,QUAD,0.778286,0.835680,2.17904371e-04,0.014762,1.1383
1102,QUAD,0.739764,0.852775,2.69449834e-04,0.016415,1.4805
1103,QUAD,0.686040,0.838707,1.82725655e-04,0.013518,1.2474
1104,QUAD,0.667086,0.831786,2.33468153e-04,0.015280,1.0753
1105,QUAD,0.594567,0.874391,3.14255851e-04,0.017727,1.1576
1106,QUAD,0.501586,0.856386,2.22873892e-04,0.014929,1.3778
1107,QUAD,0.544423,0.871869,2.65702695e-04,0.016300,1.1576
1108,QUAD,0.462706,0.810988,4.15469453e-04,0.020383,1.1928
1109,QUAD,0.426621,0.822796,2.88352199e-04,0.016981,1.0713
1110,QUAD,0.344466,0.814806,2.89646595e-04,0.017019,1.0530
1111,QUAD,0.330362,0.823917,2.88029908e-04,0.016971,1.1334
1112,QUAD,0.252957,0.811906,2.53513854e-04,0.015922,1.3454
1113,QUAD,0.161792,0.873723,1.35120990e-04,0.011624,1.6866
1114,QUAD,0.146914,0.864874,1.81926404e-04,0.013488,1.5439
1115,QUAD,0.082718,0.849620,3.18496613e-04,0.017846,1.1163
1116,QUAD,0.043937,0.854585,3.45020891e-04,0.018575,1.2523
1117,QUAD,0.991142,0.871864,3.42263992e-04,0.018500,1.1225
1118,QUAD,0.876171,0.887694,4.10798295e-04,0.020268,1.3089
1119,QUAD,0.796465,0.900532,3.18698583e-04,0.017852,1.3565
1120,QUAD,0.756135,0.894601,4.57138518e-04,0.021381,1.0826
1121,QUAD,0.702048,0.897511,2.80955927e-04,0.016762,1.3708
1122,QUAD,0.676284,0.882737,2.18500140e-04,0.014782,1.1363
1123,QUAD,0.600995,0.892554,3.75390036e-04,0.019375,1.2562
1124,QUAD,0.530447,0.892057,2.96277987e-04,0.017213,1.1552
1125,QUAD,0.565874,0.903639,3.27424117e-04,0.018095,1.0821
1126,QUAD,0.460696,0.854709,1.59505326e-04,0.012630,1.2320
1127,QUAD,0.445980,0.878005,1.75780822e-04,0.013258,1.2315
1128,QUAD,0.360550,0.856226,1.61447012e-04,0.012706,1.6681
1129,QUAD,0.324705,0.869441,4.13526742e-04,0.020335,1.4177
1130,QUAD,0.275304,0.875742,2.54028313e-04,0.015938,1.1005
1131,QUAD,0.245023,0.880263,2.52818559e-04,0.015900,1.1762
1132,QUAD,0.102588,0.903142,2.48678905e-04,0.015770,1.4925
1133,QUAD,0.041019,0.890739,2.79455083e-04,0.016717,1.1696
1134,QUAD,0.990315,0.911013,3.82858819e-04,0.019567,1.0920
1135,QUAD,0.930393,0.938593,2.68749292e-04,0.016394,1.3214
1136,QUAD,0.892959,0.953649,3.53444061e-04,0.018800,1.1235
1137,QUAD,0.854254,0.952374,3.90190485e-04,0.019753,1.0382
1138,QUAD,0.795400,0.935988,3.44004312e-04,0.018547,1.0600
1139,QUAD,0.758701,0.935598,3.49350083e-04,0.018691,1.0861
1140,QUAD,0.724869,0.919078,2.59142862e-04,0.016098,1.1043
1141,QUAD,0.659030,0.910586,3.20619948e-04,0.017906,1.2266
1142,QUAD,0.597573,0.957891,2.66452240e-04,0.016323,1.1408
1143,QUAD,0.517684,0.932487,3.35449721e-04,0.018315,1.1637
1144,QUAD,0.568404,0.938728,2.31409452e-04,0.015212,1.3868
1145,QUAD,0.499481,0.915626,3.19078224e-04,0.017863,1.2218
1146,QUAD,0.438079,0.905930,2.13969478e-04,0.014628,1.1962
1147,QUAD,0.402048,0.913787,1.41300827e-04,0.011887,1.3472
1148,QUAD,0.344289,0.891362,3.27573421e-04,0.018099,1.3858
1149,QUAD,0.332129,0.912895,2.38094037e-04,0.015430,1.3471
1150,QUAD,0.279945,0.909849,2.97146755e-04,0.017238,1.1866
1151,QUAD,0.246657,0.915906,3.25260375e-04,0.018035,1.1206
1152,QUAD,0.193839,0.910173,3.05515616e-04,0.017479,1.0891
1153,QUAD,0.050411,0.952227,3.89620523e-04,0.019739,1.2454
1154,QUAD,0.044719,0.925366,2.51909686e-04,0.015872,1.6250
1155,QUAD,0.483662,0.955141,3.18842204e-04,0.017856,1.0655
1156,QUAD,0.347690,0.928898,3.15204557e-04,0.017754,1.2108
1157,QUAD,0.329272,0.949116,3.74575768e-04,0.019354,1.0760
1158,QUAD,0.288391,0.948557,4.53781909e-04,0.021302,1.1598
1159,QUAD,0.249067,0.953414,3.46190789e-04,0.018606,1.0411
1160,QUAD,0.196922,0.954530,2.77788527e-04,0.016667,1.1516
1161,QUAD,0.167478,0.945159,2.89345110e-04,0.017010,1.4010
1162,QUAD,0.951014,0.009638,3.82032527e-04,0.019546,1.0374
1163,QUAD,0.891783,0.008734,3.43452303e-04,0.018532,1.1522
1164,QUAD,0.852901,0.009281,3.60403092e-04,0.018984,1.0951
1165,QUAD,0.813982,0.011111,4.40506403e-04,0.020988,1.1847
1166,QUAD,0.774169,0.011727,4.70327880e-04,0.021687,1.2279
1167,QUAD,0.714278,0.010647,4.21862103e-04,0.020539,1.0826
1168,QUAD,0.674734,0.010122,3.96190789e-04,0.019905,1.0431
1169,QUAD,0.615632,0.011137,4.45130404e-04,0.021098,1.1712
1170,QUAD,0.536462,0.009067,3.54623722e-04,0.018831,1.1589
1171,QUAD,0.439401,0.010413,4.11678042e-04,0.020290,1.1688
1172,QUAD,0.419189,0.012620,5.30542019e-04,0.023033,1.4329
1173,QUAD,0.320561,0.008920,3.47378175e-04,0.018638,1.1048
1174,QUAD,0.281411,0.008744,3.43341036e-04,0.018529,1.1352
1175,QUAD,0.242156,0.008554,3.35605406e-04,0.018320,1.1633
1176,QUAD,0.183580,0.008100,3.13596615e-04,0.017709,1.2176
1177,QUAD,0.145348,0.007871,2.97217992e-04,0.017240,1.2012
1178,QUAD,0.107587,0.008251,3.13791688e-04,0.017714,1.1803
1179,QUAD,0.029907,0.010188,4.04865630e-04,0.020121,1.0372
1180,QUAD,0.970302,0.951342,3.88358652e-04,0.019707,1.0266
1181,QUAD,0.991030,0.891317,3.51367462e-04,0.018745,1.1349
1182,QUAD,0.990191,0.852660,3.77124958e-04,0.019420,1.1729
1183,QUAD,0.987961,0.812439,5.01561518e-04,0.022396,1.3934
1184,QUAD,0.991092,0.772968,3.46079039e-04,0.018603,1.1383
1185,QUAD,0.989660,0.655222,4.13449951e-04,0.020333,1.0882
1186,QUAD,0.989813,0.595437,4.03868097e-04,0.020096,1.0931
1187,QUAD,0.990399,0.498183,3.75624512e-04,0.019381,1.0779
1188,QUAD,0.988580,0.458579,4.58228392e-04,0.021406,1.1962
1189,QUAD,0.988419,0.438475,4.67093328e-04,0.021612,1.1926
1190,QUAD,0.990270,0.378461,3.84671518e-04,0.019613,1.0327
1191,QUAD,0.990407,0.339379,3.70928195e-04,0.019259,1.0160
1192,QUAD,0.990171,0.281447,3.82271758e-04,0.019552,1.0255
1193,QUAD,0.990506,0.242115,3.75354573e-04,0.019374,1.0451
1194,QUAD,0.971301,0.202156,3.74044963e-04,0.019340,1.0262
1195,QUAD,0.990039,0.143465,3.94366279e-04,0.019859,1.0216
1196,QUAD,0.990874,0.085637,3.44223051e-04,0.018553,1.0618
1197,QUAD,0.991026,0.066862,3.35739848e-04,0.018323,1.0458
1198,QUAD,0.990577,0.029027,3.61678256e-04,0.019018,1.0442
1199,QUAD,0.049769,0.990536,3.75265605e-04,0.019372,1.0730
1200,QUAD,0.109118,0.989122,4.30185821e-04,0.020741,1.1905
1201,QUAD,0.150105,0.986793,5.49883899e-04,0.023450,1.5342
1202,QUAD,0.189246,0.990450,3.69429563e-04,0.019221,1.0866
1203,QUAD,0.227961,0.990976,3.52752876e-04,0.018782,1.1004
1204,QUAD,0.367435,0.989126,4.37029871e-04,0.020905,1.1043
1205,QUAD,0.406900,0.990266,3.77939109e-04,0.019441,1.0818
1206,QUAD,0.444527,0.991129,3.27078910e-04,0.018085,1.0420
1207,QUAD,0.481430,0.991078,3.32168934e-04,0.018226,1.0552
1208,QUAD,0.519697,0.990508,3.72276802e-04,0.019294,1.0608
1209,QUAD,0.559226,0.990530,3.75932116e-04,0.019389,1.1010
1210,QUAD,0.617904,0.991154,3.41753648e-04,0.018487,1.1465
1211,QUAD,0.656808,0.987862,4.92233574e-04,0.022186,1.4268
1212,QUAD,0.715804,0.990555,3.62378768e-04,0.019036,1.0597
1213,QUAD,0.754506,0.991055,3.50806545e-04,0.018730,1.1108
1214,QUAD,0.793987,0.990944,3.59504629e-04,0.018961,1.1092
1215,QUAD,0.853660,0.990663,3.70462384e-04,0.019247,1.0702
1216,QUAD,0.912644,0.990759,3.60259754e-04,0.018981,1.0628
1217,QUAD,0.970691,0.990308,3.75423176e-04,0.019376,1.0182
1218,QUAD,0.010375,0.510390,4.30753750e-04,0.020755,1.0719
1219,QUAD,0.010561,0.551625,4.33457383e-04,0.020820,1.0994
1220,QUAD,0.009227,0.631956,3.68279486e-04,0.019191,1.0944
1221,QUAD,0.010152,0.712483,4.07311849e-04,0.020182,1.0241
1222,QUAD,0.009728,0.752561,3.90193365e-04,0.019753,1.0499
1223,QUAD,0.026943,0.814157,3.59396823e-04,0.018958,1.1053
1224,QUAD,0.008548,0.852671,3.38687194e-04,0.018403,1.1982
1225,QUAD,0.008784,0.911764,3.42969401e-04,0.018519,1.1524
1226,QUAD,0.010021,0.970426,3.94033280e-04,0.019850,1.0296
1227,QUAD,0.496952,0.498211,9.00793236e-06,0.003001,1.6977
1228,QUAD,0.496871,0.501579,7.41939836e-06,0.002724,1.5403
1229,QUAD,0.492111,0.498432,7.37163203e-06,0.002715,1.4313
1230,QUAD,0.499638,0.498184,1.03755824e-05,0.003221,1.8952
1231,QUAD,0.494537,0.501405,6.42654527e-06,0.002535,1.3107
1232,QUAD,0.492252,0.501347,6.13694997e-06,0.002477,1.1915
1233,QUAD,0.485153,0.498650,6.30749746e-06,0.002511,1.1779
1234,QUAD,0.489973,0.501395,6.37097865e-06,0.002524,1.2666
1235,QUAD,0.487674,0.501510,7.01420886e-06,0.002648,1.3646
1236,QUAD,0.485327,0.501658,7.88198478e-06,0.002807,1.4852
1237,QUAD,0.489782,0.498528,6.83741830e-06,0.002615,1.3284
1238,QUAD,0.482912,0.501818,8.91723041e-06,0.002986,1.5886
1239,QUAD,0.494379,0.495089,8.29362847e-06,0.002880,1.2489
1240,QUAD,0.480402,0.501978,1.01256772e-05,0.003182,1.6624
1241,QUAD,0.487472,0.498604,6.45468903e-06,0.002541,1.2498
1242,QUAD,0.477750,0.502130,1.16000607e-05,0.003406,1.6872
1243,QUAD,0.482783,0.498648,6.49685042e-06,0.002549,1.1517
1244,QUAD,0.474891,0.502273,1.34666209e-05,0.003670,1.6508
1245,QUAD,0.480322,0.498586,7.08661940e-06,0.002662,1.1881
1246,QUAD,0.471762,0.502408,1.56733448e-05,0.003959,1.5935
1247,QUAD,0.477723,0.498477,8.11191289e-06,0.002848,1.2207
1248,QUAD,0.468441,0.498011,1.40068493e-05,0.003743,1.2237
1249,QUAD,0.474916,0.498341,9.64560800e-06,0.003106,1.2261
1250,QUAD,0.464696,0.497812,1.69912647e-05,0.004122,1.2301
1251,QUAD,0.460263,0.502830,2.51692434e-05,0.005017,1.4196
1252,QUAD,0.449744,0.503284,3.95687274e-05,0.006290,1.2318
1253,QUAD,0.455745,0.497322,2.70360292e-05,0.005200,1.1630
1254,QUAD,0.443004,0.503649,5.24055868e-05,0.007239,1.1564
1255,QUAD,0.454751,0.491896,2.83748500e-05,0.005327,1.1018
1256,QUAD,0.435507,0.496190,6.64586975e-05,0.008152,1.2329
1257,QUAD,0.450149,0.497010,3.57486778e-05,0.005979,1.1205
1258,QUAD,0.425921,0.495520,9.17126724e-05,0.009577,1.2838
1259,QUAD,0.425055,0.504616,9.54792468e-05,0.009771,1.1562
1260,QUAD,0.404447,0.478994,1.76083360e-04,0.013270,1.5220
1261,QUAD,0.411931,0.469854,1.06634039e-04,0.010326,1.7233
1262,QUAD,0.381925,0.474813,2.62172229e-04,0.016192,1.3924
1263,QUAD,0.369224,0.523393,2.56067939e-04,0.016002,1.2701
1264,QUAD,0.307503,0.470453,3.44770895e-04,0.018568,1.3837
1265,QUAD,0.348871,0.510203,4.07725364e-04,0.020192,1.3364
1266,QUAD,0.308510,0.509499,3.78011328e-04,0.019443,1.0714
1267,QUAD,0.230643,0.488085,4.90765956e-04,0.022153,1.3171
1268,QUAD,0.190180,0.489672,4.05183261e-04,0.020129,1.1020
1269,QUAD,0.207393,0.469286,2.91266500e-04,0.017067,1.5962
1270,QUAD,0.149350,0.487464,5.28535978e-04,0.022990,1.3888
1271,QUAD,0.169456,0.508878,3.47021614e-04,0.018629,1.1877
1272,QUAD,0.108998,0.490060,3.95718283e-04,0.019893,1.0503
1273,QUAD,0.130680,0.508014,3.11310641e-04,0.017644,1.2400
1274,QUAD,0.091480,0.508369,3.32535033e-04,0.018236,1.2211
1275,QUAD,0.029612,0.490386,3.80651113e-04,0.019510,1.0538
1276,QUAD,0.051385,0.510218,4.16340076e-04,0.020404,1.1190
1277,QUAD,0.010311,0.050624,4.15364653e-04,0.020380,1.0301
1278,QUAD,0.010250,0.111288,4.15955368e-04,0.020395,1.0293
1279,QUAD,0.011272,0.152009,4.59203834e-04,0.021429,1.1636
1280,QUAD,0.009716,0.232603,3.89266040e-04,0.019730,1.0449
1281,QUAD,0.009304,0.292365,3.72722189e-04,0.019306,1.0852
1282,QUAD,0.009395,0.312440,3.77973716e-04,0.019442,1.0821
1283,QUAD,0.009089,0.352397,3.59334775e-04,0.018956,1.0966
1284,QUAD,0.009422,0.410884,3.67068701e-04,0.019159,1.0412
1285,QUAD,0.500442,0.490619,1.57384032e-05,0.003967,1.2118
1286,QUAD,0.499748,0.505357,1.07625284e-05,0.003281,1.2010
1287,QUAD,0.496942,0.504586,7.28595053e-06,0.002699,1.2011
1288,QUAD,0.497205,0.494734,1.01554284e-05,0.003187,1.2447
1289,QUAD,0.494568,0.504067,5.68364848e-06,0.002384,1.1955
1290,QUAD,0.491824,0.495397,7.32628334e-06,0.002707,1.2385
1291,QUAD,0.490626,0.506725,5.56591053e-06,0.002359,1.3546
1292,QUAD,0.487116,0.495836,6.26882855e-06,0.002504,1.2700
1293,QUAD,0.490158,0.504120,5.91002868e-06,0.002431,1.3026
1294,QUAD,0.487915,0.504485,6.88784515e-06,0.002624,1.3271
1295,QUAD,0.489419,0.495638,6.75340490e-06,0.002599,1.2396
1296,QUAD,0.485554,0.504931,8.03002855e-06,0.002834,1.4028
1297,QUAD,0.471836,0.498186,1.16065779e-05,0.003407,1.2230
1298,QUAD,0.483061,0.505414,9.26860000e-06,0.003044,1.4722
1299,QUAD,0.493962,0.492085,8.19186556e-06,0.002862,1.1178
1300,QUAD,0.480422,0.505903,1.07049502e-05,0.003272,1.5214
1301,QUAD,0.484854,0.495981,6.01110245e-06,0.002452,1.2291
1302,QUAD,0.474538,0.506823,1.44800017e-05,0.003805,1.5195
1303,QUAD,0.468316,0.502542,1.82283731e-05,0.004269,1.5381
1304,QUAD,0.482542,0.495989,6.14702615e-06,0.002479,1.1500
1305,QUAD,0.471196,0.507247,1.68660625e-05,0.004107,1.4771
1306,QUAD,0.477463,0.495431,8.31700582e-06,0.002884,1.1656
1307,QUAD,0.467519,0.507665,1.97037340e-05,0.004439,1.4251
1308,QUAD,0.474578,0.495000,1.01313354e-05,0.003183,1.1745
1309,QUAD,0.463446,0.508105,2.32070942e-05,0.004817,1.3750
1310,QUAD,0.471393,0.494517,1.22882884e-05,0.003505,1.1757
1311,QUAD,0.443518,0.496644,4.75836196e-05,0.006898,1.1198
1312,QUAD,0.464002,0.493368,1.81621916e-05,0.004262,1.1745
1313,QUAD,0.458900,0.508601,2.77244852e-05,0.005265,1.3226
1314,QUAD,0.446905,0.517051,4.52000272e-05,0.006723,1.1242
1315,QUAD,0.459669,0.492678,2.25057654e-05,0.004744,1.1531
1316,QUAD,0.447822,0.510039,4.29915960e-05,0.006557,1.1674
1317,QUAD,0.449057,0.490999,3.65396184e-05,0.006045,1.0977
1318,QUAD,0.432587,0.512392,7.28597001e-05,0.008536,1.1119
1319,QUAD,0.448955,0.484963,3.68421180e-05,0.006070,1.0844
1320,QUAD,0.422981,0.513870,9.34753706e-05,0.009668,1.1756
1321,QUAD,0.434686,0.488685,6.13199604e-05,0.007831,1.2385
1322,QUAD,0.401521,0.492232,2.28223935e-04,0.015107,1.4516
1323,QUAD,0.425785,0.486938,7.97327841e-05,0.008929,1.3132
1324,QUAD,0.510988,0.495236,2.71581163e-05,0.005211,1.5717
1325,QUAD,0.504288,0.498704,2.67496727e-05,0.005172,1.7958
1326,QUAD,0.503653,0.506628,1.97357218e-05,0.004442,1.4681
1327,QUAD,0.496404,0.507338,7.14812958e-06,0.002674,1.2407
1328,QUAD,0.494324,0.506371,4.14850958e-06,0.002037,1.3639
1329,QUAD,0.491367,0.492541,7.09365804e-06,0.002663,1.1393
1330,QUAD,0.488926,0.492815,6.84196395e-06,0.002616,1.2262
1331,QUAD,0.492523,0.506197,3.82173343e-06,0.001955,1.5060
1332,QUAD,0.480098,0.495788,6.97148227e-06,0.002640,1.1380
1333,QUAD,0.486632,0.493066,6.30131387e-06,0.002510,1.3223
1334,QUAD,0.491596,0.509242,6.32827143e-06,0.002516,1.4413
1335,QUAD,0.496884,0.491429,1.06198924e-05,0.003259,1.1322
1336,QUAD,0.488492,0.507379,6.94444078e-06,0.002635,1.3209
1337,QUAD,0.486143,0.508119,8.33121899e-06,0.002886,1.3458
1338,QUAD,0.477597,0.506376,1.24281276e-05,0.003525,1.5381
1339,QUAD,0.483608,0.508942,9.80278161e-06,0.003131,1.4017
1340,QUAD,0.480883,0.509790,1.15690586e-05,0.003401,1.4418
1341,QUAD,0.467882,0.493977,1.48839094e-05,0.003858,1.1769
1342,QUAD,0.493200,0.489271,7.58203926e-06,0.002754,1.2343
1343,QUAD,0.477923,0.510618,1.36102822e-05,0.003689,1.4492
1344,QUAD,0.484498,0.493368,5.49118309e-06,0.002343,1.4006
1345,QUAD,0.482422,0.493466,5.05216207e-06,0.002248,1.3118
1346,QUAD,0.474687,0.511400,1.58558022e-05,0.003982,1.4298
1347,QUAD,0.471153,0.512133,1.82651574e-05,0.004274,1.3893
1348,QUAD,0.477597,0.492397,8.53633540e-06,0.002922,1.1437
1349,QUAD,0.467284,0.512849,2.11111847e-05,0.004595,1.3343
1350,QUAD,0.474679,0.491651,1.05736287e-05,0.003252,1.1181
1351,QUAD,0.458268,0.514521,2.94642984e-05,0.005428,1.2446
1352,QUAD,0.471429,0.490833,1.26973227e-05,0.003563,1.1126
1353,QUAD,0.452958,0.515642,3.60655236e-05,0.006005,1.1959
1354,QUAD,0.442413,0.489955,4.71549147e-05,0.006867,1.1464
1355,QUAD,0.463931,0.488860,1.88721077e-05,0.004344,1.1265
1356,QUAD,0.446998,0.524118,4.67553150e-05,0.006838,1.0951
1357,QUAD,0.440838,0.511108,5.59366071e-05,0.007479,1.1004
1358,QUAD,0.459544,0.487678,2.35763859e-05,0.004856,1.1153
1359,QUAD,0.439881,0.518777,5.77736451e-05,0.007601,1.0882
1360,QUAD,0.442490,0.483337,4.64710905e-05,0.006817,1.1473
1361,QUAD,0.443534,0.476899,4.45996895e-05,0.006678,1.1221
1362,QUAD,0.431742,0.520799,7.28044743e-05,0.008533,1.1190
1363,QUAD,0.411830,0.525697,1.14967971e-04,0.010722,1.2306
1364,QUAD,0.415694,0.484108,1.08747765e-04,0.010428,1.3874
1365,QUAD,0.435230,0.481358,5.77542586e-05,0.007600,1.1839
1366,QUAD,0.394812,0.468459,2.24227300e-04,0.014974,1.4381
1367,QUAD,0.499271,0.486938,1.54617912e-05,0.003932,1.1803
1368,QUAD,0.509865,0.487325,2.69415877e-05,0.005191,1.3370
1369,QUAD,0.505408,0.494317,2.80780186e-05,0.005299,1.4464
1370,QUAD,0.510551,0.499710,2.62667140e-05,0.005125,1.7183
1371,QUAD,0.490813,0.489854,6.11021812e-06,0.002472,1.2594
1372,QUAD,0.493359,0.508062,4.34313167e-06,0.002084,1.5997
1373,QUAD,0.480175,0.493081,6.54712627e-06,0.002559,1.1812
1374,QUAD,0.488386,0.489976,7.32876503e-06,0.002707,1.2987
1375,QUAD,0.480113,0.519266,1.81186546e-05,0.004257,1.3349
1376,QUAD,0.485924,0.490168,7.44643425e-06,0.002729,1.4375
1377,QUAD,0.489459,0.510192,7.28006319e-06,0.002698,1.2720
1378,QUAD,0.495940,0.488263,1.07275392e-05,0.003275,1.1507
1379,QUAD,0.508549,0.508792,2.70348319e-05,0.005200,1.4223
1380,QUAD,0.484599,0.512388,1.04257010e-05,0.003229,1.3638
1381,QUAD,0.467862,0.489910,1.53398085e-05,0.003917,1.1210
1382,QUAD,0.482201,0.488257,1.01354364e-05,0.003184,1.8263
1383,QUAD,0.478750,0.514900,1.53269938e-05,0.003915,1.3881
1384,QUAD,0.479842,0.482761,1.51537737e-05,0.003893,1.3046
1385,QUAD,0.475326,0.516034,1.77112984e-05,0.004208,1.3621
1386,QUAD,0.475966,0.485303,1.04557383e-05,0.003234,1.1385
1387,QUAD,0.471597,0.517071,1.98654774e-05,0.004457,1.3235
1388,QUAD,0.463011,0.513618,2.47854266e-05,0.004978,1.2824
1389,QUAD,0.467573,0.518046,2.22059183e-05,0.004712,1.2579
1390,QUAD,0.454594,0.486382,2.94328710e-05,0.005425,1.0964
1391,QUAD,0.464498,0.484437,1.91094000e-05,0.004371,1.1393
1392,QUAD,0.468265,0.523208,2.26799468e-05,0.004762,1.2111
1393,QUAD,0.471907,0.487287,1.24682507e-05,0.003531,1.1002
1394,QUAD,0.468370,0.485972,1.51839939e-05,0.003897,1.1302
1395,QUAD,0.458367,0.520421,2.99731329e-05,0.005475,1.1786
1396,QUAD,0.453040,0.522095,3.71824323e-05,0.006098,1.1506
1397,QUAD,0.460157,0.482694,2.47033594e-05,0.004970,1.1405
1398,QUAD,0.448104,0.531109,4.85233139e-05,0.006966,1.0953
1399,QUAD,0.449725,0.478934,3.73287372e-05,0.006110,1.0513
1400,QUAD,0.427233,0.478873,7.20822257e-05,0.008490,1.1863
1401,QUAD,0.436863,0.474247,5.38386692e-05,0.007337,1.1879
1402,QUAD,0.440070,0.526476,5.88005610e-05,0.007668,1.0868
1403,QUAD,0.445717,0.464736,4.97772558e-05,0.007055,1.7198
1404,QUAD,0.432161,0.529164,7.28307402e-05,0.008534,1.1122
1405,QUAD,0.422420,0.523093,9.15341889e-05,0.009567,1.1800
1406,QUAD,0.418818,0.475802,7.39793906e-05,0.008601,1.3581
1407,QUAD,0.505074,0.489556,2.69522981e-05,0.005192,1.4447
1408,QUAD,0.499053,0.508636,1.10577460e-05,0.003325,1.1884
1409,QUAD,0.495122,0.509799,7.91209810e-06,0.002813,1.3166
1410,QUAD,0.493104,0.511912,1.00305316e-05,0.003167,1.5291
1411,QUAD,0.483794,0.490842,5.59903145e-06,0.002366,1.5475
1412,QUAD,0.491885,0.486757,7.26261855e-06,0.002695,1.2636
1413,QUAD,0.510264,0.504297,3.32331322e-05,0.005765,1.8182
1414,QUAD,0.487110,0.511172,8.47101981e-06,0.002911,1.2715
1415,QUAD,0.480773,0.490577,6.63948122e-06,0.002577,1.4241
1416,QUAD,0.500525,0.513796,1.56006463e-05,0.003950,1.1054
1417,QUAD,0.478212,0.489397,9.38413547e-06,0.003063,1.1216
1418,QUAD,0.484915,0.486787,1.40177111e-05,0.003744,1.7563
1419,QUAD,0.497406,0.483576,1.45256807e-05,0.003811,1.1411
1420,QUAD,0.481840,0.513675,1.29006025e-05,0.003592,1.4018
1421,QUAD,0.475197,0.488384,1.08978863e-05,0.003301,1.0601
1422,QUAD,0.494366,0.485314,1.07416610e-05,0.003277,1.1246
1423,QUAD,0.481957,0.523752,2.19169080e-05,0.004682,1.2332
1424,QUAD,0.472743,0.484054,1.11796533e-05,0.003344,1.2094
1425,QUAD,0.469401,0.482347,1.44086957e-05,0.003796,1.1776
1426,QUAD,0.465743,0.480279,1.87750243e-05,0.004333,1.1783
1427,QUAD,0.463840,0.524368,2.46032171e-05,0.004960,1.0976
1428,QUAD,0.463178,0.519102,2.55733704e-05,0.005057,1.1942
1429,QUAD,0.455244,0.480819,3.11163066e-05,0.005578,1.1125
1430,QUAD,0.461585,0.477861,2.59942823e-05,0.005098,1.1862
1431,QUAD,0.467696,0.476581,1.80000548e-05,0.004243,1.2844
1432,QUAD,0.488404,0.513946,7.46135520e-06,0.002732,1.3689
1433,QUAD,0.459171,0.526093,2.85126047e-05,0.005340,1.1730
1434,QUAD,0.456749,0.475170,3.50462340e-05,0.005920,1.1973
1435,QUAD,0.454039,0.528425,3.82275862e-05,0.006183,1.1294
1436,QUAD,0.441344,0.534096,5.99554925e-05,0.007743,1.0902
1437,QUAD,0.451223,0.472731,4.12328697e-05,0.006421,1.1025
1438,QUAD,0.429436,0.470957,7.20756782e-05,0.008490,1.1569
1439,QUAD,0.413235,0.535595,1.10177097e-04,0.010497,1.1986
1440,QUAD,0.423536,0.458893,1.14450455e-04,0.010698,1.3654
1441,QUAD,0.400817,0.505832,1.65125031e-04,0.012850,1.2866
1442,QUAD,0.503233,0.485124,2.19752725e-05,0.004688,1.1872
1443,QUAD,0.497533,0.511679,1.15931595e-05,0.003405,1.1471
1444,QUAD,0.492300,0.482628,1.11029341e-05,0.003332,1.0733
1445,QUAD,0.483760,0.482738,1.82662840e-05,0.004274,1.2588
1446,QUAD,0.516538,0.507282,4.26290824e-05,0.006529,1.3728
1447,QUAD,0.503824,0.522942,2.23835178e-05,0.004731,1.1909
1448,QUAD,0.482054,0.475252,9.88363483e-06,0.003144,1.3493
1449,QUAD,0.507711,0.482547,2.96452561e-05,0.005445,1.2494
1450,QUAD,0.464745,0.529105,1.88762686e-05,0.004345,1.3321
1451,QUAD,0.472437,0.522089,2.19846496e-05,0.004689,1.2839
1452,QUAD,0.495100,0.480627,1.32326979e-05,0.003638,1.1273
1453,QUAD,0.500855,0.481319,1.95542664e-05,0.004422,1.1689
1454,QUAD,0.515431,0.498236,2.93731277e-05,0.005420,1.6196
1455,QUAD,0.486170,0.515699,1.16306407e-05,0.003410,1.3761
1456,QUAD,0.489615,0.484499,1.13387604e-05,0.003367,1.5085
1457,QUAD,0.479351,0.486350,1.24917725e-05,0.003534,1.3347
1458,QUAD,0.476527,0.482329,8.57458727e-06,0.002928,1.4774
1459,QUAD,0.479045,0.478695,1.52052411e-05,0.003899,1.3148
1460,QUAD,0.476416,0.520752,2.03063333e-05,0.004506,1.2936
1461,QUAD,0.477865,0.525520,2.27070856e-05,0.004765,1.1754
1462,QUAD,0.445298,0.470880,3.75954306e-05,0.006132,1.2203
1463,QUAD,0.453210,0.466041,5.55983967e-05,0.007456,1.3758
1464,QUAD,0.460867,0.531220,2.48675744e-05,0.004987,1.6296
1465,QUAD,0.439901,0.467622,4.96013724e-05,0.007043,1.6842
1466,QUAD,0.459322,0.469496,4.31403362e-05,0.006568,1.5461
1467,QUAD,0.456181,0.534565,4.39052618e-05,0.006626,1.1402
1468,QUAD,0.420643,0.467701,8.46595114e-05,0.009201,1.5882
1469,QUAD,0.433063,0.463137,8.83830964e-05,0.009401,1.1533
1470,QUAD,0.433741,0.537424,7.33710536e-05,0.008566,1.0904
1471,QUAD,0.437170,0.455169,8.23540000e-05,0.009075,1.2523
1472,QUAD,0.423226,0.532179,8.98108634e-05,0.009477,1.1607
1473,QUAD,0.399924,0.528776,1.45454767e-04,0.012060,1.2650
1474,QUAD,0.384953,0.519891,2.02052858e-04,0.014215,1.3161
1475,QUAD,0.490224,0.480018,9.84279193e-06,0.003137,1.2444
1476,QUAD,0.513586,0.512026,3.34159936e-05,0.005781,1.2967
1477,QUAD,0.498200,0.516895,1.47950089e-05,0.003846,1.0420
1478,QUAD,0.520307,0.502408,4.85454198e-05,0.006967,1.2436
1479,QUAD,0.506401,0.512864,2.27221536e-05,0.004767,1.2545
1480,QUAD,0.495341,0.514510,1.33463864e-05,0.003653,1.1272
1481,QUAD,0.470970,0.479161,1.37370442e-05,0.003706,1.1925
1482,QUAD,0.482757,0.478698,1.37043781e-05,0.003702,1.0926
1483,QUAD,0.495684,0.527458,2.70657004e-05,0.005202,1.2102
1484,QUAD,0.469075,0.528447,2.45151744e-05,0.004951,1.3255
1485,QUAD,0.469014,0.533579,2.20785284e-05,0.004699,1.2358
1486,QUAD,0.475181,0.532093,2.25478179e-05,0.004748,1.2116
1487,QUAD,0.497948,0.478144,1.67253794e-05,0.004090,1.2098
1488,QUAD,0.475793,0.479214,1.11335173e-05,0.003337,1.8841
1489,QUAD,0.473550,0.527274,2.57395751e-05,0.005073,1.3064
1490,QUAD,0.483408,0.517579,1.55147773e-05,0.003939,1.3873
1491,QUAD,0.490429,0.515796,8.88909692e-06,0.002981,1.5966
1492,QUAD,0.485286,0.474445,1.38053643e-05,0.003716,1.1523
1493,QUAD,0.464077,0.538505,2.70197772e-05,0.005198,1.5219
1494,QUAD,0.485781,0.521520,2.19427003e-05,0.004684,1.3548
1495,QUAD,0.463919,0.473514,2.60067297e-05,0.005100,1.1533
1496,QUAD,0.463907,0.465841,4.22716316e-05,0.006502,1.6606
1497,QUAD,0.458780,0.540623,4.22468554e-05,0.006500,1.1568
1498,QUAD,0.473042,0.476304,1.62611693e-05,0.004033,1.4910
1499,QUAD,0.440163,0.447165,6.36718301e-05,0.007979,1.2011
1500,QUAD,0.454636,0.458364,6.95614779e-05,0.008340,1.1197
1501,QUAD,0.453059,0.544337,4.89115453e-05,0.006994,1.1189
1502,QUAD,0.446970,0.548641,6.11936055e-05,0.007823,1.1398
1503,QUAD,0.436434,0.545541,7.45489742e-05,0.008634,1.1041
1504,QUAD,0.415967,0.545205,1.06526927e-04,0.010321,1.1299
1505,QUAD,0.405961,0.549901,1.24763740e-04,0.011170,1.1344
1506,QUAD,0.516739,0.486661,2.71919798e-05,0.005215,1.2805
1507,QUAD,0.513739,0.490929,3.22680849e-05,0.005681,1.2316
1508,QUAD,0.493044,0.517495,1.32539756e-05,0.003641,1.2606
1509,QUAD,0.492648,0.478077,1.09302104e-05,0.003306,1.2057
1510,QUAD,0.495901,0.520123,1.71789017e-05,0.004145,1.2686
1511,QUAD,0.487374,0.481635,1.37517828e-05,0.003708,1.3572
1512,QUAD,0.522333,0.511648,4.46884415e-05,0.006685,1.2737
1513,QUAD,0.503856,0.516446,1.94252133e-05,0.004407,1.1646
1514,QUAD,0.490120,0.476042,8.58637889e-06,0.002930,1.2407
1515,QUAD,0.519019,0.493936,3.56030452e-05,0.005967,1.1854
1516,QUAD,0.504681,0.478272,2.86428747e-05,0.005352,1.3657
1517,QUAD,0.486207,0.478087,1.25071613e-05,0.003537,1.1598
1518,QUAD,0.472931,0.538290,2.26295595e-05,0.004757,1.8535
1519,QUAD,0.488581,0.518663,1.42181224e-05,0.003771,1.5196
1520,QUAD,0.479477,0.530232,2.28976677e-05,0.004785,1.0764
1521,QUAD,0.464378,0.533585,2.19246830e-05,0.004682,1.5518
1522,QUAD,0.470142,0.470792,2.73870813e-05,0.005233,1.2642
1523,QUAD,0.480607,0.472394,1.13976538e-05,0.003376,1.4805
1524,QUAD,0.474930,0.472627,2.47792836e-05,0.004978,1.3672
1525,QUAD,0.447883,0.448846,6.95941765e-05,0.008342,1.1167
1526,QUAD,0.445330,0.560930,8.12742887e-05,0.009015,1.1433
1527,QUAD,0.462360,0.458808,5.69469411e-05,0.007546,1.2835
1528,QUAD,0.425273,0.541107,8.90464934e-05,0.009436,1.1143
1529,QUAD,0.414836,0.451943,1.35832782e-04,0.011655,1.2930
1530,QUAD,0.417744,0.436390,1.00092598e-04,0.010005,1.1902
1531,QUAD,0.422363,0.444879,8.50543843e-05,0.009222,1.2520
1532,QUAD,0.405474,0.459907,1.79362920e-04,0.013393,1.1136
1533,QUAD,0.407212,0.574904,1.13973801e-04,0.010676,1.1419
1534,QUAD,0.480989,0.535077,2.25418108e-05,0.004748,1.4233
1535,QUAD,0.494839,0.475496,1.41748539e-05,0.003765,1.2610
1536,QUAD,0.522238,0.489014,3.84467421e-05,0.006201,1.2033
1537,QUAD,0.488546,0.473447,1.12643958e-05,0.003356,1.4413
1538,QUAD,0.501044,0.519520,1.58624281e-05,0.003983,1.2167
1539,QUAD,0.483905,0.470809,1.56746049e-05,0.003959,1.2589
1540,QUAD,0.524594,0.497425,4.58710610e-05,0.006773,1.1157
1541,QUAD,0.518464,0.516223,3.81901760e-05,0.006180,1.2305
1542,QUAD,0.526485,0.506764,5.03423631e-05,0.007095,1.1982
1543,QUAD,0.510556,0.516229,2.84528765e-05,0.005334,1.2322
1544,QUAD,0.528456,0.491866,4.99671254e-05,0.007069,1.1590
1545,QUAD,0.527684,0.516525,4.92456860e-05,0.007018,1.1746
1546,QUAD,0.492759,0.523083,2.44674191e-05,0.004946,1.2791
1547,QUAD,0.484002,0.528549,2.72017381e-05,0.005216,1.2729
1548,QUAD,0.491672,0.473606,1.08826586e-05,0.003299,1.4962
1549,QUAD,0.500700,0.475109,2.01636102e-05,0.004490,1.2644
1550,QUAD,0.470024,0.464890,4.18147526e-05,0.006466,1.2242
1551,QUAD,0.488044,0.469509,2.05305216e-05,0.004531,1.4693
1552,QUAD,0.512832,0.481083,2.96406934e-05,0.005444,1.5336
1553,QUAD,0.507641,0.473884,3.21464614e-05,0.005670,1.4882
1554,QUAD,0.463196,0.451046,5.61193494e-05,0.007491,1.2041
1555,QUAD,0.477726,0.469244,2.28020604e-05,0.004775,1.4558
1556,QUAD,0.464649,0.549995,2.40687975e-05,0.004906,1.5333
1557,QUAD,0.461550,0.545963,3.36151855e-05,0.005798,1.1953
1558,QUAD,0.480412,0.457860,1.64079391e-05,0.004051,1.2392
1559,QUAD,0.455757,0.450039,6.60915888e-05,0.008130,1.1029
1560,QUAD,0.451363,0.555196,6.21918525e-05,0.007886,1.1864
1561,QUAD,0.473924,0.456129,3.42084218e-05,0.005849,1.1436
1562,QUAD,0.468810,0.538815,2.42345493e-05,0.004923,1.6220
1563,QUAD,0.468874,0.547138,2.69898363e-05,0.005195,1.7623
1564,QUAD,0.475519,0.464689,2.56470679e-05,0.005064,1.8917
1565,QUAD,0.433354,0.444661,4.64683519e-05,0.006817,1.4156
1566,QUAD,0.432850,0.558551,9.25593482e-05,0.009621,1.1012
1567,QUAD,0.430633,0.573120,1.14542876e-04,0.010702,1.1233
1568,QUAD,0.383167,0.441270,1.60762546e-04,0.012679,1.1978
1569,QUAD,0.398899,0.580463,9.35410361e-05,0.009672,1.3169
1570,QUAD,0.401298,0.565448,1.26028386e-04,0.011226,1.1024
1571,QUAD,0.385401,0.491457,2.98140679e-04,0.017267,1.1631
1572,QUAD,0.377168,0.459655,1.82177551e-04,0.013497,1.3145
1573,QUAD,0.492619,0.469979,2.15468458e-05,0.004642,1.5331
1574,QUAD,0.514739,0.520427,3.37068602e-05,0.005806,1.2074
1575,QUAD,0.476263,0.541710,3.31963683e-05,0.005762,1.5425
1576,QUAD,0.487346,0.545269,3.26050222e-05,0.005710,1.2155
1577,QUAD,0.523139,0.521085,4.19660906e-05,0.006478,1.1623
1578,QUAD,0.518539,0.481909,3.20593602e-05,0.005662,1.2849
1579,QUAD,0.499912,0.525225,2.40284226e-05,0.004902,1.2633
1580,QUAD,0.532903,0.511611,6.33087066e-05,0.007957,1.3733
1581,QUAD,0.488538,0.526039,3.11622111e-05,0.005582,1.1546
1582,QUAD,0.486360,0.465185,2.58785881e-05,0.005087,1.3016
1583,QUAD,0.499084,0.468945,2.09091910e-05,0.004573,1.2560
1584,QUAD,0.479708,0.463525,1.74925780e-05,0.004182,1.3225
1585,QUAD,0.476962,0.536715,2.21395362e-05,0.004705,1.4868
1586,QUAD,0.449686,0.440378,6.83257270e-05,0.008266,1.1245
1587,QUAD,0.483089,0.455133,1.88776751e-05,0.004345,1.4721
1588,QUAD,0.491615,0.530267,2.34527426e-05,0.004843,1.4973
1589,QUAD,0.485100,0.533652,2.31537003e-05,0.004812,1.6221
1590,QUAD,0.486436,0.551751,4.77090920e-05,0.006907,1.2949
1591,QUAD,0.472231,0.557971,3.10516403e-05,0.005572,1.7617
1592,QUAD,0.461111,0.554773,4.18027081e-05,0.006466,1.3343
1593,QUAD,0.434753,0.430824,7.03635960e-05,0.008388,1.1749
1594,QUAD,0.398837,0.448078,1.63136033e-04,0.012772,1.1967
1595,QUAD,0.428805,0.440021,4.88530628e-05,0.006989,1.3954
1596,QUAD,0.457459,0.441682,6.80366761e-05,0.008248,1.1252
1597,QUAD,0.479792,0.448011,5.13821973e-05,0.007168,1.6967
1598,QUAD,0.438431,0.566964,9.84966151e-05,0.009925,1.1486
1599,QUAD,0.440264,0.553421,7.65743360e-05,0.008751,1.1229
1600,QUAD,0.442111,0.439186,6.16565791e-05,0.007852,1.1977
1601,QUAD,0.416083,0.569469,1.18309111e-04,0.010877,1.0918
1602,QUAD,0.419842,0.554622,1.05368536e-04,0.010265,1.0766
1603,QUAD,0.386826,0.532694,1.82934638e-04,0.013525,1.2468
1604,QUAD,0.367714,0.492287,2.78744632e-04,0.016696,1.2377
1605,QUAD,0.498296,0.532291,2.71967597e-05,0.005215,1.2259
1606,QUAD,0.506854,0.527323,2.90963960e-05,0.005394,1.1850
1607,QUAD,0.507308,0.519878,2.48197716e-05,0.004982,1.2083
1608,QUAD,0.535061,0.495445,5.95033360e-05,0.007714,1.1311
1609,QUAD,0.537072,0.505712,5.59505274e-05,0.007480,1.4300
1610,QUAD,0.508774,0.468510,3.29751920e-05,0.005742,1.3016
1611,QUAD,0.502014,0.465646,2.31076832e-05,0.004807,1.1207
1612,QUAD,0.490564,0.462268,2.96923458e-05,0.005449,1.1843
1613,QUAD,0.503028,0.471589,1.93022024e-05,0.004393,1.2412
1614,QUAD,0.508812,0.462902,3.58075792e-05,0.005984,1.2107
1615,QUAD,0.513569,0.475365,4.11179982e-05,0.006412,1.1154
1616,QUAD,0.481898,0.467181,2.02417101e-05,0.004499,1.1202
1617,QUAD,0.472922,0.552850,2.46265771e-05,0.004963,1.3434
1618,QUAD,0.483945,0.538377,2.32040769e-05,0.004817,1.5402
1619,QUAD,0.478578,0.453806,2.58762215e-05,0.005087,1.7898
1620,QUAD,0.494015,0.534454,2.39093599e-05,0.004890,1.4089
1621,QUAD,0.519922,0.476619,3.62818871e-05,0.006023,1.2346
1622,QUAD,0.472794,0.445218,6.99891979e-05,0.008366,1.1964
1623,QUAD,0.465156,0.443183,6.49981203e-05,0.008062,1.1339
1624,QUAD,0.466500,0.557725,4.12957248e-05,0.006426,1.4803
1625,QUAD,0.451783,0.567854,9.11495341e-05,0.009547,1.1690
1626,QUAD,0.510160,0.532373,3.50648576e-05,0.005922,1.2325
1627,QUAD,0.474362,0.547335,3.84369307e-05,0.006200,1.3468
1628,QUAD,0.473931,0.562736,2.96125622e-05,0.005442,1.5896
1629,QUAD,0.428481,0.549907,8.98739191e-05,0.009480,1.0956
1630,QUAD,0.414648,0.426303,1.18589869e-04,0.010890,1.1200
1631,QUAD,0.426321,0.432595,7.72310743e-05,0.008788,1.1788
1632,QUAD,0.457000,0.560865,6.52853809e-05,0.008080,1.2404
1633,QUAD,0.437647,0.582032,1.24730876e-04,0.011168,1.1009
1634,QUAD,0.435095,0.438367,4.50712725e-05,0.006714,1.3729
1635,QUAD,0.393599,0.435573,1.61631335e-04,0.012713,1.1898
1636,QUAD,0.401081,0.418458,1.55717884e-04,0.012479,1.0963
1637,QUAD,0.424748,0.563941,1.08079527e-04,0.010396,1.1090
1638,QUAD,0.384991,0.562468,1.66010625e-04,0.012885,1.1167
1639,QUAD,0.390506,0.544634,1.62488535e-04,0.012747,1.1946
1640,QUAD,0.555187,0.499439,7.95522736e-05,0.008919,1.4475
1641,QUAD,0.539622,0.488680,7.73147403e-05,0.008793,1.1560
1642,QUAD,0.486874,0.458322,2.41947423e-05,0.004919,1.2364
1643,QUAD,0.526290,0.477969,3.73719838e-05,0.006113,1.3275
1644,QUAD,0.502236,0.458868,3.14162044e-05,0.005605,1.4752
1645,QUAD,0.531844,0.485553,5.80039983e-05,0.007616,1.2867
1646,QUAD,0.524756,0.483576,4.08798749e-05,0.006394,1.2673
1647,QUAD,0.494751,0.465933,2.82399140e-05,0.005314,1.3435
1648,QUAD,0.489617,0.534520,2.55007742e-05,0.005050,1.2956
1649,QUAD,0.502625,0.529991,2.81240032e-05,0.005303,1.2119
1650,QUAD,0.495861,0.539452,2.93651781e-05,0.005419,1.1124
1651,QUAD,0.518690,0.534774,4.49306055e-05,0.006703,1.2677
1652,QUAD,0.505498,0.535156,3.27308370e-05,0.005721,1.2041
1653,QUAD,0.514360,0.455961,4.46231011e-05,0.006680,1.1756
1654,QUAD,0.515335,0.469120,4.69413375e-05,0.006851,1.3091
1655,QUAD,0.518955,0.525323,3.88241461e-05,0.006231,1.2055
1656,QUAD,0.434470,0.421916,9.14891704e-05,0.009565,1.1033
1657,QUAD,0.459360,0.433150,7.31594263e-05,0.008553,1.1111
1658,QUAD,0.469775,0.426416,7.52068791e-05,0.008672,1.0985
1659,QUAD,0.480221,0.549910,4.33023550e-05,0.006580,1.3063
1660,QUAD,0.487207,0.566945,5.38756666e-05,0.007340,1.1786
1661,QUAD,0.443072,0.430808,7.09121649e-05,0.008421,1.1423
1662,QUAD,0.451242,0.431725,7.31902117e-05,0.008555,1.1243
1663,QUAD,0.463993,0.565074,7.39004493e-05,0.008597,1.2889
1664,QUAD,0.527715,0.526407,4.41046742e-05,0.006641,1.2001
1665,QUAD,0.483892,0.443174,3.56773394e-05,0.005973,1.5813
1666,QUAD,0.481886,0.543567,3.75106888e-05,0.006125,1.1151
1667,QUAD,0.445347,0.575103,1.10759093e-04,0.010524,1.2007
1668,QUAD,0.541523,0.500066,6.09261914e-05,0.007806,1.4889
1669,QUAD,0.421860,0.579450,1.32561168e-04,0.011514,1.1664
1670,QUAD,0.366009,0.581964,2.18002526e-04,0.014765,1.1175
1671,QUAD,0.412363,0.584586,1.14097765e-04,0.010682,1.2671
1672,QUAD,0.412759,0.415187,1.34737203e-04,0.011608,1.0868
1673,QUAD,0.488693,0.539818,2.74284681e-05,0.005237,1.0674
1674,QUAD,0.483403,0.461232,2.10303609e-05,0.004586,1.1753
1675,QUAD,0.498276,0.454402,3.70070349e-05,0.006083,1.2878
1676,QUAD,0.494295,0.458420,3.02643401e-05,0.005501,1.0891
1677,QUAD,0.515664,0.462505,5.14088621e-05,0.007170,1.3006
1678,QUAD,0.508388,0.540924,3.97655483e-05,0.006306,1.2461
1679,QUAD,0.522035,0.471054,4.43139770e-05,0.006657,1.4364
1680,QUAD,0.538265,0.517696,6.17070326e-05,0.007855,1.2774
1681,QUAD,0.536422,0.527262,3.70866663e-05,0.006090,1.3487
1682,QUAD,0.526455,0.466088,4.95624241e-05,0.007040,1.1373
1683,QUAD,0.549006,0.471001,1.38654710e-04,0.011775,1.1541
1684,QUAD,0.544301,0.506925,6.59984724e-05,0.008124,1.2994
1685,QUAD,0.507731,0.457051,4.01655326e-05,0.006338,1.1781
1686,QUAD,0.467369,0.434915,7.13156041e-05,0.008445,1.0898
1687,QUAD,0.475217,0.436844,7.02333476e-05,0.008381,1.1711
1688,QUAD,0.479905,0.560460,4.43579640e-05,0.006660,1.5333
1689,QUAD,0.477208,0.555233,3.26573528e-05,0.005715,1.7390
1690,QUAD,0.492577,0.545706,2.89207002e-05,0.005378,1.3266
1691,QUAD,0.500746,0.537468,3.06946516e-05,0.005540,1.1973
1692,QUAD,0.490110,0.454649,2.91922384e-05,0.005403,1.1816
1693,QUAD,0.480634,0.567142,4.25584369e-05,0.006524,1.3020
1694,QUAD,0.461411,0.424409,7.96795895e-05,0.008926,1.0819
1695,QUAD,0.459682,0.573765,1.07163540e-04,0.010352,1.2158
1696,QUAD,0.513625,0.538127,4.26607558e-05,0.006532,1.2605
1697,QUAD,0.424713,0.423378,1.01320347e-04,0.010066,1.1090
1698,QUAD,0.411896,0.403391,1.49066091e-04,0.012209,1.0656
1699,QUAD,0.407518,0.597672,1.19989564e-04,0.010954,1.5810
1700,QUAD,0.384027,0.580899,1.50884295e-04,0.012283,1.1940
1701,QUAD,0.392129,0.572298,1.35675330e-04,0.011648,1.1207
1702,QUAD,0.452746,0.422790,8.19292150e-05,0.009051,1.0933
1703,QUAD,0.485455,0.451186,3.08941970e-05,0.005558,1.2459
1704,QUAD,0.493507,0.450539,3.28368954e-05,0.005730,1.1033
1705,QUAD,0.503081,0.543178,3.68639785e-05,0.006072,1.2321
1706,QUAD,0.488803,0.446897,3.38750229e-05,0.005820,1.1036
1707,QUAD,0.532751,0.531722,4.42533120e-05,0.006652,1.5985
1708,QUAD,0.534182,0.478170,7.30530197e-05,0.008547,1.7388
1709,QUAD,0.507041,0.451086,3.47071816e-05,0.005891,1.5091
1710,QUAD,0.547502,0.493819,9.74560938e-05,0.009872,1.1480
1711,QUAD,0.521448,0.453910,5.80986028e-05,0.007622,1.1553
1712,QUAD,0.522887,0.460846,4.96017466e-05,0.007043,1.3275
1713,QUAD,0.505199,0.549558,4.40883991e-05,0.006640,1.1823
1714,QUAD,0.475176,0.567438,2.44549316e-05,0.004945,1.2881
1715,QUAD,0.497761,0.544860,3.27655057e-05,0.005724,1.2380
1716,QUAD,0.492894,0.551858,4.16828204e-05,0.006456,1.1646
1717,QUAD,0.472592,0.417868,8.10073343e-05,0.009000,1.0649
1718,QUAD,0.530575,0.460089,6.77721531e-05,0.008232,1.7646
1719,QUAD,0.532309,0.471051,7.01155646e-05,0.008374,1.7543
1720,QUAD,0.486529,0.559176,5.47174749e-05,0.007397,1.2203
1721,QUAD,0.470336,0.567206,3.57224588e-05,0.005977,2.0587
1722,QUAD,0.424013,0.401459,1.42381374e-04,0.011932,1.0800
1723,QUAD,0.434727,0.411864,1.10741854e-04,0.010523,1.0789
1724,QUAD,0.541638,0.524249,4.14315293e-05,0.006437,1.2907
1725,QUAD,0.538959,0.533110,4.85548040e-05,0.006968,1.8158
1726,QUAD,0.411267,0.613267,1.37076734e-04,0.011708,1.2596
1727,QUAD,0.388525,0.599403,1.93286237e-04,0.013903,1.0899
1728,QUAD,0.428902,0.588857,1.35416732e-04,0.011637,1.1287
1729,QUAD,0.388367,0.454474,1.78845863e-04,0.013373,1.2696
1730,QUAD,0.463747,0.415505,8.73768860e-05,0.009348,1.0682
1731,QUAD,0.501509,0.449580,3.46113898e-05,0.005883,1.4762
1732,QUAD,0.497175,0.446004,3.43051473e-05,0.005857,1.5145
1733,QUAD,0.518557,0.446922,5.96807198e-05,0.007725,1.1897
1734,QUAD,0.529865,0.451698,9.16330523e-05,0.009573,1.4730
1735,QUAD,0.482241,0.437709,4.30781732e-05,0.006563,1.6428
1736,QUAD,0.502593,0.443584,4.54663975e-05,0.006743,1.9063
1737,QUAD,0.492829,0.442120,4.10101054e-05,0.006404,1.2973
1738,QUAD,0.477605,0.428555,6.62514543e-05,0.008139,1.1633
1739,QUAD,0.548040,0.523363,5.87974461e-05,0.007668,1.5948
1740,QUAD,0.493503,0.558853,5.12954849e-05,0.007162,1.1122
1741,QUAD,0.444889,0.412120,1.00721328e-04,0.010036,1.0943
1742,QUAD,0.454504,0.413459,9.33325405e-05,0.009661,1.0857
1743,QUAD,0.543798,0.480308,1.11835709e-04,0.010575,1.3175
1744,QUAD,0.517144,0.544647,5.16282974e-05,0.007185,1.2605
1745,QUAD,0.487102,0.574779,6.09508845e-05,0.007807,1.1630
1746,QUAD,0.468284,0.578559,1.03429832e-04,0.010170,1.3298
1747,QUAD,0.559803,0.477052,1.40841522e-04,0.011868,1.1487
1748,QUAD,0.539170,0.464438,1.25444690e-04,0.011200,1.2009
1749,QUAD,0.528740,0.536982,6.47672652e-05,0.008048,1.4560
1750,QUAD,0.509071,0.564328,6.33341334e-05,0.007958,1.1689
1751,QUAD,0.445660,0.591076,1.45995952e-04,0.012083,1.2621
1752,QUAD,0.534111,0.544684,8.22477257e-05,0.009069,1.3454
1753,QUAD,0.415657,0.604135,9.43152180e-05,0.009712,1.3080
1754,QUAD,0.436374,0.597593,1.21529588e-04,0.011024,1.0530
1755,QUAD,0.388634,0.422510,1.96172005e-04,0.014006,1.3001
1756,QUAD,0.372949,0.446256,1.47141444e-04,0.012130,1.2804
1757,QUAD,0.340338,0.459476,1.62821090e-04,0.012760,1.4029
1758,QUAD,0.510321,0.422556,6.05907780e-05,0.007784,1.3078
1759,QUAD,0.508812,0.445386,4.06267017e-05,0.006374,1.7766
1760,QUAD,0.487781,0.439091,3.24140970e-05,0.005693,1.3042
1761,QUAD,0.484683,0.430797,5.36047853e-05,0.007322,1.2345
1762,QUAD,0.525870,0.443187,8.00885110e-05,0.008949,1.1488
1763,QUAD,0.494304,0.566470,5.78129322e-05,0.007603,1.1205
1764,QUAD,0.456800,0.403629,1.06570984e-04,0.010323,1.0987
1765,QUAD,0.519204,0.571397,8.72243145e-05,0.009339,1.4189
1766,QUAD,0.523016,0.541232,5.71257620e-05,0.007558,1.3240
1767,QUAD,0.494862,0.574456,6.33815359e-05,0.007961,1.0789
1768,QUAD,0.479455,0.573866,5.41877776e-05,0.007361,1.4363
1769,QUAD,0.545635,0.455746,1.20485394e-04,0.010977,1.2348
1770,QUAD,0.475660,0.409216,8.67345087e-05,0.009313,1.0366
1771,QUAD,0.511193,0.547386,4.70500138e-05,0.006859,1.2266
1772,QUAD,0.501637,0.565617,5.96386363e-05,0.007723,1.1169
1773,QUAD,0.553531,0.485820,1.15828467e-04,0.010762,1.2356
1774,QUAD,0.435699,0.400736,1.32851825e-04,0.011526,1.0912
1775,QUAD,0.556591,0.522828,1.07972239e-04,0.010391,1.2427
1776,QUAD,0.553508,0.514026,5.88570639e-05,0.007672,1.4436
1777,QUAD,0.477384,0.582031,9.80910471e-05,0.009904,1.1644
1778,QUAD,0.428267,0.603892,9.53127286e-05,0.009763,1.2188
1779,QUAD,0.377727,0.428845,1.55251862e-04,0.012460,1.4473
1780,QUAD,0.363127,0.449868,1.14521076e-04,0.010701,1.5148
1781,QUAD,0.448808,0.614078,9.82115623e-05,0.009910,1.2448
1782,QUAD,0.399449,0.406031,1.61777036e-04,0.012719,1.0656
1783,QUAD,0.475969,0.592616,1.37069476e-04,0.011708,1.2683
1784,QUAD,0.559396,0.533474,1.14097430e-04,0.010682,1.1865
1785,QUAD,0.386554,0.395447,1.52341676e-04,0.012343,1.0852
1786,QUAD,0.545606,0.529709,5.38074240e-05,0.007335,1.8623
1787,QUAD,0.541796,0.540891,9.01749802e-05,0.009496,1.2412
1788,QUAD,0.515891,0.428829,7.12992706e-05,0.008444,1.1215
1789,QUAD,0.502662,0.573611,6.39461907e-05,0.007997,1.0603
1790,QUAD,0.507176,0.556591,5.33436486e-05,0.007304,1.1756
1791,QUAD,0.513857,0.554544,5.58717665e-05,0.007475,1.2053
1792,QUAD,0.538578,0.447704,1.06230755e-04,0.010307,1.2321
1793,QUAD,0.501408,0.436527,6.62904380e-05,0.008142,1.2325
1794,QUAD,0.527244,0.548648,6.83493271e-05,0.008267,1.2548
1795,QUAD,0.520495,0.551907,6.02090424e-05,0.007759,1.1955
1796,QUAD,0.488388,0.423586,6.79928173e-05,0.008246,1.1913
1797,QUAD,0.495270,0.582730,7.11631365e-05,0.008436,1.0851
1798,QUAD,0.533818,0.438551,9.54269869e-05,0.009769,1.0750
1799,QUAD,0.469631,0.397435,9.46881912e-05,0.009731,1.1914
1800,QUAD,0.484648,0.411858,9.08233986e-05,0.009530,1.1587
1801,QUAD,0.486634,0.583286,8.12124324e-05,0.009012,1.1513
1802,QUAD,0.562735,0.493032,1.31405915e-04,0.011463,1.5539
1803,QUAD,0.567428,0.502536,1.12235996e-04,0.010594,1.7088
1804,QUAD,0.446626,0.401531,1.19244322e-04,0.010920,1.1380
1805,QUAD,0.460070,0.393332,1.21726943e-04,0.011033,1.1598
1806,QUAD,0.555350,0.461696,1.27710452e-04,0.011301,1.1107
1807,QUAD,0.480873,0.420440,7.53158256e-05,0.008678,1.1269
1808,QUAD,0.439745,0.374326,2.32495408e-04,0.015248,1.3239
1809,QUAD,0.473486,0.603492,1.29410599e-04,0.011376,1.3721
1810,QUAD,0.570756,0.484283,1.81416677e-04,0.013469,1.2644
1811,QUAD,0.490779,0.602770,1.00131713e-04,0.010007,1.8566
1812,QUAD,0.498649,0.599614,7.19004775e-05,0.008479,1.1867
1813,QUAD,0.394736,0.618688,1.87170089e-04,0.013681,1.1315
1814,QUAD,0.566342,0.521094,9.78509143e-05,0.009892,1.2797
1815,QUAD,0.503421,0.581631,6.38970352e-05,0.007994,1.0488
1816,QUAD,0.533696,0.565546,6.81087445e-05,0.008253,1.3859
1817,QUAD,0.516436,0.562490,6.60062602e-05,0.008124,1.2304
1818,QUAD,0.521096,0.435679,7.65010118e-05,0.008746,1.0910
1819,QUAD,0.509109,0.433738,6.80323222e-05,0.008248,1.2436
1820,QUAD,0.500011,0.421263,6.90033730e-05,0.008307,1.4449
1821,QUAD,0.491131,0.433799,4.90943270e-05,0.007007,1.2523
1822,QUAD,0.481474,0.382455,1.24664109e-04,0.011165,1.2280
1823,QUAD,0.488189,0.402116,1.16676252e-04,0.010802,1.4425
1824,QUAD,0.546295,0.550223,9.64039067e-05,0.009819,1.2611
1825,QUAD,0.530892,0.556923,7.45992585e-05,0.008637,1.2178
1826,QUAD,0.504494,0.589595,6.36550955e-05,0.007978,1.0867
1827,QUAD,0.546072,0.442304,7.16159171e-05,0.008463,1.3183
1828,QUAD,0.465159,0.383054,1.41027057e-04,0.011875,1.2262
1829,QUAD,0.442431,0.606491,1.11184893e-04,0.010544,1.0995
1830,QUAD,0.550185,0.536792,9.74715274e-05,0.009873,1.2267
1831,QUAD,0.411336,0.378759,1.62348234e-04,0.012742,1.1241
1832,QUAD,0.393401,0.588410,1.17687174e-04,0.010848,1.5979
1833,QUAD,0.402874,0.589001,9.86208096e-05,0.009931,1.5008
1834,QUAD,0.424920,0.376247,1.82432274e-04,0.013507,1.1888
1835,QUAD,0.424559,0.389131,1.64769105e-04,0.012836,1.0937
1836,QUAD,0.486854,0.593158,1.09075929e-04,0.010444,1.3743
1837,QUAD,0.496277,0.591238,7.75628401e-05,0.008807,1.0695
1838,QUAD,0.538503,0.553926,8.59479893e-05,0.009271,1.3670
1839,QUAD,0.526745,0.568386,7.02986360e-05,0.008384,1.4827
1840,QUAD,0.493289,0.415661,9.68221764e-05,0.009840,1.3094
1841,QUAD,0.451479,0.600954,1.15112385e-04,0.010729,1.4990
1842,QUAD,0.407583,0.624664,1.82078511e-04,0.013494,1.1603
1843,QUAD,0.582842,0.490851,2.00016186e-04,0.014143,1.1632
1844,QUAD,0.574660,0.516378,1.21862032e-04,0.011039,1.6176
1845,QUAD,0.565979,0.512137,7.81059718e-05,0.008838,1.1135
1846,QUAD,0.528609,0.430301,9.34016843e-05,0.009664,1.1221
1847,QUAD,0.511475,0.580675,6.46739924e-05,0.008042,1.1027
1848,QUAD,0.510674,0.572551,7.02286079e-05,0.008380,1.1018
1849,QUAD,0.522473,0.422981,8.77727459e-05,0.009369,1.1323
1850,QUAD,0.552866,0.430618,1.18068398e-04,0.010866,1.2616
1851,QUAD,0.576242,0.443655,1.74000432e-04,0.013191,1.1575
1852,QUAD,0.564342,0.441044,1.40342835e-04,0.011847,1.3783
1853,QUAD,0.560833,0.451977,1.21893534e-04,0.011041,1.2265
1854,QUAD,0.474221,0.389302,9.45409681e-05,0.009723,1.3347
1855,QUAD,0.487513,0.391825,1.18130178e-04,0.010869,1.6012
1856,QUAD,0.441081,0.622367,1.54474378e-04,0.012429,1.3451
1857,QUAD,0.433493,0.613429,1.37648145e-04,0.011732,1.4111
1858,QUAD,0.437423,0.388385,1.65789628e-04,0.012876,1.1434
1859,QUAD,0.398416,0.381216,1.54247057e-04,0.012420,1.0840
1860,QUAD,0.583068,0.460574,1.71815656e-04,0.013108,1.1122
1861,QUAD,0.577191,0.472673,1.70214687e-04,0.013047,1.1188
1862,QUAD,0.562251,0.544000,9.44572117e-05,0.009719,1.4853
1863,QUAD,0.559634,0.553028,1.02554384e-04,0.010127,1.7013
1864,QUAD,0.499670,0.608328,1.02889262e-04,0.010143,1.8929
1865,QUAD,0.386234,0.408762,1.93110996e-04,0.013896,1.1972
1866,QUAD,0.542274,0.564325,1.12304389e-04,0.010597,1.5500
1867,QUAD,0.498509,0.405891,1.42373014e-04,0.011932,1.1910
1868,QUAD,0.553928,0.545853,8.01500985e-05,0.008953,1.3046
1869,QUAD,0.382214,0.611724,2.05135194e-04,0.014323,1.0717
1870,QUAD,0.507733,0.411369,9.63919220e-05,0.009818,1.3085
1871,QUAD,0.520148,0.580710,8.48741583e-05,0.009213,1.3195
1872,QUAD,0.334205,0.473497,2.79735392e-04,0.016725,1.5604
1873,QUAD,0.354285,0.418034,2.39974136e-04,0.015491,1.0761
1874,QUAD,0.389878,0.631523,2.08593619e-04,0.014443,1.1053
1875,QUAD,0.385352,0.506665,2.19893462e-04,0.014829,1.3744
1876,QUAD,0.504857,0.427305,5.28850293e-05,0.007272,1.1701
1877,QUAD,0.513663,0.403109,9.87931153e-05,0.009939,1.2214
1878,QUAD,0.511723,0.588071,4.72050406e-05,0.006871,1.2786
1879,QUAD,0.536844,0.423856,1.27836072e-04,0.011306,1.2464
1880,QUAD,0.570261,0.532258,1.51650007e-04,0.012315,1.4014
1881,QUAD,0.515632,0.416508,8.27631247e-05,0.009097,1.1485
1882,QUAD,0.553849,0.420034,1.22681593e-04,0.011076,1.2401
1883,QUAD,0.581483,0.431021,1.70181512e-04,0.013045,1.3202
1884,QUAD,0.506836,0.597754,7.53036326e-05,0.008678,1.2176
1885,QUAD,0.529192,0.415964,1.07757499e-04,0.010381,1.0998
1886,QUAD,0.544099,0.415394,1.28115310e-04,0.011319,1.2575
1887,QUAD,0.588785,0.477965,1.78637687e-04,0.013366,1.1094
1888,QUAD,0.571587,0.455988,1.53555996e-04,0.012392,1.1000
1889,QUAD,0.476503,0.619659,1.84273727e-04,0.013575,1.4314
1890,QUAD,0.484030,0.610375,1.59270947e-04,0.012620,1.2577
1891,QUAD,0.532977,0.574045,8.60228639e-05,0.009275,1.5552
1892,QUAD,0.600357,0.482689,1.66966079e-04,0.012922,1.1567
1893,QUAD,0.565973,0.467090,1.49284637e-04,0.012218,1.1013
1894,QUAD,0.473058,0.373728,1.62751410e-04,0.012757,1.2182
1895,QUAD,0.577675,0.551825,2.38864486e-04,0.015455,1.2898
1896,QUAD,0.582408,0.527607,2.47360585e-04,0.015728,1.3144
1897,QUAD,0.449400,0.389880,1.47409893e-04,0.012141,1.2222
1898,QUAD,0.461655,0.610545,1.07164258e-04,0.010352,1.4165
1899,QUAD,0.386271,0.383400,1.35795391e-04,0.011653,1.0790
1900,QUAD,0.372985,0.537900,2.23920943e-04,0.014964,1.1506
1901,QUAD,0.363051,0.617430,2.38924847e-04,0.015457,1.0560
1902,QUAD,0.376845,0.591477,1.89664045e-04,0.013772,1.1111
1903,QUAD,0.372645,0.408592,1.94828039e-04,0.013958,1.2875
1904,QUAD,0.403534,0.637084,1.95592515e-04,0.013985,1.1402
1905,QUAD,0.385665,0.645377,2.31500754e-04,0.015215,1.1189
1906,QUAD,0.331128,0.454133,1.14601323e-04,0.010705,1.6220
1907,QUAD,0.453843,0.376761,2.10084227e-04,0.014494,1.4003
1908,QUAD,0.518393,0.588871,5.40965461e-05,0.007355,1.4663
1909,QUAD,0.349284,0.492117,2.96835757e-04,0.017229,1.2955
1910,QUAD,0.367810,0.434114,1.40715908e-04,0.011862,1.4384
1911,QUAD,0.343469,0.446416,1.47411079e-04,0.012141,1.2916
1912,QUAD,0.525706,0.592933,9.69921131e-05,0.009848,1.2289
1913,QUAD,0.519267,0.600791,9.74942495e-05,0.009874,1.3081
1914,QUAD,0.451326,0.628111,1.11151013e-04,0.010543,1.2693
1915,QUAD,0.549909,0.406487,8.60183681e-05,0.009275,1.4193
1916,QUAD,0.572268,0.425270,1.11498925e-04,0.010559,1.6215
1917,QUAD,0.558225,0.569053,1.18783753e-04,0.010899,1.3854
1918,QUAD,0.542882,0.576046,1.33444795e-04,0.011552,1.3557
1919,QUAD,0.438872,0.359660,2.46079096e-04,0.015687,1.3566
1920,QUAD,0.563948,0.430633,1.00314060e-04,0.010016,1.4831
1921,QUAD,0.364668,0.393767,1.01573071e-04,0.010078,1.4804
1922,QUAD,0.529670,0.583378,1.14985579e-04,0.010723,1.1604
1923,QUAD,0.588470,0.448021,1.81688866e-04,0.013479,1.0975
1924,QUAD,0.594991,0.465348,1.82593425e-04,0.013513,1.1299
1925,QUAD,0.595100,0.495207,1.63382690e-04,0.012782,1.1636
1926,QUAD,0.490917,0.375973,1.51096395e-04,0.012292,1.0603
1927,QUAD,0.567453,0.561214,1.72397276e-04,0.013130,1.2863
1928,QUAD,0.396137,0.358677,1.40893070e-04,0.011870,1.2793
1929,QUAD,0.397298,0.369661,1.48594507e-04,0.012190,1.2203
1930,QUAD,0.329498,0.440246,1.28548198e-04,0.011338,1.5803
1931,QUAD,0.551455,0.560212,1.29189716e-04,0.011366,1.4310
1932,QUAD,0.369835,0.603822,2.18075693e-04,0.014767,1.0554
1933,QUAD,0.495593,0.618377,1.86183667e-04,0.013645,1.2823
1934,QUAD,0.488080,0.629245,2.08287964e-04,0.014432,1.2090
1935,QUAD,0.400138,0.649948,1.96168990e-04,0.014006,1.2315
1936,QUAD,0.358326,0.439630,1.38537789e-04,0.011770,1.7787
1937,QUAD,0.539912,0.587939,1.39843375e-04,0.011826,1.2281
1938,QUAD,0.516599,0.616118,1.62182162e-04,0.012735,1.2538
1939,QUAD,0.340558,0.411695,2.59556093e-04,0.016111,1.3594
1940,QUAD,0.347886,0.397199,2.27001290e-04,0.015067,1.3852
1941,QUAD,0.606838,0.470419,1.79513137e-04,0.013398,1.1584
1942,QUAD,0.457637,0.619643,1.20847592e-04,0.010993,1.2209
1943,QUAD,0.447332,0.637893,1.39415539e-04,0.011807,1.3172
1944,QUAD,0.563429,0.578801,1.33694805e-04,0.011563,1.4587
1945,QUAD,0.611359,0.487414,1.48268861e-04,0.012177,1.1461
1946,QUAD,0.603259,0.510636,1.44134464e-04,0.012006,1.1560
1947,QUAD,0.601800,0.523330,1.78755202e-04,0.013370,1.3717
1948,QUAD,0.462965,0.364508,2.38668984e-04,0.015449,1.4036
1949,QUAD,0.468925,0.343267,2.48139761e-04,0.015752,1.3234
1950,QUAD,0.422828,0.616435,1.39121766e-04,0.011795,1.6349
1951,QUAD,0.521436,0.409131,1.00601148e-04,0.010030,1.0422
1952,QUAD,0.408518,0.355592,1.41559374e-04,0.011898,1.2488
1953,QUAD,0.433961,0.345904,2.12671640e-04,0.014583,1.1380
1954,QUAD,0.353663,0.449781,1.14014865e-04,0.010678,1.4246
1955,QUAD,0.527301,0.400295,1.29845157e-04,0.011395,1.2636
1956,QUAD,0.515687,0.388915,1.52438540e-04,0.012347,1.2039
1957,QUAD,0.585621,0.565787,2.19114709e-04,0.014803,1.1642
1958,QUAD,0.322261,0.464149,2.36046639e-04,0.015364,1.7062
1959,QUAD,0.329949,0.490486,3.80106451e-04,0.019496,1.3106
1960,QUAD,0.606404,0.498775,1.41232334e-04,0.011884,1.1384
1961,QUAD,0.378342,0.551034,1.94983570e-04,0.013964,1.1499
1962,QUAD,0.545666,0.606249,2.28986797e-04,0.015132,1.3573
1963,QUAD,0.305211,0.435811,2.30957630e-04,0.015197,1.2870
1964,QUAD,0.356493,0.631976,2.64434711e-04,0.016261,1.0679
1965,QUAD,0.493489,0.649351,2.39221193e-04,0.015467,1.1235
1966,QUAD,0.357057,0.387691,1.16074910e-04,0.010774,1.5014
1967,QUAD,0.482819,0.973180,3.27195782e-04,0.018089,1.0412
1968,QUAD,0.448549,0.956133,3.01995220e-04,0.017378,1.0485
1969,QUAD,0.446506,0.973508,3.18196585e-04,0.017838,1.0463
1970,QUAD,0.973351,0.065768,3.18828479e-04,0.017856,1.0984
1971,QUAD,0.972536,0.047316,3.39943206e-04,0.018438,1.0566
1972,QUAD,0.109526,0.024390,2.99458371e-04,0.017305,1.2236
1973,QUAD,0.090434,0.026129,3.33837408e-04,0.018271,1.2035
1974,QUAD,0.970800,0.103197,3.90066693e-04,0.019750,1.2705
1975,QUAD,0.146769,0.023546,2.89571944e-04,0.017017,1.2102
1976,QUAD,0.700447,0.970050,3.50484335e-04,0.018721,1.1482
1977,QUAD,0.971570,0.028584,3.62326207e-04,0.019035,1.0332
1978,QUAD,0.931885,0.972286,3.54336761e-04,0.018824,1.0988
1979,QUAD,0.951344,0.971607,3.63360085e-04,0.019062,1.0568
1980,QUAD,0.970715,0.970905,3.76808132e-04,0.019412,1.0242
1981,QUAD,0.597132,0.423071,1.37189704e-04,0.011713,1.3653
1982,QUAD,0.590068,0.543009,2.87411849e-04,0.016953,1.2480
1983,QUAD,0.355138,0.570976,2.71397566e-04,0.016474,1.2567
1984,QUAD,0.322364,0.423269,2.04564550e-04,0.014303,1.1532
1985,QUAD,0.335171,0.427530,2.18737839e-04,0.014790,1.2602
1986,QUAD,0.535215,0.616396,1.72230304e-04,0.013124,1.1910
1987,QUAD,0.628320,0.484317,1.48721869e-04,0.012195,1.6519
1988,QUAD,0.604496,0.537299,2.43997723e-04,0.015620,1.3076
1989,QUAD,0.352563,0.528581,3.28415471e-04,0.018122,1.4176
1990,QUAD,0.618106,0.476421,1.68319017e-04,0.012974,1.1724
1991,QUAD,0.366205,0.384492,8.95789038e-05,0.009465,1.3264
1992,QUAD,0.375725,0.384521,1.01979599e-04,0.010098,1.2398
1993,QUAD,0.508368,0.379120,1.54851181e-04,0.012444,1.0631
1994,QUAD,0.337680,0.599452,2.52323605e-04,0.015885,1.0882
1995,QUAD,0.427770,0.333057,1.99848217e-04,0.014137,1.1771
1996,QUAD,0.327084,0.408415,2.04034327e-04,0.014284,1.4605
1997,QUAD,0.352559,0.376201,2.18212154e-04,0.014772,1.4108
1998,QUAD,0.447502,0.339153,2.34452162e-04,0.015312,1.1109
1999,QUAD,0.445729,0.649676,1.77187390e-04,0.013311,1.2879
2000,QUAD,0.405479,0.344909,1.19470279e-04,0.010930,1.5619
2001,QUAD,0.415954,0.339276,1.67824303e-04,0.012955,1.0850
2002,QUAD,0.535841,0.407745,1.20840103e-04,0.010993,1.0414
2003,QUAD,0.342594,0.623182,2.69849826e-04,0.016427,1.0816
2004,QUAD,0.366191,0.654457,2.78832601e-04,0.016698,1.1204
2005,QUAD,0.574150,0.573238,1.89055836e-04,0.013750,1.1884
2006,QUAD,0.459213,0.649522,1.43059955e-04,0.011961,1.3208
2007,QUAD,0.458824,0.639108,1.07910189e-04,0.010388,1.2374
2008,QUAD,0.446352,0.662903,2.11184640e-04,0.014532,1.1999
2009,QUAD,0.507804,0.625782,1.89993659e-04,0.013784,1.1604
2010,QUAD,0.472080,0.647609,1.38113349e-04,0.011752,1.5319
2011,QUAD,0.346162,0.585351,2.46551817e-04,0.015702,1.1252
2012,QUAD,0.553286,0.578792,1.32511790e-04,0.011511,1.3887
2013,QUAD,0.534643,0.598798,1.44252507e-04,0.012011,1.1852
2014,QUAD,0.560852,0.371329,3.07609345e-04,0.017539,1.4318
2015,QUAD,0.566890,0.411370,1.17630980e-04,0.010846,1.2054
2016,QUAD,0.304549,0.452584,2.49505600e-04,0.015796,1.3328
2017,QUAD,0.309816,0.489857,4.13677016e-04,0.020339,1.1389
2018,QUAD,0.466072,0.955948,3.08367357e-04,0.017560,1.0371
2019,QUAD,0.597752,0.558279,2.33185497e-04,0.015270,1.1318
2020,QUAD,0.617499,0.565178,2.19105181e-04,0.014802,1.0381
2021,QUAD,0.428242,0.972846,3.28778793e-04,0.018132,1.0616
2022,QUAD,0.431158,0.955407,3.00438882e-04,0.017333,1.0876
2023,QUAD,0.957136,0.082344,2.49319135e-04,0.015790,1.2116
2024,QUAD,0.956345,0.065383,2.89805235e-04,0.017024,1.1520
2025,QUAD,0.147813,0.039018,2.75868585e-04,0.016609,1.2167
2026,QUAD,0.129879,0.038755,2.65201067e-04,0.016285,1.2380
2027,QUAD,0.111984,0.039633,2.68254684e-04,0.016378,1.2601
2028,QUAD,0.093634,0.042343,3.05385051e-04,0.017475,1.2966
2029,QUAD,0.676916,0.940847,2.29842276e-04,0.015161,1.2118
2030,QUAD,0.705098,0.952122,2.87693480e-04,0.016962,1.1797
2031,QUAD,0.628869,0.954527,2.57277402e-04,0.016040,1.1965
2032,QUAD,0.931479,0.954678,3.30502836e-04,0.018180,1.1808
2033,QUAD,0.970735,0.319286,3.78263759e-04,0.019449,1.0421
2034,QUAD,0.737259,0.972771,3.41038803e-04,0.018467,1.0445
2035,QUAD,0.070852,0.028493,3.79621878e-04,0.019484,1.1348
2036,QUAD,0.028619,0.930009,3.92013941e-04,0.019799,1.2628
2037,QUAD,0.520271,0.971325,3.73915257e-04,0.019337,1.0585
2038,QUAD,0.192870,0.971890,3.34739618e-04,0.018296,1.0926
2039,QUAD,0.966566,0.806881,4.11638673e-04,0.020289,1.3474
2040,QUAD,0.029931,0.970709,3.91041185e-04,0.019775,1.0016
2041,QUAD,0.028244,0.411949,3.73932092e-04,0.019337,1.0774
2042,QUAD,0.156886,0.963438,4.51628783e-04,0.021252,1.5324
2043,QUAD,0.356071,0.027333,3.19869752e-04,0.017885,1.0901
2044,QUAD,0.337819,0.027221,3.41816067e-04,0.018488,1.0342
2045,QUAD,0.971624,0.855612,3.16130153e-04,0.017780,1.2387
2046,QUAD,0.392702,0.034354,4.26006348e-04,0.020640,1.3913
2047,QUAD,0.027018,0.372664,3.43480766e-04,0.018533,1.1283
2048,QUAD,0.211155,0.972981,3.29041717e-04,0.018140,1.0688
2049,QUAD,0.318995,0.027018,3.51555925e-04,0.018750,1.0555
2050,QUAD,0.030557,0.030555,4.15188709e-04,0.020376,1.0348
2051,QUAD,0.971140,0.260901,3.78384830e-04,0.019452,1.0504
2052,QUAD,0.141581,0.950734,4.78213536e-04,0.021868,1.4053
2053,QUAD,0.973002,0.518752,3.34226723e-04,0.018282,1.0870
2054,QUAD,0.973479,0.770220,3.21044467e-04,0.017918,1.0908
2055,QUAD,0.802558,0.058660,4.55784298e-04,0.021349,1.3195
2056,QUAD,0.655337,0.029975,3.72525553e-04,0.019301,1.0505
2057,QUAD,0.408566,0.046484,4.33792086e-04,0.020828,1.4338
2058,QUAD,0.184331,0.024456,3.13530482e-04,0.017707,1.1795
2059,QUAD,0.855675,0.027671,3.45831184e-04,0.018597,1.0920
2060,QUAD,0.973467,0.537356,3.25871983e-04,0.018052,1.0771
2061,QUAD,0.973185,0.555900,3.30554623e-04,0.018181,1.0834
2062,QUAD,0.633752,0.971223,3.35213176e-04,0.018309,1.1449
2063,QUAD,0.796688,0.036021,5.37950756e-04,0.023194,1.3390
2064,QUAD,0.965147,0.459812,5.23120018e-04,0.022872,1.3192
2065,QUAD,0.873441,0.990690,3.67240981e-04,0.019164,1.0736
2066,QUAD,0.970215,0.143176,3.94301298e-04,0.019857,1.0355
2067,QUAD,0.458849,0.009033,3.51551901e-04,0.018750,1.1616
2068,QUAD,0.443672,0.030594,3.80812529e-04,0.019514,1.2064
2069,QUAD,0.028079,0.333331,3.84210046e-04,0.019601,1.1661
2070,QUAD,0.971650,0.241238,3.67597967e-04,0.019173,1.0564
2071,QUAD,0.958004,0.889373,2.45327176e-04,0.015663,1.2614
2072,QUAD,0.222562,0.008426,3.29849938e-04,0.018162,1.1832
2073,QUAD,0.203381,0.025041,3.24555249e-04,0.018015,1.1486
2074,QUAD,0.595060,0.036435,5.54872628e-04,0.023556,1.4127
2075,QUAD,0.734134,0.010681,4.25046941e-04,0.020617,1.0899
2076,QUAD,0.694223,0.031315,4.29930366e-04,0.020735,1.1714
2077,QUAD,0.735288,0.050953,3.33386205e-04,0.018259,1.2008
2078,QUAD,0.754437,0.032545,4.17539528e-04,0.020434,1.0858
2079,QUAD,0.734600,0.031455,3.96935048e-04,0.019923,1.0538
2080,QUAD,0.565689,0.592948,2.45811171e-04,0.015678,1.4122
2081,QUAD,0.610924,0.551599,2.31197895e-04,0.015205,1.0926
2082,QUAD,0.483322,0.365828,1.68037328e-04,0.012963,1.1391
2083,QUAD,0.474159,0.658049,1.43317102e-04,0.011972,1.4110
2084,QUAD,0.470156,0.637423,1.21118069e-04,0.011005,1.4204
2085,QUAD,0.148153,0.054157,2.58469952e-04,0.016077,1.2139
2086,QUAD,0.526825,0.380933,1.94940974e-04,0.013962,1.2418
2087,QUAD,0.535392,0.390371,1.82158955e-04,0.013497,1.2934
2088,QUAD,0.538043,0.370633,2.12313703e-04,0.014571,1.2658
2089,QUAD,0.614254,0.521872,1.16328628e-04,0.010786,1.5503
2090,QUAD,0.461024,0.331669,2.09060899e-04,0.014459,1.4770
2091,QUAD,0.622001,0.442601,3.01891107e-04,0.017375,1.3786
2092,QUAD,0.384133,0.372256,1.51703952e-04,0.012317,1.3714
2093,QUAD,0.395670,0.348298,1.02709484e-04,0.010135,1.4336
2094,QUAD,0.557325,0.410247,8.20503490e-05,0.009058,1.3220
2095,QUAD,0.637871,0.475110,2.47931266e-04,0.015746,1.1158
2096,QUAD,0.621462,0.492359,1.13166877e-04,0.010638,1.3083
2097,QUAD,0.430551,0.663699,2.80888605e-04,0.016760,1.2489
2098,QUAD,0.431108,0.647847,2.33587477e-04,0.015284,1.2385
2099,QUAD,0.954697,0.098498,2.32653118e-04,0.015253,1.7148
2100,QUAD,0.440538,0.324882,2.66850080e-04,0.016336,1.2287
2101,QUAD,0.619029,0.532546,2.02722623e-04,0.014238,1.2909
2102,QUAD,0.334767,0.576249,2.32545151e-04,0.015249,1.2041
2103,QUAD,0.500735,0.934929,3.22844816e-04,0.017968,1.1710
2104,QUAD,0.548612,0.640890,2.68990442e-04,0.016401,1.2087
2105,QUAD,0.515522,0.645161,2.56642490e-04,0.016020,1.4670
2106,QUAD,0.325833,0.590034,2.39196278e-04,0.015466,1.1571
2107,QUAD,0.114706,0.053820,2.24668821e-04,0.014989,1.2484
2108,QUAD,0.103885,0.069557,1.80545481e-04,0.013437,1.2355
2109,QUAD,0.289818,0.490642,3.66504049e-04,0.019144,1.0843
2110,QUAD,0.389330,0.327056,1.24699709e-04,0.011167,2.0559
2111,QUAD,0.289422,0.453175,2.98813515e-04,0.017286,1.2791
2112,QUAD,0.290617,0.434422,2.86888388e-04,0.016938,1.3027
2113,QUAD,0.501401,0.953820,3.35217705e-04,0.018309,1.0936
2114,QUAD,0.948895,0.934322,3.79452944e-04,0.019480,1.3589
2115,QUAD,0.950788,0.952932,3.61486139e-04,0.019013,1.1114
2116,QUAD,0.338427,0.384953,3.09818015e-04,0.017602,1.1964
2117,QUAD,0.954078,0.047495,3.42699236e-04,0.018512,1.1144
2118,QUAD,0.942679,0.081599,1.87956600e-04,0.013710,1.2360
2119,QUAD,0.081879,0.063553,3.19524403e-04,0.017875,1.5086
2120,QUAD,0.396934,0.948399,3.60136265e-04,0.018977,1.5056
2121,QUAD,0.325053,0.394985,2.11774770e-04,0.014552,1.5821
2122,QUAD,0.046291,0.392299,3.76179242e-04,0.019395,1.2659
2123,QUAD,0.058384,0.922047,2.05877371e-04,0.014348,1.2436
2124,QUAD,0.368991,0.045300,2.29990771e-04,0.015165,1.3956
2125,QUAD,0.181509,0.951182,2.77632689e-04,0.016662,1.3660
2126,QUAD,0.350453,0.071836,3.36049411e-04,0.018332,1.3045
2127,QUAD,0.050856,0.030138,4.10080869e-04,0.020250,1.0462
2128,QUAD,0.155213,0.935354,3.09896925e-04,0.017604,1.2860
2129,QUAD,0.955458,0.861286,2.31200897e-04,0.015205,1.6426
2130,QUAD,0.949727,0.798336,2.57680838e-04,0.016052,1.2430
2131,QUAD,0.954142,0.783355,2.72444768e-04,0.016506,1.1721
2132,QUAD,0.008346,0.872491,3.31053969e-04,0.018195,1.2101
2133,QUAD,0.721770,0.953906,3.12047338e-04,0.017665,1.0899
2134,QUAD,0.971554,0.357932,3.61472570e-04,0.019012,1.0444
2135,QUAD,0.955492,0.520309,3.05837245e-04,0.017488,1.0786
2136,QUAD,0.949879,0.484692,3.54985143e-04,0.018841,1.1605
2137,QUAD,0.105929,0.968565,3.68134123e-04,0.019187,1.2613
2138,QUAD,0.124456,0.962575,4.85539904e-04,0.022035,1.4261
2139,QUAD,0.043973,0.354382,3.01617309e-04,0.017367,1.1607
2140,QUAD,0.597840,0.974550,3.03459355e-04,0.017420,1.1351
2141,QUAD,0.655707,0.049380,3.57557289e-04,0.018909,1.2114
2142,QUAD,0.969007,0.480393,4.05779814e-04,0.020144,1.1215
2143,QUAD,0.859979,0.045475,3.17201622e-04,0.017810,1.0906
2144,QUAD,0.990352,0.182998,3.79744430e-04,0.019487,1.0305
2145,QUAD,0.988917,0.635256,4.42549766e-04,0.021037,1.1463
2146,QUAD,0.892787,0.972227,3.58369984e-04,0.018931,1.0711
2147,QUAD,0.892327,0.040841,2.10043953e-04,0.014493,1.4356
2148,QUAD,0.989928,0.930814,3.99187084e-04,0.019980,1.0216
2149,QUAD,0.973692,0.891319,3.13608257e-04,0.017709,1.2238
2150,QUAD,0.771412,0.056998,4.11167710e-04,0.020277,1.3819
2151,QUAD,0.553685,0.030680,4.04452510e-04,0.020111,1.1752
2152,QUAD,0.517013,0.008209,3.18468164e-04,0.017846,1.2510
2153,QUAD,0.479905,0.024268,2.93606320e-04,0.017135,1.2507
2154,QUAD,0.461800,0.026907,3.30974167e-04,0.018193,1.1551
2155,QUAD,0.514486,0.040004,2.54021506e-04,0.015938,1.1969
2156,QUAD,0.573776,0.035607,5.39569993e-04,0.023229,1.4329
2157,QUAD,0.534732,0.026907,3.34861269e-04,0.018299,1.1609
2158,QUAD,0.516318,0.024413,2.93552688e-04,0.017133,1.2367
2159,QUAD,0.241797,0.025874,3.39110149e-04,0.018415,1.1145
2160,QUAD,0.280481,0.026385,3.44240942e-04,0.018554,1.0998
2161,QUAD,0.279366,0.044293,3.42441206e-04,0.018505,1.0669
2162,QUAD,0.241241,0.043603,3.43431513e-04,0.018532,1.0722
2163,QUAD,0.990458,0.202675,3.75305280e-04,0.019373,1.0408
2164,QUAD,0.971007,0.182683,3.77886134e-04,0.019439,1.0110
2165,QUAD,0.952135,0.028799,3.76004952e-04,0.019391,1.0522
2166,QUAD,0.931904,0.029808,4.28640480e-04,0.020704,1.1359
2167,QUAD,0.892452,0.025670,3.06955131e-04,0.017520,1.1978
2168,QUAD,0.911668,0.028289,3.81379639e-04,0.019529,1.3317
2169,QUAD,0.967664,0.417007,4.34795261e-04,0.020852,1.0971
2170,QUAD,0.990071,0.950642,3.94125677e-04,0.019853,1.0210
2171,QUAD,0.970605,0.910732,4.08647880e-04,0.020215,1.2844
2172,QUAD,0.149911,0.524713,2.99550845e-04,0.017308,1.1356
2173,QUAD,0.991395,0.714499,3.37409920e-04,0.018369,1.1719
2174,QUAD,0.191707,0.471602,2.47877792e-04,0.015744,1.5081
2175,QUAD,0.198403,0.542631,4.02499135e-04,0.020062,1.3619
2176,QUAD,0.966279,0.614737,4.99657138e-04,0.022353,1.2969
2177,QUAD,0.969824,0.396948,3.90011210e-04,0.019749,1.0528
2178,QUAD,0.969178,0.656518,4.10641465e-04,0.020264,1.1073
2179,QUAD,0.990449,0.675112,3.78647128e-04,0.019459,1.0801
2180,QUAD,0.973143,0.695455,3.42242860e-04,0.018500,1.1113
2181,QUAD,0.974503,0.733293,3.22139072e-04,0.017948,1.1160
2182,QUAD,0.957159,0.732718,3.09746636e-04,0.017600,1.0596
2183,QUAD,0.775225,0.972940,3.51753988e-04,0.018755,1.0669
2184,QUAD,0.131716,0.524373,3.07078998e-04,0.017524,1.1372
2185,QUAD,0.031325,0.195634,4.14929132e-04,0.020370,1.0626
2186,QUAD,0.034044,0.153201,5.08228079e-04,0.022544,1.2175
2187,QUAD,0.347310,0.989373,4.27566264e-04,0.020678,1.0846
2188,QUAD,0.390005,0.967953,4.56111837e-04,0.021357,1.2427
2189,QUAD,0.268279,0.970859,3.86288911e-04,0.019654,1.0538
2190,QUAD,0.308187,0.969096,4.15541011e-04,0.020385,1.0579
2191,QUAD,0.348396,0.948137,3.74056512e-04,0.019341,1.1336
2192,QUAD,0.248779,0.972083,3.59528845e-04,0.018961,1.0647
2193,QUAD,0.328250,0.969014,4.09400358e-04,0.020234,1.0225
2194,QUAD,0.348426,0.968357,4.20084834e-04,0.020496,1.0494
2195,QUAD,0.288161,0.969617,4.11526201e-04,0.020286,1.0605
2196,QUAD,0.215018,0.532802,4.35643799e-04,0.020872,1.3561
2197,QUAD,0.069586,0.990690,3.68693636e-04,0.019201,1.0740
2198,QUAD,0.099745,0.950484,2.85877067e-04,0.016908,1.6089
2199,QUAD,0.579499,0.973710,3.24176199e-04,0.018005,1.1489
2200,QUAD,0.813873,0.990822,3.65554679e-04,0.019119,1.0952
2201,QUAD,0.853930,0.971775,3.75584397e-04,0.019380,1.0354
2202,QUAD,0.814343,0.972372,3.67154106e-04,0.019161,1.0787
2203,QUAD,0.794646,0.972714,3.59181117e-04,0.018952,1.0779
2204,QUAD,0.103363,0.451535,3.50475368e-04,0.018721,1.1485
2205,QUAD,0.106192,0.470521,3.72789297e-04,0.019308,1.0446
2206,QUAD,0.113182,0.524333,3.06823849e-04,0.017516,1.1631
2207,QUAD,0.028833,0.471030,3.75691412e-04,0.019383,1.0341
2208,QUAD,0.009460,0.450278,3.76249779e-04,0.019397,1.0582
2209,QUAD,0.560217,0.971021,4.07175105e-04,0.020179,1.2550
2210,QUAD,0.564859,0.953820,2.67594870e-04,0.016358,1.6468
2211,QUAD,0.087713,0.971806,3.35058030e-04,0.018305,1.1162
2212,QUAD,0.049581,0.971524,3.72868951e-04,0.019310,1.0723
2213,QUAD,0.249655,0.509109,3.50061319e-04,0.018710,1.1347
2214,QUAD,0.253885,0.470307,3.49554386e-04,0.018696,1.1997
2215,QUAD,0.271763,0.471859,3.34936976e-04,0.018301,1.1328
2216,QUAD,0.267404,0.529153,4.14530573e-04,0.020360,1.1865
2217,QUAD,0.236159,0.465913,4.16715079e-04,0.020414,1.5398
2218,QUAD,0.240478,0.541835,3.16729787e-04,0.017797,1.5143
2219,QUAD,0.286958,0.527821,3.48815715e-04,0.018677,1.0907
2220,QUAD,0.069284,0.490576,3.74454101e-04,0.019351,1.0636
2221,QUAD,0.086850,0.471310,3.71670929e-04,0.019279,1.0368
2222,QUAD,0.054716,0.530837,4.58402290e-04,0.021410,1.3029
2223,QUAD,0.067463,0.471717,3.65721890e-04,0.019124,1.0382
2224,QUAD,0.094359,0.524921,3.14203530e-04,0.017726,1.1863
2225,QUAD,0.079974,0.543025,2.86973416e-04,0.016940,1.2226
2226,QUAD,0.032985,0.532744,5.01621627e-04,0.022397,1.1500
2227,QUAD,0.031418,0.131825,4.13934096e-04,0.020345,1.0697
2228,QUAD,0.025911,0.853186,3.37337657e-04,0.018367,1.1443
2229,QUAD,0.008783,0.832816,3.49755177e-04,0.018702,1.1585
2230,QUAD,0.009749,0.571961,3.97092238e-04,0.019927,1.0736
2231,QUAD,0.027426,0.614408,3.52693157e-04,0.018780,1.0691
2232,QUAD,0.009463,0.652019,3.80808439e-04,0.019514,1.0769
2233,QUAD,0.030401,0.694188,4.16565320e-04,0.020410,1.0618
2234,QUAD,0.030226,0.734463,4.08999997e-04,0.020224,1.0465
2235,QUAD,0.009415,0.772633,3.79143657e-04,0.019472,1.0850
2236,QUAD,0.028190,0.774209,3.76288009e-04,0.019398,1.0927
2237,QUAD,0.029264,0.754323,3.90141312e-04,0.019752,1.0508
2238,QUAD,0.046847,0.654505,3.58318960e-04,0.018929,1.1085
2239,QUAD,0.027725,0.633788,3.60768367e-04,0.018994,1.0655
2240,QUAD,0.031818,0.554664,4.73298382e-04,0.021755,1.2519
2241,QUAD,0.028345,0.451486,3.69195735e-04,0.019214,1.0579
2242,QUAD,0.010162,0.091004,4.11986243e-04,0.020297,1.0104
2243,QUAD,0.027950,0.293181,3.63261755e-04,0.019059,1.0794
2244,QUAD,0.029178,0.235335,3.83478648e-04,0.019583,1.0207
2245,QUAD,0.030163,0.091321,3.98325091e-04,0.019958,1.0551
2246,QUAD,0.028785,0.254785,3.78504301e-04,0.019455,1.0407
2247,QUAD,0.028328,0.273947,3.67456316e-04,0.019169,1.0600
2248,QUAD,0.030883,0.071074,4.19107940e-04,0.020472,1.0591
2249,QUAD,0.530434,0.633132,1.40552003e-04,0.011855,1.4613
2250,QUAD,0.526590,0.608057,1.41003188e-04,0.011874,1.1676
2251,QUAD,0.454817,0.319454,2.18560668e-04,0.014784,1.5818
2252,QUAD,0.382708,0.360454,1.80326989e-04,0.013429,1.3584
2253,QUAD,0.468885,0.320917,1.96236625e-04,0.014008,1.4629
2254,QUAD,0.483993,0.336843,2.03128223e-04,0.014252,1.6170
2255,QUAD,0.570652,0.608996,3.07594944e-04,0.017538,1.1755
2256,QUAD,0.441662,0.072759,2.59366753e-04,0.016105,1.3213
2257,QUAD,0.428648,0.079782,2.63598066e-04,0.016236,1.2340
2258,QUAD,0.176783,0.929757,2.11195289e-04,0.014533,1.5402
2259,QUAD,0.213527,0.955395,2.94942011e-04,0.017174,1.0962
2260,QUAD,0.305783,0.649683,1.85783028e-04,0.013630,1.3868
2261,QUAD,0.611643,0.585602,2.15434262e-04,0.014678,1.0372
2262,QUAD,0.585531,0.601484,2.56169378e-04,0.016005,1.0527
2263,QUAD,0.948805,0.124195,3.92860894e-04,0.019821,1.2243
2264,QUAD,0.628814,0.506192,1.46809402e-04,0.012116,1.3000
2265,QUAD,0.501038,0.342328,1.64561943e-04,0.012828,1.2867
2266,QUAD,0.467332,0.921009,2.74568665e-04,0.016570,1.1265
2267,QUAD,0.467062,0.938361,2.95342411e-04,0.017186,1.0852
2268,QUAD,0.625560,0.425357,3.11893417e-04,0.017661,1.2864
2269,QUAD,0.044148,0.372843,3.11865367e-04,0.017660,1.1758
2270,QUAD,0.511420,0.362573,1.29271228e-04,0.011370,1.2554
2271,QUAD,0.518690,0.371357,1.59516174e-04,0.012630,1.1743
2272,QUAD,0.392691,0.304764,3.47175357e-04,0.018633,1.2890
2273,QUAD,0.401677,0.327021,1.93494033e-04,0.013910,1.2894
2274,QUAD,0.912136,0.954959,3.31550918e-04,0.018209,1.1850
2275,QUAD,0.959661,0.874216,1.86380039e-04,0.013652,1.4155
2276,QUAD,0.485945,0.660522,1.62334096e-04,0.012741,1.5775
2277,QUAD,0.434152,0.938481,2.66713835e-04,0.016331,1.1314
2278,QUAD,0.315007,0.580401,2.16529085e-04,0.014715,1.2291
2279,QUAD,0.343325,0.561491,2.54534617e-04,0.015954,1.3459
2280,QUAD,0.626431,0.464792,2.24146834e-04,0.014972,1.1646
2281,QUAD,0.519020,0.632533,1.33315398e-04,0.011546,1.4560
2282,QUAD,0.507825,0.658685,3.00052392e-04,0.017322,1.3762
2283,QUAD,0.131142,0.053288,2.37488922e-04,0.015411,1.2477
2284,QUAD,0.649754,0.487033,2.96117768e-04,0.017208,1.2130
2285,QUAD,0.373603,0.066019,2.49153924e-04,0.015785,1.1065
2286,QUAD,0.940373,0.066884,2.55282930e-04,0.015978,1.2112
2287,QUAD,0.494523,0.359092,1.59627669e-04,0.012634,1.1410
2288,QUAD,0.117141,0.066965,1.69933179e-04,0.013036,1.2926
2289,QUAD,0.294566,0.415446,3.17049367e-04,0.017806,1.4491
2290,QUAD,0.303395,0.397910,2.93000266e-04,0.017117,1.5844
2291,QUAD,0.202679,0.060068,3.39971020e-04,0.018438,1.0820
2292,QUAD,0.184071,0.057880,3.13684875e-04,0.017711,1.1595
2293,QUAD,0.362069,0.670083,2.85212162e-04,0.016888,1.1148
2294,QUAD,0.306126,0.570473,1.48457387e-04,0.012184,1.4571
2295,QUAD,0.741187,0.917635,3.11935348e-04,0.017662,1.1568
2296,QUAD,0.739401,0.954521,3.29658582e-04,0.018157,1.0570
2297,QUAD,0.368079,0.360091,2.44651755e-04,0.015641,1.1938
2298,QUAD,0.372767,0.345430,1.93819003e-04,0.013922,1.7111
2299,QUAD,0.750798,0.069453,2.28417419e-04,0.015113,1.4821
2300,QUAD,0.070579,0.076920,3.35030388e-04,0.018304,1.5081
2301,QUAD,0.382278,0.660509,2.72871051e-04,0.016519,1.1194
2302,QUAD,0.024938,0.891438,3.09862619e-04,0.017603,1.1867
2303,QUAD,0.041913,0.908263,2.73073322e-04,0.016525,1.1942
2304,QUAD,0.519493,0.951899,3.60565798e-04,0.018989,1.1297
2305,QUAD,0.937127,0.506087,2.56233064e-04,0.016007,1.1906
2306,QUAD,0.932649,0.490974,2.79840604e-04,0.016728,1.2848
2307,QUAD,0.047217,0.412889,4.03606847e-04,0.020090,1.2271
2308,QUAD,0.950841,0.143499,3.72067319e-04,0.019289,1.0699
2309,QUAD,0.330999,0.553817,2.36252728e-04,0.015371,1.2039
2310,QUAD,0.303133,0.544664,2.50161637e-04,0.015816,1.2285
2311,QUAD,0.974369,0.751888,3.18641937e-04,0.017851,1.1073
2312,QUAD,0.046535,0.433155,3.51796082e-04,0.018756,1.1034
2313,QUAD,0.498407,0.038170,2.25966612e-04,0.015032,1.2509
2314,QUAD,0.173537,0.439432,2.98149053e-04,0.017267,1.1870
2315,QUAD,0.197868,0.458034,2.18113942e-04,0.014769,1.3352
2316,QUAD,0.183970,0.552766,2.78227180e-04,0.016680,1.2744
2317,QUAD,0.151950,0.559471,3.21157152e-04,0.017921,1.2322
2318,QUAD,0.230908,0.954817,3.19530630e-04,0.017875,1.0643
2319,QUAD,0.814567,0.953868,3.63147277e-04,0.019056,1.0773
2320,QUAD,0.938122,0.570762,2.48975706e-04,0.015779,1.1899
2321,QUAD,0.286749,0.545601,2.93196759e-04,0.017123,1.1715
2322,QUAD,0.047055,0.452482,3.54469982e-04,0.018827,1.0668
2323,QUAD,0.041428,0.872823,2.93037963e-04,0.017118,1.1991
2324,QUAD,0.046203,0.579719,3.10382171e-04,0.017618,1.1874
2325,QUAD,0.054968,0.935899,2.46621792e-04,0.015704,1.6171
2326,QUAD,0.069050,0.954916,2.99092386e-04,0.017294,1.1253
2327,QUAD,0.052721,0.050862,4.71068599e-04,0.021704,1.1673
2328,QUAD,0.360272,0.057839,2.47838476e-04,0.015743,1.5404
2329,QUAD,0.333342,0.066308,3.78659022e-04,0.019459,1.2481
2330,QUAD,0.471216,0.307133,2.05152999e-04,0.014323,1.1197
2331,QUAD,0.557561,0.401142,9.46151586e-05,0.009727,1.5077
2332,QUAD,0.379009,0.676575,3.03641669e-04,0.017425,1.1822
2333,QUAD,0.352705,0.361067,2.39368685e-04,0.015472,1.1975
2334,QUAD,0.250774,0.557167,4.15922290e-04,0.020394,1.1996
2335,QUAD,0.417527,0.301185,2.67434845e-04,0.016353,1.0859
2336,QUAD,0.060731,0.859749,2.74749852e-04,0.016576,1.6754
2337,QUAD,0.519904,0.671206,3.26976661e-04,0.018082,1.2239
2338,QUAD,0.932677,0.144104,3.14632377e-04,0.017738,1.1057
2339,QUAD,0.450266,0.049914,3.54790850e-04,0.018836,1.2109
2340,QUAD,0.091710,0.074669,1.53236302e-04,0.012379,1.4696
2341,QUAD,0.451528,0.922287,2.55591035e-04,0.015987,1.0927
2342,QUAD,0.168595,0.557145,2.75471671e-04,0.016597,1.1322
2343,QUAD,0.195197,0.436447,2.18178432e-04,0.014771,1.3669
2344,QUAD,0.483693,0.678896,2.11383040e-04,0.014539,1.1947
2345,QUAD,0.476904,0.668372,1.43208239e-04,0.011967,1.3998
2346,QUAD,0.382504,0.317733,1.88064812e-04,0.013714,2.2304
2347,QUAD,0.407133,0.313715,2.61280426e-04,0.016164,1.2986
2348,QUAD,0.623949,0.578342,2.02637047e-04,0.014235,1.0739
2349,QUAD,0.619124,0.598236,2.10944488e-04,0.014524,1.0869
2350,QUAD,0.606695,0.606837,2.43212857e-04,0.015595,1.0532
2351,QUAD,0.313250,0.561021,1.47226847e-04,0.012134,1.4246
2352,QUAD,0.460737,0.660940,1.68147293e-04,0.012967,1.2505
2353,QUAD,0.057585,0.906600,2.59765189e-04,0.016117,1.0499
2354,QUAD,0.534546,0.929282,3.27990957e-04,0.018111,1.1612
2355,QUAD,0.538113,0.949070,4.02541020e-04,0.020063,1.2771
2356,QUAD,0.601238,0.452412,2.00791106e-04,0.014170,1.1348
2357,QUAD,0.937619,0.538040,3.09970666e-04,0.017606,1.2144
2358,QUAD,0.328816,0.371686,3.03400493e-04,0.017418,1.3125
2359,QUAD,0.324748,0.650338,2.80948047e-04,0.016762,1.4681
2360,QUAD,0.320590,0.625522,2.74977240e-04,0.016582,1.3983
2361,QUAD,0.658736,0.532887,3.41218742e-04,0.018472,1.2158
2362,QUAD,0.623342,0.516222,1.17145165e-04,0.010823,1.5819
2363,QUAD,0.525284,0.623961,1.19958867e-04,0.010953,1.2496
2364,QUAD,0.323728,0.567948,2.06189863e-04,0.014359,1.2266
2365,QUAD,0.342626,0.336271,2.32922747e-04,0.015262,1.2859
2366,QUAD,0.384612,0.348039,1.43280944e-04,0.011970,1.2951
2367,QUAD,0.178911,0.915654,1.99541541e-04,0.014126,1.4719
2368,QUAD,0.291627,0.600439,2.90231297e-04,0.017036,1.2981
2369,QUAD,0.147474,0.068935,2.44001539e-04,0.015621,1.1774
2370,QUAD,0.398439,0.664771,2.70679473e-04,0.016452,1.1925
2371,QUAD,0.611970,0.942948,1.72175078e-04,0.013122,1.4128
2372,QUAD,0.067097,0.222125,3.04724440e-04,0.017456,1.1237
2373,QUAD,0.048648,0.238180,3.73901233e-04,0.019337,1.0530
2374,QUAD,0.956210,0.767160,2.88567006e-04,0.016987,1.1035
2375,QUAD,0.936118,0.792143,1.53173136e-04,0.012376,1.4849
2376,QUAD,0.419939,0.063462,3.15731991e-04,0.017769,1.3341
2377,QUAD,0.386226,0.074155,2.31224664e-04,0.015206,1.1400
2378,QUAD,0.072993,0.720954,3.78906746e-04,0.019466,1.4403
2379,QUAD,0.050802,0.737051,4.19082376e-04,0.020472,1.0520
2380,QUAD,0.248276,0.934710,3.35225989e-04,0.018309,1.0915
2381,QUAD,0.776864,0.935683,3.48695120e-04,0.018673,1.0845
2382,QUAD,0.776101,0.954512,3.47891159e-04,0.018652,1.0289
2383,QUAD,0.944591,0.885449,1.79871944e-04,0.013412,1.1410
2384,QUAD,0.930329,0.908249,1.96525086e-04,0.014019,1.1082
2385,QUAD,0.114568,0.941897,4.10226172e-04,0.020254,1.2566
2386,QUAD,0.087762,0.940847,2.48298209e-04,0.015757,1.4864
2387,QUAD,0.895901,0.053979,2.10726643e-04,0.014516,1.3360
2388,QUAD,0.087277,0.197417,1.72549763e-04,0.013136,1.4426
2389,QUAD,0.050774,0.200315,3.63231555e-04,0.019059,1.1555
2390,QUAD,0.070530,0.691603,3.59590047e-04,0.018963,1.4289
2391,QUAD,0.266315,0.932184,3.55949943e-04,0.018867,1.1041
2392,QUAD,0.285040,0.928284,3.94138094e-04,0.019853,1.3233
2393,QUAD,0.065236,0.416465,3.37668984e-04,0.018376,1.3635
2394,QUAD,0.084414,0.452206,3.71370542e-04,0.019271,1.1045
2395,QUAD,0.952931,0.905818,3.19001283e-04,0.017861,1.4482
2396,QUAD,0.257953,0.452619,2.44915211e-04,0.015650,1.4225
2397,QUAD,0.943451,0.466242,4.53337539e-04,0.021292,1.4120
2398,QUAD,0.739660,0.085929,2.39983157e-04,0.015491,1.2230
2399,QUAD,0.339255,0.539039,2.96943576e-04,0.017232,1.5333
2400,QUAD,0.313773,0.928827,3.24164151e-04,0.018005,1.5849
2401,QUAD,0.330888,0.930369,3.05198680e-04,0.017470,1.2158
2402,QUAD,0.116094,0.557623,2.79507272e-04,0.016718,1.1513
2403,QUAD,0.099856,0.556291,2.30991902e-04,0.015198,1.1723
2404,QUAD,0.540077,0.969885,4.28837003e-04,0.020708,1.1431
2405,QUAD,0.305734,0.527888,3.33406108e-04,0.018259,1.1334
2406,QUAD,0.076124,0.584173,1.83539490e-04,0.013548,1.1459
2407,QUAD,0.045931,0.616477,3.47599374e-04,0.018644,1.0566
2408,QUAD,0.624552,0.071095,2.97062064e-04,0.017235,1.2174
2409,QUAD,0.609171,0.079871,3.76852867e-04,0.019413,1.1891
2410,QUAD,0.684588,0.927495,1.94806203e-04,0.013957,1.3866
2411,QUAD,0.930971,0.273817,3.26305726e-04,0.018064,1.5171
2412,QUAD,0.934709,0.256707,2.98594083e-04,0.017280,1.1959
2413,QUAD,0.928702,0.302225,3.90559400e-04,0.019763,1.3014
2414,QUAD,0.357373,0.292659,2.46322881e-04,0.015695,1.3268
2415,QUAD,0.355920,0.326219,2.11990733e-04,0.014560,1.3847
2416,QUAD,0.428110,0.289208,2.46073320e-04,0.015687,1.1048
2417,QUAD,0.630495,0.590923,1.74922355e-04,0.013226,1.2017
2418,QUAD,0.640958,0.537348,3.10032702e-04,0.017608,1.4188
2419,QUAD,0.647922,0.462983,2.59553932e-04,0.016111,1.0838
2420,QUAD,0.658380,0.473757,1.94874254e-04,0.013960,1.2824
2421,QUAD,0.460294,0.291086,1.86004138e-04,0.013638,1.1886
2422,QUAD,0.615464,0.619391,2.48531934e-04,0.015765,1.1080
2423,QUAD,0.469817,0.685695,2.24227252e-04,0.014974,1.1557
2424,QUAD,0.339801,0.358188,2.24309425e-04,0.014977,1.5134
2425,QUAD,0.560227,0.345860,3.42233248e-04,0.018500,1.1642
2426,QUAD,0.567123,0.385508,2.33194317e-04,0.015271,1.5373
2427,QUAD,0.487823,0.282675,1.40780253e-04,0.011865,1.4006
2428,QUAD,0.670491,0.479170,2.24273496e-04,0.014976,1.4375
2429,QUAD,0.631950,0.494723,1.32649834e-04,0.011517,1.5984
2430,QUAD,0.477116,0.698843,2.54696063e-04,0.015959,1.0919
2431,QUAD,0.409572,0.971179,3.62490358e-04,0.019039,1.0883
2432,QUAD,0.405685,0.932527,2.15424780e-04,0.014677,1.3977
2433,QUAD,0.536488,0.662657,3.46999105e-04,0.018628,1.2350
2434,QUAD,0.277669,0.413223,3.81463492e-04,0.019531,1.2587
2435,QUAD,0.641913,0.510388,2.76220166e-04,0.016620,1.6805
2436,QUAD,0.165797,0.055756,2.84174549e-04,0.016857,1.1950
2437,QUAD,0.071327,0.938816,2.56733224e-04,0.016023,1.0755
2438,QUAD,0.531067,0.043858,2.98963450e-04,0.017291,1.1404
2439,QUAD,0.373596,0.327420,1.32936795e-04,0.011530,1.5949
2440,QUAD,0.365305,0.304908,2.79312563e-04,0.016713,1.5208
2441,QUAD,0.073279,0.905917,2.67139466e-04,0.016344,1.1594
2442,QUAD,0.912732,0.129582,2.69036017e-04,0.016402,1.5746
2443,QUAD,0.906235,0.112016,4.43397446e-04,0.021057,1.0456
2444,QUAD,0.274612,0.567501,3.09267822e-04,0.017586,1.2579
2445,QUAD,0.289259,0.562149,2.41735868e-04,0.015548,1.3002
2446,QUAD,0.160736,0.454212,4.13279488e-04,0.020329,1.3789
2447,QUAD,0.214860,0.938008,2.71656045e-04,0.016482,1.1991
2448,QUAD,0.416069,0.087658,2.38997804e-04,0.015460,1.1928
2449,QUAD,0.133981,0.559866,3.60676069e-04,0.018991,1.1562
2450,QUAD,0.951487,0.163010,3.72473658e-04,0.019300,1.0493
2451,QUAD,0.915277,0.160248,2.94772161e-04,0.017169,1.1533
2452,QUAD,0.090215,0.924041,3.42361700e-04,0.018503,1.3842
2453,QUAD,0.136556,0.906895,2.79492515e-04,0.016718,1.1640
2454,QUAD,0.145135,0.921756,3.07920717e-04,0.017548,1.1578
2455,QUAD,0.647343,0.923436,3.12841241e-04,0.017687,1.2441
2456,QUAD,0.598348,0.941033,2.55080348e-04,0.015971,1.2618
2457,QUAD,0.365204,0.079711,2.47767176e-04,0.015741,1.1053
2458,QUAD,0.918886,0.808735,2.17086074e-04,0.014734,1.1724
2459,QUAD,0.938923,0.764705,2.69038571e-04,0.016402,1.2040
2460,QUAD,0.084670,0.083640,1.58152901e-04,0.012576,1.5212
2461,QUAD,0.941875,0.918752,2.89683359e-04,0.017020,1.5298
2462,QUAD,0.912977,0.862604,1.93251793e-04,0.013902,1.6007
2463,QUAD,0.922010,0.842728,2.80690671e-04,0.016754,1.2276
2464,QUAD,0.865129,0.077246,2.65672609e-04,0.016299,1.7010
2465,QUAD,0.918420,0.056973,3.37836390e-04,0.018380,1.2988
2466,QUAD,0.085848,0.408817,2.03941389e-04,0.014281,1.1487
2467,QUAD,0.938701,0.521763,2.60011391e-04,0.016125,1.1468
2468,QUAD,0.666882,0.955088,3.81742795e-04,0.019538,1.4400
2469,QUAD,0.925694,0.476651,3.04736107e-04,0.017457,1.3230
2470,QUAD,0.502386,0.309441,2.46898978e-04,0.015713,1.1941
2471,QUAD,0.499288,0.324087,2.18540543e-04,0.014783,1.1084
2472,QUAD,0.200962,0.078670,3.77565233e-04,0.019431,1.2380
2473,QUAD,0.222528,0.025521,3.32993586e-04,0.018248,1.1252
2474,QUAD,0.240566,0.061679,3.47655668e-04,0.018646,1.0546
2475,QUAD,0.920811,0.581121,1.73530787e-04,0.013173,1.2667
2476,QUAD,0.924278,0.569347,1.46303110e-04,0.012096,1.4910
2477,QUAD,0.969828,0.594269,3.93418143e-04,0.019835,1.1149
2478,QUAD,0.928307,0.600342,2.73398763e-04,0.016535,1.2494
2479,QUAD,0.257282,0.436586,2.85148342e-04,0.016886,1.6837
2480,QUAD,0.901744,0.921051,2.05344283e-04,0.014330,2.0007
2481,QUAD,0.064676,0.655179,3.17652415e-04,0.017823,1.1550
2482,QUAD,0.717474,0.052530,3.67426180e-04,0.019168,1.3966
2483,QUAD,0.760342,0.087646,2.39699554e-04,0.015482,1.8037
2484,QUAD,0.346812,0.910301,2.83054304e-04,0.016824,1.2321
2485,QUAD,0.064044,0.569746,1.59494845e-04,0.012629,1.5058
2486,QUAD,0.075366,0.571898,1.27420536e-04,0.011288,1.2609
2487,QUAD,0.292499,0.642237,2.17200695e-04,0.014738,1.1714
2488,QUAD,0.298783,0.629888,1.87305008e-04,0.013686,1.4178
2489,QUAD,0.296484,0.063157,3.38828701e-04,0.018407,1.0445
2490,QUAD,0.298313,0.044831,3.46547153e-04,0.018616,1.0542
2491,QUAD,0.628464,0.609589,2.41801490e-04,0.015550,1.2464
2492,QUAD,0.615230,0.930610,1.77109265e-04,0.013308,1.4944
2493,QUAD,0.414401,0.665053,2.84758459e-04,0.016875,1.2452
2494,QUAD,0.464099,0.673078,1.92449951e-04,0.013873,1.2009
2495,QUAD,0.909963,0.307343,3.02034460e-04,0.017379,1.1646
2496,QUAD,0.096685,0.084760,1.34192213e-04,0.011584,1.4551
2497,QUAD,0.917173,0.339292,2.78365598e-04,0.016684,1.1328
2498,QUAD,0.280229,0.395491,2.21453027e-04,0.014881,1.5690
2499,QUAD,0.592000,0.397547,2.25154009e-04,0.015005,1.3685
2500,QUAD,0.568064,0.399410,1.48975451e-04,0.012206,1.3129
2501,QUAD,0.287328,0.656316,2.59352112e-04,0.016104,1.0307
2502,QUAD,0.448350,0.286309,1.73185259e-04,0.013160,1.3406
2503,QUAD,0.581311,0.956696,2.78013556e-04,0.016674,1.1848
2504,QUAD,0.625233,0.545045,2.38976856e-04,0.015459,1.1466
2505,QUAD,0.606281,0.393583,2.68827942e-04,0.016396,1.3041
2506,QUAD,0.329980,0.347732,2.51663078e-04,0.015864,1.2877
2507,QUAD,0.315632,0.384094,2.50799702e-04,0.015837,1.2987
2508,QUAD,0.912975,0.565683,1.48065458e-04,0.012168,1.5296
2509,QUAD,0.914588,0.592314,1.92315282e-04,0.013868,1.2344
2510,QUAD,0.915476,0.267649,2.03002123e-04,0.014248,1.2490
2511,QUAD,0.393722,0.279969,2.80432531e-04,0.016746,1.1716
2512,QUAD,0.372532,0.099734,1.99133501e-04,0.014111,1.1672
2513,QUAD,0.487927,0.294944,1.99861975e-04,0.014137,1.2303
2514,QUAD,0.645514,0.552677,2.37723542e-04,0.015418,1.1553
2515,QUAD,0.659911,0.452280,2.61094770e-04,0.016158,1.1298
2516,QUAD,0.649981,0.438617,3.35670850e-04,0.018321,1.3131
2517,QUAD,0.422893,0.920448,2.09981641e-04,0.014491,1.3506
2518,QUAD,0.056825,0.890182,2.60807681e-04,0.016150,1.0832
2519,QUAD,0.913864,0.082631,3.28719412e-04,0.018131,1.4022
2520,QUAD,0.523546,0.708891,2.85047627e-04,0.016883,1.0756
2521,QUAD,0.668790,0.465110,2.09402177e-04,0.014471,1.4744
2522,QUAD,0.045573,0.336313,3.01408385e-04,0.017361,1.3230
2523,QUAD,0.062210,0.339155,2.85056214e-04,0.016884,1.1738
2524,QUAD,0.621861,0.393088,2.16178463e-04,0.014703,1.1022
2525,QUAD,0.525602,0.059578,2.58895267e-04,0.016090,1.1170
2526,QUAD,0.455352,0.068118,2.53891302e-04,0.015934,1.5366
2527,QUAD,0.466685,0.044382,3.14322123e-04,0.017729,1.3294
2528,QUAD,0.244957,0.447804,2.55146576e-04,0.015973,1.5536
2529,QUAD,0.855471,0.089680,2.75825015e-04,0.016608,1.7465
2530,QUAD,0.841509,0.094189,2.38473951e-04,0.015443,1.3412
2531,QUAD,0.407527,0.073411,2.61417026e-04,0.016168,1.2669
2532,QUAD,0.397195,0.083104,1.75156759e-04,0.013235,1.3977
2533,QUAD,0.881387,0.059475,2.96285552e-04,0.017213,1.2839
2534,QUAD,0.772405,0.113088,3.49892200e-04,0.018705,1.2065
2535,QUAD,0.854275,0.932408,4.14435412e-04,0.020358,1.1034
2536,QUAD,0.875083,0.931555,4.62116486e-04,0.021497,1.1744
2537,QUAD,0.672838,0.919627,2.94149665e-04,0.017151,1.2977
2538,QUAD,0.695242,0.933323,1.79324416e-04,0.013391,1.4807
2539,QUAD,0.345347,0.663919,2.95009160e-04,0.017176,1.1841
2540,QUAD,0.391993,0.700369,3.79348450e-04,0.019477,1.3314
2541,QUAD,0.530547,0.328747,2.56919361e-04,0.016029,1.2789
2542,QUAD,0.947259,0.848011,3.43249542e-04,0.018527,1.2206
2543,QUAD,0.928280,0.821096,2.61499640e-04,0.016171,1.1748
2544,QUAD,0.088514,0.905285,2.70537766e-04,0.016448,1.3116
2545,QUAD,0.190571,0.570598,4.18623947e-04,0.020460,1.2748
2546,QUAD,0.166027,0.039901,2.94138877e-04,0.017150,1.1899
2547,QUAD,0.928858,0.891335,1.12106304e-04,0.010588,1.3821
2548,QUAD,0.200178,0.421849,2.71114050e-04,0.016466,1.6209
2549,QUAD,0.150510,0.438164,2.89074077e-04,0.017002,1.1873
2550,QUAD,0.130545,0.429828,2.10824066e-04,0.014520,1.5167
2551,QUAD,0.073424,0.922828,2.65391195e-04,0.016291,1.1011
2552,QUAD,0.923476,0.521892,1.79771259e-04,0.013408,1.4534
2553,QUAD,0.930709,0.450608,4.52987242e-04,0.021283,1.3601
2554,QUAD,0.947170,0.871721,1.76814100e-04,0.013297,1.3801
2555,QUAD,0.931229,0.181970,4.19137452e-04,0.020473,1.1973
2556,QUAD,0.916629,0.144241,2.24345856e-04,0.014978,1.3204
2557,QUAD,0.795941,0.917990,3.17431170e-04,0.017817,1.0725
2558,QUAD,0.832511,0.916417,3.38227201e-04,0.018391,1.2225
2559,QUAD,0.905974,0.850692,2.64901673e-04,0.016276,1.2105
2560,QUAD,0.900903,0.871695,2.23030791e-04,0.014934,1.9004
2561,QUAD,0.158978,0.910269,2.84523332e-04,0.016868,1.1803
2562,QUAD,0.115913,0.898232,2.62876164e-04,0.016213,1.2711
2563,QUAD,0.486409,0.308610,2.22775867e-04,0.014926,1.1274
2564,QUAD,0.473613,0.293749,1.83978393e-04,0.013564,1.1459
2565,QUAD,0.550974,0.925243,3.02394876e-04,0.017390,1.1551
2566,QUAD,0.131635,0.578745,3.88482858e-04,0.019710,1.0564
2567,QUAD,0.905151,0.602362,2.18944326e-04,0.014797,1.1529
2568,QUAD,0.939516,0.732373,2.98401890e-04,0.017274,1.1019
2569,QUAD,0.939393,0.748891,2.91775437e-04,0.017081,1.1299
2570,QUAD,0.385874,0.106593,2.12870527e-04,0.014590,1.3493
2571,QUAD,0.919923,0.535400,2.65067807e-04,0.016281,1.4249
2572,QUAD,0.369236,0.966848,4.83794935e-04,0.021995,1.2108
2573,QUAD,0.318745,0.913252,1.79346130e-04,0.013392,1.3184
2574,QUAD,0.797214,0.085196,2.77089531e-04,0.016646,1.3283
2575,QUAD,0.774236,0.083503,2.75331863e-04,0.016593,1.4412
2576,QUAD,0.266817,0.395186,1.72396317e-04,0.013130,1.4091
2577,QUAD,0.619406,0.095580,2.96280471e-04,0.017213,1.1150
2578,QUAD,0.653218,0.066298,2.33475590e-04,0.015280,1.5806
2579,QUAD,0.300845,0.919880,2.82747011e-04,0.016815,1.7117
2580,QUAD,0.240109,0.079817,3.40910618e-04,0.018464,1.0592
2581,QUAD,0.759321,0.915520,4.01364220e-04,0.020034,1.2178
2582,QUAD,0.777984,0.916227,3.62014001e-04,0.019027,1.2395
2583,QUAD,0.229880,0.917879,3.15708106e-04,0.017768,1.1618
2584,QUAD,0.443655,0.110409,2.54577295e-04,0.015955,1.1146
2585,QUAD,0.100152,0.224375,1.95200210e-04,0.013971,1.4682
2586,QUAD,0.081156,0.671770,1.97732227e-04,0.014062,1.4547
2587,QUAD,0.086555,0.684448,2.35306084e-04,0.015340,1.5382
2588,QUAD,0.028315,0.653571,3.75941706e-04,0.019389,1.0814
2589,QUAD,0.065929,0.636586,3.83547402e-04,0.019584,1.2217
2590,QUAD,0.090563,0.724191,2.25329077e-04,0.015011,1.4265
2591,QUAD,0.099999,0.570148,1.69758908e-04,0.013029,1.2823
2592,QUAD,0.882708,0.844938,3.04282417e-04,0.017444,1.1133
2593,QUAD,0.028693,0.575367,3.75281964e-04,0.019372,1.1148
2594,QUAD,0.276686,0.080704,3.28071233e-04,0.018113,1.0695
2595,QUAD,0.081975,0.389468,1.84942039e-04,0.013599,1.0999
2596,QUAD,0.692000,0.468964,2.27425270e-04,0.015081,1.4010
2597,QUAD,0.677332,0.516128,2.93769190e-04,0.017140,1.1150
2598,QUAD,0.611476,0.908004,3.35515371e-04,0.018317,1.3377
2599,QUAD,0.624310,0.920090,2.49340807e-04,0.015791,1.2556
2600,QUAD,0.500989,0.280036,1.80362753e-04,0.013430,1.6201
2601,QUAD,0.504162,0.293800,2.83629026e-04,0.016841,1.3966
2602,QUAD,0.556036,0.617928,2.93580109e-04,0.017134,1.2591
2603,QUAD,0.579835,0.400286,1.65527611e-04,0.012866,1.2518
2604,QUAD,0.406137,0.267298,2.70749841e-04,0.016454,1.1426
2605,QUAD,0.647025,0.598707,2.25422997e-04,0.015014,1.3002
2606,QUAD,0.629577,0.109153,2.69331666e-04,0.016411,1.0373
2607,QUAD,0.606326,0.107769,3.05988093e-04,0.017493,1.5879
2608,QUAD,0.481307,0.899349,3.25375872e-04,0.018038,1.3884
2609,QUAD,0.307674,0.900800,1.68894287e-04,0.012996,1.3200
2610,QUAD,0.321465,0.886850,2.01049446e-04,0.014179,1.7820
2611,QUAD,0.624713,0.631690,2.56649272e-04,0.016020,1.1000
2612,QUAD,0.644869,0.077641,1.89371995e-04,0.013761,1.3208
2613,QUAD,0.639189,0.065542,2.06541041e-04,0.014372,1.4178
2614,QUAD,0.110948,0.675867,3.19724164e-04,0.017881,1.0973
2615,QUAD,0.095150,0.697143,2.74795080e-04,0.016577,1.3527
2616,QUAD,0.856116,0.114968,2.30869165e-04,0.015194,1.4349
2617,QUAD,0.813584,0.901472,2.54301278e-04,0.015947,1.5072
2618,QUAD,0.813896,0.918104,3.07308428e-04,0.017530,1.1457
2619,QUAD,0.263633,0.913463,3.20088056e-04,0.017891,1.1341
2620,QUAD,0.902731,0.506784,2.34859045e-04,0.015325,1.4341
2621,QUAD,0.922499,0.509972,1.71265825e-04,0.013087,1.5311
2622,QUAD,0.478905,0.258513,2.74717274e-04,0.016575,1.3947
2623,QUAD,0.168183,0.592007,3.88342468e-04,0.019706,1.3677
2624,QUAD,0.128356,0.595874,2.51788871e-04,0.015868,1.5106
2625,QUAD,0.971358,0.338620,3.64417790e-04,0.019090,1.0361
2626,QUAD,0.935342,0.356181,3.09311253e-04,0.017587,1.0732
2627,QUAD,0.202729,0.404002,3.72035555e-04,0.019288,1.2403
2628,QUAD,0.396697,0.117597,2.30492376e-04,0.015182,1.3531
2629,QUAD,0.611302,0.641150,2.46071637e-04,0.015687,1.1462
2630,QUAD,0.587430,0.639823,3.29250251e-04,0.018145,1.2501
2631,QUAD,0.536833,0.349719,2.42610245e-04,0.015576,1.0943
2632,QUAD,0.681437,0.499151,3.07113983e-04,0.017525,1.1262
2633,QUAD,0.659089,0.513798,4.07367174e-04,0.020183,1.2425
2634,QUAD,0.284656,0.363035,3.23650378e-04,0.017990,1.2456
2635,QUAD,0.077864,0.342542,2.31083398e-04,0.015201,1.4317
2636,QUAD,0.325971,0.675071,3.21975885e-04,0.017944,1.4450
2637,QUAD,0.113290,0.709331,2.17191144e-04,0.014737,1.6856
2638,QUAD,0.092917,0.740362,3.81794327e-04,0.019540,1.3810
2639,QUAD,0.609839,0.424217,2.12962200e-04,0.014593,1.1751
2640,QUAD,0.643079,0.422415,3.44886623e-04,0.018571,1.2741
2641,QUAD,0.070086,0.872205,2.38849095e-04,0.015455,1.5066
2642,QUAD,0.574207,0.359131,3.65493176e-04,0.019118,1.1586
2643,QUAD,0.501186,0.369296,1.50365955e-04,0.012262,1.0724
2644,QUAD,0.902487,0.139919,2.53443413e-04,0.015920,1.5337
2645,QUAD,0.918266,0.253752,2.39431209e-04,0.015474,1.1811
2646,QUAD,0.900465,0.278805,2.07163045e-04,0.014393,1.4070
2647,QUAD,0.469067,0.068888,1.93326071e-04,0.013904,1.5267
2648,QUAD,0.363986,0.925661,3.07480788e-04,0.017535,1.2088
2649,QUAD,0.394991,0.925432,1.75912564e-04,0.013263,1.3389
2650,QUAD,0.106042,0.586853,2.23587873e-04,0.014953,1.6016
2651,QUAD,0.089059,0.582187,1.46668325e-04,0.012111,1.2371
2652,QUAD,0.651680,0.966004,4.12402272e-04,0.020308,1.4311
2653,QUAD,0.935734,0.239379,2.97607588e-04,0.017251,1.1317
2654,QUAD,0.114562,0.209117,1.55586611e-04,0.012473,1.6624
2655,QUAD,0.101133,0.236771,1.94964524e-04,0.013963,1.4299
2656,QUAD,0.367616,0.112414,1.77238168e-04,0.013313,1.1632
2657,QUAD,0.324856,0.103135,2.83368741e-04,0.016834,1.1688
2658,QUAD,0.328521,0.085226,3.10666026e-04,0.017626,1.1771
2659,QUAD,0.695453,0.919375,2.07531731e-04,0.014406,1.6281
2660,QUAD,0.842584,0.078966,2.70600195e-04,0.016450,1.8121
2661,QUAD,0.775316,0.889648,3.63675259e-04,0.019070,1.2757
2662,QUAD,0.416827,0.278484,2.56098901e-04,0.016003,1.1311
2663,QUAD,0.176383,0.119791,1.86837012e-04,0.013669,1.3460
2664,QUAD,0.164472,0.071162,2.68612617e-04,0.016389,1.2005
2665,QUAD,0.834042,0.934315,3.73705344e-04,0.019331,1.1205
2666,QUAD,0.439338,0.696497,2.92477065e-04,0.017102,1.1116
2667,QUAD,0.416228,0.683737,3.65998784e-04,0.019131,1.2828
2668,QUAD,0.509260,0.718576,3.06976292e-04,0.017521,1.0512
2669,QUAD,0.500098,0.704281,2.77836573e-04,0.016668,1.0477
2670,QUAD,0.227703,0.898265,3.66328155e-04,0.019140,1.3360
2671,QUAD,0.902058,0.475062,2.33875245e-04,0.015293,1.2626
2672,QUAD,0.915569,0.463879,3.11312363e-04,0.017644,1.2696
2673,QUAD,0.129661,0.080722,2.20225126e-04,0.014840,1.3013
2674,QUAD,0.101405,0.110126,2.59173721e-04,0.016099,1.4995
2675,QUAD,0.217164,0.426817,3.91125961e-04,0.019777,1.4512
2676,QUAD,0.882778,0.763138,3.53111626e-04,0.018791,1.2333
2677,QUAD,0.113354,0.378169,3.42117994e-04,0.018496,1.2370
2678,QUAD,0.090018,0.377276,2.45315889e-04,0.015663,1.4491
2679,QUAD,0.152173,0.413936,2.62019323e-04,0.016187,1.1610
2680,QUAD,0.141991,0.424406,1.98935215e-04,0.014104,1.3498
2681,QUAD,0.353112,0.700003,2.38383758e-04,0.015440,1.1899
2682,QUAD,0.903787,0.584881,1.26146141e-04,0.011231,1.3430
2683,QUAD,0.874811,0.909275,5.24782784e-04,0.022908,1.0566
2684,QUAD,0.655560,0.400064,2.66880261e-04,0.016336,1.0808
2685,QUAD,0.624041,0.408273,2.51445274e-04,0.015857,1.0840
2686,QUAD,0.903282,0.191917,2.94003381e-04,0.017147,1.5468
2687,QUAD,0.912003,0.177548,3.51720243e-04,0.018754,1.3983
2688,QUAD,0.072339,0.888925,2.58220018e-04,0.016069,1.1501
2689,QUAD,0.141700,0.884619,2.02819915e-04,0.014241,1.1893
2690,QUAD,0.895850,0.907171,3.48673519e-04,0.018673,1.5504
2691,QUAD,0.866553,0.852073,3.37969173e-04,0.018384,1.2579
2692,QUAD,0.150044,0.584536,3.37459650e-04,0.018370,1.1910
2693,QUAD,0.581733,0.073046,5.41311338e-04,0.023266,1.2514
2694,QUAD,0.814422,0.935636,3.46323924e-04,0.018610,1.0890
2695,QUAD,0.378778,0.921382,2.28353389e-04,0.015111,1.3644
2696,QUAD,0.110239,0.421800,1.95174280e-04,0.013970,1.4717
2697,QUAD,0.944005,0.641057,4.51711156e-04,0.021253,1.3691
2698,QUAD,0.917977,0.612668,2.87900996e-04,0.016968,1.1823
2699,QUAD,0.690797,0.063028,1.80638585e-04,0.013440,1.1965
2700,QUAD,0.956642,0.714855,3.15488992e-04,0.017762,1.0595
2701,QUAD,0.921945,0.778322,2.31381364e-04,0.015211,1.3268
2702,QUAD,0.921259,0.748097,2.92399155e-04,0.017100,1.1655
2703,QUAD,0.069214,0.760465,4.24235679e-04,0.020597,1.2957
2704,QUAD,0.484886,0.083873,2.61328735e-04,0.016166,1.3046
2705,QUAD,0.456681,0.102945,2.49329153e-04,0.015790,1.2856
2706,QUAD,0.084554,0.641244,3.14862593e-04,0.017744,1.5123
2707,QUAD,0.261140,0.026137,3.41655704e-04,0.018484,1.1069
2708,QUAD,0.554168,0.656129,3.08162688e-04,0.017555,1.1128
2709,QUAD,0.576146,0.665735,2.80842230e-04,0.016758,1.4982
2710,QUAD,0.075033,0.526806,3.48607267e-04,0.018671,1.1980
2711,QUAD,0.455018,0.691295,2.52898451e-04,0.015903,1.0941
2712,QUAD,0.422539,0.702176,3.68424201e-04,0.019194,1.3664
2713,QUAD,0.654877,0.579673,1.89796975e-04,0.013777,1.0974
2714,QUAD,0.897170,0.494673,1.84246408e-04,0.013574,1.3020
2715,QUAD,0.173636,0.901889,2.46201391e-04,0.015691,1.1975
2716,QUAD,0.210308,0.902251,3.57912923e-04,0.018919,1.3221
2717,QUAD,0.162127,0.085861,2.45291426e-04,0.015662,1.2038
2718,QUAD,0.159661,0.099637,2.07459825e-04,0.014403,1.2983
2719,QUAD,0.673726,0.443179,2.65118256e-04,0.016282,1.1253
2720,QUAD,0.370424,0.281120,2.74817192e-04,0.016578,1.1949
2721,QUAD,0.382929,0.268556,2.80709479e-04,0.016754,1.1358
2722,QUAD,0.294312,0.081643,3.27161052e-04,0.018088,1.1027
2723,QUAD,0.649742,0.566718,1.98802326e-04,0.014100,1.0942
2724,QUAD,0.642275,0.585184,1.93048902e-04,0.013894,1.0625
2725,QUAD,0.841536,0.110437,2.80498709e-04,0.016748,1.3231
2726,QUAD,0.889286,0.075691,3.06295626e-04,0.017501,1.1284
2727,QUAD,0.899083,0.092444,3.81316782e-04,0.019527,1.3471
2728,QUAD,0.436213,0.095328,2.52157114e-04,0.015879,1.1573
2729,QUAD,0.451408,0.124835,2.47110074e-04,0.015720,1.1002
2730,QUAD,0.109348,0.081440,1.80211190e-04,0.013424,1.2573
2731,QUAD,0.433657,0.680375,2.84090176e-04,0.016855,1.1342
2732,QUAD,0.159787,0.608112,2.98443251e-04,0.017276,1.1299
2733,QUAD,0.571370,0.649083,3.37731250e-04,0.018377,1.2039
2734,QUAD,0.887017,0.116082,3.68724574e-04,0.019202,1.2300
2735,QUAD,0.483901,0.936891,3.09213874e-04,0.017584,1.1355
2736,QUAD,0.358908,0.094010,2.33350786e-04,0.015276,1.1297
2737,QUAD,0.391244,0.094320,1.88978620e-04,0.013747,1.4860
2738,QUAD,0.550236,0.304063,3.00237342e-04,0.017327,1.1040
2739,QUAD,0.880299,0.166161,2.11792378e-04,0.014553,1.1343
2740,QUAD,0.642537,0.099384,2.69169546e-04,0.016406,1.0624
2741,QUAD,0.601898,0.125081,3.54783263e-04,0.018836,1.5201
2742,QUAD,0.834373,0.953096,3.78056369e-04,0.019444,1.0795
2743,QUAD,0.061889,0.324758,1.89161459e-04,0.013754,1.4982
2744,QUAD,0.934606,0.338457,3.16732015e-04,0.017797,1.0803
2745,QUAD,0.525169,0.341765,1.62313975e-04,0.012740,1.4492
2746,QUAD,0.884688,0.264192,2.52205515e-04,0.015881,1.0847
2747,QUAD,0.191536,0.381749,2.58909005e-04,0.016091,1.2253
2748,QUAD,0.449204,0.088051,2.43764494e-04,0.015613,1.2258
2749,QUAD,0.474578,0.058007,1.87178415e-04,0.013681,1.6851
2750,QUAD,0.566138,0.057992,4.85953338e-04,0.022044,1.4086
2751,QUAD,0.902319,0.764149,3.29214511e-04,0.018144,1.2996
2752,QUAD,0.921106,0.763650,2.76334538e-04,0.016623,1.2449
2753,QUAD,0.519319,0.073573,1.94253858e-04,0.013937,1.2346
2754,QUAD,0.476185,0.111096,2.05617259e-04,0.014339,1.5285
2755,QUAD,0.895863,0.888160,3.76649656e-04,0.019407,1.3205
2756,QUAD,0.113788,0.599552,2.54733240e-04,0.015960,1.2379
2757,QUAD,0.364870,0.125618,1.71817347e-04,0.013108,1.1582
2758,QUAD,0.665726,0.076067,2.95223695e-04,0.017182,1.2089
2759,QUAD,0.505665,0.353179,1.39036608e-04,0.011791,1.1506
2760,QUAD,0.691344,0.048968,2.55992642e-04,0.016000,1.6759
2761,QUAD,0.707260,0.074743,2.45611966e-04,0.015672,1.2903
2762,QUAD,0.682774,0.869859,1.76790918e-04,0.013296,1.5478
2763,QUAD,0.298050,0.338095,2.80801526e-04,0.016757,1.4263
2764,QUAD,0.267299,0.380297,2.27727470e-04,0.015091,1.1998
2765,QUAD,0.338649,0.694982,2.18444668e-04,0.014780,1.2788
2766,QUAD,0.341933,0.679947,2.64564274e-04,0.016265,1.0643
2767,QUAD,0.112020,0.352184,2.99534779e-04,0.017307,1.0520
2768,QUAD,0.585244,0.920013,3.64232896e-04,0.019085,1.4401
2769,QUAD,0.912872,0.548129,2.21093039e-04,0.014869,1.5601
2770,QUAD,0.200270,0.938750,2.00642051e-04,0.014165,1.3695
2771,QUAD,0.916176,0.635331,3.06624803e-04,0.017511,1.1940
2772,QUAD,0.905650,0.815744,2.49070236e-04,0.015782,1.0872
2773,QUAD,0.173912,0.102765,1.79313911e-04,0.013391,1.3464
2774,QUAD,0.240201,0.097566,3.09705709e-04,0.017598,1.1092
2775,QUAD,0.239617,0.114698,2.84791752e-04,0.016876,1.0583
2776,QUAD,0.307200,0.350148,2.87647414e-04,0.016960,1.4843
2777,QUAD,0.081312,0.656976,2.50289457e-04,0.015821,1.2559
2778,QUAD,0.346781,0.712860,2.14638670e-04,0.014651,1.2623
2779,QUAD,0.825270,0.866750,2.54681916e-04,0.015959,1.0574
2780,QUAD,0.724927,0.088669,2.59919661e-04,0.016122,1.1677
2781,QUAD,0.784576,0.098345,3.99849561e-04,0.019996,1.0892
2782,QUAD,0.971620,0.221656,3.68564332e-04,0.019198,1.0521
2783,QUAD,0.931784,0.202119,4.16864170e-04,0.020417,1.2095
2784,QUAD,0.294770,0.904822,2.39281026e-04,0.015469,1.2280
2785,QUAD,0.891126,0.822516,2.72050578e-04,0.016494,1.0616
2786,QUAD,0.181588,0.882941,1.62457750e-04,0.012746,1.3937
2787,QUAD,0.159222,0.886070,1.54036005e-04,0.012411,1.9246
2788,QUAD,0.100324,0.709786,1.50498759e-04,0.012268,1.2876
2789,QUAD,0.129771,0.710320,3.81114343e-04,0.019522,1.3813
2790,QUAD,0.261552,0.895488,2.81974869e-04,0.016792,1.1192
2791,QUAD,0.062547,0.599536,2.84475331e-04,0.016866,1.1276
2792,QUAD,0.941996,0.433216,4.81097055e-04,0.021934,1.3406
2793,QUAD,0.923991,0.791278,1.49011024e-04,0.012207,1.4472
2794,QUAD,0.080672,0.435331,2.35450224e-04,0.015344,1.5503
2795,QUAD,0.104267,0.401564,1.97520428e-04,0.014054,1.6463
2796,QUAD,0.232653,0.436612,4.09300709e-04,0.020231,1.3844
2797,QUAD,0.910967,0.517350,1.95064463e-04,0.013967,1.7223
2798,QUAD,0.258674,0.080062,3.31204597e-04,0.018199,1.0375
2799,QUAD,0.566989,0.088559,3.74713636e-04,0.019358,1.2148
2800,QUAD,0.902610,0.453197,2.89717291e-04,0.017021,1.1377
2801,QUAD,0.903812,0.529833,2.47800254e-04,0.015742,1.3141
2802,QUAD,0.463136,0.891746,1.37987026e-04,0.011747,1.4205
2803,QUAD,0.497600,0.895328,3.58252575e-04,0.018928,1.4039
2804,QUAD,0.108122,0.300683,3.86022759e-04,0.019647,1.2574
2805,QUAD,0.825695,0.108872,2.43215340e-04,0.015595,1.1069
2806,QUAD,0.825759,0.092832,2.59501749e-04,0.016109,1.0966
2807,QUAD,0.379027,0.116870,1.24412853e-04,0.011154,1.4325
2808,QUAD,0.699855,0.480756,2.36293248e-04,0.015372,1.4590
2809,QUAD,0.516706,0.348934,1.21457106e-04,0.011021,1.2736
2810,QUAD,0.462235,0.705705,2.69578214e-04,0.016419,1.0640
2811,QUAD,0.870141,0.117530,2.30936711e-04,0.015197,1.3249
2812,QUAD,0.953275,0.240243,3.42912317e-04,0.018518,1.0842
2813,QUAD,0.409355,0.109828,2.81094182e-04,0.016766,1.2510
2814,QUAD,0.239459,0.404288,3.73807130e-04,0.019334,1.4341
2815,QUAD,0.470097,0.098345,2.07745422e-04,0.014413,1.4891
2816,QUAD,0.438096,0.133729,2.84461477e-04,0.016866,1.1139
2817,QUAD,0.416861,0.125836,2.68085655e-04,0.016373,1.1721
2818,QUAD,0.200260,0.589286,4.63833572e-04,0.021537,1.2141
2819,QUAD,0.197479,0.618858,3.90631274e-04,0.019764,1.1585
2820,QUAD,0.890184,0.183313,1.80349814e-04,0.013429,1.3355
2821,QUAD,0.912414,0.887201,2.05828618e-04,0.014347,1.5122
2822,QUAD,0.087854,0.887403,2.79504010e-04,0.016718,1.2829
2823,QUAD,0.463593,0.117299,1.98004891e-04,0.014071,1.1863
2824,QUAD,0.517295,0.087092,2.23194660e-04,0.014940,1.5227
2825,QUAD,0.466264,0.904784,2.28608779e-04,0.015120,1.1740
2826,QUAD,0.852693,0.911962,4.52738767e-04,0.021278,1.2891
2827,QUAD,0.845704,0.893635,3.83456979e-04,0.019582,1.3404
2828,QUAD,0.395213,0.255879,2.82488740e-04,0.016807,1.1111
2829,QUAD,0.687949,0.433939,2.50465120e-04,0.015826,1.2309
2830,QUAD,0.897167,0.326188,2.56839863e-04,0.016026,1.1884
2831,QUAD,0.892400,0.311392,2.78247070e-04,0.016681,1.1154
2832,QUAD,0.886394,0.248497,2.68067977e-04,0.016373,1.1972
2833,QUAD,0.140330,0.402224,2.64848351e-04,0.016274,1.1518
2834,QUAD,0.150999,0.389832,2.81259303e-04,0.016771,1.2578
2835,QUAD,0.209122,0.368276,2.28139308e-04,0.015104,1.3124
2836,QUAD,0.206520,0.385430,2.84214126e-04,0.016859,1.2758
2837,QUAD,0.692360,0.517523,1.83725623e-04,0.013555,1.3987
2838,QUAD,0.676941,0.549746,2.48303049e-04,0.015758,1.3388
2839,QUAD,0.135668,0.351082,2.99173892e-04,0.017297,1.0831
2840,QUAD,0.073767,0.318314,2.24059323e-04,0.014969,1.5043
2841,QUAD,0.099685,0.339932,2.81355501e-04,0.016774,1.0794
2842,QUAD,0.583794,0.899878,3.85339488e-04,0.019630,1.2859
2843,QUAD,0.897682,0.431098,2.75634273e-04,0.016602,1.1679
2844,QUAD,0.654963,0.088943,2.71090624e-04,0.016465,1.0526
2845,QUAD,0.144212,0.600807,2.82104141e-04,0.016796,1.1604
2846,QUAD,0.151071,0.643026,3.02797344e-04,0.017401,1.5262
2847,QUAD,0.118458,0.843394,3.20371369e-04,0.017899,1.0822
2848,QUAD,0.887888,0.512559,2.24158945e-04,0.014972,1.3459
2849,QUAD,0.646600,0.898888,2.58983668e-04,0.016093,1.1353
2850,QUAD,0.696433,0.874443,2.78362226e-04,0.016684,1.1719
2851,QUAD,0.689210,0.889643,2.41087163e-04,0.015527,1.1775
2852,QUAD,0.532080,0.646574,2.79189309e-04,0.016709,1.3945
2853,QUAD,0.547215,0.711432,2.86048470e-04,0.016913,1.1105
2854,QUAD,0.351545,0.734643,2.58010792e-04,0.016063,1.1366
2855,QUAD,0.262128,0.409178,2.49618030e-04,0.015799,1.8254
2856,QUAD,0.061896,0.583414,2.26350197e-04,0.015045,1.1982
2857,QUAD,0.065267,0.617584,3.80264318e-04,0.019500,1.2449
2858,QUAD,0.267887,0.364403,2.56543994e-04,0.016017,1.0371
2859,QUAD,0.267320,0.348332,2.47819555e-04,0.015742,1.1006
2860,QUAD,0.604201,0.671039,1.48128585e-04,0.012171,1.3556
2861,QUAD,0.810085,0.092408,2.41645604e-04,0.015545,1.4780
2862,QUAD,0.785657,0.124596,2.49105148e-04,0.015783,1.3523
2863,QUAD,0.693540,0.077161,1.97689437e-04,0.014060,1.2139
2864,QUAD,0.732988,0.121819,3.13118886e-04,0.017695,1.2696
2865,QUAD,0.310745,0.326493,2.15592855e-04,0.014683,1.6082
2866,QUAD,0.949593,0.659996,3.72944945e-04,0.019312,1.1235
2867,QUAD,0.902856,0.747512,3.00992070e-04,0.017349,1.1789
2868,QUAD,0.891183,0.465374,2.39607851e-04,0.015479,1.1473
2869,QUAD,0.829094,0.900714,2.42245565e-04,0.015564,1.4568
2870,QUAD,0.141184,0.687762,2.69208628e-04,0.016408,1.4340
2871,QUAD,0.898376,0.837135,2.81223558e-04,0.016770,1.1411
2872,QUAD,0.245696,0.865382,1.63603621e-04,0.012791,1.3975
2873,QUAD,0.114096,0.574015,2.70930909e-04,0.016460,1.4242
2874,QUAD,0.134780,0.748727,2.99889538e-04,0.017317,1.1055
2875,QUAD,0.105948,0.720559,2.08718966e-04,0.014447,1.8455
2876,QUAD,0.636633,0.390251,2.20520409e-04,0.014850,1.1510
2877,QUAD,0.667080,0.378624,2.88518915e-04,0.016986,1.0759
2878,QUAD,0.273070,0.859007,2.60368647e-04,0.016136,1.1567
2879,QUAD,0.064156,0.434828,3.06247746e-04,0.017500,1.1533
2880,QUAD,0.548203,0.049660,3.59530666e-04,0.018961,1.1787
2881,QUAD,0.093154,0.594200,2.02020091e-04,0.014213,1.2420
2882,QUAD,0.673930,0.049108,3.36891040e-04,0.018355,1.2694
2883,QUAD,0.107275,0.249681,2.64444725e-04,0.016262,1.2803
2884,QUAD,0.221406,0.406577,3.97207943e-04,0.019930,1.4107
2885,QUAD,0.694533,0.532621,2.79047135e-04,0.016705,1.2064
2886,QUAD,0.686837,0.582911,2.21756657e-04,0.014891,1.9222
2887,QUAD,0.647489,0.636378,2.80916724e-04,0.016761,1.0652
2888,QUAD,0.868852,0.133466,2.85685087e-04,0.016902,1.0695
2889,QUAD,0.158123,0.347046,2.62385585e-04,0.016198,1.1936
2890,QUAD,0.403569,0.132540,2.37458654e-04,0.015410,1.2640
2891,QUAD,0.460859,0.137504,2.78514720e-04,0.016689,1.2570
2892,QUAD,0.446638,0.148303,2.98249374e-04,0.017270,1.1784
2893,QUAD,0.812195,0.124779,2.09665739e-04,0.014480,1.1338
2894,QUAD,0.451974,0.906813,2.05943639e-04,0.014351,1.1390
2895,QUAD,0.471527,0.861371,2.07798850e-04,0.014415,1.2467
2896,QUAD,0.122991,0.339188,2.96281466e-04,0.017213,1.0427
2897,QUAD,0.364172,0.139393,1.86205039e-04,0.013646,1.1019
2898,QUAD,0.096958,0.314912,3.24678021e-04,0.018019,1.1018
2899,QUAD,0.455311,0.727654,2.92959994e-04,0.017116,1.1163
2900,QUAD,0.315604,0.313291,1.91056526e-04,0.013822,1.4229
2901,QUAD,0.709515,0.091795,2.79057863e-04,0.016705,1.1668
2902,QUAD,0.677886,0.088523,2.92301097e-04,0.017097,1.5125
2903,QUAD,0.713455,0.471975,2.46756580e-04,0.015708,1.1071
2904,QUAD,0.887847,0.527098,2.49086323e-04,0.015782,1.2235
2905,QUAD,0.884697,0.499933,1.49223154e-04,0.012216,1.2452
2906,QUAD,0.178706,0.089640,2.60548387e-04,0.016142,1.2796
2907,QUAD,0.852030,0.131699,3.01148481e-04,0.017354,1.3295
2908,QUAD,0.685250,0.482384,2.63662282e-04,0.016238,1.3356
2909,QUAD,0.525373,0.278490,3.85507219e-04,0.019634,1.4988
2910,QUAD,0.371888,0.257140,2.78249989e-04,0.016681,1.1156
2911,QUAD,0.517047,0.102995,3.13016000e-04,0.017692,1.1807
2912,QUAD,0.530428,0.080775,2.29730218e-04,0.015157,1.5440
2913,QUAD,0.935479,0.681647,3.01628806e-04,0.017367,1.1009
2914,QUAD,0.953170,0.678491,3.39534032e-04,0.018426,1.0749
2915,QUAD,0.342857,0.870657,3.82567681e-04,0.019559,1.4342
2916,QUAD,0.359591,0.871295,2.73212853e-04,0.016529,1.2134
2917,QUAD,0.348413,0.281483,2.29521753e-04,0.015150,1.2039
2918,QUAD,0.950681,0.394492,3.59518234e-04,0.018961,1.0687
2919,QUAD,0.932424,0.391156,3.18960193e-04,0.017859,1.1102
2920,QUAD,0.660857,0.549276,2.37407675e-04,0.015408,1.1891
2921,QUAD,0.662512,0.562825,1.56932510e-04,0.012527,1.3079
2922,QUAD,0.131611,0.415286,2.14466982e-04,0.014645,1.5661
2923,QUAD,0.138571,0.377129,3.39893743e-04,0.018436,1.0865
2924,QUAD,0.920588,0.286435,2.95248699e-04,0.017183,1.6306
2925,QUAD,0.914378,0.323160,2.95065658e-04,0.017177,1.1679
2926,QUAD,0.396764,0.726057,2.89009203e-04,0.017000,1.1196
2927,QUAD,0.329456,0.736774,2.43148313e-04,0.015593,1.4668
2928,QUAD,0.902544,0.250456,2.47465504e-04,0.015731,1.2439
2929,QUAD,0.223091,0.368759,2.43351998e-04,0.015600,1.2482
2930,QUAD,0.680867,0.421811,2.21011152e-04,0.014866,1.3482
2931,QUAD,0.542832,0.627206,2.12367628e-04,0.014573,1.2433
2932,QUAD,0.635557,0.909942,2.68390509e-04,0.016383,1.1392
2933,QUAD,0.735067,0.138891,2.35476698e-04,0.015345,1.2442
2934,QUAD,0.716270,0.125961,3.00527841e-04,0.017336,1.1152
2935,QUAD,0.711255,0.881516,3.18089527e-04,0.017835,1.1968
2936,QUAD,0.709764,0.918639,2.37554097e-04,0.015413,1.1953
2937,QUAD,0.202474,0.885427,3.26423531e-04,0.018067,1.2975
2938,QUAD,0.905337,0.780592,2.92406771e-04,0.017100,1.3701
2939,QUAD,0.620547,0.652841,2.15919198e-04,0.014694,1.1108
2940,QUAD,0.213838,0.920601,2.80600646e-04,0.016751,1.2518
2941,QUAD,0.704668,0.459339,2.45438497e-04,0.015666,1.0803
2942,QUAD,0.717250,0.450567,2.24245923e-04,0.014975,1.0592
2943,QUAD,0.322520,0.120437,2.66942422e-04,0.016338,1.1367
2944,QUAD,0.292049,0.100403,3.19875465e-04,0.017885,1.1594
2945,QUAD,0.700063,0.548496,2.95805118e-04,0.017199,1.1211
2946,QUAD,0.667516,0.573716,1.72242523e-04,0.013124,1.5271
2947,QUAD,0.084856,0.209765,2.13628150e-04,0.014616,1.3669
2948,QUAD,0.072637,0.190919,2.57002227e-04,0.016031,1.3440
2949,QUAD,0.407712,0.712107,3.60189094e-04,0.018979,1.3933
2950,QUAD,0.874573,0.436530,2.38425900e-04,0.015441,1.0742
2951,QUAD,0.889235,0.410672,2.41870011e-04,0.015552,1.1939
2952,QUAD,0.146047,0.337141,2.76674696e-04,0.016634,1.1386
2953,QUAD,0.149085,0.362325,3.20937542e-04,0.017915,1.2114
2954,QUAD,0.436508,0.921908,2.39426162e-04,0.015473,1.1973
2955,QUAD,0.546281,0.136216,2.03856712e-04,0.014278,1.4367
2956,QUAD,0.517971,0.137134,2.81612610e-04,0.016781,1.2471
2957,QUAD,0.501916,0.139714,2.89483177e-04,0.017014,1.2030
2958,QUAD,0.876018,0.828885,2.84553476e-04,0.016869,1.1251
2959,QUAD,0.723476,0.903236,2.29790420e-04,0.015159,1.2333
2960,QUAD,0.717146,0.506707,2.49835614e-04,0.015806,1.0491
2961,QUAD,0.731375,0.498054,2.85081930e-04,0.016884,1.0930
2962,QUAD,0.419164,0.726155,2.43302971e-04,0.015598,1.3112
2963,QUAD,0.382872,0.716142,3.06805315e-04,0.017516,1.0916
2964,QUAD,0.919196,0.239120,2.34142689e-04,0.015302,1.2738
2965,QUAD,0.407555,0.243535,2.81264861e-04,0.016771,1.1812
2966,QUAD,0.408761,0.148834,2.86691522e-04,0.016932,1.2183
2967,QUAD,0.834738,0.879568,2.66842343e-04,0.016335,1.0610
2968,QUAD,0.541781,0.090698,3.09479547e-04,0.017592,1.2708
2969,QUAD,0.876742,0.178986,1.80420950e-04,0.013432,1.1830
2970,QUAD,0.860965,0.205658,2.48393381e-04,0.015761,1.1234
2971,QUAD,0.736310,0.474995,2.78188030e-04,0.016679,1.1248
2972,QUAD,0.291070,0.324251,2.06527581e-04,0.014371,1.3962
2973,QUAD,0.302577,0.315707,2.13232331e-04,0.014602,1.4176
2974,QUAD,0.177267,0.862043,2.88192280e-04,0.016976,1.4933
2975,QUAD,0.728575,0.443027,1.56433826e-04,0.012507,1.3543
2976,QUAD,0.865926,0.163597,1.80303500e-04,0.013428,1.3182
2977,QUAD,0.212622,0.606327,3.90430801e-04,0.019759,1.0558
2978,QUAD,0.883176,0.151585,2.55515003e-04,0.015985,1.0787
2979,QUAD,0.440517,0.891112,1.90342443e-04,0.013796,1.2500
2980,QUAD,0.485390,0.712632,2.78554183e-04,0.016690,1.0374
2981,QUAD,0.463337,0.743665,3.31103614e-04,0.018196,1.2615
2982,QUAD,0.873065,0.526597,1.72281014e-04,0.013126,1.2214
2983,QUAD,0.873463,0.513867,1.65819657e-04,0.012877,1.1103
2984,QUAD,0.378360,0.154345,2.30338458e-04,0.015177,1.1292
2985,QUAD,0.786528,0.069309,3.91029947e-04,0.019774,1.3303
2986,QUAD,0.809763,0.108685,2.79290220e-04,0.016712,1.3671
2987,QUAD,0.693068,0.093581,3.09055464e-04,0.017580,1.4472
2988,QUAD,0.064857,0.297016,3.27178937e-04,0.018088,1.2169
2989,QUAD,0.081955,0.304201,3.18101775e-04,0.017835,1.2296
2990,QUAD,0.656131,0.651513,3.04626519e-04,0.017454,1.1599
2991,QUAD,0.905215,0.417263,2.80123331e-04,0.016737,1.1987
2992,QUAD,0.511647,0.252226,3.40552697e-04,0.018454,1.4153
2993,QUAD,0.484085,0.271832,1.62949656e-04,0.012765,1.6041
2994,QUAD,0.390571,0.137553,1.97476852e-04,0.014053,1.2434
2995,QUAD,0.395326,0.878952,3.30894830e-04,0.018191,1.2488
2996,QUAD,0.890415,0.484720,1.62698805e-04,0.012755,1.3493
2997,QUAD,0.126902,0.391134,3.34575418e-04,0.018291,1.1240
2998,QUAD,0.531567,0.119300,2.08207173e-04,0.014429,1.4261
2999,QUAD,0.516152,0.120235,2.72846154e-04,0.016518,1.1313
3000,QUAD,0.177433,0.376043,2.37309033e-04,0.015405,1.0880
3001,QUAD,0.195668,0.366094,2.09467930e-04,0.014473,1.2738
3002,QUAD,0.314966,0.733993,2.58052725e-04,0.016064,1.5379
3003,QUAD,0.360030,0.269700,2.61790636e-04,0.016180,1.1441
3004,QUAD,0.349958,0.314536,2.27297567e-04,0.015076,1.3371
3005,QUAD,0.701477,0.423221,2.90693019e-04,0.017050,1.3332
3006,QUAD,0.609662,0.660793,1.49517149e-04,0.012228,1.3971
3007,QUAD,0.739389,0.154313,2.13358207e-04,0.014607,1.3422
3008,QUAD,0.879397,0.792997,2.03474542e-04,0.014264,1.3029
3009,QUAD,0.223943,0.335839,2.17211275e-04,0.014738,1.1589
3010,QUAD,0.886170,0.729987,2.74540775e-04,0.016569,1.1562
3011,QUAD,0.532241,0.910426,3.12257466e-04,0.017671,1.1467
3012,QUAD,0.548810,0.907174,3.08640376e-04,0.017568,1.0848
3013,QUAD,0.498361,0.874789,3.21843772e-04,0.017940,1.5892
3014,QUAD,0.440557,0.734137,2.69470581e-04,0.016416,1.1903
3015,QUAD,0.432384,0.718571,2.82262920e-04,0.016801,1.1863
3016,QUAD,0.920825,0.700358,2.64906848e-04,0.016276,1.1402
3017,QUAD,0.918627,0.684981,2.57602150e-04,0.016050,1.1483
3018,QUAD,0.273267,0.118444,3.27443576e-04,0.018095,1.2145
3019,QUAD,0.849158,0.495581,2.50086609e-04,0.015814,1.2747
3020,QUAD,0.182778,0.361576,2.09725626e-04,0.014482,1.1962
3021,QUAD,0.885152,0.343034,1.89704610e-04,0.013773,1.5121
3022,QUAD,0.583709,0.127803,4.65258667e-04,0.021570,1.2842
3023,QUAD,0.442175,0.173910,3.51554919e-04,0.018750,1.3246
3024,QUAD,0.387687,0.740716,2.90295773e-04,0.017038,1.0831
3025,QUAD,0.163327,0.370292,2.63325300e-04,0.016227,1.2948
3026,QUAD,0.188516,0.327851,2.56356761e-04,0.016011,1.3635
3027,QUAD,0.731918,0.535601,2.88823585e-04,0.016995,1.0408
3028,QUAD,0.710150,0.527670,2.48271111e-04,0.015757,1.1242
3029,QUAD,0.914753,0.670215,2.52413117e-04,0.015888,1.1658
3030,QUAD,0.931430,0.665089,3.11351946e-04,0.017645,1.1644
3031,QUAD,0.102172,0.273409,4.15562578e-04,0.020385,1.4666
3032,QUAD,0.378973,0.755918,3.35975338e-04,0.018330,1.1707
3033,QUAD,0.602929,0.684935,2.27955459e-04,0.015098,1.2123
3034,QUAD,0.069490,0.279343,4.45996015e-04,0.021119,1.4046
3035,QUAD,0.904334,0.701726,2.29421863e-04,0.015147,1.2392
3036,QUAD,0.661688,0.627709,2.84675325e-04,0.016872,1.0573
3037,QUAD,0.668250,0.604849,2.66161535e-04,0.016314,1.2126
3038,QUAD,0.865631,0.449097,2.35294643e-04,0.015339,1.0544
3039,QUAD,0.849932,0.149407,3.05656569e-04,0.017483,1.2800
3040,QUAD,0.880697,0.476770,1.99031976e-04,0.014108,1.2108
3041,QUAD,0.859820,0.880697,3.67514360e-04,0.019171,1.2802
3042,QUAD,0.350667,0.138052,1.97885126e-04,0.014067,1.0587
3043,QUAD,0.393421,0.152833,2.56495184e-04,0.016015,1.1726
3044,QUAD,0.828633,0.136647,2.03221076e-04,0.014256,1.6255
3045,QUAD,0.494158,0.727141,2.99738981e-04,0.017313,1.0688
3046,QUAD,0.666897,0.102260,3.55647433e-04,0.018859,1.2374
3047,QUAD,0.409505,0.214713,1.79508729e-04,0.013398,1.3141
3048,QUAD,0.424406,0.903931,2.33800813e-04,0.015291,1.4452
3049,QUAD,0.426971,0.886799,2.75529969e-04,0.016599,1.3032
3050,QUAD,0.727348,0.888188,3.16002989e-04,0.017776,1.3828
3051,QUAD,0.740966,0.936074,3.22545939e-04,0.017960,1.1104
3052,QUAD,0.476217,0.280599,1.58764368e-04,0.012600,1.6041
3053,QUAD,0.539498,0.263850,4.03227849e-04,0.020081,1.1769
3054,QUAD,0.375128,0.868703,2.49935147e-04,0.015809,1.1821
3055,QUAD,0.315484,0.283001,2.39625284e-04,0.015480,1.2383
3056,QUAD,0.314396,0.298318,2.08866915e-04,0.014452,1.1238
3057,QUAD,0.343064,0.747777,2.80420455e-04,0.016746,1.2341
3058,QUAD,0.321188,0.747781,2.14978113e-04,0.014662,1.3265
3059,QUAD,0.156710,0.323123,2.70862951e-04,0.016458,1.2443
3060,QUAD,0.917285,0.223602,2.86869115e-04,0.016937,1.1745
3061,QUAD,0.887769,0.715257,2.33884636e-04,0.015293,1.2640
3062,QUAD,0.904522,0.716265,2.53987689e-04,0.015937,1.2040
3063,QUAD,0.120051,0.860280,2.69340725e-04,0.016412,1.1564
3064,QUAD,0.160546,0.858774,3.13163174e-04,0.017696,1.7641
3065,QUAD,0.431211,0.159275,3.75088821e-04,0.019367,1.2808
3066,QUAD,0.207909,0.560880,3.85110097e-04,0.019624,1.0778
3067,QUAD,0.866842,0.743172,2.88490605e-04,0.016985,1.0505
3068,QUAD,0.329736,0.310646,2.49153279e-04,0.015785,1.4424
3069,QUAD,0.700051,0.130863,3.15274519e-04,0.017756,1.1707
3070,QUAD,0.759076,0.140713,1.40845549e-04,0.011868,1.3032
3071,QUAD,0.737948,0.452834,2.19338559e-04,0.014810,1.1643
3072,QUAD,0.707636,0.493898,2.81999201e-04,0.016793,1.2445
3073,QUAD,0.209893,0.335834,2.33698446e-04,0.015287,1.4361
3074,QUAD,0.675595,0.408751,2.45048804e-04,0.015654,1.1701
3075,QUAD,0.546619,0.889272,2.94932918e-04,0.017174,1.1126
3076,QUAD,0.928512,0.408260,3.34817726e-04,0.018298,1.1799
3077,QUAD,0.513928,0.875343,2.79963308e-04,0.016732,1.3121
3078,QUAD,0.253836,0.133741,2.83565092e-04,0.016839,1.1533
3079,QUAD,0.178456,0.341083,2.12593043e-04,0.014581,1.3076
3080,QUAD,0.332275,0.760062,3.05327119e-04,0.017474,1.2183
3081,QUAD,0.901229,0.369376,2.28642032e-04,0.015121,1.2197
3082,QUAD,0.446912,0.750710,3.28346942e-04,0.018120,1.2617
3083,QUAD,0.868763,0.469371,2.29919435e-04,0.015163,1.1182
3084,QUAD,0.843442,0.453711,2.30146350e-04,0.015171,1.0575
3085,QUAD,0.362579,0.169149,2.42497643e-04,0.015572,1.1379
3086,QUAD,0.348454,0.166437,1.95255242e-04,0.013973,1.1353
3087,QUAD,0.689302,0.567347,2.89808258e-04,0.017024,1.5177
3088,QUAD,0.691632,0.611425,2.57945859e-04,0.016061,1.1824
3089,QUAD,0.683977,0.633742,2.66837992e-04,0.016335,1.0860
3090,QUAD,0.362671,0.781840,2.20281630e-04,0.014842,1.3498
3091,QUAD,0.408817,0.736110,2.07252619e-04,0.014396,1.3317
3092,QUAD,0.415310,0.754050,2.13134922e-04,0.014599,1.3576
3093,QUAD,0.874561,0.191092,1.72240051e-04,0.013124,1.3480
3094,QUAD,0.286444,0.701686,3.50013065e-04,0.018709,1.3930
3095,QUAD,0.322963,0.693287,3.15765831e-04,0.017770,1.4057
3096,QUAD,0.800620,0.481352,2.67150098e-04,0.016345,1.0597
3097,QUAD,0.836611,0.486978,2.48049392e-04,0.015750,1.0815
3098,QUAD,0.677194,0.118737,3.81404508e-04,0.019530,1.2612
3099,QUAD,0.348220,0.852055,2.55387083e-04,0.015981,1.9240
3100,QUAD,0.306828,0.870194,2.92993956e-04,0.017117,1.1145
3101,QUAD,0.304841,0.852868,3.03446311e-04,0.017420,1.0854
3102,QUAD,0.486345,0.748341,2.24229265e-04,0.014974,1.3377
3103,QUAD,0.922532,0.424670,3.44230304e-04,0.018553,1.2286
3104,QUAD,0.850330,0.739599,2.62665521e-04,0.016207,1.0974
3105,QUAD,0.470424,0.150913,3.11086057e-04,0.017638,1.2070
3106,QUAD,0.523701,0.152819,2.70826119e-04,0.016457,1.1809
3107,QUAD,0.615568,0.670808,1.45638041e-04,0.012068,1.3437
3108,QUAD,0.345938,0.215497,2.45707842e-04,0.015675,1.2851
3109,QUAD,0.266423,0.316352,2.30650130e-04,0.015187,1.1886
3110,QUAD,0.738120,0.168821,2.65064326e-04,0.016281,1.2710
3111,QUAD,0.764670,0.128433,2.46759091e-04,0.015709,1.2698
3112,QUAD,0.724073,0.936152,2.89617021e-04,0.017018,1.1276
3113,QUAD,0.337705,0.271922,2.49121105e-04,0.015784,1.2956
3114,QUAD,0.716332,0.542577,2.92287843e-04,0.017096,1.0373
3115,QUAD,0.152041,0.877189,1.33898511e-04,0.011571,1.2603
3116,QUAD,0.237317,0.318622,2.31837953e-04,0.015226,1.1982
3117,QUAD,0.233912,0.567967,3.68636658e-04,0.019200,1.0262
3118,QUAD,0.253803,0.601837,3.46613450e-04,0.018618,1.2044
3119,QUAD,0.239213,0.611602,3.53701550e-04,0.018807,1.1789
3120,QUAD,0.896134,0.213443,2.58888562e-04,0.016090,1.1473
3121,QUAD,0.749108,0.463485,2.85988598e-04,0.016911,1.1431
3122,QUAD,0.739400,0.512565,2.87656672e-04,0.016960,1.0664
3123,QUAD,0.670333,0.642652,2.88157846e-04,0.016975,1.1770
3124,QUAD,0.838088,0.858853,1.92069699e-04,0.013859,1.2211
3125,QUAD,0.846342,0.839591,2.51256595e-04,0.015851,1.1769
3126,QUAD,0.736182,0.433843,1.57875406e-04,0.012565,1.3698
3127,QUAD,0.726306,0.462798,2.37100221e-04,0.015398,1.0965
3128,QUAD,0.861099,0.525317,1.09372637e-04,0.010458,1.4241
3129,QUAD,0.305807,0.138195,2.97926529e-04,0.017261,1.1585
3130,QUAD,0.273703,0.170920,4.33473728e-04,0.020820,1.4690
3131,QUAD,0.894590,0.397237,2.41715441e-04,0.015547,1.2129
3132,QUAD,0.528466,0.857482,2.25238098e-04,0.015008,1.2604
3133,QUAD,0.395199,0.188596,3.70479129e-04,0.019248,1.2313
3134,QUAD,0.430234,0.753798,2.45939117e-04,0.015682,1.2227
3135,QUAD,0.792108,0.180588,3.35279629e-04,0.018311,1.1152
3136,QUAD,0.768068,0.183087,2.80082516e-04,0.016736,1.1301
3137,QUAD,0.299985,0.283836,2.43132548e-04,0.015593,1.0910
3138,QUAD,0.315818,0.268829,1.83372113e-04,0.013541,1.5137
3139,QUAD,0.918238,0.355519,2.72097399e-04,0.016495,1.0998
3140,QUAD,0.902120,0.355012,2.25837333e-04,0.015028,1.1540
3141,QUAD,0.880538,0.330156,2.52185207e-04,0.015880,1.2701
3142,QUAD,0.156958,0.840505,4.01274586e-04,0.020032,1.3257
3143,QUAD,0.184645,0.822287,2.77256077e-04,0.016651,1.4672
3144,QUAD,0.698099,0.626092,2.55773362e-04,0.015993,1.1103
3145,QUAD,0.662142,0.667977,2.73749068e-04,0.016545,1.4227
3146,QUAD,0.307912,0.155182,2.63913744e-04,0.016245,1.1731
3147,QUAD,0.350038,0.152292,1.92606900e-04,0.013878,1.0708
3148,QUAD,0.819431,0.437180,2.00928944e-04,0.014175,1.0568
3149,QUAD,0.848077,0.422661,1.92459838e-04,0.013873,1.0828
3150,QUAD,0.426786,0.739416,1.99668774e-04,0.014130,1.3270
3151,QUAD,0.869423,0.539896,2.08696823e-04,0.014446,1.4248
3152,QUAD,0.734654,0.870996,3.71241513e-04,0.019268,1.2587
3153,QUAD,0.761554,0.475560,3.61901398e-04,0.019024,1.2466
3154,QUAD,0.746810,0.528053,2.88841156e-04,0.016995,1.0746
3155,QUAD,0.861880,0.778328,3.36193311e-04,0.018336,1.2628
3156,QUAD,0.871805,0.711611,2.49757482e-04,0.015804,1.2458
3157,QUAD,0.385681,0.781856,3.60319318e-04,0.018982,1.2964
3158,QUAD,0.852414,0.166030,2.32109325e-04,0.015235,1.6731
3159,QUAD,0.306962,0.886376,2.19738487e-04,0.014824,1.2170
3160,QUAD,0.473751,0.756605,2.52813857e-04,0.015900,1.5860
3161,QUAD,0.832056,0.845539,2.41518571e-04,0.015541,1.0557
3162,QUAD,0.491728,0.157658,2.11351527e-04,0.014538,1.2191
3163,QUAD,0.478824,0.165479,2.51558274e-04,0.015861,1.1278
3164,QUAD,0.403821,0.893074,2.99286475e-04,0.017300,1.2921
3165,QUAD,0.424608,0.860662,2.69775405e-04,0.016425,1.3149
3166,QUAD,0.434479,0.871478,2.33594942e-04,0.015284,1.4659
3167,QUAD,0.777146,0.139374,3.07060123e-04,0.017523,1.4017
3168,QUAD,0.349109,0.259161,2.54865156e-04,0.015964,1.1882
3169,QUAD,0.899569,0.674686,2.02057584e-04,0.014215,1.2102
3170,QUAD,0.566676,0.129696,2.73996440e-04,0.016553,1.8104
3171,QUAD,0.546040,0.157625,2.66747745e-04,0.016332,1.1815
3172,QUAD,0.578128,0.105977,4.13241540e-04,0.020328,1.3357
3173,QUAD,0.299683,0.740661,3.42844112e-04,0.018516,1.2489
3174,QUAD,0.726455,0.159233,2.44753765e-04,0.015645,1.4979
3175,QUAD,0.641336,0.658902,2.58109694e-04,0.016066,1.0641
3176,QUAD,0.289907,0.119720,3.29589006e-04,0.018155,1.2288
3177,QUAD,0.336599,0.136922,2.14535386e-04,0.014647,1.0620
3178,QUAD,0.135689,0.822873,3.82846288e-04,0.019566,1.1586
3179,QUAD,0.223130,0.855460,2.64965258e-04,0.016278,1.2506
3180,QUAD,0.200612,0.859283,3.07144022e-04,0.017526,1.0885
3181,QUAD,0.690325,0.154302,3.01306579e-04,0.017358,1.0998
3182,QUAD,0.128637,0.270464,2.75645342e-04,0.016603,1.4825
3183,QUAD,0.858354,0.244175,1.96409910e-04,0.014015,1.5182
3184,QUAD,0.880170,0.218089,2.46031456e-04,0.015685,1.1331
3185,QUAD,0.235931,0.636919,2.97642574e-04,0.017252,1.1660
3186,QUAD,0.706294,0.565064,3.36045036e-04,0.018332,1.2519
3187,QUAD,0.724759,0.520632,2.61929185e-04,0.016184,1.0658
3188,QUAD,0.661818,0.362147,3.43802649e-04,0.018542,1.1778
3189,QUAD,0.308662,0.756602,2.84040291e-04,0.016853,1.1304
3190,QUAD,0.464070,0.873728,1.83077337e-04,0.013531,1.1190
3191,QUAD,0.474559,0.883726,2.52066122e-04,0.015877,1.3559
3192,QUAD,0.720671,0.142996,2.72265597e-04,0.016500,1.2200
3193,QUAD,0.753953,0.174211,2.89652701e-04,0.017019,1.1724
3194,QUAD,0.729419,0.199956,1.61246495e-04,0.012698,1.7322
3195,QUAD,0.453632,0.866349,1.67706941e-04,0.012950,1.1640
3196,QUAD,0.288426,0.855813,2.79585639e-04,0.016721,1.0907
3197,QUAD,0.836142,0.172003,4.12806942e-04,0.020318,1.0998
3198,QUAD,0.869127,0.564053,3.22442030e-04,0.017957,1.3442
3199,QUAD,0.721478,0.597402,2.93059434e-04,0.017119,1.0760
3200,QUAD,0.727595,0.612490,2.64983896e-04,0.016278,1.1382
3201,QUAD,0.359132,0.185016,2.77749991e-04,0.016666,1.1126
3202,QUAD,0.871049,0.362684,1.90252200e-04,0.013793,1.2826
3203,QUAD,0.876214,0.316003,2.42402416e-04,0.015569,1.1687
3204,QUAD,0.899239,0.543036,1.78501706e-04,0.013360,1.3037
3205,QUAD,0.884219,0.542083,2.38477457e-04,0.015443,1.3393
3206,QUAD,0.838760,0.508822,2.56481986e-04,0.016015,1.2940
3207,QUAD,0.466228,0.771579,3.29088666e-04,0.018141,1.3417
3208,QUAD,0.499124,0.170142,2.12760152e-04,0.014586,1.0393
3209,QUAD,0.412733,0.770742,3.44672652e-04,0.018565,1.2863
3210,QUAD,0.836016,0.416041,1.66701166e-04,0.012911,1.1322
3211,QUAD,0.868227,0.417131,2.14250606e-04,0.014637,1.1325
3212,QUAD,0.879581,0.778994,2.46607318e-04,0.015704,1.5958
3213,QUAD,0.833564,0.752025,2.03396291e-04,0.014262,1.3201
3214,QUAD,0.803215,0.860431,2.77956888e-04,0.016672,1.0907
3215,QUAD,0.848138,0.800472,3.42231155e-04,0.018499,1.2265
3216,QUAD,0.327960,0.784373,2.79430573e-04,0.016716,1.0684
3217,QUAD,0.410883,0.870269,2.92233890e-04,0.017095,1.1351
3218,QUAD,0.861010,0.834551,2.79059510e-04,0.016705,1.1479
3219,QUAD,0.395227,0.765871,3.59394285e-04,0.018958,1.2736
3220,QUAD,0.826862,0.195991,2.62804069e-04,0.016211,1.2371
3221,QUAD,0.747431,0.441080,2.14940339e-04,0.014661,1.1359
3222,QUAD,0.773767,0.460564,3.31134056e-04,0.018197,1.1463
3223,QUAD,0.262564,0.740631,2.57429054e-04,0.016045,1.1864
3224,QUAD,0.292092,0.721439,4.10685911e-04,0.020265,1.2928
3225,QUAD,0.137235,0.841957,3.63230951e-04,0.019059,1.1358
3226,QUAD,0.169918,0.818795,2.67462588e-04,0.016354,1.4038
3227,QUAD,0.752805,0.874339,3.68139988e-04,0.019187,1.2889
3228,QUAD,0.299619,0.300308,2.70349420e-04,0.016442,1.2213
3229,QUAD,0.304592,0.695460,4.49169346e-04,0.021194,1.2300
3230,QUAD,0.887680,0.689863,1.84014935e-04,0.013565,1.2744
3231,QUAD,0.680022,0.356741,3.32668314e-04,0.018239,1.0975
3232,QUAD,0.103458,0.864915,3.40577192e-04,0.018455,1.2070
3233,QUAD,0.100569,0.846780,3.17122441e-04,0.017808,1.0480
3234,QUAD,0.695934,0.170943,2.84906326e-04,0.016879,1.0568
3235,QUAD,0.085654,0.239623,2.82867944e-04,0.016819,1.2016
3236,QUAD,0.115804,0.262374,2.44062784e-04,0.015623,1.4534
3237,QUAD,0.730769,0.574737,3.33090411e-04,0.018251,1.0432
3238,QUAD,0.259174,0.575244,3.54444258e-04,0.018827,1.1409
3239,QUAD,0.304374,0.591603,2.75839568e-04,0.016608,1.3739
3240,QUAD,0.863778,0.221608,2.77931280e-04,0.016671,1.2333
3241,QUAD,0.847535,0.222895,2.52669176e-04,0.015896,1.2373
3242,QUAD,0.367065,0.819788,3.14215999e-04,0.017726,1.1446
3243,QUAD,0.372438,0.794444,2.95295732e-04,0.017184,1.1350
3244,QUAD,0.716117,0.183314,2.84632512e-04,0.016871,1.2826
3245,QUAD,0.397086,0.797186,3.84489435e-04,0.019608,1.2346
3246,QUAD,0.864532,0.795935,2.86733160e-04,0.016933,1.1834
3247,QUAD,0.838002,0.765502,2.32650198e-04,0.015253,1.5342
3248,QUAD,0.793309,0.883464,3.46881450e-04,0.018625,1.1957
3249,QUAD,0.417686,0.845987,2.56195397e-04,0.016006,1.0820
3250,QUAD,0.325331,0.164926,1.44337569e-04,0.012014,1.4208
3251,QUAD,0.822700,0.796694,2.07394236e-04,0.014401,1.6113
3252,QUAD,0.436704,0.799931,2.71825678e-04,0.016487,1.5067
3253,QUAD,0.431277,0.785957,2.45969114e-04,0.015683,1.2748
3254,QUAD,0.376441,0.188940,3.64995496e-04,0.019105,1.2672
3255,QUAD,0.336319,0.194546,3.08424584e-04,0.017562,1.2729
3256,QUAD,0.413313,0.202023,1.99936268e-04,0.014140,1.4852
3257,QUAD,0.897416,0.576114,1.33455967e-04,0.011552,1.5500
3258,QUAD,0.884808,0.555315,2.06811910e-04,0.014381,1.7095
3259,QUAD,0.483873,0.869553,2.96231508e-04,0.017211,1.5592
3260,QUAD,0.292190,0.888965,2.43212956e-04,0.015595,1.1116
3261,QUAD,0.314687,0.793308,2.63509036e-04,0.016233,1.1016
3262,QUAD,0.915070,0.387388,2.75385302e-04,0.016595,1.1686
3263,QUAD,0.307710,0.193511,3.29114633e-04,0.018142,1.2439
3264,QUAD,0.768835,0.206997,2.62960749e-04,0.016216,1.1633
3265,QUAD,0.691148,0.648578,2.75924239e-04,0.016611,1.3631
3266,QUAD,0.285738,0.822957,1.85357004e-04,0.013615,1.7486
3267,QUAD,0.260296,0.878619,2.47286333e-04,0.015725,1.1298
3268,QUAD,0.285394,0.838439,2.94866781e-04,0.017172,1.2566
3269,QUAD,0.860227,0.399199,1.87555339e-04,0.013695,1.1689
3270,QUAD,0.854783,0.411061,1.87351967e-04,0.013688,1.1233
3271,QUAD,0.805323,0.166675,3.90176171e-04,0.019753,1.2705
3272,QUAD,0.767010,0.435802,1.94718645e-04,0.013954,1.6225
3273,QUAD,0.776166,0.485778,3.26208052e-04,0.018061,1.3565
3274,QUAD,0.372016,0.854437,1.60166469e-04,0.012656,1.3600
3275,QUAD,0.411216,0.918683,1.45776906e-04,0.012074,1.6079
3276,QUAD,0.378294,0.885638,3.34219346e-04,0.018282,1.1480
3277,QUAD,0.873909,0.869375,3.42629067e-04,0.018510,1.2034
3278,QUAD,0.519330,0.733999,3.71365716e-04,0.019271,1.1974
3279,QUAD,0.713364,0.581815,3.46554832e-04,0.018616,1.1612
3280,QUAD,0.749606,0.640803,2.84657140e-04,0.016872,1.1503
3281,QUAD,0.718157,0.631967,1.96349597e-04,0.014012,1.2282
3282,QUAD,0.838502,0.687279,3.16386904e-04,0.017787,1.1095
3283,QUAD,0.858703,0.674320,2.84178842e-04,0.016858,1.1250
3284,QUAD,0.112895,0.229928,2.00237236e-04,0.014151,1.5537
3285,QUAD,0.724253,0.389463,3.46117021e-04,0.018604,1.2631
3286,QUAD,0.741800,0.420574,2.66915731e-04,0.016338,1.2906
3287,QUAD,0.349893,0.790398,2.80920276e-04,0.016761,1.1087
3288,QUAD,0.174054,0.834374,2.87014460e-04,0.016942,1.4595
3289,QUAD,0.287565,0.765336,2.62374494e-04,0.016198,1.4290
3290,QUAD,0.869440,0.302013,2.79832869e-04,0.016728,1.3486
3291,QUAD,0.864733,0.332203,1.85362579e-04,0.013615,1.7587
3292,QUAD,0.657705,0.344669,3.30234395e-04,0.018172,1.2452
3293,QUAD,0.778404,0.550620,2.98736328e-04,0.017284,1.1670
3294,QUAD,0.747839,0.567739,3.42662762e-04,0.018511,1.0758
3295,QUAD,0.287624,0.621919,1.99145768e-04,0.014112,1.4600
3296,QUAD,0.738290,0.208453,1.72447547e-04,0.013132,1.4895
3297,QUAD,0.492898,0.786382,2.56559339e-04,0.016017,1.6173
3298,QUAD,0.854765,0.817850,2.85792378e-04,0.016905,1.1545
3299,QUAD,0.832551,0.808489,3.08887043e-04,0.017575,1.2929
3300,QUAD,0.414227,0.789448,3.70012920e-04,0.019236,1.2951
3301,QUAD,0.420529,0.806871,3.04353090e-04,0.017446,1.0989
3302,QUAD,0.390139,0.823669,2.95445435e-04,0.017189,1.1041
3303,QUAD,0.833884,0.736973,2.70264088e-04,0.016440,1.1264
3304,QUAD,0.818176,0.753546,2.86836335e-04,0.016936,1.2486
3305,QUAD,0.805283,0.825181,2.14249617e-04,0.014637,1.1041
3306,QUAD,0.825635,0.831420,2.53186762e-04,0.015912,1.0620
3307,QUAD,0.268559,0.283464,2.73973061e-04,0.016552,1.0525
3308,QUAD,0.283553,0.301037,2.90014081e-04,0.017030,1.1939
3309,QUAD,0.850921,0.574100,4.03121138e-04,0.020078,1.4734
3310,QUAD,0.398836,0.205767,2.81785671e-04,0.016786,1.7125
3311,QUAD,0.369896,0.207086,3.68232188e-04,0.019189,1.3293
3312,QUAD,0.802330,0.758845,2.97080113e-04,0.017236,1.2016
3313,QUAD,0.738219,0.591027,3.27384659e-04,0.018094,1.0694
3314,QUAD,0.744245,0.607407,3.08643827e-04,0.017568,1.1216
3315,QUAD,0.353060,0.200610,2.93341609e-04,0.017127,1.0817
3316,QUAD,0.882912,0.379291,2.10020021e-04,0.014492,1.2623
3317,QUAD,0.767682,0.854816,2.53407957e-04,0.015919,1.1673
3318,QUAD,0.770749,0.871713,3.10776528e-04,0.017629,1.1454
3319,QUAD,0.414614,0.185756,3.69892469e-04,0.019233,1.2536
3320,QUAD,0.875201,0.350642,1.72733770e-04,0.013143,1.5610
3321,QUAD,0.851707,0.327812,1.70778558e-04,0.013068,1.6153
3322,QUAD,0.825366,0.248975,2.33891766e-04,0.015294,1.3400
3323,QUAD,0.358581,0.805100,2.89182664e-04,0.017005,1.0838
3324,QUAD,0.797233,0.845450,2.47026462e-04,0.015717,1.0720
3325,QUAD,0.749115,0.202819,1.86871843e-04,0.013670,1.4478
3326,QUAD,0.291174,0.160375,3.73632025e-04,0.019330,1.2490
3327,QUAD,0.322313,0.184681,2.82772702e-04,0.016816,1.3717
3328,QUAD,0.510879,0.194692,2.21828668e-04,0.014894,1.6381
3329,QUAD,0.507007,0.181869,1.79374417e-04,0.013393,1.2394
3330,QUAD,0.779220,0.435749,1.86993272e-04,0.013675,1.6426
3331,QUAD,0.786545,0.448326,2.72426120e-04,0.016505,1.2933
3332,QUAD,0.782859,0.527218,2.66426288e-04,0.016323,1.1978
3333,QUAD,0.747038,0.488400,3.48729992e-04,0.018674,1.2529
3334,QUAD,0.703916,0.201374,1.90900369e-04,0.013817,1.2106
3335,QUAD,0.488415,0.762443,2.58205995e-04,0.016069,1.5783
3336,QUAD,0.392642,0.906262,2.19674839e-04,0.014821,1.9106
3337,QUAD,0.705471,0.640602,2.68322599e-04,0.016381,1.3639
3338,QUAD,0.258740,0.862613,2.25201333e-04,0.015007,1.1929
3339,QUAD,0.803835,0.193125,3.00674612e-04,0.017340,1.1960
3340,QUAD,0.831913,0.152727,3.71480936e-04,0.019274,1.1555
3341,QUAD,0.116313,0.825310,3.72170729e-04,0.019292,1.2550
3342,QUAD,0.852355,0.723541,2.81963512e-04,0.016792,1.0840
3343,QUAD,0.856678,0.690556,3.06673639e-04,0.017512,1.1795
3344,QUAD,0.241121,0.741076,2.20675292e-04,0.014855,1.1967
3345,QUAD,0.255054,0.691908,2.66001628e-04,0.016310,1.2024
3346,QUAD,0.262273,0.678623,2.44559675e-04,0.015638,1.1560
3347,QUAD,0.706860,0.396459,3.23080332e-04,0.017974,1.1020
3348,QUAD,0.675265,0.339249,3.40008703e-04,0.018439,1.0573
3349,QUAD,0.651399,0.384694,2.55113536e-04,0.015972,1.1012
3350,QUAD,0.635108,0.358762,2.44443606e-04,0.015635,1.2971
3351,QUAD,0.790521,0.565629,3.92181043e-04,0.019804,1.4227
3352,QUAD,0.778916,0.220606,3.44289962e-04,0.018555,1.3588
3353,QUAD,0.321736,0.136889,2.43104602e-04,0.015592,1.1078
3354,QUAD,0.283592,0.186362,3.20550711e-04,0.017904,1.1982
3355,QUAD,0.688618,0.316111,3.58232097e-04,0.018927,1.3052
3356,QUAD,0.692357,0.334192,3.16022080e-04,0.017777,1.1084
3357,QUAD,0.908633,0.575905,1.30035442e-04,0.011403,1.4147
3358,QUAD,0.159006,0.783083,3.70500886e-04,0.019248,1.2949
3359,QUAD,0.286095,0.267314,2.58042961e-04,0.016064,1.1132
3360,QUAD,0.798288,0.459288,2.57356775e-04,0.016042,1.0904
3361,QUAD,0.251755,0.317103,2.44395586e-04,0.015633,1.1719
3362,QUAD,0.251483,0.300427,2.71933408e-04,0.016490,1.1145
3363,QUAD,0.359604,0.222825,2.79875866e-04,0.016729,1.2641
3364,QUAD,0.846400,0.557670,2.51260313e-04,0.015851,1.5732
3365,QUAD,0.857571,0.534628,1.24300032e-04,0.011149,1.3918
3366,QUAD,0.867844,0.374902,1.95124670e-04,0.013969,1.2329
3367,QUAD,0.852790,0.370776,2.01497771e-04,0.014195,1.3023
3368,QUAD,0.846999,0.298700,1.92929918e-04,0.013890,1.3761
3369,QUAD,0.862052,0.320747,1.66280015e-04,0.012895,1.3751
3370,QUAD,0.416563,0.231359,1.97621471e-04,0.014058,1.3574
3371,QUAD,0.787436,0.866854,2.95512840e-04,0.017190,1.1117
3372,QUAD,0.495950,0.814666,1.17619347e-04,0.010845,1.4609
3373,QUAD,0.462244,0.790516,3.52605085e-04,0.018778,1.4010
3374,QUAD,0.411577,0.830570,2.76309573e-04,0.016623,1.0578
3375,QUAD,0.404886,0.814482,3.10673664e-04,0.017626,1.0810
3376,QUAD,0.827219,0.784159,2.14533600e-04,0.014647,1.6077
3377,QUAD,0.891513,0.566048,1.87475049e-04,0.013692,1.1993
3378,QUAD,0.878626,0.574368,1.93186471e-04,0.013899,1.7590
3379,QUAD,0.780308,0.194372,2.89839148e-04,0.017025,1.1215
3380,QUAD,0.791352,0.206349,2.86590837e-04,0.016929,1.1385
3381,QUAD,0.750001,0.842411,2.20808603e-04,0.014860,1.5133
3382,QUAD,0.885765,0.366657,1.96716669e-04,0.014026,1.3113
3383,QUAD,0.773294,0.423936,1.77776504e-04,0.013333,1.5616
3384,QUAD,0.798877,0.438425,2.02412788e-04,0.014227,1.1517
3385,QUAD,0.707976,0.214226,1.35473604e-04,0.011639,1.4988
3386,QUAD,0.700390,0.186760,2.46048170e-04,0.015686,1.1348
3387,QUAD,0.486751,0.202333,3.33611302e-04,0.018265,1.2285
3388,QUAD,0.475947,0.188391,2.55660644e-04,0.015989,1.1302
3389,QUAD,0.769110,0.535867,2.72579877e-04,0.016510,1.1371
3390,QUAD,0.787008,0.471621,2.90372937e-04,0.017040,1.0959
3391,QUAD,0.743029,0.222790,2.23740232e-04,0.014958,1.2614
3392,QUAD,0.802387,0.217362,2.55278973e-04,0.015977,1.2023
3393,QUAD,0.868591,0.235741,2.08227864e-04,0.014430,1.4619
3394,QUAD,0.322651,0.151911,2.02709538e-04,0.014238,1.1357
3395,QUAD,0.336381,0.799489,2.84779723e-04,0.016875,1.0928
3396,QUAD,0.247813,0.832629,2.65200785e-04,0.016285,1.1396
3397,QUAD,0.525815,0.188885,2.48780322e-04,0.015773,1.1562
3398,QUAD,0.121532,0.798007,2.69766031e-04,0.016425,1.6309
3399,QUAD,0.822579,0.215861,1.60088421e-04,0.012653,1.3432
3400,QUAD,0.802581,0.142667,2.27139476e-04,0.015071,1.6911
3401,QUAD,0.165666,0.801739,3.83846450e-04,0.019592,1.1274
3402,QUAD,0.273945,0.781085,2.33157314e-04,0.015269,1.3532
3403,QUAD,0.270989,0.753190,1.90794884e-04,0.013813,1.4264
3404,QUAD,0.842287,0.405452,1.59598204e-04,0.012633,1.1504
3405,QUAD,0.850460,0.382914,1.69841333e-04,0.013032,1.3114
3406,QUAD,0.874259,0.404663,2.13483373e-04,0.014611,1.1869
3407,QUAD,0.791918,0.831098,2.16409015e-04,0.014711,1.0838
3408,QUAD,0.754995,0.504303,3.24230505e-04,0.018006,1.3431
3409,QUAD,0.761115,0.520797,2.66982711e-04,0.016340,1.1351
3410,QUAD,0.775047,0.577393,4.58021713e-04,0.021401,1.3218
3411,QUAD,0.639854,0.332932,1.73247851e-04,0.013162,1.4064
3412,QUAD,0.838446,0.353635,2.92602668e-04,0.017106,1.5258
3413,QUAD,0.937766,0.554591,2.95834237e-04,0.017200,1.2844
3414,QUAD,0.782591,0.850884,2.53496116e-04,0.015922,1.1185
3415,QUAD,0.222512,0.706847,2.92976483e-04,0.017117,1.3191
3416,QUAD,0.241178,0.682048,2.44756474e-04,0.015645,1.1911
3417,QUAD,0.141215,0.784835,3.46296757e-04,0.018609,1.3223
3418,QUAD,0.170706,0.760861,2.81493138e-04,0.016778,1.0985
3419,QUAD,0.833757,0.465911,2.40336839e-04,0.015503,1.0463
3420,QUAD,0.478410,0.790588,2.23458280e-04,0.014949,1.4466
3421,QUAD,0.445316,0.833314,2.22518030e-04,0.014917,1.7847
3422,QUAD,0.327885,0.226671,2.65238394e-04,0.016286,1.1307
3423,QUAD,0.814129,0.786866,1.75963760e-04,0.013265,1.3093
3424,QUAD,0.818632,0.817795,2.37114043e-04,0.015399,1.1153
3425,QUAD,0.524933,0.761683,2.83435244e-04,0.016836,1.5893
3426,QUAD,0.813658,0.205341,2.41367687e-04,0.015536,1.1934
3427,QUAD,0.785768,0.248938,3.16546690e-04,0.017792,1.4919
3428,QUAD,0.855801,0.358025,2.25801202e-04,0.015027,1.3083
3429,QUAD,0.821226,0.457188,2.34899000e-04,0.015326,1.0532
3430,QUAD,0.301252,0.268420,2.23809028e-04,0.014960,1.1254
3431,QUAD,0.267464,0.300168,2.61095882e-04,0.016158,1.0766
3432,QUAD,0.251826,0.283427,2.96703841e-04,0.017225,1.0271
3433,QUAD,0.793702,0.781379,2.78130990e-04,0.016677,1.1535
3434,QUAD,0.841122,0.317944,2.48478904e-04,0.015763,1.2400
3435,QUAD,0.154763,0.764386,2.94910545e-04,0.017173,1.1648
3436,QUAD,0.312569,0.209548,2.91086320e-04,0.017061,1.4299
3437,QUAD,0.764335,0.839089,2.26471791e-04,0.015049,1.0973
3438,QUAD,0.725470,0.844941,3.61136517e-04,0.019004,1.2907
3439,QUAD,0.671563,0.198702,2.58215181e-04,0.016069,1.0929
3440,QUAD,0.869760,0.812636,2.75483365e-04,0.016598,1.1405
3441,QUAD,0.770581,0.500975,2.28192240e-04,0.015106,1.6515
3442,QUAD,0.653701,0.327649,2.83194738e-04,0.016828,1.1517
3443,QUAD,0.682610,0.279630,1.59165152e-04,0.012616,1.4527
3444,QUAD,0.255153,0.658229,1.67603927e-04,0.012946,1.4022
3445,QUAD,0.558503,0.699191,3.09902827e-04,0.017604,1.2215
3446,QUAD,0.830727,0.400089,1.35087332e-04,0.011623,1.1926
3447,QUAD,0.835563,0.390588,1.15716501e-04,0.010757,1.3195
3448,QUAD,0.269321,0.197546,2.74490990e-04,0.016568,1.2561
3449,QUAD,0.606747,0.377469,2.67153333e-04,0.016345,1.3365
3450,QUAD,0.621719,0.350949,2.18399870e-04,0.014778,1.0892
3451,QUAD,0.705730,0.148458,2.96963208e-04,0.017233,1.1454
3452,QUAD,0.443242,0.212336,2.96748082e-04,0.017226,1.3006
3453,QUAD,0.466315,0.174886,2.61523331e-04,0.016172,1.1303
3454,QUAD,0.745042,0.353857,2.82354779e-04,0.016803,1.1933
3455,QUAD,0.702557,0.370662,4.07318532e-04,0.020182,1.4070
3456,QUAD,0.482026,0.226789,2.97374658e-04,0.017245,1.0999
3457,QUAD,0.831159,0.304911,3.25838777e-04,0.018051,1.4078
3458,QUAD,0.785334,0.417077,2.06033715e-04,0.014354,1.8800
3459,QUAD,0.599328,0.355271,2.88170324e-04,0.016976,1.1299
3460,QUAD,0.674742,0.160790,2.95504065e-04,0.017190,1.0402
3461,QUAD,0.526046,0.815792,1.02875913e-04,0.010143,1.4106
3462,QUAD,0.804439,0.366273,2.15318191e-04,0.014674,1.4713
3463,QUAD,0.234254,0.863421,1.72955652e-04,0.013151,1.5712
3464,QUAD,0.506248,0.814880,1.22630773e-04,0.011074,1.2663
3465,QUAD,0.480017,0.806467,2.74827078e-04,0.016578,1.4044
3466,QUAD,0.746454,0.808237,2.38815236e-04,0.015454,1.2106
3467,QUAD,0.508998,0.780103,3.40521136e-04,0.018453,1.2124
3468,QUAD,0.506623,0.761474,3.90557471e-04,0.019763,1.0749
3469,QUAD,0.814428,0.227408,2.49934932e-04,0.015809,1.2038
3470,QUAD,0.717684,0.211780,1.22638662e-04,0.011074,1.4416
3471,QUAD,0.197876,0.833631,3.10471633e-04,0.017620,1.0319
3472,QUAD,0.250860,0.728875,2.84083993e-04,0.016855,1.1151
3473,QUAD,0.232764,0.694470,2.60568323e-04,0.016142,1.1581
3474,QUAD,0.763975,0.231822,3.36543068e-04,0.018345,1.2456
3475,QUAD,0.272617,0.248013,3.35003601e-04,0.018303,1.2797
3476,QUAD,0.801769,0.794420,2.22848390e-04,0.014928,1.3156
3477,QUAD,0.151005,0.747320,2.61767344e-04,0.016179,1.1471
3478,QUAD,0.910979,0.402668,2.80683661e-04,0.016754,1.1977
3479,QUAD,0.853559,0.258058,2.23320818e-04,0.014944,1.0796
3480,QUAD,0.848178,0.272542,2.70615585e-04,0.016450,1.2929
3481,QUAD,0.253566,0.265932,3.04962181e-04,0.017463,1.0717
3482,QUAD,0.665016,0.183614,2.82114261e-04,0.016796,1.0702
3483,QUAD,0.787095,0.817375,1.90866430e-04,0.013815,1.1238
3484,QUAD,0.778139,0.168253,3.68305562e-04,0.019191,1.1730
3485,QUAD,0.279451,0.795607,2.41728950e-04,0.015548,1.1170
3486,QUAD,0.569349,0.686644,2.85190929e-04,0.016888,1.4440
3487,QUAD,0.191477,0.771665,2.65836740e-04,0.016305,1.0769
3488,QUAD,0.197043,0.785921,2.11938401e-04,0.014558,1.3270
3489,QUAD,0.678378,0.213321,2.36317687e-04,0.015373,1.1159
3490,QUAD,0.317629,0.256134,1.74995986e-04,0.013229,1.3030
3491,QUAD,0.819694,0.395228,1.42640233e-04,0.011943,1.3711
3492,QUAD,0.707005,0.298803,2.60313425e-04,0.016134,1.1380
3493,QUAD,0.620149,0.330637,2.22792099e-04,0.014926,1.1680
3494,QUAD,0.831076,0.445592,2.16810101e-04,0.014724,1.0543
3495,QUAD,0.223954,0.320910,1.78410918e-04,0.013357,1.3248
3496,QUAD,0.489977,0.240809,2.44079189e-04,0.015623,1.2793
3497,QUAD,0.706670,0.314447,2.67471114e-04,0.016355,1.1765
3498,QUAD,0.728098,0.350571,3.59197677e-04,0.018953,1.4101
3499,QUAD,0.298018,0.821966,1.63612976e-04,0.012791,1.3982
3500,QUAD,0.525789,0.777711,2.42403914e-04,0.015569,1.0917
3501,QUAD,0.747436,0.238245,2.85349158e-04,0.016892,1.0973
3502,QUAD,0.715785,0.223652,1.64110555e-04,0.012811,1.8257
3503,QUAD,0.781196,0.752732,2.10807629e-04,0.014519,1.1374
3504,QUAD,0.817706,0.718831,2.91533913e-04,0.017074,1.0665
3505,QUAD,0.706502,0.233494,2.50931221e-04,0.015841,1.3498
3506,QUAD,0.799090,0.812330,1.76664132e-04,0.013292,1.2388
3507,QUAD,0.805151,0.238961,2.00972481e-04,0.014176,1.5096
3508,QUAD,0.479884,0.831536,2.12568356e-04,0.014580,1.3512
3509,QUAD,0.466318,0.828749,2.16704119e-04,0.014721,1.9770
3510,QUAD,0.823832,0.262605,1.46316590e-04,0.012096,1.2658
3511,QUAD,0.516308,0.815669,1.21146408e-04,0.011007,1.2071
3512,QUAD,0.210209,0.273891,3.14046543e-04,0.017721,1.1246
3513,QUAD,0.844091,0.286577,2.15066297e-04,0.014665,1.6595
3514,QUAD,0.495307,0.825375,1.15074793e-04,0.010727,1.4371
3515,QUAD,0.219253,0.805277,3.06821931e-04,0.017516,1.1085
3516,QUAD,0.222304,0.830289,3.26827783e-04,0.018078,1.1974
3517,QUAD,0.761430,0.807643,2.50093118e-04,0.015814,1.2529
3518,QUAD,0.774651,0.821107,1.85638636e-04,0.013625,1.3084
3519,QUAD,0.229023,0.879084,3.13111060e-04,0.017695,1.4872
3520,QUAD,0.233589,0.283895,3.62897703e-04,0.019050,1.1728
3521,QUAD,0.621048,0.380013,1.49307601e-04,0.012219,1.4573
3522,QUAD,0.834826,0.266741,1.79102396e-04,0.013383,1.5572
3523,QUAD,0.220066,0.683786,2.34179983e-04,0.015303,1.1697
3524,QUAD,0.228199,0.732892,2.49604353e-04,0.015799,1.5896
3525,QUAD,0.702811,0.858897,2.31799254e-04,0.015225,1.4657
3526,QUAD,0.711666,0.836572,2.53712162e-04,0.015928,1.5525
3527,QUAD,0.166493,0.744925,2.48849646e-04,0.015775,1.0440
3528,QUAD,0.191540,0.720227,2.73352221e-04,0.016533,1.0719
3529,QUAD,0.816493,0.512343,2.38486411e-04,0.015443,1.0969
3530,QUAD,0.824890,0.409324,1.37725323e-04,0.011736,1.3029
3531,QUAD,0.808636,0.428380,1.82728964e-04,0.013518,1.1107
3532,QUAD,0.629972,0.340197,1.62574213e-04,0.012750,1.3619
3533,QUAD,0.828336,0.426536,1.84937963e-04,0.013599,1.0663
3534,QUAD,0.840112,0.434123,2.03682269e-04,0.014272,1.0534
3535,QUAD,0.259064,0.786979,2.72957038e-04,0.016521,1.0937
3536,QUAD,0.337563,0.249193,2.68711111e-04,0.016392,1.2876
3537,QUAD,0.723647,0.313667,2.72731838e-04,0.016515,1.1820
3538,QUAD,0.291551,0.200507,2.55338069e-04,0.015979,1.2487
3539,QUAD,0.468819,0.237336,2.97192655e-04,0.017239,1.1206
3540,QUAD,0.538636,0.220096,3.39382230e-04,0.018422,1.0690
3541,QUAD,0.514589,0.210488,3.52992161e-04,0.018788,1.1933
3542,QUAD,0.322970,0.808188,2.67745426e-04,0.016363,1.1296
3543,QUAD,0.527017,0.827903,1.45694251e-04,0.012070,1.2849
3544,QUAD,0.787125,0.267987,3.11294343e-04,0.017644,1.2651
3545,QUAD,0.770573,0.269460,3.00533343e-04,0.017336,1.1430
3546,QUAD,0.436395,0.850580,1.70151399e-04,0.013044,1.3436
3547,QUAD,0.622747,0.309030,2.65709473e-04,0.016301,1.1075
3548,QUAD,0.775452,0.739764,1.80987079e-04,0.013453,1.2316
3549,QUAD,0.767068,0.728376,2.84397893e-04,0.016864,1.9405
3550,QUAD,0.810902,0.469050,2.53448852e-04,0.015920,1.0518
3551,QUAD,0.544431,0.792983,3.08621042e-04,0.017568,1.3803
3552,QUAD,0.527688,0.805315,1.24297111e-04,0.011149,1.7726
3553,QUAD,0.099615,0.779342,1.85270631e-04,0.013611,1.4511
3554,QUAD,0.122902,0.767833,2.46973809e-04,0.015715,1.2311
3555,QUAD,0.790397,0.428591,1.52432208e-04,0.012346,1.3235
3556,QUAD,0.809690,0.388956,1.51718175e-04,0.012317,1.4775
3557,QUAD,0.265592,0.802220,2.64625496e-04,0.016267,1.2372
3558,QUAD,0.251413,0.773201,2.45992788e-04,0.015684,1.1994
3559,QUAD,0.882812,0.599574,2.19596855e-04,0.014819,1.1824
3560,QUAD,0.787458,0.766483,2.53154188e-04,0.015911,1.0605
3561,QUAD,0.634044,0.142749,1.91839077e-04,0.013851,1.2690
3562,QUAD,0.229788,0.792503,2.38117161e-04,0.015431,1.2395
3563,QUAD,0.206301,0.796135,2.32424558e-04,0.015245,1.3915
3564,QUAD,0.451347,0.848769,1.24914385e-04,0.011177,1.2407
3565,QUAD,0.761103,0.791381,2.79389881e-04,0.016715,1.1330
3566,QUAD,0.540160,0.776376,2.08581551e-04,0.014442,1.3462
3567,QUAD,0.817750,0.532898,1.89509368e-04,0.013766,1.2671
3568,QUAD,0.791480,0.540427,2.49770652e-04,0.015804,1.2375
3569,QUAD,0.826261,0.288996,3.38627128e-04,0.018402,1.2994
3570,QUAD,0.783139,0.401802,3.00504344e-04,0.017335,1.5618
3571,QUAD,0.744734,0.404300,3.25195059e-04,0.018033,1.2560
3572,QUAD,0.212624,0.731525,2.81714645e-04,0.016784,1.3937
3573,QUAD,0.743139,0.387280,3.06642152e-04,0.017511,1.1275
3574,QUAD,0.251617,0.751453,2.15285095e-04,0.014673,1.0416
3575,QUAD,0.741435,0.314422,3.54958316e-04,0.018840,1.2676
3576,QUAD,0.736024,0.332663,3.03811368e-04,0.017430,1.2609
3577,QUAD,0.693384,0.284374,1.59824700e-04,0.012642,1.4152
3578,QUAD,0.179497,0.706324,1.08612337e-04,0.010422,1.8109
3579,QUAD,0.292725,0.787956,2.73008680e-04,0.016523,1.1779
3580,QUAD,0.705177,0.816670,1.70148144e-04,0.013044,1.3512
3581,QUAD,0.731277,0.825813,2.91027932e-04,0.017060,1.5813
3582,QUAD,0.445302,0.235352,2.55863564e-04,0.015996,1.1729
3583,QUAD,0.308615,0.238856,2.28605713e-04,0.015120,1.0308
3584,QUAD,0.293972,0.235039,2.54126030e-04,0.015941,1.2471
3585,QUAD,0.693179,0.241065,2.31217351e-04,0.015206,1.0694
3586,QUAD,0.685590,0.227474,2.30655844e-04,0.015187,1.0994
3587,QUAD,0.730789,0.242628,3.07750813e-04,0.017543,1.1417
3588,QUAD,0.728738,0.226282,2.32737196e-04,0.015256,1.5012
3589,QUAD,0.836812,0.380607,1.41538789e-04,0.011897,1.5809
3590,QUAD,0.434486,0.225604,2.05733049e-04,0.014343,1.3345
3591,QUAD,0.719727,0.805516,2.25216469e-04,0.015007,1.2210
3592,QUAD,0.534981,0.812718,1.25935986e-04,0.011222,1.5428
3593,QUAD,0.758941,0.776029,2.00675179e-04,0.014166,1.3082
3594,QUAD,0.767784,0.757929,2.07879380e-04,0.014418,1.0544
3595,QUAD,0.727681,0.404852,2.15813566e-04,0.014691,1.4407
3596,QUAD,0.713907,0.411469,2.54608864e-04,0.015956,1.5134
3597,QUAD,0.208000,0.715314,3.14043395e-04,0.017721,1.2071
3598,QUAD,0.176577,0.725631,2.48296372e-04,0.015757,1.0897
3599,QUAD,0.585733,0.344767,3.18300358e-04,0.017841,1.1050
3600,QUAD,0.241835,0.801762,2.42383048e-04,0.015569,1.1870
3601,QUAD,0.232511,0.815568,2.79968880e-04,0.016732,1.2246
3602,QUAD,0.241323,0.762117,2.11065819e-04,0.014528,1.0585
3603,QUAD,0.858370,0.504784,1.57605462e-04,0.012554,1.8203
3604,QUAD,0.804240,0.503244,2.43553939e-04,0.015606,1.0553
3605,QUAD,0.751426,0.255205,3.15579265e-04,0.017765,1.0851
3606,QUAD,0.700022,0.254521,2.26659186e-04,0.015055,1.1083
3607,QUAD,0.552983,0.771736,2.40415534e-04,0.015505,1.3315
3608,QUAD,0.566006,0.764292,2.91667294e-04,0.017078,1.2023
3609,QUAD,0.782346,0.719236,3.29737681e-04,0.018159,1.4704
3610,QUAD,0.800455,0.717709,2.85759657e-04,0.016904,1.1633
3611,QUAD,0.811651,0.249508,1.66537048e-04,0.012905,1.4981
3612,QUAD,0.757731,0.369947,1.89234639e-04,0.013756,1.4393
3613,QUAD,0.778900,0.375537,3.42691856e-04,0.018512,1.4961
3614,QUAD,0.652560,0.228775,2.35940574e-04,0.015360,1.0704
3615,QUAD,0.094414,0.814286,2.43540697e-04,0.015606,1.2107
3616,QUAD,0.816780,0.379345,1.54850767e-04,0.012444,1.7516
3617,QUAD,0.871027,0.248343,1.81808239e-04,0.013484,1.3313
3618,QUAD,0.865328,0.277469,2.99263418e-04,0.017299,1.4024
3619,QUAD,0.612305,0.296789,2.80509065e-04,0.016748,1.0627
3620,QUAD,0.597501,0.331655,2.82112275e-04,0.016796,1.1295
3621,QUAD,0.850289,0.514627,1.47785437e-04,0.012157,1.9154
3622,QUAD,0.806604,0.524809,2.23588989e-04,0.014953,1.2651
3623,QUAD,0.647112,0.136008,2.58595120e-04,0.016081,1.1014
3624,QUAD,0.653478,0.151474,2.80332941e-04,0.016743,1.0822
3625,QUAD,0.649252,0.191409,3.19441807e-04,0.017873,1.1955
3626,QUAD,0.211759,0.695316,1.94682966e-04,0.013953,1.2290
3627,QUAD,0.746435,0.826145,3.01161980e-04,0.017354,1.4722
3628,QUAD,0.723968,0.297381,2.84087775e-04,0.016855,1.1395
3629,QUAD,0.741758,0.295603,3.55062935e-04,0.018843,1.2809
3630,QUAD,0.206782,0.766755,2.61889835e-04,0.016183,1.1871
3631,QUAD,0.198632,0.312876,3.10271026e-04,0.017615,1.2582
3632,QUAD,0.301865,0.802037,2.51684297e-04,0.015865,1.1938
3633,QUAD,0.262352,0.825469,2.84876118e-04,0.016878,1.2365
3634,QUAD,0.310070,0.815879,2.30328785e-04,0.015177,1.2077
3635,QUAD,0.532124,0.747177,3.18418785e-04,0.017844,1.4335
3636,QUAD,0.131808,0.730070,3.97079702e-04,0.019927,1.2831
3637,QUAD,0.169137,0.712084,2.22454230e-04,0.014915,1.1004
3638,QUAD,0.503930,0.840871,1.69525015e-04,0.013020,1.3219
3639,QUAD,0.609793,0.319771,2.63727557e-04,0.016240,1.1248
3640,QUAD,0.744962,0.791745,2.51187263e-04,0.015849,1.2371
3641,QUAD,0.791169,0.361385,2.47808561e-04,0.015742,1.3643
3642,QUAD,0.741967,0.370611,2.93027412e-04,0.017118,1.1741
3643,QUAD,0.836713,0.368317,2.37177434e-04,0.015401,1.3200
3644,QUAD,0.760278,0.318871,4.27849457e-04,0.020685,1.3330
3645,QUAD,0.779681,0.351897,2.48515118e-04,0.015764,1.1226
3646,QUAD,0.195394,0.698695,1.35550582e-04,0.011643,1.5612
3647,QUAD,0.798448,0.397803,2.24549357e-04,0.014985,1.4197
3648,QUAD,0.803530,0.379070,1.73469476e-04,0.013171,1.8856
3649,QUAD,0.828516,0.522054,2.64124080e-04,0.016252,1.1504
3650,QUAD,0.846542,0.474327,2.43041960e-04,0.015590,1.0711
3651,QUAD,0.859462,0.482611,2.54060164e-04,0.015939,1.1783
3652,QUAD,0.455532,0.248016,2.94533976e-04,0.017162,1.2509
3653,QUAD,0.789439,0.386941,2.73323936e-04,0.016533,1.8230
3654,QUAD,0.548222,0.822518,1.45837254e-04,0.012076,1.5056
3655,QUAD,0.686600,0.261027,2.02632427e-04,0.014235,1.1374
3656,QUAD,0.672721,0.234920,2.36681841e-04,0.015384,1.0471
3657,QUAD,0.693137,0.818076,2.01099563e-04,0.014181,1.3393
3658,QUAD,0.763087,0.743400,2.10752996e-04,0.014517,1.5481
3659,QUAD,0.779979,0.700923,4.32823204e-04,0.020804,1.2544
3660,QUAD,0.201230,0.751313,2.45481205e-04,0.015668,1.0812
3661,QUAD,0.813872,0.490661,2.52213778e-04,0.015881,1.0195
3662,QUAD,0.622666,0.191695,2.68451244e-04,0.016384,1.7178
3663,QUAD,0.754411,0.273002,2.94778276e-04,0.017169,1.1340
3664,QUAD,0.812159,0.262282,1.37429566e-04,0.011723,1.2915
3665,QUAD,0.064432,0.779399,3.31017862e-04,0.018194,1.1859
3666,QUAD,0.100110,0.757300,3.52987347e-04,0.018788,1.4608
3667,QUAD,0.101948,0.797221,1.40763497e-04,0.011864,1.5102
3668,QUAD,0.174558,0.694378,1.71146001e-04,0.013082,1.5048
3669,QUAD,0.735041,0.259825,2.93696384e-04,0.017138,1.0877
3670,QUAD,0.516167,0.828249,1.41959622e-04,0.011915,1.2918
3671,QUAD,0.476726,0.846840,1.99689102e-04,0.014131,1.2391
3672,QUAD,0.492163,0.837476,1.77498287e-04,0.013323,1.1338
3673,QUAD,0.274501,0.815451,2.31089614e-04,0.015202,1.6150
3674,QUAD,0.316189,0.831368,2.68341982e-04,0.016381,1.2129
3675,QUAD,0.148990,0.730975,2.33813804e-04,0.015291,1.6162
3676,QUAD,0.761741,0.384537,3.24989034e-04,0.018027,1.3033
3677,QUAD,0.627403,0.177179,2.35816712e-04,0.015356,1.4909
3678,QUAD,0.798103,0.419528,1.64265676e-04,0.012817,1.5133
3679,QUAD,0.692263,0.272643,1.46508544e-04,0.012104,1.3444
3680,QUAD,0.674206,0.269026,2.15955264e-04,0.014695,1.1576
3681,QUAD,0.665395,0.220838,2.43905064e-04,0.015617,1.0753
3682,QUAD,0.634606,0.202465,3.19215450e-04,0.017867,1.4391
3683,QUAD,0.214379,0.660691,2.85039356e-04,0.016883,1.2485
3684,QUAD,0.236289,0.659899,2.27011123e-04,0.015067,1.2654
3685,QUAD,0.757785,0.290417,2.67447257e-04,0.016354,1.5253
3686,QUAD,0.785614,0.303105,2.60866596e-04,0.016151,1.3942
3687,QUAD,0.422511,0.219011,1.91866956e-04,0.013852,1.1054
3688,QUAD,0.463007,0.197175,2.42771538e-04,0.015581,1.5639
3689,QUAD,0.826526,0.499742,2.50506258e-04,0.015827,1.0882
3690,QUAD,0.829694,0.559276,3.03324164e-04,0.017416,1.2484
3691,QUAD,0.809011,0.541944,1.36539922e-04,0.011685,1.1139
3692,QUAD,0.568327,0.806380,3.12502869e-04,0.017678,1.3815
3693,QUAD,0.623890,0.160822,2.43484242e-04,0.015604,1.1329
3694,QUAD,0.546216,0.809191,1.97366384e-04,0.014049,1.9624
3695,QUAD,0.186301,0.756174,2.66242284e-04,0.016317,1.0460
3696,QUAD,0.771941,0.286286,2.29141392e-04,0.015137,1.3208
3697,QUAD,0.673798,0.810411,2.42172685e-04,0.015562,1.0657
3698,QUAD,0.820220,0.684161,3.39596787e-04,0.018428,1.0653
3699,QUAD,0.211411,0.319999,2.11676856e-04,0.014549,1.7159
3700,QUAD,0.117659,0.751667,3.14571412e-04,0.017736,1.1846
3701,QUAD,0.542285,0.855330,2.28191418e-04,0.015106,1.2066
3702,QUAD,0.514797,0.857911,2.25373316e-04,0.015012,1.3311
3703,QUAD,0.465805,0.842347,1.41272875e-04,0.011886,1.5246
3704,QUAD,0.766872,0.343245,2.71756197e-04,0.016485,1.2258
3705,QUAD,0.790277,0.339238,2.67076602e-04,0.016342,1.0987
3706,QUAD,0.719467,0.264275,2.67028094e-04,0.016341,1.1262
3707,QUAD,0.206900,0.674183,2.44862316e-04,0.015648,1.2133
3708,QUAD,0.801926,0.305181,2.88271513e-04,0.016979,1.5469
3709,QUAD,0.237860,0.334856,2.26253122e-04,0.015042,1.1779
3710,QUAD,0.605213,0.145386,3.56272694e-04,0.018875,1.2780
3711,QUAD,0.824523,0.274514,1.79669722e-04,0.013404,1.8237
3712,QUAD,0.806678,0.288714,3.67081544e-04,0.019159,1.1659
3713,QUAD,0.174128,0.661119,3.79937072e-04,0.019492,1.2449
3714,QUAD,0.198687,0.649719,3.90589432e-04,0.019763,1.2860
3715,QUAD,0.210930,0.844899,3.06894639e-04,0.017518,1.1096
3716,QUAD,0.234103,0.841862,2.81219990e-04,0.016770,1.3496
3717,QUAD,0.588119,0.295281,2.99193490e-04,0.017297,1.0490
3718,QUAD,0.427978,0.205509,2.40459484e-04,0.015507,1.1811
3719,QUAD,0.593953,0.169180,3.11960760e-04,0.017662,1.2200
3720,QUAD,0.432322,0.244936,2.49249017e-04,0.015788,1.1580
3721,QUAD,0.659532,0.242687,2.36518804e-04,0.015379,1.0574
3722,QUAD,0.640118,0.236161,2.06597355e-04,0.014373,1.1078
3723,QUAD,0.248667,0.669950,2.17135270e-04,0.014736,1.2393
3724,QUAD,0.666502,0.256316,2.39671840e-04,0.015481,1.0762
3725,QUAD,0.636243,0.298987,2.85508568e-04,0.016897,1.0797
3726,QUAD,0.167882,0.299747,3.53198336e-04,0.018794,1.2836
3727,QUAD,0.221656,0.261100,2.35969242e-04,0.015361,1.7654
3728,QUAD,0.195605,0.286774,3.81332069e-04,0.019528,1.3242
3729,QUAD,0.156319,0.680987,3.47883998e-04,0.018652,1.3608
3730,QUAD,0.172905,0.679160,2.57280221e-04,0.016040,1.3032
3731,QUAD,0.763062,0.678895,3.77998313e-04,0.019442,1.1182
3732,QUAD,0.818568,0.701792,3.12339369e-04,0.017673,1.0927
3733,QUAD,0.681658,0.857331,1.69344688e-04,0.013013,1.4683
3734,QUAD,0.700420,0.828329,1.54754842e-04,0.012440,1.3058
3735,QUAD,0.820184,0.367133,2.23746067e-04,0.014958,1.3668
3736,QUAD,0.224476,0.622176,3.60228334e-04,0.018980,1.0944
3737,QUAD,0.790245,0.316671,2.73984941e-04,0.016552,1.4326
3738,QUAD,0.252013,0.333607,2.36328294e-04,0.015373,1.1529
3739,QUAD,0.722527,0.280814,2.70255913e-04,0.016439,1.1194
3740,QUAD,0.396330,0.231698,2.85399841e-04,0.016894,1.1861
3741,QUAD,0.608717,0.201649,2.93461426e-04,0.017131,1.1802
3742,QUAD,0.586021,0.193779,3.08682667e-04,0.017569,1.0607
3743,QUAD,0.616836,0.119860,2.73376200e-04,0.016534,1.3336
3744,QUAD,0.456611,0.836505,1.55193145e-04,0.012458,1.7308
3745,QUAD,0.173664,0.254488,3.88523595e-04,0.019711,1.0659
3746,QUAD,0.167562,0.332958,2.34419446e-04,0.015311,1.2526
3747,QUAD,0.652591,0.264724,2.88318068e-04,0.016980,1.1842
3748,QUAD,0.151076,0.298241,2.72657477e-04,0.016512,1.2991
3749,QUAD,0.836646,0.704150,3.06300699e-04,0.017501,1.1212
3750,QUAD,0.164480,0.632669,3.29263435e-04,0.018146,1.3745
3751,QUAD,0.454862,0.184783,2.18853534e-04,0.014794,1.3472
3752,QUAD,0.444008,0.859459,1.60411817e-04,0.012665,1.3394
3753,QUAD,0.578629,0.176956,3.33840835e-04,0.018271,1.1184
3754,QUAD,0.587520,0.150044,4.05732621e-04,0.020143,1.3102
3755,QUAD,0.384931,0.217895,3.92884614e-04,0.019821,1.3166
3756,QUAD,0.814670,0.339751,2.96161800e-04,0.017209,1.4199
3757,QUAD,0.198956,0.260731,3.12652374e-04,0.017682,1.1457
3758,QUAD,0.563455,0.292852,3.16181587e-04,0.017781,1.0413
3759,QUAD,0.704971,0.268628,2.17497780e-04,0.014748,1.1569
3760,QUAD,0.649694,0.288972,2.98944777e-04,0.017290,1.1009
3761,QUAD,0.627478,0.262562,2.61401433e-04,0.016168,1.2303
3762,QUAD,0.632965,0.223368,1.90701645e-04,0.013809,1.1908
3763,QUAD,0.563156,0.186322,3.20362519e-04,0.017899,1.0710
3764,QUAD,0.577133,0.281786,3.14260605e-04,0.017727,1.0266
3765,QUAD,0.432707,0.189382,3.32333766e-04,0.018230,1.2860
3766,QUAD,0.674011,0.291743,3.05071303e-04,0.017466,1.4048
3767,QUAD,0.133225,0.630238,2.49909974e-04,0.015809,1.4340
3768,QUAD,0.841218,0.670290,3.14632400e-04,0.017738,1.1322
3769,QUAD,0.570697,0.202345,3.16569236e-04,0.017792,1.0264
3770,QUAD,0.143491,0.277657,3.03359874e-04,0.017417,1.4356
3771,QUAD,0.156756,0.264922,3.83565538e-04,0.019585,1.2518
3772,QUAD,0.135422,0.293313,2.92495804e-04,0.017103,1.3008
3773,QUAD,0.628460,0.243009,1.89104356e-04,0.013752,1.2057
3774,QUAD,0.823133,0.665561,3.71244736e-04,0.019268,1.1275
3775,QUAD,0.580677,0.257067,3.06459882e-04,0.017506,1.0483
3776,QUAD,0.594768,0.247240,2.78728265e-04,0.016695,1.0466
3777,QUAD,0.707192,0.283455,2.25266169e-04,0.015009,1.1299
3778,QUAD,0.570577,0.159400,3.95575102e-04,0.019889,1.2867
3779,QUAD,0.122092,0.313788,3.15933416e-04,0.017775,1.2004
3780,QUAD,0.590926,0.271060,2.98584917e-04,0.017280,1.0339
3781,QUAD,0.600648,0.224190,2.65216134e-04,0.016285,1.1040
3782,QUAD,0.572333,0.332141,3.56858879e-04,0.018891,1.1579
3783,QUAD,0.645790,0.250089,2.39734083e-04,0.015483,1.2643
3784,QUAD,0.621125,0.230361,2.12960871e-04,0.014593,1.0959
3785,QUAD,0.538411,0.315561,2.79663481e-04,0.016723,1.3839
3786,QUAD,0.129916,0.255701,2.58353156e-04,0.016073,1.5794
3787,QUAD,0.644671,0.215133,2.43352094e-04,0.015600,1.1362
3788,QUAD,0.134461,0.645374,2.56089718e-04,0.016003,1.2042
3789,QUAD,0.608253,0.238150,2.49757751e-04,0.015804,1.0537
3790,QUAD,0.586141,0.232980,2.88438389e-04,0.016983,1.0719
3791,QUAD,0.138101,0.615742,2.43020579e-04,0.015589,1.0931
3792,QUAD,0.174203,0.617769,2.90988740e-04,0.017058,1.1299
3793,QUAD,0.578240,0.218039,3.01730425e-04,0.017370,1.0554
3794,QUAD,0.562689,0.227189,3.23698286e-04,0.017992,1.0659
3795,QUAD,0.555690,0.252668,3.47476212e-04,0.018641,1.1024
3796,QUAD,0.109272,0.659990,2.19580786e-04,0.014818,1.7453
3797,QUAD,0.604363,0.260837,2.74999540e-04,0.016583,1.0400
3798,QUAD,0.127367,0.692650,2.35555037e-04,0.015348,1.2411
3799,QUAD,0.538401,0.290973,3.23941336e-04,0.017998,1.1134
3800,QUAD,0.554952,0.211350,3.22613587e-04,0.017961,1.0503
3801,QUAD,0.531783,0.203922,3.03152372e-04,0.017411,1.0938
3802,QUAD,0.533159,0.133389,2.03700225e-04,0.014272,1.3940
3803,QUAD,0.155488,0.718963,2.23193341e-04,0.014940,1.5606
3804,QUAD,0.147068,0.705030,3.24040042e-04,0.018001,1.2357
3805,QUAD,0.546483,0.236743,3.57352714e-04,0.018904,1.0892
3806,QUAD,0.843216,0.603078,3.25192600e-04,0.018033,1.4530
3807,QUAD,0.599017,0.307947,2.87142696e-04,0.016945,1.0845
3808,QUAD,0.295126,0.577372,2.30286387e-04,0.015175,1.3067
3809,QUAD,0.170371,0.355125,2.29022169e-04,0.015133,1.2678
3810,QUAD,0.529373,0.246445,4.16432828e-04,0.020407,1.2312
3811,QUAD,0.428673,0.267082,2.42918935e-04,0.015586,1.1486
3812,QUAD,0.086880,0.768458,3.25678234e-04,0.018047,1.4916
3813,QUAD,0.046721,0.776343,3.65955109e-04,0.019130,1.1206
3814,QUAD,0.080184,0.783929,2.50874512e-04,0.015839,1.2749
3815,QUAD,0.537140,0.145971,1.90587971e-04,0.013805,1.2990
3816,QUAD,0.532345,0.166842,2.56783344e-04,0.016024,1.0675
3817,QUAD,0.257050,0.644638,2.20217093e-04,0.014840,1.7135
3818,QUAD,0.925252,0.649429,3.15066166e-04,0.017750,1.2235
3819,QUAD,0.070308,0.259695,4.55948330e-04,0.021353,1.3249
3820,QUAD,0.272044,0.648315,3.03523332e-04,0.017422,1.2852
3821,QUAD,0.845939,0.654173,2.92236180e-04,0.017095,1.2369
3822,QUAD,0.080763,0.706223,2.94643878e-04,0.017165,1.6220
3823,QUAD,0.108320,0.189505,1.28789664e-04,0.011349,1.3336
3824,QUAD,0.111034,0.199443,1.05014664e-04,0.010248,1.2416
3825,QUAD,0.054836,0.149935,4.18042464e-04,0.020446,1.3476
3826,QUAD,0.617849,0.684151,2.27774301e-04,0.015092,1.2040
3827,QUAD,0.143039,0.098524,2.80931694e-04,0.016761,1.3366
3828,QUAD,0.653672,0.688994,2.96794391e-04,0.017228,1.2426
3829,QUAD,0.647432,0.673875,2.59381697e-04,0.016105,1.0238
3830,QUAD,0.927602,0.924929,1.78185959e-04,0.013349,1.4738
3831,QUAD,0.214030,0.871424,3.40306645e-04,0.018447,1.3271
3832,QUAD,0.926977,0.092657,2.57790542e-04,0.016056,1.5879
3833,QUAD,0.891094,0.631584,2.50994722e-04,0.015843,1.0439
3834,QUAD,0.893296,0.611284,2.38818885e-04,0.015454,1.0945
3835,QUAD,0.066871,0.094319,2.90327766e-04,0.017039,1.2294
3836,QUAD,0.083112,0.096638,2.22704005e-04,0.014923,1.2887
3837,QUAD,0.051884,0.071966,4.53240306e-04,0.021289,1.2469
3838,QUAD,0.136573,0.232502,3.29054651e-04,0.018140,1.1359
3839,QUAD,0.850138,0.526457,1.40526879e-04,0.011854,1.8656
3840,QUAD,0.838733,0.534540,2.76262263e-04,0.016621,1.1040
3841,QUAD,0.554339,0.943030,2.76267058e-04,0.016621,1.5613
3842,QUAD,0.798500,0.127880,2.13916600e-04,0.014626,1.4271
3843,QUAD,0.912763,0.206494,3.55386977e-04,0.018852,1.3668
3844,QUAD,0.559557,0.868117,2.72360324e-04,0.016503,1.1603
3845,QUAD,0.562884,0.885594,3.05379194e-04,0.017475,1.1374
3846,QUAD,0.208815,0.136655,3.11898699e-04,0.017661,1.3439
3847,QUAD,0.624551,0.897013,2.64005975e-04,0.016248,1.1253
3848,QUAD,0.643595,0.876697,2.15338193e-04,0.014674,1.5122
3849,QUAD,0.616129,0.882731,2.79265633e-04,0.016711,1.1169
3850,QUAD,0.129187,0.677168,3.04270907e-04,0.017443,1.6697
3851,QUAD,0.230035,0.772378,2.28164539e-04,0.015105,1.2178
3852,QUAD,0.197037,0.338890,1.83001672e-04,0.013528,1.7938
3853,QUAD,0.188387,0.348415,1.52811638e-04,0.012362,1.4745
3854,QUAD,0.671893,0.863739,1.60294486e-04,0.012661,1.3577
3855,QUAD,0.080692,0.832465,2.88304664e-04,0.016980,1.0362
3856,QUAD,0.078428,0.815943,2.63123917e-04,0.016221,1.1282
3857,QUAD,0.124349,0.219696,2.94920387e-04,0.017173,1.0711
3858,QUAD,0.340148,0.105517,2.51890870e-04,0.015871,1.1697
3859,QUAD,0.337663,0.121602,2.34299913e-04,0.015307,1.1199
3860,QUAD,0.441419,0.257137,2.39589171e-04,0.015479,1.1201
3861,QUAD,0.573320,0.712283,3.96577411e-04,0.019914,1.3582
3862,QUAD,0.559228,0.724401,3.31170398e-04,0.018198,1.0728
3863,QUAD,0.299344,0.616030,2.26779653e-04,0.015059,1.5236
3864,QUAD,0.663926,0.874267,2.19466881e-04,0.014814,1.1463
3865,QUAD,0.827383,0.595914,3.70719103e-04,0.019254,1.4484
3866,QUAD,0.376495,0.127202,1.21720607e-04,0.011033,1.3545
3867,QUAD,0.264852,0.619030,3.58319507e-04,0.018929,1.3533
3868,QUAD,0.816757,0.736192,3.09781099e-04,0.017601,1.1638
3869,QUAD,0.376061,0.833713,2.77801777e-04,0.016667,1.2474
3870,QUAD,0.404026,0.854542,2.68827773e-04,0.016396,1.0522
3871,QUAD,0.540091,0.839952,1.87207448e-04,0.013682,1.2770
3872,QUAD,0.574435,0.863124,2.77726655e-04,0.016665,1.1811
3873,QUAD,0.151837,0.622237,2.30431555e-04,0.015180,1.2040
3874,QUAD,0.582483,0.386346,2.54731203e-04,0.015960,2.0154
3875,QUAD,0.589906,0.370869,3.86865489e-04,0.019669,1.2918
3876,QUAD,0.108737,0.638377,2.91709508e-04,0.017080,1.3471
3877,QUAD,0.254436,0.397679,2.02505192e-04,0.014230,1.4326
3878,QUAD,0.365458,0.844268,1.62075347e-04,0.012731,1.6710
3879,QUAD,0.125313,0.468790,3.81076300e-04,0.019521,1.1352
3880,QUAD,0.552430,0.836136,2.01610541e-04,0.014199,1.2349
3881,QUAD,0.741581,0.735656,2.50269412e-04,0.015820,1.5528
3882,QUAD,0.783025,0.597584,4.97290226e-04,0.022300,1.2265
3883,QUAD,0.120979,0.450281,3.01900933e-04,0.017375,1.2009
3884,QUAD,0.752059,0.719345,4.39475327e-04,0.020964,1.3794
3885,QUAD,0.072184,0.143573,2.79608346e-04,0.016721,1.2009
3886,QUAD,0.185156,0.132210,2.67541070e-04,0.016357,1.1269
3887,QUAD,0.800800,0.552093,2.21861278e-04,0.014895,1.4211
3888,QUAD,0.300477,0.676594,2.76905038e-04,0.016640,1.8306
3889,QUAD,0.907011,0.044482,2.60661283e-04,0.016145,1.6955
3890,QUAD,0.232020,0.751757,1.81848220e-04,0.013485,1.2436
3891,QUAD,0.696057,0.446592,2.60562450e-04,0.016142,1.1474
3892,QUAD,0.261879,0.157099,3.57438037e-04,0.018906,1.6285
3893,QUAD,0.046439,0.294148,3.32551090e-04,0.018236,1.1444
3894,QUAD,0.277979,0.209381,2.18391445e-04,0.014778,1.2543
3895,QUAD,0.603102,0.765511,3.22724952e-04,0.017965,1.1758
3896,QUAD,0.574118,0.781128,3.04799550e-04,0.017459,1.1899
3897,QUAD,0.727972,0.671303,2.83799107e-04,0.016846,1.1200
3898,QUAD,0.625608,0.285982,2.84829157e-04,0.016877,1.0481
3899,QUAD,0.389860,0.862586,2.68965580e-04,0.016400,1.1129
3900,QUAD,0.254829,0.847316,2.33784316e-04,0.015290,1.2082
3901,QUAD,0.661531,0.127891,3.08514831e-04,0.017565,1.0881
3902,QUAD,0.554123,0.101250,2.73660638e-04,0.016543,1.1910
3903,QUAD,0.563736,0.114029,2.25050723e-04,0.015002,1.5253
3904,QUAD,0.311687,0.083010,3.26510384e-04,0.018070,1.1248
3905,QUAD,0.164223,0.236408,4.55183127e-04,0.021335,1.1920
3906,QUAD,0.190495,0.245146,3.38776714e-04,0.018406,1.1953
3907,QUAD,0.667584,0.795419,2.59420498e-04,0.016107,1.0920
3908,QUAD,0.092088,0.152238,1.69168340e-04,0.013006,1.3071
3909,QUAD,0.113299,0.173265,2.05414752e-04,0.014332,1.1531
3910,QUAD,0.582121,0.798407,3.04505854e-04,0.017450,1.2336
3911,QUAD,0.564588,0.830312,2.24059333e-04,0.014969,1.3198
3912,QUAD,0.384078,0.847422,2.41869537e-04,0.015552,1.1117
3913,QUAD,0.578969,0.880840,3.13244986e-04,0.017699,1.1810
3914,QUAD,0.901007,0.643662,2.48382481e-04,0.015760,1.1341
3915,QUAD,0.908948,0.656437,2.45753087e-04,0.015677,1.1891
3916,QUAD,0.694028,0.665256,3.12556510e-04,0.017679,1.2089
3917,QUAD,0.676868,0.683608,2.94133375e-04,0.017150,1.2364
3918,QUAD,0.045209,0.795950,3.44198635e-04,0.018553,1.1427
3919,QUAD,0.151545,0.220095,4.32695240e-04,0.020801,1.2887
3920,QUAD,0.662707,0.853064,2.21368163e-04,0.014878,1.1519
3921,QUAD,0.212358,0.251474,2.02939637e-04,0.014246,1.4045
3922,QUAD,0.209279,0.107226,3.07225965e-04,0.017528,1.2282
3923,QUAD,0.247229,0.178181,2.03624295e-04,0.014270,1.6090
3924,QUAD,0.860620,0.552005,2.19322262e-04,0.014810,1.6728
3925,QUAD,0.222184,0.129815,2.39509410e-04,0.015476,1.5260
3926,QUAD,0.220770,0.144928,2.21433986e-04,0.014881,1.4211
3927,QUAD,0.674255,0.844957,1.95898438e-04,0.013996,1.1624
3928,QUAD,0.785996,0.619136,4.41814605e-04,0.021019,1.1080
3929,QUAD,0.767238,0.640321,3.51661223e-04,0.018753,1.0988
3930,QUAD,0.223005,0.114177,2.60410867e-04,0.016137,1.3624
3931,QUAD,0.245311,0.649816,1.80937454e-04,0.013451,1.4261
3932,QUAD,0.068185,0.127618,2.87385702e-04,0.016952,1.1791
3933,QUAD,0.104189,0.149205,1.51238242e-04,0.012298,1.0875
3934,QUAD,0.113726,0.136772,1.02228497e-04,0.010111,1.4447
3935,QUAD,0.101839,0.137002,1.73683879e-04,0.013179,1.2067
3936,QUAD,0.805473,0.595457,5.13754715e-04,0.022666,1.2719
3937,QUAD,0.807792,0.618015,5.26083430e-04,0.022937,1.1555
3938,QUAD,0.866758,0.629070,2.68025897e-04,0.016371,1.1119
3939,QUAD,0.854740,0.616913,3.19623053e-04,0.017878,1.0857
3940,QUAD,0.050548,0.130302,3.53140002e-04,0.018792,1.1480
3941,QUAD,0.048864,0.111344,3.39898535e-04,0.018436,1.1064
3942,QUAD,0.125862,0.168085,1.77284085e-04,0.013315,1.1595
3943,QUAD,0.122495,0.199550,1.68031911e-04,0.012963,1.8728
3944,QUAD,0.790052,0.153303,3.97145709e-04,0.019929,1.2123
3945,QUAD,0.728901,0.729018,2.10388581e-04,0.014505,1.5434
3946,QUAD,0.739222,0.694140,4.06668592e-04,0.020166,1.1900
3947,QUAD,0.964621,0.438151,5.37702927e-04,0.023188,1.3097
3948,QUAD,0.604259,0.721116,4.22040752e-04,0.020544,1.2538
3949,QUAD,0.570519,0.739230,3.39629511e-04,0.018429,1.1450
3950,QUAD,0.630332,0.875142,2.25682314e-04,0.015023,1.5519
3951,QUAD,0.462963,0.262687,2.72889671e-04,0.016519,1.4256
3952,QUAD,0.449160,0.268816,1.83839256e-04,0.013559,1.3068
3953,QUAD,0.083669,0.110908,2.47463105e-04,0.015731,1.2964
3954,QUAD,0.822796,0.054786,4.54432989e-04,0.021317,1.1346
3955,QUAD,0.732116,0.627043,2.29077399e-04,0.015135,1.2053
3956,QUAD,0.619974,0.699727,2.96595085e-04,0.017222,1.1825
3957,QUAD,0.597091,0.832717,2.86794843e-04,0.016935,1.1931
3958,QUAD,0.569820,0.846291,2.50595310e-04,0.015830,1.2272
3959,QUAD,0.595142,0.747451,3.52286882e-04,0.018769,1.2077
3960,QUAD,0.625321,0.775969,3.07600019e-04,0.017539,1.1531
3961,QUAD,0.646840,0.786044,2.87124711e-04,0.016945,1.1128
3962,QUAD,0.198387,0.121609,3.17953365e-04,0.017831,1.1509
3963,QUAD,0.194834,0.146930,3.32847268e-04,0.018244,1.3965
3964,QUAD,0.115634,0.147035,1.16868968e-04,0.010811,1.1997
3965,QUAD,0.839665,0.629242,4.12103616e-04,0.020300,1.3513
3966,QUAD,0.880096,0.619769,2.57706393e-04,0.016053,1.0323
3967,QUAD,0.155440,0.144563,2.21747501e-04,0.014891,1.3200
3968,QUAD,0.596174,0.790664,3.06056516e-04,0.017494,1.1946
3969,QUAD,0.617794,0.800422,2.97191958e-04,0.017239,1.1691
3970,QUAD,0.744952,0.774997,2.60990058e-04,0.016155,1.7126
3971,QUAD,0.603723,0.807986,2.96615744e-04,0.017223,1.1900
3972,QUAD,0.589989,0.815615,2.89449645e-04,0.017013,1.2145
3973,QUAD,0.250462,0.628335,3.49805506e-04,0.018703,1.3246
3974,QUAD,0.828303,0.645957,4.44031296e-04,0.021072,1.3364
3975,QUAD,0.249863,0.233478,3.28772669e-04,0.018132,1.3349
3976,QUAD,0.861277,0.660016,1.93368760e-04,0.013906,1.5118
3977,QUAD,0.753792,0.763202,2.19702170e-04,0.014822,1.5631
3978,QUAD,0.804123,0.662155,4.05364570e-04,0.020134,1.0847
3979,QUAD,0.283737,0.672834,3.15220941e-04,0.017754,1.3067
3980,QUAD,0.636053,0.887900,1.89732240e-04,0.013774,1.3150
3981,QUAD,0.651463,0.863763,2.79041196e-04,0.016705,1.2999
3982,QUAD,0.766164,0.621331,3.65159495e-04,0.019109,1.1192
3983,QUAD,0.127402,0.118403,2.84761263e-04,0.016875,1.5062
3984,QUAD,0.748188,0.623963,2.91939727e-04,0.017086,1.1322
3985,QUAD,0.695429,0.784551,1.90772747e-04,0.013812,1.3076
3986,QUAD,0.701156,0.796653,2.05316117e-04,0.014329,1.4982
3987,QUAD,0.223237,0.221463,3.64591662e-04,0.019094,1.0593
3988,QUAD,0.914102,0.926202,1.47927125e-04,0.012163,1.5606
3989,QUAD,0.255593,0.248170,2.92158257e-04,0.017093,1.3998
3990,QUAD,0.556549,0.749004,2.86451716e-04,0.016925,1.1602
3991,QUAD,0.044830,0.815491,3.46006218e-04,0.018601,1.1368
3992,QUAD,0.876190,0.204063,2.12843364e-04,0.014589,1.2070
3993,QUAD,0.890242,0.200216,1.94651300e-04,0.013952,1.3821
3994,QUAD,0.709031,0.682629,2.19725148e-04,0.014823,1.2756
3995,QUAD,0.235317,0.145502,1.97113435e-04,0.014040,1.1082
3996,QUAD,0.085121,0.125216,2.41750844e-04,0.015548,1.3063
3997,QUAD,0.716711,0.651022,2.50473317e-04,0.015826,1.5132
3998,QUAD,0.521898,0.227903,3.48982160e-04,0.018681,1.0718
3999,QUAD,0.731890,0.655656,2.50013463e-04,0.015812,1.1849
4000,QUAD,0.748321,0.657984,3.01052047e-04,0.017351,1.1214
4001,QUAD,0.601586,0.701930,3.57061571e-04,0.018896,1.3657
4002,QUAD,0.603616,0.849757,2.96900772e-04,0.017231,1.1379
4003,QUAD,0.079507,0.157957,2.44173334e-04,0.015626,1.3044
4004,QUAD,0.874591,0.658483,1.69535168e-04,0.013021,1.4491
4005,QUAD,0.880958,0.668438,1.62822625e-04,0.012760,1.4611
4006,QUAD,0.828330,0.613981,3.80834310e-04,0.019515,1.6151
4007,QUAD,0.107505,0.161062,1.68173230e-04,0.012968,1.2459
4008,QUAD,0.087636,0.139202,2.14442217e-04,0.014644,1.2059
4009,QUAD,0.639086,0.809567,2.83285133e-04,0.016831,1.1166
4010,QUAD,0.653297,0.802164,2.72077862e-04,0.016495,1.0989
4011,QUAD,0.651058,0.746148,3.18872590e-04,0.017857,1.0605
4012,QUAD,0.672453,0.757875,2.92576186e-04,0.017105,1.0345
4013,QUAD,0.278703,0.230210,3.13374190e-04,0.017702,1.3962
4014,QUAD,0.247474,0.198937,2.08282689e-04,0.014432,1.4278
4015,QUAD,0.135333,0.144239,1.20179727e-04,0.010963,1.7284
4016,QUAD,0.659308,0.705626,3.54031022e-04,0.018816,1.1349
4017,QUAD,0.586089,0.728707,4.21731931e-04,0.020536,1.2886
4018,QUAD,0.611351,0.740218,3.57963924e-04,0.018920,1.1761
4019,QUAD,0.162799,0.204202,3.79690995e-04,0.019486,1.3825
4020,QUAD,0.694613,0.699503,2.77868571e-04,0.016669,1.1292
4021,QUAD,0.677220,0.701528,3.34470569e-04,0.018289,1.1667
4022,QUAD,0.786517,0.640053,4.15203914e-04,0.020377,1.0989
4023,QUAD,0.728430,0.769618,4.28714567e-04,0.020705,1.2516
4024,QUAD,0.640593,0.850094,3.17155243e-04,0.017809,1.1977
4025,QUAD,0.654022,0.840118,2.59030302e-04,0.016094,1.0783
4026,QUAD,0.045384,0.835346,3.87087893e-04,0.019675,1.1618
4027,QUAD,0.618184,0.842070,3.01272303e-04,0.017357,1.1474
4028,QUAD,0.248968,0.166128,1.57697502e-04,0.012558,1.6220
4029,QUAD,0.625004,0.817328,2.90736114e-04,0.017051,1.1518
4030,QUAD,0.884783,0.232883,2.73566914e-04,0.016540,1.2164
4031,QUAD,0.723251,0.788915,2.98912845e-04,0.017289,1.2905
4032,QUAD,0.166711,0.922671,2.01185728e-04,0.014184,1.4554
4033,QUAD,0.618417,0.758388,3.26847785e-04,0.018079,1.1563
4034,QUAD,0.129215,0.152358,9.57250446e-05,0.009784,1.4418
4035,QUAD,0.134603,0.132077,1.98639991e-04,0.014094,1.4305
4036,QUAD,0.611013,0.825114,2.93102596e-04,0.017120,1.1691
4037,QUAD,0.711226,0.666536,3.12204617e-04,0.017669,1.2481
4038,QUAD,0.632403,0.833848,2.92844846e-04,0.017113,1.1473
4039,QUAD,0.589035,0.856926,2.87079248e-04,0.016943,1.1613
4040,QUAD,0.177173,0.175347,1.69189444e-04,0.013007,1.3618
4041,QUAD,0.715620,0.728134,2.09678877e-04,0.014480,1.3360
4042,QUAD,0.236787,0.170531,1.85110115e-04,0.013606,1.7565
4043,QUAD,0.213024,0.168245,3.26584898e-04,0.018072,1.4450
4044,QUAD,0.237024,0.190551,2.26872244e-04,0.015062,1.1466
4045,QUAD,0.102224,0.123879,2.35824465e-04,0.015357,1.5109
4046,QUAD,0.144704,0.150736,1.60800452e-04,0.012681,1.2687
4047,QUAD,0.733563,0.712705,3.63435947e-04,0.019064,1.3206
4048,QUAD,0.711462,0.696731,2.49658508e-04,0.015801,1.5645
4049,QUAD,0.123292,0.135075,9.97084449e-05,0.009985,1.4517
4050,QUAD,0.265427,0.221719,3.11088453e-04,0.017638,1.4765
4051,QUAD,0.092575,0.397116,1.66587994e-04,0.012907,1.2303
4052,QUAD,0.684542,0.736468,3.04532412e-04,0.017451,1.0308
4053,QUAD,0.710005,0.767262,3.38176743e-04,0.018390,1.3388
4054,QUAD,0.634471,0.751950,3.26159192e-04,0.018060,1.1056
4055,QUAD,0.640597,0.769279,3.04882935e-04,0.017461,1.1152
4056,QUAD,0.181255,0.208684,3.63358041e-04,0.019062,1.4947
4057,QUAD,0.663421,0.723602,3.22693512e-04,0.017964,1.0299
4058,QUAD,0.628564,0.734245,3.44505647e-04,0.018561,1.0723
4059,QUAD,0.641495,0.711524,3.24742336e-04,0.018021,1.0709
4060,QUAD,0.878050,0.640084,2.24580296e-04,0.014986,1.0747
4061,QUAD,0.866977,0.648997,1.74988482e-04,0.013228,1.3011
4062,QUAD,0.116316,0.126897,1.44723465e-04,0.012030,1.7419
4063,QUAD,0.146689,0.193188,3.31625608e-04,0.018211,1.2868
4064,QUAD,0.154953,0.158161,1.92462012e-04,0.013873,1.6240
4065,QUAD,0.178877,0.154515,2.80251583e-04,0.016741,1.2003
4066,QUAD,0.199017,0.162376,2.15767673e-04,0.014689,1.8925
4067,QUAD,0.193563,0.174927,1.50708204e-04,0.012276,1.5830
4068,QUAD,0.706390,0.749207,3.34334058e-04,0.018285,1.2704
4069,QUAD,0.241078,0.219536,3.09274647e-04,0.017586,1.5443
4070,QUAD,0.680490,0.719307,3.05365620e-04,0.017475,1.0623
4071,QUAD,0.120999,0.186383,2.15657909e-04,0.014685,1.4250
4072,QUAD,0.623421,0.716630,3.42152451e-04,0.018497,1.1001
4073,QUAD,0.583369,0.839892,2.69243456e-04,0.016409,1.2243
4074,QUAD,0.126930,0.094827,2.26952179e-04,0.015065,1.3832
4075,QUAD,0.134444,0.180543,2.57395176e-04,0.016044,1.3334
4076,QUAD,0.166643,0.165861,2.57095374e-04,0.016034,1.3002
4077,QUAD,0.227196,0.204159,2.83151957e-04,0.016827,1.4610
4078,QUAD,0.203373,0.183064,2.43884495e-04,0.015617,1.2152
4079,QUAD,0.183890,0.191976,2.25153906e-04,0.015005,1.1616
4080,QUAD,0.733896,0.641146,2.03716607e-04,0.014273,1.3064
4081,QUAD,0.656338,0.763201,2.98063210e-04,0.017265,1.0758
4082,QUAD,0.203965,0.221992,3.71334853e-04,0.019270,1.2610
4083,QUAD,0.868592,0.262220,2.44547170e-04,0.015638,1.1857
4084,QUAD,0.136445,0.160637,1.65213784e-04,0.012854,1.1407
4085,QUAD,0.667814,0.741000,3.10498625e-04,0.017621,1.0359
4086,QUAD,0.199780,0.204920,3.11347026e-04,0.017645,1.5310
4087,QUAD,0.700781,0.732198,2.81101118e-04,0.016766,1.1036
4088,QUAD,0.714988,0.712092,3.18721936e-04,0.017853,1.3167
4089,QUAD,0.249059,0.527545,3.15106728e-04,0.017751,1.5225
4090,QUAD,0.366443,0.477014,2.41871329e-04,0.015552,1.2090
4091,QUAD,0.085617,0.955412,2.33224536e-04,0.015272,1.3229
4092,QUAD,0.247915,0.421569,4.21779036e-04,0.020537,1.1554
4093,QUAD,0.395514,0.555511,1.43791733e-04,0.011991,1.1313
4094,QUAD,0.185721,0.426241,2.55433759e-04,0.015982,1.4762
4095,QUAD,0.166462,0.541420,2.34020490e-04,0.015298,1.2211
4096,QUAD,0.486178,0.052289,1.47758772e-04,0.012156,1.4916
4097,QUAD,0.657014,0.938854,3.07313497e-04,0.017530,1.1297
4098,QUAD,0.384168,0.937260,3.20915716e-04,0.017914,1.5912
4099,QUAD,0.092381,0.187266,1.49060301e-04,0.012209,1.4584
4100,QUAD,0.084086,0.223873,2.45052302e-04,0.015654,1.2350
4101,QUAD,0.117572,0.433447,2.23591800e-04,0.014953,1.4372
4102,QUAD,0.938344,0.833885,3.16404407e-04,0.017788,1.2626
4103,QUAD,0.913743,0.829400,2.66303587e-04,0.016319,1.1194
4104,QUAD,0.347962,0.432719,2.24304441e-04,0.014977,1.3346
4105,QUAD,0.488213,0.487007,9.65439288e-06,0.003107,1.7113
4106,QUAD,0.510894,0.524124,3.07980299e-05,0.005550,1.2008
4107,QUAD,0.378829,0.904036,3.04732898e-04,0.017457,1.4040
4108,QUAD,0.090260,0.169146,2.08117711e-04,0.014426,1.1366
4109,QUAD,0.403743,0.094805,1.93762573e-04,0.013920,1.4786
4110,QUAD,0.957054,0.750215,3.01355136e-04,0.017360,1.0734
4111,QUAD,0.098320,0.415184,1.91013527e-04,0.013821,1.1611
4112,QUAD,0.185726,0.398396,3.19992502e-04,0.017888,1.2749
4113,QUAD,0.252628,0.382344,2.38301457e-04,0.015437,1.1400
4114,QUAD,0.913551,0.915566,1.37114013e-04,0.011710,1.4748
4115,QUAD,0.129204,0.891700,2.47760155e-04,0.015740,1.2403
4116,QUAD,0.078611,0.598283,2.39933154e-04,0.015490,1.1684
4117,QUAD,0.198811,0.924927,2.13782832e-04,0.014621,1.5400
4118,QUAD,0.933441,0.882290,1.09721037e-04,0.010475,1.5221
4119,QUAD,0.623631,0.940466,1.68653907e-04,0.012987,1.4558
4120,QUAD,0.955796,0.537778,3.05908940e-04,0.017490,1.0773
4121,QUAD,0.514671,0.529097,3.71743463e-05,0.006097,1.2246
4122,QUAD,0.523402,0.530840,4.56451517e-05,0.006756,1.2599
4123,QUAD,0.490674,0.513022,7.65448915e-06,0.002767,1.5128
4124,QUAD,0.496864,0.472350,1.83064474e-05,0.004279,1.2928
4125,QUAD,0.918775,0.899125,2.11090094e-04,0.014529,1.4027
4126,QUAD,0.112958,0.093713,1.79756678e-04,0.013407,1.2324
4127,QUAD,0.083404,0.614131,3.16615326e-04,0.017794,1.3571
4128,QUAD,0.493044,0.062681,1.75138078e-04,0.013234,1.7215
4129,QUAD,0.482244,0.069410,1.86773223e-04,0.013667,1.6684
4130,QUAD,0.904861,0.622827,2.72247138e-04,0.016500,1.1024
4131,QUAD,0.252386,0.366211,2.44248870e-04,0.015628,1.0922
4132,QUAD,0.237806,0.351210,2.34588190e-04,0.015316,1.1790
4133,QUAD,0.655834,0.886506,2.38033149e-04,0.015428,1.0947
4134,QUAD,0.123406,0.876206,2.41783711e-04,0.015549,1.2047
4135,QUAD,0.077699,0.799782,2.37079721e-04,0.015397,1.2017
4136,QUAD,0.091302,0.800761,1.54590001e-04,0.012433,1.3619
4137,QUAD,0.093625,0.627873,2.94586743e-04,0.017164,1.4471
4138,QUAD,0.075866,0.371906,2.38061939e-04,0.015429,1.4561
4139,QUAD,0.188351,0.895048,2.45269256e-04,0.015661,1.2305
4140,QUAD,0.498195,0.462198,2.69416863e-05,0.005191,1.1970
4141,QUAD,0.116587,0.624628,3.13442636e-04,0.017704,1.2502
4142,QUAD,0.913890,0.874117,1.57458719e-04,0.012548,1.1417
4143,QUAD,0.505261,0.069546,2.48175510e-04,0.015754,1.2197
4144,QUAD,0.545624,0.515209,6.94132568e-05,0.008331,1.1504
4145,QUAD,0.551903,0.506645,5.74669587e-05,0.007581,1.6075
4146,QUAD,0.917506,0.371635,2.70422654e-04,0.016445,1.1233
4147,QUAD,0.118985,0.285696,3.66485257e-04,0.019144,1.2860
4148,QUAD,0.290613,0.872670,2.64092480e-04,0.016251,1.0712
4149,QUAD,0.921686,0.716136,2.76619977e-04,0.016632,1.1437
4150,QUAD,0.894336,0.662513,1.96463205e-04,0.014017,1.2424
4151,QUAD,0.878692,0.456903,2.40788857e-04,0.015517,1.0939
4152,QUAD,0.110164,0.809164,2.83239179e-04,0.016830,1.5448
4153,QUAD,0.136286,0.871721,1.67148211e-04,0.012929,1.3701
4154,QUAD,0.483871,0.099969,2.30576739e-04,0.015185,1.5863
4155,QUAD,0.881716,0.097457,3.34111191e-04,0.018279,1.0922
4156,QUAD,0.089178,0.352013,2.33577380e-04,0.015283,1.4432
4157,QUAD,0.922597,0.557585,1.80605248e-04,0.013439,1.7121
4158,QUAD,0.473852,0.481234,8.87519009e-06,0.002979,1.3955
4159,QUAD,0.266267,0.332302,2.28631225e-04,0.015121,1.1953
4160,QUAD,0.558503,0.509597,5.44502994e-05,0.007379,1.5776
4161,QUAD,0.330473,0.896297,2.12158298e-04,0.014566,1.6819
4162,QUAD,0.551718,0.448241,7.52890700e-05,0.008677,1.3601
4163,QUAD,0.185891,0.693832,1.18990485e-04,0.010908,1.5134
4164,QUAD,0.529215,0.874303,2.66132626e-04,0.016314,1.2047
4165,QUAD,0.856168,0.461652,2.37130382e-04,0.015399,1.0688
4166,QUAD,0.860982,0.429424,2.16333630e-04,0.014708,1.0697
4167,QUAD,0.652635,0.112906,2.91111917e-04,0.017062,1.0789
4168,QUAD,0.136036,0.858340,2.23071695e-04,0.014936,1.7146
4169,QUAD,0.312296,0.637666,2.62293713e-04,0.016195,1.4759
4170,QUAD,0.159688,0.112562,1.80156823e-04,0.013422,1.3293
4171,QUAD,0.186433,0.110088,2.30475755e-04,0.015181,1.2502
4172,QUAD,0.466509,0.542875,2.74881825e-05,0.005243,1.5325
4173,QUAD,0.306480,0.120004,3.03654374e-04,0.017426,1.1805
4174,QUAD,0.527823,0.841936,1.82693580e-04,0.013516,1.2831
4175,QUAD,0.823811,0.478202,2.48537754e-04,0.015765,1.0252
4176,QUAD,0.125181,0.783130,2.11852476e-04,0.014555,1.4460
4177,QUAD,0.614026,0.179630,2.12509452e-04,0.014578,1.3420
4178,QUAD,0.478816,0.474958,1.26983515e-05,0.003563,1.5299
4179,QUAD,0.871329,0.501234,1.82696882e-04,0.013517,1.3520
4180,QUAD,0.300832,0.661912,1.81167535e-04,0.013460,1.3400
4181,QUAD,0.712180,0.165947,3.27261531e-04,0.018090,1.2766
4182,QUAD,0.186475,0.166227,1.54312624e-04,0.012422,1.5065
4183,QUAD,0.854895,0.707184,3.14050300e-04,0.017721,1.1918
4184,QUAD,0.270224,0.701173,2.90345227e-04,0.017040,1.5012
4185,QUAD,0.327190,0.297002,1.47673756e-04,0.012152,1.4663
4186,QUAD,0.284471,0.283888,2.60984701e-04,0.016155,1.0864
4187,QUAD,0.301363,0.836291,2.56578713e-04,0.016018,1.1311
4188,QUAD,0.362838,0.337655,2.23130646e-04,0.014938,1.5369
4189,QUAD,0.215078,0.746795,1.99547304e-04,0.014126,1.2516
4190,QUAD,0.196731,0.735849,2.55794967e-04,0.015994,1.0642
4191,QUAD,0.505585,0.827369,1.34253322e-04,0.011587,1.3315
4192,QUAD,0.861324,0.514993,1.16879259e-04,0.010811,1.3246
4193,QUAD,0.485744,0.142873,2.99836540e-04,0.017316,1.2449
4194,QUAD,0.681808,0.789467,2.41128616e-04,0.015528,1.1079
4195,QUAD,0.476840,0.460402,2.15290948e-05,0.004640,1.6522
4196,QUAD,0.563989,0.421494,8.94498535e-05,0.009458,1.1773
4197,QUAD,0.614181,0.457545,2.17910465e-04,0.014762,1.2092
4198,QUAD,0.606790,0.438736,2.15637390e-04,0.014685,1.1544
4199,QUAD,0.832623,0.209302,1.62851802e-04,0.012761,1.4017
4200,QUAD,0.313325,0.170604,2.43345358e-04,0.015600,1.2345
4201,QUAD,0.677031,0.774041,2.65575351e-04,0.016296,1.0729
4202,QUAD,0.380245,0.334066,1.02928400e-04,0.010145,1.8421
4203,QUAD,0.614115,0.512240,1.03348962e-04,0.010166,1.3186
4204,QUAD,0.702000,0.845566,1.58674755e-04,0.012597,1.6777
4205,QUAD,0.360203,0.721665,2.65684941e-04,0.016300,1.0968
4206,QUAD,0.495085,0.427682,6.05532192e-05,0.007782,1.1331
4207,QUAD,0.577614,0.413665,1.59205605e-04,0.012618,1.5081
4208,QUAD,0.782588,0.803691,2.35001559e-04,0.015330,1.5100
4209,QUAD,0.398370,0.338588,1.11947891e-04,0.010581,1.4796
4210,QUAD,0.485873,0.819448,1.64788961e-04,0.012837,1.6964
4211,QUAD,0.240176,0.782531,1.91090202e-04,0.013824,1.1251
4212,QUAD,0.225483,0.180370,2.81982479e-04,0.016792,1.1015
4213,QUAD,0.546975,0.380709,2.07466758e-04,0.014404,1.3183
4214,QUAD,0.799702,0.250841,1.62789242e-04,0.012759,1.5401
4215,QUAD,0.330127,0.210292,3.08829043e-04,0.017574,1.2966
4216,QUAD,0.348436,0.235987,2.70348629e-04,0.016442,1.1581
4217,QUAD,0.312008,0.224675,2.14213138e-04,0.014636,1.2728
4218,QUAD,0.304062,0.253511,2.24878088e-04,0.014996,1.1048
4219,QUAD,0.401442,0.749317,2.51804614e-04,0.015868,1.1857
4220,QUAD,0.332128,0.174348,1.47760906e-04,0.012156,1.4549
4221,QUAD,0.369655,0.317463,1.85739522e-04,0.013629,1.5918
4222,QUAD,0.774101,0.514688,1.87282462e-04,0.013685,1.4174
4223,QUAD,0.783446,0.506246,1.85070109e-04,0.013604,1.3471
4224,QUAD,0.207174,0.238190,2.55553931e-04,0.015986,1.4305
4225,QUAD,0.828577,0.329093,3.21966599e-04,0.017943,1.1701
4226,QUAD,0.722331,0.484767,2.68236581e-04,0.016378,1.1064
4227,QUAD,0.662294,0.278738,2.67352872e-04,0.016351,1.1779
4228,QUAD,0.671307,0.394170,2.62111168e-04,0.016190,1.1066
4229,QUAD,0.800955,0.264973,1.76904899e-04,0.013301,1.7812
4230,QUAD,0.625444,0.369303,1.52938946e-04,0.012367,1.2914
4231,QUAD,0.560838,0.317983,3.14566050e-04,0.017736,1.1914
4232,QUAD,0.661345,0.303656,3.60238721e-04,0.018980,1.2760
4233,QUAD,0.528570,0.685979,2.76124978e-04,0.016617,1.1024
4234,QUAD,0.673381,0.584686,1.79181017e-04,0.013386,1.4088
4235,QUAD,0.525496,0.303495,3.16498832e-04,0.017790,1.1233
4236,QUAD,0.751922,0.336936,3.14091533e-04,0.017723,1.2357
4237,QUAD,0.707754,0.329718,2.16879891e-04,0.014727,1.3616
4238,QUAD,0.536928,0.699272,2.36987891e-04,0.015394,1.1765
4239,QUAD,0.698519,0.351659,3.65406548e-04,0.019116,1.2753
