base_eid,layer3_eid,xc,yc,miseseri
1,5921,0.030294,0.010045,2.55090981e-15
2,5922,0.010123,0.010044,2.73523541e-15
3,5923,0.010410,0.110897,1.37720929e-15
4,5924,0.009585,0.150866,1.34043631e-15
5,5925,0.009824,0.190674,1.27234312e-15
6,5926,0.010370,0.230630,1.14453104e-15
7,5927,0.010099,0.270488,1.17272633e-15
8,5928,0.010214,0.309985,1.05409280e-15
9,5929,0.009476,0.349742,9.74582768e-16
10,5930,0.009757,0.389370,7.46655731e-16
11,5931,0.010925,0.429443,3.98182803e-16
12,5932,0.010138,0.489917,1.69677918e-16
13,5933,0.010426,0.469766,6.37888469e-17
14,5934,0.050365,0.009922,1.44419996e-15
15,5935,0.052432,0.049242,5.49647991e-16
16,5936,0.049925,0.117443,6.55836435e-16
17,5937,0.047083,0.154290,1.02358955e-15
18,5938,0.068615,0.191738,9.88080768e-16
19,5939,0.052858,0.251068,1.21708195e-15
20,5940,0.046592,0.281186,3.87805697e-16
21,5941,0.070358,0.318306,9.35582301e-16
22,5942,0.045880,0.367642,8.23700260e-16
23,5943,0.061053,0.412136,7.38366561e-16
24,5944,0.073921,0.450848,6.71020295e-16
25,5945,0.050511,0.489904,7.27680049e-17
26,5946,0.072053,0.470293,5.84231393e-16
27,5947,0.090380,0.009645,8.58413205e-16
28,5948,0.092136,0.048098,3.36574021e-16
29,5949,0.092915,0.067448,4.36746467e-16
30,5950,0.116434,0.109842,4.73383050e-16
31,5951,0.101409,0.153196,7.26194009e-16
32,5952,0.107060,0.186740,7.77007463e-16
33,5953,0.096441,0.228559,1.04204312e-15
34,5954,0.087964,0.294976,6.49140005e-16
35,5955,0.102830,0.345825,6.42762005e-16
36,5956,0.081011,0.396686,8.81278542e-16
37,5957,0.113814,0.451668,9.30263358e-16
38,5958,0.090709,0.490190,6.26712107e-16
39,5959,0.112229,0.470869,8.23935312e-16
40,5960,0.130235,0.009462,4.56072661e-16
41,5961,0.150311,0.028426,4.43878987e-16
42,5962,0.150388,0.047525,4.02651749e-16
43,5963,0.165689,0.123885,2.95168165e-16
44,5964,0.142753,0.154596,2.97185506e-16
45,5965,0.153286,0.176150,5.81632326e-16
46,5966,0.137387,0.298730,7.37771732e-16
47,5967,0.138911,0.313782,8.15332739e-16
48,5968,0.137542,0.370215,1.20420091e-15
49,5969,0.135573,0.412516,1.08877880e-15
50,5970,0.152837,0.451023,1.14110150e-15
51,5971,0.130701,0.490244,8.71053161e-16
52,5972,0.151851,0.470524,1.06601225e-15
53,5973,0.169996,0.009506,3.86144268e-16
54,5974,0.189520,0.028934,3.41018509e-16
55,5975,0.188030,0.067923,3.55677790e-16
56,5976,0.186785,0.087405,2.97821311e-16
57,5977,0.195502,0.147480,2.80230766e-16
58,5978,0.184065,0.182647,1.36424424e-16
59,5979,0.174770,0.250586,3.80004947e-16
60,5980,0.183685,0.265287,3.34093247e-16
61,5981,0.163819,0.307968,5.59964058e-16
62,5982,0.174766,0.373601,1.07134993e-15
63,5983,0.173283,0.411442,1.21763633e-15
64,5984,0.172409,0.450406,1.23070732e-15
65,5985,0.170602,0.490017,1.02307858e-15
66,5986,0.191520,0.469580,1.29613479e-15
67,5987,0.209776,0.009758,3.38156967e-16
68,5988,0.228945,0.029771,2.94174860e-16
69,5989,0.246400,0.071135,3.77890197e-16
70,5990,0.222230,0.111374,2.54319287e-16
71,5991,0.212044,0.151212,2.46760444e-16
72,5992,0.235679,0.196385,2.77605943e-16
73,5993,0.231867,0.234770,4.14046381e-16
74,5994,0.194198,0.288761,6.01268455e-16
75,5995,0.219102,0.320953,3.88164204e-16
76,5996,0.227475,0.369809,1.00005368e-15
77,5997,0.229782,0.407440,1.30026429e-15
78,5998,0.231675,0.447164,1.53110554e-15
79,5999,0.210607,0.489541,1.24522779e-15
80,6000,0.211500,0.468845,1.36808421e-15
81,6001,0.249597,0.010004,2.53214067e-16
82,6002,0.268534,0.030293,2.40273919e-16
83,6003,0.266329,0.071539,3.42934312e-16
84,6004,0.242597,0.114781,2.96968719e-16
85,6005,0.289218,0.155785,1.64450110e-16
86,6006,0.270151,0.216902,1.73901198e-16
87,6007,0.282362,0.237507,2.25533507e-16
88,6008,0.283835,0.281565,2.52741714e-16
89,6009,0.253810,0.308604,4.77002687e-16
90,6010,0.280587,0.361772,9.78770076e-16
91,6011,0.284690,0.414210,8.82026472e-16
92,6012,0.272950,0.440965,1.68230040e-15
93,6013,0.269331,0.510664,1.54381464e-15
94,6014,0.271605,0.488135,1.60769754e-15
95,6015,0.309437,0.010008,3.23649410e-16
96,6016,0.329397,0.009914,2.82869644e-16
97,6017,0.326400,0.070072,3.03918995e-16
98,6018,0.325393,0.110937,3.23397312e-16
99,6019,0.307533,0.154280,1.57364560e-16
100,6020,0.308370,0.196214,1.51073713e-16
101,6021,0.305719,0.226928,2.64224358e-16
102,6022,0.299670,0.275697,1.16649857e-16
103,6023,0.318605,0.331372,2.01984509e-16
104,6024,0.299203,0.360493,1.18642867e-15
105,6025,0.298517,0.404726,5.38608452e-16
106,6026,0.305423,0.443730,1.13375815e-15
107,6027,0.291905,0.488448,1.73581075e-15
108,6028,0.311966,0.489412,1.87143862e-15
109,6029,0.349340,0.009818,2.03628693e-16
110,6030,0.369268,0.009777,2.90116143e-16
111,6031,0.366353,0.049217,2.85744791e-16
112,6032,0.362483,0.109786,3.29658367e-16
113,6033,0.361899,0.149846,3.05177501e-16
114,6034,0.367370,0.187604,3.08792399e-16
115,6035,0.349065,0.220232,1.94187716e-16
116,6036,0.338645,0.275193,2.57219686e-16
117,6037,0.336767,0.320201,2.40027432e-16
118,6038,0.329983,0.376992,5.29140317e-16
119,6039,0.342972,0.407487,7.31779451e-16
120,6040,0.359001,0.453110,2.03110899e-15
121,6041,0.331969,0.490178,2.04470387e-15
122,6042,0.351871,0.490519,2.40844035e-15
123,6043,0.389173,0.009831,2.90748771e-16
124,6044,0.409067,0.010037,3.83040051e-16
125,6045,0.383608,0.069504,3.42811916e-16
126,6046,0.380400,0.109857,3.41422358e-16
127,6047,0.394069,0.146379,3.00347401e-16
128,6048,0.383162,0.184176,3.56979230e-16
129,6049,0.395662,0.223258,4.67430579e-16
130,6050,0.399888,0.269265,5.18170870e-16
131,6051,0.362450,0.325432,4.61924283e-16
132,6052,0.384289,0.361870,5.07753794e-16
133,6053,0.377708,0.375197,6.24522474e-16
134,6054,0.379023,0.432774,1.57657766e-15
135,6055,0.391557,0.490422,3.40662379e-15
136,6056,0.396968,0.450717,2.26701719e-15
137,6057,0.428961,0.010418,3.56844393e-16
138,6058,0.422790,0.051814,3.61780080e-16
139,6059,0.418772,0.071823,3.85527469e-16
140,6060,0.432708,0.108647,1.80889524e-16
141,6061,0.406957,0.149251,2.00864903e-16
142,6062,0.419002,0.183520,9.77036160e-17
143,6063,0.431631,0.228169,3.81841156e-16
144,6064,0.425129,0.277889,2.88996868e-16
145,6065,0.419565,0.333902,3.91838765e-16
146,6066,0.438563,0.362639,9.54607614e-16
147,6067,0.454823,0.450225,1.94815714e-15
148,6068,0.411356,0.490313,4.37009412e-15
149,6069,0.452693,0.470582,3.37255888e-15
150,6070,0.468797,0.010903,4.63541480e-16
151,6071,0.467909,0.051914,2.20227005e-16
152,6072,0.483983,0.066793,2.54806781e-16
153,6073,0.456439,0.105561,4.41030733e-16
154,6074,0.483668,0.146430,2.37952625e-16
155,6075,0.478597,0.188460,4.78718140e-16
156,6076,0.464278,0.227926,5.94213094e-16
157,6077,0.475212,0.275341,4.86161654e-16
158,6078,0.500485,0.322218,1.25199792e-15
159,6079,0.465004,0.341007,7.99915628e-16
160,6080,0.468158,0.393422,1.38579545e-15
161,6081,0.493292,0.451586,8.98546696e-15
162,6082,0.470735,0.490333,2.22649895e-14
163,6083,0.472266,0.470865,4.98998671e-15
164,6084,0.509004,0.010416,6.05547507e-16
165,6085,0.524058,0.048202,4.36092160e-16
166,6086,0.527449,0.071464,2.67005828e-16
167,6087,0.525337,0.099704,2.41015205e-16
168,6088,0.524166,0.146212,2.75430895e-16
169,6089,0.515702,0.199431,5.72561767e-16
170,6090,0.516767,0.234514,4.58448112e-16
171,6091,0.505102,0.286540,7.21933381e-16
172,6092,0.518477,0.325341,6.91135951e-16
173,6093,0.499754,0.358262,1.29159544e-15
174,6094,0.498921,0.376297,1.71863684e-15
175,6095,0.512558,0.451299,8.35154496e-15
176,6096,0.510370,0.509642,2.20998672e-14
177,6097,0.473340,0.555212,3.07225499e-15
178,6098,0.437062,0.600857,1.14321432e-15
179,6099,0.385047,0.622622,6.92236723e-16
180,6100,0.344799,0.661584,5.07674650e-16
181,6101,0.304489,0.702311,5.06100174e-16
182,6102,0.282620,0.770839,2.23494461e-16
183,6103,0.226901,0.789448,3.97812968e-16
184,6104,0.179631,0.856592,1.16857235e-16
185,6105,0.136707,0.894017,5.66937204e-16
186,6106,0.115265,0.932966,2.94826705e-16
187,6107,0.067568,0.946255,7.92147542e-16
188,6108,0.009942,0.989976,2.69662256e-15
189,6109,0.009763,0.969973,2.97807573e-15
190,6110,0.009197,0.930188,1.96382598e-15
191,6111,0.063298,0.887775,7.93825196e-16
192,6112,0.106750,0.845244,7.92305196e-16
193,6113,0.144887,0.811162,1.96130320e-16
194,6114,0.217155,0.746727,4.07357732e-16
195,6115,0.268273,0.710269,4.27070730e-16
196,6116,0.366201,0.603723,9.29946885e-16
197,6117,0.404455,0.548173,1.29681200e-15
198,6118,0.423284,0.550893,1.11623706e-15
199,6119,0.489999,0.510529,6.48822630e-14
200,6120,0.490604,0.531397,3.06941023e-14
201,6121,0.548997,0.011012,6.78052786e-16
202,6122,0.566862,0.034658,6.83182682e-16
203,6123,0.584551,0.076446,6.38780368e-16
204,6124,0.580925,0.118453,4.67917570e-16
205,6125,0.574369,0.138606,8.14603656e-16
206,6126,0.561262,0.199419,5.19121929e-16
207,6127,0.553671,0.230424,4.44250993e-16
208,6128,0.537567,0.262683,8.24943175e-16
209,6129,0.553551,0.329906,6.68114654e-16
210,6130,0.550294,0.370986,1.73379449e-15
211,6131,0.551654,0.390419,2.30085891e-15
212,6132,0.530817,0.489003,9.88775695e-15
213,6133,0.551058,0.570919,4.00147173e-15
214,6134,0.539658,0.605172,1.13868037e-15
215,6135,0.545447,0.649558,5.92541634e-16
216,6136,0.565841,0.685883,6.04127350e-16
217,6137,0.540928,0.722271,3.41313117e-16
218,6138,0.557913,0.774858,5.63685868e-16
219,6139,0.582397,0.819775,2.78059873e-16
220,6140,0.553757,0.876618,2.39731262e-16
221,6141,0.555143,0.906724,2.07482772e-16
222,6142,0.578760,0.945026,4.67164293e-16
223,6143,0.550549,0.987869,7.75245211e-16
224,6144,0.530167,0.988091,6.56290286e-16
225,6145,0.523175,0.940412,5.98595960e-16
226,6146,0.512172,0.921762,3.80139387e-16
227,6147,0.540934,0.893195,1.70147915e-16
228,6148,0.524008,0.846717,2.43674756e-16
229,6149,0.525452,0.788978,6.94253138e-16
230,6150,0.531734,0.746342,5.65751834e-16
231,6151,0.527494,0.711734,1.11969370e-15
232,6152,0.519162,0.680211,3.12715697e-16
233,6153,0.519465,0.649414,5.91590945e-16
234,6154,0.525420,0.593061,3.52221308e-15
235,6155,0.530943,0.549560,7.07720930e-15
236,6156,0.510729,0.489882,2.38366286e-14
237,6157,0.550738,0.487971,4.19991546e-15
238,6158,0.589064,0.011008,6.70049119e-16
239,6159,0.607215,0.054260,7.74169108e-16
240,6160,0.609413,0.073232,4.98916329e-16
241,6161,0.595388,0.126329,4.61133948e-16
242,6162,0.612827,0.164614,3.07122024e-16
243,6163,0.616275,0.195075,3.14466726e-16
244,6164,0.590421,0.271787,7.84352086e-16
245,6165,0.603811,0.319163,8.01091839e-16
246,6166,0.611988,0.364201,1.27496998e-15
247,6167,0.610734,0.404241,1.80129328e-15
248,6168,0.615280,0.444646,1.63525428e-15
249,6169,0.570870,0.487092,2.42595424e-15
250,6170,0.608727,0.559784,1.36141149e-15
251,6171,0.609015,0.601577,1.87284850e-15
252,6172,0.606535,0.648686,1.02864052e-15
253,6173,0.604894,0.702135,5.27277321e-16
254,6174,0.594782,0.770819,3.55755188e-16
255,6175,0.595467,0.807677,2.91437567e-16
256,6176,0.604171,0.858615,7.30570311e-16
257,6177,0.612798,0.881315,2.62848591e-16
258,6178,0.597932,0.949367,5.49200016e-16
259,6179,0.611001,0.990261,6.17783268e-16
260,6180,0.591008,0.989579,6.00458745e-16
261,6181,0.629151,0.010390,7.18928796e-16
262,6182,0.647520,0.030565,7.16762986e-16
263,6183,0.665918,0.048973,6.73201722e-16
264,6184,0.676105,0.109283,3.62977838e-16
265,6185,0.660928,0.155207,5.92398273e-16
266,6186,0.642334,0.188346,3.02285307e-16
267,6187,0.638012,0.233189,4.57010327e-16
268,6188,0.620639,0.272206,6.01434738e-16
269,6189,0.645929,0.308925,6.52202240e-16
270,6190,0.651081,0.365746,9.94909653e-16
271,6191,0.650092,0.416401,1.07566122e-15
272,6192,0.647709,0.453127,8.33316678e-16
273,6193,0.612450,0.487573,9.82116491e-16
274,6194,0.659373,0.552195,9.19502863e-16
275,6195,0.666026,0.589884,8.87948450e-16
276,6196,0.644527,0.655976,7.05852301e-16
277,6197,0.649843,0.684004,8.78400960e-16
278,6198,0.648658,0.748486,7.48657535e-16
279,6199,0.631444,0.781103,6.41014312e-16
280,6200,0.620790,0.819984,8.05685193e-16
281,6201,0.631786,0.874046,6.17215597e-16
282,6202,0.627743,0.899446,5.78001625e-16
283,6203,0.653821,0.953887,6.81704716e-16
284,6204,0.650662,0.990838,5.30229337e-16
285,6205,0.630868,0.990657,6.72962224e-16
286,6206,0.669074,0.010216,7.84156209e-16
287,6207,0.687206,0.031312,6.79893706e-16
288,6208,0.693388,0.069191,3.02911079e-16
289,6209,0.690860,0.090501,5.14740863e-16
290,6210,0.698769,0.157568,4.65173819e-16
291,6211,0.696771,0.185482,4.66118896e-16
292,6212,0.703920,0.255937,1.00645111e-15
293,6213,0.680433,0.275105,6.06002311e-16
294,6214,0.676182,0.333618,6.66318150e-16
295,6215,0.690416,0.352025,6.32108395e-16
296,6216,0.687943,0.394248,6.50726550e-16
297,6217,0.686146,0.443316,1.72133678e-16
298,6218,0.653494,0.506349,6.30540273e-16
299,6219,0.705462,0.578572,8.85953158e-16
300,6220,0.696844,0.620206,8.02035275e-16
301,6221,0.680386,0.662005,2.99559528e-16
302,6222,0.688846,0.674373,3.04277872e-16
303,6223,0.678388,0.789016,1.00269346e-15
304,6224,0.674236,0.839193,5.60210333e-16
305,6225,0.677006,0.877719,7.38123357e-16
306,6226,0.675322,0.916496,7.68291441e-16
307,6227,0.672212,0.953886,6.96478929e-16
308,6228,0.690162,0.990705,7.10600662e-16
309,6229,0.670411,0.990840,6.16935971e-16
310,6230,0.709595,0.011549,9.88859826e-16
311,6231,0.729996,0.036072,1.16253874e-15
312,6232,0.741358,0.081262,9.69569498e-16
313,6233,0.730278,0.107247,9.05571818e-16
314,6234,0.723119,0.158727,3.69456105e-16
315,6235,0.758386,0.204737,9.43672842e-16
316,6236,0.720909,0.233844,9.31191070e-16
317,6237,0.714100,0.290243,7.21471801e-16
318,6238,0.715140,0.384626,2.14429143e-16
319,6239,0.744755,0.418522,5.47047600e-16
320,6240,0.716779,0.420258,3.49130252e-16
321,6241,0.703196,0.514649,5.48178442e-16
322,6242,0.723092,0.568138,4.44131773e-16
323,6243,0.713592,0.614673,6.77265416e-16
324,6244,0.734717,0.625293,4.44315950e-16
325,6245,0.757847,0.694563,5.33281620e-16
326,6246,0.719854,0.782594,7.36184869e-16
327,6247,0.711569,0.817045,8.34262814e-16
328,6248,0.730639,0.872798,6.92344138e-16
329,6249,0.738422,0.909598,5.37234988e-16
330,6250,0.727599,0.950894,6.69850172e-16
331,6251,0.729887,0.989992,8.80140553e-16
332,6252,0.729232,0.970179,7.58339121e-16
333,6253,0.750155,0.011292,1.03656165e-15
334,6254,0.770284,0.010647,1.03661734e-15
335,6255,0.754441,0.055355,1.07874146e-15
336,6256,0.753798,0.118910,8.79466156e-16
337,6257,0.791132,0.150013,4.21934534e-16
338,6258,0.775661,0.206696,6.80116741e-16
339,6259,0.771978,0.224327,5.79954565e-16
340,6260,0.755615,0.279106,7.95660240e-16
341,6261,0.770510,0.291666,6.02917522e-16
342,6262,0.752241,0.332143,8.05593184e-16
343,6263,0.771687,0.411181,4.94414667e-16
344,6264,0.788163,0.412749,6.53003057e-16
345,6265,0.782422,0.491723,2.02148608e-16
346,6266,0.761032,0.568105,6.85012326e-16
347,6267,0.771554,0.628076,8.38455203e-16
348,6268,0.774489,0.646382,9.14998659e-16
349,6269,0.772266,0.693364,6.35825176e-16
350,6270,0.763501,0.733191,5.86459884e-16
351,6271,0.760397,0.779249,7.06559045e-16
352,6272,0.777049,0.859363,3.26330322e-16
353,6273,0.800087,0.910060,4.47241178e-16
354,6274,0.767832,0.944540,5.50462043e-16
355,6275,0.770139,0.989077,1.07086871e-15
356,6276,0.749339,0.968512,7.88984774e-16
357,6277,0.810169,0.009818,9.55775990e-16
358,6278,0.810708,0.029372,9.23966409e-16
359,6279,0.830782,0.067198,8.01540237e-16
360,6280,0.824747,0.120317,1.10293653e-15
361,6281,0.812716,0.136123,5.48280086e-16
362,6282,0.813450,0.212521,5.52982971e-16
363,6283,0.798422,0.236105,6.34510157e-16
364,6284,0.796707,0.266446,6.97080905e-16
365,6285,0.811075,0.303113,9.27289425e-16
366,6286,0.819780,0.362439,8.97624637e-16
367,6287,0.809173,0.383407,4.26940498e-16
368,6288,0.814009,0.417265,3.50857987e-16
369,6289,0.828144,0.493037,5.34186834e-16
370,6290,0.811354,0.547465,7.30897372e-16
371,6291,0.815931,0.626038,5.88868634e-16
372,6292,0.808828,0.648934,7.08414311e-16
373,6293,0.830452,0.684688,8.88471917e-16
374,6294,0.784180,0.748986,6.08850141e-16
375,6295,0.784936,0.767605,1.02364038e-15
376,6296,0.784212,0.811700,5.98879399e-16
377,6297,0.791144,0.850350,4.56635144e-16
378,6298,0.831889,0.893223,4.47690794e-16
379,6299,0.787682,0.937915,3.78087953e-16
380,6300,0.810152,0.989590,9.32472419e-16
381,6301,0.791091,0.967583,1.15490115e-15
382,6302,0.849868,0.009695,9.77465221e-16
383,6303,0.869715,0.009901,9.65386532e-16
384,6304,0.867586,0.048986,4.54887080e-16
385,6305,0.863425,0.106160,4.19706281e-16
386,6306,0.861410,0.161718,9.61429829e-16
387,6307,0.825803,0.202347,7.05406497e-16
388,6308,0.859011,0.222426,6.09796171e-16
389,6309,0.871363,0.268416,6.87416894e-16
390,6310,0.854494,0.304824,9.09080863e-16
391,6311,0.839490,0.356732,8.62089276e-16
392,6312,0.846307,0.394745,3.85106706e-16
393,6313,0.853050,0.432590,2.80386249e-16
394,6314,0.843326,0.483694,6.22406321e-16
395,6315,0.829913,0.578111,6.41986335e-16
396,6316,0.839915,0.593792,6.30717779e-16
397,6317,0.871509,0.657199,8.56185138e-16
398,6318,0.834197,0.702214,7.69418365e-16
399,6319,0.857811,0.716665,7.26338534e-16
400,6320,0.870378,0.771824,6.48437073e-16
401,6321,0.859490,0.822647,9.40588160e-16
402,6322,0.838163,0.860189,6.70126093e-16
403,6323,0.846033,0.911014,1.57112330e-15
404,6324,0.848376,0.945542,3.55276323e-16
405,6325,0.850334,0.989227,1.09962198e-15
406,6326,0.830206,0.968554,7.07560979e-16
407,6327,0.889659,0.010341,1.18587874e-15
408,6328,0.909751,0.010919,1.08251573e-15
409,6329,0.883329,0.069540,2.31745012e-16
410,6330,0.883136,0.109063,6.09656517e-16
411,6331,0.910741,0.153244,6.90529317e-16
412,6332,0.899422,0.182939,1.25459439e-15
413,6333,0.881523,0.231079,5.79402617e-16
414,6334,0.886459,0.247786,5.52345897e-16
415,6335,0.893199,0.303274,7.80363196e-16
416,6336,0.886572,0.363073,5.30323411e-16
417,6337,0.890792,0.389292,4.59388266e-16
418,6338,0.902101,0.407787,1.12420320e-15
419,6339,0.922494,0.497116,1.02154323e-15
420,6340,0.876399,0.618301,6.49618208e-16
421,6341,0.909735,0.655942,7.98610985e-16
422,6342,0.902782,0.686209,3.89935614e-16
423,6343,0.880785,0.730547,6.20976106e-16
424,6344,0.885206,0.748620,7.20798145e-16
425,6345,0.898583,0.828819,4.09674658e-16
426,6346,0.894069,0.865090,9.40953972e-16
427,6347,0.892016,0.907042,5.55946104e-16
428,6348,0.888300,0.936633,1.51748557e-15
429,6349,0.890421,0.990476,1.29031610e-15
430,6350,0.894699,0.955144,1.13835924e-15
431,6351,0.929954,0.010995,1.09969885e-15
432,6352,0.934045,0.054345,1.94772452e-15
433,6353,0.925662,0.078308,1.50740323e-15
434,6354,0.898756,0.088022,6.76529556e-16
435,6355,0.948245,0.171011,4.52530158e-16
436,6356,0.948148,0.252751,5.28234998e-16
437,6357,0.931994,0.275334,5.14497077e-16
438,6358,0.937041,0.327825,7.63777814e-16
439,6359,0.950277,0.366561,1.08920062e-15
440,6360,0.943839,0.404462,1.20492544e-15
441,6361,0.911668,0.427115,9.32472208e-16
442,6362,0.970957,0.530182,1.81501119e-15
443,6363,0.951245,0.588390,1.18819495e-15
444,6364,0.911456,0.599130,7.95720591e-16
445,6365,0.948140,0.671496,8.87809854e-16
446,6366,0.944964,0.732753,1.12887310e-15
447,6367,0.931522,0.776276,8.63590483e-16
448,6368,0.933675,0.829459,3.40972954e-16
449,6369,0.951925,0.867646,6.80221296e-16
450,6370,0.949654,0.903947,7.99401955e-16
451,6371,0.911458,0.955945,4.73150699e-16
452,6372,0.930202,0.990808,1.20664417e-15
453,6373,0.948859,0.952197,8.59538383e-16
454,6374,0.970213,0.010153,2.29712498e-15
455,6375,0.990355,0.029985,2.67921476e-15
456,6376,0.953271,0.051104,7.79525586e-16
457,6377,0.955994,0.104894,1.28408871e-15
458,6378,0.967223,0.148684,9.36802028e-16
459,6379,0.969234,0.189333,7.01029772e-16
460,6380,0.966797,0.229455,9.90043449e-16
461,6381,0.970239,0.270687,7.36185398e-16
462,6382,0.972195,0.329627,7.60928660e-16
463,6383,0.970065,0.368718,1.05050032e-15
464,6384,0.947227,0.385467,1.13670593e-15
465,6385,0.942305,0.435387,1.33862482e-15
466,6386,0.990469,0.490228,2.76397841e-15
467,6387,0.971814,0.490843,1.83069464e-15
468,6388,0.990367,0.530136,2.10261127e-15
469,6389,0.990235,0.569735,1.18845562e-15
470,6390,0.949077,0.549174,1.74739339e-15
471,6391,0.952732,0.605772,7.74355562e-16
472,6392,0.966426,0.648652,1.14131040e-15
473,6393,0.969301,0.689596,5.76412273e-16
474,6394,0.966994,0.729955,1.15109967e-15
475,6395,0.969955,0.771270,9.20230464e-16
476,6396,0.971386,0.810464,8.26746773e-16
477,6397,0.971056,0.868692,9.38486036e-16
478,6398,0.951488,0.886038,5.57113475e-16
479,6399,0.946321,0.932513,1.47799361e-15
480,6400,0.969977,0.990247,2.30149863e-15
481,6401,0.989977,0.990061,2.36900250e-15
482,6402,0.489863,0.990633,4.21385656e-16
483,6403,0.485054,0.955151,4.67786756e-16
484,6404,0.471234,0.912549,3.56873536e-16
485,6405,0.469248,0.855130,1.25102650e-16
486,6406,0.490527,0.790448,5.82837971e-16
487,6407,0.501493,0.757756,5.54784769e-16
488,6408,0.489920,0.715854,1.06110030e-15
489,6409,0.487407,0.676819,1.03390165e-15
490,6410,0.494669,0.586712,2.81413335e-15
491,6411,0.492564,0.551359,7.08148258e-15
492,6412,0.450467,0.991730,3.11101781e-16
493,6413,0.432894,0.974336,2.73683280e-16
494,6414,0.406942,0.933376,2.45119662e-16
495,6415,0.437299,0.881778,2.82731154e-16
496,6416,0.435170,0.868099,3.92617294e-16
497,6417,0.430493,0.765136,5.60439402e-16
498,6418,0.437289,0.682025,8.44960416e-16
499,6419,0.451083,0.638897,1.24348460e-15
500,6420,0.420986,0.610931,4.67505753e-16
501,6421,0.411147,0.990848,2.61301856e-16
502,6422,0.400554,0.951019,2.13481989e-16
503,6423,0.392866,0.928682,7.28048112e-17
504,6424,0.403343,0.880222,3.26266212e-16
505,6425,0.383956,0.827385,2.69411958e-16
506,6426,0.375989,0.810633,1.50529759e-16
507,6427,0.381215,0.785414,7.19476535e-17
508,6428,0.403336,0.718837,5.17755506e-16
509,6429,0.400222,0.664332,6.86300240e-16
510,6430,0.371211,0.988910,3.42321483e-16
511,6431,0.352311,0.965355,3.61486901e-16
512,6432,0.328600,0.947751,2.76612479e-16
513,6433,0.341325,0.888322,3.71740261e-16
514,6434,0.349878,0.841771,2.10666279e-16
515,6435,0.354296,0.802568,9.93708481e-17
516,6436,0.358044,0.760850,1.91205353e-16
517,6437,0.373239,0.712483,3.69720723e-16
518,6438,0.362372,0.697637,3.34372953e-16
519,6439,0.330447,0.989130,1.92870779e-16
520,6440,0.310449,0.969149,2.69525884e-16
521,6441,0.312336,0.904148,4.34838988e-17
522,6442,0.299274,0.847113,2.82026423e-16
523,6443,0.295718,0.812109,2.88165075e-17
524,6444,0.321165,0.782345,1.53169762e-16
525,6445,0.306528,0.723783,3.19530289e-16
526,6446,0.290089,0.989278,2.11577991e-16
527,6447,0.248604,0.968316,2.61363133e-16
528,6448,0.261539,0.924546,2.45859069e-16
529,6449,0.269593,0.883590,1.39478877e-16
530,6450,0.281950,0.847285,2.02375044e-16
531,6451,0.262639,0.810680,1.74318626e-16
532,6452,0.279924,0.792224,1.70114722e-16
533,6453,0.249691,0.989369,2.31934747e-16
534,6454,0.228310,0.969588,3.21754332e-16
535,6455,0.246087,0.947724,3.03342510e-16
536,6456,0.252244,0.886107,1.34790576e-16
537,6457,0.209476,0.851332,2.99740343e-16
538,6458,0.244635,0.810056,2.58955971e-16
539,6459,0.189738,0.990482,3.46069684e-16
540,6460,0.169901,0.990635,2.99076984e-16
541,6461,0.168604,0.935842,3.36238728e-16
542,6462,0.176211,0.898924,1.63068983e-16
543,6463,0.150091,0.990622,5.40598926e-16
544,6464,0.130296,0.990446,6.05261580e-16
545,6465,0.132183,0.952540,3.47352330e-16
546,6466,0.156923,0.899685,5.07655327e-16
547,6467,0.110415,0.990057,6.79402533e-16
548,6468,0.090349,0.989457,1.02213668e-15
549,6469,0.133194,0.933409,3.54187833e-16
550,6470,0.070157,0.989241,1.25950221e-15
551,6471,0.047857,0.948803,3.16219554e-16
552,6472,0.009452,0.890433,1.53667870e-15
553,6473,0.052647,0.848405,9.12580698e-16
554,6474,0.107569,0.826185,7.14233692e-16
555,6475,0.162984,0.777886,2.45641540e-16
556,6476,0.186722,0.739143,5.54220063e-16
557,6477,0.246064,0.701596,5.43376400e-16
558,6478,0.297094,0.650263,7.50601952e-16
559,6479,0.331560,0.604960,1.06511556e-15
560,6480,0.367010,0.547036,1.92580098e-15
561,6481,0.407198,0.529351,2.66652685e-15
562,6482,0.429287,0.510513,6.02071442e-15
563,6483,0.044750,0.894523,9.75315452e-16
564,6484,0.010495,0.850458,1.49633961e-15
565,6485,0.069541,0.816179,9.46153272e-16
566,6486,0.107247,0.790481,5.62051147e-16
567,6487,0.146484,0.710626,8.16346055e-16
568,6488,0.182401,0.680891,9.26052333e-16
569,6489,0.219744,0.654548,8.11591024e-16
570,6490,0.252886,0.608196,4.61353171e-16
571,6491,0.329046,0.567755,1.53578381e-15
572,6492,0.369339,0.509463,2.73211769e-15
573,6493,0.409198,0.509882,4.32733674e-15
574,6494,0.032048,0.851260,1.45003877e-15
575,6495,0.010146,0.810373,1.22458041e-15
576,6496,0.074207,0.796155,1.03205798e-15
577,6497,0.091781,0.731881,1.09216799e-15
578,6498,0.146285,0.678710,8.74665174e-16
579,6499,0.202424,0.654345,1.00043316e-15
580,6500,0.224281,0.614799,1.19793180e-15
581,6501,0.289362,0.572326,1.57563756e-15
582,6502,0.329501,0.509788,2.07602481e-15
583,6503,0.349438,0.509569,2.41263571e-15
584,6504,0.030317,0.811133,1.10117396e-15
585,6505,0.010388,0.770568,1.17012054e-15
586,6506,0.052471,0.752782,1.30882546e-15
587,6507,0.108635,0.693979,9.98896002e-16
588,6508,0.148906,0.646663,9.14056864e-16
589,6509,0.200074,0.593623,8.71804638e-16
590,6510,0.246927,0.574003,1.36241554e-15
591,6511,0.289457,0.510367,1.76234649e-15
592,6512,0.309510,0.510067,1.75084018e-15
593,6513,0.031358,0.771797,1.20652972e-15
594,6514,0.010356,0.730588,1.15472201e-15
595,6515,0.070007,0.693020,1.07690975e-15
596,6516,0.109296,0.658294,9.84141323e-16
597,6517,0.158325,0.602149,6.94247527e-16
598,6518,0.175542,0.571133,9.82208924e-16
599,6519,0.227390,0.531179,1.68882784e-15
600,6520,0.031044,0.731664,1.20540052e-15
601,6521,0.010153,0.690530,1.01035795e-15
602,6522,0.050315,0.652798,1.03395131e-15
603,6523,0.136533,0.611874,8.48309691e-16
604,6524,0.145606,0.545706,1.07797076e-15
605,6525,0.188556,0.532285,1.59419785e-15
606,6526,0.229275,0.510410,1.34628295e-15
607,6527,0.030355,0.691516,1.11791207e-15
608,6528,0.010139,0.650493,8.66102412e-16
609,6529,0.071235,0.634913,9.81184967e-16
610,6530,0.097898,0.600160,9.06020957e-16
611,6531,0.148047,0.527942,1.09881656e-15
612,6532,0.189497,0.510494,1.09254481e-15
613,6533,0.030208,0.671539,1.03147892e-15
614,6534,0.010430,0.610365,8.35798167e-16
615,6535,0.089441,0.556237,8.51716034e-16
616,6536,0.109910,0.544200,8.13448673e-16
617,6537,0.149495,0.509394,1.01581316e-15
618,6538,0.030729,0.631463,9.00303802e-16
619,6539,0.010319,0.550249,1.15009869e-16
620,6540,0.051271,0.550527,5.03364787e-16
621,6541,0.109956,0.509146,8.49044227e-16
622,6542,0.053001,0.570410,8.74153195e-16
623,6543,0.010073,0.510075,1.45865188e-16
624,6544,0.070432,0.510144,2.79090474e-16
625,6545,0.030204,0.510182,8.41182398e-17
626,6546,0.033284,0.428275,7.17812301e-16
627,6547,0.049671,0.401849,4.77755434e-16
628,6548,0.028314,0.349512,9.44974202e-16
629,6549,0.031507,0.309778,1.51448538e-15
630,6550,0.031153,0.231559,1.22347398e-15
631,6551,0.029467,0.191775,1.10878222e-15
632,6552,0.028784,0.172132,1.13024148e-15
633,6553,0.030834,0.113356,1.06479453e-15
634,6554,0.054776,0.068598,1.18032898e-15
635,6555,0.991049,0.069704,1.67763864e-15
636,6556,0.939888,0.072440,9.94779634e-16
637,6557,0.885877,0.050419,3.10304988e-16
638,6558,0.849089,0.048295,6.80527552e-16
639,6559,0.811641,0.048706,8.62054759e-16
640,6560,0.773875,0.052201,1.01617007e-15
641,6561,0.734238,0.059842,1.10072599e-15
642,6562,0.684036,0.049645,5.11435423e-16
643,6563,0.647146,0.051292,8.25195432e-16
644,6564,0.625530,0.072000,6.07119547e-16
645,6565,0.587374,0.055578,7.25827932e-16
646,6566,0.469213,0.068371,3.77753692e-16
647,6567,0.385503,0.049405,3.37284681e-16
648,6568,0.346912,0.049434,3.09447314e-16
649,6569,0.307391,0.050337,3.62229749e-16
650,6570,0.267468,0.050746,4.60642457e-16
651,6571,0.208371,0.049122,3.17308098e-16
652,6572,0.169594,0.047833,3.60664485e-16
653,6573,0.131218,0.047456,3.58910041e-16
654,6574,0.112769,0.066244,2.55232706e-16
655,6575,0.990638,0.109565,1.80951670e-15
656,6576,0.941621,0.101328,1.32045830e-15
657,6577,0.902265,0.106005,1.00337479e-15
658,6578,0.848173,0.086413,6.89183646e-16
659,6579,0.798538,0.088454,1.01618522e-15
660,6580,0.765110,0.095893,1.03464323e-15
661,6581,0.671308,0.081530,5.36395261e-16
662,6582,0.658416,0.086999,4.19620599e-16
663,6583,0.619709,0.119503,3.33968733e-16
664,6584,0.552957,0.091305,6.64507776e-16
665,6585,0.553047,0.112928,6.32879672e-16
666,6586,0.430757,0.092292,3.51113341e-16
667,6587,0.398130,0.110596,3.43385383e-16
668,6588,0.344930,0.089823,3.41521884e-16
669,6589,0.306036,0.091296,2.49593081e-16
670,6590,0.265195,0.092952,2.27754983e-16
671,6591,0.205583,0.088938,3.28933598e-16
672,6592,0.168361,0.086335,3.87496345e-16
673,6593,0.150020,0.085808,4.30679699e-16
674,6594,0.106698,0.097025,4.59328285e-16
675,6595,0.055106,0.098756,4.85783824e-16
676,6596,0.989292,0.149592,1.11902063e-15
677,6597,0.945618,0.150949,3.77335470e-16
678,6598,0.893011,0.150345,4.77832673e-16
679,6599,0.854264,0.121564,1.28984843e-15
680,6600,0.774797,0.133038,9.17353305e-16
681,6601,0.700853,0.131033,4.26344373e-16
682,6602,0.688962,0.118140,3.11589566e-16
683,6603,0.555852,0.136114,7.53497746e-16
684,6604,0.516675,0.128281,3.26556692e-16
685,6605,0.413736,0.132104,4.62805885e-16
686,6606,0.379154,0.129152,3.39816781e-16
687,6607,0.343818,0.130779,2.92257231e-16
688,6608,0.306590,0.132908,2.49294290e-16
689,6609,0.287221,0.134589,2.76273851e-16
690,6610,0.217737,0.131529,1.78095017e-16
691,6611,0.182440,0.125848,3.50665420e-16
692,6612,0.149645,0.122513,3.36199553e-16
693,6613,0.097563,0.137663,5.54558876e-16
694,6614,0.047574,0.135867,8.57763478e-16
695,6615,0.989608,0.189807,1.07682759e-15
696,6616,0.927718,0.173416,3.87284798e-16
697,6617,0.855928,0.184897,8.66104318e-16
698,6618,0.807097,0.156571,4.73853048e-16
699,6619,0.761702,0.155544,1.03541562e-15
700,6620,0.723901,0.185900,4.54061011e-16
701,6621,0.669200,0.183511,3.34384785e-16
702,6622,0.653656,0.171230,3.95903411e-16
703,6623,0.627627,0.177064,4.03552992e-16
704,6624,0.549543,0.178231,5.92258301e-16
705,6625,0.514017,0.178056,6.23081354e-16
706,6626,0.467836,0.154836,1.25521998e-16
707,6627,0.406763,0.172230,1.52618608e-16
708,6628,0.381191,0.166255,3.40592927e-16
709,6629,0.345786,0.173735,3.43002472e-16
710,6630,0.308098,0.175657,1.97171628e-16
711,6631,0.272769,0.178199,8.20693134e-17
712,6632,0.222320,0.174699,2.95898572e-16
713,6633,0.174589,0.161879,3.51844463e-16
714,6634,0.136842,0.170428,1.78195814e-16
715,6635,0.103616,0.169897,7.40437874e-16
716,6636,0.047744,0.173030,9.66943061e-16
717,6637,0.989097,0.229819,9.64173686e-16
718,6638,0.910111,0.199677,8.46374856e-16
719,6639,0.845117,0.230765,6.92562354e-16
720,6640,0.811893,0.233162,6.69571657e-16
721,6641,0.680750,0.223797,5.23276150e-16
722,6642,0.606040,0.226436,6.51658657e-16
723,6643,0.560052,0.216860,6.38783544e-16
724,6644,0.516503,0.218515,6.27953752e-16
725,6645,0.463237,0.209651,5.09532511e-16
726,6646,0.446082,0.211841,4.90986777e-16
727,6647,0.361098,0.210620,1.82666348e-16
728,6648,0.217415,0.194037,3.33690271e-16
729,6649,0.174631,0.208522,6.63513201e-16
730,6650,0.136362,0.214974,6.44551786e-16
731,6651,0.105923,0.246922,3.56403036e-16
732,6652,0.050728,0.211853,1.06465085e-15
733,6653,0.990005,0.270081,1.09329073e-15
734,6654,0.908929,0.261373,4.95580449e-16
735,6655,0.853588,0.287308,8.28217328e-16
736,6656,0.816332,0.253266,7.88558028e-16
737,6657,0.769399,0.268370,3.01005281e-16
738,6658,0.736504,0.256304,5.52833417e-16
739,6659,0.709652,0.273751,8.49123478e-16
740,6660,0.604863,0.265215,6.30471769e-16
741,6661,0.553969,0.263389,7.30310537e-16
742,6662,0.462615,0.266477,1.89648520e-16
743,6663,0.374023,0.253384,4.11601923e-16
744,6664,0.294252,0.259386,1.05530121e-16
745,6665,0.279203,0.264057,1.50092849e-16
746,6666,0.213947,0.254812,5.17825969e-16
747,6667,0.140768,0.285330,5.99622405e-16
748,6668,0.108872,0.274844,9.84605392e-16
749,6669,0.060859,0.267034,5.94351690e-16
750,6670,0.990657,0.309981,7.50421481e-16
751,6671,0.937514,0.310321,6.23703923e-16
752,6672,0.855912,0.322289,9.77007930e-16
753,6673,0.804789,0.319338,4.57418914e-16
754,6674,0.766262,0.308439,1.19220904e-15
755,6675,0.693854,0.337005,7.23600871e-16
756,6676,0.658225,0.330595,7.48441118e-16
757,6677,0.598202,0.289287,4.68446066e-16
758,6678,0.566416,0.314932,4.82368905e-16
759,6679,0.527104,0.311800,4.88096436e-16
760,6680,0.432030,0.320480,4.44004824e-16
761,6681,0.353465,0.309776,3.27177778e-16
762,6682,0.293841,0.318313,2.87018914e-16
763,6683,0.267519,0.286494,2.97449198e-16
764,6684,0.231610,0.293265,7.60340978e-16
765,6685,0.103292,0.310073,8.41553015e-16
766,6686,0.052184,0.312925,1.19058813e-15
767,6687,0.990443,0.349826,1.17437306e-15
768,6688,0.952772,0.347754,9.65718674e-16
769,6689,0.871566,0.354785,6.39498017e-16
770,6690,0.856521,0.338670,1.08198612e-15
771,6691,0.807846,0.345579,1.64685307e-16
772,6692,0.727781,0.355252,4.92067221e-16
773,6693,0.672189,0.350032,8.44900224e-16
774,6694,0.653845,0.348335,8.53433022e-16
775,6695,0.596342,0.340150,8.08639802e-16
776,6696,0.564289,0.345298,1.26567379e-15
777,6697,0.514829,0.358452,1.33548392e-15
778,6698,0.485308,0.357363,1.22602291e-15
779,6699,0.451929,0.350755,6.87667351e-16
780,6700,0.388613,0.334827,6.07946675e-16
781,6701,0.329255,0.349227,6.51167907e-16
782,6702,0.298855,0.338903,5.14918423e-16
783,6703,0.279238,0.342392,6.16760952e-16
784,6704,0.208585,0.353018,8.88664934e-16
785,6705,0.191920,0.355676,9.28614608e-16
786,6706,0.140543,0.346867,1.12576809e-15
787,6707,0.087035,0.339430,9.49794667e-16
788,6708,0.046829,0.350050,1.00202822e-15
789,6709,0.989326,0.389743,1.26570704e-15
790,6710,0.930588,0.362999,9.57331672e-16
791,6711,0.781665,0.399188,3.33943878e-16
792,6712,0.722956,0.396410,6.21730812e-16
793,6713,0.686591,0.380435,6.97677057e-16
794,6714,0.649981,0.383020,1.10820920e-15
795,6715,0.590831,0.385340,2.02760735e-15
796,6716,0.571493,0.408217,2.57040618e-15
797,6717,0.514932,0.394426,2.17019243e-15
798,6718,0.415668,0.403549,1.94816964e-15
799,6719,0.263648,0.383005,1.07263414e-15
800,6720,0.246399,0.385811,1.11479012e-15
801,6721,0.173768,0.392221,1.12127130e-15
802,6722,0.136558,0.392145,1.12526029e-15
803,6723,0.080137,0.379574,7.52214862e-16
804,6724,0.989348,0.450173,1.80447600e-15
805,6725,0.879371,0.430027,8.67824536e-16
806,6726,0.857197,0.408604,4.34797100e-16
807,6727,0.731039,0.435311,2.32034512e-16
808,6728,0.675239,0.431616,2.20859063e-16
809,6729,0.612214,0.423983,1.80704209e-15
810,6730,0.551701,0.449314,4.75217713e-15
811,6731,0.513545,0.432201,4.65989077e-15
812,6732,0.474070,0.451192,6.37590922e-15
813,6733,0.435703,0.449204,1.65047430e-15
814,6734,0.378552,0.413001,9.22588604e-16
815,6735,0.340883,0.452549,1.87783456e-15
816,6736,0.317027,0.426943,7.34144472e-16
817,6737,0.268011,0.420582,1.28927150e-15
818,6738,0.211650,0.428791,1.35795221e-15
819,6739,0.172911,0.430865,1.23335599e-15
820,6740,0.133339,0.451466,1.00344510e-15
821,6741,0.094077,0.451514,8.11507750e-16
822,6742,0.053241,0.449733,6.15385636e-16
823,6743,0.954203,0.491784,1.38650177e-15
824,6744,0.918261,0.482262,1.05254633e-15
825,6745,0.883390,0.483779,5.92243107e-16
826,6746,0.840425,0.518904,8.76167493e-16
827,6747,0.779169,0.519826,6.28489024e-16
828,6748,0.758265,0.487334,4.14851088e-16
829,6749,0.658224,0.476911,7.16898935e-16
830,6750,0.615624,0.466379,1.86115860e-15
831,6751,0.609452,0.507526,7.18303050e-16
832,6752,0.511617,0.470520,2.32157941e-14
833,6753,0.921895,0.532804,1.03378868e-15
834,6754,0.892201,0.561912,5.87848224e-16
835,6755,0.848354,0.543381,2.12024854e-16
836,6756,0.820065,0.562871,5.80232392e-16
837,6757,0.738926,0.558188,5.91355946e-16
838,6758,0.711199,0.554714,4.06183665e-16
839,6759,0.638473,0.552908,1.27220166e-15
840,6760,0.511930,0.569707,4.91814815e-15
841,6761,0.550046,0.548559,4.99450352e-15
842,6762,0.425940,0.589212,1.61103380e-15
843,6763,0.442332,0.556084,4.16462764e-15
844,6764,0.385779,0.547097,1.78993181e-15
845,6765,0.347976,0.547622,1.86419712e-15
846,6766,0.308777,0.550096,1.73174033e-15
847,6767,0.268221,0.553227,1.64814707e-15
848,6768,0.208855,0.531195,9.44950485e-16
849,6769,0.164138,0.548694,1.21650808e-15
850,6770,0.127608,0.544623,9.52465679e-16
851,6771,0.108486,0.562121,1.02920633e-15
852,6772,0.990015,0.609441,1.13413836e-15
853,6773,0.937419,0.608267,7.58523986e-16
854,6774,0.882931,0.594396,4.49300209e-16
855,6775,0.849622,0.609640,6.84312995e-16
856,6776,0.800149,0.635066,3.75947368e-16
857,6777,0.755362,0.632456,5.99483863e-16
858,6778,0.740373,0.604898,2.89387351e-16
859,6779,0.691360,0.601491,7.92610022e-16
860,6780,0.645283,0.597908,8.06015006e-16
861,6781,0.399990,0.600899,5.99253734e-16
862,6782,0.348269,0.585288,1.22865771e-15
863,6783,0.311470,0.588693,1.36525565e-15
864,6784,0.271551,0.597429,1.43912518e-15
865,6785,0.174965,0.586613,8.97866147e-16
866,6786,0.150303,0.582889,6.18144740e-16
867,6787,0.117936,0.606076,8.58008324e-16
868,6788,0.053919,0.591312,9.06956293e-16
869,6789,0.989028,0.649528,1.17392297e-15
870,6790,0.944632,0.651313,1.12080797e-15
871,6791,0.890411,0.655349,1.19868026e-15
872,6792,0.843444,0.666593,4.29318411e-16
873,6793,0.756216,0.646773,5.84877891e-16
874,6794,0.720413,0.631768,4.29733722e-16
875,6795,0.691225,0.649507,3.22092510e-16
876,6796,0.633986,0.672344,7.28794506e-16
877,6797,0.591994,0.641040,1.31259931e-15
878,6798,0.535088,0.635403,6.07085772e-16
879,6799,0.364882,0.661629,3.60269450e-16
880,6800,0.365610,0.642395,3.93778682e-16
881,6801,0.302417,0.628526,8.49430580e-16
882,6802,0.287764,0.634706,8.34436244e-16
883,6803,0.220192,0.635430,9.34420066e-16
884,6804,0.168742,0.633210,9.05577323e-16
885,6805,0.153757,0.616300,8.10066471e-16
886,6806,0.110933,0.640753,9.63432003e-16
887,6807,0.051057,0.632872,9.64240178e-16
888,6808,0.989582,0.689861,7.86411805e-16
889,6809,0.928320,0.674596,1.14911719e-15
890,6810,0.893664,0.673088,5.78794130e-16
891,6811,0.854438,0.698248,9.49025773e-16
892,6812,0.813864,0.705501,7.97220687e-16
893,6813,0.773553,0.664173,7.92385134e-16
894,6814,0.713594,0.698914,5.65872748e-16
895,6815,0.674180,0.675879,9.63782357e-16
896,6816,0.597929,0.663210,6.42294072e-16
897,6817,0.544079,0.679081,3.86648491e-16
898,6818,0.489822,0.657574,1.53391378e-15
899,6819,0.432874,0.643606,8.22115356e-16
900,6820,0.305946,0.682985,1.93479835e-16
901,6821,0.324708,0.682319,2.84350178e-16
902,6822,0.266873,0.668698,6.82107056e-16
903,6823,0.226106,0.671695,7.08795317e-16
904,6824,0.181994,0.666468,7.11675706e-16
905,6825,0.127616,0.677334,9.51437593e-16
906,6826,0.089248,0.674777,1.02888669e-15
907,6827,0.050097,0.672561,1.04286464e-15
908,6828,0.989126,0.729991,1.29386612e-15
909,6829,0.912450,0.701159,9.30064622e-16
910,6830,0.838558,0.720380,7.96687903e-16
911,6831,0.800308,0.728810,6.32139418e-16
912,6832,0.761591,0.718890,6.43073131e-16
913,6833,0.701549,0.731174,8.78910079e-16
914,6834,0.654278,0.730784,9.17853478e-16
915,6835,0.589615,0.712884,6.19401419e-16
916,6836,0.511054,0.732901,8.08201251e-16
917,6837,0.488663,0.695152,9.17266590e-16
918,6838,0.417934,0.685985,7.92701819e-16
919,6839,0.375575,0.689579,3.85197047e-16
920,6840,0.217326,0.710263,6.00028981e-16
921,6841,0.177368,0.714258,4.24714072e-16
922,6842,0.130583,0.728676,9.09695068e-16
923,6843,0.114029,0.748568,9.62164101e-16
924,6844,0.050858,0.712283,1.27793767e-15
925,6845,0.989909,0.770295,1.13142182e-15
926,6846,0.948072,0.753492,9.36691067e-16
927,6847,0.908579,0.762705,7.68927351e-16
928,6848,0.854793,0.793426,6.48305836e-16
929,6849,0.803992,0.746989,8.56162904e-16
930,6850,0.764177,0.764122,7.60082104e-16
931,6851,0.725660,0.768428,5.64746565e-16
932,6852,0.702337,0.775778,7.46830644e-16
933,6853,0.665618,0.758327,7.61917412e-16
934,6854,0.617975,0.772015,3.38318935e-16
935,6855,0.516334,0.751716,6.49669082e-16
936,6856,0.475917,0.745851,7.66172747e-16
937,6857,0.437167,0.727722,1.53143808e-16
938,6858,0.366434,0.748961,2.61032287e-16
939,6859,0.245227,0.790894,3.75218364e-16
940,6860,0.209553,0.764902,3.26695923e-16
941,6861,0.192805,0.754604,3.71543035e-16
942,6862,0.134186,0.796955,3.29987572e-16
943,6863,0.117720,0.765945,7.80935155e-16
944,6864,0.052935,0.773196,1.27185766e-15
945,6865,0.990446,0.810130,1.06619139e-15
946,6866,0.934184,0.810927,3.28011365e-16
947,6867,0.897039,0.809093,4.81233352e-16
948,6868,0.809047,0.814101,5.46822977e-16
949,6869,0.748413,0.807567,6.65955991e-16
950,6870,0.732360,0.803273,7.35226451e-16
951,6871,0.692738,0.814568,9.44103135e-16
952,6872,0.637787,0.821222,7.81718290e-16
953,6873,0.609056,0.800095,5.80732724e-16
954,6874,0.509966,0.813216,6.98083421e-16
955,6875,0.572892,0.806262,3.42364788e-16
956,6876,0.492525,0.770889,4.21251640e-16
957,6877,0.416633,0.785774,3.67325393e-16
958,6878,0.390599,0.801021,1.38098915e-16
959,6879,0.348041,0.788802,4.27766925e-17
960,6880,0.323043,0.795800,5.85148426e-17
961,6881,0.181908,0.829799,1.47143678e-16
962,6882,0.187180,0.781422,2.53629219e-16
963,6883,0.119628,0.806112,2.03282772e-16
964,6884,0.052096,0.793159,1.16093997e-15
965,6885,0.990468,0.849796,1.07427961e-15
966,6886,0.952234,0.848825,5.95610910e-16
967,6887,0.898436,0.846654,5.49709136e-16
968,6888,0.853336,0.850573,8.90668697e-16
969,6889,0.795389,0.825347,5.62672446e-16
970,6890,0.768362,0.845841,4.34622267e-16
971,6891,0.711203,0.855517,7.44113150e-16
972,6892,0.693708,0.856637,8.21951825e-16
973,6893,0.634625,0.855784,7.22825412e-16
974,6894,0.511348,0.864852,1.75879165e-16
975,6895,0.579408,0.845537,1.84492471e-16
976,6896,0.487883,0.828180,3.70918480e-16
977,6897,0.360588,0.818361,2.13598284e-16
978,6898,0.325988,0.810783,1.96745200e-16
979,6899,0.280532,0.829613,2.31317895e-16
980,6900,0.145909,0.877279,2.34346911e-16
981,6901,0.141014,0.835114,1.08478901e-16
982,6902,0.069834,0.841504,4.36691833e-16
983,6903,0.049657,0.830262,9.60511857e-16
984,6904,0.989982,0.889538,1.27487458e-15
985,6905,0.932684,0.867034,3.60525254e-16
986,6906,0.891550,0.886572,1.68195240e-16
987,6907,0.849253,0.893293,5.66154228e-16
988,6908,0.816820,0.899318,5.66221144e-16
989,6909,0.768586,0.881903,3.98884623e-16
990,6910,0.751796,0.887138,4.46829626e-16
991,6911,0.676846,0.897532,8.17744824e-16
992,6912,0.642862,0.898093,7.39556589e-16
993,6913,0.603503,0.892708,2.09905048e-16
994,6914,0.502308,0.906568,2.35390668e-16
995,6915,0.567511,0.888936,2.42493039e-16
996,6916,0.448208,0.878640,2.77307973e-16
997,6917,0.397073,0.863329,3.94532912e-16
998,6918,0.336470,0.866021,2.30975562e-16
999,6919,0.314208,0.881996,1.35225700e-16
1000,6920,0.283513,0.864376,2.42504130e-16
1001,6921,0.230410,0.869138,2.55372546e-16
1002,6922,0.093347,0.891147,5.78479246e-16
1003,6923,0.114253,0.890771,5.05214919e-16
1004,6924,0.062176,0.864852,6.50003502e-16
1005,6925,0.989543,0.950044,2.52311379e-15
1006,6926,0.922941,0.920561,1.03520735e-15
1007,6927,0.828631,0.948217,5.87829748e-16
1008,6928,0.762311,0.923880,4.23091978e-16
1009,6929,0.724776,0.932191,5.62510663e-16
1010,6930,0.673501,0.935176,7.49309380e-16
1011,6931,0.635330,0.953403,6.60020884e-16
1012,6932,0.609380,0.913478,4.04352141e-16
1013,6933,0.503016,0.948653,4.49752525e-16
1014,6934,0.586325,0.925379,3.65306702e-16
1015,6935,0.459117,0.892929,3.03975958e-16
1016,6936,0.464630,0.929525,1.43043933e-16
1017,6937,0.379218,0.872605,3.31601302e-16
1018,6938,0.342475,0.908600,2.91963416e-16
1019,6939,0.325489,0.910187,3.15473715e-16
1020,6940,0.298146,0.913934,2.10233313e-16
1021,6941,0.237987,0.907817,2.01351934e-16
1022,6942,0.200021,0.913192,3.33761316e-16
1023,6943,0.044073,0.911322,6.92502586e-16
1024,6944,0.079653,0.922748,3.26468203e-16
1025,6945,0.477871,0.939781,3.66479525e-16
1026,6946,0.418543,0.954337,2.39660137e-16
1027,6947,0.349215,0.943395,3.24032189e-16
1028,6948,0.309266,0.950594,2.70424453e-16
1029,6949,0.266982,0.945104,2.92581724e-16
1030,6950,0.226094,0.949663,3.27264149e-16
1031,6951,0.187753,0.952770,3.49850045e-16
1032,6952,0.150702,0.953292,3.56893388e-16
1033,6953,0.990093,0.010011,2.76865128e-15
1034,6954,0.930163,0.033343,1.36598293e-15
1035,6955,0.790266,0.010141,9.94731141e-16
1036,6956,0.751220,0.033655,1.01195789e-15
1037,6957,0.708196,0.034900,8.16756072e-16
1038,6958,0.667182,0.030174,6.02534452e-16
1039,6959,0.627805,0.031354,6.91803360e-16
1040,6960,0.587677,0.033177,7.40083603e-16
1041,6961,0.546388,0.033596,7.39251710e-16
1042,6962,0.507403,0.031036,5.00827765e-16
1043,6963,0.466615,0.032991,5.28195876e-16
1044,6964,0.426446,0.031254,4.42791688e-16
1045,6965,0.387416,0.029546,3.35974745e-16
1046,6966,0.348075,0.029533,2.55718294e-16
1047,6967,0.288427,0.030277,2.61539051e-16
1048,6968,0.248715,0.030113,2.51660794e-16
1049,6969,0.209205,0.029359,2.78831097e-16
1050,6970,0.169896,0.028600,3.82964930e-16
1051,6971,0.130727,0.028435,5.31186696e-16
1052,6972,0.091211,0.028907,5.79351001e-16
1053,6973,0.051213,0.029679,6.24155709e-16
1054,6974,0.989843,0.970123,2.62187275e-15
1055,6975,0.967429,0.929679,1.58355742e-15
1056,6976,0.970314,0.888156,7.97620221e-16
1057,6977,0.990262,0.790250,9.06246691e-16
1058,6978,0.968531,0.751089,1.08341009e-15
1059,6979,0.967879,0.709220,1.01881981e-15
1060,6980,0.968314,0.669689,1.06718009e-15
1061,6981,0.967616,0.627691,1.30005010e-15
1062,6982,0.970816,0.588593,1.09374993e-15
1063,6983,0.970243,0.549747,1.66259989e-15
1064,6984,0.971883,0.510535,1.70466524e-15
1065,6985,0.990055,0.470237,1.77901652e-15
1066,6986,0.965173,0.430628,1.93830022e-15
1067,6987,0.968125,0.388475,1.13250878e-15
1068,6988,0.971453,0.349171,1.00814571e-15
1069,6989,0.971515,0.290380,7.64061358e-16
1070,6990,0.968567,0.250560,7.40437451e-16
1071,6991,0.967620,0.208797,1.25999518e-15
1072,6992,0.968608,0.169602,8.78803988e-16
1073,6993,0.968820,0.127776,1.76569968e-15
1074,6994,0.973744,0.088680,1.13117735e-15
1075,6995,0.972090,0.049953,7.35758547e-16
1076,6996,0.029886,0.989840,2.42423667e-15
1077,6997,0.070350,0.967426,7.75442781e-16
1078,6998,0.111750,0.970514,4.17330883e-16
1079,6999,0.150335,0.971886,4.70837134e-16
1080,7000,0.208521,0.970675,3.19060185e-16
1081,7001,0.290683,0.967880,2.71119285e-16
1082,7002,0.330636,0.967832,3.11977825e-16
1083,7003,0.374303,0.966157,3.83722945e-16
1084,7004,0.414128,0.972584,2.14717254e-16
1085,7005,0.451476,0.975306,2.57821344e-16
1086,7006,0.488600,0.972325,4.16458757e-16
1087,7007,0.529614,0.963418,7.56530865e-16
1088,7008,0.570846,0.988673,6.38963592e-16
1089,7009,0.709665,0.971412,7.20505601e-16
1090,7010,0.749956,0.989454,9.64671212e-16
1091,7011,0.790193,0.989268,1.02661283e-15
1092,7012,0.830204,0.989459,1.11949412e-15
1093,7013,0.870428,0.989636,1.21162515e-15
1094,7014,0.910340,0.990878,1.06265291e-15
1095,7015,0.010204,0.530178,6.97364078e-17
1096,7016,0.031491,0.570712,6.58059367e-16
1097,7017,0.031349,0.611213,8.12674644e-16
1098,7018,0.030320,0.651551,9.94288355e-16
1099,7019,0.030658,0.711552,1.14517065e-15
1100,7020,0.031356,0.751800,1.27741600e-15
1101,7021,0.030920,0.791524,1.20178665e-15
1102,7022,0.030453,0.830809,1.24792168e-15
1103,7023,0.031030,0.872061,1.36032824e-15
1104,7024,0.026998,0.911000,1.19938923e-15
1105,7025,0.028545,0.949850,9.69355410e-16
1106,7026,0.431097,0.490273,6.25468398e-15
1107,7027,0.469682,0.511210,1.93270354e-14
1108,7028,0.387587,0.528469,2.63182560e-15
1109,7029,0.316620,0.468806,1.74696077e-15
1110,7030,0.308815,0.530154,1.76115948e-15
1111,7031,0.231732,0.467787,1.53126404e-15
1112,7032,0.251099,0.488607,1.52260154e-15
1113,7033,0.209444,0.510356,1.33699164e-15
1114,7034,0.169468,0.509968,1.11134090e-15
1115,7035,0.092248,0.470708,7.06102388e-16
1116,7036,0.129687,0.509085,8.41836877e-16
1117,7037,0.090265,0.509665,5.73233200e-16
1118,7038,0.030361,0.489837,4.74335175e-17
1119,7039,0.050969,0.530545,4.86151754e-16
1120,7040,0.010823,0.050320,2.40374610e-15
1121,7041,0.011276,0.070613,1.93011174e-15
1122,7042,0.030318,0.211570,1.09359704e-15
1123,7043,0.010492,0.250645,1.26193128e-15
1124,7044,0.010030,0.290192,9.48553022e-16
1125,7045,0.009850,0.329887,1.04737657e-15
1126,7046,0.009394,0.369524,7.13420276e-16
1127,7047,0.010510,0.409357,7.36133359e-16
1128,7048,0.868876,0.029559,5.64555506e-16
1129,7049,0.830032,0.009669,8.65054367e-16
1130,7050,0.971478,0.829917,9.42972875e-16
1131,7051,0.990324,0.869620,1.24433926e-15
1132,7052,0.791173,0.030259,9.28075683e-16
1133,7053,0.970941,0.790964,9.24661188e-16
1134,7054,0.491915,0.470911,3.20279014e-14
1135,7055,0.490640,0.490296,7.26455503e-14
1136,7056,0.288679,0.531070,1.74676416e-15
1137,7057,0.247259,0.533035,1.55277699e-15
1138,7058,0.336222,0.470938,2.00244200e-15
1139,7059,0.374992,0.471505,2.61031096e-15
1140,7060,0.368080,0.528313,2.34704317e-15
1141,7061,0.328758,0.529309,1.91092772e-15
1142,7062,0.414030,0.470443,3.24505289e-15
1143,7063,0.252527,0.466183,1.78458089e-15
1144,7064,0.296338,0.464986,1.54486401e-15
1145,7065,0.009824,0.130932,1.36382691e-15
1146,7066,0.029123,0.133128,1.07812270e-15
1147,7067,0.009624,0.170763,1.19742295e-15
1148,7068,0.030253,0.271891,1.34587871e-15
1149,7069,0.110730,0.490257,8.27422388e-16
1150,7070,0.132062,0.470796,9.34841677e-16
1151,7071,0.150651,0.490158,9.56143602e-16
1152,7072,0.171655,0.470118,1.17790922e-15
1153,7073,0.190576,0.489820,1.16320229e-15
1154,7074,0.229575,0.989807,3.10598670e-16
1155,7075,0.269842,0.966963,3.25387257e-16
1156,7076,0.169627,0.971947,4.12388340e-16
1157,7077,0.189003,0.971506,3.65571109e-16
1158,7078,0.131100,0.971429,4.12009134e-16
1159,7079,0.209614,0.990201,2.98681367e-16
1160,7080,0.230747,0.489146,1.37440265e-15
1161,7081,0.249203,0.510798,1.49593112e-15
1162,7082,0.217279,0.548114,4.05801627e-16
1163,7083,0.167774,0.529730,1.29848637e-15
1164,7084,0.028557,0.152630,1.13462647e-15
1165,7085,0.010092,0.210620,1.15423835e-15
1166,7086,0.010412,0.030139,3.06517274e-15
1167,7087,0.049968,0.989541,1.53274074e-15
1168,7088,0.011137,0.090812,1.68253608e-15
1169,7089,0.113958,0.951757,2.64574156e-16
1170,7090,0.096126,0.949726,6.14820771e-16
1171,7091,0.029431,0.969685,8.84661804e-16
1172,7092,0.049490,0.968869,7.45506572e-16
1173,7093,0.032087,0.050391,1.30549811e-15
1174,7094,0.034209,0.071544,1.54529896e-15
1175,7095,0.046556,0.384837,6.72772224e-16
1176,7096,0.031148,0.469538,1.37977247e-16
1177,7097,0.010738,0.449601,1.26230091e-16
1178,7098,0.070391,0.009772,1.05185007e-15
1179,7099,0.031000,0.030134,1.24989124e-15
1180,7100,0.051673,0.469786,4.60078545e-16
1181,7101,0.110326,0.009536,7.03534819e-16
1182,7102,0.070630,0.490052,2.90477429e-16
1183,7103,0.150118,0.009451,4.71366106e-16
1184,7104,0.111846,0.047628,3.47863223e-16
1185,7105,0.189881,0.009617,2.98084711e-16
1186,7106,0.229682,0.009893,2.86161849e-16
1187,7107,0.269524,0.010065,2.73365775e-16
1188,7108,0.328256,0.029805,2.80794413e-16
1189,7109,0.308361,0.030096,2.91086393e-16
1190,7110,0.367804,0.029399,2.37627788e-16
1191,7111,0.371712,0.490534,2.76859559e-15
1192,7112,0.377658,0.452257,2.18283461e-15
1193,7113,0.448815,0.010853,5.66107535e-16
1194,7114,0.404330,0.050172,3.06134171e-16
1195,7115,0.488934,0.010672,5.59220575e-16
1196,7116,0.446180,0.033165,4.71645468e-16
1197,7117,0.450874,0.490296,1.05475626e-14
1198,7118,0.529070,0.010441,5.41629448e-16
1199,7119,0.484520,0.050651,4.46429774e-16
1200,7120,0.009483,0.950055,2.06020753e-15
1201,7121,0.449445,0.511208,9.29737160e-15
1202,7122,0.568939,0.011282,8.50998067e-16
1203,7123,0.527030,0.030664,5.25825666e-16
1204,7124,0.509859,0.989345,5.00635965e-16
1205,7125,0.552063,0.962720,6.84412045e-16
1206,7126,0.609143,0.010675,5.82196291e-16
1207,7127,0.616760,0.952033,5.79402406e-16
1208,7128,0.632859,0.971991,6.03829565e-16
1209,7129,0.649086,0.010189,6.47511742e-16
1210,7130,0.627434,0.052853,7.33829006e-16
1211,7131,0.671244,0.972432,6.61815958e-16
1212,7132,0.689263,0.010699,8.25976661e-16
1213,7133,0.690377,0.972108,6.91747879e-16
1214,7134,0.729908,0.011822,9.77214394e-16
1215,7135,0.770437,0.966750,9.99505972e-16
1216,7136,0.810541,0.969199,8.73149091e-16
1217,7137,0.830163,0.028976,7.45347489e-16
1218,7138,0.850997,0.967070,9.14129498e-16
1219,7139,0.878292,0.949927,1.81057972e-15
1220,7140,0.888429,0.030741,2.84408279e-16
1221,7141,0.929633,0.954434,3.56401077e-16
1222,7142,0.950158,0.010532,1.51102705e-15
1223,7143,0.904095,0.053618,1.52095481e-15
1224,7144,0.969698,0.970592,1.49618947e-15
1225,7145,0.950062,0.990531,1.64094973e-15
1226,7146,0.970910,0.030256,9.20901420e-16
1227,7147,0.948113,0.454789,1.41164648e-15
1228,7148,0.990534,0.510223,2.22423800e-15
1229,7149,0.990224,0.549943,1.53508332e-15
1230,7150,0.470126,0.991489,3.00713663e-16
1231,7151,0.430823,0.991460,2.02895837e-16
1232,7152,0.469944,0.974804,3.33354396e-16
1233,7153,0.391289,0.989923,2.53106494e-16
1234,7154,0.350876,0.988639,4.59769272e-16
1235,7155,0.382126,0.945074,9.81563154e-17
1236,7156,0.310187,0.989483,1.91452276e-16
1237,7157,0.269937,0.989081,2.28229640e-16
1238,7158,0.045624,0.929534,4.96927337e-16
1239,7159,0.009103,0.910330,1.76602600e-15
1240,7160,0.427175,0.531227,2.19612392e-15
1241,7161,0.049702,0.878024,1.14176187e-15
1242,7162,0.010197,0.870486,1.51994843e-15
1243,7163,0.389239,0.509542,3.50665965e-15
1244,7164,0.010240,0.830381,1.25830238e-15
1245,7165,0.010261,0.790460,1.21484610e-15
1246,7166,0.010422,0.750609,1.17151412e-15
1247,7167,0.268337,0.531950,1.59824794e-15
1248,7168,0.010109,0.670516,8.92453289e-16
1249,7169,0.010267,0.630439,8.90969499e-16
1250,7170,0.010521,0.590308,7.73490582e-16
1251,7171,0.052347,0.612535,9.00955065e-16
1252,7172,0.010458,0.570290,3.63461255e-16
1253,7173,0.070924,0.551276,6.47283097e-16
1254,7174,0.030568,0.530438,1.25020012e-16
1255,7175,0.050342,0.510229,1.62192860e-16
1256,7176,0.990720,0.049864,1.86166047e-15
1257,7177,0.956090,0.069904,2.97746957e-16
1258,7178,0.991102,0.089590,1.47255556e-15
1259,7179,0.950303,0.120985,1.94129067e-15
1260,7180,0.989749,0.129539,1.59781775e-15
1261,7181,0.989487,0.169741,9.64062619e-16
1262,7182,0.989285,0.209766,1.27994588e-15
1263,7183,0.989474,0.250005,1.13877936e-15
1264,7184,0.972196,0.310017,8.23251756e-16
1265,7185,0.990667,0.329913,9.22911747e-16
1266,7186,0.989981,0.369744,1.11160464e-15
1267,7187,0.988642,0.409881,1.41301793e-15
1268,7188,0.988629,0.430044,1.67155811e-15
1269,7189,0.970396,0.569302,1.22289651e-15
1270,7190,0.990266,0.589527,1.08551433e-15
1271,7191,0.948697,0.621307,5.25465147e-16
1272,7192,0.989344,0.629441,1.20979969e-15
1273,7193,0.989352,0.669722,1.08446115e-15
1274,7194,0.989322,0.709890,1.00586888e-15
1275,7195,0.989448,0.750201,1.22848132e-15
1276,7196,0.990508,0.829973,8.36709469e-16
1277,7197,0.989424,0.909635,1.32341264e-15
1278,7198,0.989231,0.929847,2.00603533e-15
1279,7199,0.951016,0.031270,1.09376782e-15
1280,7200,0.849531,0.029034,7.21780650e-16
1281,7201,0.771433,0.031685,9.82384154e-16
1282,7202,0.289471,0.010063,3.29093158e-16
1283,7203,0.968887,0.950544,1.52601138e-15
1284,7204,0.971362,0.849333,7.29693420e-16
1285,7205,0.970561,0.471232,1.68233110e-15
1286,7206,0.990430,0.290039,8.84713896e-16
1287,7207,0.573486,0.966325,6.18284500e-16
1288,7208,0.613453,0.970942,5.67685716e-16
1289,7209,0.652105,0.972419,6.03932903e-16
1290,7210,0.709978,0.990435,7.51761170e-16
1291,7211,0.872033,0.968535,1.49913810e-15
1292,7212,0.911053,0.972976,9.41586282e-16
1293,7213,0.949879,0.971485,6.59754863e-16
1294,7214,0.030912,0.550600,2.74030723e-16
1295,7215,0.010247,0.710554,1.06670290e-15
1296,7216,0.433323,0.470335,3.44646356e-15
1297,7217,0.469441,0.534162,5.10507138e-15
1298,7218,0.355599,0.471682,2.25891405e-15
1299,7219,0.348501,0.528655,2.16627152e-15
1300,7220,0.274527,0.463928,2.11950492e-15
1301,7221,0.128900,0.527112,9.21799487e-16
1302,7222,0.091481,0.529208,4.28096990e-16
1303,7223,0.032154,0.252254,1.13875469e-15
1304,7224,0.030214,0.290061,7.32453159e-16
1305,7225,0.029548,0.330141,1.15511799e-15
1306,7226,0.027948,0.368514,8.09983091e-16
1307,7227,0.031744,0.407417,4.97983640e-16
1308,7228,0.032121,0.449149,3.78667905e-16
1309,7229,0.511790,0.549948,8.71753180e-15
1310,7230,0.510873,0.529785,2.18634755e-14
1311,7231,0.418281,0.568717,1.36795652e-15
1312,7232,0.330180,0.432757,1.29945823e-15
1313,7233,0.954317,0.510217,1.56900550e-15
1314,7234,0.096141,0.432634,9.45952949e-16
1315,7235,0.830426,0.048175,7.75098727e-16
1316,7236,0.702177,0.055096,4.79038954e-16
1317,7237,0.188907,0.048394,3.40587131e-16
1318,7238,0.327246,0.049859,2.28050307e-16
1319,7239,0.952478,0.829802,6.47595334e-16
1320,7240,0.169188,0.953551,4.00990321e-16
1321,7241,0.183704,0.553265,1.33826843e-15
1322,7242,0.954220,0.329005,7.60477244e-16
1323,7243,0.328580,0.548666,1.72805097e-15
1324,7244,0.812924,0.067715,8.29857501e-16
1325,7245,0.069767,0.673621,1.06178682e-15
1326,7246,0.050318,0.692349,1.12301883e-15
1327,7247,0.050209,0.812302,1.00105879e-15
1328,7248,0.666966,0.066160,6.49806514e-16
1329,7249,0.192298,0.429976,1.30290280e-15
1330,7250,0.192067,0.449631,1.30085742e-15
1331,7251,0.066498,0.173135,8.29097660e-16
1332,7252,0.049092,0.192229,9.82548796e-16
1333,7253,0.169084,0.067124,3.43000222e-16
1334,7254,0.952553,0.810836,6.20065069e-16
1335,7255,0.691015,0.935273,6.99390340e-16
1336,7256,0.690521,0.953592,6.94434774e-16
1337,7257,0.826148,0.927715,6.32503272e-16
1338,7258,0.809813,0.950091,6.29192273e-16
1339,7259,0.950558,0.690610,8.89480733e-16
1340,7260,0.938901,0.712988,1.15837886e-15
1341,7261,0.323037,0.449723,1.52667397e-15
1342,7262,0.306576,0.070735,3.39599120e-16
1343,7263,0.048922,0.331894,1.14506869e-15
1344,7264,0.185638,0.934500,3.70526092e-16
1345,7265,0.950120,0.189979,5.55483042e-16
1346,7266,0.937959,0.212143,8.68656904e-16
1347,7267,0.954354,0.310152,7.47729399e-16
1348,7268,0.309591,0.569687,1.58256862e-15
1349,7269,0.286726,0.939374,2.82926369e-16
1350,7270,0.324998,0.928327,3.03079876e-16
1351,7271,0.347451,0.418772,1.23964384e-15
1352,7272,0.361430,0.434676,1.67220080e-15
1353,7273,0.134513,0.432141,1.07174454e-15
1354,7274,0.153631,0.431571,1.16449348e-15
1355,7275,0.866313,0.068352,4.26286510e-16
1356,7276,0.848635,0.067491,6.98128737e-16
1357,7277,0.070136,0.654320,1.03640686e-15
1358,7278,0.364962,0.069300,3.69413118e-16
1359,7279,0.345868,0.069543,2.99003583e-16
1360,7280,0.064958,0.138506,7.46586328e-16
1361,7281,0.064825,0.351746,1.01955990e-15
1362,7282,0.063031,0.367438,7.83366722e-16
1363,7283,0.150281,0.066690,4.04886116e-16
1364,7284,0.131583,0.066476,4.19541957e-16
1365,7285,0.078976,0.855718,4.08621293e-16
1366,7286,0.651117,0.070687,5.85435027e-16
1367,7287,0.933216,0.848354,4.19232922e-16
1368,7288,0.151432,0.934984,5.06703209e-16
1369,7289,0.638167,0.934977,6.41199494e-16
1370,7290,0.655765,0.935282,6.85327423e-16
1371,7291,0.934605,0.345235,8.86395892e-16
1372,7292,0.366262,0.565722,1.46959645e-15
1373,7293,0.347910,0.566475,1.50625434e-15
1374,7294,0.142265,0.561887,9.38755604e-16
1375,7295,0.126630,0.561847,7.33635829e-16
1376,7296,0.927089,0.155378,5.37503583e-17
1377,7297,0.919568,0.140649,1.48449893e-15
1378,7298,0.843814,0.927164,2.37077613e-16
1379,7299,0.858013,0.919907,9.89253273e-16
1380,7300,0.342888,0.925434,2.07665162e-16
1381,7301,0.356439,0.915510,7.37745249e-17
1382,7302,0.926372,0.656604,8.09600497e-16
1383,7303,0.917649,0.642367,2.71123256e-16
1384,7304,0.115426,0.432541,9.66769736e-16
1385,7305,0.401460,0.566204,7.22548644e-16
1386,7306,0.531379,0.469681,9.09542369e-15
1387,7307,0.530471,0.508601,1.00086573e-14
1388,7308,0.951227,0.529092,1.76064713e-15
1389,7309,0.055572,0.429558,7.42586956e-16
1390,7310,0.076424,0.432016,7.82851990e-16
1391,7311,0.438661,0.426197,8.55277966e-16
1392,7312,0.457860,0.429648,2.17360534e-15
1393,7313,0.476457,0.431676,3.90143545e-15
1394,7314,0.494918,0.432433,4.94396784e-15
1395,7315,0.494437,0.569873,4.28818646e-15
1396,7316,0.478429,0.572588,2.51583820e-15
1397,7317,0.086932,0.841572,1.00895515e-15
1398,7318,0.336020,0.418402,9.07694059e-16
1399,7319,0.397979,0.429848,1.50797847e-15
1400,7320,0.401645,0.070300,4.12028404e-16
1401,7321,0.085057,0.115294,2.72686508e-16
1402,7322,0.066782,0.122376,4.03747413e-16
1403,7323,0.073248,0.615101,9.45699898e-16
1404,7324,0.610746,0.090306,6.10175960e-16
1405,7325,0.932758,0.884994,5.41485717e-16
1406,7326,0.925264,0.381897,1.35685064e-15
1407,7327,0.937123,0.132787,1.69132648e-15
1408,7328,0.865690,0.937055,1.27612554e-15
1409,7329,0.367310,0.932121,1.76808162e-16
1410,7330,0.395928,0.905162,2.43473453e-16
1411,7331,0.934940,0.633076,6.43119559e-16
1412,7332,0.098071,0.413936,9.50834400e-16
1413,7333,0.414054,0.584001,8.51673100e-16
1414,7334,0.550142,0.507571,3.44420241e-15
1415,7335,0.913138,0.517460,9.86681046e-16
1416,7336,0.939210,0.509087,1.04757170e-15
1417,7337,0.937795,0.493506,1.37674353e-15
1418,7338,0.934535,0.477143,1.29881311e-15
1419,7339,0.952014,0.473457,1.61914308e-15
1420,7340,0.935000,0.523167,5.22579041e-16
1421,7341,0.926558,0.511411,8.19442120e-16
1422,7342,0.905449,0.538672,9.53865084e-16
1423,7343,0.094583,0.803934,7.82996992e-16
1424,7344,0.831118,0.085901,6.49577074e-16
1425,7345,0.683777,0.077212,4.15396763e-16
1426,7346,0.085171,0.172121,8.71775044e-16
1427,7347,0.915615,0.828766,1.94562197e-16
1428,7348,0.306611,0.417617,8.51416938e-17
1429,7349,0.326114,0.413111,6.42910289e-16
1430,7350,0.075406,0.304966,4.94115029e-16
1431,7351,0.068395,0.334678,1.13419999e-15
1432,7352,0.325746,0.090424,3.00276356e-16
1433,7353,0.189388,0.578666,4.38435688e-16
1434,7354,0.158474,0.566948,1.08558199e-15
1435,7355,0.920885,0.325546,7.71416887e-16
1436,7356,0.330120,0.586520,1.30415874e-15
1437,7357,0.394541,0.470937,2.85880777e-15
1438,7358,0.865472,0.087569,4.88068431e-16
1439,7359,0.665832,0.100463,2.42298274e-16
1440,7360,0.637664,0.080132,3.16129240e-16
1441,7361,0.363644,0.089574,2.92542495e-16
1442,7362,0.898811,0.071045,2.28201423e-16
1443,7363,0.149979,0.104524,3.48666369e-16
1444,7364,0.072230,0.107461,2.97930790e-16
1445,7365,0.027890,0.891844,1.30735205e-15
1446,7366,0.080940,0.126086,3.77443122e-16
1447,7367,0.081491,0.139719,5.62139027e-16
1448,7368,0.095960,0.324512,8.09866306e-16
1449,7369,0.607803,0.032214,6.82965683e-16
1450,7370,0.076387,0.594424,9.24827735e-16
1451,7371,0.091241,0.637623,9.76238506e-16
1452,7372,0.972450,0.108030,1.52481029e-15
1453,7373,0.891876,0.971958,1.08854248e-15
1454,7374,0.134334,0.914037,4.89639677e-16
1455,7375,0.926468,0.116863,1.34615495e-15
1456,7376,0.365981,0.584569,1.07300133e-15
1457,7377,0.134274,0.574919,5.00528868e-16
1458,7378,0.911644,0.356881,8.66199291e-16
1459,7379,0.879110,0.926506,7.88152722e-16
1460,7380,0.381599,0.916997,1.75229398e-16
1461,7381,0.913419,0.866784,3.70803072e-16
1462,7382,0.603379,0.930656,4.94191897e-16
1463,7383,0.394809,0.970008,2.69585811e-16
1464,7384,0.970480,0.607891,1.17358649e-15
1465,7385,0.640975,0.916734,6.15830063e-16
1466,7386,0.116903,0.413195,1.07149435e-15
1467,7387,0.458136,0.566422,5.30441678e-15
1468,7388,0.399394,0.583613,4.75264681e-16
1469,7389,0.551292,0.468607,5.60307297e-15
1470,7390,0.462741,0.410270,1.61941783e-15
1471,7391,0.479514,0.412810,2.66915964e-15
1472,7392,0.496656,0.413580,3.12384375e-15
1473,7393,0.480052,0.589185,2.25633039e-15
1474,7394,0.530893,0.571857,4.84061923e-15
1475,7395,0.929473,0.460474,1.27132297e-15
1476,7396,0.928122,0.550592,1.62156263e-15
1477,7397,0.079359,0.414129,8.88426812e-16
1478,7398,0.897205,0.523634,9.22152911e-16
1479,7399,0.446205,0.404517,3.32085064e-16
1480,7400,0.482386,0.394480,2.01628210e-15
1481,7401,0.117957,0.393222,1.11556007e-15
1482,7402,0.383428,0.602941,7.97071715e-16
1483,7403,0.383118,0.584018,8.28534648e-16
1484,7404,0.155050,0.392121,1.14709564e-15
1485,7405,0.154299,0.411990,1.16093817e-15
1486,7406,0.083137,0.155276,7.26127676e-16
1487,7407,0.089806,0.656180,1.01301657e-15
1488,7408,0.344176,0.110199,2.86171008e-16
1489,7409,0.348806,0.604101,9.48658478e-16
1490,7410,0.657801,0.916719,7.11610431e-16
1491,7411,0.893609,0.347679,6.82781030e-16
1492,7412,0.904160,0.374271,7.91911643e-16
1493,7413,0.914956,0.847775,4.24586594e-16
1494,7414,0.154193,0.917277,3.12015783e-16
1495,7415,0.063446,0.382473,7.19350354e-16
1496,7416,0.064623,0.397486,6.81352879e-16
1497,7417,0.310132,0.396316,2.29260664e-16
1498,7418,0.317434,0.406011,2.12250111e-16
1499,7419,0.084243,0.315087,3.08654253e-16
1500,7420,0.305989,0.111982,2.87758321e-16
1501,7421,0.324351,0.893783,1.45908625e-16
1502,7422,0.314277,0.607078,1.13153776e-15
1503,7423,0.922411,0.310453,5.48169177e-16
1504,7424,0.192361,0.391676,1.14449970e-15
1505,7425,0.192330,0.410619,1.22768257e-15
1506,7426,0.184995,0.106734,2.48622990e-16
1507,7427,0.087963,0.189943,8.16475757e-16
1508,7428,0.909214,0.170630,7.69430647e-16
1509,7429,0.893287,0.167867,2.86904856e-16
1510,7430,0.181756,0.601116,8.09112288e-16
1511,7431,0.181041,0.916894,3.06832100e-16
1512,7432,0.195375,0.894242,2.33413640e-16
1513,7433,0.677400,0.095954,6.32278226e-16
1514,7434,0.088798,0.822268,8.60808297e-16
1515,7435,0.108562,0.676025,1.00457631e-15
1516,7436,0.089434,0.693555,1.06569069e-15
1517,7437,0.815937,0.104281,1.18824111e-15
1518,7438,0.910060,0.673268,6.55890910e-16
1519,7439,0.828985,0.909242,1.08665719e-15
1520,7440,0.695372,0.897401,8.58683568e-16
1521,7441,0.693516,0.917024,8.73398859e-16
1522,7442,0.916142,0.809237,4.17780261e-16
1523,7443,0.070741,0.712640,1.13716005e-15
1524,7444,0.795255,0.069379,9.91002290e-16
1525,7445,0.716368,0.068874,7.54268016e-16
1526,7446,0.071294,0.211222,1.08941471e-15
1527,7447,0.207213,0.069010,3.39696078e-16
1528,7448,0.707734,0.934722,7.00244837e-16
1529,7449,0.931659,0.694145,9.12873665e-16
1530,7450,0.933884,0.793587,6.88846580e-16
1531,7451,0.806648,0.930337,4.68073424e-16
1532,7452,0.292208,0.431197,9.03515539e-16
1533,7453,0.061289,0.295048,9.42580805e-16
1534,7454,0.286472,0.071321,5.04750004e-16
1535,7455,0.201876,0.563625,8.88899668e-16
1536,7456,0.930373,0.193100,3.39681149e-16
1537,7457,0.203938,0.932118,2.89150102e-16
1538,7458,0.305493,0.932174,2.63099339e-16
1539,7459,0.935507,0.292975,6.37509395e-16
1540,7460,0.418331,0.426120,1.96975225e-15
1541,7461,0.908854,0.033112,3.03878681e-16
1542,7462,0.597950,0.083531,3.97533606e-16
1543,7463,0.082242,0.093998,7.99369821e-16
1544,7464,0.033836,0.092924,9.80064766e-16
1545,7465,0.399527,0.090594,4.26423702e-16
1546,7466,0.406937,0.030108,3.30829787e-16
1547,7467,0.031787,0.590890,6.62962523e-16
1548,7468,0.073362,0.878113,3.21130572e-16
1549,7469,0.922058,0.616729,5.81406538e-16
1550,7470,0.594666,0.907752,3.04418956e-16
1551,7471,0.931657,0.092878,1.40283532e-15
1552,7472,0.091526,0.968222,3.44503784e-16
1553,7473,0.965246,0.409205,1.38482571e-15
1554,7474,0.593734,0.969089,5.71151828e-16
1555,7475,0.968154,0.908460,4.06974979e-16
1556,7476,0.447913,0.534183,3.01345100e-15
1557,7477,0.448687,0.584834,3.17464857e-15
1558,7478,0.433971,0.574721,2.62705024e-15
1559,7479,0.530555,0.528699,8.99353241e-15
1560,7480,0.588165,0.525878,1.80144701e-15
1561,7481,0.549841,0.527659,5.59745375e-15
1562,7482,0.111035,0.028610,4.56177482e-16
1563,7483,0.110165,0.527159,7.24806781e-16
1564,7484,0.028805,0.387572,6.04839970e-16
1565,7485,0.416497,0.449322,2.02159596e-15
1566,7486,0.912624,0.467514,8.77197167e-16
1567,7487,0.531989,0.450463,6.58910148e-15
1568,7488,0.384114,0.565516,1.20565812e-15
1569,7489,0.498104,0.394863,2.19729558e-15
1570,7490,0.468538,0.378288,1.46171576e-15
1571,7491,0.532795,0.392950,2.22617813e-15
1572,7492,0.503365,0.603010,1.64771996e-15
1573,7493,0.509400,0.587916,3.19305078e-15
1574,7494,0.097777,0.359666,9.35847422e-16
1575,7495,0.403644,0.618532,5.48318467e-16
1576,7496,0.341226,0.388945,5.42970036e-16
1577,7497,0.901119,0.334053,4.74858211e-16
1578,7498,0.875814,0.322780,1.13071752e-15
1579,7499,0.167352,0.105280,3.05490876e-16
1580,7500,0.098902,0.933888,3.13382894e-16
1581,7501,0.933888,0.901323,8.11082751e-16
1582,7502,0.923730,0.401286,1.50791092e-15
1583,7503,0.571664,0.467532,3.35260511e-15
1584,7504,0.569806,0.506738,1.93595754e-15
1585,7505,0.968263,0.451352,1.77201145e-15
1586,7506,0.569077,0.526565,3.02135826e-15
1587,7507,0.922100,0.443811,1.04444562e-15
1588,7508,0.932022,0.418138,1.31228559e-15
1589,7509,0.908222,0.568839,1.17552376e-15
1590,7510,0.532861,0.412064,2.82104747e-15
1591,7511,0.514408,0.413248,3.07348870e-15
1592,7512,0.747148,0.948116,6.87353261e-16
1593,7513,0.708872,0.952757,7.43669993e-16
1594,7514,0.950497,0.773163,8.93579208e-16
1595,7515,0.952063,0.792085,7.77439344e-16
1596,7516,0.206705,0.951328,3.44513949e-16
1597,7517,0.222925,0.929892,2.87227417e-16
1598,7518,0.267799,0.575459,1.59577407e-15
1599,7519,0.288573,0.551763,1.70892645e-15
1600,7520,0.950959,0.272341,4.96008624e-16
1601,7521,0.953156,0.291286,6.40152191e-16
1602,7522,0.051623,0.732414,1.22893416e-15
1603,7523,0.792836,0.050014,9.62665332e-16
1604,7524,0.777555,0.072195,1.00415078e-15
1605,7525,0.052095,0.231608,1.14046348e-15
1606,7526,0.287410,0.050682,2.51634907e-16
1607,7527,0.251883,0.444860,1.64205352e-15
1608,7528,0.211803,0.448623,1.42792888e-15
1609,7529,0.381880,0.089823,3.49188406e-16
1610,7530,0.110199,0.130649,4.92446744e-16
1611,7531,0.882626,0.088801,3.75874417e-16
1612,7532,0.113679,0.623346,9.41867074e-16
1613,7533,0.132747,0.627679,8.87727904e-16
1614,7534,0.366414,0.623112,6.35773878e-16
1615,7535,0.875974,0.375743,1.35853589e-16
1616,7536,0.114299,0.913022,4.97419410e-16
1617,7537,0.615028,0.898853,3.60140013e-16
1618,7538,0.623191,0.887779,3.61848187e-16
1619,7539,0.913098,0.886317,3.38822999e-16
1620,7540,0.924130,0.738330,8.50827020e-16
1621,7541,0.248202,0.554160,1.51196885e-15
1622,7542,0.944588,0.232028,3.18657845e-16
1623,7543,0.928266,0.256667,4.42328678e-16
1624,7544,0.075652,0.774580,1.44637303e-15
1625,7545,0.227975,0.049856,3.53200457e-16
1626,7546,0.065994,0.082801,1.10913459e-15
1627,7547,0.423917,0.935753,2.68660322e-16
1628,7548,0.918056,0.063264,2.32401319e-15
1629,7549,0.084414,0.939572,9.86997413e-16
1630,7550,0.928380,0.571032,1.78110509e-15
1631,7551,0.939630,0.915729,2.19117132e-15
1632,7552,0.360172,0.396043,7.91145925e-16
1633,7553,0.361823,0.415657,1.20523016e-15
1634,7554,0.655517,0.109338,2.76658272e-16
1635,7555,0.646041,0.095478,3.98310758e-16
1636,7556,0.132518,0.105025,4.69081076e-16
1637,7557,0.131272,0.085879,3.58719538e-16
1638,7558,0.111212,0.867183,7.69488775e-16
1639,7559,0.089750,0.871557,5.00694516e-16
1640,7560,0.885723,0.635773,1.00604560e-15
1641,7561,0.904873,0.627217,5.16873004e-16
1642,7562,0.360851,0.882193,3.35158496e-16
1643,7563,0.370274,0.901487,2.23679908e-16
1644,7564,0.869384,0.889271,4.68628072e-16
1645,7565,0.873407,0.910259,6.19193578e-16
1646,7566,0.142054,0.596922,7.61395005e-16
1647,7567,0.887896,0.130186,1.30894744e-15
1648,7568,0.908833,0.124662,1.40914148e-15
1649,7569,0.098262,0.376378,9.96333198e-16
1650,7570,0.569242,0.546642,3.70105032e-15
1651,7571,0.571053,0.566501,2.70079589e-15
1652,7572,0.440924,0.054997,4.35362044e-16
1653,7573,0.434657,0.074676,4.17357379e-16
1654,7574,0.072274,0.048380,2.06253992e-16
1655,7575,0.569283,0.075131,5.65364793e-16
1656,7576,0.567987,0.056789,5.86839461e-16
1657,7577,0.973321,0.069362,8.97994896e-16
1658,7578,0.440997,0.940127,2.12703883e-16
1659,7579,0.436076,0.957100,2.65138385e-16
1660,7580,0.082599,0.574799,7.58407731e-16
1661,7581,0.957541,0.087852,6.09911579e-16
1662,7582,0.927224,0.937044,8.94232164e-16
1663,7583,0.930346,0.972500,8.22432411e-16
1664,7584,0.558878,0.938467,3.49945680e-16
1665,7585,0.570140,0.917593,2.73936120e-16
1666,7586,0.447520,0.376765,9.15020259e-16
1667,7587,0.456815,0.388019,4.65877968e-16
1668,7588,0.483281,0.375830,1.90820578e-15
1669,7589,0.491156,0.635537,2.03403506e-15
1670,7590,0.466234,0.612330,2.10978183e-15
1671,7591,0.514850,0.609612,1.41034988e-15
1672,7592,0.295562,0.380834,1.05323518e-15
1673,7593,0.120977,0.315722,9.83849838e-16
1674,7594,0.325472,0.131780,3.07011036e-16
1675,7595,0.285786,0.113452,2.38471830e-16
1676,7596,0.332921,0.622962,9.00145831e-16
1677,7597,0.296911,0.610927,1.17271966e-15
1678,7598,0.893037,0.284280,9.16667526e-16
1679,7599,0.210606,0.390331,1.14160083e-15
1680,7600,0.199815,0.128337,2.42933708e-16
1681,7601,0.125438,0.181892,4.72445173e-16
1682,7602,0.111734,0.203825,7.13078445e-16
1683,7603,0.186108,0.616717,9.63178634e-16
1684,7604,0.882285,0.191149,9.95024744e-16
1685,7605,0.171302,0.881646,2.22839069e-16
1686,7606,0.214614,0.890766,2.49828927e-16
1687,7607,0.789803,0.110822,1.24584391e-15
1688,7608,0.109565,0.712187,1.02197977e-15
1689,7609,0.878616,0.682157,3.20139226e-16
1690,7610,0.808590,0.882131,5.56646177e-16
1691,7611,0.714863,0.895389,8.27357960e-16
1692,7612,0.882806,0.832007,6.08838389e-16
1693,7613,0.893923,0.788173,8.37943066e-16
1694,7614,0.361717,0.129808,3.00324822e-16
1695,7615,0.096666,0.084677,6.21697090e-16
1696,7616,0.121185,0.124331,3.62110582e-16
1697,7617,0.119770,0.151437,5.69652897e-16
1698,7618,0.839449,0.108784,1.06638483e-15
1699,7619,0.918749,0.100565,1.32996899e-15
1700,7620,0.130176,0.643910,9.58492107e-16
1701,7621,0.093800,0.618951,9.31236704e-16
1702,7622,0.103982,0.581307,9.62207193e-16
1703,7623,0.875307,0.340510,9.36083639e-16
1704,7624,0.076703,0.906752,5.12623863e-16
1705,7625,0.645873,0.879312,6.96773008e-16
1706,7626,0.878291,0.856107,1.37024001e-15
1707,7627,0.907125,0.923516,3.37863628e-16
1708,7628,0.589633,0.506518,1.10701976e-15
1709,7629,0.587956,0.544922,2.31197558e-15
1710,7630,0.551939,0.429919,3.54514311e-15
1711,7631,0.274123,0.901665,1.93969168e-16
1712,7632,0.280098,0.920113,2.06218350e-16
1713,7633,0.912822,0.280260,5.79639522e-16
1714,7634,0.292132,0.592164,1.38938031e-15
1715,7635,0.090735,0.263141,4.87889919e-16
1716,7636,0.076655,0.280152,5.42548002e-16
1717,7637,0.285774,0.092277,3.77630978e-16
1718,7638,0.265005,0.401572,1.15015300e-15
1719,7639,0.899006,0.225059,6.24242847e-16
1720,7640,0.917796,0.218645,6.51829016e-16
1721,7641,0.235416,0.594010,5.24075960e-16
1722,7642,0.217192,0.580002,5.69915266e-16
1723,7643,0.218994,0.910330,2.18423446e-16
1724,7644,0.242263,0.927562,3.50053121e-16
1725,7645,0.224937,0.090756,3.09990845e-16
1726,7646,0.226688,0.070182,3.17890803e-16
1727,7647,0.091659,0.208587,9.09081605e-16
1728,7648,0.072217,0.252115,1.12134107e-15
1729,7649,0.211195,0.409326,1.28902268e-15
1730,7650,0.249827,0.424539,1.46916012e-15
1731,7651,0.899701,0.725627,7.50289450e-16
1732,7652,0.918991,0.719562,9.08471847e-16
1733,7653,0.774710,0.899147,3.30303092e-16
1734,7654,0.781164,0.917791,4.30949241e-16
1735,7655,0.719609,0.914323,4.69380767e-16
1736,7656,0.743258,0.928399,5.54721718e-16
1737,7657,0.913270,0.782078,9.00428634e-16
1738,7658,0.928042,0.757568,8.95381482e-16
1739,7659,0.723692,0.088242,1.06672132e-15
1740,7660,0.097844,0.771890,9.88817686e-16
1741,7661,0.090281,0.712590,1.07754449e-15
1742,7662,0.073564,0.753011,1.27661884e-15
1743,7663,0.782402,0.091796,9.95957009e-16
1744,7664,0.759442,0.076075,1.05010137e-15
1745,7665,0.247668,0.050450,3.15707867e-16
1746,7666,0.949853,0.569483,1.58043727e-15
1747,7667,0.532521,0.431278,4.14719189e-15
1748,7668,0.910399,0.552538,1.12588477e-15
1749,7669,0.376653,0.392970,6.50159832e-16
1750,7670,0.632604,0.105707,3.72011365e-16
1751,7671,0.893906,0.609896,6.62459915e-16
1752,7672,0.386976,0.889993,3.23110564e-16
1753,7673,0.514988,0.376039,1.67510136e-15
1754,7674,0.551985,0.410265,2.63854702e-15
1755,7675,0.073125,0.067063,3.92158890e-16
1756,7676,0.566882,0.091471,4.58442977e-16
1757,7677,0.060262,0.909562,3.79566369e-16
1758,7678,0.095977,0.916822,4.66152301e-16
1759,7679,0.419017,0.908999,2.44035354e-16
1760,7680,0.431672,0.918368,2.31559511e-16
1761,7681,0.912802,0.084705,1.11912958e-15
1762,7682,0.917050,0.904389,1.21202484e-15
1763,7683,0.409395,0.384315,1.10888418e-15
1764,7684,0.280743,0.397864,9.89422468e-16
1765,7685,0.104778,0.292937,9.73904295e-16
1766,7686,0.290228,0.897254,1.43231789e-16
1767,7687,0.303910,0.891529,1.55515884e-16
1768,7688,0.203198,0.108775,2.59330307e-16
1769,7689,0.204955,0.613283,1.15132509e-15
1770,7690,0.891641,0.207839,6.86436400e-16
1771,7691,0.701779,0.103748,4.99514017e-16
1772,7692,0.791918,0.891644,3.64665233e-16
1773,7693,0.894312,0.708820,6.64065731e-16
1774,7694,0.592913,0.466680,2.34432843e-15
1775,7695,0.256526,0.905088,3.45779628e-16
1776,7696,0.285726,0.880942,1.82827972e-16
1777,7697,0.890084,0.265535,6.87420123e-16
1778,7698,0.279869,0.617056,9.55065329e-16
1779,7699,0.923837,0.237531,4.08573754e-16
1780,7700,0.247865,0.404849,1.26120368e-15
1781,7701,0.280195,0.380670,1.06558142e-15
1782,7702,0.231508,0.562730,6.57547918e-16
1783,7703,0.904607,0.242922,5.39553741e-16
1784,7704,0.874642,0.215222,7.57369322e-16
1785,7705,0.244832,0.092424,3.05725610e-16
1786,7706,0.074140,0.231996,1.21205470e-15
1787,7707,0.117095,0.221065,7.01501040e-16
1788,7708,0.230874,0.427093,1.42846918e-15
1789,7709,0.904370,0.743733,8.36372720e-16
1790,7710,0.876339,0.713391,7.87908936e-16
1791,7711,0.756842,0.904934,5.21568214e-16
1792,7712,0.784448,0.874797,3.01364846e-16
1793,7713,0.889419,0.767796,7.64811194e-16
1794,7714,0.747661,0.100742,9.30255523e-16
1795,7715,0.094082,0.751481,1.00230933e-15
1796,7716,0.071918,0.732566,1.21412919e-15
1797,7717,0.111377,0.730499,1.00513588e-15
1798,7718,0.770853,0.114739,9.69001456e-16
1799,7719,0.471477,0.657046,1.47059478e-15
1800,7720,0.470671,0.635151,1.77246652e-15
1801,7721,0.571940,0.448019,3.43596543e-15
1802,7722,0.396269,0.129492,3.65523278e-16
1803,7723,0.605345,0.872406,4.81090256e-16
1804,7724,0.873513,0.399436,6.53338800e-16
1805,7725,0.592988,0.446587,2.32952611e-15
1806,7726,0.411018,0.633567,4.82120724e-16
1807,7727,0.384749,0.642749,6.59204132e-16
1808,7728,0.446294,0.618205,8.87897364e-16
1809,7729,0.525133,0.620749,1.06544537e-15
1810,7730,0.898538,0.583972,4.83862542e-16
1811,7731,0.873290,0.565607,5.79760012e-16
1812,7732,0.896151,0.548685,6.58329571e-16
1813,7733,0.346629,0.641363,3.71976504e-16
1814,7734,0.348919,0.622822,7.70267251e-16
1815,7735,0.863433,0.364711,1.97306200e-16
1816,7736,0.132838,0.861005,4.92451509e-16
1817,7737,0.155876,0.825659,1.06086039e-16
1818,7738,0.649064,0.853875,5.03086008e-16
1819,7739,0.863131,0.868244,1.06570986e-15
1820,7740,0.344174,0.151859,2.53243899e-16
1821,7741,0.162786,0.141832,3.40385378e-16
1822,7742,0.867853,0.136891,1.33915274e-15
1823,7743,0.852202,0.146984,1.01889117e-15
1824,7744,0.160165,0.352387,9.80057460e-16
1825,7745,0.156491,0.372011,1.08369819e-15
1826,7746,0.300453,0.863988,1.76901627e-16
1827,7747,0.320846,0.642235,8.02967593e-16
1828,7748,0.874339,0.304053,9.47717954e-16
1829,7749,0.871357,0.176049,1.00394114e-15
1830,7750,0.850302,0.208055,7.39765859e-16
1831,7751,0.203803,0.634244,1.04424858e-15
1832,7752,0.184861,0.651003,8.72021213e-16
1833,7753,0.189702,0.874744,1.88659900e-16
1834,7754,0.162044,0.866216,1.24690092e-16
1835,7755,0.814436,0.855588,5.37961213e-16
1836,7756,0.823694,0.870830,8.03586510e-16
1837,7757,0.676905,0.858311,7.87537141e-16
1838,7758,0.694688,0.876753,7.73432984e-16
1839,7759,0.877264,0.813392,7.56175323e-16
1840,7760,0.868123,0.840152,8.46623513e-16
1841,7761,0.326004,0.153270,2.53063481e-16
1842,7762,0.152211,0.194148,5.53267257e-16
1843,7763,0.131981,0.197766,7.60869368e-16
1844,7764,0.688533,0.143803,4.45305708e-16
1845,7765,0.159124,0.801447,1.88071609e-16
1846,7766,0.130678,0.820487,1.69410269e-16
1847,7767,0.127541,0.694312,9.12515688e-16
1848,7768,0.840046,0.133571,9.65000073e-16
1849,7769,0.828679,0.145667,6.64899423e-16
1850,7770,0.309339,0.382794,1.08732582e-15
1851,7771,0.176724,0.356626,8.00915074e-16
1852,7772,0.192477,0.373335,1.00834529e-15
1853,7773,0.416115,0.091592,4.41479793e-16
1854,7774,0.541312,0.925772,3.06678311e-16
1855,7775,0.551581,0.066099,2.35144737e-16
1856,7776,0.455859,0.062221,3.20880777e-16
1857,7777,0.449313,0.080010,3.97518280e-16
1858,7778,0.571782,0.428337,2.98009421e-15
1859,7779,0.592447,0.883161,3.36045472e-16
1860,7780,0.580950,0.899378,2.48915322e-16
1861,7781,0.439446,0.903065,1.53218718e-16
1862,7782,0.578722,0.093944,4.07834770e-16
1863,7783,0.569279,0.107050,3.22231688e-16
1864,7784,0.443202,0.096727,3.12735708e-16
1865,7785,0.416191,0.111922,4.99118399e-16
1866,7786,0.893743,0.439310,3.52189020e-16
1867,7787,0.378824,0.147926,2.48477486e-16
1868,7788,0.619418,0.855871,6.59738028e-16
1869,7789,0.618379,0.870321,4.56671778e-16
1870,7790,0.861974,0.385825,4.35439839e-16
1871,7791,0.396533,0.409363,8.42612176e-16
1872,7792,0.666530,0.120940,2.87988502e-16
1873,7793,0.604967,0.108749,5.13419280e-16
1874,7794,0.625221,0.089118,5.92466883e-16
1875,7795,0.113337,0.083935,3.74718958e-16
1876,7796,0.125281,0.842390,4.12278649e-16
1877,7797,0.845640,0.875624,5.49639150e-16
1878,7798,0.124318,0.588933,7.88430549e-16
1879,7799,0.875923,0.154302,8.75997345e-16
1880,7800,0.515252,0.341654,1.30662794e-15
1881,7801,0.118704,0.260105,3.42363465e-16
1882,7802,0.240150,0.622853,4.46266296e-16
1883,7803,0.738241,0.124569,7.29990252e-16
1884,7804,0.591476,0.486736,1.75589305e-15
1885,7805,0.509787,0.632568,1.15407466e-15
1886,7806,0.472803,0.352295,2.95139763e-16
1887,7807,0.461311,0.364454,7.50836898e-16
1888,7808,0.907651,0.502224,8.99514897e-16
1889,7809,0.885249,0.573072,3.57846539e-16
1890,7810,0.881131,0.545539,1.29711386e-15
1891,7811,0.416533,0.647609,5.41740621e-16
1892,7812,0.427933,0.626253,4.78302671e-16
1893,7813,0.556555,0.592142,1.19046521e-15
1894,7814,0.333247,0.845551,1.91654267e-16
1895,7815,0.318059,0.865925,2.30346057e-16
1896,7816,0.305371,0.665868,6.53295654e-16
1897,7817,0.833073,0.305706,9.52749541e-16
1898,7818,0.838821,0.156188,9.39634612e-16
1899,7819,0.167071,0.648873,8.78132291e-16
1900,7820,0.193880,0.844485,2.23544330e-16
1901,7821,0.856865,0.660240,4.94492011e-16
1902,7822,0.843908,0.834433,7.34009582e-16
1903,7823,0.660507,0.880008,8.12486285e-16
1904,7824,0.691998,0.835929,7.91010400e-16
1905,7825,0.848465,0.808575,8.80955187e-16
1906,7826,0.168143,0.334617,7.05483577e-16
1907,7827,0.158446,0.158824,3.16136836e-16
1908,7828,0.178931,0.144416,2.02473154e-16
1909,7829,0.646770,0.145417,3.15216297e-16
1910,7830,0.678037,0.131609,2.82664900e-16
1911,7831,0.167115,0.840718,1.17304216e-16
1912,7832,0.128497,0.660497,9.49790749e-16
1913,7833,0.164499,0.680140,8.58259734e-16
1914,7834,0.342030,0.364116,4.83802244e-16
1915,7835,0.264325,0.115527,3.17558237e-16
1916,7836,0.233808,0.888378,2.41706251e-16
1917,7837,0.228633,0.388349,1.13676798e-15
1918,7838,0.733879,0.891307,5.87855265e-16
1919,7839,0.063077,0.927072,3.08771223e-16
1920,7840,0.571152,0.387437,2.12709031e-15
1921,7841,0.363770,0.169454,2.68154511e-16
1922,7842,0.147687,0.139311,3.01141389e-16
1923,7843,0.117992,0.372388,1.21693234e-15
1924,7844,0.113793,0.355309,5.73136109e-16
1925,7845,0.635248,0.838287,6.72883714e-16
1926,7846,0.151060,0.631166,8.91575128e-16
1927,7847,0.390480,0.374111,6.83377023e-16
1928,7848,0.593155,0.580966,1.72092827e-15
1929,7849,0.128444,0.711488,9.58472308e-16
1930,7850,0.724290,0.133290,6.56767219e-16
1931,7851,0.683924,0.169844,5.62317433e-16
1932,7852,0.139911,0.775323,4.85397630e-16
1933,7853,0.819445,0.829761,5.94977012e-16
1934,7854,0.170268,0.177743,3.77997611e-16
1935,7855,0.829605,0.177524,1.06374791e-15
1936,7856,0.126187,0.280896,7.39617523e-16
1937,7857,0.178863,0.318363,6.41422317e-16
1938,7858,0.297392,0.829643,1.06311899e-16
1939,7859,0.613859,0.579183,1.99535128e-15
1940,7860,0.575052,0.584876,1.32250060e-15
1941,7861,0.071660,0.530816,6.44849571e-16
1942,7862,0.071265,0.029224,6.57580264e-16
1943,7863,0.027518,0.930297,1.13762676e-15
1944,7864,0.209903,0.371749,1.00198863e-15
1945,7865,0.124286,0.237281,5.57372243e-16
1946,7866,0.873221,0.286053,7.70019759e-16
1947,7867,0.263934,0.625869,7.75659516e-16
1948,7868,0.793474,0.130913,9.03986490e-16
1949,7869,0.210178,0.870576,3.43298271e-16
1950,7870,0.712670,0.875155,7.74890939e-16
1951,7871,0.873298,0.792488,6.36991487e-16
1952,7872,0.410494,0.895430,2.46974373e-16
1953,7873,0.445565,0.889979,1.12880071e-16
1954,7874,0.590618,0.101131,3.89989771e-16
1955,7875,0.483843,0.605876,9.35896868e-16
1956,7876,0.609028,0.136290,1.88543195e-16
1957,7877,0.103518,0.117961,4.47829390e-16
1958,7878,0.094473,0.106129,4.11912652e-16
1959,7879,0.424715,0.887877,3.68271397e-16
1960,7880,0.541396,0.339716,9.29025842e-16
1961,7881,0.429766,0.347611,6.90777709e-16
1962,7882,0.862543,0.533546,9.19150391e-16
1963,7883,0.874644,0.510229,1.13290297e-15
1964,7884,0.316453,0.846969,1.38344753e-16
1965,7885,0.354801,0.861242,2.59842497e-16
1966,7886,0.186379,0.633874,1.03724870e-15
1967,7887,0.846477,0.170182,9.11856167e-16
1968,7888,0.850273,0.646789,5.75757252e-16
1969,7889,0.866833,0.641016,7.20916994e-16
1970,7890,0.849408,0.681097,7.57334752e-16
1971,7891,0.829036,0.845022,6.96824889e-16
1972,7892,0.150700,0.326148,8.56089688e-16
1973,7893,0.633299,0.133169,2.63204027e-16
1974,7894,0.667607,0.142586,2.79511952e-16
1975,7895,0.675349,0.154636,6.91837612e-16
1976,7896,0.316371,0.365442,8.23299984e-16
1977,7897,0.365899,0.367029,6.18167715e-16
1978,7898,0.353454,0.378865,6.93438663e-16
1979,7899,0.570160,0.365390,1.92670688e-15
1980,7900,0.383057,0.661719,4.27218669e-16
1981,7901,0.401719,0.646158,7.00627379e-16
1982,7902,0.837481,0.339347,9.10790070e-16
1983,7903,0.857052,0.353004,7.46453555e-16
1984,7904,0.539310,0.083681,3.56120285e-16
1985,7905,0.456715,0.944331,1.79817366e-16
1986,7906,0.416708,0.358624,8.84579430e-16
1987,7907,0.403279,0.367492,8.53540754e-16
1988,7908,0.776990,0.150236,7.55346872e-16
1989,7909,0.824205,0.160676,8.59238269e-16
1990,7910,0.148734,0.726256,7.68110070e-16
1991,7911,0.134194,0.745894,9.21348653e-16
1992,7912,0.151386,0.765942,3.59546640e-16
1993,7913,0.733560,0.147000,4.54664469e-16
1994,7914,0.147250,0.662624,8.94770665e-16
1995,7915,0.165281,0.664591,8.66321899e-16
1996,7916,0.833927,0.819435,6.46245746e-16
1997,7917,0.728849,0.854497,7.30092161e-16
1998,7918,0.851735,0.774993,5.82073418e-16
1999,7919,0.746304,0.853323,6.95892517e-16
2000,7920,0.847347,0.756875,5.53054387e-16
2001,7921,0.842952,0.738691,7.09606828e-16
2002,7922,0.194686,0.327958,5.92388956e-16
2003,7923,0.226184,0.351916,8.82441201e-16
2004,7924,0.141689,0.230439,4.91526443e-16
2005,7925,0.250659,0.145841,9.50068153e-17
2006,7926,0.227995,0.155552,1.64219399e-16
2007,7927,0.228216,0.849946,2.58911714e-16
2008,7928,0.249480,0.635650,6.40479199e-16
2009,7929,0.260890,0.345805,7.33023371e-16
2010,7930,0.326816,0.175573,1.67399704e-16
2011,7931,0.271632,0.158144,2.04688119e-16
2012,7932,0.267261,0.137601,2.48205138e-16
2013,7933,0.132425,0.252213,4.32347189e-16
2014,7934,0.146983,0.272842,4.05773145e-16
2015,7935,0.852714,0.269942,9.16558576e-16
2016,7936,0.281811,0.659431,6.82198218e-16
2017,7937,0.272754,0.643055,7.55020817e-16
2018,7938,0.821035,0.332120,4.25698748e-16
2019,7939,0.835897,0.323232,1.00308850e-15
2020,7940,0.323821,0.661811,6.60407290e-16
2021,7941,0.246558,0.848672,2.20040432e-16
2022,7942,0.264468,0.847804,1.89563446e-16
2023,7943,0.580672,0.617935,2.08693269e-15
2024,7944,0.558738,0.638826,1.00794507e-15
2025,7945,0.880006,0.453634,6.57778576e-16
2026,7946,0.114041,0.332666,9.07470866e-16
2027,7947,0.506177,0.665189,6.74427061e-16
2028,7948,0.527444,0.908959,2.84186118e-16
2029,7949,0.464161,0.086311,4.38051533e-16
2030,7950,0.444233,0.123172,2.91429785e-16
2031,7951,0.454579,0.908203,1.85133649e-16
2032,7952,0.396694,0.160774,1.40805834e-16
2033,7953,0.830210,0.405427,3.57607887e-16
2034,7954,0.602615,0.843843,5.88520768e-16
2035,7955,0.618852,0.838776,7.15822779e-16
2036,7956,0.453402,0.659150,1.17893529e-15
2037,7957,0.435298,0.662513,9.27709871e-16
2038,7958,0.897397,0.475255,6.87206936e-16
2039,7959,0.879667,0.528543,1.31784425e-15
2040,7960,0.606877,0.526503,1.01090756e-15
2041,7961,0.417460,0.665110,7.37051754e-16
2042,7962,0.591988,0.426505,2.43022858e-15
2043,7963,0.636204,0.438379,9.73534671e-16
2044,7964,0.397270,0.185661,2.23036454e-16
2045,7965,0.605616,0.816687,5.26462899e-16
2046,7966,0.824657,0.380151,9.04672692e-16
2047,7967,0.818374,0.394033,3.34324619e-16
2048,7968,0.345070,0.823875,1.67906851e-16
2049,7969,0.366772,0.835624,2.27308809e-16
2050,7970,0.637716,0.160438,3.36483071e-16
2051,7971,0.345922,0.336719,4.58067795e-16
2052,7972,0.355832,0.352517,5.01333285e-16
2053,7973,0.530514,0.357585,1.36669020e-15
2054,7974,0.514117,0.893831,1.99321689e-16
2055,7975,0.496424,0.057905,8.65544985e-17
2056,7976,0.494413,0.930626,4.80182554e-16
2057,7977,0.508978,0.111233,1.64328415e-16
2058,7978,0.136091,0.761890,6.77240534e-16
2059,7979,0.124421,0.782094,5.56346010e-16
2060,7980,0.714257,0.117709,5.99658193e-16
2061,7981,0.783816,0.163611,4.92492537e-16
2062,7982,0.758668,0.136615,8.10065888e-16
2063,7983,0.163020,0.710100,6.43516606e-16
2064,7984,0.833000,0.779347,5.61439219e-16
2065,7985,0.710489,0.836110,7.51062526e-16
2066,7986,0.763031,0.866081,3.28701750e-16
2067,7987,0.861983,0.734637,7.72295577e-16
2068,7988,0.210052,0.335161,8.31049383e-16
2069,7989,0.236198,0.136132,1.52536102e-16
2070,7990,0.207426,0.833704,1.51705295e-16
2071,7991,0.865351,0.236464,5.81074925e-16
2072,7992,0.262667,0.364378,9.13456636e-16
2073,7993,0.290310,0.176978,1.69117553e-16
2074,7994,0.291642,0.675227,3.85793438e-16
2075,7995,0.833614,0.287597,9.76731056e-16
2076,7996,0.266535,0.865740,1.86143458e-16
2077,7997,0.623091,0.148440,4.21347884e-16
2078,7998,0.597769,0.151784,4.84532280e-16
2079,7999,0.866535,0.602129,7.09722660e-16
2080,8000,0.858905,0.625324,7.07865328e-16
2081,8001,0.372787,0.853941,3.05169110e-16
2082,8002,0.391010,0.845172,3.38242676e-16
2083,8003,0.429992,0.140255,2.31721400e-16
2084,8004,0.866996,0.421253,4.31791456e-16
2085,8005,0.566545,0.860594,2.14663136e-16
2086,8006,0.580173,0.872109,2.15342046e-16
2087,8007,0.644769,0.515705,4.11869056e-16
2088,8008,0.532772,0.664548,4.94376127e-16
2089,8009,0.534107,0.118292,4.17727268e-16
2090,8010,0.477919,0.093773,3.03332292e-16
2091,8011,0.490040,0.896946,2.51449883e-16
2092,8012,0.590857,0.856103,3.88206396e-16
2093,8013,0.478569,0.338426,9.74277095e-16
2094,8014,0.255977,0.161226,1.95472811e-16
2095,8015,0.243354,0.349123,7.72128818e-16
2096,8016,0.245087,0.367260,9.14460158e-16
2097,8017,0.149067,0.245812,5.30984891e-16
2098,8018,0.851766,0.252786,7.10537294e-16
2099,8019,0.869007,0.251570,5.70471396e-16
2100,8020,0.257064,0.652091,7.49272322e-16
2101,8021,0.745792,0.155839,5.35512811e-16
2102,8022,0.152448,0.741602,5.79020023e-16
2103,8023,0.248948,0.867403,2.05904961e-16
2104,8024,0.747792,0.870054,5.84091739e-16
2105,8025,0.866314,0.752849,7.02809547e-16
2106,8026,0.150891,0.850812,1.76855900e-16
2107,8027,0.257839,0.327162,5.73010113e-16
2108,8028,0.162825,0.753853,3.33250661e-16
2109,8029,0.148938,0.788009,2.66598114e-16
2110,8030,0.737422,0.171352,5.25224961e-16
2111,8031,0.710589,0.171936,4.64796465e-16
2112,8032,0.823597,0.742991,6.48775886e-16
2113,8033,0.760287,0.832723,3.07114824e-16
2114,8034,0.782109,0.836116,3.77572215e-16
2115,8035,0.830837,0.238112,7.91241163e-16
2116,8036,0.836233,0.216518,6.98161242e-16
2117,8037,0.241735,0.661952,5.19422150e-16
2118,8038,0.263112,0.829492,2.00987088e-16
2119,8039,0.520000,0.300551,7.56426627e-16
2120,8040,0.532299,0.331055,6.30292463e-16
2121,8041,0.610562,0.384423,1.62947836e-15
2122,8042,0.591113,0.406230,2.12008323e-15
2123,8043,0.170228,0.815450,1.13650368e-16
2124,8044,0.183825,0.804758,1.67969744e-16
2125,8045,0.674682,0.810408,9.10740836e-16
2126,8046,0.189302,0.303560,6.08811813e-16
2127,8047,0.183928,0.342742,5.88629824e-16
2128,8048,0.324324,0.195811,2.58044273e-16
2129,8049,0.199246,0.189779,3.94661370e-16
2130,8050,0.171292,0.192290,5.24994409e-16
2131,8051,0.210771,0.684719,3.39098073e-16
2132,8052,0.813470,0.187428,7.73862853e-16
2133,8053,0.367591,0.677936,3.92420438e-16
2134,8054,0.344209,0.682098,3.96661797e-16
2135,8055,0.351582,0.193768,2.58611758e-16
2136,8056,0.650487,0.839223,5.72964108e-16
2137,8057,0.468931,0.959196,3.48965928e-16
2138,8058,0.516622,0.061125,2.25061445e-16
2139,8059,0.539131,0.054493,4.28767496e-16
2140,8060,0.244940,0.829528,2.57728118e-16
2141,8061,0.159056,0.261268,3.25663522e-16
2142,8062,0.132652,0.266518,8.33770688e-16
2143,8063,0.235319,0.638315,9.07261860e-16
2144,8064,0.242278,0.160388,1.59778287e-16
2145,8065,0.745260,0.836741,5.52598154e-16
2146,8066,0.271553,0.304417,3.79541541e-16
2147,8067,0.275788,0.323139,4.70104662e-16
2148,8068,0.251728,0.677657,6.52296685e-16
2149,8069,0.833989,0.270326,6.56156137e-16
2150,8070,0.813417,0.285837,8.24086031e-16
2151,8071,0.197376,0.257244,4.53783025e-16
2152,8072,0.150485,0.300451,7.62386986e-16
2153,8073,0.255552,0.178893,3.04951343e-16
2154,8074,0.240579,0.331108,6.61705579e-16
2155,8075,0.823456,0.224866,5.03307083e-16
2156,8076,0.225668,0.829840,3.96147674e-16
2157,8077,0.196883,0.818245,1.68640064e-16
2158,8078,0.237026,0.686642,5.22790800e-16
2159,8079,0.211937,0.235125,4.91506644e-16
2160,8080,0.164862,0.235269,3.37445247e-16
2161,8081,0.238756,0.177785,1.44671917e-16
2162,8082,0.827836,0.761416,7.33458693e-16
2163,8083,0.813574,0.786322,5.07039375e-16
2164,8084,0.744857,0.821444,6.70846494e-16
2165,8085,0.728201,0.836653,7.10946516e-16
2166,8086,0.819154,0.724463,7.13808323e-16
2167,8087,0.761917,0.813701,5.53761924e-16
2168,8088,0.772625,0.823479,4.62818644e-16
2169,8089,0.178022,0.766207,4.10253261e-16
2170,8090,0.751956,0.186269,7.90026095e-16
2171,8091,0.736989,0.198571,3.58309522e-16
2172,8092,0.798224,0.174304,7.16710629e-16
2173,8093,0.165775,0.723407,7.53471435e-16
2174,8094,0.832624,0.617576,6.06334453e-16
2175,8095,0.656609,0.199233,3.05865477e-16
2176,8096,0.825275,0.641658,3.86046012e-16
2177,8097,0.828584,0.667782,8.29969098e-16
2178,8098,0.340301,0.807714,9.46375949e-17
2179,8099,0.620512,0.548142,8.83356843e-16
2180,8100,0.605153,0.543958,1.41540836e-15
2181,8101,0.398468,0.684008,7.54264522e-16
2182,8102,0.529149,0.343056,1.01827506e-15
2183,8103,0.801748,0.370139,3.95112071e-16
2184,8104,0.890537,0.462659,4.38464832e-16
2185,8105,0.866052,0.444887,3.92942475e-16
2186,8106,0.633221,0.490539,8.63248175e-16
2187,8107,0.628721,0.510311,3.89156873e-16
2188,8108,0.499098,0.881106,1.74419397e-16
2189,8109,0.486616,0.105594,2.17587121e-16
2190,8110,0.514500,0.085014,1.91339899e-16
2191,8111,0.488245,0.913458,4.15968113e-16
2192,8112,0.474383,0.894079,3.50030013e-16
2193,8113,0.500409,0.096009,1.47903308e-16
2194,8114,0.615933,0.343929,9.16070262e-16
2195,8115,0.591261,0.362858,1.74048044e-15
2196,8116,0.499605,0.340759,1.14486201e-15
2197,8117,0.534643,0.298908,5.89382148e-16
2198,8118,0.624554,0.529353,7.34368407e-16
2199,8119,0.599115,0.622236,1.85085487e-15
2200,8120,0.508182,0.968348,5.62025472e-16
2201,8121,0.487256,0.031966,5.19534752e-16
2202,8122,0.504761,0.071645,1.70700234e-16
2203,8123,0.539468,0.862432,1.92445621e-16
2204,8124,0.553221,0.846937,3.11209513e-16
2205,8125,0.457937,0.138215,1.34161046e-16
2206,8126,0.443324,0.152609,2.12195015e-16
2207,8127,0.558485,0.655496,1.44156093e-15
2208,8128,0.558387,0.672033,9.88448274e-16
2209,8129,0.696845,0.794183,9.22285578e-16
2210,8130,0.805238,0.840262,5.29144553e-16
2211,8131,0.840230,0.193271,7.78954209e-16
2212,8132,0.196548,0.672677,3.52220943e-16
2213,8133,0.173009,0.791181,1.84048719e-16
2214,8134,0.190444,0.165765,1.88914698e-16
2215,8135,0.206182,0.170520,2.56518661e-16
2216,8136,0.177335,0.292800,4.85752431e-16
2217,8137,0.790216,0.297504,8.61223131e-16
2218,8138,0.841348,0.419277,3.16939956e-16
2219,8139,0.806953,0.766654,7.04527118e-16
2220,8140,0.823769,0.803907,5.48384006e-16
2221,8141,0.729111,0.819442,7.31586539e-16
2222,8142,0.182631,0.697384,7.74706127e-16
2223,8143,0.784736,0.189494,4.28535250e-16
2224,8144,0.225645,0.809145,3.05367818e-16
2225,8145,0.235277,0.312816,4.41427912e-16
2226,8146,0.815208,0.269308,8.13161211e-16
2227,8147,0.277395,0.685834,7.16251166e-16
2228,8148,0.272180,0.197890,2.05359565e-16
2229,8149,0.381945,0.677890,3.66802033e-16
2230,8150,0.570513,0.160854,7.11074312e-16
2231,8151,0.410326,0.835821,5.17632263e-16
2232,8152,0.860185,0.556786,3.29204781e-16
2233,8153,0.856989,0.585387,7.59997241e-16
2234,8154,0.550741,0.303541,5.91917159e-16
2235,8155,0.540997,0.319201,4.01146254e-16
2236,8156,0.579828,0.330568,4.47807684e-16
2237,8157,0.876545,0.468434,1.05839308e-15
2238,8158,0.860080,0.474326,7.20368487e-16
2239,8159,0.837680,0.444448,3.99451024e-16
2240,8160,0.311686,0.311449,1.05134100e-16
2241,8161,0.311142,0.812134,1.99065713e-16
2242,8162,0.205401,0.310800,7.75257175e-16
2243,8163,0.168843,0.277071,5.72271817e-16
2244,8164,0.200751,0.703539,6.56618776e-16
2245,8165,0.800654,0.200760,5.48989793e-16
2246,8166,0.810792,0.686048,8.65285978e-16
2247,8167,0.796877,0.797855,7.61047986e-16
2248,8168,0.202938,0.781183,4.49422606e-16
2249,8169,0.682803,0.198390,4.58261659e-16
2250,8170,0.641657,0.532794,4.64979425e-16
2251,8171,0.346144,0.292685,3.17670707e-16
2252,8172,0.630840,0.206986,4.37496647e-16
2253,8173,0.313763,0.829097,1.26389227e-16
2254,8174,0.836686,0.505521,5.13197781e-16
2255,8175,0.868009,0.492039,8.31351085e-16
2256,8176,0.533726,0.693444,8.30595055e-16
2257,8177,0.472895,0.695544,8.06666533e-16
2258,8178,0.471803,0.676857,1.07781216e-15
2259,8179,0.603685,0.784641,4.57255649e-16
2260,8180,0.804209,0.404289,3.66879457e-16
2261,8181,0.904788,0.452987,6.53242979e-16
2262,8182,0.637774,0.470321,1.13950199e-15
2263,8183,0.461294,0.878148,4.20506463e-16
2264,8184,0.459709,0.324644,9.23689429e-16
2265,8185,0.581225,0.601085,1.13300620e-15
2266,8186,0.575548,0.637010,1.63557647e-15
2267,8187,0.526527,0.878673,2.39316427e-16
2268,8188,0.475369,0.128394,2.33942586e-16
2269,8189,0.572484,0.672366,9.60520327e-16
2270,8190,0.786278,0.311947,5.88822894e-16
2271,8191,0.324492,0.701260,2.72184641e-16
2272,8192,0.316222,0.211292,1.35609512e-16
2273,8193,0.344472,0.700809,4.03372495e-16
2274,8194,0.630337,0.383783,1.33116140e-15
2275,8195,0.553336,0.157925,5.64672926e-16
2276,8196,0.536502,0.156031,5.70171599e-16
2277,8197,0.433917,0.851118,4.79912351e-16
2278,8198,0.519647,0.284849,6.07319923e-16
2279,8199,0.567825,0.832884,3.41292286e-16
2280,8200,0.431550,0.169017,2.54497349e-16
2281,8201,0.418951,0.157830,1.63125814e-16
2282,8202,0.635117,0.346456,8.91024239e-16
2283,8203,0.393450,0.390422,8.97275871e-16
2284,8204,0.841879,0.632637,6.27488201e-16
2285,8205,0.825382,0.430737,3.73278288e-16
2286,8206,0.406675,0.193547,1.78219186e-16
2287,8207,0.587967,0.794974,4.23031044e-16
2288,8208,0.660836,0.571515,1.09073068e-15
2289,8209,0.637883,0.576097,1.68712277e-15
2290,8210,0.457485,0.696417,8.05852482e-16
2291,8211,0.263018,0.791304,3.36354428e-16
2292,8212,0.212377,0.292643,7.10447614e-16
2293,8213,0.218353,0.728105,7.48018819e-16
2294,8214,0.791111,0.214877,3.61300368e-16
2295,8215,0.212824,0.214377,4.99906775e-16
2296,8216,0.779951,0.785755,8.05364008e-16
2297,8217,0.781802,0.732171,7.10323682e-16
2298,8218,0.169573,0.738937,8.30706864e-16
2299,8219,0.769312,0.174770,9.36040016e-16
2300,8220,0.443250,0.335687,6.06203057e-16
2301,8221,0.805960,0.610732,5.53514802e-16
2302,8222,0.415102,0.855554,4.32124764e-16
2303,8223,0.631817,0.365185,1.16915735e-15
2304,8224,0.288724,0.299384,2.56998028e-16
2305,8225,0.279639,0.811394,1.44924465e-16
2306,8226,0.196752,0.272850,7.47519864e-16
2307,8227,0.224143,0.696506,3.43948369e-16
2308,8228,0.803533,0.223194,2.70921847e-16
2309,8229,0.795101,0.711270,5.39672008e-16
2310,8230,0.770530,0.800976,6.42257068e-16
2311,8231,0.710389,0.201700,5.42130732e-16
2312,8232,0.726008,0.214235,4.59356026e-16
2313,8233,0.856886,0.516394,9.74644178e-16
2314,8234,0.389251,0.700861,3.71444964e-16
2315,8235,0.471968,0.110123,5.29124965e-16
2316,8236,0.538712,0.138043,4.38896157e-16
2317,8237,0.456908,0.864394,4.06008303e-16
2318,8238,0.419369,0.872594,3.91368159e-16
2319,8239,0.554866,0.283474,1.08474036e-15
2320,8240,0.850203,0.458315,5.88626118e-16
2321,8241,0.796248,0.427874,5.19527341e-16
2322,8242,0.556988,0.818080,4.95225224e-16
2323,8243,0.550616,0.694594,8.88669805e-16
2324,8244,0.455068,0.678508,1.00282126e-15
2325,8245,0.208664,0.803767,2.69223520e-16
2326,8246,0.181841,0.224418,3.73158115e-16
2327,8247,0.192019,0.240338,5.14700841e-16
2328,8248,0.250344,0.290239,4.99067895e-16
2329,8249,0.261022,0.693779,5.89756801e-16
2330,8250,0.782332,0.256391,7.18753143e-16
2331,8251,0.290895,0.198476,1.36878407e-16
2332,8252,0.253942,0.197461,2.53524346e-16
2333,8253,0.192602,0.721890,3.21915719e-16
2334,8254,0.401453,0.817209,2.12360649e-16
2335,8255,0.335868,0.793458,1.15542838e-16
2336,8256,0.329138,0.302450,1.80470759e-16
2337,8257,0.371476,0.342420,6.91918345e-16
2338,8258,0.791994,0.665969,6.80341310e-16
2339,8259,0.792315,0.648444,9.35248041e-16
2340,8260,0.669784,0.211123,2.88302698e-16
2341,8261,0.645736,0.215636,2.98789337e-16
2342,8262,0.602385,0.180994,3.46145123e-16
2343,8263,0.835043,0.554492,4.88055673e-16
2344,8264,0.482725,0.300479,9.59975791e-16
2345,8265,0.502774,0.303174,1.07509996e-15
2346,8266,0.791047,0.356114,3.31690638e-16
2347,8267,0.624995,0.800112,8.51081977e-16
2348,8268,0.641583,0.803635,7.27439254e-16
2349,8269,0.372418,0.203522,2.11520882e-16
2350,8270,0.656567,0.615315,3.32060156e-16
2351,8271,0.405539,0.329643,7.67675225e-16
2352,8272,0.420347,0.304264,4.93800197e-16
2353,8273,0.679035,0.478451,4.12334448e-16
2354,8274,0.793026,0.281840,9.31851650e-16
2355,8275,0.284942,0.704898,5.71433625e-16
2356,8276,0.714932,0.798968,8.14273789e-16
2357,8277,0.288258,0.219232,3.01126380e-16
2358,8278,0.193347,0.209520,3.06410463e-16
2359,8279,0.582098,0.300924,9.15492374e-16
2360,8280,0.630342,0.402048,1.36314389e-15
2361,8281,0.500243,0.138035,2.35893514e-16
2362,8282,0.495550,0.852911,1.34985381e-16
2363,8283,0.483499,0.868776,1.48062908e-16
2364,8284,0.683966,0.768157,9.58104272e-16
2365,8285,0.307038,0.745711,3.07820879e-16
2366,8286,0.795611,0.391646,3.38729879e-16
2367,8287,0.607878,0.759856,2.07749600e-16
2368,8288,0.411427,0.205507,3.89742861e-16
2369,8289,0.413550,0.220659,3.94520127e-16
2370,8290,0.351060,0.739791,2.31261647e-16
2371,8291,0.526916,0.729266,5.88488422e-16
2372,8292,0.508715,0.711894,1.09157898e-15
2373,8293,0.450569,0.716708,2.96723265e-16
2374,8294,0.423370,0.709209,4.89203985e-16
2375,8295,0.615837,0.631515,1.28699457e-15
2376,8296,0.586826,0.657072,1.19559812e-15
2377,8297,0.573395,0.655394,1.27614344e-15
2378,8298,0.565016,0.181061,4.98935546e-16
2379,8299,0.431258,0.830354,5.46752038e-16
2380,8300,0.611563,0.300745,4.08290474e-16
2381,8301,0.569667,0.259412,7.07710268e-16
2382,8302,0.573565,0.280170,1.01331399e-15
2383,8303,0.586397,0.672034,6.44238066e-16
2384,8304,0.576820,0.700029,2.88758984e-16
2385,8305,0.452987,0.849102,5.36684681e-16
2386,8306,0.506006,0.834785,4.25281743e-16
2387,8307,0.532388,0.176310,7.07089181e-16
2388,8308,0.490999,0.164575,3.57310976e-16
2389,8309,0.483033,0.259236,7.18662987e-16
2390,8310,0.490125,0.282041,6.91566297e-16
2391,8311,0.493263,0.738817,8.00975584e-16
2392,8312,0.472168,0.714188,7.06867470e-16
2393,8313,0.389597,0.743393,5.37179507e-16
2394,8314,0.668984,0.381755,8.29050226e-16
2395,8315,0.903169,0.488231,8.37829723e-16
2396,8316,0.305540,0.292956,1.23515708e-16
2397,8317,0.309428,0.796139,7.98482607e-17
2398,8318,0.785636,0.698051,4.44087675e-16
2399,8319,0.791217,0.683757,9.10852751e-16
2400,8320,0.695360,0.214914,7.03128508e-16
2401,8321,0.836252,0.532548,4.91449363e-16
2402,8322,0.551130,0.622186,4.22113522e-16
2403,8323,0.661118,0.787879,8.87447271e-16
2404,8324,0.786684,0.379589,1.66806807e-16
2405,8325,0.384332,0.200912,2.00351403e-16
2406,8326,0.659981,0.533044,5.72500940e-16
2407,8327,0.587253,0.168687,4.75099033e-16
2408,8328,0.825700,0.541583,5.17522784e-16
2409,8329,0.873124,0.579664,9.02005068e-16
2410,8330,0.742417,0.774197,6.45016595e-16
2411,8331,0.737291,0.788223,6.43367316e-16
2412,8332,0.195476,0.793898,2.94039917e-16
2413,8333,0.245807,0.773061,2.80890895e-16
2414,8334,0.286542,0.725339,3.94177052e-16
2415,8335,0.237121,0.724915,5.70671296e-16
2416,8336,0.201273,0.741725,4.13208586e-16
2417,8337,0.233109,0.215485,4.37533360e-16
2418,8338,0.267732,0.234827,2.39715565e-16
2419,8339,0.231432,0.273250,5.31943944e-16
2420,8340,0.678965,0.550439,6.10706732e-16
2421,8341,0.642212,0.627914,4.07175038e-16
2422,8342,0.449594,0.307665,3.59718455e-16
2423,8343,0.851397,0.499158,8.35302441e-16
2424,8344,0.652820,0.429919,3.42590840e-16
2425,8345,0.661997,0.441289,3.94423592e-16
2426,8346,0.658853,0.517563,6.83066427e-16
2427,8347,0.652972,0.493397,7.83089583e-16
2428,8348,0.454068,0.164257,4.95554244e-17
2429,8349,0.539604,0.830571,4.38220277e-16
2430,8350,0.566277,0.609518,8.55476966e-16
2431,8351,0.508298,0.252725,2.15848413e-16
2432,8352,0.337911,0.205127,1.66173054e-16
2433,8353,0.315032,0.268003,2.19105758e-16
2434,8354,0.793764,0.331965,1.58864153e-16
2435,8355,0.743162,0.310902,9.97842928e-16
2436,8356,0.343348,0.717983,3.00688517e-16
2437,8357,0.408954,0.743136,7.11668188e-16
2438,8358,0.710076,0.759507,6.00188806e-16
2439,8359,0.755126,0.401312,5.37058911e-16
2440,8360,0.429686,0.214683,4.45658233e-16
2441,8361,0.413011,0.246400,5.60353958e-16
2442,8362,0.580266,0.781124,4.37047507e-16
2443,8363,0.774419,0.367255,1.71882242e-16
2444,8364,0.641019,0.764541,5.53840857e-16
2445,8365,0.464028,0.729476,2.05005253e-16
2446,8366,0.557983,0.712350,7.12222466e-16
2447,8367,0.564779,0.791283,5.13658038e-16
2448,8368,0.426613,0.198504,3.39209908e-16
2449,8369,0.543180,0.244005,4.35023363e-16
2450,8370,0.360239,0.725380,3.01978310e-16
2451,8371,0.370651,0.771843,1.37486682e-16
2452,8372,0.341888,0.777477,1.32774360e-16
2453,8373,0.350170,0.770660,1.66609210e-16
2454,8374,0.659202,0.224778,2.20931035e-16
2455,8375,0.651463,0.238478,3.23973400e-16
2456,8376,0.355643,0.264848,3.22097010e-16
2457,8377,0.363284,0.283500,4.28797459e-16
2458,8378,0.621837,0.324273,6.48991615e-16
2459,8379,0.573051,0.766425,4.83230814e-16
2460,8380,0.446657,0.228840,5.63454734e-16
2461,8381,0.619475,0.285798,4.06187291e-16
2462,8382,0.548302,0.801132,5.70377375e-16
2463,8383,0.474674,0.171295,2.96041033e-16
2464,8384,0.459683,0.176865,3.47592675e-16
2465,8385,0.630550,0.643491,7.24262668e-16
2466,8386,0.620077,0.659754,7.94365127e-16
2467,8387,0.309484,0.781982,5.82941971e-17
2468,8388,0.702170,0.234733,9.78728677e-16
2469,8389,0.671224,0.235084,1.67968380e-16
2470,8390,0.322152,0.284771,1.53144192e-16
2471,8391,0.608562,0.674896,4.70587471e-16
2472,8392,0.479831,0.842002,1.20677155e-16
2473,8393,0.508508,0.156937,2.96474290e-16
2474,8394,0.669708,0.365978,8.86942069e-16
2475,8395,0.891941,0.506044,1.21216683e-15
2476,8396,0.821508,0.528183,9.24950873e-16
2477,8397,0.825724,0.514629,5.72396278e-16
2478,8398,0.431581,0.807883,6.55487352e-16
2479,8399,0.813192,0.586399,6.43272343e-16
2480,8400,0.804816,0.530464,7.03295797e-16
2481,8401,0.754405,0.793680,6.66291469e-16
2482,8402,0.234423,0.753568,2.61531957e-16
2483,8403,0.232069,0.708797,4.29661459e-16
2484,8404,0.253370,0.717087,4.51108042e-16
2485,8405,0.773854,0.240252,7.66462167e-16
2486,8406,0.251972,0.216187,2.57435706e-16
2487,8407,0.231545,0.253985,4.75788041e-16
2488,8408,0.682058,0.513908,2.75247591e-16
2489,8409,0.579418,0.186653,4.26315812e-16
2490,8410,0.547288,0.198084,6.40074105e-16
2491,8411,0.451625,0.807935,5.46462618e-16
2492,8412,0.655020,0.773315,4.24313849e-16
2493,8413,0.334714,0.230318,3.69118006e-16
2494,8414,0.762334,0.351205,7.29045599e-16
2495,8415,0.770366,0.326054,7.14195576e-16
2496,8416,0.319893,0.241257,2.72958141e-16
2497,8417,0.307255,0.253055,2.05180377e-16
2498,8418,0.326525,0.746418,1.67439832e-16
2499,8419,0.779766,0.440827,3.76403707e-16
2500,8420,0.762192,0.428886,6.27536429e-16
2501,8421,0.418946,0.233313,1.63577759e-16
2502,8422,0.762812,0.382857,6.10284697e-16
2503,8423,0.586640,0.756703,2.73816212e-16
2504,8424,0.628358,0.757570,4.40306784e-16
2505,8425,0.564611,0.732265,8.26355391e-16
2506,8426,0.498299,0.265519,4.82226604e-16
2507,8427,0.520537,0.246541,4.85249241e-16
2508,8428,0.343525,0.752869,2.24300545e-16
2509,8429,0.833566,0.469480,4.46861178e-16
2510,8430,0.332205,0.781183,6.18777751e-17
2511,8431,0.773006,0.680174,6.89075173e-16
2512,8432,0.386032,0.315650,4.35444736e-16
2513,8433,0.403313,0.312007,7.79938409e-16
2514,8434,0.663045,0.461794,6.89088196e-16
2515,8435,0.822060,0.455907,4.16722396e-16
2516,8436,0.807466,0.467344,3.58957290e-16
2517,8437,0.394559,0.246301,5.35662895e-16
2518,8438,0.381476,0.276110,5.21949484e-16
2519,8439,0.382283,0.759411,2.12101881e-16
2520,8440,0.359521,0.781611,1.49609034e-16
2521,8441,0.618928,0.249029,6.82379536e-16
2522,8442,0.622630,0.227978,7.63967602e-16
2523,8443,0.593677,0.686972,3.57500314e-16
2524,8444,0.495921,0.183427,4.22492464e-16
2525,8445,0.471397,0.827382,5.31853788e-16
2526,8446,0.628293,0.305795,5.35524458e-16
2527,8447,0.664236,0.420729,2.49563964e-16
2528,8448,0.742768,0.376164,8.54194240e-16
2529,8449,0.701061,0.432433,3.33938398e-16
2530,8450,0.672352,0.451583,3.38144552e-16
2531,8451,0.809342,0.442236,4.66814521e-16
2532,8452,0.794580,0.454328,3.20906797e-16
2533,8453,0.414268,0.803133,1.85356233e-16
2534,8454,0.583537,0.209182,2.28384911e-16
2535,8455,0.681386,0.496071,5.10809889e-16
2536,8456,0.742187,0.220530,6.16270415e-16
2537,8457,0.684937,0.239044,7.54421118e-16
2538,8458,0.746231,0.760701,6.64703864e-16
2539,8459,0.228486,0.770857,4.54623970e-16
2540,8460,0.756734,0.241698,8.23795022e-16
2541,8461,0.784589,0.229910,2.86584201e-16
2542,8462,0.248992,0.254060,4.09399584e-16
2543,8463,0.214059,0.273578,6.63013504e-16
2544,8464,0.640078,0.327716,6.88279491e-16
2545,8465,0.814025,0.503873,2.78624632e-16
2546,8466,0.804654,0.490856,3.60674332e-16
2547,8467,0.650453,0.400252,1.07772766e-15
2548,8468,0.330208,0.258153,2.09521263e-16
2549,8469,0.330541,0.771056,1.37981601e-16
2550,8470,0.754660,0.663055,9.02822455e-16
2551,8471,0.395579,0.352119,7.10020233e-16
2552,8472,0.702106,0.380005,5.47444011e-16
2553,8473,0.670273,0.397361,8.34202198e-16
2554,8474,0.345925,0.247420,1.82413111e-16
2555,8475,0.395168,0.773895,2.85274556e-16
2556,8476,0.649196,0.252559,7.08064487e-16
2557,8477,0.603081,0.247456,8.53115332e-16
2558,8478,0.742952,0.639554,2.10926067e-16
2559,8479,0.763295,0.610858,4.95743079e-16
2560,8480,0.633567,0.288133,6.16552265e-16
2561,8481,0.663911,0.312274,6.41359901e-16
2562,8482,0.803927,0.570442,7.08186460e-16
2563,8483,0.795516,0.554128,5.51662394e-16
2564,8484,0.489917,0.810186,5.98708033e-16
2565,8485,0.621319,0.690026,5.69087715e-16
2566,8486,0.508418,0.791834,5.54045786e-16
2567,8487,0.441179,0.244284,2.66408644e-16
2568,8488,0.429111,0.239063,3.11119993e-16
2569,8489,0.567661,0.750849,6.88794752e-16
2570,8490,0.271837,0.249377,2.16681947e-16
2571,8491,0.735840,0.287470,1.12850856e-15
2572,8492,0.753693,0.260615,7.68265659e-16
2573,8493,0.285476,0.747453,2.03408874e-16
2574,8494,0.720060,0.748724,2.08182712e-16
2575,8495,0.731137,0.756813,4.80321785e-16
2576,8496,0.610012,0.278410,3.45286681e-16
2577,8497,0.619537,0.747719,2.30318767e-16
2578,8498,0.794267,0.479035,4.25159823e-16
2579,8499,0.748926,0.447229,8.23802486e-16
2580,8500,0.582315,0.731328,1.07186789e-15
2581,8501,0.681835,0.316627,5.92462118e-16
2582,8502,0.631741,0.420076,1.39975953e-15
2583,8503,0.699825,0.474682,3.33232529e-16
2584,8504,0.678107,0.463174,3.93308791e-16
2585,8505,0.411926,0.766313,4.86766965e-16
2586,8506,0.476089,0.765793,5.86144947e-16
2587,8507,0.462412,0.755855,1.65994741e-16
2588,8508,0.532052,0.198035,6.61913685e-16
2589,8509,0.498462,0.202564,5.34205998e-16
2590,8510,0.263191,0.771354,2.17603717e-16
2591,8511,0.764874,0.748503,7.85571019e-16
2592,8512,0.757434,0.223112,6.35407536e-16
2593,8513,0.739077,0.238072,7.02124192e-16
2594,8514,0.264023,0.269468,3.55985766e-16
2595,8515,0.416426,0.262678,4.26036900e-16
2596,8516,0.409423,0.287731,5.00474181e-16
2597,8517,0.687541,0.366371,7.22104164e-16
2598,8518,0.730932,0.408395,2.51287094e-16
2599,8519,0.748636,0.618339,4.46184663e-16
2600,8520,0.652030,0.269544,1.00340783e-15
2601,8521,0.470855,0.808147,6.07825284e-16
2602,8522,0.781971,0.467193,3.60268047e-16
2603,8523,0.579468,0.233132,5.62969649e-16
2604,8524,0.563907,0.242291,4.45189717e-16
2605,8525,0.439363,0.267263,1.36184912e-16
2606,8526,0.747380,0.746893,6.71324644e-16
2607,8527,0.732412,0.745784,4.94299947e-16
2608,8528,0.257866,0.754396,3.47958038e-16
2609,8529,0.461506,0.192449,4.51981281e-16
2610,8530,0.744548,0.357619,7.81559312e-16
2611,8531,0.673676,0.739693,8.76697735e-16
2612,8532,0.598122,0.733721,9.24237565e-16
2613,8533,0.639292,0.703121,1.10066161e-15
2614,8534,0.506962,0.773406,6.03089047e-16
2615,8535,0.552360,0.757427,6.58428674e-16
2616,8536,0.250568,0.235345,2.92584424e-16
2617,8537,0.798615,0.251458,7.80448270e-16
2618,8538,0.262251,0.732005,5.10477217e-16
2619,8539,0.679694,0.532152,6.02533340e-16
2620,8540,0.665448,0.500881,4.37718252e-16
2621,8541,0.797634,0.512536,8.01491744e-16
2622,8542,0.586178,0.251936,8.61171515e-16
2623,8543,0.704732,0.366857,8.47167573e-16
2624,8544,0.834038,0.253409,5.72701634e-16
2625,8545,0.224852,0.335270,6.77289239e-16
2626,8546,0.530000,0.236778,5.62679752e-16
2627,8547,0.592634,0.221074,2.89225356e-16
2628,8548,0.768827,0.585371,7.25002605e-16
2629,8549,0.779207,0.602852,5.21567419e-16
2630,8550,0.752524,0.594653,2.72435548e-16
2631,8551,0.445246,0.177200,4.14519475e-16
2632,8552,0.707754,0.405166,6.03692769e-16
2633,8553,0.694751,0.457627,3.81603960e-16
2634,8554,0.451701,0.740755,2.24312192e-16
2635,8555,0.403490,0.790796,1.82161807e-16
2636,8556,0.746097,0.732555,6.00575106e-16
2637,8557,0.774092,0.704619,5.22478403e-16
2638,8558,0.720950,0.252980,7.58868147e-16
2639,8559,0.436409,0.292625,2.94080363e-16
2640,8560,0.687369,0.421162,5.46921710e-16
2641,8561,0.787708,0.537263,7.57651384e-16
2642,8562,0.771442,0.544984,4.68340293e-16
2643,8563,0.572882,0.217087,5.77809295e-16
2644,8564,0.692907,0.749234,7.66861649e-16
2645,8565,0.726841,0.716967,8.27690526e-16
2646,8566,0.738221,0.394097,7.81011758e-16
2647,8567,0.722523,0.370884,7.28861210e-16
2648,8568,0.632720,0.742978,7.21855507e-16
2649,8569,0.633105,0.724151,1.11734848e-15
2650,8570,0.605616,0.717787,9.73915095e-16
2651,8571,0.822922,0.602116,6.15657533e-16
2652,8572,0.536738,0.764253,6.95576468e-16
2653,8573,0.499888,0.221020,5.31581202e-16
2654,8574,0.484711,0.242195,5.52269611e-16
2655,8575,0.818537,0.480170,4.20843132e-16
2656,8576,0.675791,0.411301,3.45340177e-16
2657,8577,0.532482,0.218363,7.20963740e-16
2658,8578,0.471546,0.786761,6.50203401e-16
2659,8579,0.501753,0.238672,5.21364767e-16
2660,8580,0.660700,0.712152,9.64435525e-16
2661,8581,0.728853,0.732809,4.70249875e-16
2662,8582,0.744699,0.717519,7.27113993e-16
2663,8583,0.451789,0.785404,6.87671322e-16
2664,8584,0.668970,0.262754,8.93050024e-16
2665,8585,0.248432,0.272013,4.29086271e-16
2666,8586,0.599529,0.747800,4.28592345e-16
2667,8587,0.750977,0.514682,4.36193725e-16
2668,8588,0.788986,0.620382,4.03687723e-16
2669,8589,0.713494,0.448874,3.63898113e-16
2670,8590,0.696450,0.549779,4.75279345e-16
2671,8591,0.448251,0.763905,6.38992762e-16
2672,8592,0.723861,0.333501,5.34899136e-16
2673,8593,0.699038,0.321698,4.03470142e-16
2674,8594,0.713910,0.346676,5.62846352e-16
2675,8595,0.680962,0.721520,8.31842841e-16
2676,8596,0.703392,0.494217,6.33827237e-16
2677,8597,0.786877,0.577915,6.30449481e-16
2678,8598,0.796156,0.594583,5.95895566e-16
2679,8599,0.482555,0.224309,5.63056893e-16
2680,8600,0.547016,0.216965,5.10997613e-16
2681,8601,0.668719,0.693465,8.45176304e-16
2682,8602,0.670489,0.293012,5.44035921e-16
2683,8603,0.708271,0.306680,4.88275795e-16
2684,8604,0.521446,0.769781,6.02765586e-16
2685,8605,0.464663,0.292276,4.86947277e-16
2686,8606,0.432873,0.785901,5.10507393e-16
2687,8607,0.696774,0.283681,2.32321788e-16
2688,8608,0.726680,0.268603,6.86731962e-16
2689,8609,0.747391,0.702820,6.73914818e-16
2690,8610,0.547486,0.739572,7.42529463e-16
2691,8611,0.688914,0.299848,4.37580715e-16
2692,8612,0.767415,0.503273,6.57976199e-16
2693,8613,0.717907,0.538541,4.28435088e-16
2694,8614,0.699401,0.533612,3.13687376e-16
2695,8615,0.762833,0.529260,4.85094551e-16
2696,8616,0.737368,0.581677,4.12882504e-16
2697,8617,0.728448,0.610948,6.17362928e-16
2698,8618,0.736959,0.664322,6.56474939e-16
2699,8619,0.722634,0.669253,3.82017577e-16
2700,8620,0.741349,0.467264,6.18725592e-16
2701,8621,0.771308,0.479552,4.66956611e-16
2702,8622,0.755333,0.552178,6.10423875e-16
2703,8623,0.467311,0.245162,5.83645617e-16
2704,8624,0.738584,0.680439,7.63660341e-16
2705,8625,0.755156,0.680366,9.38590644e-16
2706,8626,0.667994,0.652481,5.18677767e-16
2707,8627,0.658785,0.667172,6.55709539e-16
2708,8628,0.480894,0.206291,5.29631279e-16
2709,8629,0.688429,0.703550,7.68916604e-16
2710,8630,0.707708,0.713597,7.44356196e-16
2711,8631,0.721368,0.687462,3.00552859e-16
2712,8632,0.723446,0.519597,3.61136812e-16
2713,8633,0.655122,0.641368,3.75801599e-16
2714,8634,0.714874,0.655042,3.16592249e-16
2715,8635,0.720548,0.468576,7.70121509e-16
2716,8636,0.758996,0.471601,5.98061324e-16
2717,8637,0.685658,0.257480,9.00669932e-16
2718,8638,0.736921,0.341934,2.30742495e-16
2719,8639,0.723398,0.489226,2.91099681e-16
2720,8640,0.710795,0.677363,1.25739328e-16
2721,8641,0.767286,0.456370,5.30483606e-16
2722,8642,0.739312,0.527643,3.18188853e-16
2723,8643,0.701646,0.664079,1.62282420e-16
2724,8644,0.698760,0.688458,2.78043621e-16
2725,8645,0.734683,0.542129,6.38957345e-16
2726,8646,0.734542,0.503396,7.34997805e-16
2727,8647,0.727953,0.596245,6.67907184e-16
2728,8648,0.741132,0.487270,6.78762864e-16
2729,8649,0.749013,0.538026,2.91597207e-16
2730,8650,0.729851,0.647970,4.83446913e-16
2731,8651,0.705002,0.638784,4.50988134e-16
2732,8652,0.452632,0.829549,5.92866841e-16
2733,8653,0.673409,0.607124,6.63511877e-16
2734,8654,0.680162,0.623978,8.36820112e-16
2735,8655,0.666385,0.629590,2.31111007e-16
2736,8656,0.680904,0.567637,7.97690790e-16
2737,8657,0.710224,0.596335,7.34401865e-16
2738,8658,0.685745,0.584318,7.24576071e-16
2739,8659,0.678038,0.639052,5.35132652e-16
2740,8660,0.698333,0.563647,5.68782042e-16
2741,8661,0.320490,0.770613,5.82432891e-17
2742,8662,0.627742,0.612655,9.06465543e-16
2743,8663,0.603760,0.208829,5.66407173e-16
2744,8664,0.658123,0.806372,7.50848492e-16
2745,8665,0.654700,0.823777,8.13156394e-16
2746,8666,0.374495,0.736304,2.09006611e-16
2747,8667,0.573638,0.202168,4.00478819e-16
2748,8668,0.452970,0.959308,2.80137910e-16
2749,8669,0.509152,0.048775,2.50299692e-16
2750,8670,0.681364,0.064727,5.08373134e-16
2751,8671,0.943337,0.087975,3.69111706e-16
2752,8672,0.909821,0.939833,4.35225645e-16
2753,8673,0.490768,0.081790,1.32249901e-16
2754,8674,0.345174,0.435115,1.57322712e-15
2755,8675,0.703198,0.080449,5.08970028e-16
2756,8676,0.814448,0.086234,8.22480162e-16
2757,8677,0.464268,0.591006,3.27743750e-15
2758,8678,0.892433,0.923566,1.25876150e-16
2759,8679,0.930888,0.590883,1.17558707e-15
2760,8680,0.405190,0.918535,3.31624199e-16
2761,8681,0.076588,0.891752,4.81762006e-16
2762,8682,0.447889,0.923907,1.89835409e-16
2763,8683,0.624912,0.916116,5.93132810e-16
2764,8684,0.620759,0.933672,5.92429084e-16
2765,8685,0.424503,0.374684,1.30733172e-15
2766,8686,0.433210,0.391836,1.79669219e-15
2767,8687,0.065160,0.155391,7.44649587e-16
2768,8688,0.590104,0.563267,2.09567301e-15
2769,8689,0.865847,0.199834,8.33622828e-16
2770,8690,0.872957,0.696781,8.00188320e-16
2771,8691,0.888263,0.694103,5.21318445e-16
2772,8692,0.799731,0.865816,5.00938091e-16
2773,8693,0.300498,0.878933,1.71000428e-16
2774,8694,0.492856,0.120903,2.45048617e-16
2775,8695,0.711642,0.144916,4.68996902e-16
2776,8696,0.333084,0.400509,6.86991842e-16
2777,8697,0.644247,0.120120,2.92171363e-16
2778,8698,0.414850,0.597321,5.13444109e-16
2779,8699,0.494826,0.616797,1.27217805e-15
2780,8700,0.092606,0.124674,4.23553717e-16
2781,8701,0.099086,0.395060,1.06061463e-15
2782,8702,0.744654,0.140070,7.54351237e-16
2783,8703,0.882374,0.414624,9.81215248e-16
2784,8704,0.320190,0.388698,4.62181145e-16
2785,8705,0.917229,0.340963,7.37876500e-16
2786,8706,0.659504,0.898162,7.55959488e-16
2787,8707,0.908939,0.306720,7.38790766e-16
2788,8708,0.918787,0.296470,6.71997083e-16
2789,8709,0.906413,0.321589,6.40130274e-16
2790,8710,0.892732,0.321230,8.01592012e-16
2791,8711,0.865826,0.671928,3.51278592e-16
2792,8712,0.532029,0.374503,1.72756742e-15
2793,8713,0.546858,0.353581,1.21715321e-15
2794,8714,0.122329,0.296957,8.52398213e-16
2795,8715,0.656211,0.132408,2.78423674e-16
2796,8716,0.835355,0.654820,3.28263463e-16
2797,8717,0.329585,0.827342,1.58633826e-16
2798,8718,0.593662,0.831527,3.27761093e-16
2799,8719,0.530038,0.810256,7.78899576e-16
2800,8720,0.846296,0.568981,5.40142058e-16
2801,8721,0.317506,0.624820,9.92373531e-16
2802,8722,0.121182,0.167158,6.07099589e-16
2803,8723,0.408941,0.344469,5.78023859e-16
2804,8724,0.081536,0.356077,8.94383995e-16
2805,8725,0.655674,0.866326,3.07107862e-16
2806,8726,0.849535,0.372725,3.80190950e-16
2807,8727,0.541922,0.782734,6.46650628e-16
2808,8728,0.367926,0.795095,1.07085737e-16
2809,8729,0.479603,0.320819,1.44735749e-15
2810,8730,0.169652,0.618172,8.92285259e-16
2811,8731,0.443916,0.194322,5.69262627e-16
2812,8732,0.145978,0.694681,8.77826565e-16
2813,8733,0.838953,0.795787,3.94898407e-16
2814,8734,0.134046,0.137752,3.80609358e-16
2815,8735,0.134640,0.122461,4.29225635e-16
2816,8736,0.504777,0.691486,7.51310601e-16
2817,8737,0.450645,0.279858,2.37221741e-16
2818,8738,0.810885,0.666641,1.00290469e-15
2819,8739,0.660903,0.846978,3.44432634e-16
2820,8740,0.120527,0.137234,4.98627703e-16
2821,8741,0.155295,0.211996,6.61251517e-16
2822,8742,0.369156,0.301567,2.80897142e-16
2823,8743,0.592439,0.196129,3.12454837e-16
2824,8744,0.164093,0.695534,7.92869320e-16
2825,8745,0.536129,0.282120,9.26172083e-16
2826,8746,0.651391,0.289263,8.44970528e-16
2827,8747,0.441640,0.700959,5.12638210e-16
2828,8748,0.452488,0.254582,1.94890224e-16
2829,8749,0.295231,0.794488,8.15523785e-17
2830,8750,0.430026,0.255482,2.17753655e-16
2831,8751,0.691328,0.408320,5.62529562e-16
2832,8752,0.778861,0.561287,6.84437561e-16
2833,8753,0.385405,0.296722,4.73748068e-16
2834,8754,0.429434,0.744498,5.81606544e-16
2835,8755,0.385753,0.726754,3.10076739e-16
2836,8756,0.778330,0.717163,5.21480704e-16
2837,8757,0.396091,0.199654,2.13775737e-16
2838,8758,0.380559,0.216425,1.06580137e-16
2839,8759,0.512495,0.273509,4.27623498e-16
2840,8760,0.779355,0.341635,2.63158922e-16
2841,8761,0.646209,0.786783,6.02680194e-16
2842,8762,0.610905,0.737406,5.16135715e-16
2843,8763,0.246369,0.740662,4.35681826e-16
2844,8764,0.634524,0.270353,9.49269930e-16
2845,8765,0.703016,0.391691,4.02479907e-16
2846,8766,0.662100,0.247410,5.51349098e-16
2847,8767,0.521244,0.259737,6.02480718e-16
2848,8768,0.760632,0.706210,5.18347688e-16
2849,8769,0.634342,0.251812,8.10439377e-16
2850,8770,0.307909,0.769080,1.45539557e-16
2851,8771,0.298264,0.776897,2.03437700e-16
2852,8772,0.296065,0.243689,2.70471887e-16
2853,8773,0.362315,0.235008,2.36471799e-16
2854,8774,0.334902,0.731974,3.39887137e-16
2855,8775,0.734061,0.695273,5.47307057e-16
2856,8776,0.339436,0.763894,1.13418175e-16
2857,8777,0.712114,0.328129,1.69346093e-16
2858,8778,0.723396,0.318209,7.26406879e-16
2859,8779,0.325589,0.719386,2.02970588e-16
2860,8780,0.322381,0.760048,1.46630959e-16
2861,8781,0.092067,0.306810,6.43044702e-16
2862,8782,0.307270,0.642210,1.12630627e-15
2863,8783,0.617313,0.723445,1.30775841e-15
2864,8784,0.716003,0.737437,1.03720053e-15
2865,8785,0.755733,0.822547,2.41956126e-16
2866,8786,0.880962,0.557024,7.99649077e-16
2867,8787,0.710587,0.092107,2.55949984e-16
2868,8788,0.373321,0.315794,2.19746697e-16
2869,8789,0.783579,0.322842,3.19579655e-16
2870,8790,0.348772,0.398767,6.40620812e-16
2871,8791,0.594103,0.595848,1.44928873e-15
2872,8792,0.494255,0.598626,9.09025912e-16
2873,8793,0.726063,0.704506,2.99678007e-16
2874,8794,0.272755,0.724137,5.28123507e-16
2875,8795,0.474070,0.879699,1.24221352e-16
2876,8796,0.905249,0.909524,1.03542133e-15
2877,8797,0.794447,0.952059,1.18065508e-15
2878,8798,0.952668,0.706091,8.22264592e-16
2879,8799,0.952095,0.205397,8.98047836e-16
2880,8800,0.293708,0.952829,7.00399103e-17
2881,8801,0.090856,0.904816,6.45384049e-16
2882,8802,0.938592,0.112052,1.32004124e-15
2883,8803,0.064720,0.829613,7.82062873e-16
2884,8804,0.167969,0.921767,9.40222877e-16
2885,8805,0.162160,0.590047,8.73202560e-16
2886,8806,0.849180,0.100295,6.66182731e-16
2887,8807,0.829860,0.099527,8.55177169e-16
2888,8808,0.057335,0.897224,7.66871973e-16
2889,8809,0.897541,0.942666,1.33874097e-15
2890,8810,0.909476,0.072956,1.35277430e-15
2891,8811,0.068508,0.567440,5.83090175e-16
2892,8812,0.095139,0.543164,7.97405605e-16
2893,8813,0.076640,0.367781,6.78633745e-16
2894,8814,0.324952,0.397116,7.01344816e-16
2895,8815,0.169713,0.606374,6.84798292e-16
2896,8816,0.158133,0.886455,1.99400039e-16
2897,8817,0.886789,0.844953,7.32130387e-16
2898,8818,0.506229,0.619882,9.19001419e-16
2899,8819,0.333599,0.637640,1.13026753e-15
2900,8820,0.706685,0.920135,4.85124092e-16
2901,8821,0.919182,0.795169,1.25137344e-15
2902,8822,0.802344,0.104676,1.15635487e-15
2903,8823,0.665215,0.858606,3.39738007e-16
2904,8824,0.233451,0.651160,9.39038619e-16
2905,8825,0.852718,0.240403,6.05911096e-16
2906,8826,0.838573,0.381783,1.01973418e-15
2907,8827,0.488234,0.343079,3.27573528e-16
2908,8828,0.156285,0.282567,4.80047188e-16
2909,8829,0.758885,0.853878,2.27346237e-16
2910,8830,0.818050,0.241788,1.84637023e-16
2911,8831,0.204295,0.728981,5.86760210e-16
2912,8832,0.498998,0.677743,6.28592520e-16
2913,8833,0.668995,0.825208,4.51000787e-16
2914,8834,0.357832,0.684120,5.12248310e-16
2915,8835,0.446465,0.868649,4.50309449e-16
2916,8836,0.745760,0.207700,3.68380373e-16
2917,8837,0.588148,0.140517,3.23839992e-16
2918,8838,0.213833,0.789645,3.20883768e-16
2919,8839,0.589890,0.315862,8.10146304e-16
2920,8840,0.891089,0.493252,9.72962500e-16
2921,8841,0.868322,0.545782,1.06519285e-15
2922,8842,0.328339,0.216858,3.35298310e-16
2923,8843,0.777916,0.279900,1.06752981e-15
2924,8844,0.246067,0.760428,3.69836449e-16
2925,8845,0.398632,0.296833,2.28838550e-16
2926,8846,0.553518,0.249745,4.66677037e-16
2927,8847,0.269267,0.745358,5.77182915e-16
2928,8848,0.375337,0.356293,3.24090185e-16
2929,8849,0.261402,0.256102,4.56878454e-16
2930,8850,0.370704,0.223598,1.62887387e-16
2931,8851,0.616017,0.262374,2.05193176e-16
2932,8852,0.155472,0.225253,5.80478032e-16
2933,8853,0.424042,0.247170,1.94653293e-16
2934,8854,0.793226,0.499342,7.25767475e-16
2935,8855,0.471081,0.256803,2.70480199e-16
2936,8856,0.727472,0.679184,2.62810315e-16
2937,8857,0.706288,0.338264,3.82665266e-16
2938,8858,0.746516,0.570711,8.01499791e-16
2939,8859,0.579657,0.746413,7.48807513e-16
2940,8860,0.331283,0.763370,1.61690940e-16
2941,8861,0.467725,0.947890,4.46017480e-16
2942,8862,0.558059,0.076833,1.89301832e-16
2943,8863,0.467036,0.576309,2.28062816e-15
2944,8864,0.292361,0.394594,8.47722432e-16
2945,8865,0.108340,0.812688,5.86172052e-16
2946,8866,0.832210,0.880716,9.04757396e-16
2947,8867,0.881062,0.167662,1.41190567e-15
2948,8868,0.120854,0.828617,5.83037818e-16
2949,8869,0.428486,0.899352,2.87998217e-16
2950,8870,0.124966,0.343798,1.13710552e-15
2951,8871,0.668890,0.512454,8.78024718e-16
2952,8872,0.132328,0.149381,3.67347363e-16
2953,8873,0.459915,0.709284,2.22786791e-16
2954,8874,0.152345,0.288959,7.55799346e-16
2955,8875,0.443342,0.749346,2.44115822e-16
2956,8876,0.704626,0.355169,6.14760578e-16
2957,8877,0.776181,0.388714,7.12027913e-16
2958,8878,0.400210,0.209188,3.50114240e-16
2959,8879,0.337370,0.770620,8.52145188e-17
2960,8880,0.309061,0.759307,2.68752993e-16
