node,x,y
1,-0.5,-0.5
2,-0.16666666666666669,-0.5
3,0.16666666666666663,-0.5
4,0.5,-0.5
5,-0.5,-0.16666666666666669
6,-0.16666666666666669,-0.16666666666666669
7,0.16666666666666663,-0.16666666666666669
8,0.5,-0.16666666666666669
9,-0.5,0.16666666666666663
10,-0.16666666666666669,0.16666666666666663
11,0.16666666666666663,0.16666666666666663
12,0.5,0.16666666666666663
13,-0.5,0.5
14,-0.16666666666666669,0.5
15,0.16666666666666663,0.5
16,0.5,0.5
