node,x,y
1,-0.459,-0.533
2,-0.209,-0.533
3,0.041,-0.533
4,0.291,-0.533
5,0.541,-0.533
6,-0.459,-0.033
7,-0.209,-0.033
8,0.041,-0.033
9,0.291,-0.033
10,0.541,-0.033
11,-0.459,0.46699999999999997
12,-0.209,0.46699999999999997
13,0.041,0.46699999999999997
14,0.291,0.46699999999999997
15,0.541,0.46699999999999997
