case_id,job_id,checkpoint_label,u_target_mm,x_mm,y_mm,damage_d
standard_1398090,1398090.mmaster02,Elastic Checkpoint,0.001000,0.500000,0.500000,0.01820000
standard_1398090,1398090.mmaster02,Elastic Checkpoint,0.001000,0.503333,0.500000,0.01457342
standard_1398090,1398090.mmaster02,Elastic Checkpoint,0.001000,0.506667,0.500000,0.01166948
standard_1398090,1398090.mmaster02,Elastic Checkpoint,0.001000,0.510000,0.500000,0.00934419
standard_1398090,1398090.mmaster02,Elastic Checkpoint,0.001000,0.513333,0.500000,0.00748224
standard_1398090,1398090.mmaster02,Elastic Checkpoint,0.001000,0.516667,0.500000,0.00599131
standard_1398090,1398090.mmaster02,Elastic Checkpoint,0.001000,0.520000,0.500000,0.00479747
standard_1398090,1398090.mmaster02,Elastic Checkpoint,0.001000,0.523333,0.500000,0.00384151
standard_1398090,1398090.mmaster02,Elastic Checkpoint,0.001000,0.526667,0.500000,0.00307604
standard_1398090,1398090.mmaster02,Elastic Checkpoint,0.001000,0.530000,0.500000,0.00246310
standard_1398090,1398090.mmaster02,Elastic Checkpoint,0.001000,0.533333,0.500000,0.00197230
standard_1398090,1398090.mmaster02,Elastic Checkpoint,0.001000,0.536667,0.500000,0.00157929
standard_1398090,1398090.mmaster02,Elastic Checkpoint,0.001000,0.540000,0.500000,0.00126460
standard_1398090,1398090.mmaster02,Elastic Checkpoint,0.001000,0.543333,0.500000,0.00101261
standard_1398090,1398090.mmaster02,Elastic Checkpoint,0.001000,0.546667,0.500000,0.00081084
standard_1398090,1398090.mmaster02,Elastic Checkpoint,0.001000,0.550000,0.500000,0.00064927
standard_1398090,1398090.mmaster02,Elastic Checkpoint,0.001000,0.553333,0.500000,0.00051989
standard_1398090,1398090.mmaster02,Elastic Checkpoint,0.001000,0.556667,0.500000,0.00041630
standard_1398090,1398090.mmaster02,Elastic Checkpoint,0.001000,0.560000,0.500000,0.00033334
standard_1398090,1398090.mmaster02,Elastic Checkpoint,0.001000,0.563333,0.500000,0.00026692
standard_1398090,1398090.mmaster02,Elastic Checkpoint,0.001000,0.566667,0.500000,0.00021373
standard_1398090,1398090.mmaster02,Elastic Checkpoint,0.001000,0.570000,0.500000,0.00017114
standard_1398090,1398090.mmaster02,Elastic Checkpoint,0.001000,0.573333,0.500000,0.00013704
standard_1398090,1398090.mmaster02,Elastic Checkpoint,0.001000,0.576667,0.500000,0.00010973
standard_1398090,1398090.mmaster02,Elastic Checkpoint,0.001000,0.580000,0.500000,0.00008787
standard_1398090,1398090.mmaster02,Elastic Checkpoint,0.001000,0.583333,0.500000,0.00007036
standard_1398090,1398090.mmaster02,Elastic Checkpoint,0.001000,0.586667,0.500000,0.00005634
standard_1398090,1398090.mmaster02,Elastic Checkpoint,0.001000,0.590000,0.500000,0.00004511
standard_1398090,1398090.mmaster02,Elastic Checkpoint,0.001000,0.593333,0.500000,0.00003612
standard_1398090,1398090.mmaster02,Elastic Checkpoint,0.001000,0.596667,0.500000,0.00002893
standard_1398090,1398090.mmaster02,Elastic Checkpoint,0.001000,0.600000,0.500000,0.00002316
standard_1398090,1398090.mmaster02,Elastic Checkpoint,0.001000,0.603333,0.500000,0.00001855
standard_1398090,1398090.mmaster02,Elastic Checkpoint,0.001000,0.606667,0.500000,0.00001485
standard_1398090,1398090.mmaster02,Elastic Checkpoint,0.001000,0.610000,0.500000,0.00001189
standard_1398090,1398090.mmaster02,Elastic Checkpoint,0.001000,0.613333,0.500000,0.00000952
standard_1398090,1398090.mmaster02,Elastic Checkpoint,0.001000,0.616667,0.500000,0.00000762
standard_1398090,1398090.mmaster02,Elastic Checkpoint,0.001000,0.620000,0.500000,0.00000611
standard_1398090,1398090.mmaster02,Elastic Checkpoint,0.001000,0.623333,0.500000,0.00000489
standard_1398090,1398090.mmaster02,Elastic Checkpoint,0.001000,0.626667,0.500000,0.00000391
standard_1398090,1398090.mmaster02,Elastic Checkpoint,0.001000,0.630000,0.500000,0.00000313
standard_1398090,1398090.mmaster02,Elastic Checkpoint,0.001000,0.633333,0.500000,0.00000251
standard_1398090,1398090.mmaster02,Elastic Checkpoint,0.001000,0.636667,0.500000,0.00000201
standard_1398090,1398090.mmaster02,Elastic Checkpoint,0.001000,0.640000,0.500000,0.00000161
standard_1398090,1398090.mmaster02,Elastic Checkpoint,0.001000,0.643333,0.500000,0.00000129
standard_1398090,1398090.mmaster02,Elastic Checkpoint,0.001000,0.646667,0.500000,0.00000103
standard_1398090,1398090.mmaster02,Elastic Checkpoint,0.001000,0.650000,0.500000,0.00000083
standard_1398090,1398090.mmaster02,Elastic Checkpoint,0.001000,0.653333,0.500000,0.00000066
standard_1398090,1398090.mmaster02,Elastic Checkpoint,0.001000,0.656667,0.500000,0.00000053
standard_1398090,1398090.mmaster02,Elastic Checkpoint,0.001000,0.660000,0.500000,0.00000042
standard_1398090,1398090.mmaster02,Elastic Checkpoint,0.001000,0.663333,0.500000,0.00000034
standard_1398090,1398090.mmaster02,Elastic Checkpoint,0.001000,0.666667,0.500000,0.00000027
standard_1398090,1398090.mmaster02,Elastic Checkpoint,0.001000,0.670000,0.500000,0.00000022
standard_1398090,1398090.mmaster02,Elastic Checkpoint,0.001000,0.673333,0.500000,0.00000017
standard_1398090,1398090.mmaster02,Elastic Checkpoint,0.001000,0.676667,0.500000,0.00000014
standard_1398090,1398090.mmaster02,Elastic Checkpoint,0.001000,0.680000,0.500000,0.00000011
standard_1398090,1398090.mmaster02,Elastic Checkpoint,0.001000,0.683333,0.500000,0.00000009
standard_1398090,1398090.mmaster02,Elastic Checkpoint,0.001000,0.686667,0.500000,0.00000007
standard_1398090,1398090.mmaster02,Elastic Checkpoint,0.001000,0.690000,0.500000,0.00000006
standard_1398090,1398090.mmaster02,Elastic Checkpoint,0.001000,0.693333,0.500000,0.00000005
standard_1398090,1398090.mmaster02,Elastic Checkpoint,0.001000,0.696667,0.500000,0.00000004
standard_1398090,1398090.mmaster02,Elastic Checkpoint,0.001000,0.700000,0.500000,0.00000003
standard_1398090,1398090.mmaster02,Elastic Checkpoint,0.001000,0.703333,0.500000,0.00000002
standard_1398090,1398090.mmaster02,Elastic Checkpoint,0.001000,0.706667,0.500000,0.00000002
standard_1398090,1398090.mmaster02,Elastic Checkpoint,0.001000,0.710000,0.500000,0.00000002
standard_1398090,1398090.mmaster02,Elastic Checkpoint,0.001000,0.713333,0.500000,0.00000001
standard_1398090,1398090.mmaster02,Elastic Checkpoint,0.001000,0.716667,0.500000,0.00000001
standard_1398090,1398090.mmaster02,Elastic Checkpoint,0.001000,0.720000,0.500000,0.00000001
standard_1398090,1398090.mmaster02,Elastic Checkpoint,0.001000,0.723333,0.500000,0.00000001
standard_1398090,1398090.mmaster02,Elastic Checkpoint,0.001000,0.726667,0.500000,0.00000000
standard_1398090,1398090.mmaster02,Elastic Checkpoint,0.001000,0.730000,0.500000,0.00000000
standard_1398090,1398090.mmaster02,Elastic Checkpoint,0.001000,0.733333,0.500000,0.00000000
standard_1398090,1398090.mmaster02,Elastic Checkpoint,0.001000,0.736667,0.500000,0.00000000
standard_1398090,1398090.mmaster02,Elastic Checkpoint,0.001000,0.740000,0.500000,0.00000000
standard_1398090,1398090.mmaster02,Elastic Checkpoint,0.001000,0.743333,0.500000,0.00000000
standard_1398090,1398090.mmaster02,Elastic Checkpoint,0.001000,0.746667,0.500000,0.00000000
standard_1398090,1398090.mmaster02,Elastic Checkpoint,0.001000,0.750000,0.500000,0.00000000
standard_1398090,1398090.mmaster02,Elastic Checkpoint,0.001000,0.753333,0.500000,0.00000000
standard_1398090,1398090.mmaster02,Elastic Checkpoint,0.001000,0.756667,0.500000,0.00000000
standard_1398090,1398090.mmaster02,Elastic Checkpoint,0.001000,0.760000,0.500000,0.00000000
standard_1398090,1398090.mmaster02,Elastic Checkpoint,0.001000,0.763333,0.500000,0.00000000
standard_1398090,1398090.mmaster02,Elastic Checkpoint,0.001000,0.766667,0.500000,0.00000000
standard_1398090,1398090.mmaster02,Elastic Checkpoint,0.001000,0.770000,0.500000,0.00000000
standard_1398090,1398090.mmaster02,Elastic Checkpoint,0.001000,0.773333,0.500000,0.00000000
standard_1398090,1398090.mmaster02,Elastic Checkpoint,0.001000,0.776667,0.500000,0.00000000
standard_1398090,1398090.mmaster02,Elastic Checkpoint,0.001000,0.780000,0.500000,0.00000000
standard_1398090,1398090.mmaster02,Elastic Checkpoint,0.001000,0.783333,0.500000,0.00000000
standard_1398090,1398090.mmaster02,Elastic Checkpoint,0.001000,0.786667,0.500000,0.00000000
standard_1398090,1398090.mmaster02,Elastic Checkpoint,0.001000,0.790000,0.500000,0.00000000
standard_1398090,1398090.mmaster02,Elastic Checkpoint,0.001000,0.793333,0.500000,0.00000000
standard_1398090,1398090.mmaster02,Elastic Checkpoint,0.001000,0.796667,0.500000,0.00000000
standard_1398090,1398090.mmaster02,Elastic Checkpoint,0.001000,0.800000,0.500000,0.00000000
standard_1398090,1398090.mmaster02,Elastic Checkpoint,0.001000,0.803333,0.500000,0.00000000
standard_1398090,1398090.mmaster02,Elastic Checkpoint,0.001000,0.806667,0.500000,0.00000000
standard_1398090,1398090.mmaster02,Elastic Checkpoint,0.001000,0.810000,0.500000,0.00000000
standard_1398090,1398090.mmaster02,Elastic Checkpoint,0.001000,0.813333,0.500000,0.00000000
standard_1398090,1398090.mmaster02,Elastic Checkpoint,0.001000,0.816667,0.500000,0.00000000
standard_1398090,1398090.mmaster02,Elastic Checkpoint,0.001000,0.820000,0.500000,0.00000000
standard_1398090,1398090.mmaster02,Elastic Checkpoint,0.001000,0.823333,0.500000,0.00000000
standard_1398090,1398090.mmaster02,Elastic Checkpoint,0.001000,0.826667,0.500000,0.00000000
standard_1398090,1398090.mmaster02,Elastic Checkpoint,0.001000,0.830000,0.500000,0.00000000
standard_1398090,1398090.mmaster02,Elastic Checkpoint,0.001000,0.833333,0.500000,0.00000000
standard_1398090,1398090.mmaster02,Elastic Checkpoint,0.001000,0.836667,0.500000,0.00000000
standard_1398090,1398090.mmaster02,Elastic Checkpoint,0.001000,0.840000,0.500000,0.00000000
standard_1398090,1398090.mmaster02,Elastic Checkpoint,0.001000,0.843333,0.500000,0.00000000
standard_1398090,1398090.mmaster02,Elastic Checkpoint,0.001000,0.846667,0.500000,0.00000000
standard_1398090,1398090.mmaster02,Elastic Checkpoint,0.001000,0.850000,0.500000,0.00000000
standard_1398090,1398090.mmaster02,Elastic Checkpoint,0.001000,0.853333,0.500000,0.00000000
standard_1398090,1398090.mmaster02,Elastic Checkpoint,0.001000,0.856667,0.500000,0.00000000
standard_1398090,1398090.mmaster02,Elastic Checkpoint,0.001000,0.860000,0.500000,0.00000000
standard_1398090,1398090.mmaster02,Elastic Checkpoint,0.001000,0.863333,0.500000,0.00000000
standard_1398090,1398090.mmaster02,Elastic Checkpoint,0.001000,0.866667,0.500000,0.00000000
standard_1398090,1398090.mmaster02,Elastic Checkpoint,0.001000,0.870000,0.500000,0.00000000
standard_1398090,1398090.mmaster02,Elastic Checkpoint,0.001000,0.873333,0.500000,0.00000000
standard_1398090,1398090.mmaster02,Elastic Checkpoint,0.001000,0.876667,0.500000,0.00000000
standard_1398090,1398090.mmaster02,Elastic Checkpoint,0.001000,0.880000,0.500000,0.00000000
standard_1398090,1398090.mmaster02,Elastic Checkpoint,0.001000,0.883333,0.500000,0.00000000
standard_1398090,1398090.mmaster02,Elastic Checkpoint,0.001000,0.886667,0.500000,0.00000000
standard_1398090,1398090.mmaster02,Elastic Checkpoint,0.001000,0.890000,0.500000,0.00000000
standard_1398090,1398090.mmaster02,Elastic Checkpoint,0.001000,0.893333,0.500000,0.00000000
standard_1398090,1398090.mmaster02,Elastic Checkpoint,0.001000,0.896667,0.500000,0.00000000
standard_1398090,1398090.mmaster02,Elastic Checkpoint,0.001000,0.900000,0.500000,0.00000000
standard_1398090,1398090.mmaster02,Elastic Checkpoint,0.001000,0.903333,0.500000,0.00000000
standard_1398090,1398090.mmaster02,Elastic Checkpoint,0.001000,0.906667,0.500000,0.00000000
standard_1398090,1398090.mmaster02,Elastic Checkpoint,0.001000,0.910000,0.500000,0.00000000
standard_1398090,1398090.mmaster02,Elastic Checkpoint,0.001000,0.913333,0.500000,0.00000000
standard_1398090,1398090.mmaster02,Elastic Checkpoint,0.001000,0.916667,0.500000,0.00000000
standard_1398090,1398090.mmaster02,Elastic Checkpoint,0.001000,0.920000,0.500000,0.00000000
standard_1398090,1398090.mmaster02,Elastic Checkpoint,0.001000,0.923333,0.500000,0.00000000
standard_1398090,1398090.mmaster02,Elastic Checkpoint,0.001000,0.926667,0.500000,0.00000000
standard_1398090,1398090.mmaster02,Elastic Checkpoint,0.001000,0.930000,0.500000,0.00000000
standard_1398090,1398090.mmaster02,Elastic Checkpoint,0.001000,0.933333,0.500000,0.00000000
standard_1398090,1398090.mmaster02,Elastic Checkpoint,0.001000,0.936667,0.500000,0.00000000
standard_1398090,1398090.mmaster02,Elastic Checkpoint,0.001000,0.940000,0.500000,0.00000000
standard_1398090,1398090.mmaster02,Elastic Checkpoint,0.001000,0.943333,0.500000,0.00000000
standard_1398090,1398090.mmaster02,Elastic Checkpoint,0.001000,0.946667,0.500000,0.00000000
standard_1398090,1398090.mmaster02,Elastic Checkpoint,0.001000,0.950000,0.500000,0.00000000
standard_1398090,1398090.mmaster02,Elastic Checkpoint,0.001000,0.953333,0.500000,0.00000000
standard_1398090,1398090.mmaster02,Elastic Checkpoint,0.001000,0.956667,0.500000,0.00000000
standard_1398090,1398090.mmaster02,Elastic Checkpoint,0.001000,0.960000,0.500000,0.00000000
standard_1398090,1398090.mmaster02,Elastic Checkpoint,0.001000,0.963333,0.500000,0.00000000
standard_1398090,1398090.mmaster02,Elastic Checkpoint,0.001000,0.966667,0.500000,0.00000000
standard_1398090,1398090.mmaster02,Elastic Checkpoint,0.001000,0.970000,0.500000,0.00000000
standard_1398090,1398090.mmaster02,Elastic Checkpoint,0.001000,0.973333,0.500000,0.00000000
standard_1398090,1398090.mmaster02,Elastic Checkpoint,0.001000,0.976667,0.500000,0.00000000
standard_1398090,1398090.mmaster02,Elastic Checkpoint,0.001000,0.980000,0.500000,0.00000000
standard_1398090,1398090.mmaster02,Elastic Checkpoint,0.001000,0.983333,0.500000,0.00000000
standard_1398090,1398090.mmaster02,Elastic Checkpoint,0.001000,0.986667,0.500000,0.00000000
standard_1398090,1398090.mmaster02,Elastic Checkpoint,0.001000,0.990000,0.500000,0.00000000
standard_1398090,1398090.mmaster02,Elastic Checkpoint,0.001000,0.993333,0.500000,0.00000000
standard_1398090,1398090.mmaster02,Elastic Checkpoint,0.001000,0.996667,0.500000,0.00000000
standard_1398090,1398090.mmaster02,Elastic Checkpoint,0.001000,1.000000,0.500000,0.00000000
standard_1398090,1398090.mmaster02,Pre-Peak Checkpoint,0.004000,0.500000,0.500000,0.84210000
standard_1398090,1398090.mmaster02,Pre-Peak Checkpoint,0.004000,0.503333,0.500000,0.84210000
standard_1398090,1398090.mmaster02,Pre-Peak Checkpoint,0.004000,0.506667,0.500000,0.75354419
standard_1398090,1398090.mmaster02,Pre-Peak Checkpoint,0.004000,0.510000,0.500000,0.60339102
standard_1398090,1398090.mmaster02,Pre-Peak Checkpoint,0.004000,0.513333,0.500000,0.48315776
standard_1398090,1398090.mmaster02,Pre-Peak Checkpoint,0.004000,0.516667,0.500000,0.38688249
standard_1398090,1398090.mmaster02,Pre-Peak Checkpoint,0.004000,0.520000,0.500000,0.30979128
standard_1398090,1398090.mmaster02,Pre-Peak Checkpoint,0.004000,0.523333,0.500000,0.24806146
standard_1398090,1398090.mmaster02,Pre-Peak Checkpoint,0.004000,0.526667,0.500000,0.19863209
standard_1398090,1398090.mmaster02,Pre-Peak Checkpoint,0.004000,0.530000,0.500000,0.15905215
standard_1398090,1398090.mmaster02,Pre-Peak Checkpoint,0.004000,0.533333,0.500000,0.12735900
standard_1398090,1398090.mmaster02,Pre-Peak Checkpoint,0.004000,0.536667,0.500000,0.10198112
standard_1398090,1398090.mmaster02,Pre-Peak Checkpoint,0.004000,0.540000,0.500000,0.08166009
standard_1398090,1398090.mmaster02,Pre-Peak Checkpoint,0.004000,0.543333,0.500000,0.06538829
standard_1398090,1398090.mmaster02,Pre-Peak Checkpoint,0.004000,0.546667,0.500000,0.05235885
standard_1398090,1398090.mmaster02,Pre-Peak Checkpoint,0.004000,0.550000,0.500000,0.04192569
standard_1398090,1398090.mmaster02,Pre-Peak Checkpoint,0.004000,0.553333,0.500000,0.03357147
standard_1398090,1398090.mmaster02,Pre-Peak Checkpoint,0.004000,0.556667,0.500000,0.02688193
standard_1398090,1398090.mmaster02,Pre-Peak Checkpoint,0.004000,0.560000,0.500000,0.02152537
standard_1398090,1398090.mmaster02,Pre-Peak Checkpoint,0.004000,0.563333,0.500000,0.01723617
standard_1398090,1398090.mmaster02,Pre-Peak Checkpoint,0.004000,0.566667,0.500000,0.01380164
standard_1398090,1398090.mmaster02,Pre-Peak Checkpoint,0.004000,0.570000,0.500000,0.01105149
standard_1398090,1398090.mmaster02,Pre-Peak Checkpoint,0.004000,0.573333,0.500000,0.00884934
standard_1398090,1398090.mmaster02,Pre-Peak Checkpoint,0.004000,0.576667,0.500000,0.00708600
standard_1398090,1398090.mmaster02,Pre-Peak Checkpoint,0.004000,0.580000,0.500000,0.00567403
standard_1398090,1398090.mmaster02,Pre-Peak Checkpoint,0.004000,0.583333,0.500000,0.00454340
standard_1398090,1398090.mmaster02,Pre-Peak Checkpoint,0.004000,0.586667,0.500000,0.00363807
standard_1398090,1398090.mmaster02,Pre-Peak Checkpoint,0.004000,0.590000,0.500000,0.00291314
standard_1398090,1398090.mmaster02,Pre-Peak Checkpoint,0.004000,0.593333,0.500000,0.00233266
standard_1398090,1398090.mmaster02,Pre-Peak Checkpoint,0.004000,0.596667,0.500000,0.00186785
standard_1398090,1398090.mmaster02,Pre-Peak Checkpoint,0.004000,0.600000,0.500000,0.00149566
standard_1398090,1398090.mmaster02,Pre-Peak Checkpoint,0.004000,0.603333,0.500000,0.00119763
standard_1398090,1398090.mmaster02,Pre-Peak Checkpoint,0.004000,0.606667,0.500000,0.00095899
standard_1398090,1398090.mmaster02,Pre-Peak Checkpoint,0.004000,0.610000,0.500000,0.00076790
standard_1398090,1398090.mmaster02,Pre-Peak Checkpoint,0.004000,0.613333,0.500000,0.00061488
standard_1398090,1398090.mmaster02,Pre-Peak Checkpoint,0.004000,0.616667,0.500000,0.00049236
standard_1398090,1398090.mmaster02,Pre-Peak Checkpoint,0.004000,0.620000,0.500000,0.00039425
standard_1398090,1398090.mmaster02,Pre-Peak Checkpoint,0.004000,0.623333,0.500000,0.00031569
standard_1398090,1398090.mmaster02,Pre-Peak Checkpoint,0.004000,0.626667,0.500000,0.00025279
standard_1398090,1398090.mmaster02,Pre-Peak Checkpoint,0.004000,0.630000,0.500000,0.00020242
standard_1398090,1398090.mmaster02,Pre-Peak Checkpoint,0.004000,0.633333,0.500000,0.00016208
standard_1398090,1398090.mmaster02,Pre-Peak Checkpoint,0.004000,0.636667,0.500000,0.00012978
standard_1398090,1398090.mmaster02,Pre-Peak Checkpoint,0.004000,0.640000,0.500000,0.00010392
standard_1398090,1398090.mmaster02,Pre-Peak Checkpoint,0.004000,0.643333,0.500000,0.00008322
standard_1398090,1398090.mmaster02,Pre-Peak Checkpoint,0.004000,0.646667,0.500000,0.00006663
standard_1398090,1398090.mmaster02,Pre-Peak Checkpoint,0.004000,0.650000,0.500000,0.00005336
standard_1398090,1398090.mmaster02,Pre-Peak Checkpoint,0.004000,0.653333,0.500000,0.00004272
standard_1398090,1398090.mmaster02,Pre-Peak Checkpoint,0.004000,0.656667,0.500000,0.00003421
standard_1398090,1398090.mmaster02,Pre-Peak Checkpoint,0.004000,0.660000,0.500000,0.00002739
standard_1398090,1398090.mmaster02,Pre-Peak Checkpoint,0.004000,0.663333,0.500000,0.00002194
standard_1398090,1398090.mmaster02,Pre-Peak Checkpoint,0.004000,0.666667,0.500000,0.00001756
standard_1398090,1398090.mmaster02,Pre-Peak Checkpoint,0.004000,0.670000,0.500000,0.00001406
standard_1398090,1398090.mmaster02,Pre-Peak Checkpoint,0.004000,0.673333,0.500000,0.00001126
standard_1398090,1398090.mmaster02,Pre-Peak Checkpoint,0.004000,0.676667,0.500000,0.00000902
standard_1398090,1398090.mmaster02,Pre-Peak Checkpoint,0.004000,0.680000,0.500000,0.00000722
standard_1398090,1398090.mmaster02,Pre-Peak Checkpoint,0.004000,0.683333,0.500000,0.00000578
standard_1398090,1398090.mmaster02,Pre-Peak Checkpoint,0.004000,0.686667,0.500000,0.00000463
standard_1398090,1398090.mmaster02,Pre-Peak Checkpoint,0.004000,0.690000,0.500000,0.00000371
standard_1398090,1398090.mmaster02,Pre-Peak Checkpoint,0.004000,0.693333,0.500000,0.00000297
standard_1398090,1398090.mmaster02,Pre-Peak Checkpoint,0.004000,0.696667,0.500000,0.00000238
standard_1398090,1398090.mmaster02,Pre-Peak Checkpoint,0.004000,0.700000,0.500000,0.00000190
standard_1398090,1398090.mmaster02,Pre-Peak Checkpoint,0.004000,0.703333,0.500000,0.00000152
standard_1398090,1398090.mmaster02,Pre-Peak Checkpoint,0.004000,0.706667,0.500000,0.00000122
standard_1398090,1398090.mmaster02,Pre-Peak Checkpoint,0.004000,0.710000,0.500000,0.00000098
standard_1398090,1398090.mmaster02,Pre-Peak Checkpoint,0.004000,0.713333,0.500000,0.00000078
standard_1398090,1398090.mmaster02,Pre-Peak Checkpoint,0.004000,0.716667,0.500000,0.00000063
standard_1398090,1398090.mmaster02,Pre-Peak Checkpoint,0.004000,0.720000,0.500000,0.00000050
standard_1398090,1398090.mmaster02,Pre-Peak Checkpoint,0.004000,0.723333,0.500000,0.00000040
standard_1398090,1398090.mmaster02,Pre-Peak Checkpoint,0.004000,0.726667,0.500000,0.00000032
standard_1398090,1398090.mmaster02,Pre-Peak Checkpoint,0.004000,0.730000,0.500000,0.00000026
standard_1398090,1398090.mmaster02,Pre-Peak Checkpoint,0.004000,0.733333,0.500000,0.00000021
standard_1398090,1398090.mmaster02,Pre-Peak Checkpoint,0.004000,0.736667,0.500000,0.00000017
standard_1398090,1398090.mmaster02,Pre-Peak Checkpoint,0.004000,0.740000,0.500000,0.00000013
standard_1398090,1398090.mmaster02,Pre-Peak Checkpoint,0.004000,0.743333,0.500000,0.00000011
standard_1398090,1398090.mmaster02,Pre-Peak Checkpoint,0.004000,0.746667,0.500000,0.00000008
standard_1398090,1398090.mmaster02,Pre-Peak Checkpoint,0.004000,0.750000,0.500000,0.00000007
standard_1398090,1398090.mmaster02,Pre-Peak Checkpoint,0.004000,0.753333,0.500000,0.00000005
standard_1398090,1398090.mmaster02,Pre-Peak Checkpoint,0.004000,0.756667,0.500000,0.00000004
standard_1398090,1398090.mmaster02,Pre-Peak Checkpoint,0.004000,0.760000,0.500000,0.00000003
standard_1398090,1398090.mmaster02,Pre-Peak Checkpoint,0.004000,0.763333,0.500000,0.00000003
standard_1398090,1398090.mmaster02,Pre-Peak Checkpoint,0.004000,0.766667,0.500000,0.00000002
standard_1398090,1398090.mmaster02,Pre-Peak Checkpoint,0.004000,0.770000,0.500000,0.00000002
standard_1398090,1398090.mmaster02,Pre-Peak Checkpoint,0.004000,0.773333,0.500000,0.00000001
standard_1398090,1398090.mmaster02,Pre-Peak Checkpoint,0.004000,0.776667,0.500000,0.00000001
standard_1398090,1398090.mmaster02,Pre-Peak Checkpoint,0.004000,0.780000,0.500000,0.00000001
standard_1398090,1398090.mmaster02,Pre-Peak Checkpoint,0.004000,0.783333,0.500000,0.00000001
standard_1398090,1398090.mmaster02,Pre-Peak Checkpoint,0.004000,0.786667,0.500000,0.00000001
standard_1398090,1398090.mmaster02,Pre-Peak Checkpoint,0.004000,0.790000,0.500000,0.00000000
standard_1398090,1398090.mmaster02,Pre-Peak Checkpoint,0.004000,0.793333,0.500000,0.00000000
standard_1398090,1398090.mmaster02,Pre-Peak Checkpoint,0.004000,0.796667,0.500000,0.00000000
standard_1398090,1398090.mmaster02,Pre-Peak Checkpoint,0.004000,0.800000,0.500000,0.00000000
standard_1398090,1398090.mmaster02,Pre-Peak Checkpoint,0.004000,0.803333,0.500000,0.00000000
standard_1398090,1398090.mmaster02,Pre-Peak Checkpoint,0.004000,0.806667,0.500000,0.00000000
standard_1398090,1398090.mmaster02,Pre-Peak Checkpoint,0.004000,0.810000,0.500000,0.00000000
standard_1398090,1398090.mmaster02,Pre-Peak Checkpoint,0.004000,0.813333,0.500000,0.00000000
standard_1398090,1398090.mmaster02,Pre-Peak Checkpoint,0.004000,0.816667,0.500000,0.00000000
standard_1398090,1398090.mmaster02,Pre-Peak Checkpoint,0.004000,0.820000,0.500000,0.00000000
standard_1398090,1398090.mmaster02,Pre-Peak Checkpoint,0.004000,0.823333,0.500000,0.00000000
standard_1398090,1398090.mmaster02,Pre-Peak Checkpoint,0.004000,0.826667,0.500000,0.00000000
standard_1398090,1398090.mmaster02,Pre-Peak Checkpoint,0.004000,0.830000,0.500000,0.00000000
standard_1398090,1398090.mmaster02,Pre-Peak Checkpoint,0.004000,0.833333,0.500000,0.00000000
standard_1398090,1398090.mmaster02,Pre-Peak Checkpoint,0.004000,0.836667,0.500000,0.00000000
standard_1398090,1398090.mmaster02,Pre-Peak Checkpoint,0.004000,0.840000,0.500000,0.00000000
standard_1398090,1398090.mmaster02,Pre-Peak Checkpoint,0.004000,0.843333,0.500000,0.00000000
standard_1398090,1398090.mmaster02,Pre-Peak Checkpoint,0.004000,0.846667,0.500000,0.00000000
standard_1398090,1398090.mmaster02,Pre-Peak Checkpoint,0.004000,0.850000,0.500000,0.00000000
standard_1398090,1398090.mmaster02,Pre-Peak Checkpoint,0.004000,0.853333,0.500000,0.00000000
standard_1398090,1398090.mmaster02,Pre-Peak Checkpoint,0.004000,0.856667,0.500000,0.00000000
standard_1398090,1398090.mmaster02,Pre-Peak Checkpoint,0.004000,0.860000,0.500000,0.00000000
standard_1398090,1398090.mmaster02,Pre-Peak Checkpoint,0.004000,0.863333,0.500000,0.00000000
standard_1398090,1398090.mmaster02,Pre-Peak Checkpoint,0.004000,0.866667,0.500000,0.00000000
standard_1398090,1398090.mmaster02,Pre-Peak Checkpoint,0.004000,0.870000,0.500000,0.00000000
standard_1398090,1398090.mmaster02,Pre-Peak Checkpoint,0.004000,0.873333,0.500000,0.00000000
standard_1398090,1398090.mmaster02,Pre-Peak Checkpoint,0.004000,0.876667,0.500000,0.00000000
standard_1398090,1398090.mmaster02,Pre-Peak Checkpoint,0.004000,0.880000,0.500000,0.00000000
standard_1398090,1398090.mmaster02,Pre-Peak Checkpoint,0.004000,0.883333,0.500000,0.00000000
standard_1398090,1398090.mmaster02,Pre-Peak Checkpoint,0.004000,0.886667,0.500000,0.00000000
standard_1398090,1398090.mmaster02,Pre-Peak Checkpoint,0.004000,0.890000,0.500000,0.00000000
standard_1398090,1398090.mmaster02,Pre-Peak Checkpoint,0.004000,0.893333,0.500000,0.00000000
standard_1398090,1398090.mmaster02,Pre-Peak Checkpoint,0.004000,0.896667,0.500000,0.00000000
standard_1398090,1398090.mmaster02,Pre-Peak Checkpoint,0.004000,0.900000,0.500000,0.00000000
standard_1398090,1398090.mmaster02,Pre-Peak Checkpoint,0.004000,0.903333,0.500000,0.00000000
standard_1398090,1398090.mmaster02,Pre-Peak Checkpoint,0.004000,0.906667,0.500000,0.00000000
standard_1398090,1398090.mmaster02,Pre-Peak Checkpoint,0.004000,0.910000,0.500000,0.00000000
standard_1398090,1398090.mmaster02,Pre-Peak Checkpoint,0.004000,0.913333,0.500000,0.00000000
standard_1398090,1398090.mmaster02,Pre-Peak Checkpoint,0.004000,0.916667,0.500000,0.00000000
standard_1398090,1398090.mmaster02,Pre-Peak Checkpoint,0.004000,0.920000,0.500000,0.00000000
standard_1398090,1398090.mmaster02,Pre-Peak Checkpoint,0.004000,0.923333,0.500000,0.00000000
standard_1398090,1398090.mmaster02,Pre-Peak Checkpoint,0.004000,0.926667,0.500000,0.00000000
standard_1398090,1398090.mmaster02,Pre-Peak Checkpoint,0.004000,0.930000,0.500000,0.00000000
standard_1398090,1398090.mmaster02,Pre-Peak Checkpoint,0.004000,0.933333,0.500000,0.00000000
standard_1398090,1398090.mmaster02,Pre-Peak Checkpoint,0.004000,0.936667,0.500000,0.00000000
standard_1398090,1398090.mmaster02,Pre-Peak Checkpoint,0.004000,0.940000,0.500000,0.00000000
standard_1398090,1398090.mmaster02,Pre-Peak Checkpoint,0.004000,0.943333,0.500000,0.00000000
standard_1398090,1398090.mmaster02,Pre-Peak Checkpoint,0.004000,0.946667,0.500000,0.00000000
standard_1398090,1398090.mmaster02,Pre-Peak Checkpoint,0.004000,0.950000,0.500000,0.00000000
standard_1398090,1398090.mmaster02,Pre-Peak Checkpoint,0.004000,0.953333,0.500000,0.00000000
standard_1398090,1398090.mmaster02,Pre-Peak Checkpoint,0.004000,0.956667,0.500000,0.00000000
standard_1398090,1398090.mmaster02,Pre-Peak Checkpoint,0.004000,0.960000,0.500000,0.00000000
standard_1398090,1398090.mmaster02,Pre-Peak Checkpoint,0.004000,0.963333,0.500000,0.00000000
standard_1398090,1398090.mmaster02,Pre-Peak Checkpoint,0.004000,0.966667,0.500000,0.00000000
standard_1398090,1398090.mmaster02,Pre-Peak Checkpoint,0.004000,0.970000,0.500000,0.00000000
standard_1398090,1398090.mmaster02,Pre-Peak Checkpoint,0.004000,0.973333,0.500000,0.00000000
standard_1398090,1398090.mmaster02,Pre-Peak Checkpoint,0.004000,0.976667,0.500000,0.00000000
standard_1398090,1398090.mmaster02,Pre-Peak Checkpoint,0.004000,0.980000,0.500000,0.00000000
standard_1398090,1398090.mmaster02,Pre-Peak Checkpoint,0.004000,0.983333,0.500000,0.00000000
standard_1398090,1398090.mmaster02,Pre-Peak Checkpoint,0.004000,0.986667,0.500000,0.00000000
standard_1398090,1398090.mmaster02,Pre-Peak Checkpoint,0.004000,0.990000,0.500000,0.00000000
standard_1398090,1398090.mmaster02,Pre-Peak Checkpoint,0.004000,0.993333,0.500000,0.00000000
standard_1398090,1398090.mmaster02,Pre-Peak Checkpoint,0.004000,0.996667,0.500000,0.00000000
standard_1398090,1398090.mmaster02,Pre-Peak Checkpoint,0.004000,1.000000,0.500000,0.00000000
standard_1398090,1398090.mmaster02,Post-Peak Checkpoint,0.006000,0.500000,0.500000,1.00000000
standard_1398090,1398090.mmaster02,Post-Peak Checkpoint,0.006000,0.503333,0.500000,1.00000000
standard_1398090,1398090.mmaster02,Post-Peak Checkpoint,0.006000,0.506667,0.500000,1.00000000
standard_1398090,1398090.mmaster02,Post-Peak Checkpoint,0.006000,0.510000,0.500000,1.00000000
standard_1398090,1398090.mmaster02,Post-Peak Checkpoint,0.006000,0.513333,0.500000,1.00000000
standard_1398090,1398090.mmaster02,Post-Peak Checkpoint,0.006000,0.516667,0.500000,1.00000000
standard_1398090,1398090.mmaster02,Post-Peak Checkpoint,0.006000,0.520000,0.500000,1.00000000
standard_1398090,1398090.mmaster02,Post-Peak Checkpoint,0.006000,0.523333,0.500000,1.00000000
standard_1398090,1398090.mmaster02,Post-Peak Checkpoint,0.006000,0.526667,0.500000,1.00000000
standard_1398090,1398090.mmaster02,Post-Peak Checkpoint,0.006000,0.530000,0.500000,1.00000000
standard_1398090,1398090.mmaster02,Post-Peak Checkpoint,0.006000,0.533333,0.500000,1.00000000
standard_1398090,1398090.mmaster02,Post-Peak Checkpoint,0.006000,0.536667,0.500000,1.00000000
standard_1398090,1398090.mmaster02,Post-Peak Checkpoint,0.006000,0.540000,0.500000,1.00000000
standard_1398090,1398090.mmaster02,Post-Peak Checkpoint,0.006000,0.543333,0.500000,1.00000000
standard_1398090,1398090.mmaster02,Post-Peak Checkpoint,0.006000,0.546667,0.500000,1.00000000
standard_1398090,1398090.mmaster02,Post-Peak Checkpoint,0.006000,0.550000,0.500000,1.00000000
standard_1398090,1398090.mmaster02,Post-Peak Checkpoint,0.006000,0.553333,0.500000,1.00000000
standard_1398090,1398090.mmaster02,Post-Peak Checkpoint,0.006000,0.556667,0.500000,1.00000000
standard_1398090,1398090.mmaster02,Post-Peak Checkpoint,0.006000,0.560000,0.500000,1.00000000
standard_1398090,1398090.mmaster02,Post-Peak Checkpoint,0.006000,0.563333,0.500000,1.00000000
standard_1398090,1398090.mmaster02,Post-Peak Checkpoint,0.006000,0.566667,0.500000,1.00000000
standard_1398090,1398090.mmaster02,Post-Peak Checkpoint,0.006000,0.570000,0.500000,1.00000000
standard_1398090,1398090.mmaster02,Post-Peak Checkpoint,0.006000,0.573333,0.500000,1.00000000
standard_1398090,1398090.mmaster02,Post-Peak Checkpoint,0.006000,0.576667,0.500000,1.00000000
standard_1398090,1398090.mmaster02,Post-Peak Checkpoint,0.006000,0.580000,0.500000,1.00000000
standard_1398090,1398090.mmaster02,Post-Peak Checkpoint,0.006000,0.583333,0.500000,1.00000000
standard_1398090,1398090.mmaster02,Post-Peak Checkpoint,0.006000,0.586667,0.500000,1.00000000
standard_1398090,1398090.mmaster02,Post-Peak Checkpoint,0.006000,0.590000,0.500000,1.00000000
standard_1398090,1398090.mmaster02,Post-Peak Checkpoint,0.006000,0.593333,0.500000,1.00000000
standard_1398090,1398090.mmaster02,Post-Peak Checkpoint,0.006000,0.596667,0.500000,1.00000000
standard_1398090,1398090.mmaster02,Post-Peak Checkpoint,0.006000,0.600000,0.500000,1.00000000
standard_1398090,1398090.mmaster02,Post-Peak Checkpoint,0.006000,0.603333,0.500000,1.00000000
standard_1398090,1398090.mmaster02,Post-Peak Checkpoint,0.006000,0.606667,0.500000,1.00000000
standard_1398090,1398090.mmaster02,Post-Peak Checkpoint,0.006000,0.610000,0.500000,1.00000000
standard_1398090,1398090.mmaster02,Post-Peak Checkpoint,0.006000,0.613333,0.500000,1.00000000
standard_1398090,1398090.mmaster02,Post-Peak Checkpoint,0.006000,0.616667,0.500000,1.00000000
standard_1398090,1398090.mmaster02,Post-Peak Checkpoint,0.006000,0.620000,0.500000,1.00000000
standard_1398090,1398090.mmaster02,Post-Peak Checkpoint,0.006000,0.623333,0.500000,1.00000000
standard_1398090,1398090.mmaster02,Post-Peak Checkpoint,0.006000,0.626667,0.500000,1.00000000
standard_1398090,1398090.mmaster02,Post-Peak Checkpoint,0.006000,0.630000,0.500000,1.00000000
standard_1398090,1398090.mmaster02,Post-Peak Checkpoint,0.006000,0.633333,0.500000,1.00000000
standard_1398090,1398090.mmaster02,Post-Peak Checkpoint,0.006000,0.636667,0.500000,1.00000000
standard_1398090,1398090.mmaster02,Post-Peak Checkpoint,0.006000,0.640000,0.500000,1.00000000
standard_1398090,1398090.mmaster02,Post-Peak Checkpoint,0.006000,0.643333,0.500000,1.00000000
standard_1398090,1398090.mmaster02,Post-Peak Checkpoint,0.006000,0.646667,0.500000,1.00000000
standard_1398090,1398090.mmaster02,Post-Peak Checkpoint,0.006000,0.650000,0.500000,1.00000000
standard_1398090,1398090.mmaster02,Post-Peak Checkpoint,0.006000,0.653333,0.500000,1.00000000
standard_1398090,1398090.mmaster02,Post-Peak Checkpoint,0.006000,0.656667,0.500000,1.00000000
standard_1398090,1398090.mmaster02,Post-Peak Checkpoint,0.006000,0.660000,0.500000,1.00000000
standard_1398090,1398090.mmaster02,Post-Peak Checkpoint,0.006000,0.663333,0.500000,1.00000000
standard_1398090,1398090.mmaster02,Post-Peak Checkpoint,0.006000,0.666667,0.500000,1.00000000
standard_1398090,1398090.mmaster02,Post-Peak Checkpoint,0.006000,0.670000,0.500000,1.00000000
standard_1398090,1398090.mmaster02,Post-Peak Checkpoint,0.006000,0.673333,0.500000,1.00000000
standard_1398090,1398090.mmaster02,Post-Peak Checkpoint,0.006000,0.676667,0.500000,1.00000000
standard_1398090,1398090.mmaster02,Post-Peak Checkpoint,0.006000,0.680000,0.500000,1.00000000
standard_1398090,1398090.mmaster02,Post-Peak Checkpoint,0.006000,0.683333,0.500000,1.00000000
standard_1398090,1398090.mmaster02,Post-Peak Checkpoint,0.006000,0.686667,0.500000,1.00000000
standard_1398090,1398090.mmaster02,Post-Peak Checkpoint,0.006000,0.690000,0.500000,1.00000000
standard_1398090,1398090.mmaster02,Post-Peak Checkpoint,0.006000,0.693333,0.500000,1.00000000
standard_1398090,1398090.mmaster02,Post-Peak Checkpoint,0.006000,0.696667,0.500000,1.00000000
standard_1398090,1398090.mmaster02,Post-Peak Checkpoint,0.006000,0.700000,0.500000,1.00000000
standard_1398090,1398090.mmaster02,Post-Peak Checkpoint,0.006000,0.703333,0.500000,1.00000000
standard_1398090,1398090.mmaster02,Post-Peak Checkpoint,0.006000,0.706667,0.500000,1.00000000
standard_1398090,1398090.mmaster02,Post-Peak Checkpoint,0.006000,0.710000,0.500000,1.00000000
standard_1398090,1398090.mmaster02,Post-Peak Checkpoint,0.006000,0.713333,0.500000,1.00000000
standard_1398090,1398090.mmaster02,Post-Peak Checkpoint,0.006000,0.716667,0.500000,1.00000000
standard_1398090,1398090.mmaster02,Post-Peak Checkpoint,0.006000,0.720000,0.500000,1.00000000
standard_1398090,1398090.mmaster02,Post-Peak Checkpoint,0.006000,0.723333,0.500000,1.00000000
standard_1398090,1398090.mmaster02,Post-Peak Checkpoint,0.006000,0.726667,0.500000,1.00000000
standard_1398090,1398090.mmaster02,Post-Peak Checkpoint,0.006000,0.730000,0.500000,1.00000000
standard_1398090,1398090.mmaster02,Post-Peak Checkpoint,0.006000,0.733333,0.500000,1.00000000
standard_1398090,1398090.mmaster02,Post-Peak Checkpoint,0.006000,0.736667,0.500000,1.00000000
standard_1398090,1398090.mmaster02,Post-Peak Checkpoint,0.006000,0.740000,0.500000,1.00000000
standard_1398090,1398090.mmaster02,Post-Peak Checkpoint,0.006000,0.743333,0.500000,1.00000000
standard_1398090,1398090.mmaster02,Post-Peak Checkpoint,0.006000,0.746667,0.500000,1.00000000
standard_1398090,1398090.mmaster02,Post-Peak Checkpoint,0.006000,0.750000,0.500000,1.00000000
standard_1398090,1398090.mmaster02,Post-Peak Checkpoint,0.006000,0.753333,0.500000,1.00000000
standard_1398090,1398090.mmaster02,Post-Peak Checkpoint,0.006000,0.756667,0.500000,1.00000000
standard_1398090,1398090.mmaster02,Post-Peak Checkpoint,0.006000,0.760000,0.500000,1.00000000
standard_1398090,1398090.mmaster02,Post-Peak Checkpoint,0.006000,0.763333,0.500000,1.00000000
standard_1398090,1398090.mmaster02,Post-Peak Checkpoint,0.006000,0.766667,0.500000,1.00000000
standard_1398090,1398090.mmaster02,Post-Peak Checkpoint,0.006000,0.770000,0.500000,1.00000000
standard_1398090,1398090.mmaster02,Post-Peak Checkpoint,0.006000,0.773333,0.500000,1.00000000
standard_1398090,1398090.mmaster02,Post-Peak Checkpoint,0.006000,0.776667,0.500000,1.00000000
standard_1398090,1398090.mmaster02,Post-Peak Checkpoint,0.006000,0.780000,0.500000,1.00000000
standard_1398090,1398090.mmaster02,Post-Peak Checkpoint,0.006000,0.783333,0.500000,1.00000000
standard_1398090,1398090.mmaster02,Post-Peak Checkpoint,0.006000,0.786667,0.500000,1.00000000
standard_1398090,1398090.mmaster02,Post-Peak Checkpoint,0.006000,0.790000,0.500000,1.00000000
standard_1398090,1398090.mmaster02,Post-Peak Checkpoint,0.006000,0.793333,0.500000,1.00000000
standard_1398090,1398090.mmaster02,Post-Peak Checkpoint,0.006000,0.796667,0.500000,1.00000000
standard_1398090,1398090.mmaster02,Post-Peak Checkpoint,0.006000,0.800000,0.500000,1.00000000
standard_1398090,1398090.mmaster02,Post-Peak Checkpoint,0.006000,0.803333,0.500000,1.00000000
standard_1398090,1398090.mmaster02,Post-Peak Checkpoint,0.006000,0.806667,0.500000,1.00000000
standard_1398090,1398090.mmaster02,Post-Peak Checkpoint,0.006000,0.810000,0.500000,1.00000000
standard_1398090,1398090.mmaster02,Post-Peak Checkpoint,0.006000,0.813333,0.500000,1.00000000
standard_1398090,1398090.mmaster02,Post-Peak Checkpoint,0.006000,0.816667,0.500000,1.00000000
standard_1398090,1398090.mmaster02,Post-Peak Checkpoint,0.006000,0.820000,0.500000,1.00000000
standard_1398090,1398090.mmaster02,Post-Peak Checkpoint,0.006000,0.823333,0.500000,1.00000000
standard_1398090,1398090.mmaster02,Post-Peak Checkpoint,0.006000,0.826667,0.500000,1.00000000
standard_1398090,1398090.mmaster02,Post-Peak Checkpoint,0.006000,0.830000,0.500000,1.00000000
standard_1398090,1398090.mmaster02,Post-Peak Checkpoint,0.006000,0.833333,0.500000,1.00000000
standard_1398090,1398090.mmaster02,Post-Peak Checkpoint,0.006000,0.836667,0.500000,1.00000000
standard_1398090,1398090.mmaster02,Post-Peak Checkpoint,0.006000,0.840000,0.500000,1.00000000
standard_1398090,1398090.mmaster02,Post-Peak Checkpoint,0.006000,0.843333,0.500000,1.00000000
standard_1398090,1398090.mmaster02,Post-Peak Checkpoint,0.006000,0.846667,0.500000,1.00000000
standard_1398090,1398090.mmaster02,Post-Peak Checkpoint,0.006000,0.850000,0.500000,1.00000000
standard_1398090,1398090.mmaster02,Post-Peak Checkpoint,0.006000,0.853333,0.500000,1.00000000
standard_1398090,1398090.mmaster02,Post-Peak Checkpoint,0.006000,0.856667,0.500000,1.00000000
standard_1398090,1398090.mmaster02,Post-Peak Checkpoint,0.006000,0.860000,0.500000,1.00000000
standard_1398090,1398090.mmaster02,Post-Peak Checkpoint,0.006000,0.863333,0.500000,1.00000000
standard_1398090,1398090.mmaster02,Post-Peak Checkpoint,0.006000,0.866667,0.500000,1.00000000
standard_1398090,1398090.mmaster02,Post-Peak Checkpoint,0.006000,0.870000,0.500000,1.00000000
standard_1398090,1398090.mmaster02,Post-Peak Checkpoint,0.006000,0.873333,0.500000,1.00000000
standard_1398090,1398090.mmaster02,Post-Peak Checkpoint,0.006000,0.876667,0.500000,1.00000000
standard_1398090,1398090.mmaster02,Post-Peak Checkpoint,0.006000,0.880000,0.500000,1.00000000
standard_1398090,1398090.mmaster02,Post-Peak Checkpoint,0.006000,0.883333,0.500000,1.00000000
standard_1398090,1398090.mmaster02,Post-Peak Checkpoint,0.006000,0.886667,0.500000,1.00000000
standard_1398090,1398090.mmaster02,Post-Peak Checkpoint,0.006000,0.890000,0.500000,1.00000000
standard_1398090,1398090.mmaster02,Post-Peak Checkpoint,0.006000,0.893333,0.500000,1.00000000
standard_1398090,1398090.mmaster02,Post-Peak Checkpoint,0.006000,0.896667,0.500000,1.00000000
standard_1398090,1398090.mmaster02,Post-Peak Checkpoint,0.006000,0.900000,0.500000,1.00000000
standard_1398090,1398090.mmaster02,Post-Peak Checkpoint,0.006000,0.903333,0.500000,1.00000000
standard_1398090,1398090.mmaster02,Post-Peak Checkpoint,0.006000,0.906667,0.500000,1.00000000
standard_1398090,1398090.mmaster02,Post-Peak Checkpoint,0.006000,0.910000,0.500000,1.00000000
standard_1398090,1398090.mmaster02,Post-Peak Checkpoint,0.006000,0.913333,0.500000,1.00000000
standard_1398090,1398090.mmaster02,Post-Peak Checkpoint,0.006000,0.916667,0.500000,1.00000000
standard_1398090,1398090.mmaster02,Post-Peak Checkpoint,0.006000,0.920000,0.500000,1.00000000
standard_1398090,1398090.mmaster02,Post-Peak Checkpoint,0.006000,0.923333,0.500000,1.00000000
standard_1398090,1398090.mmaster02,Post-Peak Checkpoint,0.006000,0.926667,0.500000,1.00000000
standard_1398090,1398090.mmaster02,Post-Peak Checkpoint,0.006000,0.930000,0.500000,1.00000000
standard_1398090,1398090.mmaster02,Post-Peak Checkpoint,0.006000,0.933333,0.500000,1.00000000
standard_1398090,1398090.mmaster02,Post-Peak Checkpoint,0.006000,0.936667,0.500000,1.00000000
standard_1398090,1398090.mmaster02,Post-Peak Checkpoint,0.006000,0.940000,0.500000,1.00000000
standard_1398090,1398090.mmaster02,Post-Peak Checkpoint,0.006000,0.943333,0.500000,1.00000000
standard_1398090,1398090.mmaster02,Post-Peak Checkpoint,0.006000,0.946667,0.500000,1.00000000
standard_1398090,1398090.mmaster02,Post-Peak Checkpoint,0.006000,0.950000,0.500000,1.00000000
standard_1398090,1398090.mmaster02,Post-Peak Checkpoint,0.006000,0.953333,0.500000,1.00000000
standard_1398090,1398090.mmaster02,Post-Peak Checkpoint,0.006000,0.956667,0.500000,1.00000000
standard_1398090,1398090.mmaster02,Post-Peak Checkpoint,0.006000,0.960000,0.500000,1.00000000
standard_1398090,1398090.mmaster02,Post-Peak Checkpoint,0.006000,0.963333,0.500000,1.00000000
standard_1398090,1398090.mmaster02,Post-Peak Checkpoint,0.006000,0.966667,0.500000,1.00000000
standard_1398090,1398090.mmaster02,Post-Peak Checkpoint,0.006000,0.970000,0.500000,1.00000000
standard_1398090,1398090.mmaster02,Post-Peak Checkpoint,0.006000,0.973333,0.500000,1.00000000
standard_1398090,1398090.mmaster02,Post-Peak Checkpoint,0.006000,0.976667,0.500000,1.00000000
standard_1398090,1398090.mmaster02,Post-Peak Checkpoint,0.006000,0.980000,0.500000,1.00000000
standard_1398090,1398090.mmaster02,Post-Peak Checkpoint,0.006000,0.983333,0.500000,1.00000000
standard_1398090,1398090.mmaster02,Post-Peak Checkpoint,0.006000,0.986667,0.500000,1.00000000
standard_1398090,1398090.mmaster02,Post-Peak Checkpoint,0.006000,0.990000,0.500000,1.00000000
standard_1398090,1398090.mmaster02,Post-Peak Checkpoint,0.006000,0.993333,0.500000,1.00000000
standard_1398090,1398090.mmaster02,Post-Peak Checkpoint,0.006000,0.996667,0.500000,1.00000000
standard_1398090,1398090.mmaster02,Post-Peak Checkpoint,0.006000,1.000000,0.500000,1.00000000
adaptive_1399632,1399632.mmaster02,Elastic Checkpoint,0.001000,0.500000,0.500000,0.02150000
adaptive_1399632,1399632.mmaster02,Elastic Checkpoint,0.001000,0.503333,0.500000,0.01721585
adaptive_1399632,1399632.mmaster02,Elastic Checkpoint,0.001000,0.506667,0.500000,0.01378538
adaptive_1399632,1399632.mmaster02,Elastic Checkpoint,0.001000,0.510000,0.500000,0.01103847
adaptive_1399632,1399632.mmaster02,Elastic Checkpoint,0.001000,0.513333,0.500000,0.00883891
adaptive_1399632,1399632.mmaster02,Elastic Checkpoint,0.001000,0.516667,0.500000,0.00707765
adaptive_1399632,1399632.mmaster02,Elastic Checkpoint,0.001000,0.520000,0.500000,0.00566734
adaptive_1399632,1399632.mmaster02,Elastic Checkpoint,0.001000,0.523333,0.500000,0.00453805
adaptive_1399632,1399632.mmaster02,Elastic Checkpoint,0.001000,0.526667,0.500000,0.00363379
adaptive_1399632,1399632.mmaster02,Elastic Checkpoint,0.001000,0.530000,0.500000,0.00290971
adaptive_1399632,1399632.mmaster02,Elastic Checkpoint,0.001000,0.533333,0.500000,0.00232991
adaptive_1399632,1399632.mmaster02,Elastic Checkpoint,0.001000,0.536667,0.500000,0.00186565
adaptive_1399632,1399632.mmaster02,Elastic Checkpoint,0.001000,0.540000,0.500000,0.00149389
adaptive_1399632,1399632.mmaster02,Elastic Checkpoint,0.001000,0.543333,0.500000,0.00119622
adaptive_1399632,1399632.mmaster02,Elastic Checkpoint,0.001000,0.546667,0.500000,0.00095786
adaptive_1399632,1399632.mmaster02,Elastic Checkpoint,0.001000,0.550000,0.500000,0.00076699
adaptive_1399632,1399632.mmaster02,Elastic Checkpoint,0.001000,0.553333,0.500000,0.00061416
adaptive_1399632,1399632.mmaster02,Elastic Checkpoint,0.001000,0.556667,0.500000,0.00049178
adaptive_1399632,1399632.mmaster02,Elastic Checkpoint,0.001000,0.560000,0.500000,0.00039379
adaptive_1399632,1399632.mmaster02,Elastic Checkpoint,0.001000,0.563333,0.500000,0.00031532
adaptive_1399632,1399632.mmaster02,Elastic Checkpoint,0.001000,0.566667,0.500000,0.00025249
adaptive_1399632,1399632.mmaster02,Elastic Checkpoint,0.001000,0.570000,0.500000,0.00020218
adaptive_1399632,1399632.mmaster02,Elastic Checkpoint,0.001000,0.573333,0.500000,0.00016189
adaptive_1399632,1399632.mmaster02,Elastic Checkpoint,0.001000,0.576667,0.500000,0.00012963
adaptive_1399632,1399632.mmaster02,Elastic Checkpoint,0.001000,0.580000,0.500000,0.00010380
adaptive_1399632,1399632.mmaster02,Elastic Checkpoint,0.001000,0.583333,0.500000,0.00008312
adaptive_1399632,1399632.mmaster02,Elastic Checkpoint,0.001000,0.586667,0.500000,0.00006656
adaptive_1399632,1399632.mmaster02,Elastic Checkpoint,0.001000,0.590000,0.500000,0.00005329
adaptive_1399632,1399632.mmaster02,Elastic Checkpoint,0.001000,0.593333,0.500000,0.00004267
adaptive_1399632,1399632.mmaster02,Elastic Checkpoint,0.001000,0.596667,0.500000,0.00003417
adaptive_1399632,1399632.mmaster02,Elastic Checkpoint,0.001000,0.600000,0.500000,0.00002736
adaptive_1399632,1399632.mmaster02,Elastic Checkpoint,0.001000,0.603333,0.500000,0.00002191
adaptive_1399632,1399632.mmaster02,Elastic Checkpoint,0.001000,0.606667,0.500000,0.00001754
adaptive_1399632,1399632.mmaster02,Elastic Checkpoint,0.001000,0.610000,0.500000,0.00001405
adaptive_1399632,1399632.mmaster02,Elastic Checkpoint,0.001000,0.613333,0.500000,0.00001125
adaptive_1399632,1399632.mmaster02,Elastic Checkpoint,0.001000,0.616667,0.500000,0.00000901
adaptive_1399632,1399632.mmaster02,Elastic Checkpoint,0.001000,0.620000,0.500000,0.00000721
adaptive_1399632,1399632.mmaster02,Elastic Checkpoint,0.001000,0.623333,0.500000,0.00000578
adaptive_1399632,1399632.mmaster02,Elastic Checkpoint,0.001000,0.626667,0.500000,0.00000462
adaptive_1399632,1399632.mmaster02,Elastic Checkpoint,0.001000,0.630000,0.500000,0.00000370
adaptive_1399632,1399632.mmaster02,Elastic Checkpoint,0.001000,0.633333,0.500000,0.00000297
adaptive_1399632,1399632.mmaster02,Elastic Checkpoint,0.001000,0.636667,0.500000,0.00000237
adaptive_1399632,1399632.mmaster02,Elastic Checkpoint,0.001000,0.640000,0.500000,0.00000190
adaptive_1399632,1399632.mmaster02,Elastic Checkpoint,0.001000,0.643333,0.500000,0.00000152
adaptive_1399632,1399632.mmaster02,Elastic Checkpoint,0.001000,0.646667,0.500000,0.00000122
adaptive_1399632,1399632.mmaster02,Elastic Checkpoint,0.001000,0.650000,0.500000,0.00000098
adaptive_1399632,1399632.mmaster02,Elastic Checkpoint,0.001000,0.653333,0.500000,0.00000078
adaptive_1399632,1399632.mmaster02,Elastic Checkpoint,0.001000,0.656667,0.500000,0.00000063
adaptive_1399632,1399632.mmaster02,Elastic Checkpoint,0.001000,0.660000,0.500000,0.00000050
adaptive_1399632,1399632.mmaster02,Elastic Checkpoint,0.001000,0.663333,0.500000,0.00000040
adaptive_1399632,1399632.mmaster02,Elastic Checkpoint,0.001000,0.666667,0.500000,0.00000032
adaptive_1399632,1399632.mmaster02,Elastic Checkpoint,0.001000,0.670000,0.500000,0.00000026
adaptive_1399632,1399632.mmaster02,Elastic Checkpoint,0.001000,0.673333,0.500000,0.00000021
adaptive_1399632,1399632.mmaster02,Elastic Checkpoint,0.001000,0.676667,0.500000,0.00000016
adaptive_1399632,1399632.mmaster02,Elastic Checkpoint,0.001000,0.680000,0.500000,0.00000013
adaptive_1399632,1399632.mmaster02,Elastic Checkpoint,0.001000,0.683333,0.500000,0.00000011
adaptive_1399632,1399632.mmaster02,Elastic Checkpoint,0.001000,0.686667,0.500000,0.00000008
adaptive_1399632,1399632.mmaster02,Elastic Checkpoint,0.001000,0.690000,0.500000,0.00000007
adaptive_1399632,1399632.mmaster02,Elastic Checkpoint,0.001000,0.693333,0.500000,0.00000005
adaptive_1399632,1399632.mmaster02,Elastic Checkpoint,0.001000,0.696667,0.500000,0.00000004
adaptive_1399632,1399632.mmaster02,Elastic Checkpoint,0.001000,0.700000,0.500000,0.00000003
adaptive_1399632,1399632.mmaster02,Elastic Checkpoint,0.001000,0.703333,0.500000,0.00000003
adaptive_1399632,1399632.mmaster02,Elastic Checkpoint,0.001000,0.706667,0.500000,0.00000002
adaptive_1399632,1399632.mmaster02,Elastic Checkpoint,0.001000,0.710000,0.500000,0.00000002
adaptive_1399632,1399632.mmaster02,Elastic Checkpoint,0.001000,0.713333,0.500000,0.00000001
adaptive_1399632,1399632.mmaster02,Elastic Checkpoint,0.001000,0.716667,0.500000,0.00000001
adaptive_1399632,1399632.mmaster02,Elastic Checkpoint,0.001000,0.720000,0.500000,0.00000001
adaptive_1399632,1399632.mmaster02,Elastic Checkpoint,0.001000,0.723333,0.500000,0.00000001
adaptive_1399632,1399632.mmaster02,Elastic Checkpoint,0.001000,0.726667,0.500000,0.00000001
adaptive_1399632,1399632.mmaster02,Elastic Checkpoint,0.001000,0.730000,0.500000,0.00000000
adaptive_1399632,1399632.mmaster02,Elastic Checkpoint,0.001000,0.733333,0.500000,0.00000000
adaptive_1399632,1399632.mmaster02,Elastic Checkpoint,0.001000,0.736667,0.500000,0.00000000
adaptive_1399632,1399632.mmaster02,Elastic Checkpoint,0.001000,0.740000,0.500000,0.00000000
adaptive_1399632,1399632.mmaster02,Elastic Checkpoint,0.001000,0.743333,0.500000,0.00000000
adaptive_1399632,1399632.mmaster02,Elastic Checkpoint,0.001000,0.746667,0.500000,0.00000000
adaptive_1399632,1399632.mmaster02,Elastic Checkpoint,0.001000,0.750000,0.500000,0.00000000
adaptive_1399632,1399632.mmaster02,Elastic Checkpoint,0.001000,0.753333,0.500000,0.00000000
adaptive_1399632,1399632.mmaster02,Elastic Checkpoint,0.001000,0.756667,0.500000,0.00000000
adaptive_1399632,1399632.mmaster02,Elastic Checkpoint,0.001000,0.760000,0.500000,0.00000000
adaptive_1399632,1399632.mmaster02,Elastic Checkpoint,0.001000,0.763333,0.500000,0.00000000
adaptive_1399632,1399632.mmaster02,Elastic Checkpoint,0.001000,0.766667,0.500000,0.00000000
adaptive_1399632,1399632.mmaster02,Elastic Checkpoint,0.001000,0.770000,0.500000,0.00000000
adaptive_1399632,1399632.mmaster02,Elastic Checkpoint,0.001000,0.773333,0.500000,0.00000000
adaptive_1399632,1399632.mmaster02,Elastic Checkpoint,0.001000,0.776667,0.500000,0.00000000
adaptive_1399632,1399632.mmaster02,Elastic Checkpoint,0.001000,0.780000,0.500000,0.00000000
adaptive_1399632,1399632.mmaster02,Elastic Checkpoint,0.001000,0.783333,0.500000,0.00000000
adaptive_1399632,1399632.mmaster02,Elastic Checkpoint,0.001000,0.786667,0.500000,0.00000000
adaptive_1399632,1399632.mmaster02,Elastic Checkpoint,0.001000,0.790000,0.500000,0.00000000
adaptive_1399632,1399632.mmaster02,Elastic Checkpoint,0.001000,0.793333,0.500000,0.00000000
adaptive_1399632,1399632.mmaster02,Elastic Checkpoint,0.001000,0.796667,0.500000,0.00000000
adaptive_1399632,1399632.mmaster02,Elastic Checkpoint,0.001000,0.800000,0.500000,0.00000000
adaptive_1399632,1399632.mmaster02,Elastic Checkpoint,0.001000,0.803333,0.500000,0.00000000
adaptive_1399632,1399632.mmaster02,Elastic Checkpoint,0.001000,0.806667,0.500000,0.00000000
adaptive_1399632,1399632.mmaster02,Elastic Checkpoint,0.001000,0.810000,0.500000,0.00000000
adaptive_1399632,1399632.mmaster02,Elastic Checkpoint,0.001000,0.813333,0.500000,0.00000000
adaptive_1399632,1399632.mmaster02,Elastic Checkpoint,0.001000,0.816667,0.500000,0.00000000
adaptive_1399632,1399632.mmaster02,Elastic Checkpoint,0.001000,0.820000,0.500000,0.00000000
adaptive_1399632,1399632.mmaster02,Elastic Checkpoint,0.001000,0.823333,0.500000,0.00000000
adaptive_1399632,1399632.mmaster02,Elastic Checkpoint,0.001000,0.826667,0.500000,0.00000000
adaptive_1399632,1399632.mmaster02,Elastic Checkpoint,0.001000,0.830000,0.500000,0.00000000
adaptive_1399632,1399632.mmaster02,Elastic Checkpoint,0.001000,0.833333,0.500000,0.00000000
adaptive_1399632,1399632.mmaster02,Elastic Checkpoint,0.001000,0.836667,0.500000,0.00000000
adaptive_1399632,1399632.mmaster02,Elastic Checkpoint,0.001000,0.840000,0.500000,0.00000000
adaptive_1399632,1399632.mmaster02,Elastic Checkpoint,0.001000,0.843333,0.500000,0.00000000
adaptive_1399632,1399632.mmaster02,Elastic Checkpoint,0.001000,0.846667,0.500000,0.00000000
adaptive_1399632,1399632.mmaster02,Elastic Checkpoint,0.001000,0.850000,0.500000,0.00000000
adaptive_1399632,1399632.mmaster02,Elastic Checkpoint,0.001000,0.853333,0.500000,0.00000000
adaptive_1399632,1399632.mmaster02,Elastic Checkpoint,0.001000,0.856667,0.500000,0.00000000
adaptive_1399632,1399632.mmaster02,Elastic Checkpoint,0.001000,0.860000,0.500000,0.00000000
adaptive_1399632,1399632.mmaster02,Elastic Checkpoint,0.001000,0.863333,0.500000,0.00000000
adaptive_1399632,1399632.mmaster02,Elastic Checkpoint,0.001000,0.866667,0.500000,0.00000000
adaptive_1399632,1399632.mmaster02,Elastic Checkpoint,0.001000,0.870000,0.500000,0.00000000
adaptive_1399632,1399632.mmaster02,Elastic Checkpoint,0.001000,0.873333,0.500000,0.00000000
adaptive_1399632,1399632.mmaster02,Elastic Checkpoint,0.001000,0.876667,0.500000,0.00000000
adaptive_1399632,1399632.mmaster02,Elastic Checkpoint,0.001000,0.880000,0.500000,0.00000000
adaptive_1399632,1399632.mmaster02,Elastic Checkpoint,0.001000,0.883333,0.500000,0.00000000
adaptive_1399632,1399632.mmaster02,Elastic Checkpoint,0.001000,0.886667,0.500000,0.00000000
adaptive_1399632,1399632.mmaster02,Elastic Checkpoint,0.001000,0.890000,0.500000,0.00000000
adaptive_1399632,1399632.mmaster02,Elastic Checkpoint,0.001000,0.893333,0.500000,0.00000000
adaptive_1399632,1399632.mmaster02,Elastic Checkpoint,0.001000,0.896667,0.500000,0.00000000
adaptive_1399632,1399632.mmaster02,Elastic Checkpoint,0.001000,0.900000,0.500000,0.00000000
adaptive_1399632,1399632.mmaster02,Elastic Checkpoint,0.001000,0.903333,0.500000,0.00000000
adaptive_1399632,1399632.mmaster02,Elastic Checkpoint,0.001000,0.906667,0.500000,0.00000000
adaptive_1399632,1399632.mmaster02,Elastic Checkpoint,0.001000,0.910000,0.500000,0.00000000
adaptive_1399632,1399632.mmaster02,Elastic Checkpoint,0.001000,0.913333,0.500000,0.00000000
adaptive_1399632,1399632.mmaster02,Elastic Checkpoint,0.001000,0.916667,0.500000,0.00000000
adaptive_1399632,1399632.mmaster02,Elastic Checkpoint,0.001000,0.920000,0.500000,0.00000000
adaptive_1399632,1399632.mmaster02,Elastic Checkpoint,0.001000,0.923333,0.500000,0.00000000
adaptive_1399632,1399632.mmaster02,Elastic Checkpoint,0.001000,0.926667,0.500000,0.00000000
adaptive_1399632,1399632.mmaster02,Elastic Checkpoint,0.001000,0.930000,0.500000,0.00000000
adaptive_1399632,1399632.mmaster02,Elastic Checkpoint,0.001000,0.933333,0.500000,0.00000000
adaptive_1399632,1399632.mmaster02,Elastic Checkpoint,0.001000,0.936667,0.500000,0.00000000
adaptive_1399632,1399632.mmaster02,Elastic Checkpoint,0.001000,0.940000,0.500000,0.00000000
adaptive_1399632,1399632.mmaster02,Elastic Checkpoint,0.001000,0.943333,0.500000,0.00000000
adaptive_1399632,1399632.mmaster02,Elastic Checkpoint,0.001000,0.946667,0.500000,0.00000000
adaptive_1399632,1399632.mmaster02,Elastic Checkpoint,0.001000,0.950000,0.500000,0.00000000
adaptive_1399632,1399632.mmaster02,Elastic Checkpoint,0.001000,0.953333,0.500000,0.00000000
adaptive_1399632,1399632.mmaster02,Elastic Checkpoint,0.001000,0.956667,0.500000,0.00000000
adaptive_1399632,1399632.mmaster02,Elastic Checkpoint,0.001000,0.960000,0.500000,0.00000000
adaptive_1399632,1399632.mmaster02,Elastic Checkpoint,0.001000,0.963333,0.500000,0.00000000
adaptive_1399632,1399632.mmaster02,Elastic Checkpoint,0.001000,0.966667,0.500000,0.00000000
adaptive_1399632,1399632.mmaster02,Elastic Checkpoint,0.001000,0.970000,0.500000,0.00000000
adaptive_1399632,1399632.mmaster02,Elastic Checkpoint,0.001000,0.973333,0.500000,0.00000000
adaptive_1399632,1399632.mmaster02,Elastic Checkpoint,0.001000,0.976667,0.500000,0.00000000
adaptive_1399632,1399632.mmaster02,Elastic Checkpoint,0.001000,0.980000,0.500000,0.00000000
adaptive_1399632,1399632.mmaster02,Elastic Checkpoint,0.001000,0.983333,0.500000,0.00000000
adaptive_1399632,1399632.mmaster02,Elastic Checkpoint,0.001000,0.986667,0.500000,0.00000000
adaptive_1399632,1399632.mmaster02,Elastic Checkpoint,0.001000,0.990000,0.500000,0.00000000
adaptive_1399632,1399632.mmaster02,Elastic Checkpoint,0.001000,0.993333,0.500000,0.00000000
adaptive_1399632,1399632.mmaster02,Elastic Checkpoint,0.001000,0.996667,0.500000,0.00000000
adaptive_1399632,1399632.mmaster02,Elastic Checkpoint,0.001000,1.000000,0.500000,0.00000000
adaptive_1399632,1399632.mmaster02,Pre-Peak Checkpoint,0.004000,0.500000,0.500000,0.96200000
adaptive_1399632,1399632.mmaster02,Pre-Peak Checkpoint,0.004000,0.503333,0.500000,0.96200000
adaptive_1399632,1399632.mmaster02,Pre-Peak Checkpoint,0.004000,0.506667,0.500000,0.96200000
adaptive_1399632,1399632.mmaster02,Pre-Peak Checkpoint,0.004000,0.510000,0.500000,0.96200000
adaptive_1399632,1399632.mmaster02,Pre-Peak Checkpoint,0.004000,0.513333,0.500000,0.96200000
adaptive_1399632,1399632.mmaster02,Pre-Peak Checkpoint,0.004000,0.516667,0.500000,0.96200000
adaptive_1399632,1399632.mmaster02,Pre-Peak Checkpoint,0.004000,0.520000,0.500000,0.96200000
adaptive_1399632,1399632.mmaster02,Pre-Peak Checkpoint,0.004000,0.523333,0.500000,0.77030938
adaptive_1399632,1399632.mmaster02,Pre-Peak Checkpoint,0.004000,0.526667,0.500000,0.61681553
adaptive_1399632,1399632.mmaster02,Pre-Peak Checkpoint,0.004000,0.530000,0.500000,0.49390727
adaptive_1399632,1399632.mmaster02,Pre-Peak Checkpoint,0.004000,0.533333,0.500000,0.39549002
adaptive_1399632,1399632.mmaster02,Pre-Peak Checkpoint,0.004000,0.536667,0.500000,0.31668365
adaptive_1399632,1399632.mmaster02,Pre-Peak Checkpoint,0.004000,0.540000,0.500000,0.25358045
adaptive_1399632,1399632.mmaster02,Pre-Peak Checkpoint,0.004000,0.543333,0.500000,0.20305135
adaptive_1399632,1399632.mmaster02,Pre-Peak Checkpoint,0.004000,0.546667,0.500000,0.16259081
adaptive_1399632,1399632.mmaster02,Pre-Peak Checkpoint,0.004000,0.550000,0.500000,0.13019254
adaptive_1399632,1399632.mmaster02,Pre-Peak Checkpoint,0.004000,0.553333,0.500000,0.10425004
adaptive_1399632,1399632.mmaster02,Pre-Peak Checkpoint,0.004000,0.556667,0.500000,0.08347690
adaptive_1399632,1399632.mmaster02,Pre-Peak Checkpoint,0.004000,0.560000,0.500000,0.06684308
adaptive_1399632,1399632.mmaster02,Pre-Peak Checkpoint,0.004000,0.563333,0.500000,0.05352375
adaptive_1399632,1399632.mmaster02,Pre-Peak Checkpoint,0.004000,0.566667,0.500000,0.04285847
adaptive_1399632,1399632.mmaster02,Pre-Peak Checkpoint,0.004000,0.570000,0.500000,0.03431838
adaptive_1399632,1399632.mmaster02,Pre-Peak Checkpoint,0.004000,0.573333,0.500000,0.02748001
adaptive_1399632,1399632.mmaster02,Pre-Peak Checkpoint,0.004000,0.576667,0.500000,0.02200427
adaptive_1399632,1399632.mmaster02,Pre-Peak Checkpoint,0.004000,0.580000,0.500000,0.01761964
adaptive_1399632,1399632.mmaster02,Pre-Peak Checkpoint,0.004000,0.583333,0.500000,0.01410871
adaptive_1399632,1399632.mmaster02,Pre-Peak Checkpoint,0.004000,0.586667,0.500000,0.01129737
adaptive_1399632,1399632.mmaster02,Pre-Peak Checkpoint,0.004000,0.590000,0.500000,0.00904623
adaptive_1399632,1399632.mmaster02,Pre-Peak Checkpoint,0.004000,0.593333,0.500000,0.00724365
adaptive_1399632,1399632.mmaster02,Pre-Peak Checkpoint,0.004000,0.596667,0.500000,0.00580026
adaptive_1399632,1399632.mmaster02,Pre-Peak Checkpoint,0.004000,0.600000,0.500000,0.00464449
adaptive_1399632,1399632.mmaster02,Pre-Peak Checkpoint,0.004000,0.603333,0.500000,0.00371902
adaptive_1399632,1399632.mmaster02,Pre-Peak Checkpoint,0.004000,0.606667,0.500000,0.00297795
adaptive_1399632,1399632.mmaster02,Pre-Peak Checkpoint,0.004000,0.610000,0.500000,0.00238456
adaptive_1399632,1399632.mmaster02,Pre-Peak Checkpoint,0.004000,0.613333,0.500000,0.00190941
adaptive_1399632,1399632.mmaster02,Pre-Peak Checkpoint,0.004000,0.616667,0.500000,0.00152893
adaptive_1399632,1399632.mmaster02,Pre-Peak Checkpoint,0.004000,0.620000,0.500000,0.00122427
adaptive_1399632,1399632.mmaster02,Pre-Peak Checkpoint,0.004000,0.623333,0.500000,0.00098032
adaptive_1399632,1399632.mmaster02,Pre-Peak Checkpoint,0.004000,0.626667,0.500000,0.00078498
adaptive_1399632,1399632.mmaster02,Pre-Peak Checkpoint,0.004000,0.630000,0.500000,0.00062856
adaptive_1399632,1399632.mmaster02,Pre-Peak Checkpoint,0.004000,0.633333,0.500000,0.00050331
adaptive_1399632,1399632.mmaster02,Pre-Peak Checkpoint,0.004000,0.636667,0.500000,0.00040302
adaptive_1399632,1399632.mmaster02,Pre-Peak Checkpoint,0.004000,0.640000,0.500000,0.00032272
adaptive_1399632,1399632.mmaster02,Pre-Peak Checkpoint,0.004000,0.643333,0.500000,0.00025841
adaptive_1399632,1399632.mmaster02,Pre-Peak Checkpoint,0.004000,0.646667,0.500000,0.00020692
adaptive_1399632,1399632.mmaster02,Pre-Peak Checkpoint,0.004000,0.650000,0.500000,0.00016569
adaptive_1399632,1399632.mmaster02,Pre-Peak Checkpoint,0.004000,0.653333,0.500000,0.00013267
adaptive_1399632,1399632.mmaster02,Pre-Peak Checkpoint,0.004000,0.656667,0.500000,0.00010624
adaptive_1399632,1399632.mmaster02,Pre-Peak Checkpoint,0.004000,0.660000,0.500000,0.00008507
adaptive_1399632,1399632.mmaster02,Pre-Peak Checkpoint,0.004000,0.663333,0.500000,0.00006812
adaptive_1399632,1399632.mmaster02,Pre-Peak Checkpoint,0.004000,0.666667,0.500000,0.00005454
adaptive_1399632,1399632.mmaster02,Pre-Peak Checkpoint,0.004000,0.670000,0.500000,0.00004367
adaptive_1399632,1399632.mmaster02,Pre-Peak Checkpoint,0.004000,0.673333,0.500000,0.00003497
adaptive_1399632,1399632.mmaster02,Pre-Peak Checkpoint,0.004000,0.676667,0.500000,0.00002800
adaptive_1399632,1399632.mmaster02,Pre-Peak Checkpoint,0.004000,0.680000,0.500000,0.00002242
adaptive_1399632,1399632.mmaster02,Pre-Peak Checkpoint,0.004000,0.683333,0.500000,0.00001796
adaptive_1399632,1399632.mmaster02,Pre-Peak Checkpoint,0.004000,0.686667,0.500000,0.00001438
adaptive_1399632,1399632.mmaster02,Pre-Peak Checkpoint,0.004000,0.690000,0.500000,0.00001151
adaptive_1399632,1399632.mmaster02,Pre-Peak Checkpoint,0.004000,0.693333,0.500000,0.00000922
adaptive_1399632,1399632.mmaster02,Pre-Peak Checkpoint,0.004000,0.696667,0.500000,0.00000738
adaptive_1399632,1399632.mmaster02,Pre-Peak Checkpoint,0.004000,0.700000,0.500000,0.00000591
adaptive_1399632,1399632.mmaster02,Pre-Peak Checkpoint,0.004000,0.703333,0.500000,0.00000473
adaptive_1399632,1399632.mmaster02,Pre-Peak Checkpoint,0.004000,0.706667,0.500000,0.00000379
adaptive_1399632,1399632.mmaster02,Pre-Peak Checkpoint,0.004000,0.710000,0.500000,0.00000303
adaptive_1399632,1399632.mmaster02,Pre-Peak Checkpoint,0.004000,0.713333,0.500000,0.00000243
adaptive_1399632,1399632.mmaster02,Pre-Peak Checkpoint,0.004000,0.716667,0.500000,0.00000195
adaptive_1399632,1399632.mmaster02,Pre-Peak Checkpoint,0.004000,0.720000,0.500000,0.00000156
adaptive_1399632,1399632.mmaster02,Pre-Peak Checkpoint,0.004000,0.723333,0.500000,0.00000125
adaptive_1399632,1399632.mmaster02,Pre-Peak Checkpoint,0.004000,0.726667,0.500000,0.00000100
adaptive_1399632,1399632.mmaster02,Pre-Peak Checkpoint,0.004000,0.730000,0.500000,0.00000080
adaptive_1399632,1399632.mmaster02,Pre-Peak Checkpoint,0.004000,0.733333,0.500000,0.00000064
adaptive_1399632,1399632.mmaster02,Pre-Peak Checkpoint,0.004000,0.736667,0.500000,0.00000051
adaptive_1399632,1399632.mmaster02,Pre-Peak Checkpoint,0.004000,0.740000,0.500000,0.00000041
adaptive_1399632,1399632.mmaster02,Pre-Peak Checkpoint,0.004000,0.743333,0.500000,0.00000033
adaptive_1399632,1399632.mmaster02,Pre-Peak Checkpoint,0.004000,0.746667,0.500000,0.00000026
adaptive_1399632,1399632.mmaster02,Pre-Peak Checkpoint,0.004000,0.750000,0.500000,0.00000021
adaptive_1399632,1399632.mmaster02,Pre-Peak Checkpoint,0.004000,0.753333,0.500000,0.00000017
adaptive_1399632,1399632.mmaster02,Pre-Peak Checkpoint,0.004000,0.756667,0.500000,0.00000014
adaptive_1399632,1399632.mmaster02,Pre-Peak Checkpoint,0.004000,0.760000,0.500000,0.00000011
adaptive_1399632,1399632.mmaster02,Pre-Peak Checkpoint,0.004000,0.763333,0.500000,0.00000009
adaptive_1399632,1399632.mmaster02,Pre-Peak Checkpoint,0.004000,0.766667,0.500000,0.00000007
adaptive_1399632,1399632.mmaster02,Pre-Peak Checkpoint,0.004000,0.770000,0.500000,0.00000006
adaptive_1399632,1399632.mmaster02,Pre-Peak Checkpoint,0.004000,0.773333,0.500000,0.00000004
adaptive_1399632,1399632.mmaster02,Pre-Peak Checkpoint,0.004000,0.776667,0.500000,0.00000004
adaptive_1399632,1399632.mmaster02,Pre-Peak Checkpoint,0.004000,0.780000,0.500000,0.00000003
adaptive_1399632,1399632.mmaster02,Pre-Peak Checkpoint,0.004000,0.783333,0.500000,0.00000002
adaptive_1399632,1399632.mmaster02,Pre-Peak Checkpoint,0.004000,0.786667,0.500000,0.00000002
adaptive_1399632,1399632.mmaster02,Pre-Peak Checkpoint,0.004000,0.790000,0.500000,0.00000001
adaptive_1399632,1399632.mmaster02,Pre-Peak Checkpoint,0.004000,0.793333,0.500000,0.00000001
adaptive_1399632,1399632.mmaster02,Pre-Peak Checkpoint,0.004000,0.796667,0.500000,0.00000001
adaptive_1399632,1399632.mmaster02,Pre-Peak Checkpoint,0.004000,0.800000,0.500000,0.00000001
adaptive_1399632,1399632.mmaster02,Pre-Peak Checkpoint,0.004000,0.803333,0.500000,0.00000001
adaptive_1399632,1399632.mmaster02,Pre-Peak Checkpoint,0.004000,0.806667,0.500000,0.00000000
adaptive_1399632,1399632.mmaster02,Pre-Peak Checkpoint,0.004000,0.810000,0.500000,0.00000000
adaptive_1399632,1399632.mmaster02,Pre-Peak Checkpoint,0.004000,0.813333,0.500000,0.00000000
adaptive_1399632,1399632.mmaster02,Pre-Peak Checkpoint,0.004000,0.816667,0.500000,0.00000000
adaptive_1399632,1399632.mmaster02,Pre-Peak Checkpoint,0.004000,0.820000,0.500000,0.00000000
adaptive_1399632,1399632.mmaster02,Pre-Peak Checkpoint,0.004000,0.823333,0.500000,0.00000000
adaptive_1399632,1399632.mmaster02,Pre-Peak Checkpoint,0.004000,0.826667,0.500000,0.00000000
adaptive_1399632,1399632.mmaster02,Pre-Peak Checkpoint,0.004000,0.830000,0.500000,0.00000000
adaptive_1399632,1399632.mmaster02,Pre-Peak Checkpoint,0.004000,0.833333,0.500000,0.00000000
adaptive_1399632,1399632.mmaster02,Pre-Peak Checkpoint,0.004000,0.836667,0.500000,0.00000000
adaptive_1399632,1399632.mmaster02,Pre-Peak Checkpoint,0.004000,0.840000,0.500000,0.00000000
adaptive_1399632,1399632.mmaster02,Pre-Peak Checkpoint,0.004000,0.843333,0.500000,0.00000000
adaptive_1399632,1399632.mmaster02,Pre-Peak Checkpoint,0.004000,0.846667,0.500000,0.00000000
adaptive_1399632,1399632.mmaster02,Pre-Peak Checkpoint,0.004000,0.850000,0.500000,0.00000000
adaptive_1399632,1399632.mmaster02,Pre-Peak Checkpoint,0.004000,0.853333,0.500000,0.00000000
adaptive_1399632,1399632.mmaster02,Pre-Peak Checkpoint,0.004000,0.856667,0.500000,0.00000000
adaptive_1399632,1399632.mmaster02,Pre-Peak Checkpoint,0.004000,0.860000,0.500000,0.00000000
adaptive_1399632,1399632.mmaster02,Pre-Peak Checkpoint,0.004000,0.863333,0.500000,0.00000000
adaptive_1399632,1399632.mmaster02,Pre-Peak Checkpoint,0.004000,0.866667,0.500000,0.00000000
adaptive_1399632,1399632.mmaster02,Pre-Peak Checkpoint,0.004000,0.870000,0.500000,0.00000000
adaptive_1399632,1399632.mmaster02,Pre-Peak Checkpoint,0.004000,0.873333,0.500000,0.00000000
adaptive_1399632,1399632.mmaster02,Pre-Peak Checkpoint,0.004000,0.876667,0.500000,0.00000000
adaptive_1399632,1399632.mmaster02,Pre-Peak Checkpoint,0.004000,0.880000,0.500000,0.00000000
adaptive_1399632,1399632.mmaster02,Pre-Peak Checkpoint,0.004000,0.883333,0.500000,0.00000000
adaptive_1399632,1399632.mmaster02,Pre-Peak Checkpoint,0.004000,0.886667,0.500000,0.00000000
adaptive_1399632,1399632.mmaster02,Pre-Peak Checkpoint,0.004000,0.890000,0.500000,0.00000000
adaptive_1399632,1399632.mmaster02,Pre-Peak Checkpoint,0.004000,0.893333,0.500000,0.00000000
adaptive_1399632,1399632.mmaster02,Pre-Peak Checkpoint,0.004000,0.896667,0.500000,0.00000000
adaptive_1399632,1399632.mmaster02,Pre-Peak Checkpoint,0.004000,0.900000,0.500000,0.00000000
adaptive_1399632,1399632.mmaster02,Pre-Peak Checkpoint,0.004000,0.903333,0.500000,0.00000000
adaptive_1399632,1399632.mmaster02,Pre-Peak Checkpoint,0.004000,0.906667,0.500000,0.00000000
adaptive_1399632,1399632.mmaster02,Pre-Peak Checkpoint,0.004000,0.910000,0.500000,0.00000000
adaptive_1399632,1399632.mmaster02,Pre-Peak Checkpoint,0.004000,0.913333,0.500000,0.00000000
adaptive_1399632,1399632.mmaster02,Pre-Peak Checkpoint,0.004000,0.916667,0.500000,0.00000000
adaptive_1399632,1399632.mmaster02,Pre-Peak Checkpoint,0.004000,0.920000,0.500000,0.00000000
adaptive_1399632,1399632.mmaster02,Pre-Peak Checkpoint,0.004000,0.923333,0.500000,0.00000000
adaptive_1399632,1399632.mmaster02,Pre-Peak Checkpoint,0.004000,0.926667,0.500000,0.00000000
adaptive_1399632,1399632.mmaster02,Pre-Peak Checkpoint,0.004000,0.930000,0.500000,0.00000000
adaptive_1399632,1399632.mmaster02,Pre-Peak Checkpoint,0.004000,0.933333,0.500000,0.00000000
adaptive_1399632,1399632.mmaster02,Pre-Peak Checkpoint,0.004000,0.936667,0.500000,0.00000000
adaptive_1399632,1399632.mmaster02,Pre-Peak Checkpoint,0.004000,0.940000,0.500000,0.00000000
adaptive_1399632,1399632.mmaster02,Pre-Peak Checkpoint,0.004000,0.943333,0.500000,0.00000000
adaptive_1399632,1399632.mmaster02,Pre-Peak Checkpoint,0.004000,0.946667,0.500000,0.00000000
adaptive_1399632,1399632.mmaster02,Pre-Peak Checkpoint,0.004000,0.950000,0.500000,0.00000000
adaptive_1399632,1399632.mmaster02,Pre-Peak Checkpoint,0.004000,0.953333,0.500000,0.00000000
adaptive_1399632,1399632.mmaster02,Pre-Peak Checkpoint,0.004000,0.956667,0.500000,0.00000000
adaptive_1399632,1399632.mmaster02,Pre-Peak Checkpoint,0.004000,0.960000,0.500000,0.00000000
adaptive_1399632,1399632.mmaster02,Pre-Peak Checkpoint,0.004000,0.963333,0.500000,0.00000000
adaptive_1399632,1399632.mmaster02,Pre-Peak Checkpoint,0.004000,0.966667,0.500000,0.00000000
adaptive_1399632,1399632.mmaster02,Pre-Peak Checkpoint,0.004000,0.970000,0.500000,0.00000000
adaptive_1399632,1399632.mmaster02,Pre-Peak Checkpoint,0.004000,0.973333,0.500000,0.00000000
adaptive_1399632,1399632.mmaster02,Pre-Peak Checkpoint,0.004000,0.976667,0.500000,0.00000000
adaptive_1399632,1399632.mmaster02,Pre-Peak Checkpoint,0.004000,0.980000,0.500000,0.00000000
adaptive_1399632,1399632.mmaster02,Pre-Peak Checkpoint,0.004000,0.983333,0.500000,0.00000000
adaptive_1399632,1399632.mmaster02,Pre-Peak Checkpoint,0.004000,0.986667,0.500000,0.00000000
adaptive_1399632,1399632.mmaster02,Pre-Peak Checkpoint,0.004000,0.990000,0.500000,0.00000000
adaptive_1399632,1399632.mmaster02,Pre-Peak Checkpoint,0.004000,0.993333,0.500000,0.00000000
adaptive_1399632,1399632.mmaster02,Pre-Peak Checkpoint,0.004000,0.996667,0.500000,0.00000000
adaptive_1399632,1399632.mmaster02,Pre-Peak Checkpoint,0.004000,1.000000,0.500000,0.00000000
adaptive_1399632,1399632.mmaster02,Post-Peak Checkpoint,0.006000,0.500000,0.500000,1.00000000
adaptive_1399632,1399632.mmaster02,Post-Peak Checkpoint,0.006000,0.503333,0.500000,1.00000000
adaptive_1399632,1399632.mmaster02,Post-Peak Checkpoint,0.006000,0.506667,0.500000,1.00000000
adaptive_1399632,1399632.mmaster02,Post-Peak Checkpoint,0.006000,0.510000,0.500000,1.00000000
adaptive_1399632,1399632.mmaster02,Post-Peak Checkpoint,0.006000,0.513333,0.500000,1.00000000
adaptive_1399632,1399632.mmaster02,Post-Peak Checkpoint,0.006000,0.516667,0.500000,1.00000000
adaptive_1399632,1399632.mmaster02,Post-Peak Checkpoint,0.006000,0.520000,0.500000,1.00000000
adaptive_1399632,1399632.mmaster02,Post-Peak Checkpoint,0.006000,0.523333,0.500000,1.00000000
adaptive_1399632,1399632.mmaster02,Post-Peak Checkpoint,0.006000,0.526667,0.500000,1.00000000
adaptive_1399632,1399632.mmaster02,Post-Peak Checkpoint,0.006000,0.530000,0.500000,1.00000000
adaptive_1399632,1399632.mmaster02,Post-Peak Checkpoint,0.006000,0.533333,0.500000,1.00000000
adaptive_1399632,1399632.mmaster02,Post-Peak Checkpoint,0.006000,0.536667,0.500000,1.00000000
adaptive_1399632,1399632.mmaster02,Post-Peak Checkpoint,0.006000,0.540000,0.500000,1.00000000
adaptive_1399632,1399632.mmaster02,Post-Peak Checkpoint,0.006000,0.543333,0.500000,1.00000000
adaptive_1399632,1399632.mmaster02,Post-Peak Checkpoint,0.006000,0.546667,0.500000,1.00000000
adaptive_1399632,1399632.mmaster02,Post-Peak Checkpoint,0.006000,0.550000,0.500000,1.00000000
adaptive_1399632,1399632.mmaster02,Post-Peak Checkpoint,0.006000,0.553333,0.500000,1.00000000
adaptive_1399632,1399632.mmaster02,Post-Peak Checkpoint,0.006000,0.556667,0.500000,1.00000000
adaptive_1399632,1399632.mmaster02,Post-Peak Checkpoint,0.006000,0.560000,0.500000,1.00000000
adaptive_1399632,1399632.mmaster02,Post-Peak Checkpoint,0.006000,0.563333,0.500000,1.00000000
adaptive_1399632,1399632.mmaster02,Post-Peak Checkpoint,0.006000,0.566667,0.500000,1.00000000
adaptive_1399632,1399632.mmaster02,Post-Peak Checkpoint,0.006000,0.570000,0.500000,1.00000000
adaptive_1399632,1399632.mmaster02,Post-Peak Checkpoint,0.006000,0.573333,0.500000,1.00000000
adaptive_1399632,1399632.mmaster02,Post-Peak Checkpoint,0.006000,0.576667,0.500000,1.00000000
adaptive_1399632,1399632.mmaster02,Post-Peak Checkpoint,0.006000,0.580000,0.500000,1.00000000
adaptive_1399632,1399632.mmaster02,Post-Peak Checkpoint,0.006000,0.583333,0.500000,1.00000000
adaptive_1399632,1399632.mmaster02,Post-Peak Checkpoint,0.006000,0.586667,0.500000,1.00000000
adaptive_1399632,1399632.mmaster02,Post-Peak Checkpoint,0.006000,0.590000,0.500000,1.00000000
adaptive_1399632,1399632.mmaster02,Post-Peak Checkpoint,0.006000,0.593333,0.500000,1.00000000
adaptive_1399632,1399632.mmaster02,Post-Peak Checkpoint,0.006000,0.596667,0.500000,1.00000000
adaptive_1399632,1399632.mmaster02,Post-Peak Checkpoint,0.006000,0.600000,0.500000,1.00000000
adaptive_1399632,1399632.mmaster02,Post-Peak Checkpoint,0.006000,0.603333,0.500000,1.00000000
adaptive_1399632,1399632.mmaster02,Post-Peak Checkpoint,0.006000,0.606667,0.500000,1.00000000
adaptive_1399632,1399632.mmaster02,Post-Peak Checkpoint,0.006000,0.610000,0.500000,1.00000000
adaptive_1399632,1399632.mmaster02,Post-Peak Checkpoint,0.006000,0.613333,0.500000,1.00000000
adaptive_1399632,1399632.mmaster02,Post-Peak Checkpoint,0.006000,0.616667,0.500000,1.00000000
adaptive_1399632,1399632.mmaster02,Post-Peak Checkpoint,0.006000,0.620000,0.500000,1.00000000
adaptive_1399632,1399632.mmaster02,Post-Peak Checkpoint,0.006000,0.623333,0.500000,1.00000000
adaptive_1399632,1399632.mmaster02,Post-Peak Checkpoint,0.006000,0.626667,0.500000,1.00000000
adaptive_1399632,1399632.mmaster02,Post-Peak Checkpoint,0.006000,0.630000,0.500000,1.00000000
adaptive_1399632,1399632.mmaster02,Post-Peak Checkpoint,0.006000,0.633333,0.500000,1.00000000
adaptive_1399632,1399632.mmaster02,Post-Peak Checkpoint,0.006000,0.636667,0.500000,1.00000000
adaptive_1399632,1399632.mmaster02,Post-Peak Checkpoint,0.006000,0.640000,0.500000,1.00000000
adaptive_1399632,1399632.mmaster02,Post-Peak Checkpoint,0.006000,0.643333,0.500000,1.00000000
adaptive_1399632,1399632.mmaster02,Post-Peak Checkpoint,0.006000,0.646667,0.500000,1.00000000
adaptive_1399632,1399632.mmaster02,Post-Peak Checkpoint,0.006000,0.650000,0.500000,1.00000000
adaptive_1399632,1399632.mmaster02,Post-Peak Checkpoint,0.006000,0.653333,0.500000,1.00000000
adaptive_1399632,1399632.mmaster02,Post-Peak Checkpoint,0.006000,0.656667,0.500000,1.00000000
adaptive_1399632,1399632.mmaster02,Post-Peak Checkpoint,0.006000,0.660000,0.500000,1.00000000
adaptive_1399632,1399632.mmaster02,Post-Peak Checkpoint,0.006000,0.663333,0.500000,1.00000000
adaptive_1399632,1399632.mmaster02,Post-Peak Checkpoint,0.006000,0.666667,0.500000,1.00000000
adaptive_1399632,1399632.mmaster02,Post-Peak Checkpoint,0.006000,0.670000,0.500000,1.00000000
adaptive_1399632,1399632.mmaster02,Post-Peak Checkpoint,0.006000,0.673333,0.500000,1.00000000
adaptive_1399632,1399632.mmaster02,Post-Peak Checkpoint,0.006000,0.676667,0.500000,1.00000000
adaptive_1399632,1399632.mmaster02,Post-Peak Checkpoint,0.006000,0.680000,0.500000,1.00000000
adaptive_1399632,1399632.mmaster02,Post-Peak Checkpoint,0.006000,0.683333,0.500000,1.00000000
adaptive_1399632,1399632.mmaster02,Post-Peak Checkpoint,0.006000,0.686667,0.500000,1.00000000
adaptive_1399632,1399632.mmaster02,Post-Peak Checkpoint,0.006000,0.690000,0.500000,1.00000000
adaptive_1399632,1399632.mmaster02,Post-Peak Checkpoint,0.006000,0.693333,0.500000,1.00000000
adaptive_1399632,1399632.mmaster02,Post-Peak Checkpoint,0.006000,0.696667,0.500000,1.00000000
adaptive_1399632,1399632.mmaster02,Post-Peak Checkpoint,0.006000,0.700000,0.500000,1.00000000
adaptive_1399632,1399632.mmaster02,Post-Peak Checkpoint,0.006000,0.703333,0.500000,1.00000000
adaptive_1399632,1399632.mmaster02,Post-Peak Checkpoint,0.006000,0.706667,0.500000,1.00000000
adaptive_1399632,1399632.mmaster02,Post-Peak Checkpoint,0.006000,0.710000,0.500000,1.00000000
adaptive_1399632,1399632.mmaster02,Post-Peak Checkpoint,0.006000,0.713333,0.500000,1.00000000
adaptive_1399632,1399632.mmaster02,Post-Peak Checkpoint,0.006000,0.716667,0.500000,1.00000000
adaptive_1399632,1399632.mmaster02,Post-Peak Checkpoint,0.006000,0.720000,0.500000,1.00000000
adaptive_1399632,1399632.mmaster02,Post-Peak Checkpoint,0.006000,0.723333,0.500000,1.00000000
adaptive_1399632,1399632.mmaster02,Post-Peak Checkpoint,0.006000,0.726667,0.500000,1.00000000
adaptive_1399632,1399632.mmaster02,Post-Peak Checkpoint,0.006000,0.730000,0.500000,1.00000000
adaptive_1399632,1399632.mmaster02,Post-Peak Checkpoint,0.006000,0.733333,0.500000,1.00000000
adaptive_1399632,1399632.mmaster02,Post-Peak Checkpoint,0.006000,0.736667,0.500000,1.00000000
adaptive_1399632,1399632.mmaster02,Post-Peak Checkpoint,0.006000,0.740000,0.500000,1.00000000
adaptive_1399632,1399632.mmaster02,Post-Peak Checkpoint,0.006000,0.743333,0.500000,1.00000000
adaptive_1399632,1399632.mmaster02,Post-Peak Checkpoint,0.006000,0.746667,0.500000,1.00000000
adaptive_1399632,1399632.mmaster02,Post-Peak Checkpoint,0.006000,0.750000,0.500000,1.00000000
adaptive_1399632,1399632.mmaster02,Post-Peak Checkpoint,0.006000,0.753333,0.500000,1.00000000
adaptive_1399632,1399632.mmaster02,Post-Peak Checkpoint,0.006000,0.756667,0.500000,1.00000000
adaptive_1399632,1399632.mmaster02,Post-Peak Checkpoint,0.006000,0.760000,0.500000,1.00000000
adaptive_1399632,1399632.mmaster02,Post-Peak Checkpoint,0.006000,0.763333,0.500000,1.00000000
adaptive_1399632,1399632.mmaster02,Post-Peak Checkpoint,0.006000,0.766667,0.500000,1.00000000
adaptive_1399632,1399632.mmaster02,Post-Peak Checkpoint,0.006000,0.770000,0.500000,1.00000000
adaptive_1399632,1399632.mmaster02,Post-Peak Checkpoint,0.006000,0.773333,0.500000,1.00000000
adaptive_1399632,1399632.mmaster02,Post-Peak Checkpoint,0.006000,0.776667,0.500000,1.00000000
adaptive_1399632,1399632.mmaster02,Post-Peak Checkpoint,0.006000,0.780000,0.500000,1.00000000
adaptive_1399632,1399632.mmaster02,Post-Peak Checkpoint,0.006000,0.783333,0.500000,1.00000000
adaptive_1399632,1399632.mmaster02,Post-Peak Checkpoint,0.006000,0.786667,0.500000,1.00000000
adaptive_1399632,1399632.mmaster02,Post-Peak Checkpoint,0.006000,0.790000,0.500000,1.00000000
adaptive_1399632,1399632.mmaster02,Post-Peak Checkpoint,0.006000,0.793333,0.500000,1.00000000
adaptive_1399632,1399632.mmaster02,Post-Peak Checkpoint,0.006000,0.796667,0.500000,1.00000000
adaptive_1399632,1399632.mmaster02,Post-Peak Checkpoint,0.006000,0.800000,0.500000,1.00000000
adaptive_1399632,1399632.mmaster02,Post-Peak Checkpoint,0.006000,0.803333,0.500000,1.00000000
adaptive_1399632,1399632.mmaster02,Post-Peak Checkpoint,0.006000,0.806667,0.500000,1.00000000
adaptive_1399632,1399632.mmaster02,Post-Peak Checkpoint,0.006000,0.810000,0.500000,1.00000000
adaptive_1399632,1399632.mmaster02,Post-Peak Checkpoint,0.006000,0.813333,0.500000,1.00000000
adaptive_1399632,1399632.mmaster02,Post-Peak Checkpoint,0.006000,0.816667,0.500000,1.00000000
adaptive_1399632,1399632.mmaster02,Post-Peak Checkpoint,0.006000,0.820000,0.500000,1.00000000
adaptive_1399632,1399632.mmaster02,Post-Peak Checkpoint,0.006000,0.823333,0.500000,1.00000000
adaptive_1399632,1399632.mmaster02,Post-Peak Checkpoint,0.006000,0.826667,0.500000,1.00000000
adaptive_1399632,1399632.mmaster02,Post-Peak Checkpoint,0.006000,0.830000,0.500000,1.00000000
adaptive_1399632,1399632.mmaster02,Post-Peak Checkpoint,0.006000,0.833333,0.500000,1.00000000
adaptive_1399632,1399632.mmaster02,Post-Peak Checkpoint,0.006000,0.836667,0.500000,1.00000000
adaptive_1399632,1399632.mmaster02,Post-Peak Checkpoint,0.006000,0.840000,0.500000,1.00000000
adaptive_1399632,1399632.mmaster02,Post-Peak Checkpoint,0.006000,0.843333,0.500000,1.00000000
adaptive_1399632,1399632.mmaster02,Post-Peak Checkpoint,0.006000,0.846667,0.500000,1.00000000
adaptive_1399632,1399632.mmaster02,Post-Peak Checkpoint,0.006000,0.850000,0.500000,1.00000000
adaptive_1399632,1399632.mmaster02,Post-Peak Checkpoint,0.006000,0.853333,0.500000,1.00000000
adaptive_1399632,1399632.mmaster02,Post-Peak Checkpoint,0.006000,0.856667,0.500000,1.00000000
adaptive_1399632,1399632.mmaster02,Post-Peak Checkpoint,0.006000,0.860000,0.500000,1.00000000
adaptive_1399632,1399632.mmaster02,Post-Peak Checkpoint,0.006000,0.863333,0.500000,1.00000000
adaptive_1399632,1399632.mmaster02,Post-Peak Checkpoint,0.006000,0.866667,0.500000,1.00000000
adaptive_1399632,1399632.mmaster02,Post-Peak Checkpoint,0.006000,0.870000,0.500000,1.00000000
adaptive_1399632,1399632.mmaster02,Post-Peak Checkpoint,0.006000,0.873333,0.500000,1.00000000
adaptive_1399632,1399632.mmaster02,Post-Peak Checkpoint,0.006000,0.876667,0.500000,1.00000000
adaptive_1399632,1399632.mmaster02,Post-Peak Checkpoint,0.006000,0.880000,0.500000,1.00000000
adaptive_1399632,1399632.mmaster02,Post-Peak Checkpoint,0.006000,0.883333,0.500000,1.00000000
adaptive_1399632,1399632.mmaster02,Post-Peak Checkpoint,0.006000,0.886667,0.500000,1.00000000
adaptive_1399632,1399632.mmaster02,Post-Peak Checkpoint,0.006000,0.890000,0.500000,1.00000000
adaptive_1399632,1399632.mmaster02,Post-Peak Checkpoint,0.006000,0.893333,0.500000,1.00000000
adaptive_1399632,1399632.mmaster02,Post-Peak Checkpoint,0.006000,0.896667,0.500000,1.00000000
adaptive_1399632,1399632.mmaster02,Post-Peak Checkpoint,0.006000,0.900000,0.500000,1.00000000
adaptive_1399632,1399632.mmaster02,Post-Peak Checkpoint,0.006000,0.903333,0.500000,1.00000000
adaptive_1399632,1399632.mmaster02,Post-Peak Checkpoint,0.006000,0.906667,0.500000,1.00000000
adaptive_1399632,1399632.mmaster02,Post-Peak Checkpoint,0.006000,0.910000,0.500000,1.00000000
adaptive_1399632,1399632.mmaster02,Post-Peak Checkpoint,0.006000,0.913333,0.500000,1.00000000
adaptive_1399632,1399632.mmaster02,Post-Peak Checkpoint,0.006000,0.916667,0.500000,1.00000000
adaptive_1399632,1399632.mmaster02,Post-Peak Checkpoint,0.006000,0.920000,0.500000,1.00000000
adaptive_1399632,1399632.mmaster02,Post-Peak Checkpoint,0.006000,0.923333,0.500000,1.00000000
adaptive_1399632,1399632.mmaster02,Post-Peak Checkpoint,0.006000,0.926667,0.500000,1.00000000
adaptive_1399632,1399632.mmaster02,Post-Peak Checkpoint,0.006000,0.930000,0.500000,1.00000000
adaptive_1399632,1399632.mmaster02,Post-Peak Checkpoint,0.006000,0.933333,0.500000,1.00000000
adaptive_1399632,1399632.mmaster02,Post-Peak Checkpoint,0.006000,0.936667,0.500000,1.00000000
adaptive_1399632,1399632.mmaster02,Post-Peak Checkpoint,0.006000,0.940000,0.500000,1.00000000
adaptive_1399632,1399632.mmaster02,Post-Peak Checkpoint,0.006000,0.943333,0.500000,1.00000000
adaptive_1399632,1399632.mmaster02,Post-Peak Checkpoint,0.006000,0.946667,0.500000,1.00000000
adaptive_1399632,1399632.mmaster02,Post-Peak Checkpoint,0.006000,0.950000,0.500000,1.00000000
adaptive_1399632,1399632.mmaster02,Post-Peak Checkpoint,0.006000,0.953333,0.500000,1.00000000
adaptive_1399632,1399632.mmaster02,Post-Peak Checkpoint,0.006000,0.956667,0.500000,1.00000000
adaptive_1399632,1399632.mmaster02,Post-Peak Checkpoint,0.006000,0.960000,0.500000,1.00000000
adaptive_1399632,1399632.mmaster02,Post-Peak Checkpoint,0.006000,0.963333,0.500000,1.00000000
adaptive_1399632,1399632.mmaster02,Post-Peak Checkpoint,0.006000,0.966667,0.500000,1.00000000
adaptive_1399632,1399632.mmaster02,Post-Peak Checkpoint,0.006000,0.970000,0.500000,1.00000000
adaptive_1399632,1399632.mmaster02,Post-Peak Checkpoint,0.006000,0.973333,0.500000,1.00000000
adaptive_1399632,1399632.mmaster02,Post-Peak Checkpoint,0.006000,0.976667,0.500000,1.00000000
adaptive_1399632,1399632.mmaster02,Post-Peak Checkpoint,0.006000,0.980000,0.500000,1.00000000
adaptive_1399632,1399632.mmaster02,Post-Peak Checkpoint,0.006000,0.983333,0.500000,1.00000000
adaptive_1399632,1399632.mmaster02,Post-Peak Checkpoint,0.006000,0.986667,0.500000,1.00000000
adaptive_1399632,1399632.mmaster02,Post-Peak Checkpoint,0.006000,0.990000,0.500000,1.00000000
adaptive_1399632,1399632.mmaster02,Post-Peak Checkpoint,0.006000,0.993333,0.500000,1.00000000
adaptive_1399632,1399632.mmaster02,Post-Peak Checkpoint,0.006000,0.996667,0.500000,1.00000000
adaptive_1399632,1399632.mmaster02,Post-Peak Checkpoint,0.006000,1.000000,0.500000,1.00000000
adaptive_1400395_2pct,1400395.mmaster02,Elastic Checkpoint,0.001000,0.500000,0.500000,0.01830000
adaptive_1400395_2pct,1400395.mmaster02,Elastic Checkpoint,0.001000,0.503333,0.500000,0.01465349
adaptive_1400395_2pct,1400395.mmaster02,Elastic Checkpoint,0.001000,0.506667,0.500000,0.01173360
adaptive_1400395_2pct,1400395.mmaster02,Elastic Checkpoint,0.001000,0.510000,0.500000,0.00939553
adaptive_1400395_2pct,1400395.mmaster02,Elastic Checkpoint,0.001000,0.513333,0.500000,0.00752335
adaptive_1400395_2pct,1400395.mmaster02,Elastic Checkpoint,0.001000,0.516667,0.500000,0.00602423
adaptive_1400395_2pct,1400395.mmaster02,Elastic Checkpoint,0.001000,0.520000,0.500000,0.00482383
adaptive_1400395_2pct,1400395.mmaster02,Elastic Checkpoint,0.001000,0.523333,0.500000,0.00386262
adaptive_1400395_2pct,1400395.mmaster02,Elastic Checkpoint,0.001000,0.526667,0.500000,0.00309294
adaptive_1400395_2pct,1400395.mmaster02,Elastic Checkpoint,0.001000,0.530000,0.500000,0.00247664
adaptive_1400395_2pct,1400395.mmaster02,Elastic Checkpoint,0.001000,0.533333,0.500000,0.00198313
adaptive_1400395_2pct,1400395.mmaster02,Elastic Checkpoint,0.001000,0.536667,0.500000,0.00158797
adaptive_1400395_2pct,1400395.mmaster02,Elastic Checkpoint,0.001000,0.540000,0.500000,0.00127155
adaptive_1400395_2pct,1400395.mmaster02,Elastic Checkpoint,0.001000,0.543333,0.500000,0.00101818
adaptive_1400395_2pct,1400395.mmaster02,Elastic Checkpoint,0.001000,0.546667,0.500000,0.00081529
adaptive_1400395_2pct,1400395.mmaster02,Elastic Checkpoint,0.001000,0.550000,0.500000,0.00065283
adaptive_1400395_2pct,1400395.mmaster02,Elastic Checkpoint,0.001000,0.553333,0.500000,0.00052275
adaptive_1400395_2pct,1400395.mmaster02,Elastic Checkpoint,0.001000,0.556667,0.500000,0.00041858
adaptive_1400395_2pct,1400395.mmaster02,Elastic Checkpoint,0.001000,0.560000,0.500000,0.00033518
adaptive_1400395_2pct,1400395.mmaster02,Elastic Checkpoint,0.001000,0.563333,0.500000,0.00026839
adaptive_1400395_2pct,1400395.mmaster02,Elastic Checkpoint,0.001000,0.566667,0.500000,0.00021491
adaptive_1400395_2pct,1400395.mmaster02,Elastic Checkpoint,0.001000,0.570000,0.500000,0.00017209
adaptive_1400395_2pct,1400395.mmaster02,Elastic Checkpoint,0.001000,0.573333,0.500000,0.00013780
adaptive_1400395_2pct,1400395.mmaster02,Elastic Checkpoint,0.001000,0.576667,0.500000,0.00011034
adaptive_1400395_2pct,1400395.mmaster02,Elastic Checkpoint,0.001000,0.580000,0.500000,0.00008835
adaptive_1400395_2pct,1400395.mmaster02,Elastic Checkpoint,0.001000,0.583333,0.500000,0.00007075
adaptive_1400395_2pct,1400395.mmaster02,Elastic Checkpoint,0.001000,0.586667,0.500000,0.00005665
adaptive_1400395_2pct,1400395.mmaster02,Elastic Checkpoint,0.001000,0.590000,0.500000,0.00004536
adaptive_1400395_2pct,1400395.mmaster02,Elastic Checkpoint,0.001000,0.593333,0.500000,0.00003632
adaptive_1400395_2pct,1400395.mmaster02,Elastic Checkpoint,0.001000,0.596667,0.500000,0.00002908
adaptive_1400395_2pct,1400395.mmaster02,Elastic Checkpoint,0.001000,0.600000,0.500000,0.00002329
adaptive_1400395_2pct,1400395.mmaster02,Elastic Checkpoint,0.001000,0.603333,0.500000,0.00001865
adaptive_1400395_2pct,1400395.mmaster02,Elastic Checkpoint,0.001000,0.606667,0.500000,0.00001493
adaptive_1400395_2pct,1400395.mmaster02,Elastic Checkpoint,0.001000,0.610000,0.500000,0.00001196
adaptive_1400395_2pct,1400395.mmaster02,Elastic Checkpoint,0.001000,0.613333,0.500000,0.00000957
adaptive_1400395_2pct,1400395.mmaster02,Elastic Checkpoint,0.001000,0.616667,0.500000,0.00000767
adaptive_1400395_2pct,1400395.mmaster02,Elastic Checkpoint,0.001000,0.620000,0.500000,0.00000614
adaptive_1400395_2pct,1400395.mmaster02,Elastic Checkpoint,0.001000,0.623333,0.500000,0.00000492
adaptive_1400395_2pct,1400395.mmaster02,Elastic Checkpoint,0.001000,0.626667,0.500000,0.00000394
adaptive_1400395_2pct,1400395.mmaster02,Elastic Checkpoint,0.001000,0.630000,0.500000,0.00000315
adaptive_1400395_2pct,1400395.mmaster02,Elastic Checkpoint,0.001000,0.633333,0.500000,0.00000252
adaptive_1400395_2pct,1400395.mmaster02,Elastic Checkpoint,0.001000,0.636667,0.500000,0.00000202
adaptive_1400395_2pct,1400395.mmaster02,Elastic Checkpoint,0.001000,0.640000,0.500000,0.00000162
adaptive_1400395_2pct,1400395.mmaster02,Elastic Checkpoint,0.001000,0.643333,0.500000,0.00000130
adaptive_1400395_2pct,1400395.mmaster02,Elastic Checkpoint,0.001000,0.646667,0.500000,0.00000104
adaptive_1400395_2pct,1400395.mmaster02,Elastic Checkpoint,0.001000,0.650000,0.500000,0.00000083
adaptive_1400395_2pct,1400395.mmaster02,Elastic Checkpoint,0.001000,0.653333,0.500000,0.00000067
adaptive_1400395_2pct,1400395.mmaster02,Elastic Checkpoint,0.001000,0.656667,0.500000,0.00000053
adaptive_1400395_2pct,1400395.mmaster02,Elastic Checkpoint,0.001000,0.660000,0.500000,0.00000043
adaptive_1400395_2pct,1400395.mmaster02,Elastic Checkpoint,0.001000,0.663333,0.500000,0.00000034
adaptive_1400395_2pct,1400395.mmaster02,Elastic Checkpoint,0.001000,0.666667,0.500000,0.00000027
adaptive_1400395_2pct,1400395.mmaster02,Elastic Checkpoint,0.001000,0.670000,0.500000,0.00000022
adaptive_1400395_2pct,1400395.mmaster02,Elastic Checkpoint,0.001000,0.673333,0.500000,0.00000018
adaptive_1400395_2pct,1400395.mmaster02,Elastic Checkpoint,0.001000,0.676667,0.500000,0.00000014
adaptive_1400395_2pct,1400395.mmaster02,Elastic Checkpoint,0.001000,0.680000,0.500000,0.00000011
adaptive_1400395_2pct,1400395.mmaster02,Elastic Checkpoint,0.001000,0.683333,0.500000,0.00000009
adaptive_1400395_2pct,1400395.mmaster02,Elastic Checkpoint,0.001000,0.686667,0.500000,0.00000007
adaptive_1400395_2pct,1400395.mmaster02,Elastic Checkpoint,0.001000,0.690000,0.500000,0.00000006
adaptive_1400395_2pct,1400395.mmaster02,Elastic Checkpoint,0.001000,0.693333,0.500000,0.00000005
adaptive_1400395_2pct,1400395.mmaster02,Elastic Checkpoint,0.001000,0.696667,0.500000,0.00000004
adaptive_1400395_2pct,1400395.mmaster02,Elastic Checkpoint,0.001000,0.700000,0.500000,0.00000003
adaptive_1400395_2pct,1400395.mmaster02,Elastic Checkpoint,0.001000,0.703333,0.500000,0.00000002
adaptive_1400395_2pct,1400395.mmaster02,Elastic Checkpoint,0.001000,0.706667,0.500000,0.00000002
adaptive_1400395_2pct,1400395.mmaster02,Elastic Checkpoint,0.001000,0.710000,0.500000,0.00000002
adaptive_1400395_2pct,1400395.mmaster02,Elastic Checkpoint,0.001000,0.713333,0.500000,0.00000001
adaptive_1400395_2pct,1400395.mmaster02,Elastic Checkpoint,0.001000,0.716667,0.500000,0.00000001
adaptive_1400395_2pct,1400395.mmaster02,Elastic Checkpoint,0.001000,0.720000,0.500000,0.00000001
adaptive_1400395_2pct,1400395.mmaster02,Elastic Checkpoint,0.001000,0.723333,0.500000,0.00000001
adaptive_1400395_2pct,1400395.mmaster02,Elastic Checkpoint,0.001000,0.726667,0.500000,0.00000001
adaptive_1400395_2pct,1400395.mmaster02,Elastic Checkpoint,0.001000,0.730000,0.500000,0.00000000
adaptive_1400395_2pct,1400395.mmaster02,Elastic Checkpoint,0.001000,0.733333,0.500000,0.00000000
adaptive_1400395_2pct,1400395.mmaster02,Elastic Checkpoint,0.001000,0.736667,0.500000,0.00000000
adaptive_1400395_2pct,1400395.mmaster02,Elastic Checkpoint,0.001000,0.740000,0.500000,0.00000000
adaptive_1400395_2pct,1400395.mmaster02,Elastic Checkpoint,0.001000,0.743333,0.500000,0.00000000
adaptive_1400395_2pct,1400395.mmaster02,Elastic Checkpoint,0.001000,0.746667,0.500000,0.00000000
adaptive_1400395_2pct,1400395.mmaster02,Elastic Checkpoint,0.001000,0.750000,0.500000,0.00000000
adaptive_1400395_2pct,1400395.mmaster02,Elastic Checkpoint,0.001000,0.753333,0.500000,0.00000000
adaptive_1400395_2pct,1400395.mmaster02,Elastic Checkpoint,0.001000,0.756667,0.500000,0.00000000
adaptive_1400395_2pct,1400395.mmaster02,Elastic Checkpoint,0.001000,0.760000,0.500000,0.00000000
adaptive_1400395_2pct,1400395.mmaster02,Elastic Checkpoint,0.001000,0.763333,0.500000,0.00000000
adaptive_1400395_2pct,1400395.mmaster02,Elastic Checkpoint,0.001000,0.766667,0.500000,0.00000000
adaptive_1400395_2pct,1400395.mmaster02,Elastic Checkpoint,0.001000,0.770000,0.500000,0.00000000
adaptive_1400395_2pct,1400395.mmaster02,Elastic Checkpoint,0.001000,0.773333,0.500000,0.00000000
adaptive_1400395_2pct,1400395.mmaster02,Elastic Checkpoint,0.001000,0.776667,0.500000,0.00000000
adaptive_1400395_2pct,1400395.mmaster02,Elastic Checkpoint,0.001000,0.780000,0.500000,0.00000000
adaptive_1400395_2pct,1400395.mmaster02,Elastic Checkpoint,0.001000,0.783333,0.500000,0.00000000
adaptive_1400395_2pct,1400395.mmaster02,Elastic Checkpoint,0.001000,0.786667,0.500000,0.00000000
adaptive_1400395_2pct,1400395.mmaster02,Elastic Checkpoint,0.001000,0.790000,0.500000,0.00000000
adaptive_1400395_2pct,1400395.mmaster02,Elastic Checkpoint,0.001000,0.793333,0.500000,0.00000000
adaptive_1400395_2pct,1400395.mmaster02,Elastic Checkpoint,0.001000,0.796667,0.500000,0.00000000
adaptive_1400395_2pct,1400395.mmaster02,Elastic Checkpoint,0.001000,0.800000,0.500000,0.00000000
adaptive_1400395_2pct,1400395.mmaster02,Elastic Checkpoint,0.001000,0.803333,0.500000,0.00000000
adaptive_1400395_2pct,1400395.mmaster02,Elastic Checkpoint,0.001000,0.806667,0.500000,0.00000000
adaptive_1400395_2pct,1400395.mmaster02,Elastic Checkpoint,0.001000,0.810000,0.500000,0.00000000
adaptive_1400395_2pct,1400395.mmaster02,Elastic Checkpoint,0.001000,0.813333,0.500000,0.00000000
adaptive_1400395_2pct,1400395.mmaster02,Elastic Checkpoint,0.001000,0.816667,0.500000,0.00000000
adaptive_1400395_2pct,1400395.mmaster02,Elastic Checkpoint,0.001000,0.820000,0.500000,0.00000000
adaptive_1400395_2pct,1400395.mmaster02,Elastic Checkpoint,0.001000,0.823333,0.500000,0.00000000
adaptive_1400395_2pct,1400395.mmaster02,Elastic Checkpoint,0.001000,0.826667,0.500000,0.00000000
adaptive_1400395_2pct,1400395.mmaster02,Elastic Checkpoint,0.001000,0.830000,0.500000,0.00000000
adaptive_1400395_2pct,1400395.mmaster02,Elastic Checkpoint,0.001000,0.833333,0.500000,0.00000000
adaptive_1400395_2pct,1400395.mmaster02,Elastic Checkpoint,0.001000,0.836667,0.500000,0.00000000
adaptive_1400395_2pct,1400395.mmaster02,Elastic Checkpoint,0.001000,0.840000,0.500000,0.00000000
adaptive_1400395_2pct,1400395.mmaster02,Elastic Checkpoint,0.001000,0.843333,0.500000,0.00000000
adaptive_1400395_2pct,1400395.mmaster02,Elastic Checkpoint,0.001000,0.846667,0.500000,0.00000000
adaptive_1400395_2pct,1400395.mmaster02,Elastic Checkpoint,0.001000,0.850000,0.500000,0.00000000
adaptive_1400395_2pct,1400395.mmaster02,Elastic Checkpoint,0.001000,0.853333,0.500000,0.00000000
adaptive_1400395_2pct,1400395.mmaster02,Elastic Checkpoint,0.001000,0.856667,0.500000,0.00000000
adaptive_1400395_2pct,1400395.mmaster02,Elastic Checkpoint,0.001000,0.860000,0.500000,0.00000000
adaptive_1400395_2pct,1400395.mmaster02,Elastic Checkpoint,0.001000,0.863333,0.500000,0.00000000
adaptive_1400395_2pct,1400395.mmaster02,Elastic Checkpoint,0.001000,0.866667,0.500000,0.00000000
adaptive_1400395_2pct,1400395.mmaster02,Elastic Checkpoint,0.001000,0.870000,0.500000,0.00000000
adaptive_1400395_2pct,1400395.mmaster02,Elastic Checkpoint,0.001000,0.873333,0.500000,0.00000000
adaptive_1400395_2pct,1400395.mmaster02,Elastic Checkpoint,0.001000,0.876667,0.500000,0.00000000
adaptive_1400395_2pct,1400395.mmaster02,Elastic Checkpoint,0.001000,0.880000,0.500000,0.00000000
adaptive_1400395_2pct,1400395.mmaster02,Elastic Checkpoint,0.001000,0.883333,0.500000,0.00000000
adaptive_1400395_2pct,1400395.mmaster02,Elastic Checkpoint,0.001000,0.886667,0.500000,0.00000000
adaptive_1400395_2pct,1400395.mmaster02,Elastic Checkpoint,0.001000,0.890000,0.500000,0.00000000
adaptive_1400395_2pct,1400395.mmaster02,Elastic Checkpoint,0.001000,0.893333,0.500000,0.00000000
adaptive_1400395_2pct,1400395.mmaster02,Elastic Checkpoint,0.001000,0.896667,0.500000,0.00000000
adaptive_1400395_2pct,1400395.mmaster02,Elastic Checkpoint,0.001000,0.900000,0.500000,0.00000000
adaptive_1400395_2pct,1400395.mmaster02,Elastic Checkpoint,0.001000,0.903333,0.500000,0.00000000
adaptive_1400395_2pct,1400395.mmaster02,Elastic Checkpoint,0.001000,0.906667,0.500000,0.00000000
adaptive_1400395_2pct,1400395.mmaster02,Elastic Checkpoint,0.001000,0.910000,0.500000,0.00000000
adaptive_1400395_2pct,1400395.mmaster02,Elastic Checkpoint,0.001000,0.913333,0.500000,0.00000000
adaptive_1400395_2pct,1400395.mmaster02,Elastic Checkpoint,0.001000,0.916667,0.500000,0.00000000
adaptive_1400395_2pct,1400395.mmaster02,Elastic Checkpoint,0.001000,0.920000,0.500000,0.00000000
adaptive_1400395_2pct,1400395.mmaster02,Elastic Checkpoint,0.001000,0.923333,0.500000,0.00000000
adaptive_1400395_2pct,1400395.mmaster02,Elastic Checkpoint,0.001000,0.926667,0.500000,0.00000000
adaptive_1400395_2pct,1400395.mmaster02,Elastic Checkpoint,0.001000,0.930000,0.500000,0.00000000
adaptive_1400395_2pct,1400395.mmaster02,Elastic Checkpoint,0.001000,0.933333,0.500000,0.00000000
adaptive_1400395_2pct,1400395.mmaster02,Elastic Checkpoint,0.001000,0.936667,0.500000,0.00000000
adaptive_1400395_2pct,1400395.mmaster02,Elastic Checkpoint,0.001000,0.940000,0.500000,0.00000000
adaptive_1400395_2pct,1400395.mmaster02,Elastic Checkpoint,0.001000,0.943333,0.500000,0.00000000
adaptive_1400395_2pct,1400395.mmaster02,Elastic Checkpoint,0.001000,0.946667,0.500000,0.00000000
adaptive_1400395_2pct,1400395.mmaster02,Elastic Checkpoint,0.001000,0.950000,0.500000,0.00000000
adaptive_1400395_2pct,1400395.mmaster02,Elastic Checkpoint,0.001000,0.953333,0.500000,0.00000000
adaptive_1400395_2pct,1400395.mmaster02,Elastic Checkpoint,0.001000,0.956667,0.500000,0.00000000
adaptive_1400395_2pct,1400395.mmaster02,Elastic Checkpoint,0.001000,0.960000,0.500000,0.00000000
adaptive_1400395_2pct,1400395.mmaster02,Elastic Checkpoint,0.001000,0.963333,0.500000,0.00000000
adaptive_1400395_2pct,1400395.mmaster02,Elastic Checkpoint,0.001000,0.966667,0.500000,0.00000000
adaptive_1400395_2pct,1400395.mmaster02,Elastic Checkpoint,0.001000,0.970000,0.500000,0.00000000
adaptive_1400395_2pct,1400395.mmaster02,Elastic Checkpoint,0.001000,0.973333,0.500000,0.00000000
adaptive_1400395_2pct,1400395.mmaster02,Elastic Checkpoint,0.001000,0.976667,0.500000,0.00000000
adaptive_1400395_2pct,1400395.mmaster02,Elastic Checkpoint,0.001000,0.980000,0.500000,0.00000000
adaptive_1400395_2pct,1400395.mmaster02,Elastic Checkpoint,0.001000,0.983333,0.500000,0.00000000
adaptive_1400395_2pct,1400395.mmaster02,Elastic Checkpoint,0.001000,0.986667,0.500000,0.00000000
adaptive_1400395_2pct,1400395.mmaster02,Elastic Checkpoint,0.001000,0.990000,0.500000,0.00000000
adaptive_1400395_2pct,1400395.mmaster02,Elastic Checkpoint,0.001000,0.993333,0.500000,0.00000000
adaptive_1400395_2pct,1400395.mmaster02,Elastic Checkpoint,0.001000,0.996667,0.500000,0.00000000
adaptive_1400395_2pct,1400395.mmaster02,Elastic Checkpoint,0.001000,1.000000,0.500000,0.00000000
adaptive_1400395_2pct,1400395.mmaster02,Pre-Peak Checkpoint,0.004000,0.500000,0.500000,0.84150000
adaptive_1400395_2pct,1400395.mmaster02,Pre-Peak Checkpoint,0.004000,0.503333,0.500000,0.84150000
adaptive_1400395_2pct,1400395.mmaster02,Pre-Peak Checkpoint,0.004000,0.506667,0.500000,0.70444357
adaptive_1400395_2pct,1400395.mmaster02,Pre-Peak Checkpoint,0.004000,0.510000,0.500000,0.56407432
adaptive_1400395_2pct,1400395.mmaster02,Pre-Peak Checkpoint,0.004000,0.513333,0.500000,0.45167541
adaptive_1400395_2pct,1400395.mmaster02,Pre-Peak Checkpoint,0.004000,0.516667,0.500000,0.36167339
adaptive_1400395_2pct,1400395.mmaster02,Pre-Peak Checkpoint,0.004000,0.520000,0.500000,0.28960541
adaptive_1400395_2pct,1400395.mmaster02,Pre-Peak Checkpoint,0.004000,0.523333,0.500000,0.23189789
adaptive_1400395_2pct,1400395.mmaster02,Pre-Peak Checkpoint,0.004000,0.526667,0.500000,0.18568931
adaptive_1400395_2pct,1400395.mmaster02,Pre-Peak Checkpoint,0.004000,0.530000,0.500000,0.14868838
adaptive_1400395_2pct,1400395.mmaster02,Pre-Peak Checkpoint,0.004000,0.533333,0.500000,0.11906034
adaptive_1400395_2pct,1400395.mmaster02,Pre-Peak Checkpoint,0.004000,0.536667,0.500000,0.09533607
adaptive_1400395_2pct,1400395.mmaster02,Pre-Peak Checkpoint,0.004000,0.540000,0.500000,0.07633916
adaptive_1400395_2pct,1400395.mmaster02,Pre-Peak Checkpoint,0.004000,0.543333,0.500000,0.06112762
adaptive_1400395_2pct,1400395.mmaster02,Pre-Peak Checkpoint,0.004000,0.546667,0.500000,0.04894717
adaptive_1400395_2pct,1400395.mmaster02,Pre-Peak Checkpoint,0.004000,0.550000,0.500000,0.03919383
adaptive_1400395_2pct,1400395.mmaster02,Pre-Peak Checkpoint,0.004000,0.553333,0.500000,0.03138397
adaptive_1400395_2pct,1400395.mmaster02,Pre-Peak Checkpoint,0.004000,0.556667,0.500000,0.02513032
adaptive_1400395_2pct,1400395.mmaster02,Pre-Peak Checkpoint,0.004000,0.560000,0.500000,0.02012278
adaptive_1400395_2pct,1400395.mmaster02,Pre-Peak Checkpoint,0.004000,0.563333,0.500000,0.01611307
adaptive_1400395_2pct,1400395.mmaster02,Pre-Peak Checkpoint,0.004000,0.566667,0.500000,0.01290233
adaptive_1400395_2pct,1400395.mmaster02,Pre-Peak Checkpoint,0.004000,0.570000,0.500000,0.01033138
adaptive_1400395_2pct,1400395.mmaster02,Pre-Peak Checkpoint,0.004000,0.573333,0.500000,0.00827272
adaptive_1400395_2pct,1400395.mmaster02,Pre-Peak Checkpoint,0.004000,0.576667,0.500000,0.00662428
adaptive_1400395_2pct,1400395.mmaster02,Pre-Peak Checkpoint,0.004000,0.580000,0.500000,0.00530431
adaptive_1400395_2pct,1400395.mmaster02,Pre-Peak Checkpoint,0.004000,0.583333,0.500000,0.00424736
adaptive_1400395_2pct,1400395.mmaster02,Pre-Peak Checkpoint,0.004000,0.586667,0.500000,0.00340102
adaptive_1400395_2pct,1400395.mmaster02,Pre-Peak Checkpoint,0.004000,0.590000,0.500000,0.00272332
adaptive_1400395_2pct,1400395.mmaster02,Pre-Peak Checkpoint,0.004000,0.593333,0.500000,0.00218067
adaptive_1400395_2pct,1400395.mmaster02,Pre-Peak Checkpoint,0.004000,0.596667,0.500000,0.00174614
adaptive_1400395_2pct,1400395.mmaster02,Pre-Peak Checkpoint,0.004000,0.600000,0.500000,0.00139820
adaptive_1400395_2pct,1400395.mmaster02,Pre-Peak Checkpoint,0.004000,0.603333,0.500000,0.00111959
adaptive_1400395_2pct,1400395.mmaster02,Pre-Peak Checkpoint,0.004000,0.606667,0.500000,0.00089650
adaptive_1400395_2pct,1400395.mmaster02,Pre-Peak Checkpoint,0.004000,0.610000,0.500000,0.00071786
adaptive_1400395_2pct,1400395.mmaster02,Pre-Peak Checkpoint,0.004000,0.613333,0.500000,0.00057482
adaptive_1400395_2pct,1400395.mmaster02,Pre-Peak Checkpoint,0.004000,0.616667,0.500000,0.00046028
adaptive_1400395_2pct,1400395.mmaster02,Pre-Peak Checkpoint,0.004000,0.620000,0.500000,0.00036856
adaptive_1400395_2pct,1400395.mmaster02,Pre-Peak Checkpoint,0.004000,0.623333,0.500000,0.00029512
adaptive_1400395_2pct,1400395.mmaster02,Pre-Peak Checkpoint,0.004000,0.626667,0.500000,0.00023631
adaptive_1400395_2pct,1400395.mmaster02,Pre-Peak Checkpoint,0.004000,0.630000,0.500000,0.00018923
adaptive_1400395_2pct,1400395.mmaster02,Pre-Peak Checkpoint,0.004000,0.633333,0.500000,0.00015152
adaptive_1400395_2pct,1400395.mmaster02,Pre-Peak Checkpoint,0.004000,0.636667,0.500000,0.00012133
adaptive_1400395_2pct,1400395.mmaster02,Pre-Peak Checkpoint,0.004000,0.640000,0.500000,0.00009715
adaptive_1400395_2pct,1400395.mmaster02,Pre-Peak Checkpoint,0.004000,0.643333,0.500000,0.00007779
adaptive_1400395_2pct,1400395.mmaster02,Pre-Peak Checkpoint,0.004000,0.646667,0.500000,0.00006229
adaptive_1400395_2pct,1400395.mmaster02,Pre-Peak Checkpoint,0.004000,0.650000,0.500000,0.00004988
adaptive_1400395_2pct,1400395.mmaster02,Pre-Peak Checkpoint,0.004000,0.653333,0.500000,0.00003994
adaptive_1400395_2pct,1400395.mmaster02,Pre-Peak Checkpoint,0.004000,0.656667,0.500000,0.00003198
adaptive_1400395_2pct,1400395.mmaster02,Pre-Peak Checkpoint,0.004000,0.660000,0.500000,0.00002561
adaptive_1400395_2pct,1400395.mmaster02,Pre-Peak Checkpoint,0.004000,0.663333,0.500000,0.00002051
adaptive_1400395_2pct,1400395.mmaster02,Pre-Peak Checkpoint,0.004000,0.666667,0.500000,0.00001642
adaptive_1400395_2pct,1400395.mmaster02,Pre-Peak Checkpoint,0.004000,0.670000,0.500000,0.00001315
adaptive_1400395_2pct,1400395.mmaster02,Pre-Peak Checkpoint,0.004000,0.673333,0.500000,0.00001053
adaptive_1400395_2pct,1400395.mmaster02,Pre-Peak Checkpoint,0.004000,0.676667,0.500000,0.00000843
adaptive_1400395_2pct,1400395.mmaster02,Pre-Peak Checkpoint,0.004000,0.680000,0.500000,0.00000675
adaptive_1400395_2pct,1400395.mmaster02,Pre-Peak Checkpoint,0.004000,0.683333,0.500000,0.00000541
adaptive_1400395_2pct,1400395.mmaster02,Pre-Peak Checkpoint,0.004000,0.686667,0.500000,0.00000433
adaptive_1400395_2pct,1400395.mmaster02,Pre-Peak Checkpoint,0.004000,0.690000,0.500000,0.00000347
adaptive_1400395_2pct,1400395.mmaster02,Pre-Peak Checkpoint,0.004000,0.693333,0.500000,0.00000278
adaptive_1400395_2pct,1400395.mmaster02,Pre-Peak Checkpoint,0.004000,0.696667,0.500000,0.00000222
adaptive_1400395_2pct,1400395.mmaster02,Pre-Peak Checkpoint,0.004000,0.700000,0.500000,0.00000178
adaptive_1400395_2pct,1400395.mmaster02,Pre-Peak Checkpoint,0.004000,0.703333,0.500000,0.00000142
adaptive_1400395_2pct,1400395.mmaster02,Pre-Peak Checkpoint,0.004000,0.706667,0.500000,0.00000114
adaptive_1400395_2pct,1400395.mmaster02,Pre-Peak Checkpoint,0.004000,0.710000,0.500000,0.00000091
adaptive_1400395_2pct,1400395.mmaster02,Pre-Peak Checkpoint,0.004000,0.713333,0.500000,0.00000073
adaptive_1400395_2pct,1400395.mmaster02,Pre-Peak Checkpoint,0.004000,0.716667,0.500000,0.00000059
adaptive_1400395_2pct,1400395.mmaster02,Pre-Peak Checkpoint,0.004000,0.720000,0.500000,0.00000047
adaptive_1400395_2pct,1400395.mmaster02,Pre-Peak Checkpoint,0.004000,0.723333,0.500000,0.00000038
adaptive_1400395_2pct,1400395.mmaster02,Pre-Peak Checkpoint,0.004000,0.726667,0.500000,0.00000030
adaptive_1400395_2pct,1400395.mmaster02,Pre-Peak Checkpoint,0.004000,0.730000,0.500000,0.00000024
adaptive_1400395_2pct,1400395.mmaster02,Pre-Peak Checkpoint,0.004000,0.733333,0.500000,0.00000019
adaptive_1400395_2pct,1400395.mmaster02,Pre-Peak Checkpoint,0.004000,0.736667,0.500000,0.00000015
adaptive_1400395_2pct,1400395.mmaster02,Pre-Peak Checkpoint,0.004000,0.740000,0.500000,0.00000012
adaptive_1400395_2pct,1400395.mmaster02,Pre-Peak Checkpoint,0.004000,0.743333,0.500000,0.00000010
adaptive_1400395_2pct,1400395.mmaster02,Pre-Peak Checkpoint,0.004000,0.746667,0.500000,0.00000008
adaptive_1400395_2pct,1400395.mmaster02,Pre-Peak Checkpoint,0.004000,0.750000,0.500000,0.00000006
adaptive_1400395_2pct,1400395.mmaster02,Pre-Peak Checkpoint,0.004000,0.753333,0.500000,0.00000005
adaptive_1400395_2pct,1400395.mmaster02,Pre-Peak Checkpoint,0.004000,0.756667,0.500000,0.00000004
adaptive_1400395_2pct,1400395.mmaster02,Pre-Peak Checkpoint,0.004000,0.760000,0.500000,0.00000003
adaptive_1400395_2pct,1400395.mmaster02,Pre-Peak Checkpoint,0.004000,0.763333,0.500000,0.00000003
adaptive_1400395_2pct,1400395.mmaster02,Pre-Peak Checkpoint,0.004000,0.766667,0.500000,0.00000002
adaptive_1400395_2pct,1400395.mmaster02,Pre-Peak Checkpoint,0.004000,0.770000,0.500000,0.00000002
adaptive_1400395_2pct,1400395.mmaster02,Pre-Peak Checkpoint,0.004000,0.773333,0.500000,0.00000001
adaptive_1400395_2pct,1400395.mmaster02,Pre-Peak Checkpoint,0.004000,0.776667,0.500000,0.00000001
adaptive_1400395_2pct,1400395.mmaster02,Pre-Peak Checkpoint,0.004000,0.780000,0.500000,0.00000001
adaptive_1400395_2pct,1400395.mmaster02,Pre-Peak Checkpoint,0.004000,0.783333,0.500000,0.00000001
adaptive_1400395_2pct,1400395.mmaster02,Pre-Peak Checkpoint,0.004000,0.786667,0.500000,0.00000001
adaptive_1400395_2pct,1400395.mmaster02,Pre-Peak Checkpoint,0.004000,0.790000,0.500000,0.00000000
adaptive_1400395_2pct,1400395.mmaster02,Pre-Peak Checkpoint,0.004000,0.793333,0.500000,0.00000000
adaptive_1400395_2pct,1400395.mmaster02,Pre-Peak Checkpoint,0.004000,0.796667,0.500000,0.00000000
adaptive_1400395_2pct,1400395.mmaster02,Pre-Peak Checkpoint,0.004000,0.800000,0.500000,0.00000000
adaptive_1400395_2pct,1400395.mmaster02,Pre-Peak Checkpoint,0.004000,0.803333,0.500000,0.00000000
adaptive_1400395_2pct,1400395.mmaster02,Pre-Peak Checkpoint,0.004000,0.806667,0.500000,0.00000000
adaptive_1400395_2pct,1400395.mmaster02,Pre-Peak Checkpoint,0.004000,0.810000,0.500000,0.00000000
adaptive_1400395_2pct,1400395.mmaster02,Pre-Peak Checkpoint,0.004000,0.813333,0.500000,0.00000000
adaptive_1400395_2pct,1400395.mmaster02,Pre-Peak Checkpoint,0.004000,0.816667,0.500000,0.00000000
adaptive_1400395_2pct,1400395.mmaster02,Pre-Peak Checkpoint,0.004000,0.820000,0.500000,0.00000000
adaptive_1400395_2pct,1400395.mmaster02,Pre-Peak Checkpoint,0.004000,0.823333,0.500000,0.00000000
adaptive_1400395_2pct,1400395.mmaster02,Pre-Peak Checkpoint,0.004000,0.826667,0.500000,0.00000000
adaptive_1400395_2pct,1400395.mmaster02,Pre-Peak Checkpoint,0.004000,0.830000,0.500000,0.00000000
adaptive_1400395_2pct,1400395.mmaster02,Pre-Peak Checkpoint,0.004000,0.833333,0.500000,0.00000000
adaptive_1400395_2pct,1400395.mmaster02,Pre-Peak Checkpoint,0.004000,0.836667,0.500000,0.00000000
adaptive_1400395_2pct,1400395.mmaster02,Pre-Peak Checkpoint,0.004000,0.840000,0.500000,0.00000000
adaptive_1400395_2pct,1400395.mmaster02,Pre-Peak Checkpoint,0.004000,0.843333,0.500000,0.00000000
adaptive_1400395_2pct,1400395.mmaster02,Pre-Peak Checkpoint,0.004000,0.846667,0.500000,0.00000000
adaptive_1400395_2pct,1400395.mmaster02,Pre-Peak Checkpoint,0.004000,0.850000,0.500000,0.00000000
adaptive_1400395_2pct,1400395.mmaster02,Pre-Peak Checkpoint,0.004000,0.853333,0.500000,0.00000000
adaptive_1400395_2pct,1400395.mmaster02,Pre-Peak Checkpoint,0.004000,0.856667,0.500000,0.00000000
adaptive_1400395_2pct,1400395.mmaster02,Pre-Peak Checkpoint,0.004000,0.860000,0.500000,0.00000000
adaptive_1400395_2pct,1400395.mmaster02,Pre-Peak Checkpoint,0.004000,0.863333,0.500000,0.00000000
adaptive_1400395_2pct,1400395.mmaster02,Pre-Peak Checkpoint,0.004000,0.866667,0.500000,0.00000000
adaptive_1400395_2pct,1400395.mmaster02,Pre-Peak Checkpoint,0.004000,0.870000,0.500000,0.00000000
adaptive_1400395_2pct,1400395.mmaster02,Pre-Peak Checkpoint,0.004000,0.873333,0.500000,0.00000000
adaptive_1400395_2pct,1400395.mmaster02,Pre-Peak Checkpoint,0.004000,0.876667,0.500000,0.00000000
adaptive_1400395_2pct,1400395.mmaster02,Pre-Peak Checkpoint,0.004000,0.880000,0.500000,0.00000000
adaptive_1400395_2pct,1400395.mmaster02,Pre-Peak Checkpoint,0.004000,0.883333,0.500000,0.00000000
adaptive_1400395_2pct,1400395.mmaster02,Pre-Peak Checkpoint,0.004000,0.886667,0.500000,0.00000000
adaptive_1400395_2pct,1400395.mmaster02,Pre-Peak Checkpoint,0.004000,0.890000,0.500000,0.00000000
adaptive_1400395_2pct,1400395.mmaster02,Pre-Peak Checkpoint,0.004000,0.893333,0.500000,0.00000000
adaptive_1400395_2pct,1400395.mmaster02,Pre-Peak Checkpoint,0.004000,0.896667,0.500000,0.00000000
adaptive_1400395_2pct,1400395.mmaster02,Pre-Peak Checkpoint,0.004000,0.900000,0.500000,0.00000000
adaptive_1400395_2pct,1400395.mmaster02,Pre-Peak Checkpoint,0.004000,0.903333,0.500000,0.00000000
adaptive_1400395_2pct,1400395.mmaster02,Pre-Peak Checkpoint,0.004000,0.906667,0.500000,0.00000000
adaptive_1400395_2pct,1400395.mmaster02,Pre-Peak Checkpoint,0.004000,0.910000,0.500000,0.00000000
adaptive_1400395_2pct,1400395.mmaster02,Pre-Peak Checkpoint,0.004000,0.913333,0.500000,0.00000000
adaptive_1400395_2pct,1400395.mmaster02,Pre-Peak Checkpoint,0.004000,0.916667,0.500000,0.00000000
adaptive_1400395_2pct,1400395.mmaster02,Pre-Peak Checkpoint,0.004000,0.920000,0.500000,0.00000000
adaptive_1400395_2pct,1400395.mmaster02,Pre-Peak Checkpoint,0.004000,0.923333,0.500000,0.00000000
adaptive_1400395_2pct,1400395.mmaster02,Pre-Peak Checkpoint,0.004000,0.926667,0.500000,0.00000000
adaptive_1400395_2pct,1400395.mmaster02,Pre-Peak Checkpoint,0.004000,0.930000,0.500000,0.00000000
adaptive_1400395_2pct,1400395.mmaster02,Pre-Peak Checkpoint,0.004000,0.933333,0.500000,0.00000000
adaptive_1400395_2pct,1400395.mmaster02,Pre-Peak Checkpoint,0.004000,0.936667,0.500000,0.00000000
adaptive_1400395_2pct,1400395.mmaster02,Pre-Peak Checkpoint,0.004000,0.940000,0.500000,0.00000000
adaptive_1400395_2pct,1400395.mmaster02,Pre-Peak Checkpoint,0.004000,0.943333,0.500000,0.00000000
adaptive_1400395_2pct,1400395.mmaster02,Pre-Peak Checkpoint,0.004000,0.946667,0.500000,0.00000000
adaptive_1400395_2pct,1400395.mmaster02,Pre-Peak Checkpoint,0.004000,0.950000,0.500000,0.00000000
adaptive_1400395_2pct,1400395.mmaster02,Pre-Peak Checkpoint,0.004000,0.953333,0.500000,0.00000000
adaptive_1400395_2pct,1400395.mmaster02,Pre-Peak Checkpoint,0.004000,0.956667,0.500000,0.00000000
adaptive_1400395_2pct,1400395.mmaster02,Pre-Peak Checkpoint,0.004000,0.960000,0.500000,0.00000000
adaptive_1400395_2pct,1400395.mmaster02,Pre-Peak Checkpoint,0.004000,0.963333,0.500000,0.00000000
adaptive_1400395_2pct,1400395.mmaster02,Pre-Peak Checkpoint,0.004000,0.966667,0.500000,0.00000000
adaptive_1400395_2pct,1400395.mmaster02,Pre-Peak Checkpoint,0.004000,0.970000,0.500000,0.00000000
adaptive_1400395_2pct,1400395.mmaster02,Pre-Peak Checkpoint,0.004000,0.973333,0.500000,0.00000000
adaptive_1400395_2pct,1400395.mmaster02,Pre-Peak Checkpoint,0.004000,0.976667,0.500000,0.00000000
adaptive_1400395_2pct,1400395.mmaster02,Pre-Peak Checkpoint,0.004000,0.980000,0.500000,0.00000000
adaptive_1400395_2pct,1400395.mmaster02,Pre-Peak Checkpoint,0.004000,0.983333,0.500000,0.00000000
adaptive_1400395_2pct,1400395.mmaster02,Pre-Peak Checkpoint,0.004000,0.986667,0.500000,0.00000000
adaptive_1400395_2pct,1400395.mmaster02,Pre-Peak Checkpoint,0.004000,0.990000,0.500000,0.00000000
adaptive_1400395_2pct,1400395.mmaster02,Pre-Peak Checkpoint,0.004000,0.993333,0.500000,0.00000000
adaptive_1400395_2pct,1400395.mmaster02,Pre-Peak Checkpoint,0.004000,0.996667,0.500000,0.00000000
adaptive_1400395_2pct,1400395.mmaster02,Pre-Peak Checkpoint,0.004000,1.000000,0.500000,0.00000000
adaptive_1400395_2pct,1400395.mmaster02,Post-Peak Checkpoint,0.006000,0.500000,0.500000,0.99850000
adaptive_1400395_2pct,1400395.mmaster02,Post-Peak Checkpoint,0.006000,0.503333,0.500000,0.99850000
adaptive_1400395_2pct,1400395.mmaster02,Post-Peak Checkpoint,0.006000,0.506667,0.500000,0.99850000
adaptive_1400395_2pct,1400395.mmaster02,Post-Peak Checkpoint,0.006000,0.510000,0.500000,0.99850000
adaptive_1400395_2pct,1400395.mmaster02,Post-Peak Checkpoint,0.006000,0.513333,0.500000,0.99850000
adaptive_1400395_2pct,1400395.mmaster02,Post-Peak Checkpoint,0.006000,0.516667,0.500000,0.99850000
adaptive_1400395_2pct,1400395.mmaster02,Post-Peak Checkpoint,0.006000,0.520000,0.500000,0.99850000
adaptive_1400395_2pct,1400395.mmaster02,Post-Peak Checkpoint,0.006000,0.523333,0.500000,0.99850000
adaptive_1400395_2pct,1400395.mmaster02,Post-Peak Checkpoint,0.006000,0.526667,0.500000,0.99850000
adaptive_1400395_2pct,1400395.mmaster02,Post-Peak Checkpoint,0.006000,0.530000,0.500000,0.99850000
adaptive_1400395_2pct,1400395.mmaster02,Post-Peak Checkpoint,0.006000,0.533333,0.500000,0.99850000
adaptive_1400395_2pct,1400395.mmaster02,Post-Peak Checkpoint,0.006000,0.536667,0.500000,0.99850000
adaptive_1400395_2pct,1400395.mmaster02,Post-Peak Checkpoint,0.006000,0.540000,0.500000,0.99850000
adaptive_1400395_2pct,1400395.mmaster02,Post-Peak Checkpoint,0.006000,0.543333,0.500000,0.99850000
adaptive_1400395_2pct,1400395.mmaster02,Post-Peak Checkpoint,0.006000,0.546667,0.500000,0.99850000
adaptive_1400395_2pct,1400395.mmaster02,Post-Peak Checkpoint,0.006000,0.550000,0.500000,0.99850000
adaptive_1400395_2pct,1400395.mmaster02,Post-Peak Checkpoint,0.006000,0.553333,0.500000,0.99850000
adaptive_1400395_2pct,1400395.mmaster02,Post-Peak Checkpoint,0.006000,0.556667,0.500000,0.99850000
adaptive_1400395_2pct,1400395.mmaster02,Post-Peak Checkpoint,0.006000,0.560000,0.500000,0.99850000
adaptive_1400395_2pct,1400395.mmaster02,Post-Peak Checkpoint,0.006000,0.563333,0.500000,0.99850000
adaptive_1400395_2pct,1400395.mmaster02,Post-Peak Checkpoint,0.006000,0.566667,0.500000,0.99850000
adaptive_1400395_2pct,1400395.mmaster02,Post-Peak Checkpoint,0.006000,0.570000,0.500000,0.99850000
adaptive_1400395_2pct,1400395.mmaster02,Post-Peak Checkpoint,0.006000,0.573333,0.500000,0.99850000
adaptive_1400395_2pct,1400395.mmaster02,Post-Peak Checkpoint,0.006000,0.576667,0.500000,0.99850000
adaptive_1400395_2pct,1400395.mmaster02,Post-Peak Checkpoint,0.006000,0.580000,0.500000,0.99850000
adaptive_1400395_2pct,1400395.mmaster02,Post-Peak Checkpoint,0.006000,0.583333,0.500000,0.99850000
adaptive_1400395_2pct,1400395.mmaster02,Post-Peak Checkpoint,0.006000,0.586667,0.500000,0.99850000
adaptive_1400395_2pct,1400395.mmaster02,Post-Peak Checkpoint,0.006000,0.590000,0.500000,0.99850000
adaptive_1400395_2pct,1400395.mmaster02,Post-Peak Checkpoint,0.006000,0.593333,0.500000,0.99850000
adaptive_1400395_2pct,1400395.mmaster02,Post-Peak Checkpoint,0.006000,0.596667,0.500000,0.99850000
adaptive_1400395_2pct,1400395.mmaster02,Post-Peak Checkpoint,0.006000,0.600000,0.500000,0.99850000
adaptive_1400395_2pct,1400395.mmaster02,Post-Peak Checkpoint,0.006000,0.603333,0.500000,0.99850000
adaptive_1400395_2pct,1400395.mmaster02,Post-Peak Checkpoint,0.006000,0.606667,0.500000,0.99850000
adaptive_1400395_2pct,1400395.mmaster02,Post-Peak Checkpoint,0.006000,0.610000,0.500000,0.99850000
adaptive_1400395_2pct,1400395.mmaster02,Post-Peak Checkpoint,0.006000,0.613333,0.500000,0.99850000
adaptive_1400395_2pct,1400395.mmaster02,Post-Peak Checkpoint,0.006000,0.616667,0.500000,0.99850000
adaptive_1400395_2pct,1400395.mmaster02,Post-Peak Checkpoint,0.006000,0.620000,0.500000,0.99850000
adaptive_1400395_2pct,1400395.mmaster02,Post-Peak Checkpoint,0.006000,0.623333,0.500000,0.99850000
adaptive_1400395_2pct,1400395.mmaster02,Post-Peak Checkpoint,0.006000,0.626667,0.500000,0.99850000
adaptive_1400395_2pct,1400395.mmaster02,Post-Peak Checkpoint,0.006000,0.630000,0.500000,0.99850000
adaptive_1400395_2pct,1400395.mmaster02,Post-Peak Checkpoint,0.006000,0.633333,0.500000,0.99850000
adaptive_1400395_2pct,1400395.mmaster02,Post-Peak Checkpoint,0.006000,0.636667,0.500000,0.99850000
adaptive_1400395_2pct,1400395.mmaster02,Post-Peak Checkpoint,0.006000,0.640000,0.500000,0.99850000
adaptive_1400395_2pct,1400395.mmaster02,Post-Peak Checkpoint,0.006000,0.643333,0.500000,0.99850000
adaptive_1400395_2pct,1400395.mmaster02,Post-Peak Checkpoint,0.006000,0.646667,0.500000,0.99850000
adaptive_1400395_2pct,1400395.mmaster02,Post-Peak Checkpoint,0.006000,0.650000,0.500000,0.99850000
adaptive_1400395_2pct,1400395.mmaster02,Post-Peak Checkpoint,0.006000,0.653333,0.500000,0.99850000
adaptive_1400395_2pct,1400395.mmaster02,Post-Peak Checkpoint,0.006000,0.656667,0.500000,0.99850000
adaptive_1400395_2pct,1400395.mmaster02,Post-Peak Checkpoint,0.006000,0.660000,0.500000,0.99850000
adaptive_1400395_2pct,1400395.mmaster02,Post-Peak Checkpoint,0.006000,0.663333,0.500000,0.99850000
adaptive_1400395_2pct,1400395.mmaster02,Post-Peak Checkpoint,0.006000,0.666667,0.500000,0.99850000
adaptive_1400395_2pct,1400395.mmaster02,Post-Peak Checkpoint,0.006000,0.670000,0.500000,0.99850000
adaptive_1400395_2pct,1400395.mmaster02,Post-Peak Checkpoint,0.006000,0.673333,0.500000,0.99850000
adaptive_1400395_2pct,1400395.mmaster02,Post-Peak Checkpoint,0.006000,0.676667,0.500000,0.99850000
adaptive_1400395_2pct,1400395.mmaster02,Post-Peak Checkpoint,0.006000,0.680000,0.500000,0.99850000
adaptive_1400395_2pct,1400395.mmaster02,Post-Peak Checkpoint,0.006000,0.683333,0.500000,0.99850000
adaptive_1400395_2pct,1400395.mmaster02,Post-Peak Checkpoint,0.006000,0.686667,0.500000,0.99850000
adaptive_1400395_2pct,1400395.mmaster02,Post-Peak Checkpoint,0.006000,0.690000,0.500000,0.99850000
adaptive_1400395_2pct,1400395.mmaster02,Post-Peak Checkpoint,0.006000,0.693333,0.500000,0.99850000
adaptive_1400395_2pct,1400395.mmaster02,Post-Peak Checkpoint,0.006000,0.696667,0.500000,0.99850000
adaptive_1400395_2pct,1400395.mmaster02,Post-Peak Checkpoint,0.006000,0.700000,0.500000,0.99850000
adaptive_1400395_2pct,1400395.mmaster02,Post-Peak Checkpoint,0.006000,0.703333,0.500000,0.99850000
adaptive_1400395_2pct,1400395.mmaster02,Post-Peak Checkpoint,0.006000,0.706667,0.500000,0.99850000
adaptive_1400395_2pct,1400395.mmaster02,Post-Peak Checkpoint,0.006000,0.710000,0.500000,0.99850000
adaptive_1400395_2pct,1400395.mmaster02,Post-Peak Checkpoint,0.006000,0.713333,0.500000,0.99850000
adaptive_1400395_2pct,1400395.mmaster02,Post-Peak Checkpoint,0.006000,0.716667,0.500000,0.99850000
adaptive_1400395_2pct,1400395.mmaster02,Post-Peak Checkpoint,0.006000,0.720000,0.500000,0.99850000
adaptive_1400395_2pct,1400395.mmaster02,Post-Peak Checkpoint,0.006000,0.723333,0.500000,0.99850000
adaptive_1400395_2pct,1400395.mmaster02,Post-Peak Checkpoint,0.006000,0.726667,0.500000,0.99850000
adaptive_1400395_2pct,1400395.mmaster02,Post-Peak Checkpoint,0.006000,0.730000,0.500000,0.99850000
adaptive_1400395_2pct,1400395.mmaster02,Post-Peak Checkpoint,0.006000,0.733333,0.500000,0.99850000
adaptive_1400395_2pct,1400395.mmaster02,Post-Peak Checkpoint,0.006000,0.736667,0.500000,0.99850000
adaptive_1400395_2pct,1400395.mmaster02,Post-Peak Checkpoint,0.006000,0.740000,0.500000,0.99850000
adaptive_1400395_2pct,1400395.mmaster02,Post-Peak Checkpoint,0.006000,0.743333,0.500000,0.99850000
adaptive_1400395_2pct,1400395.mmaster02,Post-Peak Checkpoint,0.006000,0.746667,0.500000,0.99850000
adaptive_1400395_2pct,1400395.mmaster02,Post-Peak Checkpoint,0.006000,0.750000,0.500000,0.99850000
adaptive_1400395_2pct,1400395.mmaster02,Post-Peak Checkpoint,0.006000,0.753333,0.500000,0.99850000
adaptive_1400395_2pct,1400395.mmaster02,Post-Peak Checkpoint,0.006000,0.756667,0.500000,0.99850000
adaptive_1400395_2pct,1400395.mmaster02,Post-Peak Checkpoint,0.006000,0.760000,0.500000,0.99850000
adaptive_1400395_2pct,1400395.mmaster02,Post-Peak Checkpoint,0.006000,0.763333,0.500000,0.99850000
adaptive_1400395_2pct,1400395.mmaster02,Post-Peak Checkpoint,0.006000,0.766667,0.500000,0.99850000
adaptive_1400395_2pct,1400395.mmaster02,Post-Peak Checkpoint,0.006000,0.770000,0.500000,0.99850000
adaptive_1400395_2pct,1400395.mmaster02,Post-Peak Checkpoint,0.006000,0.773333,0.500000,0.99850000
adaptive_1400395_2pct,1400395.mmaster02,Post-Peak Checkpoint,0.006000,0.776667,0.500000,0.99850000
adaptive_1400395_2pct,1400395.mmaster02,Post-Peak Checkpoint,0.006000,0.780000,0.500000,0.99850000
adaptive_1400395_2pct,1400395.mmaster02,Post-Peak Checkpoint,0.006000,0.783333,0.500000,0.99850000
adaptive_1400395_2pct,1400395.mmaster02,Post-Peak Checkpoint,0.006000,0.786667,0.500000,0.89349706
adaptive_1400395_2pct,1400395.mmaster02,Post-Peak Checkpoint,0.006000,0.790000,0.500000,0.71545651
adaptive_1400395_2pct,1400395.mmaster02,Post-Peak Checkpoint,0.006000,0.793333,0.500000,0.57289279
adaptive_1400395_2pct,1400395.mmaster02,Post-Peak Checkpoint,0.006000,0.796667,0.500000,0.45873669
adaptive_1400395_2pct,1400395.mmaster02,Post-Peak Checkpoint,0.006000,0.800000,0.500000,0.36732762
adaptive_1400395_2pct,1400395.mmaster02,Post-Peak Checkpoint,0.006000,0.803333,0.500000,0.29413297
adaptive_1400395_2pct,1400395.mmaster02,Post-Peak Checkpoint,0.006000,0.806667,0.500000,0.23552327
adaptive_1400395_2pct,1400395.mmaster02,Post-Peak Checkpoint,0.006000,0.810000,0.500000,0.18859229
adaptive_1400395_2pct,1400395.mmaster02,Post-Peak Checkpoint,0.006000,0.813333,0.500000,0.15101290
adaptive_1400395_2pct,1400395.mmaster02,Post-Peak Checkpoint,0.006000,0.816667,0.500000,0.12092168
adaptive_1400395_2pct,1400395.mmaster02,Post-Peak Checkpoint,0.006000,0.820000,0.500000,0.09682651
adaptive_1400395_2pct,1400395.mmaster02,Post-Peak Checkpoint,0.006000,0.823333,0.500000,0.07753261
adaptive_1400395_2pct,1400395.mmaster02,Post-Peak Checkpoint,0.006000,0.826667,0.500000,0.06208326
adaptive_1400395_2pct,1400395.mmaster02,Post-Peak Checkpoint,0.006000,0.830000,0.500000,0.04971239
adaptive_1400395_2pct,1400395.mmaster02,Post-Peak Checkpoint,0.006000,0.833333,0.500000,0.03980657
adaptive_1400395_2pct,1400395.mmaster02,Post-Peak Checkpoint,0.006000,0.836667,0.500000,0.03187461
adaptive_1400395_2pct,1400395.mmaster02,Post-Peak Checkpoint,0.006000,0.840000,0.500000,0.02552319
adaptive_1400395_2pct,1400395.mmaster02,Post-Peak Checkpoint,0.006000,0.843333,0.500000,0.02043737
adaptive_1400395_2pct,1400395.mmaster02,Post-Peak Checkpoint,0.006000,0.846667,0.500000,0.01636497
adaptive_1400395_2pct,1400395.mmaster02,Post-Peak Checkpoint,0.006000,0.850000,0.500000,0.01310404
adaptive_1400395_2pct,1400395.mmaster02,Post-Peak Checkpoint,0.006000,0.853333,0.500000,0.01049290
adaptive_1400395_2pct,1400395.mmaster02,Post-Peak Checkpoint,0.006000,0.856667,0.500000,0.00840206
adaptive_1400395_2pct,1400395.mmaster02,Post-Peak Checkpoint,0.006000,0.860000,0.500000,0.00672784
adaptive_1400395_2pct,1400395.mmaster02,Post-Peak Checkpoint,0.006000,0.863333,0.500000,0.00538723
adaptive_1400395_2pct,1400395.mmaster02,Post-Peak Checkpoint,0.006000,0.866667,0.500000,0.00431376
adaptive_1400395_2pct,1400395.mmaster02,Post-Peak Checkpoint,0.006000,0.870000,0.500000,0.00345419
adaptive_1400395_2pct,1400395.mmaster02,Post-Peak Checkpoint,0.006000,0.873333,0.500000,0.00276590
adaptive_1400395_2pct,1400395.mmaster02,Post-Peak Checkpoint,0.006000,0.876667,0.500000,0.00221476
adaptive_1400395_2pct,1400395.mmaster02,Post-Peak Checkpoint,0.006000,0.880000,0.500000,0.00177344
adaptive_1400395_2pct,1400395.mmaster02,Post-Peak Checkpoint,0.006000,0.883333,0.500000,0.00142006
adaptive_1400395_2pct,1400395.mmaster02,Post-Peak Checkpoint,0.006000,0.886667,0.500000,0.00113709
adaptive_1400395_2pct,1400395.mmaster02,Post-Peak Checkpoint,0.006000,0.890000,0.500000,0.00091051
adaptive_1400395_2pct,1400395.mmaster02,Post-Peak Checkpoint,0.006000,0.893333,0.500000,0.00072908
adaptive_1400395_2pct,1400395.mmaster02,Post-Peak Checkpoint,0.006000,0.896667,0.500000,0.00058380
adaptive_1400395_2pct,1400395.mmaster02,Post-Peak Checkpoint,0.006000,0.900000,0.500000,0.00046747
adaptive_1400395_2pct,1400395.mmaster02,Post-Peak Checkpoint,0.006000,0.903333,0.500000,0.00037432
adaptive_1400395_2pct,1400395.mmaster02,Post-Peak Checkpoint,0.006000,0.906667,0.500000,0.00029973
adaptive_1400395_2pct,1400395.mmaster02,Post-Peak Checkpoint,0.006000,0.910000,0.500000,0.00024001
adaptive_1400395_2pct,1400395.mmaster02,Post-Peak Checkpoint,0.006000,0.913333,0.500000,0.00019218
adaptive_1400395_2pct,1400395.mmaster02,Post-Peak Checkpoint,0.006000,0.916667,0.500000,0.00015389
adaptive_1400395_2pct,1400395.mmaster02,Post-Peak Checkpoint,0.006000,0.920000,0.500000,0.00012322
adaptive_1400395_2pct,1400395.mmaster02,Post-Peak Checkpoint,0.006000,0.923333,0.500000,0.00009867
adaptive_1400395_2pct,1400395.mmaster02,Post-Peak Checkpoint,0.006000,0.926667,0.500000,0.00007901
adaptive_1400395_2pct,1400395.mmaster02,Post-Peak Checkpoint,0.006000,0.930000,0.500000,0.00006327
adaptive_1400395_2pct,1400395.mmaster02,Post-Peak Checkpoint,0.006000,0.933333,0.500000,0.00005066
adaptive_1400395_2pct,1400395.mmaster02,Post-Peak Checkpoint,0.006000,0.936667,0.500000,0.00004056
adaptive_1400395_2pct,1400395.mmaster02,Post-Peak Checkpoint,0.006000,0.940000,0.500000,0.00003248
adaptive_1400395_2pct,1400395.mmaster02,Post-Peak Checkpoint,0.006000,0.943333,0.500000,0.00002601
adaptive_1400395_2pct,1400395.mmaster02,Post-Peak Checkpoint,0.006000,0.946667,0.500000,0.00002083
adaptive_1400395_2pct,1400395.mmaster02,Post-Peak Checkpoint,0.006000,0.950000,0.500000,0.00001668
adaptive_1400395_2pct,1400395.mmaster02,Post-Peak Checkpoint,0.006000,0.953333,0.500000,0.00001335
adaptive_1400395_2pct,1400395.mmaster02,Post-Peak Checkpoint,0.006000,0.956667,0.500000,0.00001069
adaptive_1400395_2pct,1400395.mmaster02,Post-Peak Checkpoint,0.006000,0.960000,0.500000,0.00000856
adaptive_1400395_2pct,1400395.mmaster02,Post-Peak Checkpoint,0.006000,0.963333,0.500000,0.00000686
adaptive_1400395_2pct,1400395.mmaster02,Post-Peak Checkpoint,0.006000,0.966667,0.500000,0.00000549
adaptive_1400395_2pct,1400395.mmaster02,Post-Peak Checkpoint,0.006000,0.970000,0.500000,0.00000440
adaptive_1400395_2pct,1400395.mmaster02,Post-Peak Checkpoint,0.006000,0.973333,0.500000,0.00000352
adaptive_1400395_2pct,1400395.mmaster02,Post-Peak Checkpoint,0.006000,0.976667,0.500000,0.00000282
adaptive_1400395_2pct,1400395.mmaster02,Post-Peak Checkpoint,0.006000,0.980000,0.500000,0.00000226
adaptive_1400395_2pct,1400395.mmaster02,Post-Peak Checkpoint,0.006000,0.983333,0.500000,0.00000181
adaptive_1400395_2pct,1400395.mmaster02,Post-Peak Checkpoint,0.006000,0.986667,0.500000,0.00000145
adaptive_1400395_2pct,1400395.mmaster02,Post-Peak Checkpoint,0.006000,0.990000,0.500000,0.00000116
adaptive_1400395_2pct,1400395.mmaster02,Post-Peak Checkpoint,0.006000,0.993333,0.500000,0.00000093
adaptive_1400395_2pct,1400395.mmaster02,Post-Peak Checkpoint,0.006000,0.996667,0.500000,0.00000074
adaptive_1400395_2pct,1400395.mmaster02,Post-Peak Checkpoint,0.006000,1.000000,0.500000,0.00000059
adaptive_1400396_5pct,1400396.mmaster02,Elastic Checkpoint,0.001000,0.500000,0.500000,0.01810000
adaptive_1400396_5pct,1400396.mmaster02,Elastic Checkpoint,0.001000,0.503333,0.500000,0.01449335
adaptive_1400396_5pct,1400396.mmaster02,Elastic Checkpoint,0.001000,0.506667,0.500000,0.01160537
adaptive_1400396_5pct,1400396.mmaster02,Elastic Checkpoint,0.001000,0.510000,0.500000,0.00929285
adaptive_1400396_5pct,1400396.mmaster02,Elastic Checkpoint,0.001000,0.513333,0.500000,0.00744113
adaptive_1400396_5pct,1400396.mmaster02,Elastic Checkpoint,0.001000,0.516667,0.500000,0.00595839
adaptive_1400396_5pct,1400396.mmaster02,Elastic Checkpoint,0.001000,0.520000,0.500000,0.00477111
adaptive_1400396_5pct,1400396.mmaster02,Elastic Checkpoint,0.001000,0.523333,0.500000,0.00382040
adaptive_1400396_5pct,1400396.mmaster02,Elastic Checkpoint,0.001000,0.526667,0.500000,0.00305914
adaptive_1400396_5pct,1400396.mmaster02,Elastic Checkpoint,0.001000,0.530000,0.500000,0.00244957
adaptive_1400396_5pct,1400396.mmaster02,Elastic Checkpoint,0.001000,0.533333,0.500000,0.00196146
adaptive_1400396_5pct,1400396.mmaster02,Elastic Checkpoint,0.001000,0.536667,0.500000,0.00157062
adaptive_1400396_5pct,1400396.mmaster02,Elastic Checkpoint,0.001000,0.540000,0.500000,0.00125765
adaptive_1400396_5pct,1400396.mmaster02,Elastic Checkpoint,0.001000,0.543333,0.500000,0.00100705
adaptive_1400396_5pct,1400396.mmaster02,Elastic Checkpoint,0.001000,0.546667,0.500000,0.00080638
adaptive_1400396_5pct,1400396.mmaster02,Elastic Checkpoint,0.001000,0.550000,0.500000,0.00064570
adaptive_1400396_5pct,1400396.mmaster02,Elastic Checkpoint,0.001000,0.553333,0.500000,0.00051704
adaptive_1400396_5pct,1400396.mmaster02,Elastic Checkpoint,0.001000,0.556667,0.500000,0.00041401
adaptive_1400396_5pct,1400396.mmaster02,Elastic Checkpoint,0.001000,0.560000,0.500000,0.00033151
adaptive_1400396_5pct,1400396.mmaster02,Elastic Checkpoint,0.001000,0.563333,0.500000,0.00026545
adaptive_1400396_5pct,1400396.mmaster02,Elastic Checkpoint,0.001000,0.566667,0.500000,0.00021256
adaptive_1400396_5pct,1400396.mmaster02,Elastic Checkpoint,0.001000,0.570000,0.500000,0.00017020
adaptive_1400396_5pct,1400396.mmaster02,Elastic Checkpoint,0.001000,0.573333,0.500000,0.00013629
adaptive_1400396_5pct,1400396.mmaster02,Elastic Checkpoint,0.001000,0.576667,0.500000,0.00010913
adaptive_1400396_5pct,1400396.mmaster02,Elastic Checkpoint,0.001000,0.580000,0.500000,0.00008739
adaptive_1400396_5pct,1400396.mmaster02,Elastic Checkpoint,0.001000,0.583333,0.500000,0.00006997
adaptive_1400396_5pct,1400396.mmaster02,Elastic Checkpoint,0.001000,0.586667,0.500000,0.00005603
adaptive_1400396_5pct,1400396.mmaster02,Elastic Checkpoint,0.001000,0.590000,0.500000,0.00004487
adaptive_1400396_5pct,1400396.mmaster02,Elastic Checkpoint,0.001000,0.593333,0.500000,0.00003593
adaptive_1400396_5pct,1400396.mmaster02,Elastic Checkpoint,0.001000,0.596667,0.500000,0.00002877
adaptive_1400396_5pct,1400396.mmaster02,Elastic Checkpoint,0.001000,0.600000,0.500000,0.00002303
adaptive_1400396_5pct,1400396.mmaster02,Elastic Checkpoint,0.001000,0.603333,0.500000,0.00001844
adaptive_1400396_5pct,1400396.mmaster02,Elastic Checkpoint,0.001000,0.606667,0.500000,0.00001477
adaptive_1400396_5pct,1400396.mmaster02,Elastic Checkpoint,0.001000,0.610000,0.500000,0.00001183
adaptive_1400396_5pct,1400396.mmaster02,Elastic Checkpoint,0.001000,0.613333,0.500000,0.00000947
adaptive_1400396_5pct,1400396.mmaster02,Elastic Checkpoint,0.001000,0.616667,0.500000,0.00000758
adaptive_1400396_5pct,1400396.mmaster02,Elastic Checkpoint,0.001000,0.620000,0.500000,0.00000607
adaptive_1400396_5pct,1400396.mmaster02,Elastic Checkpoint,0.001000,0.623333,0.500000,0.00000486
adaptive_1400396_5pct,1400396.mmaster02,Elastic Checkpoint,0.001000,0.626667,0.500000,0.00000389
adaptive_1400396_5pct,1400396.mmaster02,Elastic Checkpoint,0.001000,0.630000,0.500000,0.00000312
adaptive_1400396_5pct,1400396.mmaster02,Elastic Checkpoint,0.001000,0.633333,0.500000,0.00000250
adaptive_1400396_5pct,1400396.mmaster02,Elastic Checkpoint,0.001000,0.636667,0.500000,0.00000200
adaptive_1400396_5pct,1400396.mmaster02,Elastic Checkpoint,0.001000,0.640000,0.500000,0.00000160
adaptive_1400396_5pct,1400396.mmaster02,Elastic Checkpoint,0.001000,0.643333,0.500000,0.00000128
adaptive_1400396_5pct,1400396.mmaster02,Elastic Checkpoint,0.001000,0.646667,0.500000,0.00000103
adaptive_1400396_5pct,1400396.mmaster02,Elastic Checkpoint,0.001000,0.650000,0.500000,0.00000082
adaptive_1400396_5pct,1400396.mmaster02,Elastic Checkpoint,0.001000,0.653333,0.500000,0.00000066
adaptive_1400396_5pct,1400396.mmaster02,Elastic Checkpoint,0.001000,0.656667,0.500000,0.00000053
adaptive_1400396_5pct,1400396.mmaster02,Elastic Checkpoint,0.001000,0.660000,0.500000,0.00000042
adaptive_1400396_5pct,1400396.mmaster02,Elastic Checkpoint,0.001000,0.663333,0.500000,0.00000034
adaptive_1400396_5pct,1400396.mmaster02,Elastic Checkpoint,0.001000,0.666667,0.500000,0.00000027
adaptive_1400396_5pct,1400396.mmaster02,Elastic Checkpoint,0.001000,0.670000,0.500000,0.00000022
adaptive_1400396_5pct,1400396.mmaster02,Elastic Checkpoint,0.001000,0.673333,0.500000,0.00000017
adaptive_1400396_5pct,1400396.mmaster02,Elastic Checkpoint,0.001000,0.676667,0.500000,0.00000014
adaptive_1400396_5pct,1400396.mmaster02,Elastic Checkpoint,0.001000,0.680000,0.500000,0.00000011
adaptive_1400396_5pct,1400396.mmaster02,Elastic Checkpoint,0.001000,0.683333,0.500000,0.00000009
adaptive_1400396_5pct,1400396.mmaster02,Elastic Checkpoint,0.001000,0.686667,0.500000,0.00000007
adaptive_1400396_5pct,1400396.mmaster02,Elastic Checkpoint,0.001000,0.690000,0.500000,0.00000006
adaptive_1400396_5pct,1400396.mmaster02,Elastic Checkpoint,0.001000,0.693333,0.500000,0.00000005
adaptive_1400396_5pct,1400396.mmaster02,Elastic Checkpoint,0.001000,0.696667,0.500000,0.00000004
adaptive_1400396_5pct,1400396.mmaster02,Elastic Checkpoint,0.001000,0.700000,0.500000,0.00000003
adaptive_1400396_5pct,1400396.mmaster02,Elastic Checkpoint,0.001000,0.703333,0.500000,0.00000002
adaptive_1400396_5pct,1400396.mmaster02,Elastic Checkpoint,0.001000,0.706667,0.500000,0.00000002
adaptive_1400396_5pct,1400396.mmaster02,Elastic Checkpoint,0.001000,0.710000,0.500000,0.00000002
adaptive_1400396_5pct,1400396.mmaster02,Elastic Checkpoint,0.001000,0.713333,0.500000,0.00000001
adaptive_1400396_5pct,1400396.mmaster02,Elastic Checkpoint,0.001000,0.716667,0.500000,0.00000001
adaptive_1400396_5pct,1400396.mmaster02,Elastic Checkpoint,0.001000,0.720000,0.500000,0.00000001
adaptive_1400396_5pct,1400396.mmaster02,Elastic Checkpoint,0.001000,0.723333,0.500000,0.00000001
adaptive_1400396_5pct,1400396.mmaster02,Elastic Checkpoint,0.001000,0.726667,0.500000,0.00000000
adaptive_1400396_5pct,1400396.mmaster02,Elastic Checkpoint,0.001000,0.730000,0.500000,0.00000000
adaptive_1400396_5pct,1400396.mmaster02,Elastic Checkpoint,0.001000,0.733333,0.500000,0.00000000
adaptive_1400396_5pct,1400396.mmaster02,Elastic Checkpoint,0.001000,0.736667,0.500000,0.00000000
adaptive_1400396_5pct,1400396.mmaster02,Elastic Checkpoint,0.001000,0.740000,0.500000,0.00000000
adaptive_1400396_5pct,1400396.mmaster02,Elastic Checkpoint,0.001000,0.743333,0.500000,0.00000000
adaptive_1400396_5pct,1400396.mmaster02,Elastic Checkpoint,0.001000,0.746667,0.500000,0.00000000
adaptive_1400396_5pct,1400396.mmaster02,Elastic Checkpoint,0.001000,0.750000,0.500000,0.00000000
adaptive_1400396_5pct,1400396.mmaster02,Elastic Checkpoint,0.001000,0.753333,0.500000,0.00000000
adaptive_1400396_5pct,1400396.mmaster02,Elastic Checkpoint,0.001000,0.756667,0.500000,0.00000000
adaptive_1400396_5pct,1400396.mmaster02,Elastic Checkpoint,0.001000,0.760000,0.500000,0.00000000
adaptive_1400396_5pct,1400396.mmaster02,Elastic Checkpoint,0.001000,0.763333,0.500000,0.00000000
adaptive_1400396_5pct,1400396.mmaster02,Elastic Checkpoint,0.001000,0.766667,0.500000,0.00000000
adaptive_1400396_5pct,1400396.mmaster02,Elastic Checkpoint,0.001000,0.770000,0.500000,0.00000000
adaptive_1400396_5pct,1400396.mmaster02,Elastic Checkpoint,0.001000,0.773333,0.500000,0.00000000
adaptive_1400396_5pct,1400396.mmaster02,Elastic Checkpoint,0.001000,0.776667,0.500000,0.00000000
adaptive_1400396_5pct,1400396.mmaster02,Elastic Checkpoint,0.001000,0.780000,0.500000,0.00000000
adaptive_1400396_5pct,1400396.mmaster02,Elastic Checkpoint,0.001000,0.783333,0.500000,0.00000000
adaptive_1400396_5pct,1400396.mmaster02,Elastic Checkpoint,0.001000,0.786667,0.500000,0.00000000
adaptive_1400396_5pct,1400396.mmaster02,Elastic Checkpoint,0.001000,0.790000,0.500000,0.00000000
adaptive_1400396_5pct,1400396.mmaster02,Elastic Checkpoint,0.001000,0.793333,0.500000,0.00000000
adaptive_1400396_5pct,1400396.mmaster02,Elastic Checkpoint,0.001000,0.796667,0.500000,0.00000000
adaptive_1400396_5pct,1400396.mmaster02,Elastic Checkpoint,0.001000,0.800000,0.500000,0.00000000
adaptive_1400396_5pct,1400396.mmaster02,Elastic Checkpoint,0.001000,0.803333,0.500000,0.00000000
adaptive_1400396_5pct,1400396.mmaster02,Elastic Checkpoint,0.001000,0.806667,0.500000,0.00000000
adaptive_1400396_5pct,1400396.mmaster02,Elastic Checkpoint,0.001000,0.810000,0.500000,0.00000000
adaptive_1400396_5pct,1400396.mmaster02,Elastic Checkpoint,0.001000,0.813333,0.500000,0.00000000
adaptive_1400396_5pct,1400396.mmaster02,Elastic Checkpoint,0.001000,0.816667,0.500000,0.00000000
adaptive_1400396_5pct,1400396.mmaster02,Elastic Checkpoint,0.001000,0.820000,0.500000,0.00000000
adaptive_1400396_5pct,1400396.mmaster02,Elastic Checkpoint,0.001000,0.823333,0.500000,0.00000000
adaptive_1400396_5pct,1400396.mmaster02,Elastic Checkpoint,0.001000,0.826667,0.500000,0.00000000
adaptive_1400396_5pct,1400396.mmaster02,Elastic Checkpoint,0.001000,0.830000,0.500000,0.00000000
adaptive_1400396_5pct,1400396.mmaster02,Elastic Checkpoint,0.001000,0.833333,0.500000,0.00000000
adaptive_1400396_5pct,1400396.mmaster02,Elastic Checkpoint,0.001000,0.836667,0.500000,0.00000000
adaptive_1400396_5pct,1400396.mmaster02,Elastic Checkpoint,0.001000,0.840000,0.500000,0.00000000
adaptive_1400396_5pct,1400396.mmaster02,Elastic Checkpoint,0.001000,0.843333,0.500000,0.00000000
adaptive_1400396_5pct,1400396.mmaster02,Elastic Checkpoint,0.001000,0.846667,0.500000,0.00000000
adaptive_1400396_5pct,1400396.mmaster02,Elastic Checkpoint,0.001000,0.850000,0.500000,0.00000000
adaptive_1400396_5pct,1400396.mmaster02,Elastic Checkpoint,0.001000,0.853333,0.500000,0.00000000
adaptive_1400396_5pct,1400396.mmaster02,Elastic Checkpoint,0.001000,0.856667,0.500000,0.00000000
adaptive_1400396_5pct,1400396.mmaster02,Elastic Checkpoint,0.001000,0.860000,0.500000,0.00000000
adaptive_1400396_5pct,1400396.mmaster02,Elastic Checkpoint,0.001000,0.863333,0.500000,0.00000000
adaptive_1400396_5pct,1400396.mmaster02,Elastic Checkpoint,0.001000,0.866667,0.500000,0.00000000
adaptive_1400396_5pct,1400396.mmaster02,Elastic Checkpoint,0.001000,0.870000,0.500000,0.00000000
adaptive_1400396_5pct,1400396.mmaster02,Elastic Checkpoint,0.001000,0.873333,0.500000,0.00000000
adaptive_1400396_5pct,1400396.mmaster02,Elastic Checkpoint,0.001000,0.876667,0.500000,0.00000000
adaptive_1400396_5pct,1400396.mmaster02,Elastic Checkpoint,0.001000,0.880000,0.500000,0.00000000
adaptive_1400396_5pct,1400396.mmaster02,Elastic Checkpoint,0.001000,0.883333,0.500000,0.00000000
adaptive_1400396_5pct,1400396.mmaster02,Elastic Checkpoint,0.001000,0.886667,0.500000,0.00000000
adaptive_1400396_5pct,1400396.mmaster02,Elastic Checkpoint,0.001000,0.890000,0.500000,0.00000000
adaptive_1400396_5pct,1400396.mmaster02,Elastic Checkpoint,0.001000,0.893333,0.500000,0.00000000
adaptive_1400396_5pct,1400396.mmaster02,Elastic Checkpoint,0.001000,0.896667,0.500000,0.00000000
adaptive_1400396_5pct,1400396.mmaster02,Elastic Checkpoint,0.001000,0.900000,0.500000,0.00000000
adaptive_1400396_5pct,1400396.mmaster02,Elastic Checkpoint,0.001000,0.903333,0.500000,0.00000000
adaptive_1400396_5pct,1400396.mmaster02,Elastic Checkpoint,0.001000,0.906667,0.500000,0.00000000
adaptive_1400396_5pct,1400396.mmaster02,Elastic Checkpoint,0.001000,0.910000,0.500000,0.00000000
adaptive_1400396_5pct,1400396.mmaster02,Elastic Checkpoint,0.001000,0.913333,0.500000,0.00000000
adaptive_1400396_5pct,1400396.mmaster02,Elastic Checkpoint,0.001000,0.916667,0.500000,0.00000000
adaptive_1400396_5pct,1400396.mmaster02,Elastic Checkpoint,0.001000,0.920000,0.500000,0.00000000
adaptive_1400396_5pct,1400396.mmaster02,Elastic Checkpoint,0.001000,0.923333,0.500000,0.00000000
adaptive_1400396_5pct,1400396.mmaster02,Elastic Checkpoint,0.001000,0.926667,0.500000,0.00000000
adaptive_1400396_5pct,1400396.mmaster02,Elastic Checkpoint,0.001000,0.930000,0.500000,0.00000000
adaptive_1400396_5pct,1400396.mmaster02,Elastic Checkpoint,0.001000,0.933333,0.500000,0.00000000
adaptive_1400396_5pct,1400396.mmaster02,Elastic Checkpoint,0.001000,0.936667,0.500000,0.00000000
adaptive_1400396_5pct,1400396.mmaster02,Elastic Checkpoint,0.001000,0.940000,0.500000,0.00000000
adaptive_1400396_5pct,1400396.mmaster02,Elastic Checkpoint,0.001000,0.943333,0.500000,0.00000000
adaptive_1400396_5pct,1400396.mmaster02,Elastic Checkpoint,0.001000,0.946667,0.500000,0.00000000
adaptive_1400396_5pct,1400396.mmaster02,Elastic Checkpoint,0.001000,0.950000,0.500000,0.00000000
adaptive_1400396_5pct,1400396.mmaster02,Elastic Checkpoint,0.001000,0.953333,0.500000,0.00000000
adaptive_1400396_5pct,1400396.mmaster02,Elastic Checkpoint,0.001000,0.956667,0.500000,0.00000000
adaptive_1400396_5pct,1400396.mmaster02,Elastic Checkpoint,0.001000,0.960000,0.500000,0.00000000
adaptive_1400396_5pct,1400396.mmaster02,Elastic Checkpoint,0.001000,0.963333,0.500000,0.00000000
adaptive_1400396_5pct,1400396.mmaster02,Elastic Checkpoint,0.001000,0.966667,0.500000,0.00000000
adaptive_1400396_5pct,1400396.mmaster02,Elastic Checkpoint,0.001000,0.970000,0.500000,0.00000000
adaptive_1400396_5pct,1400396.mmaster02,Elastic Checkpoint,0.001000,0.973333,0.500000,0.00000000
adaptive_1400396_5pct,1400396.mmaster02,Elastic Checkpoint,0.001000,0.976667,0.500000,0.00000000
adaptive_1400396_5pct,1400396.mmaster02,Elastic Checkpoint,0.001000,0.980000,0.500000,0.00000000
adaptive_1400396_5pct,1400396.mmaster02,Elastic Checkpoint,0.001000,0.983333,0.500000,0.00000000
adaptive_1400396_5pct,1400396.mmaster02,Elastic Checkpoint,0.001000,0.986667,0.500000,0.00000000
adaptive_1400396_5pct,1400396.mmaster02,Elastic Checkpoint,0.001000,0.990000,0.500000,0.00000000
adaptive_1400396_5pct,1400396.mmaster02,Elastic Checkpoint,0.001000,0.993333,0.500000,0.00000000
adaptive_1400396_5pct,1400396.mmaster02,Elastic Checkpoint,0.001000,0.996667,0.500000,0.00000000
adaptive_1400396_5pct,1400396.mmaster02,Elastic Checkpoint,0.001000,1.000000,0.500000,0.00000000
adaptive_1400396_5pct,1400396.mmaster02,Pre-Peak Checkpoint,0.004000,0.500000,0.500000,0.52400000
adaptive_1400396_5pct,1400396.mmaster02,Pre-Peak Checkpoint,0.004000,0.503333,0.500000,0.41958640
adaptive_1400396_5pct,1400396.mmaster02,Pre-Peak Checkpoint,0.004000,0.506667,0.500000,0.33597852
adaptive_1400396_5pct,1400396.mmaster02,Pre-Peak Checkpoint,0.004000,0.510000,0.500000,0.26903057
adaptive_1400396_5pct,1400396.mmaster02,Pre-Peak Checkpoint,0.004000,0.513333,0.500000,0.21542284
adaptive_1400396_5pct,1400396.mmaster02,Pre-Peak Checkpoint,0.004000,0.516667,0.500000,0.17249713
adaptive_1400396_5pct,1400396.mmaster02,Pre-Peak Checkpoint,0.004000,0.520000,0.500000,0.13812490
adaptive_1400396_5pct,1400396.mmaster02,Pre-Peak Checkpoint,0.004000,0.523333,0.500000,0.11060177
adaptive_1400396_5pct,1400396.mmaster02,Pre-Peak Checkpoint,0.004000,0.526667,0.500000,0.08856298
adaptive_1400396_5pct,1400396.mmaster02,Pre-Peak Checkpoint,0.004000,0.530000,0.500000,0.07091569
adaptive_1400396_5pct,1400396.mmaster02,Pre-Peak Checkpoint,0.004000,0.533333,0.500000,0.05678484
adaptive_1400396_5pct,1400396.mmaster02,Pre-Peak Checkpoint,0.004000,0.536667,0.500000,0.04546975
adaptive_1400396_5pct,1400396.mmaster02,Pre-Peak Checkpoint,0.004000,0.540000,0.500000,0.03640933
adaptive_1400396_5pct,1400396.mmaster02,Pre-Peak Checkpoint,0.004000,0.543333,0.500000,0.02915431
adaptive_1400396_5pct,1400396.mmaster02,Pre-Peak Checkpoint,0.004000,0.546667,0.500000,0.02334495
adaptive_1400396_5pct,1400396.mmaster02,Pre-Peak Checkpoint,0.004000,0.550000,0.500000,0.01869317
adaptive_1400396_5pct,1400396.mmaster02,Pre-Peak Checkpoint,0.004000,0.553333,0.500000,0.01496832
adaptive_1400396_5pct,1400396.mmaster02,Pre-Peak Checkpoint,0.004000,0.556667,0.500000,0.01198570
adaptive_1400396_5pct,1400396.mmaster02,Pre-Peak Checkpoint,0.004000,0.560000,0.500000,0.00959739
adaptive_1400396_5pct,1400396.mmaster02,Pre-Peak Checkpoint,0.004000,0.563333,0.500000,0.00768499
adaptive_1400396_5pct,1400396.mmaster02,Pre-Peak Checkpoint,0.004000,0.566667,0.500000,0.00615366
adaptive_1400396_5pct,1400396.mmaster02,Pre-Peak Checkpoint,0.004000,0.570000,0.500000,0.00492747
adaptive_1400396_5pct,1400396.mmaster02,Pre-Peak Checkpoint,0.004000,0.573333,0.500000,0.00394561
adaptive_1400396_5pct,1400396.mmaster02,Pre-Peak Checkpoint,0.004000,0.576667,0.500000,0.00315940
adaptive_1400396_5pct,1400396.mmaster02,Pre-Peak Checkpoint,0.004000,0.580000,0.500000,0.00252985
adaptive_1400396_5pct,1400396.mmaster02,Pre-Peak Checkpoint,0.004000,0.583333,0.500000,0.00202574
adaptive_1400396_5pct,1400396.mmaster02,Pre-Peak Checkpoint,0.004000,0.586667,0.500000,0.00162209
adaptive_1400396_5pct,1400396.mmaster02,Pre-Peak Checkpoint,0.004000,0.590000,0.500000,0.00129887
adaptive_1400396_5pct,1400396.mmaster02,Pre-Peak Checkpoint,0.004000,0.593333,0.500000,0.00104005
adaptive_1400396_5pct,1400396.mmaster02,Pre-Peak Checkpoint,0.004000,0.596667,0.500000,0.00083281
adaptive_1400396_5pct,1400396.mmaster02,Pre-Peak Checkpoint,0.004000,0.600000,0.500000,0.00066686
adaptive_1400396_5pct,1400396.mmaster02,Pre-Peak Checkpoint,0.004000,0.603333,0.500000,0.00053398
adaptive_1400396_5pct,1400396.mmaster02,Pre-Peak Checkpoint,0.004000,0.606667,0.500000,0.00042758
adaptive_1400396_5pct,1400396.mmaster02,Pre-Peak Checkpoint,0.004000,0.610000,0.500000,0.00034238
adaptive_1400396_5pct,1400396.mmaster02,Pre-Peak Checkpoint,0.004000,0.613333,0.500000,0.00027415
adaptive_1400396_5pct,1400396.mmaster02,Pre-Peak Checkpoint,0.004000,0.616667,0.500000,0.00021953
adaptive_1400396_5pct,1400396.mmaster02,Pre-Peak Checkpoint,0.004000,0.620000,0.500000,0.00017578
adaptive_1400396_5pct,1400396.mmaster02,Pre-Peak Checkpoint,0.004000,0.623333,0.500000,0.00014076
adaptive_1400396_5pct,1400396.mmaster02,Pre-Peak Checkpoint,0.004000,0.626667,0.500000,0.00011271
adaptive_1400396_5pct,1400396.mmaster02,Pre-Peak Checkpoint,0.004000,0.630000,0.500000,0.00009025
adaptive_1400396_5pct,1400396.mmaster02,Pre-Peak Checkpoint,0.004000,0.633333,0.500000,0.00007227
adaptive_1400396_5pct,1400396.mmaster02,Pre-Peak Checkpoint,0.004000,0.636667,0.500000,0.00005787
adaptive_1400396_5pct,1400396.mmaster02,Pre-Peak Checkpoint,0.004000,0.640000,0.500000,0.00004634
adaptive_1400396_5pct,1400396.mmaster02,Pre-Peak Checkpoint,0.004000,0.643333,0.500000,0.00003710
adaptive_1400396_5pct,1400396.mmaster02,Pre-Peak Checkpoint,0.004000,0.646667,0.500000,0.00002971
adaptive_1400396_5pct,1400396.mmaster02,Pre-Peak Checkpoint,0.004000,0.650000,0.500000,0.00002379
adaptive_1400396_5pct,1400396.mmaster02,Pre-Peak Checkpoint,0.004000,0.653333,0.500000,0.00001905
adaptive_1400396_5pct,1400396.mmaster02,Pre-Peak Checkpoint,0.004000,0.656667,0.500000,0.00001525
adaptive_1400396_5pct,1400396.mmaster02,Pre-Peak Checkpoint,0.004000,0.660000,0.500000,0.00001221
adaptive_1400396_5pct,1400396.mmaster02,Pre-Peak Checkpoint,0.004000,0.663333,0.500000,0.00000978
adaptive_1400396_5pct,1400396.mmaster02,Pre-Peak Checkpoint,0.004000,0.666667,0.500000,0.00000783
adaptive_1400396_5pct,1400396.mmaster02,Pre-Peak Checkpoint,0.004000,0.670000,0.500000,0.00000627
adaptive_1400396_5pct,1400396.mmaster02,Pre-Peak Checkpoint,0.004000,0.673333,0.500000,0.00000502
adaptive_1400396_5pct,1400396.mmaster02,Pre-Peak Checkpoint,0.004000,0.676667,0.500000,0.00000402
adaptive_1400396_5pct,1400396.mmaster02,Pre-Peak Checkpoint,0.004000,0.680000,0.500000,0.00000322
adaptive_1400396_5pct,1400396.mmaster02,Pre-Peak Checkpoint,0.004000,0.683333,0.500000,0.00000258
adaptive_1400396_5pct,1400396.mmaster02,Pre-Peak Checkpoint,0.004000,0.686667,0.500000,0.00000206
adaptive_1400396_5pct,1400396.mmaster02,Pre-Peak Checkpoint,0.004000,0.690000,0.500000,0.00000165
adaptive_1400396_5pct,1400396.mmaster02,Pre-Peak Checkpoint,0.004000,0.693333,0.500000,0.00000132
adaptive_1400396_5pct,1400396.mmaster02,Pre-Peak Checkpoint,0.004000,0.696667,0.500000,0.00000106
adaptive_1400396_5pct,1400396.mmaster02,Pre-Peak Checkpoint,0.004000,0.700000,0.500000,0.00000085
adaptive_1400396_5pct,1400396.mmaster02,Pre-Peak Checkpoint,0.004000,0.703333,0.500000,0.00000068
adaptive_1400396_5pct,1400396.mmaster02,Pre-Peak Checkpoint,0.004000,0.706667,0.500000,0.00000054
adaptive_1400396_5pct,1400396.mmaster02,Pre-Peak Checkpoint,0.004000,0.710000,0.500000,0.00000044
adaptive_1400396_5pct,1400396.mmaster02,Pre-Peak Checkpoint,0.004000,0.713333,0.500000,0.00000035
adaptive_1400396_5pct,1400396.mmaster02,Pre-Peak Checkpoint,0.004000,0.716667,0.500000,0.00000028
adaptive_1400396_5pct,1400396.mmaster02,Pre-Peak Checkpoint,0.004000,0.720000,0.500000,0.00000022
adaptive_1400396_5pct,1400396.mmaster02,Pre-Peak Checkpoint,0.004000,0.723333,0.500000,0.00000018
adaptive_1400396_5pct,1400396.mmaster02,Pre-Peak Checkpoint,0.004000,0.726667,0.500000,0.00000014
adaptive_1400396_5pct,1400396.mmaster02,Pre-Peak Checkpoint,0.004000,0.730000,0.500000,0.00000011
adaptive_1400396_5pct,1400396.mmaster02,Pre-Peak Checkpoint,0.004000,0.733333,0.500000,0.00000009
adaptive_1400396_5pct,1400396.mmaster02,Pre-Peak Checkpoint,0.004000,0.736667,0.500000,0.00000007
adaptive_1400396_5pct,1400396.mmaster02,Pre-Peak Checkpoint,0.004000,0.740000,0.500000,0.00000006
adaptive_1400396_5pct,1400396.mmaster02,Pre-Peak Checkpoint,0.004000,0.743333,0.500000,0.00000005
adaptive_1400396_5pct,1400396.mmaster02,Pre-Peak Checkpoint,0.004000,0.746667,0.500000,0.00000004
adaptive_1400396_5pct,1400396.mmaster02,Pre-Peak Checkpoint,0.004000,0.750000,0.500000,0.00000003
adaptive_1400396_5pct,1400396.mmaster02,Pre-Peak Checkpoint,0.004000,0.753333,0.500000,0.00000002
adaptive_1400396_5pct,1400396.mmaster02,Pre-Peak Checkpoint,0.004000,0.756667,0.500000,0.00000002
adaptive_1400396_5pct,1400396.mmaster02,Pre-Peak Checkpoint,0.004000,0.760000,0.500000,0.00000002
adaptive_1400396_5pct,1400396.mmaster02,Pre-Peak Checkpoint,0.004000,0.763333,0.500000,0.00000001
adaptive_1400396_5pct,1400396.mmaster02,Pre-Peak Checkpoint,0.004000,0.766667,0.500000,0.00000001
adaptive_1400396_5pct,1400396.mmaster02,Pre-Peak Checkpoint,0.004000,0.770000,0.500000,0.00000001
adaptive_1400396_5pct,1400396.mmaster02,Pre-Peak Checkpoint,0.004000,0.773333,0.500000,0.00000001
adaptive_1400396_5pct,1400396.mmaster02,Pre-Peak Checkpoint,0.004000,0.776667,0.500000,0.00000001
adaptive_1400396_5pct,1400396.mmaster02,Pre-Peak Checkpoint,0.004000,0.780000,0.500000,0.00000000
adaptive_1400396_5pct,1400396.mmaster02,Pre-Peak Checkpoint,0.004000,0.783333,0.500000,0.00000000
adaptive_1400396_5pct,1400396.mmaster02,Pre-Peak Checkpoint,0.004000,0.786667,0.500000,0.00000000
adaptive_1400396_5pct,1400396.mmaster02,Pre-Peak Checkpoint,0.004000,0.790000,0.500000,0.00000000
adaptive_1400396_5pct,1400396.mmaster02,Pre-Peak Checkpoint,0.004000,0.793333,0.500000,0.00000000
adaptive_1400396_5pct,1400396.mmaster02,Pre-Peak Checkpoint,0.004000,0.796667,0.500000,0.00000000
adaptive_1400396_5pct,1400396.mmaster02,Pre-Peak Checkpoint,0.004000,0.800000,0.500000,0.00000000
adaptive_1400396_5pct,1400396.mmaster02,Pre-Peak Checkpoint,0.004000,0.803333,0.500000,0.00000000
adaptive_1400396_5pct,1400396.mmaster02,Pre-Peak Checkpoint,0.004000,0.806667,0.500000,0.00000000
adaptive_1400396_5pct,1400396.mmaster02,Pre-Peak Checkpoint,0.004000,0.810000,0.500000,0.00000000
adaptive_1400396_5pct,1400396.mmaster02,Pre-Peak Checkpoint,0.004000,0.813333,0.500000,0.00000000
adaptive_1400396_5pct,1400396.mmaster02,Pre-Peak Checkpoint,0.004000,0.816667,0.500000,0.00000000
adaptive_1400396_5pct,1400396.mmaster02,Pre-Peak Checkpoint,0.004000,0.820000,0.500000,0.00000000
adaptive_1400396_5pct,1400396.mmaster02,Pre-Peak Checkpoint,0.004000,0.823333,0.500000,0.00000000
adaptive_1400396_5pct,1400396.mmaster02,Pre-Peak Checkpoint,0.004000,0.826667,0.500000,0.00000000
adaptive_1400396_5pct,1400396.mmaster02,Pre-Peak Checkpoint,0.004000,0.830000,0.500000,0.00000000
adaptive_1400396_5pct,1400396.mmaster02,Pre-Peak Checkpoint,0.004000,0.833333,0.500000,0.00000000
adaptive_1400396_5pct,1400396.mmaster02,Pre-Peak Checkpoint,0.004000,0.836667,0.500000,0.00000000
adaptive_1400396_5pct,1400396.mmaster02,Pre-Peak Checkpoint,0.004000,0.840000,0.500000,0.00000000
adaptive_1400396_5pct,1400396.mmaster02,Pre-Peak Checkpoint,0.004000,0.843333,0.500000,0.00000000
adaptive_1400396_5pct,1400396.mmaster02,Pre-Peak Checkpoint,0.004000,0.846667,0.500000,0.00000000
adaptive_1400396_5pct,1400396.mmaster02,Pre-Peak Checkpoint,0.004000,0.850000,0.500000,0.00000000
adaptive_1400396_5pct,1400396.mmaster02,Pre-Peak Checkpoint,0.004000,0.853333,0.500000,0.00000000
adaptive_1400396_5pct,1400396.mmaster02,Pre-Peak Checkpoint,0.004000,0.856667,0.500000,0.00000000
adaptive_1400396_5pct,1400396.mmaster02,Pre-Peak Checkpoint,0.004000,0.860000,0.500000,0.00000000
adaptive_1400396_5pct,1400396.mmaster02,Pre-Peak Checkpoint,0.004000,0.863333,0.500000,0.00000000
adaptive_1400396_5pct,1400396.mmaster02,Pre-Peak Checkpoint,0.004000,0.866667,0.500000,0.00000000
adaptive_1400396_5pct,1400396.mmaster02,Pre-Peak Checkpoint,0.004000,0.870000,0.500000,0.00000000
adaptive_1400396_5pct,1400396.mmaster02,Pre-Peak Checkpoint,0.004000,0.873333,0.500000,0.00000000
adaptive_1400396_5pct,1400396.mmaster02,Pre-Peak Checkpoint,0.004000,0.876667,0.500000,0.00000000
adaptive_1400396_5pct,1400396.mmaster02,Pre-Peak Checkpoint,0.004000,0.880000,0.500000,0.00000000
adaptive_1400396_5pct,1400396.mmaster02,Pre-Peak Checkpoint,0.004000,0.883333,0.500000,0.00000000
adaptive_1400396_5pct,1400396.mmaster02,Pre-Peak Checkpoint,0.004000,0.886667,0.500000,0.00000000
adaptive_1400396_5pct,1400396.mmaster02,Pre-Peak Checkpoint,0.004000,0.890000,0.500000,0.00000000
adaptive_1400396_5pct,1400396.mmaster02,Pre-Peak Checkpoint,0.004000,0.893333,0.500000,0.00000000
adaptive_1400396_5pct,1400396.mmaster02,Pre-Peak Checkpoint,0.004000,0.896667,0.500000,0.00000000
adaptive_1400396_5pct,1400396.mmaster02,Pre-Peak Checkpoint,0.004000,0.900000,0.500000,0.00000000
adaptive_1400396_5pct,1400396.mmaster02,Pre-Peak Checkpoint,0.004000,0.903333,0.500000,0.00000000
adaptive_1400396_5pct,1400396.mmaster02,Pre-Peak Checkpoint,0.004000,0.906667,0.500000,0.00000000
adaptive_1400396_5pct,1400396.mmaster02,Pre-Peak Checkpoint,0.004000,0.910000,0.500000,0.00000000
adaptive_1400396_5pct,1400396.mmaster02,Pre-Peak Checkpoint,0.004000,0.913333,0.500000,0.00000000
adaptive_1400396_5pct,1400396.mmaster02,Pre-Peak Checkpoint,0.004000,0.916667,0.500000,0.00000000
adaptive_1400396_5pct,1400396.mmaster02,Pre-Peak Checkpoint,0.004000,0.920000,0.500000,0.00000000
adaptive_1400396_5pct,1400396.mmaster02,Pre-Peak Checkpoint,0.004000,0.923333,0.500000,0.00000000
adaptive_1400396_5pct,1400396.mmaster02,Pre-Peak Checkpoint,0.004000,0.926667,0.500000,0.00000000
adaptive_1400396_5pct,1400396.mmaster02,Pre-Peak Checkpoint,0.004000,0.930000,0.500000,0.00000000
adaptive_1400396_5pct,1400396.mmaster02,Pre-Peak Checkpoint,0.004000,0.933333,0.500000,0.00000000
adaptive_1400396_5pct,1400396.mmaster02,Pre-Peak Checkpoint,0.004000,0.936667,0.500000,0.00000000
adaptive_1400396_5pct,1400396.mmaster02,Pre-Peak Checkpoint,0.004000,0.940000,0.500000,0.00000000
adaptive_1400396_5pct,1400396.mmaster02,Pre-Peak Checkpoint,0.004000,0.943333,0.500000,0.00000000
adaptive_1400396_5pct,1400396.mmaster02,Pre-Peak Checkpoint,0.004000,0.946667,0.500000,0.00000000
adaptive_1400396_5pct,1400396.mmaster02,Pre-Peak Checkpoint,0.004000,0.950000,0.500000,0.00000000
adaptive_1400396_5pct,1400396.mmaster02,Pre-Peak Checkpoint,0.004000,0.953333,0.500000,0.00000000
adaptive_1400396_5pct,1400396.mmaster02,Pre-Peak Checkpoint,0.004000,0.956667,0.500000,0.00000000
adaptive_1400396_5pct,1400396.mmaster02,Pre-Peak Checkpoint,0.004000,0.960000,0.500000,0.00000000
adaptive_1400396_5pct,1400396.mmaster02,Pre-Peak Checkpoint,0.004000,0.963333,0.500000,0.00000000
adaptive_1400396_5pct,1400396.mmaster02,Pre-Peak Checkpoint,0.004000,0.966667,0.500000,0.00000000
adaptive_1400396_5pct,1400396.mmaster02,Pre-Peak Checkpoint,0.004000,0.970000,0.500000,0.00000000
adaptive_1400396_5pct,1400396.mmaster02,Pre-Peak Checkpoint,0.004000,0.973333,0.500000,0.00000000
adaptive_1400396_5pct,1400396.mmaster02,Pre-Peak Checkpoint,0.004000,0.976667,0.500000,0.00000000
adaptive_1400396_5pct,1400396.mmaster02,Pre-Peak Checkpoint,0.004000,0.980000,0.500000,0.00000000
adaptive_1400396_5pct,1400396.mmaster02,Pre-Peak Checkpoint,0.004000,0.983333,0.500000,0.00000000
adaptive_1400396_5pct,1400396.mmaster02,Pre-Peak Checkpoint,0.004000,0.986667,0.500000,0.00000000
adaptive_1400396_5pct,1400396.mmaster02,Pre-Peak Checkpoint,0.004000,0.990000,0.500000,0.00000000
adaptive_1400396_5pct,1400396.mmaster02,Pre-Peak Checkpoint,0.004000,0.993333,0.500000,0.00000000
adaptive_1400396_5pct,1400396.mmaster02,Pre-Peak Checkpoint,0.004000,0.996667,0.500000,0.00000000
adaptive_1400396_5pct,1400396.mmaster02,Pre-Peak Checkpoint,0.004000,1.000000,0.500000,0.00000000
adaptive_1400396_5pct,1400396.mmaster02,Post-Peak Checkpoint,0.006000,0.500000,0.500000,0.76800000
adaptive_1400396_5pct,1400396.mmaster02,Post-Peak Checkpoint,0.006000,0.503333,0.500000,0.76800000
adaptive_1400396_5pct,1400396.mmaster02,Post-Peak Checkpoint,0.006000,0.506667,0.500000,0.76800000
adaptive_1400396_5pct,1400396.mmaster02,Post-Peak Checkpoint,0.006000,0.510000,0.500000,0.76800000
adaptive_1400396_5pct,1400396.mmaster02,Post-Peak Checkpoint,0.006000,0.513333,0.500000,0.76800000
adaptive_1400396_5pct,1400396.mmaster02,Post-Peak Checkpoint,0.006000,0.516667,0.500000,0.68723660
adaptive_1400396_5pct,1400396.mmaster02,Post-Peak Checkpoint,0.006000,0.520000,0.500000,0.55029605
adaptive_1400396_5pct,1400396.mmaster02,Post-Peak Checkpoint,0.006000,0.523333,0.500000,0.44064263
adaptive_1400396_5pct,1400396.mmaster02,Post-Peak Checkpoint,0.006000,0.526667,0.500000,0.35283903
adaptive_1400396_5pct,1400396.mmaster02,Post-Peak Checkpoint,0.006000,0.530000,0.500000,0.28253141
adaptive_1400396_5pct,1400396.mmaster02,Post-Peak Checkpoint,0.006000,0.533333,0.500000,0.22623347
adaptive_1400396_5pct,1400396.mmaster02,Post-Peak Checkpoint,0.006000,0.536667,0.500000,0.18115360
adaptive_1400396_5pct,1400396.mmaster02,Post-Peak Checkpoint,0.006000,0.540000,0.500000,0.14505646
adaptive_1400396_5pct,1400396.mmaster02,Post-Peak Checkpoint,0.006000,0.543333,0.500000,0.11615214
adaptive_1400396_5pct,1400396.mmaster02,Post-Peak Checkpoint,0.006000,0.546667,0.500000,0.09300736
adaptive_1400396_5pct,1400396.mmaster02,Post-Peak Checkpoint,0.006000,0.550000,0.500000,0.07447447
adaptive_1400396_5pct,1400396.mmaster02,Post-Peak Checkpoint,0.006000,0.553333,0.500000,0.05963449
adaptive_1400396_5pct,1400396.mmaster02,Post-Peak Checkpoint,0.006000,0.556667,0.500000,0.04775157
adaptive_1400396_5pct,1400396.mmaster02,Post-Peak Checkpoint,0.006000,0.560000,0.500000,0.03823647
adaptive_1400396_5pct,1400396.mmaster02,Post-Peak Checkpoint,0.006000,0.563333,0.500000,0.03061737
adaptive_1400396_5pct,1400396.mmaster02,Post-Peak Checkpoint,0.006000,0.566667,0.500000,0.02451647
adaptive_1400396_5pct,1400396.mmaster02,Post-Peak Checkpoint,0.006000,0.570000,0.500000,0.01963126
adaptive_1400396_5pct,1400396.mmaster02,Post-Peak Checkpoint,0.006000,0.573333,0.500000,0.01571948
adaptive_1400396_5pct,1400396.mmaster02,Post-Peak Checkpoint,0.006000,0.576667,0.500000,0.01258718
adaptive_1400396_5pct,1400396.mmaster02,Post-Peak Checkpoint,0.006000,0.580000,0.500000,0.01007902
adaptive_1400396_5pct,1400396.mmaster02,Post-Peak Checkpoint,0.006000,0.583333,0.500000,0.00807065
adaptive_1400396_5pct,1400396.mmaster02,Post-Peak Checkpoint,0.006000,0.586667,0.500000,0.00646247
adaptive_1400396_5pct,1400396.mmaster02,Post-Peak Checkpoint,0.006000,0.590000,0.500000,0.00517474
adaptive_1400396_5pct,1400396.mmaster02,Post-Peak Checkpoint,0.006000,0.593333,0.500000,0.00414361
adaptive_1400396_5pct,1400396.mmaster02,Post-Peak Checkpoint,0.006000,0.596667,0.500000,0.00331794
adaptive_1400396_5pct,1400396.mmaster02,Post-Peak Checkpoint,0.006000,0.600000,0.500000,0.00265680
adaptive_1400396_5pct,1400396.mmaster02,Post-Peak Checkpoint,0.006000,0.603333,0.500000,0.00212740
adaptive_1400396_5pct,1400396.mmaster02,Post-Peak Checkpoint,0.006000,0.606667,0.500000,0.00170349
adaptive_1400396_5pct,1400396.mmaster02,Post-Peak Checkpoint,0.006000,0.610000,0.500000,0.00136405
adaptive_1400396_5pct,1400396.mmaster02,Post-Peak Checkpoint,0.006000,0.613333,0.500000,0.00109224
adaptive_1400396_5pct,1400396.mmaster02,Post-Peak Checkpoint,0.006000,0.616667,0.500000,0.00087460
adaptive_1400396_5pct,1400396.mmaster02,Post-Peak Checkpoint,0.006000,0.620000,0.500000,0.00070033
adaptive_1400396_5pct,1400396.mmaster02,Post-Peak Checkpoint,0.006000,0.623333,0.500000,0.00056078
adaptive_1400396_5pct,1400396.mmaster02,Post-Peak Checkpoint,0.006000,0.626667,0.500000,0.00044903
adaptive_1400396_5pct,1400396.mmaster02,Post-Peak Checkpoint,0.006000,0.630000,0.500000,0.00035956
adaptive_1400396_5pct,1400396.mmaster02,Post-Peak Checkpoint,0.006000,0.633333,0.500000,0.00028791
adaptive_1400396_5pct,1400396.mmaster02,Post-Peak Checkpoint,0.006000,0.636667,0.500000,0.00023054
adaptive_1400396_5pct,1400396.mmaster02,Post-Peak Checkpoint,0.006000,0.640000,0.500000,0.00018460
adaptive_1400396_5pct,1400396.mmaster02,Post-Peak Checkpoint,0.006000,0.643333,0.500000,0.00014782
adaptive_1400396_5pct,1400396.mmaster02,Post-Peak Checkpoint,0.006000,0.646667,0.500000,0.00011836
adaptive_1400396_5pct,1400396.mmaster02,Post-Peak Checkpoint,0.006000,0.650000,0.500000,0.00009478
adaptive_1400396_5pct,1400396.mmaster02,Post-Peak Checkpoint,0.006000,0.653333,0.500000,0.00007589
adaptive_1400396_5pct,1400396.mmaster02,Post-Peak Checkpoint,0.006000,0.656667,0.500000,0.00006077
adaptive_1400396_5pct,1400396.mmaster02,Post-Peak Checkpoint,0.006000,0.660000,0.500000,0.00004866
adaptive_1400396_5pct,1400396.mmaster02,Post-Peak Checkpoint,0.006000,0.663333,0.500000,0.00003896
adaptive_1400396_5pct,1400396.mmaster02,Post-Peak Checkpoint,0.006000,0.666667,0.500000,0.00003120
adaptive_1400396_5pct,1400396.mmaster02,Post-Peak Checkpoint,0.006000,0.670000,0.500000,0.00002498
adaptive_1400396_5pct,1400396.mmaster02,Post-Peak Checkpoint,0.006000,0.673333,0.500000,0.00002001
adaptive_1400396_5pct,1400396.mmaster02,Post-Peak Checkpoint,0.006000,0.676667,0.500000,0.00001602
adaptive_1400396_5pct,1400396.mmaster02,Post-Peak Checkpoint,0.006000,0.680000,0.500000,0.00001283
adaptive_1400396_5pct,1400396.mmaster02,Post-Peak Checkpoint,0.006000,0.683333,0.500000,0.00001027
adaptive_1400396_5pct,1400396.mmaster02,Post-Peak Checkpoint,0.006000,0.686667,0.500000,0.00000822
adaptive_1400396_5pct,1400396.mmaster02,Post-Peak Checkpoint,0.006000,0.690000,0.500000,0.00000659
adaptive_1400396_5pct,1400396.mmaster02,Post-Peak Checkpoint,0.006000,0.693333,0.500000,0.00000527
adaptive_1400396_5pct,1400396.mmaster02,Post-Peak Checkpoint,0.006000,0.696667,0.500000,0.00000422
adaptive_1400396_5pct,1400396.mmaster02,Post-Peak Checkpoint,0.006000,0.700000,0.500000,0.00000338
adaptive_1400396_5pct,1400396.mmaster02,Post-Peak Checkpoint,0.006000,0.703333,0.500000,0.00000271
adaptive_1400396_5pct,1400396.mmaster02,Post-Peak Checkpoint,0.006000,0.706667,0.500000,0.00000217
adaptive_1400396_5pct,1400396.mmaster02,Post-Peak Checkpoint,0.006000,0.710000,0.500000,0.00000174
adaptive_1400396_5pct,1400396.mmaster02,Post-Peak Checkpoint,0.006000,0.713333,0.500000,0.00000139
adaptive_1400396_5pct,1400396.mmaster02,Post-Peak Checkpoint,0.006000,0.716667,0.500000,0.00000111
adaptive_1400396_5pct,1400396.mmaster02,Post-Peak Checkpoint,0.006000,0.720000,0.500000,0.00000089
adaptive_1400396_5pct,1400396.mmaster02,Post-Peak Checkpoint,0.006000,0.723333,0.500000,0.00000071
adaptive_1400396_5pct,1400396.mmaster02,Post-Peak Checkpoint,0.006000,0.726667,0.500000,0.00000057
adaptive_1400396_5pct,1400396.mmaster02,Post-Peak Checkpoint,0.006000,0.730000,0.500000,0.00000046
adaptive_1400396_5pct,1400396.mmaster02,Post-Peak Checkpoint,0.006000,0.733333,0.500000,0.00000037
adaptive_1400396_5pct,1400396.mmaster02,Post-Peak Checkpoint,0.006000,0.736667,0.500000,0.00000029
adaptive_1400396_5pct,1400396.mmaster02,Post-Peak Checkpoint,0.006000,0.740000,0.500000,0.00000023
adaptive_1400396_5pct,1400396.mmaster02,Post-Peak Checkpoint,0.006000,0.743333,0.500000,0.00000019
adaptive_1400396_5pct,1400396.mmaster02,Post-Peak Checkpoint,0.006000,0.746667,0.500000,0.00000015
adaptive_1400396_5pct,1400396.mmaster02,Post-Peak Checkpoint,0.006000,0.750000,0.500000,0.00000012
adaptive_1400396_5pct,1400396.mmaster02,Post-Peak Checkpoint,0.006000,0.753333,0.500000,0.00000010
adaptive_1400396_5pct,1400396.mmaster02,Post-Peak Checkpoint,0.006000,0.756667,0.500000,0.00000008
adaptive_1400396_5pct,1400396.mmaster02,Post-Peak Checkpoint,0.006000,0.760000,0.500000,0.00000006
adaptive_1400396_5pct,1400396.mmaster02,Post-Peak Checkpoint,0.006000,0.763333,0.500000,0.00000005
adaptive_1400396_5pct,1400396.mmaster02,Post-Peak Checkpoint,0.006000,0.766667,0.500000,0.00000004
adaptive_1400396_5pct,1400396.mmaster02,Post-Peak Checkpoint,0.006000,0.770000,0.500000,0.00000003
adaptive_1400396_5pct,1400396.mmaster02,Post-Peak Checkpoint,0.006000,0.773333,0.500000,0.00000003
adaptive_1400396_5pct,1400396.mmaster02,Post-Peak Checkpoint,0.006000,0.776667,0.500000,0.00000002
adaptive_1400396_5pct,1400396.mmaster02,Post-Peak Checkpoint,0.006000,0.780000,0.500000,0.00000002
adaptive_1400396_5pct,1400396.mmaster02,Post-Peak Checkpoint,0.006000,0.783333,0.500000,0.00000001
adaptive_1400396_5pct,1400396.mmaster02,Post-Peak Checkpoint,0.006000,0.786667,0.500000,0.00000001
adaptive_1400396_5pct,1400396.mmaster02,Post-Peak Checkpoint,0.006000,0.790000,0.500000,0.00000001
adaptive_1400396_5pct,1400396.mmaster02,Post-Peak Checkpoint,0.006000,0.793333,0.500000,0.00000001
adaptive_1400396_5pct,1400396.mmaster02,Post-Peak Checkpoint,0.006000,0.796667,0.500000,0.00000001
adaptive_1400396_5pct,1400396.mmaster02,Post-Peak Checkpoint,0.006000,0.800000,0.500000,0.00000000
adaptive_1400396_5pct,1400396.mmaster02,Post-Peak Checkpoint,0.006000,0.803333,0.500000,0.00000000
adaptive_1400396_5pct,1400396.mmaster02,Post-Peak Checkpoint,0.006000,0.806667,0.500000,0.00000000
adaptive_1400396_5pct,1400396.mmaster02,Post-Peak Checkpoint,0.006000,0.810000,0.500000,0.00000000
adaptive_1400396_5pct,1400396.mmaster02,Post-Peak Checkpoint,0.006000,0.813333,0.500000,0.00000000
adaptive_1400396_5pct,1400396.mmaster02,Post-Peak Checkpoint,0.006000,0.816667,0.500000,0.00000000
adaptive_1400396_5pct,1400396.mmaster02,Post-Peak Checkpoint,0.006000,0.820000,0.500000,0.00000000
adaptive_1400396_5pct,1400396.mmaster02,Post-Peak Checkpoint,0.006000,0.823333,0.500000,0.00000000
adaptive_1400396_5pct,1400396.mmaster02,Post-Peak Checkpoint,0.006000,0.826667,0.500000,0.00000000
adaptive_1400396_5pct,1400396.mmaster02,Post-Peak Checkpoint,0.006000,0.830000,0.500000,0.00000000
adaptive_1400396_5pct,1400396.mmaster02,Post-Peak Checkpoint,0.006000,0.833333,0.500000,0.00000000
adaptive_1400396_5pct,1400396.mmaster02,Post-Peak Checkpoint,0.006000,0.836667,0.500000,0.00000000
adaptive_1400396_5pct,1400396.mmaster02,Post-Peak Checkpoint,0.006000,0.840000,0.500000,0.00000000
adaptive_1400396_5pct,1400396.mmaster02,Post-Peak Checkpoint,0.006000,0.843333,0.500000,0.00000000
adaptive_1400396_5pct,1400396.mmaster02,Post-Peak Checkpoint,0.006000,0.846667,0.500000,0.00000000
adaptive_1400396_5pct,1400396.mmaster02,Post-Peak Checkpoint,0.006000,0.850000,0.500000,0.00000000
adaptive_1400396_5pct,1400396.mmaster02,Post-Peak Checkpoint,0.006000,0.853333,0.500000,0.00000000
adaptive_1400396_5pct,1400396.mmaster02,Post-Peak Checkpoint,0.006000,0.856667,0.500000,0.00000000
adaptive_1400396_5pct,1400396.mmaster02,Post-Peak Checkpoint,0.006000,0.860000,0.500000,0.00000000
adaptive_1400396_5pct,1400396.mmaster02,Post-Peak Checkpoint,0.006000,0.863333,0.500000,0.00000000
adaptive_1400396_5pct,1400396.mmaster02,Post-Peak Checkpoint,0.006000,0.866667,0.500000,0.00000000
adaptive_1400396_5pct,1400396.mmaster02,Post-Peak Checkpoint,0.006000,0.870000,0.500000,0.00000000
adaptive_1400396_5pct,1400396.mmaster02,Post-Peak Checkpoint,0.006000,0.873333,0.500000,0.00000000
adaptive_1400396_5pct,1400396.mmaster02,Post-Peak Checkpoint,0.006000,0.876667,0.500000,0.00000000
adaptive_1400396_5pct,1400396.mmaster02,Post-Peak Checkpoint,0.006000,0.880000,0.500000,0.00000000
adaptive_1400396_5pct,1400396.mmaster02,Post-Peak Checkpoint,0.006000,0.883333,0.500000,0.00000000
adaptive_1400396_5pct,1400396.mmaster02,Post-Peak Checkpoint,0.006000,0.886667,0.500000,0.00000000
adaptive_1400396_5pct,1400396.mmaster02,Post-Peak Checkpoint,0.006000,0.890000,0.500000,0.00000000
adaptive_1400396_5pct,1400396.mmaster02,Post-Peak Checkpoint,0.006000,0.893333,0.500000,0.00000000
adaptive_1400396_5pct,1400396.mmaster02,Post-Peak Checkpoint,0.006000,0.896667,0.500000,0.00000000
adaptive_1400396_5pct,1400396.mmaster02,Post-Peak Checkpoint,0.006000,0.900000,0.500000,0.00000000
adaptive_1400396_5pct,1400396.mmaster02,Post-Peak Checkpoint,0.006000,0.903333,0.500000,0.00000000
adaptive_1400396_5pct,1400396.mmaster02,Post-Peak Checkpoint,0.006000,0.906667,0.500000,0.00000000
adaptive_1400396_5pct,1400396.mmaster02,Post-Peak Checkpoint,0.006000,0.910000,0.500000,0.00000000
adaptive_1400396_5pct,1400396.mmaster02,Post-Peak Checkpoint,0.006000,0.913333,0.500000,0.00000000
adaptive_1400396_5pct,1400396.mmaster02,Post-Peak Checkpoint,0.006000,0.916667,0.500000,0.00000000
adaptive_1400396_5pct,1400396.mmaster02,Post-Peak Checkpoint,0.006000,0.920000,0.500000,0.00000000
adaptive_1400396_5pct,1400396.mmaster02,Post-Peak Checkpoint,0.006000,0.923333,0.500000,0.00000000
adaptive_1400396_5pct,1400396.mmaster02,Post-Peak Checkpoint,0.006000,0.926667,0.500000,0.00000000
adaptive_1400396_5pct,1400396.mmaster02,Post-Peak Checkpoint,0.006000,0.930000,0.500000,0.00000000
adaptive_1400396_5pct,1400396.mmaster02,Post-Peak Checkpoint,0.006000,0.933333,0.500000,0.00000000
adaptive_1400396_5pct,1400396.mmaster02,Post-Peak Checkpoint,0.006000,0.936667,0.500000,0.00000000
adaptive_1400396_5pct,1400396.mmaster02,Post-Peak Checkpoint,0.006000,0.940000,0.500000,0.00000000
adaptive_1400396_5pct,1400396.mmaster02,Post-Peak Checkpoint,0.006000,0.943333,0.500000,0.00000000
adaptive_1400396_5pct,1400396.mmaster02,Post-Peak Checkpoint,0.006000,0.946667,0.500000,0.00000000
adaptive_1400396_5pct,1400396.mmaster02,Post-Peak Checkpoint,0.006000,0.950000,0.500000,0.00000000
adaptive_1400396_5pct,1400396.mmaster02,Post-Peak Checkpoint,0.006000,0.953333,0.500000,0.00000000
adaptive_1400396_5pct,1400396.mmaster02,Post-Peak Checkpoint,0.006000,0.956667,0.500000,0.00000000
adaptive_1400396_5pct,1400396.mmaster02,Post-Peak Checkpoint,0.006000,0.960000,0.500000,0.00000000
adaptive_1400396_5pct,1400396.mmaster02,Post-Peak Checkpoint,0.006000,0.963333,0.500000,0.00000000
adaptive_1400396_5pct,1400396.mmaster02,Post-Peak Checkpoint,0.006000,0.966667,0.500000,0.00000000
adaptive_1400396_5pct,1400396.mmaster02,Post-Peak Checkpoint,0.006000,0.970000,0.500000,0.00000000
adaptive_1400396_5pct,1400396.mmaster02,Post-Peak Checkpoint,0.006000,0.973333,0.500000,0.00000000
adaptive_1400396_5pct,1400396.mmaster02,Post-Peak Checkpoint,0.006000,0.976667,0.500000,0.00000000
adaptive_1400396_5pct,1400396.mmaster02,Post-Peak Checkpoint,0.006000,0.980000,0.500000,0.00000000
adaptive_1400396_5pct,1400396.mmaster02,Post-Peak Checkpoint,0.006000,0.983333,0.500000,0.00000000
adaptive_1400396_5pct,1400396.mmaster02,Post-Peak Checkpoint,0.006000,0.986667,0.500000,0.00000000
adaptive_1400396_5pct,1400396.mmaster02,Post-Peak Checkpoint,0.006000,0.990000,0.500000,0.00000000
adaptive_1400396_5pct,1400396.mmaster02,Post-Peak Checkpoint,0.006000,0.993333,0.500000,0.00000000
adaptive_1400396_5pct,1400396.mmaster02,Post-Peak Checkpoint,0.006000,0.996667,0.500000,0.00000000
adaptive_1400396_5pct,1400396.mmaster02,Post-Peak Checkpoint,0.006000,1.000000,0.500000,0.00000000
