{
  "absolute_jump_target_minus_source": 9.245594921299463e-06,
  "classification": "stage_d3a2_predicted_energy_jump",
  "relative_jump": 0.015379624558651227,
  "source_total_internal_energy": 0.0005919130930584212,
  "target_predicted_total_internal_energy": 0.0006011586879797207
}
