{
  "Gc": 0.0027,
  "absolute_energy_residual": 7.544962987516722e-06,
  "absolute_loading_work": 0.0005994580560459379,
  "assembly_node_count": 1,
  "bulk_energy_from_SDV12": 0.0005918902503820326,
  "bulk_energy_from_stress_strain": 0.0005918902498967836,
  "bulk_sdv12_vs_stress_strain_relative_difference": 8.198293407457934e-10,
  "checkpoint_RF2": 0.39450356364250183,
  "checkpoint_RF2_over_H0_peak_RF2": 0.5421925638518931,
  "checkpoint_U2": 0.003000000026077032,
  "classification": "stage_d3a_energy_reconstructed",
  "duplicate_node_labels_across_part_and_assembly": [
    1
  ],
  "external_work": 0.0005994580560459379,
  "external_work_path_nondecreasing": true,
  "fracture_energy_gradient_term": 7.853264716798046e-11,
  "fracture_energy_local_term": 2.276414374149008e-08,
  "integration_point_rows": 15720,
  "ip_count_d_ge_0p1": 0,
  "ip_count_d_ge_0p5": 0,
  "ip_coverage": 1.0,
  "jacobian_determinants_positive": true,
  "lc": 0.015,
  "max_H": null,
  "max_d": null,
  "maximum_detJ": 0.000612708407449269,
  "maximum_detJ_element": 23,
  "maximum_detJ_integration_point": 4,
  "minimum_detJ": 2.829135024804933e-06,
  "minimum_detJ_element": 2921,
  "minimum_detJ_integration_point": 1,
  "nodal_phase_rows": 4000,
  "non_positive_detJ_count": 0,
  "physical_elements": 3930,
  "relative_energy_residual": 0.012586306767288707,
  "source_job": "1376154.mmaster02",
  "thickness": 1.0,
  "total_fracture_energy": 2.284267638865806e-08,
  "total_reconstructed_internal_energy": 0.0005919130930584212,
  "undamaged_bulk_energy_from_SDV13": 0.0006074150695214373
}
