{
  "bulk_energy_from_SDV12": 0.0005935254308566518,
  "bulk_energy_from_stress_strain": 0.0005935254304042279,
  "classification": "stage_d3a2_target_predicted_energy",
  "fracture_energy_gradient_term": 2.4277256391583916e-07,
  "fracture_energy_local_term": 7.3904845591530735e-06,
  "integration_points": 25600,
  "physical_elements": 6400,
  "total_fracture_energy": 7.633257123068913e-06,
  "total_predicted_internal_energy": 0.0006011586879797207,
  "undamaged_bulk_energy_from_SDV13": 0.0006092088568583922
}
