{
  "classification": "stage_d3a2_transfer_error_metrics",
  "no_silent_clipping": true,
  "source_self_SDV15_L2_error": 0.0007854509586797503,
  "source_self_SDV15_max_error": 0.021560050547122955,
  "source_self_SDV16_L2_error": 0.0006860943141371155,
  "source_self_SDV16_max_error": 0.044470868073403835,
  "target_ip_support_max_distance": 0.06678469766179318,
  "target_node_support_max_distance": 0.070153998812656
}
