{
  "F1_equilibrated": {
    "Gc": 0.0027,
    "bulk_energy_from_SDV12": 0.0005921426977402091,
    "fracture_energy_gradient_term": 2.4277256391583916e-07,
    "fracture_energy_local_term": 7.390484559153071e-06,
    "frame_tag": "F1_equilibrated",
    "lc": 0.015,
    "maximum_detJ": 3.906250000000068e-05,
    "method": "target_Q4_2x2_bulk_SDV12_plus_AT2_fracture_energy",
    "minimum_detJ": 3.9062499999999506e-05,
    "missing_phase_node_values": 0,
    "missing_sdv12_values": 0,
    "missing_sdv13_values": 0,
    "non_positive_detJ_count": 0,
    "phase_l2": 0.009061815221118848,
    "phase_max": 0.07256036143661349,
    "phase_min": 2.536126479685422e-06,
    "phase_range": 0.0725578253101338,
    "thickness": 1.0,
    "total_fracture_energy": 7.63325712306891e-06,
    "total_reconstructed_internal_energy": 0.000599775954863278,
    "undamaged_bulk_energy_from_SDV13": 0.0006076559180082127
  },
  "F1_to_F3_relative_total_internal_energy_jump": 3.1349415968204263e-06,
  "F3_release_last": {
    "Gc": 0.0027,
    "bulk_energy_from_SDV12": 0.0005917248102865528,
    "fracture_energy_gradient_term": 3.128546751462905e-07,
    "fracture_energy_local_term": 7.740170170063076e-06,
    "frame_tag": "F3_release_last",
    "lc": 0.015,
    "maximum_detJ": 3.906250000000068e-05,
    "method": "target_Q4_2x2_bulk_SDV12_plus_AT2_fracture_energy",
    "minimum_detJ": 3.9062499999999506e-05,
    "missing_phase_node_values": 0,
    "missing_sdv12_values": 0,
    "missing_sdv13_values": 0,
    "non_positive_detJ_count": 0,
    "phase_l2": 0.009273720438878814,
    "phase_max": 0.08474743109143223,
    "phase_min": 1.2224935709141784e-06,
    "phase_range": 0.08474620859786132,
    "thickness": 1.0,
    "total_fracture_energy": 8.053024845209366e-06,
    "total_reconstructed_internal_energy": 0.0005997778351317622,
    "undamaged_bulk_energy_from_SDV13": 0.0006076878286326508
  },
  "classification": "stage_d3a3_corrected_energy_release_jump"
}
