element_id,x_centroid,y_centroid,miseseri,normalized_miseseri
1,0.288258194923,0.406367152929,0.00153857411351,0.00809768047916
2,0.481520613035,0.357502440612,0.00390332937241,0.0205436408848
3,0.660881360372,0.47629198432,0.000482530740555,0.00253961101001
4,0.42286670208,0.809512714545,0.00241611758247,0.0127162858202
5,0.711996952693,0.247427339355,0.000372867769329,0.00196244303767
6,0.293210893869,0.261183828115,0.0023013104219,0.0121120434279
7,0.272171248992,0.270757466555,0.0022186122369,0.0116767940159
8,0.771974086761,0.440884311994,0.000848397554364,0.00446520726835
9,0.417136748632,0.860464294751,0.00219182833098,0.011535827448
10,0.904922306538,0.909156441689,0.000422178825829,0.00222197241369
11,0.794376591841,0.952107052008,0.000615750497673,0.00324076087155
12,0.951925694942,0.705542246501,0.00087014271412,0.00457965437501
13,0.952527244886,0.205610245466,0.000737392168958,0.00388097402629
14,0.294364541769,0.951674024264,0.00211698864587,0.0111419381632
15,0.0908763110638,0.904795785745,0.00130407442339,0.00686348347403
16,0.064769970874,0.829454580943,0.00113149452955,0.0059551769939
17,0.168038979173,0.921568016211,0.000937533273827,0.00493433811434
18,0.47675233086,0.570066610972,0.0159872435033,0.0841425762307
19,0.0573031653961,0.89723743995,0.00115202530287,0.00606323265461
20,0.328030089537,0.402746985356,0.00232867849991,0.0122560845561
21,0.0666956367592,0.431672583024,0.000833733472973,0.00438802863615
22,0.0428312371174,0.405125876268,0.000667121843435,0.00351113377079
23,0.645971099536,0.101606619855,0.000911494076718,0.00479729102881
24,0.136585185925,0.582491457462,0.000398465752369,0.00209716796626
25,0.158337290088,0.885782221953,0.000531446014065,0.00279705733772
26,0.11347775658,0.362410376469,0.000435444351751,0.00229179029855
27,0.706102669239,0.919951518377,0.000346496730344,0.00182364943279
28,0.919951538245,0.794321358204,0.000376172480173,0.00197983608508
29,0.147794122497,0.177005057534,0.00120370893274,0.00633524913854
30,0.870385448138,0.737954338392,0.000374580704374,0.00197145839843
31,0.159377718965,0.220200791955,0.000696597795468,0.00366626886586
32,0.263664931059,0.869380414486,0.00166570174042,0.00876676680641
33,0.873546918233,0.597601532936,0.000575855839998,0.00303079101189
34,0.438781569401,0.118568480015,0.00215566460975,0.0113454939068
35,0.588116049767,0.395826905966,0.00510598486289,0.0268733456439
36,0.610313038031,0.58723004659,0.00275486032479,0.0144991251828
37,0.851738035679,0.240245908499,0.000271760189207,0.00143030300577
38,0.758746604125,0.853634218375,5.6798067817e-05,0.000298934319106
39,0.360940883557,0.340103606383,0.00307118543424,0.0161639781408
40,0.639659543832,0.794936021169,0.000573694997001,0.00301941826359
41,0.385756194592,0.207782606284,0.00289925630204,0.0152590966889
42,0.821274499098,0.75906119744,0.00032604901935,0.00171603093803
43,0.553368449211,0.675939659278,0.00252589723095,0.0132940678774
44,0.803235987822,0.764537235101,0.000317420111969,0.00167061607356
45,0.841867029667,0.559607724349,0.00052844802849,0.00278127861829
46,0.573469599088,0.616802195708,0.00202866573818,0.0106770852327
47,0.37040929993,0.715191264947,0.00312464032322,0.0164453169513
48,0.545364916325,0.83649156491,0.00178936147131,0.00941760122516
49,0.627280116081,0.32443078359,0.00059353094548,0.00312381698664
50,0.654195884864,0.468030393124,0.00182881357614,0.00962524188175
51,0.752628882726,0.304394900799,0.000634085969068,0.00333726242288
52,0.396888961395,0.288216789563,0.00305270310491,0.0160667036604
53,0.772061824799,0.342528094848,0.000488696387038,0.00257206146834
54,0.597580591838,0.252387801806,0.00140776229091,0.0074092038351
55,0.608211735884,0.687160770098,0.000619596452452,0.0032610025438
56,0.775332053502,0.485233108203,0.000487218378112,0.00256428254894
57,0.762089153131,0.38956301411,0.000741161871701,0.00390081437591
58,0.25279528896,0.694886247317,0.000503621413372,0.00265061348176
59,0.699130316575,0.688302437464,0.000947699241806,0.00498784269351
60,0.221354201436,0.246429100633,0.000450066378107,0.00236874759059
61,0.727157831192,0.501343131065,0.000609255686868,0.0032065779861
62,0.700664858023,0.65595883131,0.00106420810334,0.00560104132037
63,0.712436457475,0.697580794493,0.000420303258579,0.00221210110221
64,0.761728942394,0.612475891908,0.00107212248258,0.00564269554664
65,0.609376808008,0.157253275315,0.00105608452577,0.00555828606084
66,0.897040565809,0.0876085733374,0.000257768610027,0.00135666382479
67,0.947283426921,0.101486325264,0.000290206400678,0.00152738739399
68,0.897496044636,0.942617754141,0.000222581467824,0.00117147012367
69,0.698961814245,0.100474541386,0.000606945424806,0.00319441882924
70,0.108437038958,0.811698714892,0.00064242555527,0.00338115455898
71,0.885259012381,0.166821961602,0.00021644156368,0.00113915515002
72,0.831044077873,0.881732682387,0.000194032792933,0.00102121538758
73,0.120900993546,0.827734271685,0.000992896850221,0.00522572255133
74,0.880178789298,0.668308417002,0.00045435494394,0.00239131877226
75,0.330968687932,0.88037365675,0.0017897230573,0.00941950429098
76,0.0939776127537,0.126185064514,0.000726578233298,0.00382405912377
77,0.842097262541,0.501200348139,0.00055853597587,0.00293963471047
78,0.157510871689,0.319315026204,0.00042950140778,0.0022605119474
79,0.320381641388,0.136156598727,0.00182874768507,0.00962489508997
80,0.510362863541,0.746559619904,0.00261299801059,0.013752488617
81,0.818847934405,0.257100909948,0.000318591133691,0.0016767792864
82,0.527784983317,0.738511919975,0.00261078169569,0.0137408239141
83,0.464083433151,0.197833508253,0.00227420567535,0.0119693882415
84,0.802559316158,0.541397174199,0.000530600547791,0.00279260755809
85,0.75957830747,0.455956250429,0.000666937383357,0.00351016293763
86,0.799695511659,0.251870354017,0.000374756840756,0.00197238542309
87,0.444216579199,0.718232611815,0.00365431467071,0.0192330498179
88,0.697304030259,0.744700054328,0.000410547334468,0.00216075462787
89,0.0302655394189,0.00997615233064,0.000637403223664,0.00335472148939
90,0.0103973778896,0.0300881946459,0.000650240282994,0.00342228430865
91,0.0104937651195,0.110783098266,0.000636364042293,0.00334925216645
92,0.00965995714068,0.150807332247,0.000551037082914,0.00290016723304
93,0.00994680030271,0.190706700087,0.000529210723471,0.00278529276372
94,0.0105644874275,0.230799403042,0.000428700499469,0.00225629668111
95,0.0102773830295,0.27070517838,0.000358965713531,0.00188927502785
96,0.0103192804381,0.310399278998,0.000505409785546,0.00266002587621
97,0.00938068702817,0.350453101099,0.000686239742208,0.00361175332128
98,0.00917184911668,0.390022389591,0.000809202028904,0.00425891701649
99,0.0100945313461,0.429600432515,0.000914374657441,0.00481245183393
100,0.0100590926595,0.489938788116,0.000267162715318,0.00140610600789
101,0.0101436725818,0.469824567437,0.000680988247041,0.00358411413931
102,0.0503096813336,0.00979052344337,0.000608247530181,0.0032012719494
103,0.0524781905115,0.0487273940817,0.000649051449727,0.00341602735174
104,0.0505067268386,0.116792073473,0.00101258023642,0.00532931832275
105,0.047549938783,0.153835505247,0.0004572327598,0.00240646502561
106,0.069593783468,0.191570933908,0.000285273476038,0.00150142488285
107,0.0541148371994,0.252467144281,0.000281697168248,0.00148260239161
108,0.0306616877206,0.290946468711,0.000556631654035,0.00292961206053
109,0.0673104729503,0.323038779199,0.000352429808117,0.00185487585707
110,0.0450555598363,0.372099637985,0.000547269009985,0.00288033546132
111,0.0501669608057,0.489748232067,0.000874228251632,0.00460115699687
112,0.069741952233,0.447201058269,0.000855682883412,0.00450355073604
113,0.0902107395232,0.00932898139581,0.000543209607713,0.00285897039203
114,0.0917548481375,0.0465328218415,0.000541853136383,0.00285183113802
115,0.0931868255138,0.0654390538111,0.00053253286751,0.0028027775639
116,0.121447542682,0.110292097554,0.00153492717072,0.00807848622836
117,0.103958783671,0.151219397783,0.000507019227371,0.00266849654104
118,0.107804790139,0.186140336096,0.000247031013714,0.00130015070443
119,0.098993645981,0.230159435421,9.15785858524e-05,0.00048198791365
120,0.0905277449638,0.30331607908,0.000395302951802,0.00208052180785
121,0.0949472859502,0.322863169014,0.000376184179913,0.00197989766207
122,0.103212032467,0.337961934507,0.000261437613517,0.00137597418344
123,0.107330566272,0.384066089988,0.00033197706216,0.00174723086277
124,0.0901447627693,0.446486458182,0.000797022192273,0.00419481323074
125,0.110014241189,0.489780887961,0.00104689586442,0.00550992515121
126,0.0900554414839,0.489632532001,0.00103426887654,0.0054434679605
127,0.129979806021,0.00908194249496,0.00176095915958,0.0092681168141
128,0.14929080382,0.0274596484378,0.00130691379309,0.00687842738111
129,0.148128733039,0.0449270922691,0.00142377999146,0.00749350671001
130,0.163208596408,0.103628819808,0.00126990268473,0.00668363395058
131,0.142510849983,0.154472768307,0.00145999377128,0.00768410371496
132,0.159921601415,0.171221196651,0.000924417807255,0.00486531000793
133,0.15812567994,0.292609088123,0.000133488952997,0.000702566668305
134,0.1488969028,0.302285157144,0.000526362913661,0.00277030443544
135,0.12007080391,0.374877505004,0.000286727939965,0.0015090798824
136,0.133815577254,0.411199167371,0.000353463721694,0.00186031745505
137,0.150007594377,0.451026648283,0.000579790677875,0.00305150048542
138,0.149941656739,0.490165881813,0.000928705558181,0.00488787690065
139,0.129995908588,0.490001477301,0.00099852704443,0.00525535486695
140,0.169835213572,0.00969307962805,0.000576693622861,0.00303520035291
141,0.189506046474,0.031312785577,0.000675844668876,0.00355704293609
142,0.177920494229,0.0668584369123,0.00123548891861,0.0065025106107
143,0.197112724185,0.0905944239348,0.00152827962302,0.00804349947223
144,0.197743318975,0.166400894523,0.00125553749967,0.00660802844185
145,0.191520806402,0.189619455487,0.00141984398942,0.00747279110942
146,0.186139076948,0.242241997272,0.000352624483639,0.00185590045521
147,0.184110235423,0.270932428539,0.000444860663265,0.00234134935538
148,0.159980457276,0.334260985255,0.00102126796264,0.0053750427571
149,0.17279760167,0.363406516612,0.000137930459459,0.0007259427929
150,0.168102975935,0.413411274552,0.000496901862789,0.00261524776677
151,0.169115647674,0.451297268271,0.000499102519825,0.00262683006064
152,0.189782381058,0.490075781941,0.000772412924562,0.00406529201691
153,0.169858749956,0.490198798478,0.00085343484534,0.0044917190707
154,0.209686677903,0.010126688052,0.000688233063556,0.0036222443852
155,0.227610010654,0.0308796265163,0.00105018669274,0.00552724513339
156,0.245705634356,0.0746578834951,0.00204173638485,0.0107458774472
157,0.217049337924,0.11534082517,0.00245566456579,0.0129244258324
158,0.209987316281,0.157502740622,0.00154148729052,0.00811301284205
159,0.243015665561,0.194706495851,0.00188849226106,0.00993933719744
160,0.233226899058,0.242281250656,0.00106091145426,0.00558369070287
161,0.215891681612,0.287805788219,0.00124091259204,0.00653105598532
162,0.219847101718,0.326507940888,0.00139581947587,0.00734634751942
163,0.228254366666,0.365224599838,0.00157103291713,0.00826851464186
164,0.237249337137,0.404540032148,0.00170097069349,0.00895239108689
165,0.226711459458,0.44785925746,0.00104231166188,0.00548579800184
166,0.229796733707,0.489297293127,0.000652679940686,0.00343512448859
167,0.20974091813,0.489780254662,0.000693176349159,0.0036482614272
168,0.249239653349,0.0107632707804,0.000854292477015,0.00449623287814
169,0.268174424767,0.0321867847815,0.000917387602385,0.00482830928613
170,0.266697846353,0.0765751544386,0.00112271273974,0.00590895749285
171,0.249648034573,0.110711369663,0.00269521586597,0.0141852100028
172,0.299260124564,0.153624035418,0.00211981032044,0.0111567889389
173,0.269248001277,0.197400901467,0.00221183034591,0.0116411001966
174,0.285763643682,0.238382499665,0.0031433866825,0.0165439810496
175,0.292000390589,0.285412713885,0.0025430044625,0.0133841050708
176,0.259103972465,0.321960128844,0.00165798224043,0.0087261382505
177,0.28605350107,0.357665523887,0.00248467526399,0.0130771122467
178,0.267139948905,0.440569102764,0.00288050877862,0.0151604264636
179,0.270570807159,0.488029763103,0.000891665462404,0.00469293090626
180,0.309484578669,0.0101963430643,0.000969710759819,0.00510369167222
181,0.329489707947,0.00991590321064,0.00101258803625,0.00532935937408
182,0.328954026103,0.0685529606417,0.00100802071393,0.00530532106713
183,0.331884399056,0.105498544872,0.000944929430261,0.00497326487845
184,0.312444508076,0.144497834146,0.00218666763976,0.011508666177
185,0.30394243449,0.184236593544,0.00213144114241,0.0112180032017
186,0.318184010684,0.326376907527,0.00147607841063,0.00776875889601
187,0.306881293654,0.352936424315,0.00184046581853,0.00968656888246
188,0.310358449817,0.400348514318,0.00298839062452,0.0157282201825
189,0.301151499152,0.442773386836,0.00200438895263,0.0105493139081
190,0.331642322242,0.490031927824,0.0021010893397,0.0110582584106
191,0.293777741492,0.464450784028,0.00132349773776,0.00696571045954
192,0.349428609014,0.00968162249774,0.00105157436337,0.00553454859269
193,0.369305469096,0.00953143509105,0.0010894726729,0.00573401145806
194,0.36694227159,0.0474338885397,0.00106012832839,0.00557956902747
195,0.367047540843,0.103023583069,0.00109980639536,0.00578839894702
196,0.367638863623,0.16792345047,0.0024417382665,0.0128511302265
197,0.362246498466,0.183313984424,0.00210827123374,0.0110960574888
198,0.364333078265,0.219868883491,0.00219250214286,0.0115393737922
199,0.33184812218,0.274336256087,0.0030840234831,0.016231546168
200,0.335885718465,0.317648299038,0.00199347641319,0.0104918800434
201,0.335938103497,0.361429043114,0.00172536028549,0.00908075612391
202,0.3379092291,0.406156383455,0.00338552589528,0.0178183856814
203,0.357886143029,0.452600210905,0.00385792017914,0.0203046474333
204,0.351567864418,0.490473620594,0.00237270630896,0.0124878076345
205,0.389152161777,0.00952667184174,0.00113175879233,0.00595656783724
206,0.409006990492,0.00974221574143,0.00118740310427,0.0062494298155
207,0.383956894279,0.0654502483085,0.0010589620797,0.00557343093559
208,0.385249987245,0.101924510673,0.00122265040409,0.00643494013261
209,0.414313092828,0.151345234364,0.0026007371489,0.0136879583877
210,0.396631494164,0.191322766244,0.00210859370418,0.0110977546853
211,0.381744682789,0.286090925336,0.00471945246682,0.024838984211
212,0.377058818936,0.306293964386,0.00408122083172,0.0214799027034
213,0.378498740494,0.38925178349,0.00708494149148,0.0372888065046
214,0.378163039684,0.43244228512,0.00768374279141,0.0404403619316
215,0.391195334494,0.490527488291,0.00258219451644,0.0135903665254
216,0.395231202245,0.451874867082,0.0120674995705,0.0635125437551
217,0.428875565529,0.0102019817568,0.0011873729527,0.00624927112456
218,0.421804137528,0.050178360194,0.00162809516769,0.00856883938307
219,0.416442498565,0.0684274267405,0.00171447522007,0.00902346685782
220,0.435157559812,0.0979449581355,0.00244033499621,0.0128437446646
221,0.433048859239,0.155846212059,0.00196548667736,0.0103445670635
222,0.417536318302,0.200820077211,0.00142198451795,0.00748405694047
223,0.443212635815,0.226998690516,0.0034498560708,0.0181569622907
224,0.427560292184,0.288772918284,0.00288955401629,0.015208032519
225,0.427868753672,0.325126580894,0.00490297656506,0.025804891212
226,0.462152019143,0.36189378798,0.00674204854295,0.0354841241617
227,0.436807110906,0.390711203218,0.00799062196165,0.0420554998989
228,0.414282143116,0.451118275523,0.0136167760938,0.0716665521641
229,0.431046508253,0.490117922425,0.0171809811145,0.090425345235
230,0.432871520519,0.470139913261,0.0277373455465,0.145984622777
231,0.468601278961,0.0109540182166,0.0011429527076,0.00601548261318
232,0.466144315898,0.0524157788604,0.00143741210923,0.00756525400706
233,0.480969533324,0.0684064738452,0.00126062310301,0.00663479451732
234,0.486295074224,0.0840850640088,0.00228525418788,0.0120275377472
235,0.473807111382,0.141773343086,0.00251009757631,0.0132109126015
236,0.466768853366,0.174669466913,0.00173283123877,0.00912007655182
237,0.493074260652,0.220706492662,0.00313565786928,0.0165033034772
238,0.445030413568,0.289905719459,0.00307767395861,0.0161981279401
239,0.489363707602,0.336994387209,0.00392434839159,0.0206542662359
240,0.472082413733,0.393101729453,0.00772275682539,0.0406456969743
241,0.495412997901,0.450194500387,0.00740746501833,0.0389862823977
242,0.471053116024,0.490038067102,0.143569856882,0.755623546023
243,0.473082840443,0.469605974853,0.0558956339955,0.294184713171
244,0.508831813931,0.0106807593256,0.00104676757473,0.00550924994885
245,0.522800043225,0.0496047101915,0.0012134591816,0.00638656574345
246,0.514440014958,0.0624332157895,0.0019077656325,0.0100407750172
247,0.533100903034,0.0852471534163,0.00220412947237,0.0116005696737
248,0.526590049267,0.112673046067,0.00219095940702,0.0115312542081
249,0.518705829978,0.180568564683,0.00256753806025,0.0135132280255
250,0.520794197917,0.226120103151,0.00305970292538,0.0161035444659
251,0.507023066282,0.284681081772,0.00457106716931,0.0240580164848
252,0.507465533912,0.33240480721,0.00224393117242,0.0118100502874
253,0.510875910521,0.371777519584,0.00229312921874,0.0120689848788
254,0.511930301785,0.391326270998,0.00367644638754,0.0193495314159
255,0.51609146595,0.450645826757,0.0123551273718,0.0650263597041
256,0.505164459348,0.514980301261,0.10214446485,0.537597267373
257,0.477806970477,0.555270582438,0.0101623916999,0.0534857568231
258,0.445567540824,0.589804068208,0.00374236539938,0.0196964702411
259,0.394420906901,0.624277457595,0.00468080537394,0.0246355804186
260,0.342844039202,0.67333984375,0.0030855035875,0.0162393361161
261,0.295694388449,0.712582483888,0.00125535263214,0.00660705546421
262,0.277829535306,0.772431701422,0.00101392634679,0.0053364030459
263,0.225689705461,0.797676295042,0.000998691888526,0.0052562224591
264,0.180741328746,0.855149358511,0.00180379091762,0.00949354494778
265,0.136808915064,0.893682703376,0.00142456125468,0.0074976185821
266,0.115285115317,0.932981848717,0.000540845037904,0.00284652540767
267,0.0675425287336,0.946283072233,0.00132351380307,0.00696579501301
268,0.00994051853195,0.98997721076,0.000580368272495,0.00305454042781
269,0.00975859165192,0.969976976514,0.000644630752504,0.0033927607484
270,0.0091903815046,0.930194213986,0.000585465051699,0.00308136532309
271,0.0632655052468,0.887774810195,0.00135113217402,0.00711115345974
272,0.106782596558,0.844749197364,0.000904687738512,0.00476146854127
273,0.145068533719,0.80978807807,0.000929329835344,0.00489116253828
274,0.185330439359,0.759930461645,0.00139547628351,0.00734454126119
275,0.227207370102,0.73943425715,0.00138211075682,0.00727419706161
276,0.263121858239,0.700081825256,0.00098452239763,0.00518164690968
277,0.306638523936,0.649029895663,0.00289926794358,0.0152591579596
278,0.363096915185,0.624004259706,0.00482652755454,0.025402531875
279,0.403014704585,0.547186851501,0.0115674594417,0.0608807789578
280,0.425262160599,0.529035404325,0.0225163120776,0.118505763988
281,0.487211033702,0.51160171628,0.120823837817,0.635908809537
282,0.463616147637,0.531994849443,0.0353362299502,0.185978365918
283,0.548935487866,0.0115521885455,0.000930752896238,0.0048986522603
284,0.566837385297,0.036738385912,0.000725705584045,0.00381946627721
285,0.587082579732,0.0800769161433,0.00106036558282,0.00558081772295
286,0.589135542512,0.108799759299,0.00195616274141,0.0102954941891
287,0.585771724582,0.161290436983,0.00129578798078,0.00681987103836
288,0.567343458533,0.191690169275,0.00199586781673,0.0105044662565
289,0.548352837563,0.230421815068,0.00264209648594,0.0139056370118
290,0.560024768114,0.326181940734,0.00215192092583,0.011325790497
291,0.547783210874,0.366434447467,0.00283242063597,0.0149073334143
292,0.550257310271,0.385704763234,0.00319325807504,0.0168064595343
293,0.530841216445,0.503468699753,0.0908307284117,0.478051859776
294,0.54761210084,0.586789473891,0.0060784779489,0.0319916809971
295,0.543542832136,0.633421510458,0.00201610685326,0.0106109864752
296,0.540641546249,0.674857437611,0.00214177416638,0.0112723870144
297,0.574424788356,0.673486560583,0.00167723011691,0.0088274418876
298,0.553903877735,0.773487612605,0.000502749637235,0.0026460252305
299,0.555944517255,0.875207081437,0.00227127200924,0.0119539480423
300,0.578637734056,0.945110157132,0.00149555783719,0.00787128120597
301,0.550479307771,0.987792983651,0.000840495456941,0.00442361768259
302,0.530134648085,0.987945348024,0.00093000131892,0.00489469662832
303,0.522942870855,0.938909694552,0.00248465663753,0.0130770142137
304,0.511145755649,0.918379977345,0.00246384833008,0.0129674978611
305,0.499551787972,0.899836868048,0.00250274455175,0.013172212845
306,0.517431288958,0.859235584736,0.0024893223308,0.0131015702575
307,0.531366914511,0.812460273504,0.00257668131962,0.0135613499797
308,0.522415995598,0.75071683526,0.00220741750672,0.011617874951
309,0.511264801025,0.709109142423,0.0020024611149,0.0105391674915
310,0.536342844367,0.691910609603,0.00260838703252,0.0137282205452
311,0.525086522102,0.654641479254,0.00207804096863,0.0109369523631
312,0.5378677845,0.612620472908,0.00176488421857,0.00928877482029
313,0.528876960278,0.562571704388,0.0139650860801,0.0734997449573
314,0.512689471245,0.493697762489,0.0792909935117,0.417316998054
315,0.547075927258,0.490854278207,0.049628213048,0.26119860492
316,0.589168936014,0.011528480798,0.000665748782922,0.00350390720613
317,0.610016196966,0.0560251707211,0.000898284080904,0.00472776540487
318,0.616098448634,0.0772753190249,0.00171475473326,0.00902493796569
319,0.603596627712,0.120574997738,0.00141798565164,0.00746301047847
320,0.613470628858,0.144953820854,0.00079206150258,0.00416870458915
321,0.62038820982,0.199918042868,0.000670658715535,0.00352974870777
322,0.605863705277,0.238438561559,0.000620201753918,0.0032641883103
323,0.582557946444,0.276912011206,0.00239456933923,0.0126028751063
324,0.604041472077,0.350965023041,0.00190533243585,0.0100279688425
325,0.627151742578,0.385212503374,0.00143420870882,0.00754839416733
326,0.620596721768,0.444566190243,0.00231244578026,0.0121706500126
327,0.56700143218,0.483626700938,0.0153224524111,0.0806437094531
328,0.601330935955,0.557387590408,0.00325265410356,0.017119067199
329,0.606724709272,0.573660999537,0.00214598025195,0.0112945240937
330,0.599752262235,0.648205116391,0.0018589013489,0.00978359705488
331,0.599202260375,0.699154242873,0.00161917624064,0.00852189811398
332,0.584056302905,0.741000011563,0.00122251559515,0.0064342306187
333,0.590705990791,0.760792285204,0.00065456808079,0.00344506197235
334,0.597205892205,0.827044472098,0.00170603778679,0.00897905974206
335,0.596164733171,0.856111779809,0.00186148378998,0.00979718871911
336,0.614177897573,0.879259869456,0.00127200072166,0.00669467614383
337,0.597674280405,0.949851587415,0.0010542847449,0.00554881362117
338,0.610969170928,0.990364298224,0.000523510854691,0.00275529374337
339,0.590950980783,0.989643156528,0.000667469226755,0.00351296208644
340,0.6293117553,0.0102729676291,0.000459934904939,0.00242068670511
341,0.648152470589,0.0292016700841,0.000353071518475,0.00185825324747
342,0.66621299088,0.0465687457472,0.000246861425694,0.0012992581445
343,0.666847512126,0.132438650355,0.00132729753386,0.00698570919374
344,0.663753136992,0.159297391772,0.000963106635027,0.00506893345555
345,0.675694927573,0.191588167101,0.00100598100107,0.00529458583974
346,0.629370734096,0.226489711553,0.00049408065388,0.00260039944187
347,0.631503760815,0.278242222965,0.00166194571648,0.00874699844978
348,0.648929938674,0.366262838244,0.000438239861978,0.00230650336852
349,0.645296737552,0.405498594046,0.000931636895984,0.00490330484572
350,0.648121893406,0.459633819759,0.00359975337051,0.0189458878465
351,0.616408452392,0.489613324404,0.00450648600236,0.0237181188806
352,0.647039011121,0.574980571866,0.00339539186098,0.0178703113164
353,0.668673694134,0.582241013646,0.00145043234807,0.00763378091971
354,0.640836015344,0.655336305499,0.00147392204963,0.00775740973689
355,0.647427499294,0.683990642428,0.000938266282901,0.00493819601967
356,0.618083208799,0.73885692656,0.00180752354208,0.00951319015044
357,0.635421514511,0.818112850189,0.000410482985899,0.00216041595446
358,0.634744867682,0.872885853052,0.00131381908432,0.00691477066903
359,0.625288814306,0.886126950383,0.00116523902398,0.00613277788516
360,0.653723657131,0.95458881557,0.000394191098167,0.00207467000299
361,0.650678411126,0.990951180458,0.000314079952659,0.00165303645707
362,0.630868345499,0.990776196122,0.000415010465076,0.00218424456267
363,0.669133603573,0.00966782774776,0.000321909436025,0.00169424386727
364,0.686857789755,0.0295046959072,0.000293224904453,0.00154327410292
365,0.692072033882,0.0665305703878,0.00067482481245,0.00355167532239
366,0.702488049865,0.160001602024,0.000724904064555,0.00381524779422
367,0.70768456161,0.178049813956,0.000574637029786,0.00302437628311
368,0.69307911396,0.223498545587,0.000535039929673,0.0028159725008
369,0.691354200244,0.27087726444,0.000854631478433,0.00449801707894
370,0.68611331284,0.327202036977,0.00125428265892,0.00660142408045
371,0.696031376719,0.351045034826,0.00105625425931,0.00555917938665
372,0.689038142562,0.387444056571,0.000730486121029,0.00384462675578
373,0.693296045065,0.452078022063,0.0024794426281,0.0130495723231
374,0.690509513021,0.536285310984,0.000735554029234,0.00387129969989
375,0.692239031196,0.633075267076,0.000431280932389,0.00226987777617
376,0.689669638872,0.648348450661,0.00132675503846,0.0069828539823
377,0.687724635005,0.68427105248,0.000597230973653,0.00314329063153
378,0.711764216423,0.782999381423,0.000565450638533,0.00297602732125
379,0.672967031598,0.815910995007,0.000534397840966,0.00281259311911
380,0.659807473421,0.8684758991,0.00143742689397,0.00756533182076
381,0.673892334104,0.916729286313,0.000260900094872,0.00137314516519
382,0.672054901719,0.954323917627,0.000273014709819,0.00143690568222
383,0.690164089203,0.990758121014,0.000171533421963,0.000902798786456
384,0.670423671603,0.990926980972,0.000232153674006,0.00122184967084
385,0.709141075611,0.0107682892121,0.000197606408619,0.00104002370999
386,0.727678194642,0.0339007666335,8.85070912773e-05,0.000465822308467
387,0.732107564807,0.0767925661057,0.000374154740712,0.00196921650601
388,0.733493670821,0.114701813087,0.000331509829266,0.00174477176597
389,0.719618558884,0.155411049724,0.00055384344887,0.00291493743788
390,0.745145007968,0.203098978847,0.00019427787629,0.00102250528756
391,0.716689735651,0.225735172629,0.000559110892937,0.00294266056062
392,0.723066836596,0.280779153109,0.000299760198686,0.00157767005698
393,0.712124049664,0.315971285105,0.000908955873456,0.00478393219298
394,0.726719111204,0.403653435409,0.000800363020971,0.00421239637028
395,0.738569736481,0.449068650603,0.00155566935427,0.00818765456375
396,0.76215068996,0.476146936417,0.000962420366704,0.0050653215518
397,0.739028558135,0.571255519986,0.000615766854025,0.00324084695678
398,0.7271771878,0.611718207598,0.000552180281375,0.00290618400908
399,0.748541399837,0.629261985421,0.000495957559906,0.00261027779948
400,0.726543545723,0.693975195289,0.000313766970066,0.00165138919614
401,0.728765413165,0.725442543626,0.000554190075491,0.00291676177094
402,0.711833238602,0.83581481874,0.000339221383911,0.00178535850466
403,0.730697244406,0.87266382575,0.000105233470094,0.000553855033082
404,0.738208577037,0.909483343363,0.000257953302935,0.00135763588336
405,0.727439537644,0.950871527195,0.000178783768206,0.0009409581359
406,0.72987125814,0.989996656775,0.000105086197436,0.000553079921297
407,0.729164034128,0.970182210207,0.000117037780001,0.000615982381424
408,0.749341383576,0.010831987951,9.34295676416e-05,0.000491729829213
409,0.769413009286,0.0104517214932,7.93347062427e-05,0.000417547062842
410,0.749016985297,0.0535510228947,0.000248770345934,0.00130930499634
411,0.75181505084,0.112487053499,0.00027027176111,0.00142246924915
412,0.788946539164,0.145224444568,0.000176831061253,0.000930680829898
413,0.779620826244,0.201829310507,0.000172760264832,0.000909255791981
414,0.776224330068,0.241996917874,0.000266485207248,0.0014025402103
415,0.786736920476,0.29316483438,0.000605792389251,0.00318835027952
416,0.751031175256,0.374254845083,0.000598895770963,0.00315205263822
417,0.765891209245,0.401111364365,0.0010002447525,0.00526439534866
418,0.780526056886,0.43081920594,0.000947663269471,0.00498765336725
419,0.771556168795,0.558790117502,0.000277537939837,0.00146071192665
420,0.765820860863,0.627264022827,0.000310667877784,0.00163507834127
421,0.756206378341,0.698589086533,0.000268799019977,0.00141471805471
422,0.770815044641,0.718533411622,0.00032380639459,0.00170422776353
423,0.762695148587,0.774924248457,0.00039234009455,0.00206492797255
424,0.743670806289,0.82096979022,0.000123060250189,0.000647679287574
425,0.776633471251,0.859631866217,0.000296913349302,0.00156268678352
426,0.799861937761,0.910467430949,0.000506191165186,0.00266413836101
427,0.767739221454,0.944561317563,0.000321755796904,0.00169343524811
428,0.770121529698,0.989073321223,7.36852744012e-05,0.000387813497498
429,0.749276578426,0.968500778079,0.000122088065837,0.000642562577118
430,0.809282228351,0.00991042610258,9.8077194707e-05,0.000516190788637
431,0.808011397719,0.0297010550275,9.57471856964e-05,0.000503927701461
432,0.825060889125,0.0678182858974,0.000113653586595,0.000598171008779
433,0.824268892407,0.106602393091,0.000132864777697,0.000699281566796
434,0.806376725435,0.14432856068,0.000150701365783,0.000793157441795
435,0.808414891362,0.211470685899,0.000291277945507,0.00153302704929
436,0.796213328838,0.264519423246,0.000404694350436,0.00212994974553
437,0.816650405526,0.319972477853,0.000844071269967,0.00444243756983
438,0.80420306325,0.364128775895,0.000568128423765,0.00299012079196
439,0.802121028304,0.401138611138,0.000504141498823,0.00265335074723
440,0.804812654853,0.430129982531,0.000484664604301,0.00255084176363
441,0.813655808568,0.483181573451,0.000577271508519,0.00303824182707
442,0.819660648704,0.554218620062,0.000230964491493,0.00121559087581
443,0.799481898546,0.618520051241,0.000296309764963,0.00155951005444
444,0.806899890304,0.637876391411,0.000366211257642,0.00192740910316
445,0.821136027575,0.67817184329,0.000558801577426,0.00294103259994
446,0.798394396901,0.745294824243,0.000242586611421,0.00127675933877
447,0.789724543691,0.785197988153,0.00040215277113,0.00211657314121
448,0.782546550035,0.811250299215,0.000426338374382,0.00224386456358
449,0.789960533381,0.851284459233,0.000416686729295,0.00219306692093
450,0.831188291311,0.893901318312,9.6886738902e-05,0.000509925292131
451,0.787591263652,0.938017904758,0.000612948613707,0.0032260142559
452,0.810142964125,0.989586949348,8.60102518345e-05,0.000452681174844
453,0.791048705578,0.967592477798,0.00032662396552,0.00171905694136
454,0.849017232656,0.00973856355995,9.61372061283e-05,0.000505980420801
455,0.868943750858,0.00995395286009,7.52868872951e-05,0.000396242957835
456,0.863616645336,0.0485142916441,0.000146817648783,0.00077271702293
457,0.857941150665,0.104259360582,9.58595264819e-05,0.000504518963057
458,0.866585493088,0.158242203295,0.000122780402307,0.000646206418175
459,0.841858997941,0.19082981348,0.000156135691213,0.000821758879041
460,0.858731329441,0.221450496465,8.12591679278e-05,0.000427675710974
461,0.87111723423,0.268648803234,0.000315399433021,0.00165998102365
462,0.856751143932,0.306551679969,0.000443031953182,0.00233172465819
463,0.852401569486,0.365543685853,0.000651478476357,0.00342880105304
464,0.833474248648,0.407229103148,0.000454863824416,0.00239399706475
465,0.848592624068,0.434974133968,0.000804504787084,0.00423419492929
466,0.850175157189,0.483331538737,0.000470009312266,0.00247370939076
467,0.856039449573,0.568463593721,0.000168722384842,0.000888003996776
468,0.849219277501,0.586410045624,0.000165212142747,0.000869529216366
469,0.875762879848,0.655285179615,0.000126405211631,0.00066528417819
470,0.832634583116,0.697259858251,0.000513796810992,0.00270416769013
471,0.86024209857,0.728448346257,0.00026710878592,0.00140582217169
472,0.876450270414,0.768918544054,0.000277247687336,0.00145918429663
473,0.834403648973,0.814851462841,0.000320107646985,0.00168476085842
474,0.835230588913,0.861899480224,0.00038535555359,0.0020281675848
475,0.845717951655,0.911207228899,0.000319574319292,0.0016819538976
476,0.848352059722,0.945568531752,0.00039470178308,0.00207735779243
477,0.850333407521,0.989223152399,0.000106104336737,0.000558438497572
478,0.830187126994,0.968553930521,0.000115278671728,0.000606724006028
479,0.889008551836,0.0104740611278,6.57709388179e-05,0.000346159500985
480,0.909229844809,0.0111693181098,6.42227678327e-05,0.000338011311142
481,0.873930066824,0.0857617072761,0.00011834155157,0.000622844270943
482,0.891182929277,0.116762181744,0.000199804431759,0.00105159214138
483,0.91414667666,0.154294986278,0.000391200883314,0.0020589321817
484,0.901586607099,0.182853419334,0.000308255373966,0.00162238107508
485,0.881537154317,0.230641249567,0.000170352810528,0.000896585101927
486,0.886283367872,0.247608557343,0.000265455251792,0.00139711944433
487,0.894056558609,0.320797793567,0.000487128418172,0.00256380908013
488,0.887738376856,0.360535405576,0.000524519011378,0.00276059978008
489,0.890753626823,0.387154273689,0.000801299931481,0.00421732743073
490,0.901610732079,0.406510546803,0.00102965184487,0.00541916802795
491,0.921308383346,0.496742278337,0.000411942368373,0.00216809684085
492,0.884103000164,0.555206909776,0.000235388462897,0.00123887471152
493,0.883707851171,0.61817368865,0.000277804530924,0.00146211502412
494,0.910935416818,0.654755026102,0.000521891401149,0.00274677038579
495,0.898948699236,0.683610081673,0.000347765453625,0.00183032685941
496,0.88301666081,0.732256159186,0.000205618169275,0.00108219046511
497,0.888548091054,0.747988849878,0.0002874112688,0.00151267631531
498,0.898295000196,0.827455252409,0.000279703817796,0.00147211117451
499,0.892365857959,0.863273710012,0.000234459846979,0.0012339873064
500,0.891581401229,0.906695112586,0.000130862958031,0.000688745775316
501,0.888235360384,0.936590746045,0.00051144126337,0.00269177019051
502,0.890420600772,0.990475282073,0.000109486456495,0.000576238956385
503,0.894685775042,0.955129638314,0.000219992478378,0.0011578439947
504,0.929592683911,0.0112693677656,0.0001476250618,0.000776966524183
505,0.932911172509,0.0555698582903,0.000576787802856,0.00303569603232
506,0.944379448891,0.0901337452233,0.00031537853647,0.00165987104287
507,0.900535717607,0.0973814986646,0.000356147415005,0.00187444202061
508,0.949228838086,0.171425376087,0.000318690872518,0.00167730422254
509,0.948171719909,0.252794202417,0.000510824203957,0.00268852254067
510,0.931942746043,0.27531773597,0.000496036314871,0.0026106922953
511,0.937165468931,0.327682621777,0.000396386632929,0.00208622533779
512,0.950290456414,0.366423934698,0.000264079833869,0.00138988047237
513,0.943684473634,0.404144875705,0.000299361272482,0.00157557046561
514,0.911390006542,0.426122002304,0.000869466806762,0.00457609700213
515,0.970396012068,0.530566811562,0.000432405649917,0.00227579728508
516,0.950828298926,0.588905692101,0.000258399086306,0.00135998208903
517,0.912575259805,0.601837962866,0.00072099204408,0.00379465841113
518,0.948003068566,0.671341821551,0.000478804431623,0.00251999904668
519,0.944420948625,0.732202589512,0.000520519621205,0.0027395505609
520,0.931971400976,0.775724455714,0.000435080961324,0.00228987773578
521,0.933690026402,0.828967750072,0.00025362893939,0.0013348762945
522,0.951845228672,0.867434605956,0.000257705978584,0.00135633418879
523,0.94955162704,0.903813928366,0.000359653000487,0.00189289229277
524,0.911437213421,0.95592930913,0.000118732299597,0.000624900819697
525,0.930195599794,0.990811079741,0.000159364659339,0.0008387532844
526,0.948829963803,0.952184334397,0.000336275988957,0.0017698565753
527,0.970130637288,0.0102608865127,0.000336039927788,0.00176861416007
528,0.990311831236,0.0300549361855,0.000329187489115,0.00173254904082
529,0.95280534029,0.0517463944852,0.000267657975201,0.00140871261374
530,0.957638531923,0.104592904449,0.000492910272442,0.00259423959891
531,0.967772528529,0.148802444339,0.000408715219237,0.00215111200903
532,0.969549611211,0.189552504569,0.000535323226359,0.00281746352162
533,0.966908216476,0.229558933526,0.000608571222983,0.00320297557931
534,0.97021099925,0.270721040666,0.000644093670417,0.0033899340278
535,0.972165763378,0.329617775977,0.000635355652776,0.00334394490433
536,0.970037028193,0.368682935834,0.00048069973127,0.00252997421188
537,0.947179540992,0.385243184865,0.000279742613202,0.00147231535889
538,0.942141339183,0.435048900545,0.0010455675656,0.00550293417213
539,0.990378811955,0.490279406309,0.000389512395486,0.00205004548928
540,0.971530273557,0.490968771279,0.000367200613255,0.00193261618779
541,0.990214809775,0.530259728432,0.00041309610242,0.00217416906681
542,0.990139961243,0.569779396057,0.000534808263183,0.00281475321523
543,0.947526037693,0.549897521734,0.000366047024727,0.00192654472772
544,0.952929258347,0.606201767921,0.000355899566785,0.00187313756886
545,0.966716617346,0.6487916857,0.000582137552556,0.00306385233842
546,0.969054684043,0.689420118928,0.000692004803568,0.00364209545717
547,0.966598957777,0.729604557157,0.000630016322248,0.00331584343544
548,0.969827234745,0.771058857441,0.000605300534517,0.00318576159532
549,0.971347600222,0.810352548957,0.00052481162129,0.00276213981741
550,0.971025526524,0.868615031242,0.000354133051587,0.00186384021003
551,0.951392367482,0.885849744081,0.000196102409973,0.0010321080039
552,0.946259975433,0.932470366359,0.000608081289101,0.00320039700477
553,0.969975471497,0.990246608853,0.000308613263769,0.00162426468747
554,0.989976420999,0.99006088078,0.00031333748484,0.00164912876936
555,0.489892013371,0.990338787436,0.0010337686399,0.00544083516145
556,0.485322348773,0.953219413757,0.00147568772081,0.0077667026536
557,0.479004107416,0.936220675707,0.002008497715,0.0105709387649
558,0.468641869724,0.92085377872,0.00250291661359,0.013173118425
559,0.464475870132,0.859261274338,0.00124192028306,0.0065363595712
560,0.491034664214,0.803980767727,0.00262222369201,0.0138010443672
561,0.496027991176,0.769122734666,0.00253974716179,0.013366961548
562,0.494042634964,0.715506777167,0.00209238682874,0.0110124561626
563,0.486651085317,0.674059659243,0.00185017182957,0.00973765265897
564,0.492667406797,0.636590763927,0.00294462405145,0.015497872017
565,0.489552237093,0.601822435856,0.00748163228855,0.0393766326908
566,0.495792165399,0.558100700378,0.0152618931606,0.0803249796268
567,0.450360558927,0.991570904851,0.00107715500053,0.00566918222803
568,0.43227365613,0.974421694875,0.00112545129377,0.00592337079626
569,0.406315684319,0.933973640203,0.00140648207162,0.00740246590373
570,0.429364174604,0.894240245223,0.00247988896444,0.0130519214392
571,0.436279520392,0.769191548228,0.00141351285856,0.00743946968906
572,0.423849284649,0.726367354393,0.00164944201242,0.00868119011506
573,0.437387168407,0.691733017564,0.00346640381031,0.0182440548175
574,0.453864485025,0.629149585962,0.00440712878481,0.0231951911946
575,0.451652348042,0.60839381814,0.00278771086596,0.0146720211023
576,0.411010310054,0.990941867232,0.00116141128819,0.00611263210144
577,0.400090970099,0.951670750976,0.00174748385325,0.00919719483245
578,0.392460882664,0.929820179939,0.00200741831213,0.0105652577519
579,0.395345687866,0.88415582478,0.00193401239812,0.0101789145581
580,0.388664357364,0.836745992303,0.0028391177766,0.0149425811833
581,0.373677976429,0.800822943449,0.00302991596982,0.0159467725258
582,0.385537743568,0.748737871647,0.00421124184504,0.0221642172335
583,0.392070583999,0.72373239696,0.00323403999209,0.0170210991351
584,0.378837764263,0.680725440383,0.00200389535166,0.0105467160333
585,0.427166081965,0.656504794955,0.00452733552083,0.0238278521312
586,0.37116586417,0.989044874907,0.00125114736147,0.00658492267391
587,0.352272115648,0.965686112642,0.00116180372424,0.00611469753444
588,0.328945450485,0.947444036603,0.00141158793122,0.0074293385901
589,0.346924506128,0.892879679799,0.00127478316426,0.00670932043752
590,0.346259653568,0.834475263953,0.00279493024573,0.0147100174718
591,0.333459898829,0.795968323946,0.00250383047387,0.0131779281696
592,0.344552695751,0.754664734006,0.00222362717614,0.0117031881786
593,0.359583184123,0.7345277071,0.00334250996821,0.0175919882463
594,0.358121432364,0.696635127068,0.00217144773342,0.0114285621785
595,0.330436401069,0.989128381014,0.00105367717333,0.0055456159069
596,0.310684099793,0.968743130565,0.00108677404933,0.00571980831292
597,0.316135920584,0.898928299546,0.00238479441032,0.0125514286076
598,0.302210576832,0.83378174901,0.00307795614935,0.0161996131402
599,0.294812291861,0.798353418708,0.00120506552048,0.00634238900526
600,0.298623859882,0.756011590362,0.00118537247181,0.00623874237921
601,0.290187731385,0.98910818994,0.000914652831852,0.00481391589568
602,0.248849779367,0.967850759625,0.000996072543785,0.00524243656696
603,0.261971257627,0.923008933663,0.00167578004766,0.00881981001771
604,0.268405809999,0.881953209639,0.00169812212698,0.00893739877601
605,0.262724474072,0.846857324243,0.00205748574808,0.0108287680341
606,0.250141069293,0.781905978918,0.00212860642932,0.0112030838029
607,0.249785233289,0.98922111094,0.000809887540527,0.00426252493764
608,0.228461693972,0.969304218888,0.000861191074364,0.00453254093545
609,0.246382746845,0.946969106793,0.00122715032194,0.0064586236826
610,0.252375211567,0.886003240943,0.00139271479566,0.00733000725464
611,0.19637645781,0.842266350985,0.00189563026652,0.00997690528529
612,0.247181013227,0.807784125209,0.00227896799333,0.0119944528315
613,0.189762569964,0.990452483296,0.000650147034321,0.00342179353089
614,0.169917520136,0.990622729063,0.00059699639678,0.0031420560283
615,0.168656084687,0.935738056898,0.000429810315836,0.00226213776361
616,0.176425937563,0.898440897465,0.000780533940997,0.0041080337969
617,0.150102086365,0.990619167686,0.00142302375752,0.00748952656977
618,0.13030185923,0.990448728204,0.00168210593984,0.00885310386629
619,0.13220587559,0.952557563782,0.00157801189926,0.00830524577288
620,0.157052449882,0.899253159761,0.00118907517754,0.00625823011634
621,0.110415646806,0.990062132478,0.000502213602886,0.00264320402426
622,0.0903446953744,0.989463686943,0.000570949108806,0.00300496635968
623,0.133229922503,0.933399349451,0.00157309987117,0.00827939324252
624,0.0701500112191,0.989247471094,0.00059816223802,0.00314819197571
625,0.0478348154575,0.948825627565,0.000741274037864,0.00390140471844
626,0.0094466721639,0.890438392758,0.000602419371717,0.00317059772668
627,0.0526637490839,0.848362639546,0.00131110602524,0.0069004915483
628,0.107584323734,0.82543861866,0.000496660242788,0.00261397609481
629,0.183140516281,0.738609716296,0.00132972176652,0.00699846819009
630,0.242393895984,0.701140955091,0.00122090044897,0.00642572993125
631,0.287685446441,0.648198887706,0.00224943342619,0.0118390092388
632,0.326031051576,0.607413053513,0.00392838940024,0.0206755344975
633,0.365129143,0.546857267618,0.00428636139259,0.0225595794643
634,0.386413261294,0.52796818316,0.00401468900964,0.0211297385922
635,0.448293022811,0.510111570358,0.0199725404382,0.105117621183
636,0.0447188755497,0.894540995359,0.000606198504101,0.0031904877055
637,0.0105021903291,0.850451305509,0.00068791693775,0.00362058058119
638,0.0696536479518,0.815837010741,0.000537783082109,0.00283041000611
639,0.10794076696,0.789200603962,0.00149739114568,0.00788093010505
640,0.155958913267,0.721408128738,0.00130890577566,0.0068889113989
641,0.199478875846,0.692958205938,0.00152780069038,0.00804097879844
642,0.214907623827,0.654351204634,0.00130788353272,0.00688353122473
643,0.247159905732,0.609868317842,0.00188823288772,0.00993797208777
644,0.326195441186,0.567401245236,0.00220529362559,0.0116066967369
645,0.368955865502,0.509298145771,0.0024526482448,0.0129085506117
646,0.408648751676,0.509412810206,0.00373416952789,0.0196533344909
647,0.0320560652763,0.851243123412,0.000588415714446,0.00309689497741
648,0.0101823071018,0.810332864523,0.000538649561349,0.00283497037923
649,0.074491776526,0.795454129577,0.000251515273703,0.00132375184542
650,0.0927411317825,0.730521678925,0.000785376003478,0.00413351809076
651,0.143030151725,0.691399112344,0.000568429182749,0.00299170371873
652,0.199089922011,0.658062592149,0.000958180462476,0.00504300648137
653,0.22665502876,0.612027972937,0.00151445390657,0.00797073324457
654,0.287663809955,0.569187179208,0.00204067467712,0.0107402895656
655,0.309371173382,0.509701266885,0.00126990047283,0.00668362230916
656,0.0304082436487,0.811010584235,0.000447544502094,0.00235547468682
657,0.0104355607182,0.770468860865,0.000496138352901,0.00261122933239
658,0.0527425203472,0.752101361752,0.000347805063939,0.00183053533273
659,0.108854962513,0.692056789994,0.000674680399243,0.00355091526021
660,0.140696853399,0.653037130833,0.00034875102574,0.00183551403109
661,0.183196246624,0.591636747122,0.000803586328402,0.0042293609828
662,0.248602386564,0.569044321775,0.00189237901941,0.00995979362326
663,0.269487336278,0.510084927082,0.000818585220259,0.00430830175837
664,0.349098928273,0.509388580918,0.00186591991223,0.00982053650604
665,0.0314984070137,0.771472379565,0.000363426923286,0.00191275485299
666,0.0103957513347,0.730460643768,0.000456598645542,0.0024031276143
667,0.0703384419903,0.691766664386,0.000499627494719,0.00262959305978
668,0.108946809545,0.654734075069,0.000428393366747,0.00225468020867
669,0.158608496189,0.620648279786,0.000309413153445,0.00162847459258
670,0.186323005706,0.571919009089,0.000609653594438,0.0032086722163
671,0.229728665203,0.509796351194,0.000655045034364,0.00344757223013
672,0.250069268048,0.488641805947,0.000549469143152,0.00289191499801
673,0.0311704361811,0.731264218688,0.000296330166748,0.00155961743122
674,0.0101739121601,0.69038361311,0.000549468561076,0.00289191193448
675,0.0502221351489,0.651590004563,0.000547049043234,0.00287917775273
676,0.113831471652,0.614921197295,0.000382718455512,0.00201428825495
677,0.150500677526,0.549171030521,0.000588562223129,0.00309766606831
678,0.190296187997,0.510264977813,0.000851076329127,0.00447930594707
679,0.24951351434,0.510159656405,0.000695208786055,0.00365895836044
680,0.0304491315037,0.6910443753,0.000417032861151,0.00219488864999
681,0.0100582824089,0.65034916997,0.000738815055229,0.00388846282925
682,0.0707706753165,0.632426470518,0.000513334874995,0.00270173647146
683,0.111560883,0.550949454308,0.000783500203397,0.00412364555387
684,0.150144919753,0.510064527392,0.00099225610029,0.00522235021575
685,0.21008490026,0.509835019708,0.000836957828142,0.00440499876302
686,0.0302293319255,0.67100481689,0.000508315104526,0.00267531688141
687,0.0101130995899,0.610354527831,0.000917030789424,0.00482643134127
688,0.0712517816573,0.551570773125,0.000847768445965,0.00446189620341
689,0.110171644017,0.510145246983,0.00105467182584,0.00555085086967
690,0.170267932117,0.51020821929,0.000837078958284,0.00440563628394
691,0.0302148391493,0.631036534905,0.000705046637449,0.00371073602685
692,0.0102126798593,0.550294682384,0.000842215958983,0.00443267286925
693,0.0506465183571,0.530845299363,0.000846583105158,0.00445565762769
694,0.130108671263,0.510049179196,0.00102561013773,0.00539789609003
695,0.0306032928638,0.550849854946,0.000825491151772,0.00434464841617
696,0.0100700887851,0.510081321001,0.000281165412161,0.00147980370233
697,0.0702505065128,0.510309949517,0.00098643405363,0.00519170816012
698,0.0301776486449,0.510214373469,0.000696926843375,0.00366800068027
699,0.0501611419022,0.448876611888,0.000869175419211,0.00457456339822
700,0.0440813284367,0.390261098742,0.000524389906786,0.00275992028877
701,0.0279125235975,0.351706974208,0.000537134823389,0.00282699815098
702,0.0316070877016,0.311113677919,0.000494629261084,0.00260328682039
703,0.0317827016115,0.232084520161,0.000443997763796,0.00233680782298
704,0.0298441401683,0.191832654178,0.000481512863189,0.00253425381233
705,0.0290673514828,0.17202841863,0.000500802008901,0.00263577465381
706,0.0311257964931,0.112989285961,0.000815045612399,0.00428967242279
707,0.0551005909219,0.0679401215166,0.00106512906495,0.00560588844004
708,0.9911057055,0.0697165522724,0.000368554698071,0.00193974288132
709,0.939559236169,0.0740175396204,0.000404978170991,0.00213144352354
710,0.882149264216,0.0502786813304,0.000298892235151,0.00157310187186
711,0.844965562224,0.048148249276,9.35929492698e-05,0.000492589724235
712,0.807090893388,0.0493760677055,0.000116237810289,0.000611772055082
713,0.768491432071,0.0517425127327,0.000170945611899,0.000899705079083
714,0.729304850101,0.0563008598983,0.000549341319129,0.00289124224647
715,0.683553233743,0.0472950935364,0.00029604457086,0.00155811430945
716,0.648323044181,0.0480686239898,0.000442528078565,0.00232907271207
717,0.633606508374,0.0705877626315,0.00097853585612,0.00515013910002
718,0.589123472571,0.0587168382481,0.000829607597552,0.00436631371156
719,0.523945793509,0.0727229202166,0.00208398303948,0.0109682261189
720,0.465948343277,0.0694739846513,0.001385435462,0.00729169534132
721,0.385556362569,0.0471822703257,0.00112954841461,0.00594493438239
722,0.347934320569,0.0481914356351,0.00102952937596,0.00541852346091
723,0.308564223349,0.0507832989097,0.000999106327072,0.00525840369359
724,0.267712071538,0.0538153247908,0.000910987902898,0.00479462698175
725,0.209422454238,0.0305478363298,0.00081829552073,0.0043067770387
726,0.16638866812,0.0467889867723,0.000771501450799,0.0040604948328
727,0.129836145788,0.0445227390155,0.00134929560591,0.00710148740488
728,0.112381730229,0.0621603587642,0.000535018509254,0.00281585976284
729,0.990855157375,0.109444634989,0.000534455932211,0.00281289885956
730,0.939662471414,0.109072363004,0.000649560999591,0.00341870916729
731,0.90593855083,0.111449763179,0.000353133014869,0.00185857690958
732,0.841859951615,0.0862111691386,9.59855606197e-05,0.000505182294234
733,0.806338369846,0.088377982378,0.000158459064551,0.000833987041957
734,0.769415065646,0.091507717967,0.000234990235185,0.00123677879638
735,0.715116068721,0.0798316355795,0.00011311032722,0.000595311776455
736,0.669306889176,0.080126632005,0.000691702240147,0.00364050303346
737,0.654393270612,0.0836919378489,0.00083231262397,0.00438055055555
738,0.626490190625,0.111170893535,0.000662105507217,0.00348473225557
739,0.518074393272,0.0987959764898,0.00213706004433,0.0112475760848
740,0.447874426842,0.106577573344,0.00245499820448,0.0129209187015
741,0.422404251993,0.0909501295537,0.00224759499542,0.0118293333806
742,0.401071235538,0.0965754389763,0.00191657547839,0.0100871421805
743,0.348453618586,0.0857832655311,0.00100564665627,0.0052928261472
744,0.311251655221,0.0896085761487,0.00103724224027,0.00545911709255
745,0.270099811256,0.0990460310131,0.0018128923839,0.00954144694038
746,0.174753166735,0.0810438450426,0.000624366279226,0.00328610665339
747,0.15062251687,0.0922440066934,0.00162168336101,0.00853509335723
748,0.109611485153,0.0979409422725,0.00146201893222,0.00769476235406
749,0.0558258639649,0.0979984663427,0.00164196721744,0.00864184946784
750,0.989412367344,0.149625003338,0.000553548918106,0.0029133872909
751,0.946917846799,0.151328593493,0.000115279217425,0.000606726878088
752,0.898331716657,0.15138713643,0.000189146434423,0.000995497958972
753,0.859132945538,0.122778737918,0.000117574287287,0.000618806076782
754,0.806530505419,0.126491345465,0.000147919243318,0.000778514833046
755,0.770736709237,0.128991486505,0.000227458280278,0.00119713731036
756,0.716305762529,0.136410932988,0.000494874140713,0.00260457564813
757,0.676553890109,0.11614167504,0.000358850200428,0.00188866707
758,0.65953579545,0.116971710697,0.000424485158874,0.00223411089172
759,0.581648826599,0.142288085073,0.00145159533713,0.00763990185582
760,0.511860758066,0.125070456415,0.00228853989393,0.0120448307703
761,0.456687651575,0.135300355032,0.00213047862053,0.0112129373458
762,0.426626779139,0.113987095654,0.00217507383786,0.0114476467548
763,0.38551107049,0.120923658833,0.0016274782829,0.00856559265229
764,0.350314579904,0.122519111261,0.000925798842218,0.00487257854297
765,0.303300738335,0.12940916419,0.00148762727622,0.00782954181351
766,0.288640283048,0.136904435232,0.00185916584451,0.00978498912363
767,0.197514701635,0.151620168239,0.00115982280113,0.00610427172374
768,0.178343653679,0.109149338678,0.000755919376388,0.00397848470493
769,0.136607186869,0.116087317467,0.00152783014346,0.00804113381314
770,0.0996566675603,0.135447088629,0.000921394908801,0.00484940016934
771,0.0480461968109,0.135298386216,0.000628754904028,0.00330920445614
772,0.989689424634,0.189884591848,0.000597484060563,0.00314462265506
773,0.929305225611,0.173910677433,0.000239798726398,0.00126208640106
774,0.896869540215,0.167956478894,0.000195503278519,0.00102895471084
775,0.858301907778,0.182038862258,0.000117004179629,0.000615805539063
776,0.820235341787,0.162925578654,0.000335906079272,0.00176790970098
777,0.77371583879,0.164921101183,0.000224503819481,0.0011815876665
778,0.723582535982,0.173448875546,0.000463040109025,0.00243702972707
779,0.685965701938,0.166605267674,0.000943525752518,0.00496587717203
780,0.65482917428,0.173423383385,0.000539992062841,0.00284203610848
781,0.630105346441,0.1809053123,0.00121753010899,0.00640799147066
782,0.550659388304,0.160438761115,0.00197084574029,0.0103727723861
783,0.513427376747,0.163492888212,0.00115532451309,0.00608059675164
784,0.486994706094,0.1519767344,0.00239068968222,0.0125824560555
785,0.4134542346,0.183168672025,0.00170402694494,0.00896847646584
786,0.389606185257,0.159921452403,0.00267944601364,0.0141022115796
787,0.352407716215,0.160906944424,0.00296360463835,0.0155977688804
788,0.306269310415,0.169744856656,0.000953235663474,0.00501698147419
789,0.27032841742,0.171857077628,0.00194626697339,0.0102434117013
790,0.22039585188,0.168416257948,0.00182643590961,0.00961272796792
791,0.182776413858,0.174817331135,0.00156802264974,0.0082526712819
792,0.136968530715,0.170946087688,0.0012719319202,0.0066943140344
793,0.104977995157,0.16886729002,0.000462094234535,0.00243205148824
794,0.04827688355,0.172748111188,0.000402956473408,0.00212080311245
795,0.989126443863,0.229864418507,0.000676022376865,0.00355797823228
796,0.911181151867,0.199686836451,0.000108167529106,0.000569297300163
797,0.843737199903,0.230305679142,0.000149836123455,0.000788603578679
798,0.806537628174,0.234295986593,0.000205875403481,0.0010835443163
799,0.760979175568,0.202981356531,0.000174692409928,0.00091942487873
800,0.718533337116,0.210820902139,0.000297888502246,0.00156781911799
801,0.684180229902,0.208214122802,0.000883980072103,0.0046524818733
802,0.637155532837,0.208638351411,0.000659902405459,0.00347313709487
803,0.612972289324,0.219535615295,0.000553847057745,0.00291495643178
804,0.565205276012,0.218585629016,0.00243424018845,0.012811667038
805,0.510899350047,0.209206890315,0.00290097319521,0.0152681328817
806,0.436642609537,0.213568147272,0.00136683636811,0.00719380631653
807,0.401838600636,0.221426244825,0.00188096531201,0.00989972205779
808,0.338918142021,0.198120359331,0.00289050443098,0.0152130346534
809,0.298925504088,0.222666401416,0.00303639355116,0.0159808647308
810,0.255427312106,0.209270752966,0.00207136943936,0.0109018393895
811,0.22840732336,0.205794837326,0.00170510460157,0.00897414828822
812,0.174668438733,0.20001655072,0.00130281678867,0.00685686440768
813,0.138172715902,0.213237442076,0.000306340050884,0.00161230052439
814,0.110815363005,0.250597048551,0.000731350679416,0.00384917701925
815,0.0516777811572,0.212289102376,0.000300329702441,0.00158066741629
816,0.989995494485,0.270098127425,0.000741580384783,0.00390301705512
817,0.908861503005,0.261305283755,0.000374023540644,0.00196852598599
818,0.853784531355,0.288704313338,0.000346861634171,0.00182556996074
819,0.774286627769,0.262659430504,0.000200139678782,0.0010533565824
820,0.706598937511,0.278679303825,0.000706558814272,0.00371869477555
821,0.542349457741,0.258106932044,0.00305125280283,0.0160590705651
822,0.513237833977,0.254890449345,0.00369441974908,0.0194441271443
823,0.474462144077,0.27837023139,0.00446135085076,0.0234805677398
824,0.433669157326,0.251984294504,0.00376377557404,0.0198091542853
825,0.375508375466,0.259277708828,0.00408344808966,0.0214916250007
826,0.362536132336,0.27567654103,0.00406976370141,0.0214196025985
827,0.236573949456,0.256303865463,0.000835569109768,0.00439768978936
828,0.172154407948,0.255894191563,0.000235966115724,0.00124191496026
829,0.115123096853,0.282832242548,0.000919857819099,0.00484131030148
830,0.0624265568331,0.269312359393,0.000904057058506,0.00475814920479
831,0.990640729666,0.309987440705,0.000760529132094,0.00400274634333
832,0.937553331256,0.310250908136,0.000497041852213,0.00261598454612
833,0.861314624548,0.323781996965,0.000455239787698,0.00239597579981
834,0.659090787172,0.308426193893,0.00102589360904,0.00539938802991
835,0.590127214789,0.295379213989,0.00187859835569,0.00988726451294
836,0.525933101773,0.313340045512,0.00130738143343,0.00688088862238
837,0.479427322745,0.320825085044,0.00555781042203,0.0292513519929
838,0.397004112601,0.311473272741,0.0046964418143,0.0247178766803
839,0.327803306282,0.301219247282,0.00182544498239,0.00960751261175
840,0.295006945729,0.316039413214,0.00130568665918,0.00687196884382
841,0.256917878985,0.303947024047,0.0013358349679,0.00703064262423
842,0.237167526037,0.305575177073,0.00139772729017,0.00735638855054
843,0.186505325139,0.29592345655,0.000659986515529,0.00347357977519
844,0.134025495499,0.293264880776,0.00075861933874,0.00399269489619
845,0.0515325674787,0.315547406673,0.00055988796521,0.00294675037529
846,0.990431159735,0.34982316196,0.000695957802236,0.00366290051289
847,0.952802687883,0.347658805549,0.000411469489336,0.00216560802779
848,0.874366685748,0.349997535348,0.000387418695027,0.00203902611934
849,0.81986887753,0.348942242563,0.000459495495306,0.00241837404512
850,0.782331287861,0.337802663445,0.000658281496726,0.00346460607846
851,0.74108928442,0.345940098166,0.000378541561076,0.00199230481182
852,0.676485538483,0.345523886383,0.00151415669825,0.00796916900534
853,0.644125044346,0.348211504519,0.00158171087969,0.0083247139034
854,0.59860381484,0.332761406898,0.00137357797939,0.00722928813937
855,0.545336529613,0.347675785422,0.00255915848538,0.0134691254248
856,0.50974150002,0.352404505014,0.00232461863197,0.0122347170359
857,0.476342819631,0.371307857335,0.00631507625803,0.0332369232591
858,0.450923234224,0.347864411771,0.00534912012517,0.028152992591
859,0.386603489518,0.347822107375,0.00526827899739,0.0277275170701
860,0.351155623794,0.348990358412,0.00203457055613,0.0107081629226
861,0.300366424024,0.333373807371,0.00154300848953,0.0081210190755
862,0.223829131573,0.345834039152,0.00151028123219,0.00794877201204
863,0.205158062279,0.349323101342,0.00128141266759,0.00674421222418
864,0.157095756382,0.355547957122,0.000841010827571,0.00442633013346
865,0.0785597320646,0.356227859855,0.000350451678969,0.00184446475133
866,0.0457776831463,0.353640295565,0.000434545567259,0.00228705989942
867,0.989308789372,0.389728575945,0.000547959527466,0.00288396972884
868,0.930766299367,0.362639471889,0.000200953742024,0.0010576410845
869,0.846446797252,0.386936180294,0.000683784717694,0.00359883226411
870,0.806716307998,0.379709728062,0.00067429250339,0.00354887372276
871,0.767429992557,0.379205659032,0.00052418699488,0.00275885234166
872,0.7275518924,0.386398755014,0.000652477843687,0.00343406083042
873,0.647558137774,0.386245436966,0.000736820336897,0.00387796441286
874,0.573501005769,0.401382021606,0.00195289379917,0.0102782893957
875,0.466409362853,0.415740080178,0.0117023196071,0.061590562464
876,0.398591935635,0.389220900834,0.00768394535407,0.0404414280406
877,0.359282515943,0.392258822918,0.0054491139017,0.0286792705552
878,0.250094227493,0.381162576377,0.00185578688979,0.00976720532277
879,0.167556319386,0.39519443363,0.000550816068426,0.0028990040101
880,0.13570073992,0.392394259572,0.000231656013057,0.00121923042793
881,0.98929490149,0.450165934861,0.000538890715688,0.00283623960036
882,0.880491703749,0.412821546197,0.00054443575209,0.00286542372132
883,0.812634319067,0.418147541583,0.000201985036256,0.00106306889659
884,0.728875637054,0.431971803308,0.00198061624542,0.0104241956019
885,0.697922885418,0.425032399595,0.00256042159162,0.0134757732883
886,0.664075344801,0.44158770144,0.00201515643857,0.0106059843408
887,0.621379435062,0.423555359244,0.00155922304839,0.00820635803679
888,0.557218149304,0.445383369923,0.00512199709192,0.0269576197216
889,0.515612587333,0.430071674287,0.00672512734309,0.0353950660731
890,0.475156731904,0.44763109833,0.0276942849159,0.145757990063
891,0.415150485933,0.430937409401,0.0125933494419,0.0662801479938
892,0.378815442324,0.411429956555,0.00751660205424,0.039560682316
893,0.339421615005,0.451780728996,0.00152410648298,0.00802153578887
894,0.311508975923,0.42518620193,0.0021223097574,0.0111699437436
895,0.259732749313,0.420036919415,0.00223825778812,0.0117801906577
896,0.223628811538,0.427846632898,0.00131554924883,0.00692387671031
897,0.168641384691,0.432189673185,0.000488634221256,0.00257173428317
898,0.130689576268,0.450040735304,0.000672125490382,0.00353746850101
899,0.112839579582,0.427772477269,0.000591192161664,0.00311150771673
900,0.0555887836963,0.410957112908,0.000669269822538,0.00352243881505
901,0.953687801957,0.491893008351,0.000265027250862,0.00139486682956
902,0.917450428009,0.481448225677,0.000499828078318,0.00263064875276
903,0.870217487216,0.494352422655,0.000320368184475,0.00168613209516
904,0.84514605999,0.529463589191,0.000287723349174,0.00151431882777
905,0.784808292985,0.47593229264,0.00098320748657,0.00517472639183
906,0.736229836941,0.474292851985,0.00104284205008,0.00548858949183
907,0.689091652632,0.475904218853,0.00166325643659,0.00875389691021
908,0.637379810214,0.471612676978,0.00273510930128,0.014395173429
909,0.621281966567,0.510694310069,0.00387767376378,0.0204086126666
910,0.516446903348,0.472472682595,0.033133264631,0.174383923308
911,0.918834358454,0.533359706402,0.000655686832033,0.00345095008006
912,0.883328646421,0.570242062211,0.000464011216536,0.00244214076999
913,0.853366017342,0.557022884488,0.000114224363642,0.000601175069559
914,0.824366480112,0.572607547045,0.000327586167259,0.00172412111225
915,0.782828465104,0.578875228763,0.000318557984428,0.00167660481828
916,0.720482081175,0.572221577168,0.000800264300779,0.00421187679533
917,0.671092391014,0.541216909885,0.000950077257585,0.00500035844545
918,0.633214473724,0.550125852227,0.000959949218668,0.00505231563481
919,0.592537239194,0.540851593018,0.00551694259048,0.0290362602147
920,0.503476887941,0.589094921947,0.0111458553001,0.0586618311688
921,0.545909404755,0.566074490547,0.00463982950896,0.024419920049
922,0.459133826196,0.553072884679,0.0186032913625,0.0979111165278
923,0.440324433148,0.550068482757,0.0180348325521,0.0949192568753
924,0.384123139083,0.546785116196,0.00894017424434,0.0470530953453
925,0.346037663519,0.547293692827,0.00217681098729,0.0114567895585
926,0.307517275214,0.548754602671,0.00173185917083,0.00911496045407
927,0.268597602844,0.550078943372,0.00115305522922,0.0060686532674
928,0.220070324838,0.544957652688,0.00170030910522,0.00894890907689
929,0.170024953783,0.550017490983,0.000507366436068,0.00267032393763
930,0.131102917716,0.54981662333,0.000695603201166,0.00366103420944
931,0.0915356706828,0.551514834166,0.000820846646093,0.00432020388494
932,0.0509351808578,0.551305249333,0.000848979630973,0.00446827079994
933,0.990050435066,0.609452813864,0.000719017756637,0.00378426752469
934,0.886409342289,0.603932231665,0.00059606845025,0.00313717214624
935,0.810347482562,0.594652533531,0.000219360954361,0.0011545202161
936,0.744272917509,0.590786114335,0.000510842830408,0.00268862057368
937,0.688742265105,0.595567747951,0.000749118335079,0.00394269009552
938,0.641793936491,0.598380476236,0.00273510511033,0.0143951513716
939,0.594091564417,0.578188210726,0.00282084895298,0.0148464304063
940,0.508726269007,0.618260085583,0.00236447760835,0.0124444991011
941,0.413031794131,0.605791524053,0.00661498727277,0.0348153870771
942,0.430960305035,0.587262019515,0.00641242181882,0.03374926338
943,0.344359874725,0.586115807295,0.00476768845692,0.0250928553973
944,0.306927256286,0.588062316179,0.00231094053015,0.0121627277199
945,0.267294667661,0.589253038168,0.00214637606405,0.0112966072951
946,0.203101843596,0.594403579831,0.00113934464753,0.00599649300629
947,0.166041344404,0.585698008537,0.000360630598152,0.00189803749407
948,0.150686245412,0.567288219929,0.000461426388938,0.00242853654528
949,0.0923573020846,0.572315126657,0.000669651664793,0.00352444849177
950,0.0716778570786,0.592466473579,0.000639252306428,0.00336445341018
951,0.98910330236,0.64958126843,0.00075797631871,0.00398931061285
952,0.945145145059,0.65139259398,0.000268470641458,0.00141298976336
953,0.893450245261,0.652240604162,0.00042316809413,0.0022271790388
954,0.841310486197,0.669417798519,0.000397142168367,0.00209020180179
955,0.770439624786,0.645449772477,0.00041135578067,0.00216500956689
956,0.729868903756,0.630818501115,0.00049710040912,0.00261629273739
957,0.590534955263,0.634400293231,0.00211292039603,0.0111205265282
958,0.543747127056,0.654760584235,0.00276278005913,0.0145408075936
959,0.477714143693,0.610287189484,0.00592071283609,0.0311613462975
960,0.365368269384,0.654846087098,0.00308071891777,0.0162141538865
961,0.372754409909,0.636973917484,0.00240717479028,0.0126692189463
962,0.307101279497,0.628407388926,0.00298456661403,0.0157080940053
963,0.26825235039,0.628648579121,0.00177623366471,0.00934850817187
964,0.210748203099,0.635600596666,0.00117535772733,0.00618603370555
965,0.168559651822,0.634263977408,0.000352980860043,0.00185777610243
966,0.14226783812,0.629655569792,0.000300543615595,0.00158179326414
967,0.0912337265909,0.63347555697,0.000410995737184,0.00216311461943
968,0.0504314480349,0.631698995829,0.000631969014648,0.00332612066485
969,0.989528924227,0.689827159047,0.000749262690078,0.00394344985135
970,0.927612096071,0.67400278151,0.000516870291904,0.00272034374962
971,0.893021121621,0.668760716915,0.000420874217525,0.00221510612034
972,0.851649805903,0.686424523592,0.000403914018534,0.00212584277509
973,0.796721473336,0.703568994999,0.000497493660077,0.00261836245933
974,0.757073268294,0.681933656335,0.000244692637352,0.00128784357899
975,0.737503886223,0.666162356734,0.000357506214641,0.00188159352875
976,0.672370105982,0.676993608475,0.000907425826881,0.00477587939385
977,0.630029186606,0.673187807202,0.00154953403398,0.00815536371541
978,0.587083891034,0.660200104117,0.00134512223303,0.00707952249611
979,0.526035174727,0.70280957222,0.00200605718419,0.0105580939897
980,0.561794951558,0.687332332134,0.00244602840394,0.0128737096797
981,0.488229759037,0.654515430331,0.00354694505222,0.0186679520069
982,0.457056723535,0.658893436193,0.00745325814933,0.0392272965546
983,0.302464939654,0.691769883037,0.00205263495445,0.0108032377872
984,0.324066892266,0.671753510833,0.00309969834052,0.0163140446228
985,0.268957547843,0.666535377502,0.00163896882441,0.00862606860393
986,0.234558142722,0.669049367309,0.00132692535408,0.00698375037164
987,0.186300840229,0.665771991014,0.000265976705123,0.0013998639091
988,0.143029529601,0.676756054163,0.000585886882618,0.00308358546443
989,0.0894527584314,0.672612652183,0.000504839525092,0.00265702453431
990,0.0502330102026,0.671516731381,0.000468843296403,0.00246757252428
991,0.989010751247,0.729880198836,0.000741617346648,0.00390321158937
992,0.891304701567,0.708836972713,0.000242487541982,0.00127623792569
993,0.846135795116,0.740044862032,0.000287088972982,0.00151098003787
994,0.701669409871,0.701372906566,0.000681702862494,0.00358787523703
995,0.629468336701,0.719965592027,0.00139642402064,0.00734952930332
996,0.587326407433,0.713067650795,0.00142222922295,0.00748534484915
997,0.519177615643,0.725845173001,0.00248013320379,0.013053206897
998,0.489749513566,0.694794639945,0.00179320562165,0.00943783340047
999,0.438678726554,0.729366526008,0.00200192537159,0.010536347817
1000,0.287292331457,0.731867939234,0.00102771492675,0.00540897382025
1001,0.278520688415,0.706429302692,0.00105588650331,0.00555724384739
1002,0.225594576448,0.709451690316,0.00125764368568,0.00661911352454
1003,0.179406497627,0.717174619436,0.00152218528092,0.00801142429652
1004,0.116325369105,0.746803790331,0.00104794115759,0.00551542664123
1005,0.051095277071,0.711535587907,0.000361673650332,0.00190352718949
1006,0.989848271012,0.770218804479,0.00069767475361,0.00367193701201
1007,0.947901040316,0.753042861819,0.000514106301125,0.00270579656988
1008,0.910088077188,0.76161582768,0.000353262992576,0.00185926099619
1009,0.863717734814,0.800971195102,0.000116082665045,0.000610955509032
1010,0.811365962029,0.753406509757,0.000269847427262,0.00142023593463
1011,0.778564378619,0.755633756518,0.000124989775941,0.00065783458843
1012,0.711268693209,0.754782557487,0.000844149035402,0.00444284685765
1013,0.699092581868,0.767164051533,0.000468506885227,0.0024658019562
1014,0.626620262861,0.76518650353,0.00125800026581,0.00662099024399
1015,0.488064415753,0.78091698885,0.00245354510844,0.0129132709012
1016,0.571154952049,0.768453583121,0.000718549068552,0.00378180076906
1017,0.472651325166,0.739818245173,0.00257768575102,0.0135666364098
1018,0.428516507149,0.742623105645,0.0043606958352,0.0229508096037
1019,0.376334808767,0.729819580913,0.00385399512015,0.0202839894271
1020,0.320669069886,0.728977173567,0.00176668714266,0.00929826380303
1021,0.226506512612,0.782863646746,0.00115077628288,0.00605665892853
1022,0.226740133017,0.757489129901,0.000955402792897,0.00502838730864
1023,0.14885795489,0.787688583136,0.000820558692794,0.00431868835586
1024,0.12010416016,0.764409691095,0.00114846671931,0.0060445034479
1025,0.0531935719773,0.772577166557,0.000244518887484,0.00128692911481
1026,0.990424156189,0.810093164444,0.000607847701758,0.00319916760955
1027,0.934347331524,0.810470044613,0.000299321283819,0.00157536000099
1028,0.89737187326,0.80744805932,0.000359222700354,0.00189062757704
1029,0.847331240773,0.826559007168,0.000334265612764,0.00175927574991
1030,0.806458711624,0.818454965949,0.000341000268236,0.00179472096354
1031,0.757782876492,0.817550644279,0.000164671539096,0.000866683961405
1032,0.725678697228,0.797443911433,0.000690787448548,0.00363568838721
1033,0.694580867887,0.813865542412,0.000435691559687,0.00229309138041
1034,0.628322169185,0.803433462977,0.00108254654333,0.00569755849571
1035,0.602632641792,0.799183428288,0.00118201505393,0.00622107192902
1036,0.519700974226,0.829963982105,0.0029562220443,0.0155589134966
1037,0.584474459291,0.811140924692,0.00203759176657,0.0107240638769
1038,0.484190352261,0.760338291526,0.0019116938347,0.0100614495665
1039,0.426838465035,0.78927834332,0.00279574654996,0.0147143137685
1040,0.38171672821,0.77528758347,0.00318305846304,0.016752777883
1041,0.366782836616,0.784029379487,0.00290838745423,0.0153071549216
1042,0.313963875175,0.777636826038,0.0017942233244,0.00944318967909
1043,0.18319580704,0.826977029443,0.00157462095376,0.00828739886326
1044,0.194291789085,0.797493547201,0.000468072801596,0.00246351732752
1045,0.13464743644,0.795823976398,0.00115795666352,0.00609445004148
1046,0.119915064424,0.804912164807,0.00133368046954,0.00701930326841
1047,0.05229825899,0.792717128992,0.000273100507911,0.00143735724678
1048,0.990458756685,0.849771380424,0.000490648380946,0.00258233502152
1049,0.952190026641,0.848591342568,0.000305257126456,0.00160660097705
1050,0.897956565022,0.844439536333,9.30902679102e-05,0.000489944058357
1051,0.848431095481,0.85185739398,0.000389676250052,0.00205090787342
1052,0.793316811323,0.826994091272,0.000339091056958,0.00178467257994
1053,0.768045604229,0.845695316792,0.00045181135647,0.00237793159876
1054,0.711538866162,0.85522480309,0.000245814502705,0.00129374807659
1055,0.693260297179,0.855974957347,0.000316751596984,0.00166709760753
1056,0.626440152526,0.850139632821,0.00147329131141,0.00775409009406
1057,0.582910552621,0.842386201024,0.00206651422195,0.0108762858598
1058,0.569332718849,0.858881935477,0.0022403865587,0.0117913946055
1059,0.492837481201,0.828940913081,0.00273911468685,0.0144162542026
1060,0.44616600126,0.840649619699,0.00127561099362,0.00671367739214
1061,0.381258562207,0.818447649479,0.0030698988121,0.0161572065105
1062,0.363749712706,0.826752766967,0.00280678132549,0.0147723909749
1063,0.319931820035,0.822630122304,0.00327665731311,0.0172453986638
1064,0.271529391408,0.808680027723,0.00183822470717,0.00967477367315
1065,0.146132532507,0.876611441374,0.00160443782806,0.00844432826879
1066,0.141323082149,0.833977177739,0.00106623372994,0.00561170241029
1067,0.0698724268004,0.841379374266,0.00120294606313,0.00633123407405
1068,0.0497099990025,0.830166175961,0.000428552186349,0.00225551609327
1069,0.989970996976,0.889518767595,0.000361625949154,0.00190327613308
1070,0.932444304228,0.86654356122,0.000207653036341,0.00109290018859
1071,0.890518680215,0.885702490807,0.000151479893248,0.000797254915292
1072,0.848412632942,0.893609076738,0.000156371112098,0.000822997924391
1073,0.816342368722,0.899977520108,0.000665508850943,0.00350264441841
1074,0.768461316824,0.882092639804,0.000281068059849,0.00147929132667
1075,0.751754596829,0.88714402914,0.000214375540963,0.001128281451
1076,0.673696711659,0.896494179964,0.000228337768931,0.00120176615341
1077,0.63539776206,0.893856540322,0.000982984900475,0.00517355489735
1078,0.604528605938,0.892321705818,0.00145805231296,0.00767388561171
1079,0.542035654187,0.891197398305,0.00244416831993,0.0128639198582
1080,0.478355228901,0.86688503623,0.00227832468227,0.0119910670164
1081,0.406810127199,0.870512291789,0.0032782452181,0.017253755978
1082,0.343616135418,0.875858515501,0.0017855031183,0.00939729429969
1083,0.322710886598,0.869779482484,0.00261203036644,0.0137473958021
1084,0.273072436452,0.860101029277,0.00235023722053,0.0123695504136
1085,0.231625258923,0.870021298528,0.00101395661477,0.00533656234954
1086,0.0933794863522,0.891068100929,0.000545801653061,0.00287261260454
1087,0.114337394014,0.890567973256,0.000841578119434,0.00442931585134
1088,0.0621623350307,0.864820435643,0.00203769793734,0.0107246226651
1089,0.98953653872,0.95004107058,0.000378079275833,0.00198987175503
1090,0.922794938087,0.920388251543,0.000429465115303,0.00226032093621
1091,0.828575953841,0.948271781206,0.00020810092974,0.00109525749956
1092,0.762193366885,0.92392039299,0.000318133854307,0.00167437257599
1093,0.724498108029,0.932100132108,0.0001512945164,0.00079627925707
1094,0.672945007682,0.935703977942,0.000276311970083,0.00145425951643
1095,0.635210305452,0.954252555966,0.000556336482987,0.00292805854367
1096,0.624211624265,0.918674066663,0.000783241179306,0.00412228228231
1097,0.503230594099,0.947032943368,0.00180761236697,0.00951365764536
1098,0.586384519935,0.925587400794,0.00165486230981,0.0087097177212
1099,0.473099812865,0.891578644514,0.00212699291296,0.0111945916933
1100,0.445257395506,0.92568577826,0.00206788652577,0.0108835084419
1101,0.380870424211,0.881525874138,0.00146545574535,0.00771285066996
1102,0.344855710864,0.910144716501,0.00134480628185,0.00707785961116
1103,0.328250959516,0.908943206072,0.00158225069754,0.0083275550226
1104,0.291257485747,0.891125708818,0.00234402040951,0.0123368306708
1105,0.238157395273,0.90724208951,0.00135695270728,0.00714178755019
1106,0.200158897787,0.912894338369,0.0011031528702,0.00580601180282
1107,0.0440440755337,0.91134352982,0.000568514864426,0.00299215467058
1108,0.0796369779855,0.922768950462,0.00116045062896,0.00610757604891
1109,0.417576372623,0.954904139042,0.00141316908412,0.0074376603673
1110,0.34943523258,0.943981945515,0.00223083258606,0.0117411110234
1111,0.309838861227,0.949632123113,0.00100751151331,0.0053026410897
1112,0.267467282712,0.943873405457,0.00171462504659,0.00902425541085
1113,0.226264026016,0.949242651463,0.00100096256938,0.00526817329582
1114,0.187822517008,0.952656269073,0.000705323647708,0.00371219396153
1115,0.150737889111,0.953281506896,0.00139348721132,0.00733407256105
1116,0.990070641041,0.0100430939347,0.000285586924292,0.00150307459461
1117,0.929126635194,0.0341335725971,0.000219843655941,0.00115706072626
1118,0.78937843442,0.0101422998123,8.84328910615e-05,0.000465431784778
1119,0.748501569033,0.0323970201425,0.000138141680509,0.000727054471925
1120,0.706823199987,0.0325897238217,0.000371101807104,0.00195314858919
1121,0.667457833886,0.028603984043,0.000251001212746,0.0013210462875
1122,0.628614202142,0.0308323176578,0.000472910236567,0.0024889772663
1123,0.588244825602,0.0348877450451,0.00073834991781,0.00388601476116
1124,0.545986562967,0.0353162847459,0.00107916176785,0.00567974405953
1125,0.506766811013,0.031825938262,0.000911211478524,0.00479580368423
1126,0.465823173523,0.0331753497012,0.00120354501996,0.00633438644805
1127,0.426071964204,0.0305136484094,0.00143790664151,0.0075678567835
1128,0.387384079397,0.0285032503307,0.00116322154645,0.00612215968468
1129,0.348468743265,0.0290170907974,0.00104978936724,0.00552515396673
1130,0.288517266512,0.0314330081455,0.000931473448873,0.00490244460606
1131,0.247238434851,0.033020385541,0.000996775459498,0.0052461360877
1132,0.217586256564,0.0474615897983,0.00271279038861,0.0142777065993
1133,0.168934356421,0.0288088703528,0.00074288417818,0.00390987905952
1134,0.129902020097,0.0270709139295,0.00159204367083,0.00837909649072
1135,0.0907915439457,0.027957055252,0.000548929267097,0.00288907357246
1136,0.0511245187372,0.0293241790496,0.000627067696769,0.00330032450348
1137,0.989840686321,0.970122277737,0.000346018729033,0.00182113366065
1138,0.967391520739,0.929655015469,0.000474253320135,0.00249604605908
1139,0.970273897052,0.888081967831,0.000311868556309,0.00164139764105
1140,0.99022436142,0.790197312832,0.00065874774009,0.00346705996726
1141,0.968284487724,0.750799298286,0.000626441673376,0.00329702967526
1142,0.967459842563,0.708897337317,0.000769818201661,0.00405163571216
1143,0.968335166574,0.669700264931,0.000583140586969,0.00306913141605
1144,0.967944845557,0.627839490771,0.000935696822125,0.00492467267219
1145,0.970640689135,0.588722869754,0.000490784877911,0.00258305341968
1146,0.969665452838,0.550101071596,0.000468676735181,0.00246669589472
1147,0.971457779408,0.510786920786,0.000350087269908,0.00184254682738
1148,0.989990323782,0.470255538821,0.000458511814941,0.00241319682991
1149,0.965041041374,0.430506907403,0.000809468852822,0.00426032133937
1150,0.968071848154,0.388403169811,0.000439472991275,0.00231299346019
1151,0.971430703998,0.349149316549,0.000547910749447,0.00288371300489
1152,0.97147230804,0.290399812162,0.000674032547977,0.00354750554955
1153,0.968586415052,0.250624638051,0.000615336524788,0.00323858208788
1154,0.967841997743,0.208959359676,0.000618762918748,0.00325661556657
1155,0.969043552876,0.169842112809,0.000418572220951,0.00220299046562
1156,0.969547137618,0.127567371354,0.000772434519604,0.00406540567393
1157,0.974223345518,0.0886228028685,0.000335317745339,0.00176481323643
1158,0.971957325935,0.0502116251737,0.000273169658612,0.00143772119433
1159,0.0298816296272,0.989844486117,0.000656635384075,0.00345594241114
1160,0.070330212824,0.967446431518,0.000592384021729,0.003117780604
1161,0.111752461642,0.970532611012,0.000605391396675,0.00318623981261
1162,0.150362059474,0.971882343292,0.00132485060021,0.00697283071966
1163,0.208615209907,0.970513850451,0.00075988296885,0.00399934551692
1164,0.291049547493,0.967224940658,0.000886148889549,0.004663896592
1165,0.330694675446,0.967783167958,0.00118275836576,0.00622498405885
1166,0.374191477895,0.966657906771,0.00138527981471,0.00729087615298
1167,0.413631983101,0.972897440195,0.00124893069733,0.00657325613293
1168,0.450976356864,0.974890947342,0.00105183816049,0.0055359369852
1169,0.488714665174,0.971341773868,0.00115216791164,0.00606398321985
1170,0.529551357031,0.962837845087,0.00109827285632,0.00578032776671
1171,0.570778608322,0.988672822714,0.000729548512027,0.0038396920191
1172,0.709606379271,0.971467167139,0.00012108800729,0.000637299161793
1173,0.749937817454,0.989449843764,6.4298248617e-05,0.0003384085746
1174,0.790179505944,0.989266097546,0.000105352919491,0.000554483708058
1175,0.830199331045,0.989455118775,0.000106107378087,0.000558454504524
1176,0.870428740978,0.989633753896,9.43598643062e-05,0.000496626080277
1177,0.910335034132,0.990880832076,0.000123155376059,0.000648179945223
1178,0.0101724434644,0.530210658908,0.000687703548465,0.00361945749051
1179,0.0306158470921,0.571014523506,0.000878796330653,0.00462519928641
1180,0.0303650582209,0.611072421074,0.000797088025138,0.00419515971617
1181,0.0301551739685,0.651005536318,0.000607318303082,0.00319638132757
1182,0.0307789049111,0.71112473309,0.000344208005117,0.00181160362659
1183,0.0314887659624,0.751426830888,0.000304085056996,0.00160043224985
1184,0.0310497335158,0.791295826435,0.000446486490546,0.00234990625863
1185,0.0304959714413,0.830754086375,0.000492650200613,0.002592870813
1186,0.0310180447996,0.872068375349,0.00102342024911,0.00538637047149
1187,0.0269787814468,0.911016568542,0.000503244169522,0.00264862800694
1188,0.0285297483206,0.94986538589,0.000625457905699,0.00329185200052
1189,0.0303229116835,0.469519712031,0.000728642218746,0.00383492210042
1190,0.0701376413926,0.489649489522,0.000988122075796,0.00520059240172
1191,0.228834055364,0.468263149261,0.000583804911003,0.00307262782465
1192,0.289463974535,0.509896963835,0.00102019344922,0.00536938747779
1193,0.32924401015,0.509529054165,0.00154473364819,0.00813009877042
1194,0.291088826954,0.488229475915,0.00135575619061,0.00713549015466
1195,0.374058865011,0.471678473055,0.00281118205748,0.0147955524991
1196,0.411076664925,0.490345478058,0.00218192278408,0.0114836934929
1197,0.451045677066,0.489962227643,0.0345854312181,0.182026831713
1198,0.0101129687391,0.010023213923,0.000640334154014,0.00337014728999
1199,0.0108286668546,0.0502536930144,0.00064650143031,0.00340260632621
1200,0.0113186039962,0.0705166002735,0.000760297407396,0.0040015267514
1201,0.0308410986327,0.211858704686,0.000467926060082,0.00246274501121
1202,0.0106844371185,0.250859521329,0.000349660171196,0.00184029896108
1203,0.0101882708259,0.290467649698,0.000433478504419,0.00228144383332
1204,0.00985026685521,0.330464981496,0.000533481768798,0.0028077717331
1205,0.00913428608328,0.370258964598,0.000769939855672,0.00405227599026
1206,0.00964165339246,0.409750916064,0.000940448371693,0.00494968058688
1207,0.493892356753,0.470760777593,0.0662679746747,0.348775453977
1208,0.49155279994,0.490492284298,0.190001830459,1.0
1209,0.48202521354,0.534013673663,0.0206685420126,0.108780752073
1210,0.866541042924,0.0295341839083,0.000140794494655,0.000741016517131
1211,0.829147085547,0.0097520374693,9.92074928945e-05,0.000522139669155
1212,0.971454188228,0.82981544733,0.000463609496364,0.00244002647367
1213,0.990314200521,0.869600281119,0.000440137577243,0.00231649124738
1214,0.788377448916,0.0303672621958,9.63710772339e-05,0.000507211309498
1215,0.970876678824,0.790814936161,0.000573636672925,0.00301911129772
1216,0.428495265543,0.509684070945,0.00648670550436,0.0341402263794
1217,0.405860722065,0.528287097812,0.0109289651737,0.0575203151848
1218,0.288580708206,0.529683828354,0.00109345838428,0.00575498868425
1219,0.248168982565,0.53109125793,0.000720183015801,0.00379040040858
1220,0.249375678599,0.466356225312,0.000974456954282,0.00512867140243
1221,0.271275296807,0.463695473969,0.00161068153102,0.00847718954671
1222,0.366934269667,0.527989149094,0.00266994629055,0.0140522135187
1223,0.347418054938,0.52826333046,0.00223446381278,0.0117602225589
1224,0.335296034813,0.470515012741,0.0016170424642,0.00851066781989
1225,0.354783758521,0.471501030028,0.00170469249133,0.00897197930786
1226,0.00990185700357,0.130841238424,0.000557746796403,0.00293548117435
1227,0.0293669300154,0.13283156231,0.000614427553955,0.00323379807696
1228,0.00971494521946,0.170741397887,0.000533874961548,0.00280984114868
1229,0.0308305537328,0.272639118135,0.000509915873408,0.00268374189963
1230,0.130142809823,0.46998859942,0.000793477753177,0.00417615846785
1231,0.169532313943,0.470660284162,0.000596925616264,0.00314168350286
1232,0.208883177489,0.469555623829,0.000434020068496,0.00228429414311
1233,0.229638211429,0.98970797658,0.000767803459894,0.00404103191027
1234,0.270192585886,0.966300785542,0.000918392208405,0.0048335966353
1235,0.16966752708,0.971915826201,0.00059684360167,0.00314125185126
1236,0.189062200487,0.971427902579,0.000672370195389,0.00353875640969
1237,0.131114721298,0.971440702677,0.00155392463785,0.00817847193417
1238,0.210872460157,0.529474169016,0.000811950594652,0.00427338301264
1239,0.191350050271,0.531437218189,0.000673340109643,0.00354386117238
1240,0.170600533485,0.530433490872,0.000690461951308,0.00363397526035
1241,0.150382168591,0.529931977391,0.000736426736694,0.0038758928528
1242,0.20965315029,0.990140587091,0.000695956230629,0.00366289224135
1243,0.130428344011,0.530035123229,0.000810236262623,0.00426436029941
1244,0.149893149734,0.470527946949,0.000702681136318,0.00369828614083
1245,0.228722132742,0.529299408197,0.000918703852221,0.00483523685011
1246,0.18916843459,0.470341309905,0.000491668411996,0.00258770355427
1247,0.0287933526561,0.152418483049,0.000518450979143,0.00272866307599
1248,0.0102610052563,0.210721351206,0.000478231202578,0.00251698208077
1249,0.0499611813575,0.989547476172,0.000614977208897,0.00323669096983
1250,0.0112096411176,0.0906921476126,0.000792066508438,0.00416873093552
1251,0.113963413984,0.951786056161,0.000407351239119,0.00214393323546
1252,0.0961123984307,0.949757948518,0.00135540985502,0.00713366735337
1253,0.0294193960726,0.969696313143,0.000642854371108,0.0033834114627
1254,0.0494726756588,0.968885853887,0.000710306921974,0.00373842146815
1255,0.032123634126,0.0501535143703,0.000742117117625,0.00390584193759
1256,0.034412748646,0.0712088942528,0.000875115511008,0.00460582673806
1257,0.0508032599464,0.429257169366,0.000676586932968,0.00356094955157
1258,0.0101813040674,0.449692413211,0.000821271270979,0.00432243873123
1259,0.0702891899273,0.00955106969923,0.000579012092203,0.00304740270557
1260,0.0309583269991,0.0299631170928,0.000655168085359,0.00344821986071
1261,0.110099023208,0.00914533017203,0.000507848919369,0.00267286329897
1262,0.110842756927,0.448407962918,0.000750448438339,0.00394969057155
1263,0.110175153241,0.469197407365,0.000876803998835,0.00461471343049
1264,0.149862773716,0.00924757029861,0.00136634788942,0.00719123540083
1265,0.111027279869,0.0452051227912,0.000455844419776,0.00239915804324
1266,0.189834643155,0.0101926629432,0.000662787642796,0.00348832240824
1267,0.229403786361,0.0102848014794,0.000789823243394,0.00415692439114
1268,0.269308492541,0.0107173267752,0.000853593403008,0.00449255357671
1269,0.315159350634,0.46825492382,0.00165709177963,0.00872145165988
1270,0.32871016115,0.029713138938,0.00101780612022,0.00535682270934
1271,0.308714598417,0.0305548347533,0.000976143113803,0.00513754584073
1272,0.311470121145,0.489191681147,0.00180771085434,0.0095141759949
1273,0.368003673851,0.0285660088994,0.00108991237357,0.00573632564982
1274,0.376446947455,0.452415421605,0.0081437099725,0.0428612185095
1275,0.37137337774,0.490591153502,0.00263407616876,0.0138634252228
1276,0.448668882251,0.0107726329006,0.00124367512763,0.00654559550623
1277,0.403853267431,0.0478935884312,0.00131589267403,0.00692568419395
1278,0.453019939363,0.469427272677,0.0455924607813,0.239958008148
1279,0.488727033138,0.0108462357894,0.00115452508908,0.00607638929736
1280,0.44555336237,0.032880703453,0.00129680312239,0.00682521383745
1281,0.52896232903,0.0108193042688,0.00100841734093,0.00530740855755
1282,0.482818193734,0.0516702020541,0.00146302033681,0.0077000328538
1283,0.00947687402368,0.950060665607,0.000612695235759,0.0032246807006
1284,0.568943277001,0.0119066643529,0.00078337569721,0.00412299026446
1285,0.509881108999,0.989124521613,0.000970027933363,0.00510536099058
1286,0.551904886961,0.962423115969,0.000958734424785,0.00504592204439
1287,0.60930635035,0.010908447206,0.000573310186155,0.00301739296285
1288,0.616506591439,0.952800869942,0.000771782419179,0.00406197359949
1289,0.632840543985,0.972401857376,0.000522732152604,0.00275119535081
1290,0.649237185717,0.00979841640219,0.000392122106859,0.00206378067997
1291,0.629763439298,0.0511903455481,0.000787668512203,0.00414558380991
1292,0.671238899231,0.972695931792,0.000261504173977,0.00137632449827
1293,0.689114674926,0.0100206946954,0.000267522467766,0.00140799942359
1294,0.690342471004,0.97225356102,0.000173405496753,0.000912651716745
1295,0.729206308722,0.0111146485433,0.000130512649775,0.000686902065419
1296,0.770382836461,0.966749921441,0.000105266728497,0.000554030075618
1297,0.810509189963,0.969204425812,9.86672966974e-05,0.000519296558666
1298,0.827532038093,0.0292162182741,9.30942114792e-05,0.000489964813783
1299,0.850995123386,0.967068135738,0.000125449136249,0.00066025225097
1300,0.878279536963,0.949920892715,0.000581012456678,0.00305793083822
1301,0.886392652988,0.0309471054934,0.000247256451985,0.00130133721022
1302,0.929603278637,0.954417780042,0.000279044674244,0.00146864203134
1303,0.949968934059,0.010727676563,0.00023797727772,0.00125249992143
1304,0.900855123997,0.0545941423625,0.000716376758646,0.00377036766918
1305,0.969690963626,0.970591947436,0.000341542676324,0.00179757571545
1306,0.950060233474,0.990531548858,0.000221461363253,0.00116557489324
1307,0.970728963614,0.0304991705343,0.000308924150886,0.00162590091969
1308,0.947922259569,0.454621918499,0.000735911249649,0.00387317978923
1309,0.990407526493,0.510313928127,0.000386008963687,0.00203160655219
1310,0.990085110068,0.550044104457,0.000448277918622,0.00235933473662
1311,0.470101296902,0.991198971868,0.00104664289393,0.00550859374038
1312,0.4306711182,0.991461515427,0.00109452847391,0.00576062068071
1313,0.468329906464,0.957508400083,0.0011047590524,0.00581446531188
1314,0.391206786036,0.990059763193,0.00118787318934,0.00625190392361
1315,0.350839182734,0.98872295022,0.00111850630492,0.00588681857548
1316,0.381958857179,0.945991411805,0.00277083390392,0.014583195842
1317,0.310233399272,0.989383623004,0.00100106094033,0.00526869103265
1318,0.270052015781,0.988897770643,0.000889856542926,0.00468341036914
1319,0.0455992622301,0.929556891322,0.000680852332152,0.00358339880468
1320,0.00909599196166,0.910336390138,0.000574692268856,0.00302466701225
1321,0.467948876321,0.510718211532,0.146166875958,0.769291935797
1322,0.444564148784,0.530284658074,0.0411056056619,0.216343208708
1323,0.0496717067435,0.878031909466,0.00162012549117,0.00852689412129
1324,0.0101951230317,0.870487779379,0.000692092813551,0.00364255866315
1325,0.0102591989562,0.830361500382,0.000530749675818,0.00279339243489
1326,0.388808466494,0.509293809533,0.0025348381605,0.013341124948
1327,0.0103081273846,0.790389209986,0.00051339896163,0.00270207376629
1328,0.327874265611,0.528681442142,0.00180067284964,0.00947713422178
1329,0.0104651087895,0.750492468476,0.000461830728455,0.00243066462749
1330,0.010095924139,0.670358508825,0.000636908574961,0.00335211810025
1331,0.0100692841224,0.630348041654,0.000838874315377,0.00441508544077
1332,0.010165296495,0.590357676148,0.000953924958594,0.0050206093083
1333,0.0507443025708,0.611800506711,0.000706700433511,0.00371944013279
1334,0.0509929507971,0.591794162989,0.000771236314904,0.00405909939416
1335,0.0102070965804,0.570340290666,0.000926981738303,0.00487880425186
1336,0.110647711903,0.530463889241,0.000889427668881,0.00468115315907
1337,0.0902298614383,0.510256662965,0.00104559108149,0.0055030579388
1338,0.0304609714076,0.530588388443,0.00073411106132,0.00386370520509
1339,0.0707578677684,0.530947953463,0.000925580330659,0.00487142849321
1340,0.990702658892,0.0499248895794,0.000335953460308,0.00176815907245
1341,0.956030830741,0.0705511691049,0.000215723572182,0.00113537628381
1342,0.991262942553,0.0895292498171,0.000447440950666,0.00235492968455
1343,0.951730981469,0.120627352968,0.0009090587846,0.00478447382536
1344,0.989921912551,0.129466092214,0.000558237312362,0.00293806281242
1345,0.989589780569,0.169818624854,0.000549634103663,0.00289278320286
1346,0.989343449473,0.209829598665,0.000647434382699,0.00340751655464
1347,0.989479839802,0.250033807009,0.00067427882459,0.00354880172977
1348,0.97215411067,0.310026690364,0.000674419570714,0.0035495424917
1349,0.990653842688,0.3299132213,0.000735474866815,0.0038708830596
1350,0.989968180656,0.369737684727,0.00063079938991,0.00331996480448
1351,0.988611713052,0.409852929413,0.000591624819208,0.00311378483976
1352,0.988587900996,0.430015154183,0.000567919458263,0.00298902098412
1353,0.948697388172,0.57008394599,0.000282777211396,0.00148828677447
1354,0.990229517221,0.589543104172,0.000625238986686,0.00329069980629
1355,0.949317783117,0.621728032827,0.000962336664088,0.00506488101596
1356,0.989425823092,0.629476502538,0.000759604445193,0.00399787961705
1357,0.989372298121,0.669747844338,0.000740797549952,0.00389889691149
1358,0.989215567708,0.70980335772,0.000747986952774,0.00393673550917
1359,0.989356070757,0.750097855926,0.000683640595526,0.00359807373369
1360,0.990495026112,0.829941868782,0.00055332161719,0.00291219098181
1361,0.989411130548,0.909620895982,0.000393288850319,0.00206992137586
1362,0.989220246673,0.929838716984,0.000391179637518,0.0020588203628
1363,0.950546473265,0.0317645259202,0.000263882306172,0.00138884086293
1364,0.847002178431,0.0290866428986,9.8433731182e-05,0.000518067278323
1365,0.768588006496,0.0312364879064,0.000109983076982,0.000578852723241
1366,0.289421096444,0.0104771065526,0.00093143369304,0.00490223536685
1367,0.968868017197,0.950536966324,0.000415860122303,0.00218871639972
1368,0.971337705851,0.849243298173,0.000410828361055,0.00216223370092
1369,0.970369130373,0.471271619201,0.000524382048752,0.00275987893109
1370,0.990414947271,0.290048934519,0.000758335459977,0.00399120081184
1371,0.573338136077,0.966328084469,0.00116793147754,0.00614694855686
1372,0.613340482116,0.971307381988,0.000692190660629,0.00364307364281
1373,0.652121216059,0.972788497806,0.000383234320907,0.00201700330982
1374,0.709968343377,0.990459129214,0.000133832058054,0.000704372466999
1375,0.872035592794,0.968530356884,0.000308187474729,0.00162202371412
1376,0.911041781306,0.972976580262,0.000101817677205,0.000535877348967
1377,0.949869588017,0.971485495567,0.000249887554673,0.00131518498569
1378,0.0102820727043,0.710416063666,0.000483810290461,0.00254634541832
1379,0.050368193537,0.469239808619,0.000826511415653,0.00435001817434
1380,0.0301325391047,0.489834293723,0.000684172788169,0.00360087472062
1381,0.050232428126,0.510290578008,0.000869678740855,0.00457721243399
1382,0.0907798986882,0.530824944377,0.000939381716307,0.00494406666525
1383,0.0702789509669,0.468750007451,0.000943125982303,0.00496377313854
1384,0.26870457828,0.530203863978,0.000845695089083,0.0044509839039
1385,0.308272510767,0.529180750251,0.00141344708391,0.00743912350999
1386,0.412978678942,0.470894873142,0.0183097440749,0.0963661456879
1387,0.499331846833,0.536850318313,0.0441959835589,0.232608198838
1388,0.0328035736457,0.252990227193,0.000455684872577,0.00239831832923
1389,0.0474637197331,0.282801620662,0.00112670718227,0.00592998067201
1390,0.0292510925792,0.331937067211,0.000485525350086,0.00255537196097
1391,0.0272890534252,0.370917521417,0.00061565998476,0.00324028449239
1392,0.0290629756637,0.408626101911,0.000668838678394,0.0035201696572
1393,0.0303738107905,0.449131570756,0.000810650642961,0.00426654122755
1394,0.518881633878,0.576530516148,0.00865022465587,0.0455270595814
1395,0.326775722206,0.431567117572,0.00240681460127,0.012667323233
1396,0.189788278192,0.552308797836,0.000841995351948,0.00443151179078
1397,0.421734817326,0.548212409019,0.0157321039587,0.082799749459
1398,0.953528448939,0.510515451431,0.000292308715871,0.0015384521042
1399,0.326849542558,0.54797552526,0.00191696675029,0.0100892014864
1400,0.826133996248,0.048552067019,9.65933431871e-05,0.000508381119034
1401,0.70039254427,0.0518704904243,0.000820242566988,0.00431702455186
1402,0.185319889337,0.0511371167377,0.00166641839314,0.0087705386265
1403,0.328485280275,0.0493183257058,0.00100744108204,0.00530227040238
1404,0.952466502786,0.82957059145,0.000353216193616,0.00185901468825
1405,0.169237844646,0.953497469425,0.000541567453183,0.00285032755672
1406,0.954228490591,0.328946322203,0.000511232297868,0.00269067038267
1407,0.66635453701,0.0636454699561,0.000389205990359,0.00204843284625
1408,0.806540295482,0.0689343409613,0.000142336954013,0.000749134646071
1409,0.0700233411044,0.671996161342,0.000482250266941,0.00253813484732
1410,0.0505294017494,0.691491812468,0.000404238176998,0.00212754885583
1411,0.0503251655027,0.812080666423,0.000430818792665,0.00226744548526
1412,0.186951782554,0.431645065546,0.000631930714007,0.00332591908447
1413,0.188214730471,0.450858443975,0.000500741123687,0.00263545420841
1414,0.0673737963662,0.172551404685,0.000334268755978,0.00175929229298
1415,0.049770668149,0.192234139889,0.000371615838958,0.00195585399394
1416,0.952567592263,0.810616061091,0.000401316676289,0.00211217268444
1417,0.690516382456,0.935408309102,0.000222105634748,0.00116896576318
1418,0.690339550376,0.953788876534,0.000164698067238,0.000866823581857
1419,0.826022446156,0.927914872766,0.000178372851224,0.000938795435776
1420,0.809740394354,0.950156241655,0.000164571785717,0.00086615894868
1421,0.949947193265,0.690188676119,0.000389323104173,0.00204904922881
1422,0.93781632185,0.712311595678,0.00024475029204,0.00128814702179
1423,0.320591203868,0.448883801699,0.0013086803956,0.00688772519947
1424,0.30930763483,0.0705939009786,0.00100947811734,0.00531299153752
1425,0.0474573289976,0.334928810596,0.000345550623024,0.00181866996855
1426,0.185716636479,0.934333756566,0.000807690201327,0.0042509601059
1427,0.950784787536,0.190298076719,0.000306830392219,0.0016148812434
1428,0.938413903117,0.212290495634,0.000343949097442,0.00181024096774
1429,0.168601263314,0.568704620004,0.000613515963778,0.00322900028014
1430,0.95431920886,0.310136288404,0.000592229771428,0.00311696876813
1431,0.307079166174,0.568361863494,0.00195803306997,0.0103053379288
1432,0.287512607872,0.937517747283,0.002129745204,0.011209077296
1433,0.326009310782,0.927216172218,0.00118730997201,0.00624893965045
1434,0.344519667327,0.417020261288,0.00325822946616,0.01714841093
1435,0.360207900405,0.433455124497,0.00647779088467,0.0340933077804
1436,0.131911082193,0.43037519604,0.000519595458172,0.0027346865918
1437,0.150360785425,0.431781329215,0.000469672784675,0.00247193820997
1438,0.860617473722,0.0671287113801,0.000136249800562,0.000717097304974
1439,0.843130797148,0.0671052141115,8.84942128323e-05,0.000465754527831
1440,0.0702135749161,0.652214705944,0.000489861646201,0.00257819435223
1441,0.366304978728,0.0660936012864,0.0010216034716,0.0053768085767
1442,0.347924083471,0.0671156579629,0.00099922879599,0.00525904826063
1443,0.0658379793167,0.137599006295,0.000588190334383,0.00309570877798
1444,0.082940729335,0.138455785811,0.00037124476512,0.00195390099255
1445,0.0627908920869,0.355648599565,0.000390896864701,0.00205733209916
1446,0.0627704262733,0.373716041446,0.000435694208136,0.00229310531948
1447,0.146643925458,0.0615848749876,0.00154821143951,0.00814840275894
1448,0.12996570766,0.0611101090908,0.00101342482958,0.00533376350709
1449,0.0789989829063,0.85558488965,0.00185964209959,0.00978749570517
1450,0.650373414159,0.0662929592654,0.000680944125634,0.00358388192361
1451,0.933101370931,0.847821637988,0.000219944617129,0.00115759209581
1452,0.151472311467,0.934929907322,0.00139032455627,0.00731742716853
1453,0.637755870819,0.936538904905,0.000550448603462,0.00289707000261
1454,0.655314028263,0.936404526234,0.000381510530133,0.0020079308142
1455,0.934802755713,0.344993904233,0.000265889131697,0.00139940300078
1456,0.363627530634,0.565940186381,0.00642603635788,0.0338209181584
1457,0.344999045134,0.566523298621,0.00440044840798,0.0231600316553
1458,0.929214224219,0.156022518873,0.000145181518747,0.00076410589517
1459,0.922661632299,0.141874250025,0.000457627233118,0.00240854118096
1460,0.132799124345,0.569463163614,0.000516446889378,0.00271811533674
1461,0.843713834882,0.927265748382,0.000218882356421,0.00115200130384
1462,0.85781724751,0.91995061934,0.000718782946933,0.00378303169605
1463,0.343886747956,0.926086097956,0.00161291577388,0.00848894860635
1464,0.357647366822,0.917756333947,0.0024072653614,0.0126696956318
1465,0.926947876811,0.65623639524,0.000357789132977,0.00188308255827
1466,0.919351562858,0.642196297646,0.000517230655532,0.00272224038202
1467,0.400297939777,0.566126510501,0.00995362270623,0.0523869832317
1468,0.539310395718,0.470538787544,0.0204841364175,0.10781020566
1469,0.521258160472,0.5215036273,0.0198977142572,0.104723802972
1470,0.949949666858,0.529699981213,0.000647691194899,0.00340886818477
1471,0.0716220503673,0.572104975581,0.000736834423151,0.00387803855032
1472,0.45271461457,0.572632730007,0.00577535666525,0.0303963211897
1473,0.481106325984,0.425825446844,0.0156601592898,0.0824210969549
1474,0.497373253107,0.430816978216,0.00675229169428,0.0355380349652
1475,0.489559285343,0.576333522797,0.00955015886575,0.050263509792
1476,0.467250570655,0.580123499036,0.00820515863597,0.0431846294121
1477,0.680598884821,0.062605493702,0.000182885938557,0.000962548298169
1478,0.0869688019156,0.841293394566,0.000278247316601,0.0014644454526
1479,0.331818521023,0.417319729924,0.0029727909714,0.0156461175359
1480,0.150018855929,0.582858800888,0.00029930882738,0.00157529444141
1481,0.39658536762,0.431594118476,0.00969277042896,0.0510140897357
1482,0.0830435026437,0.125059554353,0.000689520384185,0.00362901969166
1483,0.06785245426,0.121463280171,0.00097541755531,0.0051337271486
1484,0.0713561186567,0.6125664711,0.000564480083995,0.00297091918868
1485,0.0986346043646,0.401646018028,0.000450293242466,0.00236994160203
1486,0.0610875971615,0.392594881356,0.000552587967832,0.0029083297066
1487,0.625098586082,0.0946993064135,0.00125168508384,0.00658775276439
1488,0.932508423924,0.88459174335,0.000242124224314,0.00127432574586
1489,0.925282523036,0.381329290569,0.000139407085953,0.000733714436418
1490,0.938760235906,0.133304838091,0.000673191796523,0.00354308058453
1491,0.113321933895,0.572028368711,0.000638988334686,0.00336306409861
1492,0.865637406707,0.937059685588,0.000818371714558,0.00430717805499
1493,0.367506407201,0.933639511466,0.00271542090923,0.0142915513112
1494,0.394547216594,0.907423421741,0.00245230132714,0.0129067247469
1495,0.93796107173,0.609167337418,0.000383811595384,0.00202004156727
1496,0.93611420691,0.633464306593,0.000662281934638,0.003485660812
1497,0.418091855943,0.567105948925,0.0113630341366,0.0598048666645
1498,0.535264372826,0.52817414701,0.0169774033129,0.0893538934438
1499,0.911185920238,0.517014309764,0.00041117076762,0.00216403582338
1500,0.938145563006,0.509257510304,9.04622211237e-05,0.00047611236642
1501,0.937014535069,0.493453711271,0.000294067896903,0.00154771086254
1502,0.512841045856,0.559743151069,0.0101906266063,0.0536343601625
1503,0.934056729078,0.476886838675,0.000523268652614,0.00275401900788
1504,0.951688289642,0.473439119756,0.000520795001648,0.00274099991769
1505,0.933357566595,0.52362883091,0.000927280285396,0.00488037553721
1506,0.925135046244,0.511398673058,0.000453488144558,0.0023867567142
1507,0.0948129147291,0.803028181195,0.000749885628466,0.00394672844285
1508,0.824418917298,0.0871660001576,0.000128087413032,0.000674137784475
1509,0.682695016265,0.0756821595132,0.000680995115545,0.00358415028898
1510,0.0863651167601,0.171179503202,0.000313584838295,0.00165043061711
1511,0.189320404083,0.0752776023,0.00163985963445,0.00863075703267
1512,0.162752617151,0.0633616577834,0.000603918975685,0.0031784903031
1513,0.915609434247,0.827812790871,0.000217592110857,0.00114521060314
1514,0.909855410457,0.700173467398,0.000169253427885,0.000890798933231
1515,0.298318579793,0.414600789547,0.0019492264837,0.0102589879213
1516,0.320592626929,0.411271616817,0.00291641801596,0.0153494206288
1517,0.0754851251841,0.31133684516,0.00024650033447,0.00129735768268
1518,0.0640633059666,0.338703632355,0.000392969115637,0.00206823857796
1519,0.330155946314,0.0872643180192,0.000987111940049,0.005195275949
1520,0.921238228679,0.325296893716,0.000280486827251,0.0014762322372
1521,0.325911134481,0.587127804756,0.00407150574028,0.0214287711358
1522,0.299707494676,0.909671440721,0.00260262843221,0.0136979124145
1523,0.393417455256,0.4714288041,0.00659667886794,0.03471902798
1524,0.0928831193596,0.423886269331,0.000684144790284,0.00360072736475
1525,0.858459591866,0.0856660567224,8.67033959366e-05,0.000456329266552
1526,0.658309668303,0.0998450126499,0.000575989775825,0.00303149593051
1527,0.366338767111,0.0846897456795,0.00096418207977,0.0050745936365
1528,0.892181962729,0.0717403599992,0.000447076192359,0.00235300992248
1529,0.145229145885,0.0777756180614,0.00156104227062,0.00821593279841
1530,0.130154743791,0.0770646780729,0.00112625164911,0.00592758315219
1531,0.0734617952257,0.106340898201,0.0015574976569,0.00819727711646
1532,0.400724343956,0.0657710600644,0.00126070389524,0.0066352197355
1533,0.0278715211898,0.891859039664,0.000734951870982,0.00386813047647
1534,0.0845908690244,0.154017638415,0.000379691075068,0.00199835482717
1535,0.0794911421835,0.34152418375,0.000435272464529,0.00229088563767
1536,0.0813132915646,0.374233096838,0.000391571782529,0.00206088426403
1537,0.608682021499,0.032986198552,0.000548028910998,0.0028843349018
1538,0.973234817386,0.107720779255,0.000609508657362,0.00320790939693
1539,0.891873419285,0.971954062581,0.000177052614163,0.000931846886608
1540,0.134395612404,0.913924232125,0.00154416414443,0.00812710141111
1541,0.92758667469,0.118408983573,0.000493989966344,0.00259992214365
1542,0.362452678382,0.585249051452,0.00596491945907,0.0313940104928
1543,0.912253692746,0.356114126742,0.000270749704214,0.00142498471494
1544,0.878974944353,0.926460832357,0.000459373870399,0.00241773392019
1545,0.381428062916,0.919268846512,0.00257131690159,0.0135331164725
1546,0.912741318345,0.865792199969,9.9195727671e-05,0.000522077747523
1547,0.603070437908,0.9314545542,0.00118693278637,0.00624695448198
1548,0.394541114569,0.97043210268,0.00158803223167,0.00835798385643
1549,0.970593988895,0.608001738787,0.000750206992961,0.00394841981864
1550,0.640341848135,0.904848068953,0.0003501875035,0.00184307436752
1551,0.41492331773,0.586079105735,0.00868227891624,0.0456957645896
1552,0.398022346199,0.585333392024,0.00833839923143,0.043885888948
1553,0.560403570533,0.465119756758,0.0121528506279,0.0639617555187
1554,0.0510597974062,0.571628898382,0.000819220556878,0.0043116456031
1555,0.47902238369,0.589981034398,0.0101644573733,0.053496628684
1556,0.515763863921,0.540490821004,0.0359361320734,0.189135715096
1557,0.929329261184,0.45996722579,0.000727622013073,0.00382955264861
1558,0.924523964524,0.552006423473,8.87781498022e-05,0.000467248918539
1559,0.890267342329,0.505781531334,0.000314089615131,0.0016530873117
1560,0.881855159998,0.476296797395,0.000372393667931,0.0019599477912
1561,0.458195440471,0.594997227192,0.00472942553461,0.0248914735358
1562,0.441489905119,0.605103835464,0.00350339524448,0.0184387447006
1563,0.492038019001,0.394220106304,0.00168386590667,0.00886236676039
1564,0.495241627097,0.413642428815,0.00736772315577,0.038777116715
1565,0.470833346248,0.620098143816,0.00253748847172,0.01335507382
1566,0.132870035246,0.59511205554,0.000237732980167,0.00125121415722
1567,0.0926613826305,0.593071475625,0.000484006974148,0.00254738058565
1568,0.396333813667,0.604850456119,0.00675167189911,0.0355347729167
1569,0.151601891965,0.394009113312,0.000347970722942,0.00183140721382
1570,0.150930412114,0.412813603878,0.0003696763888,0.00194564645987
1571,0.11193498224,0.635423064232,0.000424377038144,0.00223354184072
1572,0.0899547692388,0.653141573071,0.000446146004833,0.00234811424583
1573,0.349329426885,0.104160334915,0.0010042283684,0.00528536154614
1574,0.873472601175,0.102918487042,7.61608025641e-05,0.000400842467571
1575,0.378142245114,0.621692717075,0.00460632890463,0.0242436027775
1576,0.344353429973,0.606325119734,0.00487994635478,0.0256836807466
1577,0.655249357224,0.899706169963,0.000496696273331,0.00261416572741
1578,0.895236343145,0.346382148564,0.000384637038223,0.00202438596141
1579,0.904510617256,0.372993834317,0.00052648287965,0.0027709358293
1580,0.914664536715,0.846658810973,0.000119568292575,0.00062930074035
1581,0.154259264469,0.917095452547,0.0017724041827,0.00932835319757
1582,0.325464211404,0.390858091414,0.00333249848336,0.0175392967284
1583,0.0812774803489,0.3261731565,0.00040237774374,0.00211775719617
1584,0.314312078059,0.10769717209,0.00104554963764,0.00550283981535
1585,0.330704562366,0.892916247249,0.00127490202431,0.00670994601067
1586,0.307020545006,0.608057454228,0.00342828663997,0.0180434400642
1587,0.922603100538,0.310321457684,0.000373812508769,0.00196741530262
1588,0.902327656746,0.33343501389,0.000293495395454,0.00154469772604
1589,0.202656041831,0.410870790482,0.000994572183117,0.00523454000794
1590,0.185385480523,0.412762701511,0.000711633823812,0.00374540509475
1591,0.177934512496,0.0949941370636,0.00115650612861,0.00608681572076
1592,0.0890391170979,0.189515437931,0.000250121462159,0.00131641606586
1593,0.911761566997,0.171143647283,0.000434943096479,0.00228915213832
1594,0.173880014569,0.608845666051,0.000261578999925,0.00137671831526
1595,0.181151676923,0.916629493237,0.00122742145322,0.00646005067562
1596,0.195679083467,0.893799558282,0.00116817059461,0.00614820705564
1597,0.674616873264,0.0968402512372,0.000816526240669,0.00429746512809
1598,0.0888614226133,0.821746960282,0.000266310729785,0.0014016219167
1599,0.108318345621,0.673419445753,0.000539598811883,0.00283996638654
1600,0.0898168291897,0.691956713796,0.000587074609939,0.00308983660064
1601,0.806388095021,0.107644716278,0.000158627226483,0.000834872096233
1602,0.909227788448,0.671461269259,0.00056576449424,0.00297767917748
1603,0.828648418188,0.909638702869,0.000320347229717,0.00168602180802
1604,0.694020926952,0.896837949753,0.000336789205903,0.0017725576911
1605,0.692543417215,0.916861861944,0.000479599490063,0.00252418352447
1606,0.916513308883,0.808374390006,0.000212943035876,0.00112074202318
1607,0.0711445640773,0.711573928595,0.000534056511242,0.00281079666418
1608,0.787742763758,0.0702753979713,0.000172125350218,0.000905914168315
1609,0.712544903159,0.0631860094145,0.000866175862029,0.00455877640725
1610,0.701971590519,0.0759054534137,0.000821505731437,0.00432367272175
1611,0.205286014825,0.430181309581,0.000904389773495,0.00475990031945
1612,0.0726856756955,0.211706776172,0.000288629584247,0.0015190884401
1613,0.20222331211,0.0619903719053,0.00240284600295,0.0126464360746
1614,0.707362756133,0.934682905674,0.000158296956215,0.000833133848411
1615,0.930219873786,0.693439126015,0.000269999640295,0.00142103704814
1616,0.934229910374,0.793110787868,0.000359116180334,0.00189006695076
1617,0.806524336338,0.930542573333,0.000348923291313,0.00183642068327
1618,0.285393133759,0.430174455047,0.00317607936449,0.0167160461393
1619,0.0621188767254,0.29831854254,0.000549473450519,0.00289193766814
1620,0.288765460253,0.0733669437468,0.0010764177423,0.00566530195893
1621,0.207673508674,0.55853612721,0.00103129935451,0.00542783904776
1622,0.203378528357,0.574892222881,0.000817988766357,0.00430516255755
1623,0.931344613433,0.193404790014,0.000232714810409,0.00122480299188
1624,0.204037036747,0.931862086058,0.000978663796559,0.00515081246426
1625,0.306474544108,0.929981157184,0.00187545677181,0.00987073002026
1626,0.935483753681,0.292945712805,0.000518630316947,0.00272960695007
1627,0.0901535507292,0.468589127064,0.000956187781412,0.00503251878734
1628,0.907217890024,0.0337890638039,0.000302696193103,0.0015931225103
1629,0.887603774667,0.0865934770554,0.000162700423971,0.000856309771217
1630,0.877216696739,0.0684154173359,0.000294473022223,0.00154984308052
1631,0.60130135715,0.0905780699104,0.00187867402565,0.00988766277205
1632,0.0960054490715,0.105371018872,0.00126303755678,0.00664750204634
1633,0.086787018925,0.113575322554,0.00109486852307,0.00576241039587
1634,0.0341525557451,0.0925270579755,0.000981488847174,0.00516568100846
1635,0.398337684572,0.0821600332856,0.000986546510831,0.00519230003442
1636,0.406724728644,0.0290744430386,0.00124811928254,0.00656898556989
1637,0.0305242845789,0.591081678867,0.00086257699877,0.00453983520416
1638,0.0733398431912,0.878074645996,0.00142974988557,0.00752492690267
1639,0.923741340637,0.617923170328,0.000462675030576,0.00243510828006
1640,0.93033953011,0.592368066311,0.000335671240464,0.00176667371916
1641,0.595156505704,0.907922953367,0.00158170599025,0.00832468816974
1642,0.609330102801,0.914522111416,0.00120477203745,0.00634084437263
1643,0.0915149468929,0.96824324131,0.000674895709381,0.00355204846054
1644,0.965145349503,0.409082144499,0.000380383455195,0.00200199889799
1645,0.593572303653,0.969317644835,0.000870198826306,0.00457994969946
1646,0.968108221889,0.908406466246,0.000278864084976,0.00146769157067
1647,0.557768344879,0.508761666715,0.0132329249755,0.069646302583
1648,0.564855381846,0.527511864901,0.00264337914996,0.01391238781
1649,0.548669546843,0.53009031713,0.00505470624194,0.0266034607653
1650,0.110399140045,0.0273430976085,0.000504878757056,0.00265723101634
1651,0.0271981880069,0.389824032784,0.000748323218431,0.00393850531137
1652,0.433661863208,0.430126167834,0.0136240646243,0.0717049124812
1653,0.53032797575,0.593032389879,0.00563708972186,0.0296686074458
1654,0.912555903196,0.466208390892,0.000625598942861,0.00329259429423
1655,0.536713883281,0.448797903955,0.0118999639526,0.0626307858397
1656,0.380424939096,0.584963336587,0.00743472762406,0.0391297684139
1657,0.382103458047,0.565780818462,0.00770963123068,0.0405766155625
1658,0.513990685344,0.410606756806,0.00490687927231,0.0258254315786
1659,0.555261477828,0.425165973604,0.00460765277967,0.0242505704737
1660,0.435514830053,0.569003582001,0.0113145150244,0.0595495053764
1661,0.461156129837,0.614942848682,0.00450386153534,0.0237043060294
1662,0.531053453684,0.388695456088,0.00375566422008,0.0197664633599
1663,0.494243077934,0.618304282427,0.00288091367111,0.0151625574562
1664,0.342054851353,0.391531996429,0.00429949350655,0.0226286951877
1665,0.0920255649835,0.350384913385,0.0002221413597,0.00116915378743
1666,0.878692448139,0.322517201304,0.000491218059324,0.00258533329988
1667,0.183435499668,0.394508309662,0.000729858293198,0.00384132243061
1668,0.122183326632,0.167202427983,0.000850270327646,0.00447506387488
1669,0.148058161139,0.59627391398,0.000278325314866,0.00146485596583
1670,0.160710692406,0.599729388952,0.000263708672719,0.00138792701145
1671,0.656386569142,0.918283432722,0.00031489826506,0.00165734332296
1672,0.903986170888,0.0787407737225,0.000631462666206,0.00332345569873
1673,0.0837459955364,0.0927453897893,0.00197591632605,0.0103994594225
1674,0.0989002734423,0.933910638094,0.000816162966657,0.00429555317803
1675,0.933680728078,0.901062190533,0.00027271892759,0.00143534894865
1676,0.923525094986,0.400617070496,0.000589470204432,0.00310244487123
1677,0.968117102981,0.45130545646,0.000714431866072,0.00376013149109
1678,0.969959110022,0.569510966539,0.000429745268775,0.00226179541396
1679,0.548038810492,0.546705439687,0.00323581742123,0.0170304539352
1680,0.922112211585,0.443062298,0.000864195171744,0.00454835182197
1681,0.931776627898,0.417611554265,0.00109200365841,0.0057473323061
1682,0.903122782707,0.573084190488,0.00049680104712,0.0026147171631
1683,0.53312407434,0.408159933984,0.0048550972715,0.0255528973578
1684,0.747021600604,0.948093488812,0.000169639606611,0.000892831433262
1685,0.708694070578,0.952801942825,0.000108544772957,0.000571282774984
1686,0.950504466891,0.77282500267,0.000507872493472,0.002672987372
1687,0.952103450894,0.791828170419,0.000471460545668,0.00248134738771
1688,0.206808820367,0.951103672385,0.000838104519062,0.00441103392025
1689,0.223062098026,0.929447486997,0.00113559747115,0.00597677121534
1690,0.268082782626,0.569666713476,0.00189117819536,0.0099534735576
1691,0.288056179881,0.549469903111,0.00145928026177,0.00768034843795
1692,0.950916871428,0.272359251976,0.000553243036848,0.00291177740505
1693,0.953103497624,0.291290044785,0.000589149538428,0.00310075717168
1694,0.0518805067986,0.73170748353,0.000350649730535,0.00184550711795
1695,0.787853032351,0.0504260640591,0.000134341258672,0.000707052444431
1696,0.0533147342503,0.232586964965,0.00037390345824,0.00196789397943
1697,0.28819565475,0.0524546261877,0.000929886766244,0.0048940937253
1698,0.246472619474,0.445049732924,0.00168058765121,0.0088451129505
1699,0.207375980914,0.449723489583,0.000670137873385,0.0035270074597
1700,0.116386083886,0.408036120236,0.000413639238104,0.00217702764813
1701,0.383345775306,0.0835374873132,0.00095929595409,0.00504887743331
1702,0.112148454413,0.124422244728,0.00177388591692,0.00933615172357
1703,0.887801855803,0.10117826052,0.000125695223687,0.000661547435537
1704,0.875438466668,0.120096560568,0.000158872557222,0.000836163298208
1705,0.0923074092716,0.613511383533,0.00041471759323,0.00218270314675
1706,0.379142872989,0.603985056281,0.00626510567963,0.0329739227486
1707,0.876686453819,0.371825397015,0.000625974789727,0.00329457241657
1708,0.114351605996,0.912968918681,0.0010018524481,0.00527285682291
1709,0.616522520781,0.899436160922,0.00120645901188,0.00634972309988
1710,0.912527784705,0.885607272387,0.000288399169222,0.00151787574112
1711,0.579101935029,0.460863627493,0.00582962436602,0.0306819379158
1712,0.923970833421,0.737681001425,0.000359221652616,0.00189062206269
1713,0.24940835312,0.550923153758,0.000535776372999,0.00281984848096
1714,0.944755360484,0.232108224183,0.000431472144555,0.00227088414629
1715,0.928254365921,0.256655786186,0.000427188264439,0.00224833762605
1716,0.0761162899435,0.773622408509,0.00081391131971,0.00428370251879
1717,0.247778609395,0.0544188236818,0.00100336107425,0.00528079688407
1718,0.434239931405,0.410552665591,0.0107326116413,0.0564868854967
1719,0.0667670639232,0.0818374548107,0.00232679373585,0.0122461648408
1720,0.422615274787,0.936338603497,0.00153546582442,0.00808132122049
1721,0.915783926845,0.0654597058892,0.000889679882675,0.00468248058731
1722,0.0843929816037,0.93959967792,0.00161220808513,0.00848522396465
1723,0.925959914923,0.572712704539,0.000273521203781,0.00143957141423
1724,0.939501658082,0.915602236986,0.000851499091368,0.00448153099006
1725,0.11389859952,0.593560859561,0.00035680225119,0.00187788849365
1726,0.360356912017,0.413359701633,0.00558313308284,0.029384627871
1727,0.639688432217,0.0890344977379,0.00120652292389,0.00635005947565
1728,0.134655164555,0.100947309285,0.00134413246997,0.007074313267
1729,0.0992232076824,0.368289448321,0.000508988799993,0.00267886261287
1730,0.111292632297,0.866831466556,0.00184483989142,0.00970959009692
1731,0.0897712409496,0.871409729123,0.00171663495712,0.00903483378542
1732,0.889665350318,0.634871020913,8.28730990179e-05,0.000436170003299
1733,0.907989889383,0.628004565835,0.000449676299468,0.0023666945649
1734,0.364000938833,0.888319849968,0.00203413004056,0.0107058444418
1735,0.371013127267,0.905407130718,0.00275760656223,0.0145135789248
1736,0.868272095919,0.888878703117,0.00047195609659,0.00248395552532
1737,0.873020231724,0.910133123398,0.000491103914101,0.00258473254134
1738,0.896000608802,0.133665617555,0.000202390001505,0.0010652002721
1739,0.912880018353,0.127423200756,0.000481696508359,0.00253522035654
1740,0.563107281923,0.565819278359,0.00205365009606,0.0108085805863
1741,0.433817967772,0.449909776449,0.020281881094,0.106745714212
1742,0.07380744908,0.417587786913,0.000489621714223,0.00257693156451
1743,0.439262256026,0.0543883712962,0.00230381661095,0.0121252337695
1744,0.430839985609,0.0735968491063,0.00201604911126,0.0106106825729
1745,0.0722208907828,0.0474526071921,0.000621180050075,0.00326933718783
1746,0.571611315012,0.0805005710572,0.00108474388253,0.00570912332745
1747,0.5680680722,0.0607989989221,0.00136421842035,0.00718002777687
1748,0.0275007262826,0.930312648416,0.000582063395996,0.0030634620445
1749,0.973418191075,0.0695299208164,0.0002467224258,0.00129852657316
1750,0.434588588774,0.957521930337,0.00111426459625,0.0058644940081
1751,0.958342209458,0.0882059782743,0.000172056403244,0.000905551292999
1752,0.924941748381,0.0810243375599,0.000597023055889,0.00314219633804
1753,0.927157327533,0.936982437968,0.00042398070218,0.00223145588207
1754,0.930331289768,0.972502276301,0.000167515172507,0.000881650308854
1755,0.558812007308,0.938057392836,0.00240102992393,0.012636877856
1756,0.570391744375,0.917244166136,0.00208898540586,0.0109945541094
1757,0.443823799491,0.618123814464,0.00611666589975,0.0321926682758
1758,0.479328028858,0.634684428573,0.00339193316177,0.0178521078117
1759,0.515424340963,0.603364959359,0.00597602175549,0.0314524430689
1760,0.522852063179,0.617737561464,0.0018194221193,0.00957581363772
1761,0.412771999836,0.626898050308,0.00615013856441,0.0323688384978
1762,0.316983811557,0.372726693749,0.00181075499859,0.00953019765239
1763,0.127995643765,0.309284858406,0.000767279940192,0.00403827656997
1764,0.317816630006,0.12444906123,0.00101693859324,0.00535225682186
1765,0.296655751765,0.112062495202,0.00137352466118,0.00722900751988
1766,0.326363511384,0.628393247724,0.00413445662707,0.0217600884007
1767,0.287509821355,0.608515545726,0.00209313025698,0.0110163689051
1768,0.89317946136,0.284268110991,0.000449323124485,0.00236483576711
1769,0.307620882988,0.881187215447,0.00263339118101,0.0138598200588
1770,0.180654402822,0.377562217414,0.000644649495371,0.00339285939412
1771,0.215727176517,0.388420470059,0.00130397151224,0.00686294184164
1772,0.189962603152,0.129256432876,0.00134609313682,0.00708463246679
1773,0.125311391428,0.181414201856,0.000257859326666,0.00135714127619
1774,0.11272653006,0.203613936901,0.00021164539794,0.00111391241563
1775,0.185542304069,0.623530775309,0.000631231057923,0.00332223671951
1776,0.884216576815,0.190225396305,0.000110854845843,0.000583440936204
1777,0.171675127,0.880839914083,0.00112280983012,0.00590946848992
1778,0.214975208044,0.890518993139,0.00121015845798,0.00636919368123
1779,0.695355266333,0.117796806619,0.000167837642948,0.000883347505353
1780,0.824545234442,0.126044185832,0.000144925696077,0.000762759473038
1781,0.788197994232,0.108887495473,0.000186945995665,0.000983916813927
1782,0.126989724115,0.691917926073,0.000740135437809,0.00389541214431
1783,0.110602062196,0.710494562984,0.00079137069406,0.00416506878986
1784,0.880963027477,0.692263528705,0.000290232623229,0.00152752540609
1785,0.807810872793,0.883114933968,0.000448540435173,0.00236071638936
1786,0.675138220191,0.876304805279,0.00072278972948,0.00380411982208
1787,0.714347302914,0.895070299506,0.000106112216599,0.000558479970131
1788,0.871338933706,0.82410505414,0.000272421078989,0.00143378133954
1789,0.896807044744,0.785617828369,0.000326261186274,0.0017171475953
1790,0.0799029357731,0.395821116865,0.000511680322234,0.00269302838293
1791,0.135958828032,0.37292342633,0.000562230998185,0.00295908200899
1792,0.367452420294,0.120578862727,0.0012204014929,0.00642310387197
1793,0.0990979615599,0.0829959679395,0.00156060920563,0.00821365353091
1794,0.129232171923,0.132848577574,0.00165744742844,0.00872332347768
1795,0.123917922378,0.150571655482,0.00120554317255,0.00634490293928
1796,0.919334620237,0.103903707117,0.000505125732161,0.00265853087279
1797,0.129709426314,0.64134529233,0.000284761161311,0.00149872851553
1798,0.864336520433,0.358158394694,0.000577854458243,0.00304130995395
1799,0.8796890378,0.338752113283,0.000228098157095,0.00120050505063
1800,0.0766917038709,0.906759873033,0.000708900857717,0.00373102120125
1801,0.874406129122,0.853595152497,0.000608302711044,0.00320156237219
1802,0.884679734707,0.836033388972,0.000517457607202,0.00272343485299
1803,0.906971544027,0.923331648111,0.000276008155197,0.00145266050612
1804,0.602311581373,0.515204846859,0.00533489417285,0.028078119879
1805,0.565292835236,0.546983465552,0.00521798990667,0.0274628401951
1806,0.577855691314,0.442534260452,0.00308158947155,0.0162187357043
1807,0.274479746819,0.898725703359,0.00196304102428,0.0103316953292
1808,0.280927509069,0.917324915528,0.00205246452242,0.0108023407852
1809,0.912825122476,0.28020209074,0.000461554533103,0.00242921098175
1810,0.287412725389,0.588808968663,0.00216987729073,0.0114202967702
1811,0.094698805362,0.267797570676,0.00132312683854,0.00696375837721
1812,0.0790529372171,0.284717455506,0.000591855554376,0.00311499922368
1813,0.29148927331,0.0933681037277,0.0012289872393,0.00646829157558
1814,0.270662598312,0.396258659661,0.00210060016252,0.0110556838187
1815,0.276031918824,0.413408748806,0.00246383459307,0.0129674255618
1816,0.89932847023,0.224818065763,0.000191620027181,0.0010085167428
1817,0.918247848749,0.218634210527,0.000216189655475,0.00113782933014
1818,0.224504631013,0.59101100266,0.00127146486193,0.00669185585665
1819,0.219621479511,0.571717098355,0.000237520696828,0.00125009688725
1820,0.219140652567,0.909975111485,0.0011781216599,0.00620058057894
1821,0.242494445294,0.926737114787,0.00134820409585,0.00709574267044
1822,0.232320632786,0.0948082059622,0.0032566646114,0.0171401749317
1823,0.215578582138,0.0791515577585,0.00260447803885,0.0137076470925
1824,0.0931356996298,0.208903033286,0.000201385468245,0.00105991330588
1825,0.0744171347469,0.254495725036,0.00108572025783,0.00571426209533
1826,0.219941768795,0.408049419522,0.0013489528792,0.00709968359748
1827,0.241945911199,0.424588926136,0.00184666574933,0.00971919978281
1828,0.899504691362,0.725546002388,0.000207740435144,0.00109336017786
1829,0.917808413506,0.718879178166,0.000277340295725,0.0014596717045
1830,0.774568796158,0.899394065142,0.000361993763363,0.00190521197869
1831,0.781038805842,0.917987957597,0.000346268265275,0.00182244699664
1832,0.719162166119,0.914110988379,0.000519049528521,0.00273181330552
1833,0.743071436882,0.928341403604,0.000289709976641,0.00152477466108
1834,0.914495512843,0.780986383557,0.000460651441244,0.0024244579125
1835,0.928385898471,0.756921455264,0.000411005108617,0.00216316394229
1836,0.732816800475,0.0958865154535,0.000295505247777,0.00155527579426
1837,0.0989191941917,0.770578488708,0.00132202578243,0.00695796340087
1838,0.0909472573549,0.711243465543,0.000680853845552,0.00358340676986
1839,0.0740878190845,0.751991555095,0.000689085863996,0.00362673276533
1840,0.787907123566,0.089799169451,0.000188443547813,0.000991798591405
1841,0.750198483467,0.0740124750882,0.00032413462759,0.001705955289
1842,0.233749639243,0.559464365244,0.00151969713625,0.0079983289244
1843,0.534998998046,0.428088709712,0.00662460550666,0.034866008873
1844,0.903013646603,0.554810598493,0.000156368172611,0.000822982453557
1845,0.452189542353,0.427864901721,0.0105494521558,0.0555228974919
1846,0.120543142781,0.390696890652,0.000246259412961,0.00129608968696
1847,0.123484827578,0.0891235992312,0.00136088137515,0.00716246455028
1848,0.133964331821,0.613516479731,0.000300256186165,0.00158028049225
1849,0.898921832442,0.613244712353,0.000477332097944,0.00251224999671
1850,0.385223351419,0.895766451955,0.00238189403899,0.0125361636424
1851,0.52915251255,0.369395039976,0.00308033614419,0.0162121393081
1852,0.552900850773,0.405240997672,0.0036946348846,0.0194452594255
1853,0.416330702603,0.410145141184,0.0101350676268,0.0533419472979
1854,0.0735613033175,0.0659918021411,0.000606111891102,0.003190031852
1855,0.577914059162,0.0950861126184,0.00164697680157,0.00866821544609
1856,0.0602340260521,0.909580111504,0.000787489989307,0.00414464422477
1857,0.0959950778633,0.916814908385,0.00136673054658,0.00719324936649
1858,0.41773429513,0.908370584249,0.00259010051377,0.0136319766369
1859,0.430806465447,0.918699398637,0.00253953388892,0.01336583907
1860,0.916728064418,0.904009893537,0.000526675081346,0.00277194740743
1861,0.447298638523,0.375484131277,0.00800074636936,0.042108785742
1862,0.28646337986,0.393333986402,0.00206255028024,0.0108554232097
1863,0.300373837352,0.38503151387,0.00316133862361,0.01663846404
1864,0.109418813139,0.302588008344,0.00103909859899,0.00546888730749
1865,0.19743334502,0.109899226576,0.001280014636,0.00673685423401
1866,0.892554968596,0.207367621362,7.93665312813e-05,0.000417714561432
1867,0.714250221848,0.0978196449578,0.000329224509187,0.00173274388143
1868,0.79156781733,0.892203807831,0.000379187898943,0.00199570655729
1869,0.617510154843,0.467047505081,0.00231377594173,0.012177650795
1870,0.575640678406,0.502036400139,0.0144219407812,0.0759042202192
1871,0.256774827838,0.903845697641,0.00156949984375,0.00826044591236
1872,0.28303283453,0.874420806766,0.00222889240831,0.0117308996599
1873,0.889957472682,0.265498191118,0.000365636864444,0.00192438601019
1874,0.267514407635,0.608991116285,0.00215589185245,0.0113466899095
1875,0.923968628049,0.237522747368,0.000332669093041,0.00175087309547
1876,0.279097817838,0.118965368718,0.00179984839633,0.00947279503564
1877,0.254259455949,0.400508888066,0.00202936702408,0.0106807761756
1878,0.286137439311,0.37666720897,0.00303725199774,0.0159853828271
1879,0.904629588127,0.242804028094,0.000283346016658,0.00149128045753
1880,0.875144451857,0.214347861707,7.65088334447e-05,0.000402674191401
1881,0.246070228517,0.588917598128,0.00197391095571,0.0103889049434
1882,0.205499526113,0.615614935756,0.00118818692863,0.00625355516714
1883,0.234173834324,0.888336732984,0.00117036141455,0.00615973757583
1884,0.230975076556,0.0625940253958,0.00234835012816,0.0123596184442
1885,0.0761992633343,0.233551420271,0.00060409703292,0.00317942743742
1886,0.119432853535,0.221490930766,0.000132233268232,0.000695957864789
1887,0.23271317035,0.384767383337,0.00162613880821,0.00855854285341
1888,0.905511036515,0.743063628674,0.000296338228509,0.00155965986114
1889,0.874593958259,0.71761135757,0.000263938796706,0.00138913817867
1890,0.733729809523,0.891160041094,0.000179491718882,0.000944684156192
1891,0.756735131145,0.904971718788,0.000257903127931,0.00135737180694
1892,0.784032896161,0.875330463052,0.000385242310585,0.00202757157473
1893,0.751051753759,0.0935759581625,0.000259883672697,0.00136779562634
1894,0.714793562889,0.116852212697,0.000340874830727,0.00179406077249
1895,0.095223294571,0.750119790435,0.000954589690082,0.00502410786137
1896,0.0723983105272,0.731533512473,0.000593155971728,0.00312184345959
1897,0.768885731697,0.0719010857865,0.000221687252633,0.00116676377327
1898,0.113232038915,0.728678062558,0.000932075490709,0.00490561321678
1899,0.770006999373,0.11049032025,0.000222582530114,0.00117147571461
1900,0.471841350198,0.647527292371,0.00661546550691,0.0348179040746
1901,0.481183305383,0.621091783047,0.00189824646804,0.00999067463436
1902,0.493307732046,0.354946412146,0.00137500616256,0.00723680482047
1903,0.493136495352,0.373250178993,0.000955835101195,0.00503066259355
1904,0.403478182852,0.125061944127,0.00218761223368,0.011513637676
1905,0.605687186122,0.869390890002,0.00121868622955,0.00641407625709
1906,0.872356176376,0.396198228002,0.000752576743253,0.00396089206844
1907,0.598687633872,0.442592300475,0.00233365385793,0.0122822703987
1908,0.390136763453,0.642719224095,0.00307460757904,0.0161819892557
1909,0.525154277682,0.635776340961,0.00193406245671,0.0101791780218
1910,0.896951541305,0.590177282691,0.000747949525248,0.00393653852409
1911,0.868169516325,0.56775328517,0.000355500291334,0.00187103613937
1912,0.88194873929,0.539987564087,0.000176783069037,0.000930428241718
1913,0.345619253814,0.650786086917,0.0040581850335,0.0213586628282
1914,0.345811270177,0.627903789282,0.00555948214605,0.0292601504556
1915,0.133056992665,0.860323607922,0.0018074066611,0.00951257499329
1916,0.156232152134,0.824047729373,0.00078128214227,0.0041119716604
1917,0.644697338343,0.856906175613,0.00136809109244,0.00720041006522
1918,0.647666916251,0.883597373962,0.00123706681188,0.00651081523213
1919,0.860486254096,0.868031457067,0.000535791856237,0.0028199299709
1920,0.353573739529,0.138517830521,0.00173365452792,0.0091244096109
1921,0.15913303569,0.157420638949,0.00101930077653,0.00536468924575
1922,0.153691466898,0.643562957644,0.000275278376648,0.00144881960339
1923,0.12641181238,0.656906947494,0.000532494217623,0.00280257414541
1924,0.878736868501,0.137099057436,0.000102921199868,0.000541685307031
1925,0.84367890656,0.145125117153,0.000159035960678,0.000837023308113
1926,0.15284498781,0.375063791871,0.000452804932138,0.002383160894
1927,0.287264250219,0.847907707095,0.0025626309216,0.0134874012288
1928,0.313119992614,0.852572634816,0.00281006935984,0.0147896962522
1929,0.325845099986,0.649904713035,0.00377455633134,0.0198658945665
1930,0.875733539462,0.304297365248,0.000450209627161,0.00236950152572
1931,0.874627515674,0.174137104303,0.000263572466793,0.00138721014506
1932,0.850670948625,0.206373941153,5.0812450354e-05,0.0002674313728
1933,0.193133052438,0.641482800245,0.000810245925095,0.00426441115404
1934,0.190375953913,0.873906210065,0.00125791539904,0.00662054358108
1935,0.162572667003,0.865168392658,0.00117834203411,0.006201740432
1936,0.869239151478,0.676702484488,0.00030254732701,0.0015923390121
1937,0.847249090672,0.713330566883,0.000415608345065,0.00218739126914
1938,0.812252879143,0.857544526458,0.000413628149545,0.00217696928786
1939,0.822120562196,0.872293174267,0.000524309405591,0.00275949660235
1940,0.674445465207,0.85781788826,0.000440796866314,0.00231996115643
1941,0.693745404482,0.876034766436,0.000215459265746,0.0011339852107
1942,0.878667771816,0.806000679731,0.00013548375864,0.000713065544229
1943,0.860332265496,0.839364483953,0.000368223758414,0.00193800111044
1944,0.16264713183,0.307896822691,0.00107437651604,0.00565455876636
1945,0.108840309083,0.322170644999,0.000605579174589,0.0031872281079
1946,0.331024356186,0.139047950506,0.00217406474985,0.0114423358165
1947,0.20628150925,0.134800434113,0.00180746568367,0.0095128856354
1948,0.150264434516,0.190657809377,0.000804738490842,0.00423542493722
1949,0.131940171123,0.196645077318,0.000265760871116,0.00139872795159
1950,0.697111606598,0.140091456473,0.000881131796632,0.00463749109419
1951,0.158962171525,0.799702122808,0.000508700439241,0.00267734493932
1952,0.130848132074,0.819351956248,0.00117234536447,0.00617017931689
1953,0.129953594878,0.708969339728,0.000891560688615,0.00469237947057
1954,0.824698418379,0.145735614002,0.000197828790988,0.00104119413224
1955,0.186827082187,0.354001358151,0.000950157060288,0.00500077845563
1956,0.210776433349,0.36884599179,0.00128917326219,0.00678505706541
1957,0.41068571806,0.0845005419105,0.00172691477928,0.00908893759136
1958,0.541149392724,0.924525141716,0.00274560949765,0.014450437088
1959,0.555593580008,0.905674785376,0.00239076139405,0.0125828334826
1960,0.549113467336,0.0706589454785,0.0021191239357,0.0111531764225
1961,0.556573063135,0.0888606440276,0.00184727099258,0.00972238524295
1962,0.457905963063,0.932580709457,0.00196449854411,0.0103393664123
1963,0.44438957423,0.0805347356945,0.00225308188237,0.0118582114548
1964,0.576832085848,0.421822793782,0.00186448381282,0.00981297816091
1965,0.593010023236,0.882953628898,0.0017308521783,0.00910966054443
1966,0.58159597218,0.899079859257,0.00187542848289,0.00987058113263
1967,0.441441908479,0.90350535512,0.00211360678077,0.0111241390447
1968,0.56463085115,0.105968421325,0.00191943731625,0.0101022043399
1969,0.412079691887,0.107160221785,0.00282945740037,0.0148917375877
1970,0.451100595295,0.410841092467,0.00903114210814,0.0475318689633
1971,0.397606082261,0.410483069718,0.00936946924776,0.0493125209644
1972,0.894192427397,0.437593184412,0.000780590926297,0.00410833371664
1973,0.420331604779,0.131210595369,0.00197863788344,0.0104137832707
1974,0.39737316221,0.143978040665,0.0024526512716,0.0129085665421
1975,0.620241731405,0.866064459085,0.000719182484318,0.00378513450413
1976,0.862532630563,0.380425266922,0.000701198005117,0.00369048026235
1977,0.853265911341,0.40392126143,0.000825208844617,0.00434316260336
1978,0.642786681652,0.116007009521,0.000435764581198,0.00229347570045
1979,0.613141268492,0.104076912627,0.00134775415063,0.00709337456053
1980,0.115366306156,0.0773177109659,0.000629902468063,0.00331524420866
1981,0.154356226325,0.119769068435,0.00137626321521,0.00724342082329
1982,0.119056416675,0.347394064069,0.00044504244579,0.00234230609629
1983,0.125404236838,0.841620951891,0.00149969442282,0.00789305249954
1984,0.843887656927,0.876381874084,0.000376317912014,0.00198060150845
1985,0.892262786627,0.923432692885,0.000123377176351,0.000649347303934
1986,0.882209226489,0.153594430536,0.000159884584718,0.000841489707401
1987,0.150154754519,0.608566582203,0.000294545548968,0.00155022479656
1988,0.893891334534,0.303140111268,0.000304802350001,0.00160420743982
1989,0.127770045772,0.266751937568,0.00071625498822,0.00376972677837
1990,0.267838783562,0.378040723503,0.00189988489728,0.00999929786307
1991,0.233490820974,0.127427818254,0.0025287468452,0.0133090657027
1992,0.199357032776,0.391855403781,0.000984034617431,0.00517907967021
1993,0.585883945227,0.476451322436,0.00819985102862,0.0431566949057
1994,0.895065546036,0.521477371454,0.000308010959998,0.00162109469816
1995,0.905936464667,0.501399829984,0.000387559382943,0.00203976657492
1996,0.35366435349,0.852412462234,0.0025145355612,0.0132342701917
1997,0.866178616881,0.338770762086,0.000461770221591,0.00243034617338
1998,0.163338523358,0.657809361815,0.000461474439362,0.00242878943981
1999,0.859189659357,0.661340177059,0.000304234214127,0.00160121727982
2000,0.836929917336,0.837954208255,0.000331838498823,0.00174650158908
2001,0.84261097014,0.802359327674,0.000247695104918,0.00130364588762
2002,0.141371559352,0.332421511412,0.000705400772858,0.00371259987946
2003,0.165455333889,0.141526296735,0.00081093411427,0.00426803316743
2004,0.651815891266,0.14654757455,0.00117923761718,0.0062064539817
2005,0.678759306669,0.148006919771,0.00118698214646,0.00624721426946
2006,0.168055735528,0.838996186852,0.00118484348059,0.0062359582417
2007,0.1579313986,0.693797171116,0.000855505757499,0.00450261850338
2008,0.842133447528,0.124971251935,0.000126806538901,0.00066739640663
2009,0.892913043499,0.765844583511,0.000318487145705,0.00167623198648
2010,0.506877981126,0.655076473951,0.00205639400519,0.0108230220742
2011,0.50825908035,0.636821091175,0.00175988301635,0.0092624529569
2012,0.453597337008,0.39190787077,0.00546769052744,0.0287770413277
2013,0.0630504973233,0.927097007632,0.000910388596822,0.00479147276963
2014,0.569508627057,0.382064275444,0.00234578736126,0.0123461303273
2015,0.466937601566,0.633688926697,0.00303882337175,0.015993653137
2016,0.45079959929,0.685333430767,0.0043006776832,0.0226349276363
2017,0.430567488074,0.624859645963,0.00742015754804,0.039053084542
2018,0.40151143074,0.666561290622,0.00209815963171,0.0110428390434
2019,0.361159361899,0.676262259483,0.00267530675046,0.0140804261938
2020,0.841891691089,0.351113200188,0.000680044409819,0.00357914662284
2021,0.381522998214,0.13882054016,0.00191582378466,0.0100831859358
2022,0.634471908212,0.833807602525,0.0011152109364,0.00586947469776
2023,0.580598413944,0.551621198654,0.00743600586429,0.0391364959292
2024,0.589376702905,0.563323408365,0.00385704566725,0.0203000447834
2025,0.142916187644,0.77545312047,0.00102599908132,0.00539994314183
2026,0.864981472492,0.787517786026,0.000199400368729,0.00104946551434
2027,0.815103068948,0.833548679948,0.000322895270074,0.00169943241754
2028,0.156495619565,0.207244183868,0.000782907183748,0.00412052442789
2029,0.211946040392,0.851445034146,0.000910770264454,0.00479348152729
2030,0.832298904657,0.174802873284,0.000377168500563,0.00198507824716
2031,0.180234137923,0.332841545343,0.00129219039809,0.00680093657503
2032,0.418684884906,0.368180513382,0.0037916188594,0.0199556964806
2033,0.553736642003,0.606970772147,0.00358276627958,0.0188564829661
2034,0.564661443233,0.58423358202,0.00381325813942,0.0200695863309
2035,0.577533349395,0.566091954708,0.00177009496838,0.00931619955506
2036,0.0306035117246,0.428458191454,0.000923062150832,0.00485817504286
2037,0.0710597513244,0.0286044236273,0.000589032890275,0.00310014323995
2038,0.588471964002,0.379015035927,0.00220966152847,0.0116296854779
2039,0.26229505986,0.129005227238,0.0022035012953,0.0115972635105
2040,0.129310593009,0.238484278321,0.000355397583917,0.00187049557922
2041,0.873510465026,0.286418072879,0.000370011664927,0.00194741105406
2042,0.287749283016,0.628359213471,0.00262370635755,0.0138088477949
2043,0.134170643985,0.726012676954,0.00106077478267,0.00558297138565
2044,0.788520231843,0.127430820838,0.000169702674611,0.00089316336691
2045,0.211193565279,0.870375692844,0.00100717705209,0.00530088078445
2046,0.712438136339,0.874810516834,0.000185941069503,0.000978627779819
2047,0.879538789392,0.78687530756,0.000249674136285,0.00131406174184
2048,0.406726852059,0.895779415965,0.0024774717167,0.0130391992052
2049,0.430529929698,0.860952988267,0.000868418544997,0.0045705798881
2050,0.596772283316,0.462636649609,0.00432003801689,0.0227368231477
2051,0.381170392036,0.367527492344,0.0067974627018,0.0357757748196
2052,0.418658465147,0.388499088585,0.00871131196618,0.0458485686435
2053,0.619995847344,0.128139564767,0.000913756317459,0.00480919744433
2054,0.877971276641,0.584963351488,0.000482749863295,0.00254076427648
2055,0.43277926743,0.878650680184,0.00145628047176,0.00766456022156
2056,0.861577242613,0.527077138424,0.000232716207393,0.00122481034436
2057,0.874266535044,0.509361237288,0.000273554964224,0.00143974909907
2058,0.329171016812,0.842580214143,0.00283303135075,0.0149105476716
2059,0.359678708017,0.870048940182,0.00214696046896,0.0112996830808
2060,0.177468646318,0.649590626359,0.000624736538157,0.00328805536583
2061,0.849177524447,0.164691433311,0.000253061618423,0.00133189042344
2062,0.851626396179,0.644445374608,0.000228876248002,0.00120460022648
2063,0.870314270258,0.638861432672,0.00022618942603,0.00119045919444
2064,0.824999496341,0.847896873951,0.000362421415048,0.00190746275535
2065,0.144294101745,0.315692014992,0.000803510542028,0.00422896211099
2066,0.1729009673,0.162511087954,0.00118563801516,0.00624013996232
2067,0.182055611163,0.147170078009,0.000996784889139,0.00524618571691
2068,0.325705431402,0.343882642686,0.0015826652525,0.00832973686979
2069,0.350473344326,0.375803858042,0.00359211815521,0.01890570289
2070,0.566674828529,0.362737171352,0.00242560612969,0.0127662250613
2071,0.441403307021,0.642418295145,0.00808726809919,0.0425641588803
2072,0.384051255882,0.661115929484,0.00226869760081,0.0119403986548
2073,0.409056551754,0.647576123476,0.00271167350002,0.0142718282949
2074,0.85383374989,0.344108842313,0.000628837791737,0.00330964070304
2075,0.362263202667,0.148299507797,0.00225505791605,0.0118686115318
2076,0.651772901416,0.837194547057,0.000878425082192,0.00462324536596
2077,0.452499724925,0.944453045726,0.000907621986698,0.00477691180399
2078,0.771876737475,0.147045981139,0.000232163161854,0.00122189960641
2079,0.162481479347,0.76013828814,0.00127092294861,0.00668900370875
2080,0.754662677646,0.149290654808,0.000289260293357,0.00152240792975
2081,0.737168833613,0.151995681226,0.000397404422984,0.00209158207594
2082,0.172411859035,0.674317464232,0.000969428336248,0.0051022052467
2083,0.826515436172,0.825467437506,0.0002440403332,0.00128441043232
2084,0.672263547778,0.83753927052,0.000483101001009,0.00254261235191
2085,0.72922629118,0.854463726282,0.000185095326742,0.000974176545012
2086,0.860823303461,0.772624224424,0.000261134264292,0.00137437762395
2087,0.746411785483,0.853167816997,0.00014069507597,0.000740493265936
2088,0.855192542076,0.756092935801,0.000309997500153,0.00163155007194
2089,0.146255772561,0.228101123124,0.00013758703426,0.000724135309264
2090,0.16706821695,0.18459257856,0.00111229892354,0.00585414846194
2091,0.2470905222,0.14180559665,0.00230753980577,0.012144829343
2092,0.220718000084,0.143535457551,0.00212014559656,0.0111585535331
2093,0.231003459543,0.852089688182,0.000762452778872,0.00401287070252
2094,0.232256963849,0.651002347469,0.00150684872642,0.00793070636627
2095,0.850978538394,0.253076624125,0.000271711702226,0.00143004781359
2096,0.265495210886,0.359394304454,0.00171379896346,0.00901990764683
2097,0.326765336096,0.153271604329,0.00175274198409,0.00922486893869
2098,0.32436337322,0.171318538487,0.00217889552005,0.0114677606778
2099,0.284095212817,0.16168288514,0.00184728647582,0.00972246673289
2100,0.27362665534,0.146009549499,0.0020351477433,0.0107112007205
2101,0.142582256347,0.253694105893,0.000477817433421,0.00251480436934
2102,0.144095551223,0.279840566218,0.000557635328732,0.00293489450805
2103,0.852294132113,0.270774573088,0.000274793477729,0.0014462675284
2104,0.268909223378,0.64791187644,0.0017983202124,0.00946475203981
2105,0.844625130296,0.32844927907,0.000595921766944,0.00313640013628
2106,0.248607389629,0.852507188916,0.00125910446513,0.00662680176341
2107,0.568993359804,0.602213039994,0.00328498100862,0.0172892071655
2108,0.882897958159,0.450376175344,0.000286924769171,0.00151011581561
2109,0.877930358052,0.428804129362,0.000365218380466,0.00192218348415
2110,0.568615019321,0.888055205345,0.00213598250411,0.0112419048751
2111,0.897118195891,0.47217413038,0.000470256083645,0.00247500817497
2112,0.878298610449,0.524610728025,0.000200581955141,0.00105568433029
2113,0.583431214094,0.522087335587,0.00554477330297,0.0291827362378
2114,0.541517555714,0.100312618539,0.00210417923518,0.0110745208617
2115,0.599214226007,0.421447508037,0.00190631486475,0.0100331394711
2116,0.64305318892,0.443497635424,0.00262732547708,0.0138278956089
2117,0.37096041441,0.844967484474,0.00268996041268,0.0141575499888
2118,0.832977816463,0.65117162466,0.00035901251249,0.00188952133579
2119,0.640769973397,0.163624521345,0.000995704205707,0.00524049796417
2120,0.358814485371,0.327415771782,0.00222414941527,0.0117059367791
2121,0.371792837977,0.343703083694,0.00433740951121,0.0228282511844
2122,0.563401639462,0.343910671771,0.00225353287533,0.011860585079
2123,0.514775112271,0.88849042356,0.00242291926406,0.0127520837995
2124,0.527226924896,0.906150132418,0.00256973481737,0.0135247897937
2125,0.494337067008,0.0593029139563,0.00197679479606,0.0104040829043
2126,0.454472266138,0.911447539926,0.00226318789646,0.0119114004902
2127,0.494552955031,0.927866891026,0.00235902634449,0.0124158085151
2128,0.471321821213,0.0969165116549,0.00254644430242,0.013402209317
2129,0.458486191928,0.0879396311939,0.0025958053302,0.0136620016972
2130,0.140771768987,0.760460585356,0.00107555114664,0.0056607409731
2131,0.125958358869,0.780863136053,0.00128954497632,0.00678701343668
2132,0.734855994582,0.133504705504,0.000347354070982,0.00182816170846
2133,0.790082335472,0.162345986813,0.000198287089006,0.00104360620383
2134,0.83163882792,0.787683844566,0.000325580127537,0.00171356311016
2135,0.762905716896,0.866074830294,0.00029698444996,0.0015630609939
2136,0.22947332263,0.631936237216,0.00157964334358,0.00831383223921
2137,0.212227512151,0.834154188633,0.00119843124412,0.00630747209765
2138,0.864868164062,0.236025247723,0.000134523885208,0.000708013627466
2139,0.293135233223,0.175310336053,0.00169664074201,0.00892960208813
2140,0.286791488528,0.66798466444,0.00191314390395,0.0100690814364
2141,0.832683473825,0.290777094662,0.000250047451118,0.00131602653782
2142,0.402021430433,0.350695103407,0.00501740537584,0.0264071423087
2143,0.399849839509,0.36915897578,0.00619790144265,0.0326202196457
2144,0.636564344168,0.135775767267,0.000988753861748,0.0052039175589
2145,0.598146393895,0.140147898346,0.000600909988862,0.00316265368292
2146,0.864594891667,0.620965480804,0.000212868078961,0.0011203475169
2147,0.377674221992,0.863616064191,0.00254654162563,0.0134027215395
2148,0.41226208955,0.847017616034,0.00215988466516,0.0113677045108
2149,0.437662042677,0.13369497098,0.00153761310503,0.00809262258852
2150,0.862516373396,0.419782780111,0.000657502154354,0.00346050431602
2151,0.862879291177,0.462202660739,0.000308361806674,0.00162294124183
2152,0.581598982215,0.871516123414,0.00196542823687,0.0103442594849
2153,0.581225469708,0.338879570365,0.00194427301176,0.0102329172675
2154,0.259102661163,0.156973563135,0.00207398319617,0.0109155958717
2155,0.246475126594,0.362049557269,0.00175065232906,0.00921387086029
2156,0.157778758556,0.241748977453,0.000393422466004,0.00207062460953
2157,0.868543237448,0.251510612667,0.000259174237726,0.00136406179404
2158,0.250381298363,0.648743152618,0.0015280614607,0.00804235126059
2159,0.248746369034,0.629718363285,0.00181529123802,0.00955407236675
2160,0.752925783396,0.131052464247,0.00029548665043,0.00155517791443
2161,0.137937549502,0.743518084288,0.00116097915452,0.00611035773559
2162,0.250370815396,0.868963882327,0.000722009048332,0.00380001101352
2163,0.747833147645,0.869986861944,0.000105612598418,0.000555850426087
2164,0.871887072921,0.751232206821,0.00017124475562,0.000901279504554
2165,0.137813139707,0.352397836745,0.000582467298955,0.00306558782907
2166,0.147959649563,0.137212846428,0.00140783446841,0.00740958371302
2167,0.151407383382,0.849685043097,0.00113185716327,0.00595708557407
2168,0.86183604598,0.140932235867,0.000179868802661,0.000946668788542
2169,0.262274317443,0.340530902147,0.00187831092626,0.00988575174105
2170,0.281661815941,0.337818592787,0.00159866572358,0.00841394906417
2171,0.740062311292,0.170019250363,0.000352882721927,0.001857259591
2172,0.233457800001,0.15544334054,0.00208167289384,0.0109560675748
2173,0.157095886767,0.267883814871,0.000362948485417,0.0019102367832
2174,0.831859439611,0.750594899058,0.000302841159282,0.00159388548285
2175,0.833073839545,0.725835442543,0.000398443866288,0.00209705277747
2176,0.760140836239,0.832247242332,0.000228927325225,0.00120486905138
2177,0.781005620956,0.836396917701,0.000364560692105,0.00191872199981
2178,0.828437432647,0.239202268422,0.000142897843034,0.000752086665108
2179,0.834707841277,0.215391304344,0.000141763564898,0.000746116837693
2180,0.27466981858,0.83403852582,0.00229642749764,0.0120863440741
2181,0.609447404742,0.534512847662,0.0023221517913,0.0122217337891
2182,0.595369055867,0.4943228513,0.00983474124223,0.0517612973438
2183,0.50931289047,0.312712557614,0.00228245346807,0.0120127972586
2184,0.525842547417,0.331596195698,0.00191203295253,0.01006323438
2185,0.607475176454,0.381144531071,0.00234645861201,0.0123496631919
2186,0.403862483799,0.168657917529,0.00339297787286,0.0178576062382
2187,0.829434961081,0.390775963664,0.00059812393738,0.00314799039533
2188,0.839042812586,0.371879927814,0.000639297417365,0.00336469083388
2189,0.610328629613,0.840749263763,0.00165977037977,0.00873554941954
2190,0.836195841432,0.310548514128,0.000566278584301,0.00298038488858
2191,0.829340457916,0.336825728416,0.000702350575011,0.00369654636124
2192,0.321980200708,0.694108173251,0.00284437346272,0.0149702424227
2193,0.305211216211,0.670042231679,0.0026147312019,0.0137616105886
2194,0.169906564057,0.813312619925,0.000967204920016,0.00509050316874
2195,0.193276401609,0.812920674682,0.00107976223808,0.00568290439872
2196,0.693060338497,0.835604965687,0.000359633093467,0.00189278751999
2197,0.17909995839,0.311465866864,0.00118730962276,0.00624893781233
2198,0.200345445424,0.329700417817,0.00126166455448,0.00664027578803
2199,0.319616176188,0.190450865775,0.00278403749689,0.0146526877671
2200,0.217034865171,0.192434430122,0.00163789081853,0.00862039494343
2201,0.219860091805,0.6904694736,0.00124979682732,0.00657781466793
2202,0.816396087408,0.186517111957,0.000221421229071,0.00116536366274
2203,0.340814091265,0.694777429104,0.00276827299967,0.0145697175285
2204,0.378032453358,0.184411454946,0.00102941133082,0.0054179021767
2205,0.34413164854,0.177827309817,0.00272922636941,0.014364210928
2206,0.652967274189,0.816251903772,0.000433230568888,0.00228013892204
2207,0.474501997232,0.347611054778,0.00519084651023,0.0273199815902
2208,0.537491723895,0.0566354496405,0.00234496314079,0.0123417923666
2209,0.523658186197,0.672826573253,0.00186399021186,0.00981038028613
2210,0.259676199406,0.821986779571,0.0023398171179,0.0123147082965
2211,0.833212226629,0.254663873464,0.00017011964519,0.000895357927762
2212,0.25164956972,0.6667406708,0.00125377846416,0.00659877044939
2213,0.245239701122,0.168982483447,0.0020069568418,0.0105628289841
2214,0.745359271765,0.836341634393,0.000182755014976,0.000961859233326
2215,0.820948034525,0.739239051938,0.000353235460352,0.00185911609114
2216,0.260988947004,0.796161606908,0.0019977746997,0.010514502386
2217,0.252412561327,0.683158159256,0.000942634069361,0.00496118414799
2218,0.833551034331,0.271749056876,0.000294343131827,0.00154915945345
2219,0.199795354158,0.26769900322,0.00107320118695,0.00564837288338
2220,0.170998625457,0.282835446298,0.000389571709093,0.00205035766315
2221,0.256894364953,0.183172877878,0.00201317598112,0.010595560981
2222,0.242875877768,0.342993482947,0.00154376460705,0.00812499860303
2223,0.819554641843,0.224920380861,0.000165849676705,0.000872884625925
2224,0.812896311283,0.247212726623,0.000264796195552,0.00139365076069
2225,0.231823433191,0.833480745554,0.00053135259077,0.0027965656409
2226,0.210439730436,0.815986871719,0.000544162350707,0.00286398478053
2227,0.23707735166,0.685941398144,0.000971363857388,0.00511239210193
2228,0.19896844402,0.228322446346,0.00112237466965,0.0059071781937
2229,0.171202953905,0.228623915464,0.000468645332148,0.00246653061719
2230,0.231420669705,0.18103788048,0.00186771829613,0.00983000159323
2231,0.824356004596,0.771317765117,0.000263895723037,0.00138891147733
2232,0.815306544304,0.795285031199,0.000317642843584,0.00167178833392
2233,0.728972360492,0.836875364184,0.000297474674881,0.00156564110021
2234,0.806669786572,0.729545772076,0.000423528166721,0.00222907413943
2235,0.207818441093,0.758805885911,0.00106158852577,0.00558725420281
2236,0.159342553467,0.776776626706,0.000572682591155,0.0030140898631
2237,0.742996796966,0.187214251608,0.000277634360828,0.00146121940066
2238,0.793273314834,0.179132536054,0.000193688742002,0.00101940461065
2239,0.759422630072,0.185212086886,0.000223341397941,0.00117546971733
2240,0.16023523733,0.740828797221,0.00133956538048,0.00705027618546
2241,0.363991111517,0.36082906276,0.00430726772174,0.0226696117156
2242,0.627277910709,0.153248067945,0.00106687156949,0.0056150594282
2243,0.837300553918,0.60867922008,0.000184743534192,0.000972325023109
2244,0.355278171599,0.308886624873,0.00217922660522,0.0114695032146
2245,0.669962242246,0.174238689244,0.00078699743608,0.00414205186434
2246,0.646644935012,0.190811324865,0.000911517068744,0.00479741203831
2247,0.825376152992,0.632457748055,0.000287094240775,0.00151100776283
2248,0.813946276903,0.657535418868,0.000388030224713,0.00204224466562
2249,0.338892951608,0.815706625581,0.00283643137664,0.0149284423723
2250,0.35666359961,0.808671563864,0.00282421987504,0.0148641719305
2251,0.867763370275,0.555354580283,0.000222268834477,0.00116982470085
2252,0.602673187852,0.400871805847,0.00326159200631,0.0171661083393
2253,0.522571265697,0.689118608832,0.00131913123187,0.00694272907099
2254,0.505896233022,0.673192352057,0.00174374307971,0.00917750674036
2255,0.527341708541,0.350302480161,0.00249107577838,0.01311079884
2256,0.502888187766,0.111877376214,0.00230758101679,0.012145046241
2257,0.466169089079,0.874772563577,0.00181558320764,0.0095556090342
2258,0.488867029548,0.882589131594,0.00241840491071,0.0127283242739
2259,0.892065644264,0.459405444562,0.000558423227631,0.00293904130441
2260,0.866879075766,0.444712273777,0.000285884452751,0.00150464051878
2261,0.390958711505,0.179733626544,0.00197697919793,0.0104050534311
2262,0.612182229757,0.814013779163,0.00128398567904,0.0067577542592
2263,0.622009754181,0.826554074883,0.00123908999376,0.00652146345522
2264,0.812432691455,0.39341622591,0.000618236197624,0.00325384337683
2265,0.815988793969,0.405700720847,0.000297190097626,0.00156414333961
2266,0.585974618793,0.358450956643,0.00155026838183,0.00815922866686
2267,0.636112064123,0.489496611059,0.0020605744794,0.0108450243581
2268,0.652909487486,0.488863676786,0.00133864127565,0.00704541252271
2269,0.606845647097,0.61280567944,0.00258046481758,0.013581262935
2270,0.587306946516,0.61656114459,0.00283408421092,0.0149160889875
2271,0.615792274475,0.552693545818,0.00167045404669,0.00879177870369
2272,0.61973041296,0.570089221001,0.00149832246825,0.00788583175559
2273,0.436376191676,0.360842436552,0.00352719100192,0.0185639843227
2274,0.429027892649,0.346644259989,0.00328192277811,0.0172731113705
2275,0.483223237097,0.909655094147,0.00278061139397,0.0146346558202
2276,0.508293837309,0.967565134168,0.0013200774556,0.00694770914794
2277,0.486481264234,0.0325305312872,0.00109414022882,0.00575857730515
2278,0.509700797498,0.0859663486481,0.00210259179585,0.0110661659984
2279,0.501581072807,0.0731758903712,0.00205870042555,0.0108351610118
2280,0.543627724051,0.861247062683,0.00238683447242,0.0125621656731
2281,0.55650664866,0.846274852753,0.00213971780613,0.01126156417
2282,0.451497115195,0.156923051924,0.00149712373968,0.00787952271864
2283,0.802742406726,0.842371791601,0.000377547286917,0.00198707184034
2284,0.217386353761,0.672338992357,0.00136729376391,0.00719621363965
2285,0.181647147983,0.802776813507,0.000722482567653,0.00380250319646
2286,0.206632081419,0.179491132498,0.00152987916954,0.00805191805703
2287,0.80239571631,0.304107472301,0.000732120824978,0.00385323037789
2288,0.294944450259,0.197345267981,0.00247576599941,0.0130302218322
2289,0.80764682591,0.777586519718,0.000320848397678,0.00168865950872
2290,0.820578053594,0.811899781227,0.000227288939641,0.00119624605243
2291,0.176921859384,0.694895610213,0.00158625980839,0.00834865540275
2292,0.776443317533,0.182974167168,0.000197781235329,0.00104094384171
2293,0.230007059872,0.814600229263,0.00158236338757,0.00832814812231
2294,0.185545906425,0.215181857347,0.00114956463221,0.00605028188118
2295,0.267635405064,0.684152558446,0.00112215161789,0.0059060042484
2296,0.281763322651,0.185661658645,0.00214426475577,0.0112854952534
2297,0.35719743371,0.715358689427,0.00253407494165,0.0133371080454
2298,0.786153122783,0.350941568613,0.000503904593643,0.00265210388988
2299,0.381375230849,0.172600027174,0.00230067363009,0.0121086919244
2300,0.360742025077,0.201459147036,0.00191801204346,0.0100947029764
2301,0.462446883321,0.114233832806,0.00173802231438,0.00914739773922
2302,0.61430439353,0.364551022649,0.00231150095351,0.0121656772881
2303,0.4500997141,0.878058567643,0.0013324014144,0.0070125714641
2304,0.541736885905,0.312489300966,0.00133160036057,0.00700835543193
2305,0.5430919379,0.329721271992,0.00194299139548,0.0102261719837
2306,0.879214078188,0.462722718716,0.000245362694841,0.00129137016337
2307,0.311362817883,0.310036696494,0.00128147541545,0.00674454247288
2308,0.277684919536,0.31955999881,0.00124250573572,0.00653944087127
2309,0.314525358379,0.799966365099,0.00202961149625,0.0106820628588
2310,0.287399679422,0.818537428975,0.00250398251228,0.013178728364
2311,0.196882486343,0.310432732105,0.00112382578664,0.00591481557795
2312,0.798852756619,0.196244984865,0.00028922240017,0.00152220849384
2313,0.201791252941,0.203440528363,0.00147432915401,0.00775955237088
2314,0.798465833068,0.682675763965,0.000279754865915,0.00147237984623
2315,0.817106932402,0.712232232094,0.00062141509261,0.00327057424189
2316,0.798215374351,0.802303090692,0.000316129386192,0.00166382284544
2317,0.770923912525,0.822601377964,0.00052440550644,0.00276000239142
2318,0.17253183946,0.788042604923,0.00037595955655,0.00197871544523
2319,0.692005544901,0.18415568769,0.000736621092074,0.003876915766
2320,0.34612339735,0.290379099548,0.00339264958166,0.0178558784064
2321,0.661176592112,0.20192572102,0.000868098984938,0.00456889800926
2322,0.788674131036,0.642372578382,0.000332942930982,0.00175231433391
2323,0.35066986084,0.790719822049,0.00268651777878,0.0141394310376
2324,0.84170371294,0.513336002827,0.000349757727236,0.00184081240897
2325,0.8660800457,0.479081563652,0.000460945040686,0.00242600315783
2326,0.865218222141,0.541728064418,0.000195558968699,0.00102924781423
2327,0.905414566398,0.451427333057,0.000711666012648,0.00374557450805
2328,0.834304943681,0.450900167227,0.000657674623653,0.00346141204043
2329,0.391373209655,0.329349793494,0.00463702762499,0.0244051734333
2330,0.616950675845,0.168181698769,0.00150350632612,0.00791311495519
2331,0.627371191978,0.530385360122,0.00184406165499,0.00970549415519
2332,0.464314803481,0.334179393947,0.0052696717903,0.0277348474885
2333,0.600256115198,0.593946442008,0.00357560277916,0.0188187806956
2334,0.52938374877,0.875369891524,0.00245397351682,0.0129155256605
2335,0.672242864966,0.79662156105,0.000383675534977,0.00201932546676
2336,0.692457377911,0.793315947056,0.000358695280738,0.00188785171107
2337,0.199856515974,0.673952803016,0.00119876873214,0.00630924833326
2338,0.825353696942,0.200777493417,0.000164225362823,0.000864335687856
2339,0.798637717962,0.330716997385,0.000768703001086,0.00404576629199
2340,0.787587106228,0.316234022379,0.000763446849305,0.00401810260176
2341,0.395641058683,0.68538634479,0.00177217402961,0.00932714187718
2342,0.803286805749,0.347474478185,0.000501945323776,0.00264179204255
2343,0.653202265501,0.796784669161,0.000678910000715,0.00357317610613
2344,0.62981750071,0.368644945323,0.000893757562153,0.00470394185148
2345,0.623825192451,0.40392497927,0.00134979747236,0.00710412878181
2346,0.857918307185,0.602777466178,0.000114596667117,0.000603134542656
2347,0.556355312467,0.310398228467,0.00188355112914,0.00991333149051
2348,0.503090493381,0.871651619673,0.00251962710172,0.0132610675152
2349,0.494656682014,0.0983570795506,0.00238017761149,0.0125271299005
2350,0.478881768882,0.110673340037,0.00167773012072,0.00883007346123
2351,0.562069818377,0.626411348581,0.0027910922654,0.01468981777
2352,0.560590744019,0.660897299647,0.00293921213597,0.0154693885258
2353,0.620141297579,0.342179700732,0.0005927523016,0.00311971890044
2354,0.844523638487,0.626633986831,0.000191542116227,0.0010081066891
2355,0.469784170389,0.973885342479,0.00108437391464,0.00570717614677
2356,0.526523932815,0.0317418412305,0.00114780722652,0.00604103246661
2357,0.81946131587,0.439278662205,0.000414955517044,0.00218395536529
2358,0.785811424255,0.411579214036,0.000739915820304,0.00389425627384
2359,0.432080261409,0.17771743983,0.00139030255377,0.00731731136704
2360,0.634545996785,0.568152457476,0.00190027453937,0.0100013485911
2361,0.239574041218,0.324073463678,0.00138064427301,0.00726647880013
2362,0.274841859937,0.284009583294,0.00171661481727,0.00903472778723
2363,0.815161943436,0.269529148936,0.000346539134625,0.00182387261106
2364,0.778870686889,0.221650999039,0.000249701843131,0.00131420756594
2365,0.224802855402,0.229320138693,0.0014477649238,0.00761974197986
2366,0.730516508222,0.82071852684,0.000386468251236,0.00203402383179
2367,0.771759107709,0.79378773272,0.000432089262176,0.00227413210248
2368,0.782920911908,0.739895343781,0.000214273357415,0.00112774364803
2369,0.209085736424,0.778966680169,0.00091009848984,0.00478994590548
2370,0.756927996874,0.167358547449,0.000281640997855,0.00148230676081
2371,0.731846526265,0.2067303285,0.000498840934597,0.00262545330954
2372,0.416618928313,0.35170596838,0.00324890157208,0.0170993172236
2373,0.395885497332,0.85519169271,0.00276310509071,0.0145425182696
2374,0.599162772298,0.158571582288,0.000932911934797,0.00491001551167
2375,0.452520206571,0.320162110031,0.00550274923444,0.0289615590605
2376,0.440262213349,0.334924608469,0.00509277079254,0.0268037985753
2377,0.645706966519,0.526791810989,0.00167269469239,0.00880357146218
2378,0.447744168341,0.859650373459,0.00130535010248,0.00687019750985
2379,0.535171300173,0.127986757085,0.00218856101856,0.0115186312325
2380,0.627229586244,0.355167225003,0.00121277454309,0.00638296241759
2381,0.275097385049,0.302003078163,0.001347895246,0.00709411716058
2382,0.290883056819,0.300442077219,0.00121495127678,0.00639441880032
2383,0.276276171207,0.792684614658,0.00139461306389,0.00733999804385
2384,0.196957785636,0.282922051847,0.000832388876006,0.00438095187818
2385,0.796026676893,0.224879957736,0.000344614352798,0.00181374227799
2386,0.789525389671,0.72262327373,0.00041738623986,0.00219674852002
2387,0.713028430939,0.194774717093,0.000499141751789,0.00262703654267
2388,0.1893087551,0.780147641897,0.000983598525636,0.00517678447235
2389,0.727637082338,0.190421175212,0.000373400864191,0.00196524877308
2390,0.858173668385,0.51222217083,0.000257372128544,0.00135457710025
2391,0.506971471012,0.691444739699,0.00100049830507,0.00526572982302
2392,0.472270578146,0.698485985398,0.00245038885623,0.0128966592075
2393,0.467351593077,0.678091868758,0.00448209559545,0.0235897495547
2394,0.651542142034,0.476015150547,0.000387088832213,0.00203729001599
2395,0.607658803463,0.632999300957,0.00108158041257,0.00569247364598
2396,0.486842595041,0.125414768234,0.00294627784751,0.015506576123
2397,0.59491071105,0.31409548223,0.0016883991193,0.00888622554439
2398,0.807071700692,0.451594360173,0.000546993513126,0.00287888549182
2399,0.786579117179,0.381601475179,0.000467063771794,0.00245820669552
2400,0.434559509158,0.197009529918,0.00134055269882,0.00705547254774
2401,0.568718224764,0.828128769994,0.00239397259429,0.0125997343737
2402,0.66036388278,0.56555531919,0.00180209311657,0.00948460923885
2403,0.238510221243,0.792860805988,0.00166610896122,0.0087689100531
2404,0.284211263061,0.68754786253,0.00146674038842,0.00771961188417
2405,0.811732336879,0.287679336965,0.000510776881129,0.00268827347555
2406,0.714823126793,0.815569013357,0.000669412373099,0.00352318907393
2407,0.391761496663,0.704781278968,0.00196589832194,0.010346733593
2408,0.3747061342,0.700907215476,0.00164614024106,0.00866381253849
2409,0.46654073149,0.307787522674,0.00469383550808,0.0247041594112
2410,0.492889627814,0.303105853498,0.00444048643112,0.0233707560627
2411,0.673955067992,0.611976489425,0.00167983013671,0.00884112607049
2412,0.635621726513,0.583295896649,0.00185910053551,0.00978464539539
2413,0.793481394649,0.28080252558,0.000465937308036,0.00245227799601
2414,0.20992128551,0.79748813808,0.000478695059428,0.00251942340909
2415,0.283064007759,0.210847813636,0.00257644080557,0.0135600841284
2416,0.213393900543,0.216575294733,0.00149440043606,0.00786518967976
2417,0.203843481839,0.714836150408,0.00135960278567,0.0071557351968
2418,0.216233495623,0.306804083288,0.00139719049912,0.00735356336172
2419,0.571983337402,0.303225517273,0.00220018718392,0.011579820987
2420,0.577114596963,0.320501446724,0.00191954046022,0.0101027471977
2421,0.83008633554,0.590928524733,0.000180253278813,0.000948692327743
2422,0.817864701152,0.613655284047,0.000233172409935,0.00122721138724
2423,0.524782449007,0.270848989487,0.00351406820118,0.0184949176158
2424,0.536700338125,0.285978890955,0.00336116785184,0.0176901866878
2425,0.844449192286,0.466608457267,0.000810954603367,0.00426814100374
2426,0.586991071701,0.686948284507,0.00113983848132,0.00599909210648
2427,0.574689432979,0.700185209513,0.00199139118195,0.0104809052478
2428,0.573767632246,0.644441872835,0.00255008693784,0.0134213808977
2429,0.564171433449,0.287500046194,0.00243949750438,0.0128393368553
2430,0.417311795056,0.673015981913,0.0027521152515,0.0144846775679
2431,0.408687099814,0.707034498453,0.00187629659194,0.00987515008364
2432,0.494119890034,0.267919071019,0.00404065893963,0.0212664211175
2433,0.668434202671,0.386942908168,0.000752967083827,0.00396294647272
2434,0.901552841067,0.486404627562,0.000432933680713,0.00227857636775
2435,0.885857149959,0.490740008652,0.000367922591977,0.0019364160392
2436,0.303843431175,0.295576162636,0.00127185543533,0.00669391148635
2437,0.296522684395,0.776230692863,0.00137871154584,0.00725630664985
2438,0.775147899985,0.700621858239,0.000330299721099,0.00173840283697
2439,0.776334449649,0.682413712144,0.000338571117027,0.00178193608035
2440,0.698604270816,0.200492881238,0.000669451837894,0.00352339678138
2441,0.849646285176,0.544307008386,0.000174225322553,0.000916966547809
2442,0.83512288332,0.490856207907,0.000692019879352,0.00364217480264
2443,0.621463641524,0.587362632155,0.00147786189336,0.00777814555679
2444,0.830152660608,0.424404710531,0.000174997840077,0.000921032390342
2445,0.450776666403,0.177127432078,0.00129962724168,0.00684007748
2446,0.835395246744,0.549328684807,0.0003449319629,0.001815413894
2447,0.8630951792,0.578703045845,0.000489375146572,0.00257563385253
2448,0.781383261085,0.769781142473,0.000337925826898,0.00177853984923
2449,0.728460252285,0.767880991101,0.000628590525594,0.00330833931482
2450,0.743215486407,0.783513858914,0.000575457990635,0.00302869708805
2451,0.269783496857,0.725011736155,0.0011526576709,0.00606656087532
2452,0.759381711483,0.220877252519,0.000277938437648,0.00146281978956
2453,0.253297936171,0.71469309926,0.00166903343052,0.0087843018485
2454,0.206593696028,0.736964374781,0.00148838304449,0.00783351950292
2455,0.240223310888,0.219932228327,0.00165016553365,0.00868499808483
2456,0.211934741586,0.239362470806,0.00101989659015,0.00536782507668
2457,0.268943108618,0.22498267889,0.0024238221813,0.0127568359497
2458,0.236327771097,0.287988096476,0.00120855972636,0.00636077938538
2459,0.652122169733,0.546587914228,0.00139457872137,0.00733981729549
2460,0.678021937609,0.559686034918,0.000909974507522,0.00478929337325
2461,0.490717671812,0.855409577489,0.00290955370292,0.0153132930135
2462,0.505282267928,0.843665868044,0.00279308180325,0.0147002889209
2463,0.468806296587,0.826642036438,0.00294443638995,0.0154968843345
2464,0.480069406331,0.839445605874,0.00216531776823,0.0113962995146
2465,0.528473094106,0.154578156769,0.00211061397567,0.0111083875907
2466,0.507901340723,0.149581901729,0.00215528393164,0.0113434903571
2467,0.455828003585,0.702169910073,0.00306813977659,0.0161479485181
2468,0.502882882953,0.734280705452,0.00364176090807,0.0191669780195
2469,0.475111417472,0.719127550721,0.00147631880827,0.00777002413455
2470,0.314419448376,0.758088588715,0.00157802877948,0.00830533461529
2471,0.705719619989,0.215112708509,0.000470971222967,0.00247877202988
2472,0.677627131343,0.233305543661,0.000924701453187,0.00486680286687
2473,0.317522808909,0.260334242135,0.00272050476633,0.0143183081961
2474,0.31684602052,0.285938166082,0.00231672683731,0.0121931816747
2475,0.574487239122,0.724956959486,0.00106031156611,0.00558053342722
2476,0.549251139164,0.702933087945,0.0030767545104,0.0161932887856
2477,0.553723692894,0.272925034165,0.00289321993478,0.015227326641
2478,0.574636012316,0.234324216843,0.0019381523598,0.0102007036202
2479,0.60040037334,0.674875184894,0.00146835437045,0.00772810644456
2480,0.55080781877,0.819113716483,0.00247478322126,0.0130250493655
2481,0.532544896007,0.845472484827,0.00240467884578,0.0126560825229
2482,0.466654866934,0.159066062421,0.00159226823598,0.0083802784012
2483,0.670133113861,0.366008237004,0.000913710100576,0.00480895419992
2484,0.854829847813,0.497953571379,0.000347667257302,0.00182981004163
2485,0.829181149602,0.532846018672,0.000317248166539,0.00166971110632
2486,0.818375200033,0.498071596026,0.00051165180048,0.00269287826988
2487,0.801187798381,0.554990634322,0.000734103610739,0.00386366599189
2488,0.720645517111,0.74053747952,0.000408608786529,0.00215055184228
2489,0.740002274513,0.750540137291,0.000416838156525,0.00219386389867
2490,0.237569488585,0.726006612182,0.00193995377049,0.0102101846377
2491,0.309505008161,0.72131934762,0.00150369177572,0.00791409099636
2492,0.281840376556,0.751525461674,0.00102228019387,0.00538037023853
2493,0.743536487222,0.282153137028,0.000650271074846,0.00342244636947
2494,0.263396091759,0.745145097375,0.00107829913031,0.00567520390572
2495,0.749789759517,0.260601434857,0.000583377142902,0.00307037643529
2496,0.251339625567,0.235833946615,0.00149966625031,0.00789290422461
2497,0.310830123723,0.20722315833,0.00299159367569,0.0157450781841
2498,0.277391918004,0.256835918874,0.00248345406726,0.0130706849574
2499,0.217993628234,0.271016985178,0.000878801802173,0.0046252280836
2500,0.236659940332,0.271604187787,0.00110737537034,0.00582823527366
2501,0.614399775863,0.308801330626,0.00137204444036,0.00722121695905
2502,0.61523874104,0.327207379043,0.000998300383799,0.00525416192775
2503,0.437770053744,0.309564746916,0.00511864759028,0.0269399909355
2504,0.667896330357,0.407195992768,0.00109235127456,0.00574916184717
2505,0.451454035938,0.195930793881,0.00122343271505,0.00643905751907
2506,0.819068565965,0.462620951235,0.000542107853107,0.00285317173944
2507,0.813893586397,0.537412896752,0.000137204071507,0.000722119735245
2508,0.346484415233,0.772719442844,0.00230016815476,0.0121060315535
2509,0.346642263234,0.260783541948,0.00354594015516,0.0186626631259
2510,0.653465345502,0.21726584807,0.000219024208491,0.00115274788649
2511,0.646486863494,0.234927140176,0.000757291913033,0.00398570851241
2512,0.249969892204,0.836607024074,0.00124923547264,0.00657486019806
2513,0.846120044589,0.779038771987,0.000269829644822,0.00142014234374
2514,0.839571937919,0.764169752598,0.000300945597701,0.00158390893906
2515,0.781964123249,0.451929748058,0.000775530759711,0.0040817015175
2516,0.793960466981,0.441249914467,0.00055711704772,0.00293216673952
2517,0.451203197241,0.213524926454,0.00125147134531,0.0065866278356
2518,0.555713668466,0.795405194163,0.000985199818388,0.00518521224774
2519,0.624696731567,0.641930177808,0.00207652291283,0.0109289626727
2520,0.613740384579,0.660630345345,0.00154801190365,0.00814735258031
2521,0.795098930597,0.463061243296,0.000559077539947,0.00294248502026
2522,0.828056156635,0.475745305419,0.000688968517352,0.00362611515736
2523,0.413285039365,0.318206392229,0.00468704709783,0.0246684312805
2524,0.421339452267,0.303401708603,0.00448989821598,0.0236308155829
2525,0.739795431495,0.69648963213,0.000240965149715,0.001268225412
2526,0.690015941858,0.247014418244,0.000680263445247,0.00358029942977
2527,0.302972368896,0.248737834394,0.00284052127972,0.0149499679707
2528,0.571294903755,0.260586503893,0.00242727040313,0.0127749843108
2529,0.396270535886,0.765120103955,0.00370063772425,0.0194768530141
2530,0.340449735522,0.715429902077,0.00275154551491,0.0144816789831
2531,0.760367959738,0.755457758904,0.000155613277457,0.000819009359442
2532,0.242520555854,0.758727580309,0.000874755147379,0.00460393010566
2533,0.235045734793,0.771036848426,0.00160062068608,0.00842423824135
2534,0.755056008697,0.239774938673,0.000374821742298,0.00197272700686
2535,0.659352093935,0.335566520691,0.00180534319952,0.00950171477382
2536,0.685515835881,0.776856854558,0.00042686771485,0.00224665053921
2537,0.674705207348,0.765730768442,0.000673184928019,0.00354304443485
2538,0.315609566867,0.741543903947,0.00130668585189,0.00687722770214
2539,0.774658665061,0.303871080279,0.000753284606617,0.0039646176292
2540,0.776217281818,0.280671648681,0.000438701565145,0.00230893336178
2541,0.244833767414,0.74201631546,0.000767097866628,0.00403731829729
2542,0.315721854568,0.233816996217,0.00327033107169,0.0172121029771
2543,0.4261206761,0.275248616934,0.00236490578391,0.012446752635
2544,0.680904686451,0.435256712139,0.00318471132778,0.0167614770873
2545,0.690310895443,0.406478114426,0.00160512863658,0.00844796406808
2546,0.80340783298,0.574623629451,0.000466523866635,0.00245536511679
2547,0.664890646935,0.425458393991,0.00078682199819,0.00414112851592
2548,0.663601621985,0.468810155988,0.00127366674133,0.00670344458394
2549,0.658004283905,0.504753649235,0.00167833396699,0.0088332515689
2550,0.330677680671,0.776076331735,0.00213365419768,0.0112296507488
2551,0.359978079796,0.752992242575,0.00138902536128,0.00731058936603
2552,0.774298593402,0.663922861218,0.000308970513288,0.00162614492998
2553,0.621501550078,0.243896745145,0.00045697009773,0.00240508260698
2554,0.535071969032,0.716645136476,0.00239483569749,0.0126042769783
2555,0.489762440324,0.177127856761,0.0030303162057,0.0159488790102
2556,0.504735477269,0.816592663527,0.00281345914118,0.0148075370347
2557,0.514696404338,0.802310571074,0.00252914731391,0.0133111734124
2558,0.390930376947,0.268824294209,0.00423551723361,0.0222919812056
2559,0.782229959965,0.623419776559,0.000530204502866,0.0027905231312
2560,0.823812544346,0.515474274755,0.000364883628208,0.00192042164714
2561,0.806588977575,0.472445964813,0.000351776689058,0.00185143842146
2562,0.453742302954,0.73653036356,0.0027581343893,0.0145163569353
2563,0.521937087178,0.786969184875,0.00210334802978,0.0110701461386
2564,0.537513121963,0.793007060885,0.00165835907683,0.00872812158085
2565,0.484416820109,0.204023081809,0.00291997054592,0.0153681179748
2566,0.467221692204,0.212561435997,0.0015026567271,0.00790864342449
2567,0.419625632465,0.338337115943,0.00431305496022,0.022700070572
2568,0.548479005694,0.298278354108,0.00290700164624,0.0152998612656
2569,0.259169396013,0.765784606338,0.00112896226346,0.00594184940608
2570,0.32961448282,0.757198899984,0.00195184757467,0.010272783004
2571,0.765224948525,0.736445277929,0.000238746259129,0.00125654715301
2572,0.755334466696,0.664888188243,0.000331555405864,0.00174501164049
2573,0.742077276111,0.21740052104,0.000438750721514,0.00230919207702
2574,0.734234750271,0.233741741627,0.000511340273079,0.00269123866778
2575,0.302713818848,0.272362791002,0.00277672125958,0.0146141816259
2576,0.255784697831,0.270771875978,0.000990607775748,0.00521367490701
2577,0.602682068944,0.267529159784,0.00193375512026,0.0101775604772
2578,0.360957555473,0.768504932523,0.00269686616957,0.0141938957275
2579,0.328107275069,0.739612013102,0.00225513312034,0.0118690073401
2580,0.407698482275,0.724865019321,0.00157888501417,0.00830984107026
2581,0.463452361524,0.260788794607,0.00370416999795,0.0194954437492
2582,0.690626367927,0.368928365409,0.000716700567864,0.0037720719118
2583,0.709633603692,0.402763612568,0.00114033871796,0.00600172490553
2584,0.669267222285,0.216964926571,0.000865218462422,0.0045537375105
2585,0.646400362253,0.322228752077,0.00110875372775,0.00583548971645
2586,0.634428650141,0.334061667323,0.00126048282254,0.00663405620621
2587,0.575698390603,0.790731489658,0.000874860503245,0.00460448460488
2588,0.771304130554,0.463690541685,0.000808811571915,0.0042568619995
2589,0.612913534045,0.709851145744,0.00113217823673,0.0059587754181
2590,0.535515531898,0.170688446611,0.00213525304571,0.0112380656573
2591,0.501238130033,0.191936574876,0.00296840327792,0.0156230246348
2592,0.456277966499,0.813274309039,0.00292624998838,0.0154011673536
2593,0.500428035855,0.791666686535,0.00253435410559,0.0133385773151
2594,0.411257900298,0.689732685685,0.00141388399061,0.0074414229968
2595,0.346396528184,0.231227319688,0.00329829170369,0.0173592627804
2596,0.415309794247,0.284211851656,0.00300555303693,0.0158185477986
2597,0.405853845179,0.296458572149,0.00445028347895,0.0234223189756
2598,0.404925458133,0.781729727983,0.00330328359269,0.0173855356273
2599,0.59028069675,0.231630872935,0.000862527056597,0.00453957235315
2600,0.595643565059,0.213650029153,0.000927650777157,0.00488232547507
2601,0.66243712604,0.247035194188,0.000826625095215,0.00435061648206
2602,0.63574898243,0.250894889235,0.000834204198327,0.00439050611414
2603,0.752053573728,0.647301822901,0.000355935248081,0.00187332536335
2604,0.773377761245,0.605363607407,0.000494314299431,0.00260162914345
2605,0.791355505586,0.599230974913,0.000329329253873,0.00173329516394
2606,0.457279734313,0.719004735351,0.00117226236034,0.00616974245728
2607,0.490274332464,0.746165558696,0.00294867809862,0.0155192089018
2608,0.665504172444,0.456718802452,0.00087024399545,0.00458018742951
2609,0.646105140448,0.294062748551,0.00185657734983,0.00977136559866
2610,0.675431504846,0.304470688105,0.00071052450221,0.00373956661625
2611,0.639903888106,0.507936514914,0.00243259035051,0.0128029837641
2612,0.685749530792,0.752602398396,0.000906132219825,0.00476907100125
2613,0.760957866907,0.314995080233,0.000957077485509,0.00503720139537
2614,0.425053872168,0.693234667182,0.00154835300054,0.00814914780982
2615,0.610874250531,0.288231164217,0.00160234316718,0.00843330384402
2616,0.80515101552,0.520761564374,0.000671636604238,0.00353489544083
2617,0.798224687576,0.501597806811,0.00041622549179,0.0021906393785
2618,0.430131830275,0.680844858289,0.00344257475808,0.0181186399614
2619,0.441449306905,0.669986650348,0.00583775388077,0.0307247244233
2620,0.670285627246,0.319931946695,0.00102524308022,0.00539596422701
2621,0.714071810246,0.356789529324,0.00118213368114,0.00622169627675
2622,0.400297723711,0.738920986652,0.00406445935369,0.0213916852478
2623,0.412453263998,0.75398157537,0.00437349546701,0.0230181754378
2624,0.389765366912,0.791761547327,0.00329899834469,0.0173629819077
2625,0.375222720206,0.326180487871,0.00393380876631,0.020704057202
2626,0.77020676434,0.365194350481,0.000345455657225,0.00181817015337
2627,0.670819848776,0.779835954309,0.00047947402345,0.00252352318024
2628,0.428549267352,0.842962667346,0.00183303537779,0.00964746167635
2629,0.462537288666,0.291861250997,0.00256656087004,0.0135080849687
2630,0.443150348961,0.269447848201,0.00292775034904,0.0154090639126
2631,0.681039959192,0.462516978383,0.00194702239241,0.0102473875526
2632,0.329408995807,0.217383954674,0.00394469033927,0.0207613280869
2633,0.653366312385,0.777660965919,0.000575905723963,0.00303105355655
2634,0.731234252453,0.321553848684,0.000857595005073,0.00451361443731
2635,0.700890183449,0.730804294348,0.000791378435679,0.00416510953483
2636,0.565716996789,0.150679994375,0.00186230090912,0.00980148930476
2637,0.643285617232,0.424352757633,0.00110103969928,0.00579488995775
2638,0.398715496063,0.809315949678,0.00342739443295,0.018038744283
2639,0.603434100747,0.175637882203,0.0012458920246,0.00655726327263
2640,0.683069169521,0.517385974526,0.000997929484583,0.00525220984542
2641,0.664309754968,0.522530183196,0.00132346781902,0.00696555299402
2642,0.542377993464,0.734487786889,0.000839420419652,0.0044179596461
2643,0.600684091449,0.727236300707,0.00157534354366,0.00829120193138
2644,0.543714925647,0.186995461583,0.00230242614634,0.0121179156053
2645,0.38833591342,0.245094176382,0.00299104885198,0.0157422107185
2646,0.404719352722,0.276396788657,0.00360319181345,0.0189639847403
2647,0.413885384798,0.798663780093,0.0031725813169,0.0166976355399
2648,0.603181049228,0.194437175989,0.000324659515172,0.0017087178286
2649,0.584759235382,0.247271612287,0.00175961048808,0.00926101861141
2650,0.751374810934,0.485935084522,0.000558736966923,0.00294069254793
2651,0.662921488285,0.277055464685,0.00113972753752,0.00599850819736
2652,0.656572654843,0.667063653469,0.00124888692517,0.00657302575535
2653,0.62139596045,0.691904604435,0.00131493294612,0.00692063304307
2654,0.443801701069,0.753566995263,0.00401785084978,0.0211463796958
2655,0.420600570738,0.772197902203,0.00294217187911,0.0154849659712
2656,0.693694010377,0.31014162302,0.00101031735539,0.00531740853736
2657,0.708636403084,0.387025363743,0.000611777300946,0.00321984951129
2658,0.748875305057,0.463390864432,0.000913883559406,0.00480986713233
2659,0.467877596617,0.778903439641,0.00266386778094,0.0140202216711
2660,0.478744253516,0.791670456529,0.00258955033496,0.0136290809868
2661,0.527800828218,0.197868492454,0.00268468586728,0.014129789491
2662,0.727043628693,0.252689454705,0.000724752841052,0.00381445188871
2663,0.704448848963,0.236947692931,0.00067564775236,0.00355600654335
2664,0.746855542064,0.732163384557,0.000281150132651,0.00147972328462
2665,0.752544611692,0.715188413858,0.000301463529468,0.00158663486946
2666,0.63584625721,0.780509606004,0.000540730135981,0.00284592066653
2667,0.534762665629,0.761130228639,0.00232320628129,0.0122272836829
2668,0.527141779661,0.772490382195,0.00169162964448,0.0089032281447
2669,0.473633766174,0.231091350317,0.00330733577721,0.0174068627088
2670,0.539358049631,0.775647908449,0.00098701484967,0.00519476495194
2671,0.565524727106,0.74872328341,0.000790910911746,0.00416264890626
2672,0.425133012235,0.23517165333,0.00191914883908,0.0101006860536
2673,0.770392030478,0.417447507381,0.00117008981761,0.00615830813199
2674,0.360829673707,0.246548634022,0.00351581326686,0.0185041020835
2675,0.785423725843,0.397654429078,0.000520093017258,0.0027373052986
2676,0.740602314472,0.36320976913,0.00103768415283,0.00546144292573
2677,0.619615346193,0.789245769382,0.000738290778827,0.00388570350635
2678,0.637968465686,0.749018073082,0.00134964263998,0.00710331388241
2679,0.457854911685,0.764861628413,0.00315621192567,0.0166114816792
2680,0.621698096395,0.260887615383,0.00125234399457,0.00659122068215
2681,0.61245200038,0.774368286133,0.000520775502082,0.00274089728938
2682,0.402130186558,0.25402193889,0.00424793083221,0.0223573153056
2683,0.420573852956,0.217948291451,0.00145215168595,0.00764282997931
2684,0.792356237769,0.421742431819,0.000402978388593,0.00212091845442
2685,0.708765357733,0.371211364865,0.00057816086337,0.00304292259698
2686,0.784065380692,0.547921553254,0.00116379442625,0.00612517481246
2687,0.375465132296,0.233661040664,0.00396871753037,0.0208877857692
2688,0.74696610868,0.610646858811,0.000631727511063,0.0033248496056
2689,0.548406526446,0.754037290812,0.00128793460317,0.00677853787019
2690,0.75382681191,0.516942620277,0.000872093020007,0.00458991904395
2691,0.457809492946,0.788652896881,0.00280601158738,0.0147683397608
2692,0.256247095764,0.253678284585,0.00145851797424,0.00767633643698
2693,0.342494159937,0.735633686185,0.00288987904787,0.0152097431951
2694,0.716846883297,0.266861788929,0.000745709054172,0.00392474668466
2695,0.737922951579,0.302441500127,0.000498559325933,0.00262397117296
2696,0.711539566517,0.715873911977,0.000957847281825,0.00504125291589
2697,0.572084516287,0.167361017317,0.0016593321925,0.00873324319296
2698,0.406421944499,0.333742439747,0.00476186256856,0.0250621931224
2699,0.693774625659,0.493068665266,0.00138407340273,0.00728452667741
2700,0.667473912239,0.484381660819,0.00139219732955,0.00732728377506
2701,0.562886819243,0.714094653726,0.00253306492232,0.0133317922054
2702,0.559678971767,0.730431452394,0.000674089184031,0.00354780363117
2703,0.610469833016,0.757700577378,0.00102448777761,0.00539198898842
2704,0.49800632149,0.137903045863,0.00251319212839,0.0132271995608
2705,0.543229088187,0.144140064716,0.00204779417254,0.0107777602331
2706,0.665064066648,0.693984225392,0.000783627328929,0.00412431462916
2707,0.468266449869,0.802221596241,0.00277912523597,0.0146268340114
2708,0.537768885493,0.214494347572,0.00267820199952,0.0140956641999
2709,0.757157847285,0.349527083337,0.000549750344362,0.00289339499012
2710,0.771374225616,0.352049075067,0.000256848434219,0.00135182084088
2711,0.657585516572,0.758380845189,0.00104750995524,0.00551315717703
2712,0.45363021642,0.241776570678,0.00347017403692,0.0182638979243
2713,0.757061287761,0.442602075636,0.00115700822789,0.00608945832311
2714,0.438952296972,0.783657759428,0.00234831706621,0.0123594444356
2715,0.503386549652,0.756557717919,0.00255338428542,0.0134387351914
2716,0.710215494037,0.442239642143,0.0021935661789,0.0115449739279
2717,0.718703433871,0.298439219594,0.000682871090248,0.00359402374493
2718,0.704134821892,0.33359246701,0.00114994868636,0.00605230319932
2719,0.676602959633,0.26041643694,0.000706106307916,0.0037163131861
2720,0.464410088956,0.841852530837,0.00111486949027,0.00586767763013
2721,0.711703643203,0.488034509122,0.00113460875582,0.00597156750059
2722,0.578646525741,0.181716550142,0.00152974855155,0.00805123060054
2723,0.558292716742,0.176493734121,0.00201754295267,0.0106185448203
2724,0.424372553825,0.823947131634,0.00200456287712,0.0105502292914
2725,0.44152700901,0.821174308658,0.00244080275297,0.0128462065185
2726,0.710861057043,0.632889345288,0.000568456947803,0.00299184984919
2727,0.322997577488,0.714640587568,0.00302996300161,0.0159470200592
2728,0.767091363668,0.540605679154,0.000793279032223,0.00417511257817
2729,0.700090914965,0.293720528483,0.000744691176806,0.00391938948698
2730,0.735706180334,0.71089938283,0.000385364430258,0.00202821430366
2731,0.668605536222,0.740265414119,0.00106505956501,0.00560552265437
2732,0.684046283364,0.701713711023,0.000487864512252,0.00256768322218
2733,0.776652798057,0.501313254237,0.00077000859892,0.00405263779334
2734,0.520822107792,0.139190357178,0.00214891275391,0.0113099581658
2735,0.657563865185,0.711844980717,0.000921411148738,0.00484948564187
2736,0.637207403779,0.625473156571,0.00313963927329,0.0165242580332
2737,0.446734115481,0.797534555197,0.00270521594211,0.0142378414754
2738,0.55911244452,0.2458502464,0.00268115289509,0.0141111950797
2739,0.75032094121,0.42406348139,0.00142867618706,0.0075192759123
2740,0.745958358049,0.405295051634,0.000948641507421,0.00499280193844
2741,0.416657075286,0.262868311256,0.00387388118543,0.0203886519202
2742,0.448328331113,0.776225864887,0.00242067617364,0.0127402781742
2743,0.470913648605,0.757542684674,0.00186247180682,0.00980238875763
2744,0.434272959828,0.804409652948,0.00242815795355,0.0127796555838
2745,0.406526751816,0.828443869948,0.00267639406957,0.0140861488708
2746,0.675834178925,0.499173484743,0.00163295201492,0.00859440149063
2747,0.792261645198,0.759868010879,0.000248485506745,0.00130780585716
2748,0.773416057229,0.522243142128,0.00109118584078,0.00574302804422
2749,0.722169578075,0.459638409317,0.00201820489019,0.0106220286685
2750,0.722926542163,0.340532742441,0.00113084644545,0.00595176605783
2751,0.553547203541,0.203062366694,0.00244513782673,0.0128690224764
2752,0.678971707821,0.721533820033,0.000777685025241,0.0040930396479
2753,0.648324772716,0.730034932494,0.00114932795987,0.00604903624924
2754,0.724237278104,0.592184990644,0.000615916389506,0.00324163397805
2755,0.733490094543,0.649174273014,0.000483125157189,0.00254273948847
2756,0.702627360821,0.257464211434,0.000679560820572,0.0035766014408
2757,0.740256622434,0.681744664907,0.000283186818706,0.00149044258164
2758,0.531280592084,0.242484934628,0.0030207443051,0.0158985010713
2759,0.502682231367,0.237907994539,0.00339214759879,0.0178532364167
2760,0.680824682117,0.287230022252,0.00101117300801,0.00532191192879
2761,0.595131874084,0.781455278397,0.000806064286735,0.00424240274312
2762,0.746565267444,0.387813329697,0.000546345079783,0.00287547271763
2763,0.737559601665,0.509155489504,0.000966106483247,0.00508472197828
2764,0.763899177313,0.586228638887,0.000583876797464,0.00307300617081
2765,0.754949524999,0.566140457988,0.000995764043182,0.00524081289522
2766,0.483470499516,0.249393109232,0.00376547430642,0.0198180948959
2767,0.666471540928,0.651721894741,0.0016403720947,0.00863345416588
2768,0.746222570539,0.534904867411,0.00159584148787,0.00839908480891
2769,0.757734984159,0.500225573778,0.000715282163583,0.00376460669803
2770,0.793878287077,0.240606036037,0.000176869449206,0.000930882869806
2771,0.753816068172,0.801146268845,0.000390856090235,0.00205711749877
2772,0.738382384181,0.808725357056,0.000386317522498,0.00203323053028
2773,0.219646770507,0.256540510803,0.000640209880657,0.003369493226
2774,0.755189061165,0.362521678209,0.000518277345691,0.00272774922452
2775,0.579420059919,0.205022137612,0.00182383763604,0.00959905297563
2776,0.638864159584,0.701748877764,0.00116484099999,0.00613068304226
2777,0.70105445385,0.511701017618,0.00103069946636,0.0054246817721
2778,0.743193909526,0.496244996786,0.000553023419343,0.00291062153458
2779,0.625742375851,0.606925904751,0.00263751158491,0.0138815061862
2780,0.652199611068,0.63968116045,0.00220938096754,0.0116282088557
2781,0.714609414339,0.652449429035,0.000684010447003,0.00360002030166
2782,0.717436552048,0.551669925451,0.000677797710523,0.00356732200362
2783,0.72072905302,0.669550776482,0.000847920950036,0.00446269884869
2784,0.716730892658,0.505688838661,0.000882584659848,0.00464513766903
2785,0.680612206459,0.661712020636,0.00125818804372,0.00662197853928
2786,0.707377284765,0.678689822555,0.00106286152732,0.00559395414639
2787,0.739188119769,0.55327193439,0.00150005938485,0.00789497333384
2788,0.202775049955,0.252305615693,0.000817907624878,0.00430473550125
2789,0.480291992426,0.815399006009,0.00284240860492,0.0149599011655
2790,0.695168986917,0.669183731079,0.00100303580984,0.00527908498262
2791,0.677386075258,0.638337150216,0.00188689271454,0.00993091861264
2792,0.727593168616,0.52198369801,0.00136038521305,0.00715985319596
2793,0.710761889815,0.531120911241,0.000713619694579,0.00375585694547
2794,0.728571400046,0.488799616694,0.000683191989083,0.00359571266989
2795,0.726346984506,0.682842507958,0.000440000585513,0.00231577024522
2796,0.648373991251,0.263436622918,0.000966277322732,0.0050856211248
2797,0.674196884036,0.597411602736,0.000706476101186,0.00371825944772
2798,0.651385098696,0.61329138279,0.00265673873946,0.0139827007616
2799,0.664875686169,0.625937670469,0.00250994530506,0.0132101111816
2800,0.684279903769,0.577606275678,0.000654302479234,0.00344366408289
2801,0.690262496471,0.614313647151,0.000807722855825,0.00425113197002
2802,0.708512872458,0.613181486726,0.000633360468782,0.00333344403711
2803,0.701803773642,0.574403420091,0.000623788975645,0.00328306824276
2804,0.70572951436,0.593762472272,0.000643183360808,0.00338514297075
2805,0.696879118681,0.555282518268,0.000660089252051,0.00347412048851
2806,0.558426693082,0.133574731648,0.00196680240333,0.0103514918703
2807,0.57446154952,0.12305701524,0.00206395448186,0.0108628136733
2808,0.794152989984,0.661893025041,0.000381799531169,0.00200945185764
2809,0.404972322285,0.238537151366,0.00174673192669,0.00919323736235
2810,0.589748606086,0.176931429654,0.000979175791144,0.00515350714665
2811,0.451490424573,0.95889005065,0.000999950920232,0.00526284887792
2812,0.454498283565,0.447469264269,0.0264272596687,0.139089500374
2813,0.543329954147,0.516374707222,0.0167114939541,0.0879543839853
2814,0.531813263893,0.544379219413,0.00147456175182,0.0077607765581
2815,0.465372249484,0.943028390408,0.00134349241853,0.00707094460766
2816,0.507835417986,0.0499435300007,0.0014999457635,0.00789437533248
2817,0.453261211514,0.0624894294888,0.00220164353959,0.011587485943
2818,0.909760937095,0.9397662431,0.000313501135679,0.00164999008127
2819,0.343157254159,0.433844543993,0.00408006971702,0.0214738442633
2820,0.912329718471,0.0900599267334,0.000513581326231,0.00270303357074
2821,0.931870162487,0.0959007926285,0.000428499741247,0.00225524006907
2822,0.404311798513,0.919300511479,0.00239976705052,0.0126302312179
2823,0.438397139311,0.940980881453,0.00151462701615,0.00797164433886
2824,0.0765752121806,0.891734614968,0.000441031326773,0.00232119514695
2825,0.62025873363,0.935065060854,0.00081676786067,0.00429873680005
2826,0.580085933208,0.581923693419,0.00300128920935,0.015796106817
2827,0.550022885203,0.116750013083,0.00209846720099,0.0110444578135
2828,0.468976452947,0.602206781507,0.00595554849133,0.0313446900851
2829,0.0660321703181,0.154587950557,0.000392126530642,0.00206380396281
2830,0.297908447683,0.863946571946,0.00267458590679,0.0140766323163
2831,0.867202237248,0.198243808001,5.98823207838e-05,0.000315167073071
2832,0.863484025002,0.702341586351,0.000307166163111,0.00161664844159
2833,0.798673391342,0.86694739759,0.000407623796491,0.00214536773413
2834,0.899862036109,0.537776723504,0.000161233314429,0.000848588216441
2835,0.584358975291,0.598667815328,0.00306620774791,0.016137780044
2836,0.159702327102,0.0791372582316,0.00042600868619,0.00224212937929
2837,0.841494470835,0.105506746098,0.000111248649773,0.000585513568499
2838,0.628154069185,0.904613882303,0.000753581989557,0.00396618278749
2839,0.639904052019,0.919745966792,0.000455132045317,0.00239540874011
2840,0.690748408437,0.0893240347505,0.00113378069364,0.00596720932056
2841,0.455544345081,0.895921483636,0.00198299624026,0.0104367217698
2842,0.0986530166119,0.11750619486,0.00102355261333,0.00538706711858
2843,0.428547292948,0.60560387373,0.00636927364394,0.0335221699105
2844,0.917797088623,0.34049539268,0.000170535509824,0.000897546667904
2845,0.90930582583,0.306557439268,0.00028117117472,0.00147983403129
2846,0.918897390366,0.296394705772,0.000483469368191,0.00254455110787
2847,0.907109335065,0.321275353432,0.000321899016853,0.00169418903006
2848,0.337435908616,0.859946623445,0.00241744844243,0.0127232902788
2849,0.172345235944,0.12501995638,0.000856542494148,0.00450807495949
2850,0.361875399947,0.604694500566,0.00586449773982,0.0308654802202
2851,0.655247673392,0.589503988624,0.00228268606588,0.0120140214459
2852,0.342632524669,0.334322102368,0.0016937329201,0.00891429790973
2853,0.194623023272,0.373012751341,0.000934859155677,0.00492026394388
2854,0.478221490979,0.165744498372,0.00226567639038,0.0119244977004
2855,0.499340876937,0.162348229438,0.00180884066503,0.00952012230971
2856,0.418262988329,0.883673071861,0.00231025763787,0.0121591335846
2857,0.856445252895,0.813871636987,0.000165182325873,0.000869372286961
2858,0.126706285402,0.67414881289,0.000570925301872,0.00300484106124
2859,0.508295938373,0.778451889753,0.00227817334235,0.0119902704982
2860,0.124388184398,0.327504135668,0.000759557122365,0.00399763055193
2861,0.588329568505,0.190686017275,0.000889999500941,0.0046841627725
2862,0.853338390589,0.792362511158,0.000220856032684,0.00116238897357
2863,0.675548553467,0.474404759705,0.00148325320333,0.00780652059905
2864,0.474829010665,0.18909239769,0.0029632227961,0.0155957592037
2865,0.805668666959,0.160103458911,0.000136859758641,0.000720307579723
2866,0.824006572366,0.37627094239,0.000598470622208,0.00314981503475
2867,0.333550512791,0.123595293611,0.000901430728845,0.00474432655027
2868,0.831276848912,0.358530424535,0.000634007097688,0.00333684731435
2869,0.842400595546,0.570888012648,0.000336935831001,0.00177332939471
2870,0.515291154385,0.764908984303,0.0024699664209,0.0129996980289
2871,0.717104122043,0.416705496609,0.00179206288885,0.00943181907526
2872,0.157066442072,0.678046748042,0.000794027058873,0.00417904952261
2873,0.662826150656,0.603006079793,0.00200454285368,0.0105501239059
2874,0.819485142827,0.362577699125,0.000495050509926,0.0026055038982
2875,0.705377489328,0.469327583909,0.00207328260876,0.0109119086051
2876,0.808681890368,0.173376612365,0.000182581847184,0.000960947832679
2877,0.366937659681,0.135967101902,0.00109977263492,0.00578822126219
2878,0.37525524199,0.153967611492,0.00228131446056,0.01200680254
2879,0.167583599687,0.378178402781,0.000539596483577,0.00283995413241
2880,0.149937815964,0.665436908603,0.000395091017708,0.002079406376
2881,0.148381978273,0.705103248358,0.000839943590108,0.00442071314829
2882,0.798805147409,0.41254362464,0.00028948232648,0.00152357651387
2883,0.477439545095,0.770348638296,0.00240636593662,0.0126649618628
2884,0.37282114476,0.75994220376,0.00268217921257,0.0141165966985
2885,0.331504330039,0.246444813907,0.00337535701692,0.0177648657846
2886,0.786936819553,0.365742452443,0.000479947309941,0.00252601413777
2887,0.725188866258,0.368875920773,0.00125618290622,0.00661142528567
2888,0.400295250118,0.205294430256,0.00107983255293,0.00568327447333
2889,0.632586732507,0.311271451414,0.00106882711407,0.00562535166892
2890,0.341330327094,0.148596026003,0.00193803966977,0.0102001105205
2891,0.255872271955,0.286829382181,0.00118798075709,0.00625247006425
2892,0.791427791119,0.531614840031,0.00101722253021,0.00535375121257
2893,0.440582610667,0.706508666277,0.00277568283491,0.0146087162856
2894,0.798872366548,0.48412168771,0.000544555368833,0.00286605327706
2895,0.383164063096,0.219555448741,0.00179737072904,0.00945975480709
2896,0.721403643489,0.704695254564,0.000571985554416,0.00301042128402
2897,0.424950532615,0.708746418357,0.00243070349097,0.0127930530201
2898,0.762833699584,0.336979292333,0.000741023395676,0.00390008556174
2899,0.773472830653,0.326284125447,0.000783026742283,0.00412115367727
2900,0.748748928308,0.328804530203,0.000936006836127,0.00492630430911
2901,0.380391314626,0.197668161243,0.00140926265158,0.00741710039412
2902,0.302358619869,0.737639188766,0.000861323496792,0.00453323788888
2903,0.52049228549,0.298175640404,0.00364317628555,0.0191744273029
2904,0.477323204279,0.294712215662,0.0027457701508,0.0144512826227
2905,0.761596739292,0.291354648769,0.000776731059887,0.00408801882598
2906,0.716542959213,0.688812598586,0.000625081418548,0.00328987050829
