{
  "classification": "technical_pass_scientific_unchecked",
  "contour_files": [
    "matched_state_01_Step-1_frame_0020_contour_sdv14_sdv15_sdv16.csv",
    "matched_state_02_Step-1_frame_0050_contour_sdv14_sdv15_sdv16.csv",
    "matched_state_03_Step-2_frame_0010_contour_sdv14_sdv15_sdv16.csv",
    "matched_state_04_Step-2_frame_0020_contour_sdv14_sdv15_sdv16.csv"
  ],
  "curve_row_count": 72,
  "element_count": 11790,
  "field_names_by_step": {
    "Step-1": [
      "RF",
      "SDV1",
      "SDV10",
      "SDV11",
      "SDV12",
      "SDV13",
      "SDV14",
      "SDV15",
      "SDV16",
      "SDV2",
      "SDV3",
      "SDV4",
      "SDV5",
      "SDV6",
      "SDV7",
      "SDV8",
      "SDV9",
      "U"
    ],
    "Step-2": [
      "RF",
      "SDV1",
      "SDV10",
      "SDV11",
      "SDV12",
      "SDV13",
      "SDV14",
      "SDV15",
      "SDV16",
      "SDV2",
      "SDV3",
      "SDV4",
      "SDV5",
      "SDV6",
      "SDV7",
      "SDV8",
      "SDV9",
      "U"
    ]
  },
  "history_names_by_step": {
    "Step-1": [],
    "Step-2": []
  },
  "job_time_summaries": [
    "     JOB TIME SUMMARY\n       USER TIME (SEC)      =     0.30    \n       SYSTEM TIME (SEC)    =     0.10    \n       TOTAL CPU TIME (SEC) =     0.40    \n       WALLCLOCK TIME (SEC) =            0\n1\n\n   Abaqus 2024                                  Date 14-Jul-2026   Time 10:55:03",
    "     JOB TIME SUMMARY\n       USER TIME (SEC)      =     8.22E+02\n       SYSTEM TIME (SEC)    =      25.    \n       TOTAL CPU TIME (SEC) =     8.47E+02\n       WALLCLOCK TIME (SEC) =          901"
  ],
  "matched_rows": [
    {
      "abs_u2_error": 9.499490256914545e-11,
      "description": "Increment    200: Step Time =   0.2000",
      "frame": 20,
      "max_sdv14": 0.035607967525720596,
      "max_sdv15": 0.03597792237997055,
      "max_sdv16": 0.0207978542894125,
      "rp_rf2": 0.2668120265007019,
      "rp_u2": 0.0020000000949949026,
      "step": "Step-1",
      "step_time": 0.20000000298023224,
      "target_abs_u2": 0.002
    },
    {
      "abs_u2_error": 1.1175870905794083e-10,
      "description": "Increment    500: Step Time =   0.5000",
      "frame": 50,
      "max_sdv14": 0.2740519940853119,
      "max_sdv15": 0.2755390405654907,
      "max_sdv16": 0.21282818913459778,
      "rp_rf2": 0.626645028591156,
      "rp_u2": 0.004999999888241291,
      "step": "Step-1",
      "step_time": 0.5,
      "target_abs_u2": 0.005
    },
    {
      "abs_u2_error": 5.2154064053566707e-11,
      "description": "Increment   1000: Step Time =   0.1000",
      "frame": 10,
      "max_sdv14": 0.5362173914909363,
      "max_sdv15": 0.5367833375930786,
      "max_sdv16": 0.6453215479850769,
      "rp_rf2": 0.7214058637619019,
      "rp_u2": 0.006000000052154064,
      "step": "Step-2",
      "step_time": 0.10000000149011612,
      "target_abs_u2": 0.006
    },
    {
      "abs_u2_error": 2.1606683716507424e-10,
      "description": "Increment   2000: Step Time =   0.2000",
      "frame": 20,
      "max_sdv14": 1.0104920864105225,
      "max_sdv15": 1.0104930400848389,
      "max_sdv16": 337.7801818847656,
      "rp_rf2": 0.0013952305307611823,
      "rp_u2": 0.007000000216066837,
      "step": "Step-2",
      "step_time": 0.20000000298023224,
      "target_abs_u2": 0.007
    }
  ],
  "node_count": 3998,
  "odb_readable": true,
  "status": {
    "analysis_completed_successfully": true,
    "errors_seen": false,
    "sta_line_count": 2507,
    "warning_lines_seen": false
  },
  "warnings": [
    "***WARNING: 1 elements are distorted. Either the isoparametric angles are out of the suggested limits or the triangular or tetrahedral quality",
    "***WARNING: AN OUTPUT REQUEST AT EXACT TIME POINTS IS NOT SUPPORTED IN AN ANALYSIS WITH DIRECT INCREMNTATION. IT WILL BE CHANGED TO AN",
    "***WARNING: THE *ELEMENT OUTPUT OPTION IS NOT SUPPORTED FOR USER ELEMENTS",
    "***WARNING: THE *ELEMENT OUTPUT OPTION IS NOT SUPPORTED FOR USER ELEMENTS *Step, name=Step-2, nlgeom=NO, inc=2000",
    "***WARNING: AN OUTPUT REQUEST AT EXACT TIME POINTS IS NOT SUPPORTED IN AN ANALYSIS WITH DIRECT INCREMNTATION. IT WILL BE CHANGED TO AN",
    "***WARNING: THE *ELEMENT OUTPUT OPTION IS NOT SUPPORTED FOR USER ELEMENTS",
    "***WARNING: THE *ELEMENT OUTPUT OPTION IS NOT SUPPORTED FOR USER ELEMENTS *Step, name=Step-1, nlgeom=NO, inc=500"
  ]
}
