{
  "actual_U2": 0.003000000026077032,
  "available_sdvs": [
    "SDV1",
    "SDV10",
    "SDV11",
    "SDV12",
    "SDV13",
    "SDV14",
    "SDV15",
    "SDV16",
    "SDV2",
    "SDV3",
    "SDV4",
    "SDV5",
    "SDV6",
    "SDV7",
    "SDV8",
    "SDV9"
  ],
  "checkpoint_RF2": 0.39450356364250183,
  "checkpoint_RF2_over_H0_peak_RF2": 0.5421925638518931,
  "classification": "stage_d3a_checkpoint_extracted",
  "distance_to_target": 2.6077032026783353e-11,
  "frame_id": 300,
  "frame_index": 30,
  "increment_number": 300,
  "ip_count_d_ge_0p1": 0,
  "ip_count_d_ge_0p5": 0,
  "max_H": 0.0512588769197464,
  "max_d": 0.08412302285432816,
  "nodal_d_rows": 4000,
  "odb": "/scratch/pr21vyci/adaptive-remeshing/runs/molnar_lc015_h0_exact_1376154.mmaster02/molnar_lc015_h0_exact.odb",
  "physical_element_count": 3930,
  "pre_peak": true,
  "source_job_id": "1376154.mmaster02",
  "source_peak_RF2": 0.7276078462600708,
  "source_peak_U2": 0.006099999882280827,
  "state_rows": 15720,
  "step": "Step-1",
  "step_time": 0.30000001192092896,
  "target_U2": 0.003,
  "total_time": 0.30000001192092896
}
