{
  "Gc": 0.0027,
  "absolute_energy_residual": 7.5495961025828e-06,
  "absolute_loading_work": 0.0005994580560459379,
  "bulk_energy_from_SDV12": 0.0005918856529030076,
  "bulk_energy_from_stress_strain": 0.0005918856524092704,
  "bulk_sdv12_vs_stress_strain_relative_difference": 8.341766862422363e-10,
  "checkpoint_RF2": 0.39450356364250183,
  "checkpoint_RF2_over_H0_peak_RF2": 0.5421925638518931,
  "checkpoint_U2": 0.003000000026077032,
  "classification": "stage_d3a_energy_reconstructed",
  "external_work": 0.0005994580560459379,
  "external_work_path_nondecreasing": true,
  "fracture_energy_gradient_term": 4.289949080666141e-11,
  "fracture_energy_local_term": 2.276414085676686e-08,
  "integration_point_rows": 15720,
  "ip_count_d_ge_0p1": 0,
  "ip_count_d_ge_0p5": 0,
  "ip_coverage": 1.0,
  "jacobian_determinants_positive": false,
  "lc": 0.015,
  "max_H": 0.0512588769197464,
  "max_d": 0.08412302285432816,
  "nodal_phase_rows": 4000,
  "physical_elements": 3930,
  "relative_energy_residual": 0.012594035606728515,
  "source_job": "1376154.mmaster02",
  "thickness": 1.0,
  "total_fracture_energy": 2.280704034757352e-08,
  "total_reconstructed_internal_energy": 0.0005919084599433551,
  "undamaged_bulk_energy_from_SDV13": 0.0006074103869800185
}
