{
  "classification": "stage_d3a3_r3_runtime_state_validation_pass",
  "duplicates": 0,
  "failures": [],
  "maximum_H": 0.027317036782803523,
  "minimum_H": 1.0045788889553414e-08,
  "missing_records": 0,
  "records": 25600,
  "runtime_state_ok": true,
  "sha256": "ee244da4e87ff0edb1c6e931fe633921aae552785d2d03efb8d18eea555c7173"
}
