target_node_id,node_type,x,y,U1,U2,U3,source_element_id,residual,is_inside
1,PHYSICAL_MESH,-0.5000000000,-0.5000000000,0.000000000000e+00,0.000000000000e+00,0.000000000000e+00,1,0.000000000000e+00,True
2,PHYSICAL_MESH,-0.4759765625,-0.5000000000,0.000000000000e+00,0.000000000000e+00,0.000000000000e+00,1,0.000000000000e+00,True
3,PHYSICAL_MESH,-0.4519531250,-0.5000000000,0.000000000000e+00,0.000000000000e+00,0.000000000000e+00,1,0.000000000000e+00,True
4,PHYSICAL_MESH,-0.4279296875,-0.5000000000,0.000000000000e+00,0.000000000000e+00,0.000000000000e+00,1,0.000000000000e+00,True
5,PHYSICAL_MESH,-0.4039062500,-0.5000000000,0.000000000000e+00,0.000000000000e+00,0.000000000000e+00,1,0.000000000000e+00,True
6,PHYSICAL_MESH,-0.3798828125,-0.5000000000,0.000000000000e+00,0.000000000000e+00,0.000000000000e+00,1,0.000000000000e+00,True
7,PHYSICAL_MESH,-0.3558593750,-0.5000000000,0.000000000000e+00,0.000000000000e+00,0.000000000000e+00,1,0.000000000000e+00,True
8,PHYSICAL_MESH,-0.3318359375,-0.5000000000,0.000000000000e+00,0.000000000000e+00,0.000000000000e+00,1,0.000000000000e+00,True
9,PHYSICAL_MESH,-0.3078125000,-0.5000000000,0.000000000000e+00,0.000000000000e+00,0.000000000000e+00,1,0.000000000000e+00,True
10,PHYSICAL_MESH,-0.2837890625,-0.5000000000,0.000000000000e+00,0.000000000000e+00,0.000000000000e+00,1,0.000000000000e+00,True
11,PHYSICAL_MESH,-0.2597656250,-0.5000000000,0.000000000000e+00,0.000000000000e+00,0.000000000000e+00,1,0.000000000000e+00,True
12,PHYSICAL_MESH,-0.2357421875,-0.5000000000,0.000000000000e+00,0.000000000000e+00,0.000000000000e+00,1,0.000000000000e+00,True
13,PHYSICAL_MESH,-0.2117187500,-0.5000000000,0.000000000000e+00,0.000000000000e+00,0.000000000000e+00,1,0.000000000000e+00,True
14,PHYSICAL_MESH,-0.1876953125,-0.5000000000,0.000000000000e+00,0.000000000000e+00,0.000000000000e+00,1,0.000000000000e+00,True
15,PHYSICAL_MESH,-0.1636718750,-0.5000000000,0.000000000000e+00,0.000000000000e+00,0.000000000000e+00,1,0.000000000000e+00,True
16,PHYSICAL_MESH,-0.1396484375,-0.5000000000,0.000000000000e+00,0.000000000000e+00,0.000000000000e+00,1,0.000000000000e+00,True
17,PHYSICAL_MESH,-0.1156250000,-0.5000000000,0.000000000000e+00,0.000000000000e+00,0.000000000000e+00,1,0.000000000000e+00,True
18,PHYSICAL_MESH,-0.0906250000,-0.5000000000,0.000000000000e+00,0.000000000000e+00,0.000000000000e+00,1,0.000000000000e+00,True
19,PHYSICAL_MESH,-0.0737500000,-0.5000000000,0.000000000000e+00,0.000000000000e+00,0.000000000000e+00,1,0.000000000000e+00,True
20,PHYSICAL_MESH,-0.0625000000,-0.5000000000,0.000000000000e+00,0.000000000000e+00,0.000000000000e+00,1,0.000000000000e+00,True
21,PHYSICAL_MESH,-0.0550000000,-0.5000000000,0.000000000000e+00,0.000000000000e+00,0.000000000000e+00,1,0.000000000000e+00,True
22,PHYSICAL_MESH,-0.0500000000,-0.5000000000,0.000000000000e+00,0.000000000000e+00,0.000000000000e+00,1,0.000000000000e+00,True
23,PHYSICAL_MESH,-0.0450000000,-0.5000000000,0.000000000000e+00,0.000000000000e+00,0.000000000000e+00,1,0.000000000000e+00,True
24,PHYSICAL_MESH,-0.0400000000,-0.5000000000,0.000000000000e+00,0.000000000000e+00,0.000000000000e+00,1,0.000000000000e+00,True
25,PHYSICAL_MESH,-0.0350000000,-0.5000000000,0.000000000000e+00,0.000000000000e+00,0.000000000000e+00,1,0.000000000000e+00,True
26,PHYSICAL_MESH,-0.0300000000,-0.5000000000,0.000000000000e+00,0.000000000000e+00,0.000000000000e+00,1,0.000000000000e+00,True
27,PHYSICAL_MESH,-0.0250000000,-0.5000000000,0.000000000000e+00,0.000000000000e+00,0.000000000000e+00,1,0.000000000000e+00,True
28,PHYSICAL_MESH,-0.0200000000,-0.5000000000,0.000000000000e+00,0.000000000000e+00,0.000000000000e+00,1,0.000000000000e+00,True
29,PHYSICAL_MESH,-0.0150000000,-0.5000000000,0.000000000000e+00,0.000000000000e+00,0.000000000000e+00,1,0.000000000000e+00,True
30,PHYSICAL_MESH,-0.0100000000,-0.5000000000,0.000000000000e+00,0.000000000000e+00,0.000000000000e+00,1,0.000000000000e+00,True
31,PHYSICAL_MESH,-0.0050000000,-0.5000000000,0.000000000000e+00,0.000000000000e+00,0.000000000000e+00,1,0.000000000000e+00,True
32,PHYSICAL_MESH,0.0000000000,-0.5000000000,0.000000000000e+00,0.000000000000e+00,0.000000000000e+00,1,0.000000000000e+00,True
33,PHYSICAL_MESH,0.0050000000,-0.5000000000,0.000000000000e+00,0.000000000000e+00,0.000000000000e+00,1,0.000000000000e+00,True
34,PHYSICAL_MESH,0.0100000000,-0.5000000000,0.000000000000e+00,0.000000000000e+00,0.000000000000e+00,1,0.000000000000e+00,True
35,PHYSICAL_MESH,0.0150000000,-0.5000000000,0.000000000000e+00,0.000000000000e+00,0.000000000000e+00,1,0.000000000000e+00,True
36,PHYSICAL_MESH,0.0200000000,-0.5000000000,0.000000000000e+00,0.000000000000e+00,0.000000000000e+00,1,0.000000000000e+00,True
37,PHYSICAL_MESH,0.0250000000,-0.5000000000,0.000000000000e+00,0.000000000000e+00,0.000000000000e+00,1,0.000000000000e+00,True
38,PHYSICAL_MESH,0.0300000000,-0.5000000000,0.000000000000e+00,0.000000000000e+00,0.000000000000e+00,1,0.000000000000e+00,True
39,PHYSICAL_MESH,0.0350000000,-0.5000000000,0.000000000000e+00,0.000000000000e+00,0.000000000000e+00,1,0.000000000000e+00,True
40,PHYSICAL_MESH,0.0400000000,-0.5000000000,0.000000000000e+00,0.000000000000e+00,0.000000000000e+00,1,0.000000000000e+00,True
41,PHYSICAL_MESH,0.0450000000,-0.5000000000,0.000000000000e+00,0.000000000000e+00,0.000000000000e+00,1,0.000000000000e+00,True
42,PHYSICAL_MESH,0.0500000000,-0.5000000000,0.000000000000e+00,0.000000000000e+00,0.000000000000e+00,1,0.000000000000e+00,True
43,PHYSICAL_MESH,0.0550000000,-0.5000000000,0.000000000000e+00,0.000000000000e+00,0.000000000000e+00,1,0.000000000000e+00,True
44,PHYSICAL_MESH,0.0600000000,-0.5000000000,0.000000000000e+00,0.000000000000e+00,0.000000000000e+00,1,0.000000000000e+00,True
45,PHYSICAL_MESH,0.0650000000,-0.5000000000,0.000000000000e+00,0.000000000000e+00,0.000000000000e+00,1,0.000000000000e+00,True
46,PHYSICAL_MESH,0.0700000000,-0.5000000000,0.000000000000e+00,0.000000000000e+00,0.000000000000e+00,1,0.000000000000e+00,True
47,PHYSICAL_MESH,0.0750000000,-0.5000000000,0.000000000000e+00,0.000000000000e+00,0.000000000000e+00,1,0.000000000000e+00,True
48,PHYSICAL_MESH,0.0800000000,-0.5000000000,0.000000000000e+00,0.000000000000e+00,0.000000000000e+00,1,0.000000000000e+00,True
49,PHYSICAL_MESH,0.0850000000,-0.5000000000,0.000000000000e+00,0.000000000000e+00,0.000000000000e+00,1,0.000000000000e+00,True
50,PHYSICAL_MESH,0.0900000000,-0.5000000000,0.000000000000e+00,0.000000000000e+00,0.000000000000e+00,1,0.000000000000e+00,True
51,PHYSICAL_MESH,0.0950000000,-0.5000000000,0.000000000000e+00,0.000000000000e+00,0.000000000000e+00,1,0.000000000000e+00,True
52,PHYSICAL_MESH,0.1000000000,-0.5000000000,0.000000000000e+00,0.000000000000e+00,0.000000000000e+00,1,0.000000000000e+00,True
53,PHYSICAL_MESH,0.1050000000,-0.5000000000,0.000000000000e+00,0.000000000000e+00,0.000000000000e+00,1,0.000000000000e+00,True
54,PHYSICAL_MESH,0.1100000000,-0.5000000000,0.000000000000e+00,0.000000000000e+00,0.000000000000e+00,1,0.000000000000e+00,True
55,PHYSICAL_MESH,0.1150000000,-0.5000000000,0.000000000000e+00,0.000000000000e+00,0.000000000000e+00,1,0.000000000000e+00,True
56,PHYSICAL_MESH,0.1225000000,-0.5000000000,0.000000000000e+00,0.000000000000e+00,0.000000000000e+00,1,0.000000000000e+00,True
57,PHYSICAL_MESH,0.1337500000,-0.5000000000,0.000000000000e+00,0.000000000000e+00,0.000000000000e+00,1,0.000000000000e+00,True
58,PHYSICAL_MESH,0.1506250000,-0.5000000000,0.000000000000e+00,0.000000000000e+00,0.000000000000e+00,1,0.000000000000e+00,True
59,PHYSICAL_MESH,0.1756250000,-0.5000000000,0.000000000000e+00,0.000000000000e+00,0.000000000000e+00,1,0.000000000000e+00,True
60,PHYSICAL_MESH,0.2005769231,-0.5000000000,0.000000000000e+00,0.000000000000e+00,0.000000000000e+00,1,0.000000000000e+00,True
61,PHYSICAL_MESH,0.2255288462,-0.5000000000,-0.000000000000e+00,0.000000000000e+00,0.000000000000e+00,1,0.000000000000e+00,True
62,PHYSICAL_MESH,0.2504807693,-0.5000000000,-0.000000000000e+00,0.000000000000e+00,0.000000000000e+00,1,0.000000000000e+00,True
63,PHYSICAL_MESH,0.2754326924,-0.5000000000,-0.000000000000e+00,-0.000000000000e+00,0.000000000000e+00,1,0.000000000000e+00,True
64,PHYSICAL_MESH,0.3003846155,-0.5000000000,-0.000000000000e+00,-0.000000000000e+00,0.000000000000e+00,1,0.000000000000e+00,True
65,PHYSICAL_MESH,0.3253365386,-0.5000000000,-0.000000000000e+00,-0.000000000000e+00,0.000000000000e+00,1,0.000000000000e+00,True
66,PHYSICAL_MESH,0.3502884617,-0.5000000000,-0.000000000000e+00,-0.000000000000e+00,0.000000000000e+00,1,0.000000000000e+00,True
67,PHYSICAL_MESH,0.3752403848,-0.5000000000,-0.000000000000e+00,-0.000000000000e+00,0.000000000000e+00,1,0.000000000000e+00,True
68,PHYSICAL_MESH,0.4001923079,-0.5000000000,-0.000000000000e+00,-0.000000000000e+00,0.000000000000e+00,1,0.000000000000e+00,True
69,PHYSICAL_MESH,0.4251442310,-0.5000000000,-0.000000000000e+00,-0.000000000000e+00,0.000000000000e+00,1,0.000000000000e+00,True
70,PHYSICAL_MESH,0.4500961541,-0.5000000000,-0.000000000000e+00,-0.000000000000e+00,0.000000000000e+00,1,0.000000000000e+00,True
71,PHYSICAL_MESH,0.4750480772,-0.5000000000,0.000000000000e+00,-0.000000000000e+00,0.000000000000e+00,1,0.000000000000e+00,True
72,PHYSICAL_MESH,0.5000000000,-0.5000000000,0.000000000000e+00,-0.000000000000e+00,0.000000000000e+00,1,0.000000000000e+00,True
73,PHYSICAL_MESH,-0.5000000000,-0.4757960527,3.561328639989e-06,3.491496499919e-06,0.000000000000e+00,1,0.000000000000e+00,True
74,PHYSICAL_MESH,-0.4759765625,-0.4757960527,2.598293121991e-06,1.850970079431e-06,0.000000000000e+00,1,0.000000000000e+00,True
75,PHYSICAL_MESH,-0.4519531250,-0.4757960527,2.267488298457e-06,1.227954157912e-06,0.000000000000e+00,1,0.000000000000e+00,True
76,PHYSICAL_MESH,-0.4279296875,-0.4757960527,2.163853196180e-06,8.743185162530e-07,0.000000000000e+00,1,0.000000000000e+00,True
77,PHYSICAL_MESH,-0.4039062500,-0.4757960527,2.159060159102e-06,6.659194582426e-07,0.000000000000e+00,1,0.000000000000e+00,True
78,PHYSICAL_MESH,-0.3798828125,-0.4757960527,2.203716803706e-06,5.323423692971e-07,0.000000000000e+00,1,0.000000000000e+00,True
79,PHYSICAL_MESH,-0.3558593750,-0.4757960527,2.276926807099e-06,4.443686520972e-07,0.000000000000e+00,1,0.000000000000e+00,True
80,PHYSICAL_MESH,-0.3318359375,-0.4757960527,2.369696858295e-06,3.871347757922e-07,0.000000000000e+00,1,0.000000000000e+00,True
81,PHYSICAL_MESH,-0.3078125000,-0.4757960527,2.477901034581e-06,3.530081471581e-07,0.000000000000e+00,1,0.000000000000e+00,True
82,PHYSICAL_MESH,-0.2837890625,-0.4757960527,2.599448407636e-06,3.380397401997e-07,0.000000000000e+00,1,0.000000000000e+00,True
83,PHYSICAL_MESH,-0.2597656250,-0.4757960527,2.732935172389e-06,3.403621633424e-07,0.000000000000e+00,1,0.000000000000e+00,True
84,PHYSICAL_MESH,-0.2357421875,-0.4757960527,2.876942971852e-06,3.593161466142e-07,0.000000000000e+00,1,0.000000000000e+00,True
85,PHYSICAL_MESH,-0.2117187500,-0.4757960527,3.029612116734e-06,3.949240579004e-07,0.000000000000e+00,1,0.000000000000e+00,True
86,PHYSICAL_MESH,-0.1876953125,-0.4757960527,3.188351001882e-06,4.475228365663e-07,0.000000000000e+00,1,0.000000000000e+00,True
87,PHYSICAL_MESH,-0.1636718750,-0.4757960527,3.349616235937e-06,5.174730404178e-07,0.000000000000e+00,1,0.000000000000e+00,True
88,PHYSICAL_MESH,-0.1396484375,-0.4757960527,3.508749159664e-06,6.049162948329e-07,0.000000000000e+00,1,0.000000000000e+00,True
89,PHYSICAL_MESH,-0.1156250000,-0.4757960527,3.659846925075e-06,7.095305250004e-07,0.000000000000e+00,1,0.000000000000e+00,True
90,PHYSICAL_MESH,-0.0906250000,-0.4757960527,3.800414560828e-06,8.365136068278e-07,0.000000000000e+00,1,0.000000000000e+00,True
91,PHYSICAL_MESH,-0.0737500000,-0.4757960527,3.881305929099e-06,9.306880883742e-07,0.000000000000e+00,1,0.000000000000e+00,True
92,PHYSICAL_MESH,-0.0625000000,-0.4757960527,3.927005764126e-06,9.966905736292e-07,0.000000000000e+00,1,0.000000000000e+00,True
93,PHYSICAL_MESH,-0.0550000000,-0.4757960527,3.953201030527e-06,1.041924861056e-06,0.000000000000e+00,1,0.000000000000e+00,True
94,PHYSICAL_MESH,-0.0500000000,-0.4757960527,3.968577857449e-06,1.072561076398e-06,0.000000000000e+00,1,0.000000000000e+00,True
95,PHYSICAL_MESH,-0.0450000000,-0.4757960527,3.982165253547e-06,1.103594740925e-06,0.000000000000e+00,1,0.000000000000e+00,True
96,PHYSICAL_MESH,-0.0400000000,-0.4757960527,3.993861810159e-06,1.134974240813e-06,0.000000000000e+00,1,0.000000000000e+00,True
97,PHYSICAL_MESH,-0.0350000000,-0.4757960527,4.003564754385e-06,1.166650804407e-06,0.000000000000e+00,1,0.000000000000e+00,True
98,PHYSICAL_MESH,-0.0300000000,-0.4757960527,4.011170858575e-06,1.198576001116e-06,0.000000000000e+00,1,0.000000000000e+00,True
99,PHYSICAL_MESH,-0.0250000000,-0.4757960527,4.016575530841e-06,1.230700263477e-06,0.000000000000e+00,1,0.000000000000e+00,True
100,PHYSICAL_MESH,-0.0200000000,-0.4757960527,4.019673269795e-06,1.262972659788e-06,0.000000000000e+00,1,0.000000000000e+00,True
101,PHYSICAL_MESH,-0.0150000000,-0.4757960527,4.020356755063e-06,1.295340211982e-06,0.000000000000e+00,1,0.000000000000e+00,True
102,PHYSICAL_MESH,-0.0100000000,-0.4757960527,4.018519575766e-06,1.327747895630e-06,0.000000000000e+00,1,0.000000000000e+00,True
103,PHYSICAL_MESH,-0.0050000000,-0.4757960527,4.014053502033e-06,1.360138412565e-06,0.000000000000e+00,1,0.000000000000e+00,True
104,PHYSICAL_MESH,0.0000000000,-0.4757960527,4.006849849247e-06,1.392452531945e-06,0.000000000000e+00,1,0.000000000000e+00,True
105,PHYSICAL_MESH,0.0050000000,-0.4757960527,3.996799478045e-06,1.424628180757e-06,0.000000000000e+00,1,0.000000000000e+00,True
106,PHYSICAL_MESH,0.0100000000,-0.4757960527,3.983793703810e-06,1.456601353311e-06,0.000000000000e+00,1,0.000000000000e+00,True
107,PHYSICAL_MESH,0.0150000000,-0.4757960527,3.967722932430e-06,1.488305315434e-06,0.000000000000e+00,1,0.000000000000e+00,True
108,PHYSICAL_MESH,0.0200000000,-0.4757960527,3.948478934035e-06,1.519670831840e-06,0.000000000000e+00,1,0.000000000000e+00,True
109,PHYSICAL_MESH,0.0250000000,-0.4757960527,3.925952114514e-06,1.550626052449e-06,0.000000000000e+00,1,0.000000000000e+00,True
110,PHYSICAL_MESH,0.0300000000,-0.4757960527,3.900035608240e-06,1.581096853442e-06,0.000000000000e+00,1,0.000000000000e+00,True
111,PHYSICAL_MESH,0.0350000000,-0.4757960527,3.870621640090e-06,1.611006155144e-06,0.000000000000e+00,1,0.000000000000e+00,True
112,PHYSICAL_MESH,0.0400000000,-0.4757960527,3.837605163426e-06,1.640274035708e-06,0.000000000000e+00,1,0.000000000000e+00,True
113,PHYSICAL_MESH,0.0450000000,-0.4757960527,3.800880676863e-06,1.668818185863e-06,0.000000000000e+00,1,0.000000000000e+00,True
114,PHYSICAL_MESH,0.0500000000,-0.4757960527,3.760345862247e-06,1.696553340480e-06,0.000000000000e+00,1,0.000000000000e+00,True
115,PHYSICAL_MESH,0.0550000000,-0.4757960527,3.715899765666e-06,1.723390937514e-06,0.000000000000e+00,1,0.000000000000e+00,True
116,PHYSICAL_MESH,0.0600000000,-0.4757960527,3.667444161692e-06,1.749240141180e-06,0.000000000000e+00,1,0.000000000000e+00,True
117,PHYSICAL_MESH,0.0650000000,-0.4757960527,3.614882643888e-06,1.774006477717e-06,0.000000000000e+00,1,0.000000000000e+00,True
118,PHYSICAL_MESH,0.0700000000,-0.4757960527,3.558122898539e-06,1.797592631192e-06,0.000000000000e+00,1,0.000000000000e+00,True
119,PHYSICAL_MESH,0.0750000000,-0.4757960527,3.497075113046e-06,1.819898102440e-06,0.000000000000e+00,1,0.000000000000e+00,True
120,PHYSICAL_MESH,0.0800000000,-0.4757960527,3.431654249653e-06,1.840818981691e-06,0.000000000000e+00,1,0.000000000000e+00,True
121,PHYSICAL_MESH,0.0850000000,-0.4757960527,3.361778681210e-06,1.860248175944e-06,0.000000000000e+00,1,0.000000000000e+00,True
122,PHYSICAL_MESH,0.0900000000,-0.4757960527,3.287372464911e-06,1.878075067907e-06,0.000000000000e+00,1,0.000000000000e+00,True
123,PHYSICAL_MESH,0.0950000000,-0.4757960527,3.208365114915e-06,1.894185515994e-06,0.000000000000e+00,1,0.000000000000e+00,True
124,PHYSICAL_MESH,0.1000000000,-0.4757960527,3.124692739220e-06,1.908461854327e-06,0.000000000000e+00,1,0.000000000000e+00,True
125,PHYSICAL_MESH,0.1050000000,-0.4757960527,3.036298267034e-06,1.920782779052e-06,0.000000000000e+00,1,0.000000000000e+00,True
126,PHYSICAL_MESH,0.1100000000,-0.4757960527,2.943134404632e-06,1.931021870405e-06,0.000000000000e+00,1,0.000000000000e+00,True
127,PHYSICAL_MESH,0.1150000000,-0.4757960527,2.845161134246e-06,1.939029971254e-06,0.000000000000e+00,1,0.000000000000e+00,True
128,PHYSICAL_MESH,0.1225000000,-0.4757960527,2.689156872293e-06,1.946868223968e-06,0.000000000000e+00,1,0.000000000000e+00,True
129,PHYSICAL_MESH,0.1337500000,-0.4757960527,2.434620000713e-06,1.948382532646e-06,0.000000000000e+00,1,0.000000000000e+00,True
130,PHYSICAL_MESH,0.1506250000,-0.4757960527,2.006336444538e-06,1.924728167069e-06,0.000000000000e+00,1,0.000000000000e+00,True
131,PHYSICAL_MESH,0.1756250000,-0.4757960527,1.270432449019e-06,1.823918523769e-06,0.000000000000e+00,1,0.000000000000e+00,True
132,PHYSICAL_MESH,0.2005769231,-0.4757960527,4.210093891288e-07,1.614127540961e-06,0.000000000000e+00,1,0.000000000000e+00,True
133,PHYSICAL_MESH,0.2255288462,-0.4757960527,-5.171994530428e-07,1.272631607208e-06,0.000000000000e+00,1,0.000000000000e+00,True
134,PHYSICAL_MESH,0.2504807693,-0.4757960527,-1.501892143096e-06,7.754617286082e-07,0.000000000000e+00,1,0.000000000000e+00,True
135,PHYSICAL_MESH,0.2754326924,-0.4757960527,-2.472429514455e-06,1.039927894908e-07,0.000000000000e+00,1,0.000000000000e+00,True
136,PHYSICAL_MESH,0.3003846155,-0.4757960527,-3.349382723172e-06,-7.518151505792e-07,0.000000000000e+00,1,0.000000000000e+00,True
137,PHYSICAL_MESH,0.3253365386,-0.4757960527,-4.036047357658e-06,-1.791268800844e-06,0.000000000000e+00,1,0.000000000000e+00,True
138,PHYSICAL_MESH,0.3502884617,-0.4757960527,-4.422007350513e-06,-3.000828883160e-06,0.000000000000e+00,1,0.000000000000e+00,True
139,PHYSICAL_MESH,0.3752403848,-0.4757960527,-4.388577508507e-06,-4.355055807537e-06,0.000000000000e+00,1,0.000000000000e+00,True
140,PHYSICAL_MESH,0.4001923079,-0.4757960527,-3.812388968072e-06,-5.826910182805e-06,0.000000000000e+00,1,0.000000000000e+00,True
141,PHYSICAL_MESH,0.4251442310,-0.4757960527,-2.553670356065e-06,-7.415334039251e-06,0.000000000000e+00,1,0.000000000000e+00,True
142,PHYSICAL_MESH,0.4500961541,-0.4757960527,-3.945353910240e-07,-9.251950359612e-06,0.000000000000e+00,1,0.000000000000e+00,True
143,PHYSICAL_MESH,0.4750480772,-0.4757960527,3.129864126095e-06,-1.160816373158e-05,0.000000000000e+00,1,0.000000000000e+00,True
144,PHYSICAL_MESH,0.5000000000,-0.4757960527,9.063244760910e-06,-1.511800201115e-05,0.000000000000e+00,1,0.000000000000e+00,True
145,PHYSICAL_MESH,-0.5000000000,-0.4515921054,5.950391823717e-06,5.507125933946e-06,0.000000000000e+00,1,0.000000000000e+00,True
146,PHYSICAL_MESH,-0.4759765625,-0.4515921054,5.343071279640e-06,3.590276946852e-06,0.000000000000e+00,1,0.000000000000e+00,True
147,PHYSICAL_MESH,-0.4519531250,-0.4515921054,4.872728823102e-06,2.419722932245e-06,0.000000000000e+00,1,0.000000000000e+00,True
148,PHYSICAL_MESH,-0.4279296875,-0.4515921054,4.641049599741e-06,1.736141825859e-06,0.000000000000e+00,1,0.000000000000e+00,True
149,PHYSICAL_MESH,-0.4039062500,-0.4515921054,4.564486971503e-06,1.306023932557e-06,0.000000000000e+00,1,0.000000000000e+00,True
150,PHYSICAL_MESH,-0.3798828125,-0.4515921054,4.587398052536e-06,1.025499841489e-06,0.000000000000e+00,1,0.000000000000e+00,True
151,PHYSICAL_MESH,-0.3558593750,-0.4515921054,4.676189746533e-06,8.374353797080e-07,0.000000000000e+00,1,0.000000000000e+00,True
152,PHYSICAL_MESH,-0.3318359375,-0.4515921054,4.812228326045e-06,7.122886813704e-07,0.000000000000e+00,1,0.000000000000e+00,True
153,PHYSICAL_MESH,-0.3078125000,-0.4515921054,4.985148279957e-06,6.342278879856e-07,0.000000000000e+00,1,0.000000000000e+00,True
154,PHYSICAL_MESH,-0.2837890625,-0.4515921054,5.188827799429e-06,5.950652735009e-07,0.000000000000e+00,1,0.000000000000e+00,True
155,PHYSICAL_MESH,-0.2597656250,-0.4515921054,5.419072749646e-06,5.910261506870e-07,0.000000000000e+00,1,0.000000000000e+00,True
156,PHYSICAL_MESH,-0.2357421875,-0.4515921054,5.672227416653e-06,6.209853609107e-07,0.000000000000e+00,1,0.000000000000e+00,True
157,PHYSICAL_MESH,-0.2117187500,-0.4515921054,5.944271833869e-06,6.853849754407e-07,0.000000000000e+00,1,0.000000000000e+00,True
158,PHYSICAL_MESH,-0.1876953125,-0.4515921054,6.230178314581e-06,7.854834507270e-07,0.000000000000e+00,1,0.000000000000e+00,True
159,PHYSICAL_MESH,-0.1636718750,-0.4515921054,6.523420779558e-06,9.227605914930e-07,0.000000000000e+00,1,0.000000000000e+00,True
160,PHYSICAL_MESH,-0.1396484375,-0.4515921054,6.815581855335e-06,1.098395728150e-06,0.000000000000e+00,1,0.000000000000e+00,True
161,PHYSICAL_MESH,-0.1156250000,-0.4515921054,7.096029094100e-06,1.312889025940e-06,0.000000000000e+00,1,0.000000000000e+00,True
162,PHYSICAL_MESH,-0.0906250000,-0.4515921054,7.361487860180e-06,1.577128955432e-06,0.000000000000e+00,1,0.000000000000e+00,True
163,PHYSICAL_MESH,-0.0737500000,-0.4515921054,7.517513950006e-06,1.776969952516e-06,0.000000000000e+00,1,0.000000000000e+00,True
164,PHYSICAL_MESH,-0.0625000000,-0.4515921054,7.607585757796e-06,1.918748694152e-06,0.000000000000e+00,1,0.000000000000e+00,True
165,PHYSICAL_MESH,-0.0550000000,-0.4515921054,7.660311894142e-06,2.016721509790e-06,0.000000000000e+00,1,0.000000000000e+00,True
166,PHYSICAL_MESH,-0.0500000000,-0.4515921054,7.691862265347e-06,2.083456593027e-06,0.000000000000e+00,1,0.000000000000e+00,True
167,PHYSICAL_MESH,-0.0450000000,-0.4515921054,7.720318535576e-06,2.151282615159e-06,0.000000000000e+00,1,0.000000000000e+00,True
168,PHYSICAL_MESH,-0.0400000000,-0.4515921054,7.745505172352e-06,2.220126361863e-06,0.000000000000e+00,1,0.000000000000e+00,True
169,PHYSICAL_MESH,-0.0350000000,-0.4515921054,7.767242095724e-06,2.289906660735e-06,0.000000000000e+00,1,0.000000000000e+00,True
170,PHYSICAL_MESH,-0.0300000000,-0.4515921054,7.785347406752e-06,2.360536882406e-06,0.000000000000e+00,1,0.000000000000e+00,True
171,PHYSICAL_MESH,-0.0250000000,-0.4515921054,7.799635568517e-06,2.431925622659e-06,0.000000000000e+00,1,0.000000000000e+00,True
172,PHYSICAL_MESH,-0.0200000000,-0.4515921054,7.809918315616e-06,2.503975792933e-06,0.000000000000e+00,1,0.000000000000e+00,True
173,PHYSICAL_MESH,-0.0150000000,-0.4515921054,7.816006473149e-06,2.576585529823e-06,0.000000000000e+00,1,0.000000000000e+00,True
174,PHYSICAL_MESH,-0.0100000000,-0.4515921054,7.817709047231e-06,2.649647967701e-06,0.000000000000e+00,1,0.000000000000e+00,True
175,PHYSICAL_MESH,-0.0050000000,-0.4515921054,7.814835043973e-06,2.723050556597e-06,0.000000000000e+00,1,0.000000000000e+00,True
176,PHYSICAL_MESH,0.0000000000,-0.4515921054,7.807191650500e-06,2.796675516947e-06,0.000000000000e+00,1,0.000000000000e+00,True
177,PHYSICAL_MESH,0.0050000000,-0.4515921054,7.794585144438e-06,2.870399839594e-06,0.000000000000e+00,1,0.000000000000e+00,True
178,PHYSICAL_MESH,0.0100000000,-0.4515921054,7.776823622407e-06,2.944094603663e-06,0.000000000000e+00,1,0.000000000000e+00,True
179,PHYSICAL_MESH,0.0150000000,-0.4515921054,7.753714271530e-06,3.017625431312e-06,0.000000000000e+00,1,0.000000000000e+00,True
180,PHYSICAL_MESH,0.0200000000,-0.4515921054,7.725066097919e-06,3.090851578236e-06,0.000000000000e+00,1,0.000000000000e+00,True
181,PHYSICAL_MESH,0.0250000000,-0.4515921054,7.690687198192e-06,3.163627070535e-06,0.000000000000e+00,1,0.000000000000e+00,True
182,PHYSICAL_MESH,0.0300000000,-0.4515921054,7.650390216440e-06,3.235799795220e-06,0.000000000000e+00,1,0.000000000000e+00,True
183,PHYSICAL_MESH,0.0350000000,-0.4515921054,7.603985977767e-06,3.307211500214e-06,0.000000000000e+00,1,0.000000000000e+00,True
184,PHYSICAL_MESH,0.0400000000,-0.4515921054,7.551291218988e-06,3.377697339602e-06,0.000000000000e+00,1,0.000000000000e+00,True
185,PHYSICAL_MESH,0.0450000000,-0.4515921054,7.492123586417e-06,3.447087010500e-06,0.000000000000e+00,1,0.000000000000e+00,True
186,PHYSICAL_MESH,0.0500000000,-0.4515921054,7.426304364344e-06,3.515202706694e-06,0.000000000000e+00,1,0.000000000000e+00,True
187,PHYSICAL_MESH,0.0550000000,-0.4515921054,7.353658929787e-06,3.581861392377e-06,0.000000000000e+00,1,0.000000000000e+00,True
188,PHYSICAL_MESH,0.0600000000,-0.4515921054,7.274015842995e-06,3.646872073659e-06,0.000000000000e+00,1,0.000000000000e+00,True
189,PHYSICAL_MESH,0.0650000000,-0.4515921054,7.187209575932e-06,3.710038299687e-06,0.000000000000e+00,1,0.000000000000e+00,True
190,PHYSICAL_MESH,0.0700000000,-0.4515921054,7.093079148035e-06,3.771155888899e-06,0.000000000000e+00,1,0.000000000000e+00,True
191,PHYSICAL_MESH,0.0750000000,-0.4515921054,6.991469035711e-06,3.830014065898e-06,0.000000000000e+00,1,0.000000000000e+00,True
192,PHYSICAL_MESH,0.0800000000,-0.4515921054,6.882230536576e-06,3.886395006703e-06,0.000000000000e+00,1,0.000000000000e+00,True
193,PHYSICAL_MESH,0.0850000000,-0.4515921054,6.765220405214e-06,3.940073838749e-06,0.000000000000e+00,1,0.000000000000e+00,True
194,PHYSICAL_MESH,0.0900000000,-0.4515921054,6.640303581662e-06,3.990819095634e-06,0.000000000000e+00,1,0.000000000000e+00,True
195,PHYSICAL_MESH,0.0950000000,-0.4515921054,6.507351372420e-06,4.038390670758e-06,0.000000000000e+00,1,0.000000000000e+00,True
196,PHYSICAL_MESH,0.1000000000,-0.4515921054,6.366242814693e-06,4.082542545802e-06,0.000000000000e+00,1,0.000000000000e+00,True
197,PHYSICAL_MESH,0.1050000000,-0.4515921054,6.216865131137e-06,4.123019152757e-06,0.000000000000e+00,1,0.000000000000e+00,True
198,PHYSICAL_MESH,0.1100000000,-0.4515921054,6.059111001377e-06,4.159554919170e-06,0.000000000000e+00,1,0.000000000000e+00,True
199,PHYSICAL_MESH,0.1150000000,-0.4515921054,5.892881290492e-06,4.191875632387e-06,0.000000000000e+00,1,0.000000000000e+00,True
200,PHYSICAL_MESH,0.1225000000,-0.4515921054,5.627492100757e-06,4.232049377606e-06,0.000000000000e+00,1,0.000000000000e+00,True
201,PHYSICAL_MESH,0.1337500000,-0.4515921054,5.192915978114e-06,4.271968919056e-06,0.000000000000e+00,1,0.000000000000e+00,True
202,PHYSICAL_MESH,0.1506250000,-0.4515921054,4.458151124709e-06,4.280233497411e-06,0.000000000000e+00,1,0.000000000000e+00,True
203,PHYSICAL_MESH,0.1756250000,-0.4515921054,3.189251629010e-06,4.155292117503e-06,0.000000000000e+00,1,0.000000000000e+00,True
204,PHYSICAL_MESH,0.2005769231,-0.4515921054,1.719889382912e-06,3.806941549556e-06,0.000000000000e+00,1,0.000000000000e+00,True
205,PHYSICAL_MESH,0.2255288462,-0.4515921054,8.656979844091e-08,3.174351832058e-06,0.000000000000e+00,1,0.000000000000e+00,True
206,PHYSICAL_MESH,0.2504807693,-0.4515921054,-1.644411668167e-06,2.197817821070e-06,0.000000000000e+00,1,0.000000000000e+00,True
207,PHYSICAL_MESH,0.2754326924,-0.4515921054,-3.375904725544e-06,8.250611358562e-07,0.000000000000e+00,1,0.000000000000e+00,True
208,PHYSICAL_MESH,0.3003846155,-0.4515921054,-4.976327545592e-06,-9.822608717514e-07,0.000000000000e+00,1,0.000000000000e+00,True
209,PHYSICAL_MESH,0.3253365386,-0.4515921054,-6.278959972406e-06,-3.243095079597e-06,0.000000000000e+00,1,0.000000000000e+00,True
210,PHYSICAL_MESH,0.3502884617,-0.4515921054,-7.084331173246e-06,-5.950626018603e-06,0.000000000000e+00,1,0.000000000000e+00,True
211,PHYSICAL_MESH,0.3752403848,-0.4515921054,-7.166374416556e-06,-9.071425665752e-06,0.000000000000e+00,1,0.000000000000e+00,True
212,PHYSICAL_MESH,0.4001923079,-0.4515921054,-6.279114131758e-06,-1.256061023014e-05,0.000000000000e+00,1,0.000000000000e+00,True
213,PHYSICAL_MESH,0.4251442310,-0.4515921054,-4.154988346272e-06,-1.641476228542e-05,0.000000000000e+00,1,0.000000000000e+00,True
214,PHYSICAL_MESH,0.4500961541,-0.4515921054,-5.122565198690e-07,-2.074989424727e-05,0.000000000000e+00,1,0.000000000000e+00,True
215,PHYSICAL_MESH,0.4750480772,-0.4515921054,4.802295734407e-06,-2.561692963354e-05,0.000000000000e+00,1,0.000000000000e+00,True
216,PHYSICAL_MESH,0.5000000000,-0.4515921054,1.087621512852e-05,-2.902366941271e-05,0.000000000000e+00,1,0.000000000000e+00,True
217,PHYSICAL_MESH,-0.5000000000,-0.4273881581,8.271704245999e-06,6.796550223953e-06,0.000000000000e+00,1,0.000000000000e+00,True
218,PHYSICAL_MESH,-0.4759765625,-0.4273881581,7.823058695067e-06,4.858248303208e-06,0.000000000000e+00,1,0.000000000000e+00,True
219,PHYSICAL_MESH,-0.4519531250,-0.4273881581,7.439795808750e-06,3.483029786366e-06,0.000000000000e+00,1,0.000000000000e+00,True
220,PHYSICAL_MESH,-0.4279296875,-0.4273881581,7.179458862083e-06,2.549935970819e-06,0.000000000000e+00,1,0.000000000000e+00,True
221,PHYSICAL_MESH,-0.4039062500,-0.4273881581,7.057615221129e-06,1.923397803694e-06,0.000000000000e+00,1,0.000000000000e+00,True
222,PHYSICAL_MESH,-0.3798828125,-0.4273881581,7.049371106405e-06,1.494971002103e-06,0.000000000000e+00,1,0.000000000000e+00,True
223,PHYSICAL_MESH,-0.3558593750,-0.4273881581,7.129905043257e-06,1.198946279146e-06,0.000000000000e+00,1,0.000000000000e+00,True
224,PHYSICAL_MESH,-0.3318359375,-0.4273881581,7.280392310349e-06,9.960225497707e-07,0.000000000000e+00,1,0.000000000000e+00,True
225,PHYSICAL_MESH,-0.3078125000,-0.4273881581,7.488065875805e-06,8.639410680189e-07,0.000000000000e+00,1,0.000000000000e+00,True
226,PHYSICAL_MESH,-0.2837890625,-0.4273881581,7.744276445010e-06,7.907657959549e-07,0.000000000000e+00,1,0.000000000000e+00,True
227,PHYSICAL_MESH,-0.2597656250,-0.4273881581,8.042672561714e-06,7.710106615377e-07,0.000000000000e+00,1,0.000000000000e+00,True
228,PHYSICAL_MESH,-0.2357421875,-0.4273881581,8.377780432056e-06,8.032750997700e-07,0.000000000000e+00,1,0.000000000000e+00,True
229,PHYSICAL_MESH,-0.2117187500,-0.4273881581,8.743907528697e-06,8.887269018487e-07,0.000000000000e+00,1,0.000000000000e+00,True
230,PHYSICAL_MESH,-0.1876953125,-0.4273881581,9.134267202171e-06,1.030012526826e-06,0.000000000000e+00,1,0.000000000000e+00,True
231,PHYSICAL_MESH,-0.1636718750,-0.4273881581,9.540249266138e-06,1.230366137861e-06,0.000000000000e+00,1,0.000000000000e+00,True
232,PHYSICAL_MESH,-0.1396484375,-0.4273881581,9.950810635928e-06,1.492808905823e-06,0.000000000000e+00,1,0.000000000000e+00,True
233,PHYSICAL_MESH,-0.1156250000,-0.4273881581,1.035202785715e-05,1.819384578994e-06,0.000000000000e+00,1,0.000000000000e+00,True
234,PHYSICAL_MESH,-0.0906250000,-0.4273881581,1.074121155398e-05,2.227852291981e-06,0.000000000000e+00,1,0.000000000000e+00,True
235,PHYSICAL_MESH,-0.0737500000,-0.4273881581,1.097691711038e-05,2.541739149819e-06,0.000000000000e+00,1,0.000000000000e+00,True
236,PHYSICAL_MESH,-0.0625000000,-0.4273881581,1.111714846047e-05,2.766691750367e-06,0.000000000000e+00,1,0.000000000000e+00,True
237,PHYSICAL_MESH,-0.0550000000,-0.4273881581,1.120159595303e-05,2.923148258560e-06,0.000000000000e+00,1,0.000000000000e+00,True
238,PHYSICAL_MESH,-0.0500000000,-0.4273881581,1.125340804720e-05,3.030166908502e-06,0.000000000000e+00,1,0.000000000000e+00,True
239,PHYSICAL_MESH,-0.0450000000,-0.4273881581,1.130134114646e-05,3.139258978990e-06,0.000000000000e+00,1,0.000000000000e+00,True
240,PHYSICAL_MESH,-0.0400000000,-0.4273881581,1.134515605372e-05,3.250323516113e-06,0.000000000000e+00,1,0.000000000000e+00,True
241,PHYSICAL_MESH,-0.0350000000,-0.4273881581,1.138460993388e-05,3.363248879396e-06,0.000000000000e+00,1,0.000000000000e+00,True
242,PHYSICAL_MESH,-0.0300000000,-0.4273881581,1.141945813288e-05,3.477913423922e-06,0.000000000000e+00,1,0.000000000000e+00,True
243,PHYSICAL_MESH,-0.0250000000,-0.4273881581,1.144944781117e-05,3.594186409828e-06,0.000000000000e+00,1,0.000000000000e+00,True
244,PHYSICAL_MESH,-0.0200000000,-0.4273881581,1.147432794824e-05,3.711927320182e-06,0.000000000000e+00,1,0.000000000000e+00,True
245,PHYSICAL_MESH,-0.0150000000,-0.4273881581,1.149384388555e-05,3.830986770481e-06,0.000000000000e+00,1,0.000000000000e+00,True
246,PHYSICAL_MESH,-0.0100000000,-0.4273881581,1.150773823611e-05,3.951205144404e-06,0.000000000000e+00,1,0.000000000000e+00,True
247,PHYSICAL_MESH,-0.0050000000,-0.4273881581,1.151575270342e-05,4.072415322298e-06,0.000000000000e+00,1,0.000000000000e+00,True
248,PHYSICAL_MESH,0.0000000000,-0.4273881581,1.151762990048e-05,4.194439497951e-06,0.000000000000e+00,1,0.000000000000e+00,True
249,PHYSICAL_MESH,0.0050000000,-0.4273881581,1.151310971181e-05,4.317091224948e-06,0.000000000000e+00,1,0.000000000000e+00,True
250,PHYSICAL_MESH,0.0100000000,-0.4273881581,1.150193384092e-05,4.440174507181e-06,0.000000000000e+00,1,0.000000000000e+00,True
251,PHYSICAL_MESH,0.0150000000,-0.4273881581,1.148384581029e-05,4.563484708342e-06,0.000000000000e+00,1,0.000000000000e+00,True
252,PHYSICAL_MESH,0.0200000000,-0.4273881581,1.145858732343e-05,4.686806278187e-06,0.000000000000e+00,1,0.000000000000e+00,True
253,PHYSICAL_MESH,0.0250000000,-0.4273881581,1.142590554082e-05,4.809914571524e-06,0.000000000000e+00,1,0.000000000000e+00,True
254,PHYSICAL_MESH,0.0300000000,-0.4273881581,1.138554580393e-05,4.932576302963e-06,0.000000000000e+00,1,0.000000000000e+00,True
255,PHYSICAL_MESH,0.0350000000,-0.4273881581,1.133725982072e-05,5.054547273176e-06,0.000000000000e+00,1,0.000000000000e+00,True
256,PHYSICAL_MESH,0.0400000000,-0.4273881581,1.128080111812e-05,5.175573733140e-06,0.000000000000e+00,1,0.000000000000e+00,True
257,PHYSICAL_MESH,0.0450000000,-0.4273881581,1.121592595155e-05,5.295392384141e-06,0.000000000000e+00,1,0.000000000000e+00,True
258,PHYSICAL_MESH,0.0500000000,-0.4273881581,1.114239694289e-05,5.413729013526e-06,0.000000000000e+00,1,0.000000000000e+00,True
259,PHYSICAL_MESH,0.0550000000,-0.4273881581,1.105997853301e-05,5.530300768442e-06,0.000000000000e+00,1,0.000000000000e+00,True
260,PHYSICAL_MESH,0.0600000000,-0.4273881581,1.096844243875e-05,5.644813427352e-06,0.000000000000e+00,1,0.000000000000e+00,True
261,PHYSICAL_MESH,0.0650000000,-0.4273881581,1.086756674340e-05,5.756962309533e-06,0.000000000000e+00,1,0.000000000000e+00,True
262,PHYSICAL_MESH,0.0700000000,-0.4273881581,1.075713134924e-05,5.866434094060e-06,0.000000000000e+00,1,0.000000000000e+00,True
263,PHYSICAL_MESH,0.0750000000,-0.4273881581,1.063692798198e-05,5.972902727081e-06,0.000000000000e+00,1,0.000000000000e+00,True
264,PHYSICAL_MESH,0.0800000000,-0.4273881581,1.050675109582e-05,6.076033059799e-06,0.000000000000e+00,1,0.000000000000e+00,True
265,PHYSICAL_MESH,0.0850000000,-0.4273881581,1.036640514940e-05,6.175479484227e-06,0.000000000000e+00,1,0.000000000000e+00,True
266,PHYSICAL_MESH,0.0900000000,-0.4273881581,1.021570005832e-05,6.270883659454e-06,0.000000000000e+00,1,0.000000000000e+00,True
267,PHYSICAL_MESH,0.0950000000,-0.4273881581,1.005445574265e-05,6.361879059114e-06,0.000000000000e+00,1,0.000000000000e+00,True
268,PHYSICAL_MESH,0.1000000000,-0.4273881581,9.882499398373e-06,6.448085059674e-06,0.000000000000e+00,1,0.000000000000e+00,True
269,PHYSICAL_MESH,0.1050000000,-0.4273881581,9.699667316454e-06,6.529111487907e-06,0.000000000000e+00,1,0.000000000000e+00,True
270,PHYSICAL_MESH,0.1100000000,-0.4273881581,9.505807611276e-06,6.604556347156e-06,0.000000000000e+00,1,0.000000000000e+00,True
271,PHYSICAL_MESH,0.1150000000,-0.4273881581,9.300775673182e-06,6.674007636320e-06,0.000000000000e+00,1,0.000000000000e+00,True
272,PHYSICAL_MESH,0.1225000000,-0.4273881581,8.972010618891e-06,6.766176738893e-06,0.000000000000e+00,1,0.000000000000e+00,True
273,PHYSICAL_MESH,0.1337500000,-0.4273881581,8.430383786617e-06,6.874802693346e-06,0.000000000000e+00,1,0.000000000000e+00,True
274,PHYSICAL_MESH,0.1506250000,-0.4273881581,7.506906513299e-06,6.961981398490e-06,0.000000000000e+00,1,0.000000000000e+00,True
275,PHYSICAL_MESH,0.1756250000,-0.4273881581,5.892706667510e-06,6.885221864650e-06,0.000000000000e+00,1,0.000000000000e+00,True
276,PHYSICAL_MESH,0.2005769231,-0.4273881581,3.998408828920e-06,6.470268544945e-06,0.000000000000e+00,1,0.000000000000e+00,True
277,PHYSICAL_MESH,0.2255288462,-0.4273881581,1.861867076514e-06,5.610408607026e-06,0.000000000000e+00,1,0.000000000000e+00,True
278,PHYSICAL_MESH,0.2504807693,-0.4273881581,-4.441085650342e-07,4.199850536679e-06,0.000000000000e+00,1,0.000000000000e+00,True
279,PHYSICAL_MESH,0.2754326924,-0.4273881581,-2.808083308992e-06,2.138187028322e-06,0.000000000000e+00,1,0.000000000000e+00,True
280,PHYSICAL_MESH,0.3003846155,-0.4273881581,-5.069689905213e-06,-6.635737577199e-07,0.000000000000e+00,1,0.000000000000e+00,True
281,PHYSICAL_MESH,0.3253365386,-0.4273881581,-7.012381047389e-06,-4.273388185538e-06,0.000000000000e+00,1,0.000000000000e+00,True
282,PHYSICAL_MESH,0.3502884617,-0.4273881581,-8.360208084923e-06,-8.724242434255e-06,0.000000000000e+00,1,0.000000000000e+00,True
283,PHYSICAL_MESH,0.3752403848,-0.4273881581,-8.782688382780e-06,-1.400259043294e-05,0.000000000000e+00,1,0.000000000000e+00,True
284,PHYSICAL_MESH,0.4001923079,-0.4273881581,-7.912238288554e-06,-2.004922134802e-05,0.000000000000e+00,1,0.000000000000e+00,True
285,PHYSICAL_MESH,0.4251442310,-0.4273881581,-5.389722446125e-06,-2.676822441572e-05,0.000000000000e+00,1,0.000000000000e+00,True
286,PHYSICAL_MESH,0.4500961541,-0.4273881581,-1.002556018648e-06,-3.392745929887e-05,0.000000000000e+00,1,0.000000000000e+00,True
287,PHYSICAL_MESH,0.4750480772,-0.4273881581,4.955720214639e-06,-4.042002547067e-05,0.000000000000e+00,1,0.000000000000e+00,True
288,PHYSICAL_MESH,0.5000000000,-0.4273881581,1.167977734440e-05,-4.364762571640e-05,0.000000000000e+00,1,0.000000000000e+00,True
289,PHYSICAL_MESH,-0.5000000000,-0.4031842108,1.048290323524e-05,7.697924957029e-06,0.000000000000e+00,1,0.000000000000e+00,True
290,PHYSICAL_MESH,-0.4759765625,-0.4031842108,1.015942052618e-05,5.791204330308e-06,0.000000000000e+00,1,0.000000000000e+00,True
291,PHYSICAL_MESH,-0.4519531250,-0.4031842108,9.859743840934e-06,4.337032805779e-06,0.000000000000e+00,1,0.000000000000e+00,True
292,PHYSICAL_MESH,-0.4279296875,-0.4031842108,9.635746209824e-06,3.265752638981e-06,0.000000000000e+00,1,0.000000000000e+00,True
293,PHYSICAL_MESH,-0.4039062500,-0.4031842108,9.511687494523e-06,2.490846554792e-06,0.000000000000e+00,1,0.000000000000e+00,True
294,PHYSICAL_MESH,-0.3798828125,-0.4031842108,9.491012860963e-06,1.933180556080e-06,0.000000000000e+00,1,0.000000000000e+00,True
295,PHYSICAL_MESH,-0.3558593750,-0.4031842108,9.564131687512e-06,1.532117835268e-06,0.000000000000e+00,1,0.000000000000e+00,True
296,PHYSICAL_MESH,-0.3318359375,-0.4031842108,9.719257832330e-06,1.247386194336e-06,0.000000000000e+00,1,0.000000000000e+00,True
297,PHYSICAL_MESH,-0.3078125000,-0.4031842108,9.945988495019e-06,1.054100494002e-06,0.000000000000e+00,1,0.000000000000e+00,True
298,PHYSICAL_MESH,-0.2837890625,-0.4031842108,1.023603817885e-05,9.383452947986e-07,0.000000000000e+00,1,0.000000000000e+00,True
299,PHYSICAL_MESH,-0.2597656250,-0.4031842108,1.058269663190e-05,8.937365691963e-07,0.000000000000e+00,1,0.000000000000e+00,True
300,PHYSICAL_MESH,-0.2357421875,-0.4031842108,1.097993572330e-05,9.190551395477e-07,0.000000000000e+00,1,0.000000000000e+00,True
301,PHYSICAL_MESH,-0.2117187500,-0.4031842108,1.142147175415e-05,1.016570536194e-06,0.000000000000e+00,1,0.000000000000e+00,True
302,PHYSICAL_MESH,-0.1876953125,-0.4031842108,1.189985141536e-05,1.190752641378e-06,0.000000000000e+00,1,0.000000000000e+00,True
303,PHYSICAL_MESH,-0.1636718750,-0.4031842108,1.240558958671e-05,1.447148861189e-06,0.000000000000e+00,1,0.000000000000e+00,True
304,PHYSICAL_MESH,-0.1396484375,-0.4031842108,1.292638989980e-05,1.791286194930e-06,0.000000000000e+00,1,0.000000000000e+00,True
305,PHYSICAL_MESH,-0.1156250000,-0.4031842108,1.344650445390e-05,2.227516461062e-06,0.000000000000e+00,1,0.000000000000e+00,True
306,PHYSICAL_MESH,-0.0906250000,-0.4031842108,1.396583502355e-05,2.781509920169e-06,0.000000000000e+00,1,0.000000000000e+00,True
307,PHYSICAL_MESH,-0.0737500000,-0.4031842108,1.429127860320e-05,3.213158151993e-06,0.000000000000e+00,1,0.000000000000e+00,True
308,PHYSICAL_MESH,-0.0625000000,-0.4031842108,1.449131195841e-05,3.525174861352e-06,0.000000000000e+00,1,0.000000000000e+00,True
309,PHYSICAL_MESH,-0.0550000000,-0.4031842108,1.461532883695e-05,3.743358320207e-06,0.000000000000e+00,1,0.000000000000e+00,True
310,PHYSICAL_MESH,-0.0500000000,-0.4031842108,1.469329617976e-05,3.893115717801e-06,0.000000000000e+00,1,0.000000000000e+00,True
311,PHYSICAL_MESH,-0.0450000000,-0.4031842108,1.476714805904e-05,4.046164576721e-06,0.000000000000e+00,1,0.000000000000e+00,True
312,PHYSICAL_MESH,-0.0400000000,-0.4031842108,1.483660071244e-05,4.202379841445e-06,0.000000000000e+00,1,0.000000000000e+00,True
313,PHYSICAL_MESH,-0.0350000000,-0.4031842108,1.490136128268e-05,4.361619176052e-06,0.000000000000e+00,1,0.000000000000e+00,True
314,PHYSICAL_MESH,-0.0300000000,-0.4031842108,1.496113509347e-05,4.523727966443e-06,0.000000000000e+00,1,0.000000000000e+00,True
315,PHYSICAL_MESH,-0.0250000000,-0.4031842108,1.501562201156e-05,4.688536137110e-06,0.000000000000e+00,1,0.000000000000e+00,True
316,PHYSICAL_MESH,-0.0200000000,-0.4031842108,1.506452099420e-05,4.855860424868e-06,0.000000000000e+00,1,0.000000000000e+00,True
317,PHYSICAL_MESH,-0.0150000000,-0.4031842108,1.510752372269e-05,5.025503469369e-06,0.000000000000e+00,1,0.000000000000e+00,True
318,PHYSICAL_MESH,-0.0100000000,-0.4031842108,1.514432551630e-05,5.197254722589e-06,0.000000000000e+00,1,0.000000000000e+00,True
319,PHYSICAL_MESH,-0.0050000000,-0.4031842108,1.517461532785e-05,5.370890448830e-06,0.000000000000e+00,1,0.000000000000e+00,True
320,PHYSICAL_MESH,0.0000000000,-0.4031842108,1.519808483863e-05,5.546172815230e-06,0.000000000000e+00,1,0.000000000000e+00,True
321,PHYSICAL_MESH,0.0050000000,-0.4031842108,1.521442300145e-05,5.722851255996e-06,0.000000000000e+00,1,0.000000000000e+00,True
322,PHYSICAL_MESH,0.0100000000,-0.4031842108,1.522331967863e-05,5.900661562919e-06,0.000000000000e+00,1,0.000000000000e+00,True
323,PHYSICAL_MESH,0.0150000000,-0.4031842108,1.522446746094e-05,6.079326794861e-06,0.000000000000e+00,1,0.000000000000e+00,True
324,PHYSICAL_MESH,0.0200000000,-0.4031842108,1.521755712020e-05,6.258555913519e-06,0.000000000000e+00,1,0.000000000000e+00,True
325,PHYSICAL_MESH,0.0250000000,-0.4031842108,1.520228397567e-05,6.438045147661e-06,0.000000000000e+00,1,0.000000000000e+00,True
326,PHYSICAL_MESH,0.0300000000,-0.4031842108,1.517834516562e-05,6.617477538384e-06,0.000000000000e+00,1,0.000000000000e+00,True
327,PHYSICAL_MESH,0.0350000000,-0.4031842108,1.514543964731e-05,6.796523848607e-06,0.000000000000e+00,1,0.000000000000e+00,True
328,PHYSICAL_MESH,0.0400000000,-0.4031842108,1.510327183496e-05,6.974840289331e-06,0.000000000000e+00,1,0.000000000000e+00,True
329,PHYSICAL_MESH,0.0450000000,-0.4031842108,1.505154887127e-05,7.152071248129e-06,0.000000000000e+00,1,0.000000000000e+00,True
330,PHYSICAL_MESH,0.0500000000,-0.4031842108,1.498998062743e-05,7.327847924898e-06,0.000000000000e+00,1,0.000000000000e+00,True
331,PHYSICAL_MESH,0.0550000000,-0.4031842108,1.491828425060e-05,7.501788786612e-06,0.000000000000e+00,1,0.000000000000e+00,True
332,PHYSICAL_MESH,0.0600000000,-0.4031842108,1.483617961640e-05,7.673498657823e-06,0.000000000000e+00,1,0.000000000000e+00,True
333,PHYSICAL_MESH,0.0650000000,-0.4031842108,1.474339296692e-05,7.842569175409e-06,0.000000000000e+00,1,0.000000000000e+00,True
334,PHYSICAL_MESH,0.0700000000,-0.4031842108,1.463965600124e-05,8.008581062313e-06,0.000000000000e+00,1,0.000000000000e+00,True
335,PHYSICAL_MESH,0.0750000000,-0.4031842108,1.452470587537e-05,8.171099580068e-06,0.000000000000e+00,1,0.000000000000e+00,True
336,PHYSICAL_MESH,0.0800000000,-0.4031842108,1.439828520233e-05,8.329677257279e-06,0.000000000000e+00,1,0.000000000000e+00,True
337,PHYSICAL_MESH,0.0850000000,-0.4031842108,1.426014387107e-05,8.483853889629e-06,0.000000000000e+00,1,0.000000000000e+00,True
338,PHYSICAL_MESH,0.0900000000,-0.4031842108,1.411003722751e-05,8.633155630378e-06,0.000000000000e+00,1,0.000000000000e+00,True
339,PHYSICAL_MESH,0.0950000000,-0.4031842108,1.394772789354e-05,8.777094990364e-06,0.000000000000e+00,1,0.000000000000e+00,True
340,PHYSICAL_MESH,0.1000000000,-0.4031842108,1.377298576699e-05,8.915170838009e-06,0.000000000000e+00,1,0.000000000000e+00,True
341,PHYSICAL_MESH,0.1050000000,-0.4031842108,1.358558438369e-05,9.046869308804e-06,0.000000000000e+00,1,0.000000000000e+00,True
342,PHYSICAL_MESH,0.1100000000,-0.4031842108,1.338530728390e-05,9.171660167340e-06,0.000000000000e+00,1,0.000000000000e+00,True
343,PHYSICAL_MESH,0.1150000000,-0.4031842108,1.317194346484e-05,9.289003173762e-06,0.000000000000e+00,1,0.000000000000e+00,True
344,PHYSICAL_MESH,0.1225000000,-0.4031842108,1.282692937821e-05,9.449964636588e-06,0.000000000000e+00,1,0.000000000000e+00,True
345,PHYSICAL_MESH,0.1337500000,-0.4031842108,1.225196047017e-05,9.654163477535e-06,0.000000000000e+00,1,0.000000000000e+00,True
346,PHYSICAL_MESH,0.1506250000,-0.4031842108,1.125609651353e-05,9.865188076219e-06,0.000000000000e+00,1,0.000000000000e+00,True
347,PHYSICAL_MESH,0.1756250000,-0.4031842108,9.477183084527e-06,9.914075235429e-06,0.000000000000e+00,1,0.000000000000e+00,True
348,PHYSICAL_MESH,0.2005769231,-0.4031842108,7.339274361584e-06,9.519539162284e-06,0.000000000000e+00,1,0.000000000000e+00,True
349,PHYSICAL_MESH,0.2255288462,-0.4031842108,4.868627456744e-06,8.522455573257e-06,0.000000000000e+00,1,0.000000000000e+00,True
350,PHYSICAL_MESH,0.2504807693,-0.4031842108,2.127681227648e-06,6.763124019926e-06,0.000000000000e+00,1,0.000000000000e+00,True
351,PHYSICAL_MESH,0.2754326924,-0.4031842108,-7.789766982569e-07,4.079064183315e-06,0.000000000000e+00,1,0.000000000000e+00,True
352,PHYSICAL_MESH,0.3003846155,-0.4031842108,-3.683673185151e-06,3.046264396289e-07,0.000000000000e+00,1,0.000000000000e+00,True
353,PHYSICAL_MESH,0.3253365386,-0.4031842108,-6.337459126371e-06,-4.714049737231e-06,0.000000000000e+00,1,0.000000000000e+00,True
354,PHYSICAL_MESH,0.3502884617,-0.4031842108,-8.396563316637e-06,-1.109172353608e-05,0.000000000000e+00,1,0.000000000000e+00,True
355,PHYSICAL_MESH,0.3752403848,-0.4031842108,-9.423922165297e-06,-1.886529389594e-05,0.000000000000e+00,1,0.000000000000e+00,True
356,PHYSICAL_MESH,0.4001923079,-0.4031842108,-8.924118446885e-06,-2.794130341499e-05,0.000000000000e+00,1,0.000000000000e+00,True
357,PHYSICAL_MESH,0.4251442310,-0.4031842108,-6.447612122429e-06,-3.799066325882e-05,0.000000000000e+00,1,0.000000000000e+00,True
358,PHYSICAL_MESH,0.4500961541,-0.4031842108,-1.817164957174e-06,-4.812436236534e-05,0.000000000000e+00,1,0.000000000000e+00,True
359,PHYSICAL_MESH,0.4750480772,-0.4031842108,4.645429271477e-06,-5.640476592816e-05,0.000000000000e+00,1,0.000000000000e+00,True
360,PHYSICAL_MESH,0.5000000000,-0.4031842108,1.215320298797e-05,-6.012439189362e-05,0.000000000000e+00,1,0.000000000000e+00,True
361,PHYSICAL_MESH,-0.5000000000,-0.3789802635,1.259883811144e-05,8.332029210578e-06,0.000000000000e+00,1,0.000000000000e+00,True
362,PHYSICAL_MESH,-0.4759765625,-0.3789802635,1.236636035173e-05,6.482186563517e-06,0.000000000000e+00,1,0.000000000000e+00,True
363,PHYSICAL_MESH,-0.4519531250,-0.3789802635,1.214059102495e-05,5.007336312701e-06,0.000000000000e+00,1,0.000000000000e+00,True
364,PHYSICAL_MESH,-0.4279296875,-0.3789802635,1.196295033878e-05,3.861451659759e-06,0.000000000000e+00,1,0.000000000000e+00,True
365,PHYSICAL_MESH,-0.4039062500,-0.3789802635,1.186067765957e-05,2.986894742207e-06,0.000000000000e+00,1,0.000000000000e+00,True
366,PHYSICAL_MESH,-0.3798828125,-0.3789802635,1.184595384984e-05,2.326377398276e-06,0.000000000000e+00,1,0.000000000000e+00,True
367,PHYSICAL_MESH,-0.3558593750,-0.3789802635,1.192054060084e-05,1.831795088947e-06,0.000000000000e+00,1,0.000000000000e+00,True
368,PHYSICAL_MESH,-0.3318359375,-0.3789802635,1.208046433021e-05,1.467486754336e-06,0.000000000000e+00,1,0.000000000000e+00,True
369,PHYSICAL_MESH,-0.3078125000,-0.3789802635,1.231997612194e-05,1.209891024700e-06,0.000000000000e+00,1,0.000000000000e+00,True
370,PHYSICAL_MESH,-0.2837890625,-0.3789802635,1.263331887458e-05,1.045326484928e-06,0.000000000000e+00,1,0.000000000000e+00,True
371,PHYSICAL_MESH,-0.2597656250,-0.3789802635,1.301518750552e-05,9.677328307589e-07,0.000000000000e+00,1,0.000000000000e+00,True
372,PHYSICAL_MESH,-0.2357421875,-0.3789802635,1.346046792605e-05,9.767638857738e-07,0.000000000000e+00,1,0.000000000000e+00,True
373,PHYSICAL_MESH,-0.2117187500,-0.3789802635,1.396360585204e-05,1.076263174582e-06,0.000000000000e+00,1,0.000000000000e+00,True
374,PHYSICAL_MESH,-0.1876953125,-0.3789802635,1.451780190109e-05,1.272961071663e-06,0.000000000000e+00,1,0.000000000000e+00,True
375,PHYSICAL_MESH,-0.1636718750,-0.3789802635,1.511411210231e-05,1.575222995598e-06,0.000000000000e+00,1,0.000000000000e+00,True
376,PHYSICAL_MESH,-0.1396484375,-0.3789802635,1.574052657816e-05,1.991702674786e-06,0.000000000000e+00,1,0.000000000000e+00,True
377,PHYSICAL_MESH,-0.1156250000,-0.3789802635,1.638114190428e-05,2.529812491048e-06,0.000000000000e+00,1,0.000000000000e+00,True
378,PHYSICAL_MESH,-0.0906250000,-0.3789802635,1.704080750642e-05,3.223851308576e-06,0.000000000000e+00,1,0.000000000000e+00,True
379,PHYSICAL_MESH,-0.0737500000,-0.3789802635,1.746879024722e-05,3.771574711209e-06,0.000000000000e+00,1,0.000000000000e+00,True
380,PHYSICAL_MESH,-0.0625000000,-0.3789802635,1.774019438017e-05,4.170557986072e-06,0.000000000000e+00,1,0.000000000000e+00,True
381,PHYSICAL_MESH,-0.0550000000,-0.3789802635,1.791295653675e-05,4.450888354768e-06,0.000000000000e+00,1,0.000000000000e+00,True
382,PHYSICAL_MESH,-0.0500000000,-0.3789802635,1.802388214855e-05,4.643887223210e-06,0.000000000000e+00,1,0.000000000000e+00,True
383,PHYSICAL_MESH,-0.0450000000,-0.3789802635,1.813102244341e-05,4.841576355830e-06,0.000000000000e+00,1,0.000000000000e+00,True
384,PHYSICAL_MESH,-0.0400000000,-0.3789802635,1.823406455514e-05,5.043809323979e-06,0.000000000000e+00,1,0.000000000000e+00,True
385,PHYSICAL_MESH,-0.0350000000,-0.3789802635,1.833268106566e-05,5.250417416391e-06,0.000000000000e+00,1,0.000000000000e+00,True
386,PHYSICAL_MESH,-0.0300000000,-0.3789802635,1.842654819484e-05,5.461212822411e-06,0.000000000000e+00,1,0.000000000000e+00,True
387,PHYSICAL_MESH,-0.0250000000,-0.3789802635,1.851532942965e-05,5.675989541487e-06,0.000000000000e+00,1,0.000000000000e+00,True
388,PHYSICAL_MESH,-0.0200000000,-0.3789802635,1.859868825704e-05,5.894521564187e-06,0.000000000000e+00,1,0.000000000000e+00,True
389,PHYSICAL_MESH,-0.0150000000,-0.3789802635,1.867628270702e-05,6.116565600678e-06,0.000000000000e+00,1,0.000000000000e+00,True
390,PHYSICAL_MESH,-0.0100000000,-0.3789802635,1.874776899058e-05,6.341860171233e-06,0.000000000000e+00,1,0.000000000000e+00,True
391,PHYSICAL_MESH,-0.0050000000,-0.3789802635,1.881279968075e-05,6.570125606231e-06,0.000000000000e+00,1,0.000000000000e+00,True
392,PHYSICAL_MESH,0.0000000000,-0.3789802635,1.887102916953e-05,6.801064955653e-06,0.000000000000e+00,1,0.000000000000e+00,True
393,PHYSICAL_MESH,0.0050000000,-0.3789802635,1.892211184895e-05,7.034363989078e-06,0.000000000000e+00,1,0.000000000000e+00,True
394,PHYSICAL_MESH,0.0100000000,-0.3789802635,1.896569483506e-05,7.269690740941e-06,0.000000000000e+00,1,0.000000000000e+00,True
395,PHYSICAL_MESH,0.0150000000,-0.3789802635,1.900143615785e-05,7.506697784265e-06,0.000000000000e+00,1,0.000000000000e+00,True
396,PHYSICAL_MESH,0.0200000000,-0.3789802635,1.902898657136e-05,7.745020411676e-06,0.000000000000e+00,1,0.000000000000e+00,True
397,PHYSICAL_MESH,0.0250000000,-0.3789802635,1.904800228658e-05,7.984278454387e-06,0.000000000000e+00,1,0.000000000000e+00,True
398,PHYSICAL_MESH,0.0300000000,-0.3789802635,1.905814133352e-05,8.224074917962e-06,0.000000000000e+00,1,0.000000000000e+00,True
399,PHYSICAL_MESH,0.0350000000,-0.3789802635,1.905906538013e-05,8.463997801300e-06,0.000000000000e+00,1,0.000000000000e+00,True
400,PHYSICAL_MESH,0.0400000000,-0.3789802635,1.905043791339e-05,8.703620551387e-06,0.000000000000e+00,1,0.000000000000e+00,True
401,PHYSICAL_MESH,0.0450000000,-0.3789802635,1.903192242025e-05,8.942500244302e-06,0.000000000000e+00,1,0.000000000000e+00,True
402,PHYSICAL_MESH,0.0500000000,-0.3789802635,1.900319148262e-05,9.180182132695e-06,0.000000000000e+00,1,0.000000000000e+00,True
403,PHYSICAL_MESH,0.0550000000,-0.3789802635,1.896391768241e-05,9.416194188816e-06,0.000000000000e+00,1,0.000000000000e+00,True
404,PHYSICAL_MESH,0.0600000000,-0.3789802635,1.891377723950e-05,9.650052561483e-06,0.000000000000e+00,1,0.000000000000e+00,True
405,PHYSICAL_MESH,0.0650000000,-0.3789802635,1.885245364974e-05,9.881258847599e-06,0.000000000000e+00,1,0.000000000000e+00,True
406,PHYSICAL_MESH,0.0700000000,-0.3789802635,1.877962677099e-05,1.010930191114e-05,0.000000000000e+00,1,0.000000000000e+00,True
407,PHYSICAL_MESH,0.0750000000,-0.3789802635,1.869498737506e-05,1.033365697367e-05,0.000000000000e+00,1,0.000000000000e+00,True
408,PHYSICAL_MESH,0.0800000000,-0.3789802635,1.859822259576e-05,1.055378379533e-05,0.000000000000e+00,1,0.000000000000e+00,True
409,PHYSICAL_MESH,0.0850000000,-0.3789802635,1.848902866186e-05,1.076913213183e-05,0.000000000000e+00,1,0.000000000000e+00,True
410,PHYSICAL_MESH,0.0900000000,-0.3789802635,1.836710180214e-05,1.097913627746e-05,0.000000000000e+00,1,0.000000000000e+00,True
411,PHYSICAL_MESH,0.0950000000,-0.3789802635,1.823213460739e-05,1.118321506510e-05,0.000000000000e+00,1,0.000000000000e+00,True
412,PHYSICAL_MESH,0.1000000000,-0.3789802635,1.808383240132e-05,1.138078096119e-05,0.000000000000e+00,1,0.000000000000e+00,True
413,PHYSICAL_MESH,0.1050000000,-0.3789802635,1.792189323169e-05,1.157123006124e-05,0.000000000000e+00,1,0.000000000000e+00,True
414,PHYSICAL_MESH,0.1100000000,-0.3789802635,1.774602060323e-05,1.175394754682e-05,0.000000000000e+00,1,0.000000000000e+00,True
415,PHYSICAL_MESH,0.1150000000,-0.3789802635,1.755591438268e-05,1.192830859509e-05,0.000000000000e+00,1,0.000000000000e+00,True
416,PHYSICAL_MESH,0.1225000000,-0.3789802635,1.724339199427e-05,1.217289991473e-05,0.000000000000e+00,1,0.000000000000e+00,True
417,PHYSICAL_MESH,0.1337500000,-0.3789802635,1.671092286415e-05,1.249810065929e-05,0.000000000000e+00,1,0.000000000000e+00,True
418,PHYSICAL_MESH,0.1506250000,-0.3789802635,1.576170507178e-05,1.287913710257e-05,0.000000000000e+00,1,0.000000000000e+00,True
419,PHYSICAL_MESH,0.1756250000,-0.3789802635,1.400279143127e-05,1.313939537795e-05,0.000000000000e+00,1,0.000000000000e+00,True
420,PHYSICAL_MESH,0.2005769231,-0.3789802635,1.180755680252e-05,1.287107079406e-05,0.000000000000e+00,1,0.000000000000e+00,True
421,PHYSICAL_MESH,0.2255288462,-0.3789802635,9.176994353766e-06,1.185964993056e-05,0.000000000000e+00,1,0.000000000000e+00,True
422,PHYSICAL_MESH,0.2504807693,-0.3789802635,6.144558483356e-06,9.886240150081e-06,0.000000000000e+00,1,0.000000000000e+00,True
423,PHYSICAL_MESH,0.2754326924,-0.3789802635,2.784772277664e-06,6.713055427099e-06,0.000000000000e+00,1,0.000000000000e+00,True
424,PHYSICAL_MESH,0.3003846155,-0.3789802635,-7.523776730523e-07,2.068174808301e-06,0.000000000000e+00,1,0.000000000000e+00,True
425,PHYSICAL_MESH,0.3253365386,-0.3789802635,-4.206600351608e-06,-4.334101049608e-06,0.000000000000e+00,1,0.000000000000e+00,True
426,PHYSICAL_MESH,0.3502884617,-0.3789802635,-7.176432063716e-06,-1.274546775676e-05,0.000000000000e+00,1,0.000000000000e+00,True
427,PHYSICAL_MESH,0.3752403848,-0.3789802635,-9.110906830756e-06,-2.329557173653e-05,0.000000000000e+00,1,0.000000000000e+00,True
428,PHYSICAL_MESH,0.4001923079,-0.3789802635,-9.357479939354e-06,-3.584553269320e-05,0.000000000000e+00,1,0.000000000000e+00,True
429,PHYSICAL_MESH,0.4251442310,-0.3789802635,-7.311114586628e-06,-4.973325121682e-05,0.000000000000e+00,1,0.000000000000e+00,True
430,PHYSICAL_MESH,0.4500961541,-0.3789802635,-2.665914735189e-06,-6.339463288896e-05,0.000000000000e+00,1,0.000000000000e+00,True
431,PHYSICAL_MESH,0.4750480772,-0.3789802635,4.349327355158e-06,-7.420510519296e-05,0.000000000000e+00,1,0.000000000000e+00,True
432,PHYSICAL_MESH,0.5000000000,-0.3789802635,1.292043725698e-05,-7.913311128505e-05,0.000000000000e+00,1,0.000000000000e+00,True
433,PHYSICAL_MESH,-0.5000000000,-0.3547763162,1.461082229071e-05,8.766603968979e-06,0.000000000000e+00,1,0.000000000000e+00,True
434,PHYSICAL_MESH,-0.4759765625,-0.3547763162,1.444944609830e-05,6.989392204559e-06,0.000000000000e+00,1,0.000000000000e+00,True
435,PHYSICAL_MESH,-0.4519531250,-0.3547763162,1.428422910976e-05,5.525637789106e-06,0.000000000000e+00,1,0.000000000000e+00,True
436,PHYSICAL_MESH,-0.4279296875,-0.3547763162,1.415150290995e-05,4.343772616267e-06,0.000000000000e+00,1,0.000000000000e+00,True
437,PHYSICAL_MESH,-0.4039062500,-0.3547763162,1.407756553817e-05,3.404184781175e-06,0.000000000000e+00,1,0.000000000000e+00,True
438,PHYSICAL_MESH,-0.3798828125,-0.3547763162,1.407839681633e-05,2.665839474503e-06,0.000000000000e+00,1,0.000000000000e+00,True
439,PHYSICAL_MESH,-0.3558593750,-0.3547763162,1.416143641109e-05,2.092175009238e-06,0.000000000000e+00,1,0.000000000000e+00,True
440,PHYSICAL_MESH,-0.3318359375,-0.3547763162,1.432852877770e-05,1.654499897086e-06,0.000000000000e+00,1,0.000000000000e+00,True
441,PHYSICAL_MESH,-0.3078125000,-0.3547763162,1.457848793507e-05,1.332908027507e-06,0.000000000000e+00,1,0.000000000000e+00,True
442,PHYSICAL_MESH,-0.2837890625,-0.3547763162,1.490889462730e-05,1.115733311963e-06,0.000000000000e+00,1,0.000000000000e+00,True
443,PHYSICAL_MESH,-0.2597656250,-0.3547763162,1.531694033474e-05,9.983758673116e-07,0.000000000000e+00,1,0.000000000000e+00,True
444,PHYSICAL_MESH,-0.2357421875,-0.3547763162,1.579958552611e-05,9.820597597354e-07,0.000000000000e+00,1,0.000000000000e+00,True
445,PHYSICAL_MESH,-0.2117187500,-0.3547763162,1.635322405491e-05,1.072660893442e-06,0.000000000000e+00,1,0.000000000000e+00,True
446,PHYSICAL_MESH,-0.1876953125,-0.3547763162,1.697303196124e-05,1.279557977796e-06,0.000000000000e+00,1,0.000000000000e+00,True
447,PHYSICAL_MESH,-0.1636718750,-0.3547763162,1.765207889548e-05,1.614371285541e-06,0.000000000000e+00,1,0.000000000000e+00,True
448,PHYSICAL_MESH,-0.1396484375,-0.3547763162,1.838029311330e-05,2.089444251396e-06,0.000000000000e+00,1,0.000000000000e+00,True
449,PHYSICAL_MESH,-0.1156250000,-0.3547763162,1.914342647069e-05,2.715966047617e-06,0.000000000000e+00,1,0.000000000000e+00,True
450,PHYSICAL_MESH,-0.0906250000,-0.3547763162,1.995383536268e-05,3.537237716955e-06,0.000000000000e+00,1,0.000000000000e+00,True
451,PHYSICAL_MESH,-0.0737500000,-0.3547763162,2.049725844699e-05,4.193526365270e-06,0.000000000000e+00,1,0.000000000000e+00,True
452,PHYSICAL_MESH,-0.0625000000,-0.3547763162,2.085167034238e-05,4.675110631069e-06,0.000000000000e+00,1,0.000000000000e+00,True
453,PHYSICAL_MESH,-0.0550000000,-0.3547763162,2.108240187226e-05,5.014994258090e-06,0.000000000000e+00,1,0.000000000000e+00,True
454,PHYSICAL_MESH,-0.0500000000,-0.3547763162,2.123311787727e-05,5.249653895589e-06,0.000000000000e+00,1,0.000000000000e+00,True
455,PHYSICAL_MESH,-0.0450000000,-0.3547763162,2.138095078408e-05,5.490527200891e-06,0.000000000000e+00,1,0.000000000000e+00,True
456,PHYSICAL_MESH,-0.0400000000,-0.3547763162,2.152556953661e-05,5.737449555454e-06,0.000000000000e+00,1,0.000000000000e+00,True
457,PHYSICAL_MESH,-0.0350000000,-0.3547763162,2.166663398384e-05,5.990228146402e-06,0.000000000000e+00,1,0.000000000000e+00,True
458,PHYSICAL_MESH,-0.0300000000,-0.3547763162,2.180380033678e-05,6.248646513995e-06,0.000000000000e+00,1,0.000000000000e+00,True
459,PHYSICAL_MESH,-0.0250000000,-0.3547763162,2.193671207351e-05,6.512462732644e-06,0.000000000000e+00,1,0.000000000000e+00,True
460,PHYSICAL_MESH,-0.0200000000,-0.3547763162,2.206501449109e-05,6.781411684642e-06,0.000000000000e+00,1,0.000000000000e+00,True
461,PHYSICAL_MESH,-0.0150000000,-0.3547763162,2.218834561063e-05,7.055205060169e-06,0.000000000000e+00,1,0.000000000000e+00,True
462,PHYSICAL_MESH,-0.0100000000,-0.3547763162,2.230633799627e-05,7.333531357290e-06,0.000000000000e+00,1,0.000000000000e+00,True
463,PHYSICAL_MESH,-0.0050000000,-0.3547763162,2.241862421215e-05,7.616058155691e-06,0.000000000000e+00,1,0.000000000000e+00,True
464,PHYSICAL_MESH,0.0000000000,-0.3547763162,2.252483136544e-05,7.902430297690e-06,0.000000000000e+00,1,0.000000000000e+00,True
465,PHYSICAL_MESH,0.0050000000,-0.3547763162,2.262459020130e-05,8.192271707230e-06,0.000000000000e+00,1,0.000000000000e+00,True
466,PHYSICAL_MESH,0.0100000000,-0.3547763162,2.271752600791e-05,8.485187208862e-06,0.000000000000e+00,1,0.000000000000e+00,True
467,PHYSICAL_MESH,0.0150000000,-0.3547763162,2.280326771142e-05,8.780760254012e-06,0.000000000000e+00,1,0.000000000000e+00,True
468,PHYSICAL_MESH,0.0200000000,-0.3547763162,2.288144423801e-05,9.078557013709e-06,0.000000000000e+00,1,0.000000000000e+00,True
469,PHYSICAL_MESH,0.0250000000,-0.3547763162,2.295168451383e-05,9.378123650094e-06,0.000000000000e+00,1,0.000000000000e+00,True
470,PHYSICAL_MESH,0.0300000000,-0.3547763162,2.301362110302e-05,9.678992682893e-06,0.000000000000e+00,1,0.000000000000e+00,True
471,PHYSICAL_MESH,0.0350000000,-0.3547763162,2.306688656972e-05,9.980678441934e-06,0.000000000000e+00,1,0.000000000000e+00,True
472,PHYSICAL_MESH,0.0400000000,-0.3547763162,2.311111711606e-05,1.028267888614e-05,0.000000000000e+00,1,0.000000000000e+00,True
473,PHYSICAL_MESH,0.0450000000,-0.3547763162,2.314594712516e-05,1.058447833202e-05,0.000000000000e+00,1,0.000000000000e+00,True
474,PHYSICAL_MESH,0.0500000000,-0.3547763162,2.317102007510e-05,1.088554836315e-05,0.000000000000e+00,1,0.000000000000e+00,True
475,PHYSICAL_MESH,0.0550000000,-0.3547763162,2.318597580597e-05,1.118534601119e-05,0.000000000000e+00,1,0.000000000000e+00,True
476,PHYSICAL_MESH,0.0600000000,-0.3547763162,2.319045597687e-05,1.148331557488e-05,0.000000000000e+00,1,0.000000000000e+00,True
477,PHYSICAL_MESH,0.0650000000,-0.3547763162,2.318410588487e-05,1.177889043902e-05,0.000000000000e+00,1,0.000000000000e+00,True
478,PHYSICAL_MESH,0.0700000000,-0.3547763162,2.316657264601e-05,1.207149671245e-05,0.000000000000e+00,1,0.000000000000e+00,True
479,PHYSICAL_MESH,0.0750000000,-0.3547763162,2.313750155736e-05,1.236054868059e-05,0.000000000000e+00,1,0.000000000000e+00,True
480,PHYSICAL_MESH,0.0800000000,-0.3547763162,2.309653609700e-05,1.264545062440e-05,0.000000000000e+00,1,0.000000000000e+00,True
481,PHYSICAL_MESH,0.0850000000,-0.3547763162,2.304331974301e-05,1.292560227739e-05,0.000000000000e+00,1,0.000000000000e+00,True
482,PHYSICAL_MESH,0.0900000000,-0.3547763162,2.297749233549e-05,1.320039700659e-05,0.000000000000e+00,1,0.000000000000e+00,True
483,PHYSICAL_MESH,0.0950000000,-0.3547763162,2.289869189553e-05,1.346921908407e-05,0.000000000000e+00,1,0.000000000000e+00,True
484,PHYSICAL_MESH,0.1000000000,-0.3547763162,2.280654189235e-05,1.373144277750e-05,0.000000000000e+00,1,0.000000000000e+00,True
485,PHYSICAL_MESH,0.1050000000,-0.3547763162,2.270066033816e-05,1.398644417350e-05,0.000000000000e+00,1,0.000000000000e+00,True
486,PHYSICAL_MESH,0.1100000000,-0.3547763162,2.258065433125e-05,1.423360299668e-05,0.000000000000e+00,1,0.000000000000e+00,True
487,PHYSICAL_MESH,0.1150000000,-0.3547763162,2.244611096103e-05,1.447231443308e-05,0.000000000000e+00,1,0.000000000000e+00,True
488,PHYSICAL_MESH,0.1225000000,-0.3547763162,2.221608338004e-05,1.481338949816e-05,0.000000000000e+00,1,0.000000000000e+00,True
489,PHYSICAL_MESH,0.1337500000,-0.3547763162,2.180460614909e-05,1.528360007796e-05,0.000000000000e+00,1,0.000000000000e+00,True
490,PHYSICAL_MESH,0.1506250000,-0.3547763162,2.102744474541e-05,1.588095437910e-05,0.000000000000e+00,1,0.000000000000e+00,True
491,PHYSICAL_MESH,0.1756250000,-0.3547763162,1.948873614310e-05,1.644352960284e-05,0.000000000000e+00,1,0.000000000000e+00,True
492,PHYSICAL_MESH,0.2005769231,-0.3547763162,1.744555629557e-05,1.642344795982e-05,0.000000000000e+00,1,0.000000000000e+00,True
493,PHYSICAL_MESH,0.2255288462,-0.3547763162,1.485945085733e-05,1.555374183226e-05,0.000000000000e+00,1,0.000000000000e+00,True
494,PHYSICAL_MESH,0.2504807693,-0.3547763162,1.171501662611e-05,1.355544918624e-05,0.000000000000e+00,1,0.000000000000e+00,True
495,PHYSICAL_MESH,0.2754326924,-0.3547763162,8.029645869101e-06,1.010559208225e-05,0.000000000000e+00,1,0.000000000000e+00,True
496,PHYSICAL_MESH,0.3003846155,-0.3547763162,3.901954187313e-06,4.794326741830e-06,0.000000000000e+00,1,0.000000000000e+00,True
497,PHYSICAL_MESH,0.3253365386,-0.3547763162,-4.282758538920e-07,-2.853746309484e-06,0.000000000000e+00,1,0.000000000000e+00,True
498,PHYSICAL_MESH,0.3502884617,-0.3547763162,-4.520285528997e-06,-1.330539089395e-05,0.000000000000e+00,1,0.000000000000e+00,True
499,PHYSICAL_MESH,0.3752403848,-0.3547763162,-7.698505214648e-06,-2.686005245778e-05,0.000000000000e+00,1,0.000000000000e+00,True
500,PHYSICAL_MESH,0.4001923079,-0.3547763162,-9.095804671233e-06,-4.337349673733e-05,0.000000000000e+00,1,0.000000000000e+00,True
501,PHYSICAL_MESH,0.4251442310,-0.3547763162,-7.828727575543e-06,-6.185056554386e-05,0.000000000000e+00,1,0.000000000000e+00,True
502,PHYSICAL_MESH,0.4500961541,-0.3547763162,-3.310799911560e-06,-8.004337723833e-05,0.000000000000e+00,1,0.000000000000e+00,True
503,PHYSICAL_MESH,0.4750480772,-0.3547763162,4.401509158924e-06,-9.451760706725e-05,0.000000000000e+00,1,0.000000000000e+00,True
504,PHYSICAL_MESH,0.5000000000,-0.3547763162,1.437706850993e-05,-1.014527661027e-04,0.000000000000e+00,1,0.000000000000e+00,True
505,PHYSICAL_MESH,-0.5000000000,-0.3305723689,1.651202546782e-05,9.045813385455e-06,0.000000000000e+00,1,0.000000000000e+00,True
506,PHYSICAL_MESH,-0.4759765625,-0.3305723689,1.640683331061e-05,7.352157808782e-06,0.000000000000e+00,1,0.000000000000e+00,True
507,PHYSICAL_MESH,-0.4519531250,-0.3305723689,1.629117105040e-05,5.919162049395e-06,0.000000000000e+00,1,0.000000000000e+00,True
508,PHYSICAL_MESH,-0.4279296875,-0.3305723689,1.619786416995e-05,4.725941835204e-06,0.000000000000e+00,1,0.000000000000e+00,True
509,PHYSICAL_MESH,-0.4039062500,-0.3305723689,1.615208020667e-05,3.745633421204e-06,0.000000000000e+00,1,0.000000000000e+00,True
510,PHYSICAL_MESH,-0.3798828125,-0.3305723689,1.617109955987e-05,2.949376266770e-06,0.000000000000e+00,1,0.000000000000e+00,True
511,PHYSICAL_MESH,-0.3558593750,-0.3305723689,1.626542507438e-05,2.310433728780e-06,0.000000000000e+00,1,0.000000000000e+00,True
512,PHYSICAL_MESH,-0.3318359375,-0.3305723689,1.644059011596e-05,1.807068201742e-06,0.000000000000e+00,1,0.000000000000e+00,True
513,PHYSICAL_MESH,-0.3078125000,-0.3305723689,1.669902303547e-05,1.423926050848e-06,0.000000000000e+00,1,0.000000000000e+00,True
514,PHYSICAL_MESH,-0.2837890625,-0.3305723689,1.704152055026e-05,1.152298978013e-06,0.000000000000e+00,1,0.000000000000e+00,True
515,PHYSICAL_MESH,-0.2597656250,-0.3305723689,1.746814814396e-05,9.897712516249e-07,0.000000000000e+00,1,0.000000000000e+00,True
516,PHYSICAL_MESH,-0.2357421875,-0.3305723689,1.797862569219e-05,9.396021027896e-07,0.000000000000e+00,1,0.000000000000e+00,True
517,PHYSICAL_MESH,-0.2117187500,-0.3305723689,1.857220740931e-05,1.009991478895e-06,0.000000000000e+00,1,0.000000000000e+00,True
518,PHYSICAL_MESH,-0.1876953125,-0.3305723689,1.924718344526e-05,1.213202381223e-06,0.000000000000e+00,1,0.000000000000e+00,True
519,PHYSICAL_MESH,-0.1636718750,-0.3305723689,2.000002314162e-05,1.564408876220e-06,0.000000000000e+00,1,0.000000000000e+00,True
520,PHYSICAL_MESH,-0.1396484375,-0.3305723689,2.082425817207e-05,2.080096010104e-06,0.000000000000e+00,1,0.000000000000e+00,True
521,PHYSICAL_MESH,-0.1156250000,-0.3305723689,2.170919651689e-05,2.775878783723e-06,0.000000000000e+00,1,0.000000000000e+00,True
522,PHYSICAL_MESH,-0.0906250000,-0.3305723689,2.267723721161e-05,3.704095206558e-06,0.000000000000e+00,1,0.000000000000e+00,True
523,PHYSICAL_MESH,-0.0737500000,-0.3305723689,2.334632881684e-05,4.455462203623e-06,0.000000000000e+00,1,0.000000000000e+00,True
524,PHYSICAL_MESH,-0.0625000000,-0.3305723689,2.379348370596e-05,5.010899712943e-06,0.000000000000e+00,1,0.000000000000e+00,True
525,PHYSICAL_MESH,-0.0550000000,-0.3305723689,2.409008993709e-05,5.404652256402e-06,0.000000000000e+00,1,0.000000000000e+00,True
526,PHYSICAL_MESH,-0.0500000000,-0.3305723689,2.428653169773e-05,5.677257831849e-06,0.000000000000e+00,1,0.000000000000e+00,True
527,PHYSICAL_MESH,-0.0450000000,-0.3305723689,2.448153827572e-05,5.957666417089e-06,0.000000000000e+00,1,0.000000000000e+00,True
528,PHYSICAL_MESH,-0.0400000000,-0.3305723689,2.467478225299e-05,6.245699296414e-06,0.000000000000e+00,1,0.000000000000e+00,True
529,PHYSICAL_MESH,-0.0350000000,-0.3305723689,2.486592529749e-05,6.541144102812e-06,0.000000000000e+00,1,0.000000000000e+00,True
530,PHYSICAL_MESH,-0.0300000000,-0.3305723689,2.505461634428e-05,6.843757091701e-06,0.000000000000e+00,1,0.000000000000e+00,True
531,PHYSICAL_MESH,-0.0250000000,-0.3305723689,2.524049887143e-05,7.153264505178e-06,0.000000000000e+00,1,0.000000000000e+00,True
532,PHYSICAL_MESH,-0.0200000000,-0.3305723689,2.542321271903e-05,7.469362572010e-06,0.000000000000e+00,1,0.000000000000e+00,True
533,PHYSICAL_MESH,-0.0150000000,-0.3305723689,2.560238499427e-05,7.791720236128e-06,0.000000000000e+00,1,0.000000000000e+00,True
534,PHYSICAL_MESH,-0.0100000000,-0.3305723689,2.577764462330e-05,8.119978701870e-06,0.000000000000e+00,1,0.000000000000e+00,True
535,PHYSICAL_MESH,-0.0050000000,-0.3305723689,2.594861143734e-05,8.453752343485e-06,0.000000000000e+00,1,0.000000000000e+00,True
536,PHYSICAL_MESH,0.0000000000,-0.3305723689,2.611490708659e-05,8.792630069365e-06,0.000000000000e+00,1,0.000000000000e+00,True
537,PHYSICAL_MESH,0.0050000000,-0.3305723689,2.627614776429e-05,9.136178960034e-06,0.000000000000e+00,1,0.000000000000e+00,True
538,PHYSICAL_MESH,0.0100000000,-0.3305723689,2.643195330165e-05,9.483941539656e-06,0.000000000000e+00,1,0.000000000000e+00,True
539,PHYSICAL_MESH,0.0150000000,-0.3305723689,2.658193625393e-05,9.835439414019e-06,0.000000000000e+00,1,0.000000000000e+00,True
540,PHYSICAL_MESH,0.0200000000,-0.3305723689,2.672571463336e-05,1.019017327053e-05,0.000000000000e+00,1,0.000000000000e+00,True
541,PHYSICAL_MESH,0.0250000000,-0.3305723689,2.686290281417e-05,1.054762287822e-05,0.000000000000e+00,1,0.000000000000e+00,True
542,PHYSICAL_MESH,0.0300000000,-0.3305723689,2.699312244658e-05,1.090725345421e-05,0.000000000000e+00,1,0.000000000000e+00,True
543,PHYSICAL_MESH,0.0350000000,-0.3305723689,2.711599336180e-05,1.126851202571e-05,0.000000000000e+00,1,0.000000000000e+00,True
544,PHYSICAL_MESH,0.0400000000,-0.3305723689,2.723114084802e-05,1.163083834399e-05,0.000000000000e+00,1,0.000000000000e+00,True
545,PHYSICAL_MESH,0.0450000000,-0.3305723689,2.733819019340e-05,1.199365669891e-05,0.000000000000e+00,1,0.000000000000e+00,True
546,PHYSICAL_MESH,0.0500000000,-0.3305723689,2.743676850514e-05,1.235638501385e-05,0.000000000000e+00,1,0.000000000000e+00,True
547,PHYSICAL_MESH,0.0550000000,-0.3305723689,2.752650652837e-05,1.271843211725e-05,0.000000000000e+00,1,0.000000000000e+00,True
548,PHYSICAL_MESH,0.0600000000,-0.3305723689,2.760702955129e-05,1.307920410909e-05,0.000000000000e+00,1,0.000000000000e+00,True
549,PHYSICAL_MESH,0.0650000000,-0.3305723689,2.767796831904e-05,1.343809799437e-05,0.000000000000e+00,1,0.000000000000e+00,True
550,PHYSICAL_MESH,0.0700000000,-0.3305723689,2.773894266284e-05,1.379450623062e-05,0.000000000000e+00,1,0.000000000000e+00,True
551,PHYSICAL_MESH,0.0750000000,-0.3305723689,2.778957423288e-05,1.414782673237e-05,0.000000000000e+00,1,0.000000000000e+00,True
552,PHYSICAL_MESH,0.0800000000,-0.3305723689,2.782948467939e-05,1.449746105209e-05,0.000000000000e+00,1,0.000000000000e+00,True
553,PHYSICAL_MESH,0.0850000000,-0.3305723689,2.785828473861e-05,1.484281710873e-05,0.000000000000e+00,1,0.000000000000e+00,True
554,PHYSICAL_MESH,0.0900000000,-0.3305723689,2.787557968986e-05,1.518331009720e-05,0.000000000000e+00,1,0.000000000000e+00,True
555,PHYSICAL_MESH,0.0950000000,-0.3305723689,2.788095844153e-05,1.551837704028e-05,0.000000000000e+00,1,0.000000000000e+00,True
556,PHYSICAL_MESH,0.1000000000,-0.3305723689,2.787399898807e-05,1.584748679306e-05,0.000000000000e+00,1,0.000000000000e+00,True
557,PHYSICAL_MESH,0.1050000000,-0.3305723689,2.785425931506e-05,1.617013549549e-05,0.000000000000e+00,1,0.000000000000e+00,True
558,PHYSICAL_MESH,0.1100000000,-0.3305723689,2.782129013212e-05,1.648584293434e-05,0.000000000000e+00,1,0.000000000000e+00,True
559,PHYSICAL_MESH,0.1150000000,-0.3305723689,2.777461850201e-05,1.679415618128e-05,0.000000000000e+00,1,0.000000000000e+00,True
560,PHYSICAL_MESH,0.1225000000,-0.3305723689,2.767779005808e-05,1.724187131913e-05,0.000000000000e+00,1,0.000000000000e+00,True
561,PHYSICAL_MESH,0.1337500000,-0.3305723689,2.746860445768e-05,1.787695873645e-05,0.000000000000e+00,1,0.000000000000e+00,True
562,PHYSICAL_MESH,0.1506250000,-0.3305723689,2.699738433876e-05,1.873089058790e-05,0.000000000000e+00,1,0.000000000000e+00,True
563,PHYSICAL_MESH,0.1756250000,-0.3305723689,2.590205804154e-05,1.968226206372e-05,0.000000000000e+00,1,0.000000000000e+00,True
564,PHYSICAL_MESH,0.2005769231,-0.3305723689,2.425755155855e-05,2.003926965699e-05,0.000000000000e+00,1,0.000000000000e+00,True
565,PHYSICAL_MESH,0.2255288462,-0.3305723689,2.197304274887e-05,1.949392935785e-05,0.000000000000e+00,1,0.000000000000e+00,True
566,PHYSICAL_MESH,0.2504807693,-0.3305723689,1.896419416880e-05,1.771361894498e-05,0.000000000000e+00,1,0.000000000000e+00,True
567,PHYSICAL_MESH,0.2754326924,-0.3305723689,1.516091560916e-05,1.428829455108e-05,0.000000000000e+00,1,0.000000000000e+00,True
568,PHYSICAL_MESH,0.3003846155,-0.3305723689,1.056474047800e-05,8.642146894999e-06,0.000000000000e+00,1,0.000000000000e+00,True
569,PHYSICAL_MESH,0.3253365386,-0.3305723689,5.343521934265e-06,3.907003431891e-08,0.000000000000e+00,1,0.000000000000e+00,True
570,PHYSICAL_MESH,0.3502884617,-0.3305723689,-6.083615033958e-08,-1.231622081832e-05,0.000000000000e+00,1,0.000000000000e+00,True
571,PHYSICAL_MESH,0.3752403848,-0.3305723689,-4.845000148634e-06,-2.903291351686e-05,0.000000000000e+00,1,0.000000000000e+00,True
572,PHYSICAL_MESH,0.4001923079,-0.3305723689,-7.851267582737e-06,-5.009167580283e-05,0.000000000000e+00,1,0.000000000000e+00,True
573,PHYSICAL_MESH,0.4251442310,-0.3305723689,-7.761423148622e-06,-7.423597708112e-05,0.000000000000e+00,1,0.000000000000e+00,True
574,PHYSICAL_MESH,0.4500961541,-0.3305723689,-3.522966835590e-06,-9.846537432168e-05,0.000000000000e+00,1,0.000000000000e+00,True
575,PHYSICAL_MESH,0.4750480772,-0.3305723689,5.081154540676e-06,-1.181961852126e-04,0.000000000000e+00,1,0.000000000000e+00,True
576,PHYSICAL_MESH,0.5000000000,-0.3305723689,1.694069942459e-05,-1.281810400542e-04,0.000000000000e+00,1,0.000000000000e+00,True
577,PHYSICAL_MESH,-0.5000000000,-0.3063684216,1.829709071899e-05,9.202849469148e-06,0.000000000000e+00,1,0.000000000000e+00,True
578,PHYSICAL_MESH,-0.4759765625,-0.3063684216,1.823642014642e-05,7.599727268826e-06,0.000000000000e+00,1,0.000000000000e+00,True
579,PHYSICAL_MESH,-0.4519531250,-0.3063684216,1.816095209506e-05,6.210126230144e-06,0.000000000000e+00,1,0.000000000000e+00,True
580,PHYSICAL_MESH,-0.4279296875,-0.3063684216,1.810092544474e-05,5.021931883675e-06,0.000000000000e+00,1,0.000000000000e+00,True
581,PHYSICAL_MESH,-0.4039062500,-0.3063684216,1.808022716432e-05,4.018091203761e-06,0.000000000000e+00,1,0.000000000000e+00,True
582,PHYSICAL_MESH,-0.3798828125,-0.3063684216,1.811643232941e-05,3.179284703947e-06,0.000000000000e+00,1,0.000000000000e+00,True
583,PHYSICAL_MESH,-0.3558593750,-0.3063684216,1.822159720177e-05,2.486933681212e-06,0.000000000000e+00,1,0.000000000000e+00,True
584,PHYSICAL_MESH,-0.3318359375,-0.3063684216,1.840355980676e-05,1.925597871377e-06,0.000000000000e+00,1,0.000000000000e+00,True
585,PHYSICAL_MESH,-0.3078125000,-0.3063684216,1.866736602096e-05,1.484456220169e-06,0.000000000000e+00,1,0.000000000000e+00,True
586,PHYSICAL_MESH,-0.2837890625,-0.3063684216,1.901651558001e-05,1.158002191914e-06,0.000000000000e+00,1,0.000000000000e+00,True
587,PHYSICAL_MESH,-0.2597656250,-0.3063684216,1.945386065927e-05,9.462344223721e-07,0.000000000000e+00,1,0.000000000000e+00,True
588,PHYSICAL_MESH,-0.2357421875,-0.3063684216,1.998210063903e-05,8.545611080990e-07,0.000000000000e+00,1,0.000000000000e+00,True
589,PHYSICAL_MESH,-0.2117187500,-0.3063684216,2.060387305391e-05,8.935124355958e-07,0.000000000000e+00,1,0.000000000000e+00,True
590,PHYSICAL_MESH,-0.1876953125,-0.3063684216,2.132140980393e-05,1.078212335415e-06,0.000000000000e+00,1,0.000000000000e+00,True
591,PHYSICAL_MESH,-0.1636718750,-0.3063684216,2.213576408394e-05,1.427447614333e-06,0.000000000000e+00,1,0.000000000000e+00,True
592,PHYSICAL_MESH,-0.1396484375,-0.3063684216,2.304562076461e-05,1.962101578101e-06,0.000000000000e+00,1,0.000000000000e+00,True
593,PHYSICAL_MESH,-0.1156250000,-0.3063684216,2.404576480330e-05,2.702742904148e-06,0.000000000000e+00,1,0.000000000000e+00,True
594,PHYSICAL_MESH,-0.0906250000,-0.3063684216,2.517095526855e-05,3.710444161698e-06,0.000000000000e+00,1,0.000000000000e+00,True
595,PHYSICAL_MESH,-0.0737500000,-0.3063684216,2.597033380880e-05,4.537560016615e-06,0.000000000000e+00,1,0.000000000000e+00,True
596,PHYSICAL_MESH,-0.0625000000,-0.3063684216,2.651596514625e-05,5.153803158464e-06,0.000000000000e+00,1,0.000000000000e+00,True
597,PHYSICAL_MESH,-0.0550000000,-0.3063684216,2.688356653380e-05,5.592703928414e-06,0.000000000000e+00,1,0.000000000000e+00,True
598,PHYSICAL_MESH,-0.0500000000,-0.3063684216,2.712975765462e-05,5.897444225411e-06,0.000000000000e+00,1,0.000000000000e+00,True
599,PHYSICAL_MESH,-0.0450000000,-0.3063684216,2.737646900641e-05,6.211586878635e-06,0.000000000000e+00,1,0.000000000000e+00,True
600,PHYSICAL_MESH,-0.0400000000,-0.3063684216,2.762339136098e-05,6.534944077430e-06,0.000000000000e+00,1,0.000000000000e+00,True
601,PHYSICAL_MESH,-0.0350000000,-0.3063684216,2.787019911921e-05,6.867287538626e-06,0.000000000000e+00,1,0.000000000000e+00,True
602,PHYSICAL_MESH,-0.0300000000,-0.3063684216,2.811655758705e-05,7.208349870780e-06,0.000000000000e+00,1,0.000000000000e+00,True
603,PHYSICAL_MESH,-0.0250000000,-0.3063684216,2.836211388058e-05,7.557827757410e-06,0.000000000000e+00,1,0.000000000000e+00,True
604,PHYSICAL_MESH,-0.0200000000,-0.3063684216,2.860651693481e-05,7.915379683254e-06,0.000000000000e+00,1,0.000000000000e+00,True
605,PHYSICAL_MESH,-0.0150000000,-0.3063684216,2.884940113290e-05,8.280633664981e-06,0.000000000000e+00,1,0.000000000000e+00,True
606,PHYSICAL_MESH,-0.0100000000,-0.3063684216,2.909039540100e-05,8.653184522700e-06,0.000000000000e+00,1,0.000000000000e+00,True
607,PHYSICAL_MESH,-0.0050000000,-0.3063684216,2.932912866527e-05,9.032596608449e-06,0.000000000000e+00,1,0.000000000000e+00,True
608,PHYSICAL_MESH,0.0000000000,-0.3063684216,2.956522075692e-05,9.418405170436e-06,0.000000000000e+00,1,0.000000000000e+00,True
609,PHYSICAL_MESH,0.0050000000,-0.3063684216,2.979828786920e-05,9.810114534048e-06,0.000000000000e+00,1,0.000000000000e+00,True
610,PHYSICAL_MESH,0.0100000000,-0.3063684216,3.002795347129e-05,1.020720719680e-05,0.000000000000e+00,1,0.000000000000e+00,True
611,PHYSICAL_MESH,0.0150000000,-0.3063684216,3.025383375643e-05,1.060914382833e-05,0.000000000000e+00,1,0.000000000000e+00,True
612,PHYSICAL_MESH,0.0200000000,-0.3063684216,3.047555583180e-05,1.101536690840e-05,0.000000000000e+00,1,0.000000000000e+00,True
613,PHYSICAL_MESH,0.0250000000,-0.3063684216,3.069274316658e-05,1.142530072684e-05,0.000000000000e+00,1,0.000000000000e+00,True
614,PHYSICAL_MESH,0.0300000000,-0.3063684216,3.090501922998e-05,1.183835593110e-05,0.000000000000e+00,1,0.000000000000e+00,True
615,PHYSICAL_MESH,0.0350000000,-0.3063684216,3.111200567218e-05,1.225392225024e-05,0.000000000000e+00,1,0.000000000000e+00,True
616,PHYSICAL_MESH,0.0400000000,-0.3063684216,3.131333141937e-05,1.267137758987e-05,0.000000000000e+00,1,0.000000000000e+00,True
617,PHYSICAL_MESH,0.0450000000,-0.3063684216,3.150862539769e-05,1.309010167461e-05,0.000000000000e+00,1,0.000000000000e+00,True
618,PHYSICAL_MESH,0.0500000000,-0.3063684216,3.169752744725e-05,1.350947241008e-05,0.000000000000e+00,1,0.000000000000e+00,True
619,PHYSICAL_MESH,0.0550000000,-0.3063684216,3.187968104612e-05,1.392887043039e-05,0.000000000000e+00,1,0.000000000000e+00,True
620,PHYSICAL_MESH,0.0600000000,-0.3063684216,3.205472967238e-05,1.434768455510e-05,0.000000000000e+00,1,0.000000000000e+00,True
621,PHYSICAL_MESH,0.0650000000,-0.3063684216,3.222233135602e-05,1.476532452216e-05,0.000000000000e+00,1,0.000000000000e+00,True
622,PHYSICAL_MESH,0.0700000000,-0.3063684216,3.238214048906e-05,1.518121644040e-05,0.000000000000e+00,1,0.000000000000e+00,True
623,PHYSICAL_MESH,0.0750000000,-0.3063684216,3.253381146351e-05,1.559479642310e-05,0.000000000000e+00,1,0.000000000000e+00,True
624,PHYSICAL_MESH,0.0800000000,-0.3063684216,3.267698048148e-05,1.600552059244e-05,0.000000000000e+00,1,0.000000000000e+00,True
625,PHYSICAL_MESH,0.0850000000,-0.3063684216,3.281129102106e-05,1.641289782128e-05,0.000000000000e+00,1,0.000000000000e+00,True
626,PHYSICAL_MESH,0.0900000000,-0.3063684216,3.293636473245e-05,1.681650428509e-05,0.000000000000e+00,1,0.000000000000e+00,True
627,PHYSICAL_MESH,0.0950000000,-0.3063684216,3.305183781777e-05,1.721599255688e-05,0.000000000000e+00,1,0.000000000000e+00,True
628,PHYSICAL_MESH,0.1000000000,-0.3063684216,3.315731373732e-05,1.761104795150e-05,0.000000000000e+00,1,0.000000000000e+00,True
629,PHYSICAL_MESH,0.1050000000,-0.3063684216,3.325238503749e-05,1.800134668883e-05,0.000000000000e+00,1,0.000000000000e+00,True
630,PHYSICAL_MESH,0.1100000000,-0.3063684216,3.333660424687e-05,1.838655043684e-05,0.000000000000e+00,1,0.000000000000e+00,True
631,PHYSICAL_MESH,0.1150000000,-0.3063684216,3.340948023833e-05,1.876633177744e-05,0.000000000000e+00,1,0.000000000000e+00,True
632,PHYSICAL_MESH,0.1225000000,-0.3063684216,3.349632606842e-05,1.932502527779e-05,0.000000000000e+00,1,0.000000000000e+00,True
633,PHYSICAL_MESH,0.1337500000,-0.3063684216,3.357198875165e-05,2.013491939579e-05,0.000000000000e+00,1,0.000000000000e+00,True
634,PHYSICAL_MESH,0.1506250000,-0.3063684216,3.354680666234e-05,2.127067455149e-05,0.000000000000e+00,1,0.000000000000e+00,True
635,PHYSICAL_MESH,0.1756250000,-0.3063684216,3.314034256618e-05,2.267753188789e-05,0.000000000000e+00,1,0.000000000000e+00,True
636,PHYSICAL_MESH,0.2005769231,-0.3063684216,3.218397978344e-05,2.352981027798e-05,0.000000000000e+00,1,0.000000000000e+00,True
637,PHYSICAL_MESH,0.2255288462,-0.3063684216,3.052704050788e-05,2.350193790335e-05,0.000000000000e+00,1,0.000000000000e+00,True
638,PHYSICAL_MESH,0.2504807693,-0.3063684216,2.799970752676e-05,2.222496914328e-05,0.000000000000e+00,1,0.000000000000e+00,True
639,PHYSICAL_MESH,0.2754326924,-0.3063684216,2.441422111588e-05,1.921488001244e-05,0.000000000000e+00,1,0.000000000000e+00,True
640,PHYSICAL_MESH,0.3003846155,-0.3063684216,1.961739144463e-05,1.371783946524e-05,0.000000000000e+00,1,0.000000000000e+00,True
641,PHYSICAL_MESH,0.3253365386,-0.3063684216,1.362386501569e-05,4.658989382733e-06,0.000000000000e+00,1,0.000000000000e+00,True
642,PHYSICAL_MESH,0.3502884617,-0.3063684216,6.798576123401e-06,-9.243894965039e-06,0.000000000000e+00,1,0.000000000000e+00,True
643,PHYSICAL_MESH,0.3752403848,-0.3063684216,4.401163877787e-08,-2.914396645792e-05,0.000000000000e+00,1,0.000000000000e+00,True
644,PHYSICAL_MESH,0.4001923079,-0.3063684216,-5.118505669088e-06,-5.540784331970e-05,0.000000000000e+00,1,0.000000000000e+00,True
645,PHYSICAL_MESH,0.4251442310,-0.3063684216,-6.737179774063e-06,-8.668662485434e-05,0.000000000000e+00,1,0.000000000000e+00,True
646,PHYSICAL_MESH,0.4500961541,-0.3063684216,-3.018571305802e-06,-1.191149858641e-04,0.000000000000e+00,1,0.000000000000e+00,True
647,PHYSICAL_MESH,0.4750480772,-0.3063684216,6.743603535142e-06,-1.464113738621e-04,0.000000000000e+00,1,0.000000000000e+00,True
648,PHYSICAL_MESH,0.5000000000,-0.3063684216,2.123389822373e-05,-1.609666360309e-04,0.000000000000e+00,1,0.000000000000e+00,True
649,PHYSICAL_MESH,-0.5000000000,-0.2821644743,1.996338141907e-05,9.264595064451e-06,0.000000000000e+00,1,0.000000000000e+00,True
650,PHYSICAL_MESH,-0.4759765625,-0.2821644743,1.993747537199e-05,7.755530532449e-06,0.000000000000e+00,1,0.000000000000e+00,True
651,PHYSICAL_MESH,-0.4519531250,-0.2821644743,1.989413794945e-05,6.417121767299e-06,0.000000000000e+00,1,0.000000000000e+00,True
652,PHYSICAL_MESH,-0.4279296875,-0.2821644743,1.986133065657e-05,5.244869953458e-06,0.000000000000e+00,1,0.000000000000e+00,True
653,PHYSICAL_MESH,-0.4039062500,-0.2821644743,1.986156712519e-05,4.229739715811e-06,0.000000000000e+00,1,0.000000000000e+00,True
654,PHYSICAL_MESH,-0.3798828125,-0.2821644743,1.991210956476e-05,3.360150685694e-06,0.000000000000e+00,1,0.000000000000e+00,True
655,PHYSICAL_MESH,-0.3558593750,-0.2821644743,2.002566179726e-05,2.624312173793e-06,0.000000000000e+00,1,0.000000000000e+00,True
656,PHYSICAL_MESH,-0.3318359375,-0.2821644743,2.021139698627e-05,2.012245431615e-06,0.000000000000e+00,1,0.000000000000e+00,True
657,PHYSICAL_MESH,-0.3078125000,-0.2821644743,2.047613816103e-05,1.517242253612e-06,0.000000000000e+00,1,0.000000000000e+00,True
658,PHYSICAL_MESH,-0.2837890625,-0.2821644743,2.082546598103e-05,1.136792093348e-06,0.000000000000e+00,1,0.000000000000e+00,True
659,PHYSICAL_MESH,-0.2597656250,-0.2821644743,2.126461731677e-05,8.731379352866e-07,0.000000000000e+00,1,0.000000000000e+00,True
660,PHYSICAL_MESH,-0.2357421875,-0.2821644743,2.179912735301e-05,7.335988811974e-07,0.000000000000e+00,1,0.000000000000e+00,True
661,PHYSICAL_MESH,-0.2117187500,-0.2821644743,2.243510971311e-05,7.307073701668e-07,0.000000000000e+00,1,0.000000000000e+00,True
662,PHYSICAL_MESH,-0.1876953125,-0.2821644743,2.317915459571e-05,8.820846915114e-07,0.000000000000e+00,1,0.000000000000e+00,True
663,PHYSICAL_MESH,-0.1636718750,-0.2821644743,2.403771759418e-05,1.209846232086e-06,0.000000000000e+00,1,0.000000000000e+00,True
664,PHYSICAL_MESH,-0.1396484375,-0.2821644743,2.501593917259e-05,1.739218760122e-06,0.000000000000e+00,1,0.000000000000e+00,True
665,PHYSICAL_MESH,-0.1156250000,-0.2821644743,2.611589479784e-05,2.496032038835e-06,0.000000000000e+00,1,0.000000000000e+00,True
666,PHYSICAL_MESH,-0.0906250000,-0.2821644743,2.738659350143e-05,3.549446773832e-06,0.000000000000e+00,1,0.000000000000e+00,True
667,PHYSICAL_MESH,-0.0737500000,-0.2821644743,2.831227175193e-05,4.427626663528e-06,0.000000000000e+00,1,0.000000000000e+00,True
668,PHYSICAL_MESH,-0.0625000000,-0.2821644743,2.895592297136e-05,5.087644240120e-06,0.000000000000e+00,1,0.000000000000e+00,True
669,PHYSICAL_MESH,-0.0550000000,-0.2821644743,2.939531623269e-05,5.560152658290e-06,0.000000000000e+00,1,0.000000000000e+00,True
670,PHYSICAL_MESH,-0.0500000000,-0.2821644743,2.969230808958e-05,5.889269687032e-06,0.000000000000e+00,1,0.000000000000e+00,True
671,PHYSICAL_MESH,-0.0450000000,-0.2821644743,2.999221032951e-05,6.229348400666e-06,0.000000000000e+00,1,0.000000000000e+00,True
672,PHYSICAL_MESH,-0.0400000000,-0.2821644743,3.029474100913e-05,6.580200079043e-06,0.000000000000e+00,1,0.000000000000e+00,True
673,PHYSICAL_MESH,-0.0350000000,-0.2821644743,3.059960363316e-05,6.941584160813e-06,0.000000000000e+00,1,0.000000000000e+00,True
674,PHYSICAL_MESH,-0.0300000000,-0.2821644743,3.090648533544e-05,7.313214155147e-06,0.000000000000e+00,1,0.000000000000e+00,True
675,PHYSICAL_MESH,-0.0250000000,-0.2821644743,3.121505505987e-05,7.694759915466e-06,0.000000000000e+00,1,0.000000000000e+00,True
676,PHYSICAL_MESH,-0.0200000000,-0.2821644743,3.152497447445e-05,8.085849003692e-06,0.000000000000e+00,1,0.000000000000e+00,True
677,PHYSICAL_MESH,-0.0150000000,-0.2821644743,3.183589797118e-05,8.486068509228e-06,0.000000000000e+00,1,0.000000000000e+00,True
678,PHYSICAL_MESH,-0.0100000000,-0.2821644743,3.214746175217e-05,8.894962775230e-06,0.000000000000e+00,1,0.000000000000e+00,True
679,PHYSICAL_MESH,-0.0050000000,-0.2821644743,3.245930565754e-05,9.312040674558e-06,0.000000000000e+00,1,0.000000000000e+00,True
680,PHYSICAL_MESH,0.0000000000,-0.2821644743,3.277106952737e-05,9.736785614223e-06,0.000000000000e+00,1,0.000000000000e+00,True
681,PHYSICAL_MESH,0.0050000000,-0.2821644743,3.308238956379e-05,1.016865007841e-05,0.000000000000e+00,1,0.000000000000e+00,True
682,PHYSICAL_MESH,0.0100000000,-0.2821644743,3.339289833093e-05,1.060705926648e-05,0.000000000000e+00,1,0.000000000000e+00,True
683,PHYSICAL_MESH,0.0150000000,-0.2821644743,3.370222475496e-05,1.105140563595e-05,0.000000000000e+00,1,0.000000000000e+00,True
684,PHYSICAL_MESH,0.0200000000,-0.2821644743,3.401000140002e-05,1.150106254499e-05,0.000000000000e+00,1,0.000000000000e+00,True
685,PHYSICAL_MESH,0.0250000000,-0.2821644743,3.431587174418e-05,1.195538970933e-05,0.000000000000e+00,1,0.000000000000e+00,True
686,PHYSICAL_MESH,0.0300000000,-0.2821644743,3.461949381744e-05,1.241373956873e-05,0.000000000000e+00,1,0.000000000000e+00,True
687,PHYSICAL_MESH,0.0350000000,-0.2821644743,3.492055111565e-05,1.287546456297e-05,0.000000000000e+00,1,0.000000000000e+00,True
688,PHYSICAL_MESH,0.0400000000,-0.2821644743,3.521872713463e-05,1.333990621788e-05,0.000000000000e+00,1,0.000000000000e+00,True
689,PHYSICAL_MESH,0.0450000000,-0.2821644743,3.551372356014e-05,1.380639150739e-05,0.000000000000e+00,1,0.000000000000e+00,True
690,PHYSICAL_MESH,0.0500000000,-0.2821644743,3.580526390579e-05,1.427425650036e-05,0.000000000000e+00,1,0.000000000000e+00,True
691,PHYSICAL_MESH,0.0550000000,-0.2821644743,3.609307532315e-05,1.474287819292e-05,0.000000000000e+00,1,0.000000000000e+00,True
692,PHYSICAL_MESH,0.0600000000,-0.2821644743,3.637689951574e-05,1.521167814644e-05,0.000000000000e+00,1,0.000000000000e+00,True
693,PHYSICAL_MESH,0.0650000000,-0.2821644743,3.665647818707e-05,1.568012885400e-05,0.000000000000e+00,1,0.000000000000e+00,True
694,PHYSICAL_MESH,0.0700000000,-0.2821644743,3.693154576467e-05,1.614773645997e-05,0.000000000000e+00,1,0.000000000000e+00,True
695,PHYSICAL_MESH,0.0750000000,-0.2821644743,3.720182576217e-05,1.661404894548e-05,0.000000000000e+00,1,0.000000000000e+00,True
696,PHYSICAL_MESH,0.0800000000,-0.2821644743,3.746704533114e-05,1.707869887468e-05,0.000000000000e+00,1,0.000000000000e+00,True
697,PHYSICAL_MESH,0.0850000000,-0.2821644743,3.772695708903e-05,1.754141339916e-05,0.000000000000e+00,1,0.000000000000e+00,True
698,PHYSICAL_MESH,0.0900000000,-0.2821644743,3.798130273935e-05,1.800200880098e-05,0.000000000000e+00,1,0.000000000000e+00,True
699,PHYSICAL_MESH,0.0950000000,-0.2821644743,3.822982034762e-05,1.846032137109e-05,0.000000000000e+00,1,0.000000000000e+00,True
700,PHYSICAL_MESH,0.1000000000,-0.2821644743,3.847217885777e-05,1.891614738270e-05,0.000000000000e+00,1,0.000000000000e+00,True
701,PHYSICAL_MESH,0.1050000000,-0.2821644743,3.870799992001e-05,1.936925764312e-05,0.000000000000e+00,1,0.000000000000e+00,True
702,PHYSICAL_MESH,0.1100000000,-0.2821644743,3.893687244272e-05,1.981944842555e-05,0.000000000000e+00,1,0.000000000000e+00,True
703,PHYSICAL_MESH,0.1150000000,-0.2821644743,3.915835986845e-05,2.026656147791e-05,0.000000000000e+00,1,0.000000000000e+00,True
704,PHYSICAL_MESH,0.1225000000,-0.2821644743,3.947563891415e-05,2.093074726872e-05,0.000000000000e+00,1,0.000000000000e+00,True
705,PHYSICAL_MESH,0.1337500000,-0.2821644743,3.991411358584e-05,2.191024759668e-05,0.000000000000e+00,1,0.000000000000e+00,True
706,PHYSICAL_MESH,0.1506250000,-0.2821644743,4.047230686410e-05,2.332883195777e-05,0.000000000000e+00,1,0.000000000000e+00,True
707,PHYSICAL_MESH,0.1756250000,-0.2821644743,4.100998194190e-05,2.521808892197e-05,0.000000000000e+00,1,0.000000000000e+00,True
708,PHYSICAL_MESH,0.2005769231,-0.2821644743,4.106499181944e-05,2.664772910066e-05,0.000000000000e+00,1,0.000000000000e+00,True
709,PHYSICAL_MESH,0.2255288462,-0.2821644743,4.043153967359e-05,2.731137465162e-05,0.000000000000e+00,1,0.000000000000e+00,True
710,PHYSICAL_MESH,0.2504807693,-0.2821644743,3.885035403073e-05,2.683636739675e-05,0.000000000000e+00,1,0.000000000000e+00,True
711,PHYSICAL_MESH,0.2754326924,-0.2821644743,3.599649062380e-05,2.470232720952e-05,0.000000000000e+00,1,0.000000000000e+00,True
712,PHYSICAL_MESH,0.3003846155,-0.2821644743,3.150001430186e-05,2.000278072956e-05,0.000000000000e+00,1,0.000000000000e+00,True
713,PHYSICAL_MESH,0.3253365386,-0.2821644743,2.510151352908e-05,1.126297502196e-05,0.000000000000e+00,1,0.000000000000e+00,True
714,PHYSICAL_MESH,0.3502884617,-0.2821644743,1.693648300716e-05,-3.485318529783e-06,0.000000000000e+00,1,0.000000000000e+00,True
715,PHYSICAL_MESH,0.3752403848,-0.2821644743,7.892387657193e-06,-2.630642120494e-05,0.000000000000e+00,1,0.000000000000e+00,True
716,PHYSICAL_MESH,0.4001923079,-0.2821644743,-1.129338542682e-07,-5.843715189258e-05,0.000000000000e+00,1,0.000000000000e+00,True
717,PHYSICAL_MESH,0.4251442310,-0.2821644743,-4.226755208947e-06,-9.880811558105e-05,0.000000000000e+00,1,0.000000000000e+00,True
718,PHYSICAL_MESH,0.4500961541,-0.2821644743,-1.462471118430e-06,-1.426111557521e-04,0.000000000000e+00,1,0.000000000000e+00,True
719,PHYSICAL_MESH,0.4750480772,-0.2821644743,9.818514627113e-06,-1.810840331018e-04,0.000000000000e+00,1,0.000000000000e+00,True
720,PHYSICAL_MESH,0.5000000000,-0.2821644743,2.818856410158e-05,-2.026527945418e-04,0.000000000000e+00,1,0.000000000000e+00,True
721,PHYSICAL_MESH,-0.5000000000,-0.2579605270,2.151109765691e-05,9.253943971999e-06,0.000000000000e+00,1,0.000000000000e+00,True
722,PHYSICAL_MESH,-0.4759765625,-0.2579605270,2.151151602447e-05,7.839318641345e-06,0.000000000000e+00,1,0.000000000000e+00,True
723,PHYSICAL_MESH,-0.4519531250,-0.2579605270,2.149318243028e-05,6.556181233464e-06,0.000000000000e+00,1,0.000000000000e+00,True
724,PHYSICAL_MESH,-0.4279296875,-0.2579605270,2.148185012629e-05,5.406831405708e-06,0.000000000000e+00,1,0.000000000000e+00,True
725,PHYSICAL_MESH,-0.4039062500,-0.2579605270,2.149848842237e-05,4.389035893837e-06,0.000000000000e+00,1,0.000000000000e+00,True
726,PHYSICAL_MESH,-0.3798828125,-0.2579605270,2.155962647521e-05,3.497657189655e-06,0.000000000000e+00,1,0.000000000000e+00,True
727,PHYSICAL_MESH,-0.3558593750,-0.2579605270,2.167798083974e-05,2.726581215029e-06,0.000000000000e+00,1,0.000000000000e+00,True
728,PHYSICAL_MESH,-0.3318359375,-0.2579605270,2.186333585996e-05,2.070469690807e-06,0.000000000000e+00,1,0.000000000000e+00,True
729,PHYSICAL_MESH,-0.3078125000,-0.2579605270,2.212356594100e-05,1.526155983811e-06,0.000000000000e+00,1,0.000000000000e+00,True
730,PHYSICAL_MESH,-0.2837890625,-0.2579605270,2.246565964015e-05,1.093691707865e-06,0.000000000000e+00,1,0.000000000000e+00,True
731,PHYSICAL_MESH,-0.2597656250,-0.2579605270,2.289665280841e-05,7.771411105750e-07,0.000000000000e+00,1,0.000000000000e+00,True
732,PHYSICAL_MESH,-0.2357421875,-0.2579605270,2.342441439396e-05,5.852255640093e-07,0.000000000000e+00,1,0.000000000000e+00,True
733,PHYSICAL_MESH,-0.2117187500,-0.2579605270,2.405818850093e-05,5.318444209479e-07,0.000000000000e+00,1,0.000000000000e+00,True
734,PHYSICAL_MESH,-0.1876953125,-0.2579605270,2.480881448719e-05,6.363850957314e-07,0.000000000000e+00,1,0.000000000000e+00,True
735,PHYSICAL_MESH,-0.1636718750,-0.2579605270,2.568842319306e-05,9.235790230377e-07,0.000000000000e+00,1,0.000000000000e+00,True
736,PHYSICAL_MESH,-0.1396484375,-0.2579605270,2.670944559213e-05,1.422493937753e-06,0.000000000000e+00,1,0.000000000000e+00,True
737,PHYSICAL_MESH,-0.1156250000,-0.2579605270,2.788274105114e-05,2.164154921047e-06,0.000000000000e+00,1,0.000000000000e+00,True
738,PHYSICAL_MESH,-0.0906250000,-0.2579605270,2.927275636466e-05,3.224768533983e-06,0.000000000000e+00,1,0.000000000000e+00,True
739,PHYSICAL_MESH,-0.0737500000,-0.2579605270,3.030926200154e-05,4.124909082748e-06,0.000000000000e+00,1,0.000000000000e+00,True
740,PHYSICAL_MESH,-0.0625000000,-0.2579605270,3.104212373728e-05,4.808293851966e-06,0.000000000000e+00,1,0.000000000000e+00,True
741,PHYSICAL_MESH,-0.0550000000,-0.2579605270,3.154823207296e-05,5.300464636093e-06,0.000000000000e+00,1,0.000000000000e+00,True
742,PHYSICAL_MESH,-0.0500000000,-0.2579605270,3.189302151441e-05,5.644539214700e-06,0.000000000000e+00,1,0.000000000000e+00,True
743,PHYSICAL_MESH,-0.0450000000,-0.2579605270,3.224343163311e-05,6.001058864058e-06,0.000000000000e+00,1,0.000000000000e+00,True
744,PHYSICAL_MESH,-0.0400000000,-0.2579605270,3.259922232246e-05,6.369843049470e-06,0.000000000000e+00,1,0.000000000000e+00,True
745,PHYSICAL_MESH,-0.0350000000,-0.2579605270,3.296013528598e-05,6.750651664333e-06,0.000000000000e+00,1,0.000000000000e+00,True
746,PHYSICAL_MESH,-0.0300000000,-0.2579605270,3.332589039928e-05,7.143188668124e-06,0.000000000000e+00,1,0.000000000000e+00,True
747,PHYSICAL_MESH,-0.0250000000,-0.2579605270,3.369617843418e-05,7.547100722149e-06,0.000000000000e+00,1,0.000000000000e+00,True
748,PHYSICAL_MESH,-0.0200000000,-0.2579605270,3.407068652450e-05,7.961981282278e-06,0.000000000000e+00,1,0.000000000000e+00,True
749,PHYSICAL_MESH,-0.0150000000,-0.2579605270,3.444909452810e-05,8.387386515096e-06,0.000000000000e+00,1,0.000000000000e+00,True
750,PHYSICAL_MESH,-0.0100000000,-0.2579605270,3.483107502689e-05,8.822828021948e-06,0.000000000000e+00,1,0.000000000000e+00,True
751,PHYSICAL_MESH,-0.0050000000,-0.2579605270,3.521627877490e-05,9.267770110455e-06,0.000000000000e+00,1,0.000000000000e+00,True
752,PHYSICAL_MESH,0.0000000000,-0.2579605270,3.560434925021e-05,9.721622518555e-06,0.000000000000e+00,1,0.000000000000e+00,True
753,PHYSICAL_MESH,0.0050000000,-0.2579605270,3.599494812079e-05,1.018375678541e-05,0.000000000000e+00,1,0.000000000000e+00,True
754,PHYSICAL_MESH,0.0100000000,-0.2579605270,3.638775160653e-05,1.065352353180e-05,0.000000000000e+00,1,0.000000000000e+00,True
755,PHYSICAL_MESH,0.0150000000,-0.2579605270,3.678248322103e-05,1.113025064114e-05,0.000000000000e+00,1,0.000000000000e+00,True
756,PHYSICAL_MESH,0.0200000000,-0.2579605270,3.717889921973e-05,1.161324144050e-05,0.000000000000e+00,1,0.000000000000e+00,True
757,PHYSICAL_MESH,0.0250000000,-0.2579605270,3.757677040994e-05,1.210178106703e-05,0.000000000000e+00,1,0.000000000000e+00,True
758,PHYSICAL_MESH,0.0300000000,-0.2579605270,3.797589670285e-05,1.259514283447e-05,0.000000000000e+00,1,0.000000000000e+00,True
759,PHYSICAL_MESH,0.0350000000,-0.2579605270,3.837609256152e-05,1.309262279392e-05,0.000000000000e+00,1,0.000000000000e+00,True
760,PHYSICAL_MESH,0.0400000000,-0.2579605270,3.877717608702e-05,1.359351790597e-05,0.000000000000e+00,1,0.000000000000e+00,True
761,PHYSICAL_MESH,0.0450000000,-0.2579605270,3.917893991456e-05,1.409710785083e-05,0.000000000000e+00,1,0.000000000000e+00,True
762,PHYSICAL_MESH,0.0500000000,-0.2579605270,3.958116212743e-05,1.460269959352e-05,0.000000000000e+00,1,0.000000000000e+00,True
763,PHYSICAL_MESH,0.0550000000,-0.2579605270,3.998361353297e-05,1.510967194918e-05,0.000000000000e+00,1,0.000000000000e+00,True
764,PHYSICAL_MESH,0.0600000000,-0.2579605270,4.038609040435e-05,1.561749559187e-05,0.000000000000e+00,1,0.000000000000e+00,True
765,PHYSICAL_MESH,0.0650000000,-0.2579605270,4.078840720467e-05,1.612573396415e-05,0.000000000000e+00,1,0.000000000000e+00,True
766,PHYSICAL_MESH,0.0700000000,-0.2579605270,4.119042569073e-05,1.663404327701e-05,0.000000000000e+00,1,0.000000000000e+00,True
767,PHYSICAL_MESH,0.0750000000,-0.2579605270,4.159204036114e-05,1.714218160487e-05,0.000000000000e+00,1,0.000000000000e+00,True
768,PHYSICAL_MESH,0.0800000000,-0.2579605270,4.199316754239e-05,1.764999797160e-05,0.000000000000e+00,1,0.000000000000e+00,True
769,PHYSICAL_MESH,0.0850000000,-0.2579605270,4.239368354320e-05,1.815737959987e-05,0.000000000000e+00,1,0.000000000000e+00,True
770,PHYSICAL_MESH,0.0900000000,-0.2579605270,4.279341737856e-05,1.866418278951e-05,0.000000000000e+00,1,0.000000000000e+00,True
771,PHYSICAL_MESH,0.0950000000,-0.2579605270,4.319214713178e-05,1.917026565934e-05,0.000000000000e+00,1,0.000000000000e+00,True
772,PHYSICAL_MESH,0.1000000000,-0.2579605270,4.358966180007e-05,1.967555181182e-05,0.000000000000e+00,1,0.000000000000e+00,True
773,PHYSICAL_MESH,0.1050000000,-0.2579605270,4.398577220854e-05,2.018006489379e-05,0.000000000000e+00,1,0.000000000000e+00,True
774,PHYSICAL_MESH,0.1100000000,-0.2579605270,4.438027099241e-05,2.068386675091e-05,0.000000000000e+00,1,0.000000000000e+00,True
775,PHYSICAL_MESH,0.1150000000,-0.2579605270,4.477288894122e-05,2.118695920217e-05,0.000000000000e+00,1,0.000000000000e+00,True
776,PHYSICAL_MESH,0.1225000000,-0.2579605270,4.535764310276e-05,2.193998989242e-05,0.000000000000e+00,1,0.000000000000e+00,True
777,PHYSICAL_MESH,0.1337500000,-0.2579605270,4.622341657523e-05,2.306589522050e-05,0.000000000000e+00,1,0.000000000000e+00,True
778,PHYSICAL_MESH,0.1506250000,-0.2579605270,4.748523861053e-05,2.473460881447e-05,0.000000000000e+00,1,0.000000000000e+00,True
779,PHYSICAL_MESH,0.1756250000,-0.2579605270,4.920538412989e-05,2.707259591261e-05,0.000000000000e+00,1,0.000000000000e+00,True
780,PHYSICAL_MESH,0.2005769231,-0.2579605270,5.059730392531e-05,2.909567592724e-05,0.000000000000e+00,1,0.000000000000e+00,True
781,PHYSICAL_MESH,0.2255288462,-0.2579605270,5.142670488567e-05,3.056244531763e-05,0.000000000000e+00,1,0.000000000000e+00,True
782,PHYSICAL_MESH,0.2504807693,-0.2579605270,5.136973049957e-05,3.114547871519e-05,0.000000000000e+00,1,0.000000000000e+00,True
783,PHYSICAL_MESH,0.2754326924,-0.2579605270,4.997638825444e-05,3.035879490199e-05,0.000000000000e+00,1,0.000000000000e+00,True
784,PHYSICAL_MESH,0.3003846155,-0.2579605270,4.661847560783e-05,2.724020487221e-05,0.000000000000e+00,1,0.000000000000e+00,True
785,PHYSICAL_MESH,0.3253365386,-0.2579605270,4.060387072968e-05,1.993079604290e-05,0.000000000000e+00,1,0.000000000000e+00,True
786,PHYSICAL_MESH,0.3502884617,-0.2579605270,3.156790262437e-05,5.577335286944e-06,0.000000000000e+00,1,0.000000000000e+00,True
787,PHYSICAL_MESH,0.3752403848,-0.2579605270,2.010412208620e-05,-1.933820931299e-05,0.000000000000e+00,1,0.000000000000e+00,True
788,PHYSICAL_MESH,0.4001923079,-0.2579605270,8.461843208352e-06,-5.778667400591e-05,0.000000000000e+00,1,0.000000000000e+00,True
789,PHYSICAL_MESH,0.4251442310,-0.2579605270,7.315370567085e-07,-1.097758358810e-04,0.000000000000e+00,1,0.000000000000e+00,True
790,PHYSICAL_MESH,0.4500961541,-0.2579605270,1.800050085876e-06,-1.696824620012e-04,0.000000000000e+00,1,0.000000000000e+00,True
791,PHYSICAL_MESH,0.4750480772,-0.2579605270,1.502503710071e-05,-2.252052945551e-04,0.000000000000e+00,1,0.000000000000e+00,True
792,PHYSICAL_MESH,0.5000000000,-0.2579605270,3.918852962670e-05,-2.580755681265e-04,0.000000000000e+00,1,0.000000000000e+00,True
793,PHYSICAL_MESH,-0.5000000000,-0.2337565797,2.294332080055e-05,9.190958735417e-06,0.000000000000e+00,1,0.000000000000e+00,True
794,PHYSICAL_MESH,-0.4759765625,-0.2337565797,2.296260026924e-05,7.868267857702e-06,0.000000000000e+00,1,0.000000000000e+00,True
795,PHYSICAL_MESH,-0.4519531250,-0.2337565797,2.296290040249e-05,6.641442269029e-06,0.000000000000e+00,1,0.000000000000e+00,True
796,PHYSICAL_MESH,-0.4279296875,-0.2337565797,2.296765524079e-05,5.518906164070e-06,0.000000000000e+00,1,0.000000000000e+00,True
797,PHYSICAL_MESH,-0.4039062500,-0.2337565797,2.299610605405e-05,4.504308890318e-06,0.000000000000e+00,1,0.000000000000e+00,True
798,PHYSICAL_MESH,-0.3798828125,-0.2337565797,2.306370333827e-05,3.597964450819e-06,0.000000000000e+00,1,0.000000000000e+00,True
799,PHYSICAL_MESH,-0.3558593750,-0.2337565797,2.318269434909e-05,2.798527475534e-06,0.000000000000e+00,1,0.000000000000e+00,True
800,PHYSICAL_MESH,-0.3318359375,-0.2337565797,2.336290344829e-05,2.104560735461e-06,0.000000000000e+00,1,0.000000000000e+00,True
801,PHYSICAL_MESH,-0.3078125000,-0.2337565797,2.361261977057e-05,1.515858002676e-06,0.000000000000e+00,1,0.000000000000e+00,True
802,PHYSICAL_MESH,-0.2837890625,-0.2337565797,2.393955765001e-05,1.034530214383e-06,0.000000000000e+00,1,0.000000000000e+00,True
803,PHYSICAL_MESH,-0.2597656250,-0.2337565797,2.435181886540e-05,6.659392397523e-07,0.000000000000e+00,1,0.000000000000e+00,True
804,PHYSICAL_MESH,-0.2357421875,-0.2337565797,2.485881850589e-05,4.195612177682e-07,0.000000000000e+00,1,0.000000000000e+00,True
805,PHYSICAL_MESH,-0.2117187500,-0.2337565797,2.547213080106e-05,3.098197964846e-07,0.000000000000e+00,1,0.000000000000e+00,True
806,PHYSICAL_MESH,-0.1876953125,-0.2337565797,2.620610575832e-05,3.568197826098e-07,0.000000000000e+00,1,0.000000000000e+00,True
807,PHYSICAL_MESH,-0.1636718750,-0.2337565797,2.707807470870e-05,5.867402705917e-07,0.000000000000e+00,1,0.000000000000e+00,True
808,PHYSICAL_MESH,-0.1396484375,-0.2337565797,2.810779551510e-05,1.031415649777e-06,0.000000000000e+00,1,0.000000000000e+00,True
809,PHYSICAL_MESH,-0.1156250000,-0.2337565797,2.931575727416e-05,1.726418190628e-06,0.000000000000e+00,1,0.000000000000e+00,True
810,PHYSICAL_MESH,-0.0906250000,-0.2337565797,3.078189547523e-05,2.753447915893e-06,0.000000000000e+00,1,0.000000000000e+00,True
811,PHYSICAL_MESH,-0.0737500000,-0.2337565797,3.189980998286e-05,3.643537411335e-06,0.000000000000e+00,1,0.000000000000e+00,True
812,PHYSICAL_MESH,-0.0625000000,-0.2337565797,3.270273737144e-05,4.327466740506e-06,0.000000000000e+00,1,0.000000000000e+00,True
813,PHYSICAL_MESH,-0.0550000000,-0.2337565797,3.326315709273e-05,4.823592462344e-06,0.000000000000e+00,1,0.000000000000e+00,True
814,PHYSICAL_MESH,-0.0500000000,-0.2337565797,3.364766598679e-05,5.171987140784e-06,0.000000000000e+00,1,0.000000000000e+00,True
815,PHYSICAL_MESH,-0.0450000000,-0.2337565797,3.404067683732e-05,5.534211140912e-06,0.000000000000e+00,1,0.000000000000e+00,True
816,PHYSICAL_MESH,-0.0400000000,-0.2337565797,3.444201138336e-05,5.910114850849e-06,0.000000000000e+00,1,0.000000000000e+00,True
817,PHYSICAL_MESH,-0.0350000000,-0.2337565797,3.485145862214e-05,6.299476353888e-06,0.000000000000e+00,1,0.000000000000e+00,True
818,PHYSICAL_MESH,-0.0300000000,-0.2337565797,3.526878208504e-05,6.702007340209e-06,0.000000000000e+00,1,0.000000000000e+00,True
819,PHYSICAL_MESH,-0.0250000000,-0.2337565797,3.569372711354e-05,7.117362201825e-06,0.000000000000e+00,1,0.000000000000e+00,True
820,PHYSICAL_MESH,-0.0200000000,-0.2337565797,3.612602085923e-05,7.545129847131e-06,0.000000000000e+00,1,0.000000000000e+00,True
821,PHYSICAL_MESH,-0.0150000000,-0.2337565797,3.656537228380e-05,7.984817784745e-06,0.000000000000e+00,1,0.000000000000e+00,True
822,PHYSICAL_MESH,-0.0100000000,-0.2337565797,3.701149398694e-05,8.435871677648e-06,0.000000000000e+00,1,0.000000000000e+00,True
823,PHYSICAL_MESH,-0.0050000000,-0.2337565797,3.746415677597e-05,8.897701263777e-06,0.000000000000e+00,1,0.000000000000e+00,True
824,PHYSICAL_MESH,0.0000000000,-0.2337565797,3.792320057983e-05,9.369674444315e-06,0.000000000000e+00,1,0.000000000000e+00,True
825,PHYSICAL_MESH,0.0050000000,-0.2337565797,3.838850170723e-05,9.851082722889e-06,0.000000000000e+00,1,0.000000000000e+00,True
826,PHYSICAL_MESH,0.0100000000,-0.2337565797,3.885995465680e-05,1.034114939102e-05,0.000000000000e+00,1,0.000000000000e+00,True
827,PHYSICAL_MESH,0.0150000000,-0.2337565797,3.933747211704e-05,1.083906681743e-05,0.000000000000e+00,1,0.000000000000e+00,True
828,PHYSICAL_MESH,0.0200000000,-0.2337565797,3.982094494859e-05,1.134399826697e-05,0.000000000000e+00,1,0.000000000000e+00,True
829,PHYSICAL_MESH,0.0250000000,-0.2337565797,4.031024946016e-05,1.185510882351e-05,0.000000000000e+00,1,0.000000000000e+00,True
830,PHYSICAL_MESH,0.0300000000,-0.2337565797,4.080521102878e-05,1.237158085132e-05,0.000000000000e+00,1,0.000000000000e+00,True
831,PHYSICAL_MESH,0.0350000000,-0.2337565797,4.130561137572e-05,1.289260762860e-05,0.000000000000e+00,1,0.000000000000e+00,True
832,PHYSICAL_MESH,0.0400000000,-0.2337565797,4.181118129054e-05,1.341740062344e-05,0.000000000000e+00,1,0.000000000000e+00,True
833,PHYSICAL_MESH,0.0450000000,-0.2337565797,4.232165520079e-05,1.394520131726e-05,0.000000000000e+00,1,0.000000000000e+00,True
834,PHYSICAL_MESH,0.0500000000,-0.2337565797,4.283682210371e-05,1.447533031751e-05,0.000000000000e+00,1,0.000000000000e+00,True
835,PHYSICAL_MESH,0.0550000000,-0.2337565797,4.335656558396e-05,1.500722282799e-05,0.000000000000e+00,1,0.000000000000e+00,True
836,PHYSICAL_MESH,0.0600000000,-0.2337565797,4.388086017570e-05,1.554044138175e-05,0.000000000000e+00,1,0.000000000000e+00,True
837,PHYSICAL_MESH,0.0650000000,-0.2337565797,4.440974953468e-05,1.607469857845e-05,0.000000000000e+00,1,0.000000000000e+00,True
838,PHYSICAL_MESH,0.0700000000,-0.2337565797,4.494327004068e-05,1.660981251916e-05,0.000000000000e+00,1,0.000000000000e+00,True
839,PHYSICAL_MESH,0.0750000000,-0.2337565797,4.548141441774e-05,1.714559948596e-05,0.000000000000e+00,1,0.000000000000e+00,True
840,PHYSICAL_MESH,0.0800000000,-0.2337565797,4.602411718224e-05,1.768186666595e-05,0.000000000000e+00,1,0.000000000000e+00,True
841,PHYSICAL_MESH,0.0850000000,-0.2337565797,4.657136014430e-05,1.821848854888e-05,0.000000000000e+00,1,0.000000000000e+00,True
842,PHYSICAL_MESH,0.0900000000,-0.2337565797,4.712317968369e-05,1.875546331576e-05,0.000000000000e+00,1,0.000000000000e+00,True
843,PHYSICAL_MESH,0.0950000000,-0.2337565797,4.767967038788e-05,1.929290192493e-05,0.000000000000e+00,1,0.000000000000e+00,True
844,PHYSICAL_MESH,0.1000000000,-0.2337565797,4.824093048228e-05,1.983097718039e-05,0.000000000000e+00,1,0.000000000000e+00,True
845,PHYSICAL_MESH,0.1050000000,-0.2337565797,4.880706546828e-05,2.036987280007e-05,0.000000000000e+00,1,0.000000000000e+00,True
846,PHYSICAL_MESH,0.1100000000,-0.2337565797,4.937820995110e-05,2.090979614877e-05,0.000000000000e+00,1,0.000000000000e+00,True
847,PHYSICAL_MESH,0.1150000000,-0.2337565797,4.995457129553e-05,2.145098733308e-05,0.000000000000e+00,1,0.000000000000e+00,True
848,PHYSICAL_MESH,0.1225000000,-0.2337565797,5.082955613034e-05,2.226552169304e-05,0.000000000000e+00,1,0.000000000000e+00,True
849,PHYSICAL_MESH,0.1337500000,-0.2337565797,5.216638601269e-05,2.349379792577e-05,0.000000000000e+00,1,0.000000000000e+00,True
850,PHYSICAL_MESH,0.1506250000,-0.2337565797,5.421872265288e-05,2.533916813263e-05,0.000000000000e+00,1,0.000000000000e+00,True
851,PHYSICAL_MESH,0.1756250000,-0.2337565797,5.730110933655e-05,2.801995105983e-05,0.000000000000e+00,1,0.000000000000e+00,True
852,PHYSICAL_MESH,0.2005769231,-0.2337565797,6.029808719177e-05,3.056197601836e-05,0.000000000000e+00,1,0.000000000000e+00,True
853,PHYSICAL_MESH,0.2255288462,-0.2337565797,6.300609675236e-05,3.282983379904e-05,0.000000000000e+00,1,0.000000000000e+00,True
854,PHYSICAL_MESH,0.2504807693,-0.2337565797,6.510726234410e-05,3.459689833107e-05,0.000000000000e+00,1,0.000000000000e+00,True
855,PHYSICAL_MESH,0.2754326924,-0.2337565797,6.610189302592e-05,3.551596091711e-05,0.000000000000e+00,1,0.000000000000e+00,True
856,PHYSICAL_MESH,0.3003846155,-0.2337565797,6.514062988572e-05,3.477504287730e-05,0.000000000000e+00,1,0.000000000000e+00,True
857,PHYSICAL_MESH,0.3253365386,-0.2337565797,6.095915887272e-05,3.034019937331e-05,0.000000000000e+00,1,0.000000000000e+00,True
858,PHYSICAL_MESH,0.3502884617,-0.2337565797,5.228015652392e-05,1.839487958932e-05,0.000000000000e+00,1,0.000000000000e+00,True
859,PHYSICAL_MESH,0.3752403848,-0.2337565797,3.885396290570e-05,-6.756972197763e-06,0.000000000000e+00,1,0.000000000000e+00,True
860,PHYSICAL_MESH,0.4001923079,-0.2337565797,2.296412458236e-05,-5.130140925758e-05,0.000000000000e+00,1,0.000000000000e+00,True
861,PHYSICAL_MESH,0.4251442310,-0.2337565797,1.031250485539e-05,-1.179291284643e-04,0.000000000000e+00,1,0.000000000000e+00,True
862,PHYSICAL_MESH,0.4500961541,-0.2337565797,8.708389941603e-06,-2.007663279073e-04,0.000000000000e+00,1,0.000000000000e+00,True
863,PHYSICAL_MESH,0.4750480772,-0.2337565797,2.441278047627e-05,-2.826100972015e-04,0.000000000000e+00,1,0.000000000000e+00,True
864,PHYSICAL_MESH,0.5000000000,-0.2337565797,5.707781383535e-05,-3.344987926539e-04,0.000000000000e+00,1,0.000000000000e+00,True
865,PHYSICAL_MESH,-0.5000000000,-0.2095526324,2.426591890980e-05,9.093454536924e-06,0.000000000000e+00,1,0.000000000000e+00,True
866,PHYSICAL_MESH,-0.4759765625,-0.2095526324,2.429742380627e-05,7.857544005674e-06,0.000000000000e+00,1,0.000000000000e+00,True
867,PHYSICAL_MESH,-0.4519531250,-0.2095526324,2.431063512631e-05,6.685510015814e-06,0.000000000000e+00,1,0.000000000000e+00,True
868,PHYSICAL_MESH,-0.4279296875,-0.2095526324,2.432648398099e-05,5.591272838501e-06,0.000000000000e+00,1,0.000000000000e+00,True
869,PHYSICAL_MESH,-0.4039062500,-0.2095526324,2.436225804558e-05,4.583581812767e-06,0.000000000000e+00,1,0.000000000000e+00,True
870,PHYSICAL_MESH,-0.3798828125,-0.2095526324,2.443204357405e-05,3.667377313832e-06,0.000000000000e+00,1,0.000000000000e+00,True
871,PHYSICAL_MESH,-0.3558593750,-0.2095526324,2.454726200085e-05,2.845327571777e-06,0.000000000000e+00,1,0.000000000000e+00,True
872,PHYSICAL_MESH,-0.3318359375,-0.2095526324,2.471731568221e-05,2.119261125699e-06,0.000000000000e+00,1,0.000000000000e+00,True
873,PHYSICAL_MESH,-0.3078125000,-0.2095526324,2.495037551853e-05,1.491414650445e-06,0.000000000000e+00,1,0.000000000000e+00,True
874,PHYSICAL_MESH,-0.2837890625,-0.2095526324,2.525423406041e-05,9.655046824264e-07,0.000000000000e+00,1,0.000000000000e+00,True
875,PHYSICAL_MESH,-0.2597656250,-0.2095526324,2.563726593507e-05,5.477036779666e-07,0.000000000000e+00,1,0.000000000000e+00,True
876,PHYSICAL_MESH,-0.2357421875,-0.2095526324,2.610945557535e-05,2.476136842233e-07,0.000000000000e+00,1,0.000000000000e+00,True
877,PHYSICAL_MESH,-0.2117187500,-0.2095526324,2.668349770829e-05,7.930029966019e-08,0.000000000000e+00,1,0.000000000000e+00,True
878,PHYSICAL_MESH,-0.1876953125,-0.2095526324,2.737587237789e-05,6.237076632942e-08,0.000000000000e+00,1,0.000000000000e+00,True
879,PHYSICAL_MESH,-0.1636718750,-0.2095526324,2.820770714607e-05,2.229133286846e-07,0.000000000000e+00,1,0.000000000000e+00,True
880,PHYSICAL_MESH,-0.1396484375,-0.2095526324,2.920497172454e-05,5.938396157035e-07,0.000000000000e+00,1,0.000000000000e+00,True
881,PHYSICAL_MESH,-0.1156250000,-0.2095526324,3.039742659894e-05,1.213824702972e-06,0.000000000000e+00,1,0.000000000000e+00,True
882,PHYSICAL_MESH,-0.0906250000,-0.2095526324,3.187879701727e-05,2.167800175812e-06,0.000000000000e+00,1,0.000000000000e+00,True
883,PHYSICAL_MESH,-0.0737500000,-0.2095526324,3.303324410808e-05,3.015171841980e-06,0.000000000000e+00,1,0.000000000000e+00,True
884,PHYSICAL_MESH,-0.0625000000,-0.2095526324,3.387530523469e-05,3.675809921333e-06,0.000000000000e+00,1,0.000000000000e+00,True
885,PHYSICAL_MESH,-0.0550000000,-0.2095526324,3.446915070526e-05,4.159326181252e-06,0.000000000000e+00,1,0.000000000000e+00,True
886,PHYSICAL_MESH,-0.0500000000,-0.2095526324,3.487940557534e-05,4.500781869865e-06,0.000000000000e+00,1,0.000000000000e+00,True
887,PHYSICAL_MESH,-0.0450000000,-0.2095526324,3.530103276717e-05,4.857339718001e-06,0.000000000000e+00,1,0.000000000000e+00,True
888,PHYSICAL_MESH,-0.0400000000,-0.2095526324,3.573395224521e-05,5.228919235378e-06,0.000000000000e+00,1,0.000000000000e+00,True
889,PHYSICAL_MESH,-0.0350000000,-0.2095526324,3.617804759415e-05,5.615360805677e-06,0.000000000000e+00,1,0.000000000000e+00,True
890,PHYSICAL_MESH,-0.0300000000,-0.2095526324,3.663318057079e-05,6.016422503308e-06,0.000000000000e+00,1,0.000000000000e+00,True
891,PHYSICAL_MESH,-0.0250000000,-0.2095526324,3.709920565598e-05,6.431765996240e-06,0.000000000000e+00,1,0.000000000000e+00,True
892,PHYSICAL_MESH,-0.0200000000,-0.2095526324,3.757602826227e-05,6.860977919132e-06,0.000000000000e+00,1,0.000000000000e+00,True
893,PHYSICAL_MESH,-0.0150000000,-0.2095526324,3.806364111369e-05,7.303564871108e-06,0.000000000000e+00,1,0.000000000000e+00,True
894,PHYSICAL_MESH,-0.0100000000,-0.2095526324,3.856211696984e-05,7.758897481835e-06,0.000000000000e+00,1,0.000000000000e+00,True
895,PHYSICAL_MESH,-0.0050000000,-0.2095526324,3.907156860805e-05,8.226252248278e-06,0.000000000000e+00,1,0.000000000000e+00,True
896,PHYSICAL_MESH,0.0000000000,-0.2095526324,3.959214518545e-05,8.704873835086e-06,0.000000000000e+00,1,0.000000000000e+00,True
897,PHYSICAL_MESH,0.0050000000,-0.2095526324,4.012388308183e-05,9.193884579872e-06,0.000000000000e+00,1,0.000000000000e+00,True
898,PHYSICAL_MESH,0.0100000000,-0.2095526324,4.066670226166e-05,9.692304956843e-06,0.000000000000e+00,1,0.000000000000e+00,True
899,PHYSICAL_MESH,0.0150000000,-0.2095526324,4.122042446397e-05,1.019915634970e-05,0.000000000000e+00,1,0.000000000000e+00,True
900,PHYSICAL_MESH,0.0200000000,-0.2095526324,4.178475137451e-05,1.071345559467e-05,0.000000000000e+00,1,0.000000000000e+00,True
901,PHYSICAL_MESH,0.0250000000,-0.2095526324,4.235928281560e-05,1.123420588556e-05,0.000000000000e+00,1,0.000000000000e+00,True
902,PHYSICAL_MESH,0.0300000000,-0.2095526324,4.294362952351e-05,1.176044315798e-05,0.000000000000e+00,1,0.000000000000e+00,True
903,PHYSICAL_MESH,0.0350000000,-0.2095526324,4.353750409791e-05,1.229125700775e-05,0.000000000000e+00,1,0.000000000000e+00,True
904,PHYSICAL_MESH,0.0400000000,-0.2095526324,4.414075738168e-05,1.282581069972e-05,0.000000000000e+00,1,0.000000000000e+00,True
905,PHYSICAL_MESH,0.0450000000,-0.2095526324,4.475338209886e-05,1.336335390079e-05,0.000000000000e+00,1,0.000000000000e+00,True
906,PHYSICAL_MESH,0.0500000000,-0.2095526324,4.537545828498e-05,1.390329907736e-05,0.000000000000e+00,1,0.000000000000e+00,True
907,PHYSICAL_MESH,0.0550000000,-0.2095526324,4.600706597557e-05,1.444522058591e-05,0.000000000000e+00,1,0.000000000000e+00,True
908,PHYSICAL_MESH,0.0600000000,-0.2095526324,4.664819061873e-05,1.498868823546e-05,0.000000000000e+00,1,0.000000000000e+00,True
909,PHYSICAL_MESH,0.0650000000,-0.2095526324,4.729878855869e-05,1.553327820147e-05,0.000000000000e+00,1,0.000000000000e+00,True
910,PHYSICAL_MESH,0.0700000000,-0.2095526324,4.795891072717e-05,1.607871308806e-05,0.000000000000e+00,1,0.000000000000e+00,True
911,PHYSICAL_MESH,0.0750000000,-0.2095526324,4.862873174716e-05,1.662489376031e-05,0.000000000000e+00,1,0.000000000000e+00,True
912,PHYSICAL_MESH,0.0800000000,-0.2095526324,4.930849172524e-05,1.717182203720e-05,0.000000000000e+00,1,0.000000000000e+00,True
913,PHYSICAL_MESH,0.0850000000,-0.2095526324,4.999844531994e-05,1.771950701368e-05,0.000000000000e+00,1,0.000000000000e+00,True
914,PHYSICAL_MESH,0.0900000000,-0.2095526324,5.069894177723e-05,1.826800325944e-05,0.000000000000e+00,1,0.000000000000e+00,True
915,PHYSICAL_MESH,0.0950000000,-0.2095526324,5.141050496604e-05,1.881743810372e-05,0.000000000000e+00,1,0.000000000000e+00,True
916,PHYSICAL_MESH,0.1000000000,-0.2095526324,5.213386975811e-05,1.936803346325e-05,0.000000000000e+00,1,0.000000000000e+00,True
917,PHYSICAL_MESH,0.1050000000,-0.2095526324,5.286992382025e-05,1.992003853957e-05,0.000000000000e+00,1,0.000000000000e+00,True
918,PHYSICAL_MESH,0.1100000000,-0.2095526324,5.361963121686e-05,2.047371526714e-05,0.000000000000e+00,1,0.000000000000e+00,True
919,PHYSICAL_MESH,0.1150000000,-0.2095526324,5.438390144263e-05,2.102940561599e-05,0.000000000000e+00,1,0.000000000000e+00,True
920,PHYSICAL_MESH,0.1225000000,-0.2095526324,5.555908501265e-05,2.186675919802e-05,0.000000000000e+00,1,0.000000000000e+00,True
921,PHYSICAL_MESH,0.1337500000,-0.2095526324,5.738701293012e-05,2.313105687790e-05,0.000000000000e+00,1,0.000000000000e+00,True
922,PHYSICAL_MESH,0.1506250000,-0.2095526324,6.026461778674e-05,2.504306030460e-05,0.000000000000e+00,1,0.000000000000e+00,True
923,PHYSICAL_MESH,0.1756250000,-0.2095526324,6.477223359980e-05,2.789967766148e-05,0.000000000000e+00,1,0.000000000000e+00,True
924,PHYSICAL_MESH,0.2005769231,-0.2095526324,6.949767703190e-05,3.079069574596e-05,0.000000000000e+00,1,0.000000000000e+00,True
925,PHYSICAL_MESH,0.2255288462,-0.2095526324,7.436038868036e-05,3.369959085830e-05,0.000000000000e+00,1,0.000000000000e+00,True
926,PHYSICAL_MESH,0.2504807693,-0.2095526324,7.916453614598e-05,3.654353349702e-05,0.000000000000e+00,1,0.000000000000e+00,True
927,PHYSICAL_MESH,0.2754326924,-0.2095526324,8.352488657692e-05,3.922070027329e-05,0.000000000000e+00,1,0.000000000000e+00,True
928,PHYSICAL_MESH,0.3003846155,-0.2095526324,8.659972081659e-05,4.138192161918e-05,0.000000000000e+00,1,0.000000000000e+00,True
929,PHYSICAL_MESH,0.3253365386,-0.2095526324,8.660316962050e-05,4.137810901739e-05,0.000000000000e+00,1,0.000000000000e+00,True
930,PHYSICAL_MESH,0.3502884617,-0.2095526324,8.088604954537e-05,3.479144288576e-05,0.000000000000e+00,1,0.000000000000e+00,True
931,PHYSICAL_MESH,0.3752403848,-0.2095526324,6.730549648637e-05,1.301588054048e-05,0.000000000000e+00,1,0.000000000000e+00,True
932,PHYSICAL_MESH,0.4001923079,-0.2095526324,4.734710819321e-05,-3.586704769987e-05,0.000000000000e+00,1,0.000000000000e+00,True
933,PHYSICAL_MESH,0.4251442310,-0.2095526324,2.872907680285e-05,-1.204414948006e-04,0.000000000000e+00,1,0.000000000000e+00,True
934,PHYSICAL_MESH,0.4500961541,-0.2095526324,2.376058364462e-05,-2.358347555855e-04,0.000000000000e+00,1,0.000000000000e+00,True
935,PHYSICAL_MESH,0.4750480772,-0.2095526324,4.315817204770e-05,-3.581360797398e-04,0.000000000000e+00,1,0.000000000000e+00,True
936,PHYSICAL_MESH,0.5000000000,-0.2095526324,8.853222971084e-05,-4.426619270816e-04,0.000000000000e+00,1,0.000000000000e+00,True
937,PHYSICAL_MESH,-0.5000000000,-0.1853486851,2.548742850195e-05,8.977262950793e-06,0.000000000000e+00,1,0.000000000000e+00,True
938,PHYSICAL_MESH,-0.4759765625,-0.1853486851,2.552528712840e-05,7.820551218174e-06,0.000000000000e+00,1,0.000000000000e+00,True
939,PHYSICAL_MESH,-0.4519531250,-0.1853486851,2.554630736995e-05,6.699619916617e-06,0.000000000000e+00,1,0.000000000000e+00,True
940,PHYSICAL_MESH,-0.4279296875,-0.1853486851,2.556865001679e-05,5.633224191115e-06,0.000000000000e+00,1,0.000000000000e+00,True
941,PHYSICAL_MESH,-0.4039062500,-0.1853486851,2.560743814684e-05,4.634457582142e-06,0.000000000000e+00,1,0.000000000000e+00,True
942,PHYSICAL_MESH,-0.3798828125,-0.1853486851,2.567515912233e-05,3.712143779921e-06,0.000000000000e+00,1,0.000000000000e+00,True
943,PHYSICAL_MESH,-0.3558593750,-0.1853486851,2.578213207016e-05,2.872298182410e-06,0.000000000000e+00,1,0.000000000000e+00,True
944,PHYSICAL_MESH,-0.3318359375,-0.1853486851,2.593702083686e-05,2.119482360285e-06,0.000000000000e+00,1,0.000000000000e+00,True
945,PHYSICAL_MESH,-0.3078125000,-0.1853486851,2.614745062601e-05,1.457961161577e-06,0.000000000000e+00,1,0.000000000000e+00,True
946,PHYSICAL_MESH,-0.2837890625,-0.1853486851,2.642075378390e-05,8.927162298278e-07,0.000000000000e+00,1,0.000000000000e+00,True
947,PHYSICAL_MESH,-0.2597656250,-0.1853486851,2.676483745745e-05,4.303878426981e-07,0.000000000000e+00,1,0.000000000000e+00,True
948,PHYSICAL_MESH,-0.2357421875,-0.1853486851,2.718923315115e-05,8.024711206644e-08,0.000000000000e+00,1,0.000000000000e+00,True
949,PHYSICAL_MESH,-0.2117187500,-0.1853486851,2.770634273475e-05,-1.447120752118e-07,0.000000000000e+00,1,0.000000000000e+00,True
950,PHYSICAL_MESH,-0.1876953125,-0.1853486851,2.833288817783e-05,-2.265079501740e-07,0.000000000000e+00,1,0.000000000000e+00,True
951,PHYSICAL_MESH,-0.1636718750,-0.1853486851,2.909143950092e-05,-1.408029675076e-07,0.000000000000e+00,1,0.000000000000e+00,True
952,PHYSICAL_MESH,-0.1396484375,-0.1853486851,3.001164441230e-05,1.442306256649e-07,0.000000000000e+00,1,0.000000000000e+00,True
953,PHYSICAL_MESH,-0.1156250000,-0.1853486851,3.113034472335e-05,6.680382398372e-07,0.000000000000e+00,1,0.000000000000e+00,True
954,PHYSICAL_MESH,-0.0906250000,-0.1853486851,3.255072078900e-05,1.515606754765e-06,0.000000000000e+00,1,0.000000000000e+00,True
955,PHYSICAL_MESH,-0.0737500000,-0.1853486851,3.368174657226e-05,2.290162683494e-06,0.000000000000e+00,1,0.000000000000e+00,True
956,PHYSICAL_MESH,-0.0625000000,-0.1853486851,3.451984593994e-05,2.904632310674e-06,0.000000000000e+00,1,0.000000000000e+00,True
957,PHYSICAL_MESH,-0.0550000000,-0.1853486851,3.511727481964e-05,3.359333732078e-06,0.000000000000e+00,1,0.000000000000e+00,True
958,PHYSICAL_MESH,-0.0500000000,-0.1853486851,3.553299393388e-05,3.682736860355e-06,0.000000000000e+00,1,0.000000000000e+00,True
959,PHYSICAL_MESH,-0.0450000000,-0.1853486851,3.596274473239e-05,4.022350367450e-06,0.000000000000e+00,1,0.000000000000e+00,True
960,PHYSICAL_MESH,-0.0400000000,-0.1853486851,3.640665090643e-05,4.378219728096e-06,0.000000000000e+00,1,0.000000000000e+00,True
961,PHYSICAL_MESH,-0.0350000000,-0.1853486851,3.686483614729e-05,4.750295374834e-06,0.000000000000e+00,1,0.000000000000e+00,True
962,PHYSICAL_MESH,-0.0300000000,-0.1853486851,3.733750418178e-05,5.138419510331e-06,0.000000000000e+00,1,0.000000000000e+00,True
963,PHYSICAL_MESH,-0.0250000000,-0.1853486851,3.782498970395e-05,5.542296548811e-06,0.000000000000e+00,1,0.000000000000e+00,True
964,PHYSICAL_MESH,-0.0200000000,-0.1853486851,3.832775109913e-05,5.961476290395e-06,0.000000000000e+00,1,0.000000000000e+00,True
965,PHYSICAL_MESH,-0.0150000000,-0.1853486851,3.884634134010e-05,6.395406217052e-06,0.000000000000e+00,1,0.000000000000e+00,True
966,PHYSICAL_MESH,-0.0100000000,-0.1853486851,3.938118607039e-05,6.843353730801e-06,0.000000000000e+00,1,0.000000000000e+00,True
967,PHYSICAL_MESH,-0.0050000000,-0.1853486851,3.993246355094e-05,7.304387963813e-06,0.000000000000e+00,1,0.000000000000e+00,True
968,PHYSICAL_MESH,0.0000000000,-0.1853486851,4.050013376400e-05,7.777522114338e-06,0.000000000000e+00,1,0.000000000000e+00,True
969,PHYSICAL_MESH,0.0050000000,-0.1853486851,4.108396751690e-05,8.261732546089e-06,0.000000000000e+00,1,0.000000000000e+00,True
970,PHYSICAL_MESH,0.0100000000,-0.1853486851,4.168349187239e-05,8.755914677749e-06,0.000000000000e+00,1,0.000000000000e+00,True
971,PHYSICAL_MESH,0.0150000000,-0.1853486851,4.229815385770e-05,9.258903446607e-06,0.000000000000e+00,1,0.000000000000e+00,True
972,PHYSICAL_MESH,0.0200000000,-0.1853486851,4.292750600143e-05,9.769539246918e-06,0.000000000000e+00,1,0.000000000000e+00,True
973,PHYSICAL_MESH,0.0250000000,-0.1853486851,4.357131911092e-05,1.028665519698e-05,0.000000000000e+00,1,0.000000000000e+00,True
974,PHYSICAL_MESH,0.0300000000,-0.1853486851,4.422953497851e-05,1.080905531126e-05,0.000000000000e+00,1,0.000000000000e+00,True
975,PHYSICAL_MESH,0.0350000000,-0.1853486851,4.490224455367e-05,1.133570913225e-05,0.000000000000e+00,1,0.000000000000e+00,True
976,PHYSICAL_MESH,0.0400000000,-0.1853486851,4.558954606182e-05,1.186582721857e-05,0.000000000000e+00,1,0.000000000000e+00,True
977,PHYSICAL_MESH,0.0450000000,-0.1853486851,4.629130853573e-05,1.239864013769e-05,0.000000000000e+00,1,0.000000000000e+00,True
978,PHYSICAL_MESH,0.0500000000,-0.1853486851,4.700728459284e-05,1.293337390962e-05,0.000000000000e+00,1,0.000000000000e+00,True
979,PHYSICAL_MESH,0.0550000000,-0.1853486851,4.773741966346e-05,1.346946646663e-05,0.000000000000e+00,1,0.000000000000e+00,True
980,PHYSICAL_MESH,0.0600000000,-0.1853486851,4.848188109463e-05,1.400662313245e-05,0.000000000000e+00,1,0.000000000000e+00,True
981,PHYSICAL_MESH,0.0650000000,-0.1853486851,4.924086897518e-05,1.454465200368e-05,0.000000000000e+00,1,0.000000000000e+00,True
982,PHYSICAL_MESH,0.0700000000,-0.1853486851,5.001450335840e-05,1.508326931798e-05,0.000000000000e+00,1,0.000000000000e+00,True
983,PHYSICAL_MESH,0.0750000000,-0.1853486851,5.080311893835e-05,1.562221223139e-05,0.000000000000e+00,1,0.000000000000e+00,True
984,PHYSICAL_MESH,0.0800000000,-0.1853486851,5.160751243238e-05,1.616135341465e-05,0.000000000000e+00,1,0.000000000000e+00,True
985,PHYSICAL_MESH,0.0850000000,-0.1853486851,5.242893894319e-05,1.670061828918e-05,0.000000000000e+00,1,0.000000000000e+00,True
986,PHYSICAL_MESH,0.0900000000,-0.1853486851,5.326898099156e-05,1.723994137137e-05,0.000000000000e+00,1,0.000000000000e+00,True
987,PHYSICAL_MESH,0.0950000000,-0.1853486851,5.412933387561e-05,1.777916622814e-05,0.000000000000e+00,1,0.000000000000e+00,True
988,PHYSICAL_MESH,0.1000000000,-0.1853486851,5.501172563527e-05,1.831831468735e-05,0.000000000000e+00,1,0.000000000000e+00,True
989,PHYSICAL_MESH,0.1050000000,-0.1853486851,5.591769149760e-05,1.885764322651e-05,0.000000000000e+00,1,0.000000000000e+00,True
990,PHYSICAL_MESH,0.1100000000,-0.1853486851,5.684810821549e-05,1.939730645972e-05,0.000000000000e+00,1,0.000000000000e+00,True
991,PHYSICAL_MESH,0.1150000000,-0.1853486851,5.780314313597e-05,1.993741898332e-05,0.000000000000e+00,1,0.000000000000e+00,True
992,PHYSICAL_MESH,0.1225000000,-0.1853486851,5.928078462603e-05,2.074886651826e-05,0.000000000000e+00,1,0.000000000000e+00,True
993,PHYSICAL_MESH,0.1337500000,-0.1853486851,6.159164331621e-05,2.197228059231e-05,0.000000000000e+00,1,0.000000000000e+00,True
994,PHYSICAL_MESH,0.1506250000,-0.1853486851,6.524533819174e-05,2.383241917414e-05,0.000000000000e+00,1,0.000000000000e+00,True
995,PHYSICAL_MESH,0.1756250000,-0.1853486851,7.105666736607e-05,2.667658554856e-05,0.000000000000e+00,1,0.000000000000e+00,True
996,PHYSICAL_MESH,0.2005769231,-0.1853486851,7.740401633782e-05,2.967667205667e-05,0.000000000000e+00,1,0.000000000000e+00,True
997,PHYSICAL_MESH,0.2255288462,-0.1853486851,8.441313548246e-05,3.290483800811e-05,0.000000000000e+00,1,0.000000000000e+00,True
998,PHYSICAL_MESH,0.2504807693,-0.1853486851,9.213581506629e-05,3.642648152891e-05,0.000000000000e+00,1,0.000000000000e+00,True
999,PHYSICAL_MESH,0.2754326924,-0.1853486851,1.005232406897e-04,4.041942884214e-05,0.000000000000e+00,1,0.000000000000e+00,True
1000,PHYSICAL_MESH,0.3003846155,-0.1853486851,1.092250531656e-04,4.523665847955e-05,0.000000000000e+00,1,0.000000000000e+00,True
1001,PHYSICAL_MESH,0.3253365386,-0.1853486851,1.166572183138e-04,5.061125557404e-05,0.000000000000e+00,1,0.000000000000e+00,True
1002,PHYSICAL_MESH,0.3502884617,-0.1853486851,1.186549416161e-04,5.301151759340e-05,0.000000000000e+00,1,0.000000000000e+00,True
1003,PHYSICAL_MESH,0.3752403848,-0.1853486851,1.095362968044e-04,4.103970059077e-05,0.000000000000e+00,1,0.000000000000e+00,True
1004,PHYSICAL_MESH,0.4001923079,-0.1853486851,8.758258627495e-05,-7.098163223418e-06,0.000000000000e+00,1,0.000000000000e+00,True
1005,PHYSICAL_MESH,0.4251442310,-0.1853486851,6.300260429271e-05,-1.130194505095e-04,0.000000000000e+00,1,0.000000000000e+00,True
1006,PHYSICAL_MESH,0.4500961541,-0.1853486851,5.560927093029e-05,-2.751115825959e-04,0.000000000000e+00,1,0.000000000000e+00,True
1007,PHYSICAL_MESH,0.4750480772,-0.1853486851,8.233993139584e-05,-4.592815530486e-04,0.000000000000e+00,1,0.000000000000e+00,True
1008,PHYSICAL_MESH,0.5000000000,-0.1853486851,1.477225305280e-04,-5.999648128636e-04,0.000000000000e+00,1,0.000000000000e+00,True
1009,PHYSICAL_MESH,-0.5000000000,-0.1611447378,2.661887629074e-05,8.856265594659e-06,0.000000000000e+00,1,0.000000000000e+00,True
1010,PHYSICAL_MESH,-0.4759765625,-0.1611447378,2.665801730473e-05,7.768999239488e-06,0.000000000000e+00,1,0.000000000000e+00,True
1011,PHYSICAL_MESH,-0.4519531250,-0.1611447378,2.668234083103e-05,6.693677732983e-06,0.000000000000e+00,1,0.000000000000e+00,True
1012,PHYSICAL_MESH,-0.4279296875,-0.1611447378,2.670700268936e-05,5.653146217810e-06,0.000000000000e+00,1,0.000000000000e+00,True
1013,PHYSICAL_MESH,-0.4039062500,-0.1611447378,2.674468669284e-05,4.664049356506e-06,0.000000000000e+00,1,0.000000000000e+00,True
1014,PHYSICAL_MESH,-0.3798828125,-0.1611447378,2.680614306882e-05,3.738324039659e-06,0.000000000000e+00,1,0.000000000000e+00,True
1015,PHYSICAL_MESH,-0.3558593750,-0.1611447378,2.690042856557e-05,2.884733248720e-06,0.000000000000e+00,1,0.000000000000e+00,True
1016,PHYSICAL_MESH,-0.3318359375,-0.1611447378,2.703524660319e-05,2.110117748089e-06,0.000000000000e+00,1,0.000000000000e+00,True
1017,PHYSICAL_MESH,-0.3078125000,-0.1611447378,2.721740747802e-05,1.420457465429e-06,0.000000000000e+00,1,0.000000000000e+00,True
1018,PHYSICAL_MESH,-0.2837890625,-0.1611447378,2.745339588728e-05,8.217929234888e-07,0.000000000000e+00,1,0.000000000000e+00,True
1019,PHYSICAL_MESH,-0.2597656250,-0.1611447378,2.775010761980e-05,3.210824672806e-07,0.000000000000e+00,1,0.000000000000e+00,True
1020,PHYSICAL_MESH,-0.2357421875,-0.1611447378,2.811576814565e-05,-7.291478709703e-08,0.000000000000e+00,1,0.000000000000e+00,True
1021,PHYSICAL_MESH,-0.2117187500,-0.1611447378,2.856115497707e-05,-3.486296975552e-07,0.000000000000e+00,1,0.000000000000e+00,True
1022,PHYSICAL_MESH,-0.1876953125,-0.1611447378,2.910118564614e-05,-4.904395041194e-07,0.000000000000e+00,1,0.000000000000e+00,True
1023,PHYSICAL_MESH,-0.1636718750,-0.1611447378,2.975693132612e-05,-4.771277986038e-07,0.000000000000e+00,1,0.000000000000e+00,True
1024,PHYSICAL_MESH,-0.1396484375,-0.1611447378,3.055782872252e-05,-2.801624816584e-07,0.000000000000e+00,1,0.000000000000e+00,True
1025,PHYSICAL_MESH,-0.1156250000,-0.1611447378,3.154337537126e-05,1.376870955028e-07,0.000000000000e+00,1,0.000000000000e+00,True
1026,PHYSICAL_MESH,-0.0906250000,-0.1611447378,3.281841418357e-05,8.573770173825e-07,0.000000000000e+00,1,0.000000000000e+00,True
1027,PHYSICAL_MESH,-0.0737500000,-0.1611447378,3.385489253560e-05,1.535967953714e-06,0.000000000000e+00,1,0.000000000000e+00,True
1028,PHYSICAL_MESH,-0.0625000000,-0.1611447378,3.463560278760e-05,2.085078904202e-06,0.000000000000e+00,1,0.000000000000e+00,True
1029,PHYSICAL_MESH,-0.0550000000,-0.1611447378,3.519869278534e-05,2.496732349755e-06,0.000000000000e+00,1,0.000000000000e+00,True
1030,PHYSICAL_MESH,-0.0500000000,-0.1611447378,3.559376273188e-05,2.792074837998e-06,0.000000000000e+00,1,0.000000000000e+00,True
1031,PHYSICAL_MESH,-0.0450000000,-0.1611447378,3.600505442591e-05,3.104413053734e-06,0.000000000000e+00,1,0.000000000000e+00,True
1032,PHYSICAL_MESH,-0.0400000000,-0.1611447378,3.643313175417e-05,3.433958454480e-06,0.000000000000e+00,1,0.000000000000e+00,True
1033,PHYSICAL_MESH,-0.0350000000,-0.1611447378,3.687875141622e-05,3.780789484154e-06,0.000000000000e+00,1,0.000000000000e+00,True
1034,PHYSICAL_MESH,-0.0300000000,-0.1611447378,3.734293568414e-05,4.144825652475e-06,0.000000000000e+00,1,0.000000000000e+00,True
1035,PHYSICAL_MESH,-0.0250000000,-0.1611447378,3.782684507314e-05,4.525804797595e-06,0.000000000000e+00,1,0.000000000000e+00,True
1036,PHYSICAL_MESH,-0.0200000000,-0.1611447378,3.833149457932e-05,4.923243977828e-06,0.000000000000e+00,1,0.000000000000e+00,True
1037,PHYSICAL_MESH,-0.0150000000,-0.1611447378,3.885756814270e-05,5.336494268704e-06,0.000000000000e+00,1,0.000000000000e+00,True
1038,PHYSICAL_MESH,-0.0100000000,-0.1611447378,3.940534588764e-05,5.764796696894e-06,0.000000000000e+00,1,0.000000000000e+00,True
1039,PHYSICAL_MESH,-0.0050000000,-0.1611447378,3.997472231276e-05,6.207259048097e-06,0.000000000000e+00,1,0.000000000000e+00,True
1040,PHYSICAL_MESH,0.0000000000,-0.1611447378,4.056527541252e-05,6.662844498351e-06,0.000000000000e+00,1,0.000000000000e+00,True
1041,PHYSICAL_MESH,0.0050000000,-0.1611447378,4.117647040403e-05,7.130384801712e-06,0.000000000000e+00,1,0.000000000000e+00,True
1042,PHYSICAL_MESH,0.0100000000,-0.1611447378,4.180800169706e-05,7.608561190864e-06,0.000000000000e+00,1,0.000000000000e+00,True
1043,PHYSICAL_MESH,0.0150000000,-0.1611447378,4.245982199791e-05,8.095828889054e-06,0.000000000000e+00,1,0.000000000000e+00,True
1044,PHYSICAL_MESH,0.0200000000,-0.1611447378,4.313210956752e-05,8.590567631472e-06,0.000000000000e+00,1,0.000000000000e+00,True
1045,PHYSICAL_MESH,0.0250000000,-0.1611447378,4.382514089230e-05,9.091347237700e-06,0.000000000000e+00,1,0.000000000000e+00,True
1046,PHYSICAL_MESH,0.0300000000,-0.1611447378,4.453878500499e-05,9.596851668903e-06,0.000000000000e+00,1,0.000000000000e+00,True
1047,PHYSICAL_MESH,0.0350000000,-0.1611447378,4.527242344921e-05,1.010584401229e-05,0.000000000000e+00,1,0.000000000000e+00,True
1048,PHYSICAL_MESH,0.0400000000,-0.1611447378,4.602553235600e-05,1.061735201802e-05,0.000000000000e+00,1,0.000000000000e+00,True
1049,PHYSICAL_MESH,0.0450000000,-0.1611447378,4.679796256823e-05,1.113062535296e-05,0.000000000000e+00,1,0.000000000000e+00,True
1050,PHYSICAL_MESH,0.0500000000,-0.1611447378,4.758969589602e-05,1.164497280115e-05,0.000000000000e+00,1,0.000000000000e+00,True
1051,PHYSICAL_MESH,0.0550000000,-0.1611447378,4.840059045819e-05,1.215973043145e-05,0.000000000000e+00,1,0.000000000000e+00,True
1052,PHYSICAL_MESH,0.0600000000,-0.1611447378,4.923077722196e-05,1.267440075026e-05,0.000000000000e+00,1,0.000000000000e+00,True
1053,PHYSICAL_MESH,0.0650000000,-0.1611447378,5.008122388972e-05,1.318858448940e-05,0.000000000000e+00,1,0.000000000000e+00,True
1054,PHYSICAL_MESH,0.0700000000,-0.1611447378,5.095374581288e-05,1.370175505144e-05,0.000000000000e+00,1,0.000000000000e+00,True
1055,PHYSICAL_MESH,0.0750000000,-0.1611447378,5.185077316128e-05,1.421317938366e-05,0.000000000000e+00,1,0.000000000000e+00,True
1056,PHYSICAL_MESH,0.0800000000,-0.1611447378,5.277494710754e-05,1.472200165153e-05,0.000000000000e+00,1,0.000000000000e+00,True
1057,PHYSICAL_MESH,0.0850000000,-0.1611447378,5.372903979151e-05,1.522775073681e-05,0.000000000000e+00,1,0.000000000000e+00,True
1058,PHYSICAL_MESH,0.0900000000,-0.1611447378,5.471571785165e-05,1.573061490490e-05,0.000000000000e+00,1,0.000000000000e+00,True
1059,PHYSICAL_MESH,0.0950000000,-0.1611447378,5.573646194534e-05,1.623090065550e-05,0.000000000000e+00,1,0.000000000000e+00,True
1060,PHYSICAL_MESH,0.1000000000,-0.1611447378,5.679124296876e-05,1.672896542004e-05,0.000000000000e+00,1,0.000000000000e+00,True
1061,PHYSICAL_MESH,0.1050000000,-0.1611447378,5.787887494080e-05,1.722550769045e-05,0.000000000000e+00,1,0.000000000000e+00,True
1062,PHYSICAL_MESH,0.1100000000,-0.1611447378,5.899704046897e-05,1.772129326127e-05,0.000000000000e+00,1,0.000000000000e+00,True
1063,PHYSICAL_MESH,0.1150000000,-0.1611447378,6.014246537234e-05,1.821689511416e-05,0.000000000000e+00,1,0.000000000000e+00,True
1064,PHYSICAL_MESH,0.1225000000,-0.1611447378,6.190389103722e-05,1.896218964248e-05,0.000000000000e+00,1,0.000000000000e+00,True
1065,PHYSICAL_MESH,0.1337500000,-0.1611447378,6.462771125371e-05,2.009031413763e-05,0.000000000000e+00,1,0.000000000000e+00,True
1066,PHYSICAL_MESH,0.1506250000,-0.1611447378,6.888205098221e-05,2.181655690947e-05,0.000000000000e+00,1,0.000000000000e+00,True
1067,PHYSICAL_MESH,0.1756250000,-0.1611447378,7.567067223135e-05,2.449002386129e-05,0.000000000000e+00,1,0.000000000000e+00,True
1068,PHYSICAL_MESH,0.2005769231,-0.1611447378,8.327268005814e-05,2.734393092396e-05,0.000000000000e+00,1,0.000000000000e+00,True
1069,PHYSICAL_MESH,0.2255288462,-0.1611447378,9.203895024257e-05,3.048239523196e-05,0.000000000000e+00,1,0.000000000000e+00,True
1070,PHYSICAL_MESH,0.2504807693,-0.1611447378,1.023376535159e-04,3.406405812711e-05,0.000000000000e+00,1,0.000000000000e+00,True
1071,PHYSICAL_MESH,0.2754326924,-0.1611447378,1.145947389887e-04,3.845448736683e-05,0.000000000000e+00,1,0.000000000000e+00,True
1072,PHYSICAL_MESH,0.3003846155,-0.1611447378,1.293634559261e-04,4.456817259779e-05,0.000000000000e+00,1,0.000000000000e+00,True
1073,PHYSICAL_MESH,0.3253365386,-0.1611447378,1.469054841436e-04,5.404740659287e-05,0.000000000000e+00,1,0.000000000000e+00,True
1074,PHYSICAL_MESH,0.3502884617,-0.1611447378,1.642459537834e-04,6.791993655497e-05,0.000000000000e+00,1,0.000000000000e+00,True
1075,PHYSICAL_MESH,0.3752403848,-0.1611447378,1.696393301245e-04,7.613636989845e-05,0.000000000000e+00,1,0.000000000000e+00,True
1076,PHYSICAL_MESH,0.4001923079,-0.1611447378,1.522901293356e-04,4.149056985625e-05,0.000000000000e+00,1,0.000000000000e+00,True
1077,PHYSICAL_MESH,0.4251442310,-0.1611447378,1.242306170752e-04,-8.929167961469e-05,0.000000000000e+00,1,0.000000000000e+00,True
1078,PHYSICAL_MESH,0.4500961541,-0.1611447378,1.206078595715e-04,-3.215933975298e-04,0.000000000000e+00,1,0.000000000000e+00,True
1079,PHYSICAL_MESH,0.4750480772,-0.1611447378,1.660768757574e-04,-5.985362804495e-04,0.000000000000e+00,1,0.000000000000e+00,True
1080,PHYSICAL_MESH,0.5000000000,-0.1611447378,2.639993326738e-04,-8.325182134286e-04,0.000000000000e+00,1,0.000000000000e+00,True
1081,PHYSICAL_MESH,-0.5000000000,-0.1369407905,2.767371370282e-05,8.742328645894e-06,0.000000000000e+00,1,0.000000000000e+00,True
1082,PHYSICAL_MESH,-0.4759765625,-0.1369407905,2.770974242594e-05,7.712835213169e-06,0.000000000000e+00,1,0.000000000000e+00,True
1083,PHYSICAL_MESH,-0.4519531250,-0.1369407905,2.773363303277e-05,6.676175416942e-06,0.000000000000e+00,1,0.000000000000e+00,True
1084,PHYSICAL_MESH,-0.4279296875,-0.1369407905,2.775677057798e-05,5.658522695740e-06,0.000000000000e+00,1,0.000000000000e+00,True
1085,PHYSICAL_MESH,-0.4039062500,-0.1369407905,2.778938505799e-05,4.678931873059e-06,0.000000000000e+00,1,0.000000000000e+00,True
1086,PHYSICAL_MESH,-0.3798828125,-0.1369407905,2.784042226267e-05,3.751713620659e-06,0.000000000000e+00,1,0.000000000000e+00,True
1087,PHYSICAL_MESH,-0.3558593750,-0.1369407905,2.791759652609e-05,2.887808477681e-06,0.000000000000e+00,1,0.000000000000e+00,True
1088,PHYSICAL_MESH,-0.3318359375,-0.1369407905,2.802755443554e-05,2.095943500535e-06,0.000000000000e+00,1,0.000000000000e+00,True
1089,PHYSICAL_MESH,-0.3078125000,-0.1369407905,2.817614949890e-05,1.383571770930e-06,0.000000000000e+00,1,0.000000000000e+00,True
1090,PHYSICAL_MESH,-0.2837890625,-0.1369407905,2.836884414137e-05,7.576912253171e-07,0.000000000000e+00,1,0.000000000000e+00,True
1091,PHYSICAL_MESH,-0.2597656250,-0.1369407905,2.861124085030e-05,2.255998339251e-07,0.000000000000e+00,1,0.000000000000e+00,True
1092,PHYSICAL_MESH,-0.2357421875,-0.1369407905,2.890978430514e-05,-2.043494191639e-07,0.000000000000e+00,1,0.000000000000e+00,True
1093,PHYSICAL_MESH,-0.2117187500,-0.1369407905,2.927273271780e-05,-5.219122840572e-07,0.000000000000e+00,1,0.000000000000e+00,True
1094,PHYSICAL_MESH,-0.1876953125,-0.1369407905,2.971158028231e-05,-7.139185527194e-07,0.000000000000e+00,1,0.000000000000e+00,True
1095,PHYSICAL_MESH,-0.1636718750,-0.1369407905,3.024308171007e-05,-7.628869980181e-07,0.000000000000e+00,1,0.000000000000e+00,True
1096,PHYSICAL_MESH,-0.1396484375,-0.1369407905,3.089200617978e-05,-6.451645049310e-07,0.000000000000e+00,1,0.000000000000e+00,True
1097,PHYSICAL_MESH,-0.1156250000,-0.1369407905,3.169425690430e-05,-3.286741616648e-07,0.000000000000e+00,1,0.000000000000e+00,True
1098,PHYSICAL_MESH,-0.0906250000,-0.1369407905,3.274518894614e-05,2.590441283701e-07,0.000000000000e+00,1,0.000000000000e+00,True
1099,PHYSICAL_MESH,-0.0737500000,-0.1369407905,3.361459312146e-05,8.306707854899e-07,0.000000000000e+00,1,0.000000000000e+00,True
1100,PHYSICAL_MESH,-0.0625000000,-0.1369407905,3.428017953411e-05,1.302576720263e-06,0.000000000000e+00,1,0.000000000000e+00,True
1101,PHYSICAL_MESH,-0.0550000000,-0.1369407905,3.476636629784e-05,1.661203441472e-06,0.000000000000e+00,1,0.000000000000e+00,True
1102,PHYSICAL_MESH,-0.0500000000,-0.1369407905,3.511080285534e-05,1.920913746289e-06,0.000000000000e+00,1,0.000000000000e+00,True
1103,PHYSICAL_MESH,-0.0450000000,-0.1369407905,3.547263258952e-05,2.197707317464e-06,0.000000000000e+00,1,0.000000000000e+00,True
1104,PHYSICAL_MESH,-0.0400000000,-0.1369407905,3.585327067412e-05,2.491949317118e-06,0.000000000000e+00,1,0.000000000000e+00,True
1105,PHYSICAL_MESH,-0.0350000000,-0.1369407905,3.625451063272e-05,2.803830057019e-06,0.000000000000e+00,1,0.000000000000e+00,True
1106,PHYSICAL_MESH,-0.0300000000,-0.1369407905,3.667831333587e-05,3.133330892524e-06,0.000000000000e+00,1,0.000000000000e+00,True
1107,PHYSICAL_MESH,-0.0250000000,-0.1369407905,3.712639590958e-05,3.480251280052e-06,0.000000000000e+00,1,0.000000000000e+00,True
1108,PHYSICAL_MESH,-0.0200000000,-0.1369407905,3.759996980079e-05,3.844265393127e-06,0.000000000000e+00,1,0.000000000000e+00,True
1109,PHYSICAL_MESH,-0.0150000000,-0.1369407905,3.809972986346e-05,4.224942586006e-06,0.000000000000e+00,1,0.000000000000e+00,True
1110,PHYSICAL_MESH,-0.0100000000,-0.1369407905,3.862597077386e-05,4.621746029443e-06,0.000000000000e+00,1,0.000000000000e+00,True
1111,PHYSICAL_MESH,-0.0050000000,-0.1369407905,3.917882713722e-05,5.033979050495e-06,0.000000000000e+00,1,0.000000000000e+00,True
1112,PHYSICAL_MESH,0.0000000000,-0.1369407905,3.975856452598e-05,5.460616193886e-06,0.000000000000e+00,1,0.000000000000e+00,True
1113,PHYSICAL_MESH,0.0050000000,-0.1369407905,4.036584505229e-05,5.900121777813e-06,0.000000000000e+00,1,0.000000000000e+00,True
1114,PHYSICAL_MESH,0.0100000000,-0.1369407905,4.100170190213e-05,6.350575404213e-06,0.000000000000e+00,1,0.000000000000e+00,True
1115,PHYSICAL_MESH,0.0150000000,-0.1369407905,4.166691724095e-05,6.809941169195e-06,0.000000000000e+00,1,0.000000000000e+00,True
1116,PHYSICAL_MESH,0.0200000000,-0.1369407905,4.236132735969e-05,7.276281394297e-06,0.000000000000e+00,1,0.000000000000e+00,True
1117,PHYSICAL_MESH,0.0250000000,-0.1369407905,4.308392453822e-05,7.748001735308e-06,0.000000000000e+00,1,0.000000000000e+00,True
1118,PHYSICAL_MESH,0.0300000000,-0.1369407905,4.383361374494e-05,8.223709301092e-06,0.000000000000e+00,1,0.000000000000e+00,True
1119,PHYSICAL_MESH,0.0350000000,-0.1369407905,4.460963464226e-05,8.701811566425e-06,0.000000000000e+00,1,0.000000000000e+00,True
1120,PHYSICAL_MESH,0.0400000000,-0.1369407905,4.541158705251e-05,9.180651431961e-06,0.000000000000e+00,1,0.000000000000e+00,True
1121,PHYSICAL_MESH,0.0450000000,-0.1369407905,4.623956920113e-05,9.659050192568e-06,0.000000000000e+00,1,0.000000000000e+00,True
1122,PHYSICAL_MESH,0.0500000000,-0.1369407905,4.709415225079e-05,1.013621749735e-05,0.000000000000e+00,1,0.000000000000e+00,True
1123,PHYSICAL_MESH,0.0550000000,-0.1369407905,4.797677684110e-05,1.061104558175e-05,0.000000000000e+00,1,0.000000000000e+00,True
1124,PHYSICAL_MESH,0.0600000000,-0.1369407905,4.889044430456e-05,1.108184642362e-05,0.000000000000e+00,1,0.000000000000e+00,True
1125,PHYSICAL_MESH,0.0650000000,-0.1369407905,4.983916005585e-05,1.154677192972e-05,0.000000000000e+00,1,0.000000000000e+00,True
1126,PHYSICAL_MESH,0.0700000000,-0.1369407905,5.082762072561e-05,1.200463429996e-05,0.000000000000e+00,1,0.000000000000e+00,True
1127,PHYSICAL_MESH,0.0750000000,-0.1369407905,5.186035559746e-05,1.245521161763e-05,0.000000000000e+00,1,0.000000000000e+00,True
1128,PHYSICAL_MESH,0.0800000000,-0.1369407905,5.293954382068e-05,1.289877855015e-05,0.000000000000e+00,1,0.000000000000e+00,True
1129,PHYSICAL_MESH,0.0850000000,-0.1369407905,5.406460695667e-05,1.333622458333e-05,0.000000000000e+00,1,0.000000000000e+00,True
1130,PHYSICAL_MESH,0.0900000000,-0.1369407905,5.523302388610e-05,1.376946147502e-05,0.000000000000e+00,1,0.000000000000e+00,True
1131,PHYSICAL_MESH,0.0950000000,-0.1369407905,5.644029442919e-05,1.420100397809e-05,0.000000000000e+00,1,0.000000000000e+00,True
1132,PHYSICAL_MESH,0.1000000000,-0.1369407905,5.768013215857e-05,1.463328317186e-05,0.000000000000e+00,1,0.000000000000e+00,True
1133,PHYSICAL_MESH,0.1050000000,-0.1369407905,5.894543937757e-05,1.506832541054e-05,0.000000000000e+00,1,0.000000000000e+00,True
1134,PHYSICAL_MESH,0.1100000000,-0.1369407905,6.022936941008e-05,1.550764136482e-05,0.000000000000e+00,1,0.000000000000e+00,True
1135,PHYSICAL_MESH,0.1150000000,-0.1369407905,6.152602145448e-05,1.595189496584e-05,0.000000000000e+00,1,0.000000000000e+00,True
1136,PHYSICAL_MESH,0.1225000000,-0.1369407905,6.348656461341e-05,1.662856629991e-05,0.000000000000e+00,1,0.000000000000e+00,True
1137,PHYSICAL_MESH,0.1337500000,-0.1369407905,6.645954999840e-05,1.766141940607e-05,0.000000000000e+00,1,0.000000000000e+00,True
1138,PHYSICAL_MESH,0.1506250000,-0.1369407905,7.103035022737e-05,1.923566196638e-05,0.000000000000e+00,1,0.000000000000e+00,True
1139,PHYSICAL_MESH,0.1756250000,-0.1369407905,7.832012488507e-05,2.164178476960e-05,0.000000000000e+00,1,0.000000000000e+00,True
1140,PHYSICAL_MESH,0.2005769231,-0.1369407905,8.662565960549e-05,2.414178197796e-05,0.000000000000e+00,1,0.000000000000e+00,True
1141,PHYSICAL_MESH,0.2255288462,-0.1369407905,9.649788989918e-05,2.682085323613e-05,0.000000000000e+00,1,0.000000000000e+00,True
1142,PHYSICAL_MESH,0.2504807693,-0.1369407905,1.085561816581e-04,2.985667379107e-05,0.000000000000e+00,1,0.000000000000e+00,True
1143,PHYSICAL_MESH,0.2754326924,-0.1369407905,1.236230455106e-04,3.358977483003e-05,0.000000000000e+00,1,0.000000000000e+00,True
1144,PHYSICAL_MESH,0.3003846155,-0.1369407905,1.430656120647e-04,3.914574335795e-05,0.000000000000e+00,1,0.000000000000e+00,True
1145,PHYSICAL_MESH,0.3253365386,-0.1369407905,1.694556849543e-04,4.897433973383e-05,0.000000000000e+00,1,0.000000000000e+00,True
1146,PHYSICAL_MESH,0.3502884617,-0.1369407905,2.070719783660e-04,6.924238550710e-05,0.000000000000e+00,1,0.000000000000e+00,True
1147,PHYSICAL_MESH,0.3752403848,-0.1369407905,2.496433444321e-04,1.089344514185e-04,0.000000000000e+00,1,0.000000000000e+00,True
1148,PHYSICAL_MESH,0.4001923079,-0.1369407905,2.549811615609e-04,1.223621220561e-04,0.000000000000e+00,1,0.000000000000e+00,True
1149,PHYSICAL_MESH,0.4251442310,-0.1369407905,2.315546153113e-04,-3.922654650523e-05,0.000000000000e+00,1,0.000000000000e+00,True
1150,PHYSICAL_MESH,0.4500961541,-0.1369407905,2.520020643715e-04,-3.884934703819e-04,0.000000000000e+00,1,0.000000000000e+00,True
1151,PHYSICAL_MESH,0.4750480772,-0.1369407905,3.460058651399e-04,-7.983222021721e-04,0.000000000000e+00,1,0.000000000000e+00,True
1152,PHYSICAL_MESH,0.5000000000,-0.1369407905,4.973716568202e-04,-1.169960363768e-03,0.000000000000e+00,1,0.000000000000e+00,True
1153,PHYSICAL_MESH,-0.5000000000,-0.1119407905,2.869885065593e-05,8.642483408039e-06,0.000000000000e+00,1,0.000000000000e+00,True
1154,PHYSICAL_MESH,-0.4759765625,-0.1119407905,2.872899676731e-05,7.658115464437e-06,0.000000000000e+00,1,0.000000000000e+00,True
1155,PHYSICAL_MESH,-0.4519531250,-0.1119407905,2.874885103665e-05,6.653626769548e-06,0.000000000000e+00,1,0.000000000000e+00,True
1156,PHYSICAL_MESH,-0.4279296875,-0.1119407905,2.876656435546e-05,5.655806489813e-06,0.000000000000e+00,1,0.000000000000e+00,True
1157,PHYSICAL_MESH,-0.4039062500,-0.1119407905,2.878984196286e-05,4.685272415372e-06,0.000000000000e+00,1,0.000000000000e+00,True
1158,PHYSICAL_MESH,-0.3798828125,-0.1119407905,2.882574699470e-05,3.757959575523e-06,0.000000000000e+00,1,0.000000000000e+00,True
1159,PHYSICAL_MESH,-0.3558593750,-0.1119407905,2.888058952522e-05,2.886504717026e-06,0.000000000000e+00,1,0.000000000000e+00,True
1160,PHYSICAL_MESH,-0.3318359375,-0.1119407905,2.895988473028e-05,2.081203547277e-06,0.000000000000e+00,1,0.000000000000e+00,True
1161,PHYSICAL_MESH,-0.3078125000,-0.1119407905,2.906849113060e-05,1.350807792733e-06,0.000000000000e+00,1,0.000000000000e+00,True
1162,PHYSICAL_MESH,-0.2837890625,-0.1119407905,2.921083068941e-05,7.032384701233e-07,0.000000000000e+00,1,0.000000000000e+00,True
1163,PHYSICAL_MESH,-0.2597656250,-0.1119407905,2.939121441159e-05,1.462552603471e-07,0.000000000000e+00,1,0.000000000000e+00,True
1164,PHYSICAL_MESH,-0.2357421875,-0.1119407905,2.961424252135e-05,-3.119005214103e-07,0.000000000000e+00,1,0.000000000000e+00,True
1165,PHYSICAL_MESH,-0.2117187500,-0.1119407905,2.988542109961e-05,-6.618535053349e-07,0.000000000000e+00,1,0.000000000000e+00,True
1166,PHYSICAL_MESH,-0.1876953125,-0.1119407905,3.021206430276e-05,-8.923599352784e-07,0.000000000000e+00,1,0.000000000000e+00,True
1167,PHYSICAL_MESH,-0.1636718750,-0.1119407905,3.060482413275e-05,-9.893439028019e-07,0.000000000000e+00,1,0.000000000000e+00,True
1168,PHYSICAL_MESH,-0.1396484375,-0.1119407905,3.108010059805e-05,-9.344541354039e-07,0.000000000000e+00,1,0.000000000000e+00,True
1169,PHYSICAL_MESH,-0.1156250000,-0.1119407905,3.166361784679e-05,-7.027936703707e-07,0.000000000000e+00,1,0.000000000000e+00,True
1170,PHYSICAL_MESH,-0.0906250000,-0.1119407905,3.242825187044e-05,-2.345937701875e-07,0.000000000000e+00,1,0.000000000000e+00,True
1171,PHYSICAL_MESH,-0.0737500000,-0.1119407905,3.306688086013e-05,2.322897358908e-07,0.000000000000e+00,1,0.000000000000e+00,True
1172,PHYSICAL_MESH,-0.0625000000,-0.1119407905,3.356269735377e-05,6.236443255148e-07,0.000000000000e+00,1,0.000000000000e+00,True
1173,PHYSICAL_MESH,-0.0550000000,-0.1119407905,3.392970029381e-05,9.243193517250e-07,0.000000000000e+00,1,0.000000000000e+00,True
1174,PHYSICAL_MESH,-0.0500000000,-0.1119407905,3.419263521209e-05,1.143761210187e-06,0.000000000000e+00,1,0.000000000000e+00,True
1175,PHYSICAL_MESH,-0.0450000000,-0.1119407905,3.447201015661e-05,1.379253490086e-06,0.000000000000e+00,1,0.000000000000e+00,True
1176,PHYSICAL_MESH,-0.0400000000,-0.1119407905,3.477008431219e-05,1.631266513868e-06,0.000000000000e+00,1,0.000000000000e+00,True
1177,PHYSICAL_MESH,-0.0350000000,-0.1119407905,3.508958252496e-05,1.900071424643e-06,0.000000000000e+00,1,0.000000000000e+00,True
1178,PHYSICAL_MESH,-0.0300000000,-0.1119407905,3.543320417521e-05,2.185766106777e-06,0.000000000000e+00,1,0.000000000000e+00,True
1179,PHYSICAL_MESH,-0.0250000000,-0.1119407905,3.580320480978e-05,2.488372501830e-06,0.000000000000e+00,1,0.000000000000e+00,True
1180,PHYSICAL_MESH,-0.0200000000,-0.1119407905,3.620137067628e-05,2.807893451973e-06,0.000000000000e+00,1,0.000000000000e+00,True
1181,PHYSICAL_MESH,-0.0150000000,-0.1119407905,3.662916788016e-05,3.144287347823e-06,0.000000000000e+00,1,0.000000000000e+00,True
1182,PHYSICAL_MESH,-0.0100000000,-0.1119407905,3.708803706104e-05,3.497332500046e-06,0.000000000000e+00,1,0.000000000000e+00,True
1183,PHYSICAL_MESH,-0.0050000000,-0.1119407905,3.757999002119e-05,3.866292900057e-06,0.000000000000e+00,1,0.000000000000e+00,True
1184,PHYSICAL_MESH,0.0000000000,-0.1119407905,3.810825364781e-05,4.249563062331e-06,0.000000000000e+00,1,0.000000000000e+00,True
1185,PHYSICAL_MESH,0.0050000000,-0.1119407905,3.867658961099e-05,4.644835826184e-06,0.000000000000e+00,1,0.000000000000e+00,True
1186,PHYSICAL_MESH,0.0100000000,-0.1119407905,3.928755540983e-05,5.049887477071e-06,0.000000000000e+00,1,0.000000000000e+00,True
1187,PHYSICAL_MESH,0.0150000000,-0.1119407905,3.994166763732e-05,5.463222805702e-06,0.000000000000e+00,1,0.000000000000e+00,True
1188,PHYSICAL_MESH,0.0200000000,-0.1119407905,4.063783126185e-05,5.883753146918e-06,0.000000000000e+00,1,0.000000000000e+00,True
1189,PHYSICAL_MESH,0.0250000000,-0.1119407905,4.137474024901e-05,6.309807304206e-06,0.000000000000e+00,1,0.000000000000e+00,True
1190,PHYSICAL_MESH,0.0300000000,-0.1119407905,4.215244189254e-05,6.738834144926e-06,0.000000000000e+00,1,0.000000000000e+00,True
1191,PHYSICAL_MESH,0.0350000000,-0.1119407905,4.297165287426e-05,7.168106549216e-06,0.000000000000e+00,1,0.000000000000e+00,True
1192,PHYSICAL_MESH,0.0400000000,-0.1119407905,4.383200939628e-05,7.595094757562e-06,0.000000000000e+00,1,0.000000000000e+00,True
1193,PHYSICAL_MESH,0.0450000000,-0.1119407905,4.473353328649e-05,8.016758329177e-06,0.000000000000e+00,1,0.000000000000e+00,True
1194,PHYSICAL_MESH,0.0500000000,-0.1119407905,4.567916766973e-05,8.428922228632e-06,0.000000000000e+00,1,0.000000000000e+00,True
1195,PHYSICAL_MESH,0.0550000000,-0.1119407905,4.667566827266e-05,8.827581950754e-06,0.000000000000e+00,1,0.000000000000e+00,True
1196,PHYSICAL_MESH,0.0600000000,-0.1119407905,4.773138061864e-05,9.210468306264e-06,0.000000000000e+00,1,0.000000000000e+00,True
1197,PHYSICAL_MESH,0.0650000000,-0.1119407905,4.885113958153e-05,9.577051059750e-06,0.000000000000e+00,1,0.000000000000e+00,True
1198,PHYSICAL_MESH,0.0700000000,-0.1119407905,5.003461774322e-05,9.928901818057e-06,0.000000000000e+00,1,0.000000000000e+00,True
1199,PHYSICAL_MESH,0.0750000000,-0.1119407905,5.127732947585e-05,1.027021789923e-05,0.000000000000e+00,1,0.000000000000e+00,True
1200,PHYSICAL_MESH,0.0800000000,-0.1119407905,5.257031807560e-05,1.060695558408e-05,0.000000000000e+00,1,0.000000000000e+00,True
1201,PHYSICAL_MESH,0.0850000000,-0.1119407905,5.390099249780e-05,1.094535673474e-05,0.000000000000e+00,1,0.000000000000e+00,True
1202,PHYSICAL_MESH,0.0900000000,-0.1119407905,5.525543747353e-05,1.129110751208e-05,0.000000000000e+00,1,0.000000000000e+00,True
1203,PHYSICAL_MESH,0.0950000000,-0.1119407905,5.662076728186e-05,1.164895638794e-05,0.000000000000e+00,1,0.000000000000e+00,True
1204,PHYSICAL_MESH,0.1000000000,-0.1119407905,5.798680649605e-05,1.202225394081e-05,0.000000000000e+00,1,0.000000000000e+00,True
1205,PHYSICAL_MESH,0.1050000000,-0.1119407905,5.934661021456e-05,1.241228346771e-05,0.000000000000e+00,1,0.000000000000e+00,True
1206,PHYSICAL_MESH,0.1100000000,-0.1119407905,6.069659866625e-05,1.281807817577e-05,0.000000000000e+00,1,0.000000000000e+00,True
1207,PHYSICAL_MESH,0.1150000000,-0.1119407905,6.203677912708e-05,1.323710694123e-05,0.000000000000e+00,1,0.000000000000e+00,True
1208,PHYSICAL_MESH,0.1225000000,-0.1119407905,6.403688894352e-05,1.388300825056e-05,0.000000000000e+00,1,0.000000000000e+00,True
1209,PHYSICAL_MESH,0.1337500000,-0.1119407905,6.703897088300e-05,1.486505789217e-05,0.000000000000e+00,1,0.000000000000e+00,True
1210,PHYSICAL_MESH,0.1506250000,-0.1119407905,7.161518442445e-05,1.630820952414e-05,0.000000000000e+00,1,0.000000000000e+00,True
1211,PHYSICAL_MESH,0.1756250000,-0.1119407905,7.896549504949e-05,1.839332617237e-05,0.000000000000e+00,1,0.000000000000e+00,True
1212,PHYSICAL_MESH,0.2005769231,-0.1119407905,8.754713053349e-05,2.039880928351e-05,0.000000000000e+00,1,0.000000000000e+00,True
1213,PHYSICAL_MESH,0.2255288462,-0.1119407905,9.807328751776e-05,2.231746111647e-05,0.000000000000e+00,1,0.000000000000e+00,True
1214,PHYSICAL_MESH,0.2504807693,-0.1119407905,1.112494792324e-04,2.447881161061e-05,0.000000000000e+00,1,0.000000000000e+00,True
1215,PHYSICAL_MESH,0.2754326924,-0.1119407905,1.284138852498e-04,2.646322536748e-05,0.000000000000e+00,1,0.000000000000e+00,True
1216,PHYSICAL_MESH,0.3003846155,-0.1119407905,1.518893841421e-04,2.974183735205e-05,0.000000000000e+00,1,0.000000000000e+00,True
1217,PHYSICAL_MESH,0.3253365386,-0.1119407905,1.864396472229e-04,3.624945748015e-05,0.000000000000e+00,1,0.000000000000e+00,True
1218,PHYSICAL_MESH,0.3502884617,-0.1119407905,2.443256380502e-04,5.175286423764e-05,0.000000000000e+00,1,0.000000000000e+00,True
1219,PHYSICAL_MESH,0.3752403848,-0.1119407905,3.503695479594e-04,1.164638670161e-04,0.000000000000e+00,1,0.000000000000e+00,True
1220,PHYSICAL_MESH,0.4001923079,-0.1119407905,4.426438827068e-04,2.927047316916e-04,0.000000000000e+00,1,0.000000000000e+00,True
1221,PHYSICAL_MESH,0.4251442310,-0.1119407905,4.626509035006e-04,6.364632281475e-05,0.000000000000e+00,1,0.000000000000e+00,True
1222,PHYSICAL_MESH,0.4500961541,-0.1119407905,5.427296855487e-04,-5.163827445358e-04,0.000000000000e+00,1,0.000000000000e+00,True
1223,PHYSICAL_MESH,0.4750480772,-0.1119407905,7.297054980882e-04,-1.120123662986e-03,0.000000000000e+00,1,0.000000000000e+00,True
1224,PHYSICAL_MESH,0.5000000000,-0.1119407905,9.657149785198e-04,-1.658607856371e-03,0.000000000000e+00,1,0.000000000000e+00,True
1225,PHYSICAL_MESH,-0.5000000000,-0.0950657905,2.936356759164e-05,8.587766387791e-06,0.000000000000e+00,1,0.000000000000e+00,True
1226,PHYSICAL_MESH,-0.4759765625,-0.0950657905,2.938786201412e-05,7.626490514667e-06,0.000000000000e+00,1,0.000000000000e+00,True
1227,PHYSICAL_MESH,-0.4519531250,-0.0950657905,2.940336344182e-05,6.638941158599e-06,0.000000000000e+00,1,0.000000000000e+00,True
1228,PHYSICAL_MESH,-0.4279296875,-0.0950657905,2.941564707726e-05,5.652237632603e-06,0.000000000000e+00,1,0.000000000000e+00,True
1229,PHYSICAL_MESH,-0.4039062500,-0.0950657905,2.943056097138e-05,4.687227828981e-06,0.000000000000e+00,1,0.000000000000e+00,True
1230,PHYSICAL_MESH,-0.3798828125,-0.0950657905,2.945393862319e-05,3.760511845030e-06,0.000000000000e+00,1,0.000000000000e+00,True
1231,PHYSICAL_MESH,-0.3558593750,-0.0950657905,2.949115150841e-05,2.885568846978e-06,0.000000000000e+00,1,0.000000000000e+00,True
1232,PHYSICAL_MESH,-0.3318359375,-0.0950657905,2.954698902613e-05,2.073548102999e-06,0.000000000000e+00,1,0.000000000000e+00,True
1233,PHYSICAL_MESH,-0.3078125000,-0.0950657905,2.962568760267e-05,1.333943600912e-06,0.000000000000e+00,1,0.000000000000e+00,True
1234,PHYSICAL_MESH,-0.2837890625,-0.0950657905,2.973107984872e-05,6.752477474947e-07,0.000000000000e+00,1,0.000000000000e+00,True
1235,PHYSICAL_MESH,-0.2597656250,-0.0950657905,2.986677100125e-05,1.055864871091e-07,0.000000000000e+00,1,0.000000000000e+00,True
1236,PHYSICAL_MESH,-0.2357421875,-0.0950657905,3.003638812515e-05,-3.666788188639e-07,0.000000000000e+00,1,0.000000000000e+00,True
1237,PHYSICAL_MESH,-0.2117187500,-0.0950657905,3.024388934136e-05,-7.323832846851e-07,0.000000000000e+00,1,0.000000000000e+00,True
1238,PHYSICAL_MESH,-0.1876953125,-0.0950657905,3.049409315281e-05,-9.809981520448e-07,0.000000000000e+00,1,0.000000000000e+00,True
1239,PHYSICAL_MESH,-0.1636718750,-0.0950657905,3.079357702518e-05,-1.099988025999e-06,0.000000000000e+00,1,0.000000000000e+00,True
1240,PHYSICAL_MESH,-0.1396484375,-0.0950657905,3.115233630524e-05,-1.073866542356e-06,0.000000000000e+00,1,0.000000000000e+00,True
1241,PHYSICAL_MESH,-0.1156250000,-0.0950657905,3.158662730129e-05,-8.825069812701e-07,0.000000000000e+00,1,0.000000000000e+00,True
1242,PHYSICAL_MESH,-0.0906250000,-0.0950657905,3.214772004867e-05,-4.756899727454e-07,0.000000000000e+00,1,0.000000000000e+00,True
1243,PHYSICAL_MESH,-0.0737500000,-0.0950657905,3.261265010224e-05,-6.672451036138e-08,0.000000000000e+00,1,0.000000000000e+00,True
1244,PHYSICAL_MESH,-0.0625000000,-0.0950657905,3.297366492916e-05,2.771241724986e-07,0.000000000000e+00,1,0.000000000000e+00,True
1245,PHYSICAL_MESH,-0.0550000000,-0.0950657905,3.324174394947e-05,5.419851731858e-07,0.000000000000e+00,1,0.000000000000e+00,True
1246,PHYSICAL_MESH,-0.0500000000,-0.0950657905,3.343458593008e-05,7.357107847383e-07,0.000000000000e+00,1,0.000000000000e+00,True
1247,PHYSICAL_MESH,-0.0450000000,-0.0950657905,3.364056465216e-05,9.441616271033e-07,0.000000000000e+00,1,0.000000000000e+00,True
1248,PHYSICAL_MESH,-0.0400000000,-0.0950657905,3.386205207789e-05,1.167859068119e-06,0.000000000000e+00,1,0.000000000000e+00,True
1249,PHYSICAL_MESH,-0.0350000000,-0.0950657905,3.410199860809e-05,1.407160539202e-06,0.000000000000e+00,1,0.000000000000e+00,True
1250,PHYSICAL_MESH,-0.0300000000,-0.0950657905,3.436335464357e-05,1.662299041527e-06,0.000000000000e+00,1,0.000000000000e+00,True
1251,PHYSICAL_MESH,-0.0250000000,-0.0950657905,3.464870314929e-05,1.933483417815e-06,0.000000000000e+00,1,0.000000000000e+00,True
1252,PHYSICAL_MESH,-0.0200000000,-0.0950657905,3.496028512018e-05,2.220927399321e-06,0.000000000000e+00,1,0.000000000000e+00,True
1253,PHYSICAL_MESH,-0.0150000000,-0.0950657905,3.530023604981e-05,2.524785031710e-06,0.000000000000e+00,1,0.000000000000e+00,True
1254,PHYSICAL_MESH,-0.0100000000,-0.0950657905,3.567124440451e-05,2.844815071512e-06,0.000000000000e+00,1,0.000000000000e+00,True
1255,PHYSICAL_MESH,-0.0050000000,-0.0950657905,3.607805047068e-05,3.179546865795e-06,0.000000000000e+00,1,0.000000000000e+00,True
1256,PHYSICAL_MESH,0.0000000000,-0.0950657905,3.652795567177e-05,3.525931560944e-06,0.000000000000e+00,1,0.000000000000e+00,True
1257,PHYSICAL_MESH,0.0050000000,-0.0950657905,3.702813046402e-05,3.880943040713e-06,0.000000000000e+00,1,0.000000000000e+00,True
1258,PHYSICAL_MESH,0.0100000000,-0.0950657905,3.758252569241e-05,4.243508101354e-06,0.000000000000e+00,1,0.000000000000e+00,True
1259,PHYSICAL_MESH,0.0150000000,-0.0950657905,3.819213816314e-05,4.613994406100e-06,0.000000000000e+00,1,0.000000000000e+00,True
1260,PHYSICAL_MESH,0.0200000000,-0.0950657905,3.885872501996e-05,4.991595233150e-06,0.000000000000e+00,1,0.000000000000e+00,True
1261,PHYSICAL_MESH,0.0250000000,-0.0950657905,3.958727029385e-05,5.373043677537e-06,0.000000000000e+00,1,0.000000000000e+00,True
1262,PHYSICAL_MESH,0.0300000000,-0.0950657905,4.038294355269e-05,5.754948688264e-06,0.000000000000e+00,1,0.000000000000e+00,True
1263,PHYSICAL_MESH,0.0350000000,-0.0950657905,4.124754195800e-05,6.135138391983e-06,0.000000000000e+00,1,0.000000000000e+00,True
1264,PHYSICAL_MESH,0.0400000000,-0.0950657905,4.218188041705e-05,6.509535523946e-06,0.000000000000e+00,1,0.000000000000e+00,True
1265,PHYSICAL_MESH,0.0450000000,-0.0950657905,4.319383515394e-05,6.869909157103e-06,0.000000000000e+00,1,0.000000000000e+00,True
1266,PHYSICAL_MESH,0.0500000000,-0.0950657905,4.429625550983e-05,7.207853286673e-06,0.000000000000e+00,1,0.000000000000e+00,True
1267,PHYSICAL_MESH,0.0550000000,-0.0950657905,4.549555160338e-05,7.518345228164e-06,0.000000000000e+00,1,0.000000000000e+00,True
1268,PHYSICAL_MESH,0.0600000000,-0.0950657905,4.678852201323e-05,7.801675565133e-06,0.000000000000e+00,1,0.000000000000e+00,True
1269,PHYSICAL_MESH,0.0650000000,-0.0950657905,4.816006185138e-05,8.065554538916e-06,0.000000000000e+00,1,0.000000000000e+00,True
1270,PHYSICAL_MESH,0.0700000000,-0.0950657905,4.958176941727e-05,8.321177119797e-06,0.000000000000e+00,1,0.000000000000e+00,True
1271,PHYSICAL_MESH,0.0750000000,-0.0950657905,5.102159775561e-05,8.579067070968e-06,0.000000000000e+00,1,0.000000000000e+00,True
1272,PHYSICAL_MESH,0.0800000000,-0.0950657905,5.245296051726e-05,8.847867320583e-06,0.000000000000e+00,1,0.000000000000e+00,True
1273,PHYSICAL_MESH,0.0850000000,-0.0950657905,5.385769691202e-05,9.134407264355e-06,0.000000000000e+00,1,0.000000000000e+00,True
1274,PHYSICAL_MESH,0.0900000000,-0.0950657905,5.522607170860e-05,9.443745511817e-06,0.000000000000e+00,1,0.000000000000e+00,True
1275,PHYSICAL_MESH,0.0950000000,-0.0950657905,5.655574204866e-05,9.778988896869e-06,0.000000000000e+00,1,0.000000000000e+00,True
1276,PHYSICAL_MESH,0.1000000000,-0.0950657905,5.785072062281e-05,1.014113058773e-05,0.000000000000e+00,1,0.000000000000e+00,True
1277,PHYSICAL_MESH,0.1050000000,-0.0950657905,5.911974585615e-05,1.052897732734e-05,0.000000000000e+00,1,0.000000000000e+00,True
1278,PHYSICAL_MESH,0.1100000000,-0.0950657905,6.037281491444e-05,1.093867012969e-05,0.000000000000e+00,1,0.000000000000e+00,True
1279,PHYSICAL_MESH,0.1150000000,-0.0950657905,6.161879719002e-05,1.136404807767e-05,0.000000000000e+00,1,0.000000000000e+00,True
1280,PHYSICAL_MESH,0.1225000000,-0.0950657905,6.349166505970e-05,1.202040948556e-05,0.000000000000e+00,1,0.000000000000e+00,True
1281,PHYSICAL_MESH,0.1337500000,-0.0950657905,6.632900476689e-05,1.300828080275e-05,0.000000000000e+00,1,0.000000000000e+00,True
1282,PHYSICAL_MESH,0.1506250000,-0.0950657905,7.068546983646e-05,1.439456809749e-05,0.000000000000e+00,1,0.000000000000e+00,True
1283,PHYSICAL_MESH,0.1756250000,-0.0950657905,7.778370490996e-05,1.623753632884e-05,0.000000000000e+00,1,0.000000000000e+00,True
1284,PHYSICAL_MESH,0.2005769231,-0.0950657905,8.630121737951e-05,1.799146411940e-05,0.000000000000e+00,1,0.000000000000e+00,True
1285,PHYSICAL_MESH,0.2255288462,-0.0950657905,9.721788228489e-05,1.909062484629e-05,0.000000000000e+00,1,0.000000000000e+00,True
1286,PHYSICAL_MESH,0.2504807693,-0.0950657905,1.099522487493e-04,2.212050821981e-05,0.000000000000e+00,1,0.000000000000e+00,True
1287,PHYSICAL_MESH,0.2754326924,-0.0950657905,1.275603426620e-04,2.064972068183e-05,0.000000000000e+00,1,0.000000000000e+00,True
1288,PHYSICAL_MESH,0.3003846155,-0.0950657905,1.538786164019e-04,2.184385266446e-05,0.000000000000e+00,1,0.000000000000e+00,True
1289,PHYSICAL_MESH,0.3253365386,-0.0950657905,1.952016027644e-04,2.297799437656e-05,0.000000000000e+00,1,0.000000000000e+00,True
1290,PHYSICAL_MESH,0.3502884617,-0.0950657905,2.750722924247e-04,3.550084511517e-05,0.000000000000e+00,1,0.000000000000e+00,True
1291,PHYSICAL_MESH,0.3752403848,-0.0950657905,4.716904950328e-04,4.670733324019e-05,0.000000000000e+00,1,0.000000000000e+00,True
1292,PHYSICAL_MESH,0.4001923079,-0.0950657905,8.696637814865e-04,7.735136314295e-04,0.000000000000e+00,1,0.000000000000e+00,True
1293,PHYSICAL_MESH,0.4251442310,-0.0950657905,8.291959529743e-04,2.200423186878e-04,0.000000000000e+00,1,0.000000000000e+00,True
1294,PHYSICAL_MESH,0.4500961541,-0.0950657905,9.359935065731e-04,-6.728471489623e-04,0.000000000000e+00,1,0.000000000000e+00,True
1295,PHYSICAL_MESH,0.4750480772,-0.0950657905,1.185644185171e-03,-1.474287011661e-03,0.000000000000e+00,1,0.000000000000e+00,True
1296,PHYSICAL_MESH,0.5000000000,-0.0950657905,1.526137930341e-03,-2.152209868655e-03,0.000000000000e+00,1,0.000000000000e+00,True
1297,PHYSICAL_MESH,-0.5000000000,-0.0838157905,2.979795499414e-05,8.558246918255e-06,0.000000000000e+00,1,0.000000000000e+00,True
1298,PHYSICAL_MESH,-0.4759765625,-0.0838157905,2.981788929901e-05,7.608614851051e-06,0.000000000000e+00,1,0.000000000000e+00,True
1299,PHYSICAL_MESH,-0.4519531250,-0.0838157905,2.982996738865e-05,6.630318239331e-06,0.000000000000e+00,1,0.000000000000e+00,True
1300,PHYSICAL_MESH,-0.4279296875,-0.0838157905,2.983786362165e-05,5.650035291183e-06,0.000000000000e+00,1,0.000000000000e+00,True
1301,PHYSICAL_MESH,-0.4039062500,-0.0838157905,2.984628554259e-05,4.688454282586e-06,0.000000000000e+00,1,0.000000000000e+00,True
1302,PHYSICAL_MESH,-0.3798828125,-0.0838157905,2.986024992424e-05,3.762412461583e-06,0.000000000000e+00,1,0.000000000000e+00,True
1303,PHYSICAL_MESH,-0.3558593750,-0.0838157905,2.988452615682e-05,2.885834874178e-06,0.000000000000e+00,1,0.000000000000e+00,True
1304,PHYSICAL_MESH,-0.3318359375,-0.0838157905,2.992342342623e-05,2.070348045891e-06,0.000000000000e+00,1,0.000000000000e+00,True
1305,PHYSICAL_MESH,-0.3078125000,-0.0838157905,2.998080708494e-05,1.325872403868e-06,0.000000000000e+00,1,0.000000000000e+00,True
1306,PHYSICAL_MESH,-0.2837890625,-0.0838157905,3.006017504958e-05,6.612424954255e-07,0.000000000000e+00,1,0.000000000000e+00,True
1307,PHYSICAL_MESH,-0.2597656250,-0.0838157905,3.016477967321e-05,8.483340252496e-08,0.000000000000e+00,1,0.000000000000e+00,True
1308,PHYSICAL_MESH,-0.2357421875,-0.0838157905,3.029775325558e-05,-3.948474045501e-07,0.000000000000e+00,1,0.000000000000e+00,True
1309,PHYSICAL_MESH,-0.2117187500,-0.0838157905,3.046229176107e-05,-7.686199978707e-07,0.000000000000e+00,1,0.000000000000e+00,True
1310,PHYSICAL_MESH,-0.1876953125,-0.0838157905,3.066191493417e-05,-1.026148197525e-06,0.000000000000e+00,1,0.000000000000e+00,True
1311,PHYSICAL_MESH,-0.1636718750,-0.0838157905,3.090098107350e-05,-1.155471409220e-06,0.000000000000e+00,1,0.000000000000e+00,True
1312,PHYSICAL_MESH,-0.1396484375,-0.0838157905,3.118568929494e-05,-1.142402766163e-06,0.000000000000e+00,1,0.000000000000e+00,True
1313,PHYSICAL_MESH,-0.1156250000,-0.0838157905,3.152611316182e-05,-9.693859510662e-07,0.000000000000e+00,1,0.000000000000e+00,True
1314,PHYSICAL_MESH,-0.0906250000,-0.0838157905,3.195847966708e-05,-5.922781269874e-07,0.000000000000e+00,1,0.000000000000e+00,True
1315,PHYSICAL_MESH,-0.0737500000,-0.0838157905,3.231126902392e-05,-2.127578682121e-07,0.000000000000e+00,1,0.000000000000e+00,True
1316,PHYSICAL_MESH,-0.0625000000,-0.0838157905,3.258302240283e-05,1.056676168787e-07,0.000000000000e+00,1,0.000000000000e+00,True
1317,PHYSICAL_MESH,-0.0550000000,-0.0838157905,3.278413714725e-05,3.506436030420e-07,0.000000000000e+00,1,0.000000000000e+00,True
1318,PHYSICAL_MESH,-0.0500000000,-0.0838157905,3.292864494142e-05,5.297279699334e-07,0.000000000000e+00,1,0.000000000000e+00,True
1319,PHYSICAL_MESH,-0.0450000000,-0.0838157905,3.308303348604e-05,7.224718956422e-07,0.000000000000e+00,1,0.000000000000e+00,True
1320,PHYSICAL_MESH,-0.0400000000,-0.0838157905,3.324933277327e-05,9.294792562287e-07,0.000000000000e+00,1,0.000000000000e+00,True
1321,PHYSICAL_MESH,-0.0350000000,-0.0838157905,3.343023854541e-05,1.151251581177e-06,0.000000000000e+00,1,0.000000000000e+00,True
1322,PHYSICAL_MESH,-0.0300000000,-0.0838157905,3.362854840816e-05,1.388208147546e-06,0.000000000000e+00,1,0.000000000000e+00,True
1323,PHYSICAL_MESH,-0.0250000000,-0.0838157905,3.384675437701e-05,1.640746972953e-06,0.000000000000e+00,1,0.000000000000e+00,True
1324,PHYSICAL_MESH,-0.0200000000,-0.0838157905,3.408705015318e-05,1.909235834319e-06,0.000000000000e+00,1,0.000000000000e+00,True
1325,PHYSICAL_MESH,-0.0150000000,-0.0838157905,3.435165854171e-05,2.193908130721e-06,0.000000000000e+00,1,0.000000000000e+00,True
1326,PHYSICAL_MESH,-0.0100000000,-0.0838157905,3.464388282737e-05,2.494227601346e-06,0.000000000000e+00,1,0.000000000000e+00,True
1327,PHYSICAL_MESH,-0.0050000000,-0.0838157905,3.497000579955e-05,2.807623559420e-06,0.000000000000e+00,1,0.000000000000e+00,True
1328,PHYSICAL_MESH,0.0000000000,-0.0838157905,3.533937342581e-05,3.129640163024e-06,0.000000000000e+00,1,0.000000000000e+00,True
1329,PHYSICAL_MESH,0.0050000000,-0.0838157905,3.576024755603e-05,3.457287675701e-06,0.000000000000e+00,1,0.000000000000e+00,True
1330,PHYSICAL_MESH,0.0100000000,-0.0838157905,3.623691736721e-05,3.791565404754e-06,0.000000000000e+00,1,0.000000000000e+00,True
1331,PHYSICAL_MESH,0.0150000000,-0.0838157905,3.677364293253e-05,4.133860329603e-06,0.000000000000e+00,1,0.000000000000e+00,True
1332,PHYSICAL_MESH,0.0200000000,-0.0838157905,3.738092345884e-05,4.480311417865e-06,0.000000000000e+00,1,0.000000000000e+00,True
1333,PHYSICAL_MESH,0.0250000000,-0.0838157905,3.807444227277e-05,4.824032203032e-06,0.000000000000e+00,1,0.000000000000e+00,True
1334,PHYSICAL_MESH,0.0300000000,-0.0838157905,3.886721970048e-05,5.161477020010e-06,0.000000000000e+00,1,0.000000000000e+00,True
1335,PHYSICAL_MESH,0.0350000000,-0.0838157905,3.977691085311e-05,5.487472662935e-06,0.000000000000e+00,1,0.000000000000e+00,True
1336,PHYSICAL_MESH,0.0400000000,-0.0838157905,4.084274405614e-05,5.786658675788e-06,0.000000000000e+00,1,0.000000000000e+00,True
1337,PHYSICAL_MESH,0.0450000000,-0.0838157905,4.210703627905e-05,6.051506716176e-06,0.000000000000e+00,1,0.000000000000e+00,True
1338,PHYSICAL_MESH,0.0500000000,-0.0838157905,4.357875513961e-05,6.297616891970e-06,0.000000000000e+00,1,0.000000000000e+00,True
1339,PHYSICAL_MESH,0.0550000000,-0.0838157905,4.520646325545e-05,6.542835308210e-06,0.000000000000e+00,1,0.000000000000e+00,True
1340,PHYSICAL_MESH,0.0600000000,-0.0838157905,4.688682747656e-05,6.784249762859e-06,0.000000000000e+00,1,0.000000000000e+00,True
1341,PHYSICAL_MESH,0.0650000000,-0.0838157905,4.852072379435e-05,7.015110440989e-06,0.000000000000e+00,1,0.000000000000e+00,True
1342,PHYSICAL_MESH,0.0700000000,-0.0838157905,5.006325227441e-05,7.249097961903e-06,0.000000000000e+00,1,0.000000000000e+00,True
1343,PHYSICAL_MESH,0.0750000000,-0.0838157905,5.150540528120e-05,7.497515525756e-06,0.000000000000e+00,1,0.000000000000e+00,True
1344,PHYSICAL_MESH,0.0800000000,-0.0838157905,5.284986400511e-05,7.762581844872e-06,0.000000000000e+00,1,0.000000000000e+00,True
1345,PHYSICAL_MESH,0.0850000000,-0.0838157905,5.410791709437e-05,8.045415597735e-06,0.000000000000e+00,1,0.000000000000e+00,True
1346,PHYSICAL_MESH,0.0900000000,-0.0838157905,5.529663394555e-05,8.349202289537e-06,0.000000000000e+00,1,0.000000000000e+00,True
1347,PHYSICAL_MESH,0.0950000000,-0.0838157905,5.643640906783e-05,8.677518962941e-06,0.000000000000e+00,1,0.000000000000e+00,True
1348,PHYSICAL_MESH,0.1000000000,-0.0838157905,5.754720405093e-05,9.032536581799e-06,0.000000000000e+00,1,0.000000000000e+00,True
1349,PHYSICAL_MESH,0.1050000000,-0.0838157905,5.864744525752e-05,9.415311978955e-06,0.000000000000e+00,1,0.000000000000e+00,True
1350,PHYSICAL_MESH,0.1100000000,-0.0838157905,5.975302701700e-05,9.823919754126e-06,0.000000000000e+00,1,0.000000000000e+00,True
1351,PHYSICAL_MESH,0.1150000000,-0.0838157905,6.087229485274e-05,1.025509027386e-05,0.000000000000e+00,1,0.000000000000e+00,True
1352,PHYSICAL_MESH,0.1225000000,-0.0838157905,6.257172935875e-05,1.092867751140e-05,0.000000000000e+00,1,0.000000000000e+00,True
1353,PHYSICAL_MESH,0.1337500000,-0.0838157905,6.519565795315e-05,1.197530127683e-05,0.000000000000e+00,1,0.000000000000e+00,True
1354,PHYSICAL_MESH,0.1506250000,-0.0838157905,6.927145295776e-05,1.334935859632e-05,0.000000000000e+00,1,0.000000000000e+00,True
1355,PHYSICAL_MESH,0.1756250000,-0.0838157905,7.623623969266e-05,1.502868690295e-05,0.000000000000e+00,1,0.000000000000e+00,True
1356,PHYSICAL_MESH,0.2005769231,-0.0838157905,8.359707135241e-05,1.754322329361e-05,0.000000000000e+00,1,0.000000000000e+00,True
1357,PHYSICAL_MESH,0.2255288462,-0.0838157905,1.006715974654e-04,1.505361069576e-05,0.000000000000e+00,1,0.000000000000e+00,True
1358,PHYSICAL_MESH,0.2504807693,-0.0838157905,1.005688245641e-04,4.927115514874e-05,0.000000000000e+00,1,0.000000000000e+00,True
1359,PHYSICAL_MESH,0.2754326924,-0.0838157905,1.228184119100e-04,1.037265883497e-05,0.000000000000e+00,1,0.000000000000e+00,True
1360,PHYSICAL_MESH,0.3003846155,-0.0838157905,1.449950941605e-04,2.365448017372e-05,0.000000000000e+00,1,0.000000000000e+00,True
1361,PHYSICAL_MESH,0.3253365386,-0.0838157905,2.783710660879e-04,1.778899168130e-04,0.000000000000e+00,1,0.000000000000e+00,True
1362,PHYSICAL_MESH,0.3502884617,-0.0838157905,9.241148363799e-04,6.999277509749e-03,0.000000000000e+00,1,0.000000000000e+00,True
1363,PHYSICAL_MESH,0.3752403848,-0.0838157905,1.004122430459e-03,4.899792373180e-03,0.000000000000e+00,1,0.000000000000e+00,True
1364,PHYSICAL_MESH,0.4001923079,-0.0838157905,1.489935908467e-03,1.830089488067e-03,0.000000000000e+00,1,0.000000000000e+00,True
1365,PHYSICAL_MESH,0.4251442310,-0.0838157905,1.301424694248e-03,3.827472974081e-04,0.000000000000e+00,1,0.000000000000e+00,True
1366,PHYSICAL_MESH,0.4500961541,-0.0838157905,1.392182894051e-03,-8.116119424812e-04,0.000000000000e+00,1,0.000000000000e+00,True
1367,PHYSICAL_MESH,0.4750480772,-0.0838157905,1.640841830522e-03,-1.840309123509e-03,0.000000000000e+00,1,0.000000000000e+00,True
1368,PHYSICAL_MESH,0.5000000000,-0.0838157905,2.102168509737e-03,-2.752532716841e-03,0.000000000000e+00,1,0.000000000000e+00,True
1369,PHYSICAL_MESH,-0.5000000000,-0.0763157905,3.008477688127e-05,8.541838724341e-06,0.000000000000e+00,1,0.000000000000e+00,True
1370,PHYSICAL_MESH,-0.4759765625,-0.0763157905,3.010168802575e-05,7.598284810229e-06,0.000000000000e+00,1,0.000000000000e+00,True
1371,PHYSICAL_MESH,-0.4519531250,-0.0763157905,3.011128319486e-05,6.625303740293e-06,0.000000000000e+00,1,0.000000000000e+00,True
1372,PHYSICAL_MESH,-0.4279296875,-0.0763157905,3.011594344571e-05,5.648901606037e-06,0.000000000000e+00,1,0.000000000000e+00,True
1373,PHYSICAL_MESH,-0.4039062500,-0.0763157905,3.011963417521e-05,4.689505203714e-06,0.000000000000e+00,1,0.000000000000e+00,True
1374,PHYSICAL_MESH,-0.3798828125,-0.0763157905,3.012685374415e-05,3.764040002352e-06,0.000000000000e+00,1,0.000000000000e+00,True
1375,PHYSICAL_MESH,-0.3558593750,-0.0763157905,3.014196408913e-05,2.886680249503e-06,0.000000000000e+00,1,0.000000000000e+00,True
1376,PHYSICAL_MESH,-0.3318359375,-0.0763157905,3.016896880581e-05,2.069330093946e-06,0.000000000000e+00,1,0.000000000000e+00,True
1377,PHYSICAL_MESH,-0.3078125000,-0.0763157905,3.021150041604e-05,1.322158823314e-06,0.000000000000e+00,1,0.000000000000e+00,True
1378,PHYSICAL_MESH,-0.2837890625,-0.0763157905,3.027287129953e-05,6.542070991600e-07,0.000000000000e+00,1,0.000000000000e+00,True
1379,PHYSICAL_MESH,-0.2597656250,-0.0763157905,3.035613917746e-05,7.400937818147e-08,0.000000000000e+00,1,0.000000000000e+00,True
1380,PHYSICAL_MESH,-0.2357421875,-0.0763157905,3.046419624297e-05,-4.098122303731e-07,0.000000000000e+00,1,0.000000000000e+00,True
1381,PHYSICAL_MESH,-0.2117187500,-0.0763157905,3.059984737774e-05,-7.880154271334e-07,0.000000000000e+00,1,0.000000000000e+00,True
1382,PHYSICAL_MESH,-0.1876953125,-0.0763157905,3.076596112805e-05,-1.050284367921e-06,0.000000000000e+00,1,0.000000000000e+00,True
1383,PHYSICAL_MESH,-0.1636718750,-0.0763157905,3.096572254435e-05,-1.184848656521e-06,0.000000000000e+00,1,0.000000000000e+00,True
1384,PHYSICAL_MESH,-0.1396484375,-0.0763157905,3.120326437056e-05,-1.178084517051e-06,0.000000000000e+00,1,0.000000000000e+00,True
1385,PHYSICAL_MESH,-0.1156250000,-0.0763157905,3.148503674311e-05,-1.013759970192e-06,0.000000000000e+00,1,0.000000000000e+00,True
1386,PHYSICAL_MESH,-0.0906250000,-0.0763157905,3.183789158356e-05,-6.514280812553e-07,0.000000000000e+00,1,0.000000000000e+00,True
1387,PHYSICAL_MESH,-0.0737500000,-0.0763157905,3.212138472009e-05,-2.870650916975e-07,0.000000000000e+00,1,0.000000000000e+00,True
1388,PHYSICAL_MESH,-0.0625000000,-0.0763157905,3.233750976506e-05,1.769981494704e-08,0.000000000000e+00,1,0.000000000000e+00,True
1389,PHYSICAL_MESH,-0.0550000000,-0.0763157905,3.249649671488e-05,2.516491690585e-07,0.000000000000e+00,1,0.000000000000e+00,True
1390,PHYSICAL_MESH,-0.0500000000,-0.0763157905,3.261034726165e-05,4.224461065405e-07,0.000000000000e+00,1,0.000000000000e+00,True
1391,PHYSICAL_MESH,-0.0450000000,-0.0763157905,3.273171751061e-05,6.061490012144e-07,0.000000000000e+00,1,0.000000000000e+00,True
1392,PHYSICAL_MESH,-0.0400000000,-0.0763157905,3.286230275990e-05,8.034410257096e-07,0.000000000000e+00,1,0.000000000000e+00,True
1393,PHYSICAL_MESH,-0.0350000000,-0.0763157905,3.300444222987e-05,1.014995291371e-06,0.000000000000e+00,1,0.000000000000e+00,True
1394,PHYSICAL_MESH,-0.0300000000,-0.0763157905,3.316063521197e-05,1.241474592462e-06,0.000000000000e+00,1,0.000000000000e+00,True
1395,PHYSICAL_MESH,-0.0250000000,-0.0763157905,3.333310814924e-05,1.483511141487e-06,0.000000000000e+00,1,0.000000000000e+00,True
1396,PHYSICAL_MESH,-0.0200000000,-0.0763157905,3.352379280841e-05,1.741636538100e-06,0.000000000000e+00,1,0.000000000000e+00,True
1397,PHYSICAL_MESH,-0.0150000000,-0.0763157905,3.373467188794e-05,2.016158759943e-06,0.000000000000e+00,1,0.000000000000e+00,True
1398,PHYSICAL_MESH,-0.0100000000,-0.0763157905,3.396900501684e-05,2.306367150595e-06,0.000000000000e+00,1,0.000000000000e+00,True
1399,PHYSICAL_MESH,-0.0050000000,-0.0763157905,3.423322414164e-05,2.609142256915e-06,0.000000000000e+00,1,0.000000000000e+00,True
1400,PHYSICAL_MESH,0.0000000000,-0.0763157905,3.453658064245e-05,2.919580083471e-06,0.000000000000e+00,1,0.000000000000e+00,True
1401,PHYSICAL_MESH,0.0050000000,-0.0763157905,3.488662696327e-05,3.235438043703e-06,0.000000000000e+00,1,0.000000000000e+00,True
1402,PHYSICAL_MESH,0.0100000000,-0.0763157905,3.528641900630e-05,3.559766810213e-06,0.000000000000e+00,1,0.000000000000e+00,True
1403,PHYSICAL_MESH,0.0150000000,-0.0763157905,3.574218862923e-05,3.894356723322e-06,0.000000000000e+00,1,0.000000000000e+00,True
1404,PHYSICAL_MESH,0.0200000000,-0.0763157905,3.627033947851e-05,4.233294930600e-06,0.000000000000e+00,1,0.000000000000e+00,True
1405,PHYSICAL_MESH,0.0250000000,-0.0763157905,3.688903962029e-05,4.568805252347e-06,0.000000000000e+00,1,0.000000000000e+00,True
1406,PHYSICAL_MESH,0.0300000000,-0.0763157905,3.762299456866e-05,4.889816864306e-06,0.000000000000e+00,1,0.000000000000e+00,True
1407,PHYSICAL_MESH,0.0350000000,-0.0763157905,3.853202724713e-05,5.179597792448e-06,0.000000000000e+00,1,0.000000000000e+00,True
1408,PHYSICAL_MESH,0.0400000000,-0.0763157905,3.975979052484e-05,5.402592250903e-06,0.000000000000e+00,1,0.000000000000e+00,True
1409,PHYSICAL_MESH,0.0450000000,-0.0763157905,4.145448474446e-05,5.558035809372e-06,0.000000000000e+00,1,0.000000000000e+00,True
1410,PHYSICAL_MESH,0.0500000000,-0.0763157905,4.353931217338e-05,5.710141067539e-06,0.000000000000e+00,1,0.000000000000e+00,True
1411,PHYSICAL_MESH,0.0550000000,-0.0763157905,4.580833410728e-05,5.935158696957e-06,0.000000000000e+00,1,0.000000000000e+00,True
1412,PHYSICAL_MESH,0.0600000000,-0.0763157905,4.787603393197e-05,6.220393970580e-06,0.000000000000e+00,1,0.000000000000e+00,True
1413,PHYSICAL_MESH,0.0650000000,-0.0763157905,4.958106364938e-05,6.482358458015e-06,0.000000000000e+00,1,0.000000000000e+00,True
1414,PHYSICAL_MESH,0.0700000000,-0.0763157905,5.103351577418e-05,6.744111942680e-06,0.000000000000e+00,1,0.000000000000e+00,True
1415,PHYSICAL_MESH,0.0750000000,-0.0763157905,5.230883834884e-05,7.018887572485e-06,0.000000000000e+00,1,0.000000000000e+00,True
1416,PHYSICAL_MESH,0.0800000000,-0.0763157905,5.344804230845e-05,7.299792741833e-06,0.000000000000e+00,1,0.000000000000e+00,True
1417,PHYSICAL_MESH,0.0850000000,-0.0763157905,5.448492447613e-05,7.579915745737e-06,0.000000000000e+00,1,0.000000000000e+00,True
1418,PHYSICAL_MESH,0.0900000000,-0.0763157905,5.545399835682e-05,7.866750820540e-06,0.000000000000e+00,1,0.000000000000e+00,True
1419,PHYSICAL_MESH,0.0950000000,-0.0763157905,5.638736911351e-05,8.168429303623e-06,0.000000000000e+00,1,0.000000000000e+00,True
1420,PHYSICAL_MESH,0.1000000000,-0.0763157905,5.730925113312e-05,8.492273082084e-06,0.000000000000e+00,1,0.000000000000e+00,True
1421,PHYSICAL_MESH,0.1050000000,-0.0763157905,5.824190520798e-05,8.846455784806e-06,0.000000000000e+00,1,0.000000000000e+00,True
1422,PHYSICAL_MESH,0.1100000000,-0.0763157905,5.920339754084e-05,9.237782251148e-06,0.000000000000e+00,1,0.000000000000e+00,True
1423,PHYSICAL_MESH,0.1150000000,-0.0763157905,6.019159991411e-05,9.666657206253e-06,0.000000000000e+00,1,0.000000000000e+00,True
1424,PHYSICAL_MESH,0.1225000000,-0.0763157905,6.171711720526e-05,1.038976006384e-05,0.000000000000e+00,1,0.000000000000e+00,True
1425,PHYSICAL_MESH,0.1337500000,-0.0763157905,6.409933121176e-05,1.150927255367e-05,0.000000000000e+00,1,0.000000000000e+00,True
1426,PHYSICAL_MESH,0.1506250000,-0.0763157905,6.791421765229e-05,1.324449567619e-05,0.000000000000e+00,1,0.000000000000e+00,True
1427,PHYSICAL_MESH,0.1756250000,-0.0763157905,7.518308120780e-05,1.385156156175e-05,0.000000000000e+00,1,0.000000000000e+00,True
1428,PHYSICAL_MESH,0.2005769231,-0.0763157905,7.694095256738e-05,2.982957084896e-05,0.000000000000e+00,1,0.000000000000e+00,True
1429,PHYSICAL_MESH,0.2255288462,-0.0763157905,1.669359044172e-04,-9.464851609664e-05,0.000000000000e+00,1,0.000000000000e+00,True
1430,PHYSICAL_MESH,0.2504807693,-0.0763157905,1.209187554196e-03,1.402579341084e-02,0.000000000000e+00,1,0.000000000000e+00,True
1431,PHYSICAL_MESH,0.2754326924,-0.0763157905,1.512908143923e-03,1.348569802940e-02,0.000000000000e+00,1,0.000000000000e+00,True
1432,PHYSICAL_MESH,0.3003846155,-0.0763157905,1.539593911730e-03,1.129531767219e-02,0.000000000000e+00,1,0.000000000000e+00,True
1433,PHYSICAL_MESH,0.3253365386,-0.0763157905,1.542084733956e-03,9.178995154798e-03,0.000000000000e+00,1,0.000000000000e+00,True
1434,PHYSICAL_MESH,0.3502884617,-0.0763157905,1.568050589412e-03,7.023037411273e-03,0.000000000000e+00,1,0.000000000000e+00,True
1435,PHYSICAL_MESH,0.3752403848,-0.0763157905,1.605615485460e-03,4.907785914838e-03,0.000000000000e+00,1,0.000000000000e+00,True
1436,PHYSICAL_MESH,0.4001923079,-0.0763157905,1.840022974648e-03,2.293964615092e-03,0.000000000000e+00,1,0.000000000000e+00,True
1437,PHYSICAL_MESH,0.4251442310,-0.0763157905,1.765812048689e-03,4.864738730248e-04,0.000000000000e+00,1,0.000000000000e+00,True
1438,PHYSICAL_MESH,0.4500961541,-0.0763157905,1.819570781663e-03,-8.985753520392e-04,0.000000000000e+00,1,0.000000000000e+00,True
1439,PHYSICAL_MESH,0.4750480772,-0.0763157905,2.047891262919e-03,-2.143186284229e-03,0.000000000000e+00,1,0.000000000000e+00,True
1440,PHYSICAL_MESH,0.5000000000,-0.0763157905,2.553172642365e-03,-3.432409605011e-03,0.000000000000e+00,1,0.000000000000e+00,True
1441,PHYSICAL_MESH,-0.5000000000,-0.0713157905,3.027510319953e-05,8.532366337022e-06,0.000000000000e+00,1,0.000000000000e+00,True
1442,PHYSICAL_MESH,-0.4759765625,-0.0713157905,3.028996252397e-05,7.592134352308e-06,0.000000000000e+00,1,0.000000000000e+00,True
1443,PHYSICAL_MESH,-0.4519531250,-0.0713157905,3.029783511010e-05,6.622340151807e-06,0.000000000000e+00,1,0.000000000000e+00,True
1444,PHYSICAL_MESH,-0.4279296875,-0.0713157905,3.030020343431e-05,5.648362730426e-06,0.000000000000e+00,1,0.000000000000e+00,True
1445,PHYSICAL_MESH,-0.4039062500,-0.0713157905,3.030056905118e-05,4.690383775596e-06,0.000000000000e+00,1,0.000000000000e+00,True
1446,PHYSICAL_MESH,-0.3798828125,-0.0713157905,3.030308471352e-05,3.765363089769e-06,0.000000000000e+00,1,0.000000000000e+00,True
1447,PHYSICAL_MESH,-0.3558593750,-0.0713157905,3.031184132851e-05,2.887621121772e-06,0.000000000000e+00,1,0.000000000000e+00,True
1448,PHYSICAL_MESH,-0.3318359375,-0.0713157905,3.033064422198e-05,2.069228457913e-06,0.000000000000e+00,1,0.000000000000e+00,True
1449,PHYSICAL_MESH,-0.3078125000,-0.0713157905,3.036297857761e-05,1.320503656643e-06,0.000000000000e+00,1,0.000000000000e+00,True
1450,PHYSICAL_MESH,-0.2837890625,-0.0713157905,3.041204945475e-05,6.506128329420e-07,0.000000000000e+00,1,0.000000000000e+00,True
1451,PHYSICAL_MESH,-0.2597656250,-0.0713157905,3.048081089219e-05,6.819156084248e-08,0.000000000000e+00,1,0.000000000000e+00,True
1452,PHYSICAL_MESH,-0.2357421875,-0.0713157905,3.057202047785e-05,-4.180581640867e-07,0.000000000000e+00,1,0.000000000000e+00,True
1453,PHYSICAL_MESH,-0.2117187500,-0.0713157905,3.068828664254e-05,-7.988357424438e-07,0.000000000000e+00,1,0.000000000000e+00,True
1454,PHYSICAL_MESH,-0.1876953125,-0.0713157905,3.083212868660e-05,-1.063800482370e-06,0.000000000000e+00,1,0.000000000000e+00,True
1455,PHYSICAL_MESH,-0.1636718750,-0.0713157905,3.100611502305e-05,-1.201234113068e-06,0.000000000000e+00,1,0.000000000000e+00,True
1456,PHYSICAL_MESH,-0.1396484375,-0.0713157905,3.121323970845e-05,-1.197759047500e-06,0.000000000000e+00,1,0.000000000000e+00,True
1457,PHYSICAL_MESH,-0.1156250000,-0.0713157905,3.145789742121e-05,-1.037840206664e-06,0.000000000000e+00,1,0.000000000000e+00,True
1458,PHYSICAL_MESH,-0.0906250000,-0.0713157905,3.176125028403e-05,-6.832816552560e-07,0.000000000000e+00,1,0.000000000000e+00,True
1459,PHYSICAL_MESH,-0.0737500000,-0.0713157905,3.200195715181e-05,-3.270966431046e-07,0.000000000000e+00,1,0.000000000000e+00,True
1460,PHYSICAL_MESH,-0.0625000000,-0.0713157905,3.218373240088e-05,-2.997224868295e-08,0.000000000000e+00,1,0.000000000000e+00,True
1461,PHYSICAL_MESH,-0.0550000000,-0.0713157905,3.231664595660e-05,1.976423504857e-07,0.000000000000e+00,1,0.000000000000e+00,True
1462,PHYSICAL_MESH,-0.0500000000,-0.0713157905,3.241146987421e-05,3.635929033408e-07,0.000000000000e+00,1,0.000000000000e+00,True
1463,PHYSICAL_MESH,-0.0450000000,-0.0713157905,3.251228918089e-05,5.419177568911e-07,0.000000000000e+00,1,0.000000000000e+00,True
1464,PHYSICAL_MESH,-0.0400000000,-0.0713157905,3.262053724029e-05,7.333511575780e-07,0.000000000000e+00,1,0.000000000000e+00,True
1465,PHYSICAL_MESH,-0.0350000000,-0.0713157905,3.273826587247e-05,9.387258046445e-07,0.000000000000e+00,1,0.000000000000e+00,True
1466,PHYSICAL_MESH,-0.0300000000,-0.0713157905,3.286770515842e-05,1.158945792668e-06,0.000000000000e+00,1,0.000000000000e+00,True
1467,PHYSICAL_MESH,-0.0250000000,-0.0713157905,3.301086326246e-05,1.394879518557e-06,0.000000000000e+00,1,0.000000000000e+00,True
1468,PHYSICAL_MESH,-0.0200000000,-0.0713157905,3.316943184473e-05,1.647241674618e-06,0.000000000000e+00,1,0.000000000000e+00,True
1469,PHYSICAL_MESH,-0.0150000000,-0.0713157905,3.334507709951e-05,1.916447445183e-06,0.000000000000e+00,1,0.000000000000e+00,True
1470,PHYSICAL_MESH,-0.0100000000,-0.0713157905,3.354077489348e-05,2.201820962000e-06,0.000000000000e+00,1,0.000000000000e+00,True
1471,PHYSICAL_MESH,-0.0050000000,-0.0713157905,3.376265158295e-05,2.500273012629e-06,0.000000000000e+00,1,0.000000000000e+00,True
1472,PHYSICAL_MESH,0.0000000000,-0.0713157905,3.401930734981e-05,2.807190412568e-06,0.000000000000e+00,1,0.000000000000e+00,True
1473,PHYSICAL_MESH,0.0050000000,-0.0713157905,3.431692675804e-05,3.121639338133e-06,0.000000000000e+00,1,0.000000000000e+00,True
1474,PHYSICAL_MESH,0.0100000000,-0.0713157905,3.465724876150e-05,3.448925099292e-06,0.000000000000e+00,1,0.000000000000e+00,True
1475,PHYSICAL_MESH,0.0150000000,-0.0713157905,3.504591222736e-05,3.793144287556e-06,0.000000000000e+00,1,0.000000000000e+00,True
1476,PHYSICAL_MESH,0.0200000000,-0.0713157905,3.549776374712e-05,4.154616362939e-06,0.000000000000e+00,1,0.000000000000e+00,True
1477,PHYSICAL_MESH,0.0250000000,-0.0713157905,3.603373261285e-05,4.530302248895e-06,0.000000000000e+00,1,0.000000000000e+00,True
1478,PHYSICAL_MESH,0.0300000000,-0.0713157905,3.670825026347e-05,4.924256245431e-06,0.000000000000e+00,1,0.000000000000e+00,True
1479,PHYSICAL_MESH,0.0350000000,-0.0713157905,3.762552660191e-05,5.378916284826e-06,0.000000000000e+00,1,0.000000000000e+00,True
1480,PHYSICAL_MESH,0.0400000000,-0.0713157905,3.906830170308e-05,5.986582891637e-06,0.000000000000e+00,1,0.000000000000e+00,True
1481,PHYSICAL_MESH,0.0450000000,-0.0713157905,4.120916855754e-05,6.636250873271e-06,0.000000000000e+00,1,0.000000000000e+00,True
1482,PHYSICAL_MESH,0.0500000000,-0.0713157905,4.376312426757e-05,6.848839348095e-06,0.000000000000e+00,1,0.000000000000e+00,True
1483,PHYSICAL_MESH,0.0550000000,-0.0713157905,4.663741856348e-05,6.635732006544e-06,0.000000000000e+00,1,0.000000000000e+00,True
1484,PHYSICAL_MESH,0.0600000000,-0.0713157905,4.893406730844e-05,6.451806711993e-06,0.000000000000e+00,1,0.000000000000e+00,True
1485,PHYSICAL_MESH,0.0650000000,-0.0713157905,5.058195529273e-05,6.481962827820e-06,0.000000000000e+00,1,0.000000000000e+00,True
1486,PHYSICAL_MESH,0.0700000000,-0.0713157905,5.191103991820e-05,6.655196557404e-06,0.000000000000e+00,1,0.000000000000e+00,True
1487,PHYSICAL_MESH,0.0750000000,-0.0713157905,5.305538797984e-05,6.919587121956e-06,0.000000000000e+00,1,0.000000000000e+00,True
1488,PHYSICAL_MESH,0.0800000000,-0.0713157905,5.404687544797e-05,7.213074695755e-06,0.000000000000e+00,1,0.000000000000e+00,True
1489,PHYSICAL_MESH,0.0850000000,-0.0713157905,5.490634430316e-05,7.482552518923e-06,0.000000000000e+00,1,0.000000000000e+00,True
1490,PHYSICAL_MESH,0.0900000000,-0.0713157905,5.569524000748e-05,7.743372407276e-06,0.000000000000e+00,1,0.000000000000e+00,True
1491,PHYSICAL_MESH,0.0950000000,-0.0713157905,5.645476267091e-05,8.008058102860e-06,0.000000000000e+00,1,0.000000000000e+00,True
1492,PHYSICAL_MESH,0.1000000000,-0.0713157905,5.721439447370e-05,8.288073331641e-06,0.000000000000e+00,1,0.000000000000e+00,True
1493,PHYSICAL_MESH,0.1050000000,-0.0713157905,5.800409780932e-05,8.601926310803e-06,0.000000000000e+00,1,0.000000000000e+00,True
1494,PHYSICAL_MESH,0.1100000000,-0.0713157905,5.884192796657e-05,8.963855179900e-06,0.000000000000e+00,1,0.000000000000e+00,True
1495,PHYSICAL_MESH,0.1150000000,-0.0713157905,5.972626604489e-05,9.400936505699e-06,0.000000000000e+00,1,0.000000000000e+00,True
1496,PHYSICAL_MESH,0.1225000000,-0.0713157905,6.109388050390e-05,1.016585156322e-05,0.000000000000e+00,1,0.000000000000e+00,True
1497,PHYSICAL_MESH,0.1337500000,-0.0713157905,6.327491428237e-05,1.160470128525e-05,0.000000000000e+00,1,0.000000000000e+00,True
1498,PHYSICAL_MESH,0.1506250000,-0.0713157905,6.665765977232e-05,1.362023522233e-05,0.000000000000e+00,1,0.000000000000e+00,True
1499,PHYSICAL_MESH,0.1756250000,-0.0713157905,7.474371523131e-05,1.649191290198e-05,0.000000000000e+00,1,0.000000000000e+00,True
1500,PHYSICAL_MESH,0.2005769231,-0.0713157905,7.031413406366e-05,8.687391527928e-05,0.000000000000e+00,1,0.000000000000e+00,True
1501,PHYSICAL_MESH,0.2255288462,-0.0713157905,1.904363045469e-03,1.743020117283e-02,0.000000000000e+00,1,0.000000000000e+00,True
1502,PHYSICAL_MESH,0.2504807693,-0.0713157905,1.970140263438e-03,1.548720058054e-02,0.000000000000e+00,1,0.000000000000e+00,True
1503,PHYSICAL_MESH,0.2754326924,-0.0713157905,1.949937664904e-03,1.343808602542e-02,0.000000000000e+00,1,0.000000000000e+00,True
1504,PHYSICAL_MESH,0.3003846155,-0.0713157905,1.963331829756e-03,1.130500435829e-02,0.000000000000e+00,1,0.000000000000e+00,True
1505,PHYSICAL_MESH,0.3253365386,-0.0713157905,1.971852965653e-03,9.174941107631e-03,0.000000000000e+00,1,0.000000000000e+00,True
1506,PHYSICAL_MESH,0.3502884617,-0.0713157905,1.986929215491e-03,7.033278699964e-03,0.000000000000e+00,1,0.000000000000e+00,True
1507,PHYSICAL_MESH,0.3752403848,-0.0713157905,2.053700853139e-03,4.870318342000e-03,0.000000000000e+00,1,0.000000000000e+00,True
1508,PHYSICAL_MESH,0.4001923079,-0.0713157905,2.164643257856e-03,2.433561254293e-03,0.000000000000e+00,1,0.000000000000e+00,True
1509,PHYSICAL_MESH,0.4251442310,-0.0713157905,2.119317417964e-03,5.393727333285e-04,0.000000000000e+00,1,0.000000000000e+00,True
1510,PHYSICAL_MESH,0.4500961541,-0.0713157905,2.155902097002e-03,-9.460618020967e-04,0.000000000000e+00,1,0.000000000000e+00,True
1511,PHYSICAL_MESH,0.4750480772,-0.0713157905,2.367898589000e-03,-2.334675053135e-03,0.000000000000e+00,1,0.000000000000e+00,True
1512,PHYSICAL_MESH,0.5000000000,-0.0713157905,2.816457999870e-03,-3.855169517919e-03,0.000000000000e+00,1,0.000000000000e+00,True
1513,PHYSICAL_MESH,-0.5000000000,-0.0663752131,3.046262281714e-05,8.524149052391e-06,0.000000000000e+00,1,0.000000000000e+00,True
1514,PHYSICAL_MESH,-0.4759765625,-0.0663752131,3.047550308111e-05,7.586642368551e-06,0.000000000000e+00,1,0.000000000000e+00,True
1515,PHYSICAL_MESH,-0.4519531250,-0.0663752131,3.048161124752e-05,6.619737632718e-06,0.000000000000e+00,1,0.000000000000e+00,True
1516,PHYSICAL_MESH,-0.4279296875,-0.0663752131,3.048161852348e-05,5.648038040817e-06,0.000000000000e+00,1,0.000000000000e+00,True
1517,PHYSICAL_MESH,-0.4039062500,-0.0663752131,3.047856625926e-05,4.691434241977e-06,0.000000000000e+00,1,0.000000000000e+00,True
1518,PHYSICAL_MESH,-0.3798828125,-0.0663752131,3.047627069463e-05,3.766902864299e-06,0.000000000000e+00,1,0.000000000000e+00,True
1519,PHYSICAL_MESH,-0.3558593750,-0.0663752131,3.047855352634e-05,2.888895551223e-06,0.000000000000e+00,1,0.000000000000e+00,True
1520,PHYSICAL_MESH,-0.3318359375,-0.0663752131,3.048902908631e-05,2.069630909318e-06,0.000000000000e+00,1,0.000000000000e+00,True
1521,PHYSICAL_MESH,-0.3078125000,-0.0663752131,3.051104977203e-05,1.319562215940e-06,0.000000000000e+00,1,0.000000000000e+00,True
1522,PHYSICAL_MESH,-0.2837890625,-0.0663752131,3.054772241740e-05,6.479685907834e-07,0.000000000000e+00,1,0.000000000000e+00,True
1523,PHYSICAL_MESH,-0.2597656250,-0.0663752131,3.060191738768e-05,6.358027349052e-08,0.000000000000e+00,1,0.000000000000e+00,True
1524,PHYSICAL_MESH,-0.2357421875,-0.0663752131,3.067628495046e-05,-4.248212519542e-07,0.000000000000e+00,1,0.000000000000e+00,True
1525,PHYSICAL_MESH,-0.2117187500,-0.0663752131,3.077327346546e-05,-8.078689575086e-07,0.000000000000e+00,1,0.000000000000e+00,True
1526,PHYSICAL_MESH,-0.1876953125,-0.0663752131,3.089513484156e-05,-1.075174395737e-06,0.000000000000e+00,1,0.000000000000e+00,True
1527,PHYSICAL_MESH,-0.1636718750,-0.0663752131,3.104395727860e-05,-1.215021484313e-06,0.000000000000e+00,1,0.000000000000e+00,True
1528,PHYSICAL_MESH,-0.1396484375,-0.0663752131,3.122181442450e-05,-1.214185544995e-06,0.000000000000e+00,1,0.000000000000e+00,True
1529,PHYSICAL_MESH,-0.1156250000,-0.0663752131,3.143139474560e-05,-1.057677650351e-06,0.000000000000e+00,1,0.000000000000e+00,True
1530,PHYSICAL_MESH,-0.0906250000,-0.0663752131,3.168884359184e-05,-7.093334488673e-07,0.000000000000e+00,1,0.000000000000e+00,True
1531,PHYSICAL_MESH,-0.0737500000,-0.0663752131,3.189038761775e-05,-3.598351838718e-07,0.000000000000e+00,1,0.000000000000e+00,True
1532,PHYSICAL_MESH,-0.0625000000,-0.0663752131,3.204088352504e-05,-6.917812811480e-08,0.000000000000e+00,1,0.000000000000e+00,True
1533,PHYSICAL_MESH,-0.0550000000,-0.0663752131,3.215009201085e-05,1.529312640969e-07,0.000000000000e+00,1,0.000000000000e+00,True
1534,PHYSICAL_MESH,-0.0500000000,-0.0663752131,3.222762461519e-05,3.145938478610e-07,0.000000000000e+00,1,0.000000000000e+00,True
1535,PHYSICAL_MESH,-0.0450000000,-0.0663752131,3.230976653867e-05,4.880756137027e-07,0.000000000000e+00,1,0.000000000000e+00,True
1536,PHYSICAL_MESH,-0.0400000000,-0.0663752131,3.239769648644e-05,6.741505558239e-07,0.000000000000e+00,1,0.000000000000e+00,True
1537,PHYSICAL_MESH,-0.0350000000,-0.0663752131,3.249313158449e-05,8.738285259824e-07,0.000000000000e+00,1,0.000000000000e+00,True
1538,PHYSICAL_MESH,-0.0300000000,-0.0663752131,3.259803270339e-05,1.088306021302e-06,0.000000000000e+00,1,0.000000000000e+00,True
1539,PHYSICAL_MESH,-0.0250000000,-0.0663752131,3.271417153883e-05,1.318775161963e-06,0.000000000000e+00,1,0.000000000000e+00,True
1540,PHYSICAL_MESH,-0.0200000000,-0.0663752131,3.284296690254e-05,1.566233322592e-06,0.000000000000e+00,1,0.000000000000e+00,True
1541,PHYSICAL_MESH,-0.0150000000,-0.0663752131,3.298575029476e-05,1.831290433074e-06,0.000000000000e+00,1,0.000000000000e+00,True
1542,PHYSICAL_MESH,-0.0100000000,-0.0663752131,3.314507193863e-05,2.113497203027e-06,0.000000000000e+00,1,0.000000000000e+00,True
1543,PHYSICAL_MESH,-0.0050000000,-0.0663752131,3.332645792398e-05,2.410296247035e-06,0.000000000000e+00,1,0.000000000000e+00,True
1544,PHYSICAL_MESH,0.0000000000,-0.0663752131,3.353754436830e-05,2.718155201364e-06,0.000000000000e+00,1,0.000000000000e+00,True
1545,PHYSICAL_MESH,0.0050000000,-0.0663752131,3.378298060852e-05,3.038394879695e-06,0.000000000000e+00,1,0.000000000000e+00,True
1546,PHYSICAL_MESH,0.0100000000,-0.0663752131,3.406386531424e-05,3.379832151040e-06,0.000000000000e+00,1,0.000000000000e+00,True
1547,PHYSICAL_MESH,0.0150000000,-0.0663752131,3.438587009441e-05,3.755912302950e-06,0.000000000000e+00,1,0.000000000000e+00,True
1548,PHYSICAL_MESH,0.0200000000,-0.0663752131,3.475601261016e-05,4.192521828372e-06,0.000000000000e+00,1,0.000000000000e+00,True
1549,PHYSICAL_MESH,0.0250000000,-0.0663752131,3.523224222590e-05,4.748924311571e-06,0.000000000000e+00,1,0.000000000000e+00,True
1550,PHYSICAL_MESH,0.0300000000,-0.0663752131,3.599321280490e-05,5.708790013159e-06,0.000000000000e+00,1,0.000000000000e+00,True
1551,PHYSICAL_MESH,0.0350000000,-0.0663752131,3.757827653317e-05,8.022223482840e-06,0.000000000000e+00,1,0.000000000000e+00,True
1552,PHYSICAL_MESH,0.0400000000,-0.0663752131,3.983458009316e-05,1.101118778024e-05,0.000000000000e+00,1,0.000000000000e+00,True
1553,PHYSICAL_MESH,0.0450000000,-0.0663752131,4.199517570669e-05,1.233934744960e-05,0.000000000000e+00,1,0.000000000000e+00,True
1554,PHYSICAL_MESH,0.0500000000,-0.0663752131,4.427930616657e-05,1.256737596123e-05,0.000000000000e+00,1,0.000000000000e+00,True
1555,PHYSICAL_MESH,0.0550000000,-0.0663752131,4.687122782343e-05,1.170624000224e-05,0.000000000000e+00,1,0.000000000000e+00,True
1556,PHYSICAL_MESH,0.0600000000,-0.0663752131,4.948329296894e-05,9.600497833162e-06,0.000000000000e+00,1,0.000000000000e+00,True
1557,PHYSICAL_MESH,0.0650000000,-0.0663752131,5.156454790267e-05,7.791335519869e-06,0.000000000000e+00,1,0.000000000000e+00,True
1558,PHYSICAL_MESH,0.0700000000,-0.0663752131,5.289771797834e-05,7.157612344599e-06,0.000000000000e+00,1,0.000000000000e+00,True
1559,PHYSICAL_MESH,0.0750000000,-0.0663752131,5.395285552368e-05,7.153466413001e-06,0.000000000000e+00,1,0.000000000000e+00,True
1560,PHYSICAL_MESH,0.0800000000,-0.0663752131,5.483357745106e-05,7.379442195088e-06,0.000000000000e+00,1,0.000000000000e+00,True
1561,PHYSICAL_MESH,0.0850000000,-0.0663752131,5.552759466809e-05,7.621874374308e-06,0.000000000000e+00,1,0.000000000000e+00,True
1562,PHYSICAL_MESH,0.0900000000,-0.0663752131,5.612421955448e-05,7.844475476304e-06,0.000000000000e+00,1,0.000000000000e+00,True
1563,PHYSICAL_MESH,0.0950000000,-0.0663752131,5.669100573868e-05,8.055498255999e-06,0.000000000000e+00,1,0.000000000000e+00,True
1564,PHYSICAL_MESH,0.1000000000,-0.0663752131,5.726631570724e-05,8.269274985651e-06,0.000000000000e+00,1,0.000000000000e+00,True
1565,PHYSICAL_MESH,0.1050000000,-0.0663752131,5.789068382001e-05,8.517697096977e-06,0.000000000000e+00,1,0.000000000000e+00,True
1566,PHYSICAL_MESH,0.1100000000,-0.0663752131,5.857862561243e-05,8.839778274705e-06,0.000000000000e+00,1,0.000000000000e+00,True
1567,PHYSICAL_MESH,0.1150000000,-0.0663752131,5.932856220170e-05,9.246383342543e-06,0.000000000000e+00,1,0.000000000000e+00,True
1568,PHYSICAL_MESH,0.1225000000,-0.0663752131,6.060697342036e-05,1.023440563586e-05,0.000000000000e+00,1,0.000000000000e+00,True
1569,PHYSICAL_MESH,0.1337500000,-0.0663752131,6.218047201401e-05,1.218485249410e-05,0.000000000000e+00,1,0.000000000000e+00,True
1570,PHYSICAL_MESH,0.1506250000,-0.0663752131,6.586960080313e-05,1.689809323580e-05,0.000000000000e+00,1,0.000000000000e+00,True
1571,PHYSICAL_MESH,0.1756250000,-0.0663752131,6.595999730052e-05,3.469183866400e-05,0.000000000000e+00,1,0.000000000000e+00,True
1572,PHYSICAL_MESH,0.2005769231,-0.0663752131,2.394376322627e-03,1.879776827991e-02,0.000000000000e+00,1,0.000000000000e+00,True
1573,PHYSICAL_MESH,0.2255288462,-0.0663752131,2.365031279624e-03,1.767912693322e-02,0.000000000000e+00,1,0.000000000000e+00,True
1574,PHYSICAL_MESH,0.2504807693,-0.0663752131,2.378780860454e-03,1.554330810905e-02,0.000000000000e+00,1,0.000000000000e+00,True
1575,PHYSICAL_MESH,0.2754326924,-0.0663752131,2.375422744080e-03,1.343427412212e-02,0.000000000000e+00,1,0.000000000000e+00,True
1576,PHYSICAL_MESH,0.3003846155,-0.0663752131,2.383788116276e-03,1.130498573184e-02,0.000000000000e+00,1,0.000000000000e+00,True
1577,PHYSICAL_MESH,0.3253365386,-0.0663752131,2.393435686827e-03,9.173673577607e-03,0.000000000000e+00,1,0.000000000000e+00,True
1578,PHYSICAL_MESH,0.3502884617,-0.0663752131,2.411062596366e-03,7.032875437289e-03,0.000000000000e+00,1,0.000000000000e+00,True
1579,PHYSICAL_MESH,0.3752403848,-0.0663752131,2.475816989318e-03,4.854398313910e-03,0.000000000000e+00,1,0.000000000000e+00,True
1580,PHYSICAL_MESH,0.4001923079,-0.0663752131,2.529639285058e-03,2.514508087188e-03,0.000000000000e+00,1,0.000000000000e+00,True
1581,PHYSICAL_MESH,0.4251442310,-0.0663752131,2.487950958312e-03,5.811830633320e-04,0.000000000000e+00,1,0.000000000000e+00,True
1582,PHYSICAL_MESH,0.4500961541,-0.0663752131,2.515659201890e-03,-9.864793391898e-04,0.000000000000e+00,1,0.000000000000e+00,True
1583,PHYSICAL_MESH,0.4750480772,-0.0663752131,2.709820633754e-03,-2.489850157872e-03,0.000000000000e+00,1,0.000000000000e+00,True
1584,PHYSICAL_MESH,0.5000000000,-0.0663752131,3.080267459154e-03,-4.131556488574e-03,0.000000000000e+00,1,0.000000000000e+00,True
1585,PHYSICAL_MESH,-0.5000000000,-0.0614346357,3.064977863687e-05,8.517040441802e-06,0.000000000000e+00,1,0.000000000000e+00,True
1586,PHYSICAL_MESH,-0.4759765625,-0.0614346357,3.066071440117e-05,7.581732006656e-06,0.000000000000e+00,1,0.000000000000e+00,True
1587,PHYSICAL_MESH,-0.4519531250,-0.0614346357,3.066501813009e-05,6.617479357374e-06,0.000000000000e+00,1,0.000000000000e+00,True
1588,PHYSICAL_MESH,-0.4279296875,-0.0614346357,3.066256977036e-05,5.647948455589e-06,0.000000000000e+00,1,0.000000000000e+00,True
1589,PHYSICAL_MESH,-0.4039062500,-0.0614346357,3.065597775276e-05,4.692697530118e-06,0.000000000000e+00,1,0.000000000000e+00,True
1590,PHYSICAL_MESH,-0.3798828125,-0.0614346357,3.064871270908e-05,3.768709348151e-06,0.000000000000e+00,1,0.000000000000e+00,True
1591,PHYSICAL_MESH,-0.3558593750,-0.0614346357,3.064432894462e-05,2.890551286328e-06,0.000000000000e+00,1,0.000000000000e+00,True
1592,PHYSICAL_MESH,-0.3318359375,-0.0614346357,3.064625343541e-05,2.070574282698e-06,0.000000000000e+00,1,0.000000000000e+00,True
1593,PHYSICAL_MESH,-0.3078125000,-0.0614346357,3.065771670663e-05,1.319351099482e-06,0.000000000000e+00,1,0.000000000000e+00,True
1594,PHYSICAL_MESH,-0.2837890625,-0.0614346357,3.068174555665e-05,6.462643682426e-07,0.000000000000e+00,1,0.000000000000e+00,True
1595,PHYSICAL_MESH,-0.2597656250,-0.0614346357,3.072113395319e-05,6.013263487148e-08,0.000000000000e+00,1,0.000000000000e+00,True
1596,PHYSICAL_MESH,-0.2357421875,-0.0614346357,3.077845394728e-05,-4.301846843191e-07,0.000000000000e+00,1,0.000000000000e+00,True
1597,PHYSICAL_MESH,-0.2117187500,-0.0614346357,3.085603020736e-05,-8.152485975188e-07,0.000000000000e+00,1,0.000000000000e+00,True
1598,PHYSICAL_MESH,-0.1876953125,-0.0614346357,3.095591091551e-05,-1.084605514734e-06,0.000000000000e+00,1,0.000000000000e+00,True
1599,PHYSICAL_MESH,-0.1636718750,-0.0614346357,3.107982411166e-05,-1.226502263307e-06,0.000000000000e+00,1,0.000000000000e+00,True
1600,PHYSICAL_MESH,-0.1396484375,-0.0614346357,3.122914858977e-05,-1.227787606695e-06,0.000000000000e+00,1,0.000000000000e+00,True
1601,PHYSICAL_MESH,-0.1156250000,-0.0614346357,3.140521948808e-05,-1.073887574421e-06,0.000000000000e+00,1,0.000000000000e+00,True
1602,PHYSICAL_MESH,-0.0906250000,-0.0614346357,3.161983113387e-05,-7.304685709641e-07,0.000000000000e+00,1,0.000000000000e+00,True
1603,PHYSICAL_MESH,-0.0737500000,-0.0614346357,3.178553379257e-05,-3.864072937176e-07,0.000000000000e+00,1,0.000000000000e+00,True
1604,PHYSICAL_MESH,-0.0625000000,-0.0614346357,3.190768256900e-05,-1.012324517546e-07,0.000000000000e+00,1,0.000000000000e+00,True
1605,PHYSICAL_MESH,-0.0550000000,-0.0614346357,3.199551065336e-05,1.160590201721e-07,0.000000000000e+00,1,0.000000000000e+00,True
1606,PHYSICAL_MESH,-0.0500000000,-0.0614346357,3.205749089830e-05,2.738851776485e-07,0.000000000000e+00,1,0.000000000000e+00,True
1607,PHYSICAL_MESH,-0.0450000000,-0.0614346357,3.212286901544e-05,4.429423086094e-07,0.000000000000e+00,1,0.000000000000e+00,True
1608,PHYSICAL_MESH,-0.0400000000,-0.0614346357,3.219256541342e-05,6.240211973818e-07,0.000000000000e+00,1,0.000000000000e+00,True
1609,PHYSICAL_MESH,-0.0350000000,-0.0614346357,3.226798071410e-05,8.182963711079e-07,0.000000000000e+00,1,0.000000000000e+00,True
1610,PHYSICAL_MESH,-0.0300000000,-0.0614346357,3.235078838770e-05,1.027294842970e-06,0.000000000000e+00,1,0.000000000000e+00,True
1611,PHYSICAL_MESH,-0.0250000000,-0.0614346357,3.244254912715e-05,1.252643755834e-06,0.000000000000e+00,1,0.000000000000e+00,True
1612,PHYSICAL_MESH,-0.0200000000,-0.0614346357,3.254443072365e-05,1.495764990977e-06,0.000000000000e+00,1,0.000000000000e+00,True
1613,PHYSICAL_MESH,-0.0150000000,-0.0614346357,3.265741543146e-05,1.757588393048e-06,0.000000000000e+00,1,0.000000000000e+00,True
1614,PHYSICAL_MESH,-0.0100000000,-0.0614346357,3.278356598457e-05,2.038119873760e-06,0.000000000000e+00,1,0.000000000000e+00,True
1615,PHYSICAL_MESH,-0.0050000000,-0.0614346357,3.292774636066e-05,2.335967337785e-06,0.000000000000e+00,1,0.000000000000e+00,True
1616,PHYSICAL_MESH,0.0000000000,-0.0614346357,3.309690873721e-05,2.649707084856e-06,0.000000000000e+00,1,0.000000000000e+00,True
1617,PHYSICAL_MESH,0.0050000000,-0.0614346357,3.329517494421e-05,2.983956164826e-06,0.000000000000e+00,1,0.000000000000e+00,True
1618,PHYSICAL_MESH,0.0100000000,-0.0614346357,3.352516068844e-05,3.353952251928e-06,0.000000000000e+00,1,0.000000000000e+00,True
1619,PHYSICAL_MESH,0.0150000000,-0.0614346357,3.379948248039e-05,3.790781647695e-06,0.000000000000e+00,1,0.000000000000e+00,True
1620,PHYSICAL_MESH,0.0200000000,-0.0614346357,3.417086554691e-05,4.400027137308e-06,0.000000000000e+00,1,0.000000000000e+00,True
1621,PHYSICAL_MESH,0.0250000000,-0.0614346357,3.489169102977e-05,5.695022991858e-06,0.000000000000e+00,1,0.000000000000e+00,True
1622,PHYSICAL_MESH,0.0300000000,-0.0614346357,3.723658301169e-05,1.035658624460e-05,0.000000000000e+00,1,0.000000000000e+00,True
1623,PHYSICAL_MESH,0.0350000000,-0.0614346357,3.975080107921e-05,1.585849895491e-05,0.000000000000e+00,1,0.000000000000e+00,True
1624,PHYSICAL_MESH,0.0400000000,-0.0614346357,4.135542621952e-05,1.825137769629e-05,0.000000000000e+00,1,0.000000000000e+00,True
1625,PHYSICAL_MESH,0.0450000000,-0.0614346357,4.319824438426e-05,1.925782999024e-05,0.000000000000e+00,1,0.000000000000e+00,True
1626,PHYSICAL_MESH,0.0500000000,-0.0614346357,4.541153248283e-05,1.923364106915e-05,0.000000000000e+00,1,0.000000000000e+00,True
1627,PHYSICAL_MESH,0.0550000000,-0.0614346357,4.769281440531e-05,1.831133704400e-05,0.000000000000e+00,1,0.000000000000e+00,True
1628,PHYSICAL_MESH,0.0600000000,-0.0614346357,4.983382314094e-05,1.670593519520e-05,0.000000000000e+00,1,0.000000000000e+00,True
1629,PHYSICAL_MESH,0.0650000000,-0.0614346357,5.196399069973e-05,1.399453685735e-05,0.000000000000e+00,1,0.000000000000e+00,True
1630,PHYSICAL_MESH,0.0700000000,-0.0614346357,5.391851300374e-05,1.061207603925e-05,0.000000000000e+00,1,0.000000000000e+00,True
1631,PHYSICAL_MESH,0.0750000000,-0.0614346357,5.511566268979e-05,8.575688298151e-06,0.000000000000e+00,1,0.000000000000e+00,True
1632,PHYSICAL_MESH,0.0800000000,-0.0614346357,5.587300256593e-05,8.038438863878e-06,0.000000000000e+00,1,0.000000000000e+00,True
1633,PHYSICAL_MESH,0.0850000000,-0.0614346357,5.641521056532e-05,8.089698894764e-06,0.000000000000e+00,1,0.000000000000e+00,True
1634,PHYSICAL_MESH,0.0900000000,-0.0614346357,5.683131166734e-05,8.240419447247e-06,0.000000000000e+00,1,0.000000000000e+00,True
1635,PHYSICAL_MESH,0.0950000000,-0.0614346357,5.719951514038e-05,8.381437510252e-06,0.000000000000e+00,1,0.000000000000e+00,True
1636,PHYSICAL_MESH,0.1000000000,-0.0614346357,5.757810868090e-05,8.504769539286e-06,0.000000000000e+00,1,0.000000000000e+00,True
1637,PHYSICAL_MESH,0.1050000000,-0.0614346357,5.801321458421e-05,8.656347745273e-06,0.000000000000e+00,1,0.000000000000e+00,True
1638,PHYSICAL_MESH,0.1100000000,-0.0614346357,5.854142364115e-05,8.906886250770e-06,0.000000000000e+00,1,0.000000000000e+00,True
1639,PHYSICAL_MESH,0.1150000000,-0.0614346357,5.914490247960e-05,9.363209755975e-06,0.000000000000e+00,1,0.000000000000e+00,True
1640,PHYSICAL_MESH,0.1225000000,-0.0614346357,6.018544809194e-05,1.041008727043e-05,0.000000000000e+00,1,0.000000000000e+00,True
1641,PHYSICAL_MESH,0.1337500000,-0.0614346357,6.128615495982e-05,1.593159140612e-05,0.000000000000e+00,1,0.000000000000e+00,True
1642,PHYSICAL_MESH,0.1506250000,-0.0614346357,6.232521991478e-05,2.412446701783e-05,0.000000000000e+00,1,0.000000000000e+00,True
1643,PHYSICAL_MESH,0.1756250000,-0.0614346357,4.658570833271e-05,5.372370942496e-04,0.000000000000e+00,1,0.000000000000e+00,True
1644,PHYSICAL_MESH,0.2005769231,-0.0614346357,2.804679097608e-03,1.975399442017e-02,0.000000000000e+00,1,0.000000000000e+00,True
1645,PHYSICAL_MESH,0.2255288462,-0.0614346357,2.787265693769e-03,1.768271252513e-02,0.000000000000e+00,1,0.000000000000e+00,True
1646,PHYSICAL_MESH,0.2504807693,-0.0614346357,2.795134205371e-03,1.555260084569e-02,0.000000000000e+00,1,0.000000000000e+00,True
1647,PHYSICAL_MESH,0.2754326924,-0.0614346357,2.797236666083e-03,1.343298237771e-02,0.000000000000e+00,1,0.000000000000e+00,True
1648,PHYSICAL_MESH,0.3003846155,-0.0614346357,2.804669551551e-03,1.130445860326e-02,0.000000000000e+00,1,0.000000000000e+00,True
1649,PHYSICAL_MESH,0.3253365386,-0.0614346357,2.814717357978e-03,9.172745980322e-03,0.000000000000e+00,1,0.000000000000e+00,True
1650,PHYSICAL_MESH,0.3502884617,-0.0614346357,2.835277933627e-03,7.030289620161e-03,0.000000000000e+00,1,0.000000000000e+00,True
1651,PHYSICAL_MESH,0.3752403848,-0.0614346357,2.889956114814e-03,4.848303273320e-03,0.000000000000e+00,1,0.000000000000e+00,True
1652,PHYSICAL_MESH,0.4001923079,-0.0614346357,2.914193551987e-03,2.570357872173e-03,0.000000000000e+00,1,0.000000000000e+00,True
1653,PHYSICAL_MESH,0.4251442310,-0.0614346357,2.870375523344e-03,6.153020658530e-04,0.000000000000e+00,1,0.000000000000e+00,True
1654,PHYSICAL_MESH,0.4500961541,-0.0614346357,2.892439952120e-03,-1.021713600494e-03,0.000000000000e+00,1,0.000000000000e+00,True
1655,PHYSICAL_MESH,0.4750480772,-0.0614346357,3.066141391173e-03,-2.611652016640e-03,0.000000000000e+00,1,0.000000000000e+00,True
1656,PHYSICAL_MESH,0.5000000000,-0.0614346357,3.369265701622e-03,-4.317148122936e-03,0.000000000000e+00,1,0.000000000000e+00,True
1657,PHYSICAL_MESH,-0.5000000000,-0.0564940583,3.083672709181e-05,8.511003215972e-06,0.000000000000e+00,1,0.000000000000e+00,True
1658,PHYSICAL_MESH,-0.4759765625,-0.0564940583,3.084577110712e-05,7.577399628644e-06,0.000000000000e+00,1,0.000000000000e+00,True
1659,PHYSICAL_MESH,-0.4519531250,-0.0564940583,3.084823401878e-05,6.615582151426e-06,0.000000000000e+00,1,0.000000000000e+00,True
1660,PHYSICAL_MESH,-0.4279296875,-0.0564940583,3.084325362579e-05,5.648118531099e-06,0.000000000000e+00,1,0.000000000000e+00,True
1661,PHYSICAL_MESH,-0.4039062500,-0.0564940583,3.083300543949e-05,4.694205017586e-06,0.000000000000e+00,1,0.000000000000e+00,True
1662,PHYSICAL_MESH,-0.3798828125,-0.0564940583,3.082061448367e-05,3.770817556870e-06,0.000000000000e+00,1,0.000000000000e+00,True
1663,PHYSICAL_MESH,-0.3558593750,-0.0564940583,3.080936949118e-05,2.892626753237e-06,0.000000000000e+00,1,0.000000000000e+00,True
1664,PHYSICAL_MESH,-0.3318359375,-0.0564940583,3.080251553911e-05,2.072098595818e-06,0.000000000000e+00,1,0.000000000000e+00,True
1665,PHYSICAL_MESH,-0.3078125000,-0.0564940583,3.080317401327e-05,1.319911348219e-06,0.000000000000e+00,1,0.000000000000e+00,True
1666,PHYSICAL_MESH,-0.2837890625,-0.0564940583,3.081430259044e-05,6.455393872784e-07,0.000000000000e+00,1,0.000000000000e+00,True
1667,PHYSICAL_MESH,-0.2597656250,-0.0564940583,3.083864430664e-05,5.788297485765e-08,0.000000000000e+00,1,0.000000000000e+00,True
1668,PHYSICAL_MESH,-0.2357421875,-0.0564940583,3.087870209129e-05,-4.341231942817e-07,0.000000000000e+00,1,0.000000000000e+00,True
1669,PHYSICAL_MESH,-0.2117187500,-0.0564940583,3.093670966337e-05,-8.209657949010e-07,0.000000000000e+00,1,0.000000000000e+00,True
1670,PHYSICAL_MESH,-0.1876953125,-0.0564940583,3.101458059973e-05,-1.092114871426e-06,0.000000000000e+00,1,0.000000000000e+00,True
1671,PHYSICAL_MESH,-0.1636718750,-0.0564940583,3.111379191978e-05,-1.235750005435e-06,0.000000000000e+00,1,0.000000000000e+00,True
1672,PHYSICAL_MESH,-0.1396484375,-0.0564940583,3.123524220427e-05,-1.238728145836e-06,0.000000000000e+00,1,0.000000000000e+00,True
1673,PHYSICAL_MESH,-0.1156250000,-0.0564940583,3.137928069918e-05,-1.086772385861e-06,0.000000000000e+00,1,0.000000000000e+00,True
1674,PHYSICAL_MESH,-0.0906250000,-0.0564940583,3.155407830491e-05,-7.471767276002e-07,0.000000000000e+00,1,0.000000000000e+00,True
1675,PHYSICAL_MESH,-0.0737500000,-0.0564940583,3.168734110659e-05,-4.074633181972e-07,0.000000000000e+00,1,0.000000000000e+00,True
1676,PHYSICAL_MESH,-0.0625000000,-0.0564940583,3.178423503414e-05,-1.268945624133e-07,0.000000000000e+00,1,0.000000000000e+00,True
1677,PHYSICAL_MESH,-0.0550000000,-0.0564940583,3.185319292243e-05,8.619308999869e-08,0.000000000000e+00,1,0.000000000000e+00,True
1678,PHYSICAL_MESH,-0.0500000000,-0.0564940583,3.190151983290e-05,2.405858481325e-07,0.000000000000e+00,1,0.000000000000e+00,True
1679,PHYSICAL_MESH,-0.0450000000,-0.0564940583,3.195224053343e-05,4.055923739088e-07,0.000000000000e+00,1,0.000000000000e+00,True
1680,PHYSICAL_MESH,-0.0400000000,-0.0564940583,3.200604987796e-05,5.819806006002e-07,0.000000000000e+00,1,0.000000000000e+00,True
1681,PHYSICAL_MESH,-0.0350000000,-0.0564940583,3.206404289813e-05,7.710353315815e-07,0.000000000000e+00,1,0.000000000000e+00,True
1682,PHYSICAL_MESH,-0.0300000000,-0.0564940583,3.212765295757e-05,9.746198657012e-07,0.000000000000e+00,1,0.000000000000e+00,True
1683,PHYSICAL_MESH,-0.0250000000,-0.0564940583,3.219824429834e-05,1.194918695546e-06,0.000000000000e+00,1,0.000000000000e+00,True
1684,PHYSICAL_MESH,-0.0200000000,-0.0564940583,3.227678098483e-05,1.433979036847e-06,0.000000000000e+00,1,0.000000000000e+00,True
1685,PHYSICAL_MESH,-0.0150000000,-0.0564940583,3.236396150896e-05,1.693239596534e-06,0.000000000000e+00,1,0.000000000000e+00,True
1686,PHYSICAL_MESH,-0.0100000000,-0.0564940583,3.246135747759e-05,1.973397047550e-06,0.000000000000e+00,1,0.000000000000e+00,True
1687,PHYSICAL_MESH,-0.0050000000,-0.0564940583,3.257331627537e-05,2.274899543409e-06,0.000000000000e+00,1,0.000000000000e+00,True
1688,PHYSICAL_MESH,0.0000000000,-0.0564940583,3.270692832302e-05,2.599795379865e-06,0.000000000000e+00,1,0.000000000000e+00,True
1689,PHYSICAL_MESH,0.0050000000,-0.0564940583,3.286818173365e-05,2.957294327643e-06,0.000000000000e+00,1,0.000000000000e+00,True
1690,PHYSICAL_MESH,0.0100000000,-0.0564940583,3.306720827823e-05,3.373535719220e-06,0.000000000000e+00,1,0.000000000000e+00,True
1691,PHYSICAL_MESH,0.0150000000,-0.0564940583,3.333961285534e-05,3.920233666577e-06,0.000000000000e+00,1,0.000000000000e+00,True
1692,PHYSICAL_MESH,0.0200000000,-0.0564940583,3.390941492398e-05,4.901865395368e-06,0.000000000000e+00,1,0.000000000000e+00,True
1693,PHYSICAL_MESH,0.0250000000,-0.0564940583,3.601727439673e-05,9.182229405269e-06,0.000000000000e+00,1,0.000000000000e+00,True
1694,PHYSICAL_MESH,0.0300000000,-0.0564940583,3.985966031905e-05,1.889361192298e-05,0.000000000000e+00,1,0.000000000000e+00,True
1695,PHYSICAL_MESH,0.0350000000,-0.0564940583,4.145957427681e-05,2.422142097203e-05,0.000000000000e+00,1,0.000000000000e+00,True
1696,PHYSICAL_MESH,0.0400000000,-0.0564940583,4.309434734751e-05,2.657473487488e-05,0.000000000000e+00,1,0.000000000000e+00,True
1697,PHYSICAL_MESH,0.0450000000,-0.0564940583,4.503642776399e-05,2.708242755034e-05,0.000000000000e+00,1,0.000000000000e+00,True
1698,PHYSICAL_MESH,0.0500000000,-0.0564940583,4.730131331598e-05,2.658900848473e-05,0.000000000000e+00,1,0.000000000000e+00,True
1699,PHYSICAL_MESH,0.0550000000,-0.0564940583,4.965800326318e-05,2.540321838751e-05,0.000000000000e+00,1,0.000000000000e+00,True
1700,PHYSICAL_MESH,0.0600000000,-0.0564940583,5.190961019252e-05,2.368363493588e-05,0.000000000000e+00,1,0.000000000000e+00,True
1701,PHYSICAL_MESH,0.0650000000,-0.0564940583,5.387185956351e-05,2.154411777155e-05,0.000000000000e+00,1,0.000000000000e+00,True
1702,PHYSICAL_MESH,0.0700000000,-0.0564940583,5.564741513808e-05,1.869716834335e-05,0.000000000000e+00,1,0.000000000000e+00,True
1703,PHYSICAL_MESH,0.0750000000,-0.0564940583,5.673033592757e-05,1.440932737751e-05,0.000000000000e+00,1,0.000000000000e+00,True
1704,PHYSICAL_MESH,0.0800000000,-0.0564940583,5.738407708122e-05,1.040392635332e-05,0.000000000000e+00,1,0.000000000000e+00,True
1705,PHYSICAL_MESH,0.0850000000,-0.0564940583,5.774345481768e-05,9.206300092046e-06,0.000000000000e+00,1,0.000000000000e+00,True
1706,PHYSICAL_MESH,0.0900000000,-0.0564940583,5.796012919745e-05,9.068043254956e-06,0.000000000000e+00,1,0.000000000000e+00,True
1707,PHYSICAL_MESH,0.0950000000,-0.0564940583,5.813665120513e-05,9.087440957956e-06,0.000000000000e+00,1,0.000000000000e+00,True
1708,PHYSICAL_MESH,0.1000000000,-0.0564940583,5.831638918607e-05,9.095078894461e-06,0.000000000000e+00,1,0.000000000000e+00,True
1709,PHYSICAL_MESH,0.1050000000,-0.0564940583,5.855801646248e-05,9.116964974965e-06,0.000000000000e+00,1,0.000000000000e+00,True
1710,PHYSICAL_MESH,0.1100000000,-0.0564940583,5.889520616620e-05,9.254442375095e-06,0.000000000000e+00,1,0.000000000000e+00,True
1711,PHYSICAL_MESH,0.1150000000,-0.0564940583,5.948139005341e-05,9.747320291353e-06,0.000000000000e+00,1,0.000000000000e+00,True
1712,PHYSICAL_MESH,0.1225000000,-0.0564940583,6.006888361298e-05,1.189701924886e-05,0.000000000000e+00,1,0.000000000000e+00,True
1713,PHYSICAL_MESH,0.1337500000,-0.0564940583,5.850562229170e-05,2.608475733723e-05,0.000000000000e+00,1,0.000000000000e+00,True
1714,PHYSICAL_MESH,0.1506250000,-0.0564940583,2.707970634219e-05,2.670942049008e-04,0.000000000000e+00,1,0.000000000000e+00,True
1715,PHYSICAL_MESH,0.1756250000,-0.0564940583,3.215641947463e-03,2.178721688688e-02,0.000000000000e+00,1,0.000000000000e+00,True
1716,PHYSICAL_MESH,0.2005769231,-0.0564940583,3.207512665540e-03,1.979934051633e-02,0.000000000000e+00,1,0.000000000000e+00,True
1717,PHYSICAL_MESH,0.2255288462,-0.0564940583,3.208435140550e-03,1.768292672932e-02,0.000000000000e+00,1,0.000000000000e+00,True
1718,PHYSICAL_MESH,0.2504807693,-0.0564940583,3.213849849999e-03,1.555517781526e-02,0.000000000000e+00,1,0.000000000000e+00,True
1719,PHYSICAL_MESH,0.2754326924,-0.0564940583,3.218016121536e-03,1.343220658600e-02,0.000000000000e+00,1,0.000000000000e+00,True
1720,PHYSICAL_MESH,0.3003846155,-0.0564940583,3.225309541449e-03,1.130387745798e-02,0.000000000000e+00,1,0.000000000000e+00,True
1721,PHYSICAL_MESH,0.3253365386,-0.0564940583,3.235943615437e-03,9.171709418297e-03,0.000000000000e+00,1,0.000000000000e+00,True
1722,PHYSICAL_MESH,0.3502884617,-0.0564940583,3.257709089667e-03,7.027613464743e-03,0.000000000000e+00,1,0.000000000000e+00,True
1723,PHYSICAL_MESH,0.3752403848,-0.0564940583,3.301332471892e-03,4.847377073020e-03,0.000000000000e+00,1,0.000000000000e+00,True
1724,PHYSICAL_MESH,0.4001923079,-0.0564940583,3.308169776574e-03,2.612968441099e-03,0.000000000000e+00,1,0.000000000000e+00,True
1725,PHYSICAL_MESH,0.4251442310,-0.0564940583,3.262457903475e-03,6.436523399316e-04,0.000000000000e+00,1,0.000000000000e+00,True
1726,PHYSICAL_MESH,0.4500961541,-0.0564940583,3.279733704403e-03,-1.052247709595e-03,0.000000000000e+00,1,0.000000000000e+00,True
1727,PHYSICAL_MESH,0.4750480772,-0.0564940583,3.431425662711e-03,-2.708401763812e-03,0.000000000000e+00,1,0.000000000000e+00,True
1728,PHYSICAL_MESH,0.5000000000,-0.0564940583,3.682464361191e-03,-4.455996211618e-03,0.000000000000e+00,1,0.000000000000e+00,True
1729,PHYSICAL_MESH,-0.5000000000,-0.0515534809,3.102362461505e-05,8.505988262186e-06,0.000000000000e+00,1,0.000000000000e+00,True
1730,PHYSICAL_MESH,-0.4759765625,-0.0515534809,3.103083508904e-05,7.573637503810e-06,0.000000000000e+00,1,0.000000000000e+00,True
1731,PHYSICAL_MESH,-0.4519531250,-0.0515534809,3.103143535554e-05,6.614060112042e-06,0.000000000000e+00,1,0.000000000000e+00,True
1732,PHYSICAL_MESH,-0.4279296875,-0.0515534809,3.102386472165e-05,5.648571459460e-06,0.000000000000e+00,1,0.000000000000e+00,True
1733,PHYSICAL_MESH,-0.4039062500,-0.0515534809,3.100985850324e-05,4.695983989222e-06,0.000000000000e+00,1,0.000000000000e+00,True
1734,PHYSICAL_MESH,-0.3798828125,-0.0515534809,3.099219247815e-05,3.773261141760e-06,0.000000000000e+00,1,0.000000000000e+00,True
1735,PHYSICAL_MESH,-0.3558593750,-0.0515534809,3.097388616879e-05,2.895160150729e-06,0.000000000000e+00,1,0.000000000000e+00,True
1736,PHYSICAL_MESH,-0.3318359375,-0.0515534809,3.095801730524e-05,2.074245230688e-06,0.000000000000e+00,1,0.000000000000e+00,True
1737,PHYSICAL_MESH,-0.3078125000,-0.0515534809,3.094761996181e-05,1.321284571532e-06,0.000000000000e+00,1,0.000000000000e+00,True
1738,PHYSICAL_MESH,-0.2837890625,-0.0515534809,3.094558996963e-05,6.458336088144e-07,0.000000000000e+00,1,0.000000000000e+00,True
1739,PHYSICAL_MESH,-0.2597656250,-0.0515534809,3.095463398495e-05,5.686711546105e-08,0.000000000000e+00,1,0.000000000000e+00,True
1740,PHYSICAL_MESH,-0.2357421875,-0.0515534809,3.097720036749e-05,-4.366090138319e-07,0.000000000000e+00,1,0.000000000000e+00,True
1741,PHYSICAL_MESH,-0.2117187500,-0.0515534809,3.101547190454e-05,-8.250075325122e-07,0.000000000000e+00,1,0.000000000000e+00,True
1742,PHYSICAL_MESH,-0.1876953125,-0.0515534809,3.107126758550e-05,-1.097716108234e-06,0.000000000000e+00,1,0.000000000000e+00,True
1743,PHYSICAL_MESH,-0.1636718750,-0.0515534809,3.114592254860e-05,-1.242827352144e-06,0.000000000000e+00,1,0.000000000000e+00,True
1744,PHYSICAL_MESH,-0.1396484375,-0.0515534809,3.124005525024e-05,-1.247155410056e-06,0.000000000000e+00,1,0.000000000000e+00,True
1745,PHYSICAL_MESH,-0.1156250000,-0.0515534809,3.135339284199e-05,-1.096620621865e-06,0.000000000000e+00,1,0.000000000000e+00,True
1746,PHYSICAL_MESH,-0.0906250000,-0.0515534809,3.149123585899e-05,-7.599459195262e-07,0.000000000000e+00,1,0.000000000000e+00,True
1747,PHYSICAL_MESH,-0.0737500000,-0.0515534809,3.159539483022e-05,-4.236691495407e-07,0.000000000000e+00,1,0.000000000000e+00,True
1748,PHYSICAL_MESH,-0.0625000000,-0.0515534809,3.167015165673e-05,-1.469501853535e-07,0.000000000000e+00,1,0.000000000000e+00,True
1749,PHYSICAL_MESH,-0.0550000000,-0.0515534809,3.172280048602e-05,6.247256578717e-08,0.000000000000e+00,1,0.000000000000e+00,True
1750,PHYSICAL_MESH,-0.0500000000,-0.0515534809,3.175943857059e-05,2.137895052101e-07,0.000000000000e+00,1,0.000000000000e+00,True
1751,PHYSICAL_MESH,-0.0450000000,-0.0515534809,3.179769919370e-05,3.750841131023e-07,0.000000000000e+00,1,0.000000000000e+00,True
1752,PHYSICAL_MESH,-0.0400000000,-0.0515534809,3.183808803442e-05,5.470504333971e-07,0.000000000000e+00,1,0.000000000000e+00,True
1753,PHYSICAL_MESH,-0.0350000000,-0.0515534809,3.188146001776e-05,7.309918714782e-07,0.000000000000e+00,1,0.000000000000e+00,True
1754,PHYSICAL_MESH,-0.0300000000,-0.0515534809,3.192902295268e-05,9.290599223277e-07,0.000000000000e+00,1,0.000000000000e+00,True
1755,PHYSICAL_MESH,-0.0250000000,-0.0515534809,3.198200283805e-05,1.144100565398e-06,0.000000000000e+00,1,0.000000000000e+00,True
1756,PHYSICAL_MESH,-0.0200000000,-0.0515534809,3.204124368494e-05,1.379060222462e-06,0.000000000000e+00,1,0.000000000000e+00,True
1757,PHYSICAL_MESH,-0.0150000000,-0.0515534809,3.210723662050e-05,1.636220076762e-06,0.000000000000e+00,1,0.000000000000e+00,True
1758,PHYSICAL_MESH,-0.0100000000,-0.0515534809,3.218110941816e-05,1.917271447383e-06,0.000000000000e+00,1,0.000000000000e+00,True
1759,PHYSICAL_MESH,-0.0050000000,-0.0515534809,3.226682747481e-05,2.225246362286e-06,0.000000000000e+00,1,0.000000000000e+00,True
1760,PHYSICAL_MESH,0.0000000000,-0.0515534809,3.237273995182e-05,2.567657020336e-06,0.000000000000e+00,1,0.000000000000e+00,True
1761,PHYSICAL_MESH,0.0050000000,-0.0515534809,3.251039743191e-05,2.961677864732e-06,0.000000000000e+00,1,0.000000000000e+00,True
1762,PHYSICAL_MESH,0.0100000000,-0.0515534809,3.270514935139e-05,3.452468490650e-06,0.000000000000e+00,1,0.000000000000e+00,True
1763,PHYSICAL_MESH,0.0150000000,-0.0515534809,3.306310463813e-05,4.219941274641e-06,0.000000000000e+00,1,0.000000000000e+00,True
1764,PHYSICAL_MESH,0.0200000000,-0.0515534809,3.422620648053e-05,6.556249445566e-06,0.000000000000e+00,1,0.000000000000e+00,True
1765,PHYSICAL_MESH,0.0250000000,-0.0515534809,3.948274752474e-05,1.838102616603e-05,0.000000000000e+00,1,0.000000000000e+00,True
1766,PHYSICAL_MESH,0.0300000000,-0.0515534809,4.270707722753e-05,3.021877455467e-05,0.000000000000e+00,1,0.000000000000e+00,True
1767,PHYSICAL_MESH,0.0350000000,-0.0515534809,4.417821401148e-05,3.523295526975e-05,0.000000000000e+00,1,0.000000000000e+00,True
1768,PHYSICAL_MESH,0.0400000000,-0.0515534809,4.568892109091e-05,3.648391430033e-05,0.000000000000e+00,1,0.000000000000e+00,True
1769,PHYSICAL_MESH,0.0450000000,-0.0515534809,4.791625542566e-05,3.605461097322e-05,0.000000000000e+00,1,0.000000000000e+00,True
1770,PHYSICAL_MESH,0.0500000000,-0.0515534809,5.044898352935e-05,3.483255204628e-05,0.000000000000e+00,1,0.000000000000e+00,True
1771,PHYSICAL_MESH,0.0550000000,-0.0515534809,5.304104706738e-05,3.310457032057e-05,0.000000000000e+00,1,0.000000000000e+00,True
1772,PHYSICAL_MESH,0.0600000000,-0.0515534809,5.548365516006e-05,3.109309182037e-05,0.000000000000e+00,1,0.000000000000e+00,True
1773,PHYSICAL_MESH,0.0650000000,-0.0515534809,5.769502604380e-05,2.888196468120e-05,0.000000000000e+00,1,0.000000000000e+00,True
1774,PHYSICAL_MESH,0.0700000000,-0.0515534809,5.954267544439e-05,2.609951843624e-05,0.000000000000e+00,1,0.000000000000e+00,True
1775,PHYSICAL_MESH,0.0750000000,-0.0515534809,6.046342241461e-05,2.255414801766e-05,0.000000000000e+00,1,0.000000000000e+00,True
1776,PHYSICAL_MESH,0.0800000000,-0.0515534809,6.053681136109e-05,1.784395863069e-05,0.000000000000e+00,1,0.000000000000e+00,True
1777,PHYSICAL_MESH,0.0850000000,-0.0515534809,6.025878610671e-05,1.263281956199e-05,0.000000000000e+00,1,0.000000000000e+00,True
1778,PHYSICAL_MESH,0.0900000000,-0.0515534809,5.996420804877e-05,1.081995105778e-05,0.000000000000e+00,1,0.000000000000e+00,True
1779,PHYSICAL_MESH,0.0950000000,-0.0515534809,5.982758739265e-05,1.042242547555e-05,0.000000000000e+00,1,0.000000000000e+00,True
1780,PHYSICAL_MESH,0.1000000000,-0.0515534809,5.976729153190e-05,1.021560092340e-05,0.000000000000e+00,1,0.000000000000e+00,True
1781,PHYSICAL_MESH,0.1050000000,-0.0515534809,5.981081267237e-05,1.003887882689e-05,0.000000000000e+00,1,0.000000000000e+00,True
1782,PHYSICAL_MESH,0.1100000000,-0.0515534809,6.001188376104e-05,1.015490397549e-05,0.000000000000e+00,1,0.000000000000e+00,True
1783,PHYSICAL_MESH,0.1150000000,-0.0515534809,6.023668174748e-05,1.051717572409e-05,0.000000000000e+00,1,0.000000000000e+00,True
1784,PHYSICAL_MESH,0.1225000000,-0.0515534809,6.286358257057e-05,1.512272865511e-05,0.000000000000e+00,1,0.000000000000e+00,True
1785,PHYSICAL_MESH,0.1337500000,-0.0515534809,1.911746039696e-05,1.008743274724e-04,0.000000000000e+00,1,0.000000000000e+00,True
1786,PHYSICAL_MESH,0.1506250000,-0.0515534809,3.669498022646e-03,2.353892475367e-02,0.000000000000e+00,1,0.000000000000e+00,True
1787,PHYSICAL_MESH,0.1756250000,-0.0515534809,3.622892079875e-03,2.192029543221e-02,0.000000000000e+00,1,0.000000000000e+00,True
1788,PHYSICAL_MESH,0.2005769231,-0.0515534809,3.625050885603e-03,1.980533078313e-02,0.000000000000e+00,1,0.000000000000e+00,True
1789,PHYSICAL_MESH,0.2255288462,-0.0515534809,3.628567326814e-03,1.768275536597e-02,0.000000000000e+00,1,0.000000000000e+00,True
1790,PHYSICAL_MESH,0.2504807693,-0.0515534809,3.633345710114e-03,1.555605139583e-02,0.000000000000e+00,1,0.000000000000e+00,True
1791,PHYSICAL_MESH,0.2754326924,-0.0515534809,3.638324793428e-03,1.343160215765e-02,0.000000000000e+00,1,0.000000000000e+00,True
1792,PHYSICAL_MESH,0.3003846155,-0.0515534809,3.645698539913e-03,1.130327861756e-02,0.000000000000e+00,1,0.000000000000e+00,True
1793,PHYSICAL_MESH,0.3253365386,-0.0515534809,3.656859276816e-03,9.170591831207e-03,0.000000000000e+00,1,0.000000000000e+00,True
1794,PHYSICAL_MESH,0.3502884617,-0.0515534809,3.678249428049e-03,7.025485858321e-03,0.000000000000e+00,1,0.000000000000e+00,True
1795,PHYSICAL_MESH,0.3752403848,-0.0515534809,3.711754456162e-03,4.849537741393e-03,0.000000000000e+00,1,0.000000000000e+00,True
1796,PHYSICAL_MESH,0.4001923079,-0.0515534809,3.707347204909e-03,2.647482557222e-03,0.000000000000e+00,1,0.000000000000e+00,True
1797,PHYSICAL_MESH,0.4251442310,-0.0515534809,3.661114256829e-03,6.674799951725e-04,0.000000000000e+00,1,0.000000000000e+00,True
1798,PHYSICAL_MESH,0.4500961541,-0.0515534809,3.673816099763e-03,-1.078451983631e-03,0.000000000000e+00,1,0.000000000000e+00,True
1799,PHYSICAL_MESH,0.4750480772,-0.0515534809,3.803833853453e-03,-2.787351608276e-03,0.000000000000e+00,1,0.000000000000e+00,True
1800,PHYSICAL_MESH,0.5000000000,-0.0515534809,4.015015903860e-03,-4.569157958031e-03,0.000000000000e+00,1,0.000000000000e+00,True
1801,PHYSICAL_MESH,-0.5000000000,-0.0466129035,3.121061672573e-05,8.501940101269e-06,0.000000000000e+00,1,0.000000000000e+00,True
1802,PHYSICAL_MESH,-0.4759765625,-0.0466129035,3.121607005596e-05,7.570433808723e-06,0.000000000000e+00,1,0.000000000000e+00,True
1803,PHYSICAL_MESH,-0.4519531250,-0.0466129035,3.121481131529e-05,6.612922788918e-06,0.000000000000e+00,1,0.000000000000e+00,True
1804,PHYSICAL_MESH,-0.4279296875,-0.0466129035,3.120459587080e-05,5.649326340063e-06,0.000000000000e+00,1,0.000000000000e+00,True
1805,PHYSICAL_MESH,-0.4039062500,-0.0466129035,3.118674430880e-05,4.698060820374e-06,0.000000000000e+00,1,0.000000000000e+00,True
1806,PHYSICAL_MESH,-0.3798828125,-0.0466129035,3.116365405731e-05,3.776073072004e-06,0.000000000000e+00,1,0.000000000000e+00,True
1807,PHYSICAL_MESH,-0.3558593750,-0.0466129035,3.113808998023e-05,2.898190359701e-06,0.000000000000e+00,1,0.000000000000e+00,True
1808,PHYSICAL_MESH,-0.3318359375,-0.0466129035,3.111296973657e-05,2.077056024063e-06,0.000000000000e+00,1,0.000000000000e+00,True
1809,PHYSICAL_MESH,-0.3078125000,-0.0466129035,3.109125464107e-05,1.323513288298e-06,0.000000000000e+00,1,0.000000000000e+00,True
1810,PHYSICAL_MESH,-0.2837890625,-0.0466129035,3.107580414508e-05,6.471881306425e-07,0.000000000000e+00,1,0.000000000000e+00,True
1811,PHYSICAL_MESH,-0.2597656250,-0.0466129035,3.106928852503e-05,5.712229267374e-08,0.000000000000e+00,1,0.000000000000e+00,True
1812,PHYSICAL_MESH,-0.2357421875,-0.0466129035,3.107413431280e-05,-4.376119022709e-07,0.000000000000e+00,1,0.000000000000e+00,True
1813,PHYSICAL_MESH,-0.2117187500,-0.0466129035,3.109247336397e-05,-8.273560752059e-07,0.000000000000e+00,1,0.000000000000e+00,True
1814,PHYSICAL_MESH,-0.1876953125,-0.0466129035,3.112608828815e-05,-1.101415023186e-06,0.000000000000e+00,1,0.000000000000e+00,True
1815,PHYSICAL_MESH,-0.1636718750,-0.0466129035,3.117626329185e-05,-1.247783757208e-06,0.000000000000e+00,1,0.000000000000e+00,True
1816,PHYSICAL_MESH,-0.1396484375,-0.0466129035,3.124351860606e-05,-1.253198433915e-06,0.000000000000e+00,1,0.000000000000e+00,True
1817,PHYSICAL_MESH,-0.1156250000,-0.0466129035,3.132729762001e-05,-1.103695922211e-06,0.000000000000e+00,1,0.000000000000e+00,True
1818,PHYSICAL_MESH,-0.0906250000,-0.0466129035,3.143076537526e-05,-7.692413532823e-07,0.000000000000e+00,1,0.000000000000e+00,True
1819,PHYSICAL_MESH,-0.0737500000,-0.0466129035,3.150892371195e-05,-4.356766396540e-07,0.000000000000e+00,1,0.000000000000e+00,True
1820,PHYSICAL_MESH,-0.0625000000,-0.0466129035,3.156453021802e-05,-1.621741461122e-07,0.000000000000e+00,1,0.000000000000e+00,True
1821,PHYSICAL_MESH,-0.0550000000,-0.0466129035,3.160335836583e-05,4.405254827589e-08,0.000000000000e+00,1,0.000000000000e+00,True
1822,PHYSICAL_MESH,-0.0500000000,-0.0466129035,3.163023211528e-05,1.926134132191e-07,0.000000000000e+00,1,0.000000000000e+00,True
1823,PHYSICAL_MESH,-0.0450000000,-0.0466129035,3.165819362039e-05,3.505100494294e-07,0.000000000000e+00,1,0.000000000000e+00,True
1824,PHYSICAL_MESH,-0.0400000000,-0.0466129035,3.168762123096e-05,5.183159146327e-07,0.000000000000e+00,1,0.000000000000e+00,True
1825,PHYSICAL_MESH,-0.0350000000,-0.0466129035,3.171918433509e-05,6.972433652663e-07,0.000000000000e+00,1,0.000000000000e+00,True
1826,PHYSICAL_MESH,-0.0300000000,-0.0466129035,3.175390156684e-05,8.896167287276e-07,0.000000000000e+00,1,0.000000000000e+00,True
1827,PHYSICAL_MESH,-0.0250000000,-0.0466129035,3.179291161359e-05,1.098975303648e-06,0.000000000000e+00,1,0.000000000000e+00,True
1828,PHYSICAL_MESH,-0.0200000000,-0.0466129035,3.183708759025e-05,1.329505380454e-06,0.000000000000e+00,1,0.000000000000e+00,True
1829,PHYSICAL_MESH,-0.0150000000,-0.0466129035,3.188682239852e-05,1.584957658451e-06,0.000000000000e+00,1,0.000000000000e+00,True
1830,PHYSICAL_MESH,-0.0100000000,-0.0466129035,3.194277087459e-05,1.868679078143e-06,0.000000000000e+00,1,0.000000000000e+00,True
1831,PHYSICAL_MESH,-0.0050000000,-0.0466129035,3.200845458196e-05,2.187394102293e-06,0.000000000000e+00,1,0.000000000000e+00,True
1832,PHYSICAL_MESH,0.0000000000,-0.0466129035,3.209484566469e-05,2.557340167186e-06,0.000000000000e+00,1,0.000000000000e+00,True
1833,PHYSICAL_MESH,0.0050000000,-0.0466129035,3.222572195227e-05,3.013488822035e-06,0.000000000000e+00,1,0.000000000000e+00,True
1834,PHYSICAL_MESH,0.0100000000,-0.0466129035,3.245572588639e-05,3.654387910501e-06,0.000000000000e+00,1,0.000000000000e+00,True
1835,PHYSICAL_MESH,0.0150000000,-0.0466129035,3.307506995043e-05,5.036698439653e-06,0.000000000000e+00,1,0.000000000000e+00,True
1836,PHYSICAL_MESH,0.0200000000,-0.0466129035,3.608181577874e-05,1.251183948625e-05,0.000000000000e+00,1,0.000000000000e+00,True
1837,PHYSICAL_MESH,0.0250000000,-0.0466129035,4.600712054526e-05,3.827328328043e-05,0.000000000000e+00,1,0.000000000000e+00,True
1838,PHYSICAL_MESH,0.0300000000,-0.0466129035,4.876747334492e-05,4.944937245455e-05,0.000000000000e+00,1,0.000000000000e+00,True
1839,PHYSICAL_MESH,0.0350000000,-0.0466129035,4.894033554592e-05,5.026051439927e-05,0.000000000000e+00,1,0.000000000000e+00,True
1840,PHYSICAL_MESH,0.0400000000,-0.0466129035,5.017960938858e-05,4.855815495830e-05,0.000000000000e+00,1,0.000000000000e+00,True
1841,PHYSICAL_MESH,0.0450000000,-0.0466129035,5.260056423140e-05,4.649949551094e-05,0.000000000000e+00,1,0.000000000000e+00,True
1842,PHYSICAL_MESH,0.0500000000,-0.0466129035,5.538743425859e-05,4.410547990119e-05,0.000000000000e+00,1,0.000000000000e+00,True
1843,PHYSICAL_MESH,0.0550000000,-0.0466129035,5.823851461173e-05,4.155952410656e-05,0.000000000000e+00,1,0.000000000000e+00,True
1844,PHYSICAL_MESH,0.0600000000,-0.0466129035,6.093253250583e-05,3.898742215824e-05,0.000000000000e+00,1,0.000000000000e+00,True
1845,PHYSICAL_MESH,0.0650000000,-0.0466129035,6.334041972877e-05,3.637990812422e-05,0.000000000000e+00,1,0.000000000000e+00,True
1846,PHYSICAL_MESH,0.0700000000,-0.0466129035,6.524473428726e-05,3.354956061230e-05,0.000000000000e+00,1,0.000000000000e+00,True
1847,PHYSICAL_MESH,0.0750000000,-0.0466129035,6.643748929491e-05,3.033782923012e-05,0.000000000000e+00,1,0.000000000000e+00,True
1848,PHYSICAL_MESH,0.0800000000,-0.0466129035,6.671272421954e-05,2.673246672202e-05,0.000000000000e+00,1,0.000000000000e+00,True
1849,PHYSICAL_MESH,0.0850000000,-0.0466129035,6.591855344595e-05,2.168731589336e-05,0.000000000000e+00,1,0.000000000000e+00,True
1850,PHYSICAL_MESH,0.0900000000,-0.0466129035,6.435526302084e-05,1.569288360770e-05,0.000000000000e+00,1,0.000000000000e+00,True
1851,PHYSICAL_MESH,0.0950000000,-0.0466129035,6.324209971353e-05,1.325483663095e-05,0.000000000000e+00,1,0.000000000000e+00,True
1852,PHYSICAL_MESH,0.1000000000,-0.0466129035,6.261462840484e-05,1.238411732629e-05,0.000000000000e+00,1,0.000000000000e+00,True
1853,PHYSICAL_MESH,0.1050000000,-0.0466129035,6.225812103366e-05,1.180994968308e-05,0.000000000000e+00,1,0.000000000000e+00,True
1854,PHYSICAL_MESH,0.1100000000,-0.0466129035,6.243115785765e-05,1.170949144580e-05,0.000000000000e+00,1,0.000000000000e+00,True
1855,PHYSICAL_MESH,0.1150000000,-0.0466129035,6.282681715675e-05,1.412210531271e-05,0.000000000000e+00,1,0.000000000000e+00,True
1856,PHYSICAL_MESH,0.1225000000,-0.0466129035,6.576786108781e-05,1.720456748444e-05,0.000000000000e+00,1,0.000000000000e+00,True
1857,PHYSICAL_MESH,0.1337500000,-0.0466129035,-1.912568113767e-04,8.896707440726e-04,0.000000000000e+00,1,0.000000000000e+00,True
1858,PHYSICAL_MESH,0.1506250000,-0.0466129035,4.054905846715e-03,2.400536835194e-02,0.000000000000e+00,1,0.000000000000e+00,True
1859,PHYSICAL_MESH,0.1756250000,-0.0466129035,4.041021689773e-03,2.192910946906e-02,0.000000000000e+00,1,0.000000000000e+00,True
1860,PHYSICAL_MESH,0.2005769231,-0.0466129035,4.044462461025e-03,1.980683766305e-02,0.000000000000e+00,1,0.000000000000e+00,True
1861,PHYSICAL_MESH,0.2255288462,-0.0466129035,4.048442933708e-03,1.768254116178e-02,0.000000000000e+00,1,0.000000000000e+00,True
1862,PHYSICAL_MESH,0.2504807693,-0.0466129035,4.053039010614e-03,1.555632706732e-02,0.000000000000e+00,1,0.000000000000e+00,True
1863,PHYSICAL_MESH,0.2754326924,-0.0466129035,4.058357328176e-03,1.343108527362e-02,0.000000000000e+00,1,0.000000000000e+00,True
1864,PHYSICAL_MESH,0.3003846155,-0.0466129035,4.065840970725e-03,1.130267232656e-02,0.000000000000e+00,1,0.000000000000e+00,True
1865,PHYSICAL_MESH,0.3253365386,-0.0466129035,4.077259916812e-03,9.169505909085e-03,0.000000000000e+00,1,0.000000000000e+00,True
1866,PHYSICAL_MESH,0.3502884617,-0.0466129035,4.097177647054e-03,7.024107500911e-03,0.000000000000e+00,1,0.000000000000e+00,True
1867,PHYSICAL_MESH,0.3752403848,-0.0466129035,4.121874924749e-03,4.853697493672e-03,0.000000000000e+00,1,0.000000000000e+00,True
1868,PHYSICAL_MESH,0.4001923079,-0.0466129035,4.109828732908e-03,2.676462056115e-03,0.000000000000e+00,1,0.000000000000e+00,True
1869,PHYSICAL_MESH,0.4251442310,-0.0466129035,4.064222797751e-03,6.876600091346e-04,0.000000000000e+00,1,0.000000000000e+00,True
1870,PHYSICAL_MESH,0.4500961541,-0.0466129035,4.072560928762e-03,-1.100797788240e-03,0.000000000000e+00,1,0.000000000000e+00,True
1871,PHYSICAL_MESH,0.4750480772,-0.0466129035,4.182681441307e-03,-2.853288315237e-03,0.000000000000e+00,1,0.000000000000e+00,True
1872,PHYSICAL_MESH,0.5000000000,-0.0466129035,4.362780600786e-03,-4.665985237807e-03,0.000000000000e+00,1,0.000000000000e+00,True
1873,PHYSICAL_MESH,-0.5000000000,-0.0416723261,3.139783439110e-05,8.498785973643e-06,0.000000000000e+00,1,0.000000000000e+00,True
1874,PHYSICAL_MESH,-0.4759765625,-0.0416723261,3.140162880300e-05,7.567771262984e-06,0.000000000000e+00,1,0.000000000000e+00,True
1875,PHYSICAL_MESH,-0.4519531250,-0.0416723261,3.139852560707e-05,6.612177458010e-06,0.000000000000e+00,1,0.000000000000e+00,True
1876,PHYSICAL_MESH,-0.4279296875,-0.0416723261,3.138565443805e-05,5.650398634316e-06,0.000000000000e+00,1,0.000000000000e+00,True
1877,PHYSICAL_MESH,-0.4039062500,-0.0416723261,3.136388113489e-05,4.700460067397e-06,0.000000000000e+00,1,0.000000000000e+00,True
1878,PHYSICAL_MESH,-0.3798828125,-0.0416723261,3.133522477583e-05,3.779286089411e-06,0.000000000000e+00,1,0.000000000000e+00,True
1879,PHYSICAL_MESH,-0.3558593750,-0.0416723261,3.130219192826e-05,2.901756033680e-06,0.000000000000e+00,1,0.000000000000e+00,True
1880,PHYSICAL_MESH,-0.3318359375,-0.0416723261,3.126758019789e-05,2.080573040075e-06,0.000000000000e+00,1,0.000000000000e+00,True
1881,PHYSICAL_MESH,-0.3078125000,-0.0416723261,3.123428177787e-05,1.326640699517e-06,0.000000000000e+00,1,0.000000000000e+00,True
1882,PHYSICAL_MESH,-0.2837890625,-0.0416723261,3.120513792965e-05,6.496448463622e-07,0.000000000000e+00,1,0.000000000000e+00,True
1883,PHYSICAL_MESH,-0.2597656250,-0.0416723261,3.118280437775e-05,5.868704988643e-08,0.000000000000e+00,1,0.000000000000e+00,True
1884,PHYSICAL_MESH,-0.2357421875,-0.0416723261,3.116968218819e-05,-4.370992598979e-07,0.000000000000e+00,1,0.000000000000e+00,True
1885,PHYSICAL_MESH,-0.2117187500,-0.0416723261,3.116788138868e-05,-8.279891403618e-07,0.000000000000e+00,1,0.000000000000e+00,True
1886,PHYSICAL_MESH,-0.1876953125,-0.0416723261,3.117917367490e-05,-1.103208433051e-06,0.000000000000e+00,1,0.000000000000e+00,True
1887,PHYSICAL_MESH,-0.1636718750,-0.0416723261,3.120486871921e-05,-1.250653440366e-06,0.000000000000e+00,1,0.000000000000e+00,True
1888,PHYSICAL_MESH,-0.1396484375,-0.0416723261,3.124554496026e-05,-1.256961354557e-06,0.000000000000e+00,1,0.000000000000e+00,True
1889,PHYSICAL_MESH,-0.1156250000,-0.0416723261,3.130067125312e-05,-1.108225774260e-06,0.000000000000e+00,1,0.000000000000e+00,True
1890,PHYSICAL_MESH,-0.0906250000,-0.0416723261,3.137195017189e-05,-7.754848070363e-07,0.000000000000e+00,1,0.000000000000e+00,True
1891,PHYSICAL_MESH,-0.0737500000,-0.0416723261,3.142685818602e-05,-4.440934731065e-07,0.000000000000e+00,1,0.000000000000e+00,True
1892,PHYSICAL_MESH,-0.0625000000,-0.0416723261,3.146599920001e-05,-1.732944383548e-07,0.000000000000e+00,1,0.000000000000e+00,True
1893,PHYSICAL_MESH,-0.0550000000,-0.0416723261,3.149329859298e-05,3.014334026830e-08,0.000000000000e+00,1,0.000000000000e+00,True
1894,PHYSICAL_MESH,-0.0500000000,-0.0416723261,3.151217606501e-05,1.762401922178e-07,0.000000000000e+00,1,0.000000000000e+00,True
1895,PHYSICAL_MESH,-0.0450000000,-0.0416723261,3.153185025440e-05,3.310410647828e-07,0.000000000000e+00,1,0.000000000000e+00,True
1896,PHYSICAL_MESH,-0.0400000000,-0.0416723261,3.155261583743e-05,4.949749836669e-07,0.000000000000e+00,1,0.000000000000e+00,True
1897,PHYSICAL_MESH,-0.0350000000,-0.0416723261,3.157500032103e-05,6.690694362987e-07,0.000000000000e+00,1,0.000000000000e+00,True
1898,PHYSICAL_MESH,-0.0300000000,-0.0416723261,3.159986954415e-05,8.556363582102e-07,0.000000000000e+00,1,0.000000000000e+00,True
1899,PHYSICAL_MESH,-0.0250000000,-0.0416723261,3.162836219417e-05,1.058806901710e-06,0.000000000000e+00,1,0.000000000000e+00,True
1900,PHYSICAL_MESH,-0.0200000000,-0.0416723261,3.166154419887e-05,1.284353515985e-06,0.000000000000e+00,1,0.000000000000e+00,True
1901,PHYSICAL_MESH,-0.0150000000,-0.0416723261,3.169991032337e-05,1.538604692541e-06,0.000000000000e+00,1,0.000000000000e+00,True
1902,PHYSICAL_MESH,-0.0100000000,-0.0416723261,3.174358789693e-05,1.828195308917e-06,0.000000000000e+00,1,0.000000000000e+00,True
1903,PHYSICAL_MESH,-0.0050000000,-0.0416723261,3.179503255524e-05,2.166531430703e-06,0.000000000000e+00,1,0.000000000000e+00,True
1904,PHYSICAL_MESH,0.0000000000,-0.0416723261,3.186749017914e-05,2.585094989627e-06,0.000000000000e+00,1,0.000000000000e+00,True
1905,PHYSICAL_MESH,0.0050000000,-0.0416723261,3.201195067959e-05,3.158694426020e-06,0.000000000000e+00,1,0.000000000000e+00,True
1906,PHYSICAL_MESH,0.0100000000,-0.0416723261,3.236267002649e-05,4.170691227046e-06,0.000000000000e+00,1,0.000000000000e+00,True
1907,PHYSICAL_MESH,0.0150000000,-0.0416723261,3.379636109457e-05,7.757214916637e-06,0.000000000000e+00,1,0.000000000000e+00,True
1908,PHYSICAL_MESH,0.0200000000,-0.0416723261,4.354282282293e-05,3.573919093469e-05,0.000000000000e+00,1,0.000000000000e+00,True
1909,PHYSICAL_MESH,0.0250000000,-0.0416723261,5.775503814220e-05,7.628193270648e-05,0.000000000000e+00,1,0.000000000000e+00,True
1910,PHYSICAL_MESH,0.0300000000,-0.0416723261,5.756171231042e-05,7.680962153245e-05,0.000000000000e+00,1,0.000000000000e+00,True
1911,PHYSICAL_MESH,0.0350000000,-0.0416723261,5.641549068969e-05,6.937322905287e-05,0.000000000000e+00,1,0.000000000000e+00,True
1912,PHYSICAL_MESH,0.0400000000,-0.0416723261,5.745008093072e-05,6.332380871754e-05,0.000000000000e+00,1,0.000000000000e+00,True
1913,PHYSICAL_MESH,0.0450000000,-0.0416723261,5.978585613775e-05,5.866244100616e-05,0.000000000000e+00,1,0.000000000000e+00,True
1914,PHYSICAL_MESH,0.0500000000,-0.0416723261,6.268097058637e-05,5.449422678794e-05,0.000000000000e+00,1,0.000000000000e+00,True
1915,PHYSICAL_MESH,0.0550000000,-0.0416723261,6.567526725121e-05,5.074260116089e-05,0.000000000000e+00,1,0.000000000000e+00,True
1916,PHYSICAL_MESH,0.0600000000,-0.0416723261,6.849181954749e-05,4.735979382531e-05,0.000000000000e+00,1,0.000000000000e+00,True
1917,PHYSICAL_MESH,0.0650000000,-0.0416723261,7.094307511579e-05,4.422468919074e-05,0.000000000000e+00,1,0.000000000000e+00,True
1918,PHYSICAL_MESH,0.0700000000,-0.0416723261,7.288724737009e-05,4.117505523027e-05,0.000000000000e+00,1,0.000000000000e+00,True
1919,PHYSICAL_MESH,0.0750000000,-0.0416723261,7.419932080666e-05,3.812355134869e-05,0.000000000000e+00,1,0.000000000000e+00,True
1920,PHYSICAL_MESH,0.0800000000,-0.0416723261,7.485114474548e-05,3.495069540804e-05,0.000000000000e+00,1,0.000000000000e+00,True
1921,PHYSICAL_MESH,0.0850000000,-0.0416723261,7.465543603757e-05,3.140331318718e-05,0.000000000000e+00,1,0.000000000000e+00,True
1922,PHYSICAL_MESH,0.0900000000,-0.0416723261,7.321279554162e-05,2.637539546413e-05,0.000000000000e+00,1,0.000000000000e+00,True
1923,PHYSICAL_MESH,0.0950000000,-0.0416723261,7.073311280692e-05,2.033906275756e-05,0.000000000000e+00,1,0.000000000000e+00,True
1924,PHYSICAL_MESH,0.1000000000,-0.0416723261,6.870437209727e-05,1.720321779430e-05,0.000000000000e+00,1,0.000000000000e+00,True
1925,PHYSICAL_MESH,0.1050000000,-0.0416723261,6.728626613040e-05,1.585625614098e-05,0.000000000000e+00,1,0.000000000000e+00,True
1926,PHYSICAL_MESH,0.1100000000,-0.0416723261,6.649446731899e-05,1.474830150983e-05,0.000000000000e+00,1,0.000000000000e+00,True
1927,PHYSICAL_MESH,0.1150000000,-0.0416723261,6.901445885887e-05,1.909242200782e-05,0.000000000000e+00,1,0.000000000000e+00,True
1928,PHYSICAL_MESH,0.1225000000,-0.0416723261,3.632557854871e-05,1.176977093564e-04,0.000000000000e+00,1,0.000000000000e+00,True
1929,PHYSICAL_MESH,0.1337500000,-0.0416723261,4.648371599615e-03,2.464922331274e-02,0.000000000000e+00,1,0.000000000000e+00,True
1930,PHYSICAL_MESH,0.1506250000,-0.0416723261,4.461500328034e-03,2.404751442373e-02,0.000000000000e+00,1,0.000000000000e+00,True
1931,PHYSICAL_MESH,0.1756250000,-0.0416723261,4.460806492716e-03,2.193146571517e-02,0.000000000000e+00,1,0.000000000000e+00,True
1932,PHYSICAL_MESH,0.2005769231,-0.0416723261,4.464175552130e-03,1.980725303292e-02,0.000000000000e+00,1,0.000000000000e+00,True
1933,PHYSICAL_MESH,0.2255288462,-0.0416723261,4.468227736652e-03,1.768234185874e-02,0.000000000000e+00,1,0.000000000000e+00,True
1934,PHYSICAL_MESH,0.2504807693,-0.0416723261,4.472736734897e-03,1.555635407567e-02,0.000000000000e+00,1,0.000000000000e+00,True
1935,PHYSICAL_MESH,0.2754326924,-0.0416723261,4.478186834604e-03,1.343062799424e-02,0.000000000000e+00,1,0.000000000000e+00,True
1936,PHYSICAL_MESH,0.3003846155,-0.0416723261,4.485720768571e-03,1.130207907408e-02,0.000000000000e+00,1,0.000000000000e+00,True
1937,PHYSICAL_MESH,0.3253365386,-0.0416723261,4.497052170336e-03,9.168555028737e-03,0.000000000000e+00,1,0.000000000000e+00,True
1938,PHYSICAL_MESH,0.3502884617,-0.0416723261,4.514825530350e-03,7.023516111076e-03,0.000000000000e+00,1,0.000000000000e+00,True
1939,PHYSICAL_MESH,0.3752403848,-0.0416723261,4.531987011433e-03,4.859194625169e-03,0.000000000000e+00,1,0.000000000000e+00,True
1940,PHYSICAL_MESH,0.4001923079,-0.0416723261,4.514666274190e-03,2.701338613406e-03,0.000000000000e+00,1,0.000000000000e+00,True
1941,PHYSICAL_MESH,0.4251442310,-0.0416723261,4.470407031476e-03,7.048594416119e-04,0.000000000000e+00,1,0.000000000000e+00,True
1942,PHYSICAL_MESH,0.4500961541,-0.0416723261,4.474716261029e-03,-1.119839493185e-03,0.000000000000e+00,1,0.000000000000e+00,True
1943,PHYSICAL_MESH,0.4750480772,-0.0416723261,4.567402414978e-03,-2.909304806963e-03,0.000000000000e+00,1,0.000000000000e+00,True
1944,PHYSICAL_MESH,0.5000000000,-0.0416723261,4.722693003714e-03,-4.750770516694e-03,0.000000000000e+00,1,0.000000000000e+00,True
1945,PHYSICAL_MESH,-0.5000000000,-0.0367317487,3.158540130244e-05,8.496444024786e-06,0.000000000000e+00,1,0.000000000000e+00,True
1946,PHYSICAL_MESH,-0.4759765625,-0.0367317487,3.158766048728e-05,7.565629402961e-06,0.000000000000e+00,1,0.000000000000e+00,True
1947,PHYSICAL_MESH,-0.4519531250,-0.0367317487,3.158276012982e-05,6.611824119318e-06,0.000000000000e+00,1,0.000000000000e+00,True
1948,PHYSICAL_MESH,-0.4279296875,-0.0367317487,3.156724051223e-05,5.651799710904e-06,0.000000000000e+00,1,0.000000000000e+00,True
1949,PHYSICAL_MESH,-0.4039062500,-0.0367317487,3.154149089823e-05,4.703203103418e-06,0.000000000000e+00,1,0.000000000000e+00,True
1950,PHYSICAL_MESH,-0.3798828125,-0.0367317487,3.150712655042e-05,3.782931798924e-06,0.000000000000e+00,1,0.000000000000e+00,True
1951,PHYSICAL_MESH,-0.3558593750,-0.0367317487,3.146642120555e-05,2.905896735683e-06,0.000000000000e+00,1,0.000000000000e+00,True
1952,PHYSICAL_MESH,-0.3318359375,-0.0367317487,3.142205969198e-05,2.084839934469e-06,0.000000000000e+00,1,0.000000000000e+00,True
1953,PHYSICAL_MESH,-0.3078125000,-0.0367317487,3.137690509902e-05,1.330710915681e-06,0.000000000000e+00,1,0.000000000000e+00,True
1954,PHYSICAL_MESH,-0.2837890625,-0.0367317487,3.133379505016e-05,6.532465022246e-07,0.000000000000e+00,1,0.000000000000e+00,True
1955,PHYSICAL_MESH,-0.2597656250,-0.0367317487,3.129537071800e-05,6.160109222719e-08,0.000000000000e+00,1,0.000000000000e+00,True
1956,PHYSICAL_MESH,-0.2357421875,-0.0367317487,3.126402953058e-05,-4.350362132755e-07,0.000000000000e+00,1,0.000000000000e+00,True
1957,PHYSICAL_MESH,-0.2117187500,-0.0367317487,3.124186696368e-05,-8.268797841993e-07,0.000000000000e+00,1,0.000000000000e+00,True
1958,PHYSICAL_MESH,-0.1876953125,-0.0367317487,3.123065471300e-05,-1.103083945964e-06,0.000000000000e+00,1,0.000000000000e+00,True
1959,PHYSICAL_MESH,-0.1636718750,-0.0367317487,3.123178976239e-05,-1.251453795703e-06,0.000000000000e+00,1,0.000000000000e+00,True
1960,PHYSICAL_MESH,-0.1396484375,-0.0367317487,3.124603972537e-05,-1.258521024283e-06,0.000000000000e+00,1,0.000000000000e+00,True
1961,PHYSICAL_MESH,-0.1156250000,-0.0367317487,3.127315721940e-05,-1.110392759074e-06,0.000000000000e+00,1,0.000000000000e+00,True
1962,PHYSICAL_MESH,-0.0906250000,-0.0367317487,3.131396806566e-05,-7.790357017257e-07,0.000000000000e+00,1,0.000000000000e+00,True
1963,PHYSICAL_MESH,-0.0737500000,-0.0367317487,3.134785947623e-05,-4.494543475175e-07,0.000000000000e+00,1,0.000000000000e+00,True
1964,PHYSICAL_MESH,-0.0625000000,-0.0367317487,3.137280145893e-05,-1.809589491586e-07,0.000000000000e+00,1,0.000000000000e+00,True
1965,PHYSICAL_MESH,-0.0550000000,-0.0367317487,3.139051113976e-05,2.004366272956e-08,0.000000000000e+00,1,0.000000000000e+00,True
1966,PHYSICAL_MESH,-0.0500000000,-0.0367317487,3.140292756143e-05,1.639504176865e-07,0.000000000000e+00,1,0.000000000000e+00,True
1967,PHYSICAL_MESH,-0.0450000000,-0.0367317487,3.141605338897e-05,3.159634047734e-07,0.000000000000e+00,1,0.000000000000e+00,True
1968,PHYSICAL_MESH,-0.0400000000,-0.0367317487,3.143013964291e-05,4.763731737967e-07,0.000000000000e+00,1,0.000000000000e+00,True
1969,PHYSICAL_MESH,-0.0350000000,-0.0367317487,3.144561196677e-05,6.459712267315e-07,0.000000000000e+00,1,0.000000000000e+00,True
1970,PHYSICAL_MESH,-0.0300000000,-0.0367317487,3.146322706016e-05,8.268465876426e-07,0.000000000000e+00,1,0.000000000000e+00,True
1971,PHYSICAL_MESH,-0.0250000000,-0.0367317487,3.148418181809e-05,1.023448248816e-06,0.000000000000e+00,1,0.000000000000e+00,True
1972,PHYSICAL_MESH,-0.0200000000,-0.0367317487,3.150991688017e-05,1.243332349077e-06,0.000000000000e+00,1,0.000000000000e+00,True
1973,PHYSICAL_MESH,-0.0150000000,-0.0367317487,3.154139994876e-05,1.497076823398e-06,0.000000000000e+00,1,0.000000000000e+00,True
1974,PHYSICAL_MESH,-0.0100000000,-0.0367317487,3.157830360578e-05,1.798391849661e-06,0.000000000000e+00,1,0.000000000000e+00,True
1975,PHYSICAL_MESH,-0.0050000000,-0.0367317487,3.162043140037e-05,2.175786676162e-06,0.000000000000e+00,1,0.000000000000e+00,True
1976,PHYSICAL_MESH,0.0000000000,-0.0367317487,3.167859176756e-05,2.700312506931e-06,0.000000000000e+00,1,0.000000000000e+00,True
1977,PHYSICAL_MESH,0.0050000000,-0.0367317487,3.183113949490e-05,3.529916739353e-06,0.000000000000e+00,1,0.000000000000e+00,True
1978,PHYSICAL_MESH,0.0100000000,-0.0367317487,3.249793371651e-05,5.569680524786e-06,0.000000000000e+00,1,0.000000000000e+00,True
1979,PHYSICAL_MESH,0.0150000000,-0.0367317487,3.551778718247e-05,1.733560566208e-05,0.000000000000e+00,1,0.000000000000e+00,True
1980,PHYSICAL_MESH,0.0200000000,-0.0367317487,6.575677980436e-05,1.044238961185e-04,0.000000000000e+00,1,0.000000000000e+00,True
1981,PHYSICAL_MESH,0.0250000000,-0.0367317487,7.225456647575e-05,1.258114934899e-04,0.000000000000e+00,1,0.000000000000e+00,True
1982,PHYSICAL_MESH,0.0300000000,-0.0367317487,6.870832294226e-05,1.083252645913e-04,0.000000000000e+00,1,0.000000000000e+00,True
1983,PHYSICAL_MESH,0.0350000000,-0.0367317487,6.715067138430e-05,9.227367991116e-05,0.000000000000e+00,1,0.000000000000e+00,True
1984,PHYSICAL_MESH,0.0400000000,-0.0367317487,6.794869113946e-05,8.102442370728e-05,0.000000000000e+00,1,0.000000000000e+00,True
1985,PHYSICAL_MESH,0.0450000000,-0.0367317487,7.004996587057e-05,7.262887811521e-05,0.000000000000e+00,1,0.000000000000e+00,True
1986,PHYSICAL_MESH,0.0500000000,-0.0367317487,7.282986189239e-05,6.599188054679e-05,0.000000000000e+00,1,0.000000000000e+00,True
1987,PHYSICAL_MESH,0.0550000000,-0.0367317487,7.571644528070e-05,6.061665044399e-05,0.000000000000e+00,1,0.000000000000e+00,True
1988,PHYSICAL_MESH,0.0600000000,-0.0367317487,7.837094017304e-05,5.618937575491e-05,0.000000000000e+00,1,0.000000000000e+00,True
1989,PHYSICAL_MESH,0.0650000000,-0.0367317487,8.061236439971e-05,5.242443148745e-05,0.000000000000e+00,1,0.000000000000e+00,True
1990,PHYSICAL_MESH,0.0700000000,-0.0367317487,8.235710265581e-05,4.906965477858e-05,0.000000000000e+00,1,0.000000000000e+00,True
1991,PHYSICAL_MESH,0.0750000000,-0.0367317487,8.359006460523e-05,4.596447251970e-05,0.000000000000e+00,1,0.000000000000e+00,True
1992,PHYSICAL_MESH,0.0800000000,-0.0367317487,8.431255264441e-05,4.303258538130e-05,0.000000000000e+00,1,0.000000000000e+00,True
1993,PHYSICAL_MESH,0.0850000000,-0.0367317487,8.453886403004e-05,4.011493001599e-05,0.000000000000e+00,1,0.000000000000e+00,True
1994,PHYSICAL_MESH,0.0900000000,-0.0367317487,8.405652624788e-05,3.690194353112e-05,0.000000000000e+00,1,0.000000000000e+00,True
1995,PHYSICAL_MESH,0.0950000000,-0.0367317487,8.255472494056e-05,3.246914275223e-05,0.000000000000e+00,1,0.000000000000e+00,True
1996,PHYSICAL_MESH,0.1000000000,-0.0367317487,8.019644155866e-05,2.754207525868e-05,0.000000000000e+00,1,0.000000000000e+00,True
1997,PHYSICAL_MESH,0.1050000000,-0.0367317487,7.787385402480e-05,2.497902278265e-05,0.000000000000e+00,1,0.000000000000e+00,True
1998,PHYSICAL_MESH,0.1100000000,-0.0367317487,7.533950702054e-05,2.337296609767e-05,0.000000000000e+00,1,0.000000000000e+00,True
1999,PHYSICAL_MESH,0.1150000000,-0.0367317487,7.554368494311e-05,2.283458161401e-05,0.000000000000e+00,1,0.000000000000e+00,True
2000,PHYSICAL_MESH,0.1225000000,-0.0367317487,-2.285529917572e-04,1.024173689075e-03,0.000000000000e+00,1,0.000000000000e+00,True
2001,PHYSICAL_MESH,0.1337500000,-0.0367317487,4.940934013575e-03,2.535652369261e-02,0.000000000000e+00,1,0.000000000000e+00,True
2002,PHYSICAL_MESH,0.1506250000,-0.0367317487,4.879093728960e-03,2.405636571348e-02,0.000000000000e+00,1,0.000000000000e+00,True
2003,PHYSICAL_MESH,0.1756250000,-0.0367317487,4.880562424660e-03,2.193230576813e-02,0.000000000000e+00,1,0.000000000000e+00,True
2004,PHYSICAL_MESH,0.2005769231,-0.0367317487,4.883968271315e-03,1.980734243989e-02,0.000000000000e+00,1,0.000000000000e+00,True
2005,PHYSICAL_MESH,0.2255288462,-0.0367317487,4.887937102467e-03,1.768215931952e-02,0.000000000000e+00,1,0.000000000000e+00,True
2006,PHYSICAL_MESH,0.2504807693,-0.0367317487,4.892373923212e-03,1.555627491325e-02,0.000000000000e+00,1,0.000000000000e+00,True
2007,PHYSICAL_MESH,0.2754326924,-0.0367317487,4.897840786725e-03,1.343022100627e-02,0.000000000000e+00,1,0.000000000000e+00,True
2008,PHYSICAL_MESH,0.3003846155,-0.0367317487,4.905319306999e-03,1.130152959377e-02,0.000000000000e+00,1,0.000000000000e+00,True
2009,PHYSICAL_MESH,0.3253365386,-0.0367317487,4.916226025671e-03,9.167815558612e-03,0.000000000000e+00,1,0.000000000000e+00,True
2010,PHYSICAL_MESH,0.3502884617,-0.0367317487,4.931491799653e-03,7.023677695543e-03,0.000000000000e+00,1,0.000000000000e+00,True
2011,PHYSICAL_MESH,0.3752403848,-0.0367317487,4.942267201841e-03,4.865578375757e-03,0.000000000000e+00,1,0.000000000000e+00,True
2012,PHYSICAL_MESH,0.4001923079,-0.0367317487,4.921319894493e-03,2.722998848185e-03,0.000000000000e+00,1,0.000000000000e+00,True
2013,PHYSICAL_MESH,0.4251442310,-0.0367317487,4.878800362349e-03,7.196015794761e-04,0.000000000000e+00,1,0.000000000000e+00,True
2014,PHYSICAL_MESH,0.4500961541,-0.0367317487,4.879540763795e-03,-1.136139035225e-03,0.000000000000e+00,1,0.000000000000e+00,True
2015,PHYSICAL_MESH,0.4750480772,-0.0367317487,4.957355558872e-03,-2.957571297884e-03,0.000000000000e+00,1,0.000000000000e+00,True
2016,PHYSICAL_MESH,0.5000000000,-0.0367317487,5.092496983707e-03,-4.825842101127e-03,0.000000000000e+00,1,0.000000000000e+00,True
2017,PHYSICAL_MESH,-0.5000000000,-0.0317911713,3.177341932314e-05,8.494819667249e-06,0.000000000000e+00,1,0.000000000000e+00,True
2018,PHYSICAL_MESH,-0.4759765625,-0.0317911713,3.177429243806e-05,7.563981398562e-06,0.000000000000e+00,1,0.000000000000e+00,True
2019,PHYSICAL_MESH,-0.4519531250,-0.0317911713,3.176768223057e-05,6.611858680117e-06,0.000000000000e+00,1,0.000000000000e+00,True
2020,PHYSICAL_MESH,-0.4279296875,-0.0317911713,3.174956509611e-05,5.653534572048e-06,0.000000000000e+00,1,0.000000000000e+00,True
2021,PHYSICAL_MESH,-0.4039062500,-0.0317911713,3.171979915351e-05,4.706308573077e-06,0.000000000000e+00,1,0.000000000000e+00,True
2022,PHYSICAL_MESH,-0.3798828125,-0.0317911713,3.167958857375e-05,3.787042032855e-06,0.000000000000e+00,1,0.000000000000e+00,True
2023,PHYSICAL_MESH,-0.3558593750,-0.0317911713,3.163099245285e-05,2.910652028731e-06,0.000000000000e+00,1,0.000000000000e+00,True
2024,PHYSICAL_MESH,-0.3318359375,-0.0317911713,3.157662285957e-05,2.089900135616e-06,0.000000000000e+00,1,0.000000000000e+00,True
2025,PHYSICAL_MESH,-0.3078125000,-0.0317911713,3.151933196932e-05,1.335768956778e-06,0.000000000000e+00,1,0.000000000000e+00,True
2026,PHYSICAL_MESH,-0.2837890625,-0.0317911713,3.146196831949e-05,6.580365834452e-07,0.000000000000e+00,1,0.000000000000e+00,True
2027,PHYSICAL_MESH,-0.2597656250,-0.0317911713,3.140719127259e-05,6.590509116222e-08,0.000000000000e+00,1,0.000000000000e+00,True
2028,PHYSICAL_MESH,-0.2357421875,-0.0317911713,3.135737279081e-05,-4.313860699767e-07,0.000000000000e+00,1,0.000000000000e+00,True
2029,PHYSICAL_MESH,-0.2117187500,-0.0317911713,3.131460107397e-05,-8.239969702117e-07,0.000000000000e+00,1,0.000000000000e+00,True
2030,PHYSICAL_MESH,-0.1876953125,-0.0317911713,3.128067328362e-05,-1.101020302485e-06,0.000000000000e+00,1,0.000000000000e+00,True
2031,PHYSICAL_MESH,-0.1636718750,-0.0317911713,3.125708826701e-05,-1.250184936907e-06,0.000000000000e+00,1,0.000000000000e+00,True
2032,PHYSICAL_MESH,-0.1396484375,-0.0317911713,3.124490831397e-05,-1.257923713638e-06,0.000000000000e+00,1,0.000000000000e+00,True
2033,PHYSICAL_MESH,-0.1156250000,-0.0317911713,3.124438808300e-05,-1.110328753384e-06,0.000000000000e+00,1,0.000000000000e+00,True
2034,PHYSICAL_MESH,-0.0906250000,-0.0317911713,3.125591319986e-05,-7.801756964909e-07,0.000000000000e+00,1,0.000000000000e+00,True
2035,PHYSICAL_MESH,-0.0737500000,-0.0317911713,3.127043237328e-05,-4.521959056092e-07,0.000000000000e+00,1,0.000000000000e+00,True
2036,PHYSICAL_MESH,-0.0625000000,-0.0317911713,3.128288153675e-05,-1.857057299048e-07,0.000000000000e+00,1,0.000000000000e+00,True
2037,PHYSICAL_MESH,-0.0550000000,-0.0317911713,3.129249671474e-05,1.316896369730e-08,0.000000000000e+00,1,0.000000000000e+00,True
2038,PHYSICAL_MESH,-0.0500000000,-0.0317911713,3.129963806714e-05,1.551479016371e-07,0.000000000000e+00,1,0.000000000000e+00,True
2039,PHYSICAL_MESH,-0.0450000000,-0.0317911713,3.130756522296e-05,3.046984602406e-07,0.000000000000e+00,1,0.000000000000e+00,True
2040,PHYSICAL_MESH,-0.0400000000,-0.0317911713,3.131651828880e-05,4.619970468411e-07,0.000000000000e+00,1,0.000000000000e+00,True
2041,PHYSICAL_MESH,-0.0350000000,-0.0317911713,3.132685742457e-05,6.276090971369e-07,0.000000000000e+00,1,0.000000000000e+00,True
2042,PHYSICAL_MESH,-0.0300000000,-0.0317911713,3.133925565635e-05,8.032558298510e-07,0.000000000000e+00,1,0.000000000000e+00,True
2043,PHYSICAL_MESH,-0.0250000000,-0.0317911713,3.135494262096e-05,9.933039564203e-07,0.000000000000e+00,1,0.000000000000e+00,True
2044,PHYSICAL_MESH,-0.0200000000,-0.0317911713,3.137589010294e-05,1.206892079608e-06,0.000000000000e+00,1,0.000000000000e+00,True
2045,PHYSICAL_MESH,-0.0150000000,-0.0317911713,3.140420812997e-05,1.460773432882e-06,0.000000000000e+00,1,0.000000000000e+00,True
2046,PHYSICAL_MESH,-0.0100000000,-0.0317911713,3.143962385366e-05,1.783391894605e-06,0.000000000000e+00,1,0.000000000000e+00,True
2047,PHYSICAL_MESH,-0.0050000000,-0.0317911713,3.147662209813e-05,2.241902848255e-06,0.000000000000e+00,1,0.000000000000e+00,True
2048,PHYSICAL_MESH,0.0000000000,-0.0317911713,3.151006967528e-05,3.025460500794e-06,0.000000000000e+00,1,0.000000000000e+00,True
2049,PHYSICAL_MESH,0.0050000000,-0.0317911713,3.162134453305e-05,4.624313532986e-06,0.000000000000e+00,1,0.000000000000e+00,True
2050,PHYSICAL_MESH,0.0100000000,-0.0317911713,3.292250039522e-05,9.769270036486e-06,0.000000000000e+00,1,0.000000000000e+00,True
2051,PHYSICAL_MESH,0.0150000000,-0.0317911713,4.493021697272e-05,6.685449625365e-05,0.000000000000e+00,1,0.000000000000e+00,True
2052,PHYSICAL_MESH,0.0200000000,-0.0317911713,9.300470992457e-05,2.017380174948e-04,0.000000000000e+00,1,0.000000000000e+00,True
2053,PHYSICAL_MESH,0.0250000000,-0.0317911713,8.849350706441e-05,1.786031934898e-04,0.000000000000e+00,1,0.000000000000e+00,True
2054,PHYSICAL_MESH,0.0300000000,-0.0317911713,8.359991625184e-05,1.452024589526e-04,0.000000000000e+00,1,0.000000000000e+00,True
2055,PHYSICAL_MESH,0.0350000000,-0.0317911713,8.184101898223e-05,1.194035212393e-04,0.000000000000e+00,1,0.000000000000e+00,True
2056,PHYSICAL_MESH,0.0400000000,-0.0317911713,8.224343764596e-05,1.014263616526e-04,0.000000000000e+00,1,0.000000000000e+00,True
2057,PHYSICAL_MESH,0.0450000000,-0.0317911713,8.400709339185e-05,8.825937402435e-05,0.000000000000e+00,1,0.000000000000e+00,True
2058,PHYSICAL_MESH,0.0500000000,-0.0317911713,8.634151163278e-05,7.849706889829e-05,0.000000000000e+00,1,0.000000000000e+00,True
2059,PHYSICAL_MESH,0.0550000000,-0.0317911713,8.868467557477e-05,7.114897016436e-05,0.000000000000e+00,1,0.000000000000e+00,True
2060,PHYSICAL_MESH,0.0600000000,-0.0317911713,9.072309330804e-05,6.551342812600e-05,0.000000000000e+00,1,0.000000000000e+00,True
2061,PHYSICAL_MESH,0.0650000000,-0.0317911713,9.232643787982e-05,6.103561463533e-05,0.000000000000e+00,1,0.000000000000e+00,True
2062,PHYSICAL_MESH,0.0700000000,-0.0317911713,9.348456660518e-05,5.729012264055e-05,0.000000000000e+00,1,0.000000000000e+00,True
2063,PHYSICAL_MESH,0.0750000000,-0.0317911713,9.425201278646e-05,5.401757880463e-05,0.000000000000e+00,1,0.000000000000e+00,True
2064,PHYSICAL_MESH,0.0800000000,-0.0317911713,9.469840733800e-05,5.111711652717e-05,0.000000000000e+00,1,0.000000000000e+00,True
2065,PHYSICAL_MESH,0.0850000000,-0.0317911713,9.484397014603e-05,4.853776044911e-05,0.000000000000e+00,1,0.000000000000e+00,True
2066,PHYSICAL_MESH,0.0900000000,-0.0317911713,9.465603943681e-05,4.617544618668e-05,0.000000000000e+00,1,0.000000000000e+00,True
2067,PHYSICAL_MESH,0.0950000000,-0.0317911713,9.384079748997e-05,4.362509571365e-05,0.000000000000e+00,1,0.000000000000e+00,True
2068,PHYSICAL_MESH,0.1000000000,-0.0317911713,9.236326150130e-05,4.010776683572e-05,0.000000000000e+00,1,0.000000000000e+00,True
2069,PHYSICAL_MESH,0.1050000000,-0.0317911713,9.104103810387e-05,3.710520104505e-05,0.000000000000e+00,1,0.000000000000e+00,True
2070,PHYSICAL_MESH,0.1100000000,-0.0317911713,8.943937427830e-05,3.881688098772e-05,0.000000000000e+00,1,0.000000000000e+00,True
2071,PHYSICAL_MESH,0.1150000000,-0.0317911713,9.159102773992e-05,6.175878661452e-05,0.000000000000e+00,1,0.000000000000e+00,True
2072,PHYSICAL_MESH,0.1225000000,-0.0317911713,5.626284983009e-03,2.448272891343e-02,0.000000000000e+00,1,0.000000000000e+00,True
2073,PHYSICAL_MESH,0.1337500000,-0.0317911713,5.318840034306e-03,2.544853091240e-02,0.000000000000e+00,1,0.000000000000e+00,True
2074,PHYSICAL_MESH,0.1506250000,-0.0317911713,5.298353731632e-03,2.405958436430e-02,0.000000000000e+00,1,0.000000000000e+00,True
2075,PHYSICAL_MESH,0.1756250000,-0.0317911713,5.300330929458e-03,2.193261496723e-02,0.000000000000e+00,1,0.000000000000e+00,True
2076,PHYSICAL_MESH,0.2005769231,-0.0317911713,5.303730256855e-03,1.980732381344e-02,0.000000000000e+00,1,0.000000000000e+00,True
2077,PHYSICAL_MESH,0.2255288462,-0.0317911713,5.307573825121e-03,1.768199540675e-02,0.000000000000e+00,1,0.000000000000e+00,True
2078,PHYSICAL_MESH,0.2504807693,-0.0317911713,5.311923101544e-03,1.555615384132e-02,0.000000000000e+00,1,0.000000000000e+00,True
2079,PHYSICAL_MESH,0.2754326924,-0.0317911713,5.317328032106e-03,1.342986524105e-02,0.000000000000e+00,1,0.000000000000e+00,True
2080,PHYSICAL_MESH,0.3003846155,-0.0317911713,5.324627272785e-03,1.130105461925e-02,0.000000000000e+00,1,0.000000000000e+00,True
2081,PHYSICAL_MESH,0.3253365386,-0.0317911713,5.334821995348e-03,9.167338721454e-03,0.000000000000e+00,1,0.000000000000e+00,True
2082,PHYSICAL_MESH,0.3502884617,-0.0317911713,5.347426049411e-03,7.024528924376e-03,0.000000000000e+00,1,0.000000000000e+00,True
2083,PHYSICAL_MESH,0.3752403848,-0.0317911713,5.352835636586e-03,4.872520454228e-03,0.000000000000e+00,1,0.000000000000e+00,True
2084,PHYSICAL_MESH,0.4001923079,-0.0317911713,5.329448264092e-03,2.742041368037e-03,0.000000000000e+00,1,0.000000000000e+00,True
2085,PHYSICAL_MESH,0.4251442310,-0.0317911713,5.288855638355e-03,7.322945748456e-04,0.000000000000e+00,1,0.000000000000e+00,True
2086,PHYSICAL_MESH,0.4500961541,-0.0317911713,5.286580417305e-03,-1.150199794210e-03,0.000000000000e+00,1,0.000000000000e+00,True
2087,PHYSICAL_MESH,0.4750480772,-0.0317911713,5.351908970624e-03,-2.999729942530e-03,0.000000000000e+00,1,0.000000000000e+00,True
2088,PHYSICAL_MESH,0.5000000000,-0.0317911713,5.470481235534e-03,-4.892873112112e-03,0.000000000000e+00,1,0.000000000000e+00,True
2089,PHYSICAL_MESH,-0.5000000000,-0.0268505939,3.196197212674e-05,8.493803761667e-06,0.000000000000e+00,1,0.000000000000e+00,True
2090,PHYSICAL_MESH,-0.4759765625,-0.0268505939,3.196164470864e-05,7.562795872218e-06,0.000000000000e+00,1,0.000000000000e+00,True
2091,PHYSICAL_MESH,-0.4519531250,-0.0268505939,3.195346653229e-05,6.612267497985e-06,0.000000000000e+00,1,0.000000000000e+00,True
2092,PHYSICAL_MESH,-0.4279296875,-0.0268505939,3.193284283043e-05,5.655604127242e-06,0.000000000000e+00,1,0.000000000000e+00,True
2093,PHYSICAL_MESH,-0.4039062500,-0.0268505939,3.189904236933e-05,4.709794211522e-06,0.000000000000e+00,1,0.000000000000e+00,True
2094,PHYSICAL_MESH,-0.3798828125,-0.0268505939,3.185285095242e-05,3.791648850893e-06,0.000000000000e+00,1,0.000000000000e+00,True
2095,PHYSICAL_MESH,-0.3558593750,-0.0268505939,3.179613850079e-05,2.916063067460e-06,0.000000000000e+00,1,0.000000000000e+00,True
2096,PHYSICAL_MESH,-0.3318359375,-0.0268505939,3.173148434144e-05,2.095799572999e-06,0.000000000000e+00,1,0.000000000000e+00,True
2097,PHYSICAL_MESH,-0.3078125000,-0.0268505939,3.166176975355e-05,1.341860524917e-06,0.000000000000e+00,1,0.000000000000e+00,True
2098,PHYSICAL_MESH,-0.2837890625,-0.0268505939,3.158987237839e-05,6.640592573603e-07,0.000000000000e+00,1,0.000000000000e+00,True
2099,PHYSICAL_MESH,-0.2597656250,-0.0268505939,3.151845521643e-05,7.164043580588e-08,0.000000000000e+00,1,0.000000000000e+00,True
2100,PHYSICAL_MESH,-0.2357421875,-0.0268505939,3.144990114379e-05,-4.261104891157e-07,0.000000000000e+00,1,0.000000000000e+00,True
2101,PHYSICAL_MESH,-0.2117187500,-0.0268505939,3.138626925647e-05,-8.193057396966e-07,0.000000000000e+00,1,0.000000000000e+00,True
2102,PHYSICAL_MESH,-0.1876953125,-0.0268505939,3.132937490591e-05,-1.096987830351e-06,0.000000000000e+00,1,0.000000000000e+00,True
2103,PHYSICAL_MESH,-0.1636718750,-0.0268505939,3.128083699266e-05,-1.246829128831e-06,0.000000000000e+00,1,0.000000000000e+00,True
2104,PHYSICAL_MESH,-0.1396484375,-0.0268505939,3.124207432847e-05,-1.255184315596e-06,0.000000000000e+00,1,0.000000000000e+00,True
2105,PHYSICAL_MESH,-0.1156250000,-0.0268505939,3.121400004602e-05,-1.108110495807e-06,0.000000000000e+00,1,0.000000000000e+00,True
2106,PHYSICAL_MESH,-0.0906250000,-0.0268505939,3.119687971775e-05,-7.790981726430e-07,0.000000000000e+00,1,0.000000000000e+00,True
2107,PHYSICAL_MESH,-0.0737500000,-0.0268505939,3.119301618426e-05,-4.526374937086e-07,0.000000000000e+00,1,0.000000000000e+00,True
2108,PHYSICAL_MESH,-0.0625000000,-0.0268505939,3.119404209428e-05,-1.879383688674e-07,0.000000000000e+00,1,0.000000000000e+00,True
2109,PHYSICAL_MESH,-0.0550000000,-0.0268505939,3.119652683381e-05,9.074724083291e-09,0.000000000000e+00,1,0.000000000000e+00,True
2110,PHYSICAL_MESH,-0.0500000000,-0.0268505939,3.119915709249e-05,1.493771435435e-07,0.000000000000e+00,1,0.000000000000e+00,True
2111,PHYSICAL_MESH,-0.0450000000,-0.0268505939,3.120276960544e-05,2.968018861793e-07,0.000000000000e+00,1,0.000000000000e+00,True
2112,PHYSICAL_MESH,-0.0400000000,-0.0268505939,3.120760447928e-05,4.514419913448e-07,0.000000000000e+00,1,0.000000000000e+00,True
2113,PHYSICAL_MESH,-0.0350000000,-0.0268505939,3.121401095996e-05,6.137134391793e-07,0.000000000000e+00,1,0.000000000000e+00,True
2114,PHYSICAL_MESH,-0.0300000000,-0.0268505939,3.122254565824e-05,7.849686767258e-07,0.000000000000e+00,1,0.000000000000e+00,True
2115,PHYSICAL_MESH,-0.0250000000,-0.0268505939,3.123438364128e-05,9.691178775029e-07,0.000000000000e+00,1,0.000000000000e+00,True
2116,PHYSICAL_MESH,-0.0200000000,-0.0268505939,3.125200964860e-05,1.176101022793e-06,0.000000000000e+00,1,0.000000000000e+00,True
2117,PHYSICAL_MESH,-0.0150000000,-0.0268505939,3.127974196104e-05,1.429851408830e-06,0.000000000000e+00,1,0.000000000000e+00,True
2118,PHYSICAL_MESH,-0.0100000000,-0.0268505939,3.131965422654e-05,1.787263158803e-06,0.000000000000e+00,1,0.000000000000e+00,True
2119,PHYSICAL_MESH,-0.0050000000,-0.0268505939,3.135404767818e-05,2.416787765469e-06,0.000000000000e+00,1,0.000000000000e+00,True
2120,PHYSICAL_MESH,0.0000000000,-0.0268505939,3.131254197797e-05,3.897645910911e-06,0.000000000000e+00,1,0.000000000000e+00,True
2121,PHYSICAL_MESH,0.0050000000,-0.0268505939,3.121234476566e-05,8.061808330240e-06,0.000000000000e+00,1,0.000000000000e+00,True
2122,PHYSICAL_MESH,0.0100000000,-0.0268505939,3.345679942868e-05,2.899271748902e-05,0.000000000000e+00,1,0.000000000000e+00,True
2123,PHYSICAL_MESH,0.0150000000,-0.0268505939,1.177365484182e-04,2.795993059408e-04,0.000000000000e+00,1,0.000000000000e+00,True
2124,PHYSICAL_MESH,0.0200000000,-0.0268505939,1.234041410498e-04,3.093383566011e-04,0.000000000000e+00,1,0.000000000000e+00,True
2125,PHYSICAL_MESH,0.0250000000,-0.0268505939,1.113013495342e-04,2.432156179566e-04,0.000000000000e+00,1,0.000000000000e+00,True
2126,PHYSICAL_MESH,0.0300000000,-0.0268505939,1.042817457346e-04,1.891113934107e-04,0.000000000000e+00,1,0.000000000000e+00,True
2127,PHYSICAL_MESH,0.0350000000,-0.0268505939,1.019530827762e-04,1.509635039838e-04,0.000000000000e+00,1,0.000000000000e+00,True
2128,PHYSICAL_MESH,0.0400000000,-0.0268505939,1.017349932226e-04,1.241171557922e-04,0.000000000000e+00,1,0.000000000000e+00,True
2129,PHYSICAL_MESH,0.0450000000,-0.0268505939,1.026504178299e-04,1.052435400197e-04,0.000000000000e+00,1,0.000000000000e+00,True
2130,PHYSICAL_MESH,0.0500000000,-0.0268505939,1.038248010445e-04,9.190453420160e-05,0.000000000000e+00,1,0.000000000000e+00,True
2131,PHYSICAL_MESH,0.0550000000,-0.0268505939,1.048487756634e-04,8.236827852670e-05,0.000000000000e+00,1,0.000000000000e+00,True
2132,PHYSICAL_MESH,0.0600000000,-0.0268505939,1.055669854395e-04,7.542991806986e-05,0.000000000000e+00,1,0.000000000000e+00,True
2133,PHYSICAL_MESH,0.0650000000,-0.0268505939,1.059333080775e-04,7.019830809440e-05,0.000000000000e+00,1,0.000000000000e+00,True
2134,PHYSICAL_MESH,0.0700000000,-0.0268505939,1.059867936419e-04,6.598851905437e-05,0.000000000000e+00,1,0.000000000000e+00,True
2135,PHYSICAL_MESH,0.0750000000,-0.0268505939,1.058386551449e-04,6.242966628633e-05,0.000000000000e+00,1,0.000000000000e+00,True
2136,PHYSICAL_MESH,0.0800000000,-0.0268505939,1.055669345078e-04,5.944105578237e-05,0.000000000000e+00,1,0.000000000000e+00,True
2137,PHYSICAL_MESH,0.0850000000,-0.0268505939,1.051983708749e-04,5.702800262952e-05,0.000000000000e+00,1,0.000000000000e+00,True
2138,PHYSICAL_MESH,0.0900000000,-0.0268505939,1.047095647664e-04,5.517238969333e-05,0.000000000000e+00,1,0.000000000000e+00,True
2139,PHYSICAL_MESH,0.0950000000,-0.0268505939,1.039375129039e-04,5.374606917030e-05,0.000000000000e+00,1,0.000000000000e+00,True
2140,PHYSICAL_MESH,0.1000000000,-0.0268505939,1.022222204483e-04,5.185432019061e-05,0.000000000000e+00,1,0.000000000000e+00,True
2141,PHYSICAL_MESH,0.1050000000,-0.0268505939,9.924273763318e-05,4.910344068776e-05,0.000000000000e+00,1,0.000000000000e+00,True
2142,PHYSICAL_MESH,0.1100000000,-0.0268505939,9.596533345757e-05,6.002997179166e-05,0.000000000000e+00,1,0.000000000000e+00,True
2143,PHYSICAL_MESH,0.1150000000,-0.0268505939,4.933382660965e-05,2.053241041722e-04,0.000000000000e+00,1,0.000000000000e+00,True
2144,PHYSICAL_MESH,0.1225000000,-0.0268505939,5.870707333088e-03,2.608068101108e-02,0.000000000000e+00,1,0.000000000000e+00,True
2145,PHYSICAL_MESH,0.1337500000,-0.0268505939,5.725233815610e-03,2.547583729029e-02,0.000000000000e+00,1,0.000000000000e+00,True
2146,PHYSICAL_MESH,0.1506250000,-0.0268505939,5.717702675611e-03,2.406111732125e-02,0.000000000000e+00,1,0.000000000000e+00,True
2147,PHYSICAL_MESH,0.1756250000,-0.0268505939,5.720096174628e-03,2.193273790181e-02,0.000000000000e+00,1,0.000000000000e+00,True
2148,PHYSICAL_MESH,0.2005769231,-0.0268505939,5.723424721509e-03,1.980726979673e-02,0.000000000000e+00,1,0.000000000000e+00,True
2149,PHYSICAL_MESH,0.2255288462,-0.0268505939,5.727135110646e-03,1.768185757101e-02,0.000000000000e+00,1,0.000000000000e+00,True
2150,PHYSICAL_MESH,0.2504807693,-0.0268505939,5.731376353651e-03,1.555602345616e-02,0.000000000000e+00,1,0.000000000000e+00,True
2151,PHYSICAL_MESH,0.2754326924,-0.0268505939,5.736652296036e-03,1.342956535518e-02,0.000000000000e+00,1,0.000000000000e+00,True
2152,PHYSICAL_MESH,0.3003846155,-0.0268505939,5.743647925556e-03,1.130068209022e-02,0.000000000000e+00,1,0.000000000000e+00,True
2153,PHYSICAL_MESH,0.3253365386,-0.0268505939,5.752906203270e-03,9.167149662971e-03,0.000000000000e+00,1,0.000000000000e+00,True
2154,PHYSICAL_MESH,0.3502884617,-0.0268505939,5.762834101915e-03,7.025989703834e-03,0.000000000000e+00,1,0.000000000000e+00,True
2155,PHYSICAL_MESH,0.3752403848,-0.0268505939,5.763772875071e-03,4.879778716713e-03,0.000000000000e+00,1,0.000000000000e+00,True
2156,PHYSICAL_MESH,0.4001923079,-0.0268505939,5.738819483668e-03,2.758898772299e-03,0.000000000000e+00,1,0.000000000000e+00,True
2157,PHYSICAL_MESH,0.4251442310,-0.0268505939,5.700222682208e-03,7.432563579641e-04,0.000000000000e+00,1,0.000000000000e+00,True
2158,PHYSICAL_MESH,0.4500961541,-0.0268505939,5.695519968867e-03,-1.162443193607e-03,0.000000000000e+00,1,0.000000000000e+00,True
2159,PHYSICAL_MESH,0.4750480772,-0.0268505939,5.750495009124e-03,-3.037019399926e-03,0.000000000000e+00,1,0.000000000000e+00,True
2160,PHYSICAL_MESH,0.5000000000,-0.0268505939,5.855286028236e-03,-4.953192546964e-03,0.000000000000e+00,1,0.000000000000e+00,True
2161,PHYSICAL_MESH,-0.5000000000,-0.0219100165,3.215111064492e-05,8.493278073729e-06,0.000000000000e+00,1,0.000000000000e+00,True
2162,PHYSICAL_MESH,-0.4759765625,-0.0219100165,3.214981552446e-05,7.562035079900e-06,0.000000000000e+00,1,0.000000000000e+00,True
2163,PHYSICAL_MESH,-0.4519531250,-0.0219100165,3.214027674403e-05,6.613028745051e-06,0.000000000000e+00,1,0.000000000000e+00,True
2164,PHYSICAL_MESH,-0.4279296875,-0.0219100165,3.211730290786e-05,5.658001100528e-06,0.000000000000e+00,1,0.000000000000e+00,True
2165,PHYSICAL_MESH,-0.4039062500,-0.0219100165,3.207947156625e-05,4.713675480161e-06,0.000000000000e+00,1,0.000000000000e+00,True
2166,PHYSICAL_MESH,-0.3798828125,-0.0219100165,3.202715015505e-05,3.796784994847e-06,0.000000000000e+00,1,0.000000000000e+00,True
2167,PHYSICAL_MESH,-0.3558593750,-0.0219100165,3.196208490408e-05,2.922172825492e-06,0.000000000000e+00,1,0.000000000000e+00,True
2168,PHYSICAL_MESH,-0.3318359375,-0.0219100165,3.188686241629e-05,2.102584403474e-06,0.000000000000e+00,1,0.000000000000e+00,True
2169,PHYSICAL_MESH,-0.3078125000,-0.0219100165,3.180442945450e-05,1.349032231701e-06,0.000000000000e+00,1,0.000000000000e+00,True
2170,PHYSICAL_MESH,-0.2837890625,-0.0219100165,3.171770003974e-05,6.713591460539e-07,0.000000000000e+00,1,0.000000000000e+00,True
2171,PHYSICAL_MESH,-0.2597656250,-0.0219100165,3.162937719026e-05,7.884897712529e-08,0.000000000000e+00,1,0.000000000000e+00,True
2172,PHYSICAL_MESH,-0.2357421875,-0.0219100165,3.154181831633e-05,-4.191699645162e-07,0.000000000000e+00,1,0.000000000000e+00,True
2173,PHYSICAL_MESH,-0.2117187500,-0.0219100165,3.145706432406e-05,-8.127680644066e-07,0.000000000000e+00,1,0.000000000000e+00,True
2174,PHYSICAL_MESH,-0.1876953125,-0.0219100165,3.137693056487e-05,-1.090948785532e-06,0.000000000000e+00,1,0.000000000000e+00,True
2175,PHYSICAL_MESH,-0.1636718750,-0.0219100165,3.130313416477e-05,-1.241351355930e-06,0.000000000000e+00,1,0.000000000000e+00,True
2176,PHYSICAL_MESH,-0.1396484375,-0.0219100165,3.123747956124e-05,-1.250286459253e-06,0.000000000000e+00,1,0.000000000000e+00,True
2177,PHYSICAL_MESH,-0.1156250000,-0.0219100165,3.118165841443e-05,-1.103760268961e-06,0.000000000000e+00,1,0.000000000000e+00,True
2178,PHYSICAL_MESH,-0.0906250000,-0.0219100165,3.113599450444e-05,-7.759041977806e-07,0.000000000000e+00,1,0.000000000000e+00,True
2179,PHYSICAL_MESH,-0.0737500000,-0.0219100165,3.111409023404e-05,-4.509701057032e-07,0.000000000000e+00,1,0.000000000000e+00,True
2180,PHYSICAL_MESH,-0.0625000000,-0.0219100165,3.110411125817e-05,-1.879094781998e-07,0.000000000000e+00,1,0.000000000000e+00,True
2181,PHYSICAL_MESH,-0.0550000000,-0.0219100165,3.109985118499e-05,7.472745089387e-09,0.000000000000e+00,1,0.000000000000e+00,True
2182,PHYSICAL_MESH,-0.0500000000,-0.0219100165,3.109828321612e-05,1.463340595365e-07,0.000000000000e+00,1,0.000000000000e+00,True
2183,PHYSICAL_MESH,-0.0450000000,-0.0219100165,3.109794488410e-05,2.919620953890e-07,0.000000000000e+00,1,0.000000000000e+00,True
2184,PHYSICAL_MESH,-0.0400000000,-0.0219100165,3.109909084742e-05,4.444008823157e-07,0.000000000000e+00,1,0.000000000000e+00,True
2185,PHYSICAL_MESH,-0.0350000000,-0.0219100165,3.110205943813e-05,6.040158950782e-07,0.000000000000e+00,1,0.000000000000e+00,True
2186,PHYSICAL_MESH,-0.0300000000,-0.0219100165,3.110734542133e-05,7.719535233264e-07,0.000000000000e+00,1,0.000000000000e+00,True
2187,PHYSICAL_MESH,-0.0250000000,-0.0219100165,3.111591649940e-05,9.515434840068e-07,0.000000000000e+00,1,0.000000000000e+00,True
2188,PHYSICAL_MESH,-0.0200000000,-0.0219100165,3.113040293101e-05,1.152412551164e-06,0.000000000000e+00,1,0.000000000000e+00,True
2189,PHYSICAL_MESH,-0.0150000000,-0.0219100165,3.115772051387e-05,1.403917394782e-06,0.000000000000e+00,1,0.000000000000e+00,True
2190,PHYSICAL_MESH,-0.0100000000,-0.0219100165,3.120943802060e-05,1.807520561670e-06,0.000000000000e+00,1,0.000000000000e+00,True
2191,PHYSICAL_MESH,-0.0050000000,-0.0219100165,3.124992508674e-05,2.802838025673e-06,0.000000000000e+00,1,0.000000000000e+00,True
2192,PHYSICAL_MESH,0.0000000000,-0.0219100165,3.083781120949e-05,6.455776656367e-06,0.000000000000e+00,1,0.000000000000e+00,True
2193,PHYSICAL_MESH,0.0050000000,-0.0219100165,2.969449451484e-05,1.978404907277e-05,0.000000000000e+00,1,0.000000000000e+00,True
2194,PHYSICAL_MESH,0.0100000000,-0.0219100165,2.491029590601e-05,1.262282166863e-04,0.000000000000e+00,1,0.000000000000e+00,True
2195,PHYSICAL_MESH,0.0150000000,-0.0219100165,1.966796116903e-04,5.593979731202e-04,0.000000000000e+00,1,0.000000000000e+00,True
2196,PHYSICAL_MESH,0.0200000000,-0.0219100165,1.641268318053e-04,4.401432815939e-04,0.000000000000e+00,1,0.000000000000e+00,True
2197,PHYSICAL_MESH,0.0250000000,-0.0219100165,1.439674379071e-04,3.254068142269e-04,0.000000000000e+00,1,0.000000000000e+00,True
2198,PHYSICAL_MESH,0.0300000000,-0.0219100165,1.351211394649e-04,2.419967058813e-04,0.000000000000e+00,1,0.000000000000e+00,True
2199,PHYSICAL_MESH,0.0350000000,-0.0219100165,1.311087398790e-04,1.863632933237e-04,0.000000000000e+00,1,0.000000000000e+00,True
2200,PHYSICAL_MESH,0.0400000000,-0.0219100165,1.291017106269e-04,1.487188419560e-04,0.000000000000e+00,1,0.000000000000e+00,True
2201,PHYSICAL_MESH,0.0450000000,-0.0219100165,1.275922259083e-04,1.234625378856e-04,0.000000000000e+00,1,0.000000000000e+00,True
2202,PHYSICAL_MESH,0.0500000000,-0.0219100165,1.260253047803e-04,1.063615491148e-04,0.000000000000e+00,1,0.000000000000e+00,True
2203,PHYSICAL_MESH,0.0550000000,-0.0219100165,1.243306760443e-04,9.449702338316e-05,0.000000000000e+00,1,0.000000000000e+00,True
2204,PHYSICAL_MESH,0.0600000000,-0.0219100165,1.226205640705e-04,8.613305544714e-05,0.000000000000e+00,1,0.000000000000e+00,True
2205,PHYSICAL_MESH,0.0650000000,-0.0219100165,1.209820038639e-04,8.008033910301e-05,0.000000000000e+00,1,0.000000000000e+00,True
2206,PHYSICAL_MESH,0.0700000000,-0.0219100165,1.194616197608e-04,7.532989548054e-05,0.000000000000e+00,1,0.000000000000e+00,True
2207,PHYSICAL_MESH,0.0750000000,-0.0219100165,1.180126928375e-04,7.135657506296e-05,0.000000000000e+00,1,0.000000000000e+00,True
2208,PHYSICAL_MESH,0.0800000000,-0.0219100165,1.165315989056e-04,6.820818816777e-05,0.000000000000e+00,1,0.000000000000e+00,True
2209,PHYSICAL_MESH,0.0850000000,-0.0219100165,1.150607276941e-04,6.587276584469e-05,0.000000000000e+00,1,0.000000000000e+00,True
2210,PHYSICAL_MESH,0.0900000000,-0.0219100165,1.138869556598e-04,6.438138370868e-05,0.000000000000e+00,1,0.000000000000e+00,True
2211,PHYSICAL_MESH,0.0950000000,-0.0219100165,1.129868760472e-04,6.385543383658e-05,0.000000000000e+00,1,0.000000000000e+00,True
2212,PHYSICAL_MESH,0.1000000000,-0.0219100165,1.118100917665e-04,6.462702003773e-05,0.000000000000e+00,1,0.000000000000e+00,True
2213,PHYSICAL_MESH,0.1050000000,-0.0219100165,1.067260600394e-04,6.992174166953e-05,0.000000000000e+00,1,0.000000000000e+00,True
2214,PHYSICAL_MESH,0.1100000000,-0.0219100165,8.860578236636e-05,1.048861013260e-04,0.000000000000e+00,1,0.000000000000e+00,True
2215,PHYSICAL_MESH,0.1150000000,-0.0219100165,-1.199049511342e-04,1.161297434010e-03,0.000000000000e+00,1,0.000000000000e+00,True
2216,PHYSICAL_MESH,0.1225000000,-0.0219100165,6.173457019031e-03,2.633711323142e-02,0.000000000000e+00,1,0.000000000000e+00,True
2217,PHYSICAL_MESH,0.1337500000,-0.0219100165,6.139837671071e-03,2.548751980066e-02,0.000000000000e+00,1,0.000000000000e+00,True
2218,PHYSICAL_MESH,0.1506250000,-0.0219100165,6.137072574347e-03,2.406197227538e-02,0.000000000000e+00,1,0.000000000000e+00,True
2219,PHYSICAL_MESH,0.1756250000,-0.0219100165,6.139795295894e-03,2.193279191852e-02,0.000000000000e+00,1,0.000000000000e+00,True
2220,PHYSICAL_MESH,0.2005769231,-0.0219100165,6.143041886389e-03,1.980721391737e-02,0.000000000000e+00,1,0.000000000000e+00,True
2221,PHYSICAL_MESH,0.2255288462,-0.0219100165,6.146619562060e-03,1.768174581230e-02,0.000000000000e+00,1,0.000000000000e+00,True
2222,PHYSICAL_MESH,0.2504807693,-0.0219100165,6.150730419904e-03,1.555590610951e-02,0.000000000000e+00,1,0.000000000000e+00,True
2223,PHYSICAL_MESH,0.2754326924,-0.0219100165,6.155815906823e-03,1.342932973057e-02,0.000000000000e+00,1,0.000000000000e+00,True
2224,PHYSICAL_MESH,0.3003846155,-0.0219100165,6.162394303828e-03,1.130043528974e-02,0.000000000000e+00,1,0.000000000000e+00,True
2225,PHYSICAL_MESH,0.3253365386,-0.0219100165,6.170554552227e-03,9.167258627713e-03,0.000000000000e+00,1,0.000000000000e+00,True
2226,PHYSICAL_MESH,0.3502884617,-0.0219100165,6.177886854857e-03,7.027975749224e-03,0.000000000000e+00,1,0.000000000000e+00,True
2227,PHYSICAL_MESH,0.3752403848,-0.0219100165,6.175133399665e-03,4.887169227004e-03,0.000000000000e+00,1,0.000000000000e+00,True
2228,PHYSICAL_MESH,0.4001923079,-0.0219100165,6.149266846478e-03,2.773896092549e-03,0.000000000000e+00,1,0.000000000000e+00,True
2229,PHYSICAL_MESH,0.4251442310,-0.0219100165,6.112672854215e-03,7.527380366810e-04,0.000000000000e+00,1,0.000000000000e+00,True
2230,PHYSICAL_MESH,0.4500961541,-0.0219100165,6.106114480644e-03,-1.173218130134e-03,0.000000000000e+00,1,0.000000000000e+00,True
2231,PHYSICAL_MESH,0.4750480772,-0.0219100165,6.152592133731e-03,-3.070340724662e-03,0.000000000000e+00,1,0.000000000000e+00,True
2232,PHYSICAL_MESH,0.5000000000,-0.0219100165,6.245780270547e-03,-5.007755476981e-03,0.000000000000e+00,1,0.000000000000e+00,True
2233,PHYSICAL_MESH,-0.5000000000,-0.0169694391,3.234085306758e-05,8.493110726704e-06,0.000000000000e+00,1,0.000000000000e+00,True
2234,PHYSICAL_MESH,-0.4759765625,-0.0169694391,3.233887764509e-05,7.561651727883e-06,0.000000000000e+00,1,0.000000000000e+00,True
2235,PHYSICAL_MESH,-0.4519531250,-0.0169694391,3.232829112676e-05,6.614104677283e-06,0.000000000000e+00,1,0.000000000000e+00,True
2236,PHYSICAL_MESH,-0.4279296875,-0.0169694391,3.230318907299e-05,5.660712758981e-06,0.000000000000e+00,1,0.000000000000e+00,True
2237,PHYSICAL_MESH,-0.4039062500,-0.0169694391,3.226134140277e-05,4.717967385659e-06,0.000000000000e+00,1,0.000000000000e+00,True
2238,PHYSICAL_MESH,-0.3798828125,-0.0169694391,3.220273720217e-05,3.802483888649e-06,0.000000000000e+00,1,0.000000000000e+00,True
2239,PHYSICAL_MESH,-0.3558593750,-0.0169694391,3.212906449335e-05,2.929025185949e-06,0.000000000000e+00,1,0.000000000000e+00,True
2240,PHYSICAL_MESH,-0.3318359375,-0.0169694391,3.204298263881e-05,2.110302830260e-06,0.000000000000e+00,1,0.000000000000e+00,True
2241,PHYSICAL_MESH,-0.3078125000,-0.0169694391,3.194751479896e-05,1.357332052976e-06,0.000000000000e+00,1,0.000000000000e+00,True
2242,PHYSICAL_MESH,-0.2837890625,-0.0169694391,3.184566230630e-05,6.799813263569e-07,0.000000000000e+00,1,0.000000000000e+00,True
2243,PHYSICAL_MESH,-0.2597656250,-0.0169694391,3.174015000695e-05,8.757273661786e-08,0.000000000000e+00,1,0.000000000000e+00,True
2244,PHYSICAL_MESH,-0.2357421875,-0.0169694391,3.163332075928e-05,-4.105242794594e-07,0.000000000000e+00,1,0.000000000000e+00,True
2245,PHYSICAL_MESH,-0.2117187500,-0.0169694391,3.152718272759e-05,-8.043433581406e-07,0.000000000000e+00,1,0.000000000000e+00,True
2246,PHYSICAL_MESH,-0.1876953125,-0.0169694391,3.142350760754e-05,-1.082858943846e-06,0.000000000000e+00,1,0.000000000000e+00,True
2247,PHYSICAL_MESH,-0.1636718750,-0.0169694391,3.132409256068e-05,-1.233699663317e-06,0.000000000000e+00,1,0.000000000000e+00,True
2248,PHYSICAL_MESH,-0.1396484375,-0.0169694391,3.123108763248e-05,-1.243182055077e-06,0.000000000000e+00,1,0.000000000000e+00,True
2249,PHYSICAL_MESH,-0.1156250000,-0.0169694391,3.114705396001e-05,-1.097248627957e-06,0.000000000000e+00,1,0.000000000000e+00,True
2250,PHYSICAL_MESH,-0.0906250000,-0.0169694391,3.107248630840e-05,-7.706051405876e-07,0.000000000000e+00,1,0.000000000000e+00,True
2251,PHYSICAL_MESH,-0.0737500000,-0.0169694391,3.103226845269e-05,-4.472553882806e-07,0.000000000000e+00,1,0.000000000000e+00,True
2252,PHYSICAL_MESH,-0.0625000000,-0.0169694391,3.101109177805e-05,-1.857164591001e-07,0.000000000000e+00,1,0.000000000000e+00,True
2253,PHYSICAL_MESH,-0.0550000000,-0.0169694391,3.099994137301e-05,8.235238269094e-09,0.000000000000e+00,1,0.000000000000e+00,True
2254,PHYSICAL_MESH,-0.0500000000,-0.0169694391,3.099406603724e-05,1.458712404201e-07,0.000000000000e+00,1,0.000000000000e+00,True
2255,PHYSICAL_MESH,-0.0450000000,-0.0169694391,3.098962770309e-05,2.900104050241e-07,0.000000000000e+00,1,0.000000000000e+00,True
2256,PHYSICAL_MESH,-0.0400000000,-0.0169694391,3.098688466707e-05,4.406738582929e-07,0.000000000000e+00,1,0.000000000000e+00,True
2257,PHYSICAL_MESH,-0.0350000000,-0.0169694391,3.098618981312e-05,5.982377615510e-07,0.000000000000e+00,1,0.000000000000e+00,True
2258,PHYSICAL_MESH,-0.0300000000,-0.0169694391,3.098802335444e-05,7.638633405804e-07,0.000000000000e+00,1,0.000000000000e+00,True
2259,PHYSICAL_MESH,-0.0250000000,-0.0169694391,3.099313471466e-05,9.406329581907e-07,0.000000000000e+00,1,0.000000000000e+00,True
2260,PHYSICAL_MESH,-0.0200000000,-0.0169694391,3.100349204033e-05,1.137120989370e-06,0.000000000000e+00,1,0.000000000000e+00,True
2261,PHYSICAL_MESH,-0.0150000000,-0.0169694391,3.102714981651e-05,1.383635662933e-06,0.000000000000e+00,1,0.000000000000e+00,True
2262,PHYSICAL_MESH,-0.0100000000,-0.0169694391,3.109047975158e-05,1.826045149755e-06,0.000000000000e+00,1,0.000000000000e+00,True
2263,PHYSICAL_MESH,-0.0050000000,-0.0169694391,3.118495078525e-05,3.523195118760e-06,0.000000000000e+00,1,0.000000000000e+00,True
2264,PHYSICAL_MESH,0.0000000000,-0.0169694391,2.910917464760e-05,1.571568100189e-05,0.000000000000e+00,1,0.000000000000e+00,True
2265,PHYSICAL_MESH,0.0050000000,-0.0169694391,1.824844002840e-05,6.993691204116e-05,0.000000000000e+00,1,0.000000000000e+00,True
2266,PHYSICAL_MESH,0.0100000000,-0.0169694391,5.856111965841e-05,6.378415855579e-04,0.000000000000e+00,1,0.000000000000e+00,True
2267,PHYSICAL_MESH,0.0150000000,-0.0169694391,2.750160056166e-04,9.756346698850e-04,0.000000000000e+00,1,0.000000000000e+00,True
2268,PHYSICAL_MESH,0.0200000000,-0.0169694391,2.278876490891e-04,6.352958153002e-04,0.000000000000e+00,1,0.000000000000e+00,True
2269,PHYSICAL_MESH,0.0250000000,-0.0169694391,1.983148831641e-04,4.322017193772e-04,0.000000000000e+00,1,0.000000000000e+00,True
2270,PHYSICAL_MESH,0.0300000000,-0.0169694391,1.859440380940e-04,3.045371267945e-04,0.000000000000e+00,1,0.000000000000e+00,True
2271,PHYSICAL_MESH,0.0350000000,-0.0169694391,1.774691336323e-04,2.254664723296e-04,0.000000000000e+00,1,0.000000000000e+00,True
2272,PHYSICAL_MESH,0.0400000000,-0.0169694391,1.690419885563e-04,1.754296536092e-04,0.000000000000e+00,1,0.000000000000e+00,True
2273,PHYSICAL_MESH,0.0450000000,-0.0169694391,1.606505393283e-04,1.433021388948e-04,0.000000000000e+00,1,0.000000000000e+00,True
2274,PHYSICAL_MESH,0.0500000000,-0.0169694391,1.530925510451e-04,1.223466388183e-04,0.000000000000e+00,1,0.000000000000e+00,True
2275,PHYSICAL_MESH,0.0550000000,-0.0169694391,1.466854882892e-04,1.082317030523e-04,0.000000000000e+00,1,0.000000000000e+00,True
2276,PHYSICAL_MESH,0.0600000000,-0.0169694391,1.414493744960e-04,9.858250268735e-05,0.000000000000e+00,1,0.000000000000e+00,True
2277,PHYSICAL_MESH,0.0650000000,-0.0169694391,1.373201084789e-04,9.162416245090e-05,0.000000000000e+00,1,0.000000000000e+00,True
2278,PHYSICAL_MESH,0.0700000000,-0.0169694391,1.340698945569e-04,8.602290472481e-05,0.000000000000e+00,1,0.000000000000e+00,True
2279,PHYSICAL_MESH,0.0750000000,-0.0169694391,1.312953536399e-04,8.176334085874e-05,0.000000000000e+00,1,0.000000000000e+00,True
2280,PHYSICAL_MESH,0.0800000000,-0.0169694391,1.284557220060e-04,7.929906132631e-05,0.000000000000e+00,1,0.000000000000e+00,True
2281,PHYSICAL_MESH,0.0850000000,-0.0169694391,1.253598311450e-04,7.768558862153e-05,0.000000000000e+00,1,0.000000000000e+00,True
2282,PHYSICAL_MESH,0.0900000000,-0.0169694391,1.227034372278e-04,7.605518476339e-05,0.000000000000e+00,1,0.000000000000e+00,True
2283,PHYSICAL_MESH,0.0950000000,-0.0169694391,1.211145063280e-04,7.614886999363e-05,0.000000000000e+00,1,0.000000000000e+00,True
2284,PHYSICAL_MESH,0.1000000000,-0.0169694391,1.191670380649e-04,8.071493357420e-05,0.000000000000e+00,1,0.000000000000e+00,True
2285,PHYSICAL_MESH,0.1050000000,-0.0169694391,1.195296208607e-04,1.108575379476e-04,0.000000000000e+00,1,0.000000000000e+00,True
2286,PHYSICAL_MESH,0.1100000000,-0.0169694391,1.025112287607e-04,4.105240222998e-04,0.000000000000e+00,1,0.000000000000e+00,True
2287,PHYSICAL_MESH,0.1150000000,-0.0169694391,6.725785322487e-03,2.618964016438e-02,0.000000000000e+00,1,0.000000000000e+00,True
2288,PHYSICAL_MESH,0.1225000000,-0.0169694391,6.566131487489e-03,2.641345188022e-02,0.000000000000e+00,1,0.000000000000e+00,True
2289,PHYSICAL_MESH,0.1337500000,-0.0169694391,6.556901615113e-03,2.549367398024e-02,0.000000000000e+00,1,0.000000000000e+00,True
2290,PHYSICAL_MESH,0.1506250000,-0.0169694391,6.556473206729e-03,2.406250871718e-02,0.000000000000e+00,1,0.000000000000e+00,True
2291,PHYSICAL_MESH,0.1756250000,-0.0169694391,6.559405010194e-03,2.193282730877e-02,0.000000000000e+00,1,0.000000000000e+00,True
2292,PHYSICAL_MESH,0.2005769231,-0.0169694391,6.562576629221e-03,1.980717293918e-02,0.000000000000e+00,1,0.000000000000e+00,True
2293,PHYSICAL_MESH,0.2255288462,-0.0169694391,6.566026248038e-03,1.768166571856e-02,0.000000000000e+00,1,0.000000000000e+00,True
2294,PHYSICAL_MESH,0.2504807693,-0.0169694391,6.569985765964e-03,1.555581483990e-02,0.000000000000e+00,1,0.000000000000e+00,True
2295,PHYSICAL_MESH,0.2754326924,-0.0169694391,6.574824918061e-03,1.342916674912e-02,0.000000000000e+00,1,0.000000000000e+00,True
2296,PHYSICAL_MESH,0.3003846155,-0.0169694391,6.580886896700e-03,1.130032818764e-02,0.000000000000e+00,1,0.000000000000e+00,True
2297,PHYSICAL_MESH,0.3253365386,-0.0169694391,6.587843410671e-03,9.167666547000e-03,0.000000000000e+00,1,0.000000000000e+00,True
2298,PHYSICAL_MESH,0.3502884617,-0.0169694391,6.592724472284e-03,7.030402310193e-03,0.000000000000e+00,1,0.000000000000e+00,True
2299,PHYSICAL_MESH,0.3752403848,-0.0169694391,6.586950737983e-03,4.894556477666e-03,0.000000000000e+00,1,0.000000000000e+00,True
2300,PHYSICAL_MESH,0.4001923079,-0.0169694391,6.560663692653e-03,2.787287579849e-03,0.000000000000e+00,1,0.000000000000e+00,True
2301,PHYSICAL_MESH,0.4251442310,-0.0169694391,6.526049692184e-03,7.609419990331e-04,0.000000000000e+00,1,0.000000000000e+00,True
2302,PHYSICAL_MESH,0.4500961541,-0.0169694391,6.518163252622e-03,-1.182813895866e-03,0.000000000000e+00,1,0.000000000000e+00,True
2303,PHYSICAL_MESH,0.4750480772,-0.0169694391,6.557714194059e-03,-3.100354224443e-03,0.000000000000e+00,1,0.000000000000e+00,True
2304,PHYSICAL_MESH,0.5000000000,-0.0169694391,6.641015876085e-03,-5.057231523097e-03,0.000000000000e+00,1,0.000000000000e+00,True
2305,PHYSICAL_MESH,-0.5000000000,-0.0120288617,3.253116301494e-05,8.493165296386e-06,0.000000000000e+00,1,0.000000000000e+00,True
2306,PHYSICAL_MESH,-0.4759765625,-0.0120288617,3.252887108829e-05,7.561584880023e-06,0.000000000000e+00,1,0.000000000000e+00,True
2307,PHYSICAL_MESH,-0.4519531250,-0.0120288617,3.251768794144e-05,6.615442089242e-06,0.000000000000e+00,1,0.000000000000e+00,True
2308,PHYSICAL_MESH,-0.4279296875,-0.0120288617,3.249075962231e-05,5.663718638971e-06,0.000000000000e+00,1,0.000000000000e+00,True
2309,PHYSICAL_MESH,-0.4039062500,-0.0120288617,3.244492108934e-05,4.722683115688e-06,0.000000000000e+00,1,0.000000000000e+00,True
2310,PHYSICAL_MESH,-0.3798828125,-0.0120288617,3.237987039029e-05,3.808781457337e-06,0.000000000000e+00,1,0.000000000000e+00,True
2311,PHYSICAL_MESH,-0.3558593750,-0.0120288617,3.229732101317e-05,2.936666533060e-06,0.000000000000e+00,1,0.000000000000e+00,True
2312,PHYSICAL_MESH,-0.3318359375,-0.0120288617,3.220005601179e-05,2.119004648193e-06,0.000000000000e+00,1,0.000000000000e+00,True
2313,PHYSICAL_MESH,-0.3078125000,-0.0120288617,3.209124042769e-05,1.366808646708e-06,0.000000000000e+00,1,0.000000000000e+00,True
2314,PHYSICAL_MESH,-0.2837890625,-0.0120288617,3.197396290489e-05,6.899712161612e-07,0.000000000000e+00,1,0.000000000000e+00,True
2315,PHYSICAL_MESH,-0.2597656250,-0.0120288617,3.185098103131e-05,9.785363630499e-08,0.000000000000e+00,1,0.000000000000e+00,True
2316,PHYSICAL_MESH,-0.2357421875,-0.0120288617,3.172462311340e-05,-4.001331319614e-07,0.000000000000e+00,1,0.000000000000e+00,True
2317,PHYSICAL_MESH,-0.2117187500,-0.0120288617,3.159682455589e-05,-7.939889883346e-07,0.000000000000e+00,1,0.000000000000e+00,True
2318,PHYSICAL_MESH,-0.1876953125,-0.0120288617,3.146930248477e-05,-1.072668965207e-06,0.000000000000e+00,1,0.000000000000e+00,True
2319,PHYSICAL_MESH,-0.1636718750,-0.0120288617,3.134385406156e-05,-1.223806862072e-06,0.000000000000e+00,1,0.000000000000e+00,True
2320,PHYSICAL_MESH,-0.1396484375,-0.0120288617,3.122289490420e-05,-1.233790726474e-06,0.000000000000e+00,1,0.000000000000e+00,True
2321,PHYSICAL_MESH,-0.1156250000,-0.0120288617,3.110992474831e-05,-1.088500425794e-06,0.000000000000e+00,1,0.000000000000e+00,True
2322,PHYSICAL_MESH,-0.0906250000,-0.0120288617,3.100570393144e-05,-7.631326752744e-07,0.000000000000e+00,1,0.000000000000e+00,True
2323,PHYSICAL_MESH,-0.0737500000,-0.0120288617,3.094636485912e-05,-4.414317231749e-07,0.000000000000e+00,1,0.000000000000e+00,True
2324,PHYSICAL_MESH,-0.0625000000,-0.0120288617,3.091328107985e-05,-1.813122878502e-07,0.000000000000e+00,1,0.000000000000e+00,True
2325,PHYSICAL_MESH,-0.0550000000,-0.0120288617,3.089467645623e-05,1.137725824663e-08,0.000000000000e+00,1,0.000000000000e+00,True
2326,PHYSICAL_MESH,-0.0500000000,-0.0120288617,3.088404992013e-05,1.479835276541e-07,0.000000000000e+00,1,0.000000000000e+00,True
2327,PHYSICAL_MESH,-0.0450000000,-0.0120288617,3.087496588705e-05,2.909221166192e-07,0.000000000000e+00,1,0.000000000000e+00,True
2328,PHYSICAL_MESH,-0.0400000000,-0.0120288617,3.086762808380e-05,4.401949240673e-07,0.000000000000e+00,1,0.000000000000e+00,True
2329,PHYSICAL_MESH,-0.0350000000,-0.0120288617,3.086232391070e-05,5.961987312730e-07,0.000000000000e+00,1,0.000000000000e+00,True
2330,PHYSICAL_MESH,-0.0300000000,-0.0120288617,3.085950811510e-05,7.602137088725e-07,0.000000000000e+00,1,0.000000000000e+00,True
2331,PHYSICAL_MESH,-0.0250000000,-0.0120288617,3.085987918894e-05,9.355136398881e-07,0.000000000000e+00,1,0.000000000000e+00,True
2332,PHYSICAL_MESH,-0.0200000000,-0.0120288617,3.086464130320e-05,1.130521241066e-06,0.000000000000e+00,1,0.000000000000e+00,True
2333,PHYSICAL_MESH,-0.0150000000,-0.0120288617,3.087865479756e-05,1.371559960717e-06,0.000000000000e+00,1,0.000000000000e+00,True
2334,PHYSICAL_MESH,-0.0100000000,-0.0120288617,3.094091152889e-05,1.819341036935e-06,0.000000000000e+00,1,0.000000000000e+00,True
2335,PHYSICAL_MESH,-0.0050000000,-0.0120288617,3.113689308520e-05,4.515936780081e-06,0.000000000000e+00,1,0.000000000000e+00,True
2336,PHYSICAL_MESH,0.0000000000,-0.0120288617,2.084443258354e-05,5.680102549377e-05,0.000000000000e+00,1,0.000000000000e+00,True
2337,PHYSICAL_MESH,0.0050000000,-0.0120288617,-9.160289482679e-05,5.126042524353e-04,0.000000000000e+00,1,0.000000000000e+00,True
2338,PHYSICAL_MESH,0.0100000000,-0.0120288617,5.123754381202e-04,2.681033685803e-03,0.000000000000e+00,1,0.000000000000e+00,True
2339,PHYSICAL_MESH,0.0150000000,-0.0120288617,4.499419301283e-04,1.624893397093e-03,0.000000000000e+00,1,0.000000000000e+00,True
2340,PHYSICAL_MESH,0.0200000000,-0.0120288617,3.739973471966e-04,9.350859327242e-04,0.000000000000e+00,1,0.000000000000e+00,True
2341,PHYSICAL_MESH,0.0250000000,-0.0120288617,3.160820342600e-04,5.674354615621e-04,0.000000000000e+00,1,0.000000000000e+00,True
2342,PHYSICAL_MESH,0.0300000000,-0.0120288617,2.819570072461e-04,3.730687894858e-04,0.000000000000e+00,1,0.000000000000e+00,True
2343,PHYSICAL_MESH,0.0350000000,-0.0120288617,2.533064980526e-04,2.702792990021e-04,0.000000000000e+00,1,0.000000000000e+00,True
2344,PHYSICAL_MESH,0.0400000000,-0.0120288617,2.267393574584e-04,2.097339602187e-04,0.000000000000e+00,1,0.000000000000e+00,True
2345,PHYSICAL_MESH,0.0450000000,-0.0120288617,2.040351973847e-04,1.710779324640e-04,0.000000000000e+00,1,0.000000000000e+00,True
2346,PHYSICAL_MESH,0.0500000000,-0.0120288617,1.864362566266e-04,1.457030739402e-04,0.000000000000e+00,1,0.000000000000e+00,True
2347,PHYSICAL_MESH,0.0550000000,-0.0120288617,1.734472170938e-04,1.290521904593e-04,0.000000000000e+00,1,0.000000000000e+00,True
2348,PHYSICAL_MESH,0.0600000000,-0.0120288617,1.640853297431e-04,1.176614969154e-04,0.000000000000e+00,1,0.000000000000e+00,True
2349,PHYSICAL_MESH,0.0650000000,-0.0120288617,1.575402857270e-04,1.089144643629e-04,0.000000000000e+00,1,0.000000000000e+00,True
2350,PHYSICAL_MESH,0.0700000000,-0.0120288617,1.526385167381e-04,1.023692384479e-04,0.000000000000e+00,1,0.000000000000e+00,True
2351,PHYSICAL_MESH,0.0750000000,-0.0120288617,1.489278074587e-04,9.913282701746e-05,0.000000000000e+00,1,0.000000000000e+00,True
2352,PHYSICAL_MESH,0.0800000000,-0.0120288617,1.461995561840e-04,1.005704325507e-04,0.000000000000e+00,1,0.000000000000e+00,True
2353,PHYSICAL_MESH,0.0850000000,-0.0120288617,1.419062755303e-04,1.028602127917e-04,0.000000000000e+00,1,0.000000000000e+00,True
2354,PHYSICAL_MESH,0.0900000000,-0.0120288617,1.356807333650e-04,1.009907937259e-04,0.000000000000e+00,1,0.000000000000e+00,True
2355,PHYSICAL_MESH,0.0950000000,-0.0120288617,1.305671903538e-04,1.006639067782e-04,0.000000000000e+00,1,0.000000000000e+00,True
2356,PHYSICAL_MESH,0.1000000000,-0.0120288617,1.241317368113e-04,1.253131194972e-04,0.000000000000e+00,1,0.000000000000e+00,True
2357,PHYSICAL_MESH,0.1050000000,-0.0120288617,1.012254506350e-04,2.489832695574e-04,0.000000000000e+00,1,0.000000000000e+00,True
2358,PHYSICAL_MESH,0.1100000000,-0.0120288617,6.159294571262e-05,4.071927163750e-03,0.000000000000e+00,1,0.000000000000e+00,True
2359,PHYSICAL_MESH,0.1150000000,-0.0120288617,6.993078161031e-03,2.693789452314e-02,0.000000000000e+00,1,0.000000000000e+00,True
2360,PHYSICAL_MESH,0.1225000000,-0.0120288617,6.977295503020e-03,2.643889002502e-02,0.000000000000e+00,1,0.000000000000e+00,True
2361,PHYSICAL_MESH,0.1337500000,-0.0120288617,6.974977906793e-03,2.549722231925e-02,0.000000000000e+00,1,0.000000000000e+00,True
2362,PHYSICAL_MESH,0.1506250000,-0.0120288617,6.975866388530e-03,2.406288124621e-02,0.000000000000e+00,1,0.000000000000e+00,True
2363,PHYSICAL_MESH,0.1756250000,-0.0120288617,6.978928577155e-03,2.193286456168e-02,0.000000000000e+00,1,0.000000000000e+00,True
2364,PHYSICAL_MESH,0.2005769231,-0.0120288617,6.982033140957e-03,1.980715431273e-02,0.000000000000e+00,1,0.000000000000e+00,True
2365,PHYSICAL_MESH,0.2255288462,-0.0120288617,6.985358428210e-03,1.768161542714e-02,0.000000000000e+00,1,0.000000000000e+00,True
2366,PHYSICAL_MESH,0.2504807693,-0.0120288617,6.989146117121e-03,1.555575896055e-02,0.000000000000e+00,1,0.000000000000e+00,True
2367,PHYSICAL_MESH,0.2754326924,-0.0120288617,6.993688177317e-03,1.342908199877e-02,0.000000000000e+00,1,0.000000000000e+00,True
2368,PHYSICAL_MESH,0.3003846155,-0.0120288617,6.999151315540e-03,1.130037289113e-02,0.000000000000e+00,1,0.000000000000e+00,True
2369,PHYSICAL_MESH,0.3253365386,-0.0120288617,7.004844956100e-03,9.168359450996e-03,0.000000000000e+00,1,0.000000000000e+00,True
2370,PHYSICAL_MESH,0.3502884617,-0.0120288617,7.007460109890e-03,7.033187430352e-03,0.000000000000e+00,1,0.000000000000e+00,True
2371,PHYSICAL_MESH,0.3752403848,-0.0120288617,6.999245379120e-03,4.901837557554e-03,0.000000000000e+00,1,0.000000000000e+00,True
2372,PHYSICAL_MESH,0.4001923079,-0.0120288617,6.972910836339e-03,2.799277193844e-03,0.000000000000e+00,1,0.000000000000e+00,True
2373,PHYSICAL_MESH,0.4251442310,-0.0120288617,6.940238177776e-03,7.680328562856e-04,0.000000000000e+00,1,0.000000000000e+00,True
2374,PHYSICAL_MESH,0.4500961541,-0.0120288617,6.931494455785e-03,-1.191463437863e-03,0.000000000000e+00,1,0.000000000000e+00,True
2375,PHYSICAL_MESH,0.4750480772,-0.0120288617,6.965420674533e-03,-3.127565607429e-03,0.000000000000e+00,1,0.000000000000e+00,True
2376,PHYSICAL_MESH,0.5000000000,-0.0120288617,7.040212396532e-03,-5.102161783725e-03,0.000000000000e+00,1,0.000000000000e+00,True
2377,PHYSICAL_MESH,-0.5000000000,-0.0070882843,3.272193498560e-05,8.493301720591e-06,0.000000000000e+00,1,0.000000000000e+00,True
2378,PHYSICAL_MESH,-0.4759765625,-0.0070882843,3.271980313002e-05,7.561754046037e-06,0.000000000000e+00,1,0.000000000000e+00,True
2379,PHYSICAL_MESH,-0.4519531250,-0.0070882843,3.270867819083e-05,6.616965038120e-06,0.000000000000e+00,1,0.000000000000e+00,True
2380,PHYSICAL_MESH,-0.4279296875,-0.0070882843,3.268029104220e-05,5.666992819897e-06,0.000000000000e+00,1,0.000000000000e+00,True
2381,PHYSICAL_MESH,-0.4039062500,-0.0070882843,3.263049075031e-05,4.727839495899e-06,0.000000000000e+00,1,0.000000000000e+00,True
2382,PHYSICAL_MESH,-0.3798828125,-0.0070882843,3.255880801589e-05,3.815716354438e-06,0.000000000000e+00,1,0.000000000000e+00,True
2383,PHYSICAL_MESH,-0.3558593750,-0.0070882843,3.246708729421e-05,2.945146889033e-06,0.000000000000e+00,1,0.000000000000e+00,True
2384,PHYSICAL_MESH,-0.3318359375,-0.0070882843,3.235831172788e-05,2.128742607965e-06,0.000000000000e+00,1,0.000000000000e+00,True
2385,PHYSICAL_MESH,-0.3078125000,-0.0070882843,3.223581370548e-05,1.377511921419e-06,0.000000000000e+00,1,0.000000000000e+00,True
2386,PHYSICAL_MESH,-0.2837890625,-0.0070882843,3.210280192434e-05,7.013744607320e-07,0.000000000000e+00,1,0.000000000000e+00,True
2387,PHYSICAL_MESH,-0.2597656250,-0.0070882843,3.196207762812e-05,1.097332855693e-07,0.000000000000e+00,1,0.000000000000e+00,True
2388,PHYSICAL_MESH,-0.2357421875,-0.0070882843,3.181592910551e-05,-3.879565610987e-07,0.000000000000e+00,1,0.000000000000e+00,True
2389,PHYSICAL_MESH,-0.2117187500,-0.0070882843,3.166620081174e-05,-7.816610150257e-07,0.000000000000e+00,1,0.000000000000e+00,True
2390,PHYSICAL_MESH,-0.1876953125,-0.0070882843,3.151450073346e-05,-1.060325644175e-06,0.000000000000e+00,1,0.000000000000e+00,True
2391,PHYSICAL_MESH,-0.1636718750,-0.0070882843,3.136257873848e-05,-1.211594735651e-06,0.000000000000e+00,1,0.000000000000e+00,True
2392,PHYSICAL_MESH,-0.1396484375,-0.0070882843,3.121293411823e-05,-1.221995262313e-06,0.000000000000e+00,1,0.000000000000e+00,True
2393,PHYSICAL_MESH,-0.1156250000,-0.0070882843,3.106998337898e-05,-1.077403680938e-06,0.000000000000e+00,1,0.000000000000e+00,True
2394,PHYSICAL_MESH,-0.0906250000,-0.0070882843,3.093517079833e-05,-7.533553230132e-07,0.000000000000e+00,1,0.000000000000e+00,True
2395,PHYSICAL_MESH,-0.0737500000,-0.0070882843,3.085538992309e-05,-4.333179219884e-07,0.000000000000e+00,1,0.000000000000e+00,True
2396,PHYSICAL_MESH,-0.0625000000,-0.0070882843,3.080927126575e-05,-1.745319622160e-07,0.000000000000e+00,1,0.000000000000e+00,True
2397,PHYSICAL_MESH,-0.0550000000,-0.0070882843,3.078241570620e-05,1.700963636608e-08,0.000000000000e+00,1,0.000000000000e+00,True
2398,PHYSICAL_MESH,-0.0500000000,-0.0070882843,3.076643406530e-05,1.527554331915e-07,0.000000000000e+00,1,0.000000000000e+00,True
2399,PHYSICAL_MESH,-0.0450000000,-0.0070882843,3.075198401348e-05,2.947716097879e-07,0.000000000000e+00,1,0.000000000000e+00,True
2400,PHYSICAL_MESH,-0.0400000000,-0.0070882843,3.073909465456e-05,4.430294779922e-07,0.000000000000e+00,1,0.000000000000e+00,True
2401,PHYSICAL_MESH,-0.0350000000,-0.0070882843,3.072780600633e-05,5.979389925415e-07,0.000000000000e+00,1,0.000000000000e+00,True
2402,PHYSICAL_MESH,-0.0300000000,-0.0070882843,3.071822720813e-05,7.608731493747e-07,0.000000000000e+00,1,0.000000000000e+00,True
2403,PHYSICAL_MESH,-0.0250000000,-0.0070882843,3.071068567806e-05,9.353326504424e-07,0.000000000000e+00,1,0.000000000000e+00,True
2404,PHYSICAL_MESH,-0.0200000000,-0.0070882843,3.070615275647e-05,1.130475538957e-06,0.000000000000e+00,1,0.000000000000e+00,True
2405,PHYSICAL_MESH,-0.0150000000,-0.0070882843,3.070589445997e-05,1.373043915009e-06,0.000000000000e+00,1,0.000000000000e+00,True
2406,PHYSICAL_MESH,-0.0100000000,-0.0070882843,3.072868275922e-05,1.779718786565e-06,0.000000000000e+00,1,0.000000000000e+00,True
2407,PHYSICAL_MESH,-0.0050000000,-0.0070882843,3.135987572023e-05,5.047666036262e-06,0.000000000000e+00,1,0.000000000000e+00,True
2408,PHYSICAL_MESH,0.0000000000,-0.0070882843,-5.084674558020e-05,3.132281126454e-04,0.000000000000e+00,1,0.000000000000e+00,True
2409,PHYSICAL_MESH,0.0050000000,-0.0070882843,-5.509230322787e-05,7.387415505946e-03,0.000000000000e+00,1,0.000000000000e+00,True
2410,PHYSICAL_MESH,0.0100000000,-0.0070882843,1.066611148417e-03,7.826011627913e-03,0.000000000000e+00,1,0.000000000000e+00,True
2411,PHYSICAL_MESH,0.0150000000,-0.0070882843,1.209447276779e-03,2.915168879554e-03,0.000000000000e+00,1,0.000000000000e+00,True
2412,PHYSICAL_MESH,0.0200000000,-0.0070882843,7.961568771861e-04,1.441397704184e-03,0.000000000000e+00,1,0.000000000000e+00,True
2413,PHYSICAL_MESH,0.0250000000,-0.0070882843,5.819359794259e-04,7.834938587621e-04,0.000000000000e+00,1,0.000000000000e+00,True
2414,PHYSICAL_MESH,0.0300000000,-0.0070882843,4.549676668830e-04,4.886050010100e-04,0.000000000000e+00,1,0.000000000000e+00,True
2415,PHYSICAL_MESH,0.0350000000,-0.0070882843,3.703362308443e-04,3.564902290236e-04,0.000000000000e+00,1,0.000000000000e+00,True
2416,PHYSICAL_MESH,0.0400000000,-0.0070882843,3.103955532424e-04,2.846395364031e-04,0.000000000000e+00,1,0.000000000000e+00,True
2417,PHYSICAL_MESH,0.0450000000,-0.0070882843,2.668413799256e-04,2.372041926719e-04,0.000000000000e+00,1,0.000000000000e+00,True
2418,PHYSICAL_MESH,0.0500000000,-0.0070882843,2.357791090617e-04,2.036696532741e-04,0.000000000000e+00,1,0.000000000000e+00,True
2419,PHYSICAL_MESH,0.0550000000,-0.0070882843,2.142849698430e-04,1.801333855838e-04,0.000000000000e+00,1,0.000000000000e+00,True
2420,PHYSICAL_MESH,0.0600000000,-0.0070882843,2.001209359150e-04,1.621821138542e-04,0.000000000000e+00,1,0.000000000000e+00,True
2421,PHYSICAL_MESH,0.0650000000,-0.0070882843,1.911872677738e-04,1.494984608144e-04,0.000000000000e+00,1,0.000000000000e+00,True
2422,PHYSICAL_MESH,0.0700000000,-0.0070882843,1.863363431767e-04,1.462884683860e-04,0.000000000000e+00,1,0.000000000000e+00,True
2423,PHYSICAL_MESH,0.0750000000,-0.0070882843,1.842956990004e-04,1.516261399956e-04,0.000000000000e+00,1,0.000000000000e+00,True
2424,PHYSICAL_MESH,0.0800000000,-0.0070882843,1.873062865343e-04,1.640445843805e-04,0.000000000000e+00,1,0.000000000000e+00,True
2425,PHYSICAL_MESH,0.0850000000,-0.0070882843,1.904375239974e-04,1.918956404552e-04,0.000000000000e+00,1,0.000000000000e+00,True
2426,PHYSICAL_MESH,0.0900000000,-0.0070882843,1.780627644621e-04,2.340448118048e-04,0.000000000000e+00,1,0.000000000000e+00,True
2427,PHYSICAL_MESH,0.0950000000,-0.0070882843,1.617905072635e-04,2.803687239066e-04,0.000000000000e+00,1,0.000000000000e+00,True
2428,PHYSICAL_MESH,0.1000000000,-0.0070882843,1.166338042822e-04,5.445563001558e-04,0.000000000000e+00,1,0.000000000000e+00,True
2429,PHYSICAL_MESH,0.1050000000,-0.0070882843,2.858383595594e-05,3.104579402134e-03,0.000000000000e+00,1,0.000000000000e+00,True
2430,PHYSICAL_MESH,0.1100000000,-0.0070882843,7.387677673250e-03,2.677194587886e-02,0.000000000000e+00,1,0.000000000000e+00,True
2431,PHYSICAL_MESH,0.1150000000,-0.0070882843,7.394493557513e-03,2.704936824739e-02,0.000000000000e+00,1,0.000000000000e+00,True
2432,PHYSICAL_MESH,0.1225000000,-0.0070882843,7.393381558359e-03,2.645031176507e-02,0.000000000000e+00,1,0.000000000000e+00,True
2433,PHYSICAL_MESH,0.1337500000,-0.0070882843,7.393551990390e-03,2.549938671291e-02,0.000000000000e+00,1,0.000000000000e+00,True
2434,PHYSICAL_MESH,0.1506250000,-0.0070882843,7.395209744573e-03,2.406316809356e-02,0.000000000000e+00,1,0.000000000000e+00,True
2435,PHYSICAL_MESH,0.1756250000,-0.0070882843,7.398369256407e-03,2.193291671574e-02,0.000000000000e+00,1,0.000000000000e+00,True
2436,PHYSICAL_MESH,0.2005769231,-0.0070882843,7.401418872178e-03,1.980715990067e-02,0.000000000000e+00,1,0.000000000000e+00,True
2437,PHYSICAL_MESH,0.2255288462,-0.0070882843,7.404621224850e-03,1.768159680068e-02,0.000000000000e+00,1,0.000000000000e+00,True
2438,PHYSICAL_MESH,0.2504807693,-0.0070882843,7.408216129988e-03,1.555574499071e-02,0.000000000000e+00,1,0.000000000000e+00,True
2439,PHYSICAL_MESH,0.2754326924,-0.0070882843,7.412417326123e-03,1.342908386141e-02,0.000000000000e+00,1,0.000000000000e+00,True
2440,PHYSICAL_MESH,0.3003846155,-0.0070882843,7.417218293995e-03,1.130057312548e-02,0.000000000000e+00,1,0.000000000000e+00,True
2441,PHYSICAL_MESH,0.3253365386,-0.0070882843,7.421628106385e-03,9.169322438538e-03,0.000000000000e+00,1,0.000000000000e+00,True
2442,PHYSICAL_MESH,0.3502884617,-0.0070882843,7.422185502946e-03,7.036256138235e-03,0.000000000000e+00,1,0.000000000000e+00,True
2443,PHYSICAL_MESH,0.3752403848,-0.0070882843,7.412026170641e-03,4.908938426524e-03,0.000000000000e+00,1,0.000000000000e+00,True
2444,PHYSICAL_MESH,0.4001923079,-0.0070882843,7.385929115117e-03,2.810033271089e-03,0.000000000000e+00,1,0.000000000000e+00,True
2445,PHYSICAL_MESH,0.4251442310,-0.0070882843,7.355148438364e-03,7.741458248347e-04,0.000000000000e+00,1,0.000000000000e+00,True
2446,PHYSICAL_MESH,0.4500961541,-0.0070882843,7.345949765295e-03,-1.199349761009e-03,0.000000000000e+00,1,0.000000000000e+00,True
2447,PHYSICAL_MESH,0.4750480772,-0.0070882843,7.375319022685e-03,-3.152366029099e-03,0.000000000000e+00,1,0.000000000000e+00,True
2448,PHYSICAL_MESH,0.5000000000,-0.0070882843,7.442728150636e-03,-5.143016576767e-03,0.000000000000e+00,1,0.000000000000e+00,True
2449,PHYSICAL_MESH,-0.5000000000,-0.0021477069,3.291295433883e-05,8.493388122588e-06,0.000000000000e+00,1,0.000000000000e+00,True
2450,PHYSICAL_MESH,-0.4759765625,-0.0021477069,3.291164466646e-05,7.562043720100e-06,0.000000000000e+00,1,0.000000000000e+00,True
2451,PHYSICAL_MESH,-0.4519531250,-0.0021477069,3.290150561952e-05,6.618570296268e-06,0.000000000000e+00,1,0.000000000000e+00,True
2452,PHYSICAL_MESH,-0.4279296875,-0.0021477069,3.287208892289e-05,5.670508926414e-06,0.000000000000e+00,1,0.000000000000e+00,True
2453,PHYSICAL_MESH,-0.4039062500,-0.0021477069,3.281834142399e-05,4.733452897199e-06,0.000000000000e+00,1,0.000000000000e+00,True
2454,PHYSICAL_MESH,-0.3798828125,-0.0021477069,3.273982292740e-05,3.823330644082e-06,0.000000000000e+00,1,0.000000000000e+00,True
2455,PHYSICAL_MESH,-0.3558593750,-0.0021477069,3.263861071900e-05,2.954519004561e-06,0.000000000000e+00,1,0.000000000000e+00,True
2456,PHYSICAL_MESH,-0.3318359375,-0.0021477069,3.251796442783e-05,2.139570824511e-06,0.000000000000e+00,1,0.000000000000e+00,True
2457,PHYSICAL_MESH,-0.3078125000,-0.0021477069,3.238144199713e-05,1.389493263559e-06,0.000000000000e+00,1,0.000000000000e+00,True
2458,PHYSICAL_MESH,-0.2837890625,-0.0021477069,3.223238309147e-05,7.142369327084e-07,0.000000000000e+00,1,0.000000000000e+00,True
2459,PHYSICAL_MESH,-0.2597656250,-0.0021477069,3.207363988622e-05,1.232527324646e-07,0.000000000000e+00,1,0.000000000000e+00,True
2460,PHYSICAL_MESH,-0.2357421875,-0.0021477069,3.190744610038e-05,-3.739553164905e-07,0.000000000000e+00,1,0.000000000000e+00,True
2461,PHYSICAL_MESH,-0.2117187500,-0.0021477069,3.173552613589e-05,-7.673158961552e-07,0.000000000000e+00,1,0.000000000000e+00,True
2462,PHYSICAL_MESH,-0.1876953125,-0.0021477069,3.155931335641e-05,-1.045769522534e-06,0.000000000000e+00,1,0.000000000000e+00,True
2463,PHYSICAL_MESH,-0.1636718750,-0.0021477069,3.138043030049e-05,-1.196985181195e-06,0.000000000000e+00,1,0.000000000000e+00,True
2464,PHYSICAL_MESH,-0.1396484375,-0.0021477069,3.120133987977e-05,-1.207624791277e-06,0.000000000000e+00,1,0.000000000000e+00,True
2465,PHYSICAL_MESH,-0.1156250000,-0.0021477069,3.102680420852e-05,-1.063823788172e-06,0.000000000000e+00,1,0.000000000000e+00,True
2466,PHYSICAL_MESH,-0.0906250000,-0.0021477069,3.086069409619e-05,-7.411033493554e-07,0.000000000000e+00,1,0.000000000000e+00,True
2467,PHYSICAL_MESH,-0.0737500000,-0.0021477069,3.075836139033e-05,-4.225838949878e-07,0.000000000000e+00,1,0.000000000000e+00,True
2468,PHYSICAL_MESH,-0.0625000000,-0.0021477069,3.069786180276e-05,-1.651515901813e-07,0.000000000000e+00,1,0.000000000000e+00,True
2469,PHYSICAL_MESH,-0.0550000000,-0.0021477069,3.066187127843e-05,2.528977738336e-08,0.000000000000e+00,1,0.000000000000e+00,True
2470,PHYSICAL_MESH,-0.0500000000,-0.0021477069,3.063990152441e-05,1.602805355105e-07,0.000000000000e+00,1,0.000000000000e+00,True
2471,PHYSICAL_MESH,-0.0450000000,-0.0021477069,3.061944516958e-05,3.016106973064e-07,0.000000000000e+00,1,0.000000000000e+00,True
2472,PHYSICAL_MESH,-0.0400000000,-0.0021477069,3.060025483137e-05,4.492210621265e-07,0.000000000000e+00,1,0.000000000000e+00,True
2473,PHYSICAL_MESH,-0.0350000000,-0.0021477069,3.058182119275e-05,6.036111699359e-07,0.000000000000e+00,1,0.000000000000e+00,True
2474,PHYSICAL_MESH,-0.0300000000,-0.0021477069,3.056328569073e-05,7.662672487641e-07,0.000000000000e+00,1,0.000000000000e+00,True
2475,PHYSICAL_MESH,-0.0250000000,-0.0021477069,3.054321859963e-05,9.409615131517e-07,0.000000000000e+00,1,0.000000000000e+00,True
2476,PHYSICAL_MESH,-0.0200000000,-0.0021477069,3.051918247365e-05,1.137192953138e-06,0.000000000000e+00,1,0.000000000000e+00,True
2477,PHYSICAL_MESH,-0.0150000000,-0.0021477069,3.048811049666e-05,1.385460677739e-06,0.000000000000e+00,1,0.000000000000e+00,True
2478,PHYSICAL_MESH,-0.0100000000,-0.0021477069,3.042122261832e-05,1.808398337744e-06,0.000000000000e+00,1,0.000000000000e+00,True
2479,PHYSICAL_MESH,-0.0050000000,-0.0021477069,3.071902392549e-05,3.332541155032e-06,0.000000000000e+00,1,0.000000000000e+00,True
2480,PHYSICAL_MESH,0.0000000000,-0.0021477069,-8.551222272217e-04,4.118501208723e-03,0.000000000000e+00,1,0.000000000000e+00,True
2481,PHYSICAL_MESH,0.0050000000,-0.0021477069,2.343158703297e-03,3.019057959318e-02,0.000000000000e+00,1,0.000000000000e+00,True
2482,PHYSICAL_MESH,0.0100000000,-0.0021477069,3.935511223972e-03,2.116184681654e-02,0.000000000000e+00,1,0.000000000000e+00,True
2483,PHYSICAL_MESH,0.0150000000,-0.0021477069,4.590273834765e-03,1.039919815958e-02,0.000000000000e+00,1,0.000000000000e+00,True
2484,PHYSICAL_MESH,0.0200000000,-0.0021477069,2.317692153156e-03,3.771680407226e-03,0.000000000000e+00,1,0.000000000000e+00,True
2485,PHYSICAL_MESH,0.0250000000,-0.0021477069,1.321320189163e-03,1.815854338929e-03,0.000000000000e+00,1,0.000000000000e+00,True
2486,PHYSICAL_MESH,0.0300000000,-0.0021477069,8.696434670128e-04,1.120643923059e-03,0.000000000000e+00,1,0.000000000000e+00,True
2487,PHYSICAL_MESH,0.0350000000,-0.0021477069,6.528120720759e-04,8.344690431841e-04,0.000000000000e+00,1,0.000000000000e+00,True
2488,PHYSICAL_MESH,0.0400000000,-0.0021477069,5.077968235128e-04,6.429504719563e-04,0.000000000000e+00,1,0.000000000000e+00,True
2489,PHYSICAL_MESH,0.0450000000,-0.0021477069,4.141207609791e-04,5.146343610249e-04,0.000000000000e+00,1,0.000000000000e+00,True
2490,PHYSICAL_MESH,0.0500000000,-0.0021477069,3.528033557814e-04,4.306439659558e-04,0.000000000000e+00,1,0.000000000000e+00,True
2491,PHYSICAL_MESH,0.0550000000,-0.0021477069,3.103039925918e-04,3.624302335083e-04,0.000000000000e+00,1,0.000000000000e+00,True
2492,PHYSICAL_MESH,0.0600000000,-0.0021477069,2.808581921272e-04,3.192745498382e-04,0.000000000000e+00,1,0.000000000000e+00,True
2493,PHYSICAL_MESH,0.0650000000,-0.0021477069,2.650321112014e-04,3.114056598861e-04,0.000000000000e+00,1,0.000000000000e+00,True
2494,PHYSICAL_MESH,0.0700000000,-0.0021477069,2.720149350353e-04,3.362768911757e-04,0.000000000000e+00,1,0.000000000000e+00,True
2495,PHYSICAL_MESH,0.0750000000,-0.0021477069,2.953574585263e-04,4.009467957076e-04,0.000000000000e+00,1,0.000000000000e+00,True
2496,PHYSICAL_MESH,0.0800000000,-0.0021477069,3.210306167603e-04,5.652186810039e-04,0.000000000000e+00,1,0.000000000000e+00,True
2497,PHYSICAL_MESH,0.0850000000,-0.0021477069,3.425938484725e-04,1.007665065117e-03,0.000000000000e+00,1,0.000000000000e+00,True
2498,PHYSICAL_MESH,0.0900000000,-0.0021477069,3.355710941833e-04,3.116703359410e-03,0.000000000000e+00,1,0.000000000000e+00,True
2499,PHYSICAL_MESH,0.0950000000,-0.0021477069,2.822760026902e-03,1.515536848456e-02,0.000000000000e+00,1,0.000000000000e+00,True
2500,PHYSICAL_MESH,0.1000000000,-0.0021477069,6.669730879366e-03,2.234638482332e-02,0.000000000000e+00,1,0.000000000000e+00,True
2501,PHYSICAL_MESH,0.1050000000,-0.0021477069,7.596185430884e-03,2.735107950866e-02,0.000000000000e+00,1,0.000000000000e+00,True
2502,PHYSICAL_MESH,0.1100000000,-0.0021477069,7.801165338606e-03,2.746692299843e-02,0.000000000000e+00,1,0.000000000000e+00,True
2503,PHYSICAL_MESH,0.1150000000,-0.0021477069,7.810212206095e-03,2.708435617387e-02,0.000000000000e+00,1,0.000000000000e+00,True
2504,PHYSICAL_MESH,0.1225000000,-0.0021477069,7.811315357685e-03,2.645630575716e-02,0.000000000000e+00,1,0.000000000000e+00,True
2505,PHYSICAL_MESH,0.1337500000,-0.0021477069,7.812433410436e-03,2.550072036684e-02,0.000000000000e+00,1,0.000000000000e+00,True
2506,PHYSICAL_MESH,0.1506250000,-0.0021477069,7.814516313374e-03,2.406339906156e-02,0.000000000000e+00,1,0.000000000000e+00,True
2507,PHYSICAL_MESH,0.1756250000,-0.0021477069,7.817741483450e-03,2.193298563361e-02,0.000000000000e+00,1,0.000000000000e+00,True
2508,PHYSICAL_MESH,0.2005769231,-0.0021477069,7.820742204785e-03,1.980719156563e-02,0.000000000000e+00,1,0.000000000000e+00,True
2509,PHYSICAL_MESH,0.2255288462,-0.0021477069,7.823820225894e-03,1.768161356449e-02,0.000000000000e+00,1,0.000000000000e+00,True
2510,PHYSICAL_MESH,0.2504807693,-0.0021477069,7.827200926840e-03,1.555578038096e-02,0.000000000000e+00,1,0.000000000000e+00,True
2511,PHYSICAL_MESH,0.2754326924,-0.0021477069,7.831023074687e-03,1.342917513102e-02,0.000000000000e+00,1,0.000000000000e+00,True
2512,PHYSICAL_MESH,0.3003846155,-0.0021477069,7.835117168725e-03,1.130093168467e-02,0.000000000000e+00,1,0.000000000000e+00,True
2513,PHYSICAL_MESH,0.3253365386,-0.0021477069,7.838255725801e-03,9.170532226562e-03,0.000000000000e+00,1,0.000000000000e+00,True
2514,PHYSICAL_MESH,0.3502884617,-0.0021477069,7.836972363293e-03,7.039539981633e-03,0.000000000000e+00,1,0.000000000000e+00,True
2515,PHYSICAL_MESH,0.3752403848,-0.0021477069,7.825291715562e-03,4.915804136544e-03,0.000000000000e+00,1,0.000000000000e+00,True
2516,PHYSICAL_MESH,0.4001923079,-0.0021477069,7.799652870744e-03,2.819696906954e-03,0.000000000000e+00,1,0.000000000000e+00,True
2517,PHYSICAL_MESH,0.4251442310,-0.0021477069,7.770706433803e-03,7.793942349963e-04,0.000000000000e+00,1,0.000000000000e+00,True
2518,PHYSICAL_MESH,0.4500961541,-0.0021477069,7.761386223137e-03,-1.206615590490e-03,0.000000000000e+00,1,0.000000000000e+00,True
2519,PHYSICAL_MESH,0.4750480772,-0.0021477069,7.787054870278e-03,-3.175055840984e-03,0.000000000000e+00,1,0.000000000000e+00,True
2520,PHYSICAL_MESH,0.5000000000,-0.0021477069,7.848029956222e-03,-5.180190782994e-03,0.000000000000e+00,1,0.000000000000e+00,True
2521,PHYSICAL_MESH,-0.5000000000,0.0000000000,3.299598392914e-05,8.493384484609e-06,0.000000000000e+00,1,0.000000000000e+00,True
2522,PHYSICAL_MESH,-0.5000000000,0.0000000000,7.980030961335e-03,7.942832261324e-02,0.000000000000e+00,1,0.000000000000e+00,True
2523,PHYSICAL_MESH,-0.4759765625,0.0000000000,3.299530362710e-05,7.562172413600e-06,0.000000000000e+00,1,0.000000000000e+00,True
2524,PHYSICAL_MESH,-0.4759765625,0.0000000000,7.980030961335e-03,7.738472521305e-02,0.000000000000e+00,1,0.000000000000e+00,True
2525,PHYSICAL_MESH,-0.4519531250,0.0000000000,3.298598312540e-05,6.619265150221e-06,0.000000000000e+00,1,0.000000000000e+00,True
2526,PHYSICAL_MESH,-0.4519531250,0.0000000000,7.980030961335e-03,7.534113526344e-02,0.000000000000e+00,1,0.000000000000e+00,True
2527,PHYSICAL_MESH,-0.4279296875,0.0000000000,3.295625720057e-05,5.672106908605e-06,0.000000000000e+00,1,0.000000000000e+00,True
2528,PHYSICAL_MESH,-0.4279296875,0.0000000000,7.980029098690e-03,7.329754531384e-02,0.000000000000e+00,1,0.000000000000e+00,True
2529,PHYSICAL_MESH,-0.4039062500,0.0000000000,3.290079621365e-05,4.736039954878e-06,0.000000000000e+00,1,0.000000000000e+00,True
2530,PHYSICAL_MESH,-0.4039062500,0.0000000000,7.980024442077e-03,7.125395536423e-02,0.000000000000e+00,1,0.000000000000e+00,True
2531,PHYSICAL_MESH,-0.3798828125,0.0000000000,3.281922909082e-05,3.826862666756e-06,0.000000000000e+00,1,0.000000000000e+00,True
2532,PHYSICAL_MESH,-0.3798828125,0.0000000000,7.980016060174e-03,6.921037286520e-02,0.000000000000e+00,1,0.000000000000e+00,True
2533,PHYSICAL_MESH,-0.3558593750,0.0000000000,3.271378591307e-05,2.958883669635e-06,0.000000000000e+00,1,0.000000000000e+00,True
2534,PHYSICAL_MESH,-0.3558593750,0.0000000000,7.980003021657e-03,6.716678291559e-02,0.000000000000e+00,1,0.000000000000e+00,True
2535,PHYSICAL_MESH,-0.3318359375,0.0000000000,3.258786091465e-05,2.144631025658e-06,0.000000000000e+00,1,0.000000000000e+00,True
2536,PHYSICAL_MESH,-0.3318359375,0.0000000000,7.979984395206e-03,6.512319296598e-02,0.000000000000e+00,1,0.000000000000e+00,True
2537,PHYSICAL_MESH,-0.3078125000,0.0000000000,3.244512845413e-05,1.395112008140e-06,0.000000000000e+00,1,0.000000000000e+00,True
2538,PHYSICAL_MESH,-0.3078125000,0.0000000000,7.979959249496e-03,6.307959556580e-02,0.000000000000e+00,1,0.000000000000e+00,True
2539,PHYSICAL_MESH,-0.2837890625,0.0000000000,3.228899731766e-05,7.202938263617e-07,0.000000000000e+00,1,0.000000000000e+00,True
2540,PHYSICAL_MESH,-0.2837890625,0.0000000000,7.979928515851e-03,6.103599816561e-02,0.000000000000e+00,1,0.000000000000e+00,True
2541,PHYSICAL_MESH,-0.2597656250,0.0000000000,3.212233423255e-05,1.296501608294e-07,0.000000000000e+00,1,0.000000000000e+00,True
2542,PHYSICAL_MESH,-0.2597656250,0.0000000000,7.979890331626e-03,5.899238958955e-02,0.000000000000e+00,1,0.000000000000e+00,True
2543,PHYSICAL_MESH,-0.2357421875,0.0000000000,3.194735108991e-05,-3.672910224850e-07,0.000000000000e+00,1,0.000000000000e+00,True
2544,PHYSICAL_MESH,-0.2357421875,0.0000000000,7.979844696820e-03,5.694877356291e-02,0.000000000000e+00,1,0.000000000000e+00,True
2545,PHYSICAL_MESH,-0.2117187500,0.0000000000,3.176570317009e-05,-7.604417646689e-07,0.000000000000e+00,1,0.000000000000e+00,True
2546,PHYSICAL_MESH,-0.2117187500,0.0000000000,7.979791611433e-03,5.490513890982e-02,0.000000000000e+00,1,0.000000000000e+00,True
2547,PHYSICAL_MESH,-0.1876953125,0.0000000000,3.157873288728e-05,-1.038736172632e-06,0.000000000000e+00,1,0.000000000000e+00,True
2548,PHYSICAL_MESH,-0.1876953125,0.0000000000,7.979730144143e-03,5.286148935556e-02,0.000000000000e+00,1,0.000000000000e+00,True
2549,PHYSICAL_MESH,-0.1636718750,0.0000000000,3.138794636470e-05,-1.189872705254e-06,0.000000000000e+00,1,0.000000000000e+00,True
2550,PHYSICAL_MESH,-0.1636718750,0.0000000000,7.979660294950e-03,5.081781744957e-02,0.000000000000e+00,1,0.000000000000e+00,True
2551,PHYSICAL_MESH,-0.1396484375,0.0000000000,3.119587563560e-05,-1.200522206091e-06,0.000000000000e+00,1,0.000000000000e+00,True
2552,PHYSICAL_MESH,-0.1396484375,0.0000000000,7.979582995176e-03,4.877411946654e-02,0.000000000000e+00,1,0.000000000000e+00,True
2553,PHYSICAL_MESH,-0.1156250000,0.0000000000,3.100682079094e-05,-1.057115696312e-06,0.000000000000e+00,1,0.000000000000e+00,True
2554,PHYSICAL_MESH,-0.1156250000,0.0000000000,7.979499176145e-03,4.673038795590e-02,0.000000000000e+00,1,0.000000000000e+00,True
2555,PHYSICAL_MESH,-0.0906250000,0.0000000000,3.082715920755e-05,-7.349651127697e-07,0.000000000000e+00,1,0.000000000000e+00,True
2556,PHYSICAL_MESH,-0.0906250000,0.0000000000,7.979409769177e-03,4.460353404284e-02,0.000000000000e+00,1,0.000000000000e+00,True
2557,PHYSICAL_MESH,-0.0737500000,0.0000000000,3.071395258303e-05,-4.169879730398e-07,0.000000000000e+00,1,0.000000000000e+00,True
2558,PHYSICAL_MESH,-0.0737500000,0.0000000000,7.979346439242e-03,4.316787794232e-02,0.000000000000e+00,1,0.000000000000e+00,True
2559,PHYSICAL_MESH,-0.0625000000,0.0000000000,3.064682096010e-05,-1.602223562713e-07,0.000000000000e+00,1,0.000000000000e+00,True
2560,PHYSICAL_MESH,-0.0625000000,0.0000000000,7.979304529727e-03,4.221076145768e-02,0.000000000000e+00,1,0.000000000000e+00,True
2561,PHYSICAL_MESH,-0.0550000000,0.0000000000,3.060657763854e-05,2.976367596830e-08,0.000000000000e+00,1,0.000000000000e+00,True
2562,PHYSICAL_MESH,-0.0550000000,0.0000000000,7.979277521372e-03,4.157267510891e-02,0.000000000000e+00,1,0.000000000000e+00,True
2563,PHYSICAL_MESH,-0.0500000000,0.0000000000,3.058173024328e-05,1.644229143949e-07,0.000000000000e+00,1,0.000000000000e+00,True
2564,PHYSICAL_MESH,-0.0500000000,0.0000000000,7.979259826243e-03,4.114728048444e-02,0.000000000000e+00,1,0.000000000000e+00,True
2565,PHYSICAL_MESH,-0.0450000000,0.0000000000,3.055857814616e-05,3.054905732824e-07,0.000000000000e+00,1,0.000000000000e+00,True
2566,PHYSICAL_MESH,-0.0450000000,0.0000000000,7.979243062437e-03,4.072188585997e-02,0.000000000000e+00,1,0.000000000000e+00,True
2567,PHYSICAL_MESH,-0.0400000000,0.0000000000,3.053658292629e-05,4.529228760930e-07,0.000000000000e+00,1,0.000000000000e+00,True
2568,PHYSICAL_MESH,-0.0400000000,0.0000000000,7.979226298630e-03,4.029648751020e-02,0.000000000000e+00,1,0.000000000000e+00,True
2569,PHYSICAL_MESH,-0.0350000000,0.0000000000,3.051492967643e-05,6.072884843888e-07,0.000000000000e+00,1,0.000000000000e+00,True
2570,PHYSICAL_MESH,-0.0350000000,0.0000000000,7.979209534824e-03,3.987108543515e-02,0.000000000000e+00,1,0.000000000000e+00,True
2571,PHYSICAL_MESH,-0.0300000000,0.0000000000,3.049215956707e-05,7.702089419581e-07,0.000000000000e+00,1,0.000000000000e+00,True
2572,PHYSICAL_MESH,-0.0300000000,0.0000000000,7.979193702340e-03,3.944567963481e-02,0.000000000000e+00,1,0.000000000000e+00,True
2573,PHYSICAL_MESH,-0.0250000000,0.0000000000,3.046554047614e-05,9.456115321882e-07,0.000000000000e+00,1,0.000000000000e+00,True
2574,PHYSICAL_MESH,-0.0250000000,0.0000000000,7.979176938534e-03,3.902027010918e-02,0.000000000000e+00,1,0.000000000000e+00,True
2575,PHYSICAL_MESH,-0.0200000000,0.0000000000,3.042908974749e-05,1.143971076090e-06,0.000000000000e+00,1,0.000000000000e+00,True
2576,PHYSICAL_MESH,-0.0200000000,0.0000000000,7.979158312082e-03,3.859485313296e-02,0.000000000000e+00,1,0.000000000000e+00,True
2577,PHYSICAL_MESH,-0.0150000000,0.0000000000,3.036752787011e-05,1.394652144882e-06,0.000000000000e+00,1,0.000000000000e+00,True
2578,PHYSICAL_MESH,-0.0150000000,0.0000000000,7.979136891663e-03,3.816943243146e-02,0.000000000000e+00,1,0.000000000000e+00,True
2579,PHYSICAL_MESH,-0.0100000000,0.0000000000,3.023105637112e-05,1.859226472334e-06,0.000000000000e+00,1,0.000000000000e+00,True
2580,PHYSICAL_MESH,-0.0100000000,0.0000000000,7.979101501405e-03,3.774399310350e-02,0.000000000000e+00,1,0.000000000000e+00,True
2581,PHYSICAL_MESH,-0.0050000000,0.0000000000,3.046742676815e-05,2.306984015377e-06,0.000000000000e+00,1,0.000000000000e+00,True
2582,PHYSICAL_MESH,-0.0050000000,0.0000000000,7.978998124599e-03,3.731852769852e-02,0.000000000000e+00,1,0.000000000000e+00,True
2583,PHYSICAL_MESH,0.0000000000,0.0000000000,7.976898923516e-03,3.689022362232e-02,0.000000000000e+00,1,0.000000000000e+00,True
2584,PHYSICAL_MESH,0.0050000000,0.0000000000,7.601488381624e-03,3.604764118791e-02,0.000000000000e+00,1,0.000000000000e+00,True
2585,PHYSICAL_MESH,0.0100000000,0.0000000000,7.609599269927e-03,2.774582616985e-02,0.000000000000e+00,1,0.000000000000e+00,True
2586,PHYSICAL_MESH,0.0150000000,0.0000000000,7.174322847277e-03,2.123253047466e-02,0.000000000000e+00,1,0.000000000000e+00,True
2587,PHYSICAL_MESH,0.0200000000,0.0000000000,3.890051273629e-03,1.599860750139e-02,0.000000000000e+00,1,0.000000000000e+00,True
2588,PHYSICAL_MESH,0.0250000000,0.0000000000,1.805125270039e-03,1.057185418904e-02,0.000000000000e+00,1,0.000000000000e+00,True
2589,PHYSICAL_MESH,0.0300000000,0.0000000000,1.994140213355e-03,7.817571051419e-03,0.000000000000e+00,1,0.000000000000e+00,True
2590,PHYSICAL_MESH,0.0350000000,0.0000000000,1.977894455194e-03,4.448444116861e-03,0.000000000000e+00,1,0.000000000000e+00,True
2591,PHYSICAL_MESH,0.0400000000,0.0000000000,1.121361972764e-03,2.085486194119e-03,0.000000000000e+00,1,0.000000000000e+00,True
2592,PHYSICAL_MESH,0.0450000000,0.0000000000,7.376231951639e-04,1.386454212479e-03,0.000000000000e+00,1,0.000000000000e+00,True
2593,PHYSICAL_MESH,0.0500000000,0.0000000000,5.858014337718e-04,1.110256416723e-03,0.000000000000e+00,1,0.000000000000e+00,True
2594,PHYSICAL_MESH,0.0550000000,0.0000000000,5.029829917476e-04,9.421582799405e-04,0.000000000000e+00,1,0.000000000000e+00,True
2595,PHYSICAL_MESH,0.0600000000,0.0000000000,4.595215723384e-04,8.954646764323e-04,0.000000000000e+00,1,0.000000000000e+00,True
2596,PHYSICAL_MESH,0.0650000000,0.0000000000,4.543646937236e-04,9.518874576315e-04,0.000000000000e+00,1,0.000000000000e+00,True
2597,PHYSICAL_MESH,0.0700000000,0.0000000000,4.830718680751e-04,1.003112178296e-03,0.000000000000e+00,1,0.000000000000e+00,True
2598,PHYSICAL_MESH,0.0750000000,0.0000000000,6.415378884412e-04,1.284410827793e-03,0.000000000000e+00,1,0.000000000000e+00,True
2599,PHYSICAL_MESH,0.0800000000,0.0000000000,1.849594409578e-03,4.116927739233e-03,0.000000000000e+00,1,0.000000000000e+00,True
2600,PHYSICAL_MESH,0.0850000000,0.0000000000,4.400883335620e-03,1.217831205577e-02,0.000000000000e+00,1,0.000000000000e+00,True
2601,PHYSICAL_MESH,0.0900000000,0.0000000000,3.513625357300e-03,1.388060674071e-02,0.000000000000e+00,1,0.000000000000e+00,True
2602,PHYSICAL_MESH,0.0950000000,0.0000000000,7.288862485439e-03,2.592972293496e-02,0.000000000000e+00,1,0.000000000000e+00,True
2603,PHYSICAL_MESH,0.1000000000,0.0000000000,7.950449362397e-03,2.813989855349e-02,0.000000000000e+00,1,0.000000000000e+00,True
2604,PHYSICAL_MESH,0.1050000000,0.0000000000,7.981162518263e-03,2.787478454411e-02,0.000000000000e+00,1,0.000000000000e+00,True
2605,PHYSICAL_MESH,0.1100000000,0.0000000000,7.990350015461e-03,2.750124223530e-02,0.000000000000e+00,1,0.000000000000e+00,True
2606,PHYSICAL_MESH,0.1150000000,0.0000000000,7.992872036994e-03,2.709096670151e-02,0.000000000000e+00,1,0.000000000000e+00,True
2607,PHYSICAL_MESH,0.1225000000,0.0000000000,7.993385195732e-03,2.645786106586e-02,0.000000000000e+00,1,0.000000000000e+00,True
2608,PHYSICAL_MESH,0.1337500000,0.0000000000,7.994622923434e-03,2.550111711025e-02,0.000000000000e+00,1,0.000000000000e+00,True
2609,PHYSICAL_MESH,0.1506250000,0.0000000000,7.996802218258e-03,2.406348288059e-02,0.000000000000e+00,1,0.000000000000e+00,True
2610,PHYSICAL_MESH,0.1756250000,0.0000000000,8.000034838915e-03,2.193302102387e-02,0.000000000000e+00,1,0.000000000000e+00,True
2611,PHYSICAL_MESH,0.2005769231,0.0000000000,8.003010414541e-03,1.980721391737e-02,0.000000000000e+00,1,0.000000000000e+00,True
2612,PHYSICAL_MESH,0.2255288462,0.0000000000,8.006032556295e-03,1.768163219094e-02,0.000000000000e+00,1,0.000000000000e+00,True
2613,PHYSICAL_MESH,0.2504807693,0.0000000000,8.009312674403e-03,1.555581111461e-02,0.000000000000e+00,1,0.000000000000e+00,True
2614,PHYSICAL_MESH,0.2754326924,0.0000000000,8.012960664928e-03,1.342924311757e-02,0.000000000000e+00,1,0.000000000000e+00,True
2615,PHYSICAL_MESH,0.3003846155,0.0000000000,8.016738109291e-03,1.130113657564e-02,0.000000000000e+00,1,0.000000000000e+00,True
2616,PHYSICAL_MESH,0.3253365386,0.0000000000,8.019334636629e-03,9.171129204333e-03,0.000000000000e+00,1,0.000000000000e+00,True
2617,PHYSICAL_MESH,0.3502884617,0.0000000000,8.017313666642e-03,7.041020318866e-03,0.000000000000e+00,1,0.000000000000e+00,True
2618,PHYSICAL_MESH,0.3752403848,0.0000000000,8.005081675947e-03,4.918706603348e-03,0.000000000000e+00,1,0.000000000000e+00,True
2619,PHYSICAL_MESH,0.4001923079,0.0000000000,7.979701273143e-03,2.823587274179e-03,0.000000000000e+00,1,0.000000000000e+00,True
2620,PHYSICAL_MESH,0.4251442310,0.0000000000,7.951552979648e-03,7.814320269972e-04,0.000000000000e+00,1,0.000000000000e+00,True
2621,PHYSICAL_MESH,0.4500961541,0.0000000000,7.942266762257e-03,-1.209609326907e-03,0.000000000000e+00,1,0.000000000000e+00,True
2622,PHYSICAL_MESH,0.4750480772,0.0000000000,7.966572418809e-03,-3.184316447005e-03,0.000000000000e+00,1,0.000000000000e+00,True
2623,PHYSICAL_MESH,0.5000000000,0.0000000000,8.024896495044e-03,-5.195299629122e-03,0.000000000000e+00,1,0.000000000000e+00,True
2624,PHYSICAL_MESH,-0.5000000000,0.0027928705,8.217611350119e-03,7.942832261324e-02,0.000000000000e+00,1,0.000000000000e+00,True
2625,PHYSICAL_MESH,-0.4759765625,0.0027928705,8.217611350119e-03,7.738472521305e-02,0.000000000000e+00,1,0.000000000000e+00,True
2626,PHYSICAL_MESH,-0.4519531250,0.0027928705,8.217611350119e-03,7.534113526344e-02,0.000000000000e+00,1,0.000000000000e+00,True
2627,PHYSICAL_MESH,-0.4279296875,0.0027928705,8.217609487474e-03,7.329754531384e-02,0.000000000000e+00,1,0.000000000000e+00,True
2628,PHYSICAL_MESH,-0.4039062500,0.0027928705,8.217603899539e-03,7.125395536423e-02,0.000000000000e+00,1,0.000000000000e+00,True
2629,PHYSICAL_MESH,-0.3798828125,0.0027928705,8.217595517635e-03,6.921037286520e-02,0.000000000000e+00,1,0.000000000000e+00,True
2630,PHYSICAL_MESH,-0.3558593750,0.0027928705,8.217582479119e-03,6.716678291559e-02,0.000000000000e+00,1,0.000000000000e+00,True
2631,PHYSICAL_MESH,-0.3318359375,0.0027928705,8.217564783990e-03,6.512319296598e-02,0.000000000000e+00,1,0.000000000000e+00,True
2632,PHYSICAL_MESH,-0.3078125000,0.0027928705,8.217540569603e-03,6.307960301638e-02,0.000000000000e+00,1,0.000000000000e+00,True
2633,PHYSICAL_MESH,-0.2837890625,0.0027928705,8.217509835958e-03,6.103600189090e-02,0.000000000000e+00,1,0.000000000000e+00,True
2634,PHYSICAL_MESH,-0.2597656250,0.0027928705,8.217472583055e-03,5.899239331484e-02,0.000000000000e+00,1,0.000000000000e+00,True
2635,PHYSICAL_MESH,-0.2357421875,0.0027928705,8.217428810894e-03,5.694877356291e-02,0.000000000000e+00,1,0.000000000000e+00,True
2636,PHYSICAL_MESH,-0.2117187500,0.0027928705,8.217376656830e-03,5.490514263511e-02,0.000000000000e+00,1,0.000000000000e+00,True
2637,PHYSICAL_MESH,-0.1876953125,0.0027928705,8.217317983508e-03,5.286149308085e-02,0.000000000000e+00,1,0.000000000000e+00,True
2638,PHYSICAL_MESH,-0.1636718750,0.0027928705,8.217250928283e-03,5.081782117486e-02,0.000000000000e+00,1,0.000000000000e+00,True
2639,PHYSICAL_MESH,-0.1396484375,0.0027928705,8.217177353799e-03,4.877412319183e-02,0.000000000000e+00,1,0.000000000000e+00,True
2640,PHYSICAL_MESH,-0.1156250000,0.0027928705,8.217098191381e-03,4.673039168119e-02,0.000000000000e+00,1,0.000000000000e+00,True
2641,PHYSICAL_MESH,-0.0906250000,0.0027928705,8.217012509704e-03,4.460353776813e-02,0.000000000000e+00,1,0.000000000000e+00,True
2642,PHYSICAL_MESH,-0.0737500000,0.0027928705,8.216953836381e-03,4.316788539290e-02,0.000000000000e+00,1,0.000000000000e+00,True
2643,PHYSICAL_MESH,-0.0625000000,0.0027928705,8.216915652156e-03,4.221076518297e-02,0.000000000000e+00,1,0.000000000000e+00,True
2644,PHYSICAL_MESH,-0.0550000000,0.0027928705,8.216890506446e-03,4.157267883420e-02,0.000000000000e+00,1,0.000000000000e+00,True
2645,PHYSICAL_MESH,-0.0500000000,0.0027928705,8.216874673963e-03,4.114728793502e-02,0.000000000000e+00,1,0.000000000000e+00,True
2646,PHYSICAL_MESH,-0.0450000000,0.0027928705,8.216858841479e-03,4.072188958526e-02,0.000000000000e+00,1,0.000000000000e+00,True
2647,PHYSICAL_MESH,-0.0400000000,0.0027928705,8.216843940318e-03,4.029649123549e-02,0.000000000000e+00,1,0.000000000000e+00,True
2648,PHYSICAL_MESH,-0.0350000000,0.0027928705,8.216829039156e-03,3.987108916044e-02,0.000000000000e+00,1,0.000000000000e+00,True
2649,PHYSICAL_MESH,-0.0300000000,0.0027928705,8.216814137995e-03,3.944568336010e-02,0.000000000000e+00,1,0.000000000000e+00,True
2650,PHYSICAL_MESH,-0.0250000000,0.0027928705,8.216799236834e-03,3.902027383447e-02,0.000000000000e+00,1,0.000000000000e+00,True
2651,PHYSICAL_MESH,-0.0200000000,0.0027928705,8.216784335673e-03,3.859486058354e-02,0.000000000000e+00,1,0.000000000000e+00,True
2652,PHYSICAL_MESH,-0.0150000000,0.0027928705,8.216767571867e-03,3.816943615675e-02,0.000000000000e+00,1,0.000000000000e+00,True
2653,PHYSICAL_MESH,-0.0100000000,0.0027928705,8.216742426157e-03,3.774400427938e-02,0.000000000000e+00,1,0.000000000000e+00,True
2654,PHYSICAL_MESH,-0.0050000000,0.0027928705,8.216695860028e-03,3.731852397323e-02,0.000000000000e+00,1,0.000000000000e+00,True
2655,PHYSICAL_MESH,0.0000000000,0.0027928705,8.216233924031e-03,3.689205273986e-02,0.000000000000e+00,1,0.000000000000e+00,True
2656,PHYSICAL_MESH,0.0050000000,0.0027928705,8.211747743189e-03,3.645901009440e-02,0.000000000000e+00,1,0.000000000000e+00,True
2657,PHYSICAL_MESH,0.0100000000,0.0027928705,8.192916400731e-03,3.600026294589e-02,0.000000000000e+00,1,0.000000000000e+00,True
2658,PHYSICAL_MESH,0.0150000000,0.0027928705,8.000996895134e-03,3.517415001988e-02,0.000000000000e+00,1,0.000000000000e+00,True
2659,PHYSICAL_MESH,0.0200000000,0.0027928705,6.989743094891e-03,3.227749839425e-02,0.000000000000e+00,1,0.000000000000e+00,True
2660,PHYSICAL_MESH,0.0250000000,0.0027928705,5.000516772270e-03,2.203052118421e-02,0.000000000000e+00,1,0.000000000000e+00,True
2661,PHYSICAL_MESH,0.0300000000,0.0027928705,5.098538007587e-03,1.708339154720e-02,0.000000000000e+00,1,0.000000000000e+00,True
2662,PHYSICAL_MESH,0.0350000000,0.0027928705,4.732584580779e-03,1.510440371931e-02,0.000000000000e+00,1,0.000000000000e+00,True
2663,PHYSICAL_MESH,0.0400000000,0.0027928705,4.040932282805e-03,1.311958208680e-02,0.000000000000e+00,1,0.000000000000e+00,True
2664,PHYSICAL_MESH,0.0450000000,0.0027928705,3.444815520197e-03,1.217952370644e-02,0.000000000000e+00,1,0.000000000000e+00,True
2665,PHYSICAL_MESH,0.0500000000,0.0027928705,3.176095196977e-03,1.168016158044e-02,0.000000000000e+00,1,0.000000000000e+00,True
2666,PHYSICAL_MESH,0.0550000000,0.0027928705,3.165830392390e-03,1.132668182254e-02,0.000000000000e+00,1,0.000000000000e+00,True
2667,PHYSICAL_MESH,0.0600000000,0.0027928705,3.299173433334e-03,1.123287249357e-02,0.000000000000e+00,1,0.000000000000e+00,True
2668,PHYSICAL_MESH,0.0650000000,0.0027928705,3.430720651522e-03,1.133590750396e-02,0.000000000000e+00,1,0.000000000000e+00,True
2669,PHYSICAL_MESH,0.0700000000,0.0027928705,3.523243591189e-03,1.151316240430e-02,0.000000000000e+00,1,0.000000000000e+00,True
2670,PHYSICAL_MESH,0.0750000000,0.0027928705,3.832703689113e-03,1.151147764176e-02,0.000000000000e+00,1,0.000000000000e+00,True
2671,PHYSICAL_MESH,0.0800000000,0.0027928705,6.036497186869e-03,1.524039823562e-02,0.000000000000e+00,1,0.000000000000e+00,True
2672,PHYSICAL_MESH,0.0850000000,0.0027928705,8.424301631749e-03,2.626483514905e-02,0.000000000000e+00,1,0.000000000000e+00,True
2673,PHYSICAL_MESH,0.0900000000,0.0027928705,8.272378705442e-03,2.863344550133e-02,0.000000000000e+00,1,0.000000000000e+00,True
2674,PHYSICAL_MESH,0.0950000000,0.0027928705,8.236711844802e-03,2.864404022694e-02,0.000000000000e+00,1,0.000000000000e+00,True
2675,PHYSICAL_MESH,0.1000000000,0.0027928705,8.225097320974e-03,2.832354418933e-02,0.000000000000e+00,1,0.000000000000e+00,True
2676,PHYSICAL_MESH,0.1050000000,0.0027928705,8.226046338677e-03,2.792677469552e-02,0.000000000000e+00,1,0.000000000000e+00,True
2677,PHYSICAL_MESH,0.1100000000,0.0027928705,8.228927850723e-03,2.751538157463e-02,0.000000000000e+00,1,0.000000000000e+00,True
2678,PHYSICAL_MESH,0.1150000000,0.0027928705,8.229743689299e-03,2.709538303316e-02,0.000000000000e+00,1,0.000000000000e+00,True
2679,PHYSICAL_MESH,0.1225000000,0.0027928705,8.230255916715e-03,2.645917050540e-02,0.000000000000e+00,1,0.000000000000e+00,True
2680,PHYSICAL_MESH,0.1337500000,0.0027928705,8.231597952545e-03,2.550150267780e-02,0.000000000000e+00,1,0.000000000000e+00,True
2681,PHYSICAL_MESH,0.1506250000,0.0027928705,8.233854547143e-03,2.406358160079e-02,0.000000000000e+00,1,0.000000000000e+00,True
2682,PHYSICAL_MESH,0.1756250000,0.0027928705,8.237080648541e-03,2.193306945264e-02,0.000000000000e+00,1,0.000000000000e+00,True
2683,PHYSICAL_MESH,0.2005769231,0.0027928705,8.240018971264e-03,1.980724930763e-02,0.000000000000e+00,1,0.000000000000e+00,True
2684,PHYSICAL_MESH,0.2255288462,0.0027928705,8.242964744568e-03,1.768166571856e-02,0.000000000000e+00,1,0.000000000000e+00,True
2685,PHYSICAL_MESH,0.2504807693,0.0027928705,8.246109820902e-03,1.555586699396e-02,0.000000000000e+00,1,0.000000000000e+00,True
2686,PHYSICAL_MESH,0.2754326924,0.0027928705,8.249522186816e-03,1.342935860157e-02,0.000000000000e+00,1,0.000000000000e+00,True
2687,PHYSICAL_MESH,0.3003846155,0.0027928705,8.252881467342e-03,1.130144670606e-02,0.000000000000e+00,1,0.000000000000e+00,True
2688,PHYSICAL_MESH,0.3253365386,0.0027928705,8.254786953330e-03,9.171963669360e-03,0.000000000000e+00,1,0.000000000000e+00,True
2689,PHYSICAL_MESH,0.3502884617,0.0027928705,8.251870051026e-03,7.042981218547e-03,0.000000000000e+00,1,0.000000000000e+00,True
2690,PHYSICAL_MESH,0.3752403848,0.0027928705,8.239015936852e-03,4.922398831695e-03,0.000000000000e+00,1,0.000000000000e+00,True
2691,PHYSICAL_MESH,0.4001923079,0.0027928705,8.214011788368e-03,2.828384516761e-03,0.000000000000e+00,1,0.000000000000e+00,True
2692,PHYSICAL_MESH,0.4251442310,0.0027928705,8.186881430447e-03,7.838765741326e-04,0.000000000000e+00,1,0.000000000000e+00,True
2693,PHYSICAL_MESH,0.4500961541,0.0027928705,8.177699521184e-03,-1.213374198414e-03,0.000000000000e+00,1,0.000000000000e+00,True
2694,PHYSICAL_MESH,0.4750480772,0.0027928705,8.200406096876e-03,-3.195851808414e-03,0.000000000000e+00,1,0.000000000000e+00,True
2695,PHYSICAL_MESH,0.5000000000,0.0027928705,8.255504071712e-03,-5.214032251388e-03,0.000000000000e+00,1,0.000000000000e+00,True
2696,PHYSICAL_MESH,-0.5000000000,0.0077334479,8.637890219688e-03,7.942832261324e-02,0.000000000000e+00,1,0.000000000000e+00,True
2697,PHYSICAL_MESH,-0.4759765625,0.0077334479,8.637889288366e-03,7.738472521305e-02,0.000000000000e+00,1,0.000000000000e+00,True
2698,PHYSICAL_MESH,-0.4519531250,0.0077334479,8.637889288366e-03,7.534113526344e-02,0.000000000000e+00,1,0.000000000000e+00,True
2699,PHYSICAL_MESH,-0.4279296875,0.0077334479,8.637886494398e-03,7.329754531384e-02,0.000000000000e+00,1,0.000000000000e+00,True
2700,PHYSICAL_MESH,-0.4039062500,0.0077334479,8.637881837785e-03,7.125395536423e-02,0.000000000000e+00,1,0.000000000000e+00,True
2701,PHYSICAL_MESH,-0.3798828125,0.0077334479,8.637873455882e-03,6.921037286520e-02,0.000000000000e+00,1,0.000000000000e+00,True
2702,PHYSICAL_MESH,-0.3558593750,0.0077334479,8.637860417366e-03,6.716678291559e-02,0.000000000000e+00,1,0.000000000000e+00,True
2703,PHYSICAL_MESH,-0.3318359375,0.0077334479,8.637842722237e-03,6.512319296598e-02,0.000000000000e+00,1,0.000000000000e+00,True
2704,PHYSICAL_MESH,-0.3078125000,0.0077334479,8.637819439173e-03,6.307960301638e-02,0.000000000000e+00,1,0.000000000000e+00,True
2705,PHYSICAL_MESH,-0.2837890625,0.0077334479,8.637790568173e-03,6.103600189090e-02,0.000000000000e+00,1,0.000000000000e+00,True
2706,PHYSICAL_MESH,-0.2597656250,0.0077334479,8.637756109238e-03,5.899239704013e-02,0.000000000000e+00,1,0.000000000000e+00,True
2707,PHYSICAL_MESH,-0.2357421875,0.0077334479,8.637714199722e-03,5.694878101349e-02,0.000000000000e+00,1,0.000000000000e+00,True
2708,PHYSICAL_MESH,-0.2117187500,0.0077334479,8.637665770948e-03,5.490514636040e-02,0.000000000000e+00,1,0.000000000000e+00,True
2709,PHYSICAL_MESH,-0.1876953125,0.0077334479,8.637610822916e-03,5.286150053144e-02,0.000000000000e+00,1,0.000000000000e+00,True
2710,PHYSICAL_MESH,-0.1636718750,0.0077334479,8.637549355626e-03,5.081782862544e-02,0.000000000000e+00,1,0.000000000000e+00,True
2711,PHYSICAL_MESH,-0.1396484375,0.0077334479,8.637481369078e-03,4.877413064241e-02,0.000000000000e+00,1,0.000000000000e+00,True
2712,PHYSICAL_MESH,-0.1156250000,0.0077334479,8.637409657240e-03,4.673039913177e-02,0.000000000000e+00,1,0.000000000000e+00,True
2713,PHYSICAL_MESH,-0.0906250000,0.0077334479,8.637332357466e-03,4.460354521871e-02,0.000000000000e+00,1,0.000000000000e+00,True
2714,PHYSICAL_MESH,-0.0737500000,0.0077334479,8.637280203402e-03,4.316788911819e-02,0.000000000000e+00,1,0.000000000000e+00,True
2715,PHYSICAL_MESH,-0.0625000000,0.0077334479,8.637246675789e-03,4.221077263355e-02,0.000000000000e+00,1,0.000000000000e+00,True
2716,PHYSICAL_MESH,-0.0550000000,0.0077334479,8.637225255370e-03,4.157268628478e-02,0.000000000000e+00,1,0.000000000000e+00,True
2717,PHYSICAL_MESH,-0.0500000000,0.0077334479,8.637211285532e-03,4.114729166031e-02,0.000000000000e+00,1,0.000000000000e+00,True
2718,PHYSICAL_MESH,-0.0450000000,0.0077334479,8.637198247015e-03,4.072189703584e-02,0.000000000000e+00,1,0.000000000000e+00,True
2719,PHYSICAL_MESH,-0.0400000000,0.0077334479,8.637185208499e-03,4.029649496078e-02,0.000000000000e+00,1,0.000000000000e+00,True
2720,PHYSICAL_MESH,-0.0350000000,0.0077334479,8.637172169983e-03,3.987109288573e-02,0.000000000000e+00,1,0.000000000000e+00,True
2721,PHYSICAL_MESH,-0.0300000000,0.0077334479,8.637160994112e-03,3.944568708539e-02,0.000000000000e+00,1,0.000000000000e+00,True
2722,PHYSICAL_MESH,-0.0250000000,0.0077334479,8.637148886919e-03,3.902027755976e-02,0.000000000000e+00,1,0.000000000000e+00,True
2723,PHYSICAL_MESH,-0.0200000000,0.0077334479,8.637137711048e-03,3.859486430883e-02,0.000000000000e+00,1,0.000000000000e+00,True
2724,PHYSICAL_MESH,-0.0150000000,0.0077334479,8.637127466500e-03,3.816944360733e-02,0.000000000000e+00,1,0.000000000000e+00,True
2725,PHYSICAL_MESH,-0.0100000000,0.0077334479,8.637117221951e-03,3.774401172996e-02,0.000000000000e+00,1,0.000000000000e+00,True
2726,PHYSICAL_MESH,-0.0050000000,0.0077334479,8.637107908726e-03,3.731853887439e-02,0.000000000000e+00,1,0.000000000000e+00,True
2727,PHYSICAL_MESH,0.0000000000,0.0077334479,8.637049235404e-03,3.689286112785e-02,0.000000000000e+00,1,0.000000000000e+00,True
2728,PHYSICAL_MESH,0.0050000000,0.0077334479,8.636828511953e-03,3.646684437990e-02,0.000000000000e+00,1,0.000000000000e+00,True
2729,PHYSICAL_MESH,0.0100000000,0.0077334479,8.636497892439e-03,3.604013472795e-02,0.000000000000e+00,1,0.000000000000e+00,True
2730,PHYSICAL_MESH,0.0150000000,0.0077334479,8.635721169412e-03,3.560850396752e-02,0.000000000000e+00,1,0.000000000000e+00,True
2731,PHYSICAL_MESH,0.0200000000,0.0077334479,8.630690164864e-03,3.516570478678e-02,0.000000000000e+00,1,0.000000000000e+00,True
2732,PHYSICAL_MESH,0.0250000000,0.0077334479,8.619864471257e-03,3.472415730357e-02,0.000000000000e+00,1,0.000000000000e+00,True
2733,PHYSICAL_MESH,0.0300000000,0.0077334479,8.588275872171e-03,3.425377979875e-02,0.000000000000e+00,1,0.000000000000e+00,True
2734,PHYSICAL_MESH,0.0350000000,0.0077334479,8.482308126986e-03,3.360434249043e-02,0.000000000000e+00,1,0.000000000000e+00,True
2735,PHYSICAL_MESH,0.0400000000,0.0077334479,8.267780765891e-03,3.224067762494e-02,0.000000000000e+00,1,0.000000000000e+00,True
2736,PHYSICAL_MESH,0.0450000000,0.0077334479,8.175622671843e-03,3.124794550240e-02,0.000000000000e+00,1,0.000000000000e+00,True
2737,PHYSICAL_MESH,0.0500000000,0.0077334479,8.004357106984e-03,3.055934794247e-02,0.000000000000e+00,1,0.000000000000e+00,True
2738,PHYSICAL_MESH,0.0550000000,0.0077334479,7.975600659847e-03,2.960943430662e-02,0.000000000000e+00,1,0.000000000000e+00,True
2739,PHYSICAL_MESH,0.0600000000,0.0077334479,8.317705243826e-03,2.939685434103e-02,0.000000000000e+00,1,0.000000000000e+00,True
2740,PHYSICAL_MESH,0.0650000000,0.0077334479,8.519923314452e-03,2.979245223105e-02,0.000000000000e+00,1,0.000000000000e+00,True
2741,PHYSICAL_MESH,0.0700000000,0.0077334479,8.620615117252e-03,3.004337660968e-02,0.000000000000e+00,1,0.000000000000e+00,True
2742,PHYSICAL_MESH,0.0750000000,0.0077334479,8.636342361569e-03,3.006892651320e-02,0.000000000000e+00,1,0.000000000000e+00,True
2743,PHYSICAL_MESH,0.0800000000,0.0077334479,8.636891841888e-03,2.988312765956e-02,0.000000000000e+00,1,0.000000000000e+00,True
2744,PHYSICAL_MESH,0.0850000000,0.0077334479,8.637219667435e-03,2.954235859215e-02,0.000000000000e+00,1,0.000000000000e+00,True
2745,PHYSICAL_MESH,0.0900000000,0.0077334479,8.634205907583e-03,2.916903980076e-02,0.000000000000e+00,1,0.000000000000e+00,True
2746,PHYSICAL_MESH,0.0950000000,0.0077334479,8.640140295029e-03,2.877341210842e-02,0.000000000000e+00,1,0.000000000000e+00,True
2747,PHYSICAL_MESH,0.1000000000,0.0077334479,8.643568493426e-03,2.836231142282e-02,0.000000000000e+00,1,0.000000000000e+00,True
2748,PHYSICAL_MESH,0.1050000000,0.0077334479,8.645983412862e-03,2.794555388391e-02,0.000000000000e+00,1,0.000000000000e+00,True
2749,PHYSICAL_MESH,0.1100000000,0.0077334479,8.647656999528e-03,2.752366103232e-02,0.000000000000e+00,1,0.000000000000e+00,True
2750,PHYSICAL_MESH,0.1150000000,0.0077334479,8.648390881717e-03,2.709881588817e-02,0.000000000000e+00,1,0.000000000000e+00,True
2751,PHYSICAL_MESH,0.1225000000,0.0077334479,8.649279363453e-03,2.646047249436e-02,0.000000000000e+00,1,0.000000000000e+00,True
2752,PHYSICAL_MESH,0.1337500000,0.0077334479,8.650835603476e-03,2.550197765231e-02,0.000000000000e+00,1,0.000000000000e+00,True
2753,PHYSICAL_MESH,0.1506250000,0.0077334479,8.653194643557e-03,2.406374178827e-02,0.000000000000e+00,1,0.000000000000e+00,True
2754,PHYSICAL_MESH,0.1756250000,0.0077334479,8.656393736601e-03,2.193317189813e-02,0.000000000000e+00,1,0.000000000000e+00,True
2755,PHYSICAL_MESH,0.2005769231,0.0077334479,8.659253828228e-03,1.980733498931e-02,0.000000000000e+00,1,0.000000000000e+00,True
2756,PHYSICAL_MESH,0.2255288462,0.0077334479,8.662056177855e-03,1.768175698817e-02,0.000000000000e+00,1,0.000000000000e+00,True
2757,PHYSICAL_MESH,0.2504807693,0.0077334479,8.664947003126e-03,1.555601134896e-02,0.000000000000e+00,1,0.000000000000e+00,True
2758,PHYSICAL_MESH,0.2754326924,0.0077334479,8.667921647429e-03,1.342963799834e-02,0.000000000000e+00,1,0.000000000000e+00,True
2759,PHYSICAL_MESH,0.3003846155,0.0077334479,8.670534007251e-03,1.130211260170e-02,0.000000000000e+00,1,0.000000000000e+00,True
2760,PHYSICAL_MESH,0.3253365386,0.0077334479,8.671268820763e-03,9.173588827252e-03,0.000000000000e+00,1,0.000000000000e+00,True
2761,PHYSICAL_MESH,0.3502884617,0.0077334479,8.666934445500e-03,7.046522572637e-03,0.000000000000e+00,1,0.000000000000e+00,True
2762,PHYSICAL_MESH,0.3752403848,0.0077334479,8.653224445879e-03,4.928692709655e-03,0.000000000000e+00,1,0.000000000000e+00,True
2763,PHYSICAL_MESH,0.4001923079,0.0077334479,8.628974668682e-03,2.836196916178e-03,0.000000000000e+00,1,0.000000000000e+00,True
2764,PHYSICAL_MESH,0.4251442310,0.0077334479,8.603568188846e-03,7.876753224991e-04,0.000000000000e+00,1,0.000000000000e+00,True
2765,PHYSICAL_MESH,0.4500961541,0.0077334479,8.594701066613e-03,-1.219720346853e-03,0.000000000000e+00,1,0.000000000000e+00,True
2766,PHYSICAL_MESH,0.4750480772,0.0077334479,8.614971302450e-03,-3.214963246137e-03,0.000000000000e+00,1,0.000000000000e+00,True
2767,PHYSICAL_MESH,0.5000000000,0.0077334479,8.665033616126e-03,-5.244780797511e-03,0.000000000000e+00,1,0.000000000000e+00,True
2768,PHYSICAL_MESH,-0.5000000000,0.0126740253,9.058168157935e-03,7.942832261324e-02,0.000000000000e+00,1,0.000000000000e+00,True
2769,PHYSICAL_MESH,-0.4759765625,0.0126740253,9.058168157935e-03,7.738472521305e-02,0.000000000000e+00,1,0.000000000000e+00,True
2770,PHYSICAL_MESH,-0.4519531250,0.0126740253,9.058167226613e-03,7.534113526344e-02,0.000000000000e+00,1,0.000000000000e+00,True
2771,PHYSICAL_MESH,-0.4279296875,0.0126740253,9.058164432645e-03,7.329754531384e-02,0.000000000000e+00,1,0.000000000000e+00,True
2772,PHYSICAL_MESH,-0.4039062500,0.0126740253,9.058159776032e-03,7.125395536423e-02,0.000000000000e+00,1,0.000000000000e+00,True
2773,PHYSICAL_MESH,-0.3798828125,0.0126740253,9.058151394129e-03,6.921037286520e-02,0.000000000000e+00,1,0.000000000000e+00,True
2774,PHYSICAL_MESH,-0.3558593750,0.0126740253,9.058139286935e-03,6.716678291559e-02,0.000000000000e+00,1,0.000000000000e+00,True
2775,PHYSICAL_MESH,-0.3318359375,0.0126740253,9.058122523129e-03,6.512320041656e-02,0.000000000000e+00,1,0.000000000000e+00,True
2776,PHYSICAL_MESH,-0.3078125000,0.0126740253,9.058100171387e-03,6.307960301638e-02,0.000000000000e+00,1,0.000000000000e+00,True
2777,PHYSICAL_MESH,-0.2837890625,0.0126740253,9.058073163033e-03,6.103600561619e-02,0.000000000000e+00,1,0.000000000000e+00,True
2778,PHYSICAL_MESH,-0.2597656250,0.0126740253,9.058039635420e-03,5.899240076542e-02,0.000000000000e+00,1,0.000000000000e+00,True
2779,PHYSICAL_MESH,-0.2357421875,0.0126740253,9.058000519872e-03,5.694878473878e-02,0.000000000000e+00,1,0.000000000000e+00,True
2780,PHYSICAL_MESH,-0.2117187500,0.0126740253,9.057955816388e-03,5.490515381098e-02,0.000000000000e+00,1,0.000000000000e+00,True
2781,PHYSICAL_MESH,-0.1876953125,0.0126740253,9.057904593647e-03,5.286150425673e-02,0.000000000000e+00,1,0.000000000000e+00,True
2782,PHYSICAL_MESH,-0.1636718750,0.0126740253,9.057847782969e-03,5.081783235073e-02,0.000000000000e+00,1,0.000000000000e+00,True
2783,PHYSICAL_MESH,-0.1396484375,0.0126740253,9.057785384357e-03,4.877413436770e-02,0.000000000000e+00,1,0.000000000000e+00,True
2784,PHYSICAL_MESH,-0.1156250000,0.0126740253,9.057720191777e-03,4.673040285707e-02,0.000000000000e+00,1,0.000000000000e+00,True
2785,PHYSICAL_MESH,-0.0906250000,0.0126740253,9.057651273906e-03,4.460355266929e-02,0.000000000000e+00,1,0.000000000000e+00,True
2786,PHYSICAL_MESH,-0.0737500000,0.0126740253,9.057605639100e-03,4.316789656878e-02,0.000000000000e+00,1,0.000000000000e+00,True
2787,PHYSICAL_MESH,-0.0625000000,0.0126740253,9.057575836778e-03,4.221078008413e-02,0.000000000000e+00,1,0.000000000000e+00,True
2788,PHYSICAL_MESH,-0.0550000000,0.0126740253,9.057557210326e-03,4.157269373536e-02,0.000000000000e+00,1,0.000000000000e+00,True
2789,PHYSICAL_MESH,-0.0500000000,0.0126740253,9.057546034455e-03,4.114729911089e-02,0.000000000000e+00,1,0.000000000000e+00,True
2790,PHYSICAL_MESH,-0.0450000000,0.0126740253,9.057533927262e-03,4.072190076113e-02,0.000000000000e+00,1,0.000000000000e+00,True
2791,PHYSICAL_MESH,-0.0400000000,0.0126740253,9.057522751391e-03,4.029650241137e-02,0.000000000000e+00,1,0.000000000000e+00,True
2792,PHYSICAL_MESH,-0.0350000000,0.0126740253,9.057512506843e-03,3.987110033631e-02,0.000000000000e+00,1,0.000000000000e+00,True
2793,PHYSICAL_MESH,-0.0300000000,0.0126740253,9.057502262294e-03,3.944569081068e-02,0.000000000000e+00,1,0.000000000000e+00,True
2794,PHYSICAL_MESH,-0.0250000000,0.0126740253,9.057492949069e-03,3.902028128505e-02,0.000000000000e+00,1,0.000000000000e+00,True
2795,PHYSICAL_MESH,-0.0200000000,0.0126740253,9.057483635843e-03,3.859486803412e-02,0.000000000000e+00,1,0.000000000000e+00,True
2796,PHYSICAL_MESH,-0.0150000000,0.0126740253,9.057475253940e-03,3.816944733262e-02,0.000000000000e+00,1,0.000000000000e+00,True
2797,PHYSICAL_MESH,-0.0100000000,0.0126740253,9.057467803359e-03,3.774401545525e-02,0.000000000000e+00,1,0.000000000000e+00,True
2798,PHYSICAL_MESH,-0.0050000000,0.0126740253,9.057458490133e-03,3.731855377555e-02,0.000000000000e+00,1,0.000000000000e+00,True
2799,PHYSICAL_MESH,0.0000000000,0.0126740253,9.057428687811e-03,3.689303249121e-02,0.000000000000e+00,1,0.000000000000e+00,True
2800,PHYSICAL_MESH,0.0050000000,0.0126740253,9.057358838618e-03,3.646743670106e-02,0.000000000000e+00,1,0.000000000000e+00,True
2801,PHYSICAL_MESH,0.0100000000,0.0126740253,9.057272225618e-03,3.604170680046e-02,0.000000000000e+00,1,0.000000000000e+00,True
2802,PHYSICAL_MESH,0.0150000000,0.0126740253,9.057098068297e-03,3.561560437083e-02,0.000000000000e+00,1,0.000000000000e+00,True
2803,PHYSICAL_MESH,0.0200000000,0.0126740253,9.056655690074e-03,3.518912941217e-02,0.000000000000e+00,1,0.000000000000e+00,True
2804,PHYSICAL_MESH,0.0250000000,0.0126740253,9.056127630174e-03,3.476279228926e-02,0.000000000000e+00,1,0.000000000000e+00,True
2805,PHYSICAL_MESH,0.0300000000,0.0126740253,9.055873379111e-03,3.433568775654e-02,0.000000000000e+00,1,0.000000000000e+00,True
2806,PHYSICAL_MESH,0.0350000000,0.0126740253,9.055253118277e-03,3.390704095364e-02,0.000000000000e+00,1,0.000000000000e+00,True
2807,PHYSICAL_MESH,0.0400000000,0.0126740253,9.053931571543e-03,3.347764164209e-02,0.000000000000e+00,1,0.000000000000e+00,True
2808,PHYSICAL_MESH,0.0450000000,0.0126740253,9.049577638507e-03,3.304187953472e-02,0.000000000000e+00,1,0.000000000000e+00,True
2809,PHYSICAL_MESH,0.0500000000,0.0126740253,9.041451849043e-03,3.259572759271e-02,0.000000000000e+00,1,0.000000000000e+00,True
2810,PHYSICAL_MESH,0.0550000000,0.0126740253,9.035422466695e-03,3.214259818196e-02,0.000000000000e+00,1,0.000000000000e+00,True
2811,PHYSICAL_MESH,0.0600000000,0.0126740253,9.040484204888e-03,3.170059993863e-02,0.000000000000e+00,1,0.000000000000e+00,True
2812,PHYSICAL_MESH,0.0650000000,0.0126740253,9.047289378941e-03,3.128945454955e-02,0.000000000000e+00,1,0.000000000000e+00,True
2813,PHYSICAL_MESH,0.0700000000,0.0126740253,9.051044471562e-03,3.088779374957e-02,0.000000000000e+00,1,0.000000000000e+00,True
2814,PHYSICAL_MESH,0.0750000000,0.0126740253,9.053701534867e-03,3.047702275217e-02,0.000000000000e+00,1,0.000000000000e+00,True
2815,PHYSICAL_MESH,0.0800000000,0.0126740253,9.057476185262e-03,3.006047941744e-02,0.000000000000e+00,1,0.000000000000e+00,True
2816,PHYSICAL_MESH,0.0850000000,0.0126740253,9.059041738510e-03,2.963809482753e-02,0.000000000000e+00,1,0.000000000000e+00,True
2817,PHYSICAL_MESH,0.0900000000,0.0126740253,9.059210307896e-03,2.921481803060e-02,0.000000000000e+00,1,0.000000000000e+00,True
2818,PHYSICAL_MESH,0.0950000000,0.0126740253,9.061235003173e-03,2.879406884313e-02,0.000000000000e+00,1,0.000000000000e+00,True
2819,PHYSICAL_MESH,0.1000000000,0.0126740253,9.063663892448e-03,2.837389335036e-02,0.000000000000e+00,1,0.000000000000e+00,True
2820,PHYSICAL_MESH,0.1050000000,0.0126740253,9.065542370081e-03,2.795106731355e-02,0.000000000000e+00,1,0.000000000000e+00,True
2821,PHYSICAL_MESH,0.1100000000,0.0126740253,9.066549129784e-03,2.752597071230e-02,0.000000000000e+00,1,0.000000000000e+00,True
2822,PHYSICAL_MESH,0.1150000000,0.0126740253,9.067285805941e-03,2.710019797087e-02,0.000000000000e+00,1,0.000000000000e+00,True
2823,PHYSICAL_MESH,0.1225000000,0.0126740253,9.068404324353e-03,2.646115794778e-02,0.000000000000e+00,1,0.000000000000e+00,True
2824,PHYSICAL_MESH,0.1337500000,0.0126740253,9.070108644664e-03,2.550229430199e-02,0.000000000000e+00,1,0.000000000000e+00,True
2825,PHYSICAL_MESH,0.1506250000,0.0126740253,9.072529152036e-03,2.406388893723e-02,0.000000000000e+00,1,0.000000000000e+00,True
2826,PHYSICAL_MESH,0.1756250000,0.0126740253,9.075689129531e-03,2.193329110742e-02,0.000000000000e+00,1,0.000000000000e+00,True
2827,PHYSICAL_MESH,0.2005769231,0.0126740253,9.078460745513e-03,1.980744488537e-02,0.000000000000e+00,1,0.000000000000e+00,True
2828,PHYSICAL_MESH,0.2255288462,0.0126740253,9.081104770303e-03,1.768188551068e-02,0.000000000000e+00,1,0.000000000000e+00,True
2829,PHYSICAL_MESH,0.2504807693,0.0126740253,9.083722718060e-03,1.555621344596e-02,0.000000000000e+00,1,0.000000000000e+00,True
2830,PHYSICAL_MESH,0.2754326924,0.0126740253,9.086241014302e-03,1.343001239002e-02,0.000000000000e+00,1,0.000000000000e+00,True
2831,PHYSICAL_MESH,0.3003846155,0.0126740253,9.088105522096e-03,1.130292285234e-02,0.000000000000e+00,1,0.000000000000e+00,True
2832,PHYSICAL_MESH,0.3253365386,0.0126740253,9.087745100260e-03,9.175380691886e-03,0.000000000000e+00,1,0.000000000000e+00,True
2833,PHYSICAL_MESH,0.3502884617,0.0126740253,9.082192555070e-03,7.050120737404e-03,0.000000000000e+00,1,0.000000000000e+00,True
2834,PHYSICAL_MESH,0.3752403848,0.0126740253,9.067882783711e-03,4.934672266245e-03,0.000000000000e+00,1,0.000000000000e+00,True
2835,PHYSICAL_MESH,0.4001923079,0.0126740253,9.044483304024e-03,2.843222348019e-03,0.000000000000e+00,1,0.000000000000e+00,True
2836,PHYSICAL_MESH,0.4251442310,0.0126740253,9.020748548210e-03,7.908687111922e-04,0.000000000000e+00,1,0.000000000000e+00,True
2837,PHYSICAL_MESH,0.4500961541,0.0126740253,9.012327529490e-03,-1.225719810463e-03,0.000000000000e+00,1,0.000000000000e+00,True
2838,PHYSICAL_MESH,0.4750480772,0.0126740253,9.030604735017e-03,-3.232560586184e-03,0.000000000000e+00,1,0.000000000000e+00,True
2839,PHYSICAL_MESH,0.5000000000,0.0126740253,9.076177142560e-03,-5.272744689137e-03,0.000000000000e+00,1,0.000000000000e+00,True
2840,PHYSICAL_MESH,-0.5000000000,0.0176146027,9.478447027504e-03,7.942832261324e-02,0.000000000000e+00,1,0.000000000000e+00,True
2841,PHYSICAL_MESH,-0.4759765625,0.0176146027,9.478447027504e-03,7.738472521305e-02,0.000000000000e+00,1,0.000000000000e+00,True
2842,PHYSICAL_MESH,-0.4519531250,0.0176146027,9.478446096182e-03,7.534113526344e-02,0.000000000000e+00,1,0.000000000000e+00,True
2843,PHYSICAL_MESH,-0.4279296875,0.0176146027,9.478443302214e-03,7.329754531384e-02,0.000000000000e+00,1,0.000000000000e+00,True
2844,PHYSICAL_MESH,-0.4039062500,0.0176146027,9.478437714279e-03,7.125396281481e-02,0.000000000000e+00,1,0.000000000000e+00,True
2845,PHYSICAL_MESH,-0.3798828125,0.0176146027,9.478430263698e-03,6.921037286520e-02,0.000000000000e+00,1,0.000000000000e+00,True
2846,PHYSICAL_MESH,-0.3558593750,0.0176146027,9.478418156505e-03,6.716679036617e-02,0.000000000000e+00,1,0.000000000000e+00,True
2847,PHYSICAL_MESH,-0.3318359375,0.0176146027,9.478401392698e-03,6.512320041656e-02,0.000000000000e+00,1,0.000000000000e+00,True
2848,PHYSICAL_MESH,-0.3078125000,0.0176146027,9.478380903602e-03,6.307960301638e-02,0.000000000000e+00,1,0.000000000000e+00,True
2849,PHYSICAL_MESH,-0.2837890625,0.0176146027,9.478354826570e-03,6.103600934148e-02,0.000000000000e+00,1,0.000000000000e+00,True
2850,PHYSICAL_MESH,-0.2597656250,0.0176146027,9.478324092925e-03,5.899240449071e-02,0.000000000000e+00,1,0.000000000000e+00,True
2851,PHYSICAL_MESH,-0.2357421875,0.0176146027,9.478287771344e-03,5.694878846407e-02,0.000000000000e+00,1,0.000000000000e+00,True
2852,PHYSICAL_MESH,-0.2117187500,0.0176146027,9.478245861828e-03,5.490515753627e-02,0.000000000000e+00,1,0.000000000000e+00,True
2853,PHYSICAL_MESH,-0.1876953125,0.0176146027,9.478198364377e-03,5.286150798202e-02,0.000000000000e+00,1,0.000000000000e+00,True
2854,PHYSICAL_MESH,-0.1636718750,0.0176146027,9.478146210313e-03,5.081783980131e-02,0.000000000000e+00,1,0.000000000000e+00,True
2855,PHYSICAL_MESH,-0.1396484375,0.0176146027,9.478090330958e-03,4.877414181828e-02,0.000000000000e+00,1,0.000000000000e+00,True
2856,PHYSICAL_MESH,-0.1156250000,0.0176146027,9.478031657636e-03,4.673041030765e-02,0.000000000000e+00,1,0.000000000000e+00,True
2857,PHYSICAL_MESH,-0.0906250000,0.0176146027,9.477970190346e-03,4.460355639458e-02,0.000000000000e+00,1,0.000000000000e+00,True
2858,PHYSICAL_MESH,-0.0737500000,0.0176146027,9.477930143476e-03,4.316790401936e-02,0.000000000000e+00,1,0.000000000000e+00,True
2859,PHYSICAL_MESH,-0.0625000000,0.0176146027,9.477904997766e-03,4.221078380942e-02,0.000000000000e+00,1,0.000000000000e+00,True
2860,PHYSICAL_MESH,-0.0550000000,0.0176146027,9.477888233960e-03,4.157269746065e-02,0.000000000000e+00,1,0.000000000000e+00,True
2861,PHYSICAL_MESH,-0.0500000000,0.0176146027,9.477877989411e-03,4.114730283618e-02,0.000000000000e+00,1,0.000000000000e+00,True
2862,PHYSICAL_MESH,-0.0450000000,0.0176146027,9.477868676186e-03,4.072190448642e-02,0.000000000000e+00,1,0.000000000000e+00,True
2863,PHYSICAL_MESH,-0.0400000000,0.0176146027,9.477858431637e-03,4.029650613666e-02,0.000000000000e+00,1,0.000000000000e+00,True
2864,PHYSICAL_MESH,-0.0350000000,0.0176146027,9.477849118412e-03,3.987110406160e-02,0.000000000000e+00,1,0.000000000000e+00,True
2865,PHYSICAL_MESH,-0.0300000000,0.0176146027,9.477840736508e-03,3.944569826126e-02,0.000000000000e+00,1,0.000000000000e+00,True
2866,PHYSICAL_MESH,-0.0250000000,0.0176146027,9.477832354605e-03,3.902028501034e-02,0.000000000000e+00,1,0.000000000000e+00,True
2867,PHYSICAL_MESH,-0.0200000000,0.0176146027,9.477823972702e-03,3.859487175941e-02,0.000000000000e+00,1,0.000000000000e+00,True
2868,PHYSICAL_MESH,-0.0150000000,0.0176146027,9.477815590799e-03,3.816945105791e-02,0.000000000000e+00,1,0.000000000000e+00,True
2869,PHYSICAL_MESH,-0.0100000000,0.0176146027,9.477806277573e-03,3.774401918054e-02,0.000000000000e+00,1,0.000000000000e+00,True
2870,PHYSICAL_MESH,-0.0050000000,0.0176146027,9.477793239057e-03,3.731856867671e-02,0.000000000000e+00,1,0.000000000000e+00,True
2871,PHYSICAL_MESH,0.0000000000,0.0176146027,9.477769024670e-03,3.689308837056e-02,0.000000000000e+00,1,0.000000000000e+00,True
2872,PHYSICAL_MESH,0.0050000000,0.0176146027,9.477726183832e-03,3.646757081151e-02,0.000000000000e+00,1,0.000000000000e+00,True
2873,PHYSICAL_MESH,0.0100000000,0.0176146027,9.477662853897e-03,3.604199737310e-02,0.000000000000e+00,1,0.000000000000e+00,True
2874,PHYSICAL_MESH,0.0150000000,0.0176146027,9.477575309575e-03,3.561635687947e-02,0.000000000000e+00,1,0.000000000000e+00,True
2875,PHYSICAL_MESH,0.0200000000,0.0176146027,9.477457962930e-03,3.519067913294e-02,0.000000000000e+00,1,0.000000000000e+00,True
2876,PHYSICAL_MESH,0.0250000000,0.0176146027,9.477354586124e-03,3.476498275995e-02,0.000000000000e+00,1,0.000000000000e+00,True
2877,PHYSICAL_MESH,0.0300000000,0.0176146027,9.477277286351e-03,3.433919325471e-02,0.000000000000e+00,1,0.000000000000e+00,True
2878,PHYSICAL_MESH,0.0350000000,0.0176146027,9.477181360126e-03,3.391339629889e-02,0.000000000000e+00,1,0.000000000000e+00,True
2879,PHYSICAL_MESH,0.0400000000,0.0176146027,9.477093815804e-03,3.348765894771e-02,0.000000000000e+00,1,0.000000000000e+00,True
2880,PHYSICAL_MESH,0.0450000000,0.0176146027,9.476995095611e-03,3.306159004569e-02,0.000000000000e+00,1,0.000000000000e+00,True
2881,PHYSICAL_MESH,0.0500000000,0.0176146027,9.476734325290e-03,3.263489156961e-02,0.000000000000e+00,1,0.000000000000e+00,True
2882,PHYSICAL_MESH,0.0550000000,0.0176146027,9.476510807872e-03,3.220798075199e-02,0.000000000000e+00,1,0.000000000000e+00,True
2883,PHYSICAL_MESH,0.0600000000,0.0176146027,9.476389735937e-03,3.178154304624e-02,0.000000000000e+00,1,0.000000000000e+00,True
2884,PHYSICAL_MESH,0.0650000000,0.0176146027,9.476175531745e-03,3.135485202074e-02,0.000000000000e+00,1,0.000000000000e+00,True
2885,PHYSICAL_MESH,0.0700000000,0.0176146027,9.476226754487e-03,3.092776797712e-02,0.000000000000e+00,1,0.000000000000e+00,True
2886,PHYSICAL_MESH,0.0750000000,0.0176146027,9.477315470576e-03,3.050162643194e-02,0.000000000000e+00,1,0.000000000000e+00,True
2887,PHYSICAL_MESH,0.0800000000,0.0176146027,9.479132480919e-03,3.007671609521e-02,0.000000000000e+00,1,0.000000000000e+00,True
2888,PHYSICAL_MESH,0.0850000000,0.0176146027,9.480452165008e-03,2.965221181512e-02,0.000000000000e+00,1,0.000000000000e+00,True
2889,PHYSICAL_MESH,0.0900000000,0.0176146027,9.481200017035e-03,2.922792360187e-02,0.000000000000e+00,1,0.000000000000e+00,True
2890,PHYSICAL_MESH,0.0950000000,0.0176146027,9.482249617577e-03,2.880344353616e-02,0.000000000000e+00,1,0.000000000000e+00,True
2891,PHYSICAL_MESH,0.1000000000,0.0176146027,9.483538568020e-03,2.837842144072e-02,0.000000000000e+00,1,0.000000000000e+00,True
2892,PHYSICAL_MESH,0.1050000000,0.0176146027,9.484657086432e-03,2.795277535915e-02,0.000000000000e+00,1,0.000000000000e+00,True
2893,PHYSICAL_MESH,0.1100000000,0.0176146027,9.485574439168e-03,2.752683497965e-02,0.000000000000e+00,1,0.000000000000e+00,True
2894,PHYSICAL_MESH,0.1150000000,0.0176146027,9.486401453614e-03,2.710078097880e-02,0.000000000000e+00,1,0.000000000000e+00,True
2895,PHYSICAL_MESH,0.1225000000,0.0176146027,9.487637318671e-03,2.646152488887e-02,0.000000000000e+00,1,0.000000000000e+00,True
2896,PHYSICAL_MESH,0.1337500000,0.0176146027,9.489424526691e-03,2.550251036882e-02,0.000000000000e+00,1,0.000000000000e+00,True
2897,PHYSICAL_MESH,0.1506250000,0.0176146027,9.491870179772e-03,2.406402863562e-02,0.000000000000e+00,1,0.000000000000e+00,True
2898,PHYSICAL_MESH,0.1756250000,0.0176146027,9.494975209236e-03,2.193342708051e-02,0.000000000000e+00,1,0.000000000000e+00,True
2899,PHYSICAL_MESH,0.2005769231,0.0176146027,9.497644379735e-03,1.980758458376e-02,0.000000000000e+00,1,0.000000000000e+00,True
2900,PHYSICAL_MESH,0.2255288462,0.0176146027,9.500114247203e-03,1.768205687404e-02,0.000000000000e+00,1,0.000000000000e+00,True
2901,PHYSICAL_MESH,0.2504807693,0.0176146027,9.502445347607e-03,1.555647607893e-02,0.000000000000e+00,1,0.000000000000e+00,True
2902,PHYSICAL_MESH,0.2754326924,0.0176146027,9.504494257271e-03,1.343048084527e-02,0.000000000000e+00,1,0.000000000000e+00,True
2903,PHYSICAL_MESH,0.3003846155,0.0176146027,9.505623951554e-03,1.130386628211e-02,0.000000000000e+00,1,0.000000000000e+00,True
2904,PHYSICAL_MESH,0.3253365386,0.0176146027,9.504251182079e-03,9.177311323583e-03,0.000000000000e+00,1,0.000000000000e+00,True
2905,PHYSICAL_MESH,0.3502884617,0.0176146027,9.497666731477e-03,7.053736131638e-03,0.000000000000e+00,1,0.000000000000e+00,True
2906,PHYSICAL_MESH,0.3752403848,0.0176146027,9.482972323895e-03,4.940329585224e-03,0.000000000000e+00,1,0.000000000000e+00,True
2907,PHYSICAL_MESH,0.4001923079,0.0176146027,9.460493922234e-03,2.849536016583e-03,0.000000000000e+00,1,0.000000000000e+00,True
2908,PHYSICAL_MESH,0.4251442310,0.0176146027,9.438375942409e-03,7.935236208141e-04,0.000000000000e+00,1,0.000000000000e+00,True
2909,PHYSICAL_MESH,0.4500961541,0.0176146027,9.430495090783e-03,-1.231426722370e-03,0.000000000000e+00,1,0.000000000000e+00,True
2910,PHYSICAL_MESH,0.4750480772,0.0176146027,9.447121061385e-03,-3.248794935644e-03,0.000000000000e+00,1,0.000000000000e+00,True
2911,PHYSICAL_MESH,0.5000000000,0.0176146027,9.488691575825e-03,-5.298185627908e-03,0.000000000000e+00,1,0.000000000000e+00,True
2912,PHYSICAL_MESH,-0.5000000000,0.0225551801,9.898725897074e-03,7.942832261324e-02,0.000000000000e+00,1,0.000000000000e+00,True
2913,PHYSICAL_MESH,-0.4759765625,0.0225551801,9.898724965751e-03,7.738472521305e-02,0.000000000000e+00,1,0.000000000000e+00,True
2914,PHYSICAL_MESH,-0.4519531250,0.0225551801,9.898724034429e-03,7.534113526344e-02,0.000000000000e+00,1,0.000000000000e+00,True
2915,PHYSICAL_MESH,-0.4279296875,0.0225551801,9.898722171783e-03,7.329754531384e-02,0.000000000000e+00,1,0.000000000000e+00,True
2916,PHYSICAL_MESH,-0.4039062500,0.0225551801,9.898716583848e-03,7.125396281481e-02,0.000000000000e+00,1,0.000000000000e+00,True
2917,PHYSICAL_MESH,-0.3798828125,0.0225551801,9.898709133267e-03,6.921037286520e-02,0.000000000000e+00,1,0.000000000000e+00,True
2918,PHYSICAL_MESH,-0.3558593750,0.0225551801,9.898697026074e-03,6.716679036617e-02,0.000000000000e+00,1,0.000000000000e+00,True
2919,PHYSICAL_MESH,-0.3318359375,0.0225551801,9.898682124913e-03,6.512320041656e-02,0.000000000000e+00,1,0.000000000000e+00,True
2920,PHYSICAL_MESH,-0.3078125000,0.0225551801,9.898662567139e-03,6.307961046696e-02,0.000000000000e+00,1,0.000000000000e+00,True
2921,PHYSICAL_MESH,-0.2837890625,0.0225551801,9.898638352752e-03,6.103601306677e-02,0.000000000000e+00,1,0.000000000000e+00,True
2922,PHYSICAL_MESH,-0.2597656250,0.0225551801,9.898608550429e-03,5.899240449071e-02,0.000000000000e+00,1,0.000000000000e+00,True
2923,PHYSICAL_MESH,-0.2357421875,0.0225551801,9.898575022817e-03,5.694878846407e-02,0.000000000000e+00,1,0.000000000000e+00,True
2924,PHYSICAL_MESH,-0.2117187500,0.0225551801,9.898535907269e-03,5.490516126156e-02,0.000000000000e+00,1,0.000000000000e+00,True
2925,PHYSICAL_MESH,-0.1876953125,0.0225551801,9.898493066430e-03,5.286151170731e-02,0.000000000000e+00,1,0.000000000000e+00,True
2926,PHYSICAL_MESH,-0.1636718750,0.0225551801,9.898445568979e-03,5.081784352660e-02,0.000000000000e+00,1,0.000000000000e+00,True
2927,PHYSICAL_MESH,-0.1396484375,0.0225551801,9.898395277560e-03,4.877414554358e-02,0.000000000000e+00,1,0.000000000000e+00,True
2928,PHYSICAL_MESH,-0.1156250000,0.0225551801,9.898343123496e-03,4.673041403294e-02,0.000000000000e+00,1,0.000000000000e+00,True
2929,PHYSICAL_MESH,-0.0906250000,0.0225551801,9.898288175464e-03,4.460356384516e-02,0.000000000000e+00,1,0.000000000000e+00,True
2930,PHYSICAL_MESH,-0.0737500000,0.0225551801,9.898253716528e-03,4.316790774465e-02,0.000000000000e+00,1,0.000000000000e+00,True
2931,PHYSICAL_MESH,-0.0625000000,0.0225551801,9.898231364787e-03,4.221078753471e-02,0.000000000000e+00,1,0.000000000000e+00,True
2932,PHYSICAL_MESH,-0.0550000000,0.0225551801,9.898218326271e-03,4.157270118594e-02,0.000000000000e+00,1,0.000000000000e+00,True
2933,PHYSICAL_MESH,-0.0500000000,0.0225551801,9.898209013045e-03,4.114730656147e-02,0.000000000000e+00,1,0.000000000000e+00,True
2934,PHYSICAL_MESH,-0.0450000000,0.0225551801,9.898200631142e-03,4.072191193700e-02,0.000000000000e+00,1,0.000000000000e+00,True
2935,PHYSICAL_MESH,-0.0400000000,0.0225551801,9.898192249238e-03,4.029650986195e-02,0.000000000000e+00,1,0.000000000000e+00,True
2936,PHYSICAL_MESH,-0.0350000000,0.0225551801,9.898183867335e-03,3.987110778689e-02,0.000000000000e+00,1,0.000000000000e+00,True
2937,PHYSICAL_MESH,-0.0300000000,0.0225551801,9.898175485432e-03,3.944570198655e-02,0.000000000000e+00,1,0.000000000000e+00,True
2938,PHYSICAL_MESH,-0.0250000000,0.0225551801,9.898168034852e-03,3.902028873563e-02,0.000000000000e+00,1,0.000000000000e+00,True
2939,PHYSICAL_MESH,-0.0200000000,0.0225551801,9.898159652948e-03,3.859487548470e-02,0.000000000000e+00,1,0.000000000000e+00,True
2940,PHYSICAL_MESH,-0.0150000000,0.0225551801,9.898150339723e-03,3.816945478320e-02,0.000000000000e+00,1,0.000000000000e+00,True
2941,PHYSICAL_MESH,-0.0100000000,0.0225551801,9.898140095174e-03,3.774402290583e-02,0.000000000000e+00,1,0.000000000000e+00,True
2942,PHYSICAL_MESH,-0.0050000000,0.0225551801,9.898125194013e-03,3.731857612729e-02,0.000000000000e+00,1,0.000000000000e+00,True
2943,PHYSICAL_MESH,0.0000000000,0.0225551801,9.898103773594e-03,3.689311072230e-02,0.000000000000e+00,1,0.000000000000e+00,True
2944,PHYSICAL_MESH,0.0050000000,0.0225551801,9.898072108626e-03,3.646761924028e-02,0.000000000000e+00,1,0.000000000000e+00,True
2945,PHYSICAL_MESH,0.0100000000,0.0225551801,9.898027405143e-03,3.604209795594e-02,0.000000000000e+00,1,0.000000000000e+00,True
2946,PHYSICAL_MESH,0.0150000000,0.0225551801,9.897971525788e-03,3.561654314399e-02,0.000000000000e+00,1,0.000000000000e+00,True
2947,PHYSICAL_MESH,0.0200000000,0.0225551801,9.897910989821e-03,3.519096970558e-02,0.000000000000e+00,1,0.000000000000e+00,True
2948,PHYSICAL_MESH,0.0250000000,0.0225551801,9.897857904434e-03,3.476538509130e-02,0.000000000000e+00,1,0.000000000000e+00,True
2949,PHYSICAL_MESH,0.0300000000,0.0225551801,9.897816926241e-03,3.433977812529e-02,0.000000000000e+00,1,0.000000000000e+00,True
2950,PHYSICAL_MESH,0.0350000000,0.0225551801,9.897793643177e-03,3.391416370869e-02,0.000000000000e+00,1,0.000000000000e+00,True
2951,PHYSICAL_MESH,0.0400000000,0.0225551801,9.897799231112e-03,3.348855301738e-02,0.000000000000e+00,1,0.000000000000e+00,True
2952,PHYSICAL_MESH,0.0450000000,0.0225551801,9.897829964757e-03,3.306290507317e-02,0.000000000000e+00,1,0.000000000000e+00,True
2953,PHYSICAL_MESH,0.0500000000,0.0225551801,9.897877462208e-03,3.263723105192e-02,0.000000000000e+00,1,0.000000000000e+00,True
2954,PHYSICAL_MESH,0.0550000000,0.0225551801,9.897958487272e-03,3.221156820655e-02,0.000000000000e+00,1,0.000000000000e+00,True
2955,PHYSICAL_MESH,0.0600000000,0.0225551801,9.898076765239e-03,3.178588300943e-02,0.000000000000e+00,1,0.000000000000e+00,True
2956,PHYSICAL_MESH,0.0650000000,0.0225551801,9.898213669658e-03,3.136008232832e-02,0.000000000000e+00,1,0.000000000000e+00,True
2957,PHYSICAL_MESH,0.0700000000,0.0225551801,9.898451156914e-03,3.093412332237e-02,0.000000000000e+00,1,0.000000000000e+00,True
2958,PHYSICAL_MESH,0.0750000000,0.0225551801,9.898999705911e-03,3.050815872848e-02,0.000000000000e+00,1,0.000000000000e+00,True
2959,PHYSICAL_MESH,0.0800000000,0.0225551801,9.899783879519e-03,3.008239530027e-02,0.000000000000e+00,1,0.000000000000e+00,True
2960,PHYSICAL_MESH,0.0850000000,0.0225551801,9.900563396513e-03,2.965676039457e-02,0.000000000000e+00,1,0.000000000000e+00,True
2961,PHYSICAL_MESH,0.0900000000,0.0225551801,9.901202283800e-03,2.923113852739e-02,0.000000000000e+00,1,0.000000000000e+00,True
2962,PHYSICAL_MESH,0.0950000000,0.0225551801,9.901935234666e-03,2.880537696183e-02,0.000000000000e+00,1,0.000000000000e+00,True
2963,PHYSICAL_MESH,0.1000000000,0.0225551801,9.902881458402e-03,2.837939001620e-02,0.000000000000e+00,1,0.000000000000e+00,True
2964,PHYSICAL_MESH,0.1050000000,0.0225551801,9.903856553137e-03,2.795329876244e-02,0.000000000000e+00,1,0.000000000000e+00,True
2965,PHYSICAL_MESH,0.1100000000,0.0225551801,9.904776699841e-03,2.752718701959e-02,0.000000000000e+00,1,0.000000000000e+00,True
2966,PHYSICAL_MESH,0.1150000000,0.0225551801,9.905668906868e-03,2.710103616118e-02,0.000000000000e+00,1,0.000000000000e+00,True
2967,PHYSICAL_MESH,0.1225000000,0.0225551801,9.906961582601e-03,2.646171860397e-02,0.000000000000e+00,1,0.000000000000e+00,True
2968,PHYSICAL_MESH,0.1337500000,0.0225551801,9.908786043525e-03,2.550266496837e-02,0.000000000000e+00,1,0.000000000000e+00,True
2969,PHYSICAL_MESH,0.1506250000,0.0225551801,9.911227039993e-03,2.406416460872e-02,0.000000000000e+00,1,0.000000000000e+00,True
2970,PHYSICAL_MESH,0.1756250000,0.0225551801,9.914259426296e-03,2.193357981741e-02,0.000000000000e+00,1,0.000000000000e+00,True
2971,PHYSICAL_MESH,0.2005769231,0.0225551801,9.916812181473e-03,1.980775222182e-02,0.000000000000e+00,1,0.000000000000e+00,True
2972,PHYSICAL_MESH,0.2255288462,0.0225551801,9.919092059135e-03,1.768227107823e-02,0.000000000000e+00,1,0.000000000000e+00,True
2973,PHYSICAL_MESH,0.2504807693,0.0225551801,9.921121411026e-03,1.555680017918e-02,0.000000000000e+00,1,0.000000000000e+00,True
2974,PHYSICAL_MESH,0.2754326924,0.0225551801,9.922695346177e-03,1.343104057014e-02,0.000000000000e+00,1,0.000000000000e+00,True
2975,PHYSICAL_MESH,0.3003846155,0.0225551801,9.923113510013e-03,1.130493264645e-02,0.000000000000e+00,1,0.000000000000e+00,True
2976,PHYSICAL_MESH,0.3253365386,0.0225551801,9.920818731189e-03,9.179356507957e-03,0.000000000000e+00,1,0.000000000000e+00,True
2977,PHYSICAL_MESH,0.3502884617,0.0225551801,9.913372807205e-03,7.057337090373e-03,0.000000000000e+00,1,0.000000000000e+00,True
2978,PHYSICAL_MESH,0.3752403848,0.0225551801,9.898475371301e-03,4.945663735271e-03,0.000000000000e+00,1,0.000000000000e+00,True
2979,PHYSICAL_MESH,0.4001923079,0.0225551801,9.876964613795e-03,2.855203812942e-03,0.000000000000e+00,1,0.000000000000e+00,True
2980,PHYSICAL_MESH,0.4251442310,0.0225551801,9.856406599283e-03,7.956992485560e-04,0.000000000000e+00,1,0.000000000000e+00,True
2981,PHYSICAL_MESH,0.4500961541,0.0225551801,9.849132038653e-03,-1.236880663782e-03,0.000000000000e+00,1,0.000000000000e+00,True
2982,PHYSICAL_MESH,0.4750480772,0.0225551801,9.864372201264e-03,-3.263804828748e-03,0.000000000000e+00,1,0.000000000000e+00,True
2983,PHYSICAL_MESH,0.5000000000,0.0225551801,9.902375750244e-03,-5.321356933564e-03,0.000000000000e+00,1,0.000000000000e+00,True
2984,PHYSICAL_MESH,-0.5000000000,0.0274957575,1.031900383532e-02,7.942832261324e-02,0.000000000000e+00,1,0.000000000000e+00,True
2985,PHYSICAL_MESH,-0.4759765625,0.0274957575,1.031900383532e-02,7.738472521305e-02,0.000000000000e+00,1,0.000000000000e+00,True
2986,PHYSICAL_MESH,-0.4519531250,0.0274957575,1.031900290400e-02,7.534113526344e-02,0.000000000000e+00,1,0.000000000000e+00,True
2987,PHYSICAL_MESH,-0.4279296875,0.0274957575,1.031900011003e-02,7.329754531384e-02,0.000000000000e+00,1,0.000000000000e+00,True
2988,PHYSICAL_MESH,-0.4039062500,0.0274957575,1.031899545342e-02,7.125396281481e-02,0.000000000000e+00,1,0.000000000000e+00,True
2989,PHYSICAL_MESH,-0.3798828125,0.0274957575,1.031898800284e-02,6.921037286520e-02,0.000000000000e+00,1,0.000000000000e+00,True
2990,PHYSICAL_MESH,-0.3558593750,0.0274957575,1.031897682697e-02,6.716679036617e-02,0.000000000000e+00,1,0.000000000000e+00,True
2991,PHYSICAL_MESH,-0.3318359375,0.0274957575,1.031896285713e-02,6.512320041656e-02,0.000000000000e+00,1,0.000000000000e+00,True
2992,PHYSICAL_MESH,-0.3078125000,0.0274957575,1.031894423068e-02,6.307961046696e-02,0.000000000000e+00,1,0.000000000000e+00,True
2993,PHYSICAL_MESH,-0.2837890625,0.0274957575,1.031892187893e-02,6.103601306677e-02,0.000000000000e+00,1,0.000000000000e+00,True
2994,PHYSICAL_MESH,-0.2597656250,0.0274957575,1.031889487058e-02,5.899240821600e-02,0.000000000000e+00,1,0.000000000000e+00,True
2995,PHYSICAL_MESH,-0.2357421875,0.0274957575,1.031886320561e-02,5.694879218936e-02,0.000000000000e+00,1,0.000000000000e+00,True
2996,PHYSICAL_MESH,-0.2117187500,0.0274957575,1.031882781535e-02,5.490516498685e-02,0.000000000000e+00,1,0.000000000000e+00,True
2997,PHYSICAL_MESH,-0.1876953125,0.0274957575,1.031878776848e-02,5.286151543260e-02,0.000000000000e+00,1,0.000000000000e+00,True
2998,PHYSICAL_MESH,-0.1636718750,0.0274957575,1.031874492764e-02,5.081784725189e-02,0.000000000000e+00,1,0.000000000000e+00,True
2999,PHYSICAL_MESH,-0.1396484375,0.0274957575,1.031870022416e-02,4.877414926887e-02,0.000000000000e+00,1,0.000000000000e+00,True
3000,PHYSICAL_MESH,-0.1156250000,0.0274957575,1.031865365803e-02,4.673042148352e-02,0.000000000000e+00,1,0.000000000000e+00,True
3001,PHYSICAL_MESH,-0.0906250000,0.0274957575,1.031860616058e-02,4.460356757045e-02,0.000000000000e+00,1,0.000000000000e+00,True
3002,PHYSICAL_MESH,-0.0737500000,0.0274957575,1.031857635826e-02,4.316791146994e-02,0.000000000000e+00,1,0.000000000000e+00,True
3003,PHYSICAL_MESH,-0.0625000000,0.0274957575,1.031855773181e-02,4.221079498529e-02,0.000000000000e+00,1,0.000000000000e+00,True
3004,PHYSICAL_MESH,-0.0550000000,0.0274957575,1.031854562461e-02,4.157270863652e-02,0.000000000000e+00,1,0.000000000000e+00,True
3005,PHYSICAL_MESH,-0.0500000000,0.0274957575,1.031853817403e-02,4.114731401205e-02,0.000000000000e+00,1,0.000000000000e+00,True
3006,PHYSICAL_MESH,-0.0450000000,0.0274957575,1.031853072345e-02,4.072191566229e-02,0.000000000000e+00,1,0.000000000000e+00,True
3007,PHYSICAL_MESH,-0.0400000000,0.0274957575,1.031852327287e-02,4.029651358724e-02,0.000000000000e+00,1,0.000000000000e+00,True
3008,PHYSICAL_MESH,-0.0350000000,0.0274957575,1.031851675361e-02,3.987111151218e-02,0.000000000000e+00,1,0.000000000000e+00,True
3009,PHYSICAL_MESH,-0.0300000000,0.0274957575,1.031850930303e-02,3.944570571184e-02,0.000000000000e+00,1,0.000000000000e+00,True
3010,PHYSICAL_MESH,-0.0250000000,0.0274957575,1.031850185245e-02,3.902029246092e-02,0.000000000000e+00,1,0.000000000000e+00,True
3011,PHYSICAL_MESH,-0.0200000000,0.0274957575,1.031849347055e-02,3.859487921000e-02,0.000000000000e+00,1,0.000000000000e+00,True
3012,PHYSICAL_MESH,-0.0150000000,0.0274957575,1.031848415732e-02,3.816945478320e-02,0.000000000000e+00,1,0.000000000000e+00,True
3013,PHYSICAL_MESH,-0.0100000000,0.0274957575,1.031847391278e-02,3.774402663112e-02,0.000000000000e+00,1,0.000000000000e+00,True
3014,PHYSICAL_MESH,-0.0050000000,0.0274957575,1.031845994294e-02,3.731858357787e-02,0.000000000000e+00,1,0.000000000000e+00,True
3015,PHYSICAL_MESH,0.0000000000,0.0274957575,1.031844224781e-02,3.689312189817e-02,0.000000000000e+00,1,0.000000000000e+00,True
3016,PHYSICAL_MESH,0.0050000000,0.0274957575,1.031841896474e-02,3.646764159203e-02,0.000000000000e+00,1,0.000000000000e+00,True
3017,PHYSICAL_MESH,0.0100000000,0.0274957575,1.031838823110e-02,3.604213893414e-02,0.000000000000e+00,1,0.000000000000e+00,True
3018,PHYSICAL_MESH,0.0150000000,0.0274957575,1.031835284084e-02,3.561661392450e-02,0.000000000000e+00,1,0.000000000000e+00,True
3019,PHYSICAL_MESH,0.0200000000,0.0274957575,1.031831838191e-02,3.519107028842e-02,0.000000000000e+00,1,0.000000000000e+00,True
3020,PHYSICAL_MESH,0.0250000000,0.0274957575,1.031829044223e-02,3.476551175117e-02,0.000000000000e+00,1,0.000000000000e+00,True
3021,PHYSICAL_MESH,0.0300000000,0.0274957575,1.031827647239e-02,3.433994203806e-02,0.000000000000e+00,1,0.000000000000e+00,True
3022,PHYSICAL_MESH,0.0350000000,0.0274957575,1.031828206033e-02,3.391436114907e-02,0.000000000000e+00,1,0.000000000000e+00,True
3023,PHYSICAL_MESH,0.0400000000,0.0274957575,1.031831279397e-02,3.348876908422e-02,0.000000000000e+00,1,0.000000000000e+00,True
3024,PHYSICAL_MESH,0.0450000000,0.0274957575,1.031836960465e-02,3.306315839291e-02,0.000000000000e+00,1,0.000000000000e+00,True
3025,PHYSICAL_MESH,0.0500000000,0.0274957575,1.031845528632e-02,3.263754025102e-02,0.000000000000e+00,1,0.000000000000e+00,True
3026,PHYSICAL_MESH,0.0550000000,0.0274957575,1.031857542694e-02,3.221190720797e-02,0.000000000000e+00,1,0.000000000000e+00,True
3027,PHYSICAL_MESH,0.0600000000,0.0274957575,1.031873468310e-02,3.178624436259e-02,0.000000000000e+00,1,0.000000000000e+00,True
3028,PHYSICAL_MESH,0.0650000000,0.0274957575,1.031893305480e-02,3.136054053903e-02,0.000000000000e+00,1,0.000000000000e+00,True
3029,PHYSICAL_MESH,0.0700000000,0.0274957575,1.031920965761e-02,3.093480318785e-02,0.000000000000e+00,1,0.000000000000e+00,True
3030,PHYSICAL_MESH,0.0750000000,0.0274957575,1.031961571425e-02,3.050903417170e-02,0.000000000000e+00,1,0.000000000000e+00,True
3031,PHYSICAL_MESH,0.0800000000,0.0274957575,1.032012607902e-02,3.008321672678e-02,0.000000000000e+00,1,0.000000000000e+00,True
3032,PHYSICAL_MESH,0.0850000000,0.0274957575,1.032070256770e-02,2.965734712780e-02,0.000000000000e+00,1,0.000000000000e+00,True
3033,PHYSICAL_MESH,0.0900000000,0.0274957575,1.032129209489e-02,2.923145331442e-02,0.000000000000e+00,1,0.000000000000e+00,True
3034,PHYSICAL_MESH,0.0950000000,0.0274957575,1.032193191350e-02,2.880551479757e-02,0.000000000000e+00,1,0.000000000000e+00,True
3035,PHYSICAL_MESH,0.1000000000,0.0274957575,1.032267324626e-02,2.837948501110e-02,0.000000000000e+00,1,0.000000000000e+00,True
3036,PHYSICAL_MESH,0.1050000000,0.0274957575,1.032347790897e-02,2.795339561999e-02,0.000000000000e+00,1,0.000000000000e+00,True
3037,PHYSICAL_MESH,0.1100000000,0.0274957575,1.032431051135e-02,2.752727642655e-02,0.000000000000e+00,1,0.000000000000e+00,True
3038,PHYSICAL_MESH,0.1150000000,0.0274957575,1.032515615225e-02,2.710111811757e-02,0.000000000000e+00,1,0.000000000000e+00,True
3039,PHYSICAL_MESH,0.1225000000,0.0274957575,1.032641530037e-02,2.646180987358e-02,0.000000000000e+00,1,0.000000000000e+00,True
3040,PHYSICAL_MESH,0.1337500000,0.0274957575,1.032821089029e-02,2.550277486444e-02,0.000000000000e+00,1,0.000000000000e+00,True
3041,PHYSICAL_MESH,0.1506250000,0.0274957575,1.033061090857e-02,2.406429871917e-02,0.000000000000e+00,1,0.000000000000e+00,True
3042,PHYSICAL_MESH,0.1756250000,0.0274957575,1.033354829997e-02,2.193374931812e-02,0.000000000000e+00,1,0.000000000000e+00,True
3043,PHYSICAL_MESH,0.2005769231,0.0274957575,1.033596787602e-02,1.980794966221e-02,0.000000000000e+00,1,0.000000000000e+00,True
3044,PHYSICAL_MESH,0.2255288462,0.0274957575,1.033804286271e-02,1.768252812326e-02,0.000000000000e+00,1,0.000000000000e+00,True
3045,PHYSICAL_MESH,0.2504807693,0.0274957575,1.033975929022e-02,1.555718667805e-02,0.000000000000e+00,1,0.000000000000e+00,True
3046,PHYSICAL_MESH,0.2754326924,0.0274957575,1.034085918218e-02,1.343168970197e-02,0.000000000000e+00,1,0.000000000000e+00,True
3047,PHYSICAL_MESH,0.3003846155,0.0274957575,1.034059748054e-02,1.130610890687e-02,0.000000000000e+00,1,0.000000000000e+00,True
3048,PHYSICAL_MESH,0.3253365386,0.0274957575,1.033747289330e-02,9.181490167975e-03,0.000000000000e+00,1,0.000000000000e+00,True
3049,PHYSICAL_MESH,0.3502884617,0.0274957575,1.032932102680e-02,7.060896605253e-03,0.000000000000e+00,1,0.000000000000e+00,True
3050,PHYSICAL_MESH,0.3752403848,0.0274957575,1.031437050551e-02,4.950676579028e-03,0.000000000000e+00,1,0.000000000000e+00,True
3051,PHYSICAL_MESH,0.4001923079,0.0274957575,1.029385626316e-02,2.860285341740e-03,0.000000000000e+00,1,0.000000000000e+00,True
3052,PHYSICAL_MESH,0.4251442310,0.0274957575,1.027479954064e-02,7.974480395205e-04,0.000000000000e+00,1,0.000000000000e+00,True
3053,PHYSICAL_MESH,0.4500961541,0.0274957575,1.026817131788e-02,-1.242108992301e-03,0.000000000000e+00,1,0.000000000000e+00,True
3054,PHYSICAL_MESH,0.4750480772,0.0274957575,1.028223801404e-02,-3.277712501585e-03,0.000000000000e+00,1,0.000000000000e+00,True
3055,PHYSICAL_MESH,0.5000000000,0.0274957575,1.031705457717e-02,-5.342499818653e-03,0.000000000000e+00,1,0.000000000000e+00,True
3056,PHYSICAL_MESH,-0.5000000000,0.0324363349,1.073928270489e-02,7.942832261324e-02,0.000000000000e+00,1,0.000000000000e+00,True
3057,PHYSICAL_MESH,-0.4759765625,0.0324363349,1.073928270489e-02,7.738472521305e-02,0.000000000000e+00,1,0.000000000000e+00,True
3058,PHYSICAL_MESH,-0.4519531250,0.0324363349,1.073928177357e-02,7.534113526344e-02,0.000000000000e+00,1,0.000000000000e+00,True
3059,PHYSICAL_MESH,-0.4279296875,0.0324363349,1.073927991092e-02,7.329754531384e-02,0.000000000000e+00,1,0.000000000000e+00,True
3060,PHYSICAL_MESH,-0.4039062500,0.0324363349,1.073927525431e-02,7.125396281481e-02,0.000000000000e+00,1,0.000000000000e+00,True
3061,PHYSICAL_MESH,-0.3798828125,0.0324363349,1.073926780373e-02,6.921037286520e-02,0.000000000000e+00,1,0.000000000000e+00,True
3062,PHYSICAL_MESH,-0.3558593750,0.0324363349,1.073925755918e-02,6.716679036617e-02,0.000000000000e+00,1,0.000000000000e+00,True
3063,PHYSICAL_MESH,-0.3318359375,0.0324363349,1.073924358934e-02,6.512320041656e-02,0.000000000000e+00,1,0.000000000000e+00,True
3064,PHYSICAL_MESH,-0.3078125000,0.0324363349,1.073922682554e-02,6.307961046696e-02,0.000000000000e+00,1,0.000000000000e+00,True
3065,PHYSICAL_MESH,-0.2837890625,0.0324363349,1.073920540512e-02,6.103601679206e-02,0.000000000000e+00,1,0.000000000000e+00,True
3066,PHYSICAL_MESH,-0.2597656250,0.0324363349,1.073918025941e-02,5.899241194129e-02,0.000000000000e+00,1,0.000000000000e+00,True
3067,PHYSICAL_MESH,-0.2357421875,0.0324363349,1.073915138841e-02,5.694879591465e-02,0.000000000000e+00,1,0.000000000000e+00,True
3068,PHYSICAL_MESH,-0.2117187500,0.0324363349,1.073911879212e-02,5.490516498685e-02,0.000000000000e+00,1,0.000000000000e+00,True
3069,PHYSICAL_MESH,-0.1876953125,0.0324363349,1.073908340186e-02,5.286151915789e-02,0.000000000000e+00,1,0.000000000000e+00,True
3070,PHYSICAL_MESH,-0.1636718750,0.0324363349,1.073904521763e-02,5.081785097718e-02,0.000000000000e+00,1,0.000000000000e+00,True
3071,PHYSICAL_MESH,-0.1396484375,0.0324363349,1.073900517076e-02,4.877415299416e-02,0.000000000000e+00,1,0.000000000000e+00,True
3072,PHYSICAL_MESH,-0.1156250000,0.0324363349,1.073896419257e-02,4.673042520881e-02,0.000000000000e+00,1,0.000000000000e+00,True
3073,PHYSICAL_MESH,-0.0906250000,0.0324363349,1.073892414570e-02,4.460357129574e-02,0.000000000000e+00,1,0.000000000000e+00,True
3074,PHYSICAL_MESH,-0.0737500000,0.0324363349,1.073889899999e-02,4.316791519523e-02,0.000000000000e+00,1,0.000000000000e+00,True
3075,PHYSICAL_MESH,-0.0625000000,0.0324363349,1.073888316751e-02,4.221079871058e-02,0.000000000000e+00,1,0.000000000000e+00,True
3076,PHYSICAL_MESH,-0.0550000000,0.0324363349,1.073887292296e-02,4.157271236181e-02,0.000000000000e+00,1,0.000000000000e+00,True
3077,PHYSICAL_MESH,-0.0500000000,0.0324363349,1.073886640370e-02,4.114731773734e-02,0.000000000000e+00,1,0.000000000000e+00,True
3078,PHYSICAL_MESH,-0.0450000000,0.0324363349,1.073885988444e-02,4.072191938758e-02,0.000000000000e+00,1,0.000000000000e+00,True
3079,PHYSICAL_MESH,-0.0400000000,0.0324363349,1.073885336518e-02,4.029652103782e-02,0.000000000000e+00,1,0.000000000000e+00,True
3080,PHYSICAL_MESH,-0.0350000000,0.0324363349,1.073884777725e-02,3.987111523747e-02,0.000000000000e+00,1,0.000000000000e+00,True
3081,PHYSICAL_MESH,-0.0300000000,0.0324363349,1.073884125799e-02,3.944570943713e-02,0.000000000000e+00,1,0.000000000000e+00,True
3082,PHYSICAL_MESH,-0.0250000000,0.0324363349,1.073883380741e-02,3.902029618621e-02,0.000000000000e+00,1,0.000000000000e+00,True
3083,PHYSICAL_MESH,-0.0200000000,0.0324363349,1.073882728815e-02,3.859488293529e-02,0.000000000000e+00,1,0.000000000000e+00,True
3084,PHYSICAL_MESH,-0.0150000000,0.0324363349,1.073881890625e-02,3.816945850849e-02,0.000000000000e+00,1,0.000000000000e+00,True
3085,PHYSICAL_MESH,-0.0100000000,0.0324363349,1.073880959302e-02,3.774402663112e-02,0.000000000000e+00,1,0.000000000000e+00,True
3086,PHYSICAL_MESH,-0.0050000000,0.0324363349,1.073879841715e-02,3.731858357787e-02,0.000000000000e+00,1,0.000000000000e+00,True
3087,PHYSICAL_MESH,0.0000000000,0.0324363349,1.073878537863e-02,3.689312562346e-02,0.000000000000e+00,1,0.000000000000e+00,True
3088,PHYSICAL_MESH,0.0050000000,0.0324363349,1.073876954615e-02,3.646765276790e-02,0.000000000000e+00,1,0.000000000000e+00,True
3089,PHYSICAL_MESH,0.0100000000,0.0324363349,1.073875091970e-02,3.604215756059e-02,0.000000000000e+00,1,0.000000000000e+00,True
3090,PHYSICAL_MESH,0.0150000000,0.0324363349,1.073873229325e-02,3.561664372683e-02,0.000000000000e+00,1,0.000000000000e+00,True
3091,PHYSICAL_MESH,0.0200000000,0.0324363349,1.073871646076e-02,3.519111126661e-02,0.000000000000e+00,1,0.000000000000e+00,True
3092,PHYSICAL_MESH,0.0250000000,0.0324363349,1.073870994151e-02,3.476556017995e-02,0.000000000000e+00,1,0.000000000000e+00,True
3093,PHYSICAL_MESH,0.0300000000,0.0324363349,1.073871646076e-02,3.434000164270e-02,0.000000000000e+00,1,0.000000000000e+00,True
3094,PHYSICAL_MESH,0.0350000000,0.0324363349,1.073874253780e-02,3.391442447901e-02,0.000000000000e+00,1,0.000000000000e+00,True
3095,PHYSICAL_MESH,0.0400000000,0.0324363349,1.073879189789e-02,3.348883241415e-02,0.000000000000e+00,1,0.000000000000e+00,True
3096,PHYSICAL_MESH,0.0450000000,0.0324363349,1.073887012899e-02,3.306322544813e-02,0.000000000000e+00,1,0.000000000000e+00,True
3097,PHYSICAL_MESH,0.0500000000,0.0324363349,1.073897909373e-02,3.263759985566e-02,0.000000000000e+00,1,0.000000000000e+00,True
3098,PHYSICAL_MESH,0.0550000000,0.0324363349,1.073912344873e-02,3.221195191145e-02,0.000000000000e+00,1,0.000000000000e+00,True
3099,PHYSICAL_MESH,0.0600000000,0.0324363349,1.073930412531e-02,3.178627789021e-02,0.000000000000e+00,1,0.000000000000e+00,True
3100,PHYSICAL_MESH,0.0650000000,0.0324363349,1.073952671140e-02,3.136057034135e-02,0.000000000000e+00,1,0.000000000000e+00,True
3101,PHYSICAL_MESH,0.0700000000,0.0324363349,1.073980797082e-02,3.093482553959e-02,0.000000000000e+00,1,0.000000000000e+00,True
3102,PHYSICAL_MESH,0.0750000000,0.0324363349,1.074016280472e-02,3.050903789699e-02,0.000000000000e+00,1,0.000000000000e+00,True
3103,PHYSICAL_MESH,0.0800000000,0.0324363349,1.074059121311e-02,3.008320182562e-02,0.000000000000e+00,1,0.000000000000e+00,True
3104,PHYSICAL_MESH,0.0850000000,0.0324363349,1.074107456952e-02,2.965731918812e-02,0.000000000000e+00,1,0.000000000000e+00,True
3105,PHYSICAL_MESH,0.0900000000,0.0324363349,1.074159611017e-02,2.923139929771e-02,0.000000000000e+00,1,0.000000000000e+00,True
3106,PHYSICAL_MESH,0.0950000000,0.0324363349,1.074215956032e-02,2.880543656647e-02,0.000000000000e+00,1,0.000000000000e+00,True
3107,PHYSICAL_MESH,0.1000000000,0.0324363349,1.074277423322e-02,2.837941795588e-02,0.000000000000e+00,1,0.000000000000e+00,True
3108,PHYSICAL_MESH,0.1050000000,0.0324363349,1.074344012886e-02,2.795335277915e-02,0.000000000000e+00,1,0.000000000000e+00,True
3109,PHYSICAL_MESH,0.1100000000,0.0324363349,1.074415352196e-02,2.752725034952e-02,0.000000000000e+00,1,0.000000000000e+00,True
3110,PHYSICAL_MESH,0.1150000000,0.0324363349,1.074490137398e-02,2.710110880435e-02,0.000000000000e+00,1,0.000000000000e+00,True
3111,PHYSICAL_MESH,0.1225000000,0.0324363349,1.074604876339e-02,2.646183781326e-02,0.000000000000e+00,1,0.000000000000e+00,True
3112,PHYSICAL_MESH,0.1337500000,0.0324363349,1.074773911387e-02,2.550285309553e-02,0.000000000000e+00,1,0.000000000000e+00,True
3113,PHYSICAL_MESH,0.1506250000,0.0324363349,1.075003948063e-02,2.406443096697e-02,0.000000000000e+00,1,0.000000000000e+00,True
3114,PHYSICAL_MESH,0.1756250000,0.0324363349,1.075285021216e-02,2.193393558264e-02,0.000000000000e+00,1,0.000000000000e+00,True
3115,PHYSICAL_MESH,0.2005769231,0.0324363349,1.075511798263e-02,1.980817690492e-02,0.000000000000e+00,1,0.000000000000e+00,True
3116,PHYSICAL_MESH,0.2255288462,0.0324363349,1.075697317719e-02,1.768282987177e-02,0.000000000000e+00,1,0.000000000000e+00,True
3117,PHYSICAL_MESH,0.2504807693,0.0324363349,1.075836922973e-02,1.555763557553e-02,0.000000000000e+00,1,0.000000000000e+00,True
3118,PHYSICAL_MESH,0.2754326924,0.0324363349,1.075900159776e-02,1.343242265284e-02,0.000000000000e+00,1,0.000000000000e+00,True
3119,PHYSICAL_MESH,0.3003846155,0.0324363349,1.075809635222e-02,1.130738481879e-02,0.000000000000e+00,1,0.000000000000e+00,True
3120,PHYSICAL_MESH,0.3253365386,0.0324363349,1.075423415750e-02,9.183689951897e-03,0.000000000000e+00,1,0.000000000000e+00,True
3121,PHYSICAL_MESH,0.3502884617,0.0324363349,1.074551790953e-02,7.064391858876e-03,0.000000000000e+00,1,0.000000000000e+00,True
3122,PHYSICAL_MESH,0.3752403848,0.0324363349,1.073063816875e-02,4.955375567079e-03,0.000000000000e+00,1,0.000000000000e+00,True
3123,PHYSICAL_MESH,0.4001923079,0.0324363349,1.071113254875e-02,2.864833455533e-03,0.000000000000e+00,1,0.000000000000e+00,True
3124,PHYSICAL_MESH,0.4251442310,0.0324363349,1.069351285696e-02,7.988170837052e-04,0.000000000000e+00,1,0.000000000000e+00,True
3125,PHYSICAL_MESH,0.4500961541,0.0324363349,1.068755052984e-02,-1.247130683623e-03,0.000000000000e+00,1,0.000000000000e+00,True
3126,PHYSICAL_MESH,0.4750480772,0.0324363349,1.070061698556e-02,-3.290620865300e-03,0.000000000000e+00,1,0.000000000000e+00,True
3127,PHYSICAL_MESH,0.5000000000,0.0324363349,1.073257904500e-02,-5.361825227737e-03,0.000000000000e+00,1,0.000000000000e+00,True
3128,PHYSICAL_MESH,-0.5000000000,0.0373769123,1.115956157446e-02,7.942832261324e-02,0.000000000000e+00,1,0.000000000000e+00,True
3129,PHYSICAL_MESH,-0.4759765625,0.0373769123,1.115956157446e-02,7.738472521305e-02,0.000000000000e+00,1,0.000000000000e+00,True
3130,PHYSICAL_MESH,-0.4519531250,0.0373769123,1.115956064314e-02,7.534113526344e-02,0.000000000000e+00,1,0.000000000000e+00,True
3131,PHYSICAL_MESH,-0.4279296875,0.0373769123,1.115955878049e-02,7.329754531384e-02,0.000000000000e+00,1,0.000000000000e+00,True
3132,PHYSICAL_MESH,-0.4039062500,0.0373769123,1.115955412388e-02,7.125396281481e-02,0.000000000000e+00,1,0.000000000000e+00,True
3133,PHYSICAL_MESH,-0.3798828125,0.0373769123,1.115954760462e-02,6.921037286520e-02,0.000000000000e+00,1,0.000000000000e+00,True
3134,PHYSICAL_MESH,-0.3558593750,0.0373769123,1.115953829139e-02,6.716679036617e-02,0.000000000000e+00,1,0.000000000000e+00,True
3135,PHYSICAL_MESH,-0.3318359375,0.0373769123,1.115952525288e-02,6.512320786715e-02,0.000000000000e+00,1,0.000000000000e+00,True
3136,PHYSICAL_MESH,-0.3078125000,0.0373769123,1.115950942039e-02,6.307961046696e-02,0.000000000000e+00,1,0.000000000000e+00,True
3137,PHYSICAL_MESH,-0.2837890625,0.0373769123,1.115948986262e-02,6.103601679206e-02,0.000000000000e+00,1,0.000000000000e+00,True
3138,PHYSICAL_MESH,-0.2597656250,0.0373769123,1.115946657956e-02,5.899241194129e-02,0.000000000000e+00,1,0.000000000000e+00,True
3139,PHYSICAL_MESH,-0.2357421875,0.0373769123,1.115944050252e-02,5.694879963994e-02,0.000000000000e+00,1,0.000000000000e+00,True
3140,PHYSICAL_MESH,-0.2117187500,0.0373769123,1.115941070020e-02,5.490516871214e-02,0.000000000000e+00,1,0.000000000000e+00,True
3141,PHYSICAL_MESH,-0.1876953125,0.0373769123,1.115937903523e-02,5.286152288318e-02,0.000000000000e+00,1,0.000000000000e+00,True
3142,PHYSICAL_MESH,-0.1636718750,0.0373769123,1.115934457630e-02,5.081785470247e-02,0.000000000000e+00,1,0.000000000000e+00,True
3143,PHYSICAL_MESH,-0.1396484375,0.0373769123,1.115930918604e-02,4.877415671945e-02,0.000000000000e+00,1,0.000000000000e+00,True
3144,PHYSICAL_MESH,-0.1156250000,0.0373769123,1.115927472711e-02,4.673042893410e-02,0.000000000000e+00,1,0.000000000000e+00,True
3145,PHYSICAL_MESH,-0.0906250000,0.0373769123,1.115924119949e-02,4.460357502103e-02,0.000000000000e+00,1,0.000000000000e+00,True
3146,PHYSICAL_MESH,-0.0737500000,0.0373769123,1.115921977907e-02,4.316791892052e-02,0.000000000000e+00,1,0.000000000000e+00,True
3147,PHYSICAL_MESH,-0.0625000000,0.0373769123,1.115920674056e-02,4.221080243587e-02,0.000000000000e+00,1,0.000000000000e+00,True
3148,PHYSICAL_MESH,-0.0550000000,0.0373769123,1.115919928998e-02,4.157271608710e-02,0.000000000000e+00,1,0.000000000000e+00,True
3149,PHYSICAL_MESH,-0.0500000000,0.0373769123,1.115919370204e-02,4.114732146263e-02,0.000000000000e+00,1,0.000000000000e+00,True
3150,PHYSICAL_MESH,-0.0450000000,0.0373769123,1.115918811411e-02,4.072192311287e-02,0.000000000000e+00,1,0.000000000000e+00,True
3151,PHYSICAL_MESH,-0.0400000000,0.0373769123,1.115918345749e-02,4.029652476311e-02,0.000000000000e+00,1,0.000000000000e+00,True
3152,PHYSICAL_MESH,-0.0350000000,0.0373769123,1.115917786956e-02,3.987111896276e-02,0.000000000000e+00,1,0.000000000000e+00,True
3153,PHYSICAL_MESH,-0.0300000000,0.0373769123,1.115917228162e-02,3.944571316242e-02,0.000000000000e+00,1,0.000000000000e+00,True
3154,PHYSICAL_MESH,-0.0250000000,0.0373769123,1.115916669369e-02,3.902029991150e-02,0.000000000000e+00,1,0.000000000000e+00,True
3155,PHYSICAL_MESH,-0.0200000000,0.0373769123,1.115916110575e-02,3.859488293529e-02,0.000000000000e+00,1,0.000000000000e+00,True
3156,PHYSICAL_MESH,-0.0150000000,0.0373769123,1.115915551782e-02,3.816946223378e-02,0.000000000000e+00,1,0.000000000000e+00,True
3157,PHYSICAL_MESH,-0.0100000000,0.0373769123,1.115914899856e-02,3.774403035641e-02,0.000000000000e+00,1,0.000000000000e+00,True
3158,PHYSICAL_MESH,-0.0050000000,0.0373769123,1.115914154798e-02,3.731858357787e-02,0.000000000000e+00,1,0.000000000000e+00,True
3159,PHYSICAL_MESH,0.0000000000,0.0373769123,1.115913409740e-02,3.689312934875e-02,0.000000000000e+00,1,0.000000000000e+00,True
3160,PHYSICAL_MESH,0.0050000000,0.0373769123,1.115912571549e-02,3.646765276790e-02,0.000000000000e+00,1,0.000000000000e+00,True
3161,PHYSICAL_MESH,0.0100000000,0.0373769123,1.115911826491e-02,3.604216128588e-02,0.000000000000e+00,1,0.000000000000e+00,True
3162,PHYSICAL_MESH,0.0150000000,0.0373769123,1.115911360830e-02,3.561665117741e-02,0.000000000000e+00,1,0.000000000000e+00,True
3163,PHYSICAL_MESH,0.0200000000,0.0373769123,1.115911453962e-02,3.519112616777e-02,0.000000000000e+00,1,0.000000000000e+00,True
3164,PHYSICAL_MESH,0.0250000000,0.0373769123,1.115912478417e-02,3.476557880640e-02,0.000000000000e+00,1,0.000000000000e+00,True
3165,PHYSICAL_MESH,0.0300000000,0.0373769123,1.115914992988e-02,3.434002026916e-02,0.000000000000e+00,1,0.000000000000e+00,True
3166,PHYSICAL_MESH,0.0350000000,0.0373769123,1.115919277072e-02,3.391444310546e-02,0.000000000000e+00,1,0.000000000000e+00,True
3167,PHYSICAL_MESH,0.0400000000,0.0373769123,1.115925889462e-02,3.348884731531e-02,0.000000000000e+00,1,0.000000000000e+00,True
3168,PHYSICAL_MESH,0.0450000000,0.0373769123,1.115935202688e-02,3.306323289871e-02,0.000000000000e+00,1,0.000000000000e+00,True
3169,PHYSICAL_MESH,0.0500000000,0.0373769123,1.115947775543e-02,3.263759613037e-02,0.000000000000e+00,1,0.000000000000e+00,True
3170,PHYSICAL_MESH,0.0550000000,0.0373769123,1.115963701159e-02,3.221193701029e-02,0.000000000000e+00,1,0.000000000000e+00,True
3171,PHYSICAL_MESH,0.0600000000,0.0373769123,1.115983445197e-02,3.178624436259e-02,0.000000000000e+00,1,0.000000000000e+00,True
3172,PHYSICAL_MESH,0.0650000000,0.0373769123,1.116007193923e-02,3.136052191257e-02,0.000000000000e+00,1,0.000000000000e+00,True
3173,PHYSICAL_MESH,0.0700000000,0.0373769123,1.116035599262e-02,3.093476034701e-02,0.000000000000e+00,1,0.000000000000e+00,True
3174,PHYSICAL_MESH,0.0750000000,0.0373769123,1.116069033742e-02,3.050895594060e-02,0.000000000000e+00,1,0.000000000000e+00,True
3175,PHYSICAL_MESH,0.0800000000,0.0373769123,1.116107497364e-02,3.008311055601e-02,0.000000000000e+00,1,0.000000000000e+00,True
3176,PHYSICAL_MESH,0.0850000000,0.0373769123,1.116150245070e-02,2.965722419322e-02,0.000000000000e+00,1,0.000000000000e+00,True
3177,PHYSICAL_MESH,0.0900000000,0.0373769123,1.116196904331e-02,2.923130057752e-02,0.000000000000e+00,1,0.000000000000e+00,True
3178,PHYSICAL_MESH,0.0950000000,0.0373769123,1.116247288883e-02,2.880533598363e-02,0.000000000000e+00,1,0.000000000000e+00,True
3179,PHYSICAL_MESH,0.1000000000,0.0373769123,1.116301305592e-02,2.837932668626e-02,0.000000000000e+00,1,0.000000000000e+00,True
3180,PHYSICAL_MESH,0.1050000000,0.0373769123,1.116358954459e-02,2.795327454805e-02,0.000000000000e+00,1,0.000000000000e+00,True
3181,PHYSICAL_MESH,0.1100000000,0.0373769123,1.116420328617e-02,2.752718701959e-02,0.000000000000e+00,1,0.000000000000e+00,True
3182,PHYSICAL_MESH,0.1150000000,0.0373769123,1.116484962404e-02,2.710106782615e-02,0.000000000000e+00,1,0.000000000000e+00,True
3183,PHYSICAL_MESH,0.1225000000,0.0373769123,1.116586010903e-02,2.646183408797e-02,0.000000000000e+00,1,0.000000000000e+00,True
3184,PHYSICAL_MESH,0.1337500000,0.0373769123,1.116739120334e-02,2.550291270018e-02,0.000000000000e+00,1,0.000000000000e+00,True
3185,PHYSICAL_MESH,0.1506250000,0.0373769123,1.116953417659e-02,2.406456507742e-02,0.000000000000e+00,1,0.000000000000e+00,True
3186,PHYSICAL_MESH,0.1756250000,0.0373769123,1.117217633873e-02,2.193413861096e-02,0.000000000000e+00,1,0.000000000000e+00,True
3187,PHYSICAL_MESH,0.2005769231,0.0373769123,1.117426995188e-02,1.980843581259e-02,0.000000000000e+00,1,0.000000000000e+00,True
3188,PHYSICAL_MESH,0.2255288462,0.0373769123,1.117589231580e-02,1.768317632377e-02,0.000000000000e+00,1,0.000000000000e+00,True
3189,PHYSICAL_MESH,0.2504807693,0.0373769123,1.117696147412e-02,1.555814500898e-02,0.000000000000e+00,1,0.000000000000e+00,True
3190,PHYSICAL_MESH,0.2754326924,0.0373769123,1.117713376880e-02,1.343323476613e-02,0.000000000000e+00,1,0.000000000000e+00,True
3191,PHYSICAL_MESH,0.3003846155,0.0373769123,1.117562968284e-02,1.130874548107e-02,0.000000000000e+00,1,0.000000000000e+00,True
3192,PHYSICAL_MESH,0.3253365386,0.0373769123,1.117111928761e-02,9.185937233269e-03,0.000000000000e+00,1,0.000000000000e+00,True
3193,PHYSICAL_MESH,0.3502884617,0.0373769123,1.116196531802e-02,7.067805621773e-03,0.000000000000e+00,1,0.000000000000e+00,True
3194,PHYSICAL_MESH,0.3752403848,0.0373769123,1.114725787193e-02,4.959768615663e-03,0.000000000000e+00,1,0.000000000000e+00,True
3195,PHYSICAL_MESH,0.4001923079,0.0373769123,1.112875901163e-02,2.868896583095e-03,0.000000000000e+00,1,0.000000000000e+00,True
3196,PHYSICAL_MESH,0.4251442310,0.0373769123,1.111250929534e-02,7.998489309102e-04,0.000000000000e+00,1,0.000000000000e+00,True
3197,PHYSICAL_MESH,0.4500961541,0.0373769123,1.110721472651e-02,-1.251959358342e-03,0.000000000000e+00,1,0.000000000000e+00,True
3198,PHYSICAL_MESH,0.4750480772,0.0373769123,1.111942250282e-02,-3.302616067231e-03,0.000000000000e+00,1,0.000000000000e+00,True
3199,PHYSICAL_MESH,0.5000000000,0.0373769123,1.114881504327e-02,-5.379512440413e-03,0.000000000000e+00,1,0.000000000000e+00,True
3200,PHYSICAL_MESH,-0.5000000000,0.0423174897,1.157984044403e-02,7.942832261324e-02,0.000000000000e+00,1,0.000000000000e+00,True
3201,PHYSICAL_MESH,-0.4759765625,0.0423174897,1.157984044403e-02,7.738472521305e-02,0.000000000000e+00,1,0.000000000000e+00,True
3202,PHYSICAL_MESH,-0.4519531250,0.0423174897,1.157984044403e-02,7.534113526344e-02,0.000000000000e+00,1,0.000000000000e+00,True
3203,PHYSICAL_MESH,-0.4279296875,0.0423174897,1.157983858138e-02,7.329754531384e-02,0.000000000000e+00,1,0.000000000000e+00,True
3204,PHYSICAL_MESH,-0.4039062500,0.0423174897,1.157983392477e-02,7.125396281481e-02,0.000000000000e+00,1,0.000000000000e+00,True
3205,PHYSICAL_MESH,-0.3798828125,0.0423174897,1.157982740551e-02,6.921038031578e-02,0.000000000000e+00,1,0.000000000000e+00,True
3206,PHYSICAL_MESH,-0.3558593750,0.0423174897,1.157981902361e-02,6.716679036617e-02,0.000000000000e+00,1,0.000000000000e+00,True
3207,PHYSICAL_MESH,-0.3318359375,0.0423174897,1.157980691642e-02,6.512320786715e-02,0.000000000000e+00,1,0.000000000000e+00,True
3208,PHYSICAL_MESH,-0.3078125000,0.0423174897,1.157979201525e-02,6.307961791754e-02,0.000000000000e+00,1,0.000000000000e+00,True
3209,PHYSICAL_MESH,-0.2837890625,0.0423174897,1.157977432013e-02,6.103602051735e-02,0.000000000000e+00,1,0.000000000000e+00,True
3210,PHYSICAL_MESH,-0.2597656250,0.0423174897,1.157975289971e-02,5.899241566658e-02,0.000000000000e+00,1,0.000000000000e+00,True
3211,PHYSICAL_MESH,-0.2357421875,0.0423174897,1.157972961664e-02,5.694879963994e-02,0.000000000000e+00,1,0.000000000000e+00,True
3212,PHYSICAL_MESH,-0.2117187500,0.0423174897,1.157970260829e-02,5.490517243743e-02,0.000000000000e+00,1,0.000000000000e+00,True
3213,PHYSICAL_MESH,-0.1876953125,0.0423174897,1.157967466861e-02,5.286152660847e-02,0.000000000000e+00,1,0.000000000000e+00,True
3214,PHYSICAL_MESH,-0.1636718750,0.0423174897,1.157964486629e-02,5.081785842776e-02,0.000000000000e+00,1,0.000000000000e+00,True
3215,PHYSICAL_MESH,-0.1396484375,0.0423174897,1.157961413264e-02,4.877416044474e-02,0.000000000000e+00,1,0.000000000000e+00,True
3216,PHYSICAL_MESH,-0.1156250000,0.0423174897,1.157958526164e-02,4.673043265939e-02,0.000000000000e+00,1,0.000000000000e+00,True
3217,PHYSICAL_MESH,-0.0906250000,0.0423174897,1.157955732197e-02,4.460357874632e-02,0.000000000000e+00,1,0.000000000000e+00,True
3218,PHYSICAL_MESH,-0.0737500000,0.0423174897,1.157954055816e-02,4.316792264581e-02,0.000000000000e+00,1,0.000000000000e+00,True
3219,PHYSICAL_MESH,-0.0625000000,0.0423174897,1.157953031361e-02,4.221080616117e-02,0.000000000000e+00,1,0.000000000000e+00,True
3220,PHYSICAL_MESH,-0.0550000000,0.0423174897,1.157952379435e-02,4.157271981239e-02,0.000000000000e+00,1,0.000000000000e+00,True
3221,PHYSICAL_MESH,-0.0500000000,0.0423174897,1.157952006906e-02,4.114732518792e-02,0.000000000000e+00,1,0.000000000000e+00,True
3222,PHYSICAL_MESH,-0.0450000000,0.0423174897,1.157951541245e-02,4.072192683816e-02,0.000000000000e+00,1,0.000000000000e+00,True
3223,PHYSICAL_MESH,-0.0400000000,0.0423174897,1.157951168716e-02,4.029652848840e-02,0.000000000000e+00,1,0.000000000000e+00,True
3224,PHYSICAL_MESH,-0.0350000000,0.0423174897,1.157950796187e-02,3.987112268806e-02,0.000000000000e+00,1,0.000000000000e+00,True
3225,PHYSICAL_MESH,-0.0300000000,0.0423174897,1.157950423658e-02,3.944571688771e-02,0.000000000000e+00,1,0.000000000000e+00,True
3226,PHYSICAL_MESH,-0.0250000000,0.0423174897,1.157950051129e-02,3.902030363679e-02,0.000000000000e+00,1,0.000000000000e+00,True
3227,PHYSICAL_MESH,-0.0200000000,0.0423174897,1.157949678600e-02,3.859488666058e-02,0.000000000000e+00,1,0.000000000000e+00,True
3228,PHYSICAL_MESH,-0.0150000000,0.0423174897,1.157949399203e-02,3.816946223378e-02,0.000000000000e+00,1,0.000000000000e+00,True
3229,PHYSICAL_MESH,-0.0100000000,0.0423174897,1.157949026674e-02,3.774402663112e-02,0.000000000000e+00,1,0.000000000000e+00,True
3230,PHYSICAL_MESH,-0.0050000000,0.0423174897,1.157948840410e-02,3.731858357787e-02,0.000000000000e+00,1,0.000000000000e+00,True
3231,PHYSICAL_MESH,0.0000000000,0.0423174897,1.157948654145e-02,3.689312562346e-02,0.000000000000e+00,1,0.000000000000e+00,True
3232,PHYSICAL_MESH,0.0050000000,0.0423174897,1.157948747277e-02,3.646765276790e-02,0.000000000000e+00,1,0.000000000000e+00,True
3233,PHYSICAL_MESH,0.0100000000,0.0423174897,1.157949026674e-02,3.604216128588e-02,0.000000000000e+00,1,0.000000000000e+00,True
3234,PHYSICAL_MESH,0.0150000000,0.0423174897,1.157949678600e-02,3.561665117741e-02,0.000000000000e+00,1,0.000000000000e+00,True
3235,PHYSICAL_MESH,0.0200000000,0.0423174897,1.157951168716e-02,3.519112616777e-02,0.000000000000e+00,1,0.000000000000e+00,True
3236,PHYSICAL_MESH,0.0250000000,0.0423174897,1.157953683287e-02,3.476557880640e-02,0.000000000000e+00,1,0.000000000000e+00,True
3237,PHYSICAL_MESH,0.0300000000,0.0423174897,1.157957687974e-02,3.434001654387e-02,0.000000000000e+00,1,0.000000000000e+00,True
3238,PHYSICAL_MESH,0.0350000000,0.0423174897,1.157963555306e-02,3.391443565488e-02,0.000000000000e+00,1,0.000000000000e+00,True
3239,PHYSICAL_MESH,0.0400000000,0.0423174897,1.157971657813e-02,3.348883613944e-02,0.000000000000e+00,1,0.000000000000e+00,True
3240,PHYSICAL_MESH,0.0450000000,0.0423174897,1.157982181758e-02,3.306321054697e-02,0.000000000000e+00,1,0.000000000000e+00,True
3241,PHYSICAL_MESH,0.0500000000,0.0423174897,1.157995685935e-02,3.263756632805e-02,0.000000000000e+00,1,0.000000000000e+00,True
3242,PHYSICAL_MESH,0.0550000000,0.0423174897,1.158012542874e-02,3.221189230680e-02,0.000000000000e+00,1,0.000000000000e+00,True
3243,PHYSICAL_MESH,0.0600000000,0.0423174897,1.158032938838e-02,3.178619220853e-02,0.000000000000e+00,1,0.000000000000e+00,True
3244,PHYSICAL_MESH,0.0650000000,0.0423174897,1.158057153225e-02,3.136045485735e-02,0.000000000000e+00,1,0.000000000000e+00,True
3245,PHYSICAL_MESH,0.0700000000,0.0423174897,1.158085186034e-02,3.093468211591e-02,0.000000000000e+00,1,0.000000000000e+00,True
3246,PHYSICAL_MESH,0.0750000000,0.0423174897,1.158117130399e-02,3.050886839628e-02,0.000000000000e+00,1,0.000000000000e+00,True
3247,PHYSICAL_MESH,0.0800000000,0.0423174897,1.158152893186e-02,3.008301742375e-02,0.000000000000e+00,1,0.000000000000e+00,True
3248,PHYSICAL_MESH,0.0850000000,0.0423174897,1.158192194998e-02,2.965712733567e-02,0.000000000000e+00,1,0.000000000000e+00,True
3249,PHYSICAL_MESH,0.0900000000,0.0423174897,1.158234942704e-02,2.923120371997e-02,0.000000000000e+00,1,0.000000000000e+00,True
3250,PHYSICAL_MESH,0.0950000000,0.0423174897,1.158280856907e-02,2.880523912609e-02,0.000000000000e+00,1,0.000000000000e+00,True
3251,PHYSICAL_MESH,0.1000000000,0.0423174897,1.158329658210e-02,2.837923727930e-02,0.000000000000e+00,1,0.000000000000e+00,True
3252,PHYSICAL_MESH,0.1050000000,0.0423174897,1.158381160349e-02,2.795319817960e-02,0.000000000000e+00,1,0.000000000000e+00,True
3253,PHYSICAL_MESH,0.1100000000,0.0423174897,1.158435363322e-02,2.752712368965e-02,0.000000000000e+00,1,0.000000000000e+00,True
3254,PHYSICAL_MESH,0.1150000000,0.0423174897,1.158491894603e-02,2.710102126002e-02,0.000000000000e+00,1,0.000000000000e+00,True
3255,PHYSICAL_MESH,0.1225000000,0.0423174897,1.158580277115e-02,2.646182291210e-02,0.000000000000e+00,1,0.000000000000e+00,True
3256,PHYSICAL_MESH,0.1337500000,0.0423174897,1.158715970814e-02,2.550296485424e-02,0.000000000000e+00,1,0.000000000000e+00,True
3257,PHYSICAL_MESH,0.1506250000,0.0423174897,1.158910524100e-02,2.406469918787e-02,0.000000000000e+00,1,0.000000000000e+00,True
3258,PHYSICAL_MESH,0.1756250000,0.0423174897,1.159153785557e-02,2.193436026573e-02,0.000000000000e+00,1,0.000000000000e+00,True
3259,PHYSICAL_MESH,0.2005769231,0.0423174897,1.159343216568e-02,1.980872452259e-02,0.000000000000e+00,1,0.000000000000e+00,True
3260,PHYSICAL_MESH,0.2255288462,0.0423174897,1.159480866045e-02,1.768356561661e-02,0.000000000000e+00,1,0.000000000000e+00,True
3261,PHYSICAL_MESH,0.2504807693,0.0423174897,1.159554626793e-02,1.555871404707e-02,0.000000000000e+00,1,0.000000000000e+00,True
3262,PHYSICAL_MESH,0.2754326924,0.0423174897,1.159527245909e-02,1.343412045389e-02,0.000000000000e+00,1,0.000000000000e+00,True
3263,PHYSICAL_MESH,0.3003846155,0.0423174897,1.159321330488e-02,1.131017878652e-02,0.000000000000e+00,1,0.000000000000e+00,True
3264,PHYSICAL_MESH,0.3253365386,0.0423174897,1.158814039081e-02,9.188210591674e-03,0.000000000000e+00,1,0.000000000000e+00,True
3265,PHYSICAL_MESH,0.3502884617,0.0423174897,1.157866232097e-02,7.071122992784e-03,0.000000000000e+00,1,0.000000000000e+00,True
3266,PHYSICAL_MESH,0.3752403848,0.0423174897,1.156420912594e-02,4.963867366314e-03,0.000000000000e+00,1,0.000000000000e+00,True
3267,PHYSICAL_MESH,0.4001923079,0.0423174897,1.154670678079e-02,2.872518030927e-03,0.000000000000e+00,1,0.000000000000e+00,True
3268,PHYSICAL_MESH,0.4251442310,0.0423174897,1.153175625950e-02,8.005822892301e-04,0.000000000000e+00,1,0.000000000000e+00,True
3269,PHYSICAL_MESH,0.4500961541,0.0423174897,1.152711827308e-02,-1.256605144590e-03,0.000000000000e+00,1,0.000000000000e+00,True
3270,PHYSICAL_MESH,0.4750480772,0.0423174897,1.153857912868e-02,-3.313770983368e-03,0.000000000000e+00,1,0.000000000000e+00,True
3271,PHYSICAL_MESH,0.5000000000,0.0423174897,1.156564801931e-02,-5.395715590566e-03,0.000000000000e+00,1,0.000000000000e+00,True
3272,PHYSICAL_MESH,-0.5000000000,0.0472580671,1.200011931360e-02,7.942832261324e-02,0.000000000000e+00,1,0.000000000000e+00,True
3273,PHYSICAL_MESH,-0.4759765625,0.0472580671,1.200012024492e-02,7.738472521305e-02,0.000000000000e+00,1,0.000000000000e+00,True
3274,PHYSICAL_MESH,-0.4519531250,0.0472580671,1.200011931360e-02,7.534113526344e-02,0.000000000000e+00,1,0.000000000000e+00,True
3275,PHYSICAL_MESH,-0.4279296875,0.0472580671,1.200011745095e-02,7.329754531384e-02,0.000000000000e+00,1,0.000000000000e+00,True
3276,PHYSICAL_MESH,-0.4039062500,0.0472580671,1.200011372566e-02,7.125396281481e-02,0.000000000000e+00,1,0.000000000000e+00,True
3277,PHYSICAL_MESH,-0.3798828125,0.0472580671,1.200010813773e-02,6.921038031578e-02,0.000000000000e+00,1,0.000000000000e+00,True
3278,PHYSICAL_MESH,-0.3558593750,0.0472580671,1.200009975582e-02,6.716679036617e-02,0.000000000000e+00,1,0.000000000000e+00,True
3279,PHYSICAL_MESH,-0.3318359375,0.0472580671,1.200008857995e-02,6.512320786715e-02,0.000000000000e+00,1,0.000000000000e+00,True
3280,PHYSICAL_MESH,-0.3078125000,0.0472580671,1.200007554144e-02,6.307961791754e-02,0.000000000000e+00,1,0.000000000000e+00,True
3281,PHYSICAL_MESH,-0.2837890625,0.0472580671,1.200005877763e-02,6.103602051735e-02,0.000000000000e+00,1,0.000000000000e+00,True
3282,PHYSICAL_MESH,-0.2597656250,0.0472580671,1.200004015118e-02,5.899241566658e-02,0.000000000000e+00,1,0.000000000000e+00,True
3283,PHYSICAL_MESH,-0.2357421875,0.0472580671,1.200001873076e-02,5.694880336523e-02,0.000000000000e+00,1,0.000000000000e+00,True
3284,PHYSICAL_MESH,-0.2117187500,0.0472580671,1.199999544770e-02,5.490517616272e-02,0.000000000000e+00,1,0.000000000000e+00,True
3285,PHYSICAL_MESH,-0.1876953125,0.0472580671,1.199997030199e-02,5.286153033376e-02,0.000000000000e+00,1,0.000000000000e+00,True
3286,PHYSICAL_MESH,-0.1636718750,0.0472580671,1.199994422495e-02,5.081786215305e-02,0.000000000000e+00,1,0.000000000000e+00,True
3287,PHYSICAL_MESH,-0.1396484375,0.0472580671,1.199991907924e-02,4.877416417003e-02,0.000000000000e+00,1,0.000000000000e+00,True
3288,PHYSICAL_MESH,-0.1156250000,0.0472580671,1.199989486486e-02,4.673043638468e-02,0.000000000000e+00,1,0.000000000000e+00,True
3289,PHYSICAL_MESH,-0.0906250000,0.0472580671,1.199987251312e-02,4.460358247161e-02,0.000000000000e+00,1,0.000000000000e+00,True
3290,PHYSICAL_MESH,-0.0737500000,0.0472580671,1.199985947460e-02,4.316792637110e-02,0.000000000000e+00,1,0.000000000000e+00,True
3291,PHYSICAL_MESH,-0.0625000000,0.0472580671,1.199985202402e-02,4.221080988646e-02,0.000000000000e+00,1,0.000000000000e+00,True
3292,PHYSICAL_MESH,-0.0550000000,0.0472580671,1.199984829873e-02,4.157272353768e-02,0.000000000000e+00,1,0.000000000000e+00,True
3293,PHYSICAL_MESH,-0.0500000000,0.0472580671,1.199984550476e-02,4.114732891321e-02,0.000000000000e+00,1,0.000000000000e+00,True
3294,PHYSICAL_MESH,-0.0450000000,0.0472580671,1.199984271079e-02,4.072193056345e-02,0.000000000000e+00,1,0.000000000000e+00,True
3295,PHYSICAL_MESH,-0.0400000000,0.0472580671,1.199983991683e-02,4.029653221369e-02,0.000000000000e+00,1,0.000000000000e+00,True
3296,PHYSICAL_MESH,-0.0350000000,0.0472580671,1.199983805418e-02,3.987112641335e-02,0.000000000000e+00,1,0.000000000000e+00,True
3297,PHYSICAL_MESH,-0.0300000000,0.0472580671,1.199983619153e-02,3.944572061300e-02,0.000000000000e+00,1,0.000000000000e+00,True
3298,PHYSICAL_MESH,-0.0250000000,0.0472580671,1.199983432889e-02,3.902030736208e-02,0.000000000000e+00,1,0.000000000000e+00,True
3299,PHYSICAL_MESH,-0.0200000000,0.0472580671,1.199983339757e-02,3.859488666058e-02,0.000000000000e+00,1,0.000000000000e+00,True
3300,PHYSICAL_MESH,-0.0150000000,0.0472580671,1.199983432889e-02,3.816946223378e-02,0.000000000000e+00,1,0.000000000000e+00,True
3301,PHYSICAL_MESH,-0.0100000000,0.0472580671,1.199983526021e-02,3.774402663112e-02,0.000000000000e+00,1,0.000000000000e+00,True
3302,PHYSICAL_MESH,-0.0050000000,0.0472580671,1.199983805418e-02,3.731857985258e-02,0.000000000000e+00,1,0.000000000000e+00,True
3303,PHYSICAL_MESH,0.0000000000,0.0472580671,1.199984364212e-02,3.689311817288e-02,0.000000000000e+00,1,0.000000000000e+00,True
3304,PHYSICAL_MESH,0.0050000000,0.0472580671,1.199985202402e-02,3.646764531732e-02,0.000000000000e+00,1,0.000000000000e+00,True
3305,PHYSICAL_MESH,0.0100000000,0.0472580671,1.199986413121e-02,3.604215383530e-02,0.000000000000e+00,1,0.000000000000e+00,True
3306,PHYSICAL_MESH,0.0150000000,0.0472580671,1.199988182634e-02,3.561664372683e-02,0.000000000000e+00,1,0.000000000000e+00,True
3307,PHYSICAL_MESH,0.0200000000,0.0472580671,1.199990883470e-02,3.519111499190e-02,0.000000000000e+00,1,0.000000000000e+00,True
3308,PHYSICAL_MESH,0.0250000000,0.0472580671,1.199994608760e-02,3.476557135582e-02,0.000000000000e+00,1,0.000000000000e+00,True
3309,PHYSICAL_MESH,0.0300000000,0.0472580671,1.199999917299e-02,3.434000164270e-02,0.000000000000e+00,1,0.000000000000e+00,True
3310,PHYSICAL_MESH,0.0350000000,0.0472580671,1.200006995350e-02,3.391441702843e-02,0.000000000000e+00,1,0.000000000000e+00,True
3311,PHYSICAL_MESH,0.0400000000,0.0472580671,1.200016215444e-02,3.348881006241e-02,0.000000000000e+00,1,0.000000000000e+00,True
3312,PHYSICAL_MESH,0.0450000000,0.0472580671,1.200027763844e-02,3.306318074465e-02,0.000000000000e+00,1,0.000000000000e+00,True
3313,PHYSICAL_MESH,0.0500000000,0.0472580671,1.200042013079e-02,3.263752534986e-02,0.000000000000e+00,1,0.000000000000e+00,True
3314,PHYSICAL_MESH,0.0550000000,0.0472580671,1.200059149414e-02,3.221184387803e-02,0.000000000000e+00,1,0.000000000000e+00,True
3315,PHYSICAL_MESH,0.0600000000,0.0472580671,1.200079638511e-02,3.178612887859e-02,0.000000000000e+00,1,0.000000000000e+00,True
3316,PHYSICAL_MESH,0.0650000000,0.0472580671,1.200103480369e-02,3.136038407683e-02,0.000000000000e+00,1,0.000000000000e+00,True
3317,PHYSICAL_MESH,0.0700000000,0.0472580671,1.200130768120e-02,3.093460202217e-02,0.000000000000e+00,1,0.000000000000e+00,True
3318,PHYSICAL_MESH,0.0750000000,0.0472580671,1.200161408633e-02,3.050878457725e-02,0.000000000000e+00,1,0.000000000000e+00,True
3319,PHYSICAL_MESH,0.0800000000,0.0472580671,1.200195122510e-02,3.008292987943e-02,0.000000000000e+00,1,0.000000000000e+00,True
3320,PHYSICAL_MESH,0.0850000000,0.0472580671,1.200231816620e-02,2.965704165399e-02,0.000000000000e+00,1,0.000000000000e+00,True
3321,PHYSICAL_MESH,0.0900000000,0.0472580671,1.200271397829e-02,2.923111617565e-02,0.000000000000e+00,1,0.000000000000e+00,True
3322,PHYSICAL_MESH,0.0950000000,0.0472580671,1.200313586742e-02,2.880515530705e-02,0.000000000000e+00,1,0.000000000000e+00,True
3323,PHYSICAL_MESH,0.1000000000,0.0472580671,1.200358197093e-02,2.837916091084e-02,0.000000000000e+00,1,0.000000000000e+00,True
3324,PHYSICAL_MESH,0.1050000000,0.0472580671,1.200404949486e-02,2.795313298702e-02,0.000000000000e+00,1,0.000000000000e+00,True
3325,PHYSICAL_MESH,0.1100000000,0.0472580671,1.200453657657e-02,2.752707339823e-02,0.000000000000e+00,1,0.000000000000e+00,True
3326,PHYSICAL_MESH,0.1150000000,0.0472580671,1.200504042208e-02,2.710098959506e-02,0.000000000000e+00,1,0.000000000000e+00,True
3327,PHYSICAL_MESH,0.1225000000,0.0472580671,1.200581993908e-02,2.646182291210e-02,0.000000000000e+00,1,0.000000000000e+00,True
3328,PHYSICAL_MESH,0.1337500000,0.0472580671,1.200701389462e-02,2.550302073359e-02,0.000000000000e+00,1,0.000000000000e+00,True
3329,PHYSICAL_MESH,0.1506250000,0.0472580671,1.200874708593e-02,2.406484261155e-02,0.000000000000e+00,1,0.000000000000e+00,True
3330,PHYSICAL_MESH,0.1756250000,0.0472580671,1.201093848795e-02,2.193459868431e-02,0.000000000000e+00,1,0.000000000000e+00,True
3331,PHYSICAL_MESH,0.2005769231,0.0472580671,1.201261114329e-02,1.980904676020e-02,0.000000000000e+00,1,0.000000000000e+00,True
3332,PHYSICAL_MESH,0.2255288462,0.0472580671,1.201372779906e-02,1.768400147557e-02,0.000000000000e+00,1,0.000000000000e+00,True
3333,PHYSICAL_MESH,0.2504807693,0.0472580671,1.201413199306e-02,1.555933896452e-02,0.000000000000e+00,1,0.000000000000e+00,True
3334,PHYSICAL_MESH,0.2754326924,0.0472580671,1.201342791319e-02,1.343507412821e-02,0.000000000000e+00,1,0.000000000000e+00,True
3335,PHYSICAL_MESH,0.3003846155,0.0472580671,1.201085932553e-02,1.131167262793e-02,0.000000000000e+00,1,0.000000000000e+00,True
3336,PHYSICAL_MESH,0.3253365386,0.0472580671,1.200530584902e-02,9.190496057272e-03,0.000000000000e+00,1,0.000000000000e+00,True
3337,PHYSICAL_MESH,0.3502884617,0.0472580671,1.199560426176e-02,7.074333261698e-03,0.000000000000e+00,1,0.000000000000e+00,True
3338,PHYSICAL_MESH,0.3752403848,0.0472580671,1.198147330433e-02,4.967682994902e-03,0.000000000000e+00,1,0.000000000000e+00,True
3339,PHYSICAL_MESH,0.4001923079,0.0472580671,1.196494791657e-02,2.875738311559e-03,0.000000000000e+00,1,0.000000000000e+00,True
3340,PHYSICAL_MESH,0.4251442310,0.0472580671,1.195122208446e-02,8.010522578843e-04,0.000000000000e+00,1,0.000000000000e+00,True
3341,PHYSICAL_MESH,0.4500961541,0.0472580671,1.194721926004e-02,-1.261075958610e-03,0.000000000000e+00,1,0.000000000000e+00,True
3342,PHYSICAL_MESH,0.4750480772,0.0472580671,1.195802260190e-02,-3.324150340632e-03,0.000000000000e+00,1,0.000000000000e+00,True
3343,PHYSICAL_MESH,0.5000000000,0.0472580671,1.198298484087e-02,-5.410570651293e-03,0.000000000000e+00,1,0.000000000000e+00,True
3344,PHYSICAL_MESH,-0.5000000000,0.0521986445,1.242039911449e-02,7.942832261324e-02,0.000000000000e+00,1,0.000000000000e+00,True
3345,PHYSICAL_MESH,-0.4759765625,0.0521986445,1.242039911449e-02,7.738472521305e-02,0.000000000000e+00,1,0.000000000000e+00,True
3346,PHYSICAL_MESH,-0.4519531250,0.0521986445,1.242039911449e-02,7.534113526344e-02,0.000000000000e+00,1,0.000000000000e+00,True
3347,PHYSICAL_MESH,-0.4279296875,0.0521986445,1.242039725184e-02,7.329754531384e-02,0.000000000000e+00,1,0.000000000000e+00,True
3348,PHYSICAL_MESH,-0.4039062500,0.0521986445,1.242039445788e-02,7.125396281481e-02,0.000000000000e+00,1,0.000000000000e+00,True
3349,PHYSICAL_MESH,-0.3798828125,0.0521986445,1.242038886994e-02,6.921038031578e-02,0.000000000000e+00,1,0.000000000000e+00,True
3350,PHYSICAL_MESH,-0.3558593750,0.0521986445,1.242038141936e-02,6.716679036617e-02,0.000000000000e+00,1,0.000000000000e+00,True
3351,PHYSICAL_MESH,-0.3318359375,0.0521986445,1.242037117481e-02,6.512320786715e-02,0.000000000000e+00,1,0.000000000000e+00,True
3352,PHYSICAL_MESH,-0.3078125000,0.0521986445,1.242035906762e-02,6.307961791754e-02,0.000000000000e+00,1,0.000000000000e+00,True
3353,PHYSICAL_MESH,-0.2837890625,0.0521986445,1.242034416646e-02,6.103602051735e-02,0.000000000000e+00,1,0.000000000000e+00,True
3354,PHYSICAL_MESH,-0.2597656250,0.0521986445,1.242032740265e-02,5.899241939187e-02,0.000000000000e+00,1,0.000000000000e+00,True
3355,PHYSICAL_MESH,-0.2357421875,0.0521986445,1.242030784488e-02,5.694880336523e-02,0.000000000000e+00,1,0.000000000000e+00,True
3356,PHYSICAL_MESH,-0.2117187500,0.0521986445,1.242028735578e-02,5.490517616272e-02,0.000000000000e+00,1,0.000000000000e+00,True
3357,PHYSICAL_MESH,-0.1876953125,0.0521986445,1.242026593536e-02,5.286153033376e-02,0.000000000000e+00,1,0.000000000000e+00,True
3358,PHYSICAL_MESH,-0.1636718750,0.0521986445,1.242024358362e-02,5.081786215305e-02,0.000000000000e+00,1,0.000000000000e+00,True
3359,PHYSICAL_MESH,-0.1396484375,0.0521986445,1.242022309452e-02,4.877416789532e-02,0.000000000000e+00,1,0.000000000000e+00,True
3360,PHYSICAL_MESH,-0.1156250000,0.0521986445,1.242020353675e-02,4.673043638468e-02,0.000000000000e+00,1,0.000000000000e+00,True
3361,PHYSICAL_MESH,-0.0906250000,0.0521986445,1.242018677294e-02,4.460358619690e-02,0.000000000000e+00,1,0.000000000000e+00,True
3362,PHYSICAL_MESH,-0.0737500000,0.0521986445,1.242017839104e-02,4.316793009639e-02,0.000000000000e+00,1,0.000000000000e+00,True
3363,PHYSICAL_MESH,-0.0625000000,0.0521986445,1.242017373443e-02,4.221081361175e-02,0.000000000000e+00,1,0.000000000000e+00,True
3364,PHYSICAL_MESH,-0.0550000000,0.0521986445,1.242017187178e-02,4.157272726297e-02,0.000000000000e+00,1,0.000000000000e+00,True
3365,PHYSICAL_MESH,-0.0500000000,0.0521986445,1.242017000914e-02,4.114733263850e-02,0.000000000000e+00,1,0.000000000000e+00,True
3366,PHYSICAL_MESH,-0.0450000000,0.0521986445,1.242016907781e-02,4.072193428874e-02,0.000000000000e+00,1,0.000000000000e+00,True
3367,PHYSICAL_MESH,-0.0400000000,0.0521986445,1.242016814649e-02,4.029653593898e-02,0.000000000000e+00,1,0.000000000000e+00,True
3368,PHYSICAL_MESH,-0.0350000000,0.0521986445,1.242016814649e-02,3.987113013864e-02,0.000000000000e+00,1,0.000000000000e+00,True
3369,PHYSICAL_MESH,-0.0300000000,0.0521986445,1.242016814649e-02,3.944572061300e-02,0.000000000000e+00,1,0.000000000000e+00,True
3370,PHYSICAL_MESH,-0.0250000000,0.0521986445,1.242017000914e-02,3.902030736208e-02,0.000000000000e+00,1,0.000000000000e+00,True
3371,PHYSICAL_MESH,-0.0200000000,0.0521986445,1.242017187178e-02,3.859488666058e-02,0.000000000000e+00,1,0.000000000000e+00,True
3372,PHYSICAL_MESH,-0.0150000000,0.0521986445,1.242017559707e-02,3.816945850849e-02,0.000000000000e+00,1,0.000000000000e+00,True
3373,PHYSICAL_MESH,-0.0100000000,0.0521986445,1.242018211633e-02,3.774402290583e-02,0.000000000000e+00,1,0.000000000000e+00,True
3374,PHYSICAL_MESH,-0.0050000000,0.0521986445,1.242019049823e-02,3.731857240200e-02,0.000000000000e+00,1,0.000000000000e+00,True
3375,PHYSICAL_MESH,0.0000000000,0.0521986445,1.242020167410e-02,3.689311072230e-02,0.000000000000e+00,1,0.000000000000e+00,True
3376,PHYSICAL_MESH,0.0050000000,0.0521986445,1.242021750659e-02,3.646763414145e-02,0.000000000000e+00,1,0.000000000000e+00,True
3377,PHYSICAL_MESH,0.0100000000,0.0521986445,1.242023892701e-02,3.604214265943e-02,0.000000000000e+00,1,0.000000000000e+00,True
3378,PHYSICAL_MESH,0.0150000000,0.0521986445,1.242026686668e-02,3.561663255095e-02,0.000000000000e+00,1,0.000000000000e+00,True
3379,PHYSICAL_MESH,0.0200000000,0.0521986445,1.242030318826e-02,3.519110009074e-02,0.000000000000e+00,1,0.000000000000e+00,True
3380,PHYSICAL_MESH,0.0250000000,0.0521986445,1.242035161704e-02,3.476555272937e-02,0.000000000000e+00,1,0.000000000000e+00,True
3381,PHYSICAL_MESH,0.0300000000,0.0521986445,1.242041401565e-02,3.433998301625e-02,0.000000000000e+00,1,0.000000000000e+00,True
3382,PHYSICAL_MESH,0.0350000000,0.0521986445,1.242049410939e-02,3.391439095140e-02,0.000000000000e+00,1,0.000000000000e+00,True
3383,PHYSICAL_MESH,0.0400000000,0.0521986445,1.242059469223e-02,3.348878026009e-02,0.000000000000e+00,1,0.000000000000e+00,True
3384,PHYSICAL_MESH,0.0450000000,0.0521986445,1.242071855813e-02,3.306314349174e-02,0.000000000000e+00,1,0.000000000000e+00,True
3385,PHYSICAL_MESH,0.0500000000,0.0521986445,1.242086570710e-02,3.263748064637e-02,0.000000000000e+00,1,0.000000000000e+00,True
3386,PHYSICAL_MESH,0.0550000000,0.0521986445,1.242103893310e-02,3.221178799868e-02,0.000000000000e+00,1,0.000000000000e+00,True
3387,PHYSICAL_MESH,0.0600000000,0.0521986445,1.242124103010e-02,3.178606927395e-02,0.000000000000e+00,1,0.000000000000e+00,True
3388,PHYSICAL_MESH,0.0650000000,0.0521986445,1.242147199810e-02,3.136031702161e-02,0.000000000000e+00,1,0.000000000000e+00,True
3389,PHYSICAL_MESH,0.0700000000,0.0521986445,1.242173369974e-02,3.093452937901e-02,0.000000000000e+00,1,0.000000000000e+00,True
3390,PHYSICAL_MESH,0.0750000000,0.0521986445,1.242202427238e-02,3.050871007144e-02,0.000000000000e+00,1,0.000000000000e+00,True
3391,PHYSICAL_MESH,0.0800000000,0.0521986445,1.242234278470e-02,3.008285537362e-02,0.000000000000e+00,1,0.000000000000e+00,True
3392,PHYSICAL_MESH,0.0850000000,0.0521986445,1.242268644273e-02,2.965696528554e-02,0.000000000000e+00,1,0.000000000000e+00,True
3393,PHYSICAL_MESH,0.0900000000,0.0521986445,1.242305431515e-02,2.923104353249e-02,0.000000000000e+00,1,0.000000000000e+00,True
3394,PHYSICAL_MESH,0.0950000000,0.0521986445,1.242344453931e-02,2.880509011447e-02,0.000000000000e+00,1,0.000000000000e+00,True
3395,PHYSICAL_MESH,0.1000000000,0.0521986445,1.242385338992e-02,2.837910316885e-02,0.000000000000e+00,1,0.000000000000e+00,True
3396,PHYSICAL_MESH,0.1050000000,0.0521986445,1.242427993566e-02,2.795308642089e-02,0.000000000000e+00,1,0.000000000000e+00,True
3397,PHYSICAL_MESH,0.1100000000,0.0521986445,1.242472138256e-02,2.752704173326e-02,0.000000000000e+00,1,0.000000000000e+00,True
3398,PHYSICAL_MESH,0.1150000000,0.0521986445,1.242517400533e-02,2.710097469389e-02,0.000000000000e+00,1,0.000000000000e+00,True
3399,PHYSICAL_MESH,0.1225000000,0.0521986445,1.242586784065e-02,2.646183781326e-02,0.000000000000e+00,1,0.000000000000e+00,True
3400,PHYSICAL_MESH,0.1337500000,0.0521986445,1.242692116648e-02,2.550309151411e-02,0.000000000000e+00,1,0.000000000000e+00,True
3401,PHYSICAL_MESH,0.1506250000,0.0521986445,1.242844574153e-02,2.406499907374e-02,0.000000000000e+00,1,0.000000000000e+00,True
3402,PHYSICAL_MESH,0.1756250000,0.0521986445,1.243037823588e-02,2.193485945463e-02,0.000000000000e+00,1,0.000000000000e+00,True
3403,PHYSICAL_MESH,0.2005769231,0.0521986445,1.243180967867e-02,1.980939880013e-02,0.000000000000e+00,1,0.000000000000e+00,True
3404,PHYSICAL_MESH,0.2255288462,0.0521986445,1.243265718222e-02,1.768448017538e-02,0.000000000000e+00,1,0.000000000000e+00,True
3405,PHYSICAL_MESH,0.2504807693,0.0521986445,1.243272796273e-02,1.556001976132e-02,0.000000000000e+00,1,0.000000000000e+00,True
3406,PHYSICAL_MESH,0.2754326924,0.0521986445,1.243161223829e-02,1.343608833849e-02,0.000000000000e+00,1,0.000000000000e+00,True
3407,PHYSICAL_MESH,0.3003846155,0.0521986445,1.242858171463e-02,1.131321489811e-02,0.000000000000e+00,1,0.000000000000e+00,True
3408,PHYSICAL_MESH,0.3253365386,0.0521986445,1.242262497544e-02,9.192776866257e-03,0.000000000000e+00,1,0.000000000000e+00,True
3409,PHYSICAL_MESH,0.3502884617,0.0521986445,1.241278741509e-02,7.077427580953e-03,0.000000000000e+00,1,0.000000000000e+00,True
3410,PHYSICAL_MESH,0.3752403848,0.0521986445,1.239903178066e-02,4.971228539944e-03,0.000000000000e+00,1,0.000000000000e+00,True
3411,PHYSICAL_MESH,0.4001923079,0.0521986445,1.238345634192e-02,2.878593746573e-03,0.000000000000e+00,1,0.000000000000e+00,True
3412,PHYSICAL_MESH,0.4251442310,0.0521986445,1.237088069320e-02,8.012905018404e-04,0.000000000000e+00,1,0.000000000000e+00,True
3413,PHYSICAL_MESH,0.4500961541,0.0521986445,1.236748136580e-02,-1.265378086828e-03,0.000000000000e+00,1,0.000000000000e+00,True
3414,PHYSICAL_MESH,0.4750480772,0.0521986445,1.237770076841e-02,-3.333811648190e-03,0.000000000000e+00,1,0.000000000000e+00,True
3415,PHYSICAL_MESH,0.5000000000,0.0521986445,1.240074820817e-02,-5.424200557172e-03,0.000000000000e+00,1,0.000000000000e+00,True
3416,PHYSICAL_MESH,-0.5000000000,0.0571392219,1.284067798406e-02,7.942832261324e-02,0.000000000000e+00,1,0.000000000000e+00,True
3417,PHYSICAL_MESH,-0.4759765625,0.0571392219,1.284067891538e-02,7.738472521305e-02,0.000000000000e+00,1,0.000000000000e+00,True
3418,PHYSICAL_MESH,-0.4519531250,0.0571392219,1.284067891538e-02,7.534113526344e-02,0.000000000000e+00,1,0.000000000000e+00,True
3419,PHYSICAL_MESH,-0.4279296875,0.0571392219,1.284067705274e-02,7.329754531384e-02,0.000000000000e+00,1,0.000000000000e+00,True
3420,PHYSICAL_MESH,-0.4039062500,0.0571392219,1.284067425877e-02,7.125396281481e-02,0.000000000000e+00,1,0.000000000000e+00,True
3421,PHYSICAL_MESH,-0.3798828125,0.0571392219,1.284066960216e-02,6.921038031578e-02,0.000000000000e+00,1,0.000000000000e+00,True
3422,PHYSICAL_MESH,-0.3558593750,0.0571392219,1.284066215158e-02,6.716679036617e-02,0.000000000000e+00,1,0.000000000000e+00,True
3423,PHYSICAL_MESH,-0.3318359375,0.0571392219,1.284065376967e-02,6.512320786715e-02,0.000000000000e+00,1,0.000000000000e+00,True
3424,PHYSICAL_MESH,-0.3078125000,0.0571392219,1.284064259380e-02,6.307961791754e-02,0.000000000000e+00,1,0.000000000000e+00,True
3425,PHYSICAL_MESH,-0.2837890625,0.0571392219,1.284062955528e-02,6.103602424264e-02,0.000000000000e+00,1,0.000000000000e+00,True
3426,PHYSICAL_MESH,-0.2597656250,0.0571392219,1.284061465412e-02,5.899241939187e-02,0.000000000000e+00,1,0.000000000000e+00,True
3427,PHYSICAL_MESH,-0.2357421875,0.0571392219,1.284059789032e-02,5.694880709052e-02,0.000000000000e+00,1,0.000000000000e+00,True
3428,PHYSICAL_MESH,-0.2117187500,0.0571392219,1.284058019519e-02,5.490517988801e-02,0.000000000000e+00,1,0.000000000000e+00,True
3429,PHYSICAL_MESH,-0.1876953125,0.0571392219,1.284056156874e-02,5.286153405905e-02,0.000000000000e+00,1,0.000000000000e+00,True
3430,PHYSICAL_MESH,-0.1636718750,0.0571392219,1.284054387361e-02,5.081786587834e-02,0.000000000000e+00,1,0.000000000000e+00,True
3431,PHYSICAL_MESH,-0.1396484375,0.0571392219,1.284052617848e-02,4.877417162061e-02,0.000000000000e+00,1,0.000000000000e+00,True
3432,PHYSICAL_MESH,-0.1156250000,0.0571392219,1.284051220864e-02,4.673044010997e-02,0.000000000000e+00,1,0.000000000000e+00,True
3433,PHYSICAL_MESH,-0.0906250000,0.0571392219,1.284050103277e-02,4.460358992219e-02,0.000000000000e+00,1,0.000000000000e+00,True
3434,PHYSICAL_MESH,-0.0737500000,0.0571392219,1.284049637616e-02,4.316793382168e-02,0.000000000000e+00,1,0.000000000000e+00,True
3435,PHYSICAL_MESH,-0.0625000000,0.0571392219,1.284049451351e-02,4.221081733704e-02,0.000000000000e+00,1,0.000000000000e+00,True
3436,PHYSICAL_MESH,-0.0550000000,0.0571392219,1.284049451351e-02,4.157273098826e-02,0.000000000000e+00,1,0.000000000000e+00,True
3437,PHYSICAL_MESH,-0.0500000000,0.0571392219,1.284049451351e-02,4.114733636379e-02,0.000000000000e+00,1,0.000000000000e+00,True
3438,PHYSICAL_MESH,-0.0450000000,0.0571392219,1.284049451351e-02,4.072193801403e-02,0.000000000000e+00,1,0.000000000000e+00,True
3439,PHYSICAL_MESH,-0.0400000000,0.0571392219,1.284049637616e-02,4.029653593898e-02,0.000000000000e+00,1,0.000000000000e+00,True
3440,PHYSICAL_MESH,-0.0350000000,0.0571392219,1.284049823880e-02,3.987113013864e-02,0.000000000000e+00,1,0.000000000000e+00,True
3441,PHYSICAL_MESH,-0.0300000000,0.0571392219,1.284050103277e-02,3.944572061300e-02,0.000000000000e+00,1,0.000000000000e+00,True
3442,PHYSICAL_MESH,-0.0250000000,0.0571392219,1.284050475806e-02,3.902030736208e-02,0.000000000000e+00,1,0.000000000000e+00,True
3443,PHYSICAL_MESH,-0.0200000000,0.0571392219,1.284051034600e-02,3.859488666058e-02,0.000000000000e+00,1,0.000000000000e+00,True
3444,PHYSICAL_MESH,-0.0150000000,0.0571392219,1.284051872790e-02,3.816945478320e-02,0.000000000000e+00,1,0.000000000000e+00,True
3445,PHYSICAL_MESH,-0.0100000000,0.0571392219,1.284052897245e-02,3.774401545525e-02,0.000000000000e+00,1,0.000000000000e+00,True
3446,PHYSICAL_MESH,-0.0050000000,0.0571392219,1.284054294229e-02,3.731856495142e-02,0.000000000000e+00,1,0.000000000000e+00,True
3447,PHYSICAL_MESH,0.0000000000,0.0571392219,1.284056063741e-02,3.689309954643e-02,0.000000000000e+00,1,0.000000000000e+00,True
3448,PHYSICAL_MESH,0.0050000000,0.0571392219,1.284058392048e-02,3.646762296557e-02,0.000000000000e+00,1,0.000000000000e+00,True
3449,PHYSICAL_MESH,0.0100000000,0.0571392219,1.284061279148e-02,3.604212775826e-02,0.000000000000e+00,1,0.000000000000e+00,True
3450,PHYSICAL_MESH,0.0150000000,0.0571392219,1.284064911306e-02,3.561661392450e-02,0.000000000000e+00,1,0.000000000000e+00,True
3451,PHYSICAL_MESH,0.0200000000,0.0571392219,1.284069474787e-02,3.519108146429e-02,0.000000000000e+00,1,0.000000000000e+00,True
3452,PHYSICAL_MESH,0.0250000000,0.0571392219,1.284075155854e-02,3.476553037763e-02,0.000000000000e+00,1,0.000000000000e+00,True
3453,PHYSICAL_MESH,0.0300000000,0.0571392219,1.284082233906e-02,3.433995693922e-02,0.000000000000e+00,1,0.000000000000e+00,True
3454,PHYSICAL_MESH,0.0350000000,0.0571392219,1.284090895206e-02,3.391436114907e-02,0.000000000000e+00,1,0.000000000000e+00,True
3455,PHYSICAL_MESH,0.0400000000,0.0571392219,1.284101512283e-02,3.348874300718e-02,0.000000000000e+00,1,0.000000000000e+00,True
3456,PHYSICAL_MESH,0.0450000000,0.0571392219,1.284114271402e-02,3.306310251355e-02,0.000000000000e+00,1,0.000000000000e+00,True
3457,PHYSICAL_MESH,0.0500000000,0.0571392219,1.284129172564e-02,3.263743221760e-02,0.000000000000e+00,1,0.000000000000e+00,True
3458,PHYSICAL_MESH,0.0550000000,0.0571392219,1.284146588296e-02,3.221173956990e-02,0.000000000000e+00,1,0.000000000000e+00,True
3459,PHYSICAL_MESH,0.0600000000,0.0571392219,1.284166332334e-02,3.178601339459e-02,0.000000000000e+00,1,0.000000000000e+00,True
3460,PHYSICAL_MESH,0.0650000000,0.0571392219,1.284188684076e-02,3.136025369167e-02,0.000000000000e+00,1,0.000000000000e+00,True
3461,PHYSICAL_MESH,0.0700000000,0.0571392219,1.284213550389e-02,3.093446604908e-02,0.000000000000e+00,1,0.000000000000e+00,True
3462,PHYSICAL_MESH,0.0750000000,0.0571392219,1.284240931273e-02,3.050864487886e-02,0.000000000000e+00,1,0.000000000000e+00,True
3463,PHYSICAL_MESH,0.0800000000,0.0571392219,1.284270733595e-02,3.008279204369e-02,0.000000000000e+00,1,0.000000000000e+00,True
3464,PHYSICAL_MESH,0.0850000000,0.0571392219,1.284302771091e-02,2.965690568089e-02,0.000000000000e+00,1,0.000000000000e+00,True
3465,PHYSICAL_MESH,0.0900000000,0.0571392219,1.284336857498e-02,2.923098765314e-02,0.000000000000e+00,1,0.000000000000e+00,True
3466,PHYSICAL_MESH,0.0950000000,0.0571392219,1.284372899681e-02,2.880503982306e-02,0.000000000000e+00,1,0.000000000000e+00,True
3467,PHYSICAL_MESH,0.1000000000,0.0571392219,1.284410431981e-02,2.837906405330e-02,0.000000000000e+00,1,0.000000000000e+00,True
3468,PHYSICAL_MESH,0.1050000000,0.0571392219,1.284449268132e-02,2.795305848122e-02,0.000000000000e+00,1,0.000000000000e+00,True
3469,PHYSICAL_MESH,0.1100000000,0.0571392219,1.284489221871e-02,2.752703055739e-02,0.000000000000e+00,1,0.000000000000e+00,True
3470,PHYSICAL_MESH,0.1150000000,0.0571392219,1.284530013800e-02,2.710098028183e-02,0.000000000000e+00,1,0.000000000000e+00,True
3471,PHYSICAL_MESH,0.1225000000,0.0571392219,1.284592039883e-02,2.646187506616e-02,0.000000000000e+00,1,0.000000000000e+00,True
3472,PHYSICAL_MESH,0.1337500000,0.0571392219,1.284684985876e-02,2.550318092108e-02,0.000000000000e+00,1,0.000000000000e+00,True
3473,PHYSICAL_MESH,0.1506250000,0.0571392219,1.284818258137e-02,2.406517043710e-02,0.000000000000e+00,1,0.000000000000e+00,True
3474,PHYSICAL_MESH,0.1756250000,0.0571392219,1.284985151142e-02,2.193514257669e-02,0.000000000000e+00,1,0.000000000000e+00,True
3475,PHYSICAL_MESH,0.2005769231,0.0571392219,1.285102963448e-02,1.980978623033e-02,0.000000000000e+00,1,0.000000000000e+00,True
3476,PHYSICAL_MESH,0.2255288462,0.0571392219,1.285159960389e-02,1.768500171602e-02,0.000000000000e+00,1,0.000000000000e+00,True
3477,PHYSICAL_MESH,0.2504807693,0.0571392219,1.285134162754e-02,1.556075178087e-02,0.000000000000e+00,1,0.000000000000e+00,True
3478,PHYSICAL_MESH,0.2754326924,0.0571392219,1.284983567894e-02,1.343715749681e-02,0.000000000000e+00,1,0.000000000000e+00,True
3479,PHYSICAL_MESH,0.3003846155,0.0571392219,1.284638978541e-02,1.131479628384e-02,0.000000000000e+00,1,0.000000000000e+00,True
3480,PHYSICAL_MESH,0.3253365386,0.0571392219,1.284009963274e-02,9.195041842759e-03,0.000000000000e+00,1,0.000000000000e+00,True
3481,PHYSICAL_MESH,0.3502884617,0.0571392219,1.283020339906e-02,7.080400362611e-03,0.000000000000e+00,1,0.000000000000e+00,True
3482,PHYSICAL_MESH,0.3752403848,0.0571392219,1.281686592847e-02,4.974517039955e-03,0.000000000000e+00,1,0.000000000000e+00,True
3483,PHYSICAL_MESH,0.4001923079,0.0571392219,1.280221063644e-02,2.881117863581e-03,0.000000000000e+00,1,0.000000000000e+00,True
3484,PHYSICAL_MESH,0.4251442310,0.0571392219,1.279070880264e-02,8.013256010599e-04,0.000000000000e+00,1,0.000000000000e+00,True
3485,PHYSICAL_MESH,0.4500961541,0.0571392219,1.278787571937e-02,-1.269516884349e-03,0.000000000000e+00,1,0.000000000000e+00,True
3486,PHYSICAL_MESH,0.4750480772,0.0571392219,1.279756892473e-02,-3.342807991430e-03,0.000000000000e+00,1,0.000000000000e+00,True
3487,PHYSICAL_MESH,0.5000000000,0.0571392219,1.281887292862e-02,-5.436716135591e-03,0.000000000000e+00,1,0.000000000000e+00,True
3488,PHYSICAL_MESH,-0.5000000000,0.0620797993,1.326095778495e-02,7.942832261324e-02,0.000000000000e+00,1,0.000000000000e+00,True
3489,PHYSICAL_MESH,-0.4759765625,0.0620797993,1.326095871627e-02,7.738472521305e-02,0.000000000000e+00,1,0.000000000000e+00,True
3490,PHYSICAL_MESH,-0.4519531250,0.0620797993,1.326095871627e-02,7.534113526344e-02,0.000000000000e+00,1,0.000000000000e+00,True
3491,PHYSICAL_MESH,-0.4279296875,0.0620797993,1.326095778495e-02,7.329754531384e-02,0.000000000000e+00,1,0.000000000000e+00,True
3492,PHYSICAL_MESH,-0.4039062500,0.0620797993,1.326095499098e-02,7.125396281481e-02,0.000000000000e+00,1,0.000000000000e+00,True
3493,PHYSICAL_MESH,-0.3798828125,0.0620797993,1.326095033437e-02,6.921038031578e-02,0.000000000000e+00,1,0.000000000000e+00,True
3494,PHYSICAL_MESH,-0.3558593750,0.0620797993,1.326094474643e-02,6.716679781675e-02,0.000000000000e+00,1,0.000000000000e+00,True
3495,PHYSICAL_MESH,-0.3318359375,0.0620797993,1.326093636453e-02,6.512320786715e-02,0.000000000000e+00,1,0.000000000000e+00,True
3496,PHYSICAL_MESH,-0.3078125000,0.0620797993,1.326092611998e-02,6.307961791754e-02,0.000000000000e+00,1,0.000000000000e+00,True
3497,PHYSICAL_MESH,-0.2837890625,0.0620797993,1.326091494411e-02,6.103602424264e-02,0.000000000000e+00,1,0.000000000000e+00,True
3498,PHYSICAL_MESH,-0.2597656250,0.0620797993,1.326090190560e-02,5.899242311716e-02,0.000000000000e+00,1,0.000000000000e+00,True
3499,PHYSICAL_MESH,-0.2357421875,0.0620797993,1.326088793576e-02,5.694880709052e-02,0.000000000000e+00,1,0.000000000000e+00,True
3500,PHYSICAL_MESH,-0.2117187500,0.0620797993,1.326087210327e-02,5.490517988801e-02,0.000000000000e+00,1,0.000000000000e+00,True
3501,PHYSICAL_MESH,-0.1876953125,0.0620797993,1.326085720211e-02,5.286153405905e-02,0.000000000000e+00,1,0.000000000000e+00,True
3502,PHYSICAL_MESH,-0.1636718750,0.0620797993,1.326084230095e-02,5.081786587834e-02,0.000000000000e+00,1,0.000000000000e+00,True
3503,PHYSICAL_MESH,-0.1396484375,0.0620797993,1.326083019376e-02,4.877417162061e-02,0.000000000000e+00,1,0.000000000000e+00,True
3504,PHYSICAL_MESH,-0.1156250000,0.0620797993,1.326081994921e-02,4.673044383526e-02,0.000000000000e+00,1,0.000000000000e+00,True
3505,PHYSICAL_MESH,-0.0906250000,0.0620797993,1.326081342995e-02,4.460358992219e-02,0.000000000000e+00,1,0.000000000000e+00,True
3506,PHYSICAL_MESH,-0.0737500000,0.0620797993,1.326081249863e-02,4.316793754697e-02,0.000000000000e+00,1,0.000000000000e+00,True
3507,PHYSICAL_MESH,-0.0625000000,0.0620797993,1.326081436127e-02,4.221082106233e-02,0.000000000000e+00,1,0.000000000000e+00,True
3508,PHYSICAL_MESH,-0.0550000000,0.0620797993,1.326081622392e-02,4.157273471355e-02,0.000000000000e+00,1,0.000000000000e+00,True
3509,PHYSICAL_MESH,-0.0500000000,0.0620797993,1.326081715524e-02,4.114734008908e-02,0.000000000000e+00,1,0.000000000000e+00,True
3510,PHYSICAL_MESH,-0.0450000000,0.0620797993,1.326081994921e-02,4.072194173932e-02,0.000000000000e+00,1,0.000000000000e+00,True
3511,PHYSICAL_MESH,-0.0400000000,0.0620797993,1.326082274318e-02,4.029653966427e-02,0.000000000000e+00,1,0.000000000000e+00,True
3512,PHYSICAL_MESH,-0.0350000000,0.0620797993,1.326082739979e-02,3.987113386393e-02,0.000000000000e+00,1,0.000000000000e+00,True
3513,PHYSICAL_MESH,-0.0300000000,0.0620797993,1.326083298773e-02,3.944572061300e-02,0.000000000000e+00,1,0.000000000000e+00,True
3514,PHYSICAL_MESH,-0.0250000000,0.0620797993,1.326083950698e-02,3.902030736208e-02,0.000000000000e+00,1,0.000000000000e+00,True
3515,PHYSICAL_MESH,-0.0200000000,0.0620797993,1.326084882021e-02,3.859488293529e-02,0.000000000000e+00,1,0.000000000000e+00,True
3516,PHYSICAL_MESH,-0.0150000000,0.0620797993,1.326086092740e-02,3.816945105791e-02,0.000000000000e+00,1,0.000000000000e+00,True
3517,PHYSICAL_MESH,-0.0100000000,0.0620797993,1.326087582856e-02,3.774400800467e-02,0.000000000000e+00,1,0.000000000000e+00,True
3518,PHYSICAL_MESH,-0.0050000000,0.0620797993,1.326089445502e-02,3.731855750084e-02,0.000000000000e+00,1,0.000000000000e+00,True
3519,PHYSICAL_MESH,0.0000000000,0.0620797993,1.326091866940e-02,3.689308837056e-02,0.000000000000e+00,1,0.000000000000e+00,True
3520,PHYSICAL_MESH,0.0050000000,0.0620797993,1.326094754040e-02,3.646760806441e-02,0.000000000000e+00,1,0.000000000000e+00,True
3521,PHYSICAL_MESH,0.0100000000,0.0620797993,1.326098386198e-02,3.604210913181e-02,0.000000000000e+00,1,0.000000000000e+00,True
3522,PHYSICAL_MESH,0.0150000000,0.0620797993,1.326102763414e-02,3.561659529805e-02,0.000000000000e+00,1,0.000000000000e+00,True
3523,PHYSICAL_MESH,0.0200000000,0.0620797993,1.326108071953e-02,3.519106283784e-02,0.000000000000e+00,1,0.000000000000e+00,True
3524,PHYSICAL_MESH,0.0250000000,0.0620797993,1.326114498079e-02,3.476550802588e-02,0.000000000000e+00,1,0.000000000000e+00,True
3525,PHYSICAL_MESH,0.0300000000,0.0620797993,1.326122134924e-02,3.433993086219e-02,0.000000000000e+00,1,0.000000000000e+00,True
3526,PHYSICAL_MESH,0.0350000000,0.0620797993,1.326131355017e-02,3.391433134675e-02,0.000000000000e+00,1,0.000000000000e+00,True
3527,PHYSICAL_MESH,0.0400000000,0.0620797993,1.326142251492e-02,3.348870947957e-02,0.000000000000e+00,1,0.000000000000e+00,True
3528,PHYSICAL_MESH,0.0450000000,0.0620797993,1.326155103743e-02,3.306306153536e-02,0.000000000000e+00,1,0.000000000000e+00,True
3529,PHYSICAL_MESH,0.0500000000,0.0620797993,1.326170004904e-02,3.263739123940e-02,0.000000000000e+00,1,0.000000000000e+00,True
3530,PHYSICAL_MESH,0.0550000000,0.0620797993,1.326187048107e-02,3.221169114113e-02,0.000000000000e+00,1,0.000000000000e+00,True
3531,PHYSICAL_MESH,0.0600000000,0.0620797993,1.326206326485e-02,3.178596124053e-02,0.000000000000e+00,1,0.000000000000e+00,True
3532,PHYSICAL_MESH,0.0650000000,0.0620797993,1.326227746904e-02,3.136020153761e-02,0.000000000000e+00,1,0.000000000000e+00,True
3533,PHYSICAL_MESH,0.0700000000,0.0620797993,1.326251309365e-02,3.093441389501e-02,0.000000000000e+00,1,0.000000000000e+00,True
3534,PHYSICAL_MESH,0.0750000000,0.0620797993,1.326277107000e-02,3.050859272480e-02,0.000000000000e+00,1,0.000000000000e+00,True
3535,PHYSICAL_MESH,0.0800000000,0.0620797993,1.326304860413e-02,3.008274175227e-02,0.000000000000e+00,1,0.000000000000e+00,True
3536,PHYSICAL_MESH,0.0850000000,0.0620797993,1.326334476471e-02,2.965685911477e-02,0.000000000000e+00,1,0.000000000000e+00,True
3537,PHYSICAL_MESH,0.0900000000,0.0620797993,1.326365955174e-02,2.923094853759e-02,0.000000000000e+00,1,0.000000000000e+00,True
3538,PHYSICAL_MESH,0.0950000000,0.0620797993,1.326398923993e-02,2.880501002073e-02,0.000000000000e+00,1,0.000000000000e+00,True
3539,PHYSICAL_MESH,0.1000000000,0.0620797993,1.326433196664e-02,2.837904356420e-02,0.000000000000e+00,1,0.000000000000e+00,True
3540,PHYSICAL_MESH,0.1050000000,0.0620797993,1.326468493789e-02,2.795305289328e-02,0.000000000000e+00,1,0.000000000000e+00,True
3541,PHYSICAL_MESH,0.1100000000,0.0620797993,1.326504629105e-02,2.752703987062e-02,0.000000000000e+00,1,0.000000000000e+00,True
3542,PHYSICAL_MESH,0.1150000000,0.0620797993,1.326541230083e-02,2.710100822151e-02,0.000000000000e+00,1,0.000000000000e+00,True
3543,PHYSICAL_MESH,0.1225000000,0.0620797993,1.326596457511e-02,2.646193467081e-02,0.000000000000e+00,1,0.000000000000e+00,True
3544,PHYSICAL_MESH,0.1337500000,0.0620797993,1.326678507030e-02,2.550329267979e-02,0.000000000000e+00,1,0.000000000000e+00,True
3545,PHYSICAL_MESH,0.1506250000,0.0620797993,1.326794084162e-02,2.406536415219e-02,0.000000000000e+00,1,0.000000000000e+00,True
3546,PHYSICAL_MESH,0.1756250000,0.0620797993,1.326934993267e-02,2.193544991314e-02,0.000000000000e+00,1,0.000000000000e+00,True
3547,PHYSICAL_MESH,0.2005769231,0.0620797993,1.327027007937e-02,1.981020532548e-02,0.000000000000e+00,1,0.000000000000e+00,True
3548,PHYSICAL_MESH,0.2255288462,0.0620797993,1.327055878937e-02,1.768556423485e-02,0.000000000000e+00,1,0.000000000000e+00,True
3549,PHYSICAL_MESH,0.2504807693,0.0620797993,1.326997857541e-02,1.556153222919e-02,0.000000000000e+00,1,0.000000000000e+00,True
3550,PHYSICAL_MESH,0.2754326924,0.0620797993,1.326810754836e-02,1.343827415258e-02,0.000000000000e+00,1,0.000000000000e+00,True
3551,PHYSICAL_MESH,0.3003846155,0.0620797993,1.326429098845e-02,1.131640467793e-02,0.000000000000e+00,1,0.000000000000e+00,True
3552,PHYSICAL_MESH,0.3253365386,0.0620797993,1.325773354620e-02,9.197279810905e-03,0.000000000000e+00,1,0.000000000000e+00,True
3553,PHYSICAL_MESH,0.3502884617,0.0620797993,1.324784569442e-02,7.083246484399e-03,0.000000000000e+00,1,0.000000000000e+00,True
3554,PHYSICAL_MESH,0.3752403848,0.0620797993,1.323495712131e-02,4.977560602129e-03,0.000000000000e+00,1,0.000000000000e+00,True
3555,PHYSICAL_MESH,0.4001923079,0.0620797993,1.322118937969e-02,2.883341163397e-03,0.000000000000e+00,1,0.000000000000e+00,True
3556,PHYSICAL_MESH,0.4251442310,0.0620797993,1.321068685502e-02,8.011831087060e-04,0.000000000000e+00,1,0.000000000000e+00,True
3557,PHYSICAL_MESH,0.4500961541,0.0620797993,1.320837810636e-02,-1.273497589864e-03,0.000000000000e+00,1,0.000000000000e+00,True
3558,PHYSICAL_MESH,0.4750480772,0.0620797993,1.321759354323e-02,-3.351188497618e-03,0.000000000000e+00,1,0.000000000000e+00,True
3559,PHYSICAL_MESH,0.5000000000,0.0620797993,1.323730871081e-02,-5.448219366372e-03,0.000000000000e+00,1,0.000000000000e+00,True
3560,PHYSICAL_MESH,-0.5000000000,0.0670203767,1.368123665452e-02,7.942832261324e-02,0.000000000000e+00,1,0.000000000000e+00,True
3561,PHYSICAL_MESH,-0.4759765625,0.0670203767,1.368123758584e-02,7.738472521305e-02,0.000000000000e+00,1,0.000000000000e+00,True
3562,PHYSICAL_MESH,-0.4519531250,0.0670203767,1.368123851717e-02,7.534113526344e-02,0.000000000000e+00,1,0.000000000000e+00,True
3563,PHYSICAL_MESH,-0.4279296875,0.0670203767,1.368123758584e-02,7.329754531384e-02,0.000000000000e+00,1,0.000000000000e+00,True
3564,PHYSICAL_MESH,-0.4039062500,0.0670203767,1.368123572320e-02,7.125396281481e-02,0.000000000000e+00,1,0.000000000000e+00,True
3565,PHYSICAL_MESH,-0.3798828125,0.0670203767,1.368123199791e-02,6.921038031578e-02,0.000000000000e+00,1,0.000000000000e+00,True
3566,PHYSICAL_MESH,-0.3558593750,0.0670203767,1.368122640997e-02,6.716679781675e-02,0.000000000000e+00,1,0.000000000000e+00,True
3567,PHYSICAL_MESH,-0.3318359375,0.0670203767,1.368121895939e-02,6.512320786715e-02,0.000000000000e+00,1,0.000000000000e+00,True
3568,PHYSICAL_MESH,-0.3078125000,0.0670203767,1.368121057749e-02,6.307961791754e-02,0.000000000000e+00,1,0.000000000000e+00,True
3569,PHYSICAL_MESH,-0.2837890625,0.0670203767,1.368120033294e-02,6.103602424264e-02,0.000000000000e+00,1,0.000000000000e+00,True
3570,PHYSICAL_MESH,-0.2597656250,0.0670203767,1.368118915707e-02,5.899242311716e-02,0.000000000000e+00,1,0.000000000000e+00,True
3571,PHYSICAL_MESH,-0.2357421875,0.0670203767,1.368117704988e-02,5.694881081581e-02,0.000000000000e+00,1,0.000000000000e+00,True
3572,PHYSICAL_MESH,-0.2117187500,0.0670203767,1.368116494268e-02,5.490517988801e-02,0.000000000000e+00,1,0.000000000000e+00,True
3573,PHYSICAL_MESH,-0.1876953125,0.0670203767,1.368115283549e-02,5.286153778434e-02,0.000000000000e+00,1,0.000000000000e+00,True
3574,PHYSICAL_MESH,-0.1636718750,0.0670203767,1.368114165962e-02,5.081786960363e-02,0.000000000000e+00,1,0.000000000000e+00,True
3575,PHYSICAL_MESH,-0.1396484375,0.0670203767,1.368113234639e-02,4.877417534590e-02,0.000000000000e+00,1,0.000000000000e+00,True
3576,PHYSICAL_MESH,-0.1156250000,0.0670203767,1.368112675846e-02,4.673044383526e-02,0.000000000000e+00,1,0.000000000000e+00,True
3577,PHYSICAL_MESH,-0.0906250000,0.0670203767,1.368112582713e-02,4.460359364748e-02,0.000000000000e+00,1,0.000000000000e+00,True
3578,PHYSICAL_MESH,-0.0737500000,0.0670203767,1.368112862110e-02,4.316794127226e-02,0.000000000000e+00,1,0.000000000000e+00,True
3579,PHYSICAL_MESH,-0.0625000000,0.0670203767,1.368113234639e-02,4.221082106233e-02,0.000000000000e+00,1,0.000000000000e+00,True
3580,PHYSICAL_MESH,-0.0550000000,0.0670203767,1.368113700300e-02,4.157273471355e-02,0.000000000000e+00,1,0.000000000000e+00,True
3581,PHYSICAL_MESH,-0.0500000000,0.0670203767,1.368113979697e-02,4.114734008908e-02,0.000000000000e+00,1,0.000000000000e+00,True
3582,PHYSICAL_MESH,-0.0450000000,0.0670203767,1.368114445359e-02,4.072194173932e-02,0.000000000000e+00,1,0.000000000000e+00,True
3583,PHYSICAL_MESH,-0.0400000000,0.0670203767,1.368114911020e-02,4.029653966427e-02,0.000000000000e+00,1,0.000000000000e+00,True
3584,PHYSICAL_MESH,-0.0350000000,0.0670203767,1.368115562946e-02,3.987113386393e-02,0.000000000000e+00,1,0.000000000000e+00,True
3585,PHYSICAL_MESH,-0.0300000000,0.0670203767,1.368116401136e-02,3.944572061300e-02,0.000000000000e+00,1,0.000000000000e+00,True
3586,PHYSICAL_MESH,-0.0250000000,0.0670203767,1.368117425591e-02,3.902030363679e-02,0.000000000000e+00,1,0.000000000000e+00,True
3587,PHYSICAL_MESH,-0.0200000000,0.0670203767,1.368118636310e-02,3.859487921000e-02,0.000000000000e+00,1,0.000000000000e+00,True
3588,PHYSICAL_MESH,-0.0150000000,0.0670203767,1.368120219558e-02,3.816944360733e-02,0.000000000000e+00,1,0.000000000000e+00,True
3589,PHYSICAL_MESH,-0.0100000000,0.0670203767,1.368122175336e-02,3.774400055408e-02,0.000000000000e+00,1,0.000000000000e+00,True
3590,PHYSICAL_MESH,-0.0050000000,0.0670203767,1.368124503642e-02,3.731854632497e-02,0.000000000000e+00,1,0.000000000000e+00,True
3591,PHYSICAL_MESH,0.0000000000,0.0670203767,1.368127390742e-02,3.689307719469e-02,0.000000000000e+00,1,0.000000000000e+00,True
3592,PHYSICAL_MESH,0.0050000000,0.0670203767,1.368130836636e-02,3.646759316325e-02,0.000000000000e+00,1,0.000000000000e+00,True
3593,PHYSICAL_MESH,0.0100000000,0.0670203767,1.368135120720e-02,3.604209423065e-02,0.000000000000e+00,1,0.000000000000e+00,True
3594,PHYSICAL_MESH,0.0150000000,0.0670203767,1.368140056729e-02,3.561657667160e-02,0.000000000000e+00,1,0.000000000000e+00,True
3595,PHYSICAL_MESH,0.0200000000,0.0670203767,1.368146017194e-02,3.519103676081e-02,0.000000000000e+00,1,0.000000000000e+00,True
3596,PHYSICAL_MESH,0.0250000000,0.0670203767,1.368152908981e-02,3.476548194885e-02,0.000000000000e+00,1,0.000000000000e+00,True
3597,PHYSICAL_MESH,0.0300000000,0.0670203767,1.368161104620e-02,3.433990105987e-02,0.000000000000e+00,1,0.000000000000e+00,True
3598,PHYSICAL_MESH,0.0350000000,0.0670203767,1.368170604110e-02,3.391430154443e-02,0.000000000000e+00,1,0.000000000000e+00,True
3599,PHYSICAL_MESH,0.0400000000,0.0670203767,1.368181686848e-02,3.348867595196e-02,0.000000000000e+00,1,0.000000000000e+00,True
3600,PHYSICAL_MESH,0.0450000000,0.0670203767,1.368194445968e-02,3.306302800775e-02,0.000000000000e+00,1,0.000000000000e+00,True
3601,PHYSICAL_MESH,0.0500000000,0.0670203767,1.368209067732e-02,3.263735026121e-02,0.000000000000e+00,1,0.000000000000e+00,True
3602,PHYSICAL_MESH,0.0550000000,0.0670203767,1.368225645274e-02,3.221165016294e-02,0.000000000000e+00,1,0.000000000000e+00,True
3603,PHYSICAL_MESH,0.0600000000,0.0670203767,1.368244085461e-02,3.178592026234e-02,0.000000000000e+00,1,0.000000000000e+00,True
3604,PHYSICAL_MESH,0.0650000000,0.0670203767,1.368264481425e-02,3.136016055942e-02,0.000000000000e+00,1,0.000000000000e+00,True
3605,PHYSICAL_MESH,0.0700000000,0.0670203767,1.368286740035e-02,3.093437105417e-02,0.000000000000e+00,1,0.000000000000e+00,True
3606,PHYSICAL_MESH,0.0750000000,0.0670203767,1.368310861290e-02,3.050855360925e-02,0.000000000000e+00,1,0.000000000000e+00,True
3607,PHYSICAL_MESH,0.0800000000,0.0670203767,1.368336658925e-02,3.008270636201e-02,0.000000000000e+00,1,0.000000000000e+00,True
3608,PHYSICAL_MESH,0.0850000000,0.0670203767,1.368364039809e-02,2.965683117509e-02,0.000000000000e+00,1,0.000000000000e+00,True
3609,PHYSICAL_MESH,0.0900000000,0.0670203767,1.368392817676e-02,2.923092804849e-02,0.000000000000e+00,1,0.000000000000e+00,True
3610,PHYSICAL_MESH,0.0950000000,0.0670203767,1.368422806263e-02,2.880499884486e-02,0.000000000000e+00,1,0.000000000000e+00,True
3611,PHYSICAL_MESH,0.1000000000,0.0670203767,1.368453819305e-02,2.837904542685e-02,0.000000000000e+00,1,0.000000000000e+00,True
3612,PHYSICAL_MESH,0.1050000000,0.0670203767,1.368485670537e-02,2.795306779444e-02,0.000000000000e+00,1,0.000000000000e+00,True
3613,PHYSICAL_MESH,0.1100000000,0.0670203767,1.368518080562e-02,2.752707153559e-02,0.000000000000e+00,1,0.000000000000e+00,True
3614,PHYSICAL_MESH,0.1150000000,0.0670203767,1.368550769985e-02,2.710105851293e-02,0.000000000000e+00,1,0.000000000000e+00,True
3615,PHYSICAL_MESH,0.1225000000,0.0670203767,1.368599757552e-02,2.646201662719e-02,0.000000000000e+00,1,0.000000000000e+00,True
3616,PHYSICAL_MESH,0.1337500000,0.0670203767,1.368671562523e-02,2.550342679024e-02,0.000000000000e+00,1,0.000000000000e+00,True
3617,PHYSICAL_MESH,0.1506250000,0.0670203767,1.368770748377e-02,2.406558208168e-02,0.000000000000e+00,1,0.000000000000e+00,True
3618,PHYSICAL_MESH,0.1756250000,0.0670203767,1.368886604905e-02,2.193578332663e-02,0.000000000000e+00,1,0.000000000000e+00,True
3619,PHYSICAL_MESH,0.2005769231,0.0670203767,1.368952821940e-02,1.981065794826e-02,0.000000000000e+00,1,0.000000000000e+00,True
3620,PHYSICAL_MESH,0.2255288462,0.0670203767,1.368953753263e-02,1.768616959453e-02,0.000000000000e+00,1,0.000000000000e+00,True
3621,PHYSICAL_MESH,0.2504807693,0.0670203767,1.368864625692e-02,1.556235831231e-02,0.000000000000e+00,1,0.000000000000e+00,True
3622,PHYSICAL_MESH,0.2754326924,0.0670203767,1.368643436581e-02,1.343943178654e-02,0.000000000000e+00,1,0.000000000000e+00,True
3623,PHYSICAL_MESH,0.3003846155,0.0670203767,1.368229184300e-02,1.131803076714e-02,0.000000000000e+00,1,0.000000000000e+00,True
3624,PHYSICAL_MESH,0.3253365386,0.0670203767,1.367552578449e-02,9.199479594827e-03,0.000000000000e+00,1,0.000000000000e+00,True
3625,PHYSICAL_MESH,0.3502884617,0.0670203767,1.366570312530e-02,7.085964083672e-03,0.000000000000e+00,1,0.000000000000e+00,True
3626,PHYSICAL_MESH,0.3752403848,0.0670203767,1.365328952670e-02,4.980373196304e-03,0.000000000000e+00,1,0.000000000000e+00,True
3627,PHYSICAL_MESH,0.4001923079,0.0670203767,1.364037580788e-02,2.885291585699e-03,0.000000000000e+00,1,0.000000000000e+00,True
3628,PHYSICAL_MESH,0.4251442310,0.0670203767,1.363079994917e-02,8.008859003894e-04,0.000000000000e+00,1,0.000000000000e+00,True
3629,PHYSICAL_MESH,0.4500961541,0.0670203767,1.362897083163e-02,-1.277325442061e-03,0.000000000000e+00,1,0.000000000000e+00,True
3630,PHYSICAL_MESH,0.4750480772,0.0670203767,1.363774482161e-02,-3.358999267220e-03,0.000000000000e+00,1,0.000000000000e+00,True
3631,PHYSICAL_MESH,0.5000000000,0.0670203767,1.365601271391e-02,-5.458803847432e-03,0.000000000000e+00,1,0.000000000000e+00,True
3632,PHYSICAL_MESH,-0.5000000000,0.0719609541,1.410151645541e-02,7.942832261324e-02,0.000000000000e+00,1,0.000000000000e+00,True
3633,PHYSICAL_MESH,-0.4759765625,0.0719609541,1.410151738673e-02,7.738472521305e-02,0.000000000000e+00,1,0.000000000000e+00,True
3634,PHYSICAL_MESH,-0.4519531250,0.0719609541,1.410151831806e-02,7.534113526344e-02,0.000000000000e+00,1,0.000000000000e+00,True
3635,PHYSICAL_MESH,-0.4279296875,0.0719609541,1.410151831806e-02,7.329754531384e-02,0.000000000000e+00,1,0.000000000000e+00,True
3636,PHYSICAL_MESH,-0.4039062500,0.0719609541,1.410151645541e-02,7.125396281481e-02,0.000000000000e+00,1,0.000000000000e+00,True
3637,PHYSICAL_MESH,-0.3798828125,0.0719609541,1.410151273012e-02,6.921038031578e-02,0.000000000000e+00,1,0.000000000000e+00,True
3638,PHYSICAL_MESH,-0.3558593750,0.0719609541,1.410150807351e-02,6.716679781675e-02,0.000000000000e+00,1,0.000000000000e+00,True
3639,PHYSICAL_MESH,-0.3318359375,0.0719609541,1.410150248557e-02,6.512320786715e-02,0.000000000000e+00,1,0.000000000000e+00,True
3640,PHYSICAL_MESH,-0.3078125000,0.0719609541,1.410149503499e-02,6.307961791754e-02,0.000000000000e+00,1,0.000000000000e+00,True
3641,PHYSICAL_MESH,-0.2837890625,0.0719609541,1.410148665309e-02,6.103602796793e-02,0.000000000000e+00,1,0.000000000000e+00,True
3642,PHYSICAL_MESH,-0.2597656250,0.0719609541,1.410147733986e-02,5.899242311716e-02,0.000000000000e+00,1,0.000000000000e+00,True
3643,PHYSICAL_MESH,-0.2357421875,0.0719609541,1.410146709532e-02,5.694881081581e-02,0.000000000000e+00,1,0.000000000000e+00,True
3644,PHYSICAL_MESH,-0.2117187500,0.0719609541,1.410145685077e-02,5.490518361330e-02,0.000000000000e+00,1,0.000000000000e+00,True
3645,PHYSICAL_MESH,-0.1876953125,0.0719609541,1.410144753754e-02,5.286153778434e-02,0.000000000000e+00,1,0.000000000000e+00,True
3646,PHYSICAL_MESH,-0.1636718750,0.0719609541,1.410144008696e-02,5.081786960363e-02,0.000000000000e+00,1,0.000000000000e+00,True
3647,PHYSICAL_MESH,-0.1396484375,0.0719609541,1.410143449903e-02,4.877417534590e-02,0.000000000000e+00,1,0.000000000000e+00,True
3648,PHYSICAL_MESH,-0.1156250000,0.0719609541,1.410143263638e-02,4.673044756055e-02,0.000000000000e+00,1,0.000000000000e+00,True
3649,PHYSICAL_MESH,-0.0906250000,0.0719609541,1.410143636167e-02,4.460359737277e-02,0.000000000000e+00,1,0.000000000000e+00,True
3650,PHYSICAL_MESH,-0.0737500000,0.0719609541,1.410144288093e-02,4.316794127226e-02,0.000000000000e+00,1,0.000000000000e+00,True
3651,PHYSICAL_MESH,-0.0625000000,0.0719609541,1.410145033151e-02,4.221082478762e-02,0.000000000000e+00,1,0.000000000000e+00,True
3652,PHYSICAL_MESH,-0.0550000000,0.0719609541,1.410145591944e-02,4.157273843884e-02,0.000000000000e+00,1,0.000000000000e+00,True
3653,PHYSICAL_MESH,-0.0500000000,0.0719609541,1.410146150738e-02,4.114734381437e-02,0.000000000000e+00,1,0.000000000000e+00,True
3654,PHYSICAL_MESH,-0.0450000000,0.0719609541,1.410146709532e-02,4.072194546461e-02,0.000000000000e+00,1,0.000000000000e+00,True
3655,PHYSICAL_MESH,-0.0400000000,0.0719609541,1.410147454590e-02,4.029653966427e-02,0.000000000000e+00,1,0.000000000000e+00,True
3656,PHYSICAL_MESH,-0.0350000000,0.0719609541,1.410148292780e-02,3.987113386393e-02,0.000000000000e+00,1,0.000000000000e+00,True
3657,PHYSICAL_MESH,-0.0300000000,0.0719609541,1.410149410367e-02,3.944572061300e-02,0.000000000000e+00,1,0.000000000000e+00,True
3658,PHYSICAL_MESH,-0.0250000000,0.0719609541,1.410150714219e-02,3.902029991150e-02,0.000000000000e+00,1,0.000000000000e+00,True
3659,PHYSICAL_MESH,-0.0200000000,0.0719609541,1.410152297467e-02,3.859487175941e-02,0.000000000000e+00,1,0.000000000000e+00,True
3660,PHYSICAL_MESH,-0.0150000000,0.0719609541,1.410154160112e-02,3.816943615675e-02,0.000000000000e+00,1,0.000000000000e+00,True
3661,PHYSICAL_MESH,-0.0100000000,0.0719609541,1.410156488419e-02,3.774398937821e-02,0.000000000000e+00,1,0.000000000000e+00,True
3662,PHYSICAL_MESH,-0.0050000000,0.0719609541,1.410159282386e-02,3.731853142381e-02,0.000000000000e+00,1,0.000000000000e+00,True
3663,PHYSICAL_MESH,0.0000000000,0.0719609541,1.410162542015e-02,3.689306229353e-02,0.000000000000e+00,1,0.000000000000e+00,True
3664,PHYSICAL_MESH,0.0050000000,0.0719609541,1.410166546702e-02,3.646757826209e-02,0.000000000000e+00,1,0.000000000000e+00,True
3665,PHYSICAL_MESH,0.0100000000,0.0719609541,1.410171203315e-02,3.604207560420e-02,0.000000000000e+00,1,0.000000000000e+00,True
3666,PHYSICAL_MESH,0.0150000000,0.0719609541,1.410176604986e-02,3.561655431986e-02,0.000000000000e+00,1,0.000000000000e+00,True
3667,PHYSICAL_MESH,0.0200000000,0.0719609541,1.410183031112e-02,3.519101440907e-02,0.000000000000e+00,1,0.000000000000e+00,True
3668,PHYSICAL_MESH,0.0250000000,0.0719609541,1.410190388560e-02,3.476545587182e-02,0.000000000000e+00,1,0.000000000000e+00,True
3669,PHYSICAL_MESH,0.0300000000,0.0719609541,1.410198863596e-02,3.433987498283e-02,0.000000000000e+00,1,0.000000000000e+00,True
3670,PHYSICAL_MESH,0.0350000000,0.0719609541,1.410208549351e-02,3.391427174211e-02,0.000000000000e+00,1,0.000000000000e+00,True
3671,PHYSICAL_MESH,0.0400000000,0.0719609541,1.410219632089e-02,3.348864614964e-02,0.000000000000e+00,1,0.000000000000e+00,True
3672,PHYSICAL_MESH,0.0450000000,0.0719609541,1.410232204944e-02,3.306299448013e-02,0.000000000000e+00,1,0.000000000000e+00,True
3673,PHYSICAL_MESH,0.0500000000,0.0719609541,1.410246454179e-02,3.263731673360e-02,0.000000000000e+00,1,0.000000000000e+00,True
3674,PHYSICAL_MESH,0.0550000000,0.0719609541,1.410262286663e-02,3.221161291003e-02,0.000000000000e+00,1,0.000000000000e+00,True
3675,PHYSICAL_MESH,0.0600000000,0.0719609541,1.410279795527e-02,3.178588300943e-02,0.000000000000e+00,1,0.000000000000e+00,True
3676,PHYSICAL_MESH,0.0650000000,0.0719609541,1.410299073905e-02,3.136012703180e-02,0.000000000000e+00,1,0.000000000000e+00,True
3677,PHYSICAL_MESH,0.0700000000,0.0719609541,1.410319935530e-02,3.093434125185e-02,0.000000000000e+00,1,0.000000000000e+00,True
3678,PHYSICAL_MESH,0.0750000000,0.0719609541,1.410342287272e-02,3.050852753222e-02,0.000000000000e+00,1,0.000000000000e+00,True
3679,PHYSICAL_MESH,0.0800000000,0.0719609541,1.410366129130e-02,3.008268587291e-02,0.000000000000e+00,1,0.000000000000e+00,True
3680,PHYSICAL_MESH,0.0850000000,0.0719609541,1.410391181707e-02,2.965681813657e-02,0.000000000000e+00,1,0.000000000000e+00,True
3681,PHYSICAL_MESH,0.0900000000,0.0719609541,1.410417445004e-02,2.923092432320e-02,0.000000000000e+00,1,0.000000000000e+00,True
3682,PHYSICAL_MESH,0.0950000000,0.0719609541,1.410444639623e-02,2.880500629544e-02,0.000000000000e+00,1,0.000000000000e+00,True
3683,PHYSICAL_MESH,0.1000000000,0.0719609541,1.410472579300e-02,2.837906591594e-02,0.000000000000e+00,1,0.000000000000e+00,True
3684,PHYSICAL_MESH,0.1050000000,0.0719609541,1.410500984639e-02,2.795310504735e-02,0.000000000000e+00,1,0.000000000000e+00,True
3685,PHYSICAL_MESH,0.1100000000,0.0719609541,1.410529855639e-02,2.752712555230e-02,0.000000000000e+00,1,0.000000000000e+00,True
3686,PHYSICAL_MESH,0.1150000000,0.0719609541,1.410558726639e-02,2.710113301873e-02,0.000000000000e+00,1,0.000000000000e+00,True
3687,PHYSICAL_MESH,0.1225000000,0.0719609541,1.410601753742e-02,2.646212093532e-02,0.000000000000e+00,1,0.000000000000e+00,True
3688,PHYSICAL_MESH,0.1337500000,0.0719609541,1.410663872957e-02,2.550358511508e-02,0.000000000000e+00,1,0.000000000000e+00,True
3689,PHYSICAL_MESH,0.1506250000,0.0719609541,1.410747691989e-02,2.406582236290e-02,0.000000000000e+00,1,0.000000000000e+00,True
3690,PHYSICAL_MESH,0.1756250000,0.0719609541,1.410839427263e-02,2.193614467978e-02,0.000000000000e+00,1,0.000000000000e+00,True
3691,PHYSICAL_MESH,0.2005769231,0.0719609541,1.410880219191e-02,1.981114596128e-02,0.000000000000e+00,1,0.000000000000e+00,True
3692,PHYSICAL_MESH,0.2255288462,0.0719609541,1.410853955895e-02,1.768681406975e-02,0.000000000000e+00,1,0.000000000000e+00,True
3693,PHYSICAL_MESH,0.2504807693,0.0719609541,1.410734932870e-02,1.556322444230e-02,0.000000000000e+00,1,0.000000000000e+00,True
3694,PHYSICAL_MESH,0.2754326924,0.0719609541,1.410482358187e-02,1.344062387943e-02,0.000000000000e+00,1,0.000000000000e+00,True
3695,PHYSICAL_MESH,0.3003846155,0.0719609541,1.410039793700e-02,1.131966710091e-02,0.000000000000e+00,1,0.000000000000e+00,True
3696,PHYSICAL_MESH,0.3253365386,0.0719609541,1.409347727895e-02,9.201635606587e-03,0.000000000000e+00,1,0.000000000000e+00,True
3697,PHYSICAL_MESH,0.3502884617,0.0719609541,1.408376824111e-02,7.088551763445e-03,0.000000000000e+00,1,0.000000000000e+00,True
3698,PHYSICAL_MESH,0.3752403848,0.0719609541,1.407184544951e-02,4.982966464013e-03,0.000000000000e+00,1,0.000000000000e+00,True
3699,PHYSICAL_MESH,0.4001923079,0.0719609541,1.405975222588e-02,2.886994509026e-03,0.000000000000e+00,1,0.000000000000e+00,True
3700,PHYSICAL_MESH,0.4251442310,0.0719609541,1.405103504658e-02,8.004543487914e-04,0.000000000000e+00,1,0.000000000000e+00,True
3701,PHYSICAL_MESH,0.4500961541,0.0719609541,1.404963806272e-02,-1.281006494537e-03,0.000000000000e+00,1,0.000000000000e+00,True
3702,PHYSICAL_MESH,0.4750480772,0.0719609541,1.405800227076e-02,-3.366283839568e-03,0.000000000000e+00,1,0.000000000000e+00,True
3703,PHYSICAL_MESH,0.5000000000,0.0719609541,1.407495047897e-02,-5.468553863466e-03,0.000000000000e+00,1,0.000000000000e+00,True
3704,PHYSICAL_MESH,-0.5000000000,0.0769015315,1.452179625630e-02,7.942832261324e-02,0.000000000000e+00,1,0.000000000000e+00,True
3705,PHYSICAL_MESH,-0.4759765625,0.0769015315,1.452179718763e-02,7.738472521305e-02,0.000000000000e+00,1,0.000000000000e+00,True
3706,PHYSICAL_MESH,-0.4519531250,0.0769015315,1.452179811895e-02,7.534113526344e-02,0.000000000000e+00,1,0.000000000000e+00,True
3707,PHYSICAL_MESH,-0.4279296875,0.0769015315,1.452179811895e-02,7.329754531384e-02,0.000000000000e+00,1,0.000000000000e+00,True
3708,PHYSICAL_MESH,-0.4039062500,0.0769015315,1.452179718763e-02,7.125396281481e-02,0.000000000000e+00,1,0.000000000000e+00,True
3709,PHYSICAL_MESH,-0.3798828125,0.0769015315,1.452179439366e-02,6.921038031578e-02,0.000000000000e+00,1,0.000000000000e+00,True
3710,PHYSICAL_MESH,-0.3558593750,0.0769015315,1.452179066837e-02,6.716679781675e-02,0.000000000000e+00,1,0.000000000000e+00,True
3711,PHYSICAL_MESH,-0.3318359375,0.0769015315,1.452178508043e-02,6.512320786715e-02,0.000000000000e+00,1,0.000000000000e+00,True
3712,PHYSICAL_MESH,-0.3078125000,0.0769015315,1.452177949250e-02,6.307961791754e-02,0.000000000000e+00,1,0.000000000000e+00,True
3713,PHYSICAL_MESH,-0.2837890625,0.0769015315,1.452177204192e-02,6.103602796793e-02,0.000000000000e+00,1,0.000000000000e+00,True
3714,PHYSICAL_MESH,-0.2597656250,0.0769015315,1.452176459134e-02,5.899242311716e-02,0.000000000000e+00,1,0.000000000000e+00,True
3715,PHYSICAL_MESH,-0.2357421875,0.0769015315,1.452175714076e-02,5.694881081581e-02,0.000000000000e+00,1,0.000000000000e+00,True
3716,PHYSICAL_MESH,-0.2117187500,0.0769015315,1.452174969018e-02,5.490518361330e-02,0.000000000000e+00,1,0.000000000000e+00,True
3717,PHYSICAL_MESH,-0.1876953125,0.0769015315,1.452174223959e-02,5.286153778434e-02,0.000000000000e+00,1,0.000000000000e+00,True
3718,PHYSICAL_MESH,-0.1636718750,0.0769015315,1.452173758298e-02,5.081787332892e-02,0.000000000000e+00,1,0.000000000000e+00,True
3719,PHYSICAL_MESH,-0.1396484375,0.0769015315,1.452173572034e-02,4.877417907119e-02,0.000000000000e+00,1,0.000000000000e+00,True
3720,PHYSICAL_MESH,-0.1156250000,0.0769015315,1.452173851430e-02,4.673044756055e-02,0.000000000000e+00,1,0.000000000000e+00,True
3721,PHYSICAL_MESH,-0.0906250000,0.0769015315,1.452174596488e-02,4.460360109806e-02,0.000000000000e+00,1,0.000000000000e+00,True
3722,PHYSICAL_MESH,-0.0737500000,0.0769015315,1.452175620943e-02,4.316794499755e-02,0.000000000000e+00,1,0.000000000000e+00,True
3723,PHYSICAL_MESH,-0.0625000000,0.0769015315,1.452176552266e-02,4.221082851291e-02,0.000000000000e+00,1,0.000000000000e+00,True
3724,PHYSICAL_MESH,-0.0550000000,0.0769015315,1.452177390456e-02,4.157273843884e-02,0.000000000000e+00,1,0.000000000000e+00,True
3725,PHYSICAL_MESH,-0.0500000000,0.0769015315,1.452178135514e-02,4.114734381437e-02,0.000000000000e+00,1,0.000000000000e+00,True
3726,PHYSICAL_MESH,-0.0450000000,0.0769015315,1.452178880572e-02,4.072194546461e-02,0.000000000000e+00,1,0.000000000000e+00,True
3727,PHYSICAL_MESH,-0.0400000000,0.0769015315,1.452179811895e-02,4.029653966427e-02,0.000000000000e+00,1,0.000000000000e+00,True
3728,PHYSICAL_MESH,-0.0350000000,0.0769015315,1.452180929482e-02,3.987113013864e-02,0.000000000000e+00,1,0.000000000000e+00,True
3729,PHYSICAL_MESH,-0.0300000000,0.0769015315,1.452182233334e-02,3.944571688771e-02,0.000000000000e+00,1,0.000000000000e+00,True
3730,PHYSICAL_MESH,-0.0250000000,0.0769015315,1.452183816582e-02,3.902029618621e-02,0.000000000000e+00,1,0.000000000000e+00,True
3731,PHYSICAL_MESH,-0.0200000000,0.0769015315,1.452185679227e-02,3.859486803412e-02,0.000000000000e+00,1,0.000000000000e+00,True
3732,PHYSICAL_MESH,-0.0150000000,0.0769015315,1.452187821269e-02,3.816942870617e-02,0.000000000000e+00,1,0.000000000000e+00,True
3733,PHYSICAL_MESH,-0.0100000000,0.0769015315,1.452190522105e-02,3.774398192763e-02,0.000000000000e+00,1,0.000000000000e+00,True
3734,PHYSICAL_MESH,-0.0050000000,0.0769015315,1.452193595469e-02,3.731852024794e-02,0.000000000000e+00,1,0.000000000000e+00,True
3735,PHYSICAL_MESH,0.0000000000,0.0769015315,1.452197320759e-02,3.689304739237e-02,0.000000000000e+00,1,0.000000000000e+00,True
3736,PHYSICAL_MESH,0.0050000000,0.0769015315,1.452201604843e-02,3.646755963564e-02,0.000000000000e+00,1,0.000000000000e+00,True
3737,PHYSICAL_MESH,0.0100000000,0.0769015315,1.452206633985e-02,3.604205697775e-02,0.000000000000e+00,1,0.000000000000e+00,True
3738,PHYSICAL_MESH,0.0150000000,0.0769015315,1.452212408185e-02,3.561653569341e-02,0.000000000000e+00,1,0.000000000000e+00,True
3739,PHYSICAL_MESH,0.0200000000,0.0769015315,1.452219113708e-02,3.519099205732e-02,0.000000000000e+00,1,0.000000000000e+00,True
3740,PHYSICAL_MESH,0.0250000000,0.0769015315,1.452226750553e-02,3.476543352008e-02,0.000000000000e+00,1,0.000000000000e+00,True
3741,PHYSICAL_MESH,0.0300000000,0.0769015315,1.452235411853e-02,3.433984890580e-02,0.000000000000e+00,1,0.000000000000e+00,True
3742,PHYSICAL_MESH,0.0350000000,0.0769015315,1.452245190740e-02,3.391424566507e-02,0.000000000000e+00,1,0.000000000000e+00,True
3743,PHYSICAL_MESH,0.0400000000,0.0769015315,1.452256180346e-02,3.348862007260e-02,0.000000000000e+00,1,0.000000000000e+00,True
3744,PHYSICAL_MESH,0.0450000000,0.0769015315,1.452268473804e-02,3.306296840310e-02,0.000000000000e+00,1,0.000000000000e+00,True
3745,PHYSICAL_MESH,0.0500000000,0.0769015315,1.452282071114e-02,3.263729065657e-02,0.000000000000e+00,1,0.000000000000e+00,True
3746,PHYSICAL_MESH,0.0550000000,0.0769015315,1.452297158539e-02,3.221158683300e-02,0.000000000000e+00,1,0.000000000000e+00,True
3747,PHYSICAL_MESH,0.0600000000,0.0769015315,1.452313642949e-02,3.178586065769e-02,0.000000000000e+00,1,0.000000000000e+00,True
3748,PHYSICAL_MESH,0.0650000000,0.0769015315,1.452331617475e-02,3.136010468006e-02,0.000000000000e+00,1,0.000000000000e+00,True
3749,PHYSICAL_MESH,0.0700000000,0.0769015315,1.452350988984e-02,3.093432262540e-02,0.000000000000e+00,1,0.000000000000e+00,True
3750,PHYSICAL_MESH,0.0750000000,0.0769015315,1.452371571213e-02,3.050851449370e-02,0.000000000000e+00,1,0.000000000000e+00,True
3751,PHYSICAL_MESH,0.0800000000,0.0769015315,1.452393364161e-02,3.008268028498e-02,0.000000000000e+00,1,0.000000000000e+00,True
3752,PHYSICAL_MESH,0.0850000000,0.0769015315,1.452416181564e-02,2.965682186186e-02,0.000000000000e+00,1,0.000000000000e+00,True
3753,PHYSICAL_MESH,0.0900000000,0.0769015315,1.452439930290e-02,2.923093736172e-02,0.000000000000e+00,1,0.000000000000e+00,True
3754,PHYSICAL_MESH,0.0950000000,0.0769015315,1.452464330941e-02,2.880503237247e-02,0.000000000000e+00,1,0.000000000000e+00,True
3755,PHYSICAL_MESH,0.1000000000,0.0769015315,1.452489197254e-02,2.837910689414e-02,0.000000000000e+00,1,0.000000000000e+00,True
3756,PHYSICAL_MESH,0.1050000000,0.0769015315,1.452514529228e-02,2.795316278934e-02,0.000000000000e+00,1,0.000000000000e+00,True
3757,PHYSICAL_MESH,0.1100000000,0.0769015315,1.452539861202e-02,2.752720192075e-02,0.000000000000e+00,1,0.000000000000e+00,True
3758,PHYSICAL_MESH,0.1150000000,0.0769015315,1.452565193176e-02,2.710122801363e-02,0.000000000000e+00,1,0.000000000000e+00,True
3759,PHYSICAL_MESH,0.1225000000,0.0769015315,1.452602446079e-02,2.646224945784e-02,0.000000000000e+00,1,0.000000000000e+00,True
3760,PHYSICAL_MESH,0.1337500000,0.0769015315,1.452655438334e-02,2.550376579165e-02,0.000000000000e+00,1,0.000000000000e+00,True
3761,PHYSICAL_MESH,0.1506250000,0.0769015315,1.452724542469e-02,2.406608872116e-02,0.000000000000e+00,1,0.000000000000e+00,True
3762,PHYSICAL_MESH,0.1756250000,0.0769015315,1.452793087810e-02,2.193653583527e-02,0.000000000000e+00,1,0.000000000000e+00,True
3763,PHYSICAL_MESH,0.2005769231,0.0769015315,1.452809292823e-02,1.981166563928e-02,0.000000000000e+00,1,0.000000000000e+00,True
3764,PHYSICAL_MESH,0.2255288462,0.0769015315,1.452756673098e-02,1.768749393523e-02,0.000000000000e+00,1,0.000000000000e+00,True
3765,PHYSICAL_MESH,0.2504807693,0.0769015315,1.452609430999e-02,1.556412782520e-02,0.000000000000e+00,1,0.000000000000e+00,True
3766,PHYSICAL_MESH,0.2754326924,0.0769015315,1.452328078449e-02,1.344184391201e-02,0.000000000000e+00,1,0.000000000000e+00,True
3767,PHYSICAL_MESH,0.3003846155,0.0769015315,1.451861113310e-02,1.132130529732e-02,0.000000000000e+00,1,0.000000000000e+00,True
3768,PHYSICAL_MESH,0.3253365386,0.0769015315,1.451158523560e-02,9.203739464283e-03,0.000000000000e+00,1,0.000000000000e+00,True
3769,PHYSICAL_MESH,0.3502884617,0.0769015315,1.450203079730e-02,7.091009989381e-03,0.000000000000e+00,1,0.000000000000e+00,True
3770,PHYSICAL_MESH,0.3752403848,0.0769015315,1.449060812593e-02,4.985352978110e-03,0.000000000000e+00,1,0.000000000000e+00,True
3771,PHYSICAL_MESH,0.4001923079,0.0769015315,1.447930186987e-02,2.888472517952e-03,0.000000000000e+00,1,0.000000000000e+00,True
3772,PHYSICAL_MESH,0.4251442310,0.0769015315,1.447137910873e-02,7.999067311175e-04,0.000000000000e+00,1,0.000000000000e+00,True
3773,PHYSICAL_MESH,0.4500961541,0.0769015315,1.447037048638e-02,-1.284547033720e-03,0.000000000000e+00,1,0.000000000000e+00,True
3774,PHYSICAL_MESH,0.4750480772,0.0769015315,1.447834912688e-02,-3.373084124178e-03,0.000000000000e+00,1,0.000000000000e+00,True
3775,PHYSICAL_MESH,0.5000000000,0.0769015315,1.449409220368e-02,-5.477548576891e-03,0.000000000000e+00,1,0.000000000000e+00,True
3776,PHYSICAL_MESH,-0.5000000000,0.0818421089,1.494207512587e-02,7.942831516266e-02,0.000000000000e+00,1,0.000000000000e+00,True
3777,PHYSICAL_MESH,-0.4759765625,0.0818421089,1.494207698852e-02,7.738472521305e-02,0.000000000000e+00,1,0.000000000000e+00,True
3778,PHYSICAL_MESH,-0.4519531250,0.0818421089,1.494207885116e-02,7.534113526344e-02,0.000000000000e+00,1,0.000000000000e+00,True
3779,PHYSICAL_MESH,-0.4279296875,0.0818421089,1.494207885116e-02,7.329754531384e-02,0.000000000000e+00,1,0.000000000000e+00,True
3780,PHYSICAL_MESH,-0.4039062500,0.0818421089,1.494207791984e-02,7.125396281481e-02,0.000000000000e+00,1,0.000000000000e+00,True
3781,PHYSICAL_MESH,-0.3798828125,0.0818421089,1.494207605720e-02,6.921038031578e-02,0.000000000000e+00,1,0.000000000000e+00,True
3782,PHYSICAL_MESH,-0.3558593750,0.0818421089,1.494207233191e-02,6.716679781675e-02,0.000000000000e+00,1,0.000000000000e+00,True
3783,PHYSICAL_MESH,-0.3318359375,0.0818421089,1.494206860662e-02,6.512320786715e-02,0.000000000000e+00,1,0.000000000000e+00,True
3784,PHYSICAL_MESH,-0.3078125000,0.0818421089,1.494206395000e-02,6.307961791754e-02,0.000000000000e+00,1,0.000000000000e+00,True
3785,PHYSICAL_MESH,-0.2837890625,0.0818421089,1.494205836207e-02,6.103602796793e-02,0.000000000000e+00,1,0.000000000000e+00,True
3786,PHYSICAL_MESH,-0.2597656250,0.0818421089,1.494205184281e-02,5.899242311716e-02,0.000000000000e+00,1,0.000000000000e+00,True
3787,PHYSICAL_MESH,-0.2357421875,0.0818421089,1.494204625487e-02,5.694881081581e-02,0.000000000000e+00,1,0.000000000000e+00,True
3788,PHYSICAL_MESH,-0.2117187500,0.0818421089,1.494204066694e-02,5.490518361330e-02,0.000000000000e+00,1,0.000000000000e+00,True
3789,PHYSICAL_MESH,-0.1876953125,0.0818421089,1.494203694165e-02,5.286154150963e-02,0.000000000000e+00,1,0.000000000000e+00,True
3790,PHYSICAL_MESH,-0.1636718750,0.0818421089,1.494203507900e-02,5.081787332892e-02,0.000000000000e+00,1,0.000000000000e+00,True
3791,PHYSICAL_MESH,-0.1396484375,0.0818421089,1.494203694165e-02,4.877417907119e-02,0.000000000000e+00,1,0.000000000000e+00,True
3792,PHYSICAL_MESH,-0.1156250000,0.0818421089,1.494204252958e-02,4.673045128584e-02,0.000000000000e+00,1,0.000000000000e+00,True
3793,PHYSICAL_MESH,-0.0906250000,0.0818421089,1.494205463678e-02,4.460360109806e-02,0.000000000000e+00,1,0.000000000000e+00,True
3794,PHYSICAL_MESH,-0.0737500000,0.0818421089,1.494206767529e-02,4.316794872284e-02,0.000000000000e+00,1,0.000000000000e+00,True
3795,PHYSICAL_MESH,-0.0625000000,0.0818421089,1.494208071381e-02,4.221082851291e-02,0.000000000000e+00,1,0.000000000000e+00,True
3796,PHYSICAL_MESH,-0.0550000000,0.0818421089,1.494209095836e-02,4.157274216413e-02,0.000000000000e+00,1,0.000000000000e+00,True
3797,PHYSICAL_MESH,-0.0500000000,0.0818421089,1.494209934026e-02,4.114734381437e-02,0.000000000000e+00,1,0.000000000000e+00,True
3798,PHYSICAL_MESH,-0.0450000000,0.0818421089,1.494210865349e-02,4.072194546461e-02,0.000000000000e+00,1,0.000000000000e+00,True
3799,PHYSICAL_MESH,-0.0400000000,0.0818421089,1.494211982936e-02,4.029653966427e-02,0.000000000000e+00,1,0.000000000000e+00,True
3800,PHYSICAL_MESH,-0.0350000000,0.0818421089,1.494213286787e-02,3.987113013864e-02,0.000000000000e+00,1,0.000000000000e+00,True
3801,PHYSICAL_MESH,-0.0300000000,0.0818421089,1.494214776903e-02,3.944571316242e-02,0.000000000000e+00,1,0.000000000000e+00,True
3802,PHYSICAL_MESH,-0.0250000000,0.0818421089,1.494216639549e-02,3.902029246092e-02,0.000000000000e+00,1,0.000000000000e+00,True
3803,PHYSICAL_MESH,-0.0200000000,0.0818421089,1.494218688458e-02,3.859486058354e-02,0.000000000000e+00,1,0.000000000000e+00,True
3804,PHYSICAL_MESH,-0.0150000000,0.0818421089,1.494221203029e-02,3.816942125559e-02,0.000000000000e+00,1,0.000000000000e+00,True
3805,PHYSICAL_MESH,-0.0100000000,0.0818421089,1.494224090129e-02,3.774397075176e-02,0.000000000000e+00,1,0.000000000000e+00,True
3806,PHYSICAL_MESH,-0.0050000000,0.0818421089,1.494227536023e-02,3.731850907207e-02,0.000000000000e+00,1,0.000000000000e+00,True
3807,PHYSICAL_MESH,0.0000000000,0.0818421089,1.494231447577e-02,3.689303621650e-02,0.000000000000e+00,1,0.000000000000e+00,True
3808,PHYSICAL_MESH,0.0050000000,0.0818421089,1.494236011058e-02,3.646754473448e-02,0.000000000000e+00,1,0.000000000000e+00,True
3809,PHYSICAL_MESH,0.0100000000,0.0818421089,1.494241319597e-02,3.604203835130e-02,0.000000000000e+00,1,0.000000000000e+00,True
3810,PHYSICAL_MESH,0.0150000000,0.0818421089,1.494247280061e-02,3.561651706696e-02,0.000000000000e+00,1,0.000000000000e+00,True
3811,PHYSICAL_MESH,0.0200000000,0.0818421089,1.494254171848e-02,3.519097343087e-02,0.000000000000e+00,1,0.000000000000e+00,True
3812,PHYSICAL_MESH,0.0250000000,0.0818421089,1.494261901826e-02,3.476541116834e-02,0.000000000000e+00,1,0.000000000000e+00,True
3813,PHYSICAL_MESH,0.0300000000,0.0818421089,1.494270656258e-02,3.433983027935e-02,0.000000000000e+00,1,0.000000000000e+00,True
3814,PHYSICAL_MESH,0.0350000000,0.0818421089,1.494280342013e-02,3.391422331333e-02,0.000000000000e+00,1,0.000000000000e+00,True
3815,PHYSICAL_MESH,0.0400000000,0.0818421089,1.494291145355e-02,3.348859772086e-02,0.000000000000e+00,1,0.000000000000e+00,True
3816,PHYSICAL_MESH,0.0450000000,0.0818421089,1.494302973151e-02,3.306294605136e-02,0.000000000000e+00,1,0.000000000000e+00,True
3817,PHYSICAL_MESH,0.0500000000,0.0818421089,1.494316011667e-02,3.263726830482e-02,0.000000000000e+00,1,0.000000000000e+00,True
3818,PHYSICAL_MESH,0.0550000000,0.0818421089,1.494330260903e-02,3.221156820655e-02,0.000000000000e+00,1,0.000000000000e+00,True
3819,PHYSICAL_MESH,0.0600000000,0.0818421089,1.494345720857e-02,3.178584575653e-02,0.000000000000e+00,1,0.000000000000e+00,True
3820,PHYSICAL_MESH,0.0650000000,0.0818421089,1.494362298399e-02,3.136009350419e-02,0.000000000000e+00,1,0.000000000000e+00,True
3821,PHYSICAL_MESH,0.0700000000,0.0818421089,1.494380086660e-02,3.093431703746e-02,0.000000000000e+00,1,0.000000000000e+00,True
3822,PHYSICAL_MESH,0.0750000000,0.0818421089,1.494398899376e-02,3.050851635635e-02,0.000000000000e+00,1,0.000000000000e+00,True
3823,PHYSICAL_MESH,0.0800000000,0.0818421089,1.494418643415e-02,3.008269146085e-02,0.000000000000e+00,1,0.000000000000e+00,True
3824,PHYSICAL_MESH,0.0850000000,0.0818421089,1.494439132512e-02,2.965684235096e-02,0.000000000000e+00,1,0.000000000000e+00,True
3825,PHYSICAL_MESH,0.0900000000,0.0818421089,1.494460366666e-02,2.923097088933e-02,0.000000000000e+00,1,0.000000000000e+00,True
3826,PHYSICAL_MESH,0.0950000000,0.0818421089,1.494482066482e-02,2.880507893860e-02,0.000000000000e+00,1,0.000000000000e+00,True
3827,PHYSICAL_MESH,0.1000000000,0.0818421089,1.494504045695e-02,2.837916836143e-02,0.000000000000e+00,1,0.000000000000e+00,True
3828,PHYSICAL_MESH,0.1050000000,0.0818421089,1.494526211172e-02,2.795324102044e-02,0.000000000000e+00,1,0.000000000000e+00,True
3829,PHYSICAL_MESH,0.1100000000,0.0818421089,1.494548283517e-02,2.752729877830e-02,0.000000000000e+00,1,0.000000000000e+00,True
3830,PHYSICAL_MESH,0.1150000000,0.0818421089,1.494570076466e-02,2.710134536028e-02,0.000000000000e+00,1,0.000000000000e+00,True
3831,PHYSICAL_MESH,0.1225000000,0.0818421089,1.494601834565e-02,2.646239846945e-02,0.000000000000e+00,1,0.000000000000e+00,True
3832,PHYSICAL_MESH,0.1337500000,0.0818421089,1.494646072388e-02,2.550396881998e-02,0.000000000000e+00,1,0.000000000000e+00,True
3833,PHYSICAL_MESH,0.1506250000,0.0818421089,1.494701206684e-02,2.406637743115e-02,0.000000000000e+00,1,0.000000000000e+00,True
3834,PHYSICAL_MESH,0.1756250000,0.0818421089,1.494747586548e-02,2.193695306778e-02,0.000000000000e+00,1,0.000000000000e+00,True
3835,PHYSICAL_MESH,0.2005769231,0.0818421089,1.494740135968e-02,1.981221698225e-02,0.000000000000e+00,1,0.000000000000e+00,True
3836,PHYSICAL_MESH,0.2255288462,0.0818421089,1.494662277400e-02,1.768820919096e-02,0.000000000000e+00,1,0.000000000000e+00,True
3837,PHYSICAL_MESH,0.2504807693,0.0818421089,1.494488399476e-02,1.556506473571e-02,0.000000000000e+00,1,0.000000000000e+00,True
3838,PHYSICAL_MESH,0.2754326924,0.0818421089,1.494180969894e-02,1.344308629632e-02,0.000000000000e+00,1,0.000000000000e+00,True
3839,PHYSICAL_MESH,0.3003846155,0.0818421089,1.493693422526e-02,1.132293697447e-02,0.000000000000e+00,1,0.000000000000e+00,True
3840,PHYSICAL_MESH,0.3253365386,0.0818421089,1.492984592915e-02,9.205787442625e-03,0.000000000000e+00,1,0.000000000000e+00,True
3841,PHYSICAL_MESH,0.3502884617,0.0818421089,1.492047961801e-02,7.093339692801e-03,0.000000000000e+00,1,0.000000000000e+00,True
3842,PHYSICAL_MESH,0.3752403848,0.0818421089,1.490956265479e-02,4.987544380128e-03,0.000000000000e+00,1,0.000000000000e+00,True
3843,PHYSICAL_MESH,0.4001923079,0.0818421089,1.489900890738e-02,2.889746800065e-03,0.000000000000e+00,1,0.000000000000e+00,True
3844,PHYSICAL_MESH,0.4251442310,0.0818421089,1.489182468504e-02,7.992594619282e-04,0.000000000000e+00,1,0.000000000000e+00,True
3845,PHYSICAL_MESH,0.4500961541,0.0818421089,1.489116065204e-02,-1.287954160944e-03,0.000000000000e+00,1,0.000000000000e+00,True
3846,PHYSICAL_MESH,0.4750480772,0.0818421089,1.489877421409e-02,-3.379440866411e-03,0.000000000000e+00,1,0.000000000000e+00,True
3847,PHYSICAL_MESH,0.5000000000,0.0818421089,1.491341460496e-02,-5.485860630870e-03,0.000000000000e+00,1,0.000000000000e+00,True
3848,PHYSICAL_MESH,-0.5000000000,0.0868421089,1.536741014570e-02,7.942831516266e-02,0.000000000000e+00,1,0.000000000000e+00,True
3849,PHYSICAL_MESH,-0.4759765625,0.0868421089,1.536741200835e-02,7.738472521305e-02,0.000000000000e+00,1,0.000000000000e+00,True
3850,PHYSICAL_MESH,-0.4519531250,0.0868421089,1.536741387099e-02,7.534112781286e-02,0.000000000000e+00,1,0.000000000000e+00,True
3851,PHYSICAL_MESH,-0.4279296875,0.0868421089,1.536741387099e-02,7.329754531384e-02,0.000000000000e+00,1,0.000000000000e+00,True
3852,PHYSICAL_MESH,-0.4039062500,0.0868421089,1.536741387099e-02,7.125396281481e-02,0.000000000000e+00,1,0.000000000000e+00,True
3853,PHYSICAL_MESH,-0.3798828125,0.0868421089,1.536741200835e-02,6.921038031578e-02,0.000000000000e+00,1,0.000000000000e+00,True
3854,PHYSICAL_MESH,-0.3558593750,0.0868421089,1.536741014570e-02,6.716679781675e-02,0.000000000000e+00,1,0.000000000000e+00,True
3855,PHYSICAL_MESH,-0.3318359375,0.0868421089,1.536740642041e-02,6.512320786715e-02,0.000000000000e+00,1,0.000000000000e+00,True
3856,PHYSICAL_MESH,-0.3078125000,0.0868421089,1.536740269512e-02,6.307962536812e-02,0.000000000000e+00,1,0.000000000000e+00,True
3857,PHYSICAL_MESH,-0.2837890625,0.0868421089,1.536739896983e-02,6.103602796793e-02,0.000000000000e+00,1,0.000000000000e+00,True
3858,PHYSICAL_MESH,-0.2597656250,0.0868421089,1.536739431322e-02,5.899242684245e-02,0.000000000000e+00,1,0.000000000000e+00,True
3859,PHYSICAL_MESH,-0.2357421875,0.0868421089,1.536739058793e-02,5.694881081581e-02,0.000000000000e+00,1,0.000000000000e+00,True
3860,PHYSICAL_MESH,-0.2117187500,0.0868421089,1.536738779396e-02,5.490518733859e-02,0.000000000000e+00,1,0.000000000000e+00,True
3861,PHYSICAL_MESH,-0.1876953125,0.0868421089,1.536738593131e-02,5.286154150963e-02,0.000000000000e+00,1,0.000000000000e+00,True
3862,PHYSICAL_MESH,-0.1636718750,0.0868421089,1.536738779396e-02,5.081787332892e-02,0.000000000000e+00,1,0.000000000000e+00,True
3863,PHYSICAL_MESH,-0.1396484375,0.0868421089,1.536739151925e-02,4.877417907119e-02,0.000000000000e+00,1,0.000000000000e+00,True
3864,PHYSICAL_MESH,-0.1156250000,0.0868421089,1.536740083247e-02,4.673045501113e-02,0.000000000000e+00,1,0.000000000000e+00,True
3865,PHYSICAL_MESH,-0.0906250000,0.0868421089,1.536741666496e-02,4.460360482335e-02,0.000000000000e+00,1,0.000000000000e+00,True
3866,PHYSICAL_MESH,-0.0737500000,0.0868421089,1.536743342876e-02,4.316794872284e-02,0.000000000000e+00,1,0.000000000000e+00,True
3867,PHYSICAL_MESH,-0.0625000000,0.0868421089,1.536744832993e-02,4.221083223820e-02,0.000000000000e+00,1,0.000000000000e+00,True
3868,PHYSICAL_MESH,-0.0550000000,0.0868421089,1.536746136844e-02,4.157274216413e-02,0.000000000000e+00,1,0.000000000000e+00,True
3869,PHYSICAL_MESH,-0.0500000000,0.0868421089,1.536747068167e-02,4.114734753966e-02,0.000000000000e+00,1,0.000000000000e+00,True
3870,PHYSICAL_MESH,-0.0450000000,0.0868421089,1.536748185754e-02,4.072194546461e-02,0.000000000000e+00,1,0.000000000000e+00,True
3871,PHYSICAL_MESH,-0.0400000000,0.0868421089,1.536749489605e-02,4.029653966427e-02,0.000000000000e+00,1,0.000000000000e+00,True
3872,PHYSICAL_MESH,-0.0350000000,0.0868421089,1.536750979722e-02,3.987113013864e-02,0.000000000000e+00,1,0.000000000000e+00,True
3873,PHYSICAL_MESH,-0.0300000000,0.0868421089,1.536752656102e-02,3.944571316242e-02,0.000000000000e+00,1,0.000000000000e+00,True
3874,PHYSICAL_MESH,-0.0250000000,0.0868421089,1.536754705012e-02,3.902028873563e-02,0.000000000000e+00,1,0.000000000000e+00,True
3875,PHYSICAL_MESH,-0.0200000000,0.0868421089,1.536757033318e-02,3.859485685825e-02,0.000000000000e+00,1,0.000000000000e+00,True
3876,PHYSICAL_MESH,-0.0150000000,0.0868421089,1.536759734154e-02,3.816941380501e-02,0.000000000000e+00,1,0.000000000000e+00,True
3877,PHYSICAL_MESH,-0.0100000000,0.0868421089,1.536762807518e-02,3.774396330118e-02,0.000000000000e+00,1,0.000000000000e+00,True
3878,PHYSICAL_MESH,-0.0050000000,0.0868421089,1.536766439676e-02,3.731849789619e-02,0.000000000000e+00,1,0.000000000000e+00,True
3879,PHYSICAL_MESH,0.0000000000,0.0868421089,1.536770537496e-02,3.689302131534e-02,0.000000000000e+00,1,0.000000000000e+00,True
3880,PHYSICAL_MESH,0.0050000000,0.0868421089,1.536775287241e-02,3.646752983332e-02,0.000000000000e+00,1,0.000000000000e+00,True
3881,PHYSICAL_MESH,0.0100000000,0.0868421089,1.536780782044e-02,3.604202345014e-02,0.000000000000e+00,1,0.000000000000e+00,True
3882,PHYSICAL_MESH,0.0150000000,0.0868421089,1.536786835641e-02,3.561649844050e-02,0.000000000000e+00,1,0.000000000000e+00,True
3883,PHYSICAL_MESH,0.0200000000,0.0868421089,1.536793727428e-02,3.519095480442e-02,0.000000000000e+00,1,0.000000000000e+00,True
3884,PHYSICAL_MESH,0.0250000000,0.0868421089,1.536801457405e-02,3.476539254189e-02,0.000000000000e+00,1,0.000000000000e+00,True
3885,PHYSICAL_MESH,0.0300000000,0.0868421089,1.536810118705e-02,3.433981165290e-02,0.000000000000e+00,1,0.000000000000e+00,True
3886,PHYSICAL_MESH,0.0350000000,0.0868421089,1.536819618195e-02,3.391420841217e-02,0.000000000000e+00,1,0.000000000000e+00,True
3887,PHYSICAL_MESH,0.0400000000,0.0868421089,1.536830049008e-02,3.348857909441e-02,0.000000000000e+00,1,0.000000000000e+00,True
3888,PHYSICAL_MESH,0.0450000000,0.0868421089,1.536841411144e-02,3.306293115020e-02,0.000000000000e+00,1,0.000000000000e+00,True
3889,PHYSICAL_MESH,0.0500000000,0.0868421089,1.536853797734e-02,3.263725712895e-02,0.000000000000e+00,1,0.000000000000e+00,True
3890,PHYSICAL_MESH,0.0550000000,0.0868421089,1.536867115647e-02,3.221156075597e-02,0.000000000000e+00,1,0.000000000000e+00,True
3891,PHYSICAL_MESH,0.0600000000,0.0868421089,1.536881458014e-02,3.178583830595e-02,0.000000000000e+00,1,0.000000000000e+00,True
3892,PHYSICAL_MESH,0.0650000000,0.0868421089,1.536896731704e-02,3.136009350419e-02,0.000000000000e+00,1,0.000000000000e+00,True
3893,PHYSICAL_MESH,0.0700000000,0.0868421089,1.536912843585e-02,3.093432448804e-02,0.000000000000e+00,1,0.000000000000e+00,True
3894,PHYSICAL_MESH,0.0750000000,0.0868421089,1.536929793656e-02,3.050853312016e-02,0.000000000000e+00,1,0.000000000000e+00,True
3895,PHYSICAL_MESH,0.0800000000,0.0868421089,1.536947488785e-02,3.008271567523e-02,0.000000000000e+00,1,0.000000000000e+00,True
3896,PHYSICAL_MESH,0.0850000000,0.0868421089,1.536965742707e-02,2.965687960386e-02,0.000000000000e+00,1,0.000000000000e+00,True
3897,PHYSICAL_MESH,0.0900000000,0.0868421089,1.536984462291e-02,2.923102118075e-02,0.000000000000e+00,1,0.000000000000e+00,True
3898,PHYSICAL_MESH,0.0950000000,0.0868421089,1.537003461272e-02,2.880514413118e-02,0.000000000000e+00,1,0.000000000000e+00,True
3899,PHYSICAL_MESH,0.1000000000,0.0868421089,1.537022553384e-02,2.837924845517e-02,0.000000000000e+00,1,0.000000000000e+00,True
3900,PHYSICAL_MESH,0.1050000000,0.0868421089,1.537041645497e-02,2.795333974063e-02,0.000000000000e+00,1,0.000000000000e+00,True
3901,PHYSICAL_MESH,0.1100000000,0.0868421089,1.537060458213e-02,2.752741798759e-02,0.000000000000e+00,1,0.000000000000e+00,True
3902,PHYSICAL_MESH,0.1150000000,0.0868421089,1.537078898400e-02,2.710148505867e-02,0.000000000000e+00,1,0.000000000000e+00,True
3903,PHYSICAL_MESH,0.1225000000,0.0868421089,1.537105254829e-02,2.646257355809e-02,0.000000000000e+00,1,0.000000000000e+00,True
3904,PHYSICAL_MESH,0.1337500000,0.0868421089,1.537141110748e-02,2.550419792533e-02,0.000000000000e+00,1,0.000000000000e+00,True
3905,PHYSICAL_MESH,0.1506250000,0.0868421089,1.537182554603e-02,2.406669408083e-02,0.000000000000e+00,1,0.000000000000e+00,True
3906,PHYSICAL_MESH,0.1756250000,0.0868421089,1.537207514048e-02,2.193740010262e-02,0.000000000000e+00,1,0.000000000000e+00,True
3907,PHYSICAL_MESH,0.2005769231,0.0868421089,1.537177246064e-02,1.981280371547e-02,0.000000000000e+00,1,0.000000000000e+00,True
3908,PHYSICAL_MESH,0.2255288462,0.0868421089,1.537075173110e-02,1.768896356225e-02,0.000000000000e+00,1,0.000000000000e+00,True
3909,PHYSICAL_MESH,0.2504807693,0.0868421089,1.536876149476e-02,1.556604169309e-02,0.000000000000e+00,1,0.000000000000e+00,True
3910,PHYSICAL_MESH,0.2754326924,0.0868421089,1.536544971168e-02,1.344436127692e-02,0.000000000000e+00,1,0.000000000000e+00,True
3911,PHYSICAL_MESH,0.3003846155,0.0868421089,1.536040194333e-02,1.132457703352e-02,0.000000000000e+00,1,0.000000000000e+00,True
3912,PHYSICAL_MESH,0.3253365386,0.0868421089,1.535329036415e-02,9.207798168063e-03,0.000000000000e+00,1,0.000000000000e+00,True
3913,PHYSICAL_MESH,0.3502884617,0.0868421089,1.534414198250e-02,7.095568813384e-03,0.000000000000e+00,1,0.000000000000e+00,True
3914,PHYSICAL_MESH,0.3752403848,0.0868421089,1.533373631537e-02,4.989575129002e-03,0.000000000000e+00,1,0.000000000000e+00,True
3915,PHYSICAL_MESH,0.4001923079,0.0868421089,1.532390993088e-02,2.890847856179e-03,0.000000000000e+00,1,0.000000000000e+00,True
3916,PHYSICAL_MESH,0.4251442310,0.0868421089,1.531741861254e-02,7.985181291588e-04,0.000000000000e+00,1,0.000000000000e+00,True
3917,PHYSICAL_MESH,0.4500961541,0.0868421089,1.531706564128e-02,-1.291273161769e-03,0.000000000000e+00,1,0.000000000000e+00,True
3918,PHYSICAL_MESH,0.4750480772,0.0868421089,1.532433088869e-02,-3.385461401194e-03,0.000000000000e+00,1,0.000000000000e+00,True
3919,PHYSICAL_MESH,0.5000000000,0.0868421089,1.533793471754e-02,-5.493647418916e-03,0.000000000000e+00,1,0.000000000000e+00,True
3920,PHYSICAL_MESH,-0.5000000000,0.0943421089,1.600541174412e-02,7.942831516266e-02,0.000000000000e+00,1,0.000000000000e+00,True
3921,PHYSICAL_MESH,-0.4759765625,0.0943421089,1.600541360676e-02,7.738471776247e-02,0.000000000000e+00,1,0.000000000000e+00,True
3922,PHYSICAL_MESH,-0.4519531250,0.0943421089,1.600541733205e-02,7.534112781286e-02,0.000000000000e+00,1,0.000000000000e+00,True
3923,PHYSICAL_MESH,-0.4279296875,0.0943421089,1.600541733205e-02,7.329754531384e-02,0.000000000000e+00,1,0.000000000000e+00,True
3924,PHYSICAL_MESH,-0.4039062500,0.0943421089,1.600541733205e-02,7.125396281481e-02,0.000000000000e+00,1,0.000000000000e+00,True
3925,PHYSICAL_MESH,-0.3798828125,0.0943421089,1.600541733205e-02,6.921038031578e-02,0.000000000000e+00,1,0.000000000000e+00,True
3926,PHYSICAL_MESH,-0.3558593750,0.0943421089,1.600541546941e-02,6.716679781675e-02,0.000000000000e+00,1,0.000000000000e+00,True
3927,PHYSICAL_MESH,-0.3318359375,0.0943421089,1.600541360676e-02,6.512320786715e-02,0.000000000000e+00,1,0.000000000000e+00,True
3928,PHYSICAL_MESH,-0.3078125000,0.0943421089,1.600541174412e-02,6.307962536812e-02,0.000000000000e+00,1,0.000000000000e+00,True
3929,PHYSICAL_MESH,-0.2837890625,0.0943421089,1.600540988147e-02,6.103602796793e-02,0.000000000000e+00,1,0.000000000000e+00,True
3930,PHYSICAL_MESH,-0.2597656250,0.0943421089,1.600540801883e-02,5.899242684245e-02,0.000000000000e+00,1,0.000000000000e+00,True
3931,PHYSICAL_MESH,-0.2357421875,0.0943421089,1.600540615618e-02,5.694881454110e-02,0.000000000000e+00,1,0.000000000000e+00,True
3932,PHYSICAL_MESH,-0.2117187500,0.0943421089,1.600540801883e-02,5.490518733859e-02,0.000000000000e+00,1,0.000000000000e+00,True
3933,PHYSICAL_MESH,-0.1876953125,0.0943421089,1.600540988147e-02,5.286154150963e-02,0.000000000000e+00,1,0.000000000000e+00,True
3934,PHYSICAL_MESH,-0.1636718750,0.0943421089,1.600541360676e-02,5.081787705421e-02,0.000000000000e+00,1,0.000000000000e+00,True
3935,PHYSICAL_MESH,-0.1396484375,0.0943421089,1.600542291999e-02,4.877418279648e-02,0.000000000000e+00,1,0.000000000000e+00,True
3936,PHYSICAL_MESH,-0.1156250000,0.0943421089,1.600543595850e-02,4.673045501113e-02,0.000000000000e+00,1,0.000000000000e+00,True
3937,PHYSICAL_MESH,-0.0906250000,0.0943421089,1.600545831025e-02,4.460360854864e-02,0.000000000000e+00,1,0.000000000000e+00,True
3938,PHYSICAL_MESH,-0.0737500000,0.0943421089,1.600547879934e-02,4.316795244813e-02,0.000000000000e+00,1,0.000000000000e+00,True
3939,PHYSICAL_MESH,-0.0625000000,0.0943421089,1.600549742579e-02,4.221083596349e-02,0.000000000000e+00,1,0.000000000000e+00,True
3940,PHYSICAL_MESH,-0.0550000000,0.0943421089,1.600551232696e-02,4.157274588943e-02,0.000000000000e+00,1,0.000000000000e+00,True
3941,PHYSICAL_MESH,-0.0500000000,0.0943421089,1.600552350283e-02,4.114734753966e-02,0.000000000000e+00,1,0.000000000000e+00,True
3942,PHYSICAL_MESH,-0.0450000000,0.0943421089,1.600553654134e-02,4.072194546461e-02,0.000000000000e+00,1,0.000000000000e+00,True
3943,PHYSICAL_MESH,-0.0400000000,0.0943421089,1.600555144250e-02,4.029653966427e-02,0.000000000000e+00,1,0.000000000000e+00,True
3944,PHYSICAL_MESH,-0.0350000000,0.0943421089,1.600556820631e-02,3.987112641335e-02,0.000000000000e+00,1,0.000000000000e+00,True
3945,PHYSICAL_MESH,-0.0300000000,0.0943421089,1.600558869541e-02,3.944570943713e-02,0.000000000000e+00,1,0.000000000000e+00,True
3946,PHYSICAL_MESH,-0.0250000000,0.0943421089,1.600561104715e-02,3.902028128505e-02,0.000000000000e+00,1,0.000000000000e+00,True
3947,PHYSICAL_MESH,-0.0200000000,0.0943421089,1.600563712418e-02,3.859484568238e-02,0.000000000000e+00,1,0.000000000000e+00,True
3948,PHYSICAL_MESH,-0.0150000000,0.0943421089,1.600566506386e-02,3.816940262914e-02,0.000000000000e+00,1,0.000000000000e+00,True
3949,PHYSICAL_MESH,-0.0100000000,0.0943421089,1.600569859147e-02,3.774394840002e-02,0.000000000000e+00,1,0.000000000000e+00,True
3950,PHYSICAL_MESH,-0.0050000000,0.0943421089,1.600573770702e-02,3.731848299503e-02,0.000000000000e+00,1,0.000000000000e+00,True
3951,PHYSICAL_MESH,0.0000000000,0.0943421089,1.600578054786e-02,3.689300641418e-02,0.000000000000e+00,1,0.000000000000e+00,True
3952,PHYSICAL_MESH,0.0050000000,0.0943421089,1.600582897663e-02,3.646751120687e-02,0.000000000000e+00,1,0.000000000000e+00,True
3953,PHYSICAL_MESH,0.0100000000,0.0943421089,1.600588299334e-02,3.604200482368e-02,0.000000000000e+00,1,0.000000000000e+00,True
3954,PHYSICAL_MESH,0.0150000000,0.0943421089,1.600594259799e-02,3.561647981405e-02,0.000000000000e+00,1,0.000000000000e+00,True
3955,PHYSICAL_MESH,0.0200000000,0.0943421089,1.600601151586e-02,3.519093617797e-02,0.000000000000e+00,1,0.000000000000e+00,True
3956,PHYSICAL_MESH,0.0250000000,0.0943421089,1.600608602166e-02,3.476537391543e-02,0.000000000000e+00,1,0.000000000000e+00,True
3957,PHYSICAL_MESH,0.0300000000,0.0943421089,1.600616797805e-02,3.433979302645e-02,0.000000000000e+00,1,0.000000000000e+00,True
3958,PHYSICAL_MESH,0.0350000000,0.0943421089,1.600625738502e-02,3.391418978572e-02,0.000000000000e+00,1,0.000000000000e+00,True
3959,PHYSICAL_MESH,0.0400000000,0.0943421089,1.600635424256e-02,3.348856791854e-02,0.000000000000e+00,1,0.000000000000e+00,True
3960,PHYSICAL_MESH,0.0450000000,0.0943421089,1.600645855069e-02,3.306292369962e-02,0.000000000000e+00,1,0.000000000000e+00,True
3961,PHYSICAL_MESH,0.0500000000,0.0943421089,1.600657030940e-02,3.263725712895e-02,0.000000000000e+00,1,0.000000000000e+00,True
3962,PHYSICAL_MESH,0.0550000000,0.0943421089,1.600668951869e-02,3.221156448126e-02,0.000000000000e+00,1,0.000000000000e+00,True
3963,PHYSICAL_MESH,0.0600000000,0.0943421089,1.600681431592e-02,3.178585320711e-02,0.000000000000e+00,1,0.000000000000e+00,True
3964,PHYSICAL_MESH,0.0650000000,0.0943421089,1.600694656372e-02,3.136011958122e-02,0.000000000000e+00,1,0.000000000000e+00,True
3965,PHYSICAL_MESH,0.0700000000,0.0943421089,1.600708439946e-02,3.093436174095e-02,0.000000000000e+00,1,0.000000000000e+00,True
3966,PHYSICAL_MESH,0.0750000000,0.0943421089,1.600722782314e-02,3.050858341157e-02,0.000000000000e+00,1,0.000000000000e+00,True
3967,PHYSICAL_MESH,0.0800000000,0.0943421089,1.600737497211e-02,3.008278459311e-02,0.000000000000e+00,1,0.000000000000e+00,True
3968,PHYSICAL_MESH,0.0850000000,0.0943421089,1.600752398372e-02,2.965696528554e-02,0.000000000000e+00,1,0.000000000000e+00,True
3969,PHYSICAL_MESH,0.0900000000,0.0943421089,1.600767485797e-02,2.923112921417e-02,0.000000000000e+00,1,0.000000000000e+00,True
3970,PHYSICAL_MESH,0.0950000000,0.0943421089,1.600782573223e-02,2.880527451634e-02,0.000000000000e+00,1,0.000000000000e+00,True
3971,PHYSICAL_MESH,0.1000000000,0.0943421089,1.600797474384e-02,2.837940678000e-02,0.000000000000e+00,1,0.000000000000e+00,True
3972,PHYSICAL_MESH,0.1050000000,0.0943421089,1.600812189281e-02,2.795352600515e-02,0.000000000000e+00,1,0.000000000000e+00,True
3973,PHYSICAL_MESH,0.1100000000,0.0943421089,1.600826345384e-02,2.752763405442e-02,0.000000000000e+00,1,0.000000000000e+00,True
3974,PHYSICAL_MESH,0.1150000000,0.0943421089,1.600839942694e-02,2.710173279047e-02,0.000000000000e+00,1,0.000000000000e+00,True
3975,PHYSICAL_MESH,0.1225000000,0.0943421089,1.600858755410e-02,2.646287344396e-02,0.000000000000e+00,1,0.000000000000e+00,True
3976,PHYSICAL_MESH,0.1337500000,0.0943421089,1.600882597268e-02,2.550458163023e-02,0.000000000000e+00,1,0.000000000000e+00,True
3977,PHYSICAL_MESH,0.1506250000,0.0943421089,1.600904762745e-02,2.406721003354e-02,0.000000000000e+00,1,0.000000000000e+00,True
3978,PHYSICAL_MESH,0.1756250000,0.0943421089,1.600899547338e-02,2.193811722100e-02,0.000000000000e+00,1,0.000000000000e+00,True
3979,PHYSICAL_MESH,0.2005769231,0.0943421089,1.600837148726e-02,1.981373503804e-02,0.000000000000e+00,1,0.000000000000e+00,True
3980,PHYSICAL_MESH,0.2255288462,0.0943421089,1.600701175630e-02,1.769014634192e-02,0.000000000000e+00,1,0.000000000000e+00,True
3981,PHYSICAL_MESH,0.2504807693,0.0943421089,1.600467972457e-02,1.556755136698e-02,0.000000000000e+00,1,0.000000000000e+00,True
3982,PHYSICAL_MESH,0.2754326924,0.0943421089,1.600106060505e-02,1.344629190862e-02,0.000000000000e+00,1,0.000000000000e+00,True
3983,PHYSICAL_MESH,0.3003846155,0.0943421089,1.599581912160e-02,1.132700219750e-02,0.000000000000e+00,1,0.000000000000e+00,True
3984,PHYSICAL_MESH,0.3253365386,0.0943421089,1.598873734474e-02,9.210688993335e-03,0.000000000000e+00,1,0.000000000000e+00,True
3985,PHYSICAL_MESH,0.3502884617,0.0943421089,1.597995869815e-02,7.098676636815e-03,0.000000000000e+00,1,0.000000000000e+00,True
3986,PHYSICAL_MESH,0.3752403848,0.0943421089,1.597031019628e-02,4.992295522243e-03,0.000000000000e+00,1,0.000000000000e+00,True
3987,PHYSICAL_MESH,0.4001923079,0.0943421089,1.596150174737e-02,2.892183139920e-03,0.000000000000e+00,1,0.000000000000e+00,True
3988,PHYSICAL_MESH,0.4251442310,0.0943421089,1.595594920218e-02,7.972737657838e-04,0.000000000000e+00,1,0.000000000000e+00,True
3989,PHYSICAL_MESH,0.4500961541,0.0943421089,1.595599763095e-02,-1.296019181609e-03,0.000000000000e+00,1,0.000000000000e+00,True
3990,PHYSICAL_MESH,0.4750480772,0.0943421089,1.596277020872e-02,-3.393796505406e-03,0.000000000000e+00,1,0.000000000000e+00,True
3991,PHYSICAL_MESH,0.5000000000,0.0943421089,1.597501151264e-02,-5.504286382347e-03,0.000000000000e+00,1,0.000000000000e+00,True
3992,PHYSICAL_MESH,-0.5000000000,0.1055921089,1.696241460741e-02,7.942831516266e-02,0.000000000000e+00,1,0.000000000000e+00,True
3993,PHYSICAL_MESH,-0.4759765625,0.1055921089,1.696241833270e-02,7.738471776247e-02,0.000000000000e+00,1,0.000000000000e+00,True
3994,PHYSICAL_MESH,-0.4519531250,0.1055921089,1.696242019534e-02,7.534112781286e-02,0.000000000000e+00,1,0.000000000000e+00,True
3995,PHYSICAL_MESH,-0.4279296875,0.1055921089,1.696242205799e-02,7.329753786325e-02,0.000000000000e+00,1,0.000000000000e+00,True
3996,PHYSICAL_MESH,-0.4039062500,0.1055921089,1.696242392063e-02,7.125395536423e-02,0.000000000000e+00,1,0.000000000000e+00,True
3997,PHYSICAL_MESH,-0.3798828125,0.1055921089,1.696242392063e-02,6.921037286520e-02,0.000000000000e+00,1,0.000000000000e+00,True
3998,PHYSICAL_MESH,-0.3558593750,0.1055921089,1.696242392063e-02,6.716679036617e-02,0.000000000000e+00,1,0.000000000000e+00,True
3999,PHYSICAL_MESH,-0.3318359375,0.1055921089,1.696242578328e-02,6.512320786715e-02,0.000000000000e+00,1,0.000000000000e+00,True
4000,PHYSICAL_MESH,-0.3078125000,0.1055921089,1.696242578328e-02,6.307962536812e-02,0.000000000000e+00,1,0.000000000000e+00,True
4001,PHYSICAL_MESH,-0.2837890625,0.1055921089,1.696242578328e-02,6.103602796793e-02,0.000000000000e+00,1,0.000000000000e+00,True
4002,PHYSICAL_MESH,-0.2597656250,0.1055921089,1.696242764592e-02,5.899242684245e-02,0.000000000000e+00,1,0.000000000000e+00,True
4003,PHYSICAL_MESH,-0.2357421875,0.1055921089,1.696242950857e-02,5.694881454110e-02,0.000000000000e+00,1,0.000000000000e+00,True
4004,PHYSICAL_MESH,-0.2117187500,0.1055921089,1.696243509650e-02,5.490518733859e-02,0.000000000000e+00,1,0.000000000000e+00,True
4005,PHYSICAL_MESH,-0.1876953125,0.1055921089,1.696244068444e-02,5.286154523492e-02,0.000000000000e+00,1,0.000000000000e+00,True
4006,PHYSICAL_MESH,-0.1636718750,0.1055921089,1.696244999766e-02,5.081787705421e-02,0.000000000000e+00,1,0.000000000000e+00,True
4007,PHYSICAL_MESH,-0.1396484375,0.1055921089,1.696246489882e-02,4.877418652177e-02,0.000000000000e+00,1,0.000000000000e+00,True
4008,PHYSICAL_MESH,-0.1156250000,0.1055921089,1.696248352528e-02,4.673046246171e-02,0.000000000000e+00,1,0.000000000000e+00,True
4009,PHYSICAL_MESH,-0.0906250000,0.1055921089,1.696251146495e-02,4.460361227393e-02,0.000000000000e+00,1,0.000000000000e+00,True
4010,PHYSICAL_MESH,-0.0737500000,0.1055921089,1.696253754199e-02,4.316795989871e-02,0.000000000000e+00,1,0.000000000000e+00,True
4011,PHYSICAL_MESH,-0.0625000000,0.1055921089,1.696255989373e-02,4.221083968878e-02,0.000000000000e+00,1,0.000000000000e+00,True
4012,PHYSICAL_MESH,-0.0550000000,0.1055921089,1.696257852018e-02,4.157274961472e-02,0.000000000000e+00,1,0.000000000000e+00,True
4013,PHYSICAL_MESH,-0.0500000000,0.1055921089,1.696259155869e-02,4.114735126495e-02,0.000000000000e+00,1,0.000000000000e+00,True
4014,PHYSICAL_MESH,-0.0450000000,0.1055921089,1.696260645986e-02,4.072194918990e-02,0.000000000000e+00,1,0.000000000000e+00,True
4015,PHYSICAL_MESH,-0.0400000000,0.1055921089,1.696262322366e-02,4.029653966427e-02,0.000000000000e+00,1,0.000000000000e+00,True
4016,PHYSICAL_MESH,-0.0350000000,0.1055921089,1.696264371276e-02,3.987112641335e-02,0.000000000000e+00,1,0.000000000000e+00,True
4017,PHYSICAL_MESH,-0.0300000000,0.1055921089,1.696266420186e-02,3.944570571184e-02,0.000000000000e+00,1,0.000000000000e+00,True
4018,PHYSICAL_MESH,-0.0250000000,0.1055921089,1.696268841624e-02,3.902027755976e-02,0.000000000000e+00,1,0.000000000000e+00,True
4019,PHYSICAL_MESH,-0.0200000000,0.1055921089,1.696271635592e-02,3.859483823180e-02,0.000000000000e+00,1,0.000000000000e+00,True
4020,PHYSICAL_MESH,-0.0150000000,0.1055921089,1.696274615824e-02,3.816939517856e-02,0.000000000000e+00,1,0.000000000000e+00,True
4021,PHYSICAL_MESH,-0.0100000000,0.1055921089,1.696277968585e-02,3.774393722415e-02,0.000000000000e+00,1,0.000000000000e+00,True
4022,PHYSICAL_MESH,-0.0050000000,0.1055921089,1.696281693876e-02,3.731847181916e-02,0.000000000000e+00,1,0.000000000000e+00,True
4023,PHYSICAL_MESH,0.0000000000,0.1055921089,1.696285977960e-02,3.689299151301e-02,0.000000000000e+00,1,0.000000000000e+00,True
4024,PHYSICAL_MESH,0.0050000000,0.1055921089,1.696290634573e-02,3.646749630570e-02,0.000000000000e+00,1,0.000000000000e+00,True
4025,PHYSICAL_MESH,0.0100000000,0.1055921089,1.696295663714e-02,3.604198992252e-02,0.000000000000e+00,1,0.000000000000e+00,True
4026,PHYSICAL_MESH,0.0150000000,0.1055921089,1.696301251650e-02,3.561646491289e-02,0.000000000000e+00,1,0.000000000000e+00,True
4027,PHYSICAL_MESH,0.0200000000,0.1055921089,1.696307398379e-02,3.519092500210e-02,0.000000000000e+00,1,0.000000000000e+00,True
4028,PHYSICAL_MESH,0.0250000000,0.1055921089,1.696314103901e-02,3.476536646485e-02,0.000000000000e+00,1,0.000000000000e+00,True
4029,PHYSICAL_MESH,0.0300000000,0.1055921089,1.696321181953e-02,3.433979302645e-02,0.000000000000e+00,1,0.000000000000e+00,True
4030,PHYSICAL_MESH,0.0350000000,0.1055921089,1.696328818798e-02,3.391419723630e-02,0.000000000000e+00,1,0.000000000000e+00,True
4031,PHYSICAL_MESH,0.0400000000,0.1055921089,1.696337014437e-02,3.348858281970e-02,0.000000000000e+00,1,0.000000000000e+00,True
4032,PHYSICAL_MESH,0.0450000000,0.1055921089,1.696345768869e-02,3.306294605136e-02,0.000000000000e+00,1,0.000000000000e+00,True
4033,PHYSICAL_MESH,0.0500000000,0.1055921089,1.696354895830e-02,3.263729438186e-02,0.000000000000e+00,1,0.000000000000e+00,True
4034,PHYSICAL_MESH,0.0550000000,0.1055921089,1.696364209056e-02,3.221161663532e-02,0.000000000000e+00,1,0.000000000000e+00,True
4035,PHYSICAL_MESH,0.0600000000,0.1055921089,1.696374081075e-02,3.178592398763e-02,0.000000000000e+00,1,0.000000000000e+00,True
4036,PHYSICAL_MESH,0.0650000000,0.1055921089,1.696384139359e-02,3.136020898819e-02,0.000000000000e+00,1,0.000000000000e+00,True
4037,PHYSICAL_MESH,0.0700000000,0.1055921089,1.696394383907e-02,3.093447349966e-02,0.000000000000e+00,1,0.000000000000e+00,True
4038,PHYSICAL_MESH,0.0750000000,0.1055921089,1.696404814720e-02,3.050872124732e-02,0.000000000000e+00,1,0.000000000000e+00,True
4039,PHYSICAL_MESH,0.0800000000,0.1055921089,1.696415245533e-02,3.008295036852e-02,0.000000000000e+00,1,0.000000000000e+00,True
4040,PHYSICAL_MESH,0.0850000000,0.1055921089,1.696425490081e-02,2.965716458857e-02,0.000000000000e+00,1,0.000000000000e+00,True
4041,PHYSICAL_MESH,0.0900000000,0.1055921089,1.696435548365e-02,2.923136204481e-02,0.000000000000e+00,1,0.000000000000e+00,True
4042,PHYSICAL_MESH,0.0950000000,0.1055921089,1.696445234120e-02,2.880554646254e-02,0.000000000000e+00,1,0.000000000000e+00,True
4043,PHYSICAL_MESH,0.1000000000,0.1055921089,1.696454361081e-02,2.837971784174e-02,0.000000000000e+00,1,0.000000000000e+00,True
4044,PHYSICAL_MESH,0.1050000000,0.1055921089,1.696462929249e-02,2.795388177037e-02,0.000000000000e+00,1,0.000000000000e+00,True
4045,PHYSICAL_MESH,0.1100000000,0.1055921089,1.696470752358e-02,2.752803638577e-02,0.000000000000e+00,1,0.000000000000e+00,True
4046,PHYSICAL_MESH,0.1150000000,0.1055921089,1.696477830410e-02,2.710218541324e-02,0.000000000000e+00,1,0.000000000000e+00,True
4047,PHYSICAL_MESH,0.1225000000,0.1055921089,1.696486212313e-02,2.646340429783e-02,0.000000000000e+00,1,0.000000000000e+00,True
4048,PHYSICAL_MESH,0.1337500000,0.1055921089,1.696493476629e-02,2.550523914397e-02,0.000000000000e+00,1,0.000000000000e+00,True
4049,PHYSICAL_MESH,0.1506250000,0.1055921089,1.696489565074e-02,2.406806685030e-02,0.000000000000e+00,1,0.000000000000e+00,True
4050,PHYSICAL_MESH,0.1756250000,0.1055921089,1.696443185210e-02,2.193928323686e-02,0.000000000000e+00,1,0.000000000000e+00,True
4051,PHYSICAL_MESH,0.2005769231,0.1055921089,1.696337386966e-02,1.981522887945e-02,0.000000000000e+00,1,0.000000000000e+00,True
4052,PHYSICAL_MESH,0.2255288462,0.1055921089,1.696156710386e-02,1.769201830029e-02,0.000000000000e+00,1,0.000000000000e+00,True
4053,PHYSICAL_MESH,0.2504807693,0.1055921089,1.695880293846e-02,1.556988898665e-02,0.000000000000e+00,1,0.000000000000e+00,True
4054,PHYSICAL_MESH,0.2754326924,0.1055921089,1.695483364165e-02,1.344919577241e-02,0.000000000000e+00,1,0.000000000000e+00,True
4055,PHYSICAL_MESH,0.3003846155,0.1055921089,1.694942824543e-02,1.133052632213e-02,0.000000000000e+00,1,0.000000000000e+00,True
4056,PHYSICAL_MESH,0.3253365386,0.1055921089,1.694250479341e-02,9.214730933309e-03,0.000000000000e+00,1,0.000000000000e+00,True
4057,PHYSICAL_MESH,0.3502884617,0.1055921089,1.693434081972e-02,7.102830801159e-03,0.000000000000e+00,1,0.000000000000e+00,True
4058,PHYSICAL_MESH,0.3752403848,0.1055921089,1.692578196526e-02,4.995717201382e-03,0.000000000000e+00,1,0.000000000000e+00,True
4059,PHYSICAL_MESH,0.4001923079,0.1055921089,1.691834442317e-02,2.893581753597e-03,0.000000000000e+00,1,0.000000000000e+00,True
4060,PHYSICAL_MESH,0.4251442310,0.1055921089,1.691399514675e-02,7.951876032166e-04,0.000000000000e+00,1,0.000000000000e+00,True
4061,PHYSICAL_MESH,0.4500961541,0.1055921089,1.691452041268e-02,-1.302641700022e-03,0.000000000000e+00,1,0.000000000000e+00,True
4062,PHYSICAL_MESH,0.4750480772,0.1055921089,1.692063175142e-02,-3.404937684536e-03,0.000000000000e+00,1,0.000000000000e+00,True
4063,PHYSICAL_MESH,0.5000000000,0.1055921089,1.693115383387e-02,-5.518249701709e-03,0.000000000000e+00,1,0.000000000000e+00,True
4064,PHYSICAL_MESH,-0.5000000000,0.1224671089,1.839791983366e-02,7.942830771208e-02,0.000000000000e+00,1,0.000000000000e+00,True
4065,PHYSICAL_MESH,-0.4759765625,0.1224671089,1.839792355895e-02,7.738471031189e-02,0.000000000000e+00,1,0.000000000000e+00,True
4066,PHYSICAL_MESH,-0.4519531250,0.1224671089,1.839792728424e-02,7.534112036228e-02,0.000000000000e+00,1,0.000000000000e+00,True
4067,PHYSICAL_MESH,-0.4279296875,0.1224671089,1.839792914689e-02,7.329753786325e-02,0.000000000000e+00,1,0.000000000000e+00,True
4068,PHYSICAL_MESH,-0.4039062500,0.1224671089,1.839793287218e-02,7.125395536423e-02,0.000000000000e+00,1,0.000000000000e+00,True
4069,PHYSICAL_MESH,-0.3798828125,0.1224671089,1.839793473482e-02,6.921037286520e-02,0.000000000000e+00,1,0.000000000000e+00,True
4070,PHYSICAL_MESH,-0.3558593750,0.1224671089,1.839793846011e-02,6.716679036617e-02,0.000000000000e+00,1,0.000000000000e+00,True
4071,PHYSICAL_MESH,-0.3318359375,0.1224671089,1.839794032276e-02,6.512320786715e-02,0.000000000000e+00,1,0.000000000000e+00,True
4072,PHYSICAL_MESH,-0.3078125000,0.1224671089,1.839794404805e-02,6.307961791754e-02,0.000000000000e+00,1,0.000000000000e+00,True
4073,PHYSICAL_MESH,-0.2837890625,0.1224671089,1.839794777334e-02,6.103602796793e-02,0.000000000000e+00,1,0.000000000000e+00,True
4074,PHYSICAL_MESH,-0.2597656250,0.1224671089,1.839795336127e-02,5.899242684245e-02,0.000000000000e+00,1,0.000000000000e+00,True
4075,PHYSICAL_MESH,-0.2357421875,0.1224671089,1.839796081185e-02,5.694881454110e-02,0.000000000000e+00,1,0.000000000000e+00,True
4076,PHYSICAL_MESH,-0.2117187500,0.1224671089,1.839797012508e-02,5.490518733859e-02,0.000000000000e+00,1,0.000000000000e+00,True
4077,PHYSICAL_MESH,-0.1876953125,0.1224671089,1.839798316360e-02,5.286154523492e-02,0.000000000000e+00,1,0.000000000000e+00,True
4078,PHYSICAL_MESH,-0.1636718750,0.1224671089,1.839799806476e-02,5.081788077950e-02,0.000000000000e+00,1,0.000000000000e+00,True
4079,PHYSICAL_MESH,-0.1396484375,0.1224671089,1.839801669121e-02,4.877419397235e-02,0.000000000000e+00,1,0.000000000000e+00,True
4080,PHYSICAL_MESH,-0.1156250000,0.1224671089,1.839804090559e-02,4.673046991229e-02,0.000000000000e+00,1,0.000000000000e+00,True
4081,PHYSICAL_MESH,-0.0906250000,0.1224671089,1.839807443321e-02,4.460362344980e-02,0.000000000000e+00,1,0.000000000000e+00,True
4082,PHYSICAL_MESH,-0.0737500000,0.1224671089,1.839810423553e-02,4.316797107458e-02,0.000000000000e+00,1,0.000000000000e+00,True
4083,PHYSICAL_MESH,-0.0625000000,0.1224671089,1.839813031256e-02,4.221085086465e-02,0.000000000000e+00,1,0.000000000000e+00,True
4084,PHYSICAL_MESH,-0.0550000000,0.1224671089,1.839814893901e-02,4.157276079059e-02,0.000000000000e+00,1,0.000000000000e+00,True
4085,PHYSICAL_MESH,-0.0500000000,0.1224671089,1.839816384017e-02,4.114736244082e-02,0.000000000000e+00,1,0.000000000000e+00,True
4086,PHYSICAL_MESH,-0.0450000000,0.1224671089,1.839817874134e-02,4.072195664048e-02,0.000000000000e+00,1,0.000000000000e+00,True
4087,PHYSICAL_MESH,-0.0400000000,0.1224671089,1.839819736779e-02,4.029654711485e-02,0.000000000000e+00,1,0.000000000000e+00,True
4088,PHYSICAL_MESH,-0.0350000000,0.1224671089,1.839821599424e-02,3.987113386393e-02,0.000000000000e+00,1,0.000000000000e+00,True
4089,PHYSICAL_MESH,-0.0300000000,0.1224671089,1.839823648334e-02,3.944570943713e-02,0.000000000000e+00,1,0.000000000000e+00,True
4090,PHYSICAL_MESH,-0.0250000000,0.1224671089,1.839825883508e-02,3.902028128505e-02,0.000000000000e+00,1,0.000000000000e+00,True
4091,PHYSICAL_MESH,-0.0200000000,0.1224671089,1.839828491211e-02,3.859484568238e-02,0.000000000000e+00,1,0.000000000000e+00,True
4092,PHYSICAL_MESH,-0.0150000000,0.1224671089,1.839831098914e-02,3.816939890385e-02,0.000000000000e+00,1,0.000000000000e+00,True
4093,PHYSICAL_MESH,-0.0100000000,0.1224671089,1.839834079146e-02,3.774394467473e-02,0.000000000000e+00,1,0.000000000000e+00,True
4094,PHYSICAL_MESH,-0.0050000000,0.1224671089,1.839837431908e-02,3.731847926974e-02,0.000000000000e+00,1,0.000000000000e+00,True
4095,PHYSICAL_MESH,0.0000000000,0.1224671089,1.839840784669e-02,3.689300268888e-02,0.000000000000e+00,1,0.000000000000e+00,True
4096,PHYSICAL_MESH,0.0050000000,0.1224671089,1.839844696224e-02,3.646751120687e-02,0.000000000000e+00,1,0.000000000000e+00,True
4097,PHYSICAL_MESH,0.0100000000,0.1224671089,1.839848607779e-02,3.604200854897e-02,0.000000000000e+00,1,0.000000000000e+00,True
4098,PHYSICAL_MESH,0.0150000000,0.1224671089,1.839852891862e-02,3.561649471521e-02,0.000000000000e+00,1,0.000000000000e+00,True
4099,PHYSICAL_MESH,0.0200000000,0.1224671089,1.839857548475e-02,3.519096225500e-02,0.000000000000e+00,1,0.000000000000e+00,True
4100,PHYSICAL_MESH,0.0250000000,0.1224671089,1.839862391353e-02,3.476541489363e-02,0.000000000000e+00,1,0.000000000000e+00,True
4101,PHYSICAL_MESH,0.0300000000,0.1224671089,1.839867234230e-02,3.433985263109e-02,0.000000000000e+00,1,0.000000000000e+00,True
4102,PHYSICAL_MESH,0.0350000000,0.1224671089,1.839872449636e-02,3.391427546740e-02,0.000000000000e+00,1,0.000000000000e+00,True
4103,PHYSICAL_MESH,0.0400000000,0.1224671089,1.839877851307e-02,3.348867967725e-02,0.000000000000e+00,1,0.000000000000e+00,True
4104,PHYSICAL_MESH,0.0450000000,0.1224671089,1.839883252978e-02,3.306306898594e-02,0.000000000000e+00,1,0.000000000000e+00,True
4105,PHYSICAL_MESH,0.0500000000,0.1224671089,1.839888840914e-02,3.263743966818e-02,0.000000000000e+00,1,0.000000000000e+00,True
4106,PHYSICAL_MESH,0.0550000000,0.1224671089,1.839894428849e-02,3.221179544926e-02,0.000000000000e+00,1,0.000000000000e+00,True
4107,PHYSICAL_MESH,0.0600000000,0.1224671089,1.839899830520e-02,3.178613260388e-02,0.000000000000e+00,1,0.000000000000e+00,True
4108,PHYSICAL_MESH,0.0650000000,0.1224671089,1.839905045927e-02,3.136045485735e-02,0.000000000000e+00,1,0.000000000000e+00,True
4109,PHYSICAL_MESH,0.0700000000,0.1224671089,1.839910261333e-02,3.093476220965e-02,0.000000000000e+00,1,0.000000000000e+00,True
4110,PHYSICAL_MESH,0.0750000000,0.1224671089,1.839914917946e-02,3.050905466080e-02,0.000000000000e+00,1,0.000000000000e+00,True
4111,PHYSICAL_MESH,0.0800000000,0.1224671089,1.839919202030e-02,3.008333221078e-02,0.000000000000e+00,1,0.000000000000e+00,True
4112,PHYSICAL_MESH,0.0850000000,0.1224671089,1.839923113585e-02,2.965759858489e-02,0.000000000000e+00,1,0.000000000000e+00,True
4113,PHYSICAL_MESH,0.0900000000,0.1224671089,1.839926280081e-02,2.923185378313e-02,0.000000000000e+00,1,0.000000000000e+00,True
4114,PHYSICAL_MESH,0.0950000000,0.1224671089,1.839928701520e-02,2.880609966815e-02,0.000000000000e+00,1,0.000000000000e+00,True
4115,PHYSICAL_MESH,0.1000000000,0.1224671089,1.839930191636e-02,2.838033810258e-02,0.000000000000e+00,1,0.000000000000e+00,True
4116,PHYSICAL_MESH,0.1050000000,0.1224671089,1.839930936694e-02,2.795456908643e-02,0.000000000000e+00,1,0.000000000000e+00,True
4117,PHYSICAL_MESH,0.1100000000,0.1224671089,1.839930377901e-02,2.752879634500e-02,0.000000000000e+00,1,0.000000000000e+00,True
4118,PHYSICAL_MESH,0.1150000000,0.1224671089,1.839928701520e-02,2.710302174091e-02,0.000000000000e+00,1,0.000000000000e+00,True
4119,PHYSICAL_MESH,0.1225000000,0.1224671089,1.839923858643e-02,2.646435983479e-02,0.000000000000e+00,1,0.000000000000e+00,True
4120,PHYSICAL_MESH,0.1337500000,0.1224671089,1.839910075068e-02,2.550638280809e-02,0.000000000000e+00,1,0.000000000000e+00,True
4121,PHYSICAL_MESH,0.1506250000,0.1224671089,1.839872822165e-02,2.406951226294e-02,0.000000000000e+00,1,0.000000000000e+00,True
4122,PHYSICAL_MESH,0.1756250000,0.1224671089,1.839774474502e-02,2.194119244814e-02,0.000000000000e+00,1,0.000000000000e+00,True
4123,PHYSICAL_MESH,0.2005769231,0.1224671089,1.839614845812e-02,1.981762982905e-02,0.000000000000e+00,1,0.000000000000e+00,True
4124,PHYSICAL_MESH,0.2255288462,0.1224671089,1.839381270111e-02,1.769496686757e-02,0.000000000000e+00,1,0.000000000000e+00,True
4125,PHYSICAL_MESH,0.2504807693,0.1224671089,1.839058287442e-02,1.557346433401e-02,0.000000000000e+00,1,0.000000000000e+00,True
4126,PHYSICAL_MESH,0.2754326924,0.1224671089,1.838630437851e-02,1.345347147435e-02,0.000000000000e+00,1,0.000000000000e+00,True
4127,PHYSICAL_MESH,0.3003846155,0.1224671089,1.838087663054e-02,1.133548002690e-02,0.000000000000e+00,1,0.000000000000e+00,True
4128,PHYSICAL_MESH,0.3253365386,0.1224671089,1.837437786162e-02,9.220115840435e-03,0.000000000000e+00,1,0.000000000000e+00,True
4129,PHYSICAL_MESH,0.3502884617,0.1224671089,1.836718618870e-02,7.108021993190e-03,0.000000000000e+00,1,0.000000000000e+00,True
4130,PHYSICAL_MESH,0.3752403848,0.1224671089,1.836011186242e-02,4.999602679163e-03,0.000000000000e+00,1,0.000000000000e+00,True
4131,PHYSICAL_MESH,0.4001923079,0.1224671089,1.835438609123e-02,2.894622506574e-03,0.000000000000e+00,1,0.000000000000e+00,True
4132,PHYSICAL_MESH,0.4251442310,0.1224671089,1.835144124925e-02,7.917754119262e-04,0.000000000000e+00,1,0.000000000000e+00,True
4133,PHYSICAL_MESH,0.4500961541,0.1224671089,1.835245266557e-02,-1.311544678174e-03,0.000000000000e+00,1,0.000000000000e+00,True
4134,PHYSICAL_MESH,0.4750480772,0.1224671089,1.835774257779e-02,-3.419088665396e-03,0.000000000000e+00,1,0.000000000000e+00,True
4135,PHYSICAL_MESH,0.5000000000,0.1224671089,1.836621202528e-02,-5.535551346838e-03,0.000000000000e+00,1,0.000000000000e+00,True
4136,PHYSICAL_MESH,-0.5000000000,0.1474671089,2.052459120750e-02,7.942829281092e-02,0.000000000000e+00,1,0.000000000000e+00,True
4137,PHYSICAL_MESH,-0.4759765625,0.1474671089,2.052459679544e-02,7.738470286131e-02,0.000000000000e+00,1,0.000000000000e+00,True
4138,PHYSICAL_MESH,-0.4519531250,0.1474671089,2.052460052073e-02,7.534111291170e-02,0.000000000000e+00,1,0.000000000000e+00,True
4139,PHYSICAL_MESH,-0.4279296875,0.1474671089,2.052460610867e-02,7.329753041267e-02,0.000000000000e+00,1,0.000000000000e+00,True
4140,PHYSICAL_MESH,-0.4039062500,0.1474671089,2.052460983396e-02,7.125394791365e-02,0.000000000000e+00,1,0.000000000000e+00,True
4141,PHYSICAL_MESH,-0.3798828125,0.1474671089,2.052461542189e-02,6.921036541462e-02,0.000000000000e+00,1,0.000000000000e+00,True
4142,PHYSICAL_MESH,-0.3558593750,0.1474671089,2.052462100983e-02,6.716679036617e-02,0.000000000000e+00,1,0.000000000000e+00,True
4143,PHYSICAL_MESH,-0.3318359375,0.1474671089,2.052462659776e-02,6.512320041656e-02,0.000000000000e+00,1,0.000000000000e+00,True
4144,PHYSICAL_MESH,-0.3078125000,0.1474671089,2.052463404834e-02,6.307961791754e-02,0.000000000000e+00,1,0.000000000000e+00,True
4145,PHYSICAL_MESH,-0.2837890625,0.1474671089,2.052464149892e-02,6.103602424264e-02,0.000000000000e+00,1,0.000000000000e+00,True
4146,PHYSICAL_MESH,-0.2597656250,0.1474671089,2.052465267479e-02,5.899242311716e-02,0.000000000000e+00,1,0.000000000000e+00,True
4147,PHYSICAL_MESH,-0.2357421875,0.1474671089,2.052466385067e-02,5.694881454110e-02,0.000000000000e+00,1,0.000000000000e+00,True
4148,PHYSICAL_MESH,-0.2117187500,0.1474671089,2.052467875183e-02,5.490519106388e-02,0.000000000000e+00,1,0.000000000000e+00,True
4149,PHYSICAL_MESH,-0.1876953125,0.1474671089,2.052469551563e-02,5.286155268550e-02,0.000000000000e+00,1,0.000000000000e+00,True
4150,PHYSICAL_MESH,-0.1636718750,0.1474671089,2.052471414208e-02,5.081789195538e-02,0.000000000000e+00,1,0.000000000000e+00,True
4151,PHYSICAL_MESH,-0.1396484375,0.1474671089,2.052473649383e-02,4.877420887351e-02,0.000000000000e+00,1,0.000000000000e+00,True
4152,PHYSICAL_MESH,-0.1156250000,0.1474671089,2.052476070821e-02,4.673049226403e-02,0.000000000000e+00,1,0.000000000000e+00,True
4153,PHYSICAL_MESH,-0.0906250000,0.1474671089,2.052479237318e-02,4.460365325212e-02,0.000000000000e+00,1,0.000000000000e+00,True
4154,PHYSICAL_MESH,-0.0737500000,0.1474671089,2.052481845021e-02,4.316800832748e-02,0.000000000000e+00,1,0.000000000000e+00,True
4155,PHYSICAL_MESH,-0.0625000000,0.1474671089,2.052483893931e-02,4.221089184284e-02,0.000000000000e+00,1,0.000000000000e+00,True
4156,PHYSICAL_MESH,-0.0550000000,0.1474671089,2.052485384047e-02,4.157280176878e-02,0.000000000000e+00,1,0.000000000000e+00,True
4157,PHYSICAL_MESH,-0.0500000000,0.1474671089,2.052486315370e-02,4.114740341902e-02,0.000000000000e+00,1,0.000000000000e+00,True
4158,PHYSICAL_MESH,-0.0450000000,0.1474671089,2.052487432957e-02,4.072200134397e-02,0.000000000000e+00,1,0.000000000000e+00,True
4159,PHYSICAL_MESH,-0.0400000000,0.1474671089,2.052488736808e-02,4.029659554362e-02,0.000000000000e+00,1,0.000000000000e+00,True
4160,PHYSICAL_MESH,-0.0350000000,0.1474671089,2.052490040660e-02,3.987118229270e-02,0.000000000000e+00,1,0.000000000000e+00,True
4161,PHYSICAL_MESH,-0.0300000000,0.1474671089,2.052491344512e-02,3.944576531649e-02,0.000000000000e+00,1,0.000000000000e+00,True
4162,PHYSICAL_MESH,-0.0250000000,0.1474671089,2.052492648363e-02,3.902034088969e-02,0.000000000000e+00,1,0.000000000000e+00,True
4163,PHYSICAL_MESH,-0.0200000000,0.1474671089,2.052494138479e-02,3.859490901232e-02,0.000000000000e+00,1,0.000000000000e+00,True
4164,PHYSICAL_MESH,-0.0150000000,0.1474671089,2.052495628595e-02,3.816946968436e-02,0.000000000000e+00,1,0.000000000000e+00,True
4165,PHYSICAL_MESH,-0.0100000000,0.1474671089,2.052497304976e-02,3.774402290583e-02,0.000000000000e+00,1,0.000000000000e+00,True
4166,PHYSICAL_MESH,-0.0050000000,0.1474671089,2.052498795092e-02,3.731856867671e-02,0.000000000000e+00,1,0.000000000000e+00,True
4167,PHYSICAL_MESH,0.0000000000,0.1474671089,2.052500471473e-02,3.689310327172e-02,0.000000000000e+00,1,0.000000000000e+00,True
4168,PHYSICAL_MESH,0.0050000000,0.1474671089,2.052502147853e-02,3.646763041615e-02,0.000000000000e+00,1,0.000000000000e+00,True
4169,PHYSICAL_MESH,0.0100000000,0.1474671089,2.052503824234e-02,3.604214265943e-02,0.000000000000e+00,1,0.000000000000e+00,True
4170,PHYSICAL_MESH,0.0150000000,0.1474671089,2.052505500615e-02,3.561664745212e-02,0.000000000000e+00,1,0.000000000000e+00,True
4171,PHYSICAL_MESH,0.0200000000,0.1474671089,2.052506990731e-02,3.519114106894e-02,0.000000000000e+00,1,0.000000000000e+00,True
4172,PHYSICAL_MESH,0.0250000000,0.1474671089,2.052508480847e-02,3.476562350988e-02,0.000000000000e+00,1,0.000000000000e+00,True
4173,PHYSICAL_MESH,0.0300000000,0.1474671089,2.052509784698e-02,3.434009104967e-02,0.000000000000e+00,1,0.000000000000e+00,True
4174,PHYSICAL_MESH,0.0350000000,0.1474671089,2.052510902286e-02,3.391454741359e-02,0.000000000000e+00,1,0.000000000000e+00,True
4175,PHYSICAL_MESH,0.0400000000,0.1474671089,2.052511833608e-02,3.348899260163e-02,0.000000000000e+00,1,0.000000000000e+00,True
4176,PHYSICAL_MESH,0.0450000000,0.1474671089,2.052512392402e-02,3.306342661381e-02,0.000000000000e+00,1,0.000000000000e+00,True
4177,PHYSICAL_MESH,0.0500000000,0.1474671089,2.052512578666e-02,3.263784572482e-02,0.000000000000e+00,1,0.000000000000e+00,True
4178,PHYSICAL_MESH,0.0550000000,0.1474671089,2.052512392402e-02,3.221225365996e-02,0.000000000000e+00,1,0.000000000000e+00,True
4179,PHYSICAL_MESH,0.0600000000,0.1474671089,2.052511833608e-02,3.178665041924e-02,0.000000000000e+00,1,0.000000000000e+00,True
4180,PHYSICAL_MESH,0.0650000000,0.1474671089,2.052510529757e-02,3.136103972793e-02,0.000000000000e+00,1,0.000000000000e+00,True
4181,PHYSICAL_MESH,0.0700000000,0.1474671089,2.052508667111e-02,3.093541599810e-02,0.000000000000e+00,1,0.000000000000e+00,True
4182,PHYSICAL_MESH,0.0750000000,0.1474671089,2.052506059408e-02,3.050978295505e-02,0.000000000000e+00,1,0.000000000000e+00,True
4183,PHYSICAL_MESH,0.0800000000,0.1474671089,2.052502706647e-02,3.008414059877e-02,0.000000000000e+00,1,0.000000000000e+00,True
4184,PHYSICAL_MESH,0.0850000000,0.1474671089,2.052498422563e-02,2.965849265456e-02,0.000000000000e+00,1,0.000000000000e+00,True
4185,PHYSICAL_MESH,0.0900000000,0.1474671089,2.052493020892e-02,2.923283725977e-02,0.000000000000e+00,1,0.000000000000e+00,True
4186,PHYSICAL_MESH,0.0950000000,0.1474671089,2.052486687899e-02,2.880717813969e-02,0.000000000000e+00,1,0.000000000000e+00,True
4187,PHYSICAL_MESH,0.1000000000,0.1474671089,2.052479051054e-02,2.838151529431e-02,0.000000000000e+00,1,0.000000000000e+00,True
4188,PHYSICAL_MESH,0.1050000000,0.1474671089,2.052470296621e-02,2.795585058630e-02,0.000000000000e+00,1,0.000000000000e+00,True
4189,PHYSICAL_MESH,0.1100000000,0.1474671089,2.052460052073e-02,2.753018587828e-02,0.000000000000e+00,1,0.000000000000e+00,True
4190,PHYSICAL_MESH,0.1150000000,0.1474671089,2.052448317409e-02,2.710452303290e-02,0.000000000000e+00,1,0.000000000000e+00,True
4191,PHYSICAL_MESH,0.1225000000,0.1474671089,2.052428014576e-02,2.646603621542e-02,0.000000000000e+00,1,0.000000000000e+00,True
4192,PHYSICAL_MESH,0.1337500000,0.1474671089,2.052390389144e-02,2.550833299756e-02,0.000000000000e+00,1,0.000000000000e+00,True
4193,PHYSICAL_MESH,0.1506250000,0.1474671089,2.052316069603e-02,2.407189272344e-02,0.000000000000e+00,1,0.000000000000e+00,True
4194,PHYSICAL_MESH,0.1756250000,0.1474671089,2.052161470056e-02,2.194423787296e-02,0.000000000000e+00,1,0.000000000000e+00,True
4195,PHYSICAL_MESH,0.2005769231,0.1474671089,2.051947265863e-02,1.982136256993e-02,0.000000000000e+00,1,0.000000000000e+00,True
4196,PHYSICAL_MESH,0.2255288462,0.1474671089,2.051665075123e-02,1.769941858947e-02,0.000000000000e+00,1,0.000000000000e+00,True
4197,PHYSICAL_MESH,0.2504807693,0.1474671089,2.051307633519e-02,1.557866204530e-02,0.000000000000e+00,1,0.000000000000e+00,True
4198,PHYSICAL_MESH,0.2754326924,0.1474671089,2.050871029496e-02,1.345938816667e-02,0.000000000000e+00,1,0.000000000000e+00,True
4199,PHYSICAL_MESH,0.3003846155,0.1474671089,2.050358988345e-02,1.134193595499e-02,0.000000000000e+00,1,0.000000000000e+00,True
4200,PHYSICAL_MESH,0.3253365386,0.1474671089,2.049791254103e-02,9.226651862264e-03,0.000000000000e+00,1,0.000000000000e+00,True
4201,PHYSICAL_MESH,0.3502884617,0.1474671089,2.049209736288e-02,7.113775704056e-03,0.000000000000e+00,1,0.000000000000e+00,True
4202,PHYSICAL_MESH,0.3752403848,0.1474671089,2.048681862652e-02,5.003272090107e-03,0.000000000000e+00,1,0.000000000000e+00,True
4203,PHYSICAL_MESH,0.4001923079,0.1474671089,2.048295177519e-02,2.894607139751e-03,0.000000000000e+00,1,0.000000000000e+00,True
4204,PHYSICAL_MESH,0.4251442310,0.1474671089,2.048139087856e-02,7.865782827139e-04,0.000000000000e+00,1,0.000000000000e+00,True
4205,PHYSICAL_MESH,0.4500961541,0.1474671089,2.048276551068e-02,-1.322714262642e-03,0.000000000000e+00,1,0.000000000000e+00,True
4206,PHYSICAL_MESH,0.4750480772,0.1474671089,2.048711292446e-02,-3.435695311055e-03,0.000000000000e+00,1,0.000000000000e+00,True
4207,PHYSICAL_MESH,0.5000000000,0.1474671089,2.049361169338e-02,-5.555159877986e-03,0.000000000000e+00,1,0.000000000000e+00,True
4208,PHYSICAL_MESH,-0.5000000000,0.1709693016,2.252384647727e-02,7.942827790976e-02,0.000000000000e+00,1,0.000000000000e+00,True
4209,PHYSICAL_MESH,-0.4759765625,0.1709693016,2.252385392785e-02,7.738468796015e-02,0.000000000000e+00,1,0.000000000000e+00,True
4210,PHYSICAL_MESH,-0.4519531250,0.1709693016,2.252385951579e-02,7.534110546112e-02,0.000000000000e+00,1,0.000000000000e+00,True
4211,PHYSICAL_MESH,-0.4279296875,0.1709693016,2.252386510372e-02,7.329752296209e-02,0.000000000000e+00,1,0.000000000000e+00,True
4212,PHYSICAL_MESH,-0.4039062500,0.1709693016,2.252387069166e-02,7.125394046307e-02,0.000000000000e+00,1,0.000000000000e+00,True
4213,PHYSICAL_MESH,-0.3798828125,0.1709693016,2.252387627959e-02,6.921036541462e-02,0.000000000000e+00,1,0.000000000000e+00,True
4214,PHYSICAL_MESH,-0.3558593750,0.1709693016,2.252388373017e-02,6.716678291559e-02,0.000000000000e+00,1,0.000000000000e+00,True
4215,PHYSICAL_MESH,-0.3318359375,0.1709693016,2.252389304340e-02,6.512320041656e-02,0.000000000000e+00,1,0.000000000000e+00,True
4216,PHYSICAL_MESH,-0.3078125000,0.1709693016,2.252390235662e-02,6.307961046696e-02,0.000000000000e+00,1,0.000000000000e+00,True
4217,PHYSICAL_MESH,-0.2837890625,0.1709693016,2.252391353250e-02,6.103602051735e-02,0.000000000000e+00,1,0.000000000000e+00,True
4218,PHYSICAL_MESH,-0.2597656250,0.1709693016,2.252392657101e-02,5.899242311716e-02,0.000000000000e+00,1,0.000000000000e+00,True
4219,PHYSICAL_MESH,-0.2357421875,0.1709693016,2.252393960953e-02,5.694881454110e-02,0.000000000000e+00,1,0.000000000000e+00,True
4220,PHYSICAL_MESH,-0.2117187500,0.1709693016,2.252395637333e-02,5.490519478917e-02,0.000000000000e+00,1,0.000000000000e+00,True
4221,PHYSICAL_MESH,-0.1876953125,0.1709693016,2.252397313714e-02,5.286156013608e-02,0.000000000000e+00,1,0.000000000000e+00,True
4222,PHYSICAL_MESH,-0.1636718750,0.1709693016,2.252398990095e-02,5.081790685654e-02,0.000000000000e+00,1,0.000000000000e+00,True
4223,PHYSICAL_MESH,-0.1396484375,0.1709693016,2.252400852740e-02,4.877423122525e-02,0.000000000000e+00,1,0.000000000000e+00,True
4224,PHYSICAL_MESH,-0.1156250000,0.1709693016,2.252402901649e-02,4.673052579165e-02,0.000000000000e+00,1,0.000000000000e+00,True
4225,PHYSICAL_MESH,-0.0906250000,0.1709693016,2.252404764295e-02,4.460370168090e-02,0.000000000000e+00,1,0.000000000000e+00,True
4226,PHYSICAL_MESH,-0.0737500000,0.1709693016,2.252406068146e-02,4.316806793213e-02,0.000000000000e+00,1,0.000000000000e+00,True
4227,PHYSICAL_MESH,-0.0625000000,0.1709693016,2.252406813204e-02,4.221095889807e-02,0.000000000000e+00,1,0.000000000000e+00,True
4228,PHYSICAL_MESH,-0.0550000000,0.1709693016,2.252407371998e-02,4.157287627459e-02,0.000000000000e+00,1,0.000000000000e+00,True
4229,PHYSICAL_MESH,-0.0500000000,0.1709693016,2.252407744527e-02,4.114748537540e-02,0.000000000000e+00,1,0.000000000000e+00,True
4230,PHYSICAL_MESH,-0.0450000000,0.1709693016,2.252408117056e-02,4.072209075093e-02,0.000000000000e+00,1,0.000000000000e+00,True
4231,PHYSICAL_MESH,-0.0400000000,0.1709693016,2.252408303320e-02,4.029669240117e-02,0.000000000000e+00,1,0.000000000000e+00,True
4232,PHYSICAL_MESH,-0.0350000000,0.1709693016,2.252408489585e-02,3.987128660083e-02,0.000000000000e+00,1,0.000000000000e+00,True
4233,PHYSICAL_MESH,-0.0300000000,0.1709693016,2.252408675849e-02,3.944587707520e-02,0.000000000000e+00,1,0.000000000000e+00,True
4234,PHYSICAL_MESH,-0.0250000000,0.1709693016,2.252408862114e-02,3.902046382427e-02,0.000000000000e+00,1,0.000000000000e+00,True
4235,PHYSICAL_MESH,-0.0200000000,0.1709693016,2.252409048378e-02,3.859504312277e-02,0.000000000000e+00,1,0.000000000000e+00,True
4236,PHYSICAL_MESH,-0.0150000000,0.1709693016,2.252408862114e-02,3.816961497068e-02,0.000000000000e+00,1,0.000000000000e+00,True
4237,PHYSICAL_MESH,-0.0100000000,0.1709693016,2.252408862114e-02,3.774418309331e-02,0.000000000000e+00,1,0.000000000000e+00,True
4238,PHYSICAL_MESH,-0.0050000000,0.1709693016,2.252408489585e-02,3.731874376535e-02,0.000000000000e+00,1,0.000000000000e+00,True
4239,PHYSICAL_MESH,0.0000000000,0.1709693016,2.252408117056e-02,3.689329698682e-02,0.000000000000e+00,1,0.000000000000e+00,True
4240,PHYSICAL_MESH,0.0050000000,0.1709693016,2.252407558262e-02,3.646784648299e-02,0.000000000000e+00,1,0.000000000000e+00,True
4241,PHYSICAL_MESH,0.0100000000,0.1709693016,2.252406813204e-02,3.604238480330e-02,0.000000000000e+00,1,0.000000000000e+00,True
4242,PHYSICAL_MESH,0.0150000000,0.1709693016,2.252405695617e-02,3.561691567302e-02,0.000000000000e+00,1,0.000000000000e+00,True
4243,PHYSICAL_MESH,0.0200000000,0.1709693016,2.252404391766e-02,3.519143536687e-02,0.000000000000e+00,1,0.000000000000e+00,True
4244,PHYSICAL_MESH,0.0250000000,0.1709693016,2.252402715385e-02,3.476595133543e-02,0.000000000000e+00,1,0.000000000000e+00,True
4245,PHYSICAL_MESH,0.0300000000,0.1709693016,2.252400666475e-02,3.434045612812e-02,0.000000000000e+00,1,0.000000000000e+00,True
4246,PHYSICAL_MESH,0.0350000000,0.1709693016,2.252398058772e-02,3.391495347023e-02,0.000000000000e+00,1,0.000000000000e+00,True
4247,PHYSICAL_MESH,0.0400000000,0.1709693016,2.252395078540e-02,3.348944336176e-02,0.000000000000e+00,1,0.000000000000e+00,True
4248,PHYSICAL_MESH,0.0450000000,0.1709693016,2.252391725779e-02,3.306392580271e-02,0.000000000000e+00,1,0.000000000000e+00,True
4249,PHYSICAL_MESH,0.0500000000,0.1709693016,2.252387627959e-02,3.263839706779e-02,0.000000000000e+00,1,0.000000000000e+00,True
4250,PHYSICAL_MESH,0.0550000000,0.1709693016,2.252382785082e-02,3.221286088228e-02,0.000000000000e+00,1,0.000000000000e+00,True
4251,PHYSICAL_MESH,0.0600000000,0.1709693016,2.252377197146e-02,3.178732097149e-02,0.000000000000e+00,1,0.000000000000e+00,True
4252,PHYSICAL_MESH,0.0650000000,0.1709693016,2.252371050417e-02,3.136177361012e-02,0.000000000000e+00,1,0.000000000000e+00,True
4253,PHYSICAL_MESH,0.0700000000,0.1709693016,2.252363786101e-02,3.093621693552e-02,0.000000000000e+00,1,0.000000000000e+00,True
4254,PHYSICAL_MESH,0.0750000000,0.1709693016,2.252355590463e-02,3.051065653563e-02,0.000000000000e+00,1,0.000000000000e+00,True
4255,PHYSICAL_MESH,0.0800000000,0.1709693016,2.252346463501e-02,3.008509241045e-02,0.000000000000e+00,1,0.000000000000e+00,True
4256,PHYSICAL_MESH,0.0850000000,0.1709693016,2.252336218953e-02,2.965952455997e-02,0.000000000000e+00,1,0.000000000000e+00,True
4257,PHYSICAL_MESH,0.0900000000,0.1709693016,2.252324856818e-02,2.923395484686e-02,0.000000000000e+00,1,0.000000000000e+00,True
4258,PHYSICAL_MESH,0.0950000000,0.1709693016,2.252312190831e-02,2.880838513374e-02,0.000000000000e+00,1,0.000000000000e+00,True
4259,PHYSICAL_MESH,0.1000000000,0.1709693016,2.252298220992e-02,2.838281355798e-02,0.000000000000e+00,1,0.000000000000e+00,True
4260,PHYSICAL_MESH,0.1050000000,0.1709693016,2.252282947302e-02,2.795724384487e-02,0.000000000000e+00,1,0.000000000000e+00,True
4261,PHYSICAL_MESH,0.1100000000,0.1709693016,2.252265997231e-02,2.753167785704e-02,0.000000000000e+00,1,0.000000000000e+00,True
4262,PHYSICAL_MESH,0.1150000000,0.1709693016,2.252247557044e-02,2.710611559451e-02,0.000000000000e+00,1,0.000000000000e+00,True
4263,PHYSICAL_MESH,0.1225000000,0.1709693016,2.252217009664e-02,2.646778523922e-02,0.000000000000e+00,1,0.000000000000e+00,True
4264,PHYSICAL_MESH,0.1337500000,0.1709693016,2.252163738012e-02,2.551032789052e-02,0.000000000000e+00,1,0.000000000000e+00,True
4265,PHYSICAL_MESH,0.1506250000,0.1709693016,2.252066135406e-02,2.407426573336e-02,0.000000000000e+00,1,0.000000000000e+00,True
4266,PHYSICAL_MESH,0.1756250000,0.1709693016,2.251878567040e-02,2.194718085229e-02,0.000000000000e+00,1,0.000000000000e+00,True
4267,PHYSICAL_MESH,0.2005769231,0.1709693016,2.251635864377e-02,1.982487551868e-02,0.000000000000e+00,1,0.000000000000e+00,True
4268,PHYSICAL_MESH,0.2255288462,0.1709693016,2.251333929598e-02,1.770348288119e-02,0.000000000000e+00,1,0.000000000000e+00,True
4269,PHYSICAL_MESH,0.2504807693,0.1709693016,2.250971458852e-02,1.558322645724e-02,0.000000000000e+00,1,0.000000000000e+00,True
4270,PHYSICAL_MESH,0.2754326924,0.1709693016,2.250552177429e-02,1.346433069557e-02,0.000000000000e+00,1,0.000000000000e+00,True
4271,PHYSICAL_MESH,0.3003846155,0.1709693016,2.250087819993e-02,1.134700607508e-02,0.000000000000e+00,1,0.000000000000e+00,True
4272,PHYSICAL_MESH,0.3253365386,0.1709693016,2.249602600932e-02,9.231399744749e-03,0.000000000000e+00,1,0.000000000000e+00,True
4273,PHYSICAL_MESH,0.3502884617,0.1709693016,2.249136008322e-02,7.117518223822e-03,0.000000000000e+00,1,0.000000000000e+00,True
4274,PHYSICAL_MESH,0.3752403848,0.1709693016,2.248741686344e-02,5.005115643144e-03,0.000000000000e+00,1,0.000000000000e+00,True
4275,PHYSICAL_MESH,0.4001923079,0.1709693016,2.248480916023e-02,2.893583383411e-03,0.000000000000e+00,1,0.000000000000e+00,True
4276,PHYSICAL_MESH,0.4251442310,0.1709693016,2.248408831656e-02,7.819001912139e-04,0.000000000000e+00,1,0.000000000000e+00,True
4277,PHYSICAL_MESH,0.4500961541,0.1709693016,2.248556725681e-02,-1.331323990598e-03,0.000000000000e+00,1,0.000000000000e+00,True
4278,PHYSICAL_MESH,0.4750480772,0.1709693016,2.248913608491e-02,-3.447697497904e-03,0.000000000000e+00,1,0.000000000000e+00,True
4279,PHYSICAL_MESH,0.5000000000,0.1709693016,2.249410934746e-02,-5.568908061832e-03,0.000000000000e+00,1,0.000000000000e+00,True
4280,PHYSICAL_MESH,-0.5000000000,0.1944714943,2.452309802175e-02,7.942826300859e-02,0.000000000000e+00,1,0.000000000000e+00,True
4281,PHYSICAL_MESH,-0.4759765625,0.1944714943,2.452310547233e-02,7.738467305899e-02,0.000000000000e+00,1,0.000000000000e+00,True
4282,PHYSICAL_MESH,-0.4519531250,0.1944714943,2.452311292291e-02,7.534109055996e-02,0.000000000000e+00,1,0.000000000000e+00,True
4283,PHYSICAL_MESH,-0.4279296875,0.1944714943,2.452311851084e-02,7.329750806093e-02,0.000000000000e+00,1,0.000000000000e+00,True
4284,PHYSICAL_MESH,-0.4039062500,0.1944714943,2.452312596142e-02,7.125393301249e-02,0.000000000000e+00,1,0.000000000000e+00,True
4285,PHYSICAL_MESH,-0.3798828125,0.1944714943,2.452313341200e-02,6.921035796404e-02,0.000000000000e+00,1,0.000000000000e+00,True
4286,PHYSICAL_MESH,-0.3558593750,0.1944714943,2.452314086258e-02,6.716677546501e-02,0.000000000000e+00,1,0.000000000000e+00,True
4287,PHYSICAL_MESH,-0.3318359375,0.1944714943,2.452315203846e-02,6.512319296598e-02,0.000000000000e+00,1,0.000000000000e+00,True
4288,PHYSICAL_MESH,-0.3078125000,0.1944714943,2.452316135168e-02,6.307961046696e-02,0.000000000000e+00,1,0.000000000000e+00,True
4289,PHYSICAL_MESH,-0.2837890625,0.1944714943,2.452317439020e-02,6.103602051735e-02,0.000000000000e+00,1,0.000000000000e+00,True
4290,PHYSICAL_MESH,-0.2597656250,0.1944714943,2.452318742871e-02,5.899242311716e-02,0.000000000000e+00,1,0.000000000000e+00,True
4291,PHYSICAL_MESH,-0.2357421875,0.1944714943,2.452320232987e-02,5.694881826639e-02,0.000000000000e+00,1,0.000000000000e+00,True
4292,PHYSICAL_MESH,-0.2117187500,0.1944714943,2.452321723104e-02,5.490520596504e-02,0.000000000000e+00,1,0.000000000000e+00,True
4293,PHYSICAL_MESH,-0.1876953125,0.1944714943,2.452323213220e-02,5.286157503724e-02,0.000000000000e+00,1,0.000000000000e+00,True
4294,PHYSICAL_MESH,-0.1636718750,0.1944714943,2.452324517071e-02,5.081793293357e-02,0.000000000000e+00,1,0.000000000000e+00,True
4295,PHYSICAL_MESH,-0.1396484375,0.1944714943,2.452325634658e-02,4.877426847816e-02,0.000000000000e+00,1,0.000000000000e+00,True
4296,PHYSICAL_MESH,-0.1156250000,0.1944714943,2.452326193452e-02,4.673057794571e-02,0.000000000000e+00,1,0.000000000000e+00,True
4297,PHYSICAL_MESH,-0.0906250000,0.1944714943,2.452326193452e-02,4.460377618670e-02,0.000000000000e+00,1,0.000000000000e+00,True
4298,PHYSICAL_MESH,-0.0737500000,0.1944714943,2.452325634658e-02,4.316815733910e-02,0.000000000000e+00,1,0.000000000000e+00,True
4299,PHYSICAL_MESH,-0.0625000000,0.1944714943,2.452324889600e-02,4.221106693149e-02,0.000000000000e+00,1,0.000000000000e+00,True
4300,PHYSICAL_MESH,-0.0550000000,0.1944714943,2.452324144542e-02,4.157299920917e-02,0.000000000000e+00,1,0.000000000000e+00,True
4301,PHYSICAL_MESH,-0.0500000000,0.1944714943,2.452323585749e-02,4.114761576056e-02,0.000000000000e+00,1,0.000000000000e+00,True
4302,PHYSICAL_MESH,-0.0450000000,0.1944714943,2.452322840691e-02,4.072222858667e-02,0.000000000000e+00,1,0.000000000000e+00,True
4303,PHYSICAL_MESH,-0.0400000000,0.1944714943,2.452322095633e-02,4.029683768749e-02,0.000000000000e+00,1,0.000000000000e+00,True
4304,PHYSICAL_MESH,-0.0350000000,0.1944714943,2.452321164310e-02,3.987144678831e-02,0.000000000000e+00,1,0.000000000000e+00,True
4305,PHYSICAL_MESH,-0.0300000000,0.1944714943,2.452320046723e-02,3.944605216384e-02,0.000000000000e+00,1,0.000000000000e+00,True
4306,PHYSICAL_MESH,-0.0250000000,0.1944714943,2.452318742871e-02,3.902065008879e-02,0.000000000000e+00,1,0.000000000000e+00,True
4307,PHYSICAL_MESH,-0.0200000000,0.1944714943,2.452317252755e-02,3.859524428844e-02,0.000000000000e+00,1,0.000000000000e+00,True
4308,PHYSICAL_MESH,-0.0150000000,0.1944714943,2.452315576375e-02,3.816983848810e-02,0.000000000000e+00,1,0.000000000000e+00,True
4309,PHYSICAL_MESH,-0.0100000000,0.1944714943,2.452313713729e-02,3.774442523718e-02,0.000000000000e+00,1,0.000000000000e+00,True
4310,PHYSICAL_MESH,-0.0050000000,0.1944714943,2.452311664820e-02,3.731900453568e-02,0.000000000000e+00,1,0.000000000000e+00,True
4311,PHYSICAL_MESH,0.0000000000,0.1944714943,2.452309243381e-02,3.689358383417e-02,0.000000000000e+00,1,0.000000000000e+00,True
4312,PHYSICAL_MESH,0.0050000000,0.1944714943,2.452306449413e-02,3.646815568209e-02,0.000000000000e+00,1,0.000000000000e+00,True
4313,PHYSICAL_MESH,0.0100000000,0.1944714943,2.452303282917e-02,3.604272380471e-02,0.000000000000e+00,1,0.000000000000e+00,True
4314,PHYSICAL_MESH,0.0150000000,0.1944714943,2.452299743891e-02,3.561728447676e-02,0.000000000000e+00,1,0.000000000000e+00,True
4315,PHYSICAL_MESH,0.0200000000,0.1944714943,2.452295832336e-02,3.519184142351e-02,0.000000000000e+00,1,0.000000000000e+00,True
4316,PHYSICAL_MESH,0.0250000000,0.1944714943,2.452291361988e-02,3.476639091969e-02,0.000000000000e+00,1,0.000000000000e+00,True
4317,PHYSICAL_MESH,0.0300000000,0.1944714943,2.452286519110e-02,3.434093669057e-02,0.000000000000e+00,1,0.000000000000e+00,True
4318,PHYSICAL_MESH,0.0350000000,0.1944714943,2.452280931175e-02,3.391547873616e-02,0.000000000000e+00,1,0.000000000000e+00,True
4319,PHYSICAL_MESH,0.0400000000,0.1944714943,2.452274784446e-02,3.349001333117e-02,0.000000000000e+00,1,0.000000000000e+00,True
4320,PHYSICAL_MESH,0.0450000000,0.1944714943,2.452267892659e-02,3.306454420090e-02,0.000000000000e+00,1,0.000000000000e+00,True
4321,PHYSICAL_MESH,0.0500000000,0.1944714943,2.452260255814e-02,3.263907134533e-02,0.000000000000e+00,1,0.000000000000e+00,True
4322,PHYSICAL_MESH,0.0550000000,0.1944714943,2.452251873910e-02,3.221359103918e-02,0.000000000000e+00,1,0.000000000000e+00,True
4323,PHYSICAL_MESH,0.0600000000,0.1944714943,2.452242746949e-02,3.178811073303e-02,0.000000000000e+00,1,0.000000000000e+00,True
4324,PHYSICAL_MESH,0.0650000000,0.1944714943,2.452232502401e-02,3.136262670159e-02,0.000000000000e+00,1,0.000000000000e+00,True
4325,PHYSICAL_MESH,0.0700000000,0.1944714943,2.452221326530e-02,3.093713894486e-02,0.000000000000e+00,1,0.000000000000e+00,True
4326,PHYSICAL_MESH,0.0750000000,0.1944714943,2.452209219337e-02,3.051164932549e-02,0.000000000000e+00,1,0.000000000000e+00,True
4327,PHYSICAL_MESH,0.0800000000,0.1944714943,2.452195808291e-02,3.008615970612e-02,0.000000000000e+00,1,0.000000000000e+00,True
4328,PHYSICAL_MESH,0.0850000000,0.1944714943,2.452181279659e-02,2.966067008674e-02,0.000000000000e+00,1,0.000000000000e+00,True
4329,PHYSICAL_MESH,0.0900000000,0.1944714943,2.452165633440e-02,2.923518046737e-02,0.000000000000e+00,1,0.000000000000e+00,True
4330,PHYSICAL_MESH,0.0950000000,0.1944714943,2.452148497105e-02,2.880969271064e-02,0.000000000000e+00,1,0.000000000000e+00,True
4331,PHYSICAL_MESH,0.1000000000,0.1944714943,2.452130243182e-02,2.838420867920e-02,0.000000000000e+00,1,0.000000000000e+00,True
4332,PHYSICAL_MESH,0.1050000000,0.1944714943,2.452110312879e-02,2.795872837305e-02,0.000000000000e+00,1,0.000000000000e+00,True
4333,PHYSICAL_MESH,0.1100000000,0.1944714943,2.452089078724e-02,2.753325179219e-02,0.000000000000e+00,1,0.000000000000e+00,True
4334,PHYSICAL_MESH,0.1150000000,0.1944714943,2.452066354454e-02,2.710778452456e-02,0.000000000000e+00,1,0.000000000000e+00,True
4335,PHYSICAL_MESH,0.1225000000,0.1944714943,2.452029101551e-02,2.646959759295e-02,0.000000000000e+00,1,0.000000000000e+00,True
4336,PHYSICAL_MESH,0.1337500000,0.1944714943,2.451966144145e-02,2.551236003637e-02,0.000000000000e+00,1,0.000000000000e+00,True
4337,PHYSICAL_MESH,0.1506250000,0.1944714943,2.451854757965e-02,2.407664060593e-02,0.000000000000e+00,1,0.000000000000e+00,True
4338,PHYSICAL_MESH,0.1756250000,0.1944714943,2.451650053263e-02,2.195005863905e-02,0.000000000000e+00,1,0.000000000000e+00,True
4339,PHYSICAL_MESH,0.2005769231,0.1944714943,2.451396547258e-02,1.982823386788e-02,0.000000000000e+00,1,0.000000000000e+00,True
4340,PHYSICAL_MESH,0.2255288462,0.1944714943,2.451093494892e-02,1.770726777613e-02,0.000000000000e+00,1,0.000000000000e+00,True
4341,PHYSICAL_MESH,0.2504807693,0.1944714943,2.450744248927e-02,1.558733824641e-02,0.000000000000e+00,1,0.000000000000e+00,True
4342,PHYSICAL_MESH,0.2754326924,0.1944714943,2.450357005000e-02,1.346859894693e-02,0.000000000000e+00,1,0.000000000000e+00,True
4343,PHYSICAL_MESH,0.3003846155,0.1944714943,2.449947781861e-02,1.135115418583e-02,0.000000000000e+00,1,0.000000000000e+00,True
4344,PHYSICAL_MESH,0.3253365386,0.1944714943,2.449540980160e-02,9.235017001629e-03,0.000000000000e+00,1,0.000000000000e+00,True
4345,PHYSICAL_MESH,0.3502884617,0.1944714943,2.449170872569e-02,7.120056543499e-03,0.000000000000e+00,1,0.000000000000e+00,True
4346,PHYSICAL_MESH,0.3752403848,0.1944714943,2.448878437281e-02,5.005937069654e-03,0.000000000000e+00,1,0.000000000000e+00,True
4347,PHYSICAL_MESH,0.4001923079,0.1944714943,2.448705397546e-02,2.892073243856e-03,0.000000000000e+00,1,0.000000000000e+00,True
4348,PHYSICAL_MESH,0.4251442310,0.1944714943,2.448684163392e-02,7.776357233524e-04,0.000000000000e+00,1,0.000000000000e+00,True
4349,PHYSICAL_MESH,0.4500961541,0.1944714943,2.448827587068e-02,-1.338381320238e-03,0.000000000000e+00,1,0.000000000000e+00,True
4350,PHYSICAL_MESH,0.4750480772,0.1944714943,2.449118532240e-02,-3.457038197666e-03,0.000000000000e+00,1,0.000000000000e+00,True
4351,PHYSICAL_MESH,0.5000000000,0.1944714943,2.449505031109e-02,-5.579383112490e-03,0.000000000000e+00,1,0.000000000000e+00,True
4352,PHYSICAL_MESH,-0.5000000000,0.2179736870,2.652234397829e-02,7.942824065685e-02,0.000000000000e+00,1,0.000000000000e+00,True
4353,PHYSICAL_MESH,-0.4759765625,0.2179736870,2.652235329151e-02,7.738465815783e-02,0.000000000000e+00,1,0.000000000000e+00,True
4354,PHYSICAL_MESH,-0.4519531250,0.2179736870,2.652236074209e-02,7.534107565880e-02,0.000000000000e+00,1,0.000000000000e+00,True
4355,PHYSICAL_MESH,-0.4279296875,0.2179736870,2.652236819267e-02,7.329750061035e-02,0.000000000000e+00,1,0.000000000000e+00,True
4356,PHYSICAL_MESH,-0.4039062500,0.2179736870,2.652237564325e-02,7.125392556190e-02,0.000000000000e+00,1,0.000000000000e+00,True
4357,PHYSICAL_MESH,-0.3798828125,0.2179736870,2.652238309383e-02,6.921035051346e-02,0.000000000000e+00,1,0.000000000000e+00,True
4358,PHYSICAL_MESH,-0.3558593750,0.2179736870,2.652239240706e-02,6.716676801443e-02,0.000000000000e+00,1,0.000000000000e+00,True
4359,PHYSICAL_MESH,-0.3318359375,0.2179736870,2.652240172029e-02,6.512319296598e-02,0.000000000000e+00,1,0.000000000000e+00,True
4360,PHYSICAL_MESH,-0.3078125000,0.2179736870,2.652241289616e-02,6.307961046696e-02,0.000000000000e+00,1,0.000000000000e+00,True
4361,PHYSICAL_MESH,-0.2837890625,0.2179736870,2.652242593467e-02,6.103602051735e-02,0.000000000000e+00,1,0.000000000000e+00,True
4362,PHYSICAL_MESH,-0.2597656250,0.2179736870,2.652243897319e-02,5.899242684245e-02,0.000000000000e+00,1,0.000000000000e+00,True
4363,PHYSICAL_MESH,-0.2357421875,0.2179736870,2.652245014906e-02,5.694882944226e-02,0.000000000000e+00,1,0.000000000000e+00,True
4364,PHYSICAL_MESH,-0.2117187500,0.2179736870,2.652246318758e-02,5.490522086620e-02,0.000000000000e+00,1,0.000000000000e+00,True
4365,PHYSICAL_MESH,-0.1876953125,0.2179736870,2.652247250080e-02,5.286160111427e-02,0.000000000000e+00,1,0.000000000000e+00,True
4366,PHYSICAL_MESH,-0.1636718750,0.2179736870,2.652247808874e-02,5.081796646118e-02,0.000000000000e+00,1,0.000000000000e+00,True
4367,PHYSICAL_MESH,-0.1396484375,0.2179736870,2.652247808874e-02,4.877431690693e-02,0.000000000000e+00,1,0.000000000000e+00,True
4368,PHYSICAL_MESH,-0.1156250000,0.2179736870,2.652246877551e-02,4.673064872622e-02,0.000000000000e+00,1,0.000000000000e+00,True
4369,PHYSICAL_MESH,-0.0906250000,0.2179736870,2.652244642377e-02,4.460387676954e-02,0.000000000000e+00,1,0.000000000000e+00,True
4370,PHYSICAL_MESH,-0.0737500000,0.2179736870,2.652241848409e-02,4.316828399897e-02,0.000000000000e+00,1,0.000000000000e+00,True
4371,PHYSICAL_MESH,-0.0625000000,0.2179736870,2.652239240706e-02,4.221121221781e-02,0.000000000000e+00,1,0.000000000000e+00,True
4372,PHYSICAL_MESH,-0.0550000000,0.2179736870,2.652237191796e-02,4.157315939665e-02,0.000000000000e+00,1,0.000000000000e+00,True
4373,PHYSICAL_MESH,-0.0500000000,0.2179736870,2.652235701680e-02,4.114778712392e-02,0.000000000000e+00,1,0.000000000000e+00,True
4374,PHYSICAL_MESH,-0.0450000000,0.2179736870,2.652233839035e-02,4.072241485119e-02,0.000000000000e+00,1,0.000000000000e+00,True
4375,PHYSICAL_MESH,-0.0400000000,0.2179736870,2.652231976390e-02,4.029703885317e-02,0.000000000000e+00,1,0.000000000000e+00,True
4376,PHYSICAL_MESH,-0.0350000000,0.2179736870,2.652229927480e-02,3.987166285515e-02,0.000000000000e+00,1,0.000000000000e+00,True
4377,PHYSICAL_MESH,-0.0300000000,0.2179736870,2.652227506042e-02,3.944628313184e-02,0.000000000000e+00,1,0.000000000000e+00,True
4378,PHYSICAL_MESH,-0.0250000000,0.2179736870,2.652224898338e-02,3.902089968324e-02,0.000000000000e+00,1,0.000000000000e+00,True
4379,PHYSICAL_MESH,-0.0200000000,0.2179736870,2.652222104371e-02,3.859551250935e-02,0.000000000000e+00,1,0.000000000000e+00,True
4380,PHYSICAL_MESH,-0.0150000000,0.2179736870,2.652218937874e-02,3.817012533545e-02,0.000000000000e+00,1,0.000000000000e+00,True
4381,PHYSICAL_MESH,-0.0100000000,0.2179736870,2.652215398848e-02,3.774473443627e-02,0.000000000000e+00,1,0.000000000000e+00,True
4382,PHYSICAL_MESH,-0.0050000000,0.2179736870,2.652211487293e-02,3.731933981180e-02,0.000000000000e+00,1,0.000000000000e+00,True
4383,PHYSICAL_MESH,0.0000000000,0.2179736870,2.652207389474e-02,3.689394146204e-02,0.000000000000e+00,1,0.000000000000e+00,True
4384,PHYSICAL_MESH,0.0050000000,0.2179736870,2.652202732861e-02,3.646854311228e-02,0.000000000000e+00,1,0.000000000000e+00,True
4385,PHYSICAL_MESH,0.0100000000,0.2179736870,2.652197703719e-02,3.604314103723e-02,0.000000000000e+00,1,0.000000000000e+00,True
4386,PHYSICAL_MESH,0.0150000000,0.2179736870,2.652192115784e-02,3.561773523688e-02,0.000000000000e+00,1,0.000000000000e+00,True
4387,PHYSICAL_MESH,0.0200000000,0.2179736870,2.652185969055e-02,3.519232571125e-02,0.000000000000e+00,1,0.000000000000e+00,True
4388,PHYSICAL_MESH,0.0250000000,0.2179736870,2.652179449797e-02,3.476691618562e-02,0.000000000000e+00,1,0.000000000000e+00,True
4389,PHYSICAL_MESH,0.0300000000,0.2179736870,2.652172185481e-02,3.434149920940e-02,0.000000000000e+00,1,0.000000000000e+00,True
4390,PHYSICAL_MESH,0.0350000000,0.2179736870,2.652164176106e-02,3.391608223319e-02,0.000000000000e+00,1,0.000000000000e+00,True
4391,PHYSICAL_MESH,0.0400000000,0.2179736870,2.652155607939e-02,3.349066525698e-02,0.000000000000e+00,1,0.000000000000e+00,True
4392,PHYSICAL_MESH,0.0450000000,0.2179736870,2.652146294713e-02,3.306524455547e-02,0.000000000000e+00,1,0.000000000000e+00,True
4393,PHYSICAL_MESH,0.0500000000,0.2179736870,2.652136050165e-02,3.263982385397e-02,0.000000000000e+00,1,0.000000000000e+00,True
4394,PHYSICAL_MESH,0.0550000000,0.2179736870,2.652125060558e-02,3.221439942718e-02,0.000000000000e+00,1,0.000000000000e+00,True
4395,PHYSICAL_MESH,0.0600000000,0.2179736870,2.652113139629e-02,3.178897500038e-02,0.000000000000e+00,1,0.000000000000e+00,True
4396,PHYSICAL_MESH,0.0650000000,0.2179736870,2.652100287378e-02,3.136355057359e-02,0.000000000000e+00,1,0.000000000000e+00,True
4397,PHYSICAL_MESH,0.0700000000,0.2179736870,2.652086317539e-02,3.093812614679e-02,0.000000000000e+00,1,0.000000000000e+00,True
4398,PHYSICAL_MESH,0.0750000000,0.2179736870,2.652071416378e-02,3.051270358264e-02,0.000000000000e+00,1,0.000000000000e+00,True
4399,PHYSICAL_MESH,0.0800000000,0.2179736870,2.652055211365e-02,3.008728101850e-02,0.000000000000e+00,1,0.000000000000e+00,True
4400,PHYSICAL_MESH,0.0850000000,0.2179736870,2.652038075030e-02,2.966186217964e-02,0.000000000000e+00,1,0.000000000000e+00,True
4401,PHYSICAL_MESH,0.0900000000,0.2179736870,2.652019634843e-02,2.923644706607e-02,0.000000000000e+00,1,0.000000000000e+00,True
4402,PHYSICAL_MESH,0.0950000000,0.2179736870,2.651999890804e-02,2.881103567779e-02,0.000000000000e+00,1,0.000000000000e+00,True
4403,PHYSICAL_MESH,0.1000000000,0.2179736870,2.651978842914e-02,2.838562987745e-02,0.000000000000e+00,1,0.000000000000e+00,True
4404,PHYSICAL_MESH,0.1050000000,0.2179736870,2.651956304908e-02,2.796022780240e-02,0.000000000000e+00,1,0.000000000000e+00,True
4405,PHYSICAL_MESH,0.1100000000,0.2179736870,2.651932463050e-02,2.753483504057e-02,0.000000000000e+00,1,0.000000000000e+00,True
4406,PHYSICAL_MESH,0.1150000000,0.2179736870,2.651907131076e-02,2.710944972932e-02,0.000000000000e+00,1,0.000000000000e+00,True
4407,PHYSICAL_MESH,0.1225000000,0.2179736870,2.651866339147e-02,2.647139132023e-02,0.000000000000e+00,1,0.000000000000e+00,True
4408,PHYSICAL_MESH,0.1337500000,0.2179736870,2.651798538864e-02,2.551435120404e-02,0.000000000000e+00,1,0.000000000000e+00,True
4409,PHYSICAL_MESH,0.1506250000,0.2179736870,2.651681192219e-02,2.407892793417e-02,0.000000000000e+00,1,0.000000000000e+00,True
4410,PHYSICAL_MESH,0.1756250000,0.2179736870,2.651472203434e-02,2.195277437568e-02,0.000000000000e+00,1,0.000000000000e+00,True
4411,PHYSICAL_MESH,0.2005769231,0.2179736870,2.651221118867e-02,1.983133703470e-02,0.000000000000e+00,1,0.000000000000e+00,True
4412,PHYSICAL_MESH,0.2255288462,0.2179736870,2.650930173695e-02,1.771068014205e-02,0.000000000000e+00,1,0.000000000000e+00,True
4413,PHYSICAL_MESH,0.2504807693,0.2179736870,2.650605328381e-02,1.559093687683e-02,0.000000000000e+00,1,0.000000000000e+00,True
4414,PHYSICAL_MESH,0.2754326924,0.2179736870,2.650257572532e-02,1.347219664603e-02,0.000000000000e+00,1,0.000000000000e+00,True
4415,PHYSICAL_MESH,0.3003846155,0.2179736870,2.649903856218e-02,1.135448180139e-02,0.000000000000e+00,1,0.000000000000e+00,True
4416,PHYSICAL_MESH,0.3253365386,0.2179736870,2.649567089975e-02,9.237722493708e-03,0.000000000000e+00,1,0.000000000000e+00,True
4417,PHYSICAL_MESH,0.3502884617,0.2179736870,2.649275213480e-02,7.121717557311e-03,0.000000000000e+00,1,0.000000000000e+00,True
4418,PHYSICAL_MESH,0.3752403848,0.2179736870,2.649058960378e-02,5.006109829992e-03,0.000000000000e+00,1,0.000000000000e+00,True
4419,PHYSICAL_MESH,0.4001923079,0.2179736870,2.648945525289e-02,2.890378236771e-03,0.000000000000e+00,1,0.000000000000e+00,True
4420,PHYSICAL_MESH,0.4251442310,0.2179736870,2.648953162134e-02,7.738673011772e-04,0.000000000000e+00,1,0.000000000000e+00,True
4421,PHYSICAL_MESH,0.4500961541,0.2179736870,2.649084478617e-02,-1.344146206975e-03,0.000000000000e+00,1,0.000000000000e+00,True
4422,PHYSICAL_MESH,0.4750480772,0.2179736870,2.649321593344e-02,-3.464368171990e-03,0.000000000000e+00,1,0.000000000000e+00,True
4423,PHYSICAL_MESH,0.5000000000,0.2179736870,2.649624273181e-02,-5.587457213551e-03,0.000000000000e+00,1,0.000000000000e+00,True
4424,PHYSICAL_MESH,-0.5000000000,0.2414758797,2.852158620954e-02,7.942821830511e-02,0.000000000000e+00,1,0.000000000000e+00,True
4425,PHYSICAL_MESH,-0.4759765625,0.2414758797,2.852159552276e-02,7.738463580608e-02,0.000000000000e+00,1,0.000000000000e+00,True
4426,PHYSICAL_MESH,-0.4519531250,0.2414758797,2.852160297334e-02,7.534106075764e-02,0.000000000000e+00,1,0.000000000000e+00,True
4427,PHYSICAL_MESH,-0.4279296875,0.2414758797,2.852161042392e-02,7.329748570919e-02,0.000000000000e+00,1,0.000000000000e+00,True
4428,PHYSICAL_MESH,-0.4039062500,0.2414758797,2.852161787450e-02,7.125391066074e-02,0.000000000000e+00,1,0.000000000000e+00,True
4429,PHYSICAL_MESH,-0.3798828125,0.2414758797,2.852162532508e-02,6.921034306288e-02,0.000000000000e+00,1,0.000000000000e+00,True
4430,PHYSICAL_MESH,-0.3558593750,0.2414758797,2.852163463831e-02,6.716676056385e-02,0.000000000000e+00,1,0.000000000000e+00,True
4431,PHYSICAL_MESH,-0.3318359375,0.2414758797,2.852164395154e-02,6.512318551540e-02,0.000000000000e+00,1,0.000000000000e+00,True
4432,PHYSICAL_MESH,-0.3078125000,0.2414758797,2.852165512741e-02,6.307960301638e-02,0.000000000000e+00,1,0.000000000000e+00,True
4433,PHYSICAL_MESH,-0.2837890625,0.2414758797,2.852166630328e-02,6.103602051735e-02,0.000000000000e+00,1,0.000000000000e+00,True
4434,PHYSICAL_MESH,-0.2597656250,0.2414758797,2.852167747915e-02,5.899243429303e-02,0.000000000000e+00,1,0.000000000000e+00,True
4435,PHYSICAL_MESH,-0.2357421875,0.2414758797,2.852168679237e-02,5.694884061813e-02,0.000000000000e+00,1,0.000000000000e+00,True
4436,PHYSICAL_MESH,-0.2117187500,0.2414758797,2.852169424295e-02,5.490523949265e-02,0.000000000000e+00,1,0.000000000000e+00,True
4437,PHYSICAL_MESH,-0.1876953125,0.2414758797,2.852169796824e-02,5.286163091660e-02,0.000000000000e+00,1,0.000000000000e+00,True
4438,PHYSICAL_MESH,-0.1636718750,0.2414758797,2.852169610560e-02,5.081801116467e-02,0.000000000000e+00,1,0.000000000000e+00,True
4439,PHYSICAL_MESH,-0.1396484375,0.2414758797,2.852168306708e-02,4.877438396215e-02,0.000000000000e+00,1,0.000000000000e+00,True
4440,PHYSICAL_MESH,-0.1156250000,0.2414758797,2.852165699005e-02,4.673073813319e-02,0.000000000000e+00,1,0.000000000000e+00,True
4441,PHYSICAL_MESH,-0.0906250000,0.2414758797,2.852160856128e-02,4.460400342941e-02,0.000000000000e+00,1,0.000000000000e+00,True
4442,PHYSICAL_MESH,-0.0737500000,0.2414758797,2.852155826986e-02,4.316844046116e-02,0.000000000000e+00,1,0.000000000000e+00,True
4443,PHYSICAL_MESH,-0.0625000000,0.2414758797,2.852151729167e-02,4.221139475703e-02,0.000000000000e+00,1,0.000000000000e+00,True
4444,PHYSICAL_MESH,-0.0550000000,0.2414758797,2.852148376405e-02,4.157336056232e-02,0.000000000000e+00,1,0.000000000000e+00,True
4445,PHYSICAL_MESH,-0.0500000000,0.2414758797,2.852145954967e-02,4.114800319076e-02,0.000000000000e+00,1,0.000000000000e+00,True
4446,PHYSICAL_MESH,-0.0450000000,0.2414758797,2.852143160999e-02,4.072264581919e-02,0.000000000000e+00,1,0.000000000000e+00,True
4447,PHYSICAL_MESH,-0.0400000000,0.2414758797,2.852140367031e-02,4.029728472233e-02,0.000000000000e+00,1,0.000000000000e+00,True
4448,PHYSICAL_MESH,-0.0350000000,0.2414758797,2.852137014270e-02,3.987192362547e-02,0.000000000000e+00,1,0.000000000000e+00,True
4449,PHYSICAL_MESH,-0.0300000000,0.2414758797,2.852133661509e-02,3.944656252861e-02,0.000000000000e+00,1,0.000000000000e+00,True
4450,PHYSICAL_MESH,-0.0250000000,0.2414758797,2.852129936218e-02,3.902119770646e-02,0.000000000000e+00,1,0.000000000000e+00,True
4451,PHYSICAL_MESH,-0.0200000000,0.2414758797,2.852125838399e-02,3.859583288431e-02,0.000000000000e+00,1,0.000000000000e+00,True
4452,PHYSICAL_MESH,-0.0150000000,0.2414758797,2.852121368051e-02,3.817046433687e-02,0.000000000000e+00,1,0.000000000000e+00,True
4453,PHYSICAL_MESH,-0.0100000000,0.2414758797,2.852116525173e-02,3.774509951472e-02,0.000000000000e+00,1,0.000000000000e+00,True
4454,PHYSICAL_MESH,-0.0050000000,0.2414758797,2.852111309767e-02,3.731973096728e-02,0.000000000000e+00,1,0.000000000000e+00,True
4455,PHYSICAL_MESH,0.0000000000,0.2414758797,2.852105721831e-02,3.689435869455e-02,0.000000000000e+00,1,0.000000000000e+00,True
4456,PHYSICAL_MESH,0.0050000000,0.2414758797,2.852099575102e-02,3.646898642182e-02,0.000000000000e+00,1,0.000000000000e+00,True
4457,PHYSICAL_MESH,0.0100000000,0.2414758797,2.852093055844e-02,3.604361414909e-02,0.000000000000e+00,1,0.000000000000e+00,True
4458,PHYSICAL_MESH,0.0150000000,0.2414758797,2.852085977793e-02,3.561824187636e-02,0.000000000000e+00,1,0.000000000000e+00,True
4459,PHYSICAL_MESH,0.0200000000,0.2414758797,2.852078340948e-02,3.519286960363e-02,0.000000000000e+00,1,0.000000000000e+00,True
4460,PHYSICAL_MESH,0.0250000000,0.2414758797,2.852069959044e-02,3.476749360561e-02,0.000000000000e+00,1,0.000000000000e+00,True
4461,PHYSICAL_MESH,0.0300000000,0.2414758797,2.852061018348e-02,3.434211760759e-02,0.000000000000e+00,1,0.000000000000e+00,True
4462,PHYSICAL_MESH,0.0350000000,0.2414758797,2.852051518857e-02,3.391674160957e-02,0.000000000000e+00,1,0.000000000000e+00,True
4463,PHYSICAL_MESH,0.0400000000,0.2414758797,2.852041274309e-02,3.349136933684e-02,0.000000000000e+00,1,0.000000000000e+00,True
4464,PHYSICAL_MESH,0.0450000000,0.2414758797,2.852030098438e-02,3.306599333882e-02,0.000000000000e+00,1,0.000000000000e+00,True
4465,PHYSICAL_MESH,0.0500000000,0.2414758797,2.852018177509e-02,3.264061734080e-02,0.000000000000e+00,1,0.000000000000e+00,True
4466,PHYSICAL_MESH,0.0550000000,0.2414758797,2.852005511522e-02,3.221524506807e-02,0.000000000000e+00,1,0.000000000000e+00,True
4467,PHYSICAL_MESH,0.0600000000,0.2414758797,2.851991914213e-02,3.178987279534e-02,0.000000000000e+00,1,0.000000000000e+00,True
4468,PHYSICAL_MESH,0.0650000000,0.2414758797,2.851977385581e-02,3.136450424790e-02,0.000000000000e+00,1,0.000000000000e+00,True
4469,PHYSICAL_MESH,0.0700000000,0.2414758797,2.851961739361e-02,3.093913756311e-02,0.000000000000e+00,1,0.000000000000e+00,True
4470,PHYSICAL_MESH,0.0750000000,0.2414758797,2.851945161819e-02,3.051377274096e-02,0.000000000000e+00,1,0.000000000000e+00,True
4471,PHYSICAL_MESH,0.0800000000,0.2414758797,2.851927652955e-02,3.008841350675e-02,0.000000000000e+00,1,0.000000000000e+00,True
4472,PHYSICAL_MESH,0.0850000000,0.2414758797,2.851908840239e-02,2.966305799782e-02,0.000000000000e+00,1,0.000000000000e+00,True
4473,PHYSICAL_MESH,0.0900000000,0.2414758797,2.851888909936e-02,2.923770621419e-02,0.000000000000e+00,1,0.000000000000e+00,True
4474,PHYSICAL_MESH,0.0950000000,0.2414758797,2.851867862046e-02,2.881236188114e-02,0.000000000000e+00,1,0.000000000000e+00,True
4475,PHYSICAL_MESH,0.1000000000,0.2414758797,2.851845510304e-02,2.838702499866e-02,0.000000000000e+00,1,0.000000000000e+00,True
4476,PHYSICAL_MESH,0.1050000000,0.2414758797,2.851821854711e-02,2.796169370413e-02,0.000000000000e+00,1,0.000000000000e+00,True
4477,PHYSICAL_MESH,0.1100000000,0.2414758797,2.851797081530e-02,2.753637172282e-02,0.000000000000e+00,1,0.000000000000e+00,True
4478,PHYSICAL_MESH,0.1150000000,0.2414758797,2.851770818233e-02,2.711105905473e-02,0.000000000000e+00,1,0.000000000000e+00,True
4479,PHYSICAL_MESH,0.1225000000,0.2414758797,2.851728722453e-02,2.647311054170e-02,0.000000000000e+00,1,0.000000000000e+00,True
4480,PHYSICAL_MESH,0.1337500000,0.2414758797,2.851659990847e-02,2.551623806357e-02,0.000000000000e+00,1,0.000000000000e+00,True
4481,PHYSICAL_MESH,0.1506250000,0.2414758797,2.851542830467e-02,2.408106625080e-02,0.000000000000e+00,1,0.000000000000e+00,True
4482,PHYSICAL_MESH,0.1756250000,0.2414758797,2.851338684559e-02,2.195526473224e-02,0.000000000000e+00,1,0.000000000000e+00,True
4483,PHYSICAL_MESH,0.2005769231,0.2414758797,2.851099520922e-02,1.983412727714e-02,0.000000000000e+00,1,0.000000000000e+00,True
4484,PHYSICAL_MESH,0.2255288462,0.2414758797,2.850829064846e-02,1.771368272603e-02,0.000000000000e+00,1,0.000000000000e+00,True
4485,PHYSICAL_MESH,0.2504807693,0.2414758797,2.850534953177e-02,1.559401769191e-02,0.000000000000e+00,1,0.000000000000e+00,True
4486,PHYSICAL_MESH,0.2754326924,0.2414758797,2.850229106843e-02,1.347517129034e-02,0.000000000000e+00,1,0.000000000000e+00,True
4487,PHYSICAL_MESH,0.3003846155,0.2414758797,2.849927730858e-02,1.135711092502e-02,0.000000000000e+00,1,0.000000000000e+00,True
4488,PHYSICAL_MESH,0.3253365386,0.2414758797,2.849651128054e-02,9.239714592695e-03,0.000000000000e+00,1,0.000000000000e+00,True
4489,PHYSICAL_MESH,0.3502884617,0.2414758797,2.849421650171e-02,7.122755981982e-03,0.000000000000e+00,1,0.000000000000e+00,True
4490,PHYSICAL_MESH,0.3752403848,0.2414758797,2.849261276424e-02,5.005891900510e-03,0.000000000000e+00,1,0.000000000000e+00,True
4491,PHYSICAL_MESH,0.4001923079,0.2414758797,2.849187888205e-02,2.888677874580e-03,0.000000000000e+00,1,0.000000000000e+00,True
4492,PHYSICAL_MESH,0.4251442310,0.2414758797,2.849210798740e-02,7.706042379141e-04,0.000000000000e+00,1,0.000000000000e+00,True
4493,PHYSICAL_MESH,0.4500961541,0.2414758797,2.849327027798e-02,-1.348849851638e-03,0.000000000000e+00,1,0.000000000000e+00,True
4494,PHYSICAL_MESH,0.4750480772,0.2414758797,2.849519625306e-02,-3.470157971606e-03,0.000000000000e+00,1,0.000000000000e+00,True
4495,PHYSICAL_MESH,0.5000000000,0.2414758797,2.849758230150e-02,-5.593738518655e-03,0.000000000000e+00,1,0.000000000000e+00,True
4496,PHYSICAL_MESH,-0.5000000000,0.2649780724,3.052082099020e-02,7.942818850279e-02,0.000000000000e+00,1,0.000000000000e+00,True
4497,PHYSICAL_MESH,-0.4759765625,0.2649780724,3.052083030343e-02,7.738462090492e-02,0.000000000000e+00,1,0.000000000000e+00,True
4498,PHYSICAL_MESH,-0.4519531250,0.2649780724,3.052083775401e-02,7.534104585648e-02,0.000000000000e+00,1,0.000000000000e+00,True
4499,PHYSICAL_MESH,-0.4279296875,0.2649780724,3.052084520459e-02,7.329747825861e-02,0.000000000000e+00,1,0.000000000000e+00,True
4500,PHYSICAL_MESH,-0.4039062500,0.2649780724,3.052085265517e-02,7.125390321016e-02,0.000000000000e+00,1,0.000000000000e+00,True
4501,PHYSICAL_MESH,-0.3798828125,0.2649780724,3.052086196840e-02,6.921033561230e-02,0.000000000000e+00,1,0.000000000000e+00,True
4502,PHYSICAL_MESH,-0.3558593750,0.2649780724,3.052086941898e-02,6.716676056385e-02,0.000000000000e+00,1,0.000000000000e+00,True
4503,PHYSICAL_MESH,-0.3318359375,0.2649780724,3.052087873220e-02,6.512318551540e-02,0.000000000000e+00,1,0.000000000000e+00,True
4504,PHYSICAL_MESH,-0.3078125000,0.2649780724,3.052088804543e-02,6.307960301638e-02,0.000000000000e+00,1,0.000000000000e+00,True
4505,PHYSICAL_MESH,-0.2837890625,0.2649780724,3.052089735866e-02,6.103602796793e-02,0.000000000000e+00,1,0.000000000000e+00,True
4506,PHYSICAL_MESH,-0.2597656250,0.2649780724,3.052090667188e-02,5.899244174361e-02,0.000000000000e+00,1,0.000000000000e+00,True
4507,PHYSICAL_MESH,-0.2357421875,0.2649780724,3.052091225982e-02,5.694885551929e-02,0.000000000000e+00,1,0.000000000000e+00,True
4508,PHYSICAL_MESH,-0.2117187500,0.2649780724,3.052091412246e-02,5.490526556969e-02,0.000000000000e+00,1,0.000000000000e+00,True
4509,PHYSICAL_MESH,-0.1876953125,0.2649780724,3.052091039717e-02,5.286167189479e-02,0.000000000000e+00,1,0.000000000000e+00,True
4510,PHYSICAL_MESH,-0.1636718750,0.2649780724,3.052089922130e-02,5.081807076931e-02,0.000000000000e+00,1,0.000000000000e+00,True
4511,PHYSICAL_MESH,-0.1396484375,0.2649780724,3.052087314427e-02,4.877446219325e-02,0.000000000000e+00,1,0.000000000000e+00,True
4512,PHYSICAL_MESH,-0.1156250000,0.2649780724,3.052083030343e-02,4.673084616661e-02,0.000000000000e+00,1,0.000000000000e+00,True
4513,PHYSICAL_MESH,-0.0906250000,0.2649780724,3.052075952291e-02,4.460415244102e-02,0.000000000000e+00,1,0.000000000000e+00,True
4514,PHYSICAL_MESH,-0.0737500000,0.2649780724,3.052069246769e-02,4.316862672567e-02,0.000000000000e+00,1,0.000000000000e+00,True
4515,PHYSICAL_MESH,-0.0625000000,0.2649780724,3.052063472569e-02,4.221160709858e-02,0.000000000000e+00,1,0.000000000000e+00,True
4516,PHYSICAL_MESH,-0.0550000000,0.2649780724,3.052059188485e-02,4.157359153032e-02,0.000000000000e+00,1,0.000000000000e+00,True
4517,PHYSICAL_MESH,-0.0500000000,0.2649780724,3.052056021988e-02,4.114824905992e-02,0.000000000000e+00,1,0.000000000000e+00,True
4518,PHYSICAL_MESH,-0.0450000000,0.2649780724,3.052052482963e-02,4.072290658951e-02,0.000000000000e+00,1,0.000000000000e+00,True
4519,PHYSICAL_MESH,-0.0400000000,0.2649780724,3.052048757672e-02,4.029756411910e-02,0.000000000000e+00,1,0.000000000000e+00,True
4520,PHYSICAL_MESH,-0.0350000000,0.2649780724,3.052044846117e-02,3.987221792340e-02,0.000000000000e+00,1,0.000000000000e+00,True
4521,PHYSICAL_MESH,-0.0300000000,0.2649780724,3.052040375769e-02,3.944687545300e-02,0.000000000000e+00,1,0.000000000000e+00,True
4522,PHYSICAL_MESH,-0.0250000000,0.2649780724,3.052035719156e-02,3.902153298259e-02,0.000000000000e+00,1,0.000000000000e+00,True
4523,PHYSICAL_MESH,-0.0200000000,0.2649780724,3.052030876279e-02,3.859618678689e-02,0.000000000000e+00,1,0.000000000000e+00,True
4524,PHYSICAL_MESH,-0.0150000000,0.2649780724,3.052025474608e-02,3.817084431648e-02,0.000000000000e+00,1,0.000000000000e+00,True
4525,PHYSICAL_MESH,-0.0100000000,0.2649780724,3.052019700408e-02,3.774549812078e-02,0.000000000000e+00,1,0.000000000000e+00,True
4526,PHYSICAL_MESH,-0.0050000000,0.2649780724,3.052013367414e-02,3.732015565038e-02,0.000000000000e+00,1,0.000000000000e+00,True
4527,PHYSICAL_MESH,0.0000000000,0.2649780724,3.052006848156e-02,3.689481317997e-02,0.000000000000e+00,1,0.000000000000e+00,True
4528,PHYSICAL_MESH,0.0050000000,0.2649780724,3.051999770105e-02,3.646946698427e-02,0.000000000000e+00,1,0.000000000000e+00,True
4529,PHYSICAL_MESH,0.0100000000,0.2649780724,3.051992133260e-02,3.604412451386e-02,0.000000000000e+00,1,0.000000000000e+00,True
4530,PHYSICAL_MESH,0.0150000000,0.2649780724,3.051983937621e-02,3.561878204346e-02,0.000000000000e+00,1,0.000000000000e+00,True
4531,PHYSICAL_MESH,0.0200000000,0.2649780724,3.051975183189e-02,3.519344329834e-02,0.000000000000e+00,1,0.000000000000e+00,True
4532,PHYSICAL_MESH,0.0250000000,0.2649780724,3.051965869963e-02,3.476810082793e-02,0.000000000000e+00,1,0.000000000000e+00,True
4533,PHYSICAL_MESH,0.0300000000,0.2649780724,3.051955997944e-02,3.434276208282e-02,0.000000000000e+00,1,0.000000000000e+00,True
4534,PHYSICAL_MESH,0.0350000000,0.2649780724,3.051945380867e-02,3.391742706299e-02,0.000000000000e+00,1,0.000000000000e+00,True
4535,PHYSICAL_MESH,0.0400000000,0.2649780724,3.051934018731e-02,3.349209204316e-02,0.000000000000e+00,1,0.000000000000e+00,True
4536,PHYSICAL_MESH,0.0450000000,0.2649780724,3.051921911538e-02,3.306675702333e-02,0.000000000000e+00,1,0.000000000000e+00,True
4537,PHYSICAL_MESH,0.0500000000,0.2649780724,3.051909059286e-02,3.264142572880e-02,0.000000000000e+00,1,0.000000000000e+00,True
4538,PHYSICAL_MESH,0.0550000000,0.2649780724,3.051895461977e-02,3.221609815955e-02,0.000000000000e+00,1,0.000000000000e+00,True
4539,PHYSICAL_MESH,0.0600000000,0.2649780724,3.051880933344e-02,3.179077431560e-02,0.000000000000e+00,1,0.000000000000e+00,True
4540,PHYSICAL_MESH,0.0650000000,0.2649780724,3.051865659654e-02,3.136545419693e-02,0.000000000000e+00,1,0.000000000000e+00,True
4541,PHYSICAL_MESH,0.0700000000,0.2649780724,3.051849268377e-02,3.094013594091e-02,0.000000000000e+00,1,0.000000000000e+00,True
4542,PHYSICAL_MESH,0.0750000000,0.2649780724,3.051832132041e-02,3.051482513547e-02,0.000000000000e+00,1,0.000000000000e+00,True
4543,PHYSICAL_MESH,0.0800000000,0.2649780724,3.051813878119e-02,3.008951805532e-02,0.000000000000e+00,1,0.000000000000e+00,True
4544,PHYSICAL_MESH,0.0850000000,0.2649780724,3.051794692874e-02,2.966421656311e-02,0.000000000000e+00,1,0.000000000000e+00,True
4545,PHYSICAL_MESH,0.0900000000,0.2649780724,3.051774390042e-02,2.923892252147e-02,0.000000000000e+00,1,0.000000000000e+00,True
4546,PHYSICAL_MESH,0.0950000000,0.2649780724,3.051752969623e-02,2.881363593042e-02,0.000000000000e+00,1,0.000000000000e+00,True
4547,PHYSICAL_MESH,0.1000000000,0.2649780724,3.051730617881e-02,2.838835678995e-02,0.000000000000e+00,1,0.000000000000e+00,True
4548,PHYSICAL_MESH,0.1050000000,0.2649780724,3.051706962287e-02,2.796308696270e-02,0.000000000000e+00,1,0.000000000000e+00,True
4549,PHYSICAL_MESH,0.1100000000,0.2649780724,3.051682189107e-02,2.753782458603e-02,0.000000000000e+00,1,0.000000000000e+00,True
4550,PHYSICAL_MESH,0.1150000000,0.2649780724,3.051656298339e-02,2.711257338524e-02,0.000000000000e+00,1,0.000000000000e+00,True
4551,PHYSICAL_MESH,0.1225000000,0.2649780724,3.051614947617e-02,2.647471800447e-02,0.000000000000e+00,1,0.000000000000e+00,True
4552,PHYSICAL_MESH,0.1337500000,0.2649780724,3.051547892392e-02,2.551798336208e-02,0.000000000000e+00,1,0.000000000000e+00,True
4553,PHYSICAL_MESH,0.1506250000,0.2649780724,3.051435388625e-02,2.408301830292e-02,0.000000000000e+00,1,0.000000000000e+00,True
4554,PHYSICAL_MESH,0.1756250000,0.2649780724,3.051242791116e-02,2.195749804378e-02,0.000000000000e+00,1,0.000000000000e+00,True
4555,PHYSICAL_MESH,0.2005769231,0.2649780724,3.051021695137e-02,1.983658410609e-02,0.000000000000e+00,1,0.000000000000e+00,True
4556,PHYSICAL_MESH,0.2255288462,0.2649780724,3.050776571035e-02,1.771627180278e-02,0.000000000000e+00,1,0.000000000000e+00,True
4557,PHYSICAL_MESH,0.2504807693,0.2649780724,3.050515800714e-02,1.559660956264e-02,0.000000000000e+00,1,0.000000000000e+00,True
4558,PHYSICAL_MESH,0.2754326924,0.2649780724,3.050251305103e-02,1.347759552300e-02,0.000000000000e+00,1,0.000000000000e+00,True
4559,PHYSICAL_MESH,0.3003846155,0.2649780724,3.049997426569e-02,1.135916169733e-02,0.000000000000e+00,1,0.000000000000e+00,True
4560,PHYSICAL_MESH,0.3253365386,0.2649780724,3.049771673977e-02,9.241160936654e-03,0.000000000000e+00,1,0.000000000000e+00,True
4561,PHYSICAL_MESH,0.3502884617,0.2649780724,3.049591183662e-02,7.123362272978e-03,0.000000000000e+00,1,0.000000000000e+00,True
4562,PHYSICAL_MESH,0.3752403848,0.2649780724,3.049471974373e-02,5.005456507206e-03,0.000000000000e+00,1,0.000000000000e+00,True
4563,PHYSICAL_MESH,0.4001923079,0.2649780724,3.049425221980e-02,2.887072972953e-03,0.000000000000e+00,1,0.000000000000e+00,True
4564,PHYSICAL_MESH,0.4251442310,0.2649780724,3.049454651773e-02,7.678177207708e-04,0.000000000000e+00,1,0.000000000000e+00,True
4565,PHYSICAL_MESH,0.4500961541,0.2649780724,3.049555048347e-02,-1.352684805170e-03,0.000000000000e+00,1,0.000000000000e+00,True
4566,PHYSICAL_MESH,0.4750480772,0.2649780724,3.049711696804e-02,-3.474754747003e-03,0.000000000000e+00,1,0.000000000000e+00,True
4567,PHYSICAL_MESH,0.5000000000,0.2649780724,3.049900569022e-02,-5.598660558462e-03,0.000000000000e+00,1,0.000000000000e+00,True
4568,PHYSICAL_MESH,-0.5000000000,0.2884802651,3.252004832029e-02,7.942816615105e-02,0.000000000000e+00,1,0.000000000000e+00,True
4569,PHYSICAL_MESH,-0.4759765625,0.2884802651,3.252005949616e-02,7.738459855318e-02,0.000000000000e+00,1,0.000000000000e+00,True
4570,PHYSICAL_MESH,-0.4519531250,0.2884802651,3.252006694674e-02,7.534103095531e-02,0.000000000000e+00,1,0.000000000000e+00,True
4571,PHYSICAL_MESH,-0.4279296875,0.2884802651,3.252007439733e-02,7.329746335745e-02,0.000000000000e+00,1,0.000000000000e+00,True
4572,PHYSICAL_MESH,-0.4039062500,0.2884802651,3.252008184791e-02,7.125389575958e-02,0.000000000000e+00,1,0.000000000000e+00,True
4573,PHYSICAL_MESH,-0.3798828125,0.2884802651,3.252008929849e-02,6.921032816172e-02,0.000000000000e+00,1,0.000000000000e+00,True
4574,PHYSICAL_MESH,-0.3558593750,0.2884802651,3.252009674907e-02,6.716675311327e-02,0.000000000000e+00,1,0.000000000000e+00,True
4575,PHYSICAL_MESH,-0.3318359375,0.2884802651,3.252010419965e-02,6.512318551540e-02,0.000000000000e+00,1,0.000000000000e+00,True
4576,PHYSICAL_MESH,-0.3078125000,0.2884802651,3.252011165023e-02,6.307961046696e-02,0.000000000000e+00,1,0.000000000000e+00,True
4577,PHYSICAL_MESH,-0.2837890625,0.2884802651,3.252011910081e-02,6.103603169322e-02,0.000000000000e+00,1,0.000000000000e+00,True
4578,PHYSICAL_MESH,-0.2597656250,0.2884802651,3.252012655139e-02,5.899245664477e-02,0.000000000000e+00,1,0.000000000000e+00,True
4579,PHYSICAL_MESH,-0.2357421875,0.2884802651,3.252012655139e-02,5.694887787104e-02,0.000000000000e+00,1,0.000000000000e+00,True
4580,PHYSICAL_MESH,-0.2117187500,0.2884802651,3.252012655139e-02,5.490529909730e-02,0.000000000000e+00,1,0.000000000000e+00,True
4581,PHYSICAL_MESH,-0.1876953125,0.2884802651,3.252011537552e-02,5.286171659827e-02,0.000000000000e+00,1,0.000000000000e+00,True
4582,PHYSICAL_MESH,-0.1636718750,0.2884802651,3.252009302378e-02,5.081813409925e-02,0.000000000000e+00,1,0.000000000000e+00,True
4583,PHYSICAL_MESH,-0.1396484375,0.2884802651,3.252005577087e-02,4.877455160022e-02,0.000000000000e+00,1,0.000000000000e+00,True
4584,PHYSICAL_MESH,-0.1156250000,0.2884802651,3.251999989152e-02,4.673096910119e-02,0.000000000000e+00,1,0.000000000000e+00,True
4585,PHYSICAL_MESH,-0.0906250000,0.2884802651,3.251991048455e-02,4.460431635380e-02,0.000000000000e+00,1,0.000000000000e+00,True
4586,PHYSICAL_MESH,-0.0737500000,0.2884802651,3.251982852817e-02,4.316882789135e-02,0.000000000000e+00,1,0.000000000000e+00,True
4587,PHYSICAL_MESH,-0.0625000000,0.2884802651,3.251976147294e-02,4.221183806658e-02,0.000000000000e+00,1,0.000000000000e+00,True
4588,PHYSICAL_MESH,-0.0550000000,0.2884802651,3.251970931888e-02,4.157384485006e-02,0.000000000000e+00,1,0.000000000000e+00,True
4589,PHYSICAL_MESH,-0.0500000000,0.2884802651,3.251967206597e-02,4.114851728082e-02,0.000000000000e+00,1,0.000000000000e+00,True
4590,PHYSICAL_MESH,-0.0450000000,0.2884802651,3.251963108778e-02,4.072318971157e-02,0.000000000000e+00,1,0.000000000000e+00,True
4591,PHYSICAL_MESH,-0.0400000000,0.2884802651,3.251959010959e-02,4.029786214232e-02,0.000000000000e+00,1,0.000000000000e+00,True
4592,PHYSICAL_MESH,-0.0350000000,0.2884802651,3.251954168081e-02,3.987253829837e-02,0.000000000000e+00,1,0.000000000000e+00,True
4593,PHYSICAL_MESH,-0.0300000000,0.2884802651,3.251949325204e-02,3.944721072912e-02,0.000000000000e+00,1,0.000000000000e+00,True
4594,PHYSICAL_MESH,-0.0250000000,0.2884802651,3.251944109797e-02,3.902188688517e-02,0.000000000000e+00,1,0.000000000000e+00,True
4595,PHYSICAL_MESH,-0.0200000000,0.2884802651,3.251938521862e-02,3.859656304121e-02,0.000000000000e+00,1,0.000000000000e+00,True
4596,PHYSICAL_MESH,-0.0150000000,0.2884802651,3.251932561398e-02,3.817123919725e-02,0.000000000000e+00,1,0.000000000000e+00,True
4597,PHYSICAL_MESH,-0.0100000000,0.2884802651,3.251926228404e-02,3.774591907859e-02,0.000000000000e+00,1,0.000000000000e+00,True
4598,PHYSICAL_MESH,-0.0050000000,0.2884802651,3.251919522882e-02,3.732059895992e-02,0.000000000000e+00,1,0.000000000000e+00,True
4599,PHYSICAL_MESH,0.0000000000,0.2884802651,3.251912072301e-02,3.689527884126e-02,0.000000000000e+00,1,0.000000000000e+00,True
4600,PHYSICAL_MESH,0.0050000000,0.2884802651,3.251904621720e-02,3.646996244788e-02,0.000000000000e+00,1,0.000000000000e+00,True
4601,PHYSICAL_MESH,0.0100000000,0.2884802651,3.251896426082e-02,3.604464977980e-02,0.000000000000e+00,1,0.000000000000e+00,True
4602,PHYSICAL_MESH,0.0150000000,0.2884802651,3.251887485385e-02,3.561933338642e-02,0.000000000000e+00,1,0.000000000000e+00,True
4603,PHYSICAL_MESH,0.0200000000,0.2884802651,3.251878172159e-02,3.519402444363e-02,0.000000000000e+00,1,0.000000000000e+00,True
4604,PHYSICAL_MESH,0.0250000000,0.2884802651,3.251868486404e-02,3.476871550083e-02,0.000000000000e+00,1,0.000000000000e+00,True
4605,PHYSICAL_MESH,0.0300000000,0.2884802651,3.251858055592e-02,3.434341028333e-02,0.000000000000e+00,1,0.000000000000e+00,True
4606,PHYSICAL_MESH,0.0350000000,0.2884802651,3.251846879721e-02,3.391810506582e-02,0.000000000000e+00,1,0.000000000000e+00,True
4607,PHYSICAL_MESH,0.0400000000,0.2884802651,3.251835331321e-02,3.349280729890e-02,0.000000000000e+00,1,0.000000000000e+00,True
4608,PHYSICAL_MESH,0.0450000000,0.2884802651,3.251823037863e-02,3.306750953197e-02,0.000000000000e+00,1,0.000000000000e+00,True
4609,PHYSICAL_MESH,0.0500000000,0.2884802651,3.251809999347e-02,3.264221921563e-02,0.000000000000e+00,1,0.000000000000e+00,True
4610,PHYSICAL_MESH,0.0550000000,0.2884802651,3.251795843244e-02,3.221692889929e-02,0.000000000000e+00,1,0.000000000000e+00,True
4611,PHYSICAL_MESH,0.0600000000,0.2884802651,3.251781314611e-02,3.179164603353e-02,0.000000000000e+00,1,0.000000000000e+00,True
4612,PHYSICAL_MESH,0.0650000000,0.2884802651,3.251766040921e-02,3.136636689305e-02,0.000000000000e+00,1,0.000000000000e+00,True
4613,PHYSICAL_MESH,0.0700000000,0.2884802651,3.251749649644e-02,3.094109520316e-02,0.000000000000e+00,1,0.000000000000e+00,True
4614,PHYSICAL_MESH,0.0750000000,0.2884802651,3.251732513309e-02,3.051582723856e-02,0.000000000000e+00,1,0.000000000000e+00,True
4615,PHYSICAL_MESH,0.0800000000,0.2884802651,3.251714631915e-02,3.009056672454e-02,0.000000000000e+00,1,0.000000000000e+00,True
4616,PHYSICAL_MESH,0.0850000000,0.2884802651,3.251695632935e-02,2.966531366110e-02,0.000000000000e+00,1,0.000000000000e+00,True
4617,PHYSICAL_MESH,0.0900000000,0.2884802651,3.251675888896e-02,2.924006618559e-02,0.000000000000e+00,1,0.000000000000e+00,True
4618,PHYSICAL_MESH,0.0950000000,0.2884802651,3.251655027270e-02,2.881482802331e-02,0.000000000000e+00,1,0.000000000000e+00,True
4619,PHYSICAL_MESH,0.1000000000,0.2884802651,3.251633420587e-02,2.838959917426e-02,0.000000000000e+00,1,0.000000000000e+00,True
4620,PHYSICAL_MESH,0.1050000000,0.2884802651,3.251610696316e-02,2.796437777579e-02,0.000000000000e+00,1,0.000000000000e+00,True
4621,PHYSICAL_MESH,0.1100000000,0.2884802651,3.251586854458e-02,2.753916755319e-02,0.000000000000e+00,1,0.000000000000e+00,True
4622,PHYSICAL_MESH,0.1150000000,0.2884802651,3.251562267542e-02,2.711396664381e-02,0.000000000000e+00,1,0.000000000000e+00,True
4623,PHYSICAL_MESH,0.1225000000,0.2884802651,3.251523151994e-02,2.647618576884e-02,0.000000000000e+00,1,0.000000000000e+00,True
4624,PHYSICAL_MESH,0.1337500000,0.2884802651,3.251459822059e-02,2.551956661046e-02,0.000000000000e+00,1,0.000000000000e+00,True
4625,PHYSICAL_MESH,0.1506250000,0.2884802651,3.251354768872e-02,2.408476732671e-02,0.000000000000e+00,1,0.000000000000e+00,True
4626,PHYSICAL_MESH,0.1756250000,0.2884802651,3.251178190112e-02,2.195946313441e-02,0.000000000000e+00,1,0.000000000000e+00,True
4627,PHYSICAL_MESH,0.2005769231,0.2884802651,3.250978514552e-02,1.983870938420e-02,0.000000000000e+00,1,0.000000000000e+00,True
4628,PHYSICAL_MESH,0.2255288462,0.2884802651,3.250761330128e-02,1.771846786141e-02,0.000000000000e+00,1,0.000000000000e+00,True
4629,PHYSICAL_MESH,0.2504807693,0.2884802651,3.250534459949e-02,1.559875812382e-02,0.000000000000e+00,1,0.000000000000e+00,True
4630,PHYSICAL_MESH,0.2754326924,0.2884802651,3.250308707356e-02,1.347954757512e-02,0.000000000000e+00,1,0.000000000000e+00,True
4631,PHYSICAL_MESH,0.3003846155,0.2884802651,3.250096738338e-02,1.136074494570e-02,0.000000000000e+00,1,0.000000000000e+00,True
4632,PHYSICAL_MESH,0.3253365386,0.2884802651,3.249913454056e-02,9.242194704711e-03,0.000000000000e+00,1,0.000000000000e+00,True
4633,PHYSICAL_MESH,0.3502884617,0.2884802651,3.249771520495e-02,7.123676128685e-03,0.000000000000e+00,1,0.000000000000e+00,True
4634,PHYSICAL_MESH,0.3752403848,0.2884802651,3.249682486057e-02,5.004917737097e-03,0.000000000000e+00,1,0.000000000000e+00,True
4635,PHYSICAL_MESH,0.4001923079,0.2884802651,3.249653056264e-02,2.885614521801e-03,0.000000000000e+00,1,0.000000000000e+00,True
4636,PHYSICAL_MESH,0.4251442310,0.2884802651,3.249684348702e-02,7.654631626792e-04,0.000000000000e+00,1,0.000000000000e+00,True
4637,PHYSICAL_MESH,0.4500961541,0.2884802651,3.249769657850e-02,-1.355808344670e-03,0.000000000000e+00,1,0.000000000000e+00,True
4638,PHYSICAL_MESH,0.4750480772,0.2884802651,3.249896690249e-02,-3.478417638689e-03,0.000000000000e+00,1,0.000000000000e+00,True
4639,PHYSICAL_MESH,0.5000000000,0.2884802651,3.250046819448e-02,-5.602537654340e-03,0.000000000000e+00,1,0.000000000000e+00,True
4640,PHYSICAL_MESH,-0.5000000000,0.3119824578,3.451927378774e-02,7.942814379930e-02,0.000000000000e+00,1,0.000000000000e+00,True
4641,PHYSICAL_MESH,-0.4759765625,0.3119824578,3.451928123832e-02,7.738458365202e-02,0.000000000000e+00,1,0.000000000000e+00,True
4642,PHYSICAL_MESH,-0.4519531250,0.3119824578,3.451928868890e-02,7.534102350473e-02,0.000000000000e+00,1,0.000000000000e+00,True
4643,PHYSICAL_MESH,-0.4279296875,0.3119824578,3.451929613948e-02,7.329745590687e-02,0.000000000000e+00,1,0.000000000000e+00,True
4644,PHYSICAL_MESH,-0.4039062500,0.3119824578,3.451930359006e-02,7.125388830900e-02,0.000000000000e+00,1,0.000000000000e+00,True
4645,PHYSICAL_MESH,-0.3798828125,0.3119824578,3.451931104064e-02,6.921032071114e-02,0.000000000000e+00,1,0.000000000000e+00,True
4646,PHYSICAL_MESH,-0.3558593750,0.3119824578,3.451931476593e-02,6.716675311327e-02,0.000000000000e+00,1,0.000000000000e+00,True
4647,PHYSICAL_MESH,-0.3318359375,0.3119824578,3.451932221651e-02,6.512318551540e-02,0.000000000000e+00,1,0.000000000000e+00,True
4648,PHYSICAL_MESH,-0.3078125000,0.3119824578,3.451932966709e-02,6.307961046696e-02,0.000000000000e+00,1,0.000000000000e+00,True
4649,PHYSICAL_MESH,-0.2837890625,0.3119824578,3.451933339238e-02,6.103604286909e-02,0.000000000000e+00,1,0.000000000000e+00,True
4650,PHYSICAL_MESH,-0.2597656250,0.3119824578,3.451933711767e-02,5.899247154593e-02,0.000000000000e+00,1,0.000000000000e+00,True
4651,PHYSICAL_MESH,-0.2357421875,0.3119824578,3.451933711767e-02,5.694890394807e-02,0.000000000000e+00,1,0.000000000000e+00,True
4652,PHYSICAL_MESH,-0.2117187500,0.3119824578,3.451932966709e-02,5.490533635020e-02,0.000000000000e+00,1,0.000000000000e+00,True
4653,PHYSICAL_MESH,-0.1876953125,0.3119824578,3.451931104064e-02,5.286176875234e-02,0.000000000000e+00,1,0.000000000000e+00,True
4654,PHYSICAL_MESH,-0.1636718750,0.3119824578,3.451928496361e-02,5.081820860505e-02,0.000000000000e+00,1,0.000000000000e+00,True
4655,PHYSICAL_MESH,-0.1396484375,0.3119824578,3.451924026012e-02,4.877464845777e-02,0.000000000000e+00,1,0.000000000000e+00,True
4656,PHYSICAL_MESH,-0.1156250000,0.3119824578,3.451917320490e-02,4.673109948635e-02,0.000000000000e+00,1,0.000000000000e+00,True
4657,PHYSICAL_MESH,-0.0906250000,0.3119824578,3.451906889677e-02,4.460449144244e-02,0.000000000000e+00,1,0.000000000000e+00,True
4658,PHYSICAL_MESH,-0.0737500000,0.3119824578,3.451897576451e-02,4.316904023290e-02,0.000000000000e+00,1,0.000000000000e+00,True
4659,PHYSICAL_MESH,-0.0625000000,0.3119824578,3.451890498400e-02,4.221207648516e-02,0.000000000000e+00,1,0.000000000000e+00,True
4660,PHYSICAL_MESH,-0.0550000000,0.3119824578,3.451884910464e-02,4.157410562038e-02,0.000000000000e+00,1,0.000000000000e+00,True
4661,PHYSICAL_MESH,-0.0500000000,0.3119824578,3.451880812645e-02,4.114879295230e-02,0.000000000000e+00,1,0.000000000000e+00,True
4662,PHYSICAL_MESH,-0.0450000000,0.3119824578,3.451876342297e-02,4.072348028421e-02,0.000000000000e+00,1,0.000000000000e+00,True
4663,PHYSICAL_MESH,-0.0400000000,0.3119824578,3.451871871948e-02,4.029817134142e-02,0.000000000000e+00,1,0.000000000000e+00,True
4664,PHYSICAL_MESH,-0.0350000000,0.3119824578,3.451867029071e-02,3.987286239862e-02,0.000000000000e+00,1,0.000000000000e+00,True
4665,PHYSICAL_MESH,-0.0300000000,0.3119824578,3.451861813664e-02,3.944755345583e-02,0.000000000000e+00,1,0.000000000000e+00,True
4666,PHYSICAL_MESH,-0.0250000000,0.3119824578,3.451856225729e-02,3.902224823833e-02,0.000000000000e+00,1,0.000000000000e+00,True
4667,PHYSICAL_MESH,-0.0200000000,0.3119824578,3.451850265265e-02,3.859694302082e-02,0.000000000000e+00,1,0.000000000000e+00,True
4668,PHYSICAL_MESH,-0.0150000000,0.3119824578,3.451843932271e-02,3.817164152861e-02,0.000000000000e+00,1,0.000000000000e+00,True
4669,PHYSICAL_MESH,-0.0100000000,0.3119824578,3.451837599277e-02,3.774634003639e-02,0.000000000000e+00,1,0.000000000000e+00,True
4670,PHYSICAL_MESH,-0.0050000000,0.3119824578,3.451830521226e-02,3.732104226947e-02,0.000000000000e+00,1,0.000000000000e+00,True
4671,PHYSICAL_MESH,0.0000000000,0.3119824578,3.451823070645e-02,3.689574822783e-02,0.000000000000e+00,1,0.000000000000e+00,True
4672,PHYSICAL_MESH,0.0050000000,0.3119824578,3.451815247536e-02,3.647045418620e-02,0.000000000000e+00,1,0.000000000000e+00,True
4673,PHYSICAL_MESH,0.0100000000,0.3119824578,3.451806679368e-02,3.604516386986e-02,0.000000000000e+00,1,0.000000000000e+00,True
4674,PHYSICAL_MESH,0.0150000000,0.3119824578,3.451798111200e-02,3.561987727880e-02,0.000000000000e+00,1,0.000000000000e+00,True
4675,PHYSICAL_MESH,0.0200000000,0.3119824578,3.451788797975e-02,3.519459441304e-02,0.000000000000e+00,1,0.000000000000e+00,True
4676,PHYSICAL_MESH,0.0250000000,0.3119824578,3.451778739691e-02,3.476931154728e-02,0.000000000000e+00,1,0.000000000000e+00,True
4677,PHYSICAL_MESH,0.0300000000,0.3119824578,3.451768308878e-02,3.434403613210e-02,0.000000000000e+00,1,0.000000000000e+00,True
4678,PHYSICAL_MESH,0.0350000000,0.3119824578,3.451757505536e-02,3.391876444221e-02,0.000000000000e+00,1,0.000000000000e+00,True
4679,PHYSICAL_MESH,0.0400000000,0.3119824578,3.451745957136e-02,3.349349275231e-02,0.000000000000e+00,1,0.000000000000e+00,True
4680,PHYSICAL_MESH,0.0450000000,0.3119824578,3.451733663678e-02,3.306822851300e-02,0.000000000000e+00,1,0.000000000000e+00,True
4681,PHYSICAL_MESH,0.0500000000,0.3119824578,3.451720997691e-02,3.264297172427e-02,0.000000000000e+00,1,0.000000000000e+00,True
4682,PHYSICAL_MESH,0.0550000000,0.3119824578,3.451707214117e-02,3.221771866083e-02,0.000000000000e+00,1,0.000000000000e+00,True
4683,PHYSICAL_MESH,0.0600000000,0.3119824578,3.451693058014e-02,3.179246932268e-02,0.000000000000e+00,1,0.000000000000e+00,True
4684,PHYSICAL_MESH,0.0650000000,0.3119824578,3.451678529382e-02,3.136722743511e-02,0.000000000000e+00,1,0.000000000000e+00,True
4685,PHYSICAL_MESH,0.0700000000,0.3119824578,3.451662883162e-02,3.094199113548e-02,0.000000000000e+00,1,0.000000000000e+00,True
4686,PHYSICAL_MESH,0.0750000000,0.3119824578,3.451646491885e-02,3.051676228642e-02,0.000000000000e+00,1,0.000000000000e+00,True
4687,PHYSICAL_MESH,0.0800000000,0.3119824578,3.451629355550e-02,3.009153902531e-02,0.000000000000e+00,1,0.000000000000e+00,True
4688,PHYSICAL_MESH,0.0850000000,0.3119824578,3.451611474156e-02,2.966632507741e-02,0.000000000000e+00,1,0.000000000000e+00,True
4689,PHYSICAL_MESH,0.0900000000,0.3119824578,3.451592847705e-02,2.924111858010e-02,0.000000000000e+00,1,0.000000000000e+00,True
4690,PHYSICAL_MESH,0.0950000000,0.3119824578,3.451573103666e-02,2.881591953337e-02,0.000000000000e+00,1,0.000000000000e+00,True
4691,PHYSICAL_MESH,0.1000000000,0.3119824578,3.451552614570e-02,2.839073166251e-02,0.000000000000e+00,1,0.000000000000e+00,True
4692,PHYSICAL_MESH,0.1050000000,0.3119824578,3.451531380415e-02,2.796555124223e-02,0.000000000000e+00,1,0.000000000000e+00,True
4693,PHYSICAL_MESH,0.1100000000,0.3119824578,3.451509401202e-02,2.754038199782e-02,0.000000000000e+00,1,0.000000000000e+00,True
4694,PHYSICAL_MESH,0.1150000000,0.3119824578,3.451486676931e-02,2.711522206664e-02,0.000000000000e+00,1,0.000000000000e+00,True
4695,PHYSICAL_MESH,0.1225000000,0.3119824578,3.451450541615e-02,2.647750452161e-02,0.000000000000e+00,1,0.000000000000e+00,True
4696,PHYSICAL_MESH,0.1337500000,0.3119824578,3.451392427087e-02,2.552097477019e-02,0.000000000000e+00,1,0.000000000000e+00,True
4697,PHYSICAL_MESH,0.1506250000,0.3119824578,3.451297432184e-02,2.408630400896e-02,0.000000000000e+00,1,0.000000000000e+00,True
4698,PHYSICAL_MESH,0.1756250000,0.3119824578,3.451139107347e-02,2.196116559207e-02,0.000000000000e+00,1,0.000000000000e+00,True
4699,PHYSICAL_MESH,0.2005769231,0.3119824578,3.450962901115e-02,1.984051801264e-02,0.000000000000e+00,1,0.000000000000e+00,True
4700,PHYSICAL_MESH,0.2255288462,0.3119824578,3.450773656368e-02,1.772030629218e-02,0.000000000000e+00,1,0.000000000000e+00,True
4701,PHYSICAL_MESH,0.2504807693,0.3119824578,3.450579568744e-02,1.560051739216e-02,0.000000000000e+00,1,0.000000000000e+00,True
4702,PHYSICAL_MESH,0.2754326924,0.3119824578,3.450389578938e-02,1.348110195249e-02,0.000000000000e+00,1,0.000000000000e+00,True
4703,PHYSICAL_MESH,0.3003846155,0.3119824578,3.450214490294e-02,1.136195566505e-02,0.000000000000e+00,1,0.000000000000e+00,True
4704,PHYSICAL_MESH,0.3253365386,0.3119824578,3.450066223741e-02,9.242922067642e-03,0.000000000000e+00,1,0.000000000000e+00,True
4705,PHYSICAL_MESH,0.3502884617,0.3119824578,3.449954837561e-02,7.123798131943e-03,0.000000000000e+00,1,0.000000000000e+00,True
4706,PHYSICAL_MESH,0.3752403848,0.3119824578,3.449888527393e-02,5.004348699003e-03,0.000000000000e+00,1,0.000000000000e+00,True
4707,PHYSICAL_MESH,0.4001923079,0.3119824578,3.449870273471e-02,2.884324407205e-03,0.000000000000e+00,1,0.000000000000e+00,True
4708,PHYSICAL_MESH,0.4251442310,0.3119824578,3.449900075793e-02,7.634918438271e-04,0.000000000000e+00,1,0.000000000000e+00,True
4709,PHYSICAL_MESH,0.4500961541,0.3119824578,3.449971601367e-02,-1.358347130008e-03,0.000000000000e+00,1,0.000000000000e+00,True
4710,PHYSICAL_MESH,0.4750480772,0.3119824578,3.450074046850e-02,-3.481340827420e-03,0.000000000000e+00,1,0.000000000000e+00,True
4711,PHYSICAL_MESH,0.5000000000,0.3119824578,3.450193256140e-02,-5.605599842966e-03,0.000000000000e+00,1,0.000000000000e+00,True
4712,PHYSICAL_MESH,-0.5000000000,0.3354846505,3.651849180460e-02,7.942812144756e-02,0.000000000000e+00,1,0.000000000000e+00,True
4713,PHYSICAL_MESH,-0.4759765625,0.3354846505,3.651849925518e-02,7.738456875086e-02,0.000000000000e+00,1,0.000000000000e+00,True
4714,PHYSICAL_MESH,-0.4519531250,0.3354846505,3.651850670576e-02,7.534100860357e-02,0.000000000000e+00,1,0.000000000000e+00,True
4715,PHYSICAL_MESH,-0.4279296875,0.3354846505,3.651851043105e-02,7.329744100571e-02,0.000000000000e+00,1,0.000000000000e+00,True
4716,PHYSICAL_MESH,-0.4039062500,0.3354846505,3.651851788163e-02,7.125388085842e-02,0.000000000000e+00,1,0.000000000000e+00,True
4717,PHYSICAL_MESH,-0.3798828125,0.3354846505,3.651852160692e-02,6.921031326056e-02,0.000000000000e+00,1,0.000000000000e+00,True
4718,PHYSICAL_MESH,-0.3558593750,0.3354846505,3.651852905750e-02,6.716675311327e-02,0.000000000000e+00,1,0.000000000000e+00,True
4719,PHYSICAL_MESH,-0.3318359375,0.3354846505,3.651853278279e-02,6.512318551540e-02,0.000000000000e+00,1,0.000000000000e+00,True
4720,PHYSICAL_MESH,-0.3078125000,0.3354846505,3.651854023337e-02,6.307961791754e-02,0.000000000000e+00,1,0.000000000000e+00,True
4721,PHYSICAL_MESH,-0.2837890625,0.3354846505,3.651854023337e-02,6.103605404496e-02,0.000000000000e+00,1,0.000000000000e+00,True
4722,PHYSICAL_MESH,-0.2597656250,0.3354846505,3.651854023337e-02,5.899249017239e-02,0.000000000000e+00,1,0.000000000000e+00,True
4723,PHYSICAL_MESH,-0.2357421875,0.3354846505,3.651853650808e-02,5.694893002510e-02,0.000000000000e+00,1,0.000000000000e+00,True
4724,PHYSICAL_MESH,-0.2117187500,0.3354846505,3.651852533221e-02,5.490537360311e-02,0.000000000000e+00,1,0.000000000000e+00,True
4725,PHYSICAL_MESH,-0.1876953125,0.3354846505,3.651850670576e-02,5.286182463169e-02,0.000000000000e+00,1,0.000000000000e+00,True
4726,PHYSICAL_MESH,-0.1636718750,0.3354846505,3.651847317815e-02,5.081828311086e-02,0.000000000000e+00,1,0.000000000000e+00,True
4727,PHYSICAL_MESH,-0.1396484375,0.3354846505,3.651842102408e-02,4.877474904060e-02,0.000000000000e+00,1,0.000000000000e+00,True
4728,PHYSICAL_MESH,-0.1156250000,0.3354846505,3.651835024357e-02,4.673123359680e-02,0.000000000000e+00,1,0.000000000000e+00,True
4729,PHYSICAL_MESH,-0.0906250000,0.3354846505,3.651824221015e-02,4.460467025638e-02,0.000000000000e+00,1,0.000000000000e+00,True
4730,PHYSICAL_MESH,-0.0737500000,0.3354846505,3.651814535260e-02,4.316925257444e-02,0.000000000000e+00,1,0.000000000000e+00,True
4731,PHYSICAL_MESH,-0.0625000000,0.3354846505,3.651806712151e-02,4.221231862903e-02,0.000000000000e+00,1,0.000000000000e+00,True
4732,PHYSICAL_MESH,-0.0550000000,0.3354846505,3.651801124215e-02,4.157436639071e-02,0.000000000000e+00,1,0.000000000000e+00,True
4733,PHYSICAL_MESH,-0.0500000000,0.3354846505,3.651797026396e-02,4.114906489849e-02,0.000000000000e+00,1,0.000000000000e+00,True
4734,PHYSICAL_MESH,-0.0450000000,0.3354846505,3.651792556047e-02,4.072376713157e-02,0.000000000000e+00,1,0.000000000000e+00,True
4735,PHYSICAL_MESH,-0.0400000000,0.3354846505,3.651788085699e-02,4.029847308993e-02,0.000000000000e+00,1,0.000000000000e+00,True
4736,PHYSICAL_MESH,-0.0350000000,0.3354846505,3.651783242822e-02,3.987317904830e-02,0.000000000000e+00,1,0.000000000000e+00,True
4737,PHYSICAL_MESH,-0.0300000000,0.3354846505,3.651778027415e-02,3.944788873196e-02,0.000000000000e+00,1,0.000000000000e+00,True
4738,PHYSICAL_MESH,-0.0250000000,0.3354846505,3.651772439480e-02,3.902259841561e-02,0.000000000000e+00,1,0.000000000000e+00,True
4739,PHYSICAL_MESH,-0.0200000000,0.3354846505,3.651766479015e-02,3.859731182456e-02,0.000000000000e+00,1,0.000000000000e+00,True
4740,PHYSICAL_MESH,-0.0150000000,0.3354846505,3.651760518551e-02,3.817202895880e-02,0.000000000000e+00,1,0.000000000000e+00,True
4741,PHYSICAL_MESH,-0.0100000000,0.3354846505,3.651753813028e-02,3.774674609303e-02,0.000000000000e+00,1,0.000000000000e+00,True
4742,PHYSICAL_MESH,-0.0050000000,0.3354846505,3.651747107506e-02,3.732147067785e-02,0.000000000000e+00,1,0.000000000000e+00,True
4743,PHYSICAL_MESH,0.0000000000,0.3354846505,3.651739656925e-02,3.689619526267e-02,0.000000000000e+00,1,0.000000000000e+00,True
4744,PHYSICAL_MESH,0.0050000000,0.3354846505,3.651731833816e-02,3.647092357278e-02,0.000000000000e+00,1,0.000000000000e+00,True
4745,PHYSICAL_MESH,0.0100000000,0.3354846505,3.651724010706e-02,3.604565560818e-02,0.000000000000e+00,1,0.000000000000e+00,True
4746,PHYSICAL_MESH,0.0150000000,0.3354846505,3.651715442538e-02,3.562039136887e-02,0.000000000000e+00,1,0.000000000000e+00,True
4747,PHYSICAL_MESH,0.0200000000,0.3354846505,3.651706501842e-02,3.519513085485e-02,0.000000000000e+00,1,0.000000000000e+00,True
4748,PHYSICAL_MESH,0.0250000000,0.3354846505,3.651696816087e-02,3.476987406611e-02,0.000000000000e+00,1,0.000000000000e+00,True
4749,PHYSICAL_MESH,0.0300000000,0.3354846505,3.651687130332e-02,3.434462472796e-02,0.000000000000e+00,1,0.000000000000e+00,True
4750,PHYSICAL_MESH,0.0350000000,0.3354846505,3.651676699519e-02,3.391937538981e-02,0.000000000000e+00,1,0.000000000000e+00,True
4751,PHYSICAL_MESH,0.0400000000,0.3354846505,3.651665523648e-02,3.349413350224e-02,0.000000000000e+00,1,0.000000000000e+00,True
4752,PHYSICAL_MESH,0.0450000000,0.3354846505,3.651653975248e-02,3.306889906526e-02,0.000000000000e+00,1,0.000000000000e+00,True
4753,PHYSICAL_MESH,0.0500000000,0.3354846505,3.651642054319e-02,3.264366835356e-02,0.000000000000e+00,1,0.000000000000e+00,True
4754,PHYSICAL_MESH,0.0550000000,0.3354846505,3.651629388332e-02,3.221844509244e-02,0.000000000000e+00,1,0.000000000000e+00,True
4755,PHYSICAL_MESH,0.0600000000,0.3354846505,3.651615977287e-02,3.179322555661e-02,0.000000000000e+00,1,0.000000000000e+00,True
4756,PHYSICAL_MESH,0.0650000000,0.3354846505,3.651602193713e-02,3.136801347136e-02,0.000000000000e+00,1,0.000000000000e+00,True
4757,PHYSICAL_MESH,0.0700000000,0.3354846505,3.651587665081e-02,3.094280697405e-02,0.000000000000e+00,1,0.000000000000e+00,True
4758,PHYSICAL_MESH,0.0750000000,0.3354846505,3.651572763920e-02,3.051760978997e-02,0.000000000000e+00,1,0.000000000000e+00,True
4759,PHYSICAL_MESH,0.0800000000,0.3354846505,3.651557117701e-02,3.009242005646e-02,0.000000000000e+00,1,0.000000000000e+00,True
4760,PHYSICAL_MESH,0.0850000000,0.3354846505,3.651540353894e-02,2.966723777354e-02,0.000000000000e+00,1,0.000000000000e+00,True
4761,PHYSICAL_MESH,0.0900000000,0.3354846505,3.651523590088e-02,2.924206294119e-02,0.000000000000e+00,1,0.000000000000e+00,True
4762,PHYSICAL_MESH,0.0950000000,0.3354846505,3.651505708694e-02,2.881689742208e-02,0.000000000000e+00,1,0.000000000000e+00,True
4763,PHYSICAL_MESH,0.1000000000,0.3354846505,3.651487082243e-02,2.839174121618e-02,0.000000000000e+00,1,0.000000000000e+00,True
4764,PHYSICAL_MESH,0.1050000000,0.3354846505,3.651467710733e-02,2.796659432352e-02,0.000000000000e+00,1,0.000000000000e+00,True
4765,PHYSICAL_MESH,0.1100000000,0.3354846505,3.651447966695e-02,2.754145860672e-02,0.000000000000e+00,1,0.000000000000e+00,True
4766,PHYSICAL_MESH,0.1150000000,0.3354846505,3.651427105069e-02,2.711633034050e-02,0.000000000000e+00,1,0.000000000000e+00,True
4767,PHYSICAL_MESH,0.1225000000,0.3354846505,3.651394695044e-02,2.647866122425e-02,0.000000000000e+00,1,0.000000000000e+00,True
4768,PHYSICAL_MESH,0.1337500000,0.3354846505,3.651343286037e-02,2.552220411599e-02,0.000000000000e+00,1,0.000000000000e+00,True
4769,PHYSICAL_MESH,0.1506250000,0.3354846505,3.651259094477e-02,2.408763207495e-02,0.000000000000e+00,1,0.000000000000e+00,True
4770,PHYSICAL_MESH,0.1756250000,0.3354846505,3.651120513678e-02,2.196261286736e-02,0.000000000000e+00,1,0.000000000000e+00,True
4771,PHYSICAL_MESH,0.2005769231,0.3354846505,3.650968149304e-02,1.984203606844e-02,0.000000000000e+00,1,0.000000000000e+00,True
4772,PHYSICAL_MESH,0.2255288462,0.3354846505,3.650807216763e-02,1.772182062268e-02,0.000000000000e+00,1,0.000000000000e+00,True
4773,PHYSICAL_MESH,0.2504807693,0.3354846505,3.650643303990e-02,1.560193952173e-02,0.000000000000e+00,1,0.000000000000e+00,True
4774,PHYSICAL_MESH,0.2754326924,0.3354846505,3.650485724211e-02,1.348232664168e-02,0.000000000000e+00,1,0.000000000000e+00,True
4775,PHYSICAL_MESH,0.3003846155,0.3354846505,3.650342673063e-02,1.136287208647e-02,0.000000000000e+00,1,0.000000000000e+00,True
4776,PHYSICAL_MESH,0.3253365386,0.3354846505,3.650223836303e-02,9.243424981833e-03,0.000000000000e+00,1,0.000000000000e+00,True
4777,PHYSICAL_MESH,0.3502884617,0.3354846505,3.650136664510e-02,7.123799994588e-03,0.000000000000e+00,1,0.000000000000e+00,True
4778,PHYSICAL_MESH,0.3752403848,0.3354846505,3.650086745620e-02,5.003795493394e-03,0.000000000000e+00,1,0.000000000000e+00,True
4779,PHYSICAL_MESH,0.4001923079,0.3354846505,3.650076314807e-02,2.883208449930e-03,0.000000000000e+00,1,0.000000000000e+00,True
4780,PHYSICAL_MESH,0.4251442310,0.3354846505,3.650103136897e-02,7.618574309163e-04,0.000000000000e+00,1,0.000000000000e+00,True
4781,PHYSICAL_MESH,0.4500961541,0.3354846505,3.650161996484e-02,-1.360401976854e-03,0.000000000000e+00,1,0.000000000000e+00,True
4782,PHYSICAL_MESH,0.4750480772,0.3354846505,3.650244697928e-02,-3.483670298010e-03,0.000000000000e+00,1,0.000000000000e+00,True
4783,PHYSICAL_MESH,0.5000000000,0.3354846505,3.650338947773e-02,-5.608016625047e-03,0.000000000000e+00,1,0.000000000000e+00,True
4784,PHYSICAL_MESH,-0.5000000000,0.3589868432,3.851770237088e-02,7.942809909582e-02,0.000000000000e+00,1,0.000000000000e+00,True
4785,PHYSICAL_MESH,-0.4759765625,0.3589868432,3.851770982146e-02,7.738454639912e-02,0.000000000000e+00,1,0.000000000000e+00,True
4786,PHYSICAL_MESH,-0.4519531250,0.3589868432,3.851771354675e-02,7.534099370241e-02,0.000000000000e+00,1,0.000000000000e+00,True
4787,PHYSICAL_MESH,-0.4279296875,0.3589868432,3.851772099733e-02,7.329743355513e-02,0.000000000000e+00,1,0.000000000000e+00,True
4788,PHYSICAL_MESH,-0.4039062500,0.3589868432,3.851772472262e-02,7.125387340784e-02,0.000000000000e+00,1,0.000000000000e+00,True
4789,PHYSICAL_MESH,-0.3798828125,0.3589868432,3.851773217320e-02,6.921031326056e-02,0.000000000000e+00,1,0.000000000000e+00,True
4790,PHYSICAL_MESH,-0.3558593750,0.3589868432,3.851773589849e-02,6.716674566269e-02,0.000000000000e+00,1,0.000000000000e+00,True
4791,PHYSICAL_MESH,-0.3318359375,0.3589868432,3.851773962379e-02,6.512318551540e-02,0.000000000000e+00,1,0.000000000000e+00,True
4792,PHYSICAL_MESH,-0.3078125000,0.3589868432,3.851774334908e-02,6.307962536812e-02,0.000000000000e+00,1,0.000000000000e+00,True
4793,PHYSICAL_MESH,-0.2837890625,0.3589868432,3.851774334908e-02,6.103606522083e-02,0.000000000000e+00,1,0.000000000000e+00,True
4794,PHYSICAL_MESH,-0.2597656250,0.3589868432,3.851774334908e-02,5.899250879884e-02,0.000000000000e+00,1,0.000000000000e+00,True
4795,PHYSICAL_MESH,-0.2357421875,0.3589868432,3.851773589849e-02,5.694895610213e-02,0.000000000000e+00,1,0.000000000000e+00,True
4796,PHYSICAL_MESH,-0.2117187500,0.3589868432,3.851772099733e-02,5.490541458130e-02,0.000000000000e+00,1,0.000000000000e+00,True
4797,PHYSICAL_MESH,-0.1876953125,0.3589868432,3.851769864559e-02,5.286187678576e-02,0.000000000000e+00,1,0.000000000000e+00,True
4798,PHYSICAL_MESH,-0.1636718750,0.3589868432,3.851766511798e-02,5.081835761666e-02,0.000000000000e+00,1,0.000000000000e+00,True
4799,PHYSICAL_MESH,-0.1396484375,0.3589868432,3.851761296391e-02,4.877484962344e-02,0.000000000000e+00,1,0.000000000000e+00,True
4800,PHYSICAL_MESH,-0.1156250000,0.3589868432,3.851753845811e-02,4.673136398196e-02,0.000000000000e+00,1,0.000000000000e+00,True
4801,PHYSICAL_MESH,-0.0906250000,0.3589868432,3.851743042469e-02,4.460484161973e-02,0.000000000000e+00,1,0.000000000000e+00,True
4802,PHYSICAL_MESH,-0.0737500000,0.3589868432,3.851733356714e-02,4.316945746541e-02,0.000000000000e+00,1,0.000000000000e+00,True
4803,PHYSICAL_MESH,-0.0625000000,0.3589868432,3.851725906134e-02,4.221254587173e-02,0.000000000000e+00,1,0.000000000000e+00,True
4804,PHYSICAL_MESH,-0.0550000000,0.3589868432,3.851720690727e-02,4.157461225986e-02,0.000000000000e+00,1,0.000000000000e+00,True
4805,PHYSICAL_MESH,-0.0500000000,0.3589868432,3.851716592908e-02,4.114932566881e-02,0.000000000000e+00,1,0.000000000000e+00,True
4806,PHYSICAL_MESH,-0.0450000000,0.3589868432,3.851712495089e-02,4.072403907776e-02,0.000000000000e+00,1,0.000000000000e+00,True
4807,PHYSICAL_MESH,-0.0400000000,0.3589868432,3.851708024740e-02,4.029875993729e-02,0.000000000000e+00,1,0.000000000000e+00,True
4808,PHYSICAL_MESH,-0.0350000000,0.3589868432,3.851703181863e-02,3.987348079681e-02,0.000000000000e+00,1,0.000000000000e+00,True
4809,PHYSICAL_MESH,-0.0300000000,0.3589868432,3.851698338985e-02,3.944820165634e-02,0.000000000000e+00,1,0.000000000000e+00,True
4810,PHYSICAL_MESH,-0.0250000000,0.3589868432,3.851693123579e-02,3.902292996645e-02,0.000000000000e+00,1,0.000000000000e+00,True
4811,PHYSICAL_MESH,-0.0200000000,0.3589868432,3.851687535644e-02,3.859765827656e-02,0.000000000000e+00,1,0.000000000000e+00,True
4812,PHYSICAL_MESH,-0.0150000000,0.3589868432,3.851681575179e-02,3.817239031196e-02,0.000000000000e+00,1,0.000000000000e+00,True
4813,PHYSICAL_MESH,-0.0100000000,0.3589868432,3.851675614715e-02,3.774712607265e-02,0.000000000000e+00,1,0.000000000000e+00,True
4814,PHYSICAL_MESH,-0.0050000000,0.3589868432,3.851668909192e-02,3.732186555862e-02,0.000000000000e+00,1,0.000000000000e+00,True
4815,PHYSICAL_MESH,0.0000000000,0.3589868432,3.851662203670e-02,3.689660876989e-02,0.000000000000e+00,1,0.000000000000e+00,True
4816,PHYSICAL_MESH,0.0050000000,0.3589868432,3.851655125618e-02,3.647135570645e-02,0.000000000000e+00,1,0.000000000000e+00,True
4817,PHYSICAL_MESH,0.0100000000,0.3589868432,3.851647675037e-02,3.604610636830e-02,0.000000000000e+00,1,0.000000000000e+00,True
4818,PHYSICAL_MESH,0.0150000000,0.3589868432,3.851639851928e-02,3.562086448073e-02,0.000000000000e+00,1,0.000000000000e+00,True
4819,PHYSICAL_MESH,0.0200000000,0.3589868432,3.851631283760e-02,3.519562259316e-02,0.000000000000e+00,1,0.000000000000e+00,True
4820,PHYSICAL_MESH,0.0250000000,0.3589868432,3.851622715592e-02,3.477038815618e-02,0.000000000000e+00,1,0.000000000000e+00,True
4821,PHYSICAL_MESH,0.0300000000,0.3589868432,3.851613774896e-02,3.434515744448e-02,0.000000000000e+00,1,0.000000000000e+00,True
4822,PHYSICAL_MESH,0.0350000000,0.3589868432,3.851604089141e-02,3.391993418336e-02,0.000000000000e+00,1,0.000000000000e+00,True
4823,PHYSICAL_MESH,0.0400000000,0.3589868432,3.851594030857e-02,3.349471464753e-02,0.000000000000e+00,1,0.000000000000e+00,True
4824,PHYSICAL_MESH,0.0450000000,0.3589868432,3.851583600044e-02,3.306950256228e-02,0.000000000000e+00,1,0.000000000000e+00,True
4825,PHYSICAL_MESH,0.0500000000,0.3589868432,3.851572796702e-02,3.264429420233e-02,0.000000000000e+00,1,0.000000000000e+00,True
4826,PHYSICAL_MESH,0.0550000000,0.3589868432,3.851561248302e-02,3.221909329295e-02,0.000000000000e+00,1,0.000000000000e+00,True
4827,PHYSICAL_MESH,0.0600000000,0.3589868432,3.851549327374e-02,3.179389983416e-02,0.000000000000e+00,1,0.000000000000e+00,True
4828,PHYSICAL_MESH,0.0650000000,0.3589868432,3.851537033916e-02,3.136871382594e-02,0.000000000000e+00,1,0.000000000000e+00,True
4829,PHYSICAL_MESH,0.0700000000,0.3589868432,3.851523995399e-02,3.094353154302e-02,0.000000000000e+00,1,0.000000000000e+00,True
4830,PHYSICAL_MESH,0.0750000000,0.3589868432,3.851510584354e-02,3.051836043596e-02,0.000000000000e+00,1,0.000000000000e+00,True
4831,PHYSICAL_MESH,0.0800000000,0.3589868432,3.851496428251e-02,3.009319491684e-02,0.000000000000e+00,1,0.000000000000e+00,True
4832,PHYSICAL_MESH,0.0850000000,0.3589868432,3.851481899619e-02,2.966803871095e-02,0.000000000000e+00,1,0.000000000000e+00,True
4833,PHYSICAL_MESH,0.0900000000,0.3589868432,3.851466625929e-02,2.924289181828e-02,0.000000000000e+00,1,0.000000000000e+00,True
4834,PHYSICAL_MESH,0.0950000000,0.3589868432,3.851450979710e-02,2.881775237620e-02,0.000000000000e+00,1,0.000000000000e+00,True
4835,PHYSICAL_MESH,0.1000000000,0.3589868432,3.851434588432e-02,2.839262224734e-02,0.000000000000e+00,1,0.000000000000e+00,True
4836,PHYSICAL_MESH,0.1050000000,0.3589868432,3.851417824626e-02,2.796750143170e-02,0.000000000000e+00,1,0.000000000000e+00,True
4837,PHYSICAL_MESH,0.1100000000,0.3589868432,3.851400315762e-02,2.754238992929e-02,0.000000000000e+00,1,0.000000000000e+00,True
4838,PHYSICAL_MESH,0.1150000000,0.3589868432,3.851382061839e-02,2.711728960276e-02,0.000000000000e+00,1,0.000000000000e+00,True
4839,PHYSICAL_MESH,0.1225000000,0.3589868432,3.851354122162e-02,2.647965773940e-02,0.000000000000e+00,1,0.000000000000e+00,True
4840,PHYSICAL_MESH,0.1337500000,0.3589868432,3.851309046149e-02,2.552325464785e-02,0.000000000000e+00,1,0.000000000000e+00,True
4841,PHYSICAL_MESH,0.1506250000,0.3589868432,3.851236775517e-02,2.408875897527e-02,0.000000000000e+00,1,0.000000000000e+00,True
4842,PHYSICAL_MESH,0.1756250000,0.3589868432,3.851118311286e-02,2.196382358670e-02,0.000000000000e+00,1,0.000000000000e+00,True
4843,PHYSICAL_MESH,0.2005769231,0.3589868432,3.850990161300e-02,1.984328776598e-02,0.000000000000e+00,1,0.000000000000e+00,True
4844,PHYSICAL_MESH,0.2255288462,0.3589868432,3.850855305791e-02,1.772304996848e-02,0.000000000000e+00,1,0.000000000000e+00,True
4845,PHYSICAL_MESH,0.2504807693,0.3589868432,3.850720450282e-02,1.560307387263e-02,0.000000000000e+00,1,0.000000000000e+00,True
4846,PHYSICAL_MESH,0.2754326924,0.3589868432,3.850591555238e-02,1.348328124732e-02,0.000000000000e+00,1,0.000000000000e+00,True
4847,PHYSICAL_MESH,0.3003846155,0.3589868432,3.850476443768e-02,1.136355940253e-02,0.000000000000e+00,1,0.000000000000e+00,True
4848,PHYSICAL_MESH,0.3253365386,0.3589868432,3.850382193923e-02,9.243764914572e-03,0.000000000000e+00,1,0.000000000000e+00,True
4849,PHYSICAL_MESH,0.3502884617,0.3589868432,3.850314393640e-02,7.123732939363e-03,0.000000000000e+00,1,0.000000000000e+00,True
4850,PHYSICAL_MESH,0.3752403848,0.3589868432,3.850277140737e-02,5.003287922591e-03,0.000000000000e+00,1,0.000000000000e+00,True
4851,PHYSICAL_MESH,0.4001923079,0.3589868432,3.850271180272e-02,2.882263623178e-03,0.000000000000e+00,1,0.000000000000e+00,True
4852,PHYSICAL_MESH,0.4251442310,0.3589868432,3.850294649601e-02,7.605187711306e-04,0.000000000000e+00,1,0.000000000000e+00,True
4853,PHYSICAL_MESH,0.4500961541,0.3589868432,3.850342705846e-02,-1.362052164041e-03,0.000000000000e+00,1,0.000000000000e+00,True
4854,PHYSICAL_MESH,0.4750480772,0.3589868432,3.850408270955e-02,-3.485516877845e-03,0.000000000000e+00,1,0.000000000000e+00,True
4855,PHYSICAL_MESH,0.5000000000,0.3589868432,3.850482404232e-02,-5.609916057438e-03,0.000000000000e+00,1,0.000000000000e+00,True
4856,PHYSICAL_MESH,-0.5000000000,0.3824890359,4.051690921187e-02,7.942808419466e-02,0.000000000000e+00,1,0.000000000000e+00,True
4857,PHYSICAL_MESH,-0.4759765625,0.3824890359,4.051691293716e-02,7.738453894854e-02,0.000000000000e+00,1,0.000000000000e+00,True
4858,PHYSICAL_MESH,-0.4519531250,0.3824890359,4.051692038774e-02,7.534098625183e-02,0.000000000000e+00,1,0.000000000000e+00,True
4859,PHYSICAL_MESH,-0.4279296875,0.3824890359,4.051692411304e-02,7.329742610455e-02,0.000000000000e+00,1,0.000000000000e+00,True
4860,PHYSICAL_MESH,-0.4039062500,0.3824890359,4.051692783833e-02,7.125386595726e-02,0.000000000000e+00,1,0.000000000000e+00,True
4861,PHYSICAL_MESH,-0.3798828125,0.3824890359,4.051693156362e-02,6.921030580997e-02,0.000000000000e+00,1,0.000000000000e+00,True
4862,PHYSICAL_MESH,-0.3558593750,0.3824890359,4.051693528891e-02,6.716674566269e-02,0.000000000000e+00,1,0.000000000000e+00,True
4863,PHYSICAL_MESH,-0.3318359375,0.3824890359,4.051693901420e-02,6.512318551540e-02,0.000000000000e+00,1,0.000000000000e+00,True
4864,PHYSICAL_MESH,-0.3078125000,0.3824890359,4.051694273949e-02,6.307963281870e-02,0.000000000000e+00,1,0.000000000000e+00,True
4865,PHYSICAL_MESH,-0.2837890625,0.3824890359,4.051694273949e-02,6.103607639670e-02,0.000000000000e+00,1,0.000000000000e+00,True
4866,PHYSICAL_MESH,-0.2597656250,0.3824890359,4.051693901420e-02,5.899252742529e-02,0.000000000000e+00,1,0.000000000000e+00,True
4867,PHYSICAL_MESH,-0.2357421875,0.3824890359,4.051693156362e-02,5.694898217916e-02,0.000000000000e+00,1,0.000000000000e+00,True
4868,PHYSICAL_MESH,-0.2117187500,0.3824890359,4.051691666245e-02,5.490545183420e-02,0.000000000000e+00,1,0.000000000000e+00,True
4869,PHYSICAL_MESH,-0.1876953125,0.3824890359,4.051689431071e-02,5.286193266511e-02,0.000000000000e+00,1,0.000000000000e+00,True
4870,PHYSICAL_MESH,-0.1636718750,0.3824890359,4.051685705781e-02,5.081842839718e-02,0.000000000000e+00,1,0.000000000000e+00,True
4871,PHYSICAL_MESH,-0.1396484375,0.3824890359,4.051680862904e-02,4.877494275570e-02,0.000000000000e+00,1,0.000000000000e+00,True
4872,PHYSICAL_MESH,-0.1156250000,0.3824890359,4.051673784852e-02,4.673148691654e-02,0.000000000000e+00,1,0.000000000000e+00,True
4873,PHYSICAL_MESH,-0.0906250000,0.3824890359,4.051663726568e-02,4.460499808192e-02,0.000000000000e+00,1,0.000000000000e+00,True
4874,PHYSICAL_MESH,-0.0737500000,0.3824890359,4.051654785872e-02,4.316964372993e-02,0.000000000000e+00,1,0.000000000000e+00,True
4875,PHYSICAL_MESH,-0.0625000000,0.3824890359,4.051648080349e-02,4.221275821328e-02,0.000000000000e+00,1,0.000000000000e+00,True
4876,PHYSICAL_MESH,-0.0550000000,0.3824890359,4.051642864943e-02,4.157483950257e-02,0.000000000000e+00,1,0.000000000000e+00,True
4877,PHYSICAL_MESH,-0.0500000000,0.3824890359,4.051639512181e-02,4.114956036210e-02,0.000000000000e+00,1,0.000000000000e+00,True
4878,PHYSICAL_MESH,-0.0450000000,0.3824890359,4.051635414362e-02,4.072428867221e-02,0.000000000000e+00,1,0.000000000000e+00,True
4879,PHYSICAL_MESH,-0.0400000000,0.3824890359,4.051631316543e-02,4.029901698232e-02,0.000000000000e+00,1,0.000000000000e+00,True
4880,PHYSICAL_MESH,-0.0350000000,0.3824890359,4.051627218723e-02,3.987375274301e-02,0.000000000000e+00,1,0.000000000000e+00,True
4881,PHYSICAL_MESH,-0.0300000000,0.3824890359,4.051622748375e-02,3.944848850369e-02,0.000000000000e+00,1,0.000000000000e+00,True
4882,PHYSICAL_MESH,-0.0250000000,0.3824890359,4.051617905498e-02,3.902322798967e-02,0.000000000000e+00,1,0.000000000000e+00,True
4883,PHYSICAL_MESH,-0.0200000000,0.3824890359,4.051613062620e-02,3.859796747565e-02,0.000000000000e+00,1,0.000000000000e+00,True
4884,PHYSICAL_MESH,-0.0150000000,0.3824890359,4.051607847214e-02,3.817271441221e-02,0.000000000000e+00,1,0.000000000000e+00,True
4885,PHYSICAL_MESH,-0.0100000000,0.3824890359,4.051602259278e-02,3.774746507406e-02,0.000000000000e+00,1,0.000000000000e+00,True
4886,PHYSICAL_MESH,-0.0050000000,0.3824890359,4.051596671343e-02,3.732221946120e-02,0.000000000000e+00,1,0.000000000000e+00,True
4887,PHYSICAL_MESH,0.0000000000,0.3824890359,4.051590338349e-02,3.689697757363e-02,0.000000000000e+00,1,0.000000000000e+00,True
4888,PHYSICAL_MESH,0.0050000000,0.3824890359,4.051584005356e-02,3.647173941135e-02,0.000000000000e+00,1,0.000000000000e+00,True
4889,PHYSICAL_MESH,0.0100000000,0.3824890359,4.051577299833e-02,3.604650869966e-02,0.000000000000e+00,1,0.000000000000e+00,True
4890,PHYSICAL_MESH,0.0150000000,0.3824890359,4.051570594311e-02,3.562128171325e-02,0.000000000000e+00,1,0.000000000000e+00,True
4891,PHYSICAL_MESH,0.0200000000,0.3824890359,4.051563143730e-02,3.519605845213e-02,0.000000000000e+00,1,0.000000000000e+00,True
4892,PHYSICAL_MESH,0.0250000000,0.3824890359,4.051555320621e-02,3.477083891630e-02,0.000000000000e+00,1,0.000000000000e+00,True
4893,PHYSICAL_MESH,0.0300000000,0.3824890359,4.051547497511e-02,3.434562683105e-02,0.000000000000e+00,1,0.000000000000e+00,True
4894,PHYSICAL_MESH,0.0350000000,0.3824890359,4.051539301872e-02,3.392042219639e-02,0.000000000000e+00,1,0.000000000000e+00,True
4895,PHYSICAL_MESH,0.0400000000,0.3824890359,4.051530361176e-02,3.349522128701e-02,0.000000000000e+00,1,0.000000000000e+00,True
4896,PHYSICAL_MESH,0.0450000000,0.3824890359,4.051521420479e-02,3.307002782822e-02,0.000000000000e+00,1,0.000000000000e+00,True
4897,PHYSICAL_MESH,0.0500000000,0.3824890359,4.051511734724e-02,3.264483809471e-02,0.000000000000e+00,1,0.000000000000e+00,True
4898,PHYSICAL_MESH,0.0550000000,0.3824890359,4.051501676440e-02,3.221965953708e-02,0.000000000000e+00,1,0.000000000000e+00,True
4899,PHYSICAL_MESH,0.0600000000,0.3824890359,4.051491618156e-02,3.179448470473e-02,0.000000000000e+00,1,0.000000000000e+00,True
4900,PHYSICAL_MESH,0.0650000000,0.3824890359,4.051480814815e-02,3.136931732297e-02,0.000000000000e+00,1,0.000000000000e+00,True
4901,PHYSICAL_MESH,0.0700000000,0.3824890359,4.051469638944e-02,3.094415552914e-02,0.000000000000e+00,1,0.000000000000e+00,True
4902,PHYSICAL_MESH,0.0750000000,0.3824890359,4.051458090544e-02,3.051900491118e-02,0.000000000000e+00,1,0.000000000000e+00,True
4903,PHYSICAL_MESH,0.0800000000,0.3824890359,4.051446169615e-02,3.009385988116e-02,0.000000000000e+00,1,0.000000000000e+00,True
4904,PHYSICAL_MESH,0.0850000000,0.3824890359,4.051433503628e-02,2.966872416437e-02,0.000000000000e+00,1,0.000000000000e+00,True
4905,PHYSICAL_MESH,0.0900000000,0.3824890359,4.051420465112e-02,2.924359776080e-02,0.000000000000e+00,1,0.000000000000e+00,True
4906,PHYSICAL_MESH,0.0950000000,0.3824890359,4.051407054067e-02,2.881847880781e-02,0.000000000000e+00,1,0.000000000000e+00,True
4907,PHYSICAL_MESH,0.1000000000,0.3824890359,4.051393270493e-02,2.839336916804e-02,0.000000000000e+00,1,0.000000000000e+00,True
4908,PHYSICAL_MESH,0.1050000000,0.3824890359,4.051379114389e-02,2.796826884151e-02,0.000000000000e+00,1,0.000000000000e+00,True
4909,PHYSICAL_MESH,0.1100000000,0.3824890359,4.051364213228e-02,2.754317782819e-02,0.000000000000e+00,1,0.000000000000e+00,True
4910,PHYSICAL_MESH,0.1150000000,0.3824890359,4.051348939538e-02,2.711809612811e-02,0.000000000000e+00,1,0.000000000000e+00,True
4911,PHYSICAL_MESH,0.1225000000,0.3824890359,4.051325097680e-02,2.648049406707e-02,0.000000000000e+00,1,0.000000000000e+00,True
4912,PHYSICAL_MESH,0.1337500000,0.3824890359,4.051287844777e-02,2.552413195372e-02,0.000000000000e+00,1,0.000000000000e+00,True
4913,PHYSICAL_MESH,0.1506250000,0.3824890359,4.051227122545e-02,2.408968843520e-02,0.000000000000e+00,1,0.000000000000e+00,True
4914,PHYSICAL_MESH,0.1756250000,0.3824890359,4.051129519939e-02,2.196481451392e-02,0.000000000000e+00,1,0.000000000000e+00,True
4915,PHYSICAL_MESH,0.2005769231,0.3824890359,4.051024094224e-02,1.984429731965e-02,0.000000000000e+00,1,0.000000000000e+00,True
4916,PHYSICAL_MESH,0.2255288462,0.3824890359,4.050914570689e-02,1.772403158247e-02,0.000000000000e+00,1,0.000000000000e+00,True
4917,PHYSICAL_MESH,0.2504807693,0.3824890359,4.050805792212e-02,1.560396328568e-02,0.000000000000e+00,1,0.000000000000e+00,True
4918,PHYSICAL_MESH,0.2754326924,0.3824890359,4.050703346729e-02,1.348401233554e-02,0.000000000000e+00,1,0.000000000000e+00,True
4919,PHYSICAL_MESH,0.3003846155,0.3824890359,4.050612449646e-02,1.136406697333e-02,0.000000000000e+00,1,0.000000000000e+00,True
4920,PHYSICAL_MESH,0.3253365386,0.3824890359,4.050539061427e-02,9.243990294635e-03,0.000000000000e+00,1,0.000000000000e+00,True
4921,PHYSICAL_MESH,0.3502884617,0.3824890359,4.050487279892e-02,7.123632356524e-03,0.000000000000e+00,1,0.000000000000e+00,True
4922,PHYSICAL_MESH,0.3752403848,0.3824890359,4.050459712744e-02,5.002842284739e-03,0.000000000000e+00,1,0.000000000000e+00,True
4923,PHYSICAL_MESH,0.4001923079,0.3824890359,4.050456359982e-02,2.881482243538e-03,0.000000000000e+00,1,0.000000000000e+00,True
4924,PHYSICAL_MESH,0.4251442310,0.3824890359,4.050476104021e-02,7.594409398735e-04,0.000000000000e+00,1,0.000000000000e+00,True
4925,PHYSICAL_MESH,0.4500961541,0.3824890359,4.050514101982e-02,-1.363359857351e-03,0.000000000000e+00,1,0.000000000000e+00,True
4926,PHYSICAL_MESH,0.4750480772,0.3824890359,4.050565510988e-02,-3.486964153126e-03,0.000000000000e+00,1,0.000000000000e+00,True
4927,PHYSICAL_MESH,0.5000000000,0.3824890359,4.050622880459e-02,-5.611393135041e-03,0.000000000000e+00,1,0.000000000000e+00,True
4928,PHYSICAL_MESH,-0.5000000000,0.4059912286,4.251610860229e-02,7.942806929350e-02,0.000000000000e+00,1,0.000000000000e+00,True
4929,PHYSICAL_MESH,-0.4759765625,0.4059912286,4.251611605287e-02,7.738452404737e-02,0.000000000000e+00,1,0.000000000000e+00,True
4930,PHYSICAL_MESH,-0.4519531250,0.4059912286,4.251611977816e-02,7.534097135067e-02,0.000000000000e+00,1,0.000000000000e+00,True
4931,PHYSICAL_MESH,-0.4279296875,0.4059912286,4.251612350345e-02,7.329741865396e-02,0.000000000000e+00,1,0.000000000000e+00,True
4932,PHYSICAL_MESH,-0.4039062500,0.4059912286,4.251612722874e-02,7.125386595726e-02,0.000000000000e+00,1,0.000000000000e+00,True
4933,PHYSICAL_MESH,-0.3798828125,0.4059912286,4.251613095403e-02,6.921030580997e-02,0.000000000000e+00,1,0.000000000000e+00,True
4934,PHYSICAL_MESH,-0.3558593750,0.4059912286,4.251613095403e-02,6.716674566269e-02,0.000000000000e+00,1,0.000000000000e+00,True
4935,PHYSICAL_MESH,-0.3318359375,0.4059912286,4.251613467932e-02,6.512319296598e-02,0.000000000000e+00,1,0.000000000000e+00,True
4936,PHYSICAL_MESH,-0.3078125000,0.4059912286,4.251613467932e-02,6.307963281870e-02,0.000000000000e+00,1,0.000000000000e+00,True
4937,PHYSICAL_MESH,-0.2837890625,0.4059912286,4.251613467932e-02,6.103608757257e-02,0.000000000000e+00,1,0.000000000000e+00,True
4938,PHYSICAL_MESH,-0.2597656250,0.4059912286,4.251613095403e-02,5.899254232645e-02,0.000000000000e+00,1,0.000000000000e+00,True
4939,PHYSICAL_MESH,-0.2357421875,0.4059912286,4.251612350345e-02,5.694900825620e-02,0.000000000000e+00,1,0.000000000000e+00,True
4940,PHYSICAL_MESH,-0.2117187500,0.4059912286,4.251610860229e-02,5.490548536181e-02,0.000000000000e+00,1,0.000000000000e+00,True
4941,PHYSICAL_MESH,-0.1876953125,0.4059912286,4.251608997583e-02,5.286197736859e-02,0.000000000000e+00,1,0.000000000000e+00,True
4942,PHYSICAL_MESH,-0.1636718750,0.4059912286,4.251605644822e-02,5.081848800182e-02,0.000000000000e+00,1,0.000000000000e+00,True
4943,PHYSICAL_MESH,-0.1396484375,0.4059912286,4.251601174474e-02,4.877502471209e-02,0.000000000000e+00,1,0.000000000000e+00,True
4944,PHYSICAL_MESH,-0.1156250000,0.4059912286,4.251594841480e-02,4.673159494996e-02,0.000000000000e+00,1,0.000000000000e+00,True
4945,PHYSICAL_MESH,-0.0906250000,0.4059912286,4.251586273313e-02,4.460513591766e-02,0.000000000000e+00,1,0.000000000000e+00,True
4946,PHYSICAL_MESH,-0.0737500000,0.4059912286,4.251578450203e-02,4.316980764270e-02,0.000000000000e+00,1,0.000000000000e+00,True
4947,PHYSICAL_MESH,-0.0625000000,0.4059912286,4.251572489738e-02,4.221294075251e-02,0.000000000000e+00,1,0.000000000000e+00,True
4948,PHYSICAL_MESH,-0.0550000000,0.4059912286,4.251568391919e-02,4.157503321767e-02,0.000000000000e+00,1,0.000000000000e+00,True
4949,PHYSICAL_MESH,-0.0500000000,0.4059912286,4.251565039158e-02,4.114976525307e-02,0.000000000000e+00,1,0.000000000000e+00,True
4950,PHYSICAL_MESH,-0.0450000000,0.4059912286,4.251562058926e-02,4.072450473905e-02,0.000000000000e+00,1,0.000000000000e+00,True
4951,PHYSICAL_MESH,-0.0400000000,0.4059912286,4.251558333635e-02,4.029924422503e-02,0.000000000000e+00,1,0.000000000000e+00,True
4952,PHYSICAL_MESH,-0.0350000000,0.4059912286,4.251554980874e-02,3.987398371100e-02,0.000000000000e+00,1,0.000000000000e+00,True
4953,PHYSICAL_MESH,-0.0300000000,0.4059912286,4.251550883055e-02,3.944873064756e-02,0.000000000000e+00,1,0.000000000000e+00,True
4954,PHYSICAL_MESH,-0.0250000000,0.4059912286,4.251547157764e-02,3.902348130941e-02,0.000000000000e+00,1,0.000000000000e+00,True
4955,PHYSICAL_MESH,-0.0200000000,0.4059912286,4.251542687416e-02,3.859823569655e-02,0.000000000000e+00,1,0.000000000000e+00,True
4956,PHYSICAL_MESH,-0.0150000000,0.4059912286,4.251538217068e-02,3.817299380898e-02,0.000000000000e+00,1,0.000000000000e+00,True
4957,PHYSICAL_MESH,-0.0100000000,0.4059912286,4.251533746719e-02,3.774775564671e-02,0.000000000000e+00,1,0.000000000000e+00,True
4958,PHYSICAL_MESH,-0.0050000000,0.4059912286,4.251528903842e-02,3.732252120972e-02,0.000000000000e+00,1,0.000000000000e+00,True
4959,PHYSICAL_MESH,0.0000000000,0.4059912286,4.251523688436e-02,3.689729422331e-02,0.000000000000e+00,1,0.000000000000e+00,True
4960,PHYSICAL_MESH,0.0050000000,0.4059912286,4.251518473029e-02,3.647206723690e-02,0.000000000000e+00,1,0.000000000000e+00,True
4961,PHYSICAL_MESH,0.0100000000,0.4059912286,4.251512885094e-02,3.604684770107e-02,0.000000000000e+00,1,0.000000000000e+00,True
4962,PHYSICAL_MESH,0.0150000000,0.4059912286,4.251506924629e-02,3.562163561583e-02,0.000000000000e+00,1,0.000000000000e+00,True
4963,PHYSICAL_MESH,0.0200000000,0.4059912286,4.251500964165e-02,3.519642353058e-02,0.000000000000e+00,1,0.000000000000e+00,True
4964,PHYSICAL_MESH,0.0250000000,0.4059912286,4.251494631171e-02,3.477122262120e-02,0.000000000000e+00,1,0.000000000000e+00,True
4965,PHYSICAL_MESH,0.0300000000,0.4059912286,4.251487925649e-02,3.434602543712e-02,0.000000000000e+00,1,0.000000000000e+00,True
4966,PHYSICAL_MESH,0.0350000000,0.4059912286,4.251480847597e-02,3.392083197832e-02,0.000000000000e+00,1,0.000000000000e+00,True
4967,PHYSICAL_MESH,0.0400000000,0.4059912286,4.251473769546e-02,3.349564597011e-02,0.000000000000e+00,1,0.000000000000e+00,True
4968,PHYSICAL_MESH,0.0450000000,0.4059912286,4.251465946436e-02,3.307046741247e-02,0.000000000000e+00,1,0.000000000000e+00,True
4969,PHYSICAL_MESH,0.0500000000,0.4059912286,4.251458123326e-02,3.264529258013e-02,0.000000000000e+00,1,0.000000000000e+00,True
4970,PHYSICAL_MESH,0.0550000000,0.4059912286,4.251449927688e-02,3.222012892365e-02,0.000000000000e+00,1,0.000000000000e+00,True
4971,PHYSICAL_MESH,0.0600000000,0.4059912286,4.251441732049e-02,3.179496899247e-02,0.000000000000e+00,1,0.000000000000e+00,True
4972,PHYSICAL_MESH,0.0650000000,0.4059912286,4.251432791352e-02,3.136981651187e-02,0.000000000000e+00,1,0.000000000000e+00,True
4973,PHYSICAL_MESH,0.0700000000,0.4059912286,4.251423478127e-02,3.094467334449e-02,0.000000000000e+00,1,0.000000000000e+00,True
4974,PHYSICAL_MESH,0.0750000000,0.4059912286,4.251414164901e-02,3.051953762770e-02,0.000000000000e+00,1,0.000000000000e+00,True
4975,PHYSICAL_MESH,0.0800000000,0.4059912286,4.251404106617e-02,3.009440936148e-02,0.000000000000e+00,1,0.000000000000e+00,True
4976,PHYSICAL_MESH,0.0850000000,0.4059912286,4.251394048333e-02,2.966928854585e-02,0.000000000000e+00,1,0.000000000000e+00,True
4977,PHYSICAL_MESH,0.0900000000,0.4059912286,4.251383617520e-02,2.924417704344e-02,0.000000000000e+00,1,0.000000000000e+00,True
4978,PHYSICAL_MESH,0.0950000000,0.4059912286,4.251372814178e-02,2.881907299161e-02,0.000000000000e+00,1,0.000000000000e+00,True
4979,PHYSICAL_MESH,0.1000000000,0.4059912286,4.251361265779e-02,2.839398011565e-02,0.000000000000e+00,1,0.000000000000e+00,True
4980,PHYSICAL_MESH,0.1050000000,0.4059912286,4.251349717379e-02,2.796889469028e-02,0.000000000000e+00,1,0.000000000000e+00,True
4981,PHYSICAL_MESH,0.1100000000,0.4059912286,4.251337796450e-02,2.754381857812e-02,0.000000000000e+00,1,0.000000000000e+00,True
4982,PHYSICAL_MESH,0.1150000000,0.4059912286,4.251325502992e-02,2.711875177920e-02,0.000000000000e+00,1,0.000000000000e+00,True
4983,PHYSICAL_MESH,0.1225000000,0.4059912286,4.251306504011e-02,2.648117020726e-02,0.000000000000e+00,1,0.000000000000e+00,True
4984,PHYSICAL_MESH,0.1337500000,0.4059912286,4.251276329160e-02,2.552483789623e-02,0.000000000000e+00,1,0.000000000000e+00,True
4985,PHYSICAL_MESH,0.1506250000,0.4059912286,4.251227900386e-02,2.409043535590e-02,0.000000000000e+00,1,0.000000000000e+00,True
4986,PHYSICAL_MESH,0.1756250000,0.4059912286,4.251150414348e-02,2.196559868753e-02,0.000000000000e+00,1,0.000000000000e+00,True
4987,PHYSICAL_MESH,0.2005769231,0.4059912286,4.251067340374e-02,1.984509080648e-02,0.000000000000e+00,1,0.000000000000e+00,True
4988,PHYSICAL_MESH,0.2255288462,0.4059912286,4.250982031226e-02,1.772479154170e-02,0.000000000000e+00,1,0.000000000000e+00,True
4989,PHYSICAL_MESH,0.2504807693,0.4059912286,4.250897467136e-02,1.560464315116e-02,0.000000000000e+00,1,0.000000000000e+00,True
4990,PHYSICAL_MESH,0.2754326924,0.4059912286,4.250818490982e-02,1.348456181586e-02,0.000000000000e+00,1,0.000000000000e+00,True
4991,PHYSICAL_MESH,0.3003846155,0.4059912286,4.250749200583e-02,1.136443391442e-02,0.000000000000e+00,1,0.000000000000e+00,True
4992,PHYSICAL_MESH,0.3253365386,0.4059912286,4.250693693757e-02,9.244133718312e-03,0.000000000000e+00,1,0.000000000000e+00,True
4993,PHYSICAL_MESH,0.3502884617,0.4059912286,4.250654950738e-02,7.123523391783e-03,0.000000000000e+00,1,0.000000000000e+00,True
4994,PHYSICAL_MESH,0.3752403848,0.4059912286,4.250634834170e-02,5.002469755709e-03,0.000000000000e+00,1,0.000000000000e+00,True
4995,PHYSICAL_MESH,0.4001923079,0.4059912286,4.250633344054e-02,2.880856860429e-03,0.000000000000e+00,1,0.000000000000e+00,True
4996,PHYSICAL_MESH,0.4251442310,0.4059912286,4.250648990273e-02,7.585954153910e-04,0.000000000000e+00,1,0.000000000000e+00,True
4997,PHYSICAL_MESH,0.4500961541,0.4059912286,4.250678047538e-02,-1.364372554235e-03,0.000000000000e+00,1,0.000000000000e+00,True
4998,PHYSICAL_MESH,0.4750480772,0.4059912286,4.250717163086e-02,-3.488074988127e-03,0.000000000000e+00,1,0.000000000000e+00,True
4999,PHYSICAL_MESH,0.5000000000,0.4059912286,4.250760376453e-02,-5.612519569695e-03,0.000000000000e+00,1,0.000000000000e+00,True
5000,PHYSICAL_MESH,-0.5000000000,0.4294934213,4.451530799270e-02,7.942805439234e-02,0.000000000000e+00,1,0.000000000000e+00,True
5001,PHYSICAL_MESH,-0.4759765625,0.4294934213,4.451531171799e-02,7.738451659679e-02,0.000000000000e+00,1,0.000000000000e+00,True
5002,PHYSICAL_MESH,-0.4519531250,0.4294934213,4.451531544328e-02,7.534096390009e-02,0.000000000000e+00,1,0.000000000000e+00,True
5003,PHYSICAL_MESH,-0.4279296875,0.4294934213,4.451531916857e-02,7.329741865396e-02,0.000000000000e+00,1,0.000000000000e+00,True
5004,PHYSICAL_MESH,-0.4039062500,0.4294934213,4.451532289386e-02,7.125385850668e-02,0.000000000000e+00,1,0.000000000000e+00,True
5005,PHYSICAL_MESH,-0.3798828125,0.4294934213,4.451532289386e-02,6.921030580997e-02,0.000000000000e+00,1,0.000000000000e+00,True
5006,PHYSICAL_MESH,-0.3558593750,0.4294934213,4.451532661915e-02,6.716674566269e-02,0.000000000000e+00,1,0.000000000000e+00,True
5007,PHYSICAL_MESH,-0.3318359375,0.4294934213,4.451532661915e-02,6.512319296598e-02,0.000000000000e+00,1,0.000000000000e+00,True
5008,PHYSICAL_MESH,-0.3078125000,0.4294934213,4.451532661915e-02,6.307964026928e-02,0.000000000000e+00,1,0.000000000000e+00,True
5009,PHYSICAL_MESH,-0.2837890625,0.4294934213,4.451532661915e-02,6.103609502316e-02,0.000000000000e+00,1,0.000000000000e+00,True
5010,PHYSICAL_MESH,-0.2597656250,0.4294934213,4.451532289386e-02,5.899255722761e-02,0.000000000000e+00,1,0.000000000000e+00,True
5011,PHYSICAL_MESH,-0.2357421875,0.4294934213,4.451531544328e-02,5.694903060794e-02,0.000000000000e+00,1,0.000000000000e+00,True
5012,PHYSICAL_MESH,-0.2117187500,0.4294934213,4.451530426741e-02,5.490551516414e-02,0.000000000000e+00,1,0.000000000000e+00,True
5013,PHYSICAL_MESH,-0.1876953125,0.4294934213,4.451528564095e-02,5.286201834679e-02,0.000000000000e+00,1,0.000000000000e+00,True
5014,PHYSICAL_MESH,-0.1636718750,0.4294934213,4.451525956392e-02,5.081854388118e-02,0.000000000000e+00,1,0.000000000000e+00,True
5015,PHYSICAL_MESH,-0.1396484375,0.4294934213,4.451522231102e-02,4.877509549260e-02,0.000000000000e+00,1,0.000000000000e+00,True
5016,PHYSICAL_MESH,-0.1156250000,0.4294934213,4.451517388225e-02,4.673168435693e-02,0.000000000000e+00,1,0.000000000000e+00,True
5017,PHYSICAL_MESH,-0.0906250000,0.4294934213,4.451510310173e-02,4.460525140166e-02,0.000000000000e+00,1,0.000000000000e+00,True
5018,PHYSICAL_MESH,-0.0737500000,0.4294934213,4.451504349709e-02,4.316994175315e-02,0.000000000000e+00,1,0.000000000000e+00,True
5019,PHYSICAL_MESH,-0.0625000000,0.4294934213,4.451499506831e-02,4.221308603883e-02,0.000000000000e+00,1,0.000000000000e+00,True
5020,PHYSICAL_MESH,-0.0550000000,0.4294934213,4.451496154070e-02,4.157519340515e-02,0.000000000000e+00,1,0.000000000000e+00,True
5021,PHYSICAL_MESH,-0.0500000000,0.4294934213,4.451493546367e-02,4.114993289113e-02,0.000000000000e+00,1,0.000000000000e+00,True
5022,PHYSICAL_MESH,-0.0450000000,0.4294934213,4.451490938663e-02,4.072467610240e-02,0.000000000000e+00,1,0.000000000000e+00,True
5023,PHYSICAL_MESH,-0.0400000000,0.4294934213,4.451488330960e-02,4.029942303896e-02,0.000000000000e+00,1,0.000000000000e+00,True
5024,PHYSICAL_MESH,-0.0350000000,0.4294934213,4.451485350728e-02,3.987417370081e-02,0.000000000000e+00,1,0.000000000000e+00,True
5025,PHYSICAL_MESH,-0.0300000000,0.4294934213,4.451482370496e-02,3.944892808795e-02,0.000000000000e+00,1,0.000000000000e+00,True
5026,PHYSICAL_MESH,-0.0250000000,0.4294934213,4.451479390264e-02,3.902368992567e-02,0.000000000000e+00,1,0.000000000000e+00,True
5027,PHYSICAL_MESH,-0.0200000000,0.4294934213,4.451476037502e-02,3.859845176339e-02,0.000000000000e+00,1,0.000000000000e+00,True
5028,PHYSICAL_MESH,-0.0150000000,0.4294934213,4.451472684741e-02,3.817321732640e-02,0.000000000000e+00,1,0.000000000000e+00,True
5029,PHYSICAL_MESH,-0.0100000000,0.4294934213,4.451468959451e-02,3.774799033999e-02,0.000000000000e+00,1,0.000000000000e+00,True
5030,PHYSICAL_MESH,-0.0050000000,0.4294934213,4.451465234160e-02,3.732276335359e-02,0.000000000000e+00,1,0.000000000000e+00,True
5031,PHYSICAL_MESH,0.0000000000,0.4294934213,4.451461136341e-02,3.689754381776e-02,0.000000000000e+00,1,0.000000000000e+00,True
5032,PHYSICAL_MESH,0.0050000000,0.4294934213,4.451457038522e-02,3.647233173251e-02,0.000000000000e+00,1,0.000000000000e+00,True
5033,PHYSICAL_MESH,0.0100000000,0.4294934213,4.451452568173e-02,3.604711964726e-02,0.000000000000e+00,1,0.000000000000e+00,True
5034,PHYSICAL_MESH,0.0150000000,0.4294934213,4.451448097825e-02,3.562191501260e-02,0.000000000000e+00,1,0.000000000000e+00,True
5035,PHYSICAL_MESH,0.0200000000,0.4294934213,4.451443627477e-02,3.519671782851e-02,0.000000000000e+00,1,0.000000000000e+00,True
5036,PHYSICAL_MESH,0.0250000000,0.4294934213,4.451438412070e-02,3.477152436972e-02,0.000000000000e+00,1,0.000000000000e+00,True
5037,PHYSICAL_MESH,0.0300000000,0.4294934213,4.451433196664e-02,3.434633836150e-02,0.000000000000e+00,1,0.000000000000e+00,True
5038,PHYSICAL_MESH,0.0350000000,0.4294934213,4.451427981257e-02,3.392115607858e-02,0.000000000000e+00,1,0.000000000000e+00,True
5039,PHYSICAL_MESH,0.0400000000,0.4294934213,4.451422393322e-02,3.349598124623e-02,0.000000000000e+00,1,0.000000000000e+00,True
5040,PHYSICAL_MESH,0.0450000000,0.4294934213,4.451416805387e-02,3.307081386447e-02,0.000000000000e+00,1,0.000000000000e+00,True
5041,PHYSICAL_MESH,0.0500000000,0.4294934213,4.451410472393e-02,3.264565393329e-02,0.000000000000e+00,1,0.000000000000e+00,True
5042,PHYSICAL_MESH,0.0550000000,0.4294934213,4.451404511929e-02,3.222049772739e-02,0.000000000000e+00,1,0.000000000000e+00,True
5043,PHYSICAL_MESH,0.0600000000,0.4294934213,4.451397806406e-02,3.179534897208e-02,0.000000000000e+00,1,0.000000000000e+00,True
5044,PHYSICAL_MESH,0.0650000000,0.4294934213,4.451391100883e-02,3.137021139264e-02,0.000000000000e+00,1,0.000000000000e+00,True
5045,PHYSICAL_MESH,0.0700000000,0.4294934213,4.451384022832e-02,3.094507753849e-02,0.000000000000e+00,1,0.000000000000e+00,True
5046,PHYSICAL_MESH,0.0750000000,0.4294934213,4.451376944780e-02,3.051995299757e-02,0.000000000000e+00,1,0.000000000000e+00,True
5047,PHYSICAL_MESH,0.0800000000,0.4294934213,4.451369494200e-02,3.009483776987e-02,0.000000000000e+00,1,0.000000000000e+00,True
5048,PHYSICAL_MESH,0.0850000000,0.4294934213,4.451361671090e-02,2.966972813010e-02,0.000000000000e+00,1,0.000000000000e+00,True
5049,PHYSICAL_MESH,0.0900000000,0.4294934213,4.451353847980e-02,2.924462780356e-02,0.000000000000e+00,1,0.000000000000e+00,True
5050,PHYSICAL_MESH,0.0950000000,0.4294934213,4.451345279813e-02,2.881953679025e-02,0.000000000000e+00,1,0.000000000000e+00,True
5051,PHYSICAL_MESH,0.1000000000,0.4294934213,4.451337084174e-02,2.839445322752e-02,0.000000000000e+00,1,0.000000000000e+00,True
5052,PHYSICAL_MESH,0.1050000000,0.4294934213,4.451328143477e-02,2.796937897801e-02,0.000000000000e+00,1,0.000000000000e+00,True
5053,PHYSICAL_MESH,0.1100000000,0.4294934213,4.451319202781e-02,2.754431404173e-02,0.000000000000e+00,1,0.000000000000e+00,True
5054,PHYSICAL_MESH,0.1150000000,0.4294934213,4.451309889555e-02,2.711925841868e-02,0.000000000000e+00,1,0.000000000000e+00,True
5055,PHYSICAL_MESH,0.1225000000,0.4294934213,4.451295360923e-02,2.648169174790e-02,0.000000000000e+00,1,0.000000000000e+00,True
5056,PHYSICAL_MESH,0.1337500000,0.4294934213,4.451273009181e-02,2.552538178861e-02,0.000000000000e+00,1,0.000000000000e+00,True
5057,PHYSICAL_MESH,0.1506250000,0.4294934213,4.451236873865e-02,2.409100532532e-02,0.000000000000e+00,1,0.000000000000e+00,True
5058,PHYSICAL_MESH,0.1756250000,0.4294934213,4.451178759336e-02,2.196619473398e-02,0.000000000000e+00,1,0.000000000000e+00,True
5059,PHYSICAL_MESH,0.2005769231,0.4294934213,4.451117664576e-02,1.984568685293e-02,0.000000000000e+00,1,0.000000000000e+00,True
5060,PHYSICAL_MESH,0.2255288462,0.4294934213,4.451054707170e-02,1.772535778582e-02,0.000000000000e+00,1,0.000000000000e+00,True
5061,PHYSICAL_MESH,0.2504807693,0.4294934213,4.450992867351e-02,1.560514327139e-02,0.000000000000e+00,1,0.000000000000e+00,True
5062,PHYSICAL_MESH,0.2754326924,0.4294934213,4.450935125351e-02,1.348495855927e-02,0.000000000000e+00,1,0.000000000000e+00,True
5063,PHYSICAL_MESH,0.3003846155,0.4294934213,4.450885206461e-02,1.136469189078e-02,0.000000000000e+00,1,0.000000000000e+00,True
5064,PHYSICAL_MESH,0.3253365386,0.4294934213,4.450845345855e-02,9.244222193956e-03,0.000000000000e+00,1,0.000000000000e+00,True
5065,PHYSICAL_MESH,0.3502884617,0.4294934213,4.450817778707e-02,7.123423274606e-03,0.000000000000e+00,1,0.000000000000e+00,True
5066,PHYSICAL_MESH,0.3752403848,0.4294934213,4.450803995132e-02,5.002175923437e-03,0.000000000000e+00,1,0.000000000000e+00,True
5067,PHYSICAL_MESH,0.4001923079,0.4294934213,4.450803250074e-02,2.880379091948e-03,0.000000000000e+00,1,0.000000000000e+00,True
5068,PHYSICAL_MESH,0.4251442310,0.4294934213,4.450814798474e-02,7.579597295262e-04,0.000000000000e+00,1,0.000000000000e+00,True
5069,PHYSICAL_MESH,0.4500961541,0.4294934213,4.450836405158e-02,-1.365126343444e-03,0.000000000000e+00,1,0.000000000000e+00,True
5070,PHYSICAL_MESH,0.4750480772,0.4294934213,4.450864344835e-02,-3.488895948976e-03,0.000000000000e+00,1,0.000000000000e+00,True
5071,PHYSICAL_MESH,0.5000000000,0.4294934213,4.450895264745e-02,-5.613347049803e-03,0.000000000000e+00,1,0.000000000000e+00,True
5072,PHYSICAL_MESH,-0.5000000000,0.4529956140,4.651450365782e-02,7.942804694176e-02,0.000000000000e+00,1,0.000000000000e+00,True
5073,PHYSICAL_MESH,-0.4759765625,0.4529956140,4.651450738311e-02,7.738450914621e-02,0.000000000000e+00,1,0.000000000000e+00,True
5074,PHYSICAL_MESH,-0.4519531250,0.4529956140,4.651451110840e-02,7.534096390009e-02,0.000000000000e+00,1,0.000000000000e+00,True
5075,PHYSICAL_MESH,-0.4279296875,0.4529956140,4.651451110840e-02,7.329741120338e-02,0.000000000000e+00,1,0.000000000000e+00,True
5076,PHYSICAL_MESH,-0.4039062500,0.4529956140,4.651451110840e-02,7.125385850668e-02,0.000000000000e+00,1,0.000000000000e+00,True
5077,PHYSICAL_MESH,-0.3798828125,0.4529956140,4.651451483369e-02,6.921030580997e-02,0.000000000000e+00,1,0.000000000000e+00,True
5078,PHYSICAL_MESH,-0.3558593750,0.4529956140,4.651451483369e-02,6.716674566269e-02,0.000000000000e+00,1,0.000000000000e+00,True
5079,PHYSICAL_MESH,-0.3318359375,0.4529956140,4.651451483369e-02,6.512319296598e-02,0.000000000000e+00,1,0.000000000000e+00,True
5080,PHYSICAL_MESH,-0.3078125000,0.4529956140,4.651451483369e-02,6.307964771986e-02,0.000000000000e+00,1,0.000000000000e+00,True
5081,PHYSICAL_MESH,-0.2837890625,0.4529956140,4.651451483369e-02,6.103610247374e-02,0.000000000000e+00,1,0.000000000000e+00,True
5082,PHYSICAL_MESH,-0.2597656250,0.4529956140,4.651451110840e-02,5.899256840348e-02,0.000000000000e+00,1,0.000000000000e+00,True
5083,PHYSICAL_MESH,-0.2357421875,0.4529956140,4.651450738311e-02,5.694904550910e-02,0.000000000000e+00,1,0.000000000000e+00,True
5084,PHYSICAL_MESH,-0.2117187500,0.4529956140,4.651449993253e-02,5.490553751588e-02,0.000000000000e+00,1,0.000000000000e+00,True
5085,PHYSICAL_MESH,-0.1876953125,0.4529956140,4.651448503137e-02,5.286204814911e-02,0.000000000000e+00,1,0.000000000000e+00,True
5086,PHYSICAL_MESH,-0.1636718750,0.4529956140,4.651446640491e-02,5.081858113408e-02,0.000000000000e+00,1,0.000000000000e+00,True
5087,PHYSICAL_MESH,-0.1396484375,0.4529956140,4.651444032788e-02,4.877514764667e-02,0.000000000000e+00,1,0.000000000000e+00,True
5088,PHYSICAL_MESH,-0.1156250000,0.4529956140,4.651440680027e-02,4.673174768686e-02,0.000000000000e+00,1,0.000000000000e+00,True
5089,PHYSICAL_MESH,-0.0906250000,0.4529956140,4.651435837150e-02,4.460533708334e-02,0.000000000000e+00,1,0.000000000000e+00,True
5090,PHYSICAL_MESH,-0.0737500000,0.4529956140,4.651431739330e-02,4.317004233599e-02,0.000000000000e+00,1,0.000000000000e+00,True
5091,PHYSICAL_MESH,-0.0625000000,0.4529956140,4.651428386569e-02,4.221319779754e-02,0.000000000000e+00,1,0.000000000000e+00,True
5092,PHYSICAL_MESH,-0.0550000000,0.4529956140,4.651425778866e-02,4.157530888915e-02,0.000000000000e+00,1,0.000000000000e+00,True
5093,PHYSICAL_MESH,-0.0500000000,0.4529956140,4.651424288750e-02,4.115005582571e-02,0.000000000000e+00,1,0.000000000000e+00,True
5094,PHYSICAL_MESH,-0.0450000000,0.4529956140,4.651422426105e-02,4.072480648756e-02,0.000000000000e+00,1,0.000000000000e+00,True
5095,PHYSICAL_MESH,-0.0400000000,0.4529956140,4.651420563459e-02,4.029955714941e-02,0.000000000000e+00,1,0.000000000000e+00,True
5096,PHYSICAL_MESH,-0.0350000000,0.4529956140,4.651418700814e-02,3.987431526184e-02,0.000000000000e+00,1,0.000000000000e+00,True
5097,PHYSICAL_MESH,-0.0300000000,0.4529956140,4.651416465640e-02,3.944907337427e-02,0.000000000000e+00,1,0.000000000000e+00,True
5098,PHYSICAL_MESH,-0.0250000000,0.4529956140,4.651414230466e-02,3.902383893728e-02,0.000000000000e+00,1,0.000000000000e+00,True
5099,PHYSICAL_MESH,-0.0200000000,0.4529956140,4.651411995292e-02,3.859860822558e-02,0.000000000000e+00,1,0.000000000000e+00,True
5100,PHYSICAL_MESH,-0.0150000000,0.4529956140,4.651409760118e-02,3.817338123918e-02,0.000000000000e+00,1,0.000000000000e+00,True
5101,PHYSICAL_MESH,-0.0100000000,0.4529956140,4.651407152414e-02,3.774815797806e-02,0.000000000000e+00,1,0.000000000000e+00,True
5102,PHYSICAL_MESH,-0.0050000000,0.4529956140,4.651404544711e-02,3.732294216752e-02,0.000000000000e+00,1,0.000000000000e+00,True
5103,PHYSICAL_MESH,0.0000000000,0.4529956140,4.651401937008e-02,3.689773008227e-02,0.000000000000e+00,1,0.000000000000e+00,True
5104,PHYSICAL_MESH,0.0050000000,0.4529956140,4.651398956776e-02,3.647252172232e-02,0.000000000000e+00,1,0.000000000000e+00,True
5105,PHYSICAL_MESH,0.0100000000,0.4529956140,4.651395976543e-02,3.604731708765e-02,0.000000000000e+00,1,0.000000000000e+00,True
5106,PHYSICAL_MESH,0.0150000000,0.4529956140,4.651392996311e-02,3.562211990356e-02,0.000000000000e+00,1,0.000000000000e+00,True
5107,PHYSICAL_MESH,0.0200000000,0.4529956140,4.651390016079e-02,3.519693017006e-02,0.000000000000e+00,1,0.000000000000e+00,True
5108,PHYSICAL_MESH,0.0250000000,0.4529956140,4.651386663318e-02,3.477174416184e-02,0.000000000000e+00,1,0.000000000000e+00,True
5109,PHYSICAL_MESH,0.0300000000,0.4529956140,4.651382938027e-02,3.434656560421e-02,0.000000000000e+00,1,0.000000000000e+00,True
5110,PHYSICAL_MESH,0.0350000000,0.4529956140,4.651379212737e-02,3.392139077187e-02,0.000000000000e+00,1,0.000000000000e+00,True
5111,PHYSICAL_MESH,0.0400000000,0.4529956140,4.651375487447e-02,3.349622339010e-02,0.000000000000e+00,1,0.000000000000e+00,True
5112,PHYSICAL_MESH,0.0450000000,0.4529956140,4.651371762156e-02,3.307106345892e-02,0.000000000000e+00,1,0.000000000000e+00,True
5113,PHYSICAL_MESH,0.0500000000,0.4529956140,4.651367664337e-02,3.264591097832e-02,0.000000000000e+00,1,0.000000000000e+00,True
5114,PHYSICAL_MESH,0.0550000000,0.4529956140,4.651363193989e-02,3.222076594830e-02,0.000000000000e+00,1,0.000000000000e+00,True
5115,PHYSICAL_MESH,0.0600000000,0.4529956140,4.651359096169e-02,3.179562464356e-02,0.000000000000e+00,1,0.000000000000e+00,True
5116,PHYSICAL_MESH,0.0650000000,0.4529956140,4.651354253292e-02,3.137049451470e-02,0.000000000000e+00,1,0.000000000000e+00,True
5117,PHYSICAL_MESH,0.0700000000,0.4529956140,4.651349782944e-02,3.094536997378e-02,0.000000000000e+00,1,0.000000000000e+00,True
5118,PHYSICAL_MESH,0.0750000000,0.4529956140,4.651344940066e-02,3.052025288343e-02,0.000000000000e+00,1,0.000000000000e+00,True
5119,PHYSICAL_MESH,0.0800000000,0.4529956140,4.651339724660e-02,3.009514510632e-02,0.000000000000e+00,1,0.000000000000e+00,True
5120,PHYSICAL_MESH,0.0850000000,0.4529956140,4.651334509254e-02,2.967004291713e-02,0.000000000000e+00,1,0.000000000000e+00,True
5121,PHYSICAL_MESH,0.0900000000,0.4529956140,4.651329293847e-02,2.924495190382e-02,0.000000000000e+00,1,0.000000000000e+00,True
5122,PHYSICAL_MESH,0.0950000000,0.4529956140,4.651323705912e-02,2.881986834109e-02,0.000000000000e+00,1,0.000000000000e+00,True
5123,PHYSICAL_MESH,0.1000000000,0.4529956140,4.651318117976e-02,2.839479222894e-02,0.000000000000e+00,1,0.000000000000e+00,True
5124,PHYSICAL_MESH,0.1050000000,0.4529956140,4.651312157512e-02,2.796972543001e-02,0.000000000000e+00,1,0.000000000000e+00,True
5125,PHYSICAL_MESH,0.1100000000,0.4529956140,4.651306197047e-02,2.754466794431e-02,0.000000000000e+00,1,0.000000000000e+00,True
5126,PHYSICAL_MESH,0.1150000000,0.4529956140,4.651299864054e-02,2.711961977184e-02,0.000000000000e+00,1,0.000000000000e+00,True
5127,PHYSICAL_MESH,0.1225000000,0.4529956140,4.651290178299e-02,2.648206241429e-02,0.000000000000e+00,1,0.000000000000e+00,True
5128,PHYSICAL_MESH,0.1337500000,0.4529956140,4.651275277138e-02,2.552576549351e-02,0.000000000000e+00,1,0.000000000000e+00,True
5129,PHYSICAL_MESH,0.1506250000,0.4529956140,4.651251062751e-02,2.409140579402e-02,0.000000000000e+00,1,0.000000000000e+00,True
5130,PHYSICAL_MESH,0.1756250000,0.4529956140,4.651212692261e-02,2.196661010385e-02,0.000000000000e+00,1,0.000000000000e+00,True
5131,PHYSICAL_MESH,0.2005769231,0.4529956140,4.651172086596e-02,1.984610036016e-02,0.000000000000e+00,1,0.000000000000e+00,True
5132,PHYSICAL_MESH,0.2255288462,0.4529956140,4.651130735874e-02,1.772574707866e-02,0.000000000000e+00,1,0.000000000000e+00,True
5133,PHYSICAL_MESH,0.2504807693,0.4529956140,4.651090502739e-02,1.560548506677e-02,0.000000000000e+00,1,0.000000000000e+00,True
5134,PHYSICAL_MESH,0.2754326924,0.4529956140,4.651052877307e-02,1.348522584885e-02,0.000000000000e+00,1,0.000000000000e+00,True
5135,PHYSICAL_MESH,0.3003846155,0.4529956140,4.651020467281e-02,1.136486139148e-02,0.000000000000e+00,1,0.000000000000e+00,True
5136,PHYSICAL_MESH,0.3253365386,0.4529956140,4.650994762778e-02,9.244274348021e-03,0.000000000000e+00,1,0.000000000000e+00,True
5137,PHYSICAL_MESH,0.3502884617,0.4529956140,4.650977253914e-02,7.123345043510e-03,0.000000000000e+00,1,0.000000000000e+00,True
5138,PHYSICAL_MESH,0.3752403848,0.4529956140,4.650968313217e-02,5.001964513212e-03,0.000000000000e+00,1,0.000000000000e+00,True
5139,PHYSICAL_MESH,0.4001923079,0.4529956140,4.650968313217e-02,2.880042884499e-03,0.000000000000e+00,1,0.000000000000e+00,True
5140,PHYSICAL_MESH,0.4251442310,0.4529956140,4.650975763798e-02,7.575172348879e-04,0.000000000000e+00,1,0.000000000000e+00,True
5141,PHYSICAL_MESH,0.4500961541,0.4529956140,4.650989919901e-02,-1.365647302009e-03,0.000000000000e+00,1,0.000000000000e+00,True
5142,PHYSICAL_MESH,0.4750480772,0.4529956140,4.651007801294e-02,-3.489460330456e-03,0.000000000000e+00,1,0.000000000000e+00,True
5143,PHYSICAL_MESH,0.5000000000,0.4529956140,4.651027917862e-02,-5.613913759589e-03,0.000000000000e+00,1,0.000000000000e+00,True
5144,PHYSICAL_MESH,-0.5000000000,0.4764978067,4.851369932294e-02,7.942803949118e-02,0.000000000000e+00,1,0.000000000000e+00,True
5145,PHYSICAL_MESH,-0.4759765625,0.4764978067,4.851369932294e-02,7.738450169563e-02,0.000000000000e+00,1,0.000000000000e+00,True
5146,PHYSICAL_MESH,-0.4519531250,0.4764978067,4.851369932294e-02,7.534095644951e-02,0.000000000000e+00,1,0.000000000000e+00,True
5147,PHYSICAL_MESH,-0.4279296875,0.4764978067,4.851370304823e-02,7.329741120338e-02,0.000000000000e+00,1,0.000000000000e+00,True
5148,PHYSICAL_MESH,-0.4039062500,0.4764978067,4.851370304823e-02,7.125385850668e-02,0.000000000000e+00,1,0.000000000000e+00,True
5149,PHYSICAL_MESH,-0.3798828125,0.4764978067,4.851370304823e-02,6.921030580997e-02,0.000000000000e+00,1,0.000000000000e+00,True
5150,PHYSICAL_MESH,-0.3558593750,0.4764978067,4.851370304823e-02,6.716674566269e-02,0.000000000000e+00,1,0.000000000000e+00,True
5151,PHYSICAL_MESH,-0.3318359375,0.4764978067,4.851370304823e-02,6.512320041656e-02,0.000000000000e+00,1,0.000000000000e+00,True
5152,PHYSICAL_MESH,-0.3078125000,0.4764978067,4.851370304823e-02,6.307964771986e-02,0.000000000000e+00,1,0.000000000000e+00,True
5153,PHYSICAL_MESH,-0.2837890625,0.4764978067,4.851370304823e-02,6.103610619903e-02,0.000000000000e+00,1,0.000000000000e+00,True
5154,PHYSICAL_MESH,-0.2597656250,0.4764978067,4.851370304823e-02,5.899257585406e-02,0.000000000000e+00,1,0.000000000000e+00,True
5155,PHYSICAL_MESH,-0.2357421875,0.4764978067,4.851369932294e-02,5.694905668497e-02,0.000000000000e+00,1,0.000000000000e+00,True
5156,PHYSICAL_MESH,-0.2117187500,0.4764978067,4.851369559765e-02,5.490554869175e-02,0.000000000000e+00,1,0.000000000000e+00,True
5157,PHYSICAL_MESH,-0.1876953125,0.4764978067,4.851368814707e-02,5.286206677556e-02,0.000000000000e+00,1,0.000000000000e+00,True
5158,PHYSICAL_MESH,-0.1636718750,0.4764978067,4.851367697120e-02,5.081860721111e-02,0.000000000000e+00,1,0.000000000000e+00,True
5159,PHYSICAL_MESH,-0.1396484375,0.4764978067,4.851366579533e-02,4.877517744899e-02,0.000000000000e+00,1,0.000000000000e+00,True
5160,PHYSICAL_MESH,-0.1156250000,0.4764978067,4.851364716887e-02,4.673178866506e-02,0.000000000000e+00,1,0.000000000000e+00,True
5161,PHYSICAL_MESH,-0.0906250000,0.4764978067,4.851362109184e-02,4.460538923740e-02,0.000000000000e+00,1,0.000000000000e+00,True
5162,PHYSICAL_MESH,-0.0737500000,0.4764978067,4.851359874010e-02,4.317010194063e-02,0.000000000000e+00,1,0.000000000000e+00,True
5163,PHYSICAL_MESH,-0.0625000000,0.4764978067,4.851358383894e-02,4.221326485276e-02,0.000000000000e+00,1,0.000000000000e+00,True
5164,PHYSICAL_MESH,-0.0550000000,0.4764978067,4.851357266307e-02,4.157538339496e-02,0.000000000000e+00,1,0.000000000000e+00,True
5165,PHYSICAL_MESH,-0.0500000000,0.4764978067,4.851356148720e-02,4.115013033152e-02,0.000000000000e+00,1,0.000000000000e+00,True
5166,PHYSICAL_MESH,-0.0450000000,0.4764978067,4.851355403662e-02,4.072488471866e-02,0.000000000000e+00,1,0.000000000000e+00,True
5167,PHYSICAL_MESH,-0.0400000000,0.4764978067,4.851354286075e-02,4.029963910580e-02,0.000000000000e+00,1,0.000000000000e+00,True
5168,PHYSICAL_MESH,-0.0350000000,0.4764978067,4.851353541017e-02,3.987440094352e-02,0.000000000000e+00,1,0.000000000000e+00,True
5169,PHYSICAL_MESH,-0.0300000000,0.4764978067,4.851352423429e-02,3.944916278124e-02,0.000000000000e+00,1,0.000000000000e+00,True
5170,PHYSICAL_MESH,-0.0250000000,0.4764978067,4.851351305842e-02,3.902393206954e-02,0.000000000000e+00,1,0.000000000000e+00,True
5171,PHYSICAL_MESH,-0.0200000000,0.4764978067,4.851350188255e-02,3.859870508313e-02,0.000000000000e+00,1,0.000000000000e+00,True
5172,PHYSICAL_MESH,-0.0150000000,0.4764978067,4.851349070668e-02,3.817348182201e-02,0.000000000000e+00,1,0.000000000000e+00,True
5173,PHYSICAL_MESH,-0.0100000000,0.4764978067,4.851347580552e-02,3.774826228619e-02,0.000000000000e+00,1,0.000000000000e+00,True
5174,PHYSICAL_MESH,-0.0050000000,0.4764978067,4.851346462965e-02,3.732305020094e-02,0.000000000000e+00,1,0.000000000000e+00,True
5175,PHYSICAL_MESH,0.0000000000,0.4764978067,4.851344972849e-02,3.689784184098e-02,0.000000000000e+00,1,0.000000000000e+00,True
5176,PHYSICAL_MESH,0.0050000000,0.4764978067,4.851343482733e-02,3.647263720632e-02,0.000000000000e+00,1,0.000000000000e+00,True
5177,PHYSICAL_MESH,0.0100000000,0.4764978067,4.851341992617e-02,3.604744002223e-02,0.000000000000e+00,1,0.000000000000e+00,True
5178,PHYSICAL_MESH,0.0150000000,0.4764978067,4.851340502501e-02,3.562224656343e-02,0.000000000000e+00,1,0.000000000000e+00,True
5179,PHYSICAL_MESH,0.0200000000,0.4764978067,4.851339012384e-02,3.519706055522e-02,0.000000000000e+00,1,0.000000000000e+00,True
5180,PHYSICAL_MESH,0.0250000000,0.4764978067,4.851337149739e-02,3.477187827229e-02,0.000000000000e+00,1,0.000000000000e+00,True
5181,PHYSICAL_MESH,0.0300000000,0.4764978067,4.851335287094e-02,3.434670343995e-02,0.000000000000e+00,1,0.000000000000e+00,True
5182,PHYSICAL_MESH,0.0350000000,0.4764978067,4.851333424449e-02,3.392153605819e-02,0.000000000000e+00,1,0.000000000000e+00,True
5183,PHYSICAL_MESH,0.0400000000,0.4764978067,4.851331561804e-02,3.349637240171e-02,0.000000000000e+00,1,0.000000000000e+00,True
5184,PHYSICAL_MESH,0.0450000000,0.4764978067,4.851329699159e-02,3.307121619582e-02,0.000000000000e+00,1,0.000000000000e+00,True
5185,PHYSICAL_MESH,0.0500000000,0.4764978067,4.851327463984e-02,3.264606744051e-02,0.000000000000e+00,1,0.000000000000e+00,True
5186,PHYSICAL_MESH,0.0550000000,0.4764978067,4.851325601339e-02,3.222092613578e-02,0.000000000000e+00,1,0.000000000000e+00,True
5187,PHYSICAL_MESH,0.0600000000,0.4764978067,4.851323366165e-02,3.179579228163e-02,0.000000000000e+00,1,0.000000000000e+00,True
5188,PHYSICAL_MESH,0.0650000000,0.4764978067,4.851320758462e-02,3.137066587806e-02,0.000000000000e+00,1,0.000000000000e+00,True
5189,PHYSICAL_MESH,0.0700000000,0.4764978067,4.851318523288e-02,3.094554506242e-02,0.000000000000e+00,1,0.000000000000e+00,True
5190,PHYSICAL_MESH,0.0750000000,0.4764978067,4.851316288114e-02,3.052043356001e-02,0.000000000000e+00,1,0.000000000000e+00,True
5191,PHYSICAL_MESH,0.0800000000,0.4764978067,4.851313680410e-02,3.009532950819e-02,0.000000000000e+00,1,0.000000000000e+00,True
5192,PHYSICAL_MESH,0.0850000000,0.4764978067,4.851311072707e-02,2.967023290694e-02,0.000000000000e+00,1,0.000000000000e+00,True
5193,PHYSICAL_MESH,0.0900000000,0.4764978067,4.851308092475e-02,2.924514561892e-02,0.000000000000e+00,1,0.000000000000e+00,True
5194,PHYSICAL_MESH,0.0950000000,0.4764978067,4.851305484772e-02,2.882006578147e-02,0.000000000000e+00,1,0.000000000000e+00,True
5195,PHYSICAL_MESH,0.1000000000,0.4764978067,4.851302504539e-02,2.839499525726e-02,0.000000000000e+00,1,0.000000000000e+00,True
5196,PHYSICAL_MESH,0.1050000000,0.4764978067,4.851299524307e-02,2.796993218362e-02,0.000000000000e+00,1,0.000000000000e+00,True
5197,PHYSICAL_MESH,0.1100000000,0.4764978067,4.851296544075e-02,2.754487842321e-02,0.000000000000e+00,1,0.000000000000e+00,True
5198,PHYSICAL_MESH,0.1150000000,0.4764978067,4.851293563843e-02,2.711983397603e-02,0.000000000000e+00,1,0.000000000000e+00,True
5199,PHYSICAL_MESH,0.1225000000,0.4764978067,4.851288720965e-02,2.648228406906e-02,0.000000000000e+00,1,0.000000000000e+00,True
5200,PHYSICAL_MESH,0.1337500000,0.4764978067,4.851281270385e-02,2.552599459887e-02,0.000000000000e+00,1,0.000000000000e+00,True
5201,PHYSICAL_MESH,0.1506250000,0.4764978067,4.851269349456e-02,2.409164421260e-02,0.000000000000e+00,1,0.000000000000e+00,True
5202,PHYSICAL_MESH,0.1756250000,0.4764978067,4.851249977946e-02,2.196685597301e-02,0.000000000000e+00,1,0.000000000000e+00,True
5203,PHYSICAL_MESH,0.2005769231,0.4764978067,4.851229861379e-02,1.984634436667e-02,0.000000000000e+00,1,0.000000000000e+00,True
5204,PHYSICAL_MESH,0.2255288462,0.4764978067,4.851209372282e-02,1.772597618401e-02,0.000000000000e+00,1,0.000000000000e+00,True
5205,PHYSICAL_MESH,0.2504807693,0.4764978067,4.851189255714e-02,1.560568436980e-02,0.000000000000e+00,1,0.000000000000e+00,True
5206,PHYSICAL_MESH,0.2754326924,0.4764978067,4.851171001792e-02,1.348538044840e-02,0.000000000000e+00,1,0.000000000000e+00,True
5207,PHYSICAL_MESH,0.3003846155,0.4764978067,4.851154983044e-02,1.136495731771e-02,0.000000000000e+00,1,0.000000000000e+00,True
5208,PHYSICAL_MESH,0.3253365386,0.4764978067,4.851142317057e-02,9.244300425053e-03,0.000000000000e+00,1,0.000000000000e+00,True
5209,PHYSICAL_MESH,0.3502884617,0.4764978067,4.851133748889e-02,7.123294752091e-03,0.000000000000e+00,1,0.000000000000e+00,True
5210,PHYSICAL_MESH,0.3752403848,0.4764978067,4.851129651070e-02,5.001836922020e-03,0.000000000000e+00,1,0.000000000000e+00,True
5211,PHYSICAL_MESH,0.4001923079,0.4764978067,4.851129651070e-02,2.879843115807e-03,0.000000000000e+00,1,0.000000000000e+00,True
5212,PHYSICAL_MESH,0.4251442310,0.4764978067,4.851133376360e-02,7.572562899441e-04,0.000000000000e+00,1,0.000000000000e+00,True
5213,PHYSICAL_MESH,0.4500961541,0.4764978067,4.851140081882e-02,-1.365953008644e-03,0.000000000000e+00,1,0.000000000000e+00,True
5214,PHYSICAL_MESH,0.4750480772,0.4764978067,4.851149022579e-02,-3.489790251479e-03,0.000000000000e+00,1,0.000000000000e+00,True
5215,PHYSICAL_MESH,0.5000000000,0.4764978067,4.851158708334e-02,-5.614243913442e-03,0.000000000000e+00,1,0.000000000000e+00,True
5216,PHYSICAL_MESH,-0.5000000000,0.5000000000,5.051289126277e-02,7.942803949118e-02,0.000000000000e+00,1,0.000000000000e+00,True
5217,PHYSICAL_MESH,-0.4759765625,0.5000000000,5.051289126277e-02,7.738450169563e-02,0.000000000000e+00,1,0.000000000000e+00,True
5218,PHYSICAL_MESH,-0.4519531250,0.5000000000,5.051289126277e-02,7.534095644951e-02,0.000000000000e+00,1,0.000000000000e+00,True
5219,PHYSICAL_MESH,-0.4279296875,0.5000000000,5.051289126277e-02,7.329741120338e-02,0.000000000000e+00,1,0.000000000000e+00,True
5220,PHYSICAL_MESH,-0.4039062500,0.5000000000,5.051289126277e-02,7.125385850668e-02,0.000000000000e+00,1,0.000000000000e+00,True
5221,PHYSICAL_MESH,-0.3798828125,0.5000000000,5.051289126277e-02,6.921030580997e-02,0.000000000000e+00,1,0.000000000000e+00,True
5222,PHYSICAL_MESH,-0.3558593750,0.5000000000,5.051289126277e-02,6.716674566269e-02,0.000000000000e+00,1,0.000000000000e+00,True
5223,PHYSICAL_MESH,-0.3318359375,0.5000000000,5.051289126277e-02,6.512320041656e-02,0.000000000000e+00,1,0.000000000000e+00,True
5224,PHYSICAL_MESH,-0.3078125000,0.5000000000,5.051289126277e-02,6.307964771986e-02,0.000000000000e+00,1,0.000000000000e+00,True
5225,PHYSICAL_MESH,-0.2837890625,0.5000000000,5.051289126277e-02,6.103610992432e-02,0.000000000000e+00,1,0.000000000000e+00,True
5226,PHYSICAL_MESH,-0.2597656250,0.5000000000,5.051289126277e-02,5.899257585406e-02,0.000000000000e+00,1,0.000000000000e+00,True
5227,PHYSICAL_MESH,-0.2357421875,0.5000000000,5.051289126277e-02,5.694905668497e-02,0.000000000000e+00,1,0.000000000000e+00,True
5228,PHYSICAL_MESH,-0.2117187500,0.5000000000,5.051289126277e-02,5.490555614233e-02,0.000000000000e+00,1,0.000000000000e+00,True
5229,PHYSICAL_MESH,-0.1876953125,0.5000000000,5.051289126277e-02,5.286207050085e-02,0.000000000000e+00,1,0.000000000000e+00,True
5230,PHYSICAL_MESH,-0.1636718750,0.5000000000,5.051289126277e-02,5.081861466169e-02,0.000000000000e+00,1,0.000000000000e+00,True
5231,PHYSICAL_MESH,-0.1396484375,0.5000000000,5.051289126277e-02,4.877518862486e-02,0.000000000000e+00,1,0.000000000000e+00,True
5232,PHYSICAL_MESH,-0.1156250000,0.5000000000,5.051289126277e-02,4.673180356622e-02,0.000000000000e+00,1,0.000000000000e+00,True
5233,PHYSICAL_MESH,-0.0906250000,0.5000000000,5.051289126277e-02,4.460540413857e-02,0.000000000000e+00,1,0.000000000000e+00,True
5234,PHYSICAL_MESH,-0.0737500000,0.5000000000,5.051289126277e-02,4.317012429237e-02,0.000000000000e+00,1,0.000000000000e+00,True
5235,PHYSICAL_MESH,-0.0625000000,0.5000000000,5.051289126277e-02,4.221328720450e-02,0.000000000000e+00,1,0.000000000000e+00,True
5236,PHYSICAL_MESH,-0.0550000000,0.5000000000,5.051289126277e-02,4.157540574670e-02,0.000000000000e+00,1,0.000000000000e+00,True
5237,PHYSICAL_MESH,-0.0500000000,0.5000000000,5.051289126277e-02,4.115015640855e-02,0.000000000000e+00,1,0.000000000000e+00,True
5238,PHYSICAL_MESH,-0.0450000000,0.5000000000,5.051289126277e-02,4.072491079569e-02,0.000000000000e+00,1,0.000000000000e+00,True
5239,PHYSICAL_MESH,-0.0400000000,0.5000000000,5.051289126277e-02,4.029966518283e-02,0.000000000000e+00,1,0.000000000000e+00,True
5240,PHYSICAL_MESH,-0.0350000000,0.5000000000,5.051289126277e-02,3.987442702055e-02,0.000000000000e+00,1,0.000000000000e+00,True
5241,PHYSICAL_MESH,-0.0300000000,0.5000000000,5.051289126277e-02,3.944919258356e-02,0.000000000000e+00,1,0.000000000000e+00,True
5242,PHYSICAL_MESH,-0.0250000000,0.5000000000,5.051289126277e-02,3.902396187186e-02,0.000000000000e+00,1,0.000000000000e+00,True
5243,PHYSICAL_MESH,-0.0200000000,0.5000000000,5.051289126277e-02,3.859873488545e-02,0.000000000000e+00,1,0.000000000000e+00,True
5244,PHYSICAL_MESH,-0.0150000000,0.5000000000,5.051289126277e-02,3.817351534963e-02,0.000000000000e+00,1,0.000000000000e+00,True
5245,PHYSICAL_MESH,-0.0100000000,0.5000000000,5.051289126277e-02,3.774829953909e-02,0.000000000000e+00,1,0.000000000000e+00,True
5246,PHYSICAL_MESH,-0.0050000000,0.5000000000,5.051289126277e-02,3.732308372855e-02,0.000000000000e+00,1,0.000000000000e+00,True
5247,PHYSICAL_MESH,0.0000000000,0.5000000000,5.051289126277e-02,3.689787909389e-02,0.000000000000e+00,1,0.000000000000e+00,True
5248,PHYSICAL_MESH,0.0050000000,0.5000000000,5.051289126277e-02,3.647267445922e-02,0.000000000000e+00,1,0.000000000000e+00,True
5249,PHYSICAL_MESH,0.0100000000,0.5000000000,5.051289126277e-02,3.604748100042e-02,0.000000000000e+00,1,0.000000000000e+00,True
5250,PHYSICAL_MESH,0.0150000000,0.5000000000,5.051289126277e-02,3.562228754163e-02,0.000000000000e+00,1,0.000000000000e+00,True
5251,PHYSICAL_MESH,0.0200000000,0.5000000000,5.051289126277e-02,3.519710153341e-02,0.000000000000e+00,1,0.000000000000e+00,True
5252,PHYSICAL_MESH,0.0250000000,0.5000000000,5.051289126277e-02,3.477192297578e-02,0.000000000000e+00,1,0.000000000000e+00,True
5253,PHYSICAL_MESH,0.0300000000,0.5000000000,5.051289126277e-02,3.434674814343e-02,0.000000000000e+00,1,0.000000000000e+00,True
5254,PHYSICAL_MESH,0.0350000000,0.5000000000,5.051289126277e-02,3.392158076167e-02,0.000000000000e+00,1,0.000000000000e+00,True
5255,PHYSICAL_MESH,0.0400000000,0.5000000000,5.051289126277e-02,3.349642083049e-02,0.000000000000e+00,1,0.000000000000e+00,True
5256,PHYSICAL_MESH,0.0450000000,0.5000000000,5.051289126277e-02,3.307126834989e-02,0.000000000000e+00,1,0.000000000000e+00,True
5257,PHYSICAL_MESH,0.0500000000,0.5000000000,5.051289126277e-02,3.264611959457e-02,0.000000000000e+00,1,0.000000000000e+00,True
5258,PHYSICAL_MESH,0.0550000000,0.5000000000,5.051289126277e-02,3.222097828984e-02,0.000000000000e+00,1,0.000000000000e+00,True
5259,PHYSICAL_MESH,0.0600000000,0.5000000000,5.051289126277e-02,3.179584816098e-02,0.000000000000e+00,1,0.000000000000e+00,True
5260,PHYSICAL_MESH,0.0650000000,0.5000000000,5.051289126277e-02,3.137072175741e-02,0.000000000000e+00,1,0.000000000000e+00,True
5261,PHYSICAL_MESH,0.0700000000,0.5000000000,5.051289126277e-02,3.094560280442e-02,0.000000000000e+00,1,0.000000000000e+00,True
5262,PHYSICAL_MESH,0.0750000000,0.5000000000,5.051289126277e-02,3.052049316466e-02,0.000000000000e+00,1,0.000000000000e+00,True
5263,PHYSICAL_MESH,0.0800000000,0.5000000000,5.051289126277e-02,3.009539097548e-02,0.000000000000e+00,1,0.000000000000e+00,True
5264,PHYSICAL_MESH,0.0850000000,0.5000000000,5.051289126277e-02,2.967029623687e-02,0.000000000000e+00,1,0.000000000000e+00,True
5265,PHYSICAL_MESH,0.0900000000,0.5000000000,5.051289126277e-02,2.924520894885e-02,0.000000000000e+00,1,0.000000000000e+00,True
5266,PHYSICAL_MESH,0.0950000000,0.5000000000,5.051289126277e-02,2.882013097405e-02,0.000000000000e+00,1,0.000000000000e+00,True
5267,PHYSICAL_MESH,0.1000000000,0.5000000000,5.051289126277e-02,2.839506231248e-02,0.000000000000e+00,1,0.000000000000e+00,True
5268,PHYSICAL_MESH,0.1050000000,0.5000000000,5.051289126277e-02,2.797000110149e-02,0.000000000000e+00,1,0.000000000000e+00,True
5269,PHYSICAL_MESH,0.1100000000,0.5000000000,5.051289126277e-02,2.754494920373e-02,0.000000000000e+00,1,0.000000000000e+00,True
5270,PHYSICAL_MESH,0.1150000000,0.5000000000,5.051289126277e-02,2.711990475655e-02,0.000000000000e+00,1,0.000000000000e+00,True
5271,PHYSICAL_MESH,0.1225000000,0.5000000000,5.051289126277e-02,2.648235671222e-02,0.000000000000e+00,1,0.000000000000e+00,True
5272,PHYSICAL_MESH,0.1337500000,0.5000000000,5.051289126277e-02,2.552607096732e-02,0.000000000000e+00,1,0.000000000000e+00,True
5273,PHYSICAL_MESH,0.1506250000,0.5000000000,5.051289126277e-02,2.409172430634e-02,0.000000000000e+00,1,0.000000000000e+00,True
5274,PHYSICAL_MESH,0.1756250000,0.5000000000,5.051289126277e-02,2.196693792939e-02,0.000000000000e+00,1,0.000000000000e+00,True
5275,PHYSICAL_MESH,0.2005769231,0.5000000000,5.051289126277e-02,1.984642446041e-02,0.000000000000e+00,1,0.000000000000e+00,True
5276,PHYSICAL_MESH,0.2255288462,0.5000000000,5.051289126277e-02,1.772605068982e-02,0.000000000000e+00,1,0.000000000000e+00,True
5277,PHYSICAL_MESH,0.2504807693,0.5000000000,5.051289126277e-02,1.560574956238e-02,0.000000000000e+00,1,0.000000000000e+00,True
5278,PHYSICAL_MESH,0.2754326924,0.5000000000,5.051289126277e-02,1.348543073982e-02,0.000000000000e+00,1,0.000000000000e+00,True
5279,PHYSICAL_MESH,0.3003846155,0.5000000000,5.051289126277e-02,1.136498805135e-02,0.000000000000e+00,1,0.000000000000e+00,True
5280,PHYSICAL_MESH,0.3253365386,0.5000000000,5.051289126277e-02,9.244308806956e-03,0.000000000000e+00,1,0.000000000000e+00,True
5281,PHYSICAL_MESH,0.3502884617,0.5000000000,5.051289126277e-02,7.123277522624e-03,0.000000000000e+00,1,0.000000000000e+00,True
5282,PHYSICAL_MESH,0.3752403848,0.5000000000,5.051289126277e-02,5.001794081181e-03,0.000000000000e+00,1,0.000000000000e+00,True
5283,PHYSICAL_MESH,0.4001923079,0.5000000000,5.051289126277e-02,2.879776759073e-03,0.000000000000e+00,1,0.000000000000e+00,True
5284,PHYSICAL_MESH,0.4251442310,0.5000000000,5.051289126277e-02,7.571700261906e-04,0.000000000000e+00,1,0.000000000000e+00,True
5285,PHYSICAL_MESH,0.4500961541,0.5000000000,5.051289126277e-02,-1.366053824313e-03,0.000000000000e+00,1,0.000000000000e+00,True
5286,PHYSICAL_MESH,0.4750480772,0.5000000000,5.051289126277e-02,-3.489898750558e-03,0.000000000000e+00,1,0.000000000000e+00,True
5287,PHYSICAL_MESH,0.5000000000,0.5000000000,5.051289126277e-02,-5.614352412522e-03,0.000000000000e+00,1,0.000000000000e+00,True
99999,RP,0.0000000000,0.5000000000,5.051289126277e-02,0.000000000000e+00,0.000000000000e+00,-1,0.000000000000e+00,True
