{
  "classification": "technical_pass_scientific_unchecked", 
  "contour_files": [
    "matched_state_01_Step-1_frame_0040_contour_sdv14_sdv15_sdv16.csv", 
    "matched_state_02_Step-1_frame_0100_contour_sdv14_sdv15_sdv16.csv", 
    "matched_state_03_Step-2_frame_0058_contour_sdv14_sdv15_sdv16.csv", 
    "matched_state_04_Step-2_frame_0100_contour_sdv14_sdv15_sdv16.csv"
  ], 
  "curve_row_count": 202, 
  "element_count": 101556, 
  "field_names_by_step": {
    "Step-1": [
      "RF", 
      "SDV1", 
      "SDV10", 
      "SDV11", 
      "SDV12", 
      "SDV13", 
      "SDV14", 
      "SDV15", 
      "SDV16", 
      "SDV2", 
      "SDV3", 
      "SDV4", 
      "SDV5", 
      "SDV6", 
      "SDV7", 
      "SDV8", 
      "SDV9", 
      "U"
    ], 
    "Step-2": [
      "RF", 
      "SDV1", 
      "SDV10", 
      "SDV11", 
      "SDV12", 
      "SDV13", 
      "SDV14", 
      "SDV15", 
      "SDV16", 
      "SDV2", 
      "SDV3", 
      "SDV4", 
      "SDV5", 
      "SDV6", 
      "SDV7", 
      "SDV8", 
      "SDV9", 
      "U"
    ]
  }, 
  "history_names_by_step": {
    "Step-1": [], 
    "Step-2": []
  }, 
  "job_time_summaries": [
    "     JOB TIME SUMMARY\n       USER TIME (SEC)      =      1.5    \n       SYSTEM TIME (SEC)    =     0.17    \n       TOTAL CPU TIME (SEC) =      1.6    \n       WALLCLOCK TIME (SEC) =            2\n1\n\n   Abaqus 2023                                  Date 16-Jul-2026   Time 07:40:07", 
    "     JOB TIME SUMMARY\n       USER TIME (SEC)      =     2.08E+03\n       SYSTEM TIME (SEC)    =      57.    \n       TOTAL CPU TIME (SEC) =     2.14E+03\n       WALLCLOCK TIME (SEC) =         2299"
  ], 
  "matched_rows": [
    {
      "abs_u2_error": 9.499490256914545e-11, 
      "description": "Increment    200: Step Time =   0.4000", 
      "frame": 40, 
      "max_sdv14": 0.03834100812673569, 
      "max_sdv15": 0.038741447031497955, 
      "max_sdv16": 0.12283158302307129, 
      "rp_rf2": 0.26728859543800354, 
      "rp_u2": 0.0020000000949949026, 
      "step": "Step-1", 
      "step_time": 0.4000000059604645, 
      "target_abs_u2": 0.002
    }, 
    {
      "abs_u2_error": 1.1175870905794083e-10, 
      "description": "Increment    500: Step Time =    1.000", 
      "frame": 100, 
      "max_sdv14": 0.31015223264694214, 
      "max_sdv15": 0.31198790669441223, 
      "max_sdv16": 1.3985720872879028, 
      "rp_rf2": 0.6462895274162292, 
      "rp_u2": 0.004999999888241291, 
      "step": "Step-1", 
      "step_time": 1.0, 
      "target_abs_u2": 0.005
    }, 
    {
      "abs_u2_error": 1.0000023990869647e-05, 
      "description": "Increment     99: Step Time =   0.5824", 
      "frame": 58, 
      "max_sdv14": 0.7044382095336914, 
      "max_sdv15": 0.7178758382797241, 
      "max_sdv16": 8.048711776733398, 
      "rp_rf2": 0.755577802658081, 
      "rp_u2": 0.0059899999760091305, 
      "step": "Step-2", 
      "step_time": 0.5823529362678528, 
      "target_abs_u2": 0.006
    }, 
    {
      "abs_u2_error": 2.056360247013056e-10, 
      "description": "Increment    170: Step Time =    1.000", 
      "frame": 100, 
      "max_sdv14": 1.0042065382003784, 
      "max_sdv15": 1.0041399002075195, 
      "max_sdv16": 1933.7052001953125, 
      "rp_rf2": 0.7491104602813721, 
      "rp_u2": 0.0066999997943639755, 
      "step": "Step-2", 
      "step_time": 1.0, 
      "target_abs_u2": 0.0067
    }
  ], 
  "node_count": 34507, 
  "odb_readable": true, 
  "status": {
    "analysis_completed_successfully": true, 
    "errors_seen": false, 
    "sta_line_count": 677, 
    "warning_lines_seen": false
  }, 
  "warnings": [
    "***WARNING: AN OUTPUT REQUEST AT EXACT TIME POINTS IS NOT SUPPORTED IN AN ANALYSIS WITH DIRECT INCREMNTATION. IT WILL BE CHANGED TO AN", 
    "***WARNING: THE *ELEMENT OUTPUT OPTION IS NOT SUPPORTED FOR USER ELEMENTS", 
    "***WARNING: THE *ELEMENT OUTPUT OPTION IS NOT SUPPORTED FOR USER ELEMENTS *Step, name=Step-2, nlgeom=NO, inc=170", 
    "***WARNING: AN OUTPUT REQUEST AT EXACT TIME POINTS IS NOT SUPPORTED IN AN ANALYSIS WITH DIRECT INCREMNTATION. IT WILL BE CHANGED TO AN", 
    "***WARNING: THE *ELEMENT OUTPUT OPTION IS NOT SUPPORTED FOR USER ELEMENTS", 
    "***WARNING: THE *ELEMENT OUTPUT OPTION IS NOT SUPPORTED FOR USER ELEMENTS *Step, name=Step-1, nlgeom=NO, inc=500"
  ]
}
