{
  "D3A5_minus_F1": -1.9312385146478574e-12,
  "classification": "stage_d3a5_phase_functional_comparison",
  "functional_at_D3A5": -7.924503675626854e-06,
  "functional_at_F1": -7.924501744388339e-06,
  "functional_reduction_from_F1": 1.9312385146478574e-12
}
