{
  "bounds_irreversibility": {
    "frame_count": 202, 
    "irreversibility": {
      "odb_precision_tolerance": 1e-06, 
      "sdv15_decrease_categories": {
        "genuine_healing_candidate": 817, 
        "near_step_transition": 0, 
        "same_location_consecutive_frames": 6113, 
        "smaller_than_odb_precision": 4816, 
        "staggered_sync_candidate": 1764
      }, 
      "sdv15_decrease_count": 6113, 
      "sdv15_largest_decrease": {
        "current_abs_sdv14_minus_sdv15": 0.00021600723266601562, 
        "current_value": 1.000875473022461, 
        "drop": 0.0004252195358276367, 
        "element": 84131, 
        "frame": 89, 
        "global_frame": 190, 
        "integration_point": 3, 
        "near_step_transition": false, 
        "previous_abs_sdv14_minus_sdv15": 0.0002065896987915039, 
        "previous_frame": 88, 
        "previous_global_frame": 189, 
        "previous_rp_u2": 0.006500000134110451, 
        "previous_step": "Step-2", 
        "previous_step_time": 0.8823529481887817, 
        "previous_value": 1.0013006925582886, 
        "rp_u2": 0.006519999820739031, 
        "smaller_than_odb_precision": false, 
        "staggered_sync_candidate": false, 
        "step": "Step-2", 
        "step_time": 0.8941176533699036
      }, 
      "sdv15_worst_drop": 0.0004252195358276367, 
      "sdv16_decrease_count": 0, 
      "sdv16_worst_drop": 0.0, 
      "tolerance": 1e-08
    }, 
    "overshoot_limited_to_final_unstable_stage": true, 
    "sdv14": {
      "above_one": 723, 
      "affected_points_still_above_one_at_final_frame": 73, 
      "all_affected_points_remain_above_one_at_final_frame": false, 
      "below_zero": 0, 
      "first_overshoot": {
        "element": 84131, 
        "frame": 79, 
        "global_frame": 180, 
        "integration_point": 3, 
        "overshoot": 0.000754237174987793, 
        "rp_u2": 0.00634999992325902, 
        "step": "Step-2", 
        "step_time": 0.7941176295280457, 
        "value": 1.0007542371749878
      }, 
      "max": 1.0055941343307495, 
      "max_overshoot": {
        "element": 84677, 
        "frame": 89, 
        "global_frame": 190, 
        "integration_point": 1, 
        "overshoot": 0.005594134330749512, 
        "rp_u2": 0.006519999820739031, 
        "step": "Step-2", 
        "step_time": 0.8941176533699036, 
        "value": 1.0055941343307495
      }, 
      "min": 0.0, 
      "overshoot_duration": {
        "first_global_frame": 180, 
        "first_rp_u2": 0.00634999992325902, 
        "frame_span": 22, 
        "last_global_frame": 201, 
        "last_rp_u2": 0.0066999997943639755
      }, 
      "unique_affected_integration_points": 76
    }, 
    "sdv14_minus_sdv15": {
      "location": {
        "element": 84187, 
        "frame": 100, 
        "integration_point": 4, 
        "rp_u2": 0.0066999997943639755, 
        "signed_difference": -0.04149508476257324, 
        "step": "Step-2", 
        "step_time": 1.0
      }, 
      "max_abs": 0.04149508476257324
    }, 
    "sdv15": {
      "above_one": 769, 
      "affected_points_still_above_one_at_final_frame": 75, 
      "all_affected_points_remain_above_one_at_final_frame": false, 
      "below_zero": 0, 
      "first_overshoot": {
        "element": 84131, 
        "frame": 78, 
        "global_frame": 179, 
        "integration_point": 3, 
        "overshoot": 0.0003368854522705078, 
        "rp_u2": 0.0063299997709691525, 
        "step": "Step-2", 
        "step_time": 0.7823529243469238, 
        "value": 1.0003368854522705
      }, 
      "max": 1.005600094795227, 
      "max_overshoot": {
        "element": 84677, 
        "frame": 88, 
        "global_frame": 189, 
        "integration_point": 1, 
        "overshoot": 0.005600094795227051, 
        "rp_u2": 0.006500000134110451, 
        "step": "Step-2", 
        "step_time": 0.8823529481887817, 
        "value": 1.005600094795227
      }, 
      "min": 0.0, 
      "overshoot_duration": {
        "first_global_frame": 179, 
        "first_rp_u2": 0.0063299997709691525, 
        "frame_span": 23, 
        "last_global_frame": 201, 
        "last_rp_u2": 0.0066999997943639755
      }, 
      "unique_affected_integration_points": 78
    }, 
    "sdv16": {
      "max": 1933.7052001953125, 
      "min": 0.0
    }, 
    "value_count_per_sdv": 82057248
  }, 
  "classification": "scientific_review_required", 
  "crack_path": {
    "phase_threshold": 0.95, 
    "reference_file": "references/derived/molnar_gravouil_2017/paper_matched_single_notch/FIGURE_REFERENCE_AUDIT.md", 
    "rows": [
      {
        "approximately_horizontal": null, 
        "connected": false, 
        "crack_extension": 0.0, 
        "crack_initiation_x": null, 
        "crack_initiation_y": null, 
        "damaged_element_count": 0, 
        "frame": 40, 
        "max_vertical_deviation": null, 
        "mean_path_deviation": null, 
        "phase_threshold": 0.95, 
        "reference_path": "qualitative horizontal ligament y=0", 
        "rp_u2": 0.0020000000949949026, 
        "source_file": "matched_state_01_Step-1_frame_0040_contour_sdv14_sdv15_sdv16.csv", 
        "step": "Step-1", 
        "target_abs_u2": 0.002
      }, 
      {
        "approximately_horizontal": null, 
        "connected": false, 
        "crack_extension": 0.0, 
        "crack_initiation_x": null, 
        "crack_initiation_y": null, 
        "damaged_element_count": 0, 
        "frame": 100, 
        "max_vertical_deviation": null, 
        "mean_path_deviation": null, 
        "phase_threshold": 0.95, 
        "reference_path": "qualitative horizontal ligament y=0", 
        "rp_u2": 0.004999999888241291, 
        "source_file": "matched_state_02_Step-1_frame_0100_contour_sdv14_sdv15_sdv16.csv", 
        "step": "Step-1", 
        "target_abs_u2": 0.005
      }, 
      {
        "approximately_horizontal": null, 
        "connected": false, 
        "crack_extension": 0.0, 
        "crack_initiation_x": null, 
        "crack_initiation_y": null, 
        "damaged_element_count": 0, 
        "frame": 58, 
        "max_vertical_deviation": null, 
        "mean_path_deviation": null, 
        "phase_threshold": 0.95, 
        "reference_path": "qualitative horizontal ligament y=0", 
        "rp_u2": 0.0059899999760091305, 
        "source_file": "matched_state_03_Step-2_frame_0058_contour_sdv14_sdv15_sdv16.csv", 
        "step": "Step-2", 
        "target_abs_u2": 0.006
      }, 
      {
        "approximately_horizontal": true, 
        "connected": true, 
        "connected_component_count": 193, 
        "crack_extension": 0.0505, 
        "crack_initiation_x": -0.0005, 
        "crack_initiation_y": 0.0005, 
        "damaged_element_count": 193, 
        "frame": 100, 
        "max_vertical_deviation": 0.0015000006999999998, 
        "mean_path_deviation": 0.0009663214955958555, 
        "phase_threshold": 0.95, 
        "reference_path": "qualitative horizontal ligament y=0", 
        "rp_u2": 0.0066999997943639755, 
        "source_file": "matched_state_04_Step-2_frame_0100_contour_sdv14_sdv15_sdv16.csv", 
        "step": "Step-2", 
        "target_abs_u2": 0.0067
      }
    ]
  }, 
  "energy": {
    "crack_surface_functional_status": "insufficient_current_odb_does_not_provide_a_valid_global_grad_d_integration_contract", 
    "external_work_trapezoid": 0.0028830400600231396, 
    "sdv12_sdv13_global_energy_status": "insufficient_in_current_extraction_requires_integration_weights_or_controlled_output_enabled_run"
  }, 
  "rf_u": {
    "comparison": {
      "common_range": [
        0.00055477, 
        0.00660309
      ], 
      "curve_nrmse": 0.24749339943787088, 
      "matched_force_errors": [
        {
          "absolute_error": 0.05761820588145938, 
          "reference_rf2": 0.20967038955654416, 
          "relative_error": 0.2748037336283998, 
          "simulation_rf2": 0.26728859543800354, 
          "status": "compared",