step,inc,u_mm,f_tensile_kN,w_ext_mJ,e_elas_mJ,e_frac_mJ,e_model_mJ,delta_book_mJ,eps_book_pct
1,1,0.00000250,0.00034544,0.00000043,0.00000043,0.00000000,0.00000043,0.00000000,0.000001
1,2,0.00000500,0.00069088,0.00000173,0.00000173,0.00000000,0.00000173,-0.00000000,0.000001
1,3,0.00000750,0.00103633,0.00000389,0.00000389,0.00000000,0.00000389,-0.00000000,0.000001
1,4,0.00001000,0.00138177,0.00000691,0.00000691,0.00000000,0.00000691,-0.00000000,0.000000
1,5,0.00001250,0.00172721,0.00001080,0.00001080,0.00000000,0.00001080,-0.00000000,0.000000
1,6,0.00001500,0.00207265,0.00001554,0.00001554,0.00000000,0.00001554,0.00000000,0.000002
1,7,0.00001750,0.00241809,0.00002116,0.00002116,0.00000000,0.00002116,-0.00000000,0.000001
1,8,0.00002000,0.00276353,0.00002764,0.00002764,0.00000000,0.00002764,0.00000000,0.000000
1,9,0.00002250,0.00310897,0.00003498,0.00003498,0.00000000,0.00003498,-0.00000000,0.000002
1,10,0.00002500,0.00345441,0.00004318,0.00004318,0.00000000,0.00004318,-0.00000000,0.000001
1,11,0.00002750,0.00379985,0.00005225,0.00005225,0.00000000,0.00005225,-0.00000000,0.000001
1,12,0.00003000,0.00414529,0.00006218,0.00006218,0.00000000,0.00006218,-0.00000000,0.000000
1,13,0.00003250,0.00449073,0.00007297,0.00007297,0.00000000,0.00007297,-0.00000000,0.000001
1,14,0.00003500,0.00483617,0.00008463,0.00008463,0.00000000,0.00008463,-0.00000000,0.000001
1,15,0.00003750,0.00518161,0.00009716,0.00009716,0.00000000,0.00009716,-0.00000000,0.000001
1,16,0.00004000,0.00552705,0.00011054,0.00011054,0.00000000,0.00011054,-0.00000000,0.000004
1,17,0.00004250,0.00587249,0.00012479,0.00012479,0.00000000,0.00012479,-0.00000000,0.000003
1,18,0.00004500,0.00621793,0.00013990,0.00013990,0.00000000,0.00013990,-0.00000000,0.000002
1,19,0.00004750,0.00656337,0.00015588,0.00015588,0.00000000,0.00015588,-0.00000000,0.000003
1,20,0.00005000,0.00690881,0.00017272,0.00017272,0.00000000,0.00017272,-0.00000000,0.000000
1,21,0.00005250,0.00725424,0.00019042,0.00019042,0.00000000,0.00019042,-0.00000000,0.000002
1,22,0.00005500,0.00759968,0.00020899,0.00020899,0.00000000,0.00020899,-0.00000000,0.000003
1,23,0.00005750,0.00794512,0.00022842,0.00022842,0.00000000,0.00022842,0.00000000,0.000001
1,24,0.00006000,0.00829055,0.00024872,0.00024872,0.00000000,0.00024872,-0.00000000,0.000002
1,25,0.00006250,0.00863599,0.00026988,0.00026987,0.00000000,0.00026988,-0.00000000,0.000003
1,26,0.00006500,0.00898142,0.00029190,0.00029190,0.00000000,0.00029190,-0.00000000,0.000002
1,27,0.00006750,0.00932686,0.00031478,0.00031478,0.00000000,0.00031478,-0.00000000,0.000003
1,28,0.00007000,0.00967229,0.00033853,0.00033853,0.00000000,0.00033853,-0.00000000,0.000001
1,29,0.00007250,0.01001772,0.00036314,0.00036314,0.00000000,0.00036314,-0.00000000,0.000001
1,30,0.00007500,0.01036316,0.00038862,0.00038862,0.00000000,0.00038862,-0.00000000,0.000002
1,31,0.00007750,0.01070859,0.00041496,0.00041496,0.00000000,0.00041496,-0.00000000,0.000003
1,32,0.00008000,0.01105402,0.00044216,0.00044216,0.00000000,0.00044216,-0.00000000,0.000003
1,33,0.00008250,0.01139945,0.00047023,0.00047023,0.00000000,0.00047023,-0.00000000,0.000002
1,34,0.00008500,0.01174488,0.00049916,0.00049916,0.00000000,0.00049916,-0.00000000,0.000003
1,35,0.00008750,0.01209031,0.00052895,0.00052895,0.00000000,0.00052895,-0.00000000,0.000002
1,36,0.00009000,0.01243574,0.00055961,0.00055961,0.00000000,0.00055961,-0.00000000,0.000003
1,37,0.00009250,0.01278117,0.00059113,0.00059113,0.00000000,0.00059113,-0.00000000,0.000003
1,38,0.00009500,0.01312659,0.00062352,0.00062351,0.00000000,0.00062352,-0.00000000,0.000002
1,39,0.00009750,0.01347202,0.00065677,0.00065676,0.00000001,0.00065677,-0.00000000,0.000004
1,40,0.00010000,0.01381745,0.00069088,0.00069087,0.00000001,0.00069088,-0.00000000,0.000002
1,41,0.00010250,0.01416287,0.00072585,0.00072585,0.00000001,0.00072585,-0.00000000,0.000003
1,42,0.00010500,0.01450829,0.00076169,0.00076169,0.00000001,0.00076169,-0.00000000,0.000003
1,43,0.00010750,0.01485372,0.00079839,0.00079839,0.00000001,0.00079839,-0.00000000,0.000003
1,44,0.00011000,0.01519914,0.00083596,0.00083595,0.00000001,0.00083596,-0.00000000,0.000003
1,45,0.00011250,0.01554456,0.00087439,0.00087438,0.00000001,0.00087439,-0.00000000,0.000004
1,46,0.00011500,0.01588998,0.00091368,0.00091367,0.00000001,0.00091368,-0.00000000,0.000003
1,47,0.00011750,0.01623540,0.00095384,0.00095383,0.00000001,0.00095384,-0.00000000,0.000004
1,48,0.00012000,0.01658082,0.00099486,0.00099485,0.00000001,0.00099486,-0.00000000,0.000004
1,49,0.00012250,0.01692624,0.00103674,0.00103673,0.00000001,0.00103674,-0.00000000,0.000005
1,50,0.00012500,0.01727165,0.00107949,0.00107948,0.00000001,0.00107949,-0.00000000,0.000004
1,51,0.00012750,0.01761707,0.00112310,0.00112309,0.00000001,0.00112310,-0.00000000,0.000006
1,52,0.00013000,0.01796248,0.00116758,0.00116756,0.00000002,0.00116758,-0.00000000,0.000002
1,53,0.00013250,0.01830789,0.00121292,0.00121290,0.00000002,0.00121292,-0.00000000,0.000001
1,54,0.00013500,0.01865330,0.00125912,0.00125910,0.00000002,0.00125912,-0.00000000,0.000004
1,55,0.00013750,0.01899872,0.00130618,0.00130616,0.00000002,0.00130618,-0.00000000,0.000002
1,56,0.00014000,0.01934413,0.00135411,0.00135409,0.00000002,0.00135411,-0.00000000,0.000005
1,57,0.00014250,0.01968953,0.00140290,0.00140288,0.00000002,0.00140290,-0.00000000,0.000004
1,58,0.00014500,0.02003494,0.00145256,0.00145253,0.00000002,0.00145256,-0.00000000,0.000008
1,59,0.00014750,0.02038035,0.00150308,0.00150305,0.00000003,0.00150308,-0.00000000,0.000002
1,60,0.00015000,0.02072575,0.00155446,0.00155443,0.00000003,0.00155446,-0.00000000,0.000003
1,61,0.00015250,0.02107116,0.00160671,0.00160668,0.00000003,0.00160671,-0.00000000,0.000008
1,62,0.00015500,0.02141656,0.00165982,0.00165978,0.00000003,0.00165982,-0.00000000,0.000007
1,63,0.00015750,0.02176196,0.00171379,0.00171375,0.00000003,0.00171379,-0.00000000,0.000005
1,64,0.00016000,0.02210736,0.00176863,0.00176859,0.00000004,0.00176863,-0.00000000,0.000003
1,65,0.00016250,0.02245276,0.00182433,0.00182429,0.00000004,0.00182433,-0.00000000,0.000008
1,66,0.00016500,0.02279816,0.00188089,0.00188085,0.00000004,0.00188089,-0.00000000,0.000008
1,67,0.00016750,0.02314355,0.00193832,0.00193827,0.00000004,0.00193832,-0.00000000,0.000003
1,68,0.00017000,0.02348895,0.00199661,0.00199656,0.00000005,0.00199661,-0.00000000,0.000006
1,69,0.00017250,0.02383434,0.00205576,0.00205571,0.00000005,0.00205576,-0.00000000,0.000005
1,70,0.00017500,0.02417973,0.00211578,0.00211573,0.00000005,0.00211578,-0.00000000,0.000007
1,71,0.00017750,0.02452512,0.00217666,0.00217660,0.00000006,0.00217666,-0.00000000,0.000006
1,72,0.00018000,0.02487051,0.00223840,0.00223835,0.00000006,0.00223840,-0.00000000,0.000007
1,73,0.00018250,0.02521589,0.00230101,0.00230095,0.00000006,0.00230101,-0.00000000,0.000007
1,74,0.00018500,0.02556128,0.00236448,0.00236442,0.00000007,0.00236448,-0.00000000,0.000006
1,75,0.00018750,0.02590666,0.00242882,0.00242875,0.00000007,0.00242882,-0.00000000,0.000009
1,76,0.00019000,0.02625205,0.00249402,0.00249394,0.00000007,0.00249402,-0.00000000,0.000007
1,77,0.00019250,0.02659743,0.00256008,0.00256000,0.00000008,0.00256008,-0.00000000,0.000008
1,78,0.00019500,0.02694281,0.00262700,0.00262692,0.00000008,0.00262700,-0.00000000,0.000006
1,79,0.00019750,0.02728818,0.00269479,0.00269471,0.00000008,0.00269479,-0.00000000,0.000009
1,80,0.00020000,0.02763356,0.00276344,0.00276336,0.00000009,0.00276344,-0.00000000,0.000008
1,81,0.00020250,0.02797893,0.00283296,0.00283287,0.00000009,0.00283296,-0.00000000,0.000008
1,82,0.00020500,0.02832431,0.00290334,0.00290324,0.00000010,0.00290334,-0.00000000,0.000010
1,83,0.00020750,0.02866968,0.00297458,0.00297448,0.00000010,0.00297458,-0.00000000,0.000009
1,84,0.00021000,0.02901505,0.00304669,0.00304658,0.00000011,0.00304669,-0.00000000,0.000008
1,85,0.00021250,0.02936041,0.00311966,0.00311954,0.00000011,0.00311966,-0.00000000,0.000008
1,86,0.00021500,0.02970578,0.00319349,0.00319337,0.00000012,0.00319349,-0.00000000,0.000010
1,87,0.00021750,0.03005114,0.00326819,0.00326806,0.00000012,0.00326819,-0.00000000,0.000009
1,88,0.00022000,0.03039651,0.00334375,0.00334362,0.00000013,0.00334375,-0.00000000,0.000011
1,89,0.00022250,0.03074187,0.00342017,0.00342003,0.00000014,0.00342017,-0.00000000,0.000009
1,90,0.00022500,0.03108722,0.00349745,0.00349731,0.00000014,0.00349746,-0.00000000,0.000011
1,91,0.00022750,0.03143258,0.00357560,0.00357546,0.00000015,0.00357561,-0.00000000,0.000010
1,92,0.00023000,0.03177794,0.00365462,0.00365446,0.00000016,0.00365462,-0.00000000,0.000010
1,93,0.00023250,0.03212329,0.00373449,0.00373433,0.00000016,0.00373449,-0.00000000,0.000011
1,94,0.00023500,0.03246864,0.00381523,0.00381507,0.00000017,0.00381523,-0.00000000,0.000011
1,95,0.00023750,0.03281399,0.00389684,0.00389666,0.00000018,0.00389684,-0.00000000,0.000012
1,96,0.00024000,0.03315933,0.00397930,0.00397912,0.00000018,0.00397930,-0.00000000,0.000012
1,97,0.00024250,0.03350468,0.00406263,0.00406244,0.00000019,0.00406263,-0.00000000,0.000011
1,98,0.00024500,0.03385002,0.00414683,0.00414663,0.00000020,0.00414683,-0.00000000,0.000010
1,99,0.00024750,0.03419536,0.00423188,0.00423168,0.00000021,0.00423188,-0.00000000,0.000012
1,100,0.00025000,0.03454070,0.00431780,0.00431759,0.00000022,0.00431780,-0.00000000,0.000011
1,101,0.00025250,0.03488604,0.00440459,0.00440436,0.00000023,0.00440459,-0.00000000,0.000013
1,102,0.00025500,0.03523137,0.00449223,0.00449200,0.00000024,0.00449224,-0.00000000,0.000013
1,103,0.00025750,0.03557671,0.00458074,0.00458050,0.00000024,0.00458075,-0.00000000,0.000012
1,104,0.00026000,0.03592204,0.00467012,0.00466986,0.00000025,0.00467012,-0.00000000,0.000012
1,105,0.00026250,0.03626736,0.00476035,0.00476009,0.00000026,0.00476036,-0.00000000,0.000013
1,106,0.00026500,0.03661269,0.00485145,0.00485118,0.00000027,0.00485146,-0.00000000,0.000013
1,107,0.00026750,0.03695801,0.00494342,0.00494313,0.00000028,0.00494342,-0.00000000,0.000013
1,108,0.00027000,0.03730333,0.00503624,0.00503595,0.00000030,0.00503625,-0.00000000,0.000013
1,109,0.00027250,0.03764865,0.00512993,0.00512963,0.00000031,0.00512994,-0.00000000,0.000013
1,110,0.00027500,0.03799397,0.00522449,0.00522417,0.00000032,0.00522449,-0.00000000,0.000013
1,111,0.00027750,0.03833929,0.00531990,0.00531958,0.00000033,0.00531991,-0.00000000,0.000014
1,112,0.00028000,0.03868460,0.00541618,0.00541584,0.00000034,0.00541619,-0.00000000,0.000014
1,113,0.00028250,0.03902991,0.00551333,0.00551297,0.00000035,0.00551333,-0.00000000,0.000014
1,114,0.00028500,0.03937522,0.00561133,0.00561097,0.00000037,0.00561134,-0.00000000,0.000016
1,115,0.00028750,0.03972052,0.00571020,0.00570982,0.00000038,0.00571020,-0.00000000,0.000015
1,116,0.00029000,0.04006582,0.00580994,0.00580954,0.00000039,0.00580994,-0.00000000,0.000015
1,117,0.00029250,0.04041112,0.00591053,0.00591013,0.00000041,0.00591053,-0.00000000,0.000016
1,118,0.00029500,0.04075642,0.00601199,0.00601157,0.00000042,0.00601199,-0.00000000,0.000017
1,119,0.00029750,0.04110172,0.00611432,0.00611388,0.00000044,0.00611432,-0.00000000,0.000016
1,120,0.00030000,0.04144701,0.00621750,0.00621705,0.00000045,0.00621750,-0.00000000,0.000016
1,121,0.00030250,0.04179230,0.00632155,0.00632109,0.00000047,0.00632155,-0.00000000,0.000017
1,122,0.00030500,0.04213759,0.00642646,0.00642598,0.00000048,0.00642646,-0.00000000,0.000017
1,123,0.00030750,0.04248288,0.00653224,0.00653174,0.00000050,0.00653224,-0.00000000,0.000018
1,124,0.00031000,0.04282816,0.00663888,0.00663836,0.00000051,0.00663888,-0.00000000,0.000017
1,125,0.00031250,0.04317344,0.00674638,0.00674585,0.00000053,0.00674638,-0.00000000,0.000018
1,126,0.00031500,0.04351872,0.00685474,0.00685420,0.00000055,0.00685475,-0.00000000,0.000019
1,127,0.00031750,0.04386399,0.00696397,0.00696341,0.00000056,0.00696397,-0.00000000,0.000018
1,128,0.00032000,0.04420926,0.00707406,0.00707348,0.00000058,0.00707407,-0.00000000,0.000018
1,129,0.00032250,0.04455453,0.00718502,0.00718442,0.00000060,0.00718502,-0.00000000,0.000019
1,130,0.00032500,0.04489980,0.00729684,0.00729622,0.00000062,0.00729684,-0.00000000,0.000020
1,131,0.00032750,0.04524507,0.00740952,0.00740888,0.00000064,0.00740952,-0.00000000,0.000020
1,132,0.00033000,0.04559033,0.00752306,0.00752240,0.00000066,0.00752306,-0.00000000,0.000019
1,133,0.00033250,0.04593559,0.00763747,0.00763679,0.00000068,0.00763747,-0.00000000,0.000021
1,134,0.00033500,0.04628084,0.00775274,0.00775204,0.00000070,0.00775274,-0.00000000,0.000021
1,135,0.00033750,0.04662610,0.00786887,0.00786815,0.00000072,0.00786888,-0.00000000,0.000021
1,136,0.00034000,0.04697135,0.00798587,0.00798513,0.00000074,0.00798587,-0.00000000,0.000021
1,137,0.00034250,0.04731660,0.00810373,0.00810297,0.00000077,0.00810373,-0.00000000,0.000021
1,138,0.00034500,0.04766184,0.00822245,0.00822167,0.00000079,0.00822246,-0.00000000,0.000022
1,139,0.00034750,0.04800708,0.00834204,0.00834123,0.00000081,0.00834204,-0.00000000,0.000022
1,140,0.00035000,0.04835232,0.00846249,0.00846166,0.00000083,0.00846249,-0.00000000,0.000023
1,141,0.00035250,0.04869756,0.00858380,0.00858294,0.00000086,0.00858380,-0.00000000,0.000023
1,142,0.00035500,0.04904279,0.00870598,0.00870510,0.00000088,0.00870598,-0.00000000,0.000022
1,143,0.00035750,0.04938802,0.00882902,0.00882811,0.00000091,0.00882902,-0.00000000,0.000023
1,144,0.00036000,0.04973325,0.00895292,0.00895199,0.00000093,0.00895292,-0.00000000,0.000024
1,145,0.00036250,0.05007847,0.00907768,0.00907672,0.00000096,0.00907768,-0.00000000,0.000024
1,146,0.00036500,0.05042370,0.00920331,0.00920232,0.00000099,0.00920331,-0.00000000,0.000024
1,147,0.00036750,0.05076891,0.00932980,0.00932879,0.00000101,0.00932980,-0.00000000,0.000025
1,148,0.00037000,0.05111413,0.00945715,0.00945611,0.00000104,0.00945716,-0.00000000,0.000025
1,149,0.00037250,0.05145934,0.00958537,0.00958430,0.00000107,0.00958537,-0.00000000,0.000025
1,150,0.00037500,0.05180455,0.00971445,0.00971335,0.00000110,0.00971445,-0.00000000,0.000025
1,151,0.00037750,0.05214976,0.00984439,0.00984327,0.00000113,0.00984440,-0.00000000,0.000026
1,152,0.00038000,0.05249496,0.00997520,0.00997404,0.00000116,0.00997520,-0.00000000,0.000026
1,153,0.00038250,0.05284016,0.01010687,0.01010568,0.00000119,0.01010687,-0.00000000,0.000030
1,154,0.00038500,0.05318536,0.01023940,0.01023818,0.00000122,0.01023940,-0.00000000,0.000025
1,155,0.00038750,0.05353055,0.01037279,0.01037154,0.00000125,0.01037280,-0.00000000,0.000026
1,156,0.00039000,0.05387574,0.01050705,0.01050577,0.00000129,0.01050706,-0.00000000,0.000024
1,157,0.00039250,0.05422093,0.01064217,0.01064086,0.00000132,0.01064218,-0.00000000,0.000028
1,158,0.00039500,0.05456611,0.01077816,0.01077681,0.00000135,0.01077816,-0.00000000,0.000029
1,159,0.00039750,0.05491129,0.01091500,0.01091362,0.00000139,0.01091501,-0.00000000,0.000027
1,160,0.00040000,0.05525647,0.01105271,0.01105129,0.00000142,0.01105272,-0.00000000,0.000032
1,161,0.00040250,0.05560164,0.01119129,0.01118983,0.00000146,0.01119129,-0.00000000,0.000034
1,162,0.00040500,0.05594681,0.01133072,0.01132923,0.00000150,0.01133073,-0.00000000,0.000034
1,163,0.00040750,0.05629198,0.01147102,0.01146949,0.00000153,0.01147102,-0.00000000,0.000031
1,164,0.00041000,0.05663714,0.01161218,0.01161061,0.00000157,0.01161219,-0.00000000,0.000027
1,165,0.00041250,0.05698230,0.01175421,0.01175260,0.00000161,0.01175421,-0.00000000,0.000030
1,166,0.00041500,0.05732746,0.01189709,0.01189545,0.00000165,0.01189710,-0.00000000,0.000031
1,167,0.00041750,0.05767261,0.01204084,0.01203916,0.00000169,0.01204085,-0.00000000,0.000031
1,168,0.00042000,0.05801776,0.01218546,0.01218373,0.00000173,0.01218546,-0.00000000,0.000029
1,169,0.00042250,0.05836291,0.01233093,0.01232916,0.00000177,0.01233094,-0.00000000,0.000035
1,170,0.00042500,0.05870805,0.01247727,0.01247546,0.00000181,0.01247727,-0.00000000,0.000031
1,171,0.00042750,0.05905319,0.01262447,0.01262262,0.00000186,0.01262448,-0.00000000,0.000035
1,172,0.00043000,0.05939833,0.01277254,0.01277064,0.00000190,0.01277254,-0.00000000,0.000030
1,173,0.00043250,0.05974346,0.01292146,0.01291952,0.00000195,0.01292147,-0.00000000,0.000032
1,174,0.00043500,0.06008859,0.01307125,0.01306927,0.00000199,0.01307126,-0.00000000,0.000034
1,175,0.00043750,0.06043371,0.01322191,0.01321988,0.00000204,0.01322191,-0.00000000,0.000036
1,176,0.00044000,0.06077883,0.01337342,0.01337134,0.00000208,0.01337343,-0.00000001,0.000038
1,177,0.00044250,0.06112395,0.01352580,0.01352367,0.00000213,0.01352581,-0.00000000,0.000032
1,178,0.00044500,0.06146907,0.01367904,0.01367687,0.00000218,0.01367905,-0.00000000,0.000034
1,179,0.00044750,0.06181418,0.01383315,0.01383092,0.00000223,0.01383315,-0.00000001,0.000036
1,180,0.00045000,0.06215928,0.01398811,0.01398584,0.00000228,0.01398812,-0.00000001,0.000039
1,181,0.00045250,0.06250439,0.01414394,0.01414162,0.00000233,0.01414395,-0.00000000,0.000035
1,182,0.00045500,0.06284948,0.01430064,0.01429826,0.00000238,0.01430064,-0.00000001,0.000039
1,183,0.00045750,0.06319458,0.01445819,0.01445576,0.00000244,0.01445820,-0.00000001,0.000037
1,184,0.00046000,0.06353967,0.01461661,0.01461412,0.00000249,0.01461661,-0.00000001,0.000035
1,185,0.00046250,0.06388476,0.01477589,0.01477335,0.00000254,0.01477589,-0.00000001,0.000035
1,186,0.00046500,0.06422984,0.01493603,0.01493344,0.00000260,0.01493604,-0.00000001,0.000036
1,187,0.00046750,0.06457492,0.01509704,0.01509439,0.00000266,0.01509704,-0.00000001,0.000039
1,188,0.00047000,0.06492000,0.01525891,0.01525620,0.00000271,0.01525891,-0.00000001,0.000042
1,189,0.00047250,0.06526507,0.01542164,0.01541887,0.00000277,0.01542164,-0.00000001,0.000041
1,190,0.00047500,0.06561014,0.01558523,0.01558241,0.00000283,0.01558524,-0.00000001,0.000041
1,191,0.00047750,0.06595520,0.01574969,0.01574680,0.00000289,0.01574970,-0.00000001,0.000043
1,192,0.00048000,0.06630026,0.01591501,0.01591206,0.00000295,0.01591501,-0.00000001,0.000041
1,193,0.00048250,0.06664532,0.01608119,0.01607818,0.00000301,0.01608120,-0.00000001,0.000040
1,194,0.00048500,0.06699037,0.01624823,0.01624516,0.00000308,0.01624824,-0.00000001,0.000042
1,195,0.00048750,0.06733542,0.01641614,0.01641301,0.00000314,0.01641615,-0.00000001,0.000040
1,196,0.00049000,0.06768046,0.01658491,0.01658171,0.00000321,0.01658492,-0.00000001,0.000046
1,197,0.00049250,0.06802550,0.01675454,0.01675128,0.00000327,0.01675455,-0.00000001,0.000042
1,198,0.00049500,0.06837054,0.01692504,0.01692171,0.00000334,0.01692505,-0.00000001,0.000041
1,199,0.00049750,0.06871557,0.01709640,0.01709300,0.00000341,0.01709640,-0.00000001,0.000043
1,200,0.00050000,0.06906060,0.01726862,0.01726515,0.00000348,0.01726863,-0.00000001,0.000047
1,201,0.00050250,0.06940562,0.01744170,0.01743816,0.00000355,0.01744171,-0.00000001,0.000048
1,202,0.00050500,0.06975064,0.01761565,0.01761204,0.00000362,0.01761565,-0.00000001,0.000046
1,203,0.00050750,0.07009566,0.01779045,0.01778677,0.00000369,0.01779046,-0.00000001,0.000047
1,204,0.00051000,0.07044067,0.01796612,0.01796237,0.00000376,0.01796613,-0.00000001,0.000045
1,205,0.00051250,0.07078567,0.01814266,0.01813883,0.00000384,0.01814266,-0.00000001,0.000047
1,206,0.00051500,0.07113068,0.01832005,0.01831615,0.00000391,0.01832006,-0.00000001,0.000046
1,207,0.00051750,0.07147568,0.01849831,0.01849433,0.00000399,0.01849832,-0.00000001,0.000049
1,208,0.00052000,0.07182067,0.01867743,0.01867337,0.00000407,0.01867744,-0.00000001,0.000050
1,209,0.00052250,0.07216566,0.01885741,0.01885328,0.00000414,0.01885742,-0.00000001,0.000048
1,210,0.00052500,0.07251064,0.01903826,0.01903404,0.00000422,0.01903827,-0.00000001,0.000051
1,211,0.00052750,0.07285562,0.01921997,0.01921567,0.00000431,0.01921998,-0.00000001,0.000051
1,212,0.00053000,0.07320060,0.01940254,0.01939816,0.00000439,0.01940255,-0.00000001,0.000050
1,213,0.00053250,0.07354557,0.01958597,0.01958151,0.00000447,0.01958598,-0.00000001,0.000048
1,214,0.00053500,0.07389054,0.01977026,0.01976572,0.00000456,0.01977027,-0.00000001,0.000050
1,215,0.00053750,0.07423550,0.01995542,0.01995079,0.00000464,0.01995543,-0.00000001,0.000050
1,216,0.00054000,0.07458046,0.02014144,0.02013672,0.00000473,0.02014145,-0.00000001,0.000050
1,217,0.00054250,0.07492541,0.02032832,0.02032352,0.00000482,0.02032834,-0.00000001,0.000054
1,218,0.00054500,0.07527036,0.02051607,0.02051117,0.00000491,0.02051608,-0.00000001,0.000052
1,219,0.00054750,0.07561531,0.02070468,0.02069969,0.00000500,0.02070469,-0.00000001,0.000054
1,220,0.00055000,0.07596025,0.02089415,0.02088907,0.00000509,0.02089416,-0.00000001,0.000055
1,221,0.00055250,0.07630519,0.02108448,0.02107931,0.00000518,0.02108449,-0.00000001,0.000057
1,222,0.00055500,0.07665012,0.02127567,0.02127041,0.00000528,0.02127568,-0.00000001,0.000053
1,223,0.00055750,0.07699504,0.02146773,0.02146237,0.00000537,0.02146774,-0.00000001,0.000054
1,224,0.00056000,0.07733997,0.02166065,0.02165519,0.00000547,0.02166066,-0.00000001,0.000054
1,225,0.00056250,0.07768488,0.02185443,0.02184887,0.00000557,0.02185444,-0.00000001,0.000055
1,226,0.00056500,0.07802980,0.02204907,0.02204342,0.00000567,0.02204908,-0.00000001,0.000056
1,227,0.00056750,0.07837470,0.02224458,0.02223882,0.00000577,0.02224459,-0.00000001,0.000057
1,228,0.00057000,0.07871961,0.02244094,0.02243509,0.00000587,0.02244096,-0.00000001,0.000058
1,229,0.00057250,0.07906450,0.02263817,0.02263222,0.00000597,0.02263819,-0.00000001,0.000060
1,230,0.00057500,0.07940940,0.02283627,0.02283020,0.00000608,0.02283628,-0.00000001,0.000058
1,231,0.00057750,0.07975429,0.02303522,0.02302905,0.00000618,0.02303524,-0.00000001,0.000061
1,232,0.00058000,0.08009917,0.02323504,0.02322876,0.00000629,0.02323505,-0.00000001,0.000060
1,233,0.00058250,0.08044405,0.02343572,0.02342933,0.00000640,0.02343573,-0.00000001,0.000061
1,234,0.00058500,0.08078893,0.02363726,0.02363076,0.00000651,0.02363727,-0.00000001,0.000062
1,235,0.00058750,0.08113379,0.02383966,0.02383305,0.00000662,0.02383968,-0.00000001,0.000060
1,236,0.00059000,0.08147866,0.02404293,0.02403620,0.00000674,0.02404294,-0.00000002,0.000063
1,237,0.00059250,0.08182352,0.02424706,0.02424022,0.00000685,0.02424707,-0.00000002,0.000064
1,238,0.00059500,0.08216838,0.02445205,0.02444509,0.00000697,0.02445206,-0.00000002,0.000065
1,239,0.00059750,0.08251322,0.02465790,0.02465083,0.00000709,0.02465791,-0.00000002,0.000064
1,240,0.00060000,0.08285807,0.02486461,0.02485742,0.00000721,0.02486463,-0.00000002,0.000065
1,241,0.00060250,0.08320291,0.02507219,0.02506488,0.00000733,0.02507220,-0.00000002,0.000063
1,242,0.00060500,0.08354774,0.02528063,0.02527319,0.00000745,0.02528064,-0.00000002,0.000067
1,243,0.00060750,0.08389257,0.02548993,0.02548237,0.00000757,0.02548994,-0.00000002,0.000064
1,244,0.00061000,0.08423740,0.02570009,0.02569241,0.00000770,0.02570011,-0.00000002,0.000067
1,245,0.00061250,0.08458222,0.02591111,0.02590331,0.00000783,0.02591113,-0.00000002,0.000069
1,246,0.00061500,0.08492703,0.02612300,0.02611506,0.00000795,0.02612302,-0.00000002,0.000068
1,247,0.00061750,0.08527184,0.02633575,0.02632768,0.00000809,0.02633577,-0.00000002,0.000070
1,248,0.00062000,0.08561665,0.02654936,0.02654116,0.00000822,0.02654938,-0.00000002,0.000070
1,249,0.00062250,0.08596145,0.02676383,0.02675550,0.00000835,0.02676385,-0.00000002,0.000068
1,250,0.00062500,0.08630624,0.02697917,0.02697070,0.00000849,0.02697919,-0.00000002,0.000069
1,251,0.00062750,0.08665103,0.02719536,0.02718676,0.00000862,0.02719538,-0.00000002,0.000069
1,252,0.00063000,0.08699581,0.02741242,0.02740368,0.00000876,0.02741244,-0.00000002,0.000071
1,253,0.00063250,0.08734059,0.02763034,0.02762146,0.00000890,0.02763036,-0.00000002,0.000071
1,254,0.00063500,0.08768536,0.02784912,0.02784010,0.00000904,0.02784914,-0.00000002,0.000071
1,255,0.00063750,0.08803013,0.02806877,0.02805960,0.00000918,0.02806879,-0.00000002,0.000074
1,256,0.00064000,0.08837489,0.02828928,0.02827997,0.00000933,0.02828930,-0.00000002,0.000072
1,257,0.00064250,0.08871965,0.02851064,0.02850119,0.00000948,0.02851066,-0.00000002,0.000073
1,258,0.00064500,0.08906440,0.02873287,0.02872327,0.00000962,0.02873289,-0.00000002,0.000074
1,259,0.00064750,0.08940915,0.02895597,0.02894621,0.00000977,0.02895599,-0.00000002,0.000074
1,260,0.00065000,0.08975389,0.02917992,0.02917002,0.00000993,0.02917994,-0.00000002,0.000077
1,261,0.00065250,0.09009863,0.02940473,0.02939468,0.00001008,0.02940476,-0.00000002,0.000076
1,262,0.00065500,0.09044336,0.02963041,0.02962020,0.00001024,0.02963043,-0.00000002,0.000075
1,263,0.00065750,0.09078808,0.02985695,0.02984658,0.00001039,0.02985697,-0.00000002,0.000078
1,264,0.00066000,0.09113280,0.03008435,0.03007382,0.00001055,0.03008438,-0.00000002,0.000077
1,265,0.00066250,0.09147751,0.03031262,0.03030193,0.00001071,0.03031264,-0.00000002,0.000079
1,266,0.00066500,0.09182222,0.03054174,0.03053089,0.00001088,0.03054176,-0.00000002,0.000078
1,267,0.00066750,0.09216693,0.03077173,0.03076071,0.00001104,0.03077175,-0.00000002,0.000078
1,268,0.00067000,0.09251162,0.03100257,0.03099139,0.00001121,0.03100260,-0.00000003,0.000081
1,269,0.00067250,0.09285631,0.03123428,0.03122294,0.00001137,0.03123431,-0.00000003,0.000082
1,270,0.00067500,0.09320100,0.03146686,0.03145534,0.00001154,0.03146688,-0.00000003,0.000082
1,271,0.00067750,0.09354568,0.03170029,0.03168860,0.00001172,0.03170032,-0.00000003,0.000081
1,272,0.00068000,0.09389035,0.03193458,0.03192272,0.00001189,0.03193461,-0.00000003,0.000083
1,273,0.00068250,0.09423502,0.03216974,0.03215770,0.00001207,0.03216977,-0.00000003,0.000083
1,274,0.00068500,0.09457969,0.03240576,0.03239354,0.00001224,0.03240579,-0.00000003,0.000083
1,275,0.00068750,0.09492435,0.03264264,0.03263024,0.00001242,0.03264267,-0.00000003,0.000085
1,276,0.00069000,0.09526900,0.03288038,0.03286780,0.00001261,0.03288041,-0.00000003,0.000084
1,277,0.00069250,0.09561364,0.03311899,0.03310622,0.00001279,0.03311901,-0.00000003,0.000085
1,278,0.00069500,0.09595828,0.03335845,0.03334550,0.00001297,0.03335848,-0.00000003,0.000087
1,279,0.00069750,0.09630292,0.03359878,0.03358564,0.00001316,0.03359881,-0.00000003,0.000087
1,280,0.00070000,0.09664755,0.03383996,0.03382664,0.00001335,0.03383999,-0.00000003,0.000088
1,281,0.00070250,0.09699217,0.03408201,0.03406850,0.00001354,0.03408204,-0.00000003,0.000088
1,282,0.00070500,0.09733679,0.03432493,0.03431122,0.00001374,0.03432496,-0.00000003,0.000090
1,283,0.00070750,0.09768140,0.03456870,0.03455480,0.00001393,0.03456873,-0.00000003,0.000089
1,284,0.00071000,0.09802600,0.03481333,0.03479923,0.00001413,0.03481336,-0.00000003,0.000091
1,285,0.00071250,0.09837060,0.03505883,0.03504453,0.00001433,0.03505886,-0.00000003,0.000092
1,286,0.00071500,0.09871520,0.03530519,0.03529068,0.00001453,0.03530522,-0.00000003,0.000091
1,287,0.00071750,0.09905978,0.03555240,0.03553770,0.00001474,0.03555244,-0.00000003,0.000092
1,288,0.00072000,0.09940437,0.03580048,0.03578557,0.00001495,0.03580052,-0.00000003,0.000092
1,289,0.00072250,0.09974894,0.03604943,0.03603431,0.00001515,0.03604946,-0.00000003,0.000092
1,290,0.00072500,0.10009351,0.03629923,0.03628390,0.00001536,0.03629926,-0.00000003,0.000094
1,291,0.00072750,0.10043808,0.03654989,0.03653435,0.00001558,0.03654993,-0.00000003,0.000094
1,292,0.00073000,0.10078263,0.03680142,0.03678566,0.00001579,0.03680145,-0.00000003,0.000095
1,293,0.00073250,0.10112718,0.03705381,0.03703783,0.00001601,0.03705384,-0.00000004,0.000095
1,294,0.00073500,0.10147173,0.03730706,0.03729086,0.00001623,0.03730709,-0.00000004,0.000097
1,295,0.00073750,0.10181627,0.03756117,0.03754475,0.00001645,0.03756120,-0.00000004,0.000097
1,296,0.00074000,0.10216080,0.03781614,0.03779950,0.00001668,0.03781617,-0.00000004,0.000098
1,297,0.00074250,0.10250533,0.03807197,0.03805510,0.00001690,0.03807201,-0.00000004,0.000097
1,298,0.00074500,0.10284985,0.03832866,0.03831157,0.00001713,0.03832870,-0.00000004,0.000099
1,299,0.00074750,0.10319436,0.03858622,0.03856889,0.00001736,0.03858626,-0.00000004,0.000101
1,300,0.00075000,0.10353887,0.03884464,0.03882708,0.00001760,0.03884467,-0.00000004,0.000100
1,301,0.00075250,0.10388337,0.03910391,0.03908612,0.00001783,0.03910395,-0.00000004,0.000102
1,302,0.00075500,0.10422787,0.03936405,0.03934602,0.00001807,0.03936409,-0.00000004,0.000102
1,303,0.00075750,0.10457236,0.03962505,0.03960678,0.00001831,0.03962509,-0.00000004,0.000102
1,304,0.00076000,0.10491684,0.03988691,0.03986840,0.00001855,0.03988695,-0.00000004,0.000102
1,305,0.00076250,0.10526132,0.04014964,0.04013088,0.00001880,0.04014968,-0.00000004,0.000103
1,306,0.00076500,0.10560579,0.04041322,0.04039422,0.00001905,0.04041326,-0.00000004,0.000105
1,307,0.00076750,0.10595025,0.04067767,0.04065841,0.00001930,0.04067771,-0.00000004,0.000105
1,308,0.00077000,0.10629471,0.04094297,0.04092346,0.00001955,0.04094301,-0.00000004,0.000106
1,309,0.00077250,0.10663916,0.04120914,0.04118938,0.00001981,0.04120918,-0.00000004,0.000107
1,310,0.00077500,0.10698361,0.04147617,0.04145615,0.00002006,0.04147621,-0.00000004,0.000107
1,311,0.00077750,0.10732805,0.04174406,0.04172378,0.00002032,0.04174410,-0.00000004,0.000108
1,312,0.00078000,0.10767248,0.04201281,0.04199227,0.00002059,0.04201285,-0.00000005,0.000109
1,313,0.00078250,0.10801690,0.04228242,0.04226161,0.00002085,0.04228247,-0.00000005,0.000110
1,314,0.00078500,0.10836132,0.04255289,0.04253182,0.00002112,0.04255294,-0.00000005,0.000109
1,315,0.00078750,0.10870574,0.04282423,0.04280288,0.00002139,0.04282427,-0.00000005,0.000110
1,316,0.00079000,0.10905014,0.04309642,0.04307481,0.00002166,0.04309647,-0.00000005,0.000112
1,317,0.00079250,0.10939454,0.04336948,0.04334759,0.00002194,0.04336953,-0.00000005,0.000113
1,318,0.00079500,0.10973893,0.04364339,0.04362123,0.00002222,0.04364344,-0.00000005,0.000113
1,319,0.00079750,0.11008332,0.04391817,0.04389572,0.00002250,0.04391822,-0.00000005,0.000112
1,320,0.00080000,0.11042770,0.04419381,0.04417108,0.00002278,0.04419386,-0.00000005,0.000113
1,321,0.00080250,0.11077207,0.04447031,0.04444729,0.00002307,0.04447036,-0.00000005,0.000116
1,322,0.00080500,0.11111644,0.04474767,0.04472437,0.00002336,0.04474772,-0.00000005,0.000116
1,323,0.00080750,0.11146080,0.04502589,0.04500230,0.00002365,0.04502594,-0.00000005,0.000117
1,324,0.00081000,0.11180515,0.04530497,0.04528108,0.00002394,0.04530503,-0.00000005,0.000116
1,325,0.00081250,0.11214949,0.04558492,0.04556073,0.00002424,0.04558497,-0.00000005,0.000117
1,326,0.00081500,0.11249383,0.04586572,0.04584124,0.00002454,0.04586578,-0.00000005,0.000118
1,327,0.00081750,0.11283817,0.04614739,0.04612260,0.00002484,0.04614744,-0.00000005,0.000118
1,328,0.00082000,0.11318249,0.04642991,0.04640482,0.00002515,0.04642997,-0.00000006,0.000121
1,329,0.00082250,0.11352681,0.04671330,0.04668790,0.00002545,0.04671336,-0.00000006,0.000121
1,330,0.00082500,0.11387112,0.04699755,0.04697184,0.00002577,0.04699760,-0.00000006,0.000121
1,331,0.00082750,0.11421543,0.04728265,0.04725663,0.00002608,0.04728271,-0.00000006,0.000122
1,332,0.00083000,0.11455973,0.04756862,0.04754229,0.00002640,0.04756868,-0.00000006,0.000123
1,333,0.00083250,0.11490402,0.04785545,0.04782880,0.00002672,0.04785551,-0.00000006,0.000124
1,334,0.00083500,0.11524830,0.04814314,0.04811617,0.00002704,0.04814320,-0.00000006,0.000123
1,335,0.00083750,0.11559258,0.04843169,0.04840439,0.00002736,0.04843176,-0.00000006,0.000125
1,336,0.00084000,0.11593685,0.04872111,0.04869348,0.00002769,0.04872117,-0.00000006,0.000125
1,337,0.00084250,0.11628111,0.04901138,0.04898342,0.00002802,0.04901144,-0.00000006,0.000126
1,338,0.00084500,0.11662537,0.04930251,0.04927422,0.00002836,0.04930258,-0.00000006,0.000128
1,339,0.00084750,0.11696962,0.04959451,0.04956587,0.00002869,0.04959457,-0.00000006,0.000128
1,340,0.00085000,0.11731386,0.04988736,0.04985839,0.00002903,0.04988742,-0.00000006,0.000129
1,341,0.00085250,0.11765809,0.05018108,0.05015176,0.00002938,0.05018114,-0.00000007,0.000130
1,342,0.00085500,0.11800232,0.05047565,0.05044599,0.00002972,0.05047572,-0.00000007,0.000131
1,343,0.00085750,0.11834654,0.05077109,0.05074108,0.00003007,0.05077115,-0.00000007,0.000131
1,344,0.00086000,0.11869076,0.05106738,0.05103702,0.00003043,0.05106745,-0.00000007,0.000131
1,345,0.00086250,0.11903496,0.05136454,0.05133383,0.00003078,0.05136461,-0.00000007,0.000133
1,346,0.00086500,0.11937916,0.05166256,0.05163149,0.00003114,0.05166263,-0.00000007,0.000134
1,347,0.00086750,0.11972335,0.05196144,0.05193001,0.00003150,0.05196151,-0.00000007,0.000134
1,348,0.00087000,0.12006754,0.05226118,0.05222938,0.00003187,0.05226125,-0.00000007,0.000136
1,349,0.00087250,0.12041172,0.05256177,0.05252961,0.00003223,0.05256185,-0.00000007,0.000137
1,350,0.00087500,0.12075589,0.05286323,0.05283070,0.00003261,0.05286331,-0.00000007,0.000137
1,351,0.00087750,0.12110005,0.05316555,0.05313265,0.00003298,0.05316563,-0.00000007,0.000137
1,352,0.00088000,0.12144421,0.05346873,0.05343545,0.00003336,0.05346881,-0.00000007,0.000139
1,353,0.00088250,0.12178835,0.05377277,0.05373911,0.00003374,0.05377285,-0.00000007,0.000138
1,354,0.00088500,0.12213250,0.05407768,0.05404363,0.00003412,0.05407775,-0.00000008,0.000139
1,355,0.00088750,0.12247663,0.05438344,0.05434900,0.00003451,0.05438351,-0.00000008,0.000140
1,356,0.00089000,0.12282076,0.05469006,0.05465524,0.00003490,0.05469014,-0.00000008,0.000141
1,357,0.00089250,0.12316487,0.05499754,0.05496232,0.00003529,0.05499762,-0.00000008,0.000141
1,358,0.00089500,0.12350899,0.05530588,0.05527027,0.00003569,0.05530596,-0.00000008,0.000142
1,359,0.00089750,0.12385309,0.05561509,0.05557907,0.00003609,0.05561517,-0.00000008,0.000143
1,360,0.00090000,0.12419719,0.05592515,0.05588873,0.00003650,0.05592523,-0.00000008,0.000144
1,361,0.00090250,0.12454128,0.05623607,0.05619925,0.00003690,0.05623615,-0.00000008,0.000146
1,362,0.00090500,0.12488536,0.05654786,0.05651062,0.00003731,0.05654794,-0.00000008,0.000146
1,363,0.00090750,0.12522943,0.05686050,0.05682285,0.00003773,0.05686058,-0.00000008,0.000146
1,364,0.00091000,0.12557350,0.05717400,0.05713594,0.00003815,0.05717409,-0.00000008,0.000147
1,365,0.00091250,0.12591756,0.05748837,0.05744988,0.00003857,0.05748845,-0.00000009,0.000148
1,366,0.00091500,0.12626161,0.05780359,0.05776469,0.00003899,0.05780368,-0.00000009,0.000150
1,367,0.00091750,0.12660565,0.05811967,0.05808034,0.00003942,0.05811976,-0.00000009,0.000151
1,368,0.00092000,0.12694969,0.05843662,0.05839686,0.00003985,0.05843671,-0.00000009,0.000150
1,369,0.00092250,0.12729372,0.05875442,0.05871423,0.00004029,0.05875451,-0.00000009,0.000151
1,370,0.00092500,0.12763774,0.05907309,0.05903245,0.00004072,0.05907318,-0.00000009,0.000152
1,371,0.00092750,0.12798175,0.05939261,0.05935154,0.00004117,0.05939270,-0.00000009,0.000153
1,372,0.00093000,0.12832575,0.05971300,0.05967148,0.00004161,0.05971309,-0.00000009,0.000154
1,373,0.00093250,0.12866975,0.06003424,0.05999227,0.00004206,0.06003433,-0.00000009,0.000155
1,374,0.00093500,0.12901374,0.06035634,0.06031392,0.00004251,0.06035644,-0.00000009,0.000156
1,375,0.00093750,0.12935772,0.06067931,0.06063643,0.00004297,0.06067940,-0.00000010,0.000157
1,376,0.00094000,0.12970170,0.06100313,0.06095980,0.00004343,0.06100323,-0.00000010,0.000158
1,377,0.00094250,0.13004566,0.06132782,0.06128402,0.00004390,0.06132791,-0.00000010,0.000158
1,378,0.00094500,0.13038962,0.06165336,0.06160910,0.00004436,0.06165346,-0.00000010,0.000159
1,379,0.00094750,0.13073357,0.06197977,0.06193503,0.00004483,0.06197986,-0.00000010,0.000160
1,380,0.00095000,0.13107751,0.06230703,0.06226182,0.00004531,0.06230713,-0.00000010,0.000162
1,381,0.00095250,0.13142145,0.06263515,0.06258947,0.00004579,0.06263525,-0.00000010,0.000161
1,382,0.00095500,0.13176538,0.06296414,0.06291797,0.00004627,0.06296424,-0.00000010,0.000162
1,383,0.00095750,0.13210929,0.06329398,0.06324733,0.00004676,0.06329408,-0.00000010,0.000163
1,384,0.00096000,0.13245321,0.06362468,0.06357754,0.00004725,0.06362479,-0.00000010,0.000165
1,385,0.00096250,0.13279711,0.06395625,0.06390861,0.00004774,0.06395635,-0.00000011,0.000164
1,386,0.00096500,0.13314100,0.06428867,0.06424053,0.00004824,0.06428877,-0.00000011,0.000166
1,387,0.00096750,0.13348489,0.06462195,0.06457332,0.00004874,0.06462206,-0.00000011,0.000168
1,388,0.00097000,0.13382877,0.06495609,0.06490695,0.00004925,0.06495620,-0.00000011,0.000168
1,389,0.00097250,0.13417264,0.06529109,0.06524145,0.00004976,0.06529120,-0.00000011,0.000169
1,390,0.00097500,0.13451650,0.06562696,0.06557680,0.00005027,0.06562707,-0.00000011,0.000170
1,391,0.00097750,0.13486036,0.06596368,0.06591300,0.00005079,0.06596379,-0.00000011,0.000170
1,392,0.00098000,0.13520420,0.06630126,0.06625006,0.00005131,0.06630137,-0.00000011,0.000171
1,393,0.00098250,0.13554804,0.06663970,0.06658797,0.00005184,0.06663981,-0.00000011,0.000172
1,394,0.00098500,0.13589187,0.06697900,0.06692675,0.00005237,0.06697911,-0.00000012,0.000173
1,395,0.00098750,0.13623569,0.06731916,0.06726637,0.00005290,0.06731927,-0.00000012,0.000174
1,396,0.00099000,0.13657951,0.06766018,0.06760686,0.00005344,0.06766029,-0.00000012,0.000175
1,397,0.00099250,0.13692331,0.06800205,0.06794819,0.00005398,0.06800217,-0.00000012,0.000176
1,398,0.00099500,0.13726711,0.06834479,0.06829039,0.00005453,0.06834491,-0.00000012,0.000177
1,399,0.00099750,0.13761090,0.06868839,0.06863343,0.00005508,0.06868851,-0.00000012,0.000177
1,400,0.00100000,0.13795468,0.06903285,0.06897734,0.00005563,0.06903297,-0.00000012,0.000178
1,401,0.00100250,0.13829845,0.06937816,0.06932210,0.00005619,0.06937829,-0.00000012,0.000179
1,402,0.00100500,0.13864221,0.06972434,0.06966771,0.00005675,0.06972446,-0.00000013,0.000180
1,403,0.00100750,0.13898597,0.07007137,0.07001418,0.00005732,0.07007150,-0.00000013,0.000181
1,404,0.00101000,0.13932971,0.07041927,0.07036151,0.00005789,0.07041940,-0.00000013,0.000181
1,405,0.00101250,0.13967345,0.07076802,0.07070969,0.00005847,0.07076815,-0.00000013,0.000183
1,406,0.00101500,0.14001718,0.07111764,0.07105872,0.00005905,0.07111777,-0.00000013,0.000184
1,407,0.00101750,0.14036090,0.07146811,0.07140861,0.00005963,0.07146824,-0.00000013,0.000184
1,408,0.00102000,0.14070462,0.07181944,0.07175935,0.00006022,0.07181957,-0.00000013,0.000185
1,409,0.00102250,0.14104832,0.07217163,0.07211095,0.00006081,0.07217177,-0.00000013,0.000186
1,410,0.00102500,0.14139202,0.07252468,0.07246341,0.00006141,0.07252482,-0.00000014,0.000187
1,411,0.00102750,0.14173570,0.07287859,0.07281672,0.00006201,0.07287873,-0.00000014,0.000188
1,412,0.00103000,0.14207938,0.07323336,0.07317088,0.00006262,0.07323350,-0.00000014,0.000189
1,413,0.00103250,0.14242305,0.07358899,0.07352590,0.00006323,0.07358913,-0.00000014,0.000190
1,414,0.00103500,0.14276671,0.07394548,0.07388177,0.00006384,0.07394562,-0.00000014,0.000191
1,415,0.00103750,0.14311037,0.07430282,0.07423850,0.00006446,0.07430297,-0.00000014,0.000191
1,416,0.00104000,0.14345401,0.07466103,0.07459609,0.00006509,0.07466117,-0.00000014,0.000192
1,417,0.00104250,0.14379765,0.07502009,0.07495452,0.00006571,0.07502024,-0.00000015,0.000194
1,418,0.00104500,0.14414127,0.07538002,0.07531382,0.00006635,0.07538016,-0.00000015,0.000195
1,419,0.00104750,0.14448489,0.07574080,0.07567396,0.00006698,0.07574095,-0.00000015,0.000196
1,420,0.00105000,0.14482850,0.07610244,0.07603496,0.00006763,0.07610259,-0.00000015,0.000197
1,421,0.00105250,0.14517210,0.07646494,0.07639682,0.00006827,0.07646509,-0.00000015,0.000197
1,422,0.00105500,0.14551570,0.07682830,0.07675953,0.00006892,0.07682845,-0.00000015,0.000198
1,423,0.00105750,0.14585928,0.07719252,0.07712309,0.00006958,0.07719267,-0.00000015,0.000200
1,424,0.00106000,0.14620285,0.07755760,0.07748751,0.00007024,0.07755775,-0.00000016,0.000200
1,425,0.00106250,0.14654642,0.07792353,0.07785278,0.00007091,0.07792369,-0.00000016,0.000201
1,426,0.00106500,0.14688998,0.07829033,0.07821891,0.00007158,0.07829049,-0.00000016,0.000202
1,427,0.00106750,0.14723352,0.07865798,0.07858589,0.00007225,0.07865814,-0.00000016,0.000203
1,428,0.00107000,0.14757706,0.07902650,0.07895373,0.00007293,0.07902666,-0.00000016,0.000204
1,429,0.00107250,0.14792059,0.07939587,0.07932242,0.00007361,0.07939603,-0.00000016,0.000206
1,430,0.00107500,0.14826411,0.07976610,0.07969196,0.00007430,0.07976626,-0.00000016,0.000206
1,431,0.00107750,0.14860763,0.08013719,0.08006236,0.00007500,0.08013736,-0.00000017,0.000207
1,432,0.00108000,0.14895113,0.08050914,0.08043361,0.00007570,0.08050931,-0.00000017,0.000209
1,433,0.00108250,0.14929462,0.08088195,0.08080572,0.00007640,0.08088212,-0.00000017,0.000209
1,434,0.00108500,0.14963811,0.08125561,0.08117867,0.00007711,0.08125578,-0.00000017,0.000210
1,435,0.00108750,0.14998158,0.08163014,0.08155249,0.00007782,0.08163031,-0.00000017,0.000211
1,436,0.00109000,0.15032505,0.08200552,0.08192715,0.00007854,0.08200569,-0.00000017,0.000212
1,437,0.00109250,0.15066851,0.08238176,0.08230267,0.00007926,0.08238194,-0.00000018,0.000213
1,438,0.00109500,0.15101196,0.08275886,0.08267905,0.00007999,0.08275904,-0.00000018,0.000214
1,439,0.00109750,0.15135540,0.08313682,0.08305627,0.00008073,0.08313700,-0.00000018,0.000214
1,440,0.00110000,0.15169883,0.08351564,0.08343436,0.00008146,0.08351582,-0.00000018,0.000215
1,441,0.00110250,0.15204225,0.08389532,0.08381329,0.00008221,0.08389550,-0.00000018,0.000217
1,442,0.00110500,0.15238566,0.08427585,0.08419308,0.00008296,0.08427603,-0.00000018,0.000218
1,443,0.00110750,0.15272906,0.08465724,0.08457372,0.00008371,0.08465743,-0.00000018,0.000218
1,444,0.00111000,0.15307246,0.08503950,0.08495521,0.00008447,0.08503968,-0.00000019,0.000220
1,445,0.00111250,0.15341584,0.08542261,0.08533756,0.00008523,0.08542279,-0.00000019,0.000220
1,446,0.00111500,0.15375922,0.08580657,0.08572076,0.00008600,0.08580677,-0.00000019,0.000222
1,447,0.00111750,0.15410258,0.08619140,0.08610482,0.00008678,0.08619159,-0.00000019,0.000222
1,448,0.00112000,0.15444594,0.08657709,0.08648973,0.00008756,0.08657728,-0.00000019,0.000223
1,449,0.00112250,0.15478929,0.08696363,0.08687549,0.00008834,0.08696383,-0.00000020,0.000224
1,450,0.00112500,0.15513262,0.08735103,0.08726210,0.00008913,0.08735123,-0.00000020,0.000226
1,451,0.00112750,0.15547595,0.08773929,0.08764957,0.00008993,0.08773949,-0.00000020,0.000227
1,452,0.00113000,0.15581927,0.08812841,0.08803789,0.00009073,0.08812861,-0.00000020,0.000228
1,453,0.00113250,0.15616258,0.08851839,0.08842706,0.00009153,0.08851859,-0.00000020,0.000229
1,454,0.00113500,0.15650588,0.08890923,0.08881709,0.00009234,0.08890943,-0.00000020,0.000230
1,455,0.00113750,0.15684917,0.08930092,0.08920797,0.00009316,0.08930113,-0.00000021,0.000231
1,456,0.00114000,0.15719245,0.08969347,0.08959970,0.00009398,0.08969368,-0.00000021,0.000232
1,457,0.00114250,0.15753573,0.09008688,0.08999228,0.00009481,0.09008709,-0.00000021,0.000233
1,458,0.00114500,0.15787899,0.09048115,0.09038572,0.00009564,0.09048136,-0.00000021,0.000234
1,459,0.00114750,0.15822224,0.09087628,0.09078001,0.00009648,0.09087649,-0.00000021,0.000235
1,460,0.00115000,0.15856548,0.09127226,0.09117515,0.00009732,0.09127248,-0.00000022,0.000236
1,461,0.00115250,0.15890872,0.09166911,0.09157115,0.00009817,0.09166932,-0.00000022,0.000237
1,462,0.00115500,0.15925194,0.09206681,0.09196800,0.00009903,0.09206703,-0.00000022,0.000238
1,463,0.00115750,0.15959516,0.09246536,0.09236570,0.00009989,0.09246559,-0.00000022,0.000239
1,464,0.00116000,0.15993836,0.09286478,0.09276425,0.00010076,0.09286501,-0.00000022,0.000240
1,465,0.00116250,0.16028155,0.09326506,0.09316365,0.00010163,0.09326528,-0.00000023,0.000242
1,466,0.00116500,0.16062474,0.09366619,0.09356391,0.00010251,0.09366642,-0.00000023,0.000242
1,467,0.00116750,0.16096792,0.09406818,0.09396502,0.00010339,0.09406841,-0.00000023,0.000244
1,468,0.00117000,0.16131108,0.09447103,0.09436698,0.00010428,0.09447126,-0.00000023,0.000244
1,469,0.00117250,0.16165424,0.09487474,0.09476980,0.00010517,0.09487497,-0.00000023,0.000246
1,470,0.00117500,0.16199738,0.09527930,0.09517346,0.00010607,0.09527954,-0.00000024,0.000247
1,471,0.00117750,0.16234052,0.09568472,0.09557798,0.00010698,0.09568496,-0.00000024,0.000248
1,472,0.00118000,0.16268365,0.09609100,0.09598335,0.00010789,0.09609124,-0.00000024,0.000248
1,473,0.00118250,0.16302676,0.09649814,0.09638957,0.00010881,0.09649838,-0.00000024,0.000250
1,474,0.00118500,0.16336987,0.09690614,0.09679665,0.00010973,0.09690638,-0.00000024,0.000251
1,475,0.00118750,0.16371297,0.09731499,0.09720457,0.00011066,0.09731524,-0.00000024,0.000252
1,476,0.00119000,0.16405605,0.09772470,0.09761335,0.00011160,0.09772495,-0.00000025,0.000253
1,477,0.00119250,0.16439913,0.09813527,0.09802298,0.00011254,0.09813552,-0.00000025,0.000254
1,478,0.00119500,0.16474220,0.09854670,0.09843346,0.00011349,0.09854695,-0.00000025,0.000255
1,479,0.00119750,0.16508526,0.09895898,0.09884480,0.00011444,0.09895924,-0.00000025,0.000256
1,480,0.00120000,0.16542830,0.09937212,0.09925698,0.00011540,0.09937238,-0.00000026,0.000258
1,481,0.00120250,0.16577134,0.09978612,0.09967002,0.00011636,0.09978638,-0.00000026,0.000258
1,482,0.00120500,0.16611437,0.10020098,0.10008391,0.00011733,0.10020124,-0.00000026,0.000263
1,483,0.00120750,0.16645738,0.10061669,0.10049865,0.00011831,0.10061696,-0.00000027,0.000265
1,484,0.00121000,0.16680039,0.10103327,0.10091424,0.00011929,0.10103353,-0.00000027,0.000265
1,485,0.00121250,0.16714339,0.10145070,0.10133068,0.00012028,0.10145096,-0.00000027,0.000263
1,486,0.00121500,0.16748638,0.10186898,0.10174797,0.00012128,0.10186925,-0.00000027,0.000261
1,487,0.00121750,0.16782935,0.10228813,0.10216612,0.00012228,0.10228840,-0.00000027,0.000267
1,488,0.00122000,0.16817232,0.10270813,0.10258511,0.00012329,0.10270840,-0.00000027,0.000262
1,489,0.00122250,0.16851527,0.10312899,0.10300496,0.00012430,0.10312926,-0.00000027,0.000265
1,490,0.00122500,0.16885822,0.10355071,0.10342566,0.00012532,0.10355098,-0.00000028,0.000268
1,491,0.00122750,0.16920116,0.10397328,0.10384721,0.00012635,0.10397356,-0.00000028,0.000269
1,492,0.00123000,0.16954408,0.10439671,0.10426961,0.00012738,0.10439699,-0.00000028,0.000269
1,493,0.00123250,0.16988700,0.10482100,0.10469286,0.00012842,0.10482128,-0.00000028,0.000269
1,494,0.00123500,0.17022990,0.10524615,0.10511697,0.00012947,0.10524644,-0.00000029,0.000277
1,495,0.00123750,0.17057280,0.10567215,0.10554192,0.00013052,0.10567244,-0.00000029,0.000275
1,496,0.00124000,0.17091568,0.10609901,0.10596772,0.00013158,0.10609930,-0.00000029,0.000272
1,497,0.00124250,0.17125856,0.10652673,0.10639438,0.00013265,0.10652703,-0.00000030,0.000277
1,498,0.00124500,0.17160142,0.10695530,0.10682188,0.00013372,0.10695560,-0.00000029,0.000273
1,499,0.00124750,0.17194427,0.10738474,0.10725024,0.00013479,0.10738503,-0.00000030,0.000277
1,500,0.00125000,0.17228712,0.10781503,0.10767945,0.00013588,0.10781533,-0.00000030,0.000281
1,501,0.00125250,0.17262995,0.10824617,0.10810951,0.00013697,0.10824648,-0.00000031,0.000284
1,502,0.00125500,0.17297277,0.10867818,0.10854041,0.00013807,0.10867848,-0.00000030,0.000277
1,503,0.00125750,0.17331558,0.10911104,0.10897217,0.00013917,0.10911134,-0.00000031,0.000280
1,504,0.00126000,0.17365838,0.10954475,0.10940478,0.00014028,0.10954506,-0.00000031,0.000282
1,505,0.00126250,0.17400118,0.10997933,0.10983824,0.00014140,0.10997964,-0.00000031,0.000283
1,506,0.00126500,0.17434396,0.11041476,0.11027255,0.00014252,0.11041507,-0.00000031,0.000284
1,507,0.00126750,0.17468672,0.11085105,0.11070771,0.00014365,0.11085136,-0.00000032,0.000285
1,508,0.00127000,0.17502948,0.11128819,0.11114372,0.00014479,0.11128851,-0.00000032,0.000286
1,509,0.00127250,0.17537223,0.11172620,0.11158058,0.00014594,0.11172652,-0.00000032,0.000287
1,510,0.00127500,0.17571497,0.11216505,0.11201829,0.00014709,0.11216538,-0.00000032,0.000288
1,511,0.00127750,0.17605770,0.11260477,0.11245685,0.00014824,0.11260509,-0.00000032,0.000288
1,512,0.00128000,0.17640041,0.11304534,0.11289626,0.00014941,0.11304567,-0.00000033,0.000289
1,513,0.00128250,0.17674312,0.11348677,0.11333653,0.00015058,0.11348711,-0.00000034,0.000298
1,514,0.00128500,0.17708581,0.11392906,0.11377764,0.00015176,0.11392940,-0.00000034,0.000299
1,515,0.00128750,0.17742850,0.11437220,0.11421960,0.00015294,0.11437254,-0.00000034,0.000300
1,516,0.00129000,0.17777117,0.11481620,0.11466241,0.00015414,0.11481655,-0.00000035,0.000301
1,517,0.00129250,0.17811384,0.11526106,0.11510607,0.00015534,0.11526141,-0.00000035,0.000302
1,518,0.00129500,0.17845649,0.11570677,0.11555058,0.00015654,0.11570712,-0.00000035,0.000304
1,519,0.00129750,0.17879913,0.11615334,0.11599593,0.00015775,0.11615368,-0.00000035,0.000297
1,520,0.00130000,0.17914176,0.11660077,0.11644214,0.00015897,0.11660111,-0.00000035,0.000299
1,521,0.00130250,0.17948438,0.11704905,0.11688920,0.00016020,0.11704940,-0.00000035,0.000302
1,522,0.00130500,0.17982699,0.11749819,0.11733711,0.00016144,0.11749855,-0.00000036,0.000305
1,523,0.00130750,0.18016958,0.11794818,0.11778587,0.00016268,0.11794855,-0.00000036,0.000309
1,524,0.00131000,0.18051217,0.11839904,0.11823547,0.00016393,0.11839940,-0.00000036,0.000305
1,525,0.00131250,0.18085475,0.11885074,0.11868593,0.00016518,0.11885111,-0.00000037,0.000310
1,526,0.00131500,0.18119731,0.11930331,0.11913723,0.00016645,0.11930367,-0.00000037,0.000307
1,527,0.00131750,0.18153987,0.11975673,0.11958939,0.00016772,0.11975711,-0.00000037,0.000313
1,528,0.00132000,0.18188241,0.12021101,0.12004239,0.00016899,0.12021138,-0.00000037,0.000311
1,529,0.00132250,0.18222494,0.12066614,0.12049624,0.00017028,0.12066652,-0.00000037,0.000311
1,530,0.00132500,0.18256746,0.12112213,0.12095094,0.00017157,0.12112251,-0.00000038,0.000311
1,531,0.00132750,0.18290997,0.12157898,0.12140649,0.00017287,0.12157936,-0.00000038,0.000312
1,532,0.00133000,0.18325247,0.12203668,0.12186289,0.00017418,0.12203707,-0.00000038,0.000314
1,533,0.00133250,0.18359496,0.12249524,0.12232014,0.00017549,0.12249563,-0.00000039,0.000317
1,534,0.00133500,0.18393744,0.12295466,0.12277824,0.00017681,0.12295505,-0.00000039,0.000320
1,535,0.00133750,0.18427990,0.12341493,0.12323718,0.00017814,0.12341532,-0.00000039,0.000317
1,536,0.00134000,0.18462236,0.12387606,0.12369698,0.00017948,0.12387646,-0.00000040,0.000323
1,537,0.00134250,0.18496480,0.12433804,0.12415762,0.00018082,0.12433844,-0.00000040,0.000322
1,538,0.00134500,0.18530723,0.12480088,0.12461911,0.00018217,0.12480128,-0.00000040,0.000322
1,539,0.00134750,0.18564965,0.12526458,0.12508145,0.00018353,0.12526498,-0.00000040,0.000323
1,540,0.00135000,0.18599206,0.12572913,0.12554464,0.00018490,0.12572954,-0.00000041,0.000326
1,541,0.00135250,0.18633446,0.12619454,0.12600868,0.00018627,0.12619495,-0.00000042,0.000330
1,542,0.00135500,0.18667684,0.12666080,0.12647356,0.00018766,0.12666122,-0.00000041,0.000327
1,543,0.00135750,0.18701922,0.12712792,0.12693930,0.00018905,0.12712835,-0.00000042,0.000333
1,544,0.00136000,0.18736158,0.12759590,0.12740588,0.00019044,0.12759632,-0.00000042,0.000333
1,545,0.00136250,0.18770394,0.12806473,0.12787331,0.00019185,0.12806516,-0.00000043,0.000334
1,546,0.00136500,0.18804628,0.12853442,0.12834159,0.00019326,0.12853485,-0.00000043,0.000337
1,547,0.00136750,0.18838861,0.12900496,0.12881071,0.00019468,0.12900539,-0.00000043,0.000334
1,548,0.00137000,0.18873093,0.12947636,0.12928069,0.00019611,0.12947680,-0.00000044,0.000340
1,549,0.00137250,0.18907323,0.12994862,0.12975151,0.00019755,0.12994906,-0.00000044,0.000339
1,550,0.00137500,0.18941553,0.13042173,0.13022318,0.00019899,0.13042217,-0.00000044,0.000341
1,551,0.00137750,0.18975781,0.13089569,0.13069569,0.00020044,0.13089613,-0.00000044,0.000336
1,552,0.00138000,0.19010009,0.13137052,0.13116906,0.00020190,0.13137096,-0.00000045,0.000341
1,553,0.00138250,0.19044235,0.13184619,0.13164327,0.00020337,0.13184664,-0.00000045,0.000340
1,554,0.00138500,0.19078460,0.13232273,0.13211833,0.00020485,0.13232318,-0.00000045,0.000340
1,555,0.00138750,0.19112684,0.13280012,0.13259424,0.00020633,0.13280057,-0.00000046,0.000343
1,556,0.00139000,0.19146906,0.13327836,0.13307100,0.00020782,0.13327882,-0.00000046,0.000347
1,557,0.00139250,0.19181128,0.13375746,0.13354860,0.00020932,0.13375792,-0.00000046,0.000346
1,558,0.00139500,0.19215348,0.13423742,0.13402705,0.00021083,0.13423788,-0.00000047,0.000346
1,559,0.00139750,0.19249567,0.13471823,0.13450635,0.00021235,0.13471870,-0.00000047,0.000349
1,560,0.00140000,0.19283785,0.13519990,0.13498650,0.00021387,0.13520037,-0.00000048,0.000354
1,561,0.00140250,0.19318002,0.13568242,0.13546749,0.00021541,0.13568290,-0.00000048,0.000353
1,562,0.00140500,0.19352218,0.13616580,0.13594933,0.00021695,0.13616628,-0.00000048,0.000354
1,563,0.00140750,0.19386432,0.13665003,0.13643202,0.00021850,0.13665052,-0.00000049,0.000358
1,564,0.00141000,0.19420645,0.13713512,0.13691555,0.00022006,0.13713561,-0.00000049,0.000356
1,565,0.00141250,0.19454858,0.13762106,0.13739993,0.00022162,0.13762155,-0.00000049,0.000356
1,566,0.00141500,0.19489069,0.13810786,0.13788516,0.00022320,0.13810836,-0.00000050,0.000359
1,567,0.00141750,0.19523278,0.13859552,0.13837123,0.00022478,0.13859601,-0.00000049,0.000356
1,568,0.00142000,0.19557487,0.13908402,0.13885816,0.00022637,0.13908453,-0.00000051,0.000364
1,569,0.00142250,0.19591694,0.13957339,0.13934593,0.00022797,0.13957390,-0.00000051,0.000366
1,570,0.00142500,0.19625900,0.14006361,0.13983454,0.00022958,0.14006412,-0.00000051,0.000363
1,571,0.00142750,0.19660105,0.14055468,0.14032400,0.00023119,0.14055519,-0.00000051,0.000363
1,572,0.00143000,0.19694309,0.14104661,0.14081431,0.00023282,0.14104713,-0.00000052,0.000365
1,573,0.00143250,0.19728512,0.14153940,0.14130547,0.00023445,0.14153992,-0.00000052,0.000370
1,574,0.00143500,0.19762713,0.14203304,0.14179747,0.00023610,0.14203357,-0.00000053,0.000370
1,575,0.00143750,0.19796914,0.14252754,0.14229032,0.00023775,0.14252807,-0.00000053,0.000373
1,576,0.00144000,0.19831113,0.14302289,0.14278401,0.00023941,0.14302342,-0.00000053,0.000371
1,577,0.00144250,0.19865310,0.14351909,0.14327855,0.00024107,0.14351962,-0.00000053,0.000372
1,578,0.00144500,0.19899507,0.14401615,0.14377394,0.00024275,0.14401669,-0.00000054,0.000375
1,579,0.00144750,0.19933702,0.14451407,0.14427017,0.00024444,0.14451461,-0.00000054,0.000374
1,580,0.00145000,0.19967897,0.14501284,0.14476725,0.00024613,0.14501338,-0.00000055,0.000376
1,581,0.00145250,0.20002090,0.14551246,0.14526518,0.00024784,0.14551302,-0.00000055,0.000381
1,582,0.00145500,0.20036281,0.14601294,0.14576395,0.00024955,0.14601350,-0.00000056,0.000381
1,583,0.00145750,0.20070472,0.14651428,0.14626356,0.00025127,0.14651483,-0.00000055,0.000378
1,584,0.00146000,0.20104661,0.14701646,0.14676403,0.00025300,0.14701703,-0.00000056,0.000384
1,585,0.00146250,0.20138849,0.14751951,0.14726534,0.00025474,0.14752008,-0.00000057,0.000386
1,586,0.00146500,0.20173036,0.14802341,0.14776749,0.00025649,0.14802398,-0.00000057,0.000384
1,587,0.00146750,0.20207222,0.14852816,0.14827049,0.00025824,0.14852873,-0.00000057,0.000385
1,588,0.00147000,0.20241407,0.14903377,0.14877434,0.00026001,0.14903435,-0.00000058,0.000389
1,589,0.00147250,0.20275590,0.14954023,0.14927903,0.00026178,0.14954081,-0.00000058,0.000389
1,590,0.00147500,0.20309772,0.15004755,0.14978457,0.00026357,0.15004814,-0.00000059,0.000392
1,591,0.00147750,0.20343953,0.15055572,0.15029095,0.00026536,0.15055631,-0.00000059,0.000392
1,592,0.00148000,0.20378132,0.15106475,0.15079818,0.00026716,0.15106534,-0.00000060,0.000395
1,593,0.00148250,0.20412310,0.15157463,0.15130625,0.00026897,0.15157522,-0.00000060,0.000394
1,594,0.00148500,0.20446487,0.15208536,0.15181517,0.00027079,0.15208596,-0.00000060,0.000396
1,595,0.00148750,0.20480663,0.15259695,0.15232493,0.00027262,0.15259755,-0.00000060,0.000395
1,596,0.00149000,0.20514838,0.15310939,0.15283554,0.00027446,0.15311000,-0.00000061,0.000397
1,597,0.00149250,0.20549011,0.15362269,0.15334700,0.00027631,0.15362331,-0.00000062,0.000403
1,598,0.00149500,0.20583183,0.15413684,0.15385929,0.00027817,0.15413746,-0.00000061,0.000398
1,599,0.00149750,0.20617354,0.15465185,0.15437244,0.00028004,0.15465248,-0.00000062,0.000404
1,600,0.00150000,0.20651524,0.15516771,0.15488643,0.00028191,0.15516834,-0.00000063,0.000406
1,601,0.00150250,0.20685692,0.15568443,0.15540126,0.00028380,0.15568506,-0.00000063,0.000405
1,602,0.00150500,0.20719859,0.15620200,0.15591694,0.00028569,0.15620263,-0.00000064,0.000407
1,603,0.00150750,0.20754025,0.15672042,0.15643346,0.00028760,0.15672106,-0.00000064,0.000407
1,604,0.00151000,0.20788189,0.15723970,0.15695083,0.00028951,0.15724034,-0.00000064,0.000410
1,605,0.00151250,0.20822353,0.15775983,0.15746904,0.00029144,0.15776048,-0.00000065,0.000410
1,606,0.00151500,0.20856515,0.15828082,0.15798810,0.00029337,0.15828147,-0.00000065,0.000413
1,607,0.00151750,0.20890675,0.15880266,0.15850800,0.00029531,0.15880331,-0.00000066,0.000414
1,608,0.00152000,0.20924835,0.15932535,0.15902874,0.00029727,0.15932600,-0.00000066,0.000412
1,609,0.00152250,0.20958993,0.15984890,0.15955033,0.00029923,0.15984956,-0.00000066,0.000413
1,610,0.00152500,0.20993150,0.16037330,0.16007277,0.00030120,0.16037397,-0.00000067,0.000418
1,611,0.00152750,0.21027306,0.16089855,0.16059605,0.00030318,0.16089923,-0.00000068,0.000421
1,612,0.00153000,0.21061460,0.16142466,0.16112017,0.00030517,0.16142534,-0.00000068,0.000420
1,613,0.00153250,0.21095613,0.16195163,0.16164514,0.00030717,0.16195231,-0.00000069,0.000424
1,614,0.00153500,0.21129765,0.16247944,0.16217095,0.00030919,0.16248014,-0.00000069,0.000425
1,615,0.00153750,0.21163916,0.16300812,0.16269760,0.00031121,0.16300881,-0.00000069,0.000424
1,616,0.00154000,0.21198065,0.16353764,0.16322510,0.00031324,0.16353834,-0.00000070,0.000426
1,617,0.00154250,0.21232213,0.16406802,0.16375344,0.00031528,0.16406872,-0.00000070,0.000426
1,618,0.00154500,0.21266359,0.16459925,0.16428263,0.00031733,0.16459996,-0.00000071,0.000430
1,619,0.00154750,0.21300505,0.16513134,0.16481266,0.00031939,0.16513205,-0.00000071,0.000432
1,620,0.00155000,0.21334649,0.16566428,0.16534353,0.00032146,0.16566499,-0.00000072,0.000432
1,621,0.00155250,0.21368792,0.16619807,0.16587525,0.00032354,0.16619879,-0.00000072,0.000435
1,622,0.00155500,0.21402933,0.16673272,0.16640781,0.00032563,0.16673344,-0.00000073,0.000436
1,623,0.00155750,0.21437073,0.16726822,0.16694121,0.00032774,0.16726894,-0.00000073,0.000436
1,624,0.00156000,0.21471212,0.16780457,0.16747546,0.00032985,0.16780531,-0.00000074,0.000439
1,625,0.00156250,0.21505350,0.16834178,0.16801055,0.00033197,0.16834252,-0.00000074,0.000440
1,626,0.00156500,0.21539486,0.16887984,0.16854648,0.00033410,0.16888058,-0.00000074,0.000440
1,627,0.00156750,0.21573621,0.16941875,0.16908326,0.00033624,0.16941950,-0.00000075,0.000443
1,628,0.00157000,0.21607755,0.16995852,0.16962088,0.00033839,0.16995927,-0.00000076,0.000445
1,629,0.00157250,0.21641887,0.17049914,0.17015934,0.00034056,0.17049990,-0.00000076,0.000445
1,630,0.00157500,0.21676018,0.17104061,0.17069864,0.00034273,0.17104137,-0.00000076,0.000443
1,631,0.00157750,0.21710148,0.17158294,0.17123879,0.00034491,0.17158370,-0.00000076,0.000445
1,632,0.00158000,0.21744276,0.17212612,0.17177978,0.00034711,0.17212689,-0.00000077,0.000446
1,633,0.00158250,0.21778404,0.17267015,0.17232162,0.00034931,0.17267093,-0.00000078,0.000451
1,634,0.00158500,0.21812529,0.17321504,0.17286429,0.00035153,0.17321582,-0.00000078,0.000449
1,635,0.00158750,0.21846654,0.17376078,0.17340781,0.00035375,0.17376156,-0.00000078,0.000450
1,636,0.00159000,0.21880777,0.17430737,0.17395218,0.00035599,0.17430817,-0.00000080,0.000457
1,637,0.00159250,0.21914899,0.17485482,0.17449738,0.00035824,0.17485562,-0.00000080,0.000455
1,638,0.00159500,0.21949019,0.17540312,0.17504343,0.00036049,0.17540392,-0.00000080,0.000459
1,639,0.00159750,0.21983138,0.17595227,0.17559032,0.00036276,0.17595308,-0.00000081,0.000461
1,640,0.00160000,0.22017256,0.17650227,0.17613805,0.00036504,0.17650309,-0.00000081,0.000461
1,641,0.00160250,0.22051372,0.17705313,0.17668662,0.00036733,0.17705395,-0.00000082,0.000461
1,642,0.00160500,0.22085488,0.17760484,0.17723604,0.00036963,0.17760567,-0.00000082,0.000464
1,643,0.00160750,0.22119601,0.17815741,0.17778630,0.00037194,0.17815824,-0.00000083,0.000467
1,644,0.00161000,0.22153714,0.17871082,0.17833740,0.00037426,0.17871166,-0.00000084,0.000469
1,645,0.00161250,0.22187825,0.17926509,0.17888934,0.00037659,0.17926593,-0.00000084,0.000469
1,646,0.00161500,0.22221934,0.17982021,0.17944212,0.00037894,0.17982106,-0.00000084,0.000468
1,647,0.00161750,0.22256043,0.18037619,0.17999575,0.00038129,0.18037704,-0.00000085,0.000472
1,648,0.00162000,0.22290150,0.18093302,0.18055021,0.00038366,0.18093387,-0.00000085,0.000470
1,649,0.00162250,0.22324256,0.18149070,0.18110552,0.00038603,0.18149155,-0.00000086,0.000472
1,650,0.00162500,0.22358360,0.18204923,0.18166167,0.00038842,0.18205009,-0.00000086,0.000473
1,651,0.00162750,0.22392463,0.18260861,0.18221867,0.00039082,0.18260949,-0.00000087,0.000479
1,652,0.00163000,0.22426564,0.18316885,0.18277650,0.00039323,0.18316973,-0.00000088,0.000478
1,653,0.00163250,0.22460665,0.18372994,0.18333517,0.00039565,0.18373082,-0.00000088,0.000477
1,654,0.00163500,0.22494763,0.18429189,0.18389469,0.00039808,0.18429277,-0.00000089,0.000480
1,655,0.00163750,0.22528861,0.18485468,0.18445505,0.00040052,0.18485557,-0.00000089,0.000483
1,656,0.00164000,0.22562957,0.18541833,0.18501625,0.00040298,0.18541923,-0.00000090,0.000485
1,657,0.00164250,0.22597052,0.18598283,0.18557829,0.00040544,0.18598373,-0.00000091,0.000487
1,658,0.00164500,0.22631145,0.18654818,0.18614117,0.00040792,0.18654909,-0.00000091,0.000488
1,659,0.00164750,0.22665237,0.18711439,0.18670489,0.00041041,0.18711530,-0.00000091,0.000488
1,660,0.00165000,0.22699328,0.18768144,0.18726945,0.00041291,0.18768236,-0.00000092,0.000488
1,661,0.00165250,0.22733417,0.18824935,0.18783486,0.00041542,0.18825028,-0.00000093,0.000493
1,662,0.00165500,0.22767505,0.18881811,0.18840110,0.00041794,0.18881904,-0.00000093,0.000492
1,663,0.00165750,0.22801591,0.18938773,0.18896819,0.00042048,0.18938867,-0.00000094,0.000496
1,664,0.00166000,0.22835676,0.18995819,0.18953611,0.00042302,0.18995913,-0.00000094,0.000494
1,665,0.00166250,0.22869760,0.19052951,0.19010488,0.00042558,0.19053046,-0.00000095,0.000497
1,666,0.00166500,0.22903842,0.19110168,0.19067449,0.00042815,0.19110264,-0.00000096,0.000500
1,667,0.00166750,0.22937923,0.19167470,0.19124493,0.00043073,0.19167566,-0.00000095,0.000498
1,668,0.00167000,0.22972003,0.19224858,0.19181622,0.00043332,0.19224954,-0.00000096,0.000501
1,669,0.00167250,0.23006081,0.19282330,0.19238835,0.00043592,0.19282427,-0.00000097,0.000503
1,670,0.00167500,0.23040158,0.19339888,0.19296132,0.00043854,0.19339986,-0.00000098,0.000505
1,671,0.00167750,0.23074233,0.19397531,0.19353513,0.00044117,0.19397630,-0.00000098,0.000508
1,672,0.00168000,0.23108307,0.19455259,0.19410978,0.00044380,0.19455358,-0.00000099,0.000510
1,673,0.00168250,0.23142379,0.19513073,0.19468527,0.00044646,0.19513173,-0.00000100,0.000512
1,674,0.00168500,0.23176450,0.19570971,0.19526159,0.00044912,0.19571071,-0.00000100,0.000509
1,675,0.00168750,0.23210520,0.19628955,0.19583876,0.00045179,0.19629055,-0.00000100,0.000511
1,676,0.00169000,0.23244588,0.19687024,0.19641677,0.00045448,0.19687125,-0.00000101,0.000514
1,677,0.00169250,0.23278655,0.19745178,0.19699562,0.00045718,0.19745280,-0.00000102,0.000516
1,678,0.00169500,0.23312721,0.19803417,0.19757531,0.00045989,0.19803520,-0.00000103,0.000519
1,679,0.00169750,0.23346785,0.19861741,0.19815583,0.00046261,0.19861844,-0.00000103,0.000517
1,680,0.00170000,0.23380847,0.19920151,0.19873720,0.00046535,0.19920255,-0.00000104,0.000520
1,681,0.00170250,0.23414908,0.19978646,0.19931941,0.00046809,0.19978750,-0.00000105,0.000523
1,682,0.00170500,0.23448968,0.20037226,0.19990245,0.00047085,0.20037330,-0.00000105,0.000522
1,683,0.00170750,0.23483026,0.20095891,0.20048634,0.00047362,0.20095996,-0.00000106,0.000526
1,684,0.00171000,0.23517083,0.20154641,0.20107106,0.00047641,0.20154747,-0.00000106,0.000526
1,685,0.00171250,0.23551139,0.20213476,0.20165663,0.00047920,0.20213583,-0.00000107,0.000530
1,686,0.00171500,0.23585193,0.20272396,0.20224303,0.00048201,0.20272504,-0.00000108,0.000531
1,687,0.00171750,0.23619245,0.20331402,0.20283027,0.00048483,0.20331510,-0.00000108,0.000532
1,688,0.00172000,0.23653297,0.20390493,0.20341835,0.00048766,0.20390601,-0.00000109,0.000533
1,689,0.00172250,0.23687346,0.20449668,0.20400727,0.00049051,0.20449778,-0.00000109,0.000535
1,690,0.00172500,0.23721395,0.20508929,0.20459703,0.00049337,0.20509040,-0.00000110,0.000537
1,691,0.00172750,0.23755441,0.20568275,0.20518762,0.00049624,0.20568386,-0.00000110,0.000536
1,692,0.00173000,0.23789487,0.20627707,0.20577906,0.00049912,0.20627818,-0.00000111,0.000539
1,693,0.00173250,0.23823531,0.20687223,0.20637133,0.00050201,0.20687334,-0.00000111,0.000539
1,694,0.00173500,0.23857573,0.20746824,0.20696445,0.00050492,0.20746937,-0.00000113,0.000544
1,695,0.00173750,0.23891614,0.20806511,0.20755840,0.00050784,0.20806624,-0.00000113,0.000545
1,696,0.00174000,0.23925654,0.20866282,0.20815319,0.00051077,0.20866396,-0.00000114,0.000547
1,697,0.00174250,0.23959692,0.20926139,0.20874882,0.00051372,0.20926254,-0.00000115,0.000550
1,698,0.00174500,0.23993729,0.20986081,0.20934528,0.00051668,0.20986196,-0.00000115,0.000548
1,699,0.00174750,0.24027764,0.21046108,0.20994259,0.00051965,0.21046224,-0.00000116,0.000553
1,700,0.00175000,0.24061797,0.21106220,0.21054073,0.00052263,0.21106336,-0.00000117,0.000553
1,701,0.00175250,0.24095830,0.21166417,0.21113971,0.00052563,0.21166534,-0.00000117,0.000555
1,702,0.00175500,0.24129861,0.21226699,0.21173953,0.00052864,0.21226817,-0.00000118,0.000557
1,703,0.00175750,0.24163890,0.21287066,0.21234018,0.00053166,0.21287184,-0.00000118,0.000556
1,704,0.00176000,0.24197918,0.21347518,0.21294168,0.00053470,0.21347638,-0.00000120,0.000561
1,705,0.00176250,0.24231944,0.21408055,0.21354401,0.00053775,0.21408176,-0.00000120,0.000562
1,706,0.00176500,0.24265969,0.21468678,0.21414718,0.00054081,0.21468799,-0.00000121,0.000564
1,707,0.00176750,0.24299992,0.21529385,0.21475118,0.00054388,0.21529506,-0.00000121,0.000562
1,708,0.00177000,0.24334014,0.21590178,0.21535603,0.00054697,0.21590300,-0.00000122,0.000567
1,709,0.00177250,0.24368035,0.21651055,0.21596171,0.00055007,0.21651178,-0.00000123,0.000567
1,710,0.00177500,0.24402054,0.21712018,0.21656823,0.00055319,0.21712142,-0.00000124,0.000570
1,711,0.00177750,0.24436071,0.21773066,0.21717558,0.00055631,0.21773189,-0.00000124,0.000568
1,712,0.00178000,0.24470087,0.21834198,0.21778378,0.00055945,0.21834323,-0.00000125,0.000573
1,713,0.00178250,0.24504102,0.21895416,0.21839281,0.00056261,0.21895542,-0.00000126,0.000575
1,714,0.00178500,0.24538115,0.21956719,0.21900267,0.00056578,0.21956845,-0.00000126,0.000573
1,715,0.00178750,0.24572126,0.22018107,0.21961338,0.00056896,0.22018234,-0.00000127,0.000577
1,716,0.00179000,0.24606136,0.22079579,0.22022492,0.00057215,0.22079707,-0.00000128,0.000578
1,717,0.00179250,0.24640145,0.22141137,0.22083730,0.00057536,0.22141266,-0.00000129,0.000580
1,718,0.00179500,0.24674152,0.22202780,0.22145051,0.00057858,0.22202909,-0.00000129,0.000580
1,719,0.00179750,0.24708157,0.22264508,0.22206457,0.00058181,0.22264638,-0.00000130,0.000585
1,720,0.00180000,0.24742161,0.22326321,0.22267945,0.00058506,0.22326451,-0.00000130,0.000583
1,721,0.00180250,0.24776164,0.22388219,0.22329518,0.00058832,0.22388350,-0.00000132,0.000588
1,722,0.00180500,0.24810165,0.22450202,0.22391174,0.00059160,0.22450334,-0.00000132,0.000589
1,723,0.00180750,0.24844164,0.22512270,0.22452914,0.00059489,0.22512403,-0.00000133,0.000592
1,724,0.00181000,0.24878162,0.22574423,0.22514737,0.00059819,0.22574556,-0.00000134,0.000592
1,725,0.00181250,0.24912159,0.22636661,0.22576644,0.00060151,0.22636795,-0.00000134,0.000593
1,726,0.00181500,0.24946154,0.22698983,0.22638635,0.00060484,0.22699119,-0.00000135,0.000597
1,727,0.00181750,0.24980147,0.22761391,0.22700709,0.00060818,0.22761527,-0.00000136,0.000597
1,728,0.00182000,0.25014139,0.22823884,0.22762867,0.00061154,0.22824021,-0.00000137,0.000600
1,729,0.00182250,0.25048129,0.22886462,0.22825108,0.00061491,0.22886599,-0.00000137,0.000600
1,730,0.00182500,0.25082118,0.22949125,0.22887433,0.00061830,0.22949263,-0.00000138,0.000602
1,731,0.00182750,0.25116106,0.23011873,0.22949842,0.00062170,0.23012012,-0.00000139,0.000605
1,732,0.00183000,0.25150091,0.23074705,0.23012334,0.00062511,0.23074845,-0.00000140,0.000607
1,733,0.00183250,0.25184076,0.23137623,0.23074909,0.00062854,0.23137763,-0.00000140,0.000605
1,734,0.00183500,0.25218058,0.23200626,0.23137569,0.00063198,0.23200767,-0.00000142,0.000610
1,735,0.00183750,0.25252040,0.23263713,0.23200311,0.00063544,0.23263855,-0.00000142,0.000609
1,736,0.00184000,0.25286019,0.23326886,0.23263138,0.00063891,0.23327029,-0.00000143,0.000613
1,737,0.00184250,0.25319997,0.23390143,0.23326047,0.00064239,0.23390286,-0.00000143,0.000611
1,738,0.00184500,0.25353974,0.23453486,0.23389041,0.00064589,0.23453630,-0.00000144,0.000616
1,739,0.00184750,0.25387949,0.23516913,0.23452118,0.00064941,0.23517059,-0.00000145,0.000618
1,740,0.00185000,0.25421922,0.23580426,0.23515278,0.00065293,0.23580571,-0.00000146,0.000618
1,741,0.00185250,0.25455894,0.23644023,0.23578522,0.00065648,0.23644170,-0.00000147,0.000621
1,742,0.00185500,0.25489864,0.23707705,0.23641849,0.00066003,0.23707852,-0.00000147,0.000621
1,743,0.00185750,0.25523833,0.23771472,0.23705260,0.00066360,0.23771620,-0.00000148,0.000623
1,744,0.00186000,0.25557800,0.23835324,0.23768754,0.00066719,0.23835473,-0.00000149,0.000624
1,745,0.00186250,0.25591766,0.23899261,0.23832332,0.00067079,0.23899411,-0.00000150,0.000626
1,746,0.00186500,0.25625730,0.23963283,0.23895993,0.00067440,0.23963433,-0.00000150,0.000627
1,747,0.00186750,0.25659693,0.24027390,0.23959738,0.00067803,0.24027541,-0.00000151,0.000630
1,748,0.00187000,0.25693654,0.24091582,0.24023566,0.00068168,0.24091734,-0.00000152,0.000631
1,749,0.00187250,0.25727613,0.24155858,0.24087478,0.00068533,0.24156011,-0.00000153,0.000635
1,750,0.00187500,0.25761571,0.24220220,0.24151473,0.00068901,0.24220374,-0.00000154,0.000636
1,751,0.00187750,0.25795527,0.24284666,0.24215551,0.00069270,0.24284820,-0.00000155,0.000636
1,752,0.00188000,0.25829482,0.24349197,0.24279713,0.00069640,0.24349353,-0.00000156,0.000639
1,753,0.00188250,0.25863435,0.24413813,0.24343958,0.00070012,0.24413970,-0.00000156,0.000640
1,754,0.00188500,0.25897387,0.24478514,0.24408287,0.00070385,0.24478672,-0.00000157,0.000643
1,755,0.00188750,0.25931337,0.24543300,0.24472699,0.00070760,0.24543459,-0.00000158,0.000645
1,756,0.00189000,0.25965285,0.24608171,0.24537194,0.00071136,0.24608330,-0.00000159,0.000645
1,757,0.00189250,0.25999232,0.24673127,0.24601773,0.00071513,0.24673286,-0.00000160,0.000648
1,758,0.00189500,0.26033177,0.24738167,0.24666435,0.00071893,0.24738328,-0.00000161,0.000649
1,759,0.00189750,0.26067121,0.24803293,0.24731181,0.00072273,0.24803454,-0.00000162,0.000653
1,760,0.00190000,0.26101063,0.24868503,0.24796010,0.00072656,0.24868666,-0.00000163,0.000655
1,761,0.00190250,0.26135003,0.24933798,0.24860922,0.00073040,0.24933962,-0.00000164,0.000656
1,762,0.00190500,0.26168942,0.24999178,0.24925917,0.00073425,0.24999342,-0.00000164,0.000656
1,763,0.00190750,0.26202879,0.25064643,0.24990996,0.00073812,0.25064808,-0.00000165,0.000658
1,764,0.00191000,0.26236815,0.25130192,0.25056158,0.00074200,0.25130358,-0.00000166,0.000660
1,765,0.00191250,0.26270749,0.25195827,0.25121404,0.00074590,0.25195994,-0.00000167,0.000664
1,766,0.00191500,0.26304681,0.25261546,0.25186732,0.00074981,0.25261713,-0.00000167,0.000663
1,767,0.00191750,0.26338612,0.25327350,0.25252144,0.00075374,0.25327518,-0.00000168,0.000664
1,768,0.00192000,0.26372541,0.25393239,0.25317640,0.00075769,0.25393409,-0.00000170,0.000669
1,769,0.00192250,0.26406469,0.25459213,0.25383218,0.00076165,0.25459383,-0.00000170,0.000668
1,770,0.00192500,0.26440395,0.25525271,0.25448880,0.00076563,0.25525443,-0.00000171,0.000671
1,771,0.00192750,0.26474319,0.25591415,0.25514625,0.00076962,0.25591587,-0.00000172,0.000672
1,772,0.00193000,0.26508242,0.25657643,0.25580454,0.00077362,0.25657816,-0.00000173,0.000676
1,773,0.00193250,0.26542163,0.25723956,0.25646365,0.00077765,0.25724130,-0.00000174,0.000676
1,774,0.00193500,0.26576083,0.25790354,0.25712360,0.00078169,0.25790529,-0.00000175,0.000678
1,775,0.00193750,0.26610001,0.25856836,0.25778438,0.00078574,0.25857012,-0.00000176,0.000680
1,776,0.00194000,0.26643917,0.25923404,0.25844599,0.00078981,0.25923580,-0.00000176,0.000680
1,777,0.00194250,0.26677832,0.25990056,0.25910844,0.00079390,0.25990234,-0.00000178,0.000684
1,778,0.00194500,0.26711745,0.26056793,0.25977172,0.00079800,0.26056972,-0.00000179,0.000687
1,779,0.00194750,0.26745656,0.26123615,0.26043582,0.00080212,0.26123794,-0.00000179,0.000685
1,780,0.00195000,0.26779566,0.26190521,0.26110077,0.00080625,0.26190702,-0.00000181,0.000691
1,781,0.00195250,0.26813474,0.26257513,0.26176654,0.00081040,0.26257694,-0.00000182,0.000692
1,782,0.00195500,0.26847380,0.26324589,0.26243314,0.00081457,0.26324771,-0.00000182,0.000692
1,783,0.00195750,0.26881285,0.26391749,0.26310058,0.00081875,0.26391933,-0.00000183,0.000695
1,784,0.00196000,0.26915188,0.26458995,0.26376885,0.00082295,0.26459180,-0.00000185,0.000698
1,785,0.00196250,0.26949090,0.26526325,0.26443794,0.00082716,0.26526510,-0.00000185,0.000697
1,786,0.00196500,0.26982990,0.26593740,0.26510787,0.00083139,0.26593926,-0.00000186,0.000698
1,787,0.00196750,0.27016888,0.26661240,0.26577864,0.00083564,0.26661428,-0.00000188,0.000703
1,788,0.00197000,0.27050785,0.26728825,0.26645023,0.00083990,0.26729013,-0.00000188,0.000704
1,789,0.00197250,0.27084680,0.26796494,0.26712265,0.00084418,0.26796683,-0.00000189,0.000705
1,790,0.00197500,0.27118573,0.26864248,0.26779591,0.00084848,0.26864439,-0.00000190,0.000708
1,791,0.00197750,0.27152464,0.26932087,0.26846999,0.00085279,0.26932278,-0.00000191,0.000708
1,792,0.00198000,0.27186354,0.27000011,0.26914491,0.00085712,0.27000203,-0.00000192,0.000711
1,793,0.00198250,0.27220243,0.27068019,0.26982066,0.00086146,0.27068212,-0.00000193,0.000714
1,794,0.00198500,0.27254129,0.27136112,0.27049723,0.00086582,0.27136305,-0.00000194,0.000713
1,795,0.00198750,0.27288014,0.27204290,0.27117464,0.00087020,0.27204484,-0.00000195,0.000715
1,796,0.00199000,0.27321898,0.27272552,0.27185288,0.00087460,0.27272748,-0.00000196,0.000718
1,797,0.00199250,0.27355779,0.27340899,0.27253195,0.00087901,0.27341096,-0.00000197,0.000720
1,798,0.00199500,0.27389659,0.27409331,0.27321185,0.00088344,0.27409529,-0.00000198,0.000722
1,799,0.00199750,0.27423538,0.27477847,0.27389258,0.00088788,0.27478046,-0.00000199,0.000723
1,800,0.00200000,0.27457414,0.27546448,0.27457414,0.00089234,0.27546648,-0.00000200,0.000725
1,801,0.00200250,0.27491289,0.27615134,0.27525653,0.00089682,0.27615335,-0.00000201,0.000727
1,802,0.00200500,0.27525162,0.27683905,0.27593975,0.00090132,0.27684107,-0.00000202,0.000728
1,803,0.00200750,0.27559034,0.27752760,0.27662380,0.00090583,0.27752963,-0.00000203,0.000730
1,804,0.00201000,0.27592904,0.27821700,0.27730868,0.00091036,0.27821904,-0.00000204,0.000732
1,805,0.00201250,0.27626772,0.27890725,0.27799439,0.00091490,0.27890929,-0.00000205,0.000734
1,806,0.00201500,0.27660639,0.27959834,0.27868093,0.00091947,0.27960040,-0.00000206,0.000736
1,807,0.00201750,0.27694503,0.28029028,0.27936830,0.00092405,0.28029235,-0.00000207,0.000738
1,808,0.00202000,0.27728366,0.28098306,0.28005650,0.00092864,0.28098514,-0.00000208,0.000740
1,809,0.00202250,0.27762228,0.28167670,0.28074553,0.00093326,0.28167879,-0.00000209,0.000743
1,810,0.00202500,0.27796088,0.28237118,0.28143539,0.00093789,0.28237328,-0.00000211,0.000746
1,811,0.00202750,0.27829946,0.28306650,0.28212607,0.00094254,0.28306861,-0.00000211,0.000745
1,812,0.00203000,0.27863802,0.28376267,0.28281759,0.00094721,0.28376480,-0.00000212,0.000748
1,813,0.00203250,0.27897657,0.28445969,0.28350993,0.00095189,0.28446182,-0.00000213,0.000749
1,814,0.00203500,0.27931509,0.28515756,0.28420311,0.00095659,0.28515970,-0.00000215,0.000752
1,815,0.00203750,0.27965361,0.28585627,0.28489711,0.00096131,0.28585842,-0.00000215,0.000753
1,816,0.00204000,0.27999210,0.28655582,0.28559194,0.00096605,0.28655799,-0.00000216,0.000755
1,817,0.00204250,0.28033058,0.28725623,0.28628760,0.00097080,0.28725840,-0.00000217,0.000756
1,818,0.00204500,0.28066904,0.28795748,0.28698409,0.00097557,0.28795966,-0.00000218,0.000759
1,819,0.00204750,0.28100748,0.28865957,0.28768141,0.00098036,0.28866177,-0.00000220,0.000761
1,820,0.00205000,0.28134591,0.28936251,0.28837956,0.00098517,0.28936473,-0.00000221,0.000765
1,821,0.00205250,0.28168432,0.29006630,0.28907853,0.00098999,0.29006852,-0.00000222,0.000765
1,822,0.00205500,0.28202271,0.29077094,0.28977833,0.00099483,0.29077316,-0.00000223,0.000766
1,823,0.00205750,0.28236108,0.29147642,0.29047897,0.00099969,0.29147866,-0.00000225,0.000771
1,824,0.00206000,0.28269944,0.29218274,0.29118042,0.00100457,0.29218499,-0.00000225,0.000770
1,825,0.00206250,0.28303778,0.29288991,0.29188271,0.00100946,0.29289217,-0.00000226,0.000772
1,826,0.00206500,0.28337610,0.29359793,0.29258583,0.00101438,0.29360021,-0.00000228,0.000776
1,827,0.00206750,0.28371441,0.29430679,0.29328977,0.00101931,0.29430908,-0.00000229,0.000777
1,828,0.00207000,0.28405270,0.29501650,0.29399454,0.00102426,0.29501880,-0.00000230,0.000778
1,829,0.00207250,0.28439097,0.29572706,0.29470014,0.00102923,0.29572937,-0.00000231,0.000781
1,830,0.00207500,0.28472922,0.29643846,0.29540657,0.00103421,0.29644078,-0.00000232,0.000784
1,831,0.00207750,0.28506746,0.29715070,0.29611382,0.00103921,0.29715303,-0.00000233,0.000785
1,832,0.00208000,0.28540567,0.29786379,0.29682190,0.00104424,0.29786614,-0.00000234,0.000786
1,833,0.00208250,0.28574387,0.29857773,0.29753081,0.00104928,0.29858009,-0.00000236,0.000789
1,834,0.00208500,0.28608206,0.29929251,0.29824054,0.00105433,0.29929487,-0.00000236,0.000789
1,835,0.00208750,0.28642022,0.30000814,0.29895111,0.00105941,0.30001052,-0.00000238,0.000793
1,836,0.00209000,0.28675837,0.30072461,0.29966250,0.00106451,0.30072701,-0.00000239,0.000795
1,837,0.00209250,0.28709650,0.30144193,0.30037471,0.00106962,0.30144433,-0.00000240,0.000795
1,838,0.00209500,0.28743461,0.30216010,0.30108776,0.00107475,0.30216251,-0.00000241,0.000799
1,839,0.00209750,0.28777271,0.30287911,0.30180163,0.00107990,0.30288153,-0.00000242,0.000800
1,840,0.00210000,0.28811079,0.30359896,0.30251633,0.00108507,0.30360140,-0.00000244,0.000803
1,841,0.00210250,0.28844885,0.30431966,0.30323185,0.00109026,0.30432211,-0.00000245,0.000804
1,842,0.00210500,0.28878689,0.30504120,0.30394820,0.00109546,0.30504366,-0.00000246,0.000806
1,843,0.00210750,0.28912491,0.30576359,0.30466538,0.00110069,0.30576607,-0.00000247,0.000809
1,844,0.00211000,0.28946292,0.30648683,0.30538338,0.00110593,0.30648931,-0.00000248,0.000810
1,845,0.00211250,0.28980091,0.30721091,0.30610221,0.00111119,0.30721340,-0.00000249,0.000812
1,846,0.00211500,0.29013888,0.30793583,0.30682187,0.00111647,0.30793834,-0.00000251,0.000815
1,847,0.00211750,0.29047684,0.30866160,0.30754235,0.00112177,0.30866412,-0.00000252,0.000816
1,848,0.00212000,0.29081477,0.30938822,0.30826366,0.00112709,0.30939075,-0.00000253,0.000819
1,849,0.00212250,0.29115269,0.31011568,0.30898579,0.00113243,0.31011822,-0.00000254,0.000820
1,850,0.00212500,0.29149059,0.31084398,0.30970875,0.00113779,0.31084654,-0.00000255,0.000822
1,851,0.00212750,0.29182847,0.31157313,0.31043254,0.00114316,0.31157570,-0.00000257,0.000825
1,852,0.00213000,0.29216634,0.31230312,0.31115715,0.00114856,0.31230571,-0.00000258,0.000827
1,853,0.00213250,0.29250418,0.31303396,0.31188258,0.00115397,0.31303655,-0.00000259,0.000827
1,854,0.00213500,0.29284201,0.31376564,0.31260885,0.00115940,0.31376825,-0.00000261,0.000831
1,855,0.00213750,0.29317982,0.31449817,0.31333593,0.00116486,0.31450079,-0.00000261,0.000831
1,856,0.00214000,0.29351761,0.31523154,0.31406385,0.00117033,0.31523418,-0.00000263,0.000835
1,857,0.00214250,0.29385539,0.31596576,0.31479258,0.00117582,0.31596840,-0.00000264,0.000835
1,858,0.00214500,0.29419314,0.31670082,0.31552215,0.00118133,0.31670348,-0.00000266,0.000839
1,859,0.00214750,0.29453088,0.31743673,0.31625254,0.00118686,0.31743940,-0.00000267,0.000841
1,860,0.00215000,0.29486860,0.31817348,0.31698375,0.00119241,0.31817616,-0.00000268,0.000842
1,861,0.00215250,0.29520631,0.31891107,0.31771579,0.00119797,0.31891376,-0.00000270,0.000845
1,862,0.00215500,0.29554399,0.31964951,0.31844865,0.00120356,0.31965221,-0.00000271,0.000846
1,863,0.00215750,0.29588166,0.32038879,0.31918234,0.00120917,0.32039151,-0.00000272,0.000849
1,864,0.00216000,0.29621930,0.32112891,0.31991685,0.00121480,0.32113165,-0.00000273,0.000851
1,865,0.00216250,0.29655693,0.32186989,0.32065219,0.00122044,0.32187263,-0.00000275,0.000854
1,866,0.00216500,0.29689455,0.32261170,0.32138835,0.00122611,0.32261446,-0.00000276,0.000856
1,867,0.00216750,0.29723214,0.32335436,0.32212533,0.00123180,0.32335713,-0.00000277,0.000856
1,868,0.00217000,0.29756971,0.32409786,0.32286314,0.00123750,0.32410064,-0.00000278,0.000858
1,869,0.00217250,0.29790727,0.32484221,0.32360177,0.00124323,0.32484500,-0.00000279,0.000859
1,870,0.00217500,0.29824481,0.32558740,0.32434123,0.00124897,0.32559020,-0.00000281,0.000862
1,871,0.00217750,0.29858233,0.32633343,0.32508151,0.00125474,0.32633625,-0.00000282,0.000864
1,872,0.00218000,0.29891983,0.32708031,0.32582262,0.00126053,0.32708315,-0.00000284,0.000867
1,873,0.00218250,0.29925732,0.32782803,0.32656455,0.00126633,0.32783088,-0.00000285,0.000870
1,874,0.00218500,0.29959478,0.32857659,0.32730730,0.00127216,0.32857946,-0.00000286,0.000871
1,875,0.00218750,0.29993223,0.32932600,0.32805087,0.00127800,0.32932887,-0.00000287,0.000871
1,876,0.00219000,0.30026966,0.33007626,0.32879527,0.00128387,0.33007914,-0.00000288,0.000874
1,877,0.00219250,0.30060707,0.33082735,0.32954050,0.00128976,0.33083026,-0.00000290,0.000878
1,878,0.00219500,0.30094446,0.33157929,0.33028654,0.00129566,0.33158220,-0.00000291,0.000878
1,879,0.00219750,0.30128183,0.33233207,0.33103341,0.00130159,0.33233500,-0.00000293,0.000880
1,880,0.00220000,0.30161919,0.33308570,0.33178110,0.00130754,0.33308864,-0.00000294,0.000882
1,881,0.00220250,0.30195652,0.33384017,0.33252962,0.00131351,0.33384313,-0.00000296,0.000885
1,882,0.00220500,0.30229384,0.33459548,0.33327896,0.00131949,0.33459845,-0.00000297,0.000888
1,883,0.00220750,0.30263114,0.33535164,0.33402912,0.00132550,0.33535462,-0.00000298,0.000890
1,884,0.00221000,0.30296842,0.33610864,0.33478010,0.00133153,0.33611163,-0.00000299,0.000891
1,885,0.00221250,0.30330568,0.33686648,0.33553191,0.00133758,0.33686949,-0.00000301,0.000894
1,886,0.00221500,0.30364292,0.33762517,0.33628454,0.00134365,0.33762819,-0.00000303,0.000896
1,887,0.00221750,0.30398015,0.33838470,0.33703799,0.00134974,0.33838773,-0.00000304,0.000898
1,888,0.00222000,0.30431735,0.33914507,0.33779226,0.00135586,0.33914812,-0.00000305,0.000899
1,889,0.00222250,0.30465454,0.33990628,0.33854736,0.00136199,0.33990935,-0.00000307,0.000902
1,890,0.00222500,0.30499171,0.34066834,0.33930328,0.00136814,0.34067142,-0.00000308,0.000905
1,891,0.00222750,0.30532886,0.34143124,0.34006002,0.00137432,0.34143434,-0.00000310,0.000907
1,892,0.00223000,0.30566599,0.34219498,0.34081758,0.00138051,0.34219809,-0.00000311,0.000909
1,893,0.00223250,0.30600310,0.34295957,0.34157596,0.00138673,0.34296269,-0.00000312,0.000910
1,894,0.00223500,0.30634020,0.34372500,0.34233517,0.00139297,0.34372814,-0.00000314,0.000913
1,895,0.00223750,0.30667727,0.34449127,0.34309520,0.00139923,0.34449443,-0.00000315,0.000916
1,896,0.00224000,0.30701433,0.34525839,0.34385604,0.00140551,0.34526155,-0.00000316,0.000915
1,897,0.00224250,0.30735136,0.34602634,0.34461771,0.00141181,0.34602952,-0.00000317,0.000917
1,898,0.00224500,0.30768838,0.34679514,0.34538021,0.00141813,0.34679834,-0.00000320,0.000922
1,899,0.00224750,0.30802538,0.34756479,0.34614352,0.00142447,0.34756799,-0.00000321,0.000923
1,900,0.00225000,0.30836236,0.34833527,0.34690765,0.00143084,0.34833849,-0.00000322,0.000924
1,901,0.00225250,0.30869932,0.34910660,0.34767261,0.00143722,0.34910983,-0.00000324,0.000927
1,902,0.00225500,0.30903626,0.34987877,0.34843839,0.00144363,0.34988202,-0.00000326,0.000931
1,903,0.00225750,0.30937319,0.35065178,0.34920498,0.00145006,0.35065504,-0.00000326,0.000931
1,904,0.00226000,0.30971009,0.35142563,0.34997240,0.00145651,0.35142891,-0.00000328,0.000933
1,905,0.00226250,0.31004697,0.35220033,0.35074064,0.00146298,0.35220362,-0.00000330,0.000936
1,906,0.00226500,0.31038384,0.35297587,0.35150970,0.00146948,0.35297918,-0.00000331,0.000938
1,907,0.00226750,0.31072069,0.35375225,0.35227958,0.00147599,0.35375557,-0.00000333,0.000940
1,908,0.00227000,0.31105752,0.35452947,0.35305028,0.00148253,0.35453281,-0.00000334,0.000942
1,909,0.00227250,0.31139432,0.35530754,0.35382180,0.00148909,0.35531089,-0.00000335,0.000944
1,910,0.00227500,0.31173111,0.35608644,0.35459414,0.00149567,0.35608981,-0.00000337,0.000946
1,911,0.00227750,0.31206788,0.35686619,0.35536730,0.00150227,0.35686957,-0.00000338,0.000948
1,912,0.00228000,0.31240463,0.35764678,0.35614128,0.00150890,0.35765018,-0.00000340,0.000950
1,913,0.00228250,0.31274137,0.35842821,0.35691608,0.00151555,0.35843163,-0.00000341,0.000952
1,914,0.00228500,0.31307808,0.35921049,0.35769171,0.00152221,0.35921392,-0.00000344,0.000956
1,915,0.00228750,0.31341477,0.35999360,0.35846815,0.00152890,0.35999705,-0.00000345,0.000958
1,916,0.00229000,0.31375145,0.36077756,0.35924541,0.00153562,0.36078103,-0.00000346,0.000960
1,917,0.00229250,0.31408810,0.36156236,0.36002349,0.00154235,0.36156584,-0.00000348,0.000963
1,918,0.00229500,0.31442474,0.36234800,0.36080239,0.00154911,0.36235150,-0.00000350,0.000965
1,919,0.00229750,0.31476135,0.36313449,0.36158210,0.00155589,0.36313799,-0.00000350,0.000965
1,920,0.00230000,0.31509795,0.36392181,0.36236264,0.00156269,0.36392533,-0.00000352,0.000967
1,921,0.00230250,0.31543453,0.36470998,0.36314400,0.00156951,0.36471351,-0.00000354,0.000970
1,922,0.00230500,0.31577109,0.36549898,0.36392618,0.00157636,0.36550254,-0.00000356,0.000974
1,923,0.00230750,0.31610762,0.36628883,0.36470917,0.00158323,0.36629240,-0.00000357,0.000974
1,924,0.00231000,0.31644414,0.36707952,0.36549299,0.00159012,0.36708311,-0.00000359,0.000978
1,925,0.00231250,0.31678064,0.36787105,0.36627762,0.00159704,0.36787465,-0.00000360,0.000980
1,926,0.00231500,0.31711712,0.36866342,0.36706307,0.00160397,0.36866704,-0.00000362,0.000981
1,927,0.00231750,0.31745358,0.36945664,0.36784934,0.00161093,0.36946027,-0.00000363,0.000984
1,928,0.00232000,0.31779002,0.37025069,0.36863643,0.00161791,0.37025434,-0.00000365,0.000986
1,929,0.00232250,0.31812645,0.37104559,0.36942434,0.00162492,0.37104926,-0.00000367,0.000989
1,930,0.00232500,0.31846285,0.37184132,0.37021306,0.00163194,0.37184500,-0.00000368,0.000990
1,931,0.00232750,0.31879923,0.37263790,0.37100260,0.00163899,0.37264159,-0.00000369,0.000991
1,932,0.00233000,0.31913559,0.37343532,0.37179297,0.00164607,0.37343904,-0.00000372,0.000996
1,933,0.00233250,0.31947194,0.37423358,0.37258415,0.00165316,0.37423731,-0.00000374,0.000998
1,934,0.00233500,0.31980826,0.37503268,0.37337614,0.00166028,0.37503642,-0.00000374,0.000998
1,935,0.00233750,0.32014456,0.37583262,0.37416896,0.00166743,0.37583639,-0.00000377,0.001002
1,936,0.00234000,0.32048085,0.37663340,0.37496259,0.00167459,0.37663718,-0.00000378,0.001003
1,937,0.00234250,0.32081711,0.37743502,0.37575704,0.00168178,0.37743882,-0.00000379,0.001005
1,938,0.00234500,0.32115336,0.37823749,0.37655231,0.00168899,0.37824130,-0.00000381,0.001008
1,939,0.00234750,0.32148958,0.37904079,0.37734839,0.00169623,0.37904462,-0.00000382,0.001009
1,940,0.00235000,0.32182578,0.37984494,0.37814530,0.00170348,0.37984878,-0.00000385,0.001013
1,941,0.00235250,0.32216197,0.38064992,0.37894302,0.00171077,0.38065379,-0.00000387,0.001015
1,942,0.00235500,0.32249813,0.38145575,0.37974155,0.00171807,0.38145962,-0.00000388,0.001016
1,943,0.00235750,0.32283428,0.38226241,0.38054091,0.00172540,0.38226631,-0.00000390,0.001020
1,944,0.00236000,0.32317041,0.38306992,0.38134108,0.00173275,0.38307383,-0.00000391,0.001022
1,945,0.00236250,0.32350651,0.38387826,0.38214207,0.00174013,0.38388220,-0.00000393,0.001025
1,946,0.00236500,0.32384260,0.38468745,0.38294387,0.00174753,0.38469140,-0.00000395,0.001026
1,947,0.00236750,0.32417866,0.38549748,0.38374649,0.00175495,0.38550144,-0.00000396,0.001028
1,948,0.00237000,0.32451471,0.38630834,0.38454993,0.00176239,0.38631232,-0.00000398,0.001031
1,949,0.00237250,0.32485073,0.38712005,0.38535418,0.00176987,0.38712405,-0.00000400,0.001032
1,950,0.00237500,0.32518674,0.38793260,0.38615925,0.00177736,0.38793661,-0.00000401,0.001034
1,951,0.00237750,0.32552272,0.38874598,0.38696514,0.00178488,0.38875002,-0.00000403,0.001038
1,952,0.00238000,0.32585869,0.38956021,0.38777184,0.00179242,0.38956426,-0.00000405,0.001039
1,953,0.00238250,0.32619463,0.39037528,0.38857936,0.00179998,0.39037934,-0.00000407,0.001042
1,954,0.00238500,0.32653056,0.39119118,0.38938769,0.00180757,0.39119526,-0.00000408,0.001043
1,955,0.00238750,0.32686646,0.39200793,0.39019684,0.00181519,0.39201203,-0.00000410,0.001046
1,956,0.00239000,0.32720235,0.39282552,0.39100681,0.00182283,0.39282964,-0.00000412,0.001049
1,957,0.00239250,0.32753821,0.39364394,0.39181759,0.00183049,0.39364808,-0.00000414,0.001051
1,958,0.00239500,0.32787406,0.39446321,0.39262919,0.00183818,0.39446737,-0.00000416,0.001054
1,959,0.00239750,0.32820988,0.39528331,0.39344160,0.00184589,0.39528749,-0.00000417,0.001056
1,960,0.00240000,0.32854569,0.39610426,0.39425482,0.00185362,0.39610844,-0.00000418,0.001057
1,961,0.00240250,0.32888147,0.39692604,0.39506887,0.00186138,0.39693025,-0.00000421,0.001061
1,962,0.00240500,0.32921723,0.39774866,0.39588372,0.00186916,0.39775288,-0.00000422,0.001061
1,963,0.00240750,0.32955298,0.39857213,0.39669940,0.00187697,0.39857637,-0.00000425,0.001065
1,964,0.00241000,0.32988870,0.39939643,0.39751588,0.00188481,0.39940069,-0.00000426,0.001066
1,965,0.00241250,0.33022440,0.40022157,0.39833319,0.00189266,0.40022585,-0.00000428,0.001070
1,966,0.00241500,0.33056009,0.40104755,0.39915130,0.00190054,0.40105184,-0.00000429,0.001071
1,967,0.00241750,0.33089575,0.40187437,0.39997023,0.00190845,0.40187868,-0.00000431,0.001073
1,968,0.00242000,0.33123139,0.40270203,0.40078998,0.00191638,0.40270636,-0.00000433,0.001076
1,969,0.00242250,0.33156701,0.40353053,0.40161054,0.00192434,0.40353488,-0.00000435,0.001079
1,970,0.00242500,0.33190261,0.40435986,0.40243191,0.00193232,0.40436423,-0.00000437,0.001080
1,971,0.00242750,0.33223819,0.40519004,0.40325410,0.00194033,0.40519443,-0.00000439,0.001083
1,972,0.00243000,0.33257375,0.40602105,0.40407710,0.00194836,0.40602546,-0.00000440,0.001084
1,973,0.00243250,0.33290929,0.40685291,0.40490092,0.00195641,0.40685733,-0.00000442,0.001088
1,974,0.00243500,0.33324481,0.40768560,0.40572555,0.00196449,0.40769004,-0.00000444,0.001090
1,975,0.00243750,0.33358030,0.40851913,0.40655099,0.00197260,0.40852359,-0.00000446,0.001091
1,976,0.00244000,0.33391578,0.40935350,0.40737725,0.00198073,0.40935798,-0.00000448,0.001094
1,977,0.00244250,0.33425124,0.41018871,0.40820432,0.00198889,0.41019321,-0.00000450,0.001096
1,978,0.00244500,0.33458667,0.41102476,0.40903221,0.00199707,0.41102928,-0.00000452,0.001100
1,979,0.00244750,0.33492209,0.41186164,0.40986090,0.00200528,0.41186618,-0.00000453,0.001101
1,980,0.00245000,0.33525748,0.41269937,0.41069042,0.00201351,0.41270393,-0.00000456,0.001105
1,981,0.00245250,0.33559286,0.41353793,0.41152074,0.00202177,0.41354251,-0.00000458,0.001107
1,982,0.00245500,0.33592821,0.41437733,0.41235188,0.00203005,0.41438193,-0.00000460,0.001110
1,983,0.00245750,0.33626354,0.41521757,0.41318383,0.00203836,0.41522219,-0.00000462,0.001112
1,984,0.00246000,0.33659885,0.41605865,0.41401659,0.00204670,0.41606329,-0.00000463,0.001114
1,985,0.00246250,0.33693414,0.41690057,0.41485016,0.00205506,0.41690522,-0.00000465,0.001115
1,986,0.00246500,0.33726941,0.41774332,0.41568455,0.00206344,0.41774799,-0.00000467,0.001118
1,987,0.00246750,0.33760466,0.41858691,0.41651975,0.00207185,0.41859160,-0.00000469,0.001120
1,988,0.00247000,0.33793989,0.41943135,0.41735576,0.00208029,0.41943605,-0.00000471,0.001122
1,989,0.00247250,0.33827510,0.42027661,0.41819259,0.00208875,0.42028134,-0.00000473,0.001125
1,990,0.00247500,0.33861028,0.42112272,0.41903023,0.00209724,0.42112747,-0.00000475,0.001129
1,991,0.00247750,0.33894545,0.42196967,0.41986868,0.00210576,0.42197444,-0.00000477,0.001131
1,992,0.00248000,0.33928059,0.42281745,0.42070794,0.00211430,0.42282224,-0.00000479,0.001133
1,993,0.00248250,0.33961572,0.42366607,0.42154801,0.00212287,0.42367088,-0.00000481,0.001135
1,994,0.00248500,0.33995082,0.42451553,0.42238889,0.00213146,0.42452035,-0.00000482,0.001136
1,995,0.00248750,0.34028590,0.42536582,0.42323059,0.00214008,0.42537067,-0.00000485,0.001140
1,996,0.00249000,0.34062096,0.42621696,0.42407310,0.00214873,0.42622183,-0.00000487,0.001143
1,997,0.00249250,0.34095600,0.42706893,0.42491642,0.00215740,0.42707382,-0.00000489,0.001145
1,998,0.00249500,0.34129102,0.42792174,0.42576055,0.00216610,0.42792665,-0.00000491,0.001148
1,999,0.00249750,0.34162602,0.42877538,0.42660549,0.00217482,0.42878031,-0.00000493,0.001150
1,1000,0.00250000,0.34196099,0.42962987,0.42745124,0.00218357,0.42963481,-0.00000495,0.001151
1,1001,0.00250250,0.34229595,0.43048519,0.42829780,0.00219235,0.43049015,-0.00000496,0.001153
1,1002,0.00250500,0.34263088,0.43134135,0.42914518,0.00220115,0.43134633,-0.00000499,0.001157
1,1003,0.00250750,0.34296579,0.43219834,0.42999336,0.00220999,0.43220335,-0.00000500,0.001158
1,1004,0.00251000,0.34330069,0.43305617,0.43084236,0.00221884,0.43306120,-0.00000503,0.001161
1,1005,0.00251250,0.34363556,0.43391484,0.43169217,0.00222773,0.43391990,-0.00000505,0.001165
1,1006,0.00251500,0.34397040,0.43477435,0.43254278,0.00223664,0.43477942,-0.00000507,0.001165
1,1007,0.00251750,0.34430523,0.43563470,0.43339421,0.00224558,0.43563979,-0.00000509,0.001168
1,1008,0.00252000,0.34464004,0.43649588,0.43424645,0.00225454,0.43650099,-0.00000511,0.001172
1,1009,0.00252250,0.34497482,0.43735790,0.43509950,0.00226353,0.43736303,-0.00000514,0.001175
1,1010,0.00252500,0.34530959,0.43822075,0.43595335,0.00227255,0.43822590,-0.00000515,0.001175
1,1011,0.00252750,0.34564433,0.43908444,0.43680802,0.00228160,0.43908962,-0.00000517,0.001178
1,1012,0.00253000,0.34597905,0.43994897,0.43766350,0.00229067,0.43995417,-0.00000520,0.001181
1,1013,0.00253250,0.34631375,0.44081434,0.43851978,0.00229977,0.44081955,-0.00000521,0.001182
1,1014,0.00253500,0.34664843,0.44168054,0.43937688,0.00230890,0.44168578,-0.00000524,0.001185
1,1015,0.00253750,0.34698308,0.44254758,0.44023479,0.00231805,0.44255284,-0.00000526,0.001189
1,1016,0.00254000,0.34731772,0.44341546,0.44109350,0.00232724,0.44342074,-0.00000528,0.001190
1,1017,0.00254250,0.34765233,0.44428417,0.44195303,0.00233644,0.44428947,-0.00000530,0.001194
1,1018,0.00254500,0.34798692,0.44515372,0.44281336,0.00234568,0.44515904,-0.00000532,0.001195
1,1019,0.00254750,0.34832149,0.44602411,0.44367450,0.00235495,0.44602945,-0.00000534,0.001197
1,1020,0.00255000,0.34865604,0.44689533,0.44453645,0.00236424,0.44690069,-0.00000536,0.001199
1,1021,0.00255250,0.34899057,0.44776739,0.44539921,0.00237356,0.44777277,-0.00000538,0.001202
1,1022,0.00255500,0.34932508,0.44864028,0.44626278,0.00238290,0.44864568,-0.00000540,0.001205
1,1023,0.00255750,0.34965956,0.44951401,0.44712716,0.00239228,0.44951944,-0.00000543,0.001207
1,1024,0.00256000,0.34999402,0.45038858,0.44799235,0.00240168,0.45039403,-0.00000545,0.001211
1,1025,0.00256250,0.35032846,0.45126398,0.44885834,0.00241111,0.45126945,-0.00000547,0.001212
1,1026,0.00256500,0.35066288,0.45214022,0.44972514,0.00242057,0.45214571,-0.00000549,0.001214
1,1027,0.00256750,0.35099728,0.45301730,0.45059276,0.00243006,0.45302282,-0.00000552,0.001219
1,1028,0.00257000,0.35133165,0.45389521,0.45146117,0.00243957,0.45390074,-0.00000553,0.001219
1,1029,0.00257250,0.35166601,0.45477395,0.45233040,0.00244911,0.45477951,-0.00000556,0.001222
1,1030,0.00257500,0.35200034,0.45565354,0.45320044,0.00245868,0.45565912,-0.00000559,0.001226
1,1031,0.00257750,0.35233465,0.45653396,0.45407128,0.00246828,0.45653956,-0.00000561,0.001228
1,1032,0.00258000,0.35266894,0.45741521,0.45494293,0.00247791,0.45742084,-0.00000563,0.001230
1,1033,0.00258250,0.35300320,0.45829730,0.45581539,0.00248756,0.45830295,-0.00000565,0.001234
1,1034,0.00258500,0.35333745,0.45918023,0.45668865,0.00249725,0.45918590,-0.00000567,0.001235
1,1035,0.00258750,0.35367167,0.46006399,0.45756272,0.00250696,0.46006968,-0.00000569,0.001237
1,1036,0.00259000,0.35400587,0.46094858,0.45843760,0.00251670,0.46095430,-0.00000571,0.001240
1,1037,0.00259250,0.35434005,0.46183402,0.45931329,0.00252647,0.46183976,-0.00000574,0.001243
1,1038,0.00259500,0.35467421,0.46272028,0.46018978,0.00253626,0.46272604,-0.00000576,0.001245
1,1039,0.00259750,0.35500834,0.46360739,0.46106708,0.00254609,0.46361317,-0.00000578,0.001247
1,1040,0.00260000,0.35534245,0.46449533,0.46194519,0.00255594,0.46450113,-0.00000581,0.001250
1,1041,0.00260250,0.35567654,0.46538410,0.46282410,0.00256583,0.46538993,-0.00000583,0.001252
1,1042,0.00260500,0.35601061,0.46627371,0.46370382,0.00257574,0.46627956,-0.00000585,0.001255
1,1043,0.00260750,0.35634466,0.46716415,0.46458435,0.00258568,0.46717003,-0.00000588,0.001258
1,1044,0.00261000,0.35667868,0.46805543,0.46546568,0.00259565,0.46806133,-0.00000590,0.001260
1,1045,0.00261250,0.35701268,0.46894755,0.46634782,0.00260565,0.46895347,-0.00000592,0.001263
1,1046,0.00261500,0.35734666,0.46984050,0.46723076,0.00261568,0.46984644,-0.00000594,0.001265
1,1047,0.00261750,0.35768062,0.47073428,0.46811451,0.00262573,0.47074024,-0.00000596,0.001267
1,1048,0.00262000,0.35801456,0.47162890,0.46899907,0.00263582,0.47163489,-0.00000599,0.001270
1,1049,0.00262250,0.35834847,0.47252435,0.46988443,0.00264593,0.47253036,-0.00000601,0.001272
1,1050,0.00262500,0.35868236,0.47342064,0.47077060,0.00265608,0.47342668,-0.00000604,0.001275
1,1051,0.00262750,0.35901623,0.47431776,0.47165757,0.00266625,0.47432382,-0.00000606,0.001277
1,1052,0.00263000,0.35935008,0.47521572,0.47254535,0.00267646,0.47522181,-0.00000608,0.001280
1,1053,0.00263250,0.35968390,0.47611451,0.47343394,0.00268669,0.47612063,-0.00000611,0.001284
1,1054,0.00263500,0.36001770,0.47701414,0.47432333,0.00269695,0.47702028,-0.00000614,0.001287
1,1055,0.00263750,0.36035148,0.47791460,0.47521352,0.00270724,0.47792076,-0.00000616,0.001289
1,1056,0.00264000,0.36068524,0.47881590,0.47610452,0.00271756,0.47882208,-0.00000618,0.001291
1,1057,0.00264250,0.36101898,0.47971803,0.47699632,0.00272791,0.47972423,-0.00000620,0.001293
1,1058,0.00264500,0.36135269,0.48062099,0.47788893,0.00273829,0.48062722,-0.00000623,0.001296
1,1059,0.00264750,0.36168638,0.48152479,0.47878234,0.00274870,0.48153104,-0.00000625,0.001298
1,1060,0.00265000,0.36202005,0.48242943,0.47967656,0.00275914,0.48243570,-0.00000628,0.001301
1,1061,0.00265250,0.36235369,0.48333489,0.48057158,0.00276961,0.48334119,-0.00000630,0.001303
1,1062,0.00265500,0.36268731,0.48424119,0.48146741,0.00278011,0.48424752,-0.00000633,0.001307
1,1063,0.00265750,0.36302091,0.48514833,0.48236404,0.00279064,0.48515468,-0.00000635,0.001310
1,1064,0.00266000,0.36335449,0.48605630,0.48326147,0.00280120,0.48606267,-0.00000637,0.001311
1,1065,0.00266250,0.36368804,0.48696510,0.48415971,0.00281179,0.48697150,-0.00000640,0.001314
1,1066,0.00266500,0.36402158,0.48787474,0.48505875,0.00282241,0.48788116,-0.00000642,0.001317
1,1067,0.00266750,0.36435509,0.48878521,0.48595860,0.00283306,0.48879166,-0.00000645,0.001320
1,1068,0.00267000,0.36468857,0.48969651,0.48685925,0.00284374,0.48970299,-0.00000648,0.001323
1,1069,0.00267250,0.36502204,0.49060865,0.48776070,0.00285445,0.49061515,-0.00000650,0.001325
1,1070,0.00267500,0.36535548,0.49152162,0.48866295,0.00286519,0.49152814,-0.00000652,0.001327
1,1071,0.00267750,0.36568890,0.49243543,0.48956601,0.00287597,0.49244198,-0.00000655,0.001329
1,1072,0.00268000,0.36602229,0.49335007,0.49046987,0.00288677,0.49335664,-0.00000657,0.001332
1,1073,0.00268250,0.36635567,0.49426554,0.49137454,0.00289760,0.49427214,-0.00000660,0.001335
1,1074,0.00268500,0.36668902,0.49518185,0.49228001,0.00290846,0.49518847,-0.00000663,0.001339
1,1075,0.00268750,0.36702235,0.49609899,0.49318628,0.00291936,0.49610564,-0.00000665,0.001341
1,1076,0.00269000,0.36735565,0.49701696,0.49409335,0.00293028,0.49702363,-0.00000668,0.001343
1,1077,0.00269250,0.36768893,0.49793576,0.49500122,0.00294124,0.49794246,-0.00000670,0.001345
1,1078,0.00269500,0.36802219,0.49885540,0.49590990,0.00295223,0.49886213,-0.00000672,0.001348
1,1079,0.00269750,0.36835543,0.49977588,0.49681938,0.00296324,0.49978262,-0.00000675,0.001350
1,1080,0.00270000,0.36868864,0.50069718,0.49772966,0.00297429,0.50070395,-0.00000677,0.001353
1,1081,0.00270250,0.36902183,0.50161932,0.49864075,0.00298537,0.50162612,-0.00000680,0.001356
1,1082,0.00270500,0.36935500,0.50254229,0.49955263,0.00299648,0.50254911,-0.00000682,0.001358
1,1083,0.00270750,0.36968814,0.50346609,0.50046532,0.00300762,0.50347294,-0.00000685,0.001361
1,1084,0.00271000,0.37002126,0.50439073,0.50137881,0.00301880,0.50439761,-0.00000688,0.001364
1,1085,0.00271250,0.37035436,0.50531620,0.50229310,0.00303000,0.50532310,-0.00000690,0.001366
1,1086,0.00271500,0.37068744,0.50624250,0.50320820,0.00304124,0.50624944,-0.00000694,0.001370
1,1087,0.00271750,0.37102049,0.50716964,0.50412409,0.00305250,0.50717659,-0.00000696,0.001372
1,1088,0.00272000,0.37135352,0.50809760,0.50504079,0.00306380,0.50810459,-0.00000699,0.001376
1,1089,0.00272250,0.37168652,0.50902640,0.50595828,0.00307513,0.50903341,-0.00000701,0.001377
1,1090,0.00272500,0.37201951,0.50995604,0.50687658,0.00308650,0.50996308,-0.00000704,0.001380
1,1091,0.00272750,0.37235247,0.51088650,0.50779568,0.00309789,0.51089357,-0.00000707,0.001383
1,1092,0.00273000,0.37268540,0.51181780,0.50871558,0.00310931,0.51182489,-0.00000709,0.001386
1,1093,0.00273250,0.37301832,0.51274993,0.50963628,0.00312077,0.51275705,-0.00000712,0.001389
1,1094,0.00273500,0.37335121,0.51368289,0.51055778,0.00313226,0.51369004,-0.00000715,0.001392
1,1095,0.00273750,0.37368407,0.51461668,0.51148008,0.00314378,0.51462386,-0.00000717,0.001394
1,1096,0.00274000,0.37401692,0.51555131,0.51240318,0.00315533,0.51555851,-0.00000720,0.001397
1,1097,0.00274250,0.37434974,0.51648677,0.51332708,0.00316692,0.51649400,-0.00000723,0.001399
1,1098,0.00274500,0.37468253,0.51742306,0.51425178,0.00317853,0.51743031,-0.00000725,0.001402
1,1099,0.00274750,0.37501531,0.51836018,0.51517728,0.00319018,0.51836746,-0.00000728,0.001404
1,1100,0.00275000,0.37534806,0.51929814,0.51610358,0.00320186,0.51930544,-0.00000731,0.001407
1,1101,0.00275250,0.37568078,0.52023692,0.51703068,0.00321358,0.52024426,-0.00000733,0.001410
1,1102,0.00275500,0.37601349,0.52117654,0.51795858,0.00322532,0.52118390,-0.00000736,0.001412
1,1103,0.00275750,0.37634617,0.52211699,0.51888728,0.00323710,0.52212438,-0.00000739,0.001415
1,1104,0.00276000,0.37667882,0.52305827,0.51981678,0.00324891,0.52306569,-0.00000742,0.001418
1,1105,0.00276250,0.37701146,0.52400038,0.52074707,0.00326075,0.52400782,-0.00000744,0.001420
1,1106,0.00276500,0.37734407,0.52494333,0.52167817,0.00327263,0.52495080,-0.00000747,0.001423
1,1107,0.00276750,0.37767665,0.52588710,0.52261007,0.00328454,0.52589461,-0.00000750,0.001426
1,1108,0.00277000,0.37800921,0.52683171,0.52354276,0.00329648,0.52683924,-0.00000752,0.001428
1,1109,0.00277250,0.37834175,0.52777715,0.52447625,0.00330845,0.52778470,-0.00000755,0.001430
1,1110,0.00277500,0.37867427,0.52872342,0.52541055,0.00332046,0.52873101,-0.00000759,0.001435
1,1111,0.00277750,0.37900676,0.52967052,0.52634564,0.00333249,0.52967813,-0.00000761,0.001437
1,1112,0.00278000,0.37933923,0.53061845,0.52728153,0.00334457,0.53062610,-0.00000764,0.001440
1,1113,0.00278250,0.37967167,0.53156722,0.52821821,0.00335667,0.53157488,-0.00000766,0.001442
1,1114,0.00278500,0.38000409,0.53251681,0.52915570,0.00336881,0.53252451,-0.00000770,0.001445
1,1115,0.00278750,0.38033649,0.53346724,0.53009398,0.00338098,0.53347496,-0.00000772,0.001448
1,1116,0.00279000,0.38066886,0.53441849,0.53103306,0.00339319,0.53442624,-0.00000775,0.001450
1,1117,0.00279250,0.38100121,0.53537058,0.53197294,0.00340542,0.53537836,-0.00000778,0.001453
1,1118,0.00279500,0.38133354,0.53632350,0.53291362,0.00341769,0.53633131,-0.00000781,0.001457
1,1119,0.00279750,0.38166584,0.53727725,0.53385509,0.00343000,0.53728509,-0.00000784,0.001459
1,1120,0.00280000,0.38199812,0.53823183,0.53479736,0.00344233,0.53823969,-0.00000787,0.001461
1,1121,0.00280250,0.38233037,0.53918724,0.53574043,0.00345471,0.53919514,-0.00000790,0.001464
1,1122,0.00280500,0.38266260,0.54014348,0.53668430,0.00346711,0.54015141,-0.00000793,0.001468
1,1123,0.00280750,0.38299481,0.54110055,0.53762896,0.00347955,0.54110851,-0.00000796,0.001470
1,1124,0.00281000,0.38332699,0.54205846,0.53857442,0.00349202,0.54206644,-0.00000798,0.001473
1,1125,0.00281250,0.38365915,0.54301719,0.53952067,0.00350453,0.54302520,-0.00000801,0.001475
1,1126,0.00281500,0.38399128,0.54397675,0.54046773,0.00351707,0.54398480,-0.00000804,0.001479
1,1127,0.00281750,0.38432339,0.54493714,0.54141558,0.00352964,0.54494522,-0.00000807,0.001482
1,1128,0.00282000,0.38465548,0.54589837,0.54236422,0.00354225,0.54590647,-0.00000810,0.001483
1,1129,0.00282250,0.38498754,0.54686042,0.54331366,0.00355489,0.54686855,-0.00000812,0.001486
1,1130,0.00282500,0.38531958,0.54782331,0.54426390,0.00356756,0.54783146,-0.00000816,0.001489
1,1131,0.00282750,0.38565159,0.54878702,0.54521494,0.00358027,0.54879521,-0.00000819,0.001493
1,1132,0.00283000,0.38598358,0.54975156,0.54616677,0.00359301,0.54975978,-0.00000822,0.001495
1,1133,0.00283250,0.38631555,0.55071694,0.54711939,0.00360579,0.55072518,-0.00000824,0.001497
1,1134,0.00283500,0.38664749,0.55168314,0.54807282,0.00361860,0.55169142,-0.00000828,0.001501
1,1135,0.00283750,0.38697941,0.55265018,0.54902703,0.00363145,0.55265848,-0.00000830,0.001503
1,1136,0.00284000,0.38731130,0.55361804,0.54998205,0.00364433,0.55362638,-0.00000834,0.001507
1,1137,0.00284250,0.38764317,0.55458673,0.55093785,0.00365725,0.55459510,-0.00000836,0.001508
1,1138,0.00284500,0.38797501,0.55555625,0.55189446,0.00367020,0.55556466,-0.00000840,0.001512
1,1139,0.00284750,0.38830683,0.55652661,0.55285186,0.00368318,0.55653504,-0.00000843,0.001515
1,1140,0.00285000,0.38863863,0.55749779,0.55381005,0.00369620,0.55750625,-0.00000846,0.001518
1,1141,0.00285250,0.38897040,0.55846980,0.55476904,0.00370925,0.55847829,-0.00000849,0.001521
1,1142,0.00285500,0.38930215,0.55944264,0.55572882,0.00372234,0.55945116,-0.00000852,0.001523
1,1143,0.00285750,0.38963387,0.56041631,0.55668940,0.00373546,0.56042486,-0.00000855,0.001526
1,1144,0.00286000,0.38996557,0.56139081,0.55765077,0.00374862,0.56139939,-0.00000858,0.001529
1,1145,0.00286250,0.39029725,0.56236614,0.55861294,0.00376182,0.56237476,-0.00000862,0.001532
1,1146,0.00286500,0.39062890,0.56334230,0.55957590,0.00377504,0.56335094,-0.00000865,0.001535
1,1147,0.00286750,0.39096052,0.56431928,0.56053965,0.00378831,0.56432796,-0.00000867,0.001537
1,1148,0.00287000,0.39129212,0.56529710,0.56150420,0.00380161,0.56530581,-0.00000871,0.001540
1,1149,0.00287250,0.39162370,0.56627574,0.56246954,0.00381494,0.56628448,-0.00000874,0.001543
1,1150,0.00287500,0.39195525,0.56725522,0.56343568,0.00382831,0.56726399,-0.00000877,0.001546
1,1151,0.00287750,0.39228678,0.56823552,0.56440261,0.00384171,0.56824432,-0.00000880,0.001549
1,1152,0.00288000,0.39261828,0.56921665,0.56537033,0.00385515,0.56922548,-0.00000883,0.001552
1,1153,0.00288250,0.39294976,0.57019861,0.56633884,0.00386863,0.57020747,-0.00000886,0.001554
1,1154,0.00288500,0.39328122,0.57118140,0.56730815,0.00388214,0.57119029,-0.00000889,0.001557
1,1155,0.00288750,0.39361265,0.57216502,0.56827826,0.00389569,0.57217395,-0.00000893,0.001561
1,1156,0.00289000,0.39394405,0.57314946,0.56924915,0.00390927,0.57315842,-0.00000896,0.001563
1,1157,0.00289250,0.39427543,0.57413474,0.57022084,0.00392289,0.57414373,-0.00000899,0.001566
1,1158,0.00289500,0.39460679,0.57512084,0.57119332,0.00393654,0.57512986,-0.00000902,0.001569
1,1159,0.00289750,0.39493812,0.57610777,0.57216659,0.00395023,0.57611682,-0.00000905,0.001571
1,1160,0.00290000,0.39526942,0.57709553,0.57314066,0.00396396,0.57710462,-0.00000909,0.001574
1,1161,0.00290250,0.39560070,0.57808412,0.57411552,0.00397772,0.57809324,-0.00000912,0.001578
1,1162,0.00290500,0.39593196,0.57907353,0.57509117,0.00399152,0.57908269,-0.00000915,0.001581
1,1163,0.00290750,0.39626319,0.58006378,0.57606761,0.00400535,0.58007296,-0.00000918,0.001583
1,1164,0.00291000,0.39659440,0.58105485,0.57704485,0.00401922,0.58106407,-0.00000922,0.001587
1,1165,0.00291250,0.39692558,0.58204675,0.57802287,0.00403313,0.58205600,-0.00000925,0.001589
1,1166,0.00291500,0.39725673,0.58303948,0.57900169,0.00404707,0.58304876,-0.00000928,0.001592
1,1167,0.00291750,0.39758787,0.58403303,0.57998130,0.00406105,0.58404235,-0.00000932,0.001595
1,1168,0.00292000,0.39791897,0.58502742,0.58096170,0.00407506,0.58503676,-0.00000935,0.001598
1,1169,0.00292250,0.39825005,0.58602263,0.58194289,0.00408912,0.58603201,-0.00000938,0.001600
1,1170,0.00292500,0.39858111,0.58701867,0.58292487,0.00410321,0.58702808,-0.00000941,0.001603
1,1171,0.00292750,0.39891214,0.58801553,0.58390765,0.00411733,0.58802498,-0.00000945,0.001607
1,1172,0.00293000,0.39924315,0.58901323,0.58489121,0.00413149,0.58902270,-0.00000948,0.001609
1,1173,0.00293250,0.39957413,0.59001175,0.58587557,0.00414569,0.59002126,-0.00000951,0.001612
1,1174,0.00293500,0.39990509,0.59101110,0.58686072,0.00415993,0.59102065,-0.00000955,0.001616
1,1175,0.00293750,0.40023602,0.59201128,0.58784665,0.00417420,0.59202085,-0.00000958,0.001618
1,1176,0.00294000,0.40056693,0.59301228,0.58883338,0.00418851,0.59302189,-0.00000961,0.001621
1,1177,0.00294250,0.40089781,0.59401411,0.58982090,0.00420286,0.59402376,-0.00000965,0.001624
1,1178,0.00294500,0.40122866,0.59501677,0.59080921,0.00421724,0.59502645,-0.00000968,0.001628
1,1179,0.00294750,0.40155950,0.59602025,0.59179831,0.00423166,0.59602997,-0.00000972,0.001631
1,1180,0.00295000,0.40189030,0.59702457,0.59278819,0.00424612,0.59703431,-0.00000975,0.001632
1,1181,0.00295250,0.40222108,0.59802970,0.59377887,0.00426062,0.59803949,-0.00000978,0.001636
1,1182,0.00295500,0.40255184,0.59903567,0.59477034,0.00427515,0.59904549,-0.00000982,0.001639
1,1183,0.00295750,0.40288257,0.60004246,0.59576259,0.00428972,0.60005231,-0.00000985,0.001641
1,1184,0.00296000,0.40321327,0.60105008,0.59675564,0.00430433,0.60105997,-0.00000989,0.001645
1,1185,0.00296250,0.40354395,0.60205853,0.59774948,0.00431897,0.60206845,-0.00000992,0.001648
1,1186,0.00296500,0.40387460,0.60306780,0.59874410,0.00433366,0.60307776,-0.00000995,0.001651
1,1187,0.00296750,0.40420523,0.60407790,0.59973951,0.00434838,0.60408789,-0.00000999,0.001653
1,1188,0.00297000,0.40453584,0.60508883,0.60073572,0.00436314,0.60509886,-0.00001003,0.001657
1,1189,0.00297250,0.40486641,0.60610058,0.60173271,0.00437793,0.60611064,-0.00001006,0.001660
1,1190,0.00297500,0.40519697,0.60711316,0.60273049,0.00439277,0.60712326,-0.00001010,0.001663
1,1191,0.00297750,0.40552749,0.60812657,0.60372905,0.00440764,0.60813669,-0.00001012,0.001665
1,1192,0.00298000,0.40585799,0.60914080,0.60472841,0.00442255,0.60915096,-0.00001016,0.001669
1,1193,0.00298250,0.40618847,0.61015586,0.60572855,0.00443750,0.61016605,-0.00001019,0.001671
1,1194,0.00298500,0.40651892,0.61117174,0.60672949,0.00445249,0.61118198,-0.00001024,0.001675
1,1195,0.00298750,0.40684934,0.61218845,0.60773121,0.00446751,0.61219872,-0.00001027,0.001678
1,1196,0.00299000,0.40717974,0.61320599,0.60873372,0.00448258,0.61321630,-0.00001031,0.001681
1,1197,0.00299250,0.40751012,0.61422435,0.60973701,0.00449768,0.61423469,-0.00001034,0.001683
1,1198,0.00299500,0.40784046,0.61524354,0.61074110,0.00451282,0.61525392,-0.00001038,0.001687
1,1199,0.00299750,0.40817079,0.61626355,0.61174597,0.00452800,0.61627397,-0.00001042,0.001690
1,1200,0.00300000,0.40850108,0.61728439,0.61275162,0.00454322,0.61729484,-0.00001044,0.001692
1,1201,0.00300250,0.40883135,0.61830606,0.61375807,0.00455847,0.61831654,-0.00001048,0.001696
1,1202,0.00300500,0.40916160,0.61932855,0.61476530,0.00457377,0.61933907,-0.00001052,0.001698
1,1203,0.00300750,0.40949182,0.62035187,0.61577332,0.00458910,0.62036242,-0.00001056,0.001702
1,1204,0.00301000,0.40982201,0.62137601,0.61678213,0.00460447,0.62138660,-0.00001060,0.001705
1,1205,0.00301250,0.41015218,0.62240098,0.61779172,0.00461989,0.62241161,-0.00001063,0.001708
1,1206,0.00301500,0.41048232,0.62342677,0.61880210,0.00463534,0.62343744,-0.00001067,0.001711
1,1207,0.00301750,0.41081244,0.62445339,0.61981326,0.00465083,0.62446409,-0.00001070,0.001713
1,1208,0.00302000,0.41114253,0.62548083,0.62082522,0.00466635,0.62549157,-0.00001074,0.001718
1,1209,0.00302250,0.41147259,0.62650910,0.62183795,0.00468192,0.62651987,-0.00001077,0.001719
1,1210,0.00302500,0.41180263,0.62753819,0.62285148,0.00469753,0.62754901,-0.00001082,0.001723
1,1211,0.00302750,0.41213264,0.62856811,0.62386579,0.00471318,0.62857897,-0.00001085,0.001727
1,1212,0.00303000,0.41246263,0.62959886,0.62488088,0.00472886,0.62960974,-0.00001088,0.001729
1,1213,0.00303250,0.41279259,0.63063043,0.62589676,0.00474459,0.63064135,-0.00001092,0.001732
1,1214,0.00303500,0.41312252,0.63166282,0.62691343,0.00476035,0.63167378,-0.00001096,0.001735
1,1215,0.00303750,0.41345243,0.63269604,0.62793088,0.00477616,0.63270704,-0.00001100,0.001738
1,1216,0.00304000,0.41378231,0.63373008,0.62894912,0.00479200,0.63374112,-0.00001104,0.001742
1,1217,0.00304250,0.41411217,0.63476495,0.62996814,0.00480789,0.63477603,-0.00001108,0.001745
1,1218,0.00304500,0.41444200,0.63580064,0.63098794,0.00482381,0.63581175,-0.00001111,0.001747
1,1219,0.00304750,0.41477180,0.63683716,0.63200854,0.00483977,0.63684831,-0.00001115,0.001751
1,1220,0.00305000,0.41510158,0.63787450,0.63302991,0.00485578,0.63788569,-0.00001118,0.001753
1,1221,0.00305250,0.41543133,0.63891267,0.63405207,0.00487182,0.63892389,-0.00001122,0.001756
1,1222,0.00305500,0.41576106,0.63995166,0.63507502,0.00488790,0.63996292,-0.00001127,0.001760
1,1223,0.00305750,0.41609076,0.64099147,0.63609875,0.00490403,0.64100278,-0.00001130,0.001764
1,1224,0.00306000,0.41642043,0.64203211,0.63712326,0.00492019,0.64204345,-0.00001134,0.001766
1,1225,0.00306250,0.41675008,0.64307358,0.63814856,0.00493640,0.64308496,-0.00001138,0.001770
1,1226,0.00306500,0.41707970,0.64411586,0.63917464,0.00495264,0.64412728,-0.00001142,0.001773
1,1227,0.00306750,0.41740929,0.64515897,0.64020150,0.00496893,0.64517043,-0.00001145,0.001775
1,1228,0.00307000,0.41773886,0.64620291,0.64122915,0.00498525,0.64621440,-0.00001149,0.001779
1,1229,0.00307250,0.41806840,0.64724767,0.64225758,0.00500162,0.64725920,-0.00001153,0.001782
1,1230,0.00307500,0.41839792,0.64829325,0.64328679,0.00501803,0.64830482,-0.00001157,0.001784
1,1231,0.00307750,0.41872740,0.64933966,0.64431679,0.00503447,0.64935126,-0.00001161,0.001788
1,1232,0.00308000,0.41905687,0.65038689,0.64534757,0.00505096,0.65039853,-0.00001165,0.001791
1,1233,0.00308250,0.41938630,0.65143494,0.64637914,0.00506749,0.65144663,-0.00001169,0.001795
1,1234,0.00308500,0.41971571,0.65248382,0.64741148,0.00508406,0.65249554,-0.00001172,0.001797
1,1235,0.00308750,0.42004509,0.65353352,0.64844461,0.00510067,0.65354528,-0.00001176,0.001800
1,1236,0.00309000,0.42037445,0.65458405,0.64947852,0.00511733,0.65459585,-0.00001180,0.001803
1,1237,0.00309250,0.42070378,0.65563539,0.65051322,0.00513402,0.65564724,-0.00001185,0.001807
1,1238,0.00309500,0.42103308,0.65668756,0.65154869,0.00515076,0.65669945,-0.00001188,0.001809
1,1239,0.00309750,0.42136236,0.65774056,0.65258495,0.00516753,0.65775248,-0.00001192,0.001813
1,1240,0.00310000,0.42169161,0.65879438,0.65362199,0.00518435,0.65880634,-0.00001196,0.001816
1,1241,0.00310250,0.42202083,0.65984902,0.65465981,0.00520121,0.65986102,-0.00001200,0.001819
1,1242,0.00310500,0.42235003,0.66090448,0.65569841,0.00521811,0.66091652,-0.00001204,0.001822
1,1243,0.00310750,0.42267920,0.66196077,0.65673780,0.00523505,0.66197285,-0.00001208,0.001826
1,1244,0.00311000,0.42300834,0.66301788,0.65777796,0.00525203,0.66302999,-0.00001212,0.001828
1,1245,0.00311250,0.42333745,0.66407581,0.65881891,0.00526906,0.66408797,-0.00001216,0.001831
1,1246,0.00311500,0.42366654,0.66513456,0.65986064,0.00528613,0.66514677,-0.00001220,0.001835
1,1247,0.00311750,0.42399561,0.66619414,0.66090315,0.00530324,0.66620639,-0.00001225,0.001838
1,1248,0.00312000,0.42432464,0.66725454,0.66194644,0.00532039,0.66726683,-0.00001229,0.001841
1,1249,0.00312250,0.42465365,0.66831576,0.66299051,0.00533758,0.66832809,-0.00001233,0.001844
1,1250,0.00312500,0.42498263,0.66937781,0.66403536,0.00535482,0.66939018,-0.00001237,0.001847
1,1251,0.00312750,0.42531159,0.67044068,0.66508099,0.00537209,0.67045308,-0.00001241,0.001850
1,1252,0.00313000,0.42564052,0.67150437,0.66612741,0.00538941,0.67151682,-0.00001245,0.001855
1,1253,0.00313250,0.42596942,0.67256888,0.66717460,0.00540677,0.67258137,-0.00001249,0.001858
1,1254,0.00313500,0.42629829,0.67363421,0.66822257,0.00542418,0.67364675,-0.00001253,0.001861
1,1255,0.00313750,0.42662714,0.67470037,0.66927132,0.00544162,0.67471294,-0.00001257,0.001863
1,1256,0.00314000,0.42695596,0.67576735,0.67032085,0.00545911,0.67577996,-0.00001261,0.001866
1,1257,0.00314250,0.42728475,0.67683515,0.67137116,0.00547664,0.67684780,-0.00001265,0.001869
1,1258,0.00314500,0.42761352,0.67790377,0.67242225,0.00549422,0.67791647,-0.00001269,0.001873
1,1259,0.00314750,0.42794226,0.67897322,0.67347412,0.00551183,0.67898595,-0.00001274,0.001876
1,1260,0.00315000,0.42827097,0.68004348,0.67452677,0.00552949,0.68005626,-0.00001278,0.001879
1,1261,0.00315250,0.42859965,0.68111457,0.67558020,0.00554720,0.68112740,-0.00001282,0.001883
1,1262,0.00315500,0.42892831,0.68218648,0.67663441,0.00556494,0.68219935,-0.00001287,0.001886
1,1263,0.00315750,0.42925694,0.68325921,0.67768939,0.00558273,0.68327212,-0.00001291,0.001889
1,1264,0.00316000,0.42958554,0.68433277,0.67874516,0.00560056,0.68434572,-0.00001295,0.001893
1,1265,0.00316250,0.42991412,0.68540714,0.67980170,0.00561844,0.68542014,-0.00001299,0.001896
1,1266,0.00316500,0.43024267,0.68648234,0.68085902,0.00563635,0.68649537,-0.00001304,0.001899
1,1267,0.00316750,0.43057119,0.68755836,0.68191712,0.00565432,0.68757144,-0.00001308,0.001902
1,1268,0.00317000,0.43089968,0.68863519,0.68297600,0.00567232,0.68864832,-0.00001313,0.001906
1,1269,0.00317250,0.43122815,0.68971285,0.68403565,0.00569037,0.68972602,-0.00001316,0.001909
1,1270,0.00317500,0.43155659,0.69079133,0.68509608,0.00570846,0.69080454,-0.00001320,0.001911
1,1271,0.00317750,0.43188500,0.69187064,0.68615729,0.00572659,0.69188388,-0.00001325,0.001915
1,1272,0.00318000,0.43221339,0.69295076,0.68721928,0.00574477,0.69296405,-0.00001329,0.001918
1,1273,0.00318250,0.43254174,0.69403170,0.68828205,0.00576299,0.69404505,-0.00001334,0.001922
1,1274,0.00318500,0.43287007,0.69511347,0.68934559,0.00578126,0.69512685,-0.00001338,0.001925
1,1275,0.00318750,0.43319837,0.69619605,0.69040991,0.00579957,0.69620948,-0.00001343,0.001929
1,1276,0.00319000,0.43352665,0.69727946,0.69147500,0.00581793,0.69729293,-0.00001346,0.001931
1,1277,0.00319250,0.43385490,0.69836369,0.69254088,0.00583632,0.69837720,-0.00001352,0.001935
1,1278,0.00319500,0.43418312,0.69944873,0.69360753,0.00585477,0.69946230,-0.00001356,0.001939
1,1279,0.00319750,0.43451131,0.70053460,0.69467495,0.00587325,0.70054820,-0.00001360,0.001941
1,1280,0.00320000,0.43483947,0.70162129,0.69574315,0.00589178,0.70163493,-0.00001364,0.001944
1,1281,0.00320250,0.43516761,0.70270880,0.69681213,0.00591036,0.70272249,-0.00001369,0.001948
1,1282,0.00320500,0.43549572,0.70379713,0.69788189,0.00592898,0.70381087,-0.00001374,0.001952
1,1283,0.00320750,0.43582380,0.70488628,0.69895242,0.00594764,0.70490006,-0.00001378,0.001955
1,1284,0.00321000,0.43615185,0.70597625,0.70002372,0.00596635,0.70599007,-0.00001382,0.001957
1,1285,0.00321250,0.43647988,0.70706704,0.70109580,0.00598510,0.70708090,-0.00001386,0.001961
1,1286,0.00321500,0.43680788,0.70815865,0.70216866,0.00600390,0.70817256,-0.00001391,0.001964
1,1287,0.00321750,0.43713585,0.70925108,0.70324229,0.00602274,0.70926503,-0.00001395,0.001967
1,1288,0.00322000,0.43746379,0.71034433,0.70431670,0.00604163,0.71035833,-0.00001400,0.001971
1,1289,0.00322250,0.43779171,0.71143840,0.70539188,0.00606056,0.71145244,-0.00001404,0.001974
1,1290,0.00322500,0.43811959,0.71253329,0.70646784,0.00607954,0.71254738,-0.00001409,0.001978
1,1291,0.00322750,0.43844745,0.71362899,0.70754457,0.00609856,0.71364313,-0.00001413,0.001981
1,1292,0.00323000,0.43877528,0.71472552,0.70862208,0.00611763,0.71473971,-0.00001418,0.001984
1,1293,0.00323250,0.43910309,0.71582287,0.70970036,0.00613674,0.71583710,-0.00001423,0.001987
1,1294,0.00323500,0.43943086,0.71692104,0.71077942,0.00615590,0.71693531,-0.00001428,0.001991
1,1295,0.00323750,0.43975861,0.71802002,0.71185925,0.00617510,0.71803435,-0.00001432,0.001995
1,1296,0.00324000,0.44008633,0.71911983,0.71293985,0.00619435,0.71913420,-0.00001437,0.001998
1,1297,0.00324250,0.44041402,0.72022046,0.71402123,0.00621364,0.72023487,-0.00001441,0.002001
1,1298,0.00324500,0.44074168,0.72132190,0.71510338,0.00623298,0.72133636,-0.00001446,0.002004
1,1299,0.00324750,0.44106932,0.72242416,0.71618630,0.00625236,0.72243866,-0.00001450,0.002007
1,1300,0.00325000,0.44139693,0.72352725,0.71727000,0.00627180,0.72354180,-0.00001455,0.002011
1,1301,0.00325250,0.44172450,0.72463115,0.71835447,0.00629127,0.72464574,-0.00001459,0.002014
1,1302,0.00325500,0.44205206,0.72573587,0.71943972,0.00631080,0.72575051,-0.00001464,0.002018
1,1303,0.00325750,0.44237958,0.72684141,0.72052574,0.00633036,0.72685610,-0.00001469,0.002022
1,1304,0.00326000,0.44270707,0.72794777,0.72161253,0.00634998,0.72796251,-0.00001474,0.002025
1,1305,0.00326250,0.44303454,0.72905494,0.72270009,0.00636964,0.72906973,-0.00001478,0.002028
1,1306,0.00326500,0.44336198,0.73016294,0.72378843,0.00638935,0.73017778,-0.00001483,0.002032
1,1307,0.00326750,0.44368939,0.73127175,0.72487754,0.00640910,0.73128664,-0.00001488,0.002035
1,1308,0.00327000,0.44401677,0.73238139,0.72596742,0.00642890,0.73239632,-0.00001493,0.002039
1,1309,0.00327250,0.44434412,0.73349184,0.72705807,0.00644874,0.73350681,-0.00001498,0.002042
1,1310,0.00327500,0.44467145,0.73460311,0.72814949,0.00646864,0.73461813,-0.00001502,0.002044
1,1311,0.00327750,0.44499874,0.73571520,0.72924169,0.00648858,0.73573027,-0.00001507,0.002048
1,1312,0.00328000,0.44532601,0.73682810,0.73033466,0.00650856,0.73684322,-0.00001512,0.002052
1,1313,0.00328250,0.44565325,0.73794183,0.73142840,0.00652859,0.73795699,-0.00001517,0.002055
1,1314,0.00328500,0.44598046,0.73905637,0.73252291,0.00654867,0.73907158,-0.00001521,0.002059
1,1315,0.00328750,0.44630765,0.74017173,0.73361819,0.00656880,0.74018699,-0.00001526,0.002062
1,1316,0.00329000,0.44663480,0.74128791,0.73471425,0.00658897,0.74130322,-0.00001531,0.002066
1,1317,0.00329250,0.44696193,0.74240490,0.73581107,0.00660919,0.74242026,-0.00001536,0.002069
1,1318,0.00329500,0.44728902,0.74352272,0.73690867,0.00662946,0.74353813,-0.00001541,0.002073
1,1319,0.00329750,0.44761609,0.74464135,0.73800703,0.00664977,0.74465680,-0.00001545,0.002075
1,1320,0.00330000,0.44794313,0.74576080,0.73910617,0.00667013,0.74577630,-0.00001551,0.002079
1,1321,0.00330250,0.44827014,0.74688106,0.74020607,0.00669054,0.74689661,-0.00001555,0.002082
1,1322,0.00330500,0.44859713,0.74800215,0.74130675,0.00671100,0.74801775,-0.00001560,0.002086
1,1323,0.00330750,0.44892408,0.74912405,0.74240820,0.00673150,0.74913970,-0.00001565,0.002090
1,1324,0.00331000,0.44925101,0.75024677,0.74351042,0.00675205,0.75026247,-0.00001571,0.002093
1,1325,0.00331250,0.44957790,0.75137030,0.74461340,0.00677265,0.75138605,-0.00001575,0.002096
1,1326,0.00331500,0.44990477,0.75249466,0.74571716,0.00679330,0.75251046,-0.00001580,0.002100
1,1327,0.00331750,0.45023161,0.75361983,0.74682168,0.00681399,0.75363567,-0.00001585,0.002103
1,1328,0.00332000,0.45055842,0.75474581,0.74792698,0.00683473,0.75476171,-0.00001590,0.002107
1,1329,0.00332250,0.45088520,0.75587262,0.74903304,0.00685552,0.75588856,-0.00001595,0.002110
1,1330,0.00332500,0.45121196,0.75700024,0.75013988,0.00687636,0.75701624,-0.00001600,0.002114
1,1331,0.00332750,0.45153868,0.75812868,0.75124748,0.00689725,0.75814473,-0.00001605,0.002117
1,1332,0.00333000,0.45186538,0.75925793,0.75235585,0.00691818,0.75927403,-0.00001610,0.002120
1,1333,0.00333250,0.45219204,0.76038801,0.75346499,0.00693917,0.76040416,-0.00001615,0.002124
1,1334,0.00333500,0.45251868,0.76151889,0.75457490,0.00696020,0.76153510,-0.00001620,0.002128
1,1335,0.00333750,0.45284529,0.76265060,0.75568557,0.00698128,0.76266685,-0.00001625,0.002130
1,1336,0.00334000,0.45317187,0.76378312,0.75679702,0.00700241,0.76379943,-0.00001630,0.002135
1,1337,0.00334250,0.45349842,0.76491646,0.75790923,0.00702358,0.76493281,-0.00001635,0.002138
1,1338,0.00334500,0.45382494,0.76605061,0.75902221,0.00704481,0.76606702,-0.00001640,0.002141
1,1339,0.00334750,0.45415143,0.76718558,0.76013596,0.00706608,0.76720204,-0.00001646,0.002145
1,1340,0.00335000,0.45447789,0.76832137,0.76125047,0.00708740,0.76833787,-0.00001650,0.002148
1,1341,0.00335250,0.45480433,0.76945797,0.76236575,0.00710878,0.76947453,-0.00001655,0.002151
1,1342,0.00335500,0.45513073,0.77059539,0.76348180,0.00713020,0.77061200,-0.00001660,0.002155
1,1343,0.00335750,0.45545711,0.77173363,0.76459862,0.00715167,0.77175029,-0.00001666,0.002159
1,1344,0.00336000,0.45578346,0.77287268,0.76571620,0.00717318,0.77288938,-0.00001671,0.002162
1,1345,0.00336250,0.45610977,0.77401254,0.76683456,0.00719475,0.77402931,-0.00001677,0.002167
1,1346,0.00336500,0.45643606,0.77515323,0.76795367,0.00721637,0.77517004,-0.00001681,0.002169
1,1347,0.00336750,0.45676232,0.77629472,0.76907356,0.00723804,0.77631160,-0.00001687,0.002174
1,1348,0.00337000,0.45708855,0.77743704,0.77019421,0.00725975,0.77745396,-0.00001693,0.002177
1,1349,0.00337250,0.45741475,0.77858017,0.77131562,0.00728152,0.77859714,-0.00001697,0.002180
1,1350,0.00337500,0.45774092,0.77972411,0.77243780,0.00730333,0.77974113,-0.00001702,0.002183
1,1351,0.00337750,0.45806706,0.78086887,0.77356075,0.00732520,0.78088595,-0.00001708,0.002187
1,1352,0.00338000,0.45839317,0.78201445,0.77468446,0.00734711,0.78203157,-0.00001713,0.002190
1,1353,0.00338250,0.45871926,0.78316084,0.77580894,0.00736908,0.78317802,-0.00001718,0.002194
1,1354,0.00338500,0.45904531,0.78430804,0.77693419,0.00739109,0.78432528,-0.00001724,0.002198
1,1355,0.00338750,0.45937133,0.78545606,0.77806020,0.00741316,0.78547336,-0.00001729,0.002202
1,1356,0.00339000,0.45969733,0.78660490,0.77918697,0.00743527,0.78662224,-0.00001734,0.002205
1,1357,0.00339250,0.46002329,0.78775455,0.78031451,0.00745744,0.78777195,-0.00001740,0.002208
1,1358,0.00339500,0.46034923,0.78890502,0.78144282,0.00747965,0.78892247,-0.00001746,0.002213
1,1359,0.00339750,0.46067513,0.79005630,0.78257188,0.00750192,0.79007380,-0.00001750,0.002215
1,1360,0.00340000,0.46100101,0.79120839,0.78370172,0.00752423,0.79122595,-0.00001756,0.002219
1,1361,0.00340250,0.46132686,0.79236130,0.78483232,0.00754660,0.79237892,-0.00001762,0.002223
1,1362,0.00340500,0.46165267,0.79351503,0.78596368,0.00756901,0.79353269,-0.00001767,0.002227
1,1363,0.00340750,0.46197846,0.79466956,0.78709580,0.00759148,0.79468728,-0.00001772,0.002230
1,1364,0.00341000,0.46230422,0.79582492,0.78822869,0.00761400,0.79584269,-0.00001777,0.002233
1,1365,0.00341250,0.46262995,0.79698109,0.78936235,0.00763657,0.79699892,-0.00001783,0.002238
1,1366,0.00341500,0.46295564,0.79813807,0.79049676,0.00765919,0.79815595,-0.00001788,0.002240
1,1367,0.00341750,0.46328131,0.79929586,0.79163194,0.00768186,0.79931380,-0.00001794,0.002244
1,1368,0.00342000,0.46360695,0.80045447,0.79276789,0.00770458,0.80047247,-0.00001800,0.002248
1,1369,0.00342250,0.46393256,0.80161390,0.79390459,0.00772735,0.80163194,-0.00001805,0.002251
1,1370,0.00342500,0.46425814,0.80277414,0.79504206,0.00775018,0.80279224,-0.00001810,0.002255
1,1371,0.00342750,0.46458369,0.80393519,0.79618029,0.00777305,0.80395334,-0.00001816,0.002258
1,1372,0.00343000,0.46490921,0.80509706,0.79731929,0.00779598,0.80511527,-0.00001822,0.002263
1,1373,0.00343250,0.46523470,0.80625974,0.79845905,0.00781896,0.80627801,-0.00001827,0.002267
1,1374,0.00343500,0.46556015,0.80742323,0.79959956,0.00784199,0.80744155,-0.00001832,0.002269
1,1375,0.00343750,0.46588558,0.80858754,0.80074085,0.00786507,0.80860592,-0.00001839,0.002274
1,1376,0.00344000,0.46621098,0.80975266,0.80188289,0.00788820,0.80977109,-0.00001844,0.002277
1,1377,0.00344250,0.46653635,0.81091859,0.80302569,0.00791139,0.81093708,-0.00001849,0.002280
1,1378,0.00344500,0.46686169,0.81208534,0.80416926,0.00793463,0.81210389,-0.00001855,0.002284
1,1379,0.00344750,0.46718700,0.81325290,0.80531359,0.00795791,0.81327150,-0.00001861,0.002288
1,1380,0.00345000,0.46751228,0.81442127,0.80645868,0.00798126,0.81443994,-0.00001866,0.002291
1,1381,0.00345250,0.46783753,0.81559046,0.80760453,0.00800465,0.81560918,-0.00001872,0.002295
1,1382,0.00345500,0.46816275,0.81676046,0.80875114,0.00802809,0.81677923,-0.00001877,0.002298
1,1383,0.00345750,0.46848793,0.81793127,0.80989852,0.00805159,0.81795011,-0.00001884,0.002303
1,1384,0.00346000,0.46881309,0.81910290,0.81104665,0.00807514,0.81912179,-0.00001889,0.002306
1,1385,0.00346250,0.46913822,0.82027534,0.81219554,0.00809874,0.82029428,-0.00001894,0.002309
1,1386,0.00346500,0.46946332,0.82144859,0.81334520,0.00812240,0.82146760,-0.00001901,0.002314
1,1387,0.00346750,0.46978839,0.82262266,0.81449561,0.00814611,0.82264172,-0.00001906,0.002317
1,1388,0.00347000,0.47011342,0.82379753,0.81564679,0.00816987,0.82381666,-0.00001912,0.002321
1,1389,0.00347250,0.47043843,0.82497322,0.81679872,0.00819368,0.82499240,-0.00001918,0.002324
1,1390,0.00347500,0.47076341,0.82614973,0.81795142,0.00821754,0.82616896,-0.00001924,0.002329
1,1391,0.00347750,0.47108835,0.82732704,0.81910487,0.00824146,0.82734633,-0.00001929,0.002332
1,1392,0.00348000,0.47141327,0.82850517,0.82025908,0.00826543,0.82852451,-0.00001935,0.002335
1,1393,0.00348250,0.47173815,0.82968411,0.82141406,0.00828946,0.82970352,-0.00001941,0.002340
1,1394,0.00348500,0.47206301,0.83086386,0.82256979,0.00831354,0.83088333,-0.00001947,0.002343
1,1395,0.00348750,0.47238783,0.83204442,0.82372628,0.00833767,0.83206395,-0.00001953,0.002347
1,1396,0.00349000,0.47271262,0.83322580,0.82488353,0.00836185,0.83324538,-0.00001959,0.002351
1,1397,0.00349250,0.47303739,0.83440798,0.82604154,0.00838609,0.83442763,-0.00001965,0.002355
1,1398,0.00349500,0.47336212,0.83559098,0.82720030,0.00841038,0.83561068,-0.00001970,0.002358
1,1399,0.00349750,0.47368682,0.83677480,0.82835983,0.00843473,0.83679456,-0.00001976,0.002362
1,1400,0.00350000,0.47401149,0.83795942,0.82952011,0.00845913,0.83797924,-0.00001982,0.002365
1,1401,0.00350250,0.47433613,0.83914485,0.83068115,0.00848358,0.83916473,-0.00001988,0.002369
1,1402,0.00350500,0.47466074,0.84033110,0.83184295,0.00850809,0.84035104,-0.00001994,0.002373
1,1403,0.00350750,0.47498532,0.84151816,0.83300551,0.00853265,0.84153816,-0.00002000,0.002377
1,1404,0.00351000,0.47530987,0.84270603,0.83416882,0.00855726,0.84272608,-0.00002006,0.002380
1,1405,0.00351250,0.47563439,0.84389471,0.83533289,0.00858193,0.84391482,-0.00002012,0.002384
1,1406,0.00351500,0.47595887,0.84508420,0.83649772,0.00860665,0.84510437,-0.00002018,0.002388
1,1407,0.00351750,0.47628333,0.84627450,0.83766331,0.00863143,0.84629474,-0.00002024,0.002392
1,1408,0.00352000,0.47660776,0.84746561,0.83882965,0.00865626,0.84748591,-0.00002030,0.002395
1,1409,0.00352250,0.47693215,0.84865754,0.83999675,0.00868115,0.84867790,-0.00002036,0.002399
1,1410,0.00352500,0.47725651,0.84985027,0.84116460,0.00870609,0.84987069,-0.00002042,0.002402
1,1411,0.00352750,0.47758085,0.85104382,0.84233322,0.00873109,0.85106431,-0.00002048,0.002407
1,1412,0.00353000,0.47790515,0.85223818,0.84350258,0.00875614,0.85225872,-0.00002054,0.002410
1,1413,0.00353250,0.47822942,0.85343335,0.84467271,0.00878124,0.85345395,-0.00002060,0.002414
1,1414,0.00353500,0.47855366,0.85462933,0.84584359,0.00880640,0.85464999,-0.00002066,0.002418
1,1415,0.00353750,0.47887787,0.85582612,0.84701523,0.00883161,0.85584684,-0.00002073,0.002422
1,1416,0.00354000,0.47920204,0.85702371,0.84818762,0.00885688,0.85704450,-0.00002079,0.002426
1,1417,0.00354250,0.47952619,0.85822213,0.84936076,0.00888221,0.85824297,-0.00002084,0.002429
1,1418,0.00354500,0.47985031,0.85942135,0.85053467,0.00890759,0.85944226,-0.00002091,0.002434
1,1419,0.00354750,0.48017439,0.86062138,0.85170932,0.00893303,0.86064235,-0.00002097,0.002436
1,1420,0.00355000,0.48049844,0.86182222,0.85288474,0.00895852,0.86184326,-0.00002104,0.002441
1,1421,0.00355250,0.48082246,0.86302387,0.85406090,0.00898406,0.86304496,-0.00002109,0.002444
1,1422,0.00355500,0.48114646,0.86422633,0.85523782,0.00900967,0.86424749,-0.00002116,0.002448
1,1423,0.00355750,0.48147042,0.86542960,0.85641550,0.00903532,0.86545082,-0.00002122,0.002452
1,1424,0.00356000,0.48179434,0.86663368,0.85759393,0.00906104,0.86665497,-0.00002128,0.002456
1,1425,0.00356250,0.48211824,0.86783857,0.85877311,0.00908681,0.86785992,-0.00002134,0.002459
1,1426,0.00356500,0.48244211,0.86904427,0.85995305,0.00911263,0.86906568,-0.00002141,0.002463
1,1427,0.00356750,0.48276594,0.87025078,0.86113374,0.00913851,0.87027225,-0.00002147,0.002467
1,1428,0.00357000,0.48308974,0.87145810,0.86231519,0.00916445,0.87147964,-0.00002154,0.002471
1,1429,0.00357250,0.48341351,0.87266623,0.86349739,0.00919044,0.87268783,-0.00002160,0.002475
1,1430,0.00357500,0.48373725,0.87387517,0.86468034,0.00921649,0.87389683,-0.00002166,0.002479
1,1431,0.00357750,0.48406096,0.87508492,0.86586405,0.00924260,0.87510665,-0.00002173,0.002483
1,1432,0.00358000,0.48438464,0.87629548,0.86704850,0.00926876,0.87631726,-0.00002179,0.002486
1,1433,0.00358250,0.48470829,0.87750684,0.86823371,0.00929498,0.87752869,-0.00002185,0.002490
1,1434,0.00358500,0.48503190,0.87871902,0.86941968,0.00932126,0.87874094,-0.00002192,0.002495
1,1435,0.00358750,0.48535548,0.87993200,0.87060639,0.00934759,0.87995398,-0.00002198,0.002498
1,1436,0.00359000,0.48567903,0.88114579,0.87179386,0.00937398,0.88116784,-0.00002205,0.002502
1,1437,0.00359250,0.48600255,0.88236040,0.87298208,0.00940043,0.88238251,-0.00002211,0.002506
1,1438,0.00359500,0.48632604,0.88357581,0.87417105,0.00942693,0.88359798,-0.00002217,0.002509
1,1439,0.00359750,0.48664950,0.88479203,0.87536078,0.00945349,0.88481427,-0.00002224,0.002514
1,1440,0.00360000,0.48697292,0.88600905,0.87655125,0.00948011,0.88603136,-0.00002230,0.002517
1,1441,0.00360250,0.48729631,0.88722689,0.87774248,0.00950678,0.88724926,-0.00002237,0.002521
1,1442,0.00360500,0.48761967,0.88844554,0.87893446,0.00953351,0.88846797,-0.00002244,0.002525
1,1443,0.00360750,0.48794300,0.88966499,0.88012719,0.00956030,0.88968749,-0.00002250,0.002529
1,1444,0.00361000,0.48826630,0.89088525,0.88132067,0.00958715,0.89090782,-0.00002257,0.002533
1,1445,0.00361250,0.48858956,0.89210632,0.88251490,0.00961405,0.89212895,-0.00002263,0.002537
1,1446,0.00361500,0.48891280,0.89332820,0.88370988,0.00964102,0.89335090,-0.00002270,0.002541
1,1447,0.00361750,0.48923600,0.89455088,0.88490561,0.00966804,0.89457365,-0.00002276,0.002545
1,1448,0.00362000,0.48955917,0.89577438,0.88610209,0.00969512,0.89579721,-0.00002283,0.002548
1,1449,0.00362250,0.48988231,0.89699868,0.88729933,0.00972225,0.89702158,-0.00002290,0.002553
1,1450,0.00362500,0.49020541,0.89822379,0.88849731,0.00974945,0.89824676,-0.00002297,0.002557
1,1451,0.00362750,0.49052849,0.89944971,0.88969604,0.00977670,0.89947274,-0.00002303,0.002560
1,1452,0.00363000,0.49085153,0.90067643,0.89089552,0.00980401,0.90069953,-0.00002310,0.002564
1,1453,0.00363250,0.49117454,0.90190396,0.89209575,0.00983138,0.90192713,-0.00002316,0.002568
1,1454,0.00363500,0.49149752,0.90313230,0.89329673,0.00985880,0.90315553,-0.00002323,0.002572
1,1455,0.00363750,0.49182046,0.90436145,0.89449846,0.00988629,0.90438475,-0.00002330,0.002576
1,1456,0.00364000,0.49214338,0.90559141,0.89570094,0.00991383,0.90561477,-0.00002337,0.002580
1,1457,0.00364250,0.49246626,0.90682217,0.89690417,0.00994144,0.90684561,-0.00002344,0.002585
1,1458,0.00364500,0.49278911,0.90805374,0.89810814,0.00996910,0.90807724,-0.00002350,0.002588
1,1459,0.00364750,0.49311192,0.90928611,0.89931287,0.00999682,0.90930969,-0.00002357,0.002593
1,1460,0.00365000,0.49343471,0.91051930,0.90051834,0.01002460,0.91054294,-0.00002364,0.002596
1,1461,0.00365250,0.49375746,0.91175329,0.90172456,0.01005244,0.91177700,-0.00002371,0.002600
1,1462,0.00365500,0.49408018,0.91298809,0.90293153,0.01008033,0.91301187,-0.00002378,0.002605
1,1463,0.00365750,0.49440287,0.91422369,0.90413924,0.01010829,0.91424753,-0.00002384,0.002608
1,1464,0.00366000,0.49472552,0.91546010,0.90534770,0.01013631,0.91548401,-0.00002391,0.002612
1,1465,0.00366250,0.49504815,0.91669732,0.90655691,0.01016438,0.91672129,-0.00002398,0.002616
1,1466,0.00366500,0.49537074,0.91793534,0.90776687,0.01019252,0.91795939,-0.00002405,0.002620
1,1467,0.00366750,0.49569329,0.91917417,0.90897758,0.01022071,0.91919829,-0.00002412,0.002624
1,1468,0.00367000,0.49601582,0.92041381,0.91018903,0.01024897,0.92043800,-0.00002419,0.002628
1,1469,0.00367250,0.49633831,0.92165425,0.91140123,0.01027728,0.92167851,-0.00002426,0.002633
1,1470,0.00367500,0.49666077,0.92289550,0.91261417,0.01030566,0.92291983,-0.00002433,0.002636
1,1471,0.00367750,0.49698320,0.92413755,0.91382786,0.01033409,0.92416195,-0.00002440,0.002640
1,1472,0.00368000,0.49730560,0.92538041,0.91504230,0.01036259,0.92540488,-0.00002447,0.002644
1,1473,0.00368250,0.49762796,0.92662408,0.91625748,0.01039114,0.92664862,-0.00002454,0.002648
1,1474,0.00368500,0.49795029,0.92786855,0.91747341,0.01041975,0.92789316,-0.00002461,0.002652
1,1475,0.00368750,0.49827259,0.92911383,0.91869008,0.01044843,0.92913851,-0.00002468,0.002656
1,1476,0.00369000,0.49859485,0.93035992,0.91990750,0.01047716,0.93038466,-0.00002475,0.002660
1,1477,0.00369250,0.49891709,0.93160681,0.92112567,0.01050596,0.93163163,-0.00002482,0.002664
1,1478,0.00369500,0.49923929,0.93285450,0.92234458,0.01053482,0.93287940,-0.00002489,0.002669
1,1479,0.00369750,0.49956145,0.93410300,0.92356423,0.01056373,0.93412796,-0.00002496,0.002672
1,1480,0.00370000,0.49988359,0.93535231,0.92478463,0.01059271,0.93537734,-0.00002503,0.002676
1,1481,0.00370250,0.50020569,0.93660242,0.92600578,0.01062175,0.93662753,-0.00002511,0.002681
1,1482,0.00370500,0.50052776,0.93785334,0.92722767,0.01065085,0.93787852,-0.00002518,0.002685
1,1483,0.00370750,0.50084979,0.93910506,0.92845030,0.01068001,0.93913031,-0.00002525,0.002689
1,1484,0.00371000,0.50117179,0.94035759,0.92967368,0.01070923,0.94038291,-0.00002533,0.002693
1,1485,0.00371250,0.50149376,0.94161092,0.93089780,0.01073852,0.94163632,-0.00002540,0.002697
1,1486,0.00371500,0.50181570,0.94286506,0.93212266,0.01076786,0.94289052,-0.00002546,0.002701
1,1487,0.00371750,0.50213760,0.94412000,0.93334827,0.01079727,0.94414554,-0.00002554,0.002705
1,1488,0.00372000,0.50245947,0.94537574,0.93457462,0.01082673,0.94540135,-0.00002561,0.002709
1,1489,0.00372250,0.50278131,0.94663229,0.93580171,0.01085626,0.94665797,-0.00002568,0.002713
1,1490,0.00372500,0.50310312,0.94788965,0.93702955,0.01088585,0.94791540,-0.00002575,0.002717
1,1491,0.00372750,0.50342489,0.94914781,0.93825813,0.01091551,0.94917364,-0.00002583,0.002721
1,1492,0.00373000,0.50374663,0.95040677,0.93948746,0.01094522,0.95043268,-0.00002591,0.002726
1,1493,0.00373250,0.50406833,0.95166654,0.94071752,0.01097500,0.95169252,-0.00002597,0.002729
1,1494,0.00373500,0.50439000,0.95292712,0.94194833,0.01100484,0.95295317,-0.00002605,0.002734
1,1495,0.00373750,0.50471164,0.95418849,0.94317988,0.01103474,0.95421462,-0.00002612,0.002738
1,1496,0.00374000,0.50503325,0.95545067,0.94441217,0.01106470,0.95547687,-0.00002620,0.002742
1,1497,0.00374250,0.50535482,0.95671366,0.94564520,0.01109473,0.95673993,-0.00002627,0.002746
1,1498,0.00374500,0.50567636,0.95797745,0.94687898,0.01112481,0.95800379,-0.00002635,0.002750
1,1499,0.00374750,0.50599786,0.95924204,0.94811349,0.01115497,0.95926846,-0.00002641,0.002754
1,1500,0.00375000,0.50631934,0.96050744,0.94934875,0.01118518,0.96053393,-0.00002649,0.002758
1,1501,0.00375250,0.50664077,0.96177364,0.95058475,0.01121546,0.96180021,-0.00002657,0.002762
1,1502,0.00375500,0.50696218,0.96304064,0.95182149,0.01124579,0.96306729,-0.00002664,0.002767
1,1503,0.00375750,0.50728355,0.96430845,0.95305897,0.01127620,0.96433517,-0.00002672,0.002771
1,1504,0.00376000,0.50760489,0.96557706,0.95429719,0.01130666,0.96560385,-0.00002679,0.002775
1,1505,0.00376250,0.50792619,0.96684647,0.95553615,0.01133719,0.96687334,-0.00002687,0.002779
1,1506,0.00376500,0.50824747,0.96811669,0.95677585,0.01136778,0.96814363,-0.00002694,0.002783
1,1507,0.00376750,0.50856870,0.96938771,0.95801629,0.01139844,0.96941473,-0.00002702,0.002787
1,1508,0.00377000,0.50888991,0.97065953,0.95925747,0.01142916,0.97068663,-0.00002709,0.002791
1,1509,0.00377250,0.50921108,0.97193216,0.96049939,0.01145994,0.97195933,-0.00002717,0.002795
1,1510,0.00377500,0.50953222,0.97320559,0.96174205,0.01149078,0.97323283,-0.00002725,0.002800
1,1511,0.00377750,0.50985332,0.97447982,0.96298545,0.01152169,0.97450714,-0.00002732,0.002804
1,1512,0.00378000,0.51017439,0.97575486,0.96422959,0.01155267,0.97578226,-0.00002740,0.002808
1,1513,0.00378250,0.51049542,0.97703069,0.96547447,0.01158370,0.97705817,-0.00002748,0.002813
1,1514,0.00378500,0.51081643,0.97830733,0.96672008,0.01161480,0.97833488,-0.00002755,0.002816
1,1515,0.00378750,0.51113739,0.97958477,0.96796644,0.01164597,0.97961241,-0.00002764,0.002821
1,1516,0.00379000,0.51145833,0.98086302,0.96921353,0.01167720,0.98089073,-0.00002771,0.002825
1,1517,0.00379250,0.51177923,0.98214207,0.97046136,0.01170849,0.98216985,-0.00002779,0.002829
1,1518,0.00379500,0.51210010,0.98342192,0.97170993,0.01173985,0.98344978,-0.00002787,0.002834
1,1519,0.00379750,0.51242093,0.98470257,0.97295924,0.01177127,0.98473051,-0.00002795,0.002838
1,1520,0.00380000,0.51274173,0.98598402,0.97420928,0.01180276,0.98601204,-0.00002802,0.002842
1,1521,0.00380250,0.51306249,0.98726628,0.97546006,0.01183431,0.98729437,-0.00002810,0.002846
1,1522,0.00380500,0.51338322,0.98854933,0.97671158,0.01186593,0.98857751,-0.00002818,0.002850
1,1523,0.00380750,0.51370392,0.98983319,0.97796384,0.01189761,0.98986145,-0.00002826,0.002855
1,1524,0.00381000,0.51402458,0.99111785,0.97921683,0.01192936,0.99114619,-0.00002834,0.002859
1,1525,0.00381250,0.51434521,0.99240331,0.98047056,0.01196117,0.99243173,-0.00002842,0.002864
1,1526,0.00381500,0.51466581,0.99368958,0.98172502,0.01199305,0.99371807,-0.00002849,0.002867
1,1527,0.00381750,0.51498637,0.99497664,0.98298022,0.01202499,0.99500521,-0.00002857,0.002871
1,1528,0.00382000,0.51530689,0.99626451,0.98423616,0.01205700,0.99629316,-0.00002865,0.002876
1,1529,0.00382250,0.51562738,0.99755318,0.98549284,0.01208907,0.99758191,-0.00002874,0.002881
1,1530,0.00382500,0.51594784,0.99884265,0.98675025,0.01212121,0.99887146,-0.00002882,0.002885
1,1531,0.00382750,0.51626827,1.00013292,0.98800839,0.01215342,1.00016181,-0.00002889,0.002889
1,1532,0.00383000,0.51658866,1.00142399,0.98926727,0.01218569,1.00145296,-0.00002897,0.002893
1,1533,0.00383250,0.51690901,1.00271586,0.99052689,0.01221802,1.00274491,-0.00002905,0.002898
1,1534,0.00383500,0.51722933,1.00400853,0.99178724,0.01225043,1.00403767,-0.00002913,0.002902
1,1535,0.00383750,0.51754962,1.00530201,0.99304832,0.01228290,1.00533122,-0.00002921,0.002905
1,1536,0.00384000,0.51786987,1.00659628,0.99431015,0.01231543,1.00662558,-0.00002930,0.002911
1,1537,0.00384250,0.51819009,1.00789136,0.99557270,0.01234803,1.00792073,-0.00002937,0.002914
1,1538,0.00384500,0.51851027,1.00918723,0.99683599,0.01238070,1.00921669,-0.00002946,0.002919
1,1539,0.00384750,0.51883042,1.01048391,0.99810001,0.01241343,1.01051344,-0.00002953,0.002923
1,1540,0.00385000,0.51915053,1.01178138,0.99936477,0.01244623,1.01181100,-0.00002962,0.002927
1,1541,0.00385250,0.51947061,1.01307966,1.00063030,0.01247910,1.01310940,-0.00002974,0.002936
1,1542,0.00385500,0.51979066,1.01437874,1.00189650,0.01251203,1.01440853,-0.00002980,0.002938
1,1543,0.00385750,0.52011067,1.01567861,1.00316340,0.01254503,1.01570844,-0.00002982,0.002936
1,1544,0.00386000,0.52043064,1.01697929,1.00443110,0.01257810,1.01700920,-0.00002991,0.002941
1,1545,0.00386250,0.52075058,1.01828077,1.00569960,0.01261124,1.01831084,-0.00003007,0.002953
1,1546,0.00386500,0.52107049,1.01958304,1.00696870,0.01264444,1.01961314,-0.00003010,0.002952
1,1547,0.00386750,0.52139036,1.02088612,1.00823860,0.01267771,1.02091631,-0.00003019,0.002957
1,1548,0.00387000,0.52171020,1.02218999,1.00950920,0.01271105,1.02222025,-0.00003025,0.002960
1,1549,0.00387250,0.52203000,1.02349467,1.01078060,0.01274445,1.02352505,-0.00003038,0.002969
1,1550,0.00387500,0.52234976,1.02480014,1.01205270,0.01277793,1.02483063,-0.00003048,0.002974
1,1551,0.00387750,0.52266950,1.02610642,1.01332550,0.01281146,1.02613696,-0.00003055,0.002977
1,1552,0.00388000,0.52298919,1.02741349,1.01459900,0.01284507,1.02744407,-0.00003058,0.002977
1,1553,0.00388250,0.52330885,1.02872136,1.01587330,0.01287875,1.02875205,-0.00003068,0.002983
1,1554,0.00388500,0.52362848,1.03003004,1.01714830,0.01291249,1.03006079,-0.00003076,0.002986
1,1555,0.00388750,0.52394807,1.03133951,1.01842410,0.01294630,1.03137041,-0.00003090,0.002996
1,1556,0.00389000,0.52426763,1.03264978,1.01970050,0.01298018,1.03268069,-0.00003091,0.002993
1,1557,0.00389250,0.52458715,1.03396084,1.02097770,0.01301413,1.03399183,-0.00003099,0.002997
1,1558,0.00389500,0.52490664,1.03527271,1.02225570,0.01304815,1.03530385,-0.00003114,0.003008
1,1559,0.00389750,0.52522609,1.03658538,1.02353430,0.01308224,1.03661654,-0.00003116,0.003006
1,1560,0.00390000,0.52554551,1.03789884,1.02481370,0.01311639,1.03793009,-0.00003125,0.003011
1,1561,0.00390250,0.52586489,1.03921311,1.02609390,0.01315061,1.03924451,-0.00003141,0.003022
1,1562,0.00390500,0.52618424,1.04052817,1.02737470,0.01318491,1.04055960,-0.00003144,0.003021
1,1563,0.00390750,0.52650355,1.04184403,1.02865630,0.01321927,1.04187557,-0.00003154,0.003027
1,1564,0.00391000,0.52682283,1.04316068,1.02993860,0.01325370,1.04319230,-0.00003161,0.003030
1,1565,0.00391250,0.52714207,1.04447814,1.03122170,0.01328820,1.04450989,-0.00003175,0.003040
1,1566,0.00391500,0.52746127,1.04579639,1.03250540,0.01332276,1.04582816,-0.00003177,0.003038
1,1567,0.00391750,0.52778044,1.04711545,1.03378990,0.01335740,1.04714730,-0.00003185,0.003042
1,1568,0.00392000,0.52809958,1.04843530,1.03507520,0.01339211,1.04846731,-0.00003201,0.003053
1,1569,0.00392250,0.52841868,1.04975594,1.03636110,0.01342689,1.04978799,-0.00003204,0.003052
1,1570,0.00392500,0.52873774,1.05107739,1.03764780,0.01346173,1.05110953,-0.00003214,0.003058
1,1571,0.00392750,0.52905677,1.05239963,1.03893520,0.01349665,1.05243185,-0.00003221,0.003061
1,1572,0.00393000,0.52937576,1.05372267,1.04022340,0.01353164,1.05375504,-0.00003236,0.003071
1,1573,0.00393250,0.52969472,1.05504651,1.04151220,0.01356669,1.05507889,-0.00003238,0.003069
1,1574,0.00393500,0.53001364,1.05637115,1.04280180,0.01360182,1.05640362,-0.00003247,0.003074
1,1575,0.00393750,0.53033253,1.05769658,1.04409220,0.01363701,1.05772921,-0.00003263,0.003085
1,1576,0.00394000,0.53065138,1.05902281,1.04538320,0.01367228,1.05905548,-0.00003267,0.003085
1,1577,0.00394250,0.53097019,1.06034984,1.04667500,0.01370762,1.06038262,-0.00003278,0.003092
1,1578,0.00394500,0.53128897,1.06167766,1.04796750,0.01374303,1.06171053,-0.00003287,0.003096
1,1579,0.00394750,0.53160771,1.06300628,1.04926070,0.01377850,1.06303921,-0.00003292,0.003097
1,1580,0.00395000,0.53192642,1.06433570,1.05055470,0.01381406,1.06436876,-0.00003306,0.003106
1,1581,0.00395250,0.53224509,1.06566591,1.05184940,0.01384968,1.06569907,-0.00003316,0.003112
1,1582,0.00395500,0.53256373,1.06699693,1.05314480,0.01388537,1.06703017,-0.00003324,0.003115
1,1583,0.00395750,0.53288233,1.06832873,1.05444090,0.01392113,1.06836203,-0.00003330,0.003117
1,1584,0.00396000,0.53320089,1.06966134,1.05573780,0.01395696,1.06969476,-0.00003343,0.003125
1,1585,0.00396250,0.53351942,1.07099474,1.05703540,0.01399287,1.07102827,-0.00003353,0.003131
1,1586,0.00396500,0.53383792,1.07232893,1.05833370,0.01402884,1.07236254,-0.00003361,0.003134
1,1587,0.00396750,0.53415637,1.07366393,1.05963270,0.01406489,1.07369759,-0.00003366,0.003135
1,1588,0.00397000,0.53447479,1.07499972,1.06093250,0.01410101,1.07503351,-0.00003380,0.003144
1,1589,0.00397250,0.53479318,1.07633630,1.06223290,0.01413720,1.07637010,-0.00003380,0.003140
1,1590,0.00397500,0.53511153,1.07767368,1.06353420,0.01417346,1.07770766,-0.00003398,0.003153
1,1591,0.00397750,0.53542984,1.07901186,1.06483610,0.01420980,1.07904590,-0.00003404,0.003155
1,1592,0.00398000,0.53574811,1.08035083,1.06613870,0.01424621,1.08038491,-0.00003408,0.003154
1,1593,0.00398250,0.53606635,1.08169060,1.06744210,0.01428269,1.08172479,-0.00003419,0.003161
1,1594,0.00398500,0.53638456,1.08303116,1.06874620,0.01431924,1.08306544,-0.00003427,0.003165
1,1595,0.00398750,0.53670273,1.08437252,1.07005110,0.01435586,1.08440696,-0.00003444,0.003176
1,1596,0.00399000,0.53702086,1.08571468,1.07135660,0.01439256,1.08574916,-0.00003448,0.003176
1,1597,0.00399250,0.53733895,1.08705763,1.07266290,0.01442933,1.08709223,-0.00003460,0.003183
1,1598,0.00399500,0.53765701,1.08840137,1.07396990,0.01446617,1.08843607,-0.00003470,0.003188
1,1599,0.00399750,0.53797503,1.08974591,1.07527760,0.01450308,1.08978068,-0.00003477,0.003191
1,1600,0.00400000,0.53829302,1.09109125,1.07658600,0.01454007,1.09112607,-0.00003482,0.003192
1,1601,0.00400250,0.53861097,1.09243738,1.07789520,0.01457713,1.09247233,-0.00003496,0.003200
1,1602,0.00400500,0.53892888,1.09378430,1.07920510,0.01461426,1.09381936,-0.00003506,0.003206
1,1603,0.00400750,0.53924676,1.09513202,1.08051570,0.01465147,1.09516717,-0.00003515,0.003210
1,1604,0.00401000,0.53956460,1.09648053,1.08182700,0.01468875,1.09651575,-0.00003522,0.003212
1,1605,0.00401250,0.53988240,1.09782984,1.08313910,0.01472610,1.09786520,-0.00003536,0.003221
1,1606,0.00401500,0.54020017,1.09917995,1.08445180,0.01476353,1.09921533,-0.00003539,0.003219
1,1607,0.00401750,0.54051790,1.10053084,1.08576530,0.01480103,1.10056633,-0.00003549,0.003225
1,1608,0.00402000,0.54083559,1.10188254,1.08707950,0.01483861,1.10191811,-0.00003557,0.003228
1,1609,0.00402250,0.54115325,1.10323502,1.08839450,0.01487626,1.10327076,-0.00003574,0.003239
1,1610,0.00402500,0.54147087,1.10458830,1.08971010,0.01491398,1.10462408,-0.00003578,0.003239
1,1611,0.00402750,0.54178845,1.10594238,1.09102650,0.01495178,1.10597828,-0.00003590,0.003246
1,1612,0.00403000,0.54210600,1.10729724,1.09234360,0.01498965,1.10733325,-0.00003600,0.003252
1,1613,0.00403250,0.54242351,1.10865291,1.09366140,0.01502759,1.10868899,-0.00003609,0.003255
1,1614,0.00403500,0.54274098,1.11000936,1.09497990,0.01506561,1.11004551,-0.00003615,0.003257
1,1615,0.00403750,0.54305842,1.11136661,1.09629920,0.01510371,1.11140291,-0.00003630,0.003266
1,1616,0.00404000,0.54337582,1.11272465,1.09761910,0.01514188,1.11276098,-0.00003633,0.003265
1,1617,0.00404250,0.54369318,1.11408349,1.09893980,0.01518012,1.11411992,-0.00003643,0.003270
1,1618,0.00404500,0.54401051,1.11544312,1.10026120,0.01521844,1.11547964,-0.00003652,0.003274
1,1619,0.00404750,0.54432779,1.11680354,1.10158340,0.01525684,1.11684024,-0.00003669,0.003286
1,1620,0.00405000,0.54464505,1.11816476,1.10290620,0.01529531,1.11820151,-0.00003675,0.003286
1,1621,0.00405250,0.54496226,1.11952677,1.10422980,0.01533385,1.11956365,-0.00003688,0.003295
1,1622,0.00405500,0.54527944,1.12088957,1.10555410,0.01537247,1.12092657,-0.00003700,0.003301
1,1623,0.00405750,0.54559658,1.12225316,1.10687910,0.01541117,1.12229027,-0.00003710,0.003306
1,1624,0.00406000,0.54591368,1.12361755,1.10820480,0.01544994,1.12365474,-0.00003719,0.003310
1,1625,0.00406250,0.54623075,1.12498273,1.10953120,0.01548879,1.12501999,-0.00003725,0.003311
1,1626,0.00406500,0.54654777,1.12634871,1.11085830,0.01552771,1.12638601,-0.00003730,0.003312
1,1627,0.00406750,0.54686477,1.12771547,1.11218620,0.01556671,1.12775291,-0.00003744,0.003320
1,1628,0.00407000,0.54718172,1.12908303,1.11351480,0.01560578,1.12912058,-0.00003755,0.003326
1,1629,0.00407250,0.54749864,1.13045138,1.11484410,0.01564493,1.13048904,-0.00003765,0.003331
1,1630,0.00407500,0.54781551,1.13182052,1.11617410,0.01568416,1.13185826,-0.00003774,0.003334
1,1631,0.00407750,0.54813236,1.13319046,1.11750480,0.01572347,1.13322827,-0.00003781,0.003336
1,1632,0.00408000,0.54844916,1.13456119,1.11883630,0.01576285,1.13459915,-0.00003796,0.003346
1,1633,0.00408250,0.54876593,1.13593270,1.12016840,0.01580230,1.13597071,-0.00003800,0.003345
1,1634,0.00408500,0.54908266,1.13730501,1.12150130,0.01584184,1.13734314,-0.00003812,0.003352
1,1635,0.00408750,0.54939935,1.13867812,1.12283490,0.01588145,1.13871635,-0.00003823,0.003358
1,1636,0.00409000,0.54971600,1.14005201,1.12416920,0.01592114,1.14009034,-0.00003833,0.003362
1,1637,0.00409250,0.55003262,1.14142670,1.12550420,0.01596090,1.14146510,-0.00003841,0.003365
1,1638,0.00409500,0.55034920,1.14280217,1.12684000,0.01600075,1.14284074,-0.00003857,0.003375
1,1639,0.00409750,0.55066574,1.14417844,1.12817640,0.01604067,1.14421707,-0.00003862,0.003376
1,1640,0.00410000,0.55098224,1.14555550,1.12951360,0.01608066,1.14559426,-0.00003876,0.003383
1,1641,0.00410250,0.55129871,1.14693335,1.13085150,0.01612074,1.14697224,-0.00003888,0.003390
1,1642,0.00410500,0.55161514,1.14831200,1.13219010,0.01616089,1.14835099,-0.00003899,0.003396
1,1643,0.00410750,0.55193153,1.14969143,1.13352940,0.01620112,1.14973052,-0.00003909,0.003400
1,1644,0.00411000,0.55224788,1.15107165,1.13486940,0.01624143,1.15111083,-0.00003917,0.003403
1,1645,0.00411250,0.55256419,1.15245267,1.13621010,0.01628182,1.15249191,-0.00003925,0.003405
1,1646,0.00411500,0.55288047,1.15383448,1.13755160,0.01632228,1.15387388,-0.00003940,0.003415
1,1647,0.00411750,0.55319671,1.15521707,1.13889370,0.01636282,1.15525652,-0.00003945,0.003415
1,1648,0.00412000,0.55351291,1.15660046,1.14023660,0.01640344,1.15664004,-0.00003959,0.003423
1,1649,0.00412250,0.55382907,1.15798464,1.14158020,0.01644415,1.15802434,-0.00003971,0.003429
1,1650,0.00412500,0.55414519,1.15936960,1.14292450,0.01648492,1.15940942,-0.00003982,0.003435
1,1651,0.00412750,0.55446128,1.16075536,1.14426950,0.01652578,1.16079528,-0.00003992,0.003439
1,1652,0.00413000,0.55477733,1.16214191,1.14561520,0.01656672,1.16218192,-0.00004001,0.003443
1,1653,0.00413250,0.55509334,1.16352925,1.14696160,0.01660773,1.16356933,-0.00004008,0.003445
1,1654,0.00413500,0.55540931,1.16491738,1.14830870,0.01664883,1.16495753,-0.00004015,0.003447
1,1655,0.00413750,0.55572524,1.16630630,1.14965660,0.01669000,1.16634660,-0.00004031,0.003456
1,1656,0.00414000,0.55604114,1.16769600,1.15100520,0.01673126,1.16773646,-0.00004045,0.003464
1,1657,0.00414250,0.55635700,1.16908650,1.15235440,0.01677259,1.16912699,-0.00004049,0.003463
1,1658,0.00414500,0.55667281,1.17047779,1.15370440,0.01681400,1.17051840,-0.00004061,0.003470
1,1659,0.00414750,0.55698859,1.17186986,1.15505510,0.01685549,1.17191059,-0.00004073,0.003475
1,1660,0.00415000,0.55730434,1.17326273,1.15640650,0.01689706,1.17330356,-0.00004083,0.003480
1,1661,0.00415250,0.55762004,1.17465639,1.15775860,0.01693872,1.17469732,-0.00004093,0.003484
1,1662,0.00415500,0.55793570,1.17605083,1.15911140,0.01698045,1.17609185,-0.00004102,0.003488
1,1663,0.00415750,0.55825133,1.17744606,1.16046490,0.01702226,1.17748716,-0.00004110,0.003490
1,1664,0.00416000,0.55856692,1.17884209,1.16181920,0.01706415,1.17888335,-0.00004127,0.003501
1,1665,0.00416250,0.55888247,1.18023890,1.16317410,0.01710613,1.18028023,-0.00004133,0.003502
1,1666,0.00416500,0.55919798,1.18163650,1.16452980,0.01714818,1.18167798,-0.00004148,0.003511
1,1667,0.00416750,0.55951345,1.18303489,1.16588610,0.01719032,1.18307642,-0.00004153,0.003510
1,1668,0.00417000,0.55982888,1.18443407,1.16724320,0.01723253,1.18447573,-0.00004166,0.003518
1,1669,0.00417250,0.56014428,1.18583403,1.16860100,0.01727483,1.18587583,-0.00004180,0.003525
1,1670,0.00417500,0.56045963,1.18723479,1.16995950,0.01731721,1.18727671,-0.00004192,0.003531
1,1671,0.00417750,0.56077495,1.18863633,1.17131870,0.01735967,1.18867837,-0.00004203,0.003536
1,1672,0.00418000,0.56109023,1.19003866,1.17267860,0.01740221,1.19008081,-0.00004214,0.003541
1,1673,0.00418250,0.56140547,1.19144178,1.17403920,0.01744483,1.19148403,-0.00004225,0.003546
1,1674,0.00418500,0.56172067,1.19284569,1.17540050,0.01748753,1.19288803,-0.00004234,0.003550
1,1675,0.00418750,0.56203583,1.19425039,1.17676250,0.01753032,1.19429282,-0.00004243,0.003553
1,1676,0.00419000,0.56235095,1.19565587,1.17812520,0.01757318,1.19569838,-0.00004251,0.003556
1,1677,0.00419250,0.56266603,1.19706214,1.17948870,0.01761613,1.19710483,-0.00004269,0.003566
1,1678,0.00419500,0.56298108,1.19846920,1.18085280,0.01765916,1.19851196,-0.00004276,0.003568
1,1679,0.00419750,0.56329608,1.19987705,1.18221760,0.01770228,1.19991988,-0.00004283,0.003570
1,1680,0.00420000,0.56361105,1.20128568,1.18358320,0.01774547,1.20132867,-0.00004299,0.003579
1,1681,0.00420250,0.56392598,1.20269510,1.18494950,0.01778875,1.20273825,-0.00004315,0.003588
1,1682,0.00420500,0.56424086,1.20410531,1.18631640,0.01783211,1.20414851,-0.00004320,0.003588
1,1683,0.00420750,0.56455571,1.20551631,1.18768410,0.01787556,1.20555966,-0.00004335,0.003596
1,1684,0.00421000,0.56487052,1.20692809,1.18905240,0.01791908,1.20697148,-0.00004339,0.003595
1,1685,0.00421250,0.56518529,1.20834066,1.19042150,0.01796269,1.20838419,-0.00004353,0.003603
1,1686,0.00421500,0.56550002,1.20975401,1.19179130,0.01800638,1.20979768,-0.00004367,0.003610
1,1687,0.00421750,0.56581471,1.21116816,1.19316180,0.01805016,1.21121196,-0.00004380,0.003616
1,1688,0.00422000,0.56612936,1.21258309,1.19453300,0.01809402,1.21262702,-0.00004393,0.003623
1,1689,0.00422250,0.56644398,1.21399880,1.19590480,0.01813796,1.21404276,-0.00004396,0.003621
1,1690,0.00422500,0.56675855,1.21541531,1.19727740,0.01818199,1.21545939,-0.00004408,0.003627
1,1691,0.00422750,0.56707308,1.21683260,1.19865070,0.01822610,1.21687680,-0.00004420,0.003632
1,1692,0.00423000,0.56738758,1.21825067,1.20002470,0.01827029,1.21829499,-0.00004432,0.003638
1,1693,0.00423250,0.56770203,1.21966954,1.20139940,0.01831457,1.21971397,-0.00004444,0.003643
1,1694,0.00423500,0.56801644,1.22108918,1.20277480,0.01835893,1.22113373,-0.00004455,0.003648
1,1695,0.00423750,0.56833082,1.22250962,1.20415090,0.01840338,1.22255428,-0.00004466,0.003653
1,1696,0.00424000,0.56864515,1.22393084,1.20552770,0.01844791,1.22397561,-0.00004477,0.003658
1,1697,0.00424250,0.56895945,1.22535284,1.20690520,0.01849253,1.22539773,-0.00004488,0.003663
1,1698,0.00424500,0.56927370,1.22677563,1.20828340,0.01853723,1.22682063,-0.00004499,0.003668
1,1699,0.00424750,0.56958792,1.22819921,1.20966230,0.01858201,1.22824431,-0.00004510,0.003672
1,1700,0.00425000,0.56990209,1.22962357,1.21104190,0.01862688,1.22966878,-0.00004521,0.003677
1,1701,0.00425250,0.57021623,1.23104872,1.21242230,0.01867184,1.23109414,-0.00004541,0.003689
1,1702,0.00425500,0.57053033,1.23247466,1.21380330,0.01871688,1.23252018,-0.00004552,0.003694
1,1703,0.00425750,0.57084438,1.23390137,1.21518500,0.01876200,1.23394700,-0.00004563,0.003698
1,1704,0.00426000,0.57115840,1.23532888,1.21656740,0.01880721,1.23537461,-0.00004574,0.003702
1,1705,0.00426250,0.57147237,1.23675717,1.21795050,0.01885251,1.23680301,-0.00004584,0.003707
1,1706,0.00426500,0.57178631,1.23818624,1.21933430,0.01889789,1.23823219,-0.00004595,0.003711
1,1707,0.00426750,0.57210020,1.23961610,1.22071880,0.01894336,1.23966216,-0.00004606,0.003716
1,1708,0.00427000,0.57241406,1.24104674,1.22210400,0.01898892,1.24109291,-0.00004617,0.003721
1,1709,0.00427250,0.57272787,1.24247817,1.22348990,0.01903455,1.24252445,-0.00004629,0.003725
1,1710,0.00427500,0.57304165,1.24391038,1.22487650,0.01908028,1.24395678,-0.00004640,0.003730
1,1711,0.00427750,0.57335538,1.24534338,1.22626380,0.01912609,1.24538990,-0.00004652,0.003735
1,1712,0.00428000,0.57366908,1.24677716,1.22765180,0.01917199,1.24682380,-0.00004664,0.003741
1,1713,0.00428250,0.57398273,1.24821172,1.22904050,0.01921798,1.24825848,-0.00004676,0.003746
1,1714,0.00428500,0.57429634,1.24964707,1.23042990,0.01926405,1.24969395,-0.00004688,0.003752
1,1715,0.00428750,0.57460991,1.25108320,1.23182000,0.01931021,1.25113021,-0.00004701,0.003758
1,1716,0.00429000,0.57492345,1.25252012,1.23321080,0.01935646,1.25256726,-0.00004714,0.003764
1,1717,0.00429250,0.57523694,1.25395782,1.23460230,0.01940280,1.25400509,-0.00004728,0.003770
1,1718,0.00429500,0.57555039,1.25539630,1.23599450,0.01944922,1.25544372,-0.00004741,0.003777
1,1719,0.00429750,0.57586380,1.25683557,1.23738730,0.01949573,1.25688303,-0.00004745,0.003776
1,1720,0.00430000,0.57617717,1.25827562,1.23878090,0.01954232,1.25832322,-0.00004760,0.003783
1,1721,0.00430250,0.57649050,1.25971646,1.24017520,0.01958901,1.25976421,-0.00004775,0.003790
1,1722,0.00430500,0.57680379,1.26115808,1.24157010,0.01963578,1.26120588,-0.00004780,0.003790
1,1723,0.00430750,0.57711703,1.26260048,1.24296580,0.01968264,1.26264844,-0.00004796,0.003799
1,1724,0.00431000,0.57743024,1.26404366,1.24436220,0.01972959,1.26409179,-0.00004813,0.003807
1,1725,0.00431250,0.57774341,1.26548763,1.24575920,0.01977663,1.26553582,-0.00004820,0.003809
1,1726,0.00431500,0.57805653,1.26693238,1.24715700,0.01982375,1.26698075,-0.00004837,0.003818
1,1727,0.00431750,0.57836962,1.26837791,1.24855540,0.01987096,1.26842636,-0.00004845,0.003820
1,1728,0.00432000,0.57868266,1.26982423,1.24995450,0.01991827,1.26987277,-0.00004854,0.003823
1,1729,0.00432250,0.57899566,1.27127132,1.25135440,0.01996566,1.27132006,-0.00004873,0.003834
1,1730,0.00432500,0.57930862,1.27271920,1.25275490,0.02001314,1.27276804,-0.00004883,0.003837
1,1731,0.00432750,0.57962154,1.27416787,1.25415610,0.02006071,1.27421681,-0.00004894,0.003841
1,1732,0.00433000,0.57993442,1.27561731,1.25555800,0.02010837,1.27566637,-0.00004906,0.003846
1,1733,0.00433250,0.58024726,1.27706754,1.25696060,0.02015611,1.27711672,-0.00004918,0.003851
1,1734,0.00433500,0.58056006,1.27851855,1.25836390,0.02020395,1.27856785,-0.00004931,0.003856
1,1735,0.00433750,0.58087281,1.27997034,1.25976790,0.02025188,1.28001978,-0.00004944,0.003863
1,1736,0.00434000,0.58118552,1.28142291,1.26117260,0.02029990,1.28147250,-0.00004959,0.003870
1,1737,0.00434250,0.58149820,1.28287627,1.26257800,0.02034800,1.28292601,-0.00004974,0.003877
1,1738,0.00434500,0.58181083,1.28433040,1.26398400,0.02039620,1.28438020,-0.00004980,0.003877
1,1739,0.00434750,0.58212342,1.28578532,1.26539080,0.02044449,1.28583529,-0.00004997,0.003886
1,1740,0.00435000,0.58243597,1.28724102,1.26679820,0.02049287,1.28729107,-0.00005005,0.003888
1,1741,0.00435250,0.58274847,1.28869750,1.26820640,0.02054134,1.28874774,-0.00005024,0.003898
1,1742,0.00435500,0.58306094,1.29015476,1.26961520,0.02058990,1.29020510,-0.00005033,0.003901
1,1743,0.00435750,0.58337336,1.29161280,1.27102470,0.02063855,1.29166325,-0.00005044,0.003905
1,1744,0.00436000,0.58368574,1.29307163,1.27243490,0.02068729,1.29312219,-0.00005056,0.003910
1,1745,0.00436250,0.58399808,1.29453123,1.27384580,0.02073612,1.29458192,-0.00005069,0.003915
1,1746,0.00436500,0.58431038,1.29599162,1.27525740,0.02078504,1.29604244,-0.00005082,0.003922
1,1747,0.00436750,0.58462264,1.29745279,1.27666970,0.02083406,1.29750376,-0.00005097,0.003929
1,1748,0.00437000,0.58493485,1.29891473,1.27808260,0.02088317,1.29896577,-0.00005103,0.003929
1,1749,0.00437250,0.58524703,1.30037746,1.27949630,0.02093236,1.30042866,-0.00005120,0.003938
1,1750,0.00437500,0.58555916,1.30184097,1.28091060,0.02098165,1.30189225,-0.00005129,0.003939
1,1751,0.00437750,0.58587125,1.30330526,1.28232570,0.02103104,1.30335673,-0.00005148,0.003950
1,1752,0.00438000,0.58618329,1.30477032,1.28374140,0.02108051,1.30482191,-0.00005159,0.003954
1,1753,0.00438250,0.58649530,1.30623617,1.28515780,0.02113008,1.30628788,-0.00005170,0.003958
1,1754,0.00438500,0.58680726,1.30770280,1.28657490,0.02117973,1.30775463,-0.00005183,0.003964
1,1755,0.00438750,0.58711918,1.30917021,1.28799270,0.02122949,1.30922219,-0.00005198,0.003970
1,1756,0.00439000,0.58743106,1.31063840,1.28941120,0.02127933,1.31069053,-0.00005213,0.003978
1,1757,0.00439250,0.58774290,1.31210736,1.29083030,0.02132927,1.31215957,-0.00005220,0.003979
1,1758,0.00439500,0.58805469,1.31357711,1.29225020,0.02137930,1.31362950,-0.00005239,0.003988
1,1759,0.00439750,0.58836645,1.31504764,1.29367070,0.02142942,1.31510012,-0.00005248,0.003991
1,1760,0.00440000,0.58867816,1.31651894,1.29509190,0.02147964,1.31657154,-0.00005259,0.003995
1,1761,0.00440250,0.58898982,1.31799103,1.29651380,0.02152995,1.31804375,-0.00005272,0.004000
1,1762,0.00440500,0.58930145,1.31946389,1.29793640,0.02158035,1.31951675,-0.00005286,0.004006
1,1763,0.00440750,0.58961303,1.32093753,1.29935970,0.02163085,1.32099055,-0.00005301,0.004013
1,1764,0.00441000,0.58992457,1.32241196,1.30078370,0.02168144,1.32246514,-0.00005318,0.004022
1,1765,0.00441250,0.59023607,1.32388716,1.30220830,0.02173213,1.32394042,-0.00005327,0.004024
1,1766,0.00441500,0.59054752,1.32536314,1.30363370,0.02178290,1.32541660,-0.00005347,0.004034
1,1767,0.00441750,0.59085894,1.32683989,1.30505970,0.02183378,1.32689348,-0.00005358,0.004038
1,1768,0.00442000,0.59117031,1.32831743,1.30648640,0.02188475,1.32837115,-0.00005372,0.004044
1,1769,0.00442250,0.59148163,1.32979575,1.30791380,0.02193581,1.32984961,-0.00005386,0.004051
1,1770,0.00442500,0.59179292,1.33127484,1.30934180,0.02198697,1.33132877,-0.00005393,0.004051
1,1771,0.00442750,0.59210416,1.33275471,1.31077060,0.02203822,1.33280882,-0.00005411,0.004060
1,1772,0.00443000,0.59241536,1.33423536,1.31220000,0.02208957,1.33428957,-0.00005421,0.004063
1,1773,0.00443250,0.59272651,1.33571679,1.31363010,0.02214101,1.33577111,-0.00005433,0.004067
1,1774,0.00443500,0.59303763,1.33719899,1.31506090,0.02219255,1.33725345,-0.00005446,0.004073
1,1775,0.00443750,0.59334870,1.33868198,1.31649240,0.02224419,1.33873659,-0.00005461,0.004079
1,1776,0.00444000,0.59365972,1.34016574,1.31792460,0.02229592,1.34022052,-0.00005478,0.004088
1,1777,0.00444250,0.59397071,1.34165027,1.31935740,0.02234774,1.34170514,-0.00005487,0.004090
1,1778,0.00444500,0.59428165,1.34313559,1.32079100,0.02239966,1.34319066,-0.00005507,0.004100
1,1779,0.00444750,0.59459255,1.34462168,1.32222520,0.02245168,1.34467688,-0.00005520,0.004105
1,1780,0.00445000,0.59490340,1.34610855,1.32366010,0.02250380,1.34616390,-0.00005534,0.004111
1,1781,0.00445250,0.59521421,1.34759620,1.32509560,0.02255601,1.34765161,-0.00005541,0.004112
1,1782,0.00445500,0.59552498,1.34908462,1.32653190,0.02260832,1.34914022,-0.00005559,0.004121
1,1783,0.00445750,0.59583570,1.35057382,1.32796880,0.02266072,1.35062952,-0.00005570,0.004124
1,1784,0.00446000,0.59614639,1.35206380,1.32940640,0.02271322,1.35211962,-0.00005582,0.004129
1,1785,0.00446250,0.59645702,1.35355456,1.33084470,0.02276582,1.35361052,-0.00005597,0.004135
1,1786,0.00446500,0.59676762,1.35504609,1.33228370,0.02281852,1.35510222,-0.00005613,0.004142
1,1787,0.00446750,0.59707817,1.35653839,1.33372330,0.02287131,1.35659461,-0.00005622,0.004144
1,1788,0.00447000,0.59738867,1.35803148,1.33516370,0.02292420,1.35808790,-0.00005643,0.004155
1,1789,0.00447250,0.59769914,1.35952534,1.33660470,0.02297719,1.35958189,-0.00005655,0.004160
1,1790,0.00447500,0.59800956,1.36101997,1.33804640,0.02303028,1.36107668,-0.00005671,0.004166
1,1791,0.00447750,0.59831993,1.36251539,1.33948870,0.02308346,1.36257216,-0.00005678,0.004167
1,1792,0.00448000,0.59863027,1.36401157,1.34093180,0.02313675,1.36406855,-0.00005697,0.004177
1,1793,0.00448250,0.59894055,1.36550854,1.34237550,0.02319013,1.36556563,-0.00005709,0.004181
1,1794,0.00448500,0.59925080,1.36700628,1.34381990,0.02324361,1.36706351,-0.00005723,0.004187
1,1795,0.00448750,0.59956100,1.36850479,1.34526500,0.02329719,1.36856219,-0.00005740,0.004194
1,1796,0.00449000,0.59987116,1.37000408,1.34671070,0.02335087,1.37006157,-0.00005749,0.004196
1,1797,0.00449250,0.60018127,1.37150415,1.34815720,0.02340464,1.37156184,-0.00005770,0.004207
1,1798,0.00449500,0.60049134,1.37300499,1.34960430,0.02345852,1.37306282,-0.00005783,0.004212
1,1799,0.00449750,0.60080136,1.37450660,1.35105210,0.02351250,1.37456460,-0.00005799,0.004219
1,1800,0.00450000,0.60111134,1.37600899,1.35250050,0.02356657,1.37606707,-0.00005808,0.004221
1,1801,0.00450250,0.60142128,1.37751216,1.35394960,0.02362075,1.37757035,-0.00005819,0.004224
1,1802,0.00450500,0.60173117,1.37901610,1.35539950,0.02367502,1.37907452,-0.00005842,0.004236
1,1803,0.00450750,0.60204102,1.38052082,1.35684990,0.02372940,1.38057930,-0.00005848,0.004236
1,1804,0.00451000,0.60235082,1.38202631,1.35830110,0.02378387,1.38208497,-0.00005867,0.004245
1,1805,0.00451250,0.60266058,1.38353257,1.35975290,0.02383845,1.38359135,-0.00005878,0.004248
1,1806,0.00451500,0.60297029,1.38503961,1.36120540,0.02389312,1.38509852,-0.00005892,0.004254
1,1807,0.00451750,0.60327996,1.38654742,1.36265860,0.02394790,1.38660650,-0.00005908,0.004261
1,1808,0.00452000,0.60358959,1.38805601,1.36411250,0.02400278,1.38811528,-0.00005927,0.004270
1,1809,0.00452250,0.60389917,1.38956537,1.36556700,0.02405776,1.38962476,-0.00005939,0.004274
1,1810,0.00452500,0.60420871,1.39107550,1.36702220,0.02411284,1.39113504,-0.00005953,0.004280
1,1811,0.00452750,0.60451820,1.39258641,1.36847810,0.02416802,1.39264612,-0.00005971,0.004288
1,1812,0.00453000,0.60482765,1.39409809,1.36993460,0.02422330,1.39415790,-0.00005981,0.004290
1,1813,0.00453250,0.60513705,1.39561055,1.37139180,0.02427869,1.39567049,-0.00005994,0.004295
1,1814,0.00453500,0.60544641,1.39712378,1.37284970,0.02433417,1.39718387,-0.00006010,0.004301
1,1815,0.00453750,0.60575572,1.39863778,1.37430830,0.02438976,1.39869806,-0.00006028,0.004310
1,1816,0.00454000,0.60606498,1.40015256,1.37576750,0.02444545,1.40021295,-0.00006040,0.004314
1,1817,0.00454250,0.60637421,1.40166811,1.37722740,0.02450125,1.40172865,-0.00006054,0.004319
1,1818,0.00454500,0.60668338,1.40318443,1.37868800,0.02455714,1.40324515,-0.00006072,0.004327
1,1819,0.00454750,0.60699252,1.40470152,1.38014920,0.02461314,1.40476234,-0.00006082,0.004330
1,1820,0.00455000,0.60730160,1.40621939,1.38161110,0.02466925,1.40628035,-0.00006095,0.004335
1,1821,0.00455250,0.60761065,1.40773803,1.38307370,0.02472545,1.40779915,-0.00006112,0.004342
1,1822,0.00455500,0.60791964,1.40925744,1.38453700,0.02478176,1.40931876,-0.00006131,0.004351
1,1823,0.00455750,0.60822859,1.41077763,1.38600090,0.02483817,1.41083907,-0.00006144,0.004355
1,1824,0.00456000,0.60853750,1.41229859,1.38746550,0.02489469,1.41236019,-0.00006160,0.004362
1,1825,0.00456250,0.60884636,1.41382032,1.38893070,0.02495131,1.41388201,-0.00006169,0.004363
1,1826,0.00456500,0.60915518,1.41534282,1.39039670,0.02500803,1.41540473,-0.00006191,0.004374
1,1827,0.00456750,0.60946395,1.41686609,1.39186330,0.02506486,1.41692816,-0.00006206,0.004380
1,1828,0.00457000,0.60977267,1.41839014,1.39333050,0.02512179,1.41845229,-0.00006215,0.004382
1,1829,0.00457250,0.61008135,1.41991496,1.39479850,0.02517882,1.41997732,-0.00006237,0.004392
1,1830,0.00457500,0.61038998,1.42144055,1.39626710,0.02523596,1.42150306,-0.00006252,0.004398
1,1831,0.00457750,0.61069857,1.42296691,1.39773630,0.02529321,1.42302951,-0.00006260,0.004399
1,1832,0.00458000,0.61100711,1.42449404,1.39920630,0.02535056,1.42455686,-0.00006282,0.004410
1,1833,0.00458250,0.61131561,1.42602194,1.40067690,0.02540802,1.42608492,-0.00006297,0.004416
1,1834,0.00458500,0.61162406,1.42755062,1.40214810,0.02546558,1.42761368,-0.00006306,0.004418
1,1835,0.00458750,0.61193246,1.42908006,1.40362010,0.02552325,1.42914335,-0.00006328,0.004428
1,1836,0.00459000,0.61224082,1.43061028,1.40509270,0.02558102,1.43067372,-0.00006344,0.004434
1,1837,0.00459250,0.61254913,1.43214127,1.40656590,0.02563890,1.43220480,-0.00006353,0.004436
1,1838,0.00459500,0.61285739,1.43367302,1.40803990,0.02569688,1.43373678,-0.00006376,0.004447
1,1839,0.00459750,0.61316561,1.43520555,1.40951440,0.02575497,1.43526937,-0.00006382,0.004447
1,1840,0.00460000,0.61347379,1.43673885,1.41098970,0.02581317,1.43680287,-0.00006402,0.004456
1,1841,0.00460250,0.61378191,1.43827292,1.41246560,0.02587148,1.43833708,-0.00006415,0.004460
1,1842,0.00460500,0.61409000,1.43980776,1.41394220,0.02592989,1.43987209,-0.00006432,0.004468
1,1843,0.00460750,0.61439803,1.44134337,1.41541940,0.02598841,1.44140781,-0.00006443,0.004470
1,1844,0.00461000,0.61470602,1.44287975,1.41689740,0.02604703,1.44294443,-0.00006468,0.004483
1,1845,0.00461250,0.61501396,1.44441690,1.41837590,0.02610576,1.44448166,-0.00006476,0.004484
1,1846,0.00461500,0.61532185,1.44595482,1.41985520,0.02616461,1.44601981,-0.00006498,0.004494
1,1847,0.00461750,0.61562970,1.44749351,1.42133510,0.02622355,1.44755865,-0.00006514,0.004500
1,1848,0.00462000,0.61593751,1.44903297,1.42281560,0.02628261,1.44909821,-0.00006524,0.004502
1,1849,0.00462250,0.61624526,1.45057320,1.42429680,0.02634178,1.45063857,-0.00006538,0.004507
1,1850,0.00462500,0.61655297,1.45211420,1.42577870,0.02640105,1.45217975,-0.00006555,0.004514
1,1851,0.00462750,0.61686063,1.45365596,1.42726130,0.02646043,1.45372173,-0.00006577,0.004524
1,1852,0.00463000,0.61716825,1.45519850,1.42874450,0.02651992,1.45526442,-0.00006592,0.004530
1,1853,0.00463250,0.61747581,1.45674180,1.43022830,0.02657952,1.45680782,-0.00006601,0.004532
1,1854,0.00463500,0.61778333,1.45828588,1.43171290,0.02663923,1.45835213,-0.00006625,0.004543
1,1855,0.00463750,0.61809081,1.45983072,1.43319800,0.02669905,1.45989704,-0.00006632,0.004543
1,1856,0.00464000,0.61839823,1.46137633,1.43468390,0.02675897,1.46144287,-0.00006654,0.004553
1,1857,0.00464250,0.61870561,1.46292271,1.43617040,0.02681901,1.46298941,-0.00006670,0.004559
1,1858,0.00464500,0.61901295,1.46446986,1.43765760,0.02687916,1.46453676,-0.00006690,0.004568
1,1859,0.00464750,0.61932023,1.46601778,1.43914540,0.02693941,1.46608481,-0.00006704,0.004573
1,1860,0.00465000,0.61962747,1.46756646,1.44063390,0.02699978,1.46763368,-0.00006722,0.004580
1,1861,0.00465250,0.61993466,1.46911591,1.44212300,0.02706026,1.46918326,-0.00006734,0.004584
1,1862,0.00465500,0.62024180,1.47066614,1.44361280,0.02712085,1.47073365,-0.00006751,0.004591
1,1863,0.00465750,0.62054890,1.47221712,1.44510320,0.02718155,1.47228474,-0.00006762,0.004593
1,1864,0.00466000,0.62085595,1.47376888,1.44659430,0.02724236,1.47383666,-0.00006778,0.004599
1,1865,0.00466250,0.62116295,1.47532140,1.44808610,0.02730328,1.47538938,-0.00006797,0.004607
1,1866,0.00466500,0.62146990,1.47687469,1.44957850,0.02736431,1.47694281,-0.00006812,0.004612
1,1867,0.00466750,0.62177680,1.47842875,1.45107160,0.02742546,1.47849705,-0.00006830,0.004620
1,1868,0.00467000,0.62208366,1.47998358,1.45256530,0.02748671,1.48005201,-0.00006843,0.004624
1,1869,0.00467250,0.62239047,1.48153917,1.45405970,0.02754808,1.48160778,-0.00006861,0.004631
1,1870,0.00467500,0.62269723,1.48309553,1.45555480,0.02760956,1.48316436,-0.00006883,0.004641
1,1871,0.00467750,0.62300395,1.48465266,1.45705050,0.02767115,1.48472165,-0.00006900,0.004647
1,1872,0.00468000,0.62331061,1.48621055,1.45854680,0.02773286,1.48627966,-0.00006911,0.004650
1,1873,0.00468250,0.62361723,1.48776921,1.46004380,0.02779468,1.48783848,-0.00006927,0.004656
1,1874,0.00468500,0.62392380,1.48932864,1.46154150,0.02785661,1.48939811,-0.00006947,0.004665
1,1875,0.00468750,0.62423032,1.49088883,1.46303980,0.02791866,1.49095846,-0.00006963,0.004670
1,1876,0.00469000,0.62453679,1.49244979,1.46453880,0.02798081,1.49251962,-0.00006983,0.004679
1,1877,0.00469250,0.62484322,1.49401151,1.46603840,0.02804309,1.49408149,-0.00006998,0.004684
1,1878,0.00469500,0.62514959,1.49557400,1.46753870,0.02810547,1.49564417,-0.00007017,0.004692
1,1879,0.00469750,0.62545592,1.49713726,1.46903960,0.02816798,1.49720758,-0.00007031,0.004697
1,1880,0.00470000,0.62576220,1.49870128,1.47054120,0.02823059,1.49877179,-0.00007051,0.004704
1,1881,0.00470250,0.62606843,1.50026607,1.47204340,0.02829332,1.50033672,-0.00007065,0.004709
1,1882,0.00470500,0.62637461,1.50183163,1.47354630,0.02835616,1.50190246,-0.00007084,0.004717
1,1883,0.00470750,0.62668074,1.50339794,1.47504980,0.02841912,1.50346892,-0.00007098,0.004721
1,1884,0.00471000,0.62698683,1.50496503,1.47655400,0.02848220,1.50503620,-0.00007117,0.004729
1,1885,0.00471250,0.62729286,1.50653288,1.47805880,0.02854538,1.50660419,-0.00007131,0.004733
1,1886,0.00471500,0.62759885,1.50810149,1.47956430,0.02860869,1.50817299,-0.00007150,0.004741
1,1887,0.00471750,0.62790479,1.50967087,1.48107040,0.02867211,1.50974251,-0.00007164,0.004745
1,1888,0.00472000,0.62821068,1.51124102,1.48257720,0.02873565,1.51131285,-0.00007183,0.004753
1,1889,0.00472250,0.62851652,1.51281193,1.48408460,0.02879930,1.51288390,-0.00007197,0.004758
1,1890,0.00472500,0.62882231,1.51438360,1.48559270,0.02886307,1.51445577,-0.00007217,0.004766
1,1891,0.00472750,0.62912805,1.51595604,1.48710140,0.02892696,1.51602836,-0.00007232,0.004771
1,1892,0.00473000,0.62943374,1.51752924,1.48861080,0.02899096,1.51760176,-0.00007252,0.004779
1,1893,0.00473250,0.62973938,1.51910321,1.49012080,0.02905508,1.51917588,-0.00007267,0.004784
1,1894,0.00473500,0.63004497,1.52067794,1.49163150,0.02911932,1.52075082,-0.00007288,0.004793
1,1895,0.00473750,0.63035052,1.52225343,1.49314280,0.02918367,1.52232647,-0.00007304,0.004798
1,1896,0.00474000,0.63065601,1.52382969,1.49465470,0.02924814,1.52390285,-0.00007316,0.004801
1,1897,0.00474250,0.63096146,1.52540671,1.49616730,0.02931274,1.52548004,-0.00007332,0.004807
1,1898,0.00474500,0.63126685,1.52698450,1.49768060,0.02937745,1.52705804,-0.00007355,0.004817
1,1899,0.00474750,0.63157219,1.52856305,1.49919450,0.02944227,1.52863677,-0.00007373,0.004823
1,1900,0.00475000,0.63187749,1.53014236,1.50070900,0.02950722,1.53021622,-0.00007386,0.004827
1,1901,0.00475250,0.63218273,1.53172243,1.50222420,0.02957228,1.53179648,-0.00007405,0.004834
1,1902,0.00475500,0.63248793,1.53330327,1.50374000,0.02963747,1.53337747,-0.00007420,0.004839
1,1903,0.00475750,0.63279308,1.53488487,1.50525650,0.02970277,1.53495927,-0.00007440,0.004847
1,1904,0.00476000,0.63309817,1.53646724,1.50677360,0.02976819,1.53654179,-0.00007456,0.004852
1,1905,0.00476250,0.63340322,1.53805036,1.50829140,0.02983373,1.53812513,-0.00007477,0.004861
1,1906,0.00476500,0.63370821,1.53963425,1.50980980,0.02989940,1.53970920,-0.00007494,0.004868
1,1907,0.00476750,0.63401315,1.54121890,1.51132880,0.02996518,1.54129398,-0.00007508,0.004871
1,1908,0.00477000,0.63431805,1.54280432,1.51284850,0.03003108,1.54287958,-0.00007526,0.004878
1,1909,0.00477250,0.63462289,1.54439049,1.51436890,0.03009711,1.54446601,-0.00007551,0.004889
1,1910,0.00477500,0.63492768,1.54597743,1.51588980,0.03016325,1.54605305,-0.00007562,0.004891
1,1911,0.00477750,0.63523243,1.54756513,1.51741140,0.03022952,1.54764092,-0.00007578,0.004897
1,1912,0.00478000,0.63553712,1.54915359,1.51893370,0.03029590,1.54922960,-0.00007601,0.004906
1,1913,0.00478250,0.63584176,1.55074282,1.52045660,0.03036241,1.55081901,-0.00007619,0.004913
1,1914,0.00478500,0.63614635,1.55233280,1.52198010,0.03042904,1.55240914,-0.00007634,0.004918
1,1915,0.00478750,0.63645089,1.55392355,1.52350430,0.03049579,1.55400010,-0.00007655,0.004926
1,1916,0.00479000,0.63675538,1.55551506,1.52502910,0.03056267,1.55559177,-0.00007671,0.004932
1,1917,0.00479250,0.63705982,1.55710733,1.52655460,0.03062967,1.55718427,-0.00007694,0.004941
1,1918,0.00479500,0.63736420,1.55870036,1.52808070,0.03069679,1.55877749,-0.00007713,0.004948
1,1919,0.00479750,0.63766854,1.56029415,1.52960740,0.03076403,1.56037143,-0.00007728,0.004953
1,1920,0.00480000,0.63797282,1.56188870,1.53113480,0.03083140,1.56196620,-0.00007750,0.004962
1,1921,0.00480250,0.63827705,1.56348401,1.53266280,0.03089889,1.56356169,-0.00007768,0.004968
1,1922,0.00480500,0.63858123,1.56508008,1.53419140,0.03096650,1.56515790,-0.00007782,0.004972
1,1923,0.00480750,0.63888536,1.56667692,1.53572070,0.03103424,1.56675494,-0.00007802,0.004980
1,1924,0.00481000,0.63918944,1.56827451,1.53725060,0.03110210,1.56835270,-0.00007819,0.004986
1,1925,0.00481250,0.63949347,1.56987286,1.53878110,0.03117009,1.56995119,-0.00007832,0.004989
1,1926,0.00481500,0.63979744,1.57147198,1.54031230,0.03123820,1.57155050,-0.00007852,0.004997
1,1927,0.00481750,0.64010137,1.57307185,1.54184410,0.03130644,1.57315053,-0.00007868,0.005002
1,1928,0.00482000,0.64040524,1.57467249,1.54337660,0.03137480,1.57475140,-0.00007891,0.005011
1,1929,0.00482250,0.64070906,1.57627388,1.54490970,0.03144328,1.57635298,-0.00007911,0.005019
1,1930,0.00482500,0.64101283,1.57787603,1.54644340,0.03151190,1.57795530,-0.00007927,0.005024
1,1931,0.00482750,0.64131654,1.57947894,1.54797780,0.03158064,1.57955844,-0.00007949,0.005033
1,1932,0.00483000,0.64162020,1.58108261,1.54951280,0.03164950,1.58116230,-0.00007969,0.005040
1,1933,0.00483250,0.64192382,1.58268704,1.55104840,0.03171849,1.58276689,-0.00007985,0.005045
1,1934,0.00483500,0.64222737,1.58429223,1.55258470,0.03178761,1.58437231,-0.00008008,0.005054
1,1935,0.00483750,0.64253088,1.58589818,1.55412150,0.03185686,1.58597836,-0.00008018,0.005056
1,1936,0.00484000,0.64283434,1.58750489,1.55565910,0.03192623,1.58758533,-0.00008044,0.005067
1,1937,0.00484250,0.64313774,1.58911235,1.55719720,0.03199573,1.58919293,-0.00008058,0.005070
1,1938,0.00484500,0.64344109,1.59072058,1.55873600,0.03206535,1.59080135,-0.00008078,0.005078
1,1939,0.00484750,0.64374438,1.59232956,1.56027540,0.03213511,1.59241051,-0.00008095,0.005084
1,1940,0.00485000,0.64404762,1.59393930,1.56181550,0.03220499,1.59402049,-0.00008120,0.005094
1,1941,0.00485250,0.64435082,1.59554979,1.56335610,0.03227501,1.59563111,-0.00008131,0.005096
1,1942,0.00485500,0.64465395,1.59716105,1.56489740,0.03234515,1.59724255,-0.00008150,0.005103
1,1943,0.00485750,0.64495704,1.59877306,1.56643940,0.03241542,1.59885482,-0.00008175,0.005114
1,1944,0.00486000,0.64526007,1.60038584,1.56798190,0.03248582,1.60046772,-0.00008188,0.005116
1,1945,0.00486250,0.64556305,1.60199936,1.56952510,0.03255635,1.60208145,-0.00008208,0.005124
1,1946,0.00486500,0.64586597,1.60361365,1.57106900,0.03262701,1.60369601,-0.00008235,0.005136
1,1947,0.00486750,0.64616884,1.60522869,1.57261340,0.03269780,1.60531120,-0.00008250,0.005140
1,1948,0.00487000,0.64647166,1.60684450,1.57415850,0.03276872,1.60692722,-0.00008272,0.005148
1,1949,0.00487250,0.64677443,1.60846105,1.57570420,0.03283977,1.60854397,-0.00008291,0.005155
1,1950,0.00487500,0.64707714,1.61007837,1.57725050,0.03291095,1.61016145,-0.00008308,0.005160
1,1951,0.00487750,0.64737980,1.61169644,1.57879750,0.03298226,1.61177976,-0.00008332,0.005170
1,1952,0.00488000,0.64768240,1.61331527,1.58034500,0.03305370,1.61339870,-0.00008344,0.005172
1,1953,0.00488250,0.64798495,1.61493485,1.58189320,0.03312528,1.61501848,-0.00008363,0.005179
1,1954,0.00488500,0.64828745,1.61655519,1.58344210,0.03319699,1.61663909,-0.00008390,0.005190
1,1955,0.00488750,0.64858989,1.61817629,1.58499150,0.03326883,1.61826033,-0.00008404,0.005194
1,1956,0.00489000,0.64889228,1.61979814,1.58654160,0.03334080,1.61988240,-0.00008426,0.005202
1,1957,0.00489250,0.64919461,1.62142075,1.58809230,0.03341291,1.62150521,-0.00008446,0.005209
1,1958,0.00489500,0.64949689,1.62304411,1.58964360,0.03348515,1.62312875,-0.00008463,0.005214
1,1959,0.00489750,0.64979911,1.62466823,1.59119560,0.03355752,1.62475312,-0.00008489,0.005225
1,1960,0.00490000,0.65010128,1.62629311,1.59274810,0.03363003,1.62637813,-0.00008502,0.005228
1,1961,0.00490250,0.65040340,1.62791874,1.59430130,0.03370267,1.62800397,-0.00008523,0.005235
1,1962,0.00490500,0.65070546,1.62954513,1.59585510,0.03377544,1.62963054,-0.00008542,0.005242
1,1963,0.00490750,0.65100747,1.63117227,1.59740950,0.03384835,1.63125785,-0.00008558,0.005247
1,1964,0.00491000,0.65130942,1.63280016,1.59896460,0.03392140,1.63288599,-0.00008583,0.005257
1,1965,0.00491250,0.65161132,1.63442881,1.60052030,0.03399457,1.63451487,-0.00008606,0.005266
1,1966,0.00491500,0.65191316,1.63605822,1.60207660,0.03406789,1.63614449,-0.00008627,0.005273
1,1967,0.00491750,0.65221495,1.63768838,1.60363350,0.03414134,1.63777484,-0.00008646,0.005279
1,1968,0.00492000,0.65251668,1.63931929,1.60519100,0.03421493,1.63940593,-0.00008663,0.005285
1,1969,0.00492250,0.65281835,1.64095096,1.60674910,0.03428865,1.64103775,-0.00008679,0.005289
1,1970,0.00492500,0.65311997,1.64258339,1.60830790,0.03436251,1.64267041,-0.00008703,0.005298
1,1971,0.00492750,0.65342154,1.64421656,1.60986730,0.03443651,1.64430381,-0.00008725,0.005306
1,1972,0.00493000,0.65372305,1.64585049,1.61142730,0.03451064,1.64593794,-0.00008745,0.005313
1,1973,0.00493250,0.65402450,1.64748518,1.61298790,0.03458491,1.64757281,-0.00008764,0.005319
1,1974,0.00493500,0.65432590,1.64912062,1.61454910,0.03465932,1.64920842,-0.00008781,0.005325
1,1975,0.00493750,0.65462724,1.65075681,1.61611100,0.03473387,1.65084487,-0.00008806,0.005335
1,1976,0.00494000,0.65492853,1.65239375,1.61767340,0.03480856,1.65248196,-0.00008821,0.005338
1,1977,0.00494250,0.65522976,1.65403145,1.61923650,0.03488338,1.65411988,-0.00008843,0.005347
1,1978,0.00494500,0.65553094,1.65566990,1.62080020,0.03495835,1.65575855,-0.00008865,0.005354
1,1979,0.00494750,0.65583206,1.65730910,1.62236450,0.03503345,1.65739795,-0.00008885,0.005361
1,1980,0.00495000,0.65613312,1.65894906,1.62392940,0.03510870,1.65903810,-0.00008903,0.005367
1,1981,0.00495250,0.65643412,1.66058977,1.62549500,0.03518408,1.66067908,-0.00008931,0.005378
1,1982,0.00495500,0.65673507,1.66223123,1.62706110,0.03525960,1.66232070,-0.00008947,0.005383
1,1983,0.00495750,0.65703596,1.66387345,1.62862790,0.03533527,1.66396317,-0.00008972,0.005392
1,1984,0.00496000,0.65733680,1.66551641,1.63019520,0.03541108,1.66560628,-0.00008986,0.005396
1,1985,0.00496250,0.65763758,1.66716013,1.63176320,0.03548702,1.66725022,-0.00009009,0.005404
1,1986,0.00496500,0.65793830,1.66880460,1.63333180,0.03556311,1.66889491,-0.00009031,0.005412
1,1987,0.00496750,0.65823897,1.67044982,1.63490100,0.03563934,1.67054034,-0.00009052,0.005419
1,1988,0.00497000,0.65853957,1.67209579,1.63647080,0.03571572,1.67218652,-0.00009072,0.005426
1,1989,0.00497250,0.65884012,1.67374252,1.63804120,0.03579223,1.67383343,-0.00009091,0.005432
1,1990,0.00497500,0.65914062,1.67538999,1.63961230,0.03586889,1.67548119,-0.00009120,0.005443
1,1991,0.00497750,0.65944105,1.67703822,1.64118390,0.03594569,1.67712959,-0.00009137,0.005448
1,1992,0.00498000,0.65974143,1.67868720,1.64275610,0.03602264,1.67877874,-0.00009154,0.005453
1,1993,0.00498250,0.66004175,1.68033693,1.64432900,0.03609973,1.68042873,-0.00009180,0.005463
1,1994,0.00498500,0.66034201,1.68198741,1.64590240,0.03617696,1.68207936,-0.00009196,0.005467
1,1995,0.00498750,0.66064222,1.68363864,1.64747650,0.03625434,1.68373084,-0.00009221,0.005477
1,1996,0.00499000,0.66094237,1.68529062,1.64905120,0.03633187,1.68538307,-0.00009245,0.005486
1,1997,0.00499250,0.66124246,1.68694335,1.65062640,0.03640954,1.68703594,-0.00009259,0.005488
1,1998,0.00499500,0.66154249,1.68859683,1.65220230,0.03648735,1.68868965,-0.00009282,0.005497
1,1999,0.00499750,0.66184246,1.69025106,1.65377880,0.03656531,1.69034411,-0.00009305,0.005505
1,2000,0.00500000,0.66214237,1.69190604,1.65535590,0.03664342,1.69199932,-0.00009328,0.005513
2,1,0.00500100,0.66227430,1.69256825,1.65601690,0.03664464,1.69266154,-0.00009329,0.005512
2,2,0.00500200,0.66238523,1.69323058,1.65662550,0.03669847,1.69332397,-0.00009339,0.005515
2,3,0.00500300,0.66250334,1.69389303,1.65725210,0.03673438,1.69398648,-0.00009346,0.005517
2,4,0.00500400,0.66262198,1.69455559,1.65788020,0.03676901,1.69464921,-0.00009362,0.005525
2,5,0.00500500,0.66274133,1.69521827,1.65851020,0.03680183,1.69531203,-0.00009376,0.005531
2,6,0.00500600,0.66286128,1.69588107,1.65914180,0.03683311,1.69597491,-0.00009384,0.005533
2,7,0.00500700,0.66298150,1.69654399,1.65977420,0.03686368,1.69663788,-0.00009389,0.005534
2,8,0.00500800,0.66310170,1.69720703,1.66040670,0.03689433,1.69730103,-0.00009400,0.005538
2,9,0.00500900,0.66322172,1.69787020,1.66103880,0.03692543,1.69796423,-0.00009403,0.005538
2,10,0.00501000,0.66334158,1.69853348,1.66167060,0.03695695,1.69862755,-0.00009407,0.005538
2,11,0.00501100,0.66346135,1.69919688,1.66230240,0.03698868,1.69929108,-0.00009420,0.005544
2,12,0.00501200,0.66358112,1.69986040,1.66293430,0.03702042,1.69995472,-0.00009432,0.005549
2,13,0.00501300,0.66370092,1.70052404,1.66356630,0.03705208,1.70061838,-0.00009434,0.005548
2,14,0.00501400,0.66382075,1.70118780,1.66419860,0.03708367,1.70128227,-0.00009446,0.005553
2,15,0.00501500,0.66394059,1.70185168,1.66483100,0.03711523,1.70194623,-0.00009455,0.005555
2,16,0.00501600,0.66406041,1.70251568,1.66546350,0.03714682,1.70261032,-0.00009463,0.005558
2,17,0.00501700,0.66418022,1.70317980,1.66609610,0.03717846,1.70327456,-0.00009475,0.005563
2,18,0.00501800,0.66430001,1.70384404,1.66672870,0.03721015,1.70393885,-0.00009480,0.005564
2,19,0.00501900,0.66441978,1.70450840,1.66736140,0.03724187,1.70460327,-0.00009487,0.005566
2,20,0.00502000,0.66453955,1.70517288,1.66799430,0.03727362,1.70526792,-0.00009503,0.005573
2,21,0.00502100,0.66465931,1.70583748,1.66862720,0.03730538,1.70593258,-0.00009510,0.005575
2,22,0.00502200,0.66477906,1.70650220,1.66926020,0.03733717,1.70659736,-0.00009516,0.005576
2,23,0.00502300,0.66489880,1.70716704,1.66989330,0.03736897,1.70726227,-0.00009523,0.005578
2,24,0.00502400,0.66501853,1.70783200,1.67052650,0.03740080,1.70792729,-0.00009529,0.005580
2,25,0.00502500,0.66513825,1.70849708,1.67115990,0.03743265,1.70859255,-0.00009547,0.005588
2,26,0.00502600,0.66525797,1.70916228,1.67179330,0.03746453,1.70925783,-0.00009555,0.005591
2,27,0.00502700,0.66537767,1.70982759,1.67242680,0.03749643,1.70992323,-0.00009564,0.005593
2,28,0.00502800,0.66549736,1.71049303,1.67306040,0.03752836,1.71058876,-0.00009573,0.005596
2,29,0.00502900,0.66561705,1.71115859,1.67369410,0.03756031,1.71125441,-0.00009582,0.005600
2,30,0.00503000,0.66573672,1.71182427,1.67432780,0.03759229,1.71192009,-0.00009582,0.005598
2,31,0.00503100,0.66585639,1.71249006,1.67496170,0.03762429,1.71258599,-0.00009592,0.005601
2,32,0.00503200,0.66597604,1.71315598,1.67559570,0.03765631,1.71325201,-0.00009603,0.005605
2,33,0.00503300,0.66609569,1.71382201,1.67622980,0.03768836,1.71391816,-0.00009614,0.005610
2,34,0.00503400,0.66621532,1.71448817,1.67686400,0.03772043,1.71458443,-0.00009626,0.005614
2,35,0.00503500,0.66633495,1.71515445,1.67749820,0.03775253,1.71525072,-0.00009628,0.005613
2,36,0.00503600,0.66645457,1.71582084,1.67813260,0.03778464,1.71591724,-0.00009640,0.005619
2,37,0.00503700,0.66657417,1.71648735,1.67876700,0.03781679,1.71658379,-0.00009644,0.005618
2,38,0.00503800,0.66669377,1.71715399,1.67940160,0.03784896,1.71725056,-0.00009657,0.005624
2,39,0.00503900,0.66681336,1.71782074,1.68003630,0.03788115,1.71791745,-0.00009671,0.005630
2,40,0.00504000,0.66693294,1.71848762,1.68067100,0.03791337,1.71858437,-0.00009676,0.005630
2,41,0.00504100,0.66705251,1.71915461,1.68130580,0.03794561,1.71925141,-0.00009681,0.005631
2,42,0.00504200,0.66717206,1.71982172,1.68194080,0.03797788,1.71991868,-0.00009696,0.005638
2,43,0.00504300,0.66729161,1.72048895,1.68257580,0.03801017,1.72058597,-0.00009702,0.005639
2,44,0.00504400,0.66741115,1.72115630,1.68321090,0.03804249,1.72125339,-0.00009709,0.005641
2,45,0.00504500,0.66753068,1.72182377,1.68384610,0.03807483,1.72192093,-0.00009715,0.005643
2,46,0.00504600,0.66765020,1.72249136,1.68448150,0.03810719,1.72258869,-0.00009733,0.005650
2,47,0.00504700,0.66776971,1.72315907,1.68511690,0.03813958,1.72325648,-0.00009741,0.005653
2,48,0.00504800,0.66788921,1.72382690,1.68575240,0.03817200,1.72392440,-0.00009749,0.005656
2,49,0.00504900,0.66800870,1.72449485,1.68638800,0.03820444,1.72459244,-0.00009758,0.005659
2,50,0.00505000,0.66812819,1.72516292,1.68702370,0.03823690,1.72526060,-0.00009768,0.005662
2,51,0.00505100,0.66824766,1.72583111,1.68765950,0.03826939,1.72592889,-0.00009778,0.005666
2,52,0.00505200,0.66836712,1.72649942,1.68829530,0.03830190,1.72659720,-0.00009779,0.005664
2,53,0.00505300,0.66848657,1.72716784,1.68893130,0.03833444,1.72726574,-0.00009790,0.005668
2,54,0.00505400,0.66860601,1.72783639,1.68956740,0.03836700,1.72793440,-0.00009801,0.005673
2,55,0.00505500,0.66872544,1.72850506,1.69020360,0.03839959,1.72860319,-0.00009813,0.005677
2,56,0.00505600,0.66884487,1.72917384,1.69083980,0.03843220,1.72927200,-0.00009816,0.005677
2,57,0.00505700,0.66896428,1.72984275,1.69147620,0.03846484,1.72994104,-0.00009829,0.005682
2,58,0.00505800,0.66908368,1.73051177,1.69211260,0.03849750,1.73061010,-0.00009833,0.005682
2,59,0.00505900,0.66920308,1.73118091,1.69274920,0.03853019,1.73127939,-0.00009847,0.005688
2,60,0.00506000,0.66932246,1.73185018,1.69338580,0.03856290,1.73194870,-0.00009852,0.005689
2,61,0.00506100,0.66944183,1.73251956,1.69402260,0.03859563,1.73261823,-0.00009868,0.005696
2,62,0.00506200,0.66956120,1.73318906,1.69465940,0.03862839,1.73328779,-0.00009874,0.005697
2,63,0.00506300,0.66968055,1.73385868,1.69529630,0.03866118,1.73395748,-0.00009880,0.005698
2,64,0.00506400,0.66979989,1.73452842,1.69593330,0.03869399,1.73462729,-0.00009887,0.005700
2,65,0.00506500,0.66991923,1.73519828,1.69657040,0.03872683,1.73529723,-0.00009895,0.005703
2,66,0.00506600,0.67003855,1.73586826,1.69720760,0.03875969,1.73596729,-0.00009903,0.005705
2,67,0.00506700,0.67015787,1.73653836,1.69784500,0.03879258,1.73663758,-0.00009922,0.005714
2,68,0.00506800,0.67027717,1.73720857,1.69848230,0.03882549,1.73730779,-0.00009921,0.005711
2,69,0.00506900,0.67039647,1.73787891,1.69911980,0.03885843,1.73797823,-0.00009931,0.005715
2,70,0.00507000,0.67051575,1.73854937,1.69975740,0.03889139,1.73864879,-0.00009942,0.005719
2,71,0.00507100,0.67063503,1.73921994,1.70039510,0.03892438,1.73931947,-0.00009953,0.005723
2,72,0.00507200,0.67075429,1.73989064,1.70103290,0.03895739,1.73999029,-0.00009965,0.005727
2,73,0.00507300,0.67087355,1.74056145,1.70167070,0.03899043,1.74066112,-0.00009967,0.005727
2,74,0.00507400,0.67099279,1.74123238,1.70230870,0.03902349,1.74133219,-0.00009980,0.005732
2,75,0.00507500,0.67111203,1.74190344,1.70294680,0.03905658,1.74200338,-0.00009994,0.005737
2,76,0.00507600,0.67123125,1.74257461,1.70358490,0.03908969,1.74267459,-0.00009998,0.005738
2,77,0.00507700,0.67135047,1.74324590,1.70422320,0.03912283,1.74334603,-0.00010013,0.005744
2,78,0.00507800,0.67146967,1.74391731,1.70486150,0.03915599,1.74401749,-0.00010018,0.005745
2,79,0.00507900,0.67158887,1.74458884,1.70549990,0.03918918,1.74468908,-0.00010024,0.005746
2,80,0.00508000,0.67170805,1.74526049,1.70613840,0.03922240,1.74536080,-0.00010031,0.005748
2,81,0.00508100,0.67182723,1.74593225,1.70677710,0.03925564,1.74603274,-0.00010048,0.005755
2,82,0.00508200,0.67194639,1.74660414,1.70741580,0.03928890,1.74670470,-0.00010056,0.005758
2,83,0.00508300,0.67206555,1.74727615,1.70805460,0.03932220,1.74737680,-0.00010065,0.005760
2,84,0.00508400,0.67218469,1.74794827,1.70869350,0.03935551,1.74804901,-0.00010074,0.005763
2,85,0.00508500,0.67230383,1.74862052,1.70933250,0.03938886,1.74872136,-0.00010084,0.005767
2,86,0.00508600,0.67242295,1.74929288,1.70997160,0.03942222,1.74939382,-0.00010094,0.005771
2,87,0.00508700,0.67254207,1.74996536,1.71061070,0.03945562,1.75006632,-0.00010095,0.005769
2,88,0.00508800,0.67266117,1.75063796,1.71125000,0.03948904,1.75073904,-0.00010107,0.005774
2,89,0.00508900,0.67278027,1.75131069,1.71188940,0.03952248,1.75141188,-0.00010120,0.005778
2,90,0.00509000,0.67289935,1.75198353,1.71252880,0.03955595,1.75208475,-0.00010123,0.005778
2,91,0.00509100,0.67301843,1.75265648,1.71316840,0.03958945,1.75275785,-0.00010137,0.005784
2,92,0.00509200,0.67313749,1.75332956,1.71380810,0.03962297,1.75343107,-0.00010151,0.005790
2,93,0.00509300,0.67325655,1.75400276,1.71444780,0.03965652,1.75410432,-0.00010156,0.005790
2,94,0.00509400,0.67337559,1.75467608,1.71508760,0.03969010,1.75477770,-0.00010162,0.005791
2,95,0.00509500,0.67349463,1.75534951,1.71572760,0.03972370,1.75545130,-0.00010179,0.005799
2,96,0.00509600,0.67361365,1.75602306,1.71636760,0.03975732,1.75612492,-0.00010186,0.005800
2,97,0.00509700,0.67373266,1.75669674,1.71700770,0.03979097,1.75679867,-0.00010194,0.005803
2,98,0.00509800,0.67385167,1.75737053,1.71764790,0.03982465,1.75747255,-0.00010202,0.005805
2,99,0.00509900,0.67397066,1.75804444,1.71828820,0.03985835,1.75814655,-0.00010211,0.005808
2,100,0.00510000,0.67408965,1.75871847,1.71892860,0.03989208,1.75882068,-0.00010221,0.005812
2,101,0.00510100,0.67420862,1.75939262,1.71956910,0.03992584,1.75949494,-0.00010232,0.005816
2,102,0.00510200,0.67432758,1.76006689,1.72020970,0.03995962,1.76016932,-0.00010243,0.005820
2,103,0.00510300,0.67444654,1.76074128,1.72085030,0.03999343,1.76084373,-0.00010245,0.005819
2,104,0.00510400,0.67456548,1.76141578,1.72149110,0.04002726,1.76151836,-0.00010258,0.005824
2,105,0.00510500,0.67468441,1.76209041,1.72213200,0.04006112,1.76219312,-0.00010272,0.005829
2,106,0.00510600,0.67480333,1.76276515,1.72277290,0.04009501,1.76286791,-0.00010276,0.005829
2,107,0.00510700,0.67492225,1.76344001,1.72341390,0.04012892,1.76354282,-0.00010281,0.005830
2,108,0.00510800,0.67504115,1.76411499,1.72405510,0.04016286,1.76421796,-0.00010297,0.005837
2,109,0.00510900,0.67516004,1.76479010,1.72469630,0.04019683,1.76489313,-0.00010303,0.005838
2,110,0.00511000,0.67527892,1.76546531,1.72533760,0.04023082,1.76556842,-0.00010310,0.005840
2,111,0.00511100,0.67539779,1.76614065,1.72597910,0.04026483,1.76624393,-0.00010328,0.005848
2,112,0.00511200,0.67551665,1.76681611,1.72662060,0.04029888,1.76691948,-0.00010337,0.005851
2,113,0.00511300,0.67563550,1.76749169,1.72726220,0.04033295,1.76759515,-0.00010346,0.005854
2,114,0.00511400,0.67575434,1.76816738,1.72790390,0.04036705,1.76827095,-0.00010356,0.005857
2,115,0.00511500,0.67587317,1.76884320,1.72854560,0.04040117,1.76894677,-0.00010357,0.005855
2,116,0.00511600,0.67599199,1.76951913,1.72918750,0.04043532,1.76962282,-0.00010369,0.005860
2,117,0.00511700,0.67611080,1.77019518,1.72982950,0.04046950,1.77029899,-0.00010382,0.005865
2,118,0.00511800,0.67622960,1.77087135,1.73047150,0.04050370,1.77097520,-0.00010385,0.005864
2,119,0.00511900,0.67634839,1.77154764,1.73111370,0.04053793,1.77165163,-0.00010399,0.005870
2,120,0.00512000,0.67646717,1.77222405,1.73175590,0.04057218,1.77232808,-0.00010404,0.005870
2,121,0.00512100,0.67658594,1.77290057,1.73239830,0.04060647,1.77300476,-0.00010419,0.005877
2,122,0.00512200,0.67670470,1.77357722,1.73304070,0.04064077,1.77368147,-0.00010426,0.005878
2,123,0.00512300,0.67682344,1.77425398,1.73368320,0.04067511,1.77435831,-0.00010433,0.005880
2,124,0.00512400,0.67694218,1.77493086,1.73432590,0.04070947,1.77503537,-0.00010451,0.005888
2,125,0.00512500,0.67706091,1.77560787,1.73496860,0.04074386,1.77571246,-0.00010459,0.005891
2,126,0.00512600,0.67717962,1.77628499,1.73561140,0.04077828,1.77638968,-0.00010469,0.005894
2,127,0.00512700,0.67729833,1.77696223,1.73625430,0.04081272,1.77706702,-0.00010479,0.005897
2,128,0.00512800,0.67741702,1.77763958,1.73689720,0.04084719,1.77774439,-0.00010481,0.005896
2,129,0.00512900,0.67753571,1.77831706,1.73754030,0.04088169,1.77842199,-0.00010493,0.005900
2,130,0.00513000,0.67765438,1.77899465,1.73818350,0.04091621,1.77909971,-0.00010505,0.005905
2,131,0.00513100,0.67777304,1.77967237,1.73882670,0.04095076,1.77977746,-0.00010509,0.005905
2,132,0.00513200,0.67789170,1.78035020,1.73947010,0.04098534,1.78045544,-0.00010524,0.005911
2,133,0.00513300,0.67801034,1.78102815,1.74011350,0.04101994,1.78113344,-0.00010529,0.005912
2,134,0.00513400,0.67812897,1.78170622,1.74075710,0.04105457,1.78181167,-0.00010545,0.005918
2,135,0.00513500,0.67824759,1.78238441,1.74140070,0.04108923,1.78248993,-0.00010552,0.005920
2,136,0.00513600,0.67836621,1.78306272,1.74204440,0.04112392,1.78316831,-0.00010560,0.005922
2,137,0.00513700,0.67848481,1.78374114,1.74268820,0.04115863,1.78384683,-0.00010568,0.005925
2,138,0.00513800,0.67860340,1.78441969,1.74333210,0.04119337,1.78452547,-0.00010578,0.005928
2,139,0.00513900,0.67872198,1.78509835,1.74397610,0.04122813,1.78520423,-0.00010588,0.005932
2,140,0.00514000,0.67884055,1.78577713,1.74462020,0.04126293,1.78588313,-0.00010600,0.005936
2,141,0.00514100,0.67895910,1.78645603,1.74526440,0.04129775,1.78656215,-0.00010612,0.005940
2,142,0.00514200,0.67907765,1.78713505,1.74590860,0.04133260,1.78724120,-0.00010615,0.005940
2,143,0.00514300,0.67919619,1.78781419,1.74655300,0.04136747,1.78792047,-0.00010629,0.005945
2,144,0.00514400,0.67931472,1.78849344,1.74719740,0.04140238,1.78859978,-0.00010634,0.005946
2,145,0.00514500,0.67943323,1.78917281,1.74784200,0.04143731,1.78927931,-0.00010649,0.005952
2,146,0.00514600,0.67955174,1.78985231,1.74848660,0.04147226,1.78995886,-0.00010656,0.005953
2,147,0.00514700,0.67967023,1.79053192,1.74913130,0.04150725,1.79063855,-0.00010663,0.005955
2,148,0.00514800,0.67978872,1.79121165,1.74977620,0.04154226,1.79131846,-0.00010681,0.005963
2,149,0.00514900,0.67990719,1.79189150,1.75042110,0.04157730,1.79199840,-0.00010691,0.005966
2,150,0.00515000,0.68002565,1.79257146,1.75106610,0.04161237,1.79267847,-0.00010701,0.005970
2,151,0.00515100,0.68014411,1.79325155,1.75171110,0.04164747,1.79335857,-0.00010702,0.005968
2,152,0.00515200,0.68026255,1.79393175,1.75235630,0.04168259,1.79403889,-0.00010714,0.005972
2,153,0.00515300,0.68038098,1.79461207,1.75300160,0.04171774,1.79471934,-0.00010727,0.005977
2,154,0.00515400,0.68049940,1.79529251,1.75364690,0.04175292,1.79539982,-0.00010730,0.005977
2,155,0.00515500,0.68061781,1.79597307,1.75429240,0.04178812,1.79608052,-0.00010745,0.005983
2,156,0.00515600,0.68073621,1.79665375,1.75493790,0.04182336,1.79676126,-0.00010751,0.005984
2,157,0.00515700,0.68085459,1.79733454,1.75558360,0.04185862,1.79744222,-0.00010767,0.005991
2,158,0.00515800,0.68097297,1.79801546,1.75622930,0.04189391,1.79812321,-0.00010775,0.005993
2,159,0.00515900,0.68109134,1.79869649,1.75687510,0.04192922,1.79880432,-0.00010783,0.005995
2,160,0.00516000,0.68120969,1.79937764,1.75752100,0.04196457,1.79948557,-0.00010793,0.005998
2,161,0.00516100,0.68132804,1.80005891,1.75816700,0.04199994,1.80016694,-0.00010803,0.006002
2,162,0.00516200,0.68144637,1.80074030,1.75881310,0.04203534,1.80084844,-0.00010815,0.006006
2,163,0.00516300,0.68156470,1.80142180,1.75945930,0.04207077,1.80153007,-0.00010827,0.006010
2,164,0.00516400,0.68168301,1.80210343,1.76010550,0.04210623,1.80221173,-0.00010830,0.006010
2,165,0.00516500,0.68180131,1.80278517,1.76075190,0.04214171,1.80289361,-0.00010845,0.006015
2,166,0.00516600,0.68191960,1.80346703,1.76139830,0.04217723,1.80357553,-0.00010850,0.006016
2,167,0.00516700,0.68203788,1.80414901,1.76204490,0.04221277,1.80425767,-0.00010866,0.006023
2,168,0.00516800,0.68215615,1.80483110,1.76269150,0.04224834,1.80493984,-0.00010873,0.006025
2,169,0.00516900,0.68227441,1.80551332,1.76333820,0.04228393,1.80562213,-0.00010881,0.006027
2,170,0.00517000,0.68239266,1.80619565,1.76398500,0.04231956,1.80630456,-0.00010891,0.006030
2,171,0.00517100,0.68251089,1.80687810,1.76463190,0.04235521,1.80698711,-0.00010901,0.006033
2,172,0.00517200,0.68262912,1.80756067,1.76527890,0.04239089,1.80766979,-0.00010912,0.006037
2,173,0.00517300,0.68274733,1.80824336,1.76592600,0.04242660,1.80835260,-0.00010924,0.006041
2,174,0.00517400,0.68286554,1.80892617,1.76657310,0.04246234,1.80903544,-0.00010927,0.006041
2,175,0.00517500,0.68298373,1.80960909,1.76722040,0.04249811,1.80971851,-0.00010942,0.006046
2,176,0.00517600,0.68310191,1.81029214,1.76786770,0.04253391,1.81040161,-0.00010947,0.006047
2,177,0.00517700,0.68322008,1.81097530,1.76851520,0.04256973,1.81108493,-0.00010963,0.006054
2,178,0.00517800,0.68333824,1.81165858,1.76916270,0.04260558,1.81176828,-0.00010971,0.006056
2,179,0.00517900,0.68345639,1.81234197,1.76981030,0.04264146,1.81245176,-0.00010979,0.006058
2,180,0.00518000,0.68357453,1.81302549,1.77045800,0.04267737,1.81313537,-0.00010988,0.006061
2,181,0.00518100,0.68369266,1.81370912,1.77110580,0.04271331,1.81381911,-0.00010999,0.006064
2,182,0.00518200,0.68381077,1.81439287,1.77175370,0.04274928,1.81450298,-0.00011010,0.006068
2,183,0.00518300,0.68392888,1.81507674,1.77240170,0.04278527,1.81518697,-0.00011023,0.006073
2,184,0.00518400,0.68404697,1.81576073,1.77304970,0.04282130,1.81587100,-0.00011026,0.006073
2,185,0.00518500,0.68416505,1.81644484,1.77369790,0.04285735,1.81655525,-0.00011041,0.006078
2,186,0.00518600,0.68428313,1.81712906,1.77434610,0.04289343,1.81723953,-0.00011047,0.006079
2,187,0.00518700,0.68440119,1.81781340,1.77499450,0.04292954,1.81792404,-0.00011064,0.006086
2,188,0.00518800,0.68451924,1.81849786,1.77564290,0.04296568,1.81860858,-0.00011072,0.006088
2,189,0.00518900,0.68463727,1.81918244,1.77629140,0.04300185,1.81929325,-0.00011081,0.006091
2,190,0.00519000,0.68475530,1.81986714,1.77694000,0.04303805,1.81997805,-0.00011091,0.006094
2,191,0.00519100,0.68487332,1.82055195,1.77758870,0.04307427,1.82066297,-0.00011102,0.006098
2,192,0.00519200,0.68499132,1.82123689,1.77823750,0.04311053,1.82134803,-0.00011114,0.006103
2,193,0.00519300,0.68510932,1.82192194,1.77888630,0.04314681,1.82203311,-0.00011118,0.006102
2,194,0.00519400,0.68522730,1.82260710,1.77953530,0.04318312,1.82271843,-0.00011132,0.006108
2,195,0.00519500,0.68534527,1.82329239,1.78018430,0.04321947,1.82340377,-0.00011138,0.006109
2,196,0.00519600,0.68546323,1.82397779,1.78083350,0.04325584,1.82408934,-0.00011154,0.006115
2,197,0.00519700,0.68558118,1.82466332,1.78148270,0.04329224,1.82477494,-0.00011162,0.006117
2,198,0.00519800,0.68569912,1.82534896,1.78213200,0.04332867,1.82546067,-0.00011171,0.006120
2,199,0.00519900,0.68581704,1.82603472,1.78278140,0.04336513,1.82614653,-0.00011181,0.006123
2,200,0.00520000,0.68593496,1.82672059,1.78343090,0.04340162,1.82683252,-0.00011193,0.006127
2,201,0.00520100,0.68605286,1.82740659,1.78408050,0.04343814,1.82751863,-0.00011205,0.006132
2,202,0.00520200,0.68617076,1.82809270,1.78473010,0.04347468,1.82820478,-0.00011208,0.006131
2,203,0.00520300,0.68628864,1.82877893,1.78537990,0.04351126,1.82889116,-0.00011223,0.006137
2,204,0.00520400,0.68640651,1.82946527,1.78602970,0.04354786,1.82957757,-0.00011229,0.006138
2,205,0.00520500,0.68652437,1.83015174,1.78667970,0.04358450,1.83026420,-0.00011246,0.006145
2,206,0.00520600,0.68664221,1.83083832,1.78732970,0.04362117,1.83095087,-0.00011254,0.006147
2,207,0.00520700,0.68676005,1.83152502,1.78797980,0.04365786,1.83163766,-0.00011264,0.006150
2,208,0.00520800,0.68687788,1.83221184,1.78863000,0.04369459,1.83232458,-0.00011274,0.006153
2,209,0.00520900,0.68699569,1.83289878,1.78928030,0.04373134,1.83301164,-0.00011286,0.006157
2,210,0.00521000,0.68711349,1.83358583,1.78993060,0.04376812,1.83369872,-0.00011289,0.006157
2,211,0.00521100,0.68723128,1.83427301,1.79058110,0.04380494,1.83438604,-0.00011303,0.006162
2,212,0.00521200,0.68734906,1.83496030,1.79123160,0.04384178,1.83507338,-0.00011308,0.006163
2,213,0.00521300,0.68746683,1.83564771,1.79188230,0.04387865,1.83576095,-0.00011325,0.006169
2,214,0.00521400,0.68758459,1.83633523,1.79253300,0.04391556,1.83644856,-0.00011333,0.006171
2,215,0.00521500,0.68770233,1.83702287,1.79318380,0.04395249,1.83713629,-0.00011341,0.006174
2,216,0.00521600,0.68782007,1.83771064,1.79383470,0.04398945,1.83782415,-0.00011352,0.006177
2,217,0.00521700,0.68793779,1.83839851,1.79448570,0.04402644,1.83851214,-0.00011363,0.006181
2,218,0.00521800,0.68805550,1.83908651,1.79513680,0.04406347,1.83920027,-0.00011376,0.006185
2,219,0.00521900,0.68817320,1.83977463,1.79578800,0.04410052,1.83988852,-0.00011389,0.006191
2,220,0.00522000,0.68829089,1.84046286,1.79643920,0.04413760,1.84057680,-0.00011395,0.006191
2,221,0.00522100,0.68840856,1.84115121,1.79709050,0.04417472,1.84126522,-0.00011401,0.006192
2,222,0.00522200,0.68852623,1.84183967,1.79774200,0.04421186,1.84195386,-0.00011418,0.006199
2,223,0.00522300,0.68864388,1.84252826,1.79839350,0.04424903,1.84264253,-0.00011427,0.006202
2,224,0.00522400,0.68876152,1.84321696,1.79904510,0.04428624,1.84333134,-0.00011437,0.006205
2,225,0.00522500,0.68887915,1.84390578,1.79969680,0.04432347,1.84402027,-0.00011449,0.006209
2,226,0.00522600,0.68899677,1.84459472,1.80034860,0.04436073,1.84470933,-0.00011461,0.006214
2,227,0.00522700,0.68911438,1.84528378,1.80100040,0.04439803,1.84539843,-0.00011465,0.006213
2,228,0.00522800,0.68923197,1.84597295,1.80165240,0.04443536,1.84608776,-0.00011481,0.006219
2,229,0.00522900,0.68934956,1.84666224,1.80230440,0.04447271,1.84677711,-0.00011487,0.006220
2,230,0.00523000,0.68946713,1.84735165,1.80295650,0.04451010,1.84746660,-0.00011495,0.006222
2,231,0.00523100,0.68958469,1.84804117,1.80360870,0.04454751,1.84815621,-0.00011504,0.006225
2,232,0.00523200,0.68970224,1.84873082,1.80426100,0.04458496,1.84884596,-0.00011514,0.006228
2,233,0.00523300,0.68981978,1.84942058,1.80491340,0.04462244,1.84953584,-0.00011526,0.006232
2,234,0.00523400,0.68993730,1.85011046,1.80556590,0.04465995,1.85022585,-0.00011539,0.006237
2,235,0.00523500,0.69005481,1.85080045,1.80621850,0.04469749,1.85091599,-0.00011553,0.006242
2,236,0.00523600,0.69017232,1.85149057,1.80687110,0.04473506,1.85160616,-0.00011559,0.006243
2,237,0.00523700,0.69028981,1.85218080,1.80752380,0.04477266,1.85229646,-0.00011566,0.006245
2,238,0.00523800,0.69040728,1.85287115,1.80817670,0.04481029,1.85298699,-0.00011584,0.006252
2,239,0.00523900,0.69052475,1.85356161,1.80882960,0.04484795,1.85367755,-0.00011594,0.006255
2,240,0.00524000,0.69064221,1.85425220,1.80948260,0.04488565,1.85436825,-0.00011605,0.006259
2,241,0.00524100,0.69075965,1.85494290,1.81013560,0.04492337,1.85505897,-0.00011608,0.006258
2,242,0.00524200,0.69087708,1.85563372,1.81078880,0.04496113,1.85574993,-0.00011621,0.006263
2,243,0.00524300,0.69099450,1.85632465,1.81144210,0.04499892,1.85644102,-0.00011636,0.006269
2,244,0.00524400,0.69111191,1.85701570,1.81209540,0.04503673,1.85713213,-0.00011643,0.006270
2,245,0.00524500,0.69122930,1.85770687,1.81274880,0.04507458,1.85782338,-0.00011651,0.006272
2,246,0.00524600,0.69134669,1.85839816,1.81340230,0.04511246,1.85851476,-0.00011660,0.006274
2,247,0.00524700,0.69146406,1.85908957,1.81405590,0.04515037,1.85920628,-0.00011671,0.006278
2,248,0.00524800,0.69158142,1.85978109,1.81470960,0.04518832,1.85989792,-0.00011683,0.006282
2,249,0.00524900,0.69169877,1.86047273,1.81536340,0.04522629,1.86058969,-0.00011696,0.006287
2,250,0.00525000,0.69181610,1.86116449,1.81601730,0.04526430,1.86128160,-0.00011711,0.006292
2,251,0.00525100,0.69193343,1.86185636,1.81667120,0.04530234,1.86197354,-0.00011717,0.006293
2,252,0.00525200,0.69205074,1.86254836,1.81732520,0.04534041,1.86266560,-0.00011725,0.006295
2,253,0.00525300,0.69216804,1.86324046,1.81797930,0.04537850,1.86335780,-0.00011734,0.006298
2,254,0.00525400,0.69228533,1.86393269,1.81863350,0.04541664,1.86405014,-0.00011745,0.006301
2,255,0.00525500,0.69240260,1.86462504,1.81928780,0.04545480,1.86474260,-0.00011756,0.006305
2,256,0.00525600,0.69251987,1.86531750,1.81994220,0.04549300,1.86543520,-0.00011770,0.006310
2,257,0.00525700,0.69263712,1.86601008,1.82059670,0.04553122,1.86612792,-0.00011785,0.006315
2,258,0.00525800,0.69275436,1.86670277,1.82125120,0.04556948,1.86682068,-0.00011791,0.006316
2,259,0.00525900,0.69287159,1.86739558,1.82190580,0.04560777,1.86751357,-0.00011799,0.006318
2,260,0.00526000,0.69298881,1.86808851,1.82256050,0.04564609,1.86820659,-0.00011808,0.006321
2,261,0.00526100,0.69310601,1.86878156,1.82321530,0.04568445,1.86889975,-0.00011819,0.006324
2,262,0.00526200,0.69322320,1.86947473,1.82387020,0.04572283,1.86959303,-0.00011831,0.006328
2,263,0.00526300,0.69334038,1.87016801,1.82452520,0.04576125,1.87028645,-0.00011845,0.006333
2,264,0.00526400,0.69345755,1.87086141,1.82518030,0.04579970,1.87098000,-0.00011860,0.006339
2,265,0.00526500,0.69357470,1.87155492,1.82583540,0.04583819,1.87167358,-0.00011866,0.006340
2,266,0.00526600,0.69369185,1.87224856,1.82649060,0.04587670,1.87236730,-0.00011874,0.006342
2,267,0.00526700,0.69380898,1.87294231,1.82714590,0.04591525,1.87306115,-0.00011884,0.006345
2,268,0.00526800,0.69392610,1.87363617,1.82780130,0.04595383,1.87375513,-0.00011895,0.006349
2,269,0.00526900,0.69404320,1.87433016,1.82845680,0.04599244,1.87444924,-0.00011908,0.006353
2,270,0.00527000,0.69416030,1.87502426,1.82911240,0.04603108,1.87514348,-0.00011922,0.006358
2,271,0.00527100,0.69427738,1.87571848,1.82976800,0.04606976,1.87583776,-0.00011928,0.006359
2,272,0.00527200,0.69439445,1.87641282,1.83042380,0.04610847,1.87653227,-0.00011945,0.006366
2,273,0.00527300,0.69451151,1.87710727,1.83107960,0.04614721,1.87722681,-0.00011954,0.006368
2,274,0.00527400,0.69462855,1.87780184,1.83173550,0.04618598,1.87792148,-0.00011964,0.006371
2,275,0.00527500,0.69474558,1.87849653,1.83239150,0.04622478,1.87861628,-0.00011976,0.006375
2,276,0.00527600,0.69486261,1.87919133,1.83304750,0.04626362,1.87931112,-0.00011979,0.006375
2,277,0.00527700,0.69497961,1.87988625,1.83370370,0.04630249,1.88000619,-0.00011994,0.006380
2,278,0.00527800,0.69509661,1.88058129,1.83435990,0.04634140,1.88070130,-0.00012001,0.006382
2,279,0.00527900,0.69521359,1.88127644,1.83501630,0.04638034,1.88139664,-0.00012019,0.006389
2,280,0.00528000,0.69533056,1.88197172,1.83567270,0.04641931,1.88209201,-0.00012029,0.006392
2,281,0.00528100,0.69544752,1.88266711,1.83632920,0.04645831,1.88278751,-0.00012040,0.006395
2,282,0.00528200,0.69556447,1.88336261,1.83698570,0.04649735,1.88348304,-0.00012043,0.006395
2,283,0.00528300,0.69568140,1.88405823,1.83764240,0.04653641,1.88417881,-0.00012058,0.006400
2,284,0.00528400,0.69579832,1.88475397,1.83829920,0.04657552,1.88487471,-0.00012074,0.006406
2,285,0.00528500,0.69591523,1.88544983,1.83895600,0.04661465,1.88557065,-0.00012082,0.006408
2,286,0.00528600,0.69603213,1.88614580,1.83961290,0.04665382,1.88626672,-0.00012091,0.006411
2,287,0.00528700,0.69614901,1.88684189,1.84026990,0.04669302,1.88696292,-0.00012102,0.006414
2,288,0.00528800,0.69626588,1.88753810,1.84092700,0.04673225,1.88765925,-0.00012115,0.006418
2,289,0.00528900,0.69638274,1.88823443,1.84158410,0.04677152,1.88835562,-0.00012119,0.006418
2,290,0.00529000,0.69649959,1.88893087,1.84224140,0.04681082,1.88905222,-0.00012135,0.006424
2,291,0.00529100,0.69661642,1.88962743,1.84289870,0.04685016,1.88974886,-0.00012143,0.006426
2,292,0.00529200,0.69673324,1.89032410,1.84355610,0.04688952,1.89044562,-0.00012152,0.006429
2,293,0.00529300,0.69685005,1.89102089,1.84421360,0.04692893,1.89114253,-0.00012163,0.006432
2,294,0.00529400,0.69696684,1.89171780,1.84487120,0.04696836,1.89183956,-0.00012176,0.006436
2,295,0.00529500,0.69708363,1.89241483,1.84552890,0.04700783,1.89253673,-0.00012190,0.006442
2,296,0.00529600,0.69720040,1.89311197,1.84618660,0.04704733,1.89323393,-0.00012196,0.006443
2,297,0.00529700,0.69731715,1.89380923,1.84684450,0.04708687,1.89393137,-0.00012214,0.006450
2,298,0.00529800,0.69743390,1.89450660,1.84750240,0.04712644,1.89462884,-0.00012223,0.006452
2,299,0.00529900,0.69755063,1.89520409,1.84816040,0.04716604,1.89532644,-0.00012235,0.006456
2,300,0.00530000,0.69766735,1.89590170,1.84881850,0.04720568,1.89602418,-0.00012248,0.006460
2,301,0.00530100,0.69778406,1.89659943,1.84947660,0.04724535,1.89672195,-0.00012252,0.006460
2,302,0.00530200,0.69790075,1.89729727,1.85013490,0.04728506,1.89741996,-0.00012268,0.006466
2,303,0.00530300,0.69801743,1.89799523,1.85079320,0.04732480,1.89811800,-0.00012277,0.006468
2,304,0.00530400,0.69813410,1.89869331,1.85145160,0.04736457,1.89881617,-0.00012286,0.006471
2,305,0.00530500,0.69825075,1.89939150,1.85211010,0.04740438,1.89951448,-0.00012298,0.006475
2,306,0.00530600,0.69836740,1.90008981,1.85276870,0.04744422,1.90021292,-0.00012311,0.006479
2,307,0.00530700,0.69848403,1.90078823,1.85342730,0.04748410,1.90091140,-0.00012316,0.006480
2,308,0.00530800,0.69860064,1.90148678,1.85408610,0.04752401,1.90161011,-0.00012333,0.006486
2,309,0.00530900,0.69871725,1.90218543,1.85474490,0.04756395,1.90230885,-0.00012342,0.006488
2,310,0.00531000,0.69883384,1.90288421,1.85540380,0.04760393,1.90300773,-0.00012352,0.006491
2,311,0.00531100,0.69895041,1.90358310,1.85606280,0.04764395,1.90370675,-0.00012364,0.006495
2,312,0.00531200,0.69906698,1.90428211,1.85672190,0.04768399,1.90440590,-0.00012378,0.006500
2,313,0.00531300,0.69918353,1.90498124,1.85738100,0.04772408,1.90510508,-0.00012384,0.006501
2,314,0.00531400,0.69930007,1.90568048,1.85804030,0.04776420,1.90580450,-0.00012402,0.006508
2,315,0.00531500,0.69941659,1.90637984,1.85869960,0.04780435,1.90650395,-0.00012411,0.006510
2,316,0.00531600,0.69953311,1.90707931,1.85935900,0.04784454,1.90720354,-0.00012423,0.006514
2,317,0.00531700,0.69964960,1.90777890,1.86001850,0.04788476,1.90790326,-0.00012436,0.006518
2,318,0.00531800,0.69976609,1.90847861,1.86067800,0.04792502,1.90860302,-0.00012441,0.006519
2,319,0.00531900,0.69988256,1.90917844,1.86133770,0.04796531,1.90930301,-0.00012457,0.006525
2,320,0.00532000,0.69999902,1.90987838,1.86199740,0.04800564,1.91000304,-0.00012466,0.006527
2,321,0.00532100,0.70011547,1.91057843,1.86265720,0.04804600,1.91070320,-0.00012477,0.006530
2,322,0.00532200,0.70023190,1.91127861,1.86331710,0.04808640,1.91140350,-0.00012489,0.006534
2,323,0.00532300,0.70034832,1.91197890,1.86397710,0.04812683,1.91210393,-0.00012503,0.006540
2,324,0.00532400,0.70046473,1.91267930,1.86463710,0.04816730,1.91280440,-0.00012510,0.006540
2,325,0.00532500,0.70058113,1.91337983,1.86529720,0.04820780,1.91350500,-0.00012518,0.006542
2,326,0.00532600,0.70069751,1.91408047,1.86595740,0.04824834,1.91420574,-0.00012528,0.006545
2,327,0.00532700,0.70081387,1.91478122,1.86661770,0.04828892,1.91490662,-0.00012539,0.006549
2,328,0.00532800,0.70093023,1.91548209,1.86727810,0.04832953,1.91560763,-0.00012553,0.006554
2,329,0.00532900,0.70104657,1.91618308,1.86793860,0.04837017,1.91630877,-0.00012569,0.006559
2,330,0.00533000,0.70116290,1.91688419,1.86859910,0.04841085,1.91700995,-0.00012577,0.006561
2,331,0.00533100,0.70127921,1.91758541,1.86925970,0.04845157,1.91771127,-0.00012586,0.006564
2,332,0.00533200,0.70139551,1.91828674,1.86992040,0.04849232,1.91841272,-0.00012598,0.006567
2,333,0.00533300,0.70151180,1.91898820,1.87058120,0.04853311,1.91911431,-0.00012611,0.006572
2,334,0.00533400,0.70162807,1.91968977,1.87124210,0.04857394,1.91981604,-0.00012627,0.006578
2,335,0.00533500,0.70174433,1.92039145,1.87190300,0.04861480,1.92051780,-0.00012634,0.006579
2,336,0.00533600,0.70186058,1.92109326,1.87256400,0.04865569,1.92121969,-0.00012644,0.006582
2,337,0.00533700,0.70197681,1.92179518,1.87322510,0.04869663,1.92192173,-0.00012655,0.006585
2,338,0.00533800,0.70209303,1.92249721,1.87388630,0.04873760,1.92262390,-0.00012668,0.006590
2,339,0.00533900,0.70220924,1.92319936,1.87454750,0.04877860,1.92332610,-0.00012674,0.006590
2,340,0.00534000,0.70232543,1.92390163,1.87520890,0.04881964,1.92402854,-0.00012691,0.006597
2,341,0.00534100,0.70244161,1.92460401,1.87587030,0.04886072,1.92473102,-0.00012701,0.006599
2,342,0.00534200,0.70255777,1.92530651,1.87653180,0.04890183,1.92543363,-0.00012712,0.006603
2,343,0.00534300,0.70267393,1.92600913,1.87719340,0.04894299,1.92613638,-0.00012726,0.006607
2,344,0.00534400,0.70279006,1.92671186,1.87785500,0.04898417,1.92683917,-0.00012731,0.006608
2,345,0.00534500,0.70290619,1.92741471,1.87851680,0.04902540,1.92754220,-0.00012749,0.006614
2,346,0.00534600,0.70302230,1.92811767,1.87917860,0.04906666,1.92824526,-0.00012758,0.006617
2,347,0.00534700,0.70313840,1.92882075,1.87984050,0.04910795,1.92894845,-0.00012770,0.006621
2,348,0.00534800,0.70325448,1.92952395,1.88050250,0.04914929,1.92965179,-0.00012784,0.006625
2,349,0.00534900,0.70337055,1.93022726,1.88116450,0.04919066,1.93035516,-0.00012790,0.006626
2,350,0.00535000,0.70348661,1.93093069,1.88182670,0.04923207,1.93105877,-0.00012808,0.006633
2,351,0.00535100,0.70360265,1.93163424,1.88248890,0.04927351,1.93176241,-0.00012818,0.006636
2,352,0.00535200,0.70371868,1.93233790,1.88315120,0.04931500,1.93246620,-0.00012830,0.006640
2,353,0.00535300,0.70383469,1.93304167,1.88381350,0.04935651,1.93317001,-0.00012834,0.006639
2,354,0.00535400,0.70395069,1.93374557,1.88447600,0.04939807,1.93387407,-0.00012851,0.006645
2,355,0.00535500,0.70406668,1.93444957,1.88513850,0.04943967,1.93457816,-0.00012859,0.006647
2,356,0.00535600,0.70418265,1.93515370,1.88580110,0.04948130,1.93528240,-0.00012870,0.006650
2,357,0.00535700,0.70429861,1.93585794,1.88646380,0.04952296,1.93598676,-0.00012883,0.006655
2,358,0.00535800,0.70441455,1.93656230,1.88712660,0.04956467,1.93669127,-0.00012898,0.006660
2,359,0.00535900,0.70453048,1.93726677,1.88778940,0.04960642,1.93739582,-0.00012905,0.006661
2,360,0.00536000,0.70464640,1.93797136,1.88845230,0.04964820,1.93810050,-0.00012914,0.006664
2,361,0.00536100,0.70476230,1.93867606,1.88911530,0.04969002,1.93880532,-0.00012925,0.006667
2,362,0.00536200,0.70487819,1.93938088,1.88977840,0.04973187,1.93951027,-0.00012939,0.006672
2,363,0.00536300,0.70499407,1.94008582,1.89044160,0.04977377,1.94021537,-0.00012955,0.006678
2,364,0.00536400,0.70510993,1.94079087,1.89110480,0.04981570,1.94092050,-0.00012963,0.006679
2,365,0.00536500,0.70522577,1.94149604,1.89176810,0.04985767,1.94162577,-0.00012974,0.006682
2,366,0.00536600,0.70534160,1.94220132,1.89243150,0.04989968,1.94233118,-0.00012986,0.006686
2,367,0.00536700,0.70545742,1.94290672,1.89309500,0.04994173,1.94303673,-0.00013001,0.006691
2,368,0.00536800,0.70557323,1.94361224,1.89375850,0.04998381,1.94374231,-0.00013008,0.006693
2,369,0.00536900,0.70568902,1.94431787,1.89442210,0.05002594,1.94444804,-0.00013017,0.006695
2,370,0.00537000,0.70580479,1.94502361,1.89508580,0.05006810,1.94515390,-0.00013029,0.006698
2,371,0.00537100,0.70592055,1.94572948,1.89574960,0.05011030,1.94585990,-0.00013042,0.006703
2,372,0.00537200,0.70603630,1.94643546,1.89641350,0.05015254,1.94656604,-0.00013058,0.006709
2,373,0.00537300,0.70615203,1.94714155,1.89707740,0.05019482,1.94727222,-0.00013067,0.006711
2,374,0.00537400,0.70626775,1.94784776,1.89774140,0.05023714,1.94797853,-0.00013078,0.006714
2,375,0.00537500,0.70638345,1.94855408,1.89840550,0.05027949,1.94868499,-0.00013091,0.006718
2,376,0.00537600,0.70649914,1.94926053,1.89906970,0.05032188,1.94939158,-0.00013106,0.006723
2,377,0.00537700,0.70661481,1.94996708,1.89973390,0.05036432,1.95009822,-0.00013113,0.006725
2,378,0.00537800,0.70673047,1.95067376,1.90039820,0.05040679,1.95080499,-0.00013123,0.006728
2,379,0.00537900,0.70684612,1.95138054,1.90106260,0.05044930,1.95151190,-0.00013136,0.006731
2,380,0.00538000,0.70696175,1.95208745,1.90172710,0.05049185,1.95221895,-0.00013150,0.006737
2,381,0.00538100,0.70707737,1.95279447,1.90239160,0.05053444,1.95292604,-0.00013157,0.006738
2,382,0.00538200,0.70719297,1.95350160,1.90305630,0.05057707,1.95363337,-0.00013177,0.006745
2,383,0.00538300,0.70730856,1.95420885,1.90372100,0.05061974,1.95434074,-0.00013188,0.006749
2,384,0.00538400,0.70742413,1.95491622,1.90438570,0.05066245,1.95504815,-0.00013193,0.006748
2,385,0.00538500,0.70753969,1.95562370,1.90505060,0.05070519,1.95575579,-0.00013209,0.006754
2,386,0.00538600,0.70765523,1.95633130,1.90571550,0.05074798,1.95646348,-0.00013218,0.006757
2,387,0.00538700,0.70777076,1.95703901,1.90638050,0.05079081,1.95717131,-0.00013229,0.006760
2,388,0.00538800,0.70788627,1.95774684,1.90704560,0.05083367,1.95787927,-0.00013243,0.006765
2,389,0.00538900,0.70800177,1.95845478,1.90771080,0.05087658,1.95858738,-0.00013260,0.006770
2,390,0.00539000,0.70811726,1.95916284,1.90837600,0.05091953,1.95929553,-0.00013268,0.006772
2,391,0.00539100,0.70823273,1.95987102,1.90904130,0.05096251,1.96000381,-0.00013279,0.006776
2,392,0.00539200,0.70834818,1.96057931,1.90970670,0.05100554,1.96071224,-0.00013293,0.006780
2,393,0.00539300,0.70846362,1.96128772,1.91037210,0.05104861,1.96142071,-0.00013299,0.006781
2,394,0.00539400,0.70857904,1.96199624,1.91103770,0.05109171,1.96212941,-0.00013318,0.006788
2,395,0.00539500,0.70869445,1.96270487,1.91170330,0.05113486,1.96283816,-0.00013329,0.006791
2,396,0.00539600,0.70880985,1.96341363,1.91236900,0.05117805,1.96354705,-0.00013342,0.006795
2,397,0.00539700,0.70892523,1.96412249,1.91303470,0.05122128,1.96425598,-0.00013348,0.006796
2,398,0.00539800,0.70904059,1.96483148,1.91370050,0.05126455,1.96496505,-0.00013357,0.006798
2,399,0.00539900,0.70915594,1.96554057,1.91436640,0.05130786,1.96567426,-0.00013368,0.006801
2,400,0.00540000,0.70927128,1.96624979,1.91503240,0.05135121,1.96638361,-0.00013382,0.006806
2,401,0.00540100,0.70938660,1.96695912,1.91569850,0.05139460,1.96709310,-0.00013398,0.006812
2,402,0.00540200,0.70950190,1.96766856,1.91636460,0.05143803,1.96780263,-0.00013407,0.006814
2,403,0.00540300,0.70961719,1.96837812,1.91703080,0.05148150,1.96851230,-0.00013418,0.006817
2,404,0.00540400,0.70973246,1.96908780,1.91769710,0.05152502,1.96922212,-0.00013432,0.006822
2,405,0.00540500,0.70984772,1.96979759,1.91836350,0.05156858,1.96993208,-0.00013449,0.006828
2,406,0.00540600,0.70996297,1.97050749,1.91902990,0.05161217,1.97064207,-0.00013458,0.006830
2,407,0.00540700,0.71007820,1.97121751,1.91969640,0.05165581,1.97135221,-0.00013470,0.006833
2,408,0.00540800,0.71019341,1.97192765,1.92036300,0.05169949,1.97206249,-0.00013485,0.006838
2,409,0.00540900,0.71030861,1.97263790,1.92102960,0.05174321,1.97277281,-0.00013492,0.006839
2,410,0.00541000,0.71042379,1.97334826,1.92169630,0.05178698,1.97348328,-0.00013501,0.006842
2,411,0.00541100,0.71053895,1.97405875,1.92236310,0.05183078,1.97419388,-0.00013514,0.006846
2,412,0.00541200,0.71065411,1.97476934,1.92303000,0.05187463,1.97490463,-0.00013529,0.006851
2,413,0.00541300,0.71076924,1.97548005,1.92369690,0.05191852,1.97561542,-0.00013537,0.006852
2,414,0.00541400,0.71088436,1.97619088,1.92436390,0.05196245,1.97632635,-0.00013547,0.006855
2,415,0.00541500,0.71099947,1.97690182,1.92503100,0.05200643,1.97703743,-0.00013560,0.006859
2,416,0.00541600,0.71111455,1.97761288,1.92569820,0.05205044,1.97774864,-0.00013576,0.006865
2,417,0.00541700,0.71122963,1.97832405,1.92636540,0.05209450,1.97845990,-0.00013585,0.006867
2,418,0.00541800,0.71134469,1.97903534,1.92703270,0.05213860,1.97917130,-0.00013596,0.006870
2,419,0.00541900,0.71145973,1.97974674,1.92770010,0.05218275,1.97988285,-0.00013610,0.006875
2,420,0.00542000,0.71157475,1.98045826,1.92836760,0.05222693,1.98059453,-0.00013627,0.006881
2,421,0.00542100,0.71168977,1.98116989,1.92903510,0.05227116,1.98130626,-0.00013637,0.006883
2,422,0.00542200,0.71180476,1.98188164,1.92970270,0.05231543,1.98201813,-0.00013649,0.006887
2,423,0.00542300,0.71191974,1.98259350,1.93037040,0.05235975,1.98273015,-0.00013665,0.006892
2,424,0.00542400,0.71203470,1.98330548,1.93103810,0.05240411,1.98344221,-0.00013673,0.006894
2,425,0.00542500,0.71214965,1.98401757,1.93170590,0.05244851,1.98415441,-0.00013684,0.006897
2,426,0.00542600,0.71226458,1.98472978,1.93237380,0.05249295,1.98486675,-0.00013697,0.006901
2,427,0.00542700,0.71237950,1.98544210,1.93304170,0.05253744,1.98557914,-0.00013704,0.006902
2,428,0.00542800,0.71249440,1.98615454,1.93370980,0.05258197,1.98629177,-0.00013723,0.006909
2,429,0.00542900,0.71260928,1.98686709,1.93437790,0.05262654,1.98700444,-0.00013736,0.006913
2,430,0.00543000,0.71272415,1.98757975,1.93504600,0.05267116,1.98771716,-0.00013741,0.006913
2,431,0.00543100,0.71283900,1.98829254,1.93571430,0.05271582,1.98843012,-0.00013759,0.006920
2,432,0.00543200,0.71295383,1.98900543,1.93638260,0.05276053,1.98914313,-0.00013770,0.006923
2,433,0.00543300,0.71306865,1.98971844,1.93705100,0.05280528,1.98985628,-0.00013784,0.006927
2,434,0.00543400,0.71318346,1.99043157,1.93771940,0.05285007,1.99056947,-0.00013790,0.006928
2,435,0.00543500,0.71329824,1.99114481,1.93838800,0.05289491,1.99128291,-0.00013810,0.006936
2,436,0.00543600,0.71341301,1.99185817,1.93905650,0.05293979,1.99199629,-0.00013813,0.006935
2,437,0.00543700,0.71352777,1.99257164,1.93972520,0.05298472,1.99270992,-0.00013828,0.006940
2,438,0.00543800,0.71364251,1.99328522,1.94039390,0.05302969,1.99342359,-0.00013837,0.006942
2,439,0.00543900,0.71375723,1.99399892,1.94106280,0.05307471,1.99413751,-0.00013859,0.006950
2,440,0.00544000,0.71387193,1.99471274,1.94173160,0.05311977,1.99485137,-0.00013863,0.006950
2,441,0.00544100,0.71398662,1.99542667,1.94240060,0.05316487,1.99556547,-0.00013881,0.006956
2,442,0.00544200,0.71410129,1.99614071,1.94306960,0.05321002,1.99627962,-0.00013891,0.006959
2,443,0.00544300,0.71421595,1.99685487,1.94373870,0.05325522,1.99699392,-0.00013905,0.006963
2,444,0.00544400,0.71433059,1.99756914,1.94440780,0.05330046,1.99770826,-0.00013912,0.006964
2,445,0.00544500,0.71444521,1.99828353,1.94507710,0.05334574,1.99842284,-0.00013931,0.006972
2,446,0.00544600,0.71455982,1.99899803,1.94574640,0.05339107,1.99913747,-0.00013944,0.006976
2,447,0.00544700,0.71467441,1.99971265,1.94641570,0.05343645,1.99985215,-0.00013950,0.006976
2,448,0.00544800,0.71478898,2.00042738,1.94708520,0.05348187,2.00056707,-0.00013969,0.006983
2,449,0.00544900,0.71490353,2.00114223,1.94775470,0.05352734,2.00128204,-0.00013981,0.006987
2,450,0.00545000,0.71501807,2.00185719,1.94842420,0.05357285,2.00199705,-0.00013987,0.006987
2,451,0.00545100,0.71513260,2.00257226,1.94909390,0.05361841,2.00271231,-0.00014005,0.006994
2,452,0.00545200,0.71524710,2.00328745,1.94976360,0.05366402,2.00342762,-0.00014017,0.006997
2,453,0.00545300,0.71536159,2.00400276,1.95043330,0.05370967,2.00414297,-0.00014021,0.006997
2,454,0.00545400,0.71547606,2.00471818,1.95110320,0.05375537,2.00485857,-0.00014039,0.007003
2,455,0.00545500,0.71559052,2.00543371,1.95177310,0.05380111,2.00557421,-0.00014050,0.007006
2,456,0.00545600,0.71570495,2.00614936,1.95244310,0.05384690,2.00629000,-0.00014065,0.007011
2,457,0.00545700,0.71581937,2.00686512,1.95311310,0.05389274,2.00700584,-0.00014072,0.007012
2,458,0.00545800,0.71593378,2.00758100,1.95378320,0.05393863,2.00772182,-0.00014083,0.007015
2,459,0.00545900,0.71604816,2.00829699,1.95445340,0.05398456,2.00843796,-0.00014097,0.007019
2,460,0.00546000,0.71616253,2.00901309,1.95512370,0.05403053,2.00915423,-0.00014114,0.007025
2,461,0.00546100,0.71627688,2.00972931,1.95579400,0.05407656,2.00987056,-0.00014125,0.007028
2,462,0.00546200,0.71639122,2.01044565,1.95646440,0.05412263,2.01058703,-0.00014139,0.007033
2,463,0.00546300,0.71650553,2.01116209,1.95713480,0.05416875,2.01130355,-0.00014146,0.007034
2,464,0.00546400,0.71661983,2.01187866,1.95780540,0.05421492,2.01202032,-0.00014166,0.007041
2,465,0.00546500,0.71673412,2.01259533,1.95847590,0.05426113,2.01273703,-0.00014170,0.007041
2,466,0.00546600,0.71684838,2.01331213,1.95914660,0.05430740,2.01345400,-0.00014187,0.007047
2,467,0.00546700,0.71696263,2.01402903,1.95981730,0.05435371,2.01417101,-0.00014198,0.007049
2,468,0.00546800,0.71707686,2.01474605,1.96048810,0.05440007,2.01488817,-0.00014212,0.007054
2,469,0.00546900,0.71719107,2.01546318,1.96115900,0.05444647,2.01560547,-0.00014229,0.007060
2,470,0.00547000,0.71730527,2.01618043,1.96182990,0.05449293,2.01632283,-0.00014240,0.007063
2,471,0.00547100,0.71741944,2.01689779,1.96250090,0.05453943,2.01704033,-0.00014254,0.007067
2,472,0.00547200,0.71753360,2.01761527,1.96317190,0.05458598,2.01775788,-0.00014261,0.007068
2,473,0.00547300,0.71764774,2.01833286,1.96384300,0.05463258,2.01847558,-0.00014272,0.007071
2,474,0.00547400,0.71776187,2.01905057,1.96451420,0.05467923,2.01919343,-0.00014287,0.007076
2,475,0.00547500,0.71787597,2.01976839,1.96518540,0.05472593,2.01991133,-0.00014295,0.007077
2,476,0.00547600,0.71799006,2.02048632,1.96585680,0.05477268,2.02062948,-0.00014316,0.007085
2,477,0.00547700,0.71810413,2.02120437,1.96652810,0.05481947,2.02134758,-0.00014321,0.007085
2,478,0.00547800,0.71821818,2.02192253,1.96719960,0.05486632,2.02206592,-0.00014339,0.007092
2,479,0.00547900,0.71833222,2.02264080,1.96787110,0.05491322,2.02278432,-0.00014351,0.007095
2,480,0.00548000,0.71844623,2.02335919,1.96854270,0.05496016,2.02350286,-0.00014367,0.007101
2,481,0.00548100,0.71856023,2.02407769,1.96921430,0.05500716,2.02422146,-0.00014376,0.007103
2,482,0.00548200,0.71867421,2.02479631,1.96988600,0.05505420,2.02494020,-0.00014389,0.007106
2,483,0.00548300,0.71878817,2.02551504,1.97055770,0.05510130,2.02565900,-0.00014395,0.007107
2,484,0.00548400,0.71890212,2.02623389,1.97122960,0.05514844,2.02637804,-0.00014415,0.007114
2,485,0.00548500,0.71901604,2.02695285,1.97190150,0.05519564,2.02709714,-0.00014429,0.007119
2,486,0.00548600,0.71912995,2.02767192,1.97257340,0.05524288,2.02781628,-0.00014436,0.007120
2,487,0.00548700,0.71924384,2.02839111,1.97324540,0.05529018,2.02853558,-0.00014447,0.007122
2,488,0.00548800,0.71935771,2.02911041,1.97391750,0.05533752,2.02925503,-0.00014462,0.007127
2,489,0.00548900,0.71947156,2.02982982,1.97458970,0.05538492,2.02997462,-0.00014480,0.007134
2,490,0.00549000,0.71958539,2.03054935,1.97526190,0.05543237,2.03069427,-0.00014492,0.007137
2,491,0.00549100,0.71969920,2.03126899,1.97593410,0.05547987,2.03141397,-0.00014498,0.007137
2,492,0.00549200,0.71981300,2.03198875,1.97660650,0.05552742,2.03213392,-0.00014517,0.007144
2,493,0.00549300,0.71992678,2.03270862,1.97727890,0.05557503,2.03285393,-0.00014531,0.007148
2,494,0.00549400,0.72004053,2.03342860,1.97795130,0.05562268,2.03357398,-0.00014538,0.007149
2,495,0.00549500,0.72015427,2.03414870,1.97862380,0.05567039,2.03429419,-0.00014549,0.007152
2,496,0.00549600,0.72026799,2.03486891,1.97929640,0.05571815,2.03501455,-0.00014563,0.007157
2,497,0.00549700,0.72038169,2.03558924,1.97996910,0.05576596,2.03573506,-0.00014582,0.007164
2,498,0.00549800,0.72049538,2.03630967,1.98064180,0.05581382,2.03645562,-0.00014594,0.007167
2,499,0.00549900,0.72060904,2.03703023,1.98131450,0.05586173,2.03717623,-0.00014601,0.007168
2,500,0.00550000,0.72072268,2.03775089,1.98198730,0.05590970,2.03789700,-0.00014611,0.007170
2,501,0.00550100,0.72083631,2.03847167,1.98266020,0.05595772,2.03861792,-0.00014625,0.007174
2,502,0.00550200,0.72094991,2.03919257,1.98333320,0.05600580,2.03933900,-0.00014643,0.007181
2,503,0.00550300,0.72106350,2.03991357,1.98400620,0.05605392,2.04006012,-0.00014655,0.007184
2,504,0.00550400,0.72117707,2.04063469,1.98467930,0.05610210,2.04078140,-0.00014671,0.007189
2,505,0.00550500,0.72129062,2.04135593,1.98535240,0.05615033,2.04150273,-0.00014681,0.007192
2,506,0.00550600,0.72140414,2.04207727,1.98602560,0.05619862,2.04222422,-0.00014695,0.007196
2,507,0.00550700,0.72151765,2.04279873,1.98669880,0.05624696,2.04294576,-0.00014703,0.007197
2,508,0.00550800,0.72163114,2.04352031,1.98737210,0.05629536,2.04366746,-0.00014715,0.007201
2,509,0.00550900,0.72174461,2.04424200,1.98804550,0.05634381,2.04438931,-0.00014731,0.007206
2,510,0.00551000,0.72185806,2.04496380,1.98871890,0.05639231,2.04511121,-0.00014741,0.007208
2,511,0.00551100,0.72197149,2.04568571,1.98939240,0.05644086,2.04583327,-0.00014755,0.007213
2,512,0.00551200,0.72208490,2.04640774,1.99006600,0.05648948,2.04655548,-0.00014774,0.007219
2,513,0.00551300,0.72219829,2.04712988,1.99073960,0.05653814,2.04727774,-0.00014786,0.007223
2,514,0.00551400,0.72231166,2.04785214,1.99141320,0.05658687,2.04800007,-0.00014793,0.007224
2,515,0.00551500,0.72242501,2.04857451,1.99208690,0.05663564,2.04872254,-0.00014804,0.007226
2,516,0.00551600,0.72253835,2.04929699,1.99276070,0.05668447,2.04944517,-0.00014819,0.007231
2,517,0.00551700,0.72265166,2.05001958,1.99343460,0.05673336,2.05016796,-0.00014838,0.007238
2,518,0.00551800,0.72276495,2.05074229,1.99410840,0.05678231,2.05089071,-0.00014841,0.007237
2,519,0.00551900,0.72287822,2.05146511,1.99478240,0.05683130,2.05161371,-0.00014859,0.007243
2,520,0.00552000,0.72299147,2.05218805,1.99545640,0.05688036,2.05233676,-0.00014871,0.007247
2,521,0.00552100,0.72310470,2.05291110,1.99613050,0.05692947,2.05305997,-0.00014888,0.007252
2,522,0.00552200,0.72321790,2.05363426,1.99680460,0.05697864,2.05378324,-0.00014898,0.007255
2,523,0.00552300,0.72333109,2.05435753,1.99747880,0.05702787,2.05450667,-0.00014913,0.007259
2,524,0.00552400,0.72344426,2.05508092,1.99815300,0.05707715,2.05523015,-0.00014923,0.007261
2,525,0.00552500,0.72355741,2.05580442,1.99882730,0.05712649,2.05595379,-0.00014937,0.007266
2,526,0.00552600,0.72367054,2.05652803,1.99950160,0.05717588,2.05667748,-0.00014945,0.007267
2,527,0.00552700,0.72378364,2.05725176,2.00017610,0.05722533,2.05740144,-0.00014967,0.007275
2,528,0.00552800,0.72389673,2.05797560,2.00085050,0.05727485,2.05812535,-0.00014974,0.007276
2,529,0.00552900,0.72400979,2.05869955,2.00152500,0.05732441,2.05884942,-0.00014986,0.007279
2,530,0.00553000,0.72412283,2.05942362,2.00219960,0.05737404,2.05957364,-0.00015002,0.007285
2,531,0.00553100,0.72423586,2.06014780,2.00287420,0.05742373,2.06029793,-0.00015013,0.007287
2,532,0.00553200,0.72434886,2.06087209,2.00354890,0.05747347,2.06102237,-0.00015028,0.007292
2,533,0.00553300,0.72446184,2.06159650,2.00422360,0.05752327,2.06174687,-0.00015037,0.007294
2,534,0.00553400,0.72457480,2.06232102,2.00489840,0.05757313,2.06247153,-0.00015052,0.007298
2,535,0.00553500,0.72468773,2.06304565,2.00557330,0.05762305,2.06319635,-0.00015070,0.007305
2,536,0.00553600,0.72480065,2.06377039,2.00624820,0.05767303,2.06392123,-0.00015084,0.007309
2,537,0.00553700,0.72491355,2.06449525,2.00692310,0.05772307,2.06464617,-0.00015092,0.007310
2,538,0.00553800,0.72502642,2.06522022,2.00759810,0.05777317,2.06537127,-0.00015105,0.007314
2,539,0.00553900,0.72513927,2.06594530,2.00827320,0.05782333,2.06609653,-0.00015122,0.007320
2,540,0.00554000,0.72525210,2.06667050,2.00894830,0.05787354,2.06682184,-0.00015135,0.007323
2,541,0.00554100,0.72536491,2.06739581,2.00962340,0.05792382,2.06754722,-0.00015142,0.007324
2,542,0.00554200,0.72547769,2.06812123,2.01029860,0.05797416,2.06827276,-0.00015153,0.007327
2,543,0.00554300,0.72559046,2.06884676,2.01097390,0.05802456,2.06899846,-0.00015170,0.007332
2,544,0.00554400,0.72570320,2.06957241,2.01164920,0.05807502,2.06972422,-0.00015181,0.007335
2,545,0.00554500,0.72581592,2.07029817,2.01232460,0.05812554,2.07045014,-0.00015197,0.007341
2,546,0.00554600,0.72592862,2.07102404,2.01300000,0.05817613,2.07117613,-0.00015209,0.007343
2,547,0.00554700,0.72604130,2.07175002,2.01367550,0.05822677,2.07190227,-0.00015224,0.007349
2,548,0.00554800,0.72615395,2.07247612,2.01435100,0.05827748,2.07262848,-0.00015235,0.007351
2,549,0.00554900,0.72626658,2.07320233,2.01502660,0.05832824,2.07335484,-0.00015251,0.007356
2,550,0.00555000,0.72637919,2.07392866,2.01570220,0.05837908,2.07408127,-0.00015262,0.007359
2,551,0.00555100,0.72649178,2.07465509,2.01637790,0.05842997,2.07480787,-0.00015278,0.007364
2,552,0.00555200,0.72660434,2.07538164,2.01705360,0.05848092,2.07553453,-0.00015289,0.007367
2,553,0.00555300,0.72671688,2.07610830,2.01772940,0.05853194,2.07626134,-0.00015304,0.007372
2,554,0.00555400,0.72682940,2.07683507,2.01840520,0.05858303,2.07698823,-0.00015315,0.007374
2,555,0.00555500,0.72694190,2.07756196,2.01908110,0.05863417,2.07771527,-0.00015331,0.007379
2,556,0.00555600,0.72705437,2.07828896,2.01975700,0.05868538,2.07844238,-0.00015343,0.007382
2,557,0.00555700,0.72716682,2.07901607,2.02043300,0.05873666,2.07916966,-0.00015359,0.007388
2,558,0.00555800,0.72727925,2.07974329,2.02110900,0.05878799,2.07989699,-0.00015370,0.007391
2,559,0.00555900,0.72739165,2.08047063,2.02178500,0.05883940,2.08062440,-0.00015377,0.007391
2,560,0.00556000,0.72750403,2.08119807,2.02246120,0.05889086,2.08135206,-0.00015399,0.007399
2,561,0.00556100,0.72761639,2.08192563,2.02313730,0.05894240,2.08207970,-0.00015406,0.007400
2,562,0.00556200,0.72772872,2.08265331,2.02381350,0.05899400,2.08280749,-0.00015419,0.007403
2,563,0.00556300,0.72784103,2.08338109,2.02448980,0.05904566,2.08353546,-0.00015437,0.007409
2,564,0.00556400,0.72795332,2.08410899,2.02516610,0.05909739,2.08426349,-0.00015450,0.007413
2,565,0.00556500,0.72806558,2.08483700,2.02584240,0.05914918,2.08499158,-0.00015458,0.007415
2,566,0.00556600,0.72817782,2.08556512,2.02651880,0.05920104,2.08571984,-0.00015472,0.007419
2,567,0.00556700,0.72829003,2.08629335,2.02719530,0.05925297,2.08644827,-0.00015492,0.007426
2,568,0.00556800,0.72840222,2.08702170,2.02787170,0.05930497,2.08717667,-0.00015497,0.007425
2,569,0.00556900,0.72851439,2.08775016,2.02854830,0.05935703,2.08790533,-0.00015517,0.007433
2,570,0.00557000,0.72862653,2.08847873,2.02922480,0.05940916,2.08863396,-0.00015523,0.007433
2,571,0.00557100,0.72873865,2.08920741,2.02990150,0.05946136,2.08936286,-0.00015545,0.007440
2,572,0.00557200,0.72885074,2.08993621,2.03057810,0.05951362,2.09009172,-0.00015552,0.007441
2,573,0.00557300,0.72896281,2.09066511,2.03125480,0.05956596,2.09082076,-0.00015565,0.007445
2,574,0.00557400,0.72907486,2.09139413,2.03193160,0.05961836,2.09154996,-0.00015583,0.007451
2,575,0.00557500,0.72918688,2.09212326,2.03260840,0.05967083,2.09227923,-0.00015597,0.007455
2,576,0.00557600,0.72929887,2.09285250,2.03328520,0.05972337,2.09300857,-0.00015607,0.007457
2,577,0.00557700,0.72941084,2.09358186,2.03396210,0.05977598,2.09373808,-0.00015622,0.007462
2,578,0.00557800,0.72952279,2.09431133,2.03463900,0.05982867,2.09446766,-0.00015634,0.007465
2,579,0.00557900,0.72963471,2.09504091,2.03531600,0.05988142,2.09519741,-0.00015651,0.007470
2,580,0.00558000,0.72974660,2.09577060,2.03599300,0.05993424,2.09592724,-0.00015664,0.007474
2,581,0.00558100,0.72985847,2.09650040,2.03667000,0.05998713,2.09665713,-0.00015673,0.007476
2,582,0.00558200,0.72997032,2.09723031,2.03734710,0.06004009,2.09738719,-0.00015688,0.007480
2,583,0.00558300,0.73008214,2.09796034,2.03802420,0.06009312,2.09811732,-0.00015698,0.007483
2,584,0.00558400,0.73019393,2.09869048,2.03870140,0.06014623,2.09884763,-0.00015715,0.007488
2,585,0.00558500,0.73030570,2.09942073,2.03937860,0.06019940,2.09957801,-0.00015728,0.007491
2,586,0.00558600,0.73041744,2.10015109,2.04005580,0.06025265,2.10030846,-0.00015737,0.007493
2,587,0.00558700,0.73052915,2.10088156,2.04073310,0.06030598,2.10103908,-0.00015752,0.007498
2,588,0.00558800,0.73064084,2.10161215,2.04141050,0.06035937,2.10176987,-0.00015773,0.007505
2,589,0.00558900,0.73075251,2.10234284,2.04208780,0.06041284,2.10250064,-0.00015780,0.007506
2,590,0.00559000,0.73086414,2.10307365,2.04276520,0.06046638,2.10323158,-0.00015793,0.007509
2,591,0.00559100,0.73097575,2.10380457,2.04344270,0.06052000,2.10396270,-0.00015813,0.007516
2,592,0.00559200,0.73108734,2.10453560,2.04412010,0.06057369,2.10469379,-0.00015818,0.007516
2,593,0.00559300,0.73119889,2.10526675,2.04479760,0.06062745,2.10542505,-0.00015830,0.007519
2,594,0.00559400,0.73131042,2.10599800,2.04547520,0.06068129,2.10615649,-0.00015849,0.007526
2,595,0.00559500,0.73142193,2.10672937,2.04615280,0.06073521,2.10688801,-0.00015864,0.007530
2,596,0.00559600,0.73153340,2.10746084,2.04683040,0.06078919,2.10761960,-0.00015875,0.007533
2,597,0.00559700,0.73164485,2.10819243,2.04750810,0.06084326,2.10835136,-0.00015893,0.007539
2,598,0.00559800,0.73175628,2.10892413,2.04818570,0.06089740,2.10908310,-0.00015897,0.007538
2,599,0.00559900,0.73186767,2.10965595,2.04886350,0.06095162,2.10981512,-0.00015918,0.007545
2,600,0.00560000,0.73197904,2.11038787,2.04954120,0.06100592,2.11054712,-0.00015925,0.007546
2,601,0.00560100,0.73209038,2.11111990,2.05021900,0.06106029,2.11127929,-0.00015939,0.007550
2,602,0.00560200,0.73220169,2.11185205,2.05089690,0.06111474,2.11201164,-0.00015959,0.007557
2,603,0.00560300,0.73231297,2.11258431,2.05157470,0.06116927,2.11274397,-0.00015967,0.007558
2,604,0.00560400,0.73242423,2.11331668,2.05225260,0.06122388,2.11347648,-0.00015981,0.007562
2,605,0.00560500,0.73253546,2.11404916,2.05293050,0.06127857,2.11420907,-0.00015991,0.007564
2,606,0.00560600,0.73264666,2.11478175,2.05360850,0.06133334,2.11494184,-0.00016009,0.007570
2,607,0.00560700,0.73275783,2.11551445,2.05428650,0.06138818,2.11567469,-0.00016024,0.007574
2,608,0.00560800,0.73286897,2.11624726,2.05496450,0.06144311,2.11640761,-0.00016035,0.007577
2,609,0.00560900,0.73298008,2.11698019,2.05564260,0.06149812,2.11714072,-0.00016053,0.007583
2,610,0.00561000,0.73309117,2.11771322,2.05632070,0.06155321,2.11787391,-0.00016069,0.007588
2,611,0.00561100,0.73320222,2.11844637,2.05699880,0.06160838,2.11860718,-0.00016081,0.007591
2,612,0.00561200,0.73331325,2.11917963,2.05767690,0.06166363,2.11934053,-0.00016091,0.007593
2,613,0.00561300,0.73342425,2.11991300,2.05835510,0.06171897,2.12007407,-0.00016107,0.007598
2,614,0.00561400,0.73353521,2.12064648,2.05903330,0.06177439,2.12080769,-0.00016121,0.007602
2,615,0.00561500,0.73364615,2.12138007,2.05971150,0.06182989,2.12154139,-0.00016132,0.007604
2,616,0.00561600,0.73375706,2.12211377,2.06038970,0.06188547,2.12227517,-0.00016140,0.007606
2,617,0.00561700,0.73386794,2.12284758,2.06106800,0.06194114,2.12300914,-0.00016156,0.007610
2,618,0.00561800,0.73397879,2.12358150,2.06174630,0.06199689,2.12374319,-0.00016169,0.007614
2,619,0.00561900,0.73408960,2.12431554,2.06242470,0.06205273,2.12447743,-0.00016189,0.007621
2,620,0.00562000,0.73420039,2.12504968,2.06310300,0.06210865,2.12521165,-0.00016197,0.007622
2,621,0.00562100,0.73431115,2.12578394,2.06378140,0.06216466,2.12594606,-0.00016212,0.007627
2,622,0.00562200,0.73442188,2.12651831,2.06445980,0.06222076,2.12668056,-0.00016225,0.007630
2,623,0.00562300,0.73453257,2.12725278,2.06513820,0.06227694,2.12741514,-0.00016236,0.007632
2,624,0.00562400,0.73464324,2.12798737,2.06581670,0.06233321,2.12814991,-0.00016254,0.007638
2,625,0.00562500,0.73475387,2.12872207,2.06649520,0.06238957,2.12888477,-0.00016270,0.007643
2,626,0.00562600,0.73486447,2.12945688,2.06717370,0.06244602,2.12961972,-0.00016284,0.007647
2,627,0.00562700,0.73497504,2.13019180,2.06785220,0.06250255,2.13035475,-0.00016295,0.007650
2,628,0.00562800,0.73508558,2.13092683,2.06853070,0.06255917,2.13108987,-0.00016305,0.007651
2,629,0.00562900,0.73519609,2.13166197,2.06920930,0.06261589,2.13182519,-0.00016322,0.007657
2,630,0.00563000,0.73530656,2.13239722,2.06988790,0.06267269,2.13256059,-0.00016337,0.007661
2,631,0.00563100,0.73541700,2.13313258,2.07056650,0.06272959,2.13329609,-0.00016351,0.007665
2,632,0.00563200,0.73552741,2.13386805,2.07124510,0.06278657,2.13403167,-0.00016362,0.007668
2,633,0.00563300,0.73563779,2.13460364,2.07192370,0.06284365,2.13476735,-0.00016372,0.007670
2,634,0.00563400,0.73574813,2.13533933,2.07260240,0.06290082,2.13550322,-0.00016389,0.007675
2,635,0.00563500,0.73585845,2.13607513,2.07328110,0.06295809,2.13623919,-0.00016405,0.007680
2,636,0.00563600,0.73596872,2.13681105,2.07395980,0.06301545,2.13697524,-0.00016420,0.007684
2,637,0.00563700,0.73607897,2.13754707,2.07463850,0.06307290,2.13771140,-0.00016433,0.007688
2,638,0.00563800,0.73618918,2.13828321,2.07531720,0.06313044,2.13844764,-0.00016444,0.007690
2,639,0.00563900,0.73629936,2.13901945,2.07599590,0.06318808,2.13918398,-0.00016453,0.007692
2,640,0.00564000,0.73640950,2.13975580,2.07667470,0.06324582,2.13992052,-0.00016472,0.007698
2,641,0.00564100,0.73651961,2.14049227,2.07735350,0.06330366,2.14065715,-0.00016489,0.007703
2,642,0.00564200,0.73662968,2.14122884,2.07803220,0.06336158,2.14139378,-0.00016494,0.007703
2,643,0.00564300,0.73673973,2.14196553,2.07871100,0.06341961,2.14213061,-0.00016509,0.007707
2,644,0.00564400,0.73684973,2.14270232,2.07938980,0.06347774,2.14286754,-0.00016522,0.007711
2,645,0.00564500,0.73695970,2.14343923,2.08006870,0.06353597,2.14360467,-0.00016544,0.007718
2,646,0.00564600,0.73706964,2.14417624,2.08074750,0.06359429,2.14434179,-0.00016555,0.007721
2,647,0.00564700,0.73717953,2.14491337,2.08142630,0.06365272,2.14507902,-0.00016565,0.007723
2,648,0.00564800,0.73728940,2.14565060,2.08210520,0.06371125,2.14581645,-0.00016585,0.007729
2,649,0.00564900,0.73739923,2.14638795,2.08278400,0.06376988,2.14655388,-0.00016593,0.007731
2,650,0.00565000,0.73750902,2.14712540,2.08346290,0.06382861,2.14729151,-0.00016611,0.007736
2,651,0.00565100,0.73761877,2.14786296,2.08414170,0.06388745,2.14802915,-0.00016618,0.007737
2,652,0.00565200,0.73772849,2.14860064,2.08482060,0.06394638,2.14876698,-0.00016635,0.007742
2,653,0.00565300,0.73783817,2.14933842,2.08549950,0.06400543,2.14950493,-0.00016651,0.007747
2,654,0.00565400,0.73794781,2.15007631,2.08617840,0.06406458,2.15024298,-0.00016666,0.007751
2,655,0.00565500,0.73805742,2.15081432,2.08685720,0.06412383,2.15098103,-0.00016672,0.007751
2,656,0.00565600,0.73816699,2.15155243,2.08753610,0.06418319,2.15171929,-0.00016686,0.007756
2,657,0.00565700,0.73827652,2.15229065,2.08821500,0.06424266,2.15245766,-0.00016701,0.007760
2,658,0.00565800,0.73838601,2.15302898,2.08889390,0.06430224,2.15319614,-0.00016716,0.007764
2,659,0.00565900,0.73849546,2.15376742,2.08957280,0.06436193,2.15393473,-0.00016730,0.007768
2,660,0.00566000,0.73860488,2.15450597,2.09025170,0.06442172,2.15467342,-0.00016745,0.007772
2,661,0.00566100,0.73871426,2.15524463,2.09093060,0.06448163,2.15541223,-0.00016760,0.007776
2,662,0.00566200,0.73882359,2.15598340,2.09160950,0.06454165,2.15615114,-0.00016774,0.007780
2,663,0.00566300,0.73893289,2.15672228,2.09228840,0.06460177,2.15689017,-0.00016790,0.007785
2,664,0.00566400,0.73904215,2.15746127,2.09296720,0.06466202,2.15762922,-0.00016795,0.007785
2,665,0.00566500,0.73915136,2.15820036,2.09364610,0.06472237,2.15836847,-0.00016811,0.007789
2,666,0.00566600,0.73926054,2.15893957,2.09432500,0.06478284,2.15910784,-0.00016827,0.007794
2,667,0.00566700,0.73936968,2.15967888,2.09500390,0.06484343,2.15984733,-0.00016844,0.007800
2,668,0.00566800,0.73947877,2.16041831,2.09568270,0.06490413,2.16058683,-0.00016852,0.007801
2,669,0.00566900,0.73958782,2.16115784,2.09636160,0.06496495,2.16132655,-0.00016871,0.007806
2,670,0.00567000,0.73969684,2.16189748,2.09704040,0.06502589,2.16206629,-0.00016881,0.007808
2,671,0.00567100,0.73980581,2.16263724,2.09771920,0.06508695,2.16280615,-0.00016891,0.007810
2,672,0.00567200,0.73991473,2.16337710,2.09839810,0.06514813,2.16354623,-0.00016913,0.007818
2,673,0.00567300,0.74002362,2.16411706,2.09907690,0.06520942,2.16428632,-0.00016926,0.007821
2,674,0.00567400,0.74013246,2.16485714,2.09975570,0.06527084,2.16502654,-0.00016940,0.007825
2,675,0.00567500,0.74024126,2.16559733,2.10043440,0.06533238,2.16576679,-0.00016946,0.007825
2,676,0.00567600,0.74035001,2.16633763,2.10111320,0.06539405,2.16650725,-0.00016963,0.007830
2,677,0.00567700,0.74045872,2.16707803,2.10179200,0.06545584,2.16724784,-0.00016981,0.007836
2,678,0.00567800,0.74056739,2.16781854,2.10247070,0.06551776,2.16798846,-0.00016992,0.007838
2,679,0.00567900,0.74067601,2.16855916,2.10314940,0.06557980,2.16872920,-0.00017004,0.007841
2,680,0.00568000,0.74078459,2.16929989,2.10382810,0.06564197,2.16947007,-0.00017018,0.007845
2,681,0.00568100,0.74089312,2.17004073,2.10450680,0.06570427,2.17021107,-0.00017034,0.007849
2,682,0.00568200,0.74100161,2.17078168,2.10518540,0.06576670,2.17095210,-0.00017042,0.007850
2,683,0.00568300,0.74111005,2.17152274,2.10586410,0.06582926,2.17169336,-0.00017062,0.007857
2,684,0.00568400,0.74121845,2.17226390,2.10654270,0.06589195,2.17243465,-0.00017075,0.007860
2,685,0.00568500,0.74132679,2.17300517,2.10722130,0.06595477,2.17317607,-0.00017090,0.007865
2,686,0.00568600,0.74143509,2.17374655,2.10789980,0.06601773,2.17391753,-0.00017097,0.007865
2,687,0.00568700,0.74154335,2.17448804,2.10857840,0.06608082,2.17465922,-0.00017118,0.007872
2,688,0.00568800,0.74165155,2.17522964,2.10925690,0.06614405,2.17540095,-0.00017131,0.007875
2,689,0.00568900,0.74175971,2.17597135,2.10993530,0.06620741,2.17614272,-0.00017137,0.007875
2,690,0.00569000,0.74186782,2.17671316,2.11061380,0.06627092,2.17688472,-0.00017156,0.007882
2,691,0.00569100,0.74197587,2.17745508,2.11129220,0.06633456,2.17762676,-0.00017168,0.007885
2,692,0.00569200,0.74208388,2.17819711,2.11197060,0.06639835,2.17836895,-0.00017184,0.007889
2,693,0.00569300,0.74219184,2.17893925,2.11264890,0.06646228,2.17911118,-0.00017193,0.007890
2,694,0.00569400,0.74229975,2.17968150,2.11332720,0.06652635,2.17985355,-0.00017205,0.007893
2,695,0.00569500,0.74240761,2.18042385,2.11400550,0.06659056,2.18059606,-0.00017221,0.007898
2,696,0.00569600,0.74251542,2.18116631,2.11468370,0.06665492,2.18133862,-0.00017231,0.007900
2,697,0.00569700,0.74262317,2.18190888,2.11536190,0.06671943,2.18208133,-0.00017245,0.007904
2,698,0.00569800,0.74273088,2.18265156,2.11604010,0.06678409,2.18282419,-0.00017263,0.007909
2,699,0.00569900,0.74283853,2.18339434,2.11671820,0.06684889,2.18356709,-0.00017275,0.007912
2,700,0.00570000,0.74294613,2.18413723,2.11739630,0.06691385,2.18431015,-0.00017292,0.007917
2,701,0.00570100,0.74305367,2.18488023,2.11807430,0.06697896,2.18505326,-0.00017303,0.007919
2,702,0.00570200,0.74316116,2.18562334,2.11875230,0.06704423,2.18579653,-0.00017318,0.007924
2,703,0.00570300,0.74326859,2.18636656,2.11943020,0.06710965,2.18653985,-0.00017329,0.007926
2,704,0.00570400,0.74337597,2.18710988,2.12010810,0.06717523,2.18728333,-0.00017345,0.007930
2,705,0.00570500,0.74348330,2.18785331,2.12078590,0.06724096,2.18802686,-0.00017355,0.007933
2,706,0.00570600,0.74359057,2.18859685,2.12146370,0.06730686,2.18877056,-0.00017372,0.007937
2,707,0.00570700,0.74369778,2.18934049,2.12214140,0.06737292,2.18951432,-0.00017383,0.007940
2,708,0.00570800,0.74380493,2.19008424,2.12281910,0.06743915,2.19025824,-0.00017400,0.007945
2,709,0.00570900,0.74391203,2.19082810,2.12349670,0.06750553,2.19100223,-0.00017413,0.007948
2,710,0.00571000,0.74401906,2.19157207,2.12417420,0.06757209,2.19174629,-0.00017422,0.007950
2,711,0.00571100,0.74412604,2.19231614,2.12485170,0.06763882,2.19249051,-0.00017438,0.007954
2,712,0.00571200,0.74423296,2.19306032,2.12552910,0.06770571,2.19323481,-0.00017449,0.007957
2,713,0.00571300,0.74433982,2.19380460,2.12620650,0.06777278,2.19397928,-0.00017467,0.007962
2,714,0.00571400,0.74444661,2.19454900,2.12688380,0.06784002,2.19472382,-0.00017482,0.007966
2,715,0.00571500,0.74455335,2.19529350,2.12756100,0.06790744,2.19546844,-0.00017494,0.007969
2,716,0.00571600,0.74466002,2.19603810,2.12823810,0.06797503,2.19621313,-0.00017503,0.007970
2,717,0.00571700,0.74476663,2.19678282,2.12891520,0.06804281,2.19695801,-0.00017519,0.007975
2,718,0.00571800,0.74487318,2.19752764,2.12959220,0.06811076,2.19770296,-0.00017533,0.007978
2,719,0.00571900,0.74497966,2.19827256,2.13026910,0.06817890,2.19844800,-0.00017544,0.007981
2,720,0.00572000,0.74508608,2.19901760,2.13094600,0.06824723,2.19919323,-0.00017563,0.007987
2,721,0.00572100,0.74519243,2.19976274,2.13162270,0.06831574,2.19993844,-0.00017570,0.007987
2,722,0.00572200,0.74529872,2.20050798,2.13229940,0.06838444,2.20068384,-0.00017586,0.007992
2,723,0.00572300,0.74540494,2.20125333,2.13297600,0.06845334,2.20142934,-0.00017601,0.007996
2,724,0.00572400,0.74551109,2.20199879,2.13365250,0.06852243,2.20217493,-0.00017614,0.007999
2,725,0.00572500,0.74561717,2.20274435,2.13432890,0.06859172,2.20292062,-0.00017626,0.008002
2,726,0.00572600,0.74572318,2.20349002,2.13500520,0.06866120,2.20366640,-0.00017638,0.008004
2,727,0.00572700,0.74582913,2.20423580,2.13568140,0.06873089,2.20441229,-0.00017648,0.008007
2,728,0.00572800,0.74593500,2.20498168,2.13635760,0.06880077,2.20515837,-0.00017669,0.008013
2,729,0.00572900,0.74604080,2.20572767,2.13703360,0.06887087,2.20590447,-0.00017680,0.008015
2,730,0.00573000,0.74614652,2.20647376,2.13770950,0.06894118,2.20665068,-0.00017691,0.008018
2,731,0.00573100,0.74625217,2.20721996,2.13838530,0.06901169,2.20739699,-0.00017703,0.008020
2,732,0.00573200,0.74635775,2.20796627,2.13906100,0.06908242,2.20814342,-0.00017715,0.008023
2,733,0.00573300,0.74646325,2.20871268,2.13973660,0.06915337,2.20888997,-0.00017729,0.008027
2,734,0.00573400,0.74656868,2.20945920,2.14041210,0.06922454,2.20963664,-0.00017744,0.008031
2,735,0.00573500,0.74667403,2.21020582,2.14108750,0.06929593,2.21038343,-0.00017761,0.008036
2,736,0.00573600,0.74677929,2.21095254,2.14176270,0.06936755,2.21113025,-0.00017770,0.008037
2,737,0.00573700,0.74688448,2.21169938,2.14243780,0.06943939,2.21187719,-0.00017782,0.008040
2,738,0.00573800,0.74698959,2.21244631,2.14311280,0.06951147,2.21262427,-0.00017796,0.008044
2,739,0.00573900,0.74709461,2.21319335,2.14378770,0.06958379,2.21337149,-0.00017813,0.008049
2,740,0.00574000,0.74719955,2.21394050,2.14446240,0.06965634,2.21411874,-0.00017824,0.008051
2,741,0.00574100,0.74730441,2.21468775,2.14513700,0.06972914,2.21486614,-0.00017838,0.008055
2,742,0.00574200,0.74740918,2.21543511,2.14581140,0.06980218,2.21561358,-0.00017847,0.008056
2,743,0.00574300,0.74751387,2.21618257,2.14648570,0.06987547,2.21636117,-0.00017860,0.008059
2,744,0.00574400,0.74761846,2.21693014,2.14715990,0.06994901,2.21710891,-0.00017877,0.008064
2,745,0.00574500,0.74772297,2.21767781,2.14783390,0.07002281,2.21785671,-0.00017890,0.008067
2,746,0.00574600,0.74782739,2.21842558,2.14850770,0.07009686,2.21860456,-0.00017898,0.008068
2,747,0.00574700,0.74793172,2.21917346,2.14918140,0.07017118,2.21935258,-0.00017911,0.008071
2,748,0.00574800,0.74803595,2.21992145,2.14985500,0.07024576,2.22010076,-0.00017931,0.008077
2,749,0.00574900,0.74814009,2.22066954,2.15052830,0.07032062,2.22084892,-0.00017938,0.008078
2,750,0.00575000,0.74824414,2.22141773,2.15120150,0.07039575,2.22159725,-0.00017952,0.008081
2,751,0.00575100,0.74834809,2.22216602,2.15187450,0.07047116,2.22234566,-0.00017963,0.008084
2,752,0.00575200,0.74845193,2.22291442,2.15254740,0.07054685,2.22309425,-0.00017983,0.008090
2,753,0.00575300,0.74855568,2.22366293,2.15322000,0.07062283,2.22384283,-0.00017991,0.008091
2,754,0.00575400,0.74865933,2.22441153,2.15389250,0.07069911,2.22459161,-0.00018008,0.008095
2,755,0.00575500,0.74876287,2.22516025,2.15456470,0.07077569,2.22534039,-0.00018014,0.008096
2,756,0.00575600,0.74886630,2.22590906,2.15523680,0.07085256,2.22608936,-0.00018030,0.008100
2,757,0.00575700,0.74896963,2.22665798,2.15590870,0.07092975,2.22683845,-0.00018048,0.008105
2,758,0.00575800,0.74907285,2.22740700,2.15658030,0.07100726,2.22758756,-0.00018056,0.008106
2,759,0.00575900,0.74917596,2.22815612,2.15725170,0.07108508,2.22833678,-0.00018065,0.008108
2,760,0.00576000,0.74927895,2.22890535,2.15792290,0.07116323,2.22908613,-0.00018078,0.008111
2,761,0.00576100,0.74938183,2.22965468,2.15859390,0.07124171,2.22983561,-0.00018093,0.008115
2,762,0.00576200,0.74948459,2.23040412,2.15926460,0.07132054,2.23058514,-0.00018102,0.008116
2,763,0.00576300,0.74958723,2.23115365,2.15993510,0.07139971,2.23133481,-0.00018116,0.008119
2,764,0.00576400,0.74968975,2.23190329,2.16060540,0.07147923,2.23208464,-0.00018135,0.008125
2,765,0.00576500,0.74979214,2.23265303,2.16127530,0.07155912,2.23283442,-0.00018139,0.008124
2,766,0.00576600,0.74989441,2.23340287,2.16194500,0.07163938,2.23358438,-0.00018150,0.008127
2,767,0.00576700,0.74999654,2.23415282,2.16261450,0.07172001,2.23433451,-0.00018169,0.008132
2,768,0.00576800,0.75009854,2.23490287,2.16328360,0.07180102,2.23508462,-0.00018175,0.008132
2,769,0.00576900,0.75020041,2.23565302,2.16395250,0.07188242,2.23583492,-0.00018190,0.008136
2,770,0.00577000,0.75030214,2.23640327,2.16462110,0.07196422,2.23658532,-0.00018205,0.008140
2,771,0.00577100,0.75040372,2.23715362,2.16528930,0.07204643,2.23733573,-0.00018211,0.008140
2,772,0.00577200,0.75050516,2.23790408,2.16595730,0.07212906,2.23808636,-0.00018228,0.008145
2,773,0.00577300,0.75060646,2.23865463,2.16662490,0.07221212,2.23883702,-0.00018239,0.008147
2,774,0.00577400,0.75070760,2.23940529,2.16729220,0.07229561,2.23958781,-0.00018252,0.008151
2,775,0.00577500,0.75080858,2.24015605,2.16795910,0.07237955,2.24033865,-0.00018261,0.008152
2,776,0.00577600,0.75090941,2.24090690,2.16862570,0.07246396,2.24108966,-0.00018275,0.008155
2,777,0.00577700,0.75101007,2.24165786,2.16929190,0.07254884,2.24184074,-0.00018287,0.008158
2,778,0.00577800,0.75111056,2.24240893,2.16995770,0.07263420,2.24259190,-0.00018297,0.008160
2,779,0.00577900,0.75121089,2.24316009,2.17062310,0.07272006,2.24334316,-0.00018307,0.008161
2,780,0.00578000,0.75131103,2.24391135,2.17128810,0.07280642,2.24409452,-0.00018318,0.008163
2,781,0.00578100,0.75141100,2.24466271,2.17195270,0.07289331,2.24484601,-0.00018330,0.008166
2,782,0.00578200,0.75151078,2.24541417,2.17261690,0.07298074,2.24559764,-0.00018347,0.008171
2,783,0.00578300,0.75161037,2.24616573,2.17328060,0.07306871,2.24634931,-0.00018358,0.008173
2,784,0.00578400,0.75170977,2.24691739,2.17394380,0.07315724,2.24710104,-0.00018365,0.008174
2,785,0.00578500,0.75180897,2.24766915,2.17460660,0.07324635,2.24785296,-0.00018381,0.008178
2,786,0.00578600,0.75190796,2.24842101,2.17526880,0.07333606,2.24860486,-0.00018385,0.008177
2,787,0.00578700,0.75200674,2.24917296,2.17593060,0.07342637,2.24935697,-0.00018400,0.008181
2,788,0.00578800,0.75210531,2.24992502,2.17659180,0.07351730,2.25010910,-0.00018408,0.008182
2,789,0.00578900,0.75220366,2.25067717,2.17725250,0.07360888,2.25086138,-0.00018420,0.008184
2,790,0.00579000,0.75230178,2.25142943,2.17791260,0.07370111,2.25161371,-0.00018428,0.008185
2,791,0.00579100,0.75239966,2.25218178,2.17857220,0.07379403,2.25236623,-0.00018445,0.008190
2,792,0.00579200,0.75249730,2.25293423,2.17923110,0.07388765,2.25311875,-0.00018452,0.008190
2,793,0.00579300,0.75259470,2.25368677,2.17988940,0.07398199,2.25387139,-0.00018462,0.008192
2,794,0.00579400,0.75269183,2.25443942,2.18054710,0.07407708,2.25462418,-0.00018476,0.008195
2,795,0.00579500,0.75278870,2.25519216,2.18120400,0.07417294,2.25537694,-0.00018478,0.008194
2,796,0.00579600,0.75288529,2.25594499,2.18186030,0.07426959,2.25612989,-0.00018490,0.008196
2,797,0.00579700,0.75298160,2.25669793,2.18251590,0.07436708,2.25688298,-0.00018505,0.008200
2,798,0.00579800,0.75307762,2.25745096,2.18317070,0.07446541,2.25763611,-0.00018515,0.008202
2,799,0.00579900,0.75317333,2.25820408,2.18382470,0.07456463,2.25838933,-0.00018525,0.008203
2,800,0.00580000,0.75326873,2.25895730,2.18447780,0.07466477,2.25914257,-0.00018527,0.008201
2,801,0.00580100,0.75336380,2.25971062,2.18513020,0.07476586,2.25989606,-0.00018544,0.008206
2,802,0.00580200,0.75345853,2.26046403,2.18578160,0.07486794,2.26064954,-0.00018551,0.008207
2,803,0.00580300,0.75355290,2.26121754,2.18643210,0.07497105,2.26140314,-0.00018561,0.008208
2,804,0.00580400,0.75364691,2.26197114,2.18708160,0.07507522,2.26215682,-0.00018569,0.008209
2,805,0.00580500,0.75374053,2.26272483,2.18773010,0.07518052,2.26291062,-0.00018579,0.008211
2,806,0.00580600,0.75383376,2.26347862,2.18837750,0.07528698,2.26366448,-0.00018586,0.008211
2,807,0.00580700,0.75392656,2.26423250,2.18902380,0.07539465,2.26441845,-0.00018596,0.008213
2,808,0.00580800,0.75401893,2.26498647,2.18966890,0.07550360,2.26517250,-0.00018603,0.008213
2,809,0.00580900,0.75411085,2.26574053,2.19031270,0.07561388,2.26592658,-0.00018604,0.008211
2,810,0.00581000,0.75420228,2.26649469,2.19095530,0.07572556,2.26668086,-0.00018616,0.008214
2,811,0.00581100,0.75429321,2.26724894,2.19159650,0.07583870,2.26743520,-0.00018626,0.008215
2,812,0.00581200,0.75438362,2.26800328,2.19223620,0.07595339,2.26818959,-0.00018631,0.008215
2,813,0.00581300,0.75447346,2.26875771,2.19287440,0.07606971,2.26894411,-0.00018640,0.008216
2,814,0.00581400,0.75456272,2.26951222,2.19351090,0.07618774,2.26969864,-0.00018641,0.008214
2,815,0.00581500,0.75465136,2.27026683,2.19414580,0.07630758,2.27045338,-0.00018655,0.008217
2,816,0.00581600,0.75473935,2.27102153,2.19477870,0.07642935,2.27120805,-0.00018653,0.008213
2,817,0.00581700,0.75482663,2.27177631,2.19540980,0.07655316,2.27196296,-0.00018665,0.008216
2,818,0.00581800,0.75491318,2.27253118,2.19603870,0.07667915,2.27271785,-0.00018667,0.008214
2,819,0.00581900,0.75499894,2.27328614,2.19666540,0.07680745,2.27347285,-0.00018671,0.008213
2,820,0.00582000,0.75508385,2.27404118,2.19728970,0.07693823,2.27422793,-0.00018675,0.008212
2,821,0.00582100,0.75516786,2.27479630,2.19791140,0.07707167,2.27498307,-0.00018677,0.008210
2,822,0.00582200,0.75525090,2.27555151,2.19853040,0.07720798,2.27573838,-0.00018686,0.008212
2,823,0.00582300,0.75533288,2.27630680,2.19914630,0.07734737,2.27649367,-0.00018687,0.008209
2,824,0.00582400,0.75541374,2.27706218,2.19975900,0.07749011,2.27724911,-0.00018693,0.008209
2,825,0.00582500,0.75549337,2.27781763,2.20036800,0.07763648,2.27800448,-0.00018685,0.008203
2,826,0.00582600,0.75557166,2.27857316,2.20097320,0.07778682,2.27876002,-0.00018685,0.008200
2,827,0.00582700,0.75564849,2.27932877,2.20157420,0.07794148,2.27951568,-0.00018690,0.008200
2,828,0.00582800,0.75572373,2.28008446,2.20217040,0.07810089,2.28027129,-0.00018683,0.008194
2,829,0.00582900,0.75579720,2.28084022,2.20276150,0.07826556,2.28102706,-0.00018684,0.008192
2,830,0.00583000,0.75586872,2.28159605,2.20334680,0.07843605,2.28178285,-0.00018680,0.008187
2,831,0.00583100,0.75593807,2.28235196,2.20392570,0.07861304,2.28253874,-0.00018679,0.008184
2,832,0.00583200,0.75599925,2.28310792,2.20449500,0.07879956,2.28329456,-0.00018663,0.008175
2,833,0.00583300,0.75606030,2.28386395,2.20505020,0.07900032,2.28405052,-0.00018657,0.008169
2,834,0.00583400,0.75611790,2.28462004,2.20559470,0.07921175,2.28480645,-0.00018641,0.008159
2,835,0.00583500,0.75617238,2.28537619,2.20612940,0.07943308,2.28556248,-0.00018629,0.008152
2,836,0.00583600,0.75622337,2.28613239,2.20665260,0.07966586,2.28631846,-0.00018607,0.008139
2,837,0.00583700,0.75627020,2.28688863,2.20716230,0.07991212,2.28707442,-0.00018579,0.008124
2,838,0.00583800,0.75631198,2.28764492,2.20765580,0.08017451,2.28783031,-0.00018539,0.008104
2,839,0.00583900,0.75633667,2.28840125,2.20812740,0.08045882,2.28858622,-0.00018497,0.008083
2,840,0.00584000,0.75635700,2.28915760,2.20856320,0.08077882,2.28934202,-0.00018442,0.008056
2,841,0.00584100,0.75636713,2.28991396,2.20896670,0.08113091,2.29009762,-0.00018366,0.008020
2,842,0.00584200,0.75636529,2.29067032,2.20933150,0.08152141,2.29085291,-0.00018259,0.007971
2,843,0.00584300,0.75633741,2.29142668,2.20964400,0.08196382,2.29160782,-0.00018114,0.007905
2,844,0.00584400,0.75629326,2.29218299,2.20989000,0.08247207,2.29236207,-0.00017908,0.007812
2,845,0.00584500,0.75622071,2.29293925,2.21004500,0.08307032,2.29311532,-0.00017607,0.007679
2,846,0.00584600,0.75609551,2.29369541,2.21007340,0.08379334,2.29386674,-0.00017133,0.007470
2,847,0.00584700,0.75592115,2.29445141,2.20992580,0.08468893,2.29461473,-0.00016332,0.007118
2,848,0.00584800,0.75564248,2.29520720,2.20950460,0.08585187,2.29535647,-0.00014927,0.006504
2,849,0.00584900,0.75522542,2.29596263,2.20865810,0.08742602,2.29608412,-0.00012149,0.005292
2,850,0.00585000,0.75456255,2.29671752,2.20709420,0.08968432,2.29677852,-0.00006099,0.002656
2,851,0.00585100,0.75345728,2.29747153,2.20423840,0.09314284,2.29738124,0.00009029,0.003930
2,852,0.00585200,0.75150881,2.29822402,2.19891420,0.09878702,2.29770122,0.00052280,0.022748
2,853,0.00585300,0.74796888,2.29897376,2.18893060,0.10825718,2.29718778,0.00178598,0.077686
2,854,0.00585400,0.74237455,2.29971893,2.17293010,0.12257683,2.29550693,0.00421200,0.183153
2,855,0.00585500,0.73616486,2.30045820,2.15512250,0.13902256,2.29414506,0.00631314,0.274430
2,856,0.00585600,0.72954337,2.30119105,2.13610290,0.15731211,2.29341501,0.00777604,0.337914
2,857,0.00585700,0.72299089,2.30191732,2.11727870,0.17677589,2.29405459,0.00786273,0.341573
2,858,0.00585800,0.71651313,2.30263707,2.09866690,0.19639274,2.29505964,0.00757743,0.329076
2,859,0.00585900,0.71023317,2.30335044,2.08062800,0.21523488,2.29586288,0.00748756,0.325073
2,860,0.00586000,0.70416369,2.30405764,2.06319960,0.23370045,2.29690005,0.00715759,0.310652
2,861,0.00586100,0.69811264,2.30475878,2.04581900,0.25200500,2.29782400,0.00693478,0.300890
2,862,0.00586200,0.69224396,2.30545396,2.02896700,0.26937984,2.29834684,0.00710712,0.308274
2,863,0.00586300,0.68644075,2.30614330,2.01230100,0.28669124,2.29899224,0.00715106,0.310087
2,864,0.00586400,0.68063743,2.30682684,1.99562880,0.30369670,2.29932550,0.00750134,0.325180
2,865,0.00586500,0.67469755,2.30750451,1.97855050,0.32138029,2.29993079,0.00757372,0.328221
2,866,0.00586600,0.66863492,2.30817617,1.96110620,0.33939597,2.30050217,0.00767400,0.332470
2,867,0.00586700,0.66226216,2.30884162,1.94274600,0.35980128,2.30254728,0.00629434,0.272619
2,868,0.00586800,0.65598089,2.30950074,1.92464790,0.37959238,2.30424028,0.00526046,0.227775
2,869,0.00586900,0.64984849,2.31015366,1.90698030,0.39901014,2.30599044,0.00416322,0.180214
2,870,0.00587000,0.64398354,2.31080057,1.89009160,0.41744260,2.30753420,0.00326637,0.141353
2,871,0.00587100,0.63801006,2.31144157,1.87287850,0.43652444,2.30940294,0.00203863,0.088197
2,872,0.00587200,0.63219981,2.31207668,1.85613860,0.45420501,2.31034361,0.00173307,0.074957
2,873,0.00587300,0.62633631,2.31270594,1.83923650,0.47124000,2.31047650,0.00222944,0.096400
2,874,0.00587400,0.62038675,2.31332931,1.82207580,0.48906879,2.31114459,0.00218472,0.094440
2,875,0.00587500,0.61482284,2.31394691,1.80604200,0.50577730,2.31181930,0.00212761,0.091947
2,876,0.00587600,0.60954298,2.31455909,1.79083720,0.52169113,2.31252833,0.00203076,0.087739
2,877,0.00587700,0.60430778,2.31516602,1.77575840,0.53824609,2.31400449,0.00116153,0.050170
2,878,0.00587800,0.59947753,2.31576791,1.76186440,0.55324235,2.31510675,0.00066116,0.028550
2,879,0.00587900,0.59460497,2.31636495,1.74784120,0.56839910,2.31624030,0.00012465,0.005381
2,880,0.00588000,0.58977827,2.31695714,1.73394810,0.58304169,2.31698979,-0.00003265,0.001409
2,881,0.00588100,0.58519410,2.31754463,1.72076320,0.59714339,2.31790659,-0.00036196,0.015618
2,882,0.00588200,0.58059519,2.31812753,1.70753040,0.61129785,2.31882825,-0.00070072,0.030228
2,883,0.00588300,0.57576539,2.31870571,1.69361380,0.62600152,2.31961532,-0.00090961,0.039229
2,884,0.00588400,0.57146515,2.31927932,1.68125040,0.63929811,2.32054851,-0.00126919,0.054723
2,885,0.00588500,0.56725054,2.31984868,1.66913460,0.65255539,2.32168999,-0.00184131,0.079372
2,886,0.00588600,0.56315415,2.32041388,1.65736260,0.66551317,2.32287577,-0.00246189,0.106097
2,887,0.00588700,0.55916827,2.32097504,1.64591170,0.67794480,2.32385650,-0.00288146,0.124149
2,888,0.00588800,0.55528790,2.32153227,1.63476750,0.68999108,2.32475858,-0.00322631,0.138973
2,889,0.00588900,0.55158565,2.32208571,1.62414390,0.70149188,2.32563578,-0.00355007,0.152883
2,890,0.00589000,0.54807142,2.32263554,1.61407030,0.71247949,2.32654979,-0.00391425,0.168526
2,891,0.00589100,0.54465910,2.32318190,1.60429330,0.72320541,2.32749871,-0.00431681,0.185815
2,892,0.00589200,0.54136990,2.32372492,1.59487560,0.73360000,2.32847560,-0.00475068,0.204443
2,893,0.00589300,0.53816940,2.32426469,1.58571600,0.74375974,2.32947574,-0.00521105,0.224202
2,894,0.00589400,0.53516307,2.32480135,1.57712550,0.75338187,2.33050737,-0.00570602,0.245441
2,895,0.00589500,0.53234713,2.32533511,1.56909300,0.76247856,2.33157156,-0.00623645,0.268196
2,896,0.00589600,0.52969503,2.32586613,1.56154080,0.77108439,2.33262519,-0.00675906,0.290604
2,897,0.00589700,0.52720254,2.32639458,1.55445650,0.77918318,2.33363968,-0.00724510,0.311431
2,898,0.00589800,0.52491538,2.32692064,1.54797530,0.78660067,2.33457597,-0.00765533,0.328990
2,899,0.00589900,0.52292618,2.32744456,1.54237060,0.79304720,2.33541780,-0.00797324,0.342575
2,900,0.00590000,0.52131734,2.32796668,1.53788600,0.79829026,2.33617626,-0.00820958,0.352650
2,901,0.00590100,0.52014284,2.32848741,1.53468120,0.80218704,2.33686824,-0.00838083,0.359926
2,902,0.00590200,0.51943987,2.32900720,1.53286680,0.80462856,2.33749536,-0.00848816,0.364454
2,903,0.00590300,0.51924028,2.32952654,1.53253740,0.80551295,2.33805035,-0.00852381,0.365903
2,904,0.00590400,0.51932680,2.33004582,1.53305270,0.80551708,2.33856978,-0.00852396,0.365828
2,905,0.00590500,0.51941353,2.33056519,1.53356840,0.80552068,2.33908908,-0.00852389,0.365743
2,906,0.00590600,0.51949939,2.33108465,1.53408170,0.80552689,2.33960859,-0.00852394,0.365664
2,907,0.00590700,0.51958474,2.33160419,1.53459350,0.80553448,2.34012798,-0.00852379,0.365576
2,908,0.00590800,0.51966971,2.33212382,1.53510430,0.80554311,2.34064741,-0.00852359,0.365486
2,909,0.00590900,0.51975447,2.33264353,1.53561460,0.80555241,2.34116701,-0.00852348,0.365400
2,910,0.00591000,0.51983902,2.33316333,1.53612430,0.80556238,2.34168668,-0.00852335,0.365313
2,911,0.00591100,0.51992339,2.33368321,1.53663360,0.80557286,2.34220646,-0.00852325,0.365227
2,912,0.00591200,0.52000762,2.33420317,1.53714250,0.80558377,2.34272627,-0.00852310,0.365139
2,913,0.00591300,0.52009168,2.33472322,1.53765110,0.80559518,2.34324628,-0.00852306,0.365056
2,914,0.00591400,0.52017556,2.33524336,1.53815910,0.80560712,2.34376622,-0.00852286,0.364967
2,915,0.00591500,0.52025924,2.33576357,1.53866670,0.80561960,2.34428630,-0.00852273,0.364880
2,916,0.00591600,0.52034276,2.33628388,1.53917390,0.80563263,2.34480653,-0.00852265,0.364795
2,917,0.00591700,0.52042615,2.33680426,1.53968080,0.80564610,2.34532690,-0.00852264,0.364713
2,918,0.00591800,0.52050948,2.33732473,1.54018750,0.80565981,2.34584731,-0.00852258,0.364630
2,919,0.00591900,0.52059272,2.33784528,1.54069420,0.80567375,2.34636795,-0.00852267,0.364552
2,920,0.00592000,0.52067587,2.33836591,1.54120060,0.80568797,2.34688857,-0.00852266,0.364471
2,921,0.00592100,0.52075890,2.33888663,1.54170670,0.80570252,2.34740922,-0.00852259,0.364387
2,922,0.00592200,0.52084175,2.33940743,1.54221240,0.80571762,2.34793002,-0.00852259,0.364305
2,923,0.00592300,0.52092442,2.33992831,1.54271770,0.80573315,2.34845085,-0.00852254,0.364222
2,924,0.00592400,0.52100699,2.34044928,1.54322270,0.80574894,2.34897164,-0.00852236,0.364134
2,925,0.00592500,0.52108951,2.34097033,1.54372770,0.80576488,2.34949258,-0.00852225,0.364048
2,926,0.00592600,0.52117198,2.34149146,1.54423260,0.80578101,2.35001361,-0.00852215,0.363963
2,927,0.00592700,0.52125434,2.34201267,1.54473720,0.80579751,2.35053471,-0.00852204,0.363877
2,928,0.00592800,0.52133657,2.34253397,1.54524160,0.80581437,2.35105597,-0.00852200,0.363794
2,929,0.00592900,0.52141872,2.34305535,1.54574580,0.80583151,2.35157731,-0.00852196,0.363712
2,930,0.00593000,0.52150082,2.34357681,1.54624990,0.80584879,2.35209869,-0.00852188,0.363627
2,931,0.00593100,0.52158289,2.34409835,1.54675410,0.80586614,2.35262024,-0.00852189,0.363547
2,932,0.00593200,0.52166492,2.34461997,1.54725820,0.80588366,2.35314186,-0.00852189,0.363466
2,933,0.00593300,0.52174690,2.34514168,1.54776220,0.80590131,2.35366351,-0.00852183,0.363382
2,934,0.00593400,0.52182883,2.34566346,1.54826610,0.80591914,2.35418524,-0.00852178,0.363299
2,935,0.00593500,0.52191072,2.34618533,1.54877000,0.80593712,2.35470712,-0.00852179,0.363219
2,936,0.00593600,0.52199253,2.34670729,1.54927380,0.80595528,2.35522908,-0.00852179,0.363138
2,937,0.00593700,0.52207428,2.34722932,1.54977750,0.80597367,2.35575117,-0.00852185,0.363060
2,938,0.00593800,0.52215597,2.34775143,1.55028110,0.80599226,2.35627336,-0.00852193,0.362982
2,939,0.00593900,0.52223758,2.34827363,1.55078450,0.80601108,2.35679558,-0.00852195,0.362903
2,940,0.00594000,0.52231914,2.34879591,1.55128790,0.80603007,2.35731797,-0.00852206,0.362827
2,941,0.00594100,0.52240067,2.34931827,1.55179120,0.80604916,2.35784036,-0.00852209,0.362747
2,942,0.00594200,0.52248217,2.34984071,1.55229450,0.80606833,2.35836283,-0.00852212,0.362668
2,943,0.00594300,0.52256364,2.35036323,1.55279790,0.80608761,2.35888551,-0.00852228,0.362594
2,944,0.00594400,0.52264505,2.35088584,1.55330110,0.80610709,2.35940819,-0.00852235,0.362517
2,945,0.00594500,0.52272643,2.35140852,1.55380430,0.80612666,2.35993096,-0.00852244,0.362440
2,946,0.00594600,0.52280778,2.35193129,1.55430750,0.80614629,2.36045379,-0.00852250,0.362362
2,947,0.00594700,0.52288909,2.35245414,1.55481070,0.80616609,2.36097679,-0.00852265,0.362288
2,948,0.00594800,0.52297035,2.35297707,1.55531380,0.80618604,2.36149984,-0.00852277,0.362212
2,949,0.00594900,0.52305157,2.35350008,1.55581690,0.80620613,2.36202303,-0.00852295,0.362139
2,950,0.00595000,0.52313276,2.35402317,1.55632000,0.80622630,2.36254630,-0.00852313,0.362066
2,951,0.00595100,0.52321392,2.35454635,1.55682300,0.80624654,2.36306954,-0.00852319,0.361989
2,952,0.00595200,0.52329506,2.35506960,1.55732610,0.80626687,2.36359297,-0.00852337,0.361916
2,953,0.00595300,0.52337616,2.35559294,1.55782920,0.80628729,2.36411649,-0.00852355,0.361843
2,954,0.00595400,0.52345724,2.35611635,1.55833220,0.80630781,2.36464001,-0.00852366,0.361767
2,955,0.00595500,0.52353828,2.35663985,1.55883520,0.80632843,2.36516363,-0.00852378,0.361692
2,956,0.00595600,0.52361926,2.35716343,1.55933820,0.80634925,2.36568745,-0.00852402,0.361622
2,957,0.00595700,0.52370021,2.35768709,1.55984110,0.80637017,2.36621127,-0.00852418,0.361548
2,958,0.00595800,0.52378115,2.35821083,1.56034400,0.80639114,2.36673514,-0.00852431,0.361474
2,959,0.00595900,0.52386203,2.35873465,1.56084690,0.80641226,2.36725916,-0.00852451,0.361402
2,960,0.00596000,0.52394285,2.35925855,1.56134970,0.80643357,2.36778327,-0.00852472,0.361330
2,961,0.00596100,0.52402360,2.35978254,1.56185230,0.80645508,2.36830738,-0.00852484,0.361255
2,962,0.00596200,0.52410430,2.36030660,1.56235490,0.80647674,2.36883164,-0.00852504,0.361184
2,963,0.00596300,0.52418493,2.36083075,1.56285740,0.80649862,2.36935602,-0.00852527,0.361113
2,964,0.00596400,0.52426551,2.36135497,1.56335970,0.80652066,2.36988036,-0.00852539,0.361038
2,965,0.00596500,0.52434607,2.36187928,1.56386210,0.80654275,2.37040485,-0.00852557,0.360966
2,966,0.00596600,0.52442660,2.36240366,1.56436460,0.80656491,2.37092951,-0.00852585,0.360897
2,967,0.00596700,0.52450712,2.36292813,1.56486700,0.80658713,2.37145413,-0.00852600,0.360824
2,968,0.00596800,0.52458761,2.36345268,1.56536940,0.80660945,2.37197885,-0.00852617,0.360751
2,969,0.00596900,0.52466805,2.36397730,1.56587180,0.80663189,2.37250369,-0.00852639,0.360680
2,970,0.00597000,0.52474847,2.36450201,1.56637420,0.80665440,2.37302860,-0.00852659,0.360608
2,971,0.00597100,0.52482886,2.36502680,1.56687650,0.80667702,2.37355352,-0.00852672,0.360534
2,972,0.00597200,0.52490921,2.36555167,1.56737890,0.80669972,2.37407862,-0.00852695,0.360463
2,973,0.00597300,0.52498951,2.36607662,1.56788120,0.80672263,2.37460383,-0.00852721,0.360394
2,974,0.00597400,0.52506977,2.36660165,1.56838340,0.80674567,2.37512907,-0.00852742,0.360323
2,975,0.00597500,0.52514999,2.36712676,1.56888560,0.80676881,2.37565441,-0.00852765,0.360253
2,976,0.00597600,0.52523020,2.36765195,1.56938780,0.80679201,2.37617981,-0.00852786,0.360182
2,977,0.00597700,0.52531040,2.36817722,1.56989010,0.80681524,2.37670534,-0.00852812,0.360113
2,978,0.00597800,0.52539058,2.36870257,1.57039250,0.80683849,2.37723099,-0.00852842,0.360046
2,979,0.00597900,0.52547076,2.36922800,1.57089480,0.80686178,2.37775658,-0.00852858,0.359973
2,980,0.00598000,0.52555090,2.36975351,1.57139720,0.80688516,2.37828236,-0.00852885,0.359904
2,981,0.00598100,0.52563103,2.37027910,1.57189960,0.80690859,2.37880819,-0.00852909,0.359835
2,982,0.00598200,0.52571114,2.37080477,1.57240200,0.80693206,2.37933406,-0.00852929,0.359763
2,983,0.00598300,0.52579125,2.37133053,1.57290450,0.80695555,2.37986005,-0.00852952,0.359694
2,984,0.00598400,0.52587134,2.37185636,1.57340700,0.80697910,2.38038610,-0.00852974,0.359623
2,985,0.00598500,0.52595140,2.37238227,1.57390960,0.80700272,2.38091232,-0.00853005,0.359556
2,986,0.00598600,0.52603144,2.37290826,1.57441210,0.80702643,2.38143853,-0.00853027,0.359486
2,987,0.00598700,0.52611145,2.37343433,1.57491460,0.80705019,2.38196479,-0.00853046,0.359414
2,988,0.00598800,0.52619145,2.37396048,1.57541720,0.80707401,2.38249121,-0.00853073,0.359346
2,989,0.00598900,0.52627142,2.37448671,1.57591980,0.80709790,2.38301770,-0.00853099,0.359277
2,990,0.00599000,0.52635137,2.37501302,1.57642240,0.80712185,2.38354425,-0.00853123,0.359208
2,991,0.00599100,0.52643129,2.37553942,1.57692490,0.80714591,2.38407081,-0.00853139,0.359135
2,992,0.00599200,0.52651117,2.37606589,1.57742750,0.80717008,2.38459758,-0.00853169,0.359068
2,993,0.00599300,0.52659100,2.37659244,1.57792990,0.80719441,2.38512431,-0.00853187,0.358996
2,994,0.00599400,0.52667077,2.37711907,1.57843230,0.80721892,2.38565122,-0.00853215,0.358928
2,995,0.00599500,0.52675051,2.37764578,1.57893470,0.80724349,2.38617819,-0.00853241,0.358860
2,996,0.00599600,0.52683025,2.37817257,1.57943710,0.80726810,2.38670520,-0.00853263,0.358789
2,997,0.00599700,0.52690995,2.37869944,1.57993950,0.80729282,2.38723232,-0.00853288,0.358720
2,998,0.00599800,0.52698960,2.37922639,1.58044180,0.80731767,2.38775947,-0.00853308,0.358649
2,999,0.00599900,0.52706923,2.37975342,1.58094420,0.80734259,2.38828679,-0.00853337,0.358582
2,1000,0.00600000,0.52714884,2.38028053,1.58144650,0.80736759,2.38881409,-0.00853356,0.358511
2,1001,0.00600100,0.52722838,2.38080772,1.58194880,0.80739276,2.38934156,-0.00853384,0.358443
2,1002,0.00600200,0.52730789,2.38133499,1.58245100,0.80741805,2.38986905,-0.00853406,0.358373
2,1003,0.00600300,0.52738734,2.38186233,1.58295310,0.80744350,2.39039660,-0.00853427,0.358302
2,1004,0.00600400,0.52746673,2.38238976,1.58345510,0.80746914,2.39092424,-0.00853448,0.358232
2,1005,0.00600500,0.52754610,2.38291727,1.58395720,0.80749484,2.39145204,-0.00853477,0.358165
2,1006,0.00600600,0.52762547,2.38344485,1.58445930,0.80752054,2.39197984,-0.00853499,0.358095
2,1007,0.00600700,0.52770483,2.38397252,1.58496150,0.80754627,2.39250777,-0.00853525,0.358026
2,1008,0.00600800,0.52778418,2.38450026,1.58546370,0.80757203,2.39303573,-0.00853547,0.357956
2,1009,0.00600900,0.52786348,2.38502809,1.58596580,0.80759792,2.39356372,-0.00853563,0.357884
2,1010,0.00601000,0.52794272,2.38555599,1.58646790,0.80762401,2.39409191,-0.00853592,0.357817
2,1011,0.00601100,0.52802192,2.38608397,1.58696990,0.80765020,2.39462010,-0.00853613,0.357746
2,1012,0.00601200,0.52810111,2.38661203,1.58747190,0.80767645,2.39514835,-0.00853632,0.357675
2,1013,0.00601300,0.52818024,2.38714017,1.58797390,0.80770291,2.39567681,-0.00853664,0.357609
2,1014,0.00601400,0.52825931,2.38766839,1.58847570,0.80772954,2.39620524,-0.00853685,0.357539
2,1015,0.00601500,0.52833833,2.38819669,1.58897750,0.80775634,2.39673384,-0.00853715,0.357473
2,1016,0.00601600,0.52841729,2.38872507,1.58947920,0.80778331,2.39726251,-0.00853744,0.357406
2,1017,0.00601700,0.52849619,2.38925353,1.58998080,0.80781046,2.39779126,-0.00853773,0.357339
2,1018,0.00601800,0.52857505,2.38978206,1.59048230,0.80783774,2.39832004,-0.00853798,0.357270
2,1019,0.00601900,0.52865389,2.39031068,1.59098390,0.80786507,2.39884897,-0.00853829,0.357204
2,1020,0.00602000,0.52873272,2.39083937,1.59148550,0.80789243,2.39937793,-0.00853856,0.357136
2,1021,0.00602100,0.52881154,2.39136814,1.59198710,0.80791982,2.39990692,-0.00853878,0.357067
2,1022,0.00602200,0.52889033,2.39189699,1.59248880,0.80794728,2.40043608,-0.00853909,0.357001
2,1023,0.00602300,0.52896907,2.39242592,1.59299040,0.80797490,2.40096530,-0.00853938,0.356934
2,1024,0.00602400,0.52904768,2.39295493,1.59349160,0.80800295,2.40149455,-0.00853962,0.356865
2,1025,0.00602500,0.52912616,2.39348402,1.59399260,0.80803139,2.40202399,-0.00853997,0.356801
2,1026,0.00602600,0.52920460,2.39401318,1.59449350,0.80805995,2.40255345,-0.00854027,0.356734
2,1027,0.00602700,0.52928305,2.39454243,1.59499450,0.80808849,2.40308299,-0.00854056,0.356668
2,1028,0.00602800,0.52936150,2.39507175,1.59549560,0.80811700,2.40361260,-0.00854085,0.356601
2,1029,0.00602900,0.52943993,2.39560115,1.59599670,0.80814561,2.40414231,-0.00854116,0.356535
2,1030,0.00603000,0.52951820,2.39613063,1.59649740,0.80817466,2.40467206,-0.00854143,0.356468
2,1031,0.00603100,0.52959636,2.39666019,1.59699780,0.80820408,2.40520188,-0.00854169,0.356400
2,1032,0.00603200,0.52967446,2.39718982,1.59749820,0.80823366,2.40573186,-0.00854204,0.356335
2,1033,0.00603300,0.52975253,2.39771954,1.59799850,0.80826332,2.40626182,-0.00854228,0.356267
2,1034,0.00603400,0.52983048,2.39824933,1.59849860,0.80829336,2.40679196,-0.00854263,0.356203
2,1035,0.00603500,0.52990829,2.39877920,1.59899830,0.80832380,2.40732210,-0.00854290,0.356135
2,1036,0.00603600,0.52998601,2.39930914,1.59949780,0.80835455,2.40785235,-0.00854321,0.356069
2,1037,0.00603700,0.53006359,2.39983917,1.59999700,0.80838568,2.40838268,-0.00854351,0.356004
2,1038,0.00603800,0.53014107,2.40036927,1.60049590,0.80841716,2.40891306,-0.00854379,0.355936
2,1039,0.00603900,0.53021849,2.40089945,1.60099470,0.80844882,2.40944352,-0.00854407,0.355870
2,1040,0.00604000,0.53029589,2.40142971,1.60149360,0.80848054,2.40997414,-0.00854443,0.355806
2,1041,0.00604100,0.53037328,2.40196004,1.60199250,0.80851228,2.41050478,-0.00854474,0.355740
2,1042,0.00604200,0.53045046,2.40249045,1.60249080,0.80854469,2.41103549,-0.00854504,0.355674
2,1043,0.00604300,0.53052728,2.40302094,1.60298820,0.80857822,2.41156642,-0.00854548,0.355614
2,1044,0.00604400,0.53060385,2.40355151,1.60348480,0.80861251,2.41209731,-0.00854580,0.355549
2,1045,0.00604500,0.53068026,2.40408215,1.60398110,0.80864729,2.41262839,-0.00854624,0.355489
2,1046,0.00604600,0.53075661,2.40461287,1.60447720,0.80868222,2.41315942,-0.00854655,0.355423
2,1047,0.00604700,0.53083296,2.40514366,1.60497340,0.80871719,2.41369059,-0.00854693,0.355360
2,1048,0.00604800,0.53090925,2.40567453,1.60546960,0.80875235,2.41422195,-0.00854742,0.355302
2,1049,0.00604900,0.53098544,2.40620548,1.60596550,0.80878781,2.41475331,-0.00854783,0.355241
2,1050,0.00605000,0.53106154,2.40673651,1.60646120,0.80882355,2.41528475,-0.00854824,0.355180
2,1051,0.00605100,0.53113758,2.40726761,1.60695680,0.80885946,2.41581626,-0.00854865,0.355119
2,1052,0.00605200,0.53121360,2.40779878,1.60745230,0.80889545,2.41634775,-0.00854897,0.355053
2,1053,0.00605300,0.53128959,2.40833003,1.60794790,0.80893151,2.41687941,-0.00854938,0.354992
2,1054,0.00605400,0.53136551,2.40886136,1.60844340,0.80896777,2.41741117,-0.00854981,0.354932
2,1055,0.00605500,0.53144137,2.40939276,1.60893870,0.80900423,2.41794293,-0.00855017,0.354868
2,1056,0.00605600,0.53151715,2.40992424,1.60943390,0.80904093,2.41847483,-0.00855059,0.354807
2,1057,0.00605700,0.53159274,2.41045580,1.60992860,0.80907818,2.41900678,-0.00855098,0.354745
2,1058,0.00605800,0.53166810,2.41098743,1.61042260,0.80911615,2.41953875,-0.00855132,0.354681
2,1059,0.00605900,0.53174329,2.41151913,1.61091630,0.80915461,2.42007091,-0.00855178,0.354622
2,1060,0.00606000,0.53181844,2.41205091,1.61140990,0.80919322,2.42060312,-0.00855221,0.354562
2,1061,0.00606100,0.53189351,2.41258277,1.61190330,0.80923205,2.42113535,-0.00855258,0.354499
2,1062,0.00606200,0.53196834,2.41311470,1.61239600,0.80927160,2.42166760,-0.00855290,0.354434
2,1063,0.00606300,0.53204291,2.41364671,1.61288810,0.80931196,2.42220006,-0.00855335,0.354375
2,1064,0.00606400,0.53211728,2.41417879,1.61337960,0.80935289,2.42273249,-0.00855370,0.354311
2,1065,0.00606500,0.53219154,2.41471094,1.61387080,0.80939417,2.42326497,-0.00855403,0.354246
2,1066,0.00606600,0.53226555,2.41524317,1.61436140,0.80943618,2.42379758,-0.00855441,0.354184
2,1067,0.00606700,0.53233920,2.41577547,1.61485090,0.80947929,2.42433019,-0.00855472,0.354119
2,1068,0.00606800,0.53241230,2.41630785,1.61533890,0.80952401,2.42486291,-0.00855506,0.354055
2,1069,0.00606900,0.53248492,2.41684030,1.61582540,0.80957020,2.42539560,-0.00855530,0.353987
2,1070,0.00607000,0.53255724,2.41737282,1.61631120,0.80961729,2.42592849,-0.00855567,0.353924
2,1071,0.00607100,0.53262948,2.41790541,1.61679670,0.80966463,2.42646133,-0.00855592,0.353857
2,1072,0.00607200,0.53270180,2.41843808,1.61728260,0.80971172,2.42699432,-0.00855624,0.353792
2,1073,0.00607300,0.53277411,2.41897082,1.61776850,0.80975885,2.42752735,-0.00855653,0.353726
2,1074,0.00607400,0.53284626,2.41950363,1.61825400,0.80980647,2.42806047,-0.00855684,0.353661
2,1075,0.00607500,0.53291823,2.42003651,1.61873910,0.80985464,2.42859374,-0.00855723,0.353599
2,1076,0.00607600,0.53299006,2.42056946,1.61922380,0.80990323,2.42912703,-0.00855757,0.353535
2,1077,0.00607700,0.53306181,2.42110249,1.61970830,0.80995206,2.42966036,-0.00855787,0.353470
2,1078,0.00607800,0.53313352,2.42163559,1.62019270,0.81000101,2.43019371,-0.00855812,0.353403
2,1079,0.00607900,0.53320521,2.42216875,1.62067720,0.81005000,2.43072720,-0.00855845,0.353338
2,1080,0.00608000,0.53327692,2.42270200,1.62116180,0.81009894,2.43126074,-0.00855874,0.353273
2,1081,0.00608100,0.53334865,2.42323531,1.62164650,0.81014781,2.43179431,-0.00855900,0.353206
2,1082,0.00608200,0.53342013,2.42376869,1.62213060,0.81019738,2.43232798,-0.00855929,0.353140
2,1083,0.00608300,0.53349110,2.42430215,1.62261310,0.81024848,2.43286158,-0.00855943,0.353068
2,1084,0.00608400,0.53356134,2.42483567,1.62309350,0.81030178,2.43339528,-0.00855961,0.352997
2,1085,0.00608500,0.53363070,2.42536927,1.62357130,0.81035771,2.43392901,-0.00855974,0.352925
2,1086,0.00608600,0.53369844,2.42590294,1.62404430,0.81041852,2.43446282,-0.00855988,0.352854
2,1087,0.00608700,0.53376391,2.42643667,1.62451030,0.81048621,2.43499651,-0.00855984,0.352774
2,1088,0.00608800,0.53382682,2.42697046,1.62496860,0.81056167,2.43553027,-0.00855981,0.352695
2,1089,0.00608900,0.53388545,2.42750432,1.62541390,0.81064998,2.43606388,-0.00855956,0.352607
2,1090,0.00609000,0.53393738,2.42803823,1.62583870,0.81075857,2.43659727,-0.00855904,0.352508
2,1091,0.00609100,0.53398039,2.42857219,1.62623620,0.81089427,2.43713047,-0.00855828,0.352400
2,1092,0.00609200,0.53401278,2.42910618,1.62660110,0.81106235,2.43766345,-0.00855727,0.352280
2,1093,0.00609300,0.53403330,2.42964021,1.62692940,0.81126673,2.43819613,-0.00855592,0.352148
2,1094,0.00609400,0.53404108,2.43017425,1.62721800,0.81151030,2.43872830,-0.00855405,0.351993
2,1095,0.00609500,0.53403563,2.43070828,1.62746520,0.81179488,2.43926008,-0.00855180,0.351823
2,1096,0.00609600,0.53401684,2.43124231,1.62767030,0.81212119,2.43979149,-0.00854918,0.351638
2,1097,0.00609700,0.53398501,2.43177631,1.62783350,0.81248878,2.44032228,-0.00854597,0.351429
2,1098,0.00609800,0.53394077,2.43231027,1.62795650,0.81289615,2.44085265,-0.00854238,0.351204
2,1099,0.00609900,0.53387167,2.43284418,1.62804070,0.81334176,2.44138246,-0.00853828,0.350959
2,1100,0.00610000,0.53379293,2.43337801,1.62806830,0.81384334,2.44191164,-0.00853363,0.350691
2,1101,0.00610100,0.53370664,2.43391176,1.62806670,0.81437363,2.44244033,-0.00852857,0.350406
2,1102,0.00610200,0.53361480,2.43444542,1.62804110,0.81492734,2.44296844,-0.00852302,0.350101
2,1103,0.00610300,0.53351931,2.43497899,1.62799750,0.81549884,2.44349634,-0.00851735,0.349792
2,1104,0.00610400,0.53340163,2.43551245,1.62794070,0.81608306,2.44402376,-0.00851131,0.349467
2,1105,0.00610500,0.53328465,2.43604579,1.62785130,0.81669945,2.44455075,-0.00850496,0.349130
2,1106,0.00610600,0.53317125,2.43657902,1.62776360,0.81731375,2.44507735,-0.00849833,0.348781
2,1107,0.00610700,0.53306365,2.43711214,1.62768450,0.81791946,2.44560396,-0.00849182,0.348438
2,1108,0.00610800,0.53294687,2.43764514,1.62761870,0.81851177,2.44613047,-0.00848533,0.348095
2,1109,0.00610900,0.53283907,2.43817804,1.62755680,0.81909997,2.44665677,-0.00847873,0.347749
2,1110,0.00611000,0.53274249,2.43871083,1.62752090,0.81966231,2.44718321,-0.00847238,0.347412
2,1111,0.00611100,0.53265852,2.43924353,1.62751580,0.82019396,2.44770976,-0.00846623,0.347084
2,1112,0.00611200,0.53257358,2.43977614,1.62754380,0.82069273,2.44823653,-0.00846039,0.346769
2,1113,0.00611300,0.53250221,2.44030868,1.62759290,0.82117050,2.44876340,-0.00845472,0.346461
2,1114,0.00611400,0.53244517,2.44084116,1.62768000,0.82161057,2.44929057,-0.00844941,0.346168
2,1115,0.00611500,0.53240251,2.44137358,1.62780630,0.82201174,2.44981804,-0.00844446,0.345890
2,1116,0.00611600,0.53237362,2.44190597,1.62797130,0.82237467,2.45034597,-0.00844000,0.345632
2,1117,0.00611700,0.53234369,2.44243833,1.62817230,0.82270197,2.45087427,-0.00843594,0.345390
2,1118,0.00611800,0.53232578,2.44297066,1.62838440,0.82301818,2.45140258,-0.00843192,0.345150
2,1119,0.00611900,0.53231890,2.44350298,1.62862750,0.82330376,2.45193126,-0.00842828,0.344926
2,1120,0.00612000,0.53232181,2.44403530,1.62889860,0.82356171,2.45246031,-0.00842501,0.344717
2,1121,0.00612100,0.53233292,2.44456763,1.62919350,0.82379621,2.45298971,-0.00842208,0.344522
2,1122,0.00612200,0.53234476,2.44509997,1.62950660,0.82401270,2.45351930,-0.00841933,0.344335
2,1123,0.00612300,0.53236139,2.44563232,1.62982430,0.82422466,2.45404896,-0.00841664,0.344150
2,1124,0.00612400,0.53238108,2.44616469,1.63015000,0.82442873,2.45457873,-0.00841404,0.343968
2,1125,0.00612500,0.53240207,2.44669709,1.63047870,0.82462977,2.45510847,-0.00841138,0.343785
2,1126,0.00612600,0.53242255,2.44722950,1.63080500,0.82483308,2.45563808,-0.00840858,0.343596
2,1127,0.00612700,0.53244076,2.44776193,1.63112370,0.82504388,2.45616758,-0.00840565,0.343401
2,1128,0.00612800,0.53245503,2.44829438,1.63142970,0.82526717,2.45669687,-0.00840249,0.343198
2,1129,0.00612900,0.53246380,2.44882684,1.63171820,0.82550761,2.45722581,-0.00839897,0.342979
2,1130,0.00613000,0.53245833,2.44935930,1.63198400,0.82577025,2.45775425,-0.00839495,0.342741
2,1131,0.00613100,0.53244500,2.44989175,1.63221000,0.82607188,2.45828188,-0.00839013,0.342469
2,1132,0.00613200,0.53242292,2.45042418,1.63240670,0.82640223,2.45880893,-0.00838475,0.342175
2,1133,0.00613300,0.53239138,2.45095659,1.63257170,0.82676351,2.45933521,-0.00837862,0.341851
2,1134,0.00613400,0.53234980,2.45148896,1.63270300,0.82715774,2.45986074,-0.00837178,0.341498
2,1135,0.00613500,0.53229771,2.45202129,1.63279870,0.82758668,2.46038538,-0.00836409,0.341110
2,1136,0.00613600,0.53222200,2.45255355,1.63285600,0.82805316,2.46090916,-0.00835561,0.340690
2,1137,0.00613700,0.53213514,2.45308572,1.63285660,0.82857509,2.46143169,-0.00834597,0.340223
2,1138,0.00613800,0.53203732,2.45361781,1.63281620,0.82913688,2.46195308,-0.00833527,0.339713
2,1139,0.00613900,0.53192849,2.45414979,1.63273370,0.82973977,2.46247347,-0.00832368,0.339167
2,1140,0.00614000,0.53179388,2.45468165,1.63260600,0.83038677,2.46299277,-0.00831112,0.338582
2,1141,0.00614100,0.53164701,2.45521337,1.63242200,0.83108863,2.46351063,-0.00829726,0.337944
2,1142,0.00614200,0.53148764,2.45574494,1.63218670,0.83184042,2.46402712,-0.00828218,0.337257
2,1143,0.00614300,0.53130152,2.45627634,1.63189140,0.83265056,2.46454196,-0.00826562,0.336510
2,1144,0.00614400,0.53109798,2.45680754,1.63152840,0.83352682,2.46505522,-0.00824768,0.335707
2,1145,0.00614500,0.53087506,2.45733852,1.63108390,0.83448249,2.46556639,-0.00822787,0.334828
2,1146,0.00614600,0.53060281,2.45786926,1.63054140,0.83553379,2.46607519,-0.00820593,0.333864
2,1147,0.00614700,0.53030040,2.45839971,1.62987570,0.83670533,2.46658103,-0.00818132,0.332790
2,1148,0.00614800,0.52995010,2.45892984,1.62906570,0.83801715,2.46708285,-0.00815301,0.331567
2,1149,0.00614900,0.52954156,2.45945958,1.62807470,0.83950511,2.46757981,-0.00812023,0.330163
2,1150,0.00615000,0.52905832,2.45998888,1.62685360,0.84121681,2.46807041,-0.00808153,0.328519
2,1151,0.00615100,0.52848017,2.46051765,1.62534010,0.84321212,2.46855222,-0.00803457,0.326540
2,1152,0.00615200,0.52778062,2.46104578,1.62345260,0.84556924,2.46902184,-0.00797606,0.324092
2,1153,0.00615300,0.52692567,2.46157314,1.62108630,0.84838798,2.46947428,-0.00790114,0.320979
2,1154,0.00615400,0.52587379,2.46209954,1.61811330,0.85178946,2.46990276,-0.00780322,0.316934
2,1155,0.00615500,0.52457644,2.46262476,1.61438370,0.85591455,2.47029825,-0.00767349,0.311598
2,1156,0.00615600,0.52297988,2.46314854,1.60973180,0.86092020,2.47065200,-0.00750346,0.304629
2,1157,0.00615700,0.52104320,2.46367055,1.60403130,0.86693346,2.47096476,-0.00729421,0.296071
2,1158,0.00615800,0.51875538,2.46419045,1.59724770,0.87400738,2.47125508,-0.00706463,0.286692
2,1159,0.00615900,0.51613063,2.46470789,1.58942410,0.88211551,2.47153961,-0.00683172,0.277182
2,1160,0.00616000,0.51315544,2.46522254,1.58051870,0.89127764,2.47179634,-0.00657380,0.266662
2,1161,0.00616100,0.50977490,2.46573400,1.57036150,0.90167622,2.47203772,-0.00630372,0.255653
2,1162,0.00616200,0.50605703,2.46624192,1.55916170,0.91312767,2.47228937,-0.00604745,0.245209
2,1163,0.00616300,0.50202792,2.46674596,1.54699900,0.92548238,2.47248138,-0.00573542,0.232510
2,1164,0.00616400,0.49773989,2.46724584,1.53403430,0.93862357,2.47265787,-0.00541203,0.219355
2,1165,0.00616500,0.49346001,2.46774144,1.52109040,0.95198736,2.47307776,-0.00533632,0.216243
2,1166,0.00616600,0.48915420,2.46823275,1.50806230,0.96558488,2.47364718,-0.00541443,0.219365
2,1167,0.00616700,0.48478594,2.46871972,1.49483740,0.97951125,2.47434865,-0.00562893,0.228010
2,1168,0.00616800,0.48031444,2.46920227,1.48128970,0.99387582,2.47516552,-0.00596325,0.241505
2,1169,0.00616900,0.47543817,2.46968015,1.46648900,1.00958740,2.47607640,-0.00639625,0.258991
2,1170,0.00617000,0.47020650,2.47015297,1.45058700,1.02632660,2.47691360,-0.00676063,0.273693
2,1171,0.00617100,0.46504938,2.47062060,1.43490990,1.04270750,2.47761740,-0.00699680,0.283200
2,1172,0.00617200,0.45991265,2.47108308,1.41929040,1.05903890,2.47832930,-0.00724622,0.293241
2,1173,0.00617300,0.45468306,2.47154038,1.40337920,1.07565680,2.47903600,-0.00749562,0.303277
2,1174,0.00617400,0.44937489,2.47199241,1.38722030,1.09254140,2.47976170,-0.00776929,0.314293
2,1175,0.00617500,0.44368462,2.47243894,1.36987630,1.11058660,2.48046290,-0.00802396,0.324536
2,1176,0.00617600,0.43784174,2.47287970,1.35205530,1.12941390,2.48146920,-0.00858950,0.347348
2,1177,0.00617700,0.43310081,2.47331517,1.33763180,1.14561250,2.48324430,-0.00992913,0.401450
2,1178,0.00617800,0.42926108,2.47374635,1.32598750,1.15893670,2.48492420,-0.01117785,0.451859
2,1179,0.00617900,0.42640297,2.47417418,1.31737200,1.16899310,2.48636510,-0.01219092,0.492727
2,1180,0.00618000,0.42469129,2.47459973,1.31229610,1.17510680,2.48740290,-0.01280317,0.517383
2,1181,0.00618100,0.42419260,2.47502417,1.31096720,1.17707500,2.48804220,-0.01301803,0.525976
2,1182,0.00618200,0.42426121,2.47544840,1.31139110,1.17707530,2.48846640,-0.01301800,0.525885
2,1183,0.00618300,0.42432952,2.47587269,1.31181470,1.17707600,2.48889070,-0.01301801,0.525795
2,1184,0.00618400,0.42439776,2.47629706,1.31223790,1.17707720,2.48931510,-0.01301804,0.525706
2,1185,0.00618500,0.42446589,2.47672149,1.31266080,1.17707870,2.48973950,-0.01301801,0.525615
2,1186,0.00618600,0.42453379,2.47714599,1.31308300,1.17708080,2.49016380,-0.01301781,0.525516
2,1187,0.00618700,0.42460149,2.47757056,1.31350470,1.17708350,2.49058820,-0.01301764,0.525420
2,1188,0.00618800,0.42466904,2.47799519,1.31392600,1.17708660,2.49101260,-0.01301741,0.525320
2,1189,0.00618900,0.42473638,2.47841990,1.31434670,1.17709050,2.49143720,-0.01301730,0.525226
2,1190,0.00619000,0.42480355,2.47884467,1.31476700,1.17709480,2.49186180,-0.01301713,0.525129
2,1191,0.00619100,0.42487060,2.47926950,1.31518690,1.17709960,2.49228650,-0.01301700,0.525034
2,1192,0.00619200,0.42493748,2.47969441,1.31560640,1.17710490,2.49271130,-0.01301689,0.524939
2,1193,0.00619300,0.42500415,2.48011938,1.31602540,1.17711070,2.49313610,-0.01301672,0.524843
2,1194,0.00619400,0.42507066,2.48054441,1.31644380,1.17711700,2.49356080,-0.01301639,0.524739
2,1195,0.00619500,0.42513696,2.48096952,1.31686170,1.17712400,2.49398570,-0.01301618,0.524641
2,1196,0.00619600,0.42520305,2.48139469,1.31727910,1.17713160,2.49441070,-0.01301601,0.524544
2,1197,0.00619700,0.42526901,2.48181992,1.31769600,1.17713960,2.49483560,-0.01301568,0.524441
2,1198,0.00619800,0.42533474,2.48224523,1.31811230,1.17714820,2.49526050,-0.01301527,0.524335
2,1199,0.00619900,0.42540026,2.48267059,1.31852810,1.17715730,2.49568540,-0.01301481,0.524226
2,1200,0.00620000,0.42546566,2.48309603,1.31894360,1.17716670,2.49611030,-0.01301427,0.524115
2,1201,0.00620100,0.42553101,2.48352153,1.31935890,1.17717630,2.49653520,-0.01301367,0.524001
2,1202,0.00620200,0.42559629,2.48394709,1.31977410,1.17718610,2.49696020,-0.01301311,0.523888
2,1203,0.00620300,0.42566148,2.48437272,1.32018910,1.17719620,2.49738530,-0.01301258,0.523777
2,1204,0.00620400,0.42572657,2.48479841,1.32060380,1.17720670,2.49781050,-0.01301209,0.523668
2,1205,0.00620500,0.42579159,2.48522417,1.32101840,1.17721740,2.49823580,-0.01301163,0.523560
2,1206,0.00620600,0.42585653,2.48565000,1.32143280,1.17722830,2.49866110,-0.01301110,0.523449
2,1207,0.00620700,0.42592139,2.48607588,1.32184700,1.17723950,2.49908650,-0.01301062,0.523339
2,1208,0.00620800,0.42598619,2.48650184,1.32226110,1.17725080,2.49951190,-0.01301006,0.523228
2,1209,0.00620900,0.42605097,2.48692786,1.32267530,1.17726220,2.49993750,-0.01300964,0.523121
2,1210,0.00621000,0.42611572,2.48735394,1.32308930,1.17727370,2.50036300,-0.01300906,0.523008
2,1211,0.00621100,0.42618039,2.48778009,1.32350320,1.17728540,2.50078860,-0.01300851,0.522896
2,1212,0.00621200,0.42624492,2.48820630,1.32391670,1.17729740,2.50121410,-0.01300780,0.522778
2,1213,0.00621300,0.42630934,2.48863258,1.32433000,1.17730970,2.50163970,-0.01300712,0.522661
2,1214,0.00621400,0.42637371,2.48905892,1.32474310,1.17732220,2.50206530,-0.01300638,0.522542
2,1215,0.00621500,0.42643803,2.48948532,1.32515620,1.17733490,2.50249110,-0.01300578,0.522428
2,1216,0.00621600,0.42650224,2.48991180,1.32556900,1.17734780,2.50291680,-0.01300500,0.522308
2,1217,0.00621700,0.42656636,2.49033833,1.32598150,1.17736100,2.50334250,-0.01300417,0.522185
2,1218,0.00621800,0.42663039,2.49076493,1.32639390,1.17737450,2.50376840,-0.01300347,0.522067
2,1219,0.00621900,0.42669432,2.49119159,1.32680600,1.17738830,2.50419430,-0.01300271,0.521947
2,1220,0.00622000,0.42675811,2.49161832,1.32721770,1.17740240,2.50462010,-0.01300178,0.521821
2,1221,0.00622100,0.42682175,2.49204511,1.32762910,1.17741680,2.50504590,-0.01300079,0.521692
2,1222,0.00622200,0.42688530,2.49247196,1.32804020,1.17743150,2.50547170,-0.01299974,0.521560
2,1223,0.00622300,0.42694881,2.49289888,1.32845120,1.17744640,2.50589760,-0.01299872,0.521430
2,1224,0.00622400,0.42701230,2.49332586,1.32886230,1.17746130,2.50632360,-0.01299774,0.521301
2,1225,0.00622500,0.42707578,2.49375290,1.32927340,1.17747620,2.50674960,-0.01299670,0.521170
2,1226,0.00622600,0.42713924,2.49418001,1.32968450,1.17749120,2.50717570,-0.01299569,0.521041
2,1227,0.00622700,0.42720260,2.49460718,1.33009530,1.17750650,2.50760180,-0.01299462,0.520908
2,1228,0.00622800,0.42726586,2.49503441,1.33050590,1.17752200,2.50802790,-0.01299349,0.520774
2,1229,0.00622900,0.42732908,2.49546171,1.33091640,1.17753760,2.50845400,-0.01299229,0.520637
2,1230,0.00623000,0.42739221,2.49588907,1.33132670,1.17755350,2.50888020,-0.01299113,0.520501
2,1231,0.00623100,0.42745531,2.49631650,1.33173700,1.17756960,2.50930660,-0.01299010,0.520371
2,1232,0.00623200,0.42751836,2.49674398,1.33214720,1.17758580,2.50973300,-0.01298902,0.520238
2,1233,0.00623300,0.42758136,2.49717153,1.33255730,1.17760220,2.51015950,-0.01298797,0.520107
2,1234,0.00623400,0.42764431,2.49759915,1.33296730,1.17761880,2.51058610,-0.01298695,0.519978
2,1235,0.00623500,0.42770722,2.49802682,1.33337730,1.17763550,2.51101280,-0.01298598,0.519849
2,1236,0.00623600,0.42777011,2.49845456,1.33378720,1.17765230,2.51143950,-0.01298494,0.519719
2,1237,0.00623700,0.42783296,2.49888236,1.33419710,1.17766930,2.51186640,-0.01298404,0.519594
2,1238,0.00623800,0.42789579,2.49931023,1.33460700,1.17768630,2.51229330,-0.01298307,0.519466
2,1239,0.00623900,0.42795859,2.49973815,1.33501680,1.17770330,2.51272010,-0.01298195,0.519332
2,1240,0.00624000,0.42802137,2.50016614,1.33542670,1.17772050,2.51314720,-0.01298106,0.519208
2,1241,0.00624100,0.42808413,2.50059420,1.33583650,1.17773770,2.51357420,-0.01298000,0.519077
2,1242,0.00624200,0.42814687,2.50102231,1.33624640,1.17775500,2.51400140,-0.01297909,0.518951
2,1243,0.00624300,0.42820959,2.50145049,1.33665620,1.17777240,2.51442860,-0.01297811,0.518823
2,1244,0.00624400,0.42827229,2.50187873,1.33706610,1.17778980,2.51485590,-0.01297717,0.518697
2,1245,0.00624500,0.42833497,2.50230703,1.33747590,1.17780720,2.51528310,-0.01297607,0.518564
2,1246,0.00624600,0.42839762,2.50273540,1.33788580,1.17782480,2.51571060,-0.01297520,0.518441
2,1247,0.00624700,0.42846026,2.50316383,1.33829560,1.17784240,2.51613800,-0.01297417,0.518311
2,1248,0.00624800,0.42852287,2.50359232,1.33870540,1.17786010,2.51656550,-0.01297318,0.518183
2,1249,0.00624900,0.42858544,2.50402088,1.33911520,1.17787790,2.51699310,-0.01297222,0.518056
2,1250,0.00625000,0.42864797,2.50444949,1.33952490,1.17789590,2.51742080,-0.01297131,0.517931
2,1251,0.00625100,0.42871047,2.50487817,1.33993460,1.17791390,2.51784850,-0.01297033,0.517803
2,1252,0.00625200,0.42877294,2.50530691,1.34034420,1.17793210,2.51827630,-0.01296939,0.517677
2,1253,0.00625300,0.42883540,2.50573572,1.34075390,1.17795030,2.51870420,-0.01296848,0.517552
2,1254,0.00625400,0.42889781,2.50616458,1.34116340,1.17796870,2.51913210,-0.01296752,0.517425
2,1255,0.00625500,0.42896019,2.50659351,1.34157300,1.17798720,2.51956020,-0.01296669,0.517303
2,1256,0.00625600,0.42902256,2.50702250,1.34198260,1.17800580,2.51998840,-0.01296590,0.517183
2,1257,0.00625700,0.42908490,2.50745156,1.34239210,1.17802440,2.52041650,-0.01296494,0.517057
2,1258,0.00625800,0.42914719,2.50788067,1.34280150,1.17804330,2.52084480,-0.01296413,0.516936
2,1259,0.00625900,0.42920943,2.50830985,1.34321090,1.17806220,2.52127310,-0.01296325,0.516812
2,1260,0.00626000,0.42927164,2.50873909,1.34362020,1.17808120,2.52170140,-0.01296231,0.516686
2,1261,0.00626100,0.42933384,2.50916840,1.34402960,1.17810020,2.52212980,-0.01296140,0.516562
2,1262,0.00626200,0.42939603,2.50959776,1.34443900,1.17811930,2.52255830,-0.01296054,0.516439
2,1263,0.00626300,0.42945820,2.51002719,1.34484840,1.17813840,2.52298680,-0.01295961,0.516314
2,1264,0.00626400,0.42952037,2.51045668,1.34525780,1.17815760,2.52341540,-0.01295872,0.516190
2,1265,0.00626500,0.42958252,2.51088623,1.34566730,1.17817680,2.52384410,-0.01295787,0.516068
2,1266,0.00626600,0.42964467,2.51131584,1.34607670,1.17819600,2.52427270,-0.01295686,0.515939
2,1267,0.00626700,0.42970679,2.51174552,1.34648620,1.17821520,2.52470140,-0.01295588,0.515812
2,1268,0.00626800,0.42976889,2.51217526,1.34689570,1.17823460,2.52513030,-0.01295504,0.515690
2,1269,0.00626900,0.42983097,2.51260506,1.34730520,1.17825400,2.52555920,-0.01295414,0.515566
2,1270,0.00627000,0.42989304,2.51303492,1.34771470,1.17827340,2.52598810,-0.01295318,0.515440
2,1271,0.00627100,0.42995507,2.51346484,1.34812410,1.17829300,2.52641710,-0.01295226,0.515315
2,1272,0.00627200,0.43001707,2.51389483,1.34853350,1.17831270,2.52684620,-0.01295137,0.515192
2,1273,0.00627300,0.43007905,2.51432488,1.34894290,1.17833240,2.52727530,-0.01295042,0.515066
2,1274,0.00627400,0.43014102,2.51475499,1.34935240,1.17835210,2.52770450,-0.01294951,0.514941
2,1275,0.00627500,0.43020298,2.51518516,1.34976180,1.17837200,2.52813380,-0.01294864,0.514819
2,1276,0.00627600,0.43026492,2.51561539,1.35017130,1.17839180,2.52856310,-0.01294771,0.514693
2,1277,0.00627700,0.43032685,2.51604569,1.35058080,1.17841170,2.52899250,-0.01294681,0.514570
2,1278,0.00627800,0.43038874,2.51647604,1.35099030,1.17843170,2.52942200,-0.01294596,0.514448
2,1279,0.00627900,0.43045061,2.51690646,1.35139970,1.17845180,2.52985150,-0.01294504,0.514323
2,1280,0.00628000,0.43051246,2.51733695,1.35180910,1.17847190,2.53028100,-0.01294405,0.514196
2,1281,0.00628100,0.43057428,2.51776749,1.35221850,1.17849210,2.53071060,-0.01294311,0.514071
2,1282,0.00628200,0.43063607,2.51819809,1.35262790,1.17851240,2.53114030,-0.01294221,0.513947
2,1283,0.00628300,0.43069782,2.51862876,1.35303720,1.17853290,2.53157010,-0.01294134,0.513825
2,1284,0.00628400,0.43075949,2.51905949,1.35344630,1.17855360,2.53199990,-0.01294041,0.513700
2,1285,0.00628500,0.43082110,2.51949028,1.35385530,1.17857440,2.53242970,-0.01293942,0.513573
2,1286,0.00628600,0.43088267,2.51992113,1.35426420,1.17859540,2.53285960,-0.01293847,0.513447
2,1287,0.00628700,0.43094424,2.52035205,1.35467320,1.17861640,2.53328960,-0.01293755,0.513323
2,1288,0.00628800,0.43100577,2.52078302,1.35508210,1.17863750,2.53371960,-0.01293658,0.513197
2,1289,0.00628900,0.43106728,2.52121406,1.35549110,1.17865870,2.53414980,-0.01293574,0.513076
2,1290,0.00629000,0.43112880,2.52164516,1.35590010,1.17867980,2.53457990,-0.01293474,0.512949
2,1291,0.00629100,0.43119025,2.52207632,1.35630890,1.17870120,2.53501010,-0.01293378,0.512823
2,1292,0.00629200,0.43125167,2.52250754,1.35671770,1.17872260,2.53544030,-0.01293276,0.512695
2,1293,0.00629300,0.43131307,2.52293882,1.35712660,1.17874410,2.53587070,-0.01293188,0.512572
2,1294,0.00629400,0.43137446,2.52337016,1.35753540,1.17876570,2.53630110,-0.01293094,0.512447
2,1295,0.00629500,0.43143583,2.52380157,1.35794430,1.17878730,2.53673160,-0.01293003,0.512324
2,1296,0.00629600,0.43149721,2.52423303,1.35835320,1.17880890,2.53716210,-0.01292907,0.512198
2,1297,0.00629700,0.43155857,2.52466456,1.35876210,1.17883050,2.53759260,-0.01292804,0.512070
2,1298,0.00629800,0.43161989,2.52509615,1.35917100,1.17885220,2.53802320,-0.01292705,0.511943
2,1299,0.00629900,0.43168120,2.52552780,1.35957990,1.17887400,2.53845390,-0.01292610,0.511818
2,1300,0.00630000,0.43174249,2.52595951,1.35998880,1.17889590,2.53888470,-0.01292519,0.511694
2,1301,0.00630100,0.43180377,2.52639129,1.36039780,1.17891780,2.53931560,-0.01292431,0.511572
2,1302,0.00630200,0.43186504,2.52682312,1.36080670,1.17893970,2.53974640,-0.01292328,0.511444
2,1303,0.00630300,0.43192628,2.52725502,1.36121570,1.17896170,2.54017740,-0.01292238,0.511321
2,1304,0.00630400,0.43198751,2.52768697,1.36162460,1.17898370,2.54060830,-0.01292133,0.511192
2,1305,0.00630500,0.43204874,2.52811899,1.36203360,1.17900580,2.54103940,-0.01292041,0.511068
2,1306,0.00630600,0.43210995,2.52855107,1.36244270,1.17902790,2.54147060,-0.01291953,0.510946
2,1307,0.00630700,0.43217115,2.52898321,1.36285170,1.17905000,2.54190170,-0.01291849,0.510817
2,1308,0.00630800,0.43223233,2.52941541,1.36326080,1.17907220,2.54233300,-0.01291759,0.510695
2,1309,0.00630900,0.43229349,2.52984768,1.36366980,1.17909450,2.54276430,-0.01291662,0.510569
2,1310,0.00631000,0.43235465,2.53028000,1.36407890,1.17911670,2.54319560,-0.01291560,0.510442
2,1311,0.00631100,0.43241577,2.53071239,1.36448800,1.17913910,2.54362710,-0.01291471,0.510319
2,1312,0.00631200,0.43247686,2.53114483,1.36489700,1.17916160,2.54405860,-0.01291377,0.510195
2,1313,0.00631300,0.43253792,2.53157734,1.36530590,1.17918420,2.54449010,-0.01291276,0.510068
2,1314,0.00631400,0.43259895,2.53200991,1.36571490,1.17920690,2.54492180,-0.01291189,0.509946
2,1315,0.00631500,0.43265997,2.53244254,1.36612390,1.17922960,2.54535350,-0.01291096,0.509823
2,1316,0.00631600,0.43272099,2.53287523,1.36653290,1.17925230,2.54578520,-0.01290997,0.509696
2,1317,0.00631700,0.43278199,2.53330798,1.36694190,1.17927510,2.54621700,-0.01290902,0.509572
2,1318,0.00631800,0.43284295,2.53374079,1.36735090,1.17929800,2.54664890,-0.01290811,0.509449
2,1319,0.00631900,0.43290390,2.53417366,1.36775990,1.17932090,2.54708080,-0.01290714,0.509323
2,1320,0.00632000,0.43296484,2.53460660,1.36816890,1.17934390,2.54751280,-0.01290620,0.509199
2,1321,0.00632100,0.43302576,2.53503959,1.36857790,1.17936690,2.54794480,-0.01290521,0.509073
2,1322,0.00632200,0.43308667,2.53547265,1.36898700,1.17939000,2.54837700,-0.01290435,0.508952
2,1323,0.00632300,0.43314757,2.53590577,1.36939610,1.17941300,2.54880910,-0.01290333,0.508825
2,1324,0.00632400,0.43320845,2.53633895,1.36980510,1.17943620,2.54924130,-0.01290235,0.508700
2,1325,0.00632500,0.43326930,2.53677218,1.37021420,1.17945950,2.54967370,-0.01290152,0.508580
2,1326,0.00632600,0.43333015,2.53720548,1.37062330,1.17948270,2.55010600,-0.01290052,0.508454
2,1327,0.00632700,0.43339100,2.53763884,1.37103240,1.17950600,2.55053840,-0.01289956,0.508329
2,1328,0.00632800,0.43345181,2.53807227,1.37144150,1.17952940,2.55097090,-0.01289863,0.508206
2,1329,0.00632900,0.43351260,2.53850575,1.37185060,1.17955280,2.55140340,-0.01289765,0.508080
2,1330,0.00633000,0.43357338,2.53893929,1.37225970,1.17957630,2.55183600,-0.01289671,0.507957
2,1331,0.00633100,0.43363416,2.53937290,1.37266890,1.17959970,2.55226860,-0.01289570,0.507830
2,1332,0.00633200,0.43369494,2.53980656,1.37307820,1.17962320,2.55270140,-0.01289484,0.507710
2,1333,0.00633300,0.43375570,2.54024029,1.37348740,1.17964670,2.55313410,-0.01289381,0.507582
2,1334,0.00633400,0.43381645,2.54067407,1.37389670,1.17967030,2.55356700,-0.01289293,0.507461
2,1335,0.00633500,0.43387719,2.54110792,1.37430600,1.17969390,2.55399990,-0.01289198,0.507337
2,1336,0.00633600,0.43393792,2.54154183,1.37471530,1.17971750,2.55443280,-0.01289097,0.507211
2,1337,0.00633700,0.43399863,2.54197579,1.37512470,1.17974120,2.55486590,-0.01289011,0.507090
2,1338,0.00633800,0.43405932,2.54240982,1.37553400,1.17976500,2.55529900,-0.01288918,0.506967
2,1339,0.00633900,0.43411999,2.54284391,1.37594330,1.17978880,2.55573210,-0.01288819,0.506841
2,1340,0.00634000,0.43418066,2.54327806,1.37635270,1.17981260,2.55616530,-0.01288724,0.506718
2,1341,0.00634100,0.43424132,2.54371227,1.37676210,1.17983640,2.55659850,-0.01288623,0.506591
2,1342,0.00634200,0.43430197,2.54414655,1.37717150,1.17986030,2.55703180,-0.01288525,0.506467
2,1343,0.00634300,0.43436260,2.54458088,1.37758100,1.17988430,2.55746530,-0.01288442,0.506348
2,1344,0.00634400,0.43442323,2.54501527,1.37799050,1.17990820,2.55789870,-0.01288343,0.506222
2,1345,0.00634500,0.43448381,2.54544972,1.37839990,1.17993230,2.55833220,-0.01288248,0.506098
2,1346,0.00634600,0.43454438,2.54588424,1.37880930,1.17995650,2.55876580,-0.01288156,0.505976
2,1347,0.00634700,0.43460494,2.54631881,1.37921880,1.17998060,2.55919940,-0.01288059,0.505851
2,1348,0.00634800,0.43466548,2.54675345,1.37962820,1.18000490,2.55963310,-0.01287965,0.505728
2,1349,0.00634900,0.43472600,2.54718814,1.38003770,1.18002910,2.56006680,-0.01287866,0.505603
2,1350,0.00635000,0.43478651,2.54762290,1.38044720,1.18005350,2.56050070,-0.01287780,0.505483
2,1351,0.00635100,0.43484700,2.54805772,1.38085670,1.18007790,2.56093460,-0.01287688,0.505361
2,1352,0.00635200,0.43490750,2.54849259,1.38126620,1.18010220,2.56136840,-0.01287581,0.505232
2,1353,0.00635300,0.43496795,2.54892753,1.38167570,1.18012670,2.56180240,-0.01287487,0.505109
2,1354,0.00635400,0.43502836,2.54936253,1.38208510,1.18015140,2.56223650,-0.01287397,0.504988
2,1355,0.00635500,0.43508876,2.54979759,1.38249450,1.18017610,2.56267060,-0.01287301,0.504864
2,1356,0.00635600,0.43514914,2.55023271,1.38290400,1.18020080,2.56310480,-0.01287209,0.504742
2,1357,0.00635700,0.43520949,2.55066789,1.38331340,1.18022570,2.56353910,-0.01287121,0.504621
2,1358,0.00635800,0.43526979,2.55110313,1.38372260,1.18025070,2.56397330,-0.01287017,0.504494
2,1359,0.00635900,0.43533000,2.55153843,1.38413170,1.18027600,2.56440770,-0.01286927,0.504373
2,1360,0.00636000,0.43539018,2.55197379,1.38454080,1.18030140,2.56484220,-0.01286841,0.504253
2,1361,0.00636100,0.43545036,2.55240921,1.38494990,1.18032680,2.56527670,-0.01286749,0.504131
2,1362,0.00636200,0.43551053,2.55284469,1.38535900,1.18035220,2.56571120,-0.01286651,0.504007
2,1363,0.00636300,0.43557069,2.55328023,1.38576810,1.18037770,2.56614580,-0.01286557,0.503884
2,1364,0.00636400,0.43563082,2.55371583,1.38617730,1.18040320,2.56658050,-0.01286467,0.503763
2,1365,0.00636500,0.43569086,2.55415149,1.38658620,1.18042900,2.56701520,-0.01286371,0.503639
2,1366,0.00636600,0.43575085,2.55458721,1.38699500,1.18045510,2.56745010,-0.01286289,0.503521
2,1367,0.00636700,0.43581082,2.55502299,1.38740370,1.18048120,2.56788490,-0.01286191,0.503397
2,1368,0.00636800,0.43587078,2.55545883,1.38781260,1.18050730,2.56831990,-0.01286107,0.503278
2,1369,0.00636900,0.43593071,2.55589473,1.38822130,1.18053350,2.56875480,-0.01286007,0.503153
2,1370,0.00637000,0.43599062,2.55633069,1.38863010,1.18055970,2.56918980,-0.01285911,0.503030
2,1371,0.00637100,0.43605053,2.55676671,1.38903900,1.18058600,2.56962500,-0.01285829,0.502912
2,1372,0.00637200,0.43611043,2.55720279,1.38944780,1.18061230,2.57006010,-0.01285731,0.502788
2,1373,0.00637300,0.43617032,2.55763893,1.38985670,1.18063860,2.57049530,-0.01285637,0.502665
2,1374,0.00637400,0.43623020,2.55807514,1.39026570,1.18066500,2.57093070,-0.01285556,0.502548
2,1375,0.00637500,0.43629007,2.55851140,1.39067460,1.18069140,2.57136600,-0.01285460,0.502425
2,1376,0.00637600,0.43634992,2.55894772,1.39108350,1.18071780,2.57180130,-0.01285358,0.502300
2,1377,0.00637700,0.43640973,2.55938410,1.39149240,1.18074440,2.57223680,-0.01285270,0.502180
2,1378,0.00637800,0.43646952,2.55982053,1.39190130,1.18077100,2.57267230,-0.01285177,0.502057
2,1379,0.00637900,0.43652931,2.56025703,1.39231020,1.18079770,2.57310790,-0.01285087,0.501937
2,1380,0.00638000,0.43658910,2.56069359,1.39271920,1.18082430,2.57354350,-0.01284991,0.501814
2,1381,0.00638100,0.43664888,2.56113021,1.39312830,1.18085100,2.57397930,-0.01284909,0.501696
2,1382,0.00638200,0.43670864,2.56156689,1.39353730,1.18087780,2.57441510,-0.01284821,0.501576
2,1383,0.00638300,0.43676838,2.56200363,1.39394630,1.18090460,2.57485090,-0.01284727,0.501454
2,1384,0.00638400,0.43682809,2.56244043,1.39435530,1.18093150,2.57528680,-0.01284637,0.501333
2,1385,0.00638500,0.43688779,2.56287729,1.39476430,1.18095840,2.57572270,-0.01284541,0.501211
2,1386,0.00638600,0.43694744,2.56331420,1.39517320,1.18098550,2.57615870,-0.01284450,0.501089
2,1387,0.00638700,0.43700704,2.56375118,1.39558200,1.18101270,2.57659470,-0.01284352,0.500966
2,1388,0.00638800,0.43706662,2.56418822,1.39599080,1.18104000,2.57703080,-0.01284258,0.500844
2,1389,0.00638900,0.43712618,2.56462531,1.39639960,1.18106740,2.57746700,-0.01284169,0.500724
2,1390,0.00639000,0.43718574,2.56506247,1.39680840,1.18109480,2.57790320,-0.01284073,0.500601
2,1391,0.00639100,0.43724529,2.56549969,1.39721730,1.18112220,2.57833950,-0.01283981,0.500480
2,1392,0.00639200,0.43730484,2.56593696,1.39762630,1.18114960,2.57877590,-0.01283894,0.500361
2,1393,0.00639300,0.43736437,2.56637429,1.39803520,1.18117710,2.57921230,-0.01283801,0.500239
2,1394,0.00639400,0.43742390,2.56681169,1.39844420,1.18120450,2.57964870,-0.01283701,0.500115
2,1395,0.00639500,0.43748342,2.56724914,1.39885320,1.18123200,2.58008520,-0.01283606,0.499993
2,1396,0.00639600,0.43754293,2.56768666,1.39926230,1.18125960,2.58052190,-0.01283524,0.499876
2,1397,0.00639700,0.43760234,2.56812423,1.39967110,1.18128740,2.58095850,-0.01283427,0.499753
2,1398,0.00639800,0.43766169,2.56856186,1.40007980,1.18131540,2.58139520,-0.01283334,0.499631
2,1399,0.00639900,0.43772103,2.56899955,1.40048840,1.18134350,2.58183190,-0.01283235,0.499508
2,1400,0.00640000,0.43778037,2.56943730,1.40089720,1.18137160,2.58226880,-0.01283150,0.499389
2,1401,0.00640100,0.43783971,2.56987511,1.40130600,1.18139970,2.58270570,-0.01283059,0.499269
2,1402,0.00640200,0.43789904,2.57031298,1.40171480,1.18142780,2.58314260,-0.01282962,0.499146
2,1403,0.00640300,0.43795836,2.57075091,1.40212370,1.18145590,2.58357960,-0.01282869,0.499025
2,1404,0.00640400,0.43801765,2.57118890,1.40253250,1.18148410,2.58401660,-0.01282770,0.498902
2,1405,0.00640500,0.43807692,2.57162695,1.40294130,1.18151240,2.58445370,-0.01282675,0.498780
2,1406,0.00640600,0.43813619,2.57206505,1.40335020,1.18154070,2.58489090,-0.01282585,0.498660
2,1407,0.00640700,0.43819545,2.57250322,1.40375910,1.18156900,2.58532810,-0.01282488,0.498537
2,1408,0.00640800,0.43825471,2.57294144,1.40416810,1.18159740,2.58576550,-0.01282406,0.498420
2,1409,0.00640900,0.43831395,2.57337973,1.40457710,1.18162570,2.58620280,-0.01282307,0.498297
2,1410,0.00641000,0.43837320,2.57381807,1.40498610,1.18165410,2.58664020,-0.01282213,0.498175
2,1411,0.00641100,0.43843243,2.57425647,1.40539520,1.18168250,2.58707770,-0.01282123,0.498055
2,1412,0.00641200,0.43849166,2.57469494,1.40580430,1.18171090,2.58751520,-0.01282026,0.497933
2,1413,0.00641300,0.43855088,2.57513346,1.40621340,1.18173940,2.58795280,-0.01281934,0.497813
2,1414,0.00641400,0.43861009,2.57557204,1.40662260,1.18176780,2.58839040,-0.01281836,0.497690
2,1415,0.00641500,0.43866929,2.57601068,1.40703180,1.18179630,2.58882810,-0.01281742,0.497569
2,1416,0.00641600,0.43872849,2.57644938,1.40744100,1.18182490,2.58926590,-0.01281652,0.497449
2,1417,0.00641700,0.43878760,2.57688813,1.40785000,1.18185360,2.58970360,-0.01281547,0.497323
2,1418,0.00641800,0.43884665,2.57732695,1.40825890,1.18188270,2.59014160,-0.01281465,0.497207
2,1419,0.00641900,0.43890566,2.57776583,1.40866770,1.18191180,2.59057950,-0.01281367,0.497084
2,1420,0.00642000,0.43896468,2.57820476,1.40907660,1.18194090,2.59101750,-0.01281274,0.496964
2,1421,0.00642100,0.43902370,2.57864376,1.40948560,1.18197000,2.59145560,-0.01281184,0.496844
2,1422,0.00642200,0.43908267,2.57908281,1.40989450,1.18199930,2.59189380,-0.01281099,0.496727
2,1423,0.00642300,0.43914162,2.57952192,1.41030330,1.18202870,2.59233200,-0.01281008,0.496607
2,1424,0.00642400,0.43920052,2.57996109,1.41071210,1.18205830,2.59277040,-0.01280931,0.496492
2,1425,0.00642500,0.43925940,2.58040032,1.41112080,1.18208790,2.59320870,-0.01280838,0.496372
2,1426,0.00642600,0.43931828,2.58083961,1.41152960,1.18211760,2.59364720,-0.01280759,0.496257
2,1427,0.00642700,0.43937710,2.58127896,1.41193830,1.18214740,2.59408570,-0.01280674,0.496139
2,1428,0.00642800,0.43943579,2.58171837,1.41234660,1.18217770,2.59452430,-0.01280593,0.496024
2,1429,0.00642900,0.43949438,2.58215783,1.41275470,1.18220820,2.59496290,-0.01280507,0.495906
2,1430,0.00643000,0.43955296,2.58259736,1.41316280,1.18223890,2.59540170,-0.01280434,0.495793
2,1431,0.00643100,0.43961155,2.58303694,1.41357090,1.18226940,2.59584030,-0.01280336,0.495671
2,1432,0.00643200,0.43967015,2.58347658,1.41397920,1.18230000,2.59627920,-0.01280262,0.495558
2,1433,0.00643300,0.43972875,2.58391628,1.41438750,1.18233050,2.59671800,-0.01280172,0.495439
2,1434,0.00643400,0.43978735,2.58435604,1.41479590,1.18236110,2.59715700,-0.01280096,0.495325
2,1435,0.00643500,0.43984590,2.58479585,1.41520420,1.18239180,2.59759600,-0.01280015,0.495209
2,1436,0.00643600,0.43990443,2.58523573,1.41561250,1.18242250,2.59803500,-0.01279927,0.495091
2,1437,0.00643700,0.43996295,2.58567566,1.41602070,1.18245330,2.59847400,-0.01279834,0.494971
2,1438,0.00643800,0.44002146,2.58611565,1.41642910,1.18248420,2.59891330,-0.01279765,0.494860
2,1439,0.00643900,0.44007996,2.58655570,1.41683740,1.18251500,2.59935240,-0.01279670,0.494739
2,1440,0.00644000,0.44013846,2.58699581,1.41724580,1.18254590,2.59979170,-0.01279589,0.494623
2,1441,0.00644100,0.44019694,2.58743598,1.41765420,1.18257680,2.60023100,-0.01279502,0.494506
2,1442,0.00644200,0.44025539,2.58787621,1.41806260,1.18260780,2.60067040,-0.01279419,0.494390
2,1443,0.00644300,0.44031382,2.58831649,1.41847100,1.18263890,2.60110990,-0.01279341,0.494275
2,1444,0.00644400,0.44037225,2.58875684,1.41887940,1.18267000,2.60154940,-0.01279256,0.494159
2,1445,0.00644500,0.44043066,2.58919724,1.41928780,1.18270110,2.60198890,-0.01279166,0.494040
2,1446,0.00644600,0.44048908,2.58963770,1.41969630,1.18273220,2.60242850,-0.01279080,0.493923
2,1447,0.00644700,0.44054749,2.59007821,1.42010480,1.18276340,2.60286820,-0.01278999,0.493807
2,1448,0.00644800,0.44060590,2.59051879,1.42051340,1.18279450,2.60330790,-0.01278911,0.493689
2,1449,0.00644900,0.44066430,2.59095943,1.42092200,1.18282570,2.60374770,-0.01278827,0.493573
2,1450,0.00645000,0.44072270,2.59140012,1.42133070,1.18285690,2.60418760,-0.01278748,0.493458
2,1451,0.00645100,0.44078108,2.59184087,1.42173940,1.18288810,2.60462750,-0.01278663,0.493342
2,1452,0.00645200,0.44083946,2.59228168,1.42214810,1.18291930,2.60506740,-0.01278572,0.493223
2,1453,0.00645300,0.44089782,2.59272255,1.42255680,1.18295060,2.60550740,-0.01278485,0.493105
2,1454,0.00645400,0.44095613,2.59316348,1.42296540,1.18298210,2.60594750,-0.01278402,0.492989
2,1455,0.00645500,0.44101441,2.59360446,1.42337400,1.18301360,2.60638760,-0.01278314,0.492871
2,1456,0.00645600,0.44107263,2.59404551,1.42378240,1.18304540,2.60682780,-0.01278229,0.492755
2,1457,0.00645700,0.44113076,2.59448661,1.42419070,1.18307740,2.60726810,-0.01278149,0.492640
2,1458,0.00645800,0.44118876,2.59492777,1.42459850,1.18310980,2.60770830,-0.01278053,0.492520
2,1459,0.00645900,0.44124670,2.59536899,1.42500620,1.18314240,2.60814860,-0.01277961,0.492401
2,1460,0.00646000,0.44130463,2.59581026,1.42541400,1.18317510,2.60858910,-0.01277884,0.492287
2,1461,0.00646100,0.44136255,2.59625159,1.42582170,1.18320780,2.60902950,-0.01277791,0.492167
2,1462,0.00646200,0.44142046,2.59669299,1.42622950,1.18324050,2.60947000,-0.01277701,0.492049
2,1463,0.00646300,0.44147837,2.59713444,1.42663740,1.18327320,2.60991060,-0.01277616,0.491933
2,1464,0.00646400,0.44153628,2.59757594,1.42704530,1.18330600,2.61035130,-0.01277536,0.491818
2,1465,0.00646500,0.44159416,2.59801751,1.42745310,1.18333880,2.61079190,-0.01277439,0.491698
2,1466,0.00646600,0.44165201,2.59845913,1.42786090,1.18337170,2.61123260,-0.01277347,0.491579
2,1467,0.00646700,0.44170984,2.59890081,1.42826880,1.18340460,2.61167340,-0.01277259,0.491461
2,1468,0.00646800,0.44176766,2.59934255,1.42867660,1.18343760,2.61211420,-0.01277165,0.491342
2,1469,0.00646900,0.44182547,2.59978435,1.42908450,1.18347070,2.61255520,-0.01277085,0.491227
2,1470,0.00647000,0.44188318,2.60022620,1.42949210,1.18350400,2.61299610,-0.01276990,0.491107
2,1471,0.00647100,0.44194080,2.60066811,1.42989950,1.18353770,2.61343720,-0.01276909,0.490993
2,1472,0.00647200,0.44199838,2.60111008,1.43030680,1.18357150,2.61387830,-0.01276822,0.490876
2,1473,0.00647300,0.44205595,2.60155211,1.43071410,1.18360530,2.61431940,-0.01276729,0.490757
2,1474,0.00647400,0.44211353,2.60199420,1.43112150,1.18363910,2.61476060,-0.01276640,0.490639
2,1475,0.00647500,0.44217111,2.60243634,1.43152900,1.18367290,2.61520190,-0.01276556,0.490524
2,1476,0.00647600,0.44222858,2.60287854,1.43193610,1.18370700,2.61564310,-0.01276456,0.490402
2,1477,0.00647700,0.44228589,2.60332079,1.43234290,1.18374160,2.61608450,-0.01276371,0.490286
2,1478,0.00647800,0.44234306,2.60376311,1.43274920,1.18377670,2.61652590,-0.01276279,0.490167
2,1479,0.00647900,0.44240007,2.60420548,1.43315500,1.18381230,2.61696730,-0.01276182,0.490047
2,1480,0.00648000,0.44245700,2.60464791,1.43356070,1.18384820,2.61740890,-0.01276099,0.489931
2,1481,0.00648100,0.44251390,2.60509039,1.43396630,1.18388410,2.61785040,-0.01276001,0.489810
2,1482,0.00648200,0.44257083,2.60553294,1.43437200,1.18391990,2.61829190,-0.01275896,0.489687
2,1483,0.00648300,0.44262777,2.60597554,1.43477790,1.18395580,2.61873370,-0.01275816,0.489573
2,1484,0.00648400,0.44268471,2.60641819,1.43518380,1.18399160,2.61917540,-0.01275721,0.489454
2,1485,0.00648500,0.44274164,2.60686091,1.43558970,1.18402740,2.61961710,-0.01275619,0.489332
2,1486,0.00648600,0.44279854,2.60730368,1.43599570,1.18406330,2.62005900,-0.01275532,0.489215
2,1487,0.00648700,0.44285543,2.60774650,1.43640160,1.18409930,2.62050090,-0.01275440,0.489096
2,1488,0.00648800,0.44291231,2.60818939,1.43680750,1.18413530,2.62094280,-0.01275341,0.488976
2,1489,0.00648900,0.44296918,2.60863233,1.43721350,1.18417130,2.62138480,-0.01275247,0.488857
2,1490,0.00649000,0.44302603,2.60907533,1.43761950,1.18420730,2.62182680,-0.01275147,0.488735
2,1491,0.00649100,0.44308282,2.60951838,1.43802530,1.18424360,2.62226890,-0.01275052,0.488616
2,1492,0.00649200,0.44313957,2.60996149,1.43843100,1.18428000,2.62271100,-0.01274951,0.488494
2,1493,0.00649300,0.44319629,2.61040466,1.43883680,1.18431650,2.62315330,-0.01274864,0.488378
2,1494,0.00649400,0.44325302,2.61084788,1.43924260,1.18435300,2.62359560,-0.01274772,0.488260
2,1495,0.00649500,0.44330975,2.61129116,1.43964840,1.18438950,2.62403790,-0.01274674,0.488139
2,1496,0.00649600,0.44336647,2.61173450,1.44005430,1.18442590,2.62448020,-0.01274570,0.488017
2,1497,0.00649700,0.44342319,2.61217790,1.44046020,1.18446240,2.62492260,-0.01274470,0.487896
2,1498,0.00649800,0.44347990,2.61262135,1.44086620,1.18449890,2.62536510,-0.01274375,0.487776
2,1499,0.00649900,0.44353660,2.61306486,1.44127220,1.18453550,2.62580770,-0.01274284,0.487659
2,1500,0.00650000,0.44359327,2.61350842,1.44167810,1.18457220,2.62625030,-0.01274188,0.487539
2,1501,0.00650100,0.44364983,2.61395204,1.44208380,1.18460910,2.62669290,-0.01274086,0.487417
2,1502,0.00650200,0.44370633,2.61439572,1.44248930,1.18464640,2.62713570,-0.01273998,0.487301
2,1503,0.00650300,0.44376279,2.61483946,1.44289470,1.18468370,2.62757840,-0.01273894,0.487179
2,1504,0.00650400,0.44381927,2.61528325,1.44330030,1.18472090,2.62802120,-0.01273795,0.487058
2,1505,0.00650500,0.44387577,2.61572710,1.44370590,1.18475810,2.62846400,-0.01273690,0.486936
2,1506,0.00650600,0.44393226,2.61617100,1.44411160,1.18479540,2.62890700,-0.01273600,0.486818
2,1507,0.00650700,0.44398874,2.61661496,1.44451730,1.18483260,2.62934990,-0.01273494,0.486695
2,1508,0.00650800,0.44404520,2.61705898,1.44492310,1.18486990,2.62979300,-0.01273402,0.486578
2,1509,0.00650900,0.44410166,2.61750305,1.44532880,1.18490730,2.63023610,-0.01273305,0.486458
2,1510,0.00651000,0.44415810,2.61794718,1.44573460,1.18494460,2.63067920,-0.01273202,0.486336
2,1511,0.00651100,0.44421454,2.61839137,1.44614040,1.18498200,2.63112240,-0.01273103,0.486216
2,1512,0.00651200,0.44427098,2.61883561,1.44654630,1.18501940,2.63156570,-0.01273009,0.486097
2,1513,0.00651300,0.44432740,2.61927991,1.44695220,1.18505680,2.63200900,-0.01272909,0.485977
2,1514,0.00651400,0.44438382,2.61972426,1.44735810,1.18509430,2.63245240,-0.01272814,0.485858
2,1515,0.00651500,0.44444022,2.62016868,1.44776400,1.18513170,2.63289570,-0.01272702,0.485733
2,1516,0.00651600,0.44449660,2.62061314,1.44816990,1.18516930,2.63333920,-0.01272606,0.485614
2,1517,0.00651700,0.44455280,2.62105767,1.44857530,1.18520750,2.63378280,-0.01272513,0.485496
2,1518,0.00651800,0.44460890,2.62150225,1.44898040,1.18524590,2.63422630,-0.01272405,0.485372
2,1519,0.00651900,0.44466498,2.62194689,1.44938550,1.18528450,2.63467000,-0.01272311,0.485254
2,1520,0.00652000,0.44472107,2.62239158,1.44979070,1.18532300,2.63511370,-0.01272212,0.485134
2,1521,0.00652100,0.44477717,2.62283633,1.45019590,1.18536140,2.63555730,-0.01272097,0.485008
2,1522,0.00652200,0.44483327,2.62328113,1.45060130,1.18539990,2.63600120,-0.01272007,0.484891
2,1523,0.00652300,0.44488935,2.62372600,1.45100660,1.18543840,2.63644500,-0.01271900,0.484769
2,1524,0.00652400,0.44494524,2.62417091,1.45141140,1.18547760,2.63688900,-0.01271809,0.484652
2,1525,0.00652500,0.44500094,2.62461589,1.45181560,1.18551730,2.63733290,-0.01271701,0.484529
2,1526,0.00652600,0.44505659,2.62506091,1.45221960,1.18555720,2.63777680,-0.01271589,0.484403
2,1527,0.00652700,0.44511225,2.62550600,1.45262380,1.18559710,2.63822090,-0.01271490,0.484284
2,1528,0.00652800,0.44516793,2.62595114,1.45302810,1.18563690,2.63866500,-0.01271386,0.484162
2,1529,0.00652900,0.44522363,2.62639634,1.45343250,1.18567670,2.63910920,-0.01271286,0.484042
2,1530,0.00653000,0.44527932,2.62684159,1.45383700,1.18571650,2.63955350,-0.01271191,0.483924
2,1531,0.00653100,0.44533498,2.62728689,1.45424140,1.18575630,2.63999770,-0.01271081,0.483800
2,1532,0.00653200,0.44539062,2.62773226,1.45464580,1.18579630,2.64044210,-0.01270984,0.483681
2,1533,0.00653300,0.44544625,2.62817767,1.45505020,1.18583620,2.64088640,-0.01270873,0.483557
2,1534,0.00653400,0.44550180,2.62862315,1.45545440,1.18587650,2.64133090,-0.01270775,0.483438
2,1535,0.00653500,0.44555718,2.62906868,1.45585810,1.18591730,2.64177540,-0.01270672,0.483316
2,1536,0.00653600,0.44561231,2.62951426,1.45626100,1.18595890,2.64221990,-0.01270564,0.483193
2,1537,0.00653700,0.44566722,2.62995990,1.45666330,1.18600110,2.64266440,-0.01270450,0.483068
2,1538,0.00653800,0.44572206,2.63040560,1.45706540,1.18604360,2.64310900,-0.01270340,0.482945
2,1539,0.00653900,0.44577689,2.63085135,1.45746750,1.18608620,2.64355370,-0.01270235,0.482823
2,1540,0.00654000,0.44583164,2.63129715,1.45786950,1.18612900,2.64399850,-0.01270135,0.482703
2,1541,0.00654100,0.44588632,2.63174301,1.45827120,1.18617200,2.64444320,-0.01270019,0.482577
2,1542,0.00654200,0.44594096,2.63218892,1.45867290,1.18621520,2.64488810,-0.01269918,0.482457
2,1543,0.00654300,0.44599559,2.63263489,1.45907460,1.18625840,2.64533300,-0.01269811,0.482335
2,1544,0.00654400,0.44605022,2.63308092,1.45947630,1.18630150,2.64577780,-0.01269688,0.482206
2,1545,0.00654500,0.44610487,2.63352699,1.45987820,1.18634470,2.64622290,-0.01269591,0.482088
2,1546,0.00654600,0.44615951,2.63397312,1.46028010,1.18638780,2.64666790,-0.01269478,0.481963
2,1547,0.00654700,0.44621401,2.63441931,1.46068150,1.18643150,2.64711300,-0.01269369,0.481840
2,1548,0.00654800,0.44626825,2.63486555,1.46108220,1.18647590,2.64755810,-0.01269255,0.481715
2,1549,0.00654900,0.44632228,2.63531185,1.46148230,1.18652110,2.64800340,-0.01269155,0.481596
2,1550,0.00655000,0.44637623,2.63575820,1.46188210,1.18656650,2.64844860,-0.01269040,0.481471
2,1551,0.00655100,0.44643017,2.63620460,1.46228200,1.18661190,2.64889390,-0.01268930,0.481347
2,1552,0.00655200,0.44648417,2.63665106,1.46268210,1.18665720,2.64933930,-0.01268824,0.481226
2,1553,0.00655300,0.44653822,2.63709757,1.46308240,1.18670220,2.64978460,-0.01268703,0.481098
2,1554,0.00655400,0.44659221,2.63754413,1.46348260,1.18674750,2.65023010,-0.01268597,0.480976
2,1555,0.00655500,0.44664576,2.63799075,1.46388140,1.18679420,2.65067560,-0.01268485,0.480853
2,1556,0.00655600,0.44669849,2.63843743,1.46427760,1.18684340,2.65112100,-0.01268357,0.480723
2,1557,0.00655700,0.44675022,2.63888415,1.46467060,1.18689580,2.65156640,-0.01268225,0.480591
2,1558,0.00655800,0.44680107,2.63933093,1.46506070,1.18695110,2.65201180,-0.01268087,0.480458
2,1559,0.00655900,0.44685118,2.63977775,1.46544840,1.18700880,2.65245720,-0.01267945,0.480323
2,1560,0.00656000,0.44690081,2.64022463,1.46583460,1.18706810,2.65290270,-0.01267807,0.480189
2,1561,0.00656100,0.44695026,2.64067155,1.46622030,1.18712790,2.65334820,-0.01267665,0.480054
2,1562,0.00656200,0.44699983,2.64111853,1.46660630,1.18718740,2.65379370,-0.01267517,0.479917
2,1563,0.00656300,0.44704966,2.64156555,1.46699340,1.18724600,2.65423940,-0.01267385,0.479785
2,1564,0.00656400,0.44709979,2.64201263,1.46738140,1.18730360,2.65468500,-0.01267237,0.479648
2,1565,0.00656500,0.44715014,2.64245975,1.46777030,1.18736050,2.65513080,-0.01267105,0.479517
2,1566,0.00656600,0.44720018,2.64290693,1.46815810,1.18741840,2.65557650,-0.01266957,0.479380
2,1567,0.00656700,0.44724947,2.64335415,1.46854360,1.18747860,2.65602220,-0.01266805,0.479241
2,1568,0.00656800,0.44729792,2.64380143,1.46892630,1.18754160,2.65646790,-0.01266647,0.479101
2,1569,0.00656900,0.44734567,2.64424875,1.46930680,1.18760680,2.65691360,-0.01266485,0.478958
2,1570,0.00657000,0.44739299,2.64469612,1.46968590,1.18767330,2.65735920,-0.01266308,0.478811
2,1571,0.00657100,0.44743983,2.64514353,1.47006350,1.18774140,2.65780490,-0.01266137,0.478665
2,1572,0.00657200,0.44748583,2.64559100,1.47043830,1.18781240,2.65825070,-0.01265970,0.478521
2,1573,0.00657300,0.44753044,2.64603850,1.47080860,1.18788790,2.65869650,-0.01265800,0.478375
2,1574,0.00657400,0.44757320,2.64648606,1.47117290,1.18796960,2.65914250,-0.01265644,0.478236
2,1575,0.00657500,0.44761404,2.64693365,1.47153090,1.18805750,2.65958840,-0.01265475,0.478091
2,1576,0.00657600,0.44765326,2.64738128,1.47188360,1.18815070,2.66003430,-0.01265302,0.477945
2,1577,0.00657700,0.44769110,2.64782896,1.47223170,1.18824840,2.66048010,-0.01265114,0.477793
2,1578,0.00657800,0.44772754,2.64827667,1.47257530,1.18835050,2.66092580,-0.01264913,0.477636
2,1579,0.00657900,0.44776275,2.64872441,1.47291480,1.18845650,2.66137130,-0.01264689,0.477471
2,1580,0.00658000,0.44779711,2.64917219,1.47325160,1.18856540,2.66181700,-0.01264481,0.477312
2,1581,0.00658100,0.44783082,2.64962000,1.47358630,1.18867620,2.66226250,-0.01264250,0.477144
2,1582,0.00658200,0.44786309,2.65006785,1.47391630,1.18879170,2.66270800,-0.01264015,0.476975
2,1583,0.00658300,0.44789170,2.65051573,1.47423400,1.18891920,2.66315320,-0.01263747,0.476793
2,1584,0.00658400,0.44791422,2.65096363,1.47453160,1.18906650,2.66359810,-0.01263447,0.476599
2,1585,0.00658500,0.44792878,2.65141155,1.47480280,1.18923980,2.66404260,-0.01263105,0.476390
2,1586,0.00658600,0.44793403,2.65185948,1.47504300,1.18944340,2.66448640,-0.01262692,0.476153
2,1587,0.00658700,0.44792913,2.65230742,1.47524930,1.18968030,2.66492960,-0.01262218,0.475894
2,1588,0.00658800,0.44791367,2.65275534,1.47542010,1.18995190,2.66537200,-0.01261666,0.475606
2,1589,0.00658900,0.44788766,2.65320324,1.47555530,1.19025840,2.66581370,-0.01261046,0.475292
2,1590,0.00659000,0.44785152,2.65365111,1.47565600,1.19059870,2.66625470,-0.01260359,0.474953
2,1591,0.00659100,0.44780572,2.65409894,1.47572340,1.19097170,2.66669510,-0.01259616,0.474593
2,1592,0.00659200,0.44775045,2.65454671,1.47575790,1.19137730,2.66713520,-0.01258849,0.474224
2,1593,0.00659300,0.44767605,2.65499443,1.47576230,1.19181270,2.66757500,-0.01258057,0.473846
2,1594,0.00659400,0.44759584,2.65544206,1.47572340,1.19229050,2.66801390,-0.01257184,0.473437
2,1595,0.00659500,0.44751179,2.65588962,1.47566630,1.19278590,2.66845220,-0.01256258,0.473008
2,1596,0.00659600,0.44742545,2.65633709,1.47559720,1.19329270,2.66888990,-0.01255281,0.472561
2,1597,0.00659700,0.44733819,2.65678447,1.47552090,1.19380630,2.66932720,-0.01254273,0.472102
2,1598,0.00659800,0.44723911,2.65723176,1.47544030,1.19432370,2.66976400,-0.01253224,0.471628
2,1599,0.00659900,0.44714196,2.65767895,1.47534480,1.19485530,2.67020010,-0.01252115,0.471131
2,1600,0.00660000,0.44704832,2.65812604,1.47525470,1.19538130,2.67063600,-0.01250996,0.470631
2,1601,0.00660100,0.44695927,2.65857305,1.47517470,1.19589710,2.67107180,-0.01249875,0.470130
2,1602,0.00660200,0.44687540,2.65901996,1.47510740,1.19640020,2.67150760,-0.01248764,0.469633
2,1603,0.00660300,0.44678329,2.65946679,1.47505360,1.19688980,2.67194340,-0.01247661,0.469139
2,1604,0.00660400,0.44669751,2.65991353,1.47499510,1.19738360,2.67237870,-0.01246517,0.468631
2,1605,0.00660500,0.44661865,2.66036019,1.47495400,1.19786000,2.67281400,-0.01245381,0.468125
2,1606,0.00660600,0.44654687,2.66080677,1.47493210,1.19831740,2.67324950,-0.01244273,0.467630
2,1607,0.00660700,0.44648181,2.66125329,1.47492900,1.19875620,2.67368520,-0.01243191,0.467145
2,1608,0.00660800,0.44641159,2.66169973,1.47494220,1.19917880,2.67412100,-0.01242127,0.466667
2,1609,0.00660900,0.44634735,2.66214611,1.47495470,1.19960190,2.67455660,-0.01241049,0.466183
2,1610,0.00661000,0.44628874,2.66259243,1.47498130,1.20001090,2.67499220,-0.01239977,0.465703
2,1611,0.00661100,0.44623515,2.66303869,1.47502140,1.20040650,2.67542790,-0.01238921,0.465228
2,1612,0.00661200,0.44618562,2.66348490,1.47507240,1.20079130,2.67586370,-0.01237880,0.464759
2,1613,0.00661300,0.44613914,2.66393107,1.47513150,1.20116800,2.67629950,-0.01236843,0.464293
2,1614,0.00661400,0.44608278,2.66437718,1.47519400,1.20154130,2.67673530,-0.01235812,0.463828
2,1615,0.00661500,0.44602786,2.66482323,1.47523700,1.20193320,2.67717020,-0.01234697,0.463332
2,1616,0.00661600,0.44597366,2.66526923,1.47527830,1.20232650,2.67760480,-0.01233557,0.462826
2,1617,0.00661700,0.44591945,2.66571518,1.47531670,1.20272240,2.67803910,-0.01232392,0.462312
2,1618,0.00661800,0.44586432,2.66616107,1.47534960,1.20312360,2.67847320,-0.01231213,0.461792
2,1619,0.00661900,0.44580745,2.66660691,1.47537440,1.20353220,2.67890660,-0.01229969,0.461249
2,1620,0.00662000,0.44573685,2.66705268,1.47538730,1.20395230,2.67933960,-0.01228692,0.460693
2,1621,0.00662100,0.44566356,2.66749838,1.47536910,1.20440220,2.67977130,-0.01227292,0.460091
2,1622,0.00662200,0.44558743,2.66794401,1.47533660,1.20486570,2.68020230,-0.01225829,0.459466
2,1623,0.00662300,0.44550833,2.66838955,1.47529030,1.20534220,2.68063250,-0.01224295,0.458814
2,1624,0.00662400,0.44542601,2.66883502,1.47522960,1.20583240,2.68106200,-0.01222698,0.458139
2,1625,0.00662500,0.44532962,2.66928040,1.47515280,1.20633790,2.68149070,-0.01221030,0.457438
2,1626,0.00662600,0.44523024,2.66972568,1.47504770,1.20687040,2.68191810,-0.01219242,0.456692
2,1627,0.00662700,0.44512854,2.67017086,1.47492860,1.20741610,2.68234470,-0.01217384,0.455920
2,1628,0.00662800,0.44502499,2.67061594,1.47479790,1.20797250,2.68277040,-0.01215446,0.455118
2,1629,0.00662900,0.44491998,2.67106091,1.47465710,1.20853840,2.68319550,-0.01213459,0.454299
2,1630,0.00663000,0.44479878,2.67150577,1.47450670,1.20911320,2.68361990,-0.01211413,0.453457
2,1631,0.00663100,0.44467738,2.67195051,1.47432780,1.20971500,2.68404280,-0.01209229,0.452564
2,1632,0.00663200,0.44455702,2.67239512,1.47414490,1.21032020,2.68446510,-0.01206998,0.451654
2,1633,0.00663300,0.44443857,2.67283962,1.47396150,1.21092560,2.68488710,-0.01204748,0.450737
2,1634,0.00663400,0.44431111,2.67328399,1.47377880,1.21152980,2.68530860,-0.01202461,0.449806
2,1635,0.00663500,0.44418677,2.67372824,1.47358960,1.21213980,2.68572940,-0.01200116,0.448855
2,1636,0.00663600,0.44406681,2.67417237,1.47340740,1.21274270,2.68615010,-0.01197773,0.447904
2,1637,0.00663700,0.44395190,2.67461638,1.47323490,1.21333570,2.68657060,-0.01195422,0.446951
2,1638,0.00663800,0.44383065,2.67506027,1.47307280,1.21391850,2.68699130,-0.01193103,0.446010
2,1639,0.00663900,0.44371495,2.67550404,1.47291170,1.21449980,2.68741150,-0.01190746,0.445055
2,1640,0.00664000,0.44360557,2.67594770,1.47276470,1.21506720,2.68783190,-0.01188420,0.444112
2,1641,0.00664100,0.44350272,2.67639126,1.47263320,1.21561940,2.68825260,-0.01186134,0.443184
2,1642,0.00664200,0.44339575,2.67683471,1.47251600,1.21615760,2.68867360,-0.01183889,0.442272
2,1643,0.00664300,0.44329483,2.67727805,1.47240370,1.21669060,2.68909430,-0.01181625,0.441353
2,1644,0.00664400,0.44320013,2.67772130,1.47230600,1.21720940,2.68951540,-0.01179410,0.440453
2,1645,0.00664500,0.44311131,2.67816446,1.47222260,1.21771410,2.68993670,-0.01177224,0.439564
2,1646,0.00664600,0.44302765,2.67860753,1.47215180,1.21820650,2.69035830,-0.01175077,0.438690
2,1647,0.00664700,0.44293413,2.67905051,1.47209020,1.21868980,2.69078000,-0.01172949,0.437823
2,1648,0.00664800,0.44284439,2.67949340,1.47201470,1.21918610,2.69120080,-0.01170740,0.436926
2,1649,0.00664900,0.44275800,2.67993620,1.47194470,1.21967670,2.69162140,-0.01168520,0.436025
2,1650,0.00665000,0.44267426,2.68037891,1.47187900,1.22016310,2.69204210,-0.01166319,0.435132
2,1651,0.00665100,0.44259219,2.68082155,1.47181450,1.22064800,2.69246250,-0.01164095,0.434231
2,1652,0.00665200,0.44249805,2.68126409,1.47174700,1.22113560,2.69288260,-0.01161851,0.433322
2,1653,0.00665300,0.44240382,2.68170654,1.47165620,1.22164500,2.69330120,-0.01159466,0.432361
2,1654,0.00665400,0.44230906,2.68214890,1.47155780,1.22216150,2.69371930,-0.01157040,0.431385
2,1655,0.00665500,0.44221309,2.68259116,1.47145020,1.22268640,2.69413660,-0.01154544,0.430384
2,1656,0.00665600,0.44211504,2.68303332,1.47133070,1.22322250,2.69455320,-0.01151988,0.429360
2,1657,0.00665700,0.44199991,2.68347538,1.47119540,1.22377330,2.69496870,-0.01149332,0.428300
2,1658,0.00665800,0.44188130,2.68391732,1.47102280,1.22435930,2.69538210,-0.01146478,0.427166
2,1659,0.00665900,0.44175915,2.68435914,1.47083120,1.22496300,2.69579420,-0.01143506,0.425988
2,1660,0.00666000,0.44163310,2.68480084,1.47061950,1.22558550,2.69620500,-0.01140416,0.424768
2,1661,0.00666100,0.44149105,2.68524240,1.47038480,1.22622960,2.69661440,-0.01137200,0.423500
2,1662,0.00666200,0.44134396,2.68568382,1.47011670,1.22690510,2.69702180,-0.01133798,0.422164
2,1663,0.00666300,0.44119228,2.68612509,1.46982420,1.22760330,2.69742750,-0.01130241,0.420770
2,1664,0.00666400,0.44103598,2.68656620,1.46950690,1.22832480,2.69783170,-0.01126550,0.419327
2,1665,0.00666500,0.44085932,2.68700715,1.46916280,1.22907120,2.69823400,-0.01122685,0.417820
2,1666,0.00666600,0.44067750,2.68744792,1.46877800,1.22985580,2.69863380,-0.01118588,0.416227
2,1667,0.00666700,0.44049158,2.68788850,1.46836810,1.23066380,2.69903190,-0.01114340,0.414578
2,1668,0.00666800,0.44029187,2.68832889,1.46793230,1.23149580,2.69942810,-0.01109921,0.412866
2,1669,0.00666900,0.44008809,2.68876908,1.46747140,1.23235110,2.69982250,-0.01105342,0.411096
2,1670,0.00667000,0.43988170,2.68920907,1.46698730,1.23322790,2.70021520,-0.01100613,0.409270
2,1671,0.00667100,0.43965879,2.68964884,1.46648120,1.23412500,2.70060620,-0.01095736,0.407390
2,1672,0.00667200,0.43943377,2.69008838,1.46595070,1.23504450,2.70099520,-0.01090682,0.405445
2,1673,0.00667300,0.43920866,2.69052771,1.46540450,1.23597840,2.70138290,-0.01085519,0.403460
2,1674,0.00667400,0.43897039,2.69096679,1.46484360,1.23692560,2.70176920,-0.01080241,0.401432
2,1675,0.00667500,0.43873285,2.69140565,1.46426870,1.23788540,2.70215410,-0.01074845,0.399362
2,1676,0.00667600,0.43849831,2.69184426,1.46368630,1.23885160,2.70253790,-0.01069364,0.397261
2,1677,0.00667700,0.43825047,2.69228264,1.46309860,1.23982230,2.70292090,-0.01063826,0.395139
2,1678,0.00667800,0.43800631,2.69272076,1.46250270,1.24080000,2.70330270,-0.01058194,0.392983
2,1679,0.00667900,0.43776804,2.69315865,1.46190930,1.24177480,2.70368410,-0.01052545,0.390822
2,1680,0.00668000,0.43752097,2.69359630,1.46131950,1.24274550,2.70406500,-0.01046870,0.388652
2,1681,0.00668100,0.43728006,2.69403370,1.46073240,1.24371300,2.70444540,-0.01041170,0.386473
2,1682,0.00668200,0.43704740,2.69447086,1.46015560,1.24467020,2.70482580,-0.01035494,0.384303
2,1683,0.00668300,0.43680732,2.69490779,1.45959110,1.24561520,2.70520630,-0.01029851,0.382147
2,1684,0.00668400,0.43657585,2.69534448,1.45903620,1.24655050,2.70558670,-0.01024222,0.379997
2,1685,0.00668500,0.43635506,2.69578095,1.45850130,1.24746640,2.70596770,-0.01018675,0.377878
2,1686,0.00668600,0.43613205,2.69621719,1.45798880,1.24836070,2.70634950,-0.01013231,0.375797
2,1687,0.00668700,0.43592025,2.69665321,1.45749850,1.24923370,2.70673220,-0.01007899,0.373759
2,1688,0.00668800,0.43572156,2.69708904,1.45703800,1.25007800,2.70711600,-0.01002696,0.371770
2,1689,0.00668900,0.43552430,2.69752466,1.45661040,1.25089100,2.70750140,-0.00997674,0.369848
2,1690,0.00669000,0.43534071,2.69796009,1.45621450,1.25167360,2.70788810,-0.00992801,0.367982
2,1691,0.00669100,0.43517228,2.69839535,1.45585830,1.25241860,2.70827690,-0.00988155,0.366201
2,1692,0.00669200,0.43501963,2.69883044,1.45554440,1.25312340,2.70866780,-0.00983736,0.364504
2,1693,0.00669300,0.43486461,2.69926539,1.45527370,1.25378720,2.70906090,-0.00979551,0.362896
2,1694,0.00669400,0.43472498,2.69970018,1.45502440,1.25443060,2.70945500,-0.00975482,0.361330
2,1695,0.00669500,0.43460148,2.70013484,1.45482160,1.25503000,2.70985160,-0.00971676,0.359862
2,1696,0.00669600,0.43449409,2.70056939,1.45466580,1.25558490,2.71025070,-0.00968131,0.358491
2,1697,0.00669700,0.43439040,2.70100383,1.45455540,1.25609700,2.71065240,-0.00964857,0.357221
2,1698,0.00669800,0.43430106,2.70143818,1.45447420,1.25658140,2.71105560,-0.00961742,0.356011
2,1699,0.00669900,0.43422558,2.70187244,1.45443470,1.25702630,2.71146100,-0.00958856,0.354886
2,1700,0.00670000,0.43416292,2.70230664,1.45443440,1.25743430,2.71186870,-0.00956206,0.353848
2,1701,0.00670100,0.43411156,2.70274077,1.45446930,1.25780910,2.71227840,-0.00953763,0.352887
2,1702,0.00670200,0.43405978,2.70317486,1.45453350,1.25815620,2.71268970,-0.00951484,0.351988
2,1703,0.00670300,0.43401596,2.70360890,1.45460440,1.25849700,2.71310140,-0.00949250,0.351105
2,1704,0.00670400,0.43397851,2.70404290,1.45469410,1.25881990,2.71351400,-0.00947110,0.350257
2,1705,0.00670500,0.43394567,2.70447686,1.45479730,1.25913000,2.71392730,-0.00945044,0.349437
2,1706,0.00670600,0.43391554,2.70491079,1.45490800,1.25943300,2.71434100,-0.00943021,0.348633
2,1707,0.00670700,0.43388616,2.70534469,1.45502010,1.25973460,2.71475470,-0.00941001,0.347830
2,1708,0.00670800,0.43385565,2.70577856,1.45512760,1.26004040,2.71516800,-0.00938944,0.347014
2,1709,0.00670900,0.43381276,2.70621239,1.45522410,1.26035640,2.71558050,-0.00936811,0.346170
2,1710,0.00671000,0.43376593,2.70664618,1.45528460,1.26070610,2.71599070,-0.00934452,0.345243
2,1711,0.00671100,0.43371407,2.70707992,1.45532560,1.26107380,2.71639940,-0.00931948,0.344263
2,1712,0.00671200,0.43365632,2.70751361,1.45534430,1.26146240,2.71680670,-0.00929309,0.343233
2,1713,0.00671300,0.43359198,2.70794723,1.45533830,1.26187390,2.71721220,-0.00926497,0.342140
2,1714,0.00671400,0.43352057,2.70838079,1.45530610,1.26230990,2.71761600,-0.00923521,0.340986
2,1715,0.00671500,0.43343176,2.70881426,1.45524600,1.26277190,2.71801790,-0.00920364,0.339766
2,1716,0.00671600,0.43333617,2.70924765,1.45514280,1.26327390,2.71841670,-0.00916905,0.338435
2,1717,0.00671700,0.43323472,2.70968093,1.45501450,1.26379930,2.71881380,-0.00913287,0.337046
2,1718,0.00671800,0.43312833,2.71011412,1.45486450,1.26434490,2.71920940,-0.00909528,0.335605
2,1719,0.00671900,0.43301800,2.71054719,1.45469590,1.26490770,2.71960360,-0.00905641,0.334117
2,1720,0.00672000,0.43289074,2.71098014,1.45451180,1.26548490,2.71999670,-0.00901656,0.332594
2,1721,0.00672100,0.43276224,2.71141297,1.45429740,1.26609000,2.72038740,-0.00897443,0.330987
2,1722,0.00672200,0.43263463,2.71184567,1.45407870,1.26669920,2.72077790,-0.00893223,0.329378
2,1723,0.00672300,0.43250955,2.71227824,1.45386110,1.26730700,2.72116810,-0.00888986,0.327764
2,1724,0.00672400,0.43237628,2.71271068,1.45364810,1.26791050,2.72155860,-0.00884792,0.326165
2,1725,0.00672500,0.43224761,2.71314300,1.45343250,1.26851600,2.72194850,-0.00880550,0.324550
2,1726,0.00672600,0.43212515,2.71357518,1.45323050,1.26910870,2.72233920,-0.00876402,0.322969
2,1727,0.00672700,0.43200980,2.71400725,1.45304520,1.26968550,2.72273070,-0.00872345,0.321423
2,1728,0.00672800,0.43189025,2.71443920,1.45287780,1.27024550,2.72312330,-0.00868410,0.319922
2,1729,0.00672900,0.43177817,2.71487103,1.45271760,1.27079840,2.72351600,-0.00864497,0.318430
2,1730,0.00673000,0.43167424,2.71530276,1.45257850,1.27133140,2.72390990,-0.00860714,0.316986
2,1731,0.00673100,0.43157855,2.71573439,1.45246120,1.27184380,2.72430500,-0.00857061,0.315591
2,1732,0.00673200,0.43148098,2.71616592,1.45236390,1.27233750,2.72470140,-0.00853548,0.314248
2,1733,0.00673300,0.43139037,2.71659735,1.45227560,1.27282230,2.72509790,-0.00850055,0.312912
2,1734,0.00673400,0.43130648,2.71702870,1.45220480,1.27329070,2.72549550,-0.00846680,0.311620
2,1735,0.00673500,0.43122867,2.71745997,1.45214990,1.27374400,2.72589390,-0.00843393,0.310361
2,1736,0.00673600,0.43115587,2.71789116,1.45210790,1.27418520,2.72629310,-0.00840194,0.309135
2,1737,0.00673700,0.43107483,2.71832227,1.45207430,1.27461830,2.72669260,-0.00837033,0.307922
2,1738,0.00673800,0.43099660,2.71875331,1.45202740,1.27506360,2.72709100,-0.00833769,0.306673
2,1739,0.00673900,0.43092039,2.71918427,1.45198280,1.27550660,2.72748940,-0.00830513,0.305427
2,1740,0.00674000,0.43084526,2.71961515,1.45193770,1.27594990,2.72788760,-0.00827245,0.304177
2,1741,0.00674100,0.43077003,2.72004596,1.45188830,1.27639690,2.72828520,-0.00823924,0.302908
2,1742,0.00674200,0.43068260,2.72047669,1.45182980,1.27685240,2.72868220,-0.00820551,0.301620
2,1743,0.00674300,0.43059278,2.72090732,1.45174350,1.27733340,2.72907690,-0.00816958,0.300252
2,1744,0.00674400,0.43049997,2.72133787,1.45164180,1.27782850,2.72947030,-0.00813243,0.298839
2,1745,0.00674500,0.43040336,2.72176832,1.45152220,1.27834010,2.72986230,-0.00809398,0.297379
2,1746,0.00674600,0.43030192,2.72219867,1.45138110,1.27887160,2.73025270,-0.00805403,0.295865
2,1747,0.00674700,0.43018082,2.72262892,1.45121380,1.27942720,2.73064100,-0.00801208,0.294277
2,1748,0.00674800,0.43005288,2.72305903,1.45099840,1.28002720,2.73102560,-0.00796657,0.292559
2,1749,0.00674900,0.42991787,2.72348902,1.45075150,1.28065620,2.73140770,-0.00791868,0.290755
2,1750,0.00675000,0.42977520,2.72391886,1.45047050,1.28131670,2.73178720,-0.00786834,0.288861
2,1751,0.00675100,0.42961099,2.72434856,1.45015100,1.28201260,2.73216360,-0.00781504,0.286859
2,1752,0.00675200,0.42943699,2.72477808,1.44977920,1.28275670,2.73253590,-0.00775782,0.284714
2,1753,0.00675300,0.42925348,2.72520743,1.44936450,1.28354040,2.73290490,-0.00769747,0.282455
2,1754,0.00675400,0.42905058,2.72563658,1.44890310,1.28436700,2.73327010,-0.00763352,0.280064
2,1755,0.00675500,0.42883644,2.72606552,1.44839210,1.28523910,2.73363120,-0.00756568,0.277531
2,1756,0.00675600,0.42861170,2.72649425,1.44782980,1.28615840,2.73398820,-0.00749395,0.274857
2,1757,0.00675700,0.42835997,2.72692273,1.44721360,1.28712720,2.73434080,-0.00741807,0.272031
2,1758,0.00675800,0.42809634,2.72735096,1.44653680,1.28815150,2.73468830,-0.00733734,0.269028
2,1759,0.00675900,0.42782251,2.72777892,1.44580600,1.28922540,2.73503140,-0.00725248,0.265875
2,1760,0.00676000,0.42752072,2.72820659,1.44501960,1.29035020,2.73536980,-0.00716321,0.262561
2,1761,0.00676100,0.42720885,2.72863396,1.44417540,1.29152770,2.73570310,-0.00706914,0.259073
2,1762,0.00676200,0.42688003,2.72906100,1.44328100,1.29275110,2.73603210,-0.00697110,0.255439
2,1763,0.00676300,0.42654521,2.72948771,1.44234150,1.29401570,2.73635720,-0.00686949,0.251677
2,1764,0.00676400,0.42618670,2.72991408,1.44136300,1.29531560,2.73667860,-0.00676452,0.247792
2,1765,0.00676500,0.42582789,2.73034009,1.44035420,1.29664300,2.73699720,-0.00665711,0.243820
2,1766,0.00676600,0.42546022,2.73076573,1.43933160,1.29798270,2.73731430,-0.00654857,0.239807
2,1767,0.00676700,0.42510141,2.73119101,1.43831030,1.29932080,2.73763110,-0.00644009,0.235798
2,1768,0.00676800,0.42473643,2.73161593,1.43730770,1.30064140,2.73794910,-0.00633317,0.231847
2,1769,0.00676900,0.42439080,2.73204049,1.43634190,1.30192790,2.73826980,-0.00622931,0.228009
2,1770,0.00677000,0.42405820,2.73246472,1.43543660,1.30315840,2.73859500,-0.00613028,0.224350
2,1771,0.00677100,0.42375644,2.73288863,1.43461290,1.30431340,2.73892630,-0.00603767,0.220926
2,1772,0.00677200,0.42347619,2.73331224,1.43389000,1.30537520,2.73926520,-0.00595296,0.217793
2,1773,0.00677300,0.42323605,2.73373560,1.43328500,1.30632760,2.73961260,-0.00587700,0.214981
2,1774,0.00677400,0.42304038,2.73415874,1.43281470,1.30715530,2.73997000,-0.00581126,0.212543
2,1775,0.00677500,0.42287510,2.73458169,1.43248890,1.30784910,2.74033800,-0.00575631,0.210500
2,1776,0.00677600,0.42275610,2.73500451,1.43229760,1.30841790,2.74071550,-0.00571099,0.208811
2,1777,0.00677700,0.42268347,2.73542723,1.43225790,1.30884610,2.74110400,-0.00567677,0.207528
2,1778,0.00677800,0.42265545,2.73584990,1.43236600,1.30913710,2.74150310,-0.00565320,0.206634
2,1779,0.00677900,0.42266205,2.73627256,1.43261270,1.30929960,2.74191230,-0.00563974,0.206110
2,1780,0.00678000,0.42270580,2.73669524,1.43297260,1.30935710,2.74232970,-0.00563446,0.205885
2,1781,0.00678100,0.42276335,2.73711798,1.43337910,1.30937250,2.74275160,-0.00563362,0.205823
2,1782,0.00678200,0.42282038,2.73754077,1.43378390,1.30938960,2.74317350,-0.00563273,0.205759
2,1783,0.00678300,0.42287519,2.73796362,1.43418120,1.30941340,2.74359460,-0.00563098,0.205663
2,1784,0.00678400,0.42292797,2.73838652,1.43457170,1.30944280,2.74401450,-0.00562798,0.205522
2,1785,0.00678500,0.42297940,2.73880947,1.43495760,1.30947570,2.74443330,-0.00562383,0.205338
2,1786,0.00678600,0.42302998,2.73923248,1.43534070,1.30951120,2.74485190,-0.00561942,0.205146
2,1787,0.00678700,0.42307961,2.73965553,1.43572060,1.30954990,2.74527050,-0.00561497,0.204952
2,1788,0.00678800,0.42312794,2.74007863,1.43609620,1.30959280,2.74568900,-0.00561037,0.204752
2,1789,0.00678900,0.42317415,2.74050179,1.43646460,1.30964260,2.74610720,-0.00560541,0.204540
2,1790,0.00679000,0.42321636,2.74092498,1.43681950,1.30970510,2.74652460,-0.00559962,0.204297
2,1791,0.00679100,0.42325125,2.74134821,1.43714950,1.30979090,2.74694040,-0.00559219,0.203994
2,1792,0.00679200,0.42327541,2.74177148,1.43744310,1.30991050,2.74735360,-0.00558212,0.203595
2,1793,0.00679300,0.42328586,2.74219476,1.43768990,1.31007310,2.74776300,-0.00556824,0.203058
2,1794,0.00679400,0.42328025,2.74261804,1.43788190,1.31028620,2.74816810,-0.00555006,0.202364
2,1795,0.00679500,0.42325691,2.74304131,1.43801300,1.31055540,2.74856840,-0.00552709,0.201495
2,1796,0.00679600,0.42321481,2.74346455,1.43807940,1.31088440,2.74896380,-0.00549925,0.200449
2,1797,0.00679700,0.42315363,2.74388773,1.43807940,1.31127470,2.74935410,-0.00546637,0.199220
2,1798,0.00679800,0.42307375,2.74431084,1.43801370,1.31172560,2.74973930,-0.00542846,0.197808
2,1799,0.00679900,0.42297628,2.74473387,1.43788550,1.31223430,2.75011980,-0.00538593,0.196228
2,1800,0.00680000,0.42285297,2.74515678,1.43769910,1.31279680,2.75049590,-0.00533912,0.194492
2,1801,0.00680100,0.42271643,2.74557957,1.43744720,1.31341970,2.75086690,-0.00528733,0.192576
2,1802,0.00680200,0.42256990,2.74600221,1.43715430,1.31408050,2.75123480,-0.00523259,0.190553
2,1803,0.00680300,0.42241664,2.74642470,1.43683110,1.31476950,2.75160060,-0.00517590,0.188459
2,1804,0.00680400,0.42224820,2.74684704,1.43648760,1.31547750,2.75196510,-0.00511806,0.186325
2,1805,0.00680500,0.42207944,2.74726920,1.43612520,1.31620280,2.75232800,-0.00505880,0.184139
2,1806,0.00680600,0.42191419,2.74769120,1.43576590,1.31692560,2.75269150,-0.00500030,0.181982
2,1807,0.00680700,0.42175551,2.74811303,1.43541980,1.31763650,2.75305630,-0.00494327,0.179879
2,1808,0.00680800,0.42159107,2.74853471,1.43509530,1.31832750,2.75342280,-0.00488809,0.177844
2,1809,0.00680900,0.42143768,2.74895622,1.43478450,1.31900570,2.75379020,-0.00483398,0.175848
2,1810,0.00681000,0.42129784,2.74937759,1.43451220,1.31964850,2.75416070,-0.00478311,0.173971
2,1811,0.00681100,0.42117304,2.74979882,1.43428360,1.32025090,2.75453450,-0.00473568,0.172219
2,1812,0.00681200,0.42105173,2.75021994,1.43410130,1.32081040,2.75491170,-0.00469176,0.170596
2,1813,0.00681300,0.42094615,2.75064093,1.43395300,1.32133820,2.75529120,-0.00465027,0.169061
2,1814,0.00681400,0.42085673,2.75106184,1.43385470,1.32181970,2.75567440,-0.00461256,0.167665
2,1815,0.00681500,0.42078306,2.75148266,1.43380600,1.32225510,2.75606110,-0.00457844,0.166399
2,1816,0.00681600,0.42072402,2.75190341,1.43380400,1.32264710,2.75645110,-0.00454769,0.165256
2,1817,0.00681700,0.42066737,2.75232411,1.43384370,1.32300040,2.75684410,-0.00451999,0.164225
2,1818,0.00681800,0.42062236,2.75274475,1.43390150,1.32333670,2.75723820,-0.00449345,0.163235
2,1819,0.00681900,0.42058734,2.75316536,1.43399090,1.32364360,2.75763450,-0.00446914,0.162328
2,1820,0.00682000,0.42056035,2.75358593,1.43410590,1.32392670,2.75803260,-0.00444667,0.161487
2,1821,0.00682100,0.42053915,2.75400648,1.43423950,1.32419250,2.75843200,-0.00442552,0.160694
2,1822,0.00682200,0.42052142,2.75442701,1.43438410,1.32444810,2.75883220,-0.00440519,0.159931
2,1823,0.00682300,0.42050478,2.75484752,1.43453190,1.32470060,2.75923250,-0.00438498,0.159173
2,1824,0.00682400,0.42047921,2.75526801,1.43467420,1.32495830,2.75963250,-0.00436449,0.158405
2,1825,0.00682500,0.42045054,2.75568848,1.43478730,1.32524290,2.76003020,-0.00434172,0.157555
2,1826,0.00682600,0.42041679,2.75610891,1.43488130,1.32554530,2.76042660,-0.00431769,0.156659
2,1827,0.00682700,0.42037621,2.75652931,1.43495040,1.32587090,2.76082130,-0.00429199,0.155703
2,1828,0.00682800,0.42032717,2.75694966,1.43498900,1.32622470,2.76121370,-0.00426404,0.154665
2,1829,0.00682900,0.42026827,2.75736996,1.43499210,1.32661150,2.76160360,-0.00423364,0.153539
2,1830,0.00683000,0.42019834,2.75779019,1.43495560,1.32703520,2.76199080,-0.00420061,0.152318
2,1831,0.00683100,0.42011645,2.75821035,1.43487590,1.32749880,2.76237470,-0.00416435,0.150980
2,1832,0.00683200,0.42000891,2.75863041,1.43474920,1.32800620,2.76275540,-0.00412499,0.149530
2,1833,0.00683300,0.41988870,2.75905036,1.43454970,1.32858120,2.76313090,-0.00408054,0.147897
2,1834,0.00683400,0.41975620,2.75947018,1.43430200,1.32920100,2.76350300,-0.00403282,0.146145
2,1835,0.00683500,0.41961169,2.75988987,1.43400680,1.32986510,2.76387190,-0.00398203,0.144282
2,1836,0.00683600,0.41944541,2.76030940,1.43366360,1.33057390,2.76423750,-0.00392810,0.142307
2,1837,0.00683700,0.41926773,2.76072875,1.43326670,1.33133260,2.76459930,-0.00387055,0.140200
2,1838,0.00683800,0.41908006,2.76114793,1.43282620,1.33213210,2.76495830,-0.00381037,0.138000
2,1839,0.00683900,0.41888343,2.76156691,1.43234410,1.33297030,2.76531440,-0.00374749,0.135702
2,1840,0.00684000,0.41866157,2.76198568,1.43182200,1.33384600,2.76566800,-0.00368232,0.133321
2,1841,0.00684100,0.41843202,2.76240423,1.43124670,1.33477110,2.76601780,-0.00361357,0.130813
2,1842,0.00684200,0.41819699,2.76282254,1.43063930,1.33572640,2.76636570,-0.00354316,0.128244
2,1843,0.00684300,0.41794601,2.76324061,1.43000170,1.33670980,2.76671150,-0.00347089,0.125609
2,1844,0.00684400,0.41769108,2.76365843,1.42933580,1.33771970,2.76705550,-0.00339707,0.122919
2,1845,0.00684500,0.41743457,2.76407599,1.42864770,1.33875040,2.76739810,-0.00332211,0.120189
2,1846,0.00684600,0.41716072,2.76449329,1.42794060,1.33979880,2.76773940,-0.00324611,0.117421
2,1847,0.00684700,0.41688677,2.76491032,1.42721150,1.34086760,2.76807910,-0.00316878,0.114607
2,1848,0.00684800,0.41661533,2.76532707,1.42647330,1.34194500,2.76841830,-0.00309123,0.111785
2,1849,0.00684900,0.41633192,2.76574354,1.42572820,1.34302880,2.76875700,-0.00301346,0.108957
2,1850,0.00685000,0.41605227,2.76615973,1.42497670,1.34411840,2.76909510,-0.00293537,0.106117
2,1851,0.00685100,0.41577892,2.76657565,1.42422730,1.34520600,2.76943330,-0.00285765,0.103292
2,1852,0.00685200,0.41549440,2.76699128,1.42348340,1.34628840,2.76977180,-0.00278052,0.100489
2,1853,0.00685300,0.41521708,2.76740664,1.42274090,1.34736920,2.77011010,-0.00270346,0.097689
2,1854,0.00685400,0.41494929,2.76782172,1.42201250,1.34843680,2.77044930,-0.00262758,0.094933
2,1855,0.00685500,0.41467533,2.76823654,1.42129930,1.34949000,2.77078930,-0.00255276,0.092216
2,1856,0.00685600,0.41441084,2.76865108,1.42059880,1.35053100,2.77112980,-0.00247872,0.089528
2,1857,0.00685700,0.41415758,2.76906536,1.41991860,1.35155300,2.77147160,-0.00240624,0.086897
2,1858,0.00685800,0.41389858,2.76947939,1.41925780,1.35255650,2.77181430,-0.00233491,0.084309
2,1859,0.00685900,0.41364938,2.76989317,1.41861020,1.35354750,2.77215770,-0.00226453,0.081755
2,1860,0.00686000,0.41341098,2.77030670,1.41798310,1.35451900,2.77250210,-0.00219540,0.079248
2,1861,0.00686100,0.41316799,2.77071999,1.41737230,1.35547500,2.77284730,-0.00212731,0.076778
2,1862,0.00686200,0.41293275,2.77113304,1.41677110,1.35642170,2.77319280,-0.00205976,0.074329
2,1863,0.00686300,0.41270511,2.77154585,1.41617980,1.35735870,2.77353850,-0.00199265,0.071897
2,1864,0.00686400,0.41246798,2.77195844,1.41558960,1.35829420,2.77388380,-0.00192536,0.069458
2,1865,0.00686500,0.41223202,2.77237079,1.41498580,1.35924170,2.77422750,-0.00185671,0.066972
2,1866,0.00686600,0.41199517,2.77278290,1.41436250,1.36020670,2.77456920,-0.00178630,0.064422
2,1867,0.00686700,0.41173856,2.77319477,1.41370380,1.36120380,2.77490760,-0.00171283,0.061764
2,1868,0.00686800,0.41147112,2.77360638,1.41298960,1.36225170,2.77524130,-0.00163492,0.058946
2,1869,0.00686900,0.41118195,2.77401770,1.41220400,1.36336500,2.77556900,-0.00155130,0.055922
2,1870,0.00687000,0.41087116,2.77442873,1.41132310,1.36456560,2.77588870,-0.00145997,0.052622
2,1871,0.00687100,0.41051264,2.77483942,1.41031580,1.36588220,2.77619800,-0.00135858,0.048961
2,1872,0.00687200,0.41011542,2.77524974,1.40914520,1.36734840,2.77649360,-0.00124386,0.044820
2,1873,0.00687300,0.40965274,2.77565962,1.40777140,1.36900050,2.77677190,-0.00111228,0.040073
2,1874,0.00687400,0.40911925,2.77606901,1.40614270,1.37088520,2.77702790,-0.00095889,0.034541
2,1875,0.00687500,0.40849372,2.77647781,1.40419700,1.37305870,2.77725570,-0.00077789,0.028017
2,1876,0.00687600,0.40775473,2.77688594,1.40186060,1.37558710,2.77744770,-0.00056176,0.020230
2,1877,0.00687700,0.40687793,2.77729325,1.39904960,1.37854510,2.77759470,-0.00030145,0.010854
2,1878,0.00687800,0.40583741,2.77769961,1.39567480,1.38201190,2.77768670,0.00001291,0.000465
2,1879,0.00687900,0.40460876,2.77810483,1.39165170,1.38606280,2.77771450,0.00039033,0.014050
2,1880,0.00688000,0.40317356,2.77850872,1.38691700,1.39075730,2.77767430,0.00083442,0.030031
2,1881,0.00688100,0.40153176,2.77891108,1.38147000,1.39610330,2.77757330,0.00133778,0.048140
2,1882,0.00688200,0.39970827,2.77931170,1.37539610,1.40203600,2.77743210,0.00187960,0.067628
2,1883,0.00688300,0.39774507,2.77971042,1.36883960,1.40843630,2.77727590,0.00243452,0.087582
2,1884,0.00688400,0.39565950,2.78010713,1.36186000,1.41526050,2.77712050,0.00298663,0.107428
2,1885,0.00688500,0.39342073,2.78050167,1.35435080,1.42260460,2.77695540,0.00354627,0.127541
2,1886,0.00688600,0.39097312,2.78089386,1.34612040,1.43063630,2.77675670,0.00413716,0.148771
2,1887,0.00688700,0.38827304,2.78128349,1.33701820,1.43948390,2.77650210,0.00478139,0.171913
2,1888,0.00688800,0.38533556,2.78167029,1.32709560,1.44910210,2.77619770,0.00547259,0.196738
2,1889,0.00688900,0.38217667,2.78205405,1.31640750,1.45945340,2.77586090,0.00619315,0.222611
2,1890,0.00689000,0.37869096,2.78243448,1.30459030,1.47086810,2.77545840,0.00697608,0.250719
2,1891,0.00689100,0.37471861,2.78281119,1.29109290,1.48382450,2.77491740,0.00789379,0.283662
2,1892,0.00689200,0.37014293,2.78318362,1.27551250,1.49869820,2.77421070,0.00897292,0.322398
2,1893,0.00689300,0.36477592,2.78355108,1.25720020,1.51604070,2.77324090,0.01031018,0.370396
2,1894,0.00689400,0.35833815,2.78391263,1.23519160,1.53655800,2.77174960,0.01216303,0.436904
2,1895,0.00689500,0.35065148,2.78426713,1.20887100,1.56061930,2.76949030,0.01477683,0.530726
2,1896,0.00689600,0.34193232,2.78461342,1.17898260,1.58740140,2.76638400,0.01822942,0.654648
2,1897,0.00689700,0.33265164,2.78495071,1.14714920,1.61591140,2.76306060,0.02189011,0.786014
2,1898,0.00689800,0.32288290,2.78527848,1.11362310,1.64602000,2.75964310,0.02563538,0.920388
2,1899,0.00689900,0.31266504,2.78559625,1.07853800,1.67782380,2.75636180,0.02923445,1.049486
2,1900,0.00690000,0.30230820,2.78590374,1.04296330,1.71093910,2.75390240,0.03200134,1.148688
2,1901,0.00690100,0.29089209,2.78620034,1.00372320,1.74805550,2.75177870,0.03442164,1.235433
2,1902,0.00690200,0.28071010,2.78648614,0.96873055,1.78245560,2.75118615,0.03529999,1.266828
2,1903,0.00690300,0.27049317,2.78676174,0.93360718,1.81795500,2.75156218,0.03519956,1.263099
2,1904,0.00690400,0.25977161,2.78702687,0.89673160,1.85416770,2.75089930,0.03612757,1.296276
2,1905,0.00690500,0.24949601,2.78728151,0.86138496,1.88843400,2.74981896,0.03746255,1.344053
2,1906,0.00690600,0.23915074,2.78752583,0.82578750,1.92323000,2.74901750,0.03850833,1.381452
2,1907,0.00690700,0.22840915,2.78775961,0.78881101,1.95960120,2.74841221,0.03934740,1.411435
2,1908,0.00690800,0.21752447,2.78798258,0.75132953,1.99657020,2.74789973,0.04008285,1.437701
2,1909,0.00690900,0.20592604,2.78819430,0.71137151,2.03505130,2.74642281,0.04177149,1.498156
2,1910,0.00691000,0.19280984,2.78839367,0.66615801,2.07696550,2.74312351,0.04527016,1.623521
2,1911,0.00691100,0.17849369,2.78857932,0.61678493,2.12178410,2.73856903,0.05001029,1.793397
2,1912,0.00691200,0.16235922,2.78874975,0.56111346,2.17131620,2.73242966,0.05632009,2.019546
2,1913,0.00691300,0.14430639,2.78890308,0.49879504,2.22472100,2.72351604,0.06538704,2.344543
2,1914,0.00691400,0.11783849,2.78903415,0.40736767,2.29421910,2.70158677,0.08744738,3.135400
2,1915,0.00691406,0.10761680,2.78904120,0.37203466,2.31501880,2.68705346,0.10198774,3.656731
2,1916,0.00691407,0.09243822,2.78904179,0.31956209,2.34134370,2.66090579,0.12813600,4.594266
2,1917,0.00691408,0.02202479,2.78904229,0.07610311,2.43226630,2.50836940,0.28067288,10.063414
2,1918,0.00691409,0.01499233,2.78904245,0.05182912,2.50757880,2.55940792,0.22963453,8.233454
2,1919,0.00691409,0.01499857,2.78904258,0.05185077,2.50876080,2.56061157,0.22843101,8.190302
2,1920,0.00691411,0.01499774,2.78904278,0.05184798,2.50878080,2.56062878,0.22841400,8.189692
2,1921,0.00691413,0.01499778,2.78904308,0.05184828,2.50878080,2.56062908,0.22841400,8.189691
2,1922,0.00691416,0.01499784,2.78904352,0.05184872,2.50878080,2.56062952,0.22841400,8.189689
2,1923,0.00691420,0.01499794,2.78904419,0.05184939,2.50878080,2.56063019,0.22841400,8.189687
2,1924,0.00691427,0.01499808,2.78904519,0.05185039,2.50878080,2.56063119,0.22841400,8.189684
2,1925,0.00691437,0.01499830,2.78904669,0.05185189,2.50878080,2.56063269,0.22841400,8.189680
2,1926,0.00691452,0.01499863,2.78904894,0.05185414,2.50878080,2.56063494,0.22841400,8.189673
2,1927,0.00691474,0.01499912,2.78905232,0.05185752,2.50878080,2.56063832,0.22841400,8.189663
2,1928,0.00691508,0.01499985,2.78905739,0.05186259,2.50878080,2.56064339,0.22841400,8.189649
2,1929,0.00691559,0.01500095,2.78906499,0.05187019,2.50878080,2.56065099,0.22841400,8.189626
2,1930,0.00691635,0.01500260,2.78907640,0.05188160,2.50878080,2.56066240,0.22841400,8.189593
2,1931,0.00691735,0.01500477,2.78909140,0.05189660,2.50878080,2.56067740,0.22841400,8.189549
2,1932,0.00691835,0.01500694,2.78910641,0.05191161,2.50878080,2.56069241,0.22841400,8.189505
2,1933,0.00691935,0.01500910,2.78912142,0.05192662,2.50878080,2.56070742,0.22841400,8.189461
2,1934,0.00692035,0.01501127,2.78913643,0.05194163,2.50878080,2.56072243,0.22841400,8.189417
2,1935,0.00692135,0.01501344,2.78915144,0.05195663,2.50878080,2.56073743,0.22841401,8.189373
2,1936,0.00692235,0.01501560,2.78916645,0.05197161,2.50878080,2.56075241,0.22841404,8.189330
2,1937,0.00692335,0.01501773,2.78918147,0.05198648,2.50878100,2.56076748,0.22841399,8.189284
2,1938,0.00692435,0.01501977,2.78919649,0.05200108,2.50878130,2.56078238,0.22841411,8.189244
2,1939,0.00692535,0.01502181,2.78921151,0.05201564,2.50878170,2.56079734,0.22841417,8.189202
2,1940,0.00692635,0.01502384,2.78922653,0.05203019,2.50878210,2.56081229,0.22841424,8.189161
2,1941,0.00692735,0.01502587,2.78924156,0.05204472,2.50878250,2.56082722,0.22841434,8.189120
2,1942,0.00692835,0.01502788,2.78925658,0.05205919,2.50878300,2.56084219,0.22841440,8.189078
2,1943,0.00692935,0.01502987,2.78927161,0.05207360,2.50878360,2.56085719,0.22841442,8.189035
2,1944,0.00693035,0.01503181,2.78928664,0.05208784,2.50878420,2.56087204,0.22841460,8.188997
2,1945,0.00693135,0.01503372,2.78930168,0.05210199,2.50878500,2.56088699,0.22841468,8.188956
2,1946,0.00693235,0.01503564,2.78931671,0.05211615,2.50878570,2.56090185,0.22841486,8.188918
2,1947,0.00693335,0.01503756,2.78933175,0.05213032,2.50878640,2.56091672,0.22841503,8.188880
2,1948,0.00693435,0.01503946,2.78934679,0.05214444,2.50878720,2.56093164,0.22841514,8.188840
2,1949,0.00693535,0.01504136,2.78936183,0.05215853,2.50878800,2.56094653,0.22841530,8.188801
2,1950,0.00693635,0.01504323,2.78937687,0.05217254,2.50878890,2.56096144,0.22841543,8.188762
2,1951,0.00693735,0.01504508,2.78939191,0.05218650,2.50878980,2.56097630,0.22841561,8.188724
2,1952,0.00693835,0.01504689,2.78940696,0.05220029,2.50879090,2.56099119,0.22841577,8.188686
2,1953,0.00693935,0.01504867,2.78942201,0.05221401,2.50879190,2.56100591,0.22841610,8.188653
2,1954,0.00694035,0.01505046,2.78943706,0.05222773,2.50879300,2.56102072,0.22841633,8.188618
2,1955,0.00694135,0.01505224,2.78945211,0.05224144,2.50879410,2.56103554,0.22841657,8.188582
2,1956,0.00694235,0.01505401,2.78946716,0.05225511,2.50879520,2.56105031,0.22841685,8.188548
2,1957,0.00694335,0.01505576,2.78948222,0.05226871,2.50879630,2.56106501,0.22841721,8.188516
2,1958,0.00694435,0.01505749,2.78949727,0.05228224,2.50879740,2.56107964,0.22841763,8.188487
2,1959,0.00694535,0.01505921,2.78951233,0.05229574,2.50879860,2.56109434,0.22841799,8.188456
2,1960,0.00694635,0.01506092,2.78952739,0.05230920,2.50879980,2.56110900,0.22841839,8.188426
2,1961,0.00694735,0.01506260,2.78954245,0.05232259,2.50880100,2.56112359,0.22841886,8.188399
2,1962,0.00694835,0.01506428,2.78955752,0.05233594,2.50880230,2.56113824,0.22841928,8.188369
2,1963,0.00694935,0.01506595,2.78957258,0.05234927,2.50880350,2.56115277,0.22841981,8.188345
2,1964,0.00695035,0.01506760,2.78958765,0.05236253,2.50880480,2.56116733,0.22842032,8.188318
2,1965,0.00695135,0.01506925,2.78960272,0.05237579,2.50880620,2.56118199,0.22842073,8.188289
2,1966,0.00695235,0.01507089,2.78961779,0.05238904,2.50880750,2.56119654,0.22842124,8.188263
2,1967,0.00695335,0.01507253,2.78963286,0.05240228,2.50880880,2.56121108,0.22842178,8.188238
2,1968,0.00695435,0.01507417,2.78964793,0.05241551,2.50881020,2.56122571,0.22842222,8.188210
2,1969,0.00695535,0.01507577,2.78966301,0.05242862,2.50881160,2.56124022,0.22842279,8.188186
2,1970,0.00695635,0.01507732,2.78967808,0.05244155,2.50881310,2.56125465,0.22842343,8.188165
2,1971,0.00695735,0.01507886,2.78969316,0.05245444,2.50881470,2.56126914,0.22842402,8.188142
2,1972,0.00695835,0.01508040,2.78970824,0.05246734,2.50881620,2.56128354,0.22842470,8.188122
2,1973,0.00695935,0.01508194,2.78972332,0.05248024,2.50881780,2.56129804,0.22842528,8.188098
2,1974,0.00696035,0.01508348,2.78973840,0.05249315,2.50881940,2.56131255,0.22842586,8.188074
2,1975,0.00696135,0.01508497,2.78975349,0.05250587,2.50882110,2.56132697,0.22842651,8.188054
2,1976,0.00696235,0.01508644,2.78976857,0.05251854,2.50882280,2.56134134,0.22842724,8.188035
2,1977,0.00696335,0.01508791,2.78978366,0.05253121,2.50882450,2.56135571,0.22842795,8.188017
2,1978,0.00696435,0.01508939,2.78979875,0.05254389,2.50882630,2.56137019,0.22842856,8.187994
2,1979,0.00696535,0.01509085,2.78981384,0.05255650,2.50882800,2.56138450,0.22842934,8.187978
2,1980,0.00696635,0.01509229,2.78982893,0.05256907,2.50882990,2.56139897,0.22842997,8.187956
2,1981,0.00696735,0.01509373,2.78984403,0.05258163,2.50883170,2.56141333,0.22843069,8.187938
2,1982,0.00696835,0.01509517,2.78985912,0.05259420,2.50883350,2.56142770,0.22843142,8.187920
2,1983,0.00696935,0.01509661,2.78987422,0.05260676,2.50883540,2.56144216,0.22843206,8.187898
2,1984,0.00697035,0.01509801,2.78988931,0.05261920,2.50883730,2.56145650,0.22843281,8.187881
2,1985,0.00697135,0.01509942,2.78990441,0.05263165,2.50883920,2.56147085,0.22843356,8.187863
2,1986,0.00697235,0.01510082,2.78991951,0.05264410,2.50884120,2.56148530,0.22843421,8.187842
2,1987,0.00697335,0.01510223,2.78993461,0.05265655,2.50884310,2.56149965,0.22843496,8.187825
2,1988,0.00697435,0.01510363,2.78994972,0.05266900,2.50884500,2.56151400,0.22843571,8.187808
2,1989,0.00697535,0.01510502,2.78996482,0.05268141,2.50884700,2.56152841,0.22843641,8.187788
2,1990,0.00697635,0.01510638,2.78997993,0.05269370,2.50884900,2.56154270,0.22843723,8.187773
2,1991,0.00697735,0.01510771,2.78999503,0.05270587,2.50885110,2.56155697,0.22843806,8.187759
2,1992,0.00697835,0.01510903,2.79001014,0.05271804,2.50885320,2.56157124,0.22843890,8.187744
2,1993,0.00697935,0.01511035,2.79002525,0.05273021,2.50885530,2.56158551,0.22843974,8.187730
2,1994,0.00698035,0.01511166,2.79004036,0.05274235,2.50885750,2.56159985,0.22844052,8.187714
2,1995,0.00698135,0.01511297,2.79005547,0.05275447,2.50885970,2.56161417,0.22844131,8.187698
2,1996,0.00698235,0.01511426,2.79007059,0.05276653,2.50886190,2.56162843,0.22844216,8.187684
2,1997,0.00698335,0.01511555,2.79008570,0.05277859,2.50886410,2.56164269,0.22844301,8.187670
2,1998,0.00698435,0.01511684,2.79010082,0.05279066,2.50886630,2.56165696,0.22844386,8.187656
2,1999,0.00698535,0.01511813,2.79011594,0.05280272,2.50886860,2.56167132,0.22844461,8.187639
2,2000,0.00698635,0.01511943,2.79013106,0.05281480,2.50887080,2.56168560,0.22844546,8.187625
2,2001,0.00698735,0.01512072,2.79014618,0.05282687,2.50887310,2.56169997,0.22844621,8.187607
2,2002,0.00698835,0.01512201,2.79016130,0.05283895,2.50887530,2.56171425,0.22844705,8.187593
2,2003,0.00698935,0.01512331,2.79017642,0.05285103,2.50887750,2.56172853,0.22844789,8.187579
2,2004,0.00699035,0.01512460,2.79019154,0.05286311,2.50887980,2.56174291,0.22844863,8.187561
2,2005,0.00699135,0.01512589,2.79020667,0.05287520,2.50888200,2.56175720,0.22844947,8.187546
2,2006,0.00699235,0.01512719,2.79022180,0.05288729,2.50888420,2.56177149,0.22845030,8.187532
2,2007,0.00699335,0.01512848,2.79023692,0.05289939,2.50888650,2.56178589,0.22845104,8.187514
2,2008,0.00699435,0.01512978,2.79025205,0.05291148,2.50888870,2.56180018,0.22845187,8.187499
2,2009,0.00699535,0.01513107,2.79026718,0.05292357,2.50889090,2.56181447,0.22845271,8.187485
2,2010,0.00699635,0.01513237,2.79028231,0.05293566,2.50889320,2.56182886,0.22845345,8.187467
2,2011,0.00699735,0.01513366,2.79029745,0.05294775,2.50889540,2.56184315,0.22845429,8.187453
2,2012,0.00699835,0.01513495,2.79031258,0.05295985,2.50889770,2.56185755,0.22845504,8.187435
2,2013,0.00699935,0.01513625,2.79032772,0.05297194,2.50890000,2.56187194,0.22845578,8.187418
2,2014,0.00700035,0.01513754,2.79034285,0.05298403,2.50890220,2.56188623,0.22845663,8.187403
2,2015,0.00700135,0.01513883,2.79035799,0.05299611,2.50890450,2.56190061,0.22845738,8.187386
2,2016,0.00700235,0.01514012,2.79037313,0.05300820,2.50890680,2.56191500,0.22845813,8.187369
2,2017,0.00700335,0.01514141,2.79038827,0.05302028,2.50890900,2.56192929,0.22845899,8.187355
2,2018,0.00700435,0.01514270,2.79040341,0.05303237,2.50891130,2.56194367,0.22845974,8.187337
2,2019,0.00700535,0.01514399,2.79041856,0.05304445,2.50891360,2.56195806,0.22846050,8.187320
2,2020,0.00700635,0.01514527,2.79043370,0.05305654,2.50891580,2.56197234,0.22846136,8.187307
2,2021,0.00700735,0.01514656,2.79044885,0.05306862,2.50891810,2.56198672,0.22846213,8.187290
2,2022,0.00700835,0.01514785,2.79046400,0.05308070,2.50892040,2.56200110,0.22846289,8.187273
2,2023,0.00700935,0.01514913,2.79047914,0.05309278,2.50892270,2.56201548,0.22846366,8.187256
2,2024,0.00701035,0.01515042,2.79049429,0.05310485,2.50892500,2.56202985,0.22846444,8.187239
2,2025,0.00701135,0.01515170,2.79050945,0.05311692,2.50892730,2.56204422,0.22846522,8.187223
2,2026,0.00701235,0.01515298,2.79052460,0.05312898,2.50892960,2.56205858,0.22846601,8.187207
2,2027,0.00701335,0.01515425,2.79053975,0.05314103,2.50893190,2.56207293,0.22846682,8.187191
2,2028,0.00701435,0.01515553,2.79055491,0.05315307,2.50893430,2.56208737,0.22846753,8.187172
2,2029,0.00701535,0.01515679,2.79057006,0.05316510,2.50893670,2.56210180,0.22846826,8.187154
2,2030,0.00701635,0.01515806,2.79058522,0.05317712,2.50893910,2.56211622,0.22846900,8.187136
2,2031,0.00701735,0.01515932,2.79060038,0.05318912,2.50894150,2.56213062,0.22846975,8.187118
2,2032,0.00701835,0.01516058,2.79061554,0.05320113,2.50894390,2.56214503,0.22847051,8.187101
2,2033,0.00701935,0.01516184,2.79063070,0.05321313,2.50894630,2.56215943,0.22847127,8.187084
2,2034,0.00702035,0.01516310,2.79064586,0.05322513,2.50894870,2.56217383,0.22847204,8.187067
2,2035,0.00702135,0.01516436,2.79066103,0.05323713,2.50895120,2.56218833,0.22847270,8.187046
2,2036,0.00702235,0.01516562,2.79067619,0.05324913,2.50895360,2.56220273,0.22847346,8.187029
2,2037,0.00702335,0.01516687,2.79069136,0.05326113,2.50895600,2.56221713,0.22847423,8.187012
2,2038,0.00702435,0.01516813,2.79070652,0.05327313,2.50895840,2.56223153,0.22847499,8.186995
2,2039,0.00702535,0.01516939,2.79072169,0.05328514,2.50896090,2.56224604,0.22847565,8.186974
2,2040,0.00702635,0.01517065,2.79073686,0.05329715,2.50896330,2.56226045,0.22847642,8.186957
2,2041,0.00702735,0.01517191,2.79075203,0.05330916,2.50896570,2.56227486,0.22847718,8.186939
2,2042,0.00702835,0.01517317,2.79076721,0.05332117,2.50896810,2.56228927,0.22847794,8.186922
2,2043,0.00702935,0.01517443,2.79078238,0.05333318,2.50897060,2.56230379,0.22847860,8.186901
2,2044,0.00703035,0.01517569,2.79079756,0.05334520,2.50897300,2.56231820,0.22847935,8.186884
2,2045,0.00703135,0.01517695,2.79081273,0.05335722,2.50897540,2.56233262,0.22848011,8.186866
2,2046,0.00703235,0.01517819,2.79082791,0.05336918,2.50897790,2.56234707,0.22848083,8.186848
2,2047,0.00703335,0.01517943,2.79084309,0.05338113,2.50898030,2.56236143,0.22848166,8.186833
2,2048,0.00703435,0.01518068,2.79085827,0.05339309,2.50898280,2.56237589,0.22848238,8.186814
2,2049,0.00703535,0.01518192,2.79087345,0.05340505,2.50898520,2.56239025,0.22848320,8.186799
2,2050,0.00703635,0.01518316,2.79088863,0.05341701,2.50898760,2.56240461,0.22848402,8.186784
2,2051,0.00703735,0.01518440,2.79090382,0.05342897,2.50899010,2.56241908,0.22848474,8.186765
2,2052,0.00703835,0.01518564,2.79091900,0.05344091,2.50899250,2.56243341,0.22848559,8.186751
2,2053,0.00703935,0.01518686,2.79093419,0.05345282,2.50899500,2.56244782,0.22848637,8.186734
2,2054,0.00704035,0.01518809,2.79094938,0.05346473,2.50899750,2.56246223,0.22848715,8.186718
2,2055,0.00704135,0.01518932,2.79096456,0.05347664,2.50900000,2.56247664,0.22848793,8.186701
2,2056,0.00704235,0.01519054,2.79097975,0.05348855,2.50900240,2.56249095,0.22848881,8.186688
2,2057,0.00704335,0.01519177,2.79099494,0.05350046,2.50900490,2.56250536,0.22848958,8.186671
2,2058,0.00704435,0.01519300,2.79101014,0.05351238,2.50900730,2.56251968,0.22849046,8.186658
2,2059,0.00704535,0.01519422,2.79102533,0.05352430,2.50900980,2.56253410,0.22849123,8.186641
2,2060,0.00704635,0.01519545,2.79104053,0.05353622,2.50901230,2.56254852,0.22849201,8.186625
2,2061,0.00704735,0.01519668,2.79105572,0.05354814,2.50901470,2.56256284,0.22849288,8.186611
2,2062,0.00704835,0.01519790,2.79107092,0.05356006,2.50901720,2.56257726,0.22849365,8.186594
2,2063,0.00704935,0.01519913,2.79108612,0.05357199,2.50901970,2.56259169,0.22849443,8.186577
2,2064,0.00705035,0.01520034,2.79110132,0.05358386,2.50902210,2.56260596,0.22849536,8.186566
2,2065,0.00705135,0.01520148,2.79111652,0.05359548,2.50902480,2.56262028,0.22849623,8.186553
2,2066,0.00705235,0.01520261,2.79113172,0.05360707,2.50902750,2.56263457,0.22849715,8.186541
2,2067,0.00705335,0.01520375,2.79114692,0.05361867,2.50903010,2.56264877,0.22849815,8.186533
2,2068,0.00705435,0.01520488,2.79116213,0.05363028,2.50903280,2.56266309,0.22849904,8.186520
2,2069,0.00705535,0.01520602,2.79117733,0.05364190,2.50903540,2.56267730,0.22850004,8.186511
2,2070,0.00705635,0.01520716,2.79119254,0.05365351,2.50903810,2.56269161,0.22850093,8.186498
2,2071,0.00705735,0.01520830,2.79120775,0.05366513,2.50904070,2.56270583,0.22850192,8.186489
2,2072,0.00705835,0.01520943,2.79122296,0.05367675,2.50904340,2.56272015,0.22850281,8.186476
2,2073,0.00705935,0.01521057,2.79123817,0.05368837,2.50904600,2.56273437,0.22850380,8.186467
2,2074,0.00706035,0.01521171,2.79125338,0.05369999,2.50904870,2.56274869,0.22850469,8.186455
2,2075,0.00706135,0.01521285,2.79126859,0.05371161,2.50905130,2.56276291,0.22850568,8.186445
2,2076,0.00706235,0.01521399,2.79128380,0.05372324,2.50905400,2.56277724,0.22850657,8.186433
2,2077,0.00706335,0.01521512,2.79129902,0.05373487,2.50905660,2.56279147,0.22850755,8.186423
2,2078,0.00706435,0.01521619,2.79131423,0.05374625,2.50905940,2.56280565,0.22850859,8.186416
2,2079,0.00706535,0.01521720,2.79132945,0.05375743,2.50906240,2.56281983,0.22850962,8.186408
2,2080,0.00706635,0.01521818,2.79134467,0.05376849,2.50906540,2.56283389,0.22851078,8.186405
2,2081,0.00706735,0.01521916,2.79135989,0.05377957,2.50906840,2.56284797,0.22851192,8.186401
2,2082,0.00706835,0.01522015,2.79137511,0.05379066,2.50907140,2.56286206,0.22851305,8.186397
2,2083,0.00706935,0.01522112,2.79139033,0.05380172,2.50907440,2.56287612,0.22851421,8.186394
2,2084,0.00707035,0.01522207,2.79140555,0.05381269,2.50907750,2.56289019,0.22851536,8.186391
2,2085,0.00707135,0.01522302,2.79142077,0.05382364,2.50908060,2.56290424,0.22851653,8.186388
2,2086,0.00707235,0.01522397,2.79143599,0.05383460,2.50908370,2.56291830,0.22851769,8.186385
2,2087,0.00707335,0.01522491,2.79145122,0.05384557,2.50908680,2.56293236,0.22851885,8.186382
2,2088,0.00707435,0.01522586,2.79146644,0.05385652,2.50908990,2.56294642,0.22852003,8.186379
2,2089,0.00707535,0.01522675,2.79148167,0.05386729,2.50909320,2.56296049,0.22852118,8.186376
2,2090,0.00707635,0.01522762,2.79149690,0.05387799,2.50909650,2.56297449,0.22852241,8.186375
2,2091,0.00707735,0.01522849,2.79151213,0.05388868,2.50909980,2.56298848,0.22852364,8.186375
2,2092,0.00707835,0.01522937,2.79152735,0.05389940,2.50910300,2.56300240,0.22852495,8.186377
2,2093,0.00707935,0.01523025,2.79154258,0.05391014,2.50910630,2.56301644,0.22852615,8.186375
2,2094,0.00708035,0.01523111,2.79155782,0.05392078,2.50910960,2.56303038,0.22852743,8.186376
2,2095,0.00708135,0.01523196,2.79157305,0.05393141,2.50911300,2.56304441,0.22852864,8.186375
2,2096,0.00708235,0.01523281,2.79158828,0.05394204,2.50911630,2.56305834,0.22852994,8.186377
2,2097,0.00708335,0.01523366,2.79160351,0.05395267,2.50911970,2.56307237,0.22853114,8.186375
2,2098,0.00708435,0.01523452,2.79161875,0.05396331,2.50912300,2.56308631,0.22853243,8.186377
2,2099,0.00708535,0.01523537,2.79163398,0.05397396,2.50912630,2.56310026,0.22853372,8.186378
2,2100,0.00708635,0.01523623,2.79164922,0.05398461,2.50912970,2.56311431,0.22853491,8.186376
2,2101,0.00708735,0.01523708,2.79166445,0.05399525,2.50913300,2.56312825,0.22853620,8.186378
2,2102,0.00708835,0.01523793,2.79167969,0.05400590,2.50913630,2.56314220,0.22853749,8.186379
2,2103,0.00708935,0.01523879,2.79169493,0.05401655,2.50913970,2.56315625,0.22853868,8.186377
2,2104,0.00709035,0.01523964,2.79171017,0.05402720,2.50914300,2.56317020,0.22853997,8.186379
2,2105,0.00709135,0.01524050,2.79172541,0.05403785,2.50914640,2.56318425,0.22854116,8.186377
2,2106,0.00709235,0.01524136,2.79174065,0.05404851,2.50914980,2.56319831,0.22854234,8.186374
2,2107,0.00709335,0.01524221,2.79175589,0.05405917,2.50915310,2.56321227,0.22854362,8.186376
2,2108,0.00709435,0.01524307,2.79177113,0.05406983,2.50915650,2.56322633,0.22854480,8.186373
2,2109,0.00709535,0.01524393,2.79178638,0.05408050,2.50915980,2.56324030,0.22854608,8.186374
2,2110,0.00709635,0.01524479,2.79180162,0.05409116,2.50916320,2.56325436,0.22854726,8.186372
2,2111,0.00709735,0.01524564,2.79181687,0.05410183,2.50916660,2.56326843,0.22854844,8.186369
2,2112,0.00709835,0.01524650,2.79183211,0.05411249,2.50916990,2.56328239,0.22854972,8.186370
2,2113,0.00709935,0.01524736,2.79184736,0.05412316,2.50917330,2.56329646,0.22855090,8.186368
2,2114,0.00710035,0.01524821,2.79186261,0.05413381,2.50917670,2.56331051,0.22855210,8.186366
2,2115,0.00710135,0.01524905,2.79187786,0.05414442,2.50918010,2.56332452,0.22855334,8.186366
2,2116,0.00710235,0.01524990,2.79189311,0.05415505,2.50918350,2.56333855,0.22855455,8.186365
2,2117,0.00710335,0.01525075,2.79190836,0.05416569,2.50918690,2.56335259,0.22855577,8.186363
2,2118,0.00710435,0.01525159,2.79192361,0.05417632,2.50919030,2.56336662,0.22855698,8.186362
2,2119,0.00710535,0.01525244,2.79193886,0.05418696,2.50919370,2.56338066,0.22855820,8.186361
2,2120,0.00710635,0.01525329,2.79195411,0.05419760,2.50919710,2.56339470,0.22855941,8.186360
2,2121,0.00710735,0.01525414,2.79196937,0.05420824,2.50920050,2.56340874,0.22856062,8.186358
2,2122,0.00710835,0.01525499,2.79198462,0.05421889,2.50920390,2.56342279,0.22856183,8.186357
2,2123,0.00710935,0.01525584,2.79199988,0.05422954,2.50920730,2.56343684,0.22856304,8.186356
2,2124,0.00711035,0.01525669,2.79201513,0.05424018,2.50921070,2.56345088,0.22856425,8.186354
2,2125,0.00711135,0.01525753,2.79203039,0.05425083,2.50921420,2.56346503,0.22856536,8.186349
2,2126,0.00711235,0.01525838,2.79204565,0.05426146,2.50921760,2.56347906,0.22856659,8.186349
2,2127,0.00711335,0.01525919,2.79206091,0.05427199,2.50922110,2.56349309,0.22856782,8.186348
2,2128,0.00711435,0.01526001,2.79207617,0.05428252,2.50922460,2.56350712,0.22856905,8.186347
2,2129,0.00711535,0.01526083,2.79209143,0.05429305,2.50922810,2.56352115,0.22857028,8.186346
2,2130,0.00711635,0.01526164,2.79210669,0.05430358,2.50923160,2.56353518,0.22857151,8.186346
2,2131,0.00711735,0.01526246,2.79212195,0.05431411,2.50923510,2.56354921,0.22857274,8.186345
2,2132,0.00711835,0.01526327,2.79213721,0.05432465,2.50923860,2.56356325,0.22857396,8.186344
2,2133,0.00711935,0.01526409,2.79215248,0.05433519,2.50924210,2.56357729,0.22857519,8.186343
2,2134,0.00712035,0.01526491,2.79216774,0.05434572,2.50924560,2.56359132,0.22857642,8.186343
2,2135,0.00712135,0.01526572,2.79218301,0.05435627,2.50924910,2.56360536,0.22857764,8.186342
2,2136,0.00712235,0.01526654,2.79219827,0.05436681,2.50925260,2.56361941,0.22857886,8.186341
2,2137,0.00712335,0.01526736,2.79221354,0.05437735,2.50925610,2.56363345,0.22858009,8.186340
2,2138,0.00712435,0.01526817,2.79222881,0.05438790,2.50925960,2.56364750,0.22858131,8.186339
2,2139,0.00712535,0.01526899,2.79224408,0.05439844,2.50926310,2.56366154,0.22858253,8.186338
2,2140,0.00712635,0.01526981,2.79225934,0.05440898,2.50926660,2.56367558,0.22858376,8.186337
2,2141,0.00712735,0.01527062,2.79227462,0.05441953,2.50927010,2.56368963,0.22858499,8.186336
2,2142,0.00712835,0.01527144,2.79228989,0.05443008,2.50927360,2.56370368,0.22858621,8.186335
2,2143,0.00712935,0.01527226,2.79230516,0.05444062,2.50927710,2.56371772,0.22858743,8.186334
2,2144,0.00713035,0.01527307,2.79232043,0.05445117,2.50928060,2.56373177,0.22858866,8.186333
2,2145,0.00713135,0.01527388,2.79233570,0.05446169,2.50928420,2.56374589,0.22858981,8.186330
2,2146,0.00713235,0.01527463,2.79235098,0.05447201,2.50928780,2.56375981,0.22859117,8.186334
2,2147,0.00713335,0.01527539,2.79236625,0.05448234,2.50929150,2.56377384,0.22859242,8.186334
2,2148,0.00713435,0.01527615,2.79238153,0.05449268,2.50929520,2.56378788,0.22859364,8.186333
2,2149,0.00713535,0.01527690,2.79239681,0.05450302,2.50929880,2.56380182,0.22859499,8.186336
2,2150,0.00713635,0.01527766,2.79241208,0.05451335,2.50930250,2.56381585,0.22859624,8.186336
2,2151,0.00713735,0.01527841,2.79242736,0.05452366,2.50930620,2.56382986,0.22859750,8.186336
2,2152,0.00713835,0.01527909,2.79244264,0.05453375,2.50931000,2.56384375,0.22859889,8.186341
2,2153,0.00713935,0.01527977,2.79245792,0.05454380,2.50931390,2.56385770,0.22860022,8.186344
2,2154,0.00714035,0.01528045,2.79247320,0.05455386,2.50931770,2.56387156,0.22860164,8.186350
2,2155,0.00714135,0.01528113,2.79248848,0.05456393,2.50932150,2.56388543,0.22860305,8.186356
2,2156,0.00714235,0.01528181,2.79250376,0.05457400,2.50932540,2.56389940,0.22860436,8.186358
2,2157,0.00714335,0.01528249,2.79251904,0.05458407,2.50932920,2.56391327,0.22860577,8.186364
2,2158,0.00714435,0.01528317,2.79253433,0.05459415,2.50933310,2.56392725,0.22860708,8.186366
2,2159,0.00714535,0.01528385,2.79254961,0.05460422,2.50933690,2.56394112,0.22860849,8.186372
2,2160,0.00714635,0.01528453,2.79256489,0.05461430,2.50934080,2.56395510,0.22860980,8.186374
2,2161,0.00714735,0.01528521,2.79258018,0.05462438,2.50934460,2.56396898,0.22861120,8.186379
2,2162,0.00714835,0.01528590,2.79259546,0.05463446,2.50934840,2.56398286,0.22861261,8.186385
2,2163,0.00714935,0.01528658,2.79261075,0.05464454,2.50935230,2.56399684,0.22861391,8.186387
2,2164,0.00715035,0.01528726,2.79262604,0.05465462,2.50935610,2.56401072,0.22861532,8.186392
2,2165,0.00715135,0.01528794,2.79264133,0.05466471,2.50936000,2.56402471,0.22861662,8.186394
2,2166,0.00715235,0.01528863,2.79265661,0.05467480,2.50936380,2.56403860,0.22861801,8.186399
2,2167,0.00715335,0.01528931,2.79267190,0.05468489,2.50936760,2.56405249,0.22861941,8.186404
2,2168,0.00715435,0.01528998,2.79268719,0.05469491,2.50937150,2.56406641,0.22862078,8.186409
2,2169,0.00715535,0.01529063,2.79270248,0.05470490,2.50937540,2.56408031,0.22862218,8.186414
2,2170,0.00715635,0.01529129,2.79271777,0.05471490,2.50937920,2.56409410,0.22862367,8.186422
2,2171,0.00715735,0.01529195,2.79273307,0.05472491,2.50938310,2.56410801,0.22862506,8.186427
2,2172,0.00715835,0.01529261,2.79274836,0.05473491,2.50938700,2.56412191,0.22862645,8.186432
2,2173,0.00715935,0.01529314,2.79276365,0.05474446,2.50939110,2.56413556,0.22862809,8.186446
2,2174,0.00716035,0.01529363,2.79277894,0.05475387,2.50939540,2.56414927,0.22862967,8.186458
2,2175,0.00716135,0.01529414,2.79279424,0.05476333,2.50939960,2.56416293,0.22863130,8.186472
2,2176,0.00716235,0.01529466,2.79280953,0.05477283,2.50940380,2.56417663,0.22863290,8.186484
2,2177,0.00716335,0.01529517,2.79282483,0.05478232,2.50940800,2.56419032,0.22863451,8.186497
2,2178,0.00716435,0.01529568,2.79284012,0.05479180,2.50941230,2.56420410,0.22863602,8.186506
2,2179,0.00716535,0.01529620,2.79285542,0.05480129,2.50941650,2.56421780,0.22863762,8.186518
2,2180,0.00716635,0.01529671,2.79287071,0.05481079,2.50942070,2.56423148,0.22863923,8.186531
2,2181,0.00716735,0.01529722,2.79288601,0.05482028,2.50942500,2.56424528,0.22864074,8.186540
2,2182,0.00716835,0.01529774,2.79290131,0.05482977,2.50942920,2.56425897,0.22864234,8.186553
2,2183,0.00716935,0.01529826,2.79291661,0.05483926,2.50943350,2.56427276,0.22864384,8.186562
2,2184,0.00717035,0.01529877,2.79293191,0.05484876,2.50943770,2.56428646,0.22864544,8.186574
2,2185,0.00717135,0.01529929,2.79294720,0.05485826,2.50944190,2.56430016,0.22864704,8.186587
2,2186,0.00717235,0.01529980,2.79296250,0.05486776,2.50944620,2.56431396,0.22864854,8.186595
2,2187,0.00717335,0.01530032,2.79297780,0.05487727,2.50945040,2.56432767,0.22865014,8.186608
2,2188,0.00717435,0.01530079,2.79299310,0.05488662,2.50945470,2.56434132,0.22865179,8.186622
2,2189,0.00717535,0.01530124,2.79300841,0.05489587,2.50945900,2.56435487,0.22865354,8.186640
2,2190,0.00717635,0.01530166,2.79302371,0.05490503,2.50946340,2.56436843,0.22865528,8.186657
2,2191,0.00717735,0.01530208,2.79303901,0.05491419,2.50946780,2.56438199,0.22865702,8.186675
2,2192,0.00717835,0.01530250,2.79305431,0.05492336,2.50947210,2.56439546,0.22865885,8.186695
2,2193,0.00717935,0.01530293,2.79306961,0.05493253,2.50947650,2.56440903,0.22866059,8.186713
2,2194,0.00718035,0.01530333,2.79308492,0.05494164,2.50948080,2.56442244,0.22866248,8.186736
2,2195,0.00718135,0.01530371,2.79310022,0.05495063,2.50948530,2.56443593,0.22866429,8.186756
2,2196,0.00718235,0.01530407,2.79311552,0.05495960,2.50948970,2.56444930,0.22866622,8.186780
2,2197,0.00718335,0.01530444,2.79313083,0.05496858,2.50949410,2.56446268,0.22866815,8.186804
2,2198,0.00718435,0.01530481,2.79314613,0.05497757,2.50949850,2.56447607,0.22867007,8.186828
2,2199,0.00718535,0.01530519,2.79316144,0.05498656,2.50950290,2.56448946,0.22867198,8.186852
2,2200,0.00718635,0.01530556,2.79317674,0.05499555,2.50950740,2.56450295,0.22867379,8.186872
2,2201,0.00718735,0.01530593,2.79319205,0.05500455,2.50951180,2.56451635,0.22867570,8.186895
2,2202,0.00718835,0.01530631,2.79320736,0.05501354,2.50951620,2.56452974,0.22867761,8.186919
2,2203,0.00718935,0.01530669,2.79322266,0.05502258,2.50952060,2.56454318,0.22867948,8.186941
2,2204,0.00719035,0.01530709,2.79323797,0.05503165,2.50952500,2.56455665,0.22868132,8.186962
2,2205,0.00719135,0.01530748,2.79325328,0.05504072,2.50952950,2.56457022,0.22868306,8.186979
2,2206,0.00719235,0.01530788,2.79326858,0.05504979,2.50953390,2.56458369,0.22868489,8.187000
2,2207,0.00719335,0.01530827,2.79328389,0.05505886,2.50953830,2.56459716,0.22868673,8.187021
2,2208,0.00719435,0.01530867,2.79329920,0.05506794,2.50954280,2.56461074,0.22868846,8.187038
2,2209,0.00719535,0.01530902,2.79331451,0.05507688,2.50954720,2.56462409,0.22869042,8.187063
2,2210,0.00719635,0.01530938,2.79332982,0.05508580,2.50955170,2.56463750,0.22869231,8.187086
2,2211,0.00719735,0.01530973,2.79334513,0.05509473,2.50955620,2.56465093,0.22869420,8.187109
2,2212,0.00719835,0.01531008,2.79336044,0.05510365,2.50956070,2.56466435,0.22869609,8.187131
2,2213,0.00719935,0.01531043,2.79337575,0.05511258,2.50956520,2.56467778,0.22869797,8.187154
2,2214,0.00720035,0.01531079,2.79339106,0.05512150,2.50956970,2.56469120,0.22869986,8.187176
2,2215,0.00720135,0.01531114,2.79340637,0.05513043,2.50957420,2.56470463,0.22870174,8.187199
2,2216,0.00720235,0.01531151,2.79342168,0.05513941,2.50957870,2.56471812,0.22870357,8.187220
2,2217,0.00720335,0.01531188,2.79343699,0.05514842,2.50958320,2.56473162,0.22870538,8.187239
2,2218,0.00720435,0.01531226,2.79345231,0.05515742,2.50958770,2.56474512,0.22870718,8.187259
2,2219,0.00720535,0.01531263,2.79346762,0.05516643,2.50959220,2.56475863,0.22870899,8.187279
2,2220,0.00720635,0.01531301,2.79348293,0.05517543,2.50959670,2.56477213,0.22871080,8.187299
2,2221,0.00720735,0.01531338,2.79349824,0.05518444,2.50960120,2.56478564,0.22871260,8.187319
2,2222,0.00720835,0.01531376,2.79351356,0.05519345,2.50960570,2.56479915,0.22871440,8.187338
2,2223,0.00720935,0.01531411,2.79352887,0.05520237,2.50961020,2.56481257,0.22871630,8.187361
2,2224,0.00721035,0.01531445,2.79354419,0.05521128,2.50961470,2.56482598,0.22871821,8.187385
2,2225,0.00721135,0.01531480,2.79355950,0.05522019,2.50961930,2.56483948,0.22872002,8.187404
2,2226,0.00721235,0.01531510,2.79357482,0.05522891,2.50962390,2.56485281,0.22872201,8.187431
2,2227,0.00721335,0.01531520,2.79359013,0.05523692,2.50962900,2.56486592,0.22872421,8.187465
2,2228,0.00721435,0.01531526,2.79360545,0.05524482,2.50963420,2.56487902,0.22872643,8.187499
2,2229,0.00721535,0.01531531,2.79362076,0.05525266,2.50963950,2.56489216,0.22872860,8.187532
2,2230,0.00721635,0.01531538,2.79363608,0.05526055,2.50964470,2.56490524,0.22873083,8.187567
2,2231,0.00721735,0.01531544,2.79365139,0.05526844,2.50964990,2.56491834,0.22873305,8.187602
2,2232,0.00721835,0.01531550,2.79366671,0.05527632,2.50965510,2.56493142,0.22873528,8.187637
2,2233,0.00721935,0.01531556,2.79368202,0.05528421,2.50966040,2.56494461,0.22873742,8.187668
2,2234,0.00722035,0.01531563,2.79369734,0.05529209,2.50966560,2.56495769,0.22873965,8.187703
2,2235,0.00722135,0.01531564,2.79371265,0.05529978,2.50967090,2.56497068,0.22874198,8.187742
2,2236,0.00722235,0.01531550,2.79372797,0.05530695,2.50967660,2.56498355,0.22874441,8.187784
2,2237,0.00722335,0.01531532,2.79374328,0.05531395,2.50968240,2.56499635,0.22874693,8.187829
2,2238,0.00722435,0.01531514,2.79375860,0.05532096,2.50968820,2.56500916,0.22874944,8.187874
2,2239,0.00722535,0.01531496,2.79377392,0.05532799,2.50969390,2.56502189,0.22875203,8.187922
2,2240,0.00722635,0.01531479,2.79378923,0.05533501,2.50969970,2.56503471,0.22875452,8.187966
2,2241,0.00722735,0.01531456,2.79380454,0.05534184,2.50970560,2.56504744,0.22875711,8.188014
2,2242,0.00722835,0.01531428,2.79381986,0.05534846,2.50971150,2.56505996,0.22875990,8.188069
2,2243,0.00722935,0.01531398,2.79383517,0.05535506,2.50971750,2.56507256,0.22876262,8.188121
2,2244,0.00723035,0.01531369,2.79385049,0.05536167,2.50972340,2.56508507,0.22876542,8.188177
2,2245,0.00723135,0.01531341,2.79386580,0.05536830,2.50972940,2.56509770,0.22876810,8.188228
2,2246,0.00723235,0.01531308,2.79388111,0.05537478,2.50973540,2.56511018,0.22877094,8.188285
2,2247,0.00723335,0.01531275,2.79389643,0.05538122,2.50974140,2.56512262,0.22877381,8.188343
2,2248,0.00723435,0.01531241,2.79391174,0.05538767,2.50974750,2.56513517,0.22877657,8.188396
2,2249,0.00723535,0.01531208,2.79392705,0.05539413,2.50975350,2.56514763,0.22877942,8.188454
2,2250,0.00723635,0.01531175,2.79394236,0.05540060,2.50975960,2.56516020,0.22878217,8.188507
2,2251,0.00723735,0.01531142,2.79395768,0.05540706,2.50976560,2.56517266,0.22878501,8.188564
2,2252,0.00723835,0.01531110,2.79397299,0.05541353,2.50977170,2.56518523,0.22878776,8.188617
2,2253,0.00723935,0.01531075,2.79398830,0.05541993,2.50977770,2.56519763,0.22879066,8.188677
2,2254,0.00724035,0.01531040,2.79400361,0.05542633,2.50978380,2.56521013,0.22879347,8.188732
2,2255,0.00724135,0.01531003,2.79401892,0.05543264,2.50979000,2.56522264,0.22879628,8.188788
2,2256,0.00724235,0.01530956,2.79403423,0.05543860,2.50979640,2.56523500,0.22879923,8.188848
2,2257,0.00724335,0.01530899,2.79404954,0.05544419,2.50980310,2.56524729,0.22880225,8.188912
2,2258,0.00724435,0.01530833,2.79406485,0.05544946,2.50980990,2.56525936,0.22880549,8.188983
2,2259,0.00724535,0.01530767,2.79408015,0.05545470,2.50981680,2.56527150,0.22880865,8.189051
2,2260,0.00724635,0.01530701,2.79409546,0.05545997,2.50982370,2.56528367,0.22881179,8.189119
2,2261,0.00724735,0.01530635,2.79411077,0.05546524,2.50983050,2.56529574,0.22881503,8.189190
2,2262,0.00724835,0.01530570,2.79412607,0.05547052,2.50983740,2.56530792,0.22881816,8.189257
2,2263,0.00724935,0.01530501,2.79414138,0.05547568,2.50984430,2.56531998,0.22882140,8.189328
2,2264,0.00725035,0.01530427,2.79415668,0.05548064,2.50985150,2.56533214,0.22882454,8.189395
2,2265,0.00725135,0.01530353,2.79417199,0.05548561,2.50985860,2.56534421,0.22882778,8.189466
2,2266,0.00725235,0.01530279,2.79418729,0.05549058,2.50986570,2.56535628,0.22883101,8.189537
2,2267,0.00725335,0.01530205,2.79420259,0.05549556,2.50987280,2.56536836,0.22883424,8.189608
2,2268,0.00725435,0.01530131,2.79421789,0.05550053,2.50987990,2.56538043,0.22883747,8.189679
2,2269,0.00725535,0.01530054,2.79423320,0.05550538,2.50988710,2.56539248,0.22884072,8.189750
2,2270,0.00725635,0.01529976,2.79424850,0.05551022,2.50989430,2.56540452,0.22884398,8.189822
2,2271,0.00725735,0.01529898,2.79426380,0.05551502,2.50990140,2.56541642,0.22884738,8.189899
2,2272,0.00725835,0.01529813,2.79427909,0.05551959,2.50990870,2.56542829,0.22885080,8.189977
2,2273,0.00725935,0.01529727,2.79429439,0.05552412,2.50991600,2.56544012,0.22885427,8.190056
2,2274,0.00726035,0.01529642,2.79430969,0.05552865,2.50992320,2.56545185,0.22885783,8.190138
2,2275,0.00726135,0.01529556,2.79432498,0.05553320,2.50993050,2.56546370,0.22886129,8.190217
2,2276,0.00726235,0.01529470,2.79434028,0.05553774,2.50993780,2.56547554,0.22886474,8.190296
2,2277,0.00726335,0.01529385,2.79435557,0.05554229,2.50994510,2.56548739,0.22886819,8.190375
2,2278,0.00726435,0.01529300,2.79437087,0.05554683,2.50995230,2.56549913,0.22887173,8.190457
2,2279,0.00726535,0.01529214,2.79438616,0.05555138,2.50995960,2.56551098,0.22887518,8.190535
2,2280,0.00726635,0.01529129,2.79440145,0.05555593,2.50996680,2.56552273,0.22887872,8.190617
2,2281,0.00726735,0.01529044,2.79441674,0.05556048,2.50997410,2.56553458,0.22888216,8.190695
2,2282,0.00726835,0.01528959,2.79443203,0.05556504,2.50998140,2.56554644,0.22888559,8.190773
2,2283,0.00726935,0.01528869,2.79444732,0.05556941,2.50998870,2.56555811,0.22888921,8.190858
2,2284,0.00727035,0.01528777,2.79446261,0.05557370,2.50999610,2.56556980,0.22889281,8.190942
2,2285,0.00727135,0.01528678,2.79447790,0.05557774,2.51000360,2.56558134,0.22889656,8.191031
2,2286,0.00727235,0.01528574,2.79449318,0.05558163,2.51001120,2.56559283,0.22890035,8.191122
2,2287,0.00727335,0.01528472,2.79450847,0.05558554,2.51001880,2.56560434,0.22890413,8.191213
2,2288,0.00727435,0.01528369,2.79452375,0.05558944,2.51002640,2.56561584,0.22890791,8.191303
2,2289,0.00727535,0.01528266,2.79453904,0.05559334,2.51003400,2.56562734,0.22891169,8.191394
2,2290,0.00727635,0.01528163,2.79455432,0.05559725,2.51004160,2.56563885,0.22891547,8.191484
2,2291,0.00727735,0.01528061,2.79456960,0.05560115,2.51004920,2.56565035,0.22891925,8.191574
2,2292,0.00727835,0.01527958,2.79458488,0.05560506,2.51005680,2.56566186,0.22892302,8.191664
2,2293,0.00727935,0.01527856,2.79460016,0.05560897,2.51006440,2.56567337,0.22892679,8.191755
2,2294,0.00728035,0.01527753,2.79461544,0.05561288,2.51007200,2.56568488,0.22893056,8.191845
2,2295,0.00728135,0.01527651,2.79463071,0.05561679,2.51007960,2.56569639,0.22893432,8.191935
2,2296,0.00728235,0.01527548,2.79464599,0.05562070,2.51008720,2.56570791,0.22893808,8.192025
2,2297,0.00728335,0.01527445,2.79466126,0.05562456,2.51009480,2.56571936,0.22894190,8.192116
2,2298,0.00728435,0.01527337,2.79467654,0.05562829,2.51010250,2.56573079,0.22894575,8.192209
2,2299,0.00728535,0.01527230,2.79469181,0.05563201,2.51011020,2.56574221,0.22894960,8.192302
2,2300,0.00728635,0.01527123,2.79470708,0.05563574,2.51011800,2.56575374,0.22895334,8.192391
2,2301,0.00728735,0.01527015,2.79472235,0.05563946,2.51012570,2.56576516,0.22895720,8.192485
2,2302,0.00728835,0.01526907,2.79473762,0.05564315,2.51013340,2.56577655,0.22896107,8.192578
2,2303,0.00728935,0.01526799,2.79475289,0.05564685,2.51014110,2.56578795,0.22896494,8.192672
2,2304,0.00729035,0.01526669,2.79476816,0.05564974,2.51014930,2.56579904,0.22896912,8.192777
2,2305,0.00729135,0.01526531,2.79478343,0.05565236,2.51015760,2.56580996,0.22897347,8.192888
2,2306,0.00729235,0.01526395,2.79479869,0.05565504,2.51016590,2.56582094,0.22897775,8.192996
2,2307,0.00729335,0.01526261,2.79481395,0.05565776,2.51017420,2.56583196,0.22898199,8.193103
2,2308,0.00729435,0.01526126,2.79482921,0.05566049,2.51018250,2.56584299,0.22898622,8.193210
2,2309,0.00729535,0.01525992,2.79484448,0.05566322,2.51019070,2.56585392,0.22899055,8.193320
2,2310,0.00729635,0.01525858,2.79485973,0.05566595,2.51019900,2.56586495,0.22899479,8.193427
2,2311,0.00729735,0.01525723,2.79487499,0.05566868,2.51020730,2.56587598,0.22899901,8.193533
2,2312,0.00729835,0.01525589,2.79489025,0.05567141,2.51021550,2.56588691,0.22900333,8.193643
2,2313,0.00729935,0.01525455,2.79490550,0.05567416,2.51022380,2.56589796,0.22900755,8.193749
2,2314,0.00730035,0.01525320,2.79492076,0.05567684,2.51023210,2.56590893,0.22901182,8.193857
2,2315,0.00730135,0.01525182,2.79493601,0.05567943,2.51024040,2.56591983,0.22901618,8.193969
2,2316,0.00730235,0.01525045,2.79495126,0.05568204,2.51024870,2.56593074,0.22902052,8.194079
2,2317,0.00730335,0.01524907,2.79496651,0.05568465,2.51025700,2.56594165,0.22902487,8.194190
2,2318,0.00730435,0.01524763,2.79498176,0.05568701,2.51026550,2.56595251,0.22902925,8.194302
2,2319,0.00730535,0.01524611,2.79499701,0.05568910,2.51027420,2.56596330,0.22903371,8.194417
2,2320,0.00730635,0.01524458,2.79501225,0.05569112,2.51028280,2.56597392,0.22903833,8.194538
2,2321,0.00730735,0.01524306,2.79502750,0.05569318,2.51029150,2.56598468,0.22904282,8.194653
2,2322,0.00730835,0.01524154,2.79504274,0.05569526,2.51030010,2.56599536,0.22904738,8.194772
2,2323,0.00730935,0.01524003,2.79505798,0.05569734,2.51030880,2.56600614,0.22905184,8.194887
2,2324,0.00731035,0.01523851,2.79507322,0.05569942,2.51031740,2.56601682,0.22905640,8.195005
2,2325,0.00731135,0.01523700,2.79508846,0.05570150,2.51032610,2.56602760,0.22906086,8.195120
2,2326,0.00731235,0.01523548,2.79510369,0.05570358,2.51033470,2.56603828,0.22906541,8.195239
2,2327,0.00731335,0.01523397,2.79511893,0.05570566,2.51034330,2.56604896,0.22906997,8.195357
2,2328,0.00731435,0.01523246,2.79513416,0.05570774,2.51035200,2.56605975,0.22907442,8.195471
2,2329,0.00731535,0.01523094,2.79514939,0.05570983,2.51036060,2.56607043,0.22907896,8.195589
2,2330,0.00731635,0.01522943,2.79516462,0.05571192,2.51036920,2.56608112,0.22908350,8.195707
2,2331,0.00731735,0.01522792,2.79517985,0.05571401,2.51037790,2.56609191,0.22908794,8.195821
2,2332,0.00731835,0.01522641,2.79519508,0.05571610,2.51038650,2.56610260,0.22909248,8.195939
2,2333,0.00731935,0.01522490,2.79521030,0.05571819,2.51039510,2.56611329,0.22909701,8.196056
2,2334,0.00732035,0.01522340,2.79522553,0.05572028,2.51040370,2.56612398,0.22910154,8.196174
2,2335,0.00732135,0.01522189,2.79524075,0.05572238,2.51041240,2.56613478,0.22910597,8.196288
2,2336,0.00732235,0.01522038,2.79525597,0.05572448,2.51042100,2.56614547,0.22911050,8.196405
2,2337,0.00732335,0.01521888,2.79527119,0.05572657,2.51042960,2.56615617,0.22911502,8.196522
2,2338,0.00732435,0.01521737,2.79528641,0.05572867,2.51043820,2.56616687,0.22911954,8.196639
2,2339,0.00732535,0.01521587,2.79530163,0.05573077,2.51044680,2.56617757,0.22912405,8.196756
2,2340,0.00732635,0.01521437,2.79531684,0.05573288,2.51045540,2.56618828,0.22912857,8.196873
2,2341,0.00732735,0.01521286,2.79533205,0.05573498,2.51046400,2.56619898,0.22913307,8.196989
2,2342,0.00732835,0.01521136,2.79534727,0.05573709,2.51047260,2.56620969,0.22913758,8.197106
2,2343,0.00732935,0.01520986,2.79536248,0.05573919,2.51048120,2.56622039,0.22914208,8.197223
2,2344,0.00733035,0.01520836,2.79537769,0.05574130,2.51048980,2.56623110,0.22914659,8.197339
2,2345,0.00733135,0.01520685,2.79539289,0.05574337,2.51049840,2.56624177,0.22915112,8.197457
2,2346,0.00733235,0.01520524,2.79540810,0.05574505,2.51050730,2.56625235,0.22915575,8.197578
2,2347,0.00733335,0.01520362,2.79542330,0.05574674,2.51051620,2.56626294,0.22916036,8.197698
2,2348,0.00733435,0.01520202,2.79543851,0.05574845,2.51052510,2.56627355,0.22916496,8.197818
2,2349,0.00733535,0.01520041,2.79545371,0.05575015,2.51053390,2.56628405,0.22916966,8.197942
2,2350,0.00733635,0.01519880,2.79546891,0.05575184,2.51054280,2.56629464,0.22917427,8.198062
2,2351,0.00733735,0.01519719,2.79548411,0.05575353,2.51055170,2.56630523,0.22917888,8.198182
2,2352,0.00733835,0.01519558,2.79549930,0.05575523,2.51056060,2.56631583,0.22918347,8.198302
2,2353,0.00733935,0.01519397,2.79551450,0.05575693,2.51056940,2.56632633,0.22918817,8.198425
2,2354,0.00734035,0.01519236,2.79552969,0.05575863,2.51057830,2.56633693,0.22919276,8.198545
2,2355,0.00734135,0.01519076,2.79554488,0.05576033,2.51058710,2.56634743,0.22919745,8.198668
2,2356,0.00734235,0.01518915,2.79556007,0.05576202,2.51059600,2.56635802,0.22920205,8.198788
2,2357,0.00734335,0.01518749,2.79557526,0.05576352,2.51060500,2.56636852,0.22920674,8.198911
2,2358,0.00734435,0.01518583,2.79559045,0.05576503,2.51061400,2.56637903,0.22921142,8.199034
2,2359,0.00734535,0.01518418,2.79560563,0.05576655,2.51062300,2.56638955,0.22921608,8.199157
2,2360,0.00734635,0.01518252,2.79562082,0.05576806,2.51063200,2.56640006,0.22922075,8.199279
2,2361,0.00734735,0.01518087,2.79563600,0.05576957,2.51064100,2.56641057,0.22922542,8.199402
2,2362,0.00734835,0.01517922,2.79565118,0.05577109,2.51064990,2.56642099,0.22923019,8.199528
2,2363,0.00734935,0.01517756,2.79566636,0.05577261,2.51065890,2.56643151,0.22923485,8.199650
2,2364,0.00735035,0.01517591,2.79568153,0.05577412,2.51066790,2.56644202,0.22923951,8.199772
2,2365,0.00735135,0.01517426,2.79569671,0.05577564,2.51067690,2.56645254,0.22924416,8.199894
2,2366,0.00735235,0.01517261,2.79571188,0.05577716,2.51068580,2.56646296,0.22924892,8.200019
2,2367,0.00735335,0.01517096,2.79572705,0.05577869,2.51069480,2.56647349,0.22925357,8.200141
2,2368,0.00735435,0.01516931,2.79574222,0.05578021,2.51070380,2.56648401,0.22925821,8.200263
2,2369,0.00735535,0.01516767,2.79575739,0.05578174,2.51071270,2.56649444,0.22926296,8.200388
2,2370,0.00735635,0.01516602,2.79577256,0.05578327,2.51072170,2.56650497,0.22926759,8.200509
2,2371,0.00735735,0.01516438,2.79578772,0.05578481,2.51073070,2.56651551,0.22927221,8.200630
2,2372,0.00735835,0.01516274,2.79580289,0.05578635,2.51073960,2.56652595,0.22927693,8.200755
2,2373,0.00735935,0.01516110,2.79581805,0.05578790,2.51074860,2.56653650,0.22928155,8.200875
2,2374,0.00736035,0.01515946,2.79583321,0.05578944,2.51075750,2.56654694,0.22928627,8.200999
2,2375,0.00736135,0.01515782,2.79584837,0.05579099,2.51076650,2.56655749,0.22929088,8.201120
2,2376,0.00736235,0.01515618,2.79586352,0.05579254,2.51077550,2.56656804,0.22929549,8.201240
2,2377,0.00736335,0.01515454,2.79587868,0.05579409,2.51078440,2.56657849,0.22930019,8.201364
2,2378,0.00736435,0.01515290,2.79589383,0.05579564,2.51079330,2.56658894,0.22930489,8.201488
2,2379,0.00736535,0.01515127,2.79590899,0.05579719,2.51080230,2.56659949,0.22930949,8.201608
2,2380,0.00736635,0.01514963,2.79592414,0.05579875,2.51081120,2.56660995,0.22931419,8.201732
2,2381,0.00736735,0.01514800,2.79593929,0.05580030,2.51082020,2.56662050,0.22931878,8.201851
2,2382,0.00736835,0.01514637,2.79595443,0.05580186,2.51082910,2.56663096,0.22932347,8.201975
2,2383,0.00736935,0.01514473,2.79596958,0.05580342,2.51083810,2.56664152,0.22932806,8.202094
2,2384,0.00737035,0.01514310,2.79598472,0.05580498,2.51084700,2.56665198,0.22933275,8.202217
2,2385,0.00737135,0.01514147,2.79599986,0.05580654,2.51085590,2.56666244,0.22933743,8.202340
2,2386,0.00737235,0.01513984,2.79601500,0.05580810,2.51086480,2.56667290,0.22934210,8.202463
2,2387,0.00737335,0.01513821,2.79603014,0.05580966,2.51087380,2.56668346,0.22934668,8.202583
2,2388,0.00737435,0.01513658,2.79604528,0.05581123,2.51088270,2.56669393,0.22935135,8.202705
2,2389,0.00737535,0.01513496,2.79606042,0.05581280,2.51089160,2.56670440,0.22935602,8.202828
2,2390,0.00737635,0.01513333,2.79607555,0.05581436,2.51090050,2.56671486,0.22936069,8.202950
2,2391,0.00737735,0.01513170,2.79609068,0.05581592,2.51090950,2.56672542,0.22936527,8.203070
2,2392,0.00737835,0.01513007,2.79610581,0.05581747,2.51091840,2.56673587,0.22936994,8.203193
2,2393,0.00737935,0.01512844,2.79612094,0.05581902,2.51092740,2.56674643,0.22937452,8.203312
2,2394,0.00738035,0.01512681,2.79613607,0.05582058,2.51093630,2.56675688,0.22937919,8.203434
2,2395,0.00738135,0.01512519,2.79615120,0.05582214,2.51094530,2.56676744,0.22938376,8.203553
2,2396,0.00738235,0.01512356,2.79616632,0.05582370,2.51095420,2.56677790,0.22938842,8.203676
2,2397,0.00738335,0.01512193,2.79618144,0.05582526,2.51096310,2.56678836,0.22939309,8.203798
2,2398,0.00738435,0.01512031,2.79619657,0.05582682,2.51097210,2.56679892,0.22939764,8.203917
2,2399,0.00738535,0.01511868,2.79621169,0.05582837,2.51098100,2.56680937,0.22940231,8.204040
2,2400,0.00738635,0.01511706,2.79622680,0.05582992,2.51099000,2.56681992,0.22940688,8.204159
2,2401,0.00738735,0.01511543,2.79624192,0.05583146,2.51099890,2.56683036,0.22941155,8.204281
2,2402,0.00738835,0.01511380,2.79625703,0.05583300,2.51100790,2.56684090,0.22941613,8.204401
2,2403,0.00738935,0.01511217,2.79627215,0.05583454,2.51101690,2.56685144,0.22942070,8.204520
2,2404,0.00739035,0.01511054,2.79628726,0.05583609,2.51102590,2.56686199,0.22942527,8.204639
2,2405,0.00739135,0.01510891,2.79630237,0.05583763,2.51103480,2.56687243,0.22942994,8.204761
2,2406,0.00739235,0.01510729,2.79631748,0.05583917,2.51104380,2.56688297,0.22943450,8.204880
2,2407,0.00739335,0.01510566,2.79633258,0.05584072,2.51105280,2.56689352,0.22943906,8.204999
2,2408,0.00739435,0.01510404,2.79634769,0.05584227,2.51106170,2.56690397,0.22944372,8.205121
2,2409,0.00739535,0.01510241,2.79636279,0.05584382,2.51107070,2.56691451,0.22944828,8.205240
2,2410,0.00739635,0.01510079,2.79637789,0.05584537,2.51107970,2.56692507,0.22945283,8.205358
2,2411,0.00739735,0.01509917,2.79639299,0.05584692,2.51108860,2.56693552,0.22945747,8.205480
2,2412,0.00739835,0.01509755,2.79640809,0.05584847,2.51109760,2.56694607,0.22946202,8.205598
2,2413,0.00739935,0.01509593,2.79642319,0.05585002,2.51110650,2.56695652,0.22946667,8.205720
2,2414,0.00740035,0.01509431,2.79643828,0.05585156,2.51111550,2.56696706,0.22947122,8.205839
2,2415,0.00740135,0.01509268,2.79645338,0.05585310,2.51112450,2.56697760,0.22947577,8.205957
2,2416,0.00740235,0.01509106,2.79646847,0.05585465,2.51113350,2.56698815,0.22948032,8.206076
2,2417,0.00740335,0.01508944,2.79648356,0.05585619,2.51114250,2.56699869,0.22948487,8.206194
2,2418,0.00740435,0.01508782,2.79649865,0.05585774,2.51115150,2.56700924,0.22948941,8.206312
2,2419,0.00740535,0.01508620,2.79651373,0.05585929,2.51116050,2.56701979,0.22949394,8.206430
2,2420,0.00740635,0.01508458,2.79652882,0.05586084,2.51116950,2.56703034,0.22949848,8.206548
2,2421,0.00740735,0.01508296,2.79654390,0.05586239,2.51117850,2.56704089,0.22950301,8.206666
2,2422,0.00740835,0.01508134,2.79655899,0.05586392,2.51118750,2.56705142,0.22950757,8.206784
2,2423,0.00740935,0.01507972,2.79657407,0.05586544,2.51119650,2.56706194,0.22951212,8.206903
2,2424,0.00741035,0.01507809,2.79658914,0.05586697,2.51120550,2.56707247,0.22951668,8.207022
2,2425,0.00741135,0.01507647,2.79660422,0.05586849,2.51121450,2.56708299,0.22952123,8.207140
2,2426,0.00741235,0.01507485,2.79661930,0.05587002,2.51122350,2.56709352,0.22952578,8.207259
2,2427,0.00741335,0.01507323,2.79663437,0.05587155,2.51123260,2.56710415,0.22953022,8.207373
2,2428,0.00741435,0.01507161,2.79664944,0.05587308,2.51124160,2.56711468,0.22953477,8.207492
2,2429,0.00741535,0.01506999,2.79666451,0.05587461,2.51125060,2.56712521,0.22953931,8.207610
2,2430,0.00741635,0.01506837,2.79667958,0.05587613,2.51125960,2.56713573,0.22954385,8.207728
2,2431,0.00741735,0.01506674,2.79669465,0.05587765,2.51126860,2.56714625,0.22954840,8.207846
2,2432,0.00741835,0.01506513,2.79670972,0.05587918,2.51127760,2.56715678,0.22955294,8.207964
2,2433,0.00741935,0.01506350,2.79672478,0.05588068,2.51128660,2.56716728,0.22955750,8.208083
2,2434,0.00742035,0.01506188,2.79673984,0.05588218,2.51129570,2.56717788,0.22956196,8.208199
2,2435,0.00742135,0.01506025,2.79675491,0.05588369,2.51130470,2.56718839,0.22956652,8.208317
2,2436,0.00742235,0.01505863,2.79676996,0.05588519,2.51131370,2.56719890,0.22957107,8.208436
2,2437,0.00742335,0.01505701,2.79678502,0.05588670,2.51132270,2.56720940,0.22957562,8.208554
2,2438,0.00742435,0.01505538,2.79680008,0.05588821,2.51133180,2.56722001,0.22958007,8.208669
2,2439,0.00742535,0.01505376,2.79681513,0.05588972,2.51134080,2.56723052,0.22958461,8.208787
2,2440,0.00742635,0.01505214,2.79683019,0.05589124,2.51134980,2.56724104,0.22958915,8.208906
2,2441,0.00742735,0.01505053,2.79684524,0.05589275,2.51135880,2.56725155,0.22959369,8.209024
2,2442,0.00742835,0.01504891,2.79686029,0.05589427,2.51136780,2.56726207,0.22959822,8.209142
2,2443,0.00742935,0.01504729,2.79687534,0.05589578,2.51137680,2.56727258,0.22960275,8.209259
2,2444,0.00743035,0.01504567,2.79689038,0.05589730,2.51138580,2.56728310,0.22960728,8.209377
2,2445,0.00743135,0.01504406,2.79690543,0.05589882,2.51139480,2.56729362,0.22961180,8.209495
2,2446,0.00743235,0.01504244,2.79692047,0.05590034,2.51140380,2.56730414,0.22961633,8.209612
2,2447,0.00743335,0.01504083,2.79693551,0.05590187,2.51141280,2.56731467,0.22962085,8.209730
2,2448,0.00743435,0.01503922,2.79695055,0.05590339,2.51142180,2.56732519,0.22962536,8.209847
2,2449,0.00743535,0.01503760,2.79696559,0.05590492,2.51143080,2.56733572,0.22962987,8.209964
2,2450,0.00743635,0.01503599,2.79698063,0.05590644,2.51143980,2.56734624,0.22963438,8.210081
2,2451,0.00743735,0.01503438,2.79699566,0.05590797,2.51144880,2.56735677,0.22963889,8.210198
2,2452,0.00743835,0.01503277,2.79701070,0.05590950,2.51145780,2.56736730,0.22964340,8.210315
2,2453,0.00743935,0.01503116,2.79702573,0.05591101,2.51146680,2.56737781,0.22964791,8.210433
2,2454,0.00744035,0.01502954,2.79704076,0.05591251,2.51147580,2.56738831,0.22965245,8.210551
2,2455,0.00744135,0.01502792,2.79705579,0.05591401,2.51148490,2.56739891,0.22965687,8.210665
2,2456,0.00744235,0.01502631,2.79707081,0.05591551,2.51149390,2.56740942,0.22966140,8.210782
2,2457,0.00744335,0.01502469,2.79708584,0.05591702,2.51150290,2.56741992,0.22966592,8.210900
2,2458,0.00744435,0.01502308,2.79710086,0.05591852,2.51151190,2.56743042,0.22967044,8.211017
2,2459,0.00744535,0.01502147,2.79711589,0.05592003,2.51152090,2.56744093,0.22967496,8.211135
2,2460,0.00744635,0.01501985,2.79713091,0.05592152,2.51153000,2.56745153,0.22967938,8.211249
2,2461,0.00744735,0.01501823,2.79714593,0.05592300,2.51153900,2.56746200,0.22968392,8.211367
2,2462,0.00744835,0.01501661,2.79716094,0.05592448,2.51154810,2.56747258,0.22968836,8.211482
2,2463,0.00744935,0.01501499,2.79717596,0.05592596,2.51155710,2.56748306,0.22969290,8.211600
2,2464,0.00745035,0.01501338,2.79719097,0.05592744,2.51156610,2.56749354,0.22969743,8.211718
2,2465,0.00745135,0.01501176,2.79720599,0.05592893,2.51157520,2.56750413,0.22970186,8.211832
2,2466,0.00745235,0.01501014,2.79722100,0.05593041,2.51158420,2.56751461,0.22970639,8.211950
2,2467,0.00745335,0.01500853,2.79723601,0.05593190,2.51159330,2.56752520,0.22971081,8.212064
2,2468,0.00745435,0.01500691,2.79725101,0.05593338,2.51160230,2.56753568,0.22971533,8.212181
2,2469,0.00745535,0.01500530,2.79726602,0.05593487,2.51161130,2.56754617,0.22971985,8.212299
2,2470,0.00745635,0.01500369,2.79728102,0.05593636,2.51162040,2.56755676,0.22972426,8.212413
2,2471,0.00745735,0.01500208,2.79729603,0.05593786,2.51162940,2.56756726,0.22972877,8.212530
2,2472,0.00745835,0.01500046,2.79731103,0.05593935,2.51163840,2.56757775,0.22973328,8.212647
2,2473,0.00745935,0.01499885,2.79732603,0.05594085,2.51164740,2.56758824,0.22973778,8.212764
2,2474,0.00746035,0.01499724,2.79734103,0.05594234,2.51165650,2.56759884,0.22974218,8.212877
2,2475,0.00746135,0.01499564,2.79735602,0.05594384,2.51166550,2.56760934,0.22974668,8.212994
2,2476,0.00746235,0.01499403,2.79737102,0.05594534,2.51167450,2.56761984,0.22975118,8.213111
2,2477,0.00746335,0.01499242,2.79738601,0.05594684,2.51168350,2.56763034,0.22975567,8.213227
2,2478,0.00746435,0.01499082,2.79740100,0.05594834,2.51169250,2.56764084,0.22976016,8.213344
2,2479,0.00746535,0.01498921,2.79741599,0.05594985,2.51170150,2.56765135,0.22976465,8.213460
2,2480,0.00746635,0.01498761,2.79743098,0.05595135,2.51171050,2.56766185,0.22976913,8.213576
2,2481,0.00746735,0.01498600,2.79744597,0.05595286,2.51171960,2.56767246,0.22977351,8.213689
2,2482,0.00746835,0.01498439,2.79746095,0.05595434,2.51172860,2.56768295,0.22977801,8.213806
2,2483,0.00746935,0.01498279,2.79747594,0.05595583,2.51173760,2.56769343,0.22978250,8.213922
2,2484,0.00747035,0.01498118,2.79749092,0.05595731,2.51174670,2.56770401,0.22978690,8.214036
2,2485,0.00747135,0.01497957,2.79750590,0.05595879,2.51175570,2.56771449,0.22979141,8.214153
2,2486,0.00747235,0.01497796,2.79752088,0.05596027,2.51176470,2.56772497,0.22979590,8.214269
2,2487,0.00747335,0.01497635,2.79753585,0.05596176,2.51177380,2.56773556,0.22980030,8.214383
2,2488,0.00747435,0.01497475,2.79755083,0.05596324,2.51178280,2.56774604,0.22980479,8.214499
2,2489,0.00747535,0.01497314,2.79756580,0.05596472,2.51179180,2.56775652,0.22980928,8.214616
2,2490,0.00747635,0.01497153,2.79758078,0.05596620,2.51180090,2.56776710,0.22981368,8.214729
2,2491,0.00747735,0.01496992,2.79759575,0.05596767,2.51180990,2.56777757,0.22981818,8.214846
2,2492,0.00747835,0.01496831,2.79761072,0.05596914,2.51181890,2.56778804,0.22982267,8.214963
2,2493,0.00747935,0.01496671,2.79762568,0.05597062,2.51182800,2.56779862,0.22982706,8.215076
2,2494,0.00748035,0.01496510,2.79764065,0.05597209,2.51183700,2.56780909,0.22983155,8.215192
2,2495,0.00748135,0.01496350,2.79765561,0.05597356,2.51184610,2.56781966,0.22983595,8.215305
2,2496,0.00748235,0.01496189,2.79767058,0.05597503,2.51185510,2.56783013,0.22984044,8.215422
2,2497,0.00748335,0.01496028,2.79768554,0.05597650,2.51186410,2.56784060,0.22984493,8.215539
2,2498,0.00748435,0.01495868,2.79770050,0.05597798,2.51187320,2.56785118,0.22984932,8.215651
2,2499,0.00748535,0.01495707,2.79771545,0.05597945,2.51188220,2.56786165,0.22985380,8.215768
2,2500,0.00748635,0.01495547,2.79773041,0.05598093,2.51189120,2.56787213,0.22985828,8.215884
2,2501,0.00748735,0.01495387,2.79774537,0.05598240,2.51190030,2.56788270,0.22986266,8.215997
2,2502,0.00748835,0.01495226,2.79776032,0.05598388,2.51190930,2.56789318,0.22986714,8.216113
2,2503,0.00748935,0.01495066,2.79777527,0.05598536,2.51191830,2.56790366,0.22987161,8.216228
2,2504,0.00749035,0.01494906,2.79779022,0.05598684,2.51192740,2.56791424,0.22987598,8.216341
2,2505,0.00749135,0.01494746,2.79780517,0.05598833,2.51193640,2.56792473,0.22988044,8.216456
2,2506,0.00749235,0.01494586,2.79782011,0.05598981,2.51194540,2.56793521,0.22988490,8.216572
2,2507,0.00749335,0.01494426,2.79783506,0.05599130,2.51195440,2.56794570,0.22988936,8.216688
2,2508,0.00749435,0.01494267,2.79785000,0.05599278,2.51196340,2.56795618,0.22989382,8.216803
2,2509,0.00749535,0.01494107,2.79786495,0.05599427,2.51197240,2.56796667,0.22989827,8.216918
2,2510,0.00749635,0.01493948,2.79787989,0.05599576,2.51198140,2.56797716,0.22990272,8.217033
2,2511,0.00749735,0.01493788,2.79789482,0.05599725,2.51199050,2.56798775,0.22990707,8.217145
2,2512,0.00749835,0.01493629,2.79790976,0.05599874,2.51199950,2.56799824,0.22991152,8.217260
2,2513,0.00749935,0.01493469,2.79792470,0.05600023,2.51200850,2.56800873,0.22991597,8.217375
2,2514,0.00750035,0.01493310,2.79793963,0.05600171,2.51201750,2.56801921,0.22992042,8.217490
2,2515,0.00750135,0.01493150,2.79795456,0.05600320,2.51202650,2.56802970,0.22992486,8.217605
2,2516,0.00750235,0.01492991,2.79796949,0.05600469,2.51203550,2.56804019,0.22992930,8.217720
2,2517,0.00750335,0.01492831,2.79798442,0.05600617,2.51204450,2.56805067,0.22993375,8.217835
2,2518,0.00750435,0.01492672,2.79799935,0.05600766,2.51205350,2.56806116,0.22993819,8.217950
2,2519,0.00750535,0.01492513,2.79801428,0.05600914,2.51206260,2.56807174,0.22994253,8.218062
2,2520,0.00750635,0.01492353,2.79802920,0.05601063,2.51207160,2.56808223,0.22994697,8.218176
2,2521,0.00750735,0.01492194,2.79804412,0.05601212,2.51208060,2.56809272,0.22995141,8.218291
2,2522,0.00750835,0.01492035,2.79805904,0.05601361,2.51208960,2.56810320,0.22995584,8.218406
2,2523,0.00750935,0.01491876,2.79807396,0.05601510,2.51209860,2.56811370,0.22996027,8.218520
2,2524,0.00751035,0.01491717,2.79808888,0.05601659,2.51210760,2.56812419,0.22996469,8.218634
2,2525,0.00751135,0.01491559,2.79810380,0.05601808,2.51211660,2.56813468,0.22996912,8.218749
2,2526,0.00751235,0.01491400,2.79811871,0.05601958,2.51212560,2.56814518,0.22997354,8.218863
2,2527,0.00751335,0.01491241,2.79813363,0.05602107,2.51213460,2.56815567,0.22997795,8.218977
2,2528,0.00751435,0.01491083,2.79814854,0.05602257,2.51214360,2.56816617,0.22998237,8.219091
2,2529,0.00751535,0.01490924,2.79816345,0.05602407,2.51215260,2.56817667,0.22998678,8.219205
2,2530,0.00751635,0.01490766,2.79817836,0.05602557,2.51216150,2.56818707,0.22999129,8.219322
2,2531,0.00751735,0.01490607,2.79819326,0.05602707,2.51217050,2.56819757,0.22999569,8.219435
2,2532,0.00751835,0.01490449,2.79820817,0.05602858,2.51217950,2.56820808,0.23000009,8.219549
2,2533,0.00751935,0.01490291,2.79822307,0.05603008,2.51218850,2.56821858,0.23000449,8.219662
2,2534,0.00752035,0.01490133,2.79823797,0.05603159,2.51219750,2.56822909,0.23000888,8.219776
2,2535,0.00752135,0.01489975,2.79825287,0.05603310,2.51220640,2.56823950,0.23001338,8.219892
2,2536,0.00752235,0.01489816,2.79826777,0.05603459,2.51221540,2.56824999,0.23001778,8.220006
2,2537,0.00752335,0.01489658,2.79828267,0.05603608,2.51222440,2.56826049,0.23002219,8.220120
2,2538,0.00752435,0.01489500,2.79829757,0.05603758,2.51223340,2.56827098,0.23002659,8.220233
2,2539,0.00752535,0.01489342,2.79831246,0.05603908,2.51224240,2.56828148,0.23003098,8.220347
2,2540,0.00752635,0.01489184,2.79832735,0.05604058,2.51225140,2.56829198,0.23003538,8.220460
2,2541,0.00752735,0.01489026,2.79834224,0.05604208,2.51226040,2.56830248,0.23003977,8.220573
2,2542,0.00752835,0.01488868,2.79835713,0.05604358,2.51226930,2.56831288,0.23004426,8.220690
2,2543,0.00752935,0.01488710,2.79837202,0.05604508,2.51227830,2.56832338,0.23004864,8.220803
2,2544,0.00753035,0.01488552,2.79838691,0.05604659,2.51228730,2.56833389,0.23005302,8.220915
2,2545,0.00753135,0.01488395,2.79840179,0.05604809,2.51229630,2.56834439,0.23005740,8.221028
2,2546,0.00753235,0.01488237,2.79841668,0.05604960,2.51230520,2.56835480,0.23006188,8.221144
2,2547,0.00753335,0.01488080,2.79843156,0.05605111,2.51231420,2.56836531,0.23006625,8.221257
2,2548,0.00753435,0.01487922,2.79844644,0.05605262,2.51232320,2.56837582,0.23007062,8.221369
2,2549,0.00753535,0.01487765,2.79846132,0.05605413,2.51233210,2.56838623,0.23007508,8.221485
2,2550,0.00753635,0.01487608,2.79847619,0.05605565,2.51234110,2.56839675,0.23007945,8.221597
2,2551,0.00753735,0.01487450,2.79849107,0.05605716,2.51235010,2.56840726,0.23008381,8.221709
2,2552,0.00753835,0.01487293,2.79850594,0.05605868,2.51235900,2.56841768,0.23008826,8.221825
2,2553,0.00753935,0.01487136,2.79852081,0.05606020,2.51236800,2.56842820,0.23009262,8.221937
2,2554,0.00754035,0.01486979,2.79853569,0.05606172,2.51237690,2.56843862,0.23009707,8.222052
2,2555,0.00754135,0.01486823,2.79855055,0.05606324,2.51238590,2.56844914,0.23010142,8.222164
2,2556,0.00754235,0.01486666,2.79856542,0.05606476,2.51239480,2.56845956,0.23010586,8.222279
2,2557,0.00754335,0.01486509,2.79858029,0.05606629,2.51240380,2.56847009,0.23011020,8.222391
2,2558,0.00754435,0.01486353,2.79859515,0.05606781,2.51241270,2.56848051,0.23011464,8.222506
2,2559,0.00754535,0.01486196,2.79861001,0.05606932,2.51242170,2.56849102,0.23011899,8.222617
2,2560,0.00754635,0.01486039,2.79862488,0.05607083,2.51243060,2.56850143,0.23012344,8.222733
2,2561,0.00754735,0.01485882,2.79863974,0.05607235,2.51243960,2.56851195,0.23012779,8.222844
2,2562,0.00754835,0.01485725,2.79865459,0.05607386,2.51244850,2.56852236,0.23013223,8.222959
2,2563,0.00754935,0.01485569,2.79866945,0.05607537,2.51245750,2.56853287,0.23013657,8.223071
2,2564,0.00755035,0.01485412,2.79868430,0.05607689,2.51246640,2.56854329,0.23014101,8.223186
2,2565,0.00755135,0.01485255,2.79869916,0.05607841,2.51247540,2.56855381,0.23014535,8.223297
2,2566,0.00755235,0.01485099,2.79871401,0.05607993,2.51248430,2.56856423,0.23014978,8.223412
2,2567,0.00755335,0.01484943,2.79872886,0.05608145,2.51249330,2.56857475,0.23015411,8.223523
2,2568,0.00755435,0.01484787,2.79874371,0.05608298,2.51250220,2.56858518,0.23015853,8.223637
2,2569,0.00755535,0.01484630,2.79875856,0.05608450,2.51251110,2.56859560,0.23016295,8.223752
2,2570,0.00755635,0.01484474,2.79877340,0.05608603,2.51252010,2.56860613,0.23016727,8.223862
2,2571,0.00755735,0.01484318,2.79878825,0.05608755,2.51252900,2.56861655,0.23017169,8.223977
2,2572,0.00755835,0.01484162,2.79880309,0.05608908,2.51253790,2.56862698,0.23017610,8.224091
2,2573,0.00755935,0.01484006,2.79881793,0.05609061,2.51254690,2.56863750,0.23018042,8.224201
2,2574,0.00756035,0.01483850,2.79883277,0.05609213,2.51255580,2.56864793,0.23018484,8.224316
2,2575,0.00756135,0.01483694,2.79884761,0.05609365,2.51256470,2.56865835,0.23018925,8.224430
2,2576,0.00756235,0.01483538,2.79886244,0.05609517,2.51257370,2.56866887,0.23019357,8.224540
2,2577,0.00756335,0.01483382,2.79887728,0.05609669,2.51258260,2.56867929,0.23019799,8.224655
2,2578,0.00756435,0.01483226,2.79889211,0.05609821,2.51259150,2.56868971,0.23020240,8.224769
2,2579,0.00756535,0.01483070,2.79890694,0.05609973,2.51260050,2.56870023,0.23020671,8.224879
2,2580,0.00756635,0.01482915,2.79892177,0.05610125,2.51260940,2.56871065,0.23021112,8.224993
2,2581,0.00756735,0.01482759,2.79893660,0.05610278,2.51261830,2.56872108,0.23021552,8.225107
2,2582,0.00756835,0.01482603,2.79895143,0.05610430,2.51262730,2.56873160,0.23021982,8.225217
2,2583,0.00756935,0.01482448,2.79896625,0.05610583,2.51263620,2.56874203,0.23022422,8.225330
2,2584,0.00757035,0.01482293,2.79898107,0.05610736,2.51264510,2.56875246,0.23022861,8.225444
2,2585,0.00757135,0.01482137,2.79899590,0.05610889,2.51265400,2.56876289,0.23023300,8.225557
2,2586,0.00757235,0.01481982,2.79901072,0.05611042,2.51266290,2.56877332,0.23023739,8.225670
2,2587,0.00757335,0.01481827,2.79902554,0.05611196,2.51267190,2.56878386,0.23024168,8.225780
2,2588,0.00757435,0.01481672,2.79904035,0.05611349,2.51268080,2.56879429,0.23024606,8.225893
2,2589,0.00757535,0.01481517,2.79905517,0.05611503,2.51268970,2.56880473,0.23025044,8.226006
2,2590,0.00757635,0.01481362,2.79906998,0.05611657,2.51269860,2.56881517,0.23025482,8.226119
2,2591,0.00757735,0.01481207,2.79908480,0.05611811,2.51270750,2.56882561,0.23025919,8.226231
2,2592,0.00757835,0.01481052,2.79909961,0.05611965,2.51271640,2.56883605,0.23026356,8.226344
2,2593,0.00757935,0.01480897,2.79911442,0.05612119,2.51272530,2.56884649,0.23026793,8.226456
2,2594,0.00758035,0.01480743,2.79912923,0.05612274,2.51273420,2.56885694,0.23027229,8.226569
2,2595,0.00758135,0.01480588,2.79914403,0.05612428,2.51274310,2.56886738,0.23027665,8.226681
2,2596,0.00758235,0.01480434,2.79915884,0.05612583,2.51275200,2.56887783,0.23028101,8.226793
2,2597,0.00758335,0.01480280,2.79917364,0.05612738,2.51276090,2.56888828,0.23028536,8.226905
2,2598,0.00758435,0.01480125,2.79918844,0.05612892,2.51276980,2.56889872,0.23028972,8.227017
2,2599,0.00758535,0.01479971,2.79920324,0.05613047,2.51277870,2.56890917,0.23029407,8.227129
2,2600,0.00758635,0.01479816,2.79921804,0.05613202,2.51278760,2.56891962,0.23029843,8.227241
2,2601,0.00758735,0.01479662,2.79923284,0.05613357,2.51279650,2.56893007,0.23030277,8.227353
2,2602,0.00758835,0.01479508,2.79924764,0.05613511,2.51280540,2.56894051,0.23030713,8.227465
2,2603,0.00758935,0.01479353,2.79926243,0.05613665,2.51281430,2.56895095,0.23031148,8.227577
2,2604,0.00759035,0.01479199,2.79927722,0.05613819,2.51282320,2.56896139,0.23031583,8.227689
2,2605,0.00759135,0.01479045,2.79929201,0.05613973,2.51283210,2.56897183,0.23032018,8.227801
2,2606,0.00759235,0.01478891,2.79930680,0.05614128,2.51284100,2.56898228,0.23032452,8.227913
2,2607,0.00759335,0.01478737,2.79932159,0.05614283,2.51284990,2.56899273,0.23032887,8.228024
2,2608,0.00759435,0.01478583,2.79933638,0.05614438,2.51285880,2.56900318,0.23033320,8.228136
2,2609,0.00759535,0.01478429,2.79935116,0.05614592,2.51286770,2.56901363,0.23033754,8.228247
2,2610,0.00759635,0.01478275,2.79936595,0.05614748,2.51287660,2.56902408,0.23034187,8.228359
2,2611,0.00759735,0.01478122,2.79938073,0.05614903,2.51288550,2.56903453,0.23034620,8.228470
2,2612,0.00759835,0.01477968,2.79939551,0.05615059,2.51289440,2.56904499,0.23035053,8.228581
2,2613,0.00759935,0.01477814,2.79941029,0.05615214,2.51290330,2.56905544,0.23035485,8.228692
2,2614,0.00760035,0.01477661,2.79942507,0.05615370,2.51291220,2.56906590,0.23035917,8.228803
2,2615,0.00760135,0.01477508,2.79943984,0.05615526,2.51292110,2.56907636,0.23036349,8.228914
2,2616,0.00760235,0.01477354,2.79945462,0.05615682,2.51292990,2.56908672,0.23036790,8.229028
2,2617,0.00760335,0.01477201,2.79946939,0.05615837,2.51293880,2.56909717,0.23037222,8.229139
2,2618,0.00760435,0.01477048,2.79948416,0.05615993,2.51294770,2.56910763,0.23037653,8.229249
2,2619,0.00760535,0.01476894,2.79949893,0.05616148,2.51295660,2.56911808,0.23038085,8.229360
2,2620,0.00760635,0.01476741,2.79951370,0.05616304,2.51296550,2.56912854,0.23038516,8.229471
2,2621,0.00760735,0.01476588,2.79952847,0.05616460,2.51297440,2.56913900,0.23038947,8.229581
2,2622,0.00760835,0.01476435,2.79954323,0.05616616,2.51298330,2.56914946,0.23039377,8.229692
2,2623,0.00760935,0.01476282,2.79955799,0.05616772,2.51299220,2.56915992,0.23039808,8.229802
2,2624,0.00761035,0.01476129,2.79957276,0.05616928,2.51300100,2.56917028,0.23040248,8.229916
2,2625,0.00761135,0.01475976,2.79958752,0.05617084,2.51300990,2.56918074,0.23040677,8.230026
2,2626,0.00761235,0.01475823,2.79960228,0.05617241,2.51301880,2.56919121,0.23041107,8.230136
2,2627,0.00761335,0.01475671,2.79961703,0.05617398,2.51302770,2.56920168,0.23041536,8.230246
2,2628,0.00761435,0.01475518,2.79963179,0.05617555,2.51303650,2.56921205,0.23041974,8.230359
2,2629,0.00761535,0.01475365,2.79964654,0.05617712,2.51304540,2.56922252,0.23042403,8.230469
2,2630,0.00761635,0.01475213,2.79966130,0.05617869,2.51305430,2.56923299,0.23042831,8.230578
2,2631,0.00761735,0.01475061,2.79967605,0.05618026,2.51306310,2.56924336,0.23043269,8.230691
2,2632,0.00761835,0.01474908,2.79969080,0.05618184,2.51307200,2.56925384,0.23043696,8.230800
2,2633,0.00761935,0.01474756,2.79970555,0.05618341,2.51308090,2.56926431,0.23044123,8.230910
2,2634,0.00762035,0.01474604,2.79972029,0.05618499,2.51308970,2.56927469,0.23044560,8.231022
2,2635,0.00762135,0.01474452,2.79973504,0.05618657,2.51309860,2.56928517,0.23044987,8.231131
2,2636,0.00762235,0.01474300,2.79974978,0.05618815,2.51310740,2.56929555,0.23045423,8.231244
2,2637,0.00762335,0.01474148,2.79976452,0.05618973,2.51311630,2.56930603,0.23045849,8.231353
2,2638,0.00762435,0.01473996,2.79977926,0.05619132,2.51312510,2.56931642,0.23046285,8.231465
2,2639,0.00762535,0.01473845,2.79979400,0.05619290,2.51313400,2.56932690,0.23046710,8.231574
2,2640,0.00762635,0.01473693,2.79980874,0.05619449,2.51314280,2.56933729,0.23047145,8.231686
2,2641,0.00762735,0.01473541,2.79982348,0.05619608,2.51315170,2.56934778,0.23047570,8.231794
2,2642,0.00762835,0.01473390,2.79983821,0.05619767,2.51316050,2.56935817,0.23048005,8.231906
2,2643,0.00762935,0.01473239,2.79985295,0.05619926,2.51316930,2.56936856,0.23048439,8.232018
2,2644,0.00763035,0.01473087,2.79986768,0.05620085,2.51317820,2.56937905,0.23048863,8.232126
2,2645,0.00763135,0.01472936,2.79988241,0.05620246,2.51318700,2.56938946,0.23049295,8.232237
2,2646,0.00763235,0.01472785,2.79989714,0.05620406,2.51319580,2.56939986,0.23049727,8.232348
2,2647,0.00763335,0.01472635,2.79991186,0.05620567,2.51320470,2.56941037,0.23050149,8.232455
2,2648,0.00763435,0.01472484,2.79992659,0.05620728,2.51321350,2.56942078,0.23050581,8.232566
2,2649,0.00763535,0.01472333,2.79994131,0.05620889,2.51322230,2.56943119,0.23051013,8.232677
2,2650,0.00763635,0.01472182,2.79995604,0.05621050,2.51323120,2.56944170,0.23051434,8.232784
2,2651,0.00763735,0.01472032,2.79997076,0.05621211,2.51324000,2.56945211,0.23051865,8.232895
2,2652,0.00763835,0.01471881,2.79998548,0.05621372,2.51324880,2.56946253,0.23052295,8.233005
2,2653,0.00763935,0.01471731,2.80000019,0.05621534,2.51325760,2.56947294,0.23052725,8.233116
2,2654,0.00764035,0.01471581,2.80001491,0.05621696,2.51326640,2.56948336,0.23053155,8.233226
2,2655,0.00764135,0.01471431,2.80002963,0.05621858,2.51327530,2.56949388,0.23053575,8.233332
2,2656,0.00764235,0.01471281,2.80004434,0.05622020,2.51328410,2.56950430,0.23054004,8.233443
2,2657,0.00764335,0.01471130,2.80005905,0.05622182,2.51329290,2.56951472,0.23054433,8.233552
2,2658,0.00764435,0.01470980,2.80007376,0.05622344,2.51330170,2.56952514,0.23054862,8.233662
2,2659,0.00764535,0.01470831,2.80008847,0.05622507,2.51331050,2.56953557,0.23055290,8.233772
2,2660,0.00764635,0.01470681,2.80010318,0.05622670,2.51331930,2.56954599,0.23055718,8.233882
2,2661,0.00764735,0.01470531,2.80011788,0.05622832,2.51332810,2.56955642,0.23056146,8.233991
2,2662,0.00764835,0.01470381,2.80013259,0.05622995,2.51333690,2.56956685,0.23056574,8.234101
2,2663,0.00764935,0.01470232,2.80014729,0.05623158,2.51334570,2.56957728,0.23057001,8.234210
2,2664,0.00765035,0.01470082,2.80016199,0.05623322,2.51335450,2.56958772,0.23057428,8.234319
2,2665,0.00765135,0.01469933,2.80017669,0.05623485,2.51336330,2.56959815,0.23057854,8.234428
2,2666,0.00765235,0.01469784,2.80019139,0.05623649,2.51337210,2.56960859,0.23058281,8.234537
2,2667,0.00765335,0.01469634,2.80020609,0.05623812,2.51338080,2.56961892,0.23058717,8.234650
2,2668,0.00765435,0.01469485,2.80022078,0.05623976,2.51338960,2.56962936,0.23059142,8.234759
2,2669,0.00765535,0.01469336,2.80023548,0.05624140,2.51339840,2.56963980,0.23059568,8.234867
2,2670,0.00765635,0.01469187,2.80025017,0.05624304,2.51340720,2.56965024,0.23059993,8.234976
2,2671,0.00765735,0.01469038,2.80026486,0.05624469,2.51341600,2.56966069,0.23060418,8.235084
2,2672,0.00765835,0.01468889,2.80027955,0.05624633,2.51342470,2.56967103,0.23060852,8.235196
2,2673,0.00765935,0.01468740,2.80029424,0.05624797,2.51343350,2.56968147,0.23061277,8.235305
2,2674,0.00766035,0.01468592,2.80030893,0.05624962,2.51344230,2.56969192,0.23061701,8.235413
2,2675,0.00766135,0.01468443,2.80032361,0.05625126,2.51345110,2.56970236,0.23062125,8.235521
2,2676,0.00766235,0.01468291,2.80033830,0.05625280,2.51345990,2.56971270,0.23062559,8.235633
2,2677,0.00766335,0.01468139,2.80035298,0.05625431,2.51346880,2.56972311,0.23062987,8.235743
2,2678,0.00766435,0.01467987,2.80036766,0.05625583,2.51347770,2.56973353,0.23063413,8.235852
2,2679,0.00766535,0.01467835,2.80038234,0.05625735,2.51348650,2.56974385,0.23063849,8.235964
2,2680,0.00766635,0.01467683,2.80039702,0.05625887,2.51349540,2.56975427,0.23064275,8.236073
2,2681,0.00766735,0.01467532,2.80041169,0.05626039,2.51350430,2.56976469,0.23064700,8.236182
2,2682,0.00766835,0.01467380,2.80042637,0.05626191,2.51351310,2.56977501,0.23065135,8.236294
2,2683,0.00766935,0.01467229,2.80044104,0.05626344,2.51352200,2.56978544,0.23065560,8.236403
2,2684,0.00767035,0.01467077,2.80045571,0.05626496,2.51353090,2.56979586,0.23065985,8.236511
2,2685,0.00767135,0.01466926,2.80047038,0.05626649,2.51353970,2.56980619,0.23066419,8.236623
2,2686,0.00767235,0.01466774,2.80048505,0.05626802,2.51354860,2.56981662,0.23066843,8.236731
2,2687,0.00767335,0.01466623,2.80049972,0.05626955,2.51355740,2.56982695,0.23067277,8.236843
2,2688,0.00767435,0.01466472,2.80051438,0.05627108,2.51356630,2.56983738,0.23067700,8.236951
2,2689,0.00767535,0.01466321,2.80052905,0.05627262,2.51357510,2.56984772,0.23068133,8.237063
2,2690,0.00767635,0.01466170,2.80054371,0.05627415,2.51358400,2.56985815,0.23068556,8.237170
2,2691,0.00767735,0.01466019,2.80055837,0.05627569,2.51359280,2.56986849,0.23068988,8.237282
2,2692,0.00767835,0.01465868,2.80057303,0.05627723,2.51360160,2.56987883,0.23069420,8.237393
2,2693,0.00767935,0.01465717,2.80058769,0.05627877,2.51361050,2.56988927,0.23069842,8.237500
2,2694,0.00768035,0.01465566,2.80060234,0.05628031,2.51361930,2.56989961,0.23070274,8.237611
2,2695,0.00768135,0.01465416,2.80061700,0.05628185,2.51362810,2.56990995,0.23070705,8.237722
2,2696,0.00768235,0.01465265,2.80063165,0.05628339,2.51363700,2.56992039,0.23071126,8.237829
2,2697,0.00768335,0.01465115,2.80064630,0.05628494,2.51364580,2.56993074,0.23071557,8.237940
2,2698,0.00768435,0.01464964,2.80066095,0.05628648,2.51365460,2.56994108,0.23071987,8.238051
2,2699,0.00768535,0.01464814,2.80067560,0.05628803,2.51366340,2.56995143,0.23072417,8.238161
2,2700,0.00768635,0.01464664,2.80069025,0.05628958,2.51367230,2.56996188,0.23072837,8.238268
2,2701,0.00768735,0.01464514,2.80070490,0.05629113,2.51368110,2.56997223,0.23073266,8.238378
2,2702,0.00768835,0.01464363,2.80071954,0.05629269,2.51368990,2.56998258,0.23073695,8.238488
2,2703,0.00768935,0.01464213,2.80073418,0.05629424,2.51369870,2.56999294,0.23074125,8.238599
2,2704,0.00769035,0.01464057,2.80074882,0.05629555,2.51370770,2.57000324,0.23074558,8.238710
2,2705,0.00769135,0.01463899,2.80076346,0.05629681,2.51371680,2.57001361,0.23074986,8.238820
2,2706,0.00769235,0.01463742,2.80077810,0.05629808,2.51372580,2.57002388,0.23075422,8.238933
2,2707,0.00769335,0.01463585,2.80079274,0.05629936,2.51373480,2.57003416,0.23075858,8.239045
2,2708,0.00769435,0.01463428,2.80080737,0.05630063,2.51374380,2.57004443,0.23076294,8.239158
2,2709,0.00769535,0.01463271,2.80082201,0.05630191,2.51375290,2.57005481,0.23076720,8.239267
2,2710,0.00769635,0.01463114,2.80083664,0.05630319,2.51376190,2.57006509,0.23077155,8.239379
2,2711,0.00769735,0.01462958,2.80085127,0.05630447,2.51377090,2.57007537,0.23077590,8.239491
2,2712,0.00769835,0.01462801,2.80086590,0.05630576,2.51377990,2.57008566,0.23078024,8.239603
2,2713,0.00769935,0.01462644,2.80088053,0.05630705,2.51378890,2.57009595,0.23078458,8.239715
2,2714,0.00770035,0.01462488,2.80089515,0.05630834,2.51379790,2.57010624,0.23078891,8.239827
2,2715,0.00770135,0.01462332,2.80090978,0.05630963,2.51380690,2.57011653,0.23079325,8.239939
2,2716,0.00770235,0.01462175,2.80092440,0.05631092,2.51381590,2.57012682,0.23079757,8.240050
2,2717,0.00770335,0.01462019,2.80093902,0.05631222,2.51382500,2.57013722,0.23080180,8.240158
2,2718,0.00770435,0.01461863,2.80095364,0.05631351,2.51383400,2.57014751,0.23080613,8.240269
2,2719,0.00770535,0.01461707,2.80096826,0.05631481,2.51384300,2.57015781,0.23081045,8.240381
2,2720,0.00770635,0.01461551,2.80098287,0.05631611,2.51385200,2.57016811,0.23081476,8.240492
2,2721,0.00770735,0.01461395,2.80099749,0.05631741,2.51386090,2.57017831,0.23081918,8.240606
2,2722,0.00770835,0.01461239,2.80101210,0.05631871,2.51386990,2.57018861,0.23082349,8.240717
2,2723,0.00770935,0.01461083,2.80102671,0.05632001,2.51387890,2.57019891,0.23082780,8.240828
2,2724,0.00771035,0.01460928,2.80104132,0.05632131,2.51388790,2.57020921,0.23083211,8.240939
2,2725,0.00771135,0.01460772,2.80105593,0.05632262,2.51389690,2.57021952,0.23083641,8.241050
2,2726,0.00771235,0.01460617,2.80107054,0.05632392,2.51390590,2.57022983,0.23084071,8.241160
2,2727,0.00771335,0.01460461,2.80108514,0.05632523,2.51391490,2.57024013,0.23084501,8.241271
2,2728,0.00771435,0.01460306,2.80109975,0.05632654,2.51392390,2.57025044,0.23084930,8.241381
2,2729,0.00771535,0.01460142,2.80111435,0.05632752,2.51393300,2.57026052,0.23085383,8.241500
2,2730,0.00771635,0.01459971,2.80112895,0.05632822,2.51394240,2.57027062,0.23085833,8.241617
2,2731,0.00771735,0.01459799,2.80114355,0.05632887,2.51395180,2.57028067,0.23086287,8.241737
2,2732,0.00771835,0.01459627,2.80115815,0.05632957,2.51396110,2.57029067,0.23086748,8.241858
2,2733,0.00771935,0.01459457,2.80117274,0.05633028,2.51397050,2.57030078,0.23087196,8.241975
2,2734,0.00772035,0.01459286,2.80118733,0.05633099,2.51397980,2.57031079,0.23087654,8.242096
2,2735,0.00772135,0.01459116,2.80120193,0.05633171,2.51398920,2.57032091,0.23088102,8.242213
2,2736,0.00772235,0.01458945,2.80121652,0.05633241,2.51399850,2.57033091,0.23088561,8.242334
2,2737,0.00772335,0.01458774,2.80123111,0.05633309,2.51400790,2.57034099,0.23089011,8.242451
2,2738,0.00772435,0.01458603,2.80124569,0.05633378,2.51401720,2.57035098,0.23089471,8.242573
2,2739,0.00772535,0.01458432,2.80126028,0.05633447,2.51402650,2.57036097,0.23089931,8.242694
2,2740,0.00772635,0.01458255,2.80127486,0.05633492,2.51403600,2.57037092,0.23090394,8.242816
2,2741,0.00772735,0.01458077,2.80128944,0.05633534,2.51404560,2.57038094,0.23090850,8.242936
2,2742,0.00772835,0.01457898,2.80130402,0.05633574,2.51405510,2.57039084,0.23091318,8.243060
2,2743,0.00772935,0.01457720,2.80131860,0.05633614,2.51406460,2.57040074,0.23091786,8.243185
2,2744,0.00773035,0.01457542,2.80133318,0.05633653,2.51407410,2.57041063,0.23092255,8.243309
2,2745,0.00773135,0.01457363,2.80134775,0.05633692,2.51408370,2.57042062,0.23092713,8.243430
2,2746,0.00773235,0.01457185,2.80136232,0.05633731,2.51409320,2.57043051,0.23093181,8.243554
2,2747,0.00773335,0.01457007,2.80137690,0.05633771,2.51410270,2.57044041,0.23093649,8.243678
2,2748,0.00773435,0.01456829,2.80139146,0.05633811,2.51411220,2.57045031,0.23094116,8.243802
2,2749,0.00773535,0.01456651,2.80140603,0.05633850,2.51412170,2.57046020,0.23094583,8.243926
2,2750,0.00773635,0.01456473,2.80142060,0.05633890,2.51413120,2.57047010,0.23095049,8.244049
2,2751,0.00773735,0.01456295,2.80143516,0.05633930,2.51414080,2.57048010,0.23095506,8.244169
2,2752,0.00773835,0.01456117,2.80144972,0.05633971,2.51415030,2.57049001,0.23095971,8.244293
2,2753,0.00773935,0.01455940,2.80146428,0.05634012,2.51415980,2.57049992,0.23096436,8.244416
2,2754,0.00774035,0.01455762,2.80147884,0.05634053,2.51416930,2.57050983,0.23096901,8.244539
2,2755,0.00774135,0.01455585,2.80149340,0.05634095,2.51417880,2.57051975,0.23097365,8.244662
2,2756,0.00774235,0.01455407,2.80150795,0.05634136,2.51418830,2.57052966,0.23097829,8.244785
2,2757,0.00774335,0.01455230,2.80152251,0.05634178,2.51419780,2.57053957,0.23098293,8.244907
2,2758,0.00774435,0.01455053,2.80153706,0.05634219,2.51420730,2.57054949,0.23098757,8.245030
2,2759,0.00774535,0.01454876,2.80155161,0.05634261,2.51421680,2.57055941,0.23099220,8.245152
2,2760,0.00774635,0.01454699,2.80156616,0.05634303,2.51422630,2.57056933,0.23099683,8.245275
2,2761,0.00774735,0.01454519,2.80158070,0.05634333,2.51423580,2.57057913,0.23100157,8.245401
2,2762,0.00774835,0.01454338,2.80159525,0.05634357,2.51424540,2.57058898,0.23100627,8.245526
2,2763,0.00774935,0.01454156,2.80160979,0.05634382,2.51425490,2.57059872,0.23101107,8.245655
2,2764,0.00775035,0.01453975,2.80162433,0.05634408,2.51426450,2.57060858,0.23101575,8.245779
2,2765,0.00775135,0.01453794,2.80163887,0.05634434,2.51427400,2.57061834,0.23102053,8.245907
2,2766,0.00775235,0.01453614,2.80165341,0.05634460,2.51428360,2.57062820,0.23102521,8.246031
2,2767,0.00775335,0.01453433,2.80166794,0.05634486,2.51429310,2.57063796,0.23102998,8.246159
2,2768,0.00775435,0.01453252,2.80168247,0.05634512,2.51430270,2.57064782,0.23103465,8.246282
2,2769,0.00775535,0.01453072,2.80169701,0.05634539,2.51431220,2.57065759,0.23103942,8.246410
2,2770,0.00775635,0.01452891,2.80171154,0.05634566,2.51432180,2.57066746,0.23104408,8.246534
2,2771,0.00775735,0.01452711,2.80172606,0.05634592,2.51433130,2.57067722,0.23104884,8.246661
2,2772,0.00775835,0.01452531,2.80174059,0.05634619,2.51434080,2.57068699,0.23105360,8.246788
2,2773,0.00775935,0.01452350,2.80175511,0.05634646,2.51435040,2.57069686,0.23105825,8.246911
2,2774,0.00776035,0.01452170,2.80176964,0.05634674,2.51435990,2.57070664,0.23106300,8.247038
2,2775,0.00776135,0.01451990,2.80178416,0.05634701,2.51436940,2.57071641,0.23106775,8.247165
2,2776,0.00776235,0.01451810,2.80179868,0.05634728,2.51437890,2.57072618,0.23107249,8.247291
2,2777,0.00776335,0.01451630,2.80181319,0.05634756,2.51438850,2.57073606,0.23107713,8.247414
2,2778,0.00776435,0.01451450,2.80182771,0.05634784,2.51439800,2.57074584,0.23108187,8.247540
2,2779,0.00776535,0.01451271,2.80184222,0.05634812,2.51440750,2.57075562,0.23108661,8.247667
2,2780,0.00776635,0.01451091,2.80185673,0.05634840,2.51441700,2.57076540,0.23109134,8.247793
2,2781,0.00776735,0.01450911,2.80187124,0.05634868,2.51442650,2.57077518,0.23109606,8.247919
2,2782,0.00776835,0.01450732,2.80188575,0.05634896,2.51443600,2.57078496,0.23110079,8.248045
2,2783,0.00776935,0.01450553,2.80190026,0.05634925,2.51444560,2.57079485,0.23110541,8.248167
2,2784,0.00777035,0.01450373,2.80191476,0.05634954,2.51445510,2.57080464,0.23111013,8.248293
2,2785,0.00777135,0.01450194,2.80192927,0.05634982,2.51446460,2.57081442,0.23111484,8.248418
2,2786,0.00777235,0.01450015,2.80194377,0.05635011,2.51447410,2.57082421,0.23111955,8.248544
2,2787,0.00777335,0.01449836,2.80195827,0.05635040,2.51448360,2.57083400,0.23112426,8.248669
2,2788,0.00777435,0.01449657,2.80197276,0.05635070,2.51449310,2.57084380,0.23112897,8.248794
2,2789,0.00777535,0.01449478,2.80198726,0.05635099,2.51450260,2.57085359,0.23113367,8.248919
2,2790,0.00777635,0.01449299,2.80200175,0.05635129,2.51451200,2.57086329,0.23113847,8.249048
2,2791,0.00777735,0.01449121,2.80201625,0.05635158,2.51452150,2.57087308,0.23114316,8.249173
2,2792,0.00777835,0.01448942,2.80203074,0.05635188,2.51453100,2.57088288,0.23114785,8.249298
2,2793,0.00777935,0.01448762,2.80204522,0.05635214,2.51454050,2.57089264,0.23115258,8.249424
2,2794,0.00778035,0.01448579,2.80205971,0.05635224,2.51455020,2.57090244,0.23115727,8.249548
2,2795,0.00778135,0.01448395,2.80207420,0.05635233,2.51455980,2.57091213,0.23116206,8.249677
2,2796,0.00778235,0.01448211,2.80208868,0.05635243,2.51456940,2.57092183,0.23116685,8.249805
2,2797,0.00778335,0.01448028,2.80210316,0.05635253,2.51457900,2.57093153,0.23117163,8.249933
2,2798,0.00778435,0.01447844,2.80211764,0.05635264,2.51458860,2.57094124,0.23117640,8.250061
2,2799,0.00778535,0.01447661,2.80213212,0.05635274,2.51459820,2.57095094,0.23118118,8.250188
2,2800,0.00778635,0.01447478,2.80214659,0.05635284,2.51460790,2.57096074,0.23118585,8.250313
2,2801,0.00778735,0.01447295,2.80216107,0.05635295,2.51461750,2.57097045,0.23119062,8.250440
2,2802,0.00778835,0.01447112,2.80217554,0.05635305,2.51462710,2.57098016,0.23119538,8.250567
2,2803,0.00778935,0.01446929,2.80219001,0.05635316,2.51463670,2.57098986,0.23120015,8.250695
2,2804,0.00779035,0.01446746,2.80220448,0.05635327,2.51464630,2.57099957,0.23120490,8.250822
2,2805,0.00779135,0.01446563,2.80221894,0.05635338,2.51465590,2.57100928,0.23120966,8.250949
2,2806,0.00779235,0.01446380,2.80223341,0.05635350,2.51466550,2.57101900,0.23121441,8.251076
2,2807,0.00779335,0.01446198,2.80224787,0.05635361,2.51467510,2.57102871,0.23121916,8.251203
2,2808,0.00779435,0.01446015,2.80226233,0.05635373,2.51468460,2.57103833,0.23122401,8.251333
2,2809,0.00779535,0.01445832,2.80227679,0.05635384,2.51469420,2.57104804,0.23122875,8.251460
2,2810,0.00779635,0.01445650,2.80229125,0.05635396,2.51470380,2.57105776,0.23123349,8.251587
2,2811,0.00779735,0.01445468,2.80230571,0.05635408,2.51471340,2.57106748,0.23123823,8.251713
2,2812,0.00779835,0.01445285,2.80232016,0.05635420,2.51472300,2.57107720,0.23124296,8.251839
2,2813,0.00779935,0.01445103,2.80233461,0.05635432,2.51473260,2.57108692,0.23124769,8.251966
2,2814,0.00780035,0.01444921,2.80234906,0.05635445,2.51474210,2.57109655,0.23125251,8.252095
2,2815,0.00780135,0.01444739,2.80236351,0.05635457,2.51475170,2.57110627,0.23125724,8.252221
2,2816,0.00780235,0.01444557,2.80237796,0.05635470,2.51476130,2.57111600,0.23126196,8.252347
2,2817,0.00780335,0.01444375,2.80239240,0.05635482,2.51477090,2.57112572,0.23126668,8.252473
2,2818,0.00780435,0.01444194,2.80240684,0.05635495,2.51478040,2.57113535,0.23127149,8.252602
2,2819,0.00780535,0.01444012,2.80242128,0.05635508,2.51479000,2.57114508,0.23127620,8.252728
2,2820,0.00780635,0.01443830,2.80243572,0.05635522,2.51479960,2.57115481,0.23128091,8.252853
2,2821,0.00780735,0.01443649,2.80245016,0.05635535,2.51480910,2.57116445,0.23128571,8.252982
2,2822,0.00780835,0.01443467,2.80246460,0.05635548,2.51481870,2.57117418,0.23129041,8.253107
2,2823,0.00780935,0.01443286,2.80247903,0.05635562,2.51482820,2.57118382,0.23129521,8.253236
2,2824,0.00781035,0.01443105,2.80249346,0.05635576,2.51483780,2.57119356,0.23129991,8.253361
2,2825,0.00781135,0.01442924,2.80250789,0.05635589,2.51484730,2.57120319,0.23130470,8.253490
2,2826,0.00781235,0.01442742,2.80252232,0.05635603,2.51485690,2.57121293,0.23130939,8.253614
2,2827,0.00781335,0.01442561,2.80253675,0.05635618,2.51486640,2.57122257,0.23131417,8.253743
2,2828,0.00781435,0.01442380,2.80255117,0.05635632,2.51487600,2.57123232,0.23131885,8.253867
2,2829,0.00781535,0.01442199,2.80256559,0.05635646,2.51488550,2.57124196,0.23132363,8.253995
2,2830,0.00781635,0.01442019,2.80258002,0.05635661,2.51489500,2.57125161,0.23132841,8.254123
2,2831,0.00781735,0.01441838,2.80259444,0.05635675,2.51490460,2.57126135,0.23133308,8.254248
2,2832,0.00781835,0.01441657,2.80260885,0.05635690,2.51491410,2.57127100,0.23133785,8.254375
2,2833,0.00781935,0.01441477,2.80262327,0.05635705,2.51492360,2.57128065,0.23134262,8.254503
2,2834,0.00782035,0.01441296,2.80263768,0.05635720,2.51493320,2.57129040,0.23134728,8.254627
2,2835,0.00782135,0.01441116,2.80265209,0.05635735,2.51494270,2.57130005,0.23135204,8.254754
2,2836,0.00782235,0.01440936,2.80266650,0.05635750,2.51495220,2.57130970,0.23135680,8.254882
2,2837,0.00782335,0.01440743,2.80268091,0.05635717,2.51496200,2.57131917,0.23136175,8.255016
2,2838,0.00782435,0.01440545,2.80269532,0.05635663,2.51497200,2.57132863,0.23136669,8.255149
2,2839,0.00782535,0.01440348,2.80270972,0.05635611,2.51498190,2.57133801,0.23137171,8.255286
2,2840,0.00782635,0.01440151,2.80272413,0.05635561,2.51499180,2.57134742,0.23137671,8.255422
2,2841,0.00782735,0.01439954,2.80273853,0.05635512,2.51500170,2.57135682,0.23138171,8.255558
2,2842,0.00782835,0.01439758,2.80275293,0.05635463,2.51501160,2.57136623,0.23138670,8.255694
2,2843,0.00782935,0.01439561,2.80276732,0.05635413,2.51502160,2.57137573,0.23139159,8.255826
2,2844,0.00783035,0.01439365,2.80278172,0.05635364,2.51503150,2.57138514,0.23139657,8.255961
2,2845,0.00783135,0.01439168,2.80279611,0.05635315,2.51504140,2.57139455,0.23140156,8.256097
2,2846,0.00783235,0.01438972,2.80281050,0.05635266,2.51505130,2.57140396,0.23140654,8.256232
2,2847,0.00783335,0.01438776,2.80282489,0.05635217,2.51506120,2.57141337,0.23141151,8.256367
2,2848,0.00783435,0.01438580,2.80283928,0.05635169,2.51507100,2.57142269,0.23141659,8.256506
2,2849,0.00783535,0.01438384,2.80285366,0.05635120,2.51508090,2.57143210,0.23142156,8.256641
2,2850,0.00783635,0.01438188,2.80286804,0.05635072,2.51509080,2.57144152,0.23142652,8.256776
2,2851,0.00783735,0.01437992,2.80288242,0.05635024,2.51510070,2.57145094,0.23143149,8.256910
2,2852,0.00783835,0.01437797,2.80289680,0.05634976,2.51511060,2.57146036,0.23143644,8.257045
2,2853,0.00783935,0.01437601,2.80291118,0.05634928,2.51512050,2.57146978,0.23144140,8.257179
2,2854,0.00784035,0.01437405,2.80292555,0.05634880,2.51513040,2.57147920,0.23144635,8.257314
2,2855,0.00784135,0.01437210,2.80293993,0.05634832,2.51514020,2.57148852,0.23145140,8.257451
2,2856,0.00784235,0.01437015,2.80295430,0.05634785,2.51515010,2.57149795,0.23145635,8.257586
2,2857,0.00784335,0.01436819,2.80296867,0.05634737,2.51516000,2.57150737,0.23146129,8.257720
2,2858,0.00784435,0.01436624,2.80298304,0.05634690,2.51516990,2.57151680,0.23146623,8.257854
2,2859,0.00784535,0.01436429,2.80299740,0.05634643,2.51517970,2.57152613,0.23147127,8.257991
2,2860,0.00784635,0.01436234,2.80301176,0.05634596,2.51518960,2.57153556,0.23147620,8.258125
2,2861,0.00784735,0.01436039,2.80302613,0.05634549,2.51519950,2.57154499,0.23148113,8.258258
2,2862,0.00784835,0.01435844,2.80304048,0.05634503,2.51520930,2.57155433,0.23148616,8.258395
2,2863,0.00784935,0.01435649,2.80305484,0.05634456,2.51521920,2.57156376,0.23149108,8.258528
2,2864,0.00785035,0.01435454,2.80306920,0.05634410,2.51522900,2.57157310,0.23149610,8.258665
2,2865,0.00785135,0.01435260,2.80308355,0.05634363,2.51523890,2.57158253,0.23150102,8.258798
2,2866,0.00785235,0.01435065,2.80309790,0.05634317,2.51524870,2.57159187,0.23150603,8.258935
2,2867,0.00785335,0.01434868,2.80311225,0.05634261,2.51525860,2.57160121,0.23151104,8.259071
2,2868,0.00785435,0.01434668,2.80312660,0.05634190,2.51526860,2.57161050,0.23151610,8.259209
2,2869,0.00785535,0.01434467,2.80314095,0.05634118,2.51527850,2.57161968,0.23152127,8.259352
2,2870,0.00785635,0.01434266,2.80315529,0.05634046,2.51528850,2.57162896,0.23152633,8.259490
2,2871,0.00785735,0.01434065,2.80316963,0.05633976,2.51529850,2.57163826,0.23153138,8.259628
2,2872,0.00785835,0.01433865,2.80318397,0.05633905,2.51530840,2.57164745,0.23153652,8.259769
2,2873,0.00785935,0.01433664,2.80319831,0.05633834,2.51531830,2.57165664,0.23154167,8.259910
2,2874,0.00786035,0.01433464,2.80321264,0.05633764,2.51532830,2.57166594,0.23154671,8.260048
2,2875,0.00786135,0.01433264,2.80322698,0.05633694,2.51533820,2.57167514,0.23155184,8.260189
2,2876,0.00786235,0.01433064,2.80324131,0.05633623,2.51534820,2.57168443,0.23155688,8.260326
2,2877,0.00786335,0.01432864,2.80325564,0.05633553,2.51535810,2.57169363,0.23156201,8.260467
2,2878,0.00786435,0.01432664,2.80326997,0.05633484,2.51536800,2.57170284,0.23156713,8.260608
2,2879,0.00786535,0.01432464,2.80328429,0.05633414,2.51537800,2.57171214,0.23157215,8.260745
2,2880,0.00786635,0.01432264,2.80329862,0.05633344,2.51538790,2.57172134,0.23157727,8.260885
2,2881,0.00786735,0.01432064,2.80331294,0.05633275,2.51539780,2.57173055,0.23158239,8.261025
2,2882,0.00786835,0.01431865,2.80332726,0.05633206,2.51540780,2.57173986,0.23158740,8.261162
2,2883,0.00786935,0.01431665,2.80334158,0.05633137,2.51541770,2.57174907,0.23159251,8.261302
2,2884,0.00787035,0.01431466,2.80335589,0.05633068,2.51542760,2.57175828,0.23159761,8.261442
2,2885,0.00787135,0.01431267,2.80337020,0.05632999,2.51543750,2.57176749,0.23160271,8.261581
2,2886,0.00787235,0.01431067,2.80338452,0.05632931,2.51544740,2.57177670,0.23160781,8.261721
2,2887,0.00787335,0.01430868,2.80339883,0.05632862,2.51545730,2.57178592,0.23161291,8.261861
2,2888,0.00787435,0.01430669,2.80341313,0.05632794,2.51546720,2.57179514,0.23161800,8.262000
2,2889,0.00787535,0.01430470,2.80342744,0.05632726,2.51547720,2.57180446,0.23162298,8.262136
2,2890,0.00787635,0.01430271,2.80344174,0.05632658,2.51548710,2.57181368,0.23162807,8.262275
2,2891,0.00787735,0.01430072,2.80345604,0.05632590,2.51549700,2.57182290,0.23163315,8.262414
2,2892,0.00787835,0.01429874,2.80347034,0.05632522,2.51550690,2.57183212,0.23163822,8.262553
2,2893,0.00787935,0.01429674,2.80348464,0.05632452,2.51551680,2.57184132,0.23164332,8.262693
2,2894,0.00788035,0.01429468,2.80349894,0.05632353,2.51552690,2.57185043,0.23164851,8.262836
2,2895,0.00788135,0.01429261,2.80351323,0.05632252,2.51553700,2.57185952,0.23165371,8.262979
2,2896,0.00788235,0.01429054,2.80352752,0.05632153,2.51554710,2.57186863,0.23165889,8.263122
2,2897,0.00788335,0.01428848,2.80354181,0.05632053,2.51555720,2.57187773,0.23166408,8.263265
2,2898,0.00788435,0.01428642,2.80355610,0.05631954,2.51556730,2.57188684,0.23166926,8.263407
2,2899,0.00788535,0.01428435,2.80357039,0.05631855,2.51557740,2.57189595,0.23167443,8.263550
2,2900,0.00788635,0.01428229,2.80358467,0.05631756,2.51558750,2.57190506,0.23167961,8.263692
2,2901,0.00788735,0.01428023,2.80359895,0.05631657,2.51559760,2.57191417,0.23168478,8.263834
2,2902,0.00788835,0.01427817,2.80361323,0.05631559,2.51560770,2.57192329,0.23168994,8.263977
2,2903,0.00788935,0.01427611,2.80362751,0.05631460,2.51561780,2.57193240,0.23169511,8.264119
2,2904,0.00789035,0.01427405,2.80364178,0.05631362,2.51562790,2.57194152,0.23170026,8.264261
2,2905,0.00789135,0.01427199,2.80365605,0.05631263,2.51563800,2.57195063,0.23170542,8.264402
2,2906,0.00789235,0.01426993,2.80367033,0.05631165,2.51564800,2.57195965,0.23171067,8.264548
2,2907,0.00789335,0.01426788,2.80368459,0.05631067,2.51565810,2.57196877,0.23171582,8.264689
2,2908,0.00789435,0.01426582,2.80369886,0.05630969,2.51566820,2.57197789,0.23172097,8.264831
2,2909,0.00789535,0.01426377,2.80371313,0.05630872,2.51567830,2.57198702,0.23172611,8.264972
2,2910,0.00789635,0.01426172,2.80372739,0.05630774,2.51568840,2.57199614,0.23173125,8.265113
2,2911,0.00789735,0.01425966,2.80374165,0.05630677,2.51569840,2.57200517,0.23173648,8.265258
2,2912,0.00789835,0.01425761,2.80375591,0.05630580,2.51570850,2.57201430,0.23174161,8.265399
2,2913,0.00789935,0.01425556,2.80377016,0.05630482,2.51571860,2.57202342,0.23174674,8.265540
2,2914,0.00790035,0.01425351,2.80378442,0.05630385,2.51572860,2.57203245,0.23175197,8.265684
2,2915,0.00790135,0.01425146,2.80379867,0.05630288,2.51573870,2.57204159,0.23175709,8.265825
2,2916,0.00790235,0.01424941,2.80381292,0.05630192,2.51574870,2.57205062,0.23176230,8.265969
2,2917,0.00790335,0.01424737,2.80382717,0.05630095,2.51575880,2.57205975,0.23176742,8.266109
2,2918,0.00790435,0.01424532,2.80384142,0.05629999,2.51576880,2.57206879,0.23177263,8.266253
2,2919,0.00790535,0.01424327,2.80385566,0.05629903,2.51577890,2.57207792,0.23177774,8.266393
2,2920,0.00790635,0.01424123,2.80386990,0.05629806,2.51578890,2.57208696,0.23178294,8.266537
2,2921,0.00790735,0.01423911,2.80388414,0.05629680,2.51579920,2.57209600,0.23178815,8.266681
2,2922,0.00790835,0.01423690,2.80389838,0.05629520,2.51580970,2.57210490,0.23179348,8.266829
2,2923,0.00790935,0.01423469,2.80391262,0.05629357,2.51582020,2.57211377,0.23179885,8.266978
2,2924,0.00791035,0.01423249,2.80392685,0.05629197,2.51583060,2.57212257,0.23180428,8.267130
2,2925,0.00791135,0.01423028,2.80394108,0.05629037,2.51584110,2.57213147,0.23180961,8.267278
2,2926,0.00791235,0.01422808,2.80395531,0.05628877,2.51585160,2.57214038,0.23181494,8.267426
2,2927,0.00791335,0.01422588,2.80396954,0.05628718,2.51586200,2.57214918,0.23182036,8.267578
2,2928,0.00791435,0.01422368,2.80398376,0.05628559,2.51587250,2.57215809,0.23182568,8.267725
2,2929,0.00791535,0.01422148,2.80399799,0.05628399,2.51588290,2.57216689,0.23183109,8.267877
2,2930,0.00791635,0.01421928,2.80401221,0.05628241,2.51589340,2.57217581,0.23183640,8.268024
2,2931,0.00791735,0.01421709,2.80402642,0.05628082,2.51590380,2.57218462,0.23184180,8.268175
2,2932,0.00791835,0.01421489,2.80404064,0.05627924,2.51591430,2.57219354,0.23184710,8.268322
2,2933,0.00791935,0.01421270,2.80405485,0.05627765,2.51592470,2.57220235,0.23185250,8.268472
2,2934,0.00792035,0.01421050,2.80406907,0.05627607,2.51593520,2.57221127,0.23185779,8.268619
2,2935,0.00792135,0.01420831,2.80408328,0.05627449,2.51594560,2.57222009,0.23186318,8.268770
2,2936,0.00792235,0.01420612,2.80409748,0.05627291,2.51595600,2.57222891,0.23186857,8.268920
2,2937,0.00792335,0.01420393,2.80411169,0.05627134,2.51596650,2.57223784,0.23187385,8.269066
2,2938,0.00792435,0.01420174,2.80412589,0.05626976,2.51597690,2.57224666,0.23187923,8.269216
2,2939,0.00792535,0.01419955,2.80414009,0.05626818,2.51598730,2.57225548,0.23188461,8.269366
2,2940,0.00792635,0.01419736,2.80415429,0.05626661,2.51599780,2.57226441,0.23188988,8.269512
2,2941,0.00792735,0.01419517,2.80416849,0.05626504,2.51600820,2.57227324,0.23189525,8.269662
2,2942,0.00792835,0.01419298,2.80418268,0.05626347,2.51601860,2.57228207,0.23190061,8.269811
2,2943,0.00792935,0.01419080,2.80419687,0.05626190,2.51602900,2.57229090,0.23190597,8.269960
2,2944,0.00793035,0.01418861,2.80421106,0.05626033,2.51603950,2.57229983,0.23191123,8.270106
2,2945,0.00793135,0.01418643,2.80422525,0.05625877,2.51604990,2.57230867,0.23191658,8.270255
2,2946,0.00793235,0.01418425,2.80423943,0.05625720,2.51606030,2.57231750,0.23192193,8.270404
2,2947,0.00793335,0.01418202,2.80425362,0.05625545,2.51607080,2.57232625,0.23192737,8.270556
2,2948,0.00793435,0.01417978,2.80426780,0.05625366,2.51608130,2.57233496,0.23193284,8.270709
2,2949,0.00793535,0.01417754,2.80428198,0.05625188,2.51609180,2.57234368,0.23193829,8.270862
2,2950,0.00793635,0.01417531,2.80429615,0.05625011,2.51610230,2.57235241,0.23194374,8.271015
2,2951,0.00793735,0.01417308,2.80431033,0.05624834,2.51611280,2.57236114,0.23194919,8.271167
2,2952,0.00793835,0.01417085,2.80432450,0.05624657,2.51612330,2.57236987,0.23195463,8.271319
2,2953,0.00793935,0.01416862,2.80433867,0.05624480,2.51613380,2.57237860,0.23196007,8.271471
2,2954,0.00794035,0.01416639,2.80435284,0.05624304,2.51614430,2.57238734,0.23196550,8.271623
2,2955,0.00794135,0.01416416,2.80436700,0.05624127,2.51615480,2.57239607,0.23197093,8.271775
2,2956,0.00794235,0.01416193,2.80438116,0.05623951,2.51616530,2.57240481,0.23197636,8.271927
2,2957,0.00794335,0.01415971,2.80439533,0.05623775,2.51617580,2.57241355,0.23198178,8.272078
2,2958,0.00794435,0.01415748,2.80440948,0.05623599,2.51618630,2.57242229,0.23198720,8.272230
2,2959,0.00794535,0.01415526,2.80442364,0.05623423,2.51619680,2.57243103,0.23199261,8.272381
2,2960,0.00794635,0.01415303,2.80443779,0.05623247,2.51620730,2.57243977,0.23199803,8.272532
2,2961,0.00794735,0.01415081,2.80445195,0.05623071,2.51621780,2.57244851,0.23200344,8.272684
2,2962,0.00794835,0.01414858,2.80446610,0.05622895,2.51622830,2.57245724,0.23200885,8.272835
2,2963,0.00794935,0.01414636,2.80448024,0.05622719,2.51623870,2.57246589,0.23201436,8.272990
2,2964,0.00795035,0.01414414,2.80449439,0.05622543,2.51624920,2.57247463,0.23201976,8.273140
2,2965,0.00795135,0.01414192,2.80450853,0.05622367,2.51625970,2.57248337,0.23202516,8.273291
2,2966,0.00795235,0.01413970,2.80452267,0.05622192,2.51627020,2.57249212,0.23203055,8.273442
2,2967,0.00795335,0.01413748,2.80453681,0.05622017,2.51628070,2.57250087,0.23203595,8.273592
2,2968,0.00795435,0.01413526,2.80455095,0.05621841,2.51629120,2.57250961,0.23204133,8.273743
2,2969,0.00795535,0.01413305,2.80456508,0.05621666,2.51630160,2.57251826,0.23204682,8.273897
2,2970,0.00795635,0.01413083,2.80457921,0.05621492,2.51631210,2.57252702,0.23205220,8.274047
2,2971,0.00795735,0.01412862,2.80459334,0.05621317,2.51632260,2.57253577,0.23205758,8.274197
2,2972,0.00795835,0.01412640,2.80460747,0.05621142,2.51633300,2.57254442,0.23206305,8.274350
2,2973,0.00795935,0.01412419,2.80462160,0.05620968,2.51634350,2.57255318,0.23206842,8.274500
2,2974,0.00796035,0.01412198,2.80463572,0.05620793,2.51635400,2.57256194,0.23207378,8.274650
2,2975,0.00796135,0.01411977,2.80464984,0.05620619,2.51636440,2.57257059,0.23207925,8.274803
2,2976,0.00796235,0.01411756,2.80466396,0.05620445,2.51637490,2.57257935,0.23208461,8.274952
2,2977,0.00796335,0.01411535,2.80467808,0.05620272,2.51638530,2.57258802,0.23209006,8.275105
2,2978,0.00796435,0.01411314,2.80469219,0.05620098,2.51639580,2.57259678,0.23209541,8.275254
2,2979,0.00796535,0.01411093,2.80470630,0.05619924,2.51640620,2.57260544,0.23210086,8.275407
2,2980,0.00796635,0.01410872,2.80472041,0.05619751,2.51641670,2.57261421,0.23210620,8.275556
2,2981,0.00796735,0.01410652,2.80473452,0.05619577,2.51642710,2.57262287,0.23211165,8.275708
2,2982,0.00796835,0.01410431,2.80474862,0.05619402,2.51643760,2.57263162,0.23211700,8.275858
2,2983,0.00796935,0.01410210,2.80476273,0.05619228,2.51644810,2.57264038,0.23212235,8.276007
2,2984,0.00797035,0.01409989,2.80477683,0.05619053,2.51645850,2.57264903,0.23212780,8.276159
2,2985,0.00797135,0.01409769,2.80479093,0.05618879,2.51646900,2.57265779,0.23213314,8.276308
2,2986,0.00797235,0.01409548,2.80480502,0.05618705,2.51647950,2.57266655,0.23213847,8.276457
2,2987,0.00797335,0.01409328,2.80481912,0.05618531,2.51649000,2.57267531,0.23214381,8.276605
2,2988,0.00797435,0.01409107,2.80483321,0.05618357,2.51650040,2.57268397,0.23214924,8.276757
2,2989,0.00797535,0.01408887,2.80484730,0.05618183,2.51651090,2.57269273,0.23215457,8.276906
2,2990,0.00797635,0.01408667,2.80486139,0.05618010,2.51652130,2.57270140,0.23215999,8.277057
2,2991,0.00797735,0.01408447,2.80487547,0.05617837,2.51653180,2.57271017,0.23216531,8.277206
2,2992,0.00797835,0.01408227,2.80488956,0.05617663,2.51654220,2.57271883,0.23217073,8.277357
2,2993,0.00797935,0.01408007,2.80490364,0.05617490,2.51655270,2.57272760,0.23217604,8.277505
2,2994,0.00798035,0.01407787,2.80491772,0.05617317,2.51656310,2.57273627,0.23218145,8.277656
2,2995,0.00798135,0.01407568,2.80493179,0.05617144,2.51657360,2.57274504,0.23218675,8.277804
2,2996,0.00798235,0.01407348,2.80494587,0.05616972,2.51658400,2.57275371,0.23219215,8.277955
2,2997,0.00798335,0.01407128,2.80495994,0.05616799,2.51659450,2.57276249,0.23219745,8.278102
2,2998,0.00798435,0.01406909,2.80497401,0.05616626,2.51660490,2.57277116,0.23220285,8.278253
2,2999,0.00798535,0.01406690,2.80498808,0.05616454,2.51661530,2.57277984,0.23220824,8.278404
2,3000,0.00798635,0.01406471,2.80500215,0.05616282,2.51662580,2.57278862,0.23221352,8.278551
2,3001,0.00798735,0.01406251,2.80501621,0.05616110,2.51663620,2.57279730,0.23221891,8.278701
2,3002,0.00798835,0.01406032,2.80503027,0.05615938,2.51664660,2.57280598,0.23222429,8.278851
2,3003,0.00798935,0.01405813,2.80504433,0.05615766,2.51665700,2.57281467,0.23222966,8.279002
2,3004,0.00799035,0.01405594,2.80505839,0.05615595,2.51666750,2.57282345,0.23223494,8.279148
2,3005,0.00799135,0.01405376,2.80507244,0.05615424,2.51667790,2.57283214,0.23224031,8.279298
2,3006,0.00799235,0.01405157,2.80508649,0.05615252,2.51668830,2.57284082,0.23224567,8.279448
2,3007,0.00799335,0.01404938,2.80510054,0.05615081,2.51669870,2.57284951,0.23225103,8.279597
2,3008,0.00799435,0.01404720,2.80511459,0.05614910,2.51670910,2.57285820,0.23225639,8.279747
2,3009,0.00799535,0.01404501,2.80512864,0.05614739,2.51671950,2.57286689,0.23226175,8.279896
2,3010,0.00799635,0.01404283,2.80514268,0.05614568,2.51672990,2.57287558,0.23226710,8.280046
2,3011,0.00799735,0.01404065,2.80515672,0.05614397,2.51674040,2.57288437,0.23227235,8.280192
2,3012,0.00799835,0.01403846,2.80517076,0.05614226,2.51675080,2.57289306,0.23227770,8.280341
2,3013,0.00799935,0.01403628,2.80518480,0.05614055,2.51676120,2.57290175,0.23228305,8.280490
2,3014,0.00800035,0.01403410,2.80519884,0.05613885,2.51677160,2.57291045,0.23228839,8.280639
2,3015,0.00800135,0.01403192,2.80521287,0.05613714,2.51678200,2.57291914,0.23229373,8.280788
2,3016,0.00800235,0.01402974,2.80522690,0.05613544,2.51679240,2.57292784,0.23229906,8.280937
2,3017,0.00800335,0.01402756,2.80524093,0.05613373,2.51680280,2.57293653,0.23230440,8.281085
2,3018,0.00800435,0.01402538,2.80525496,0.05613203,2.51681320,2.57294523,0.23230972,8.281234
2,3019,0.00800535,0.01402319,2.80526898,0.05613027,2.51682370,2.57295397,0.23231501,8.281381
2,3020,0.00800635,0.01402099,2.80528300,0.05612845,2.51683420,2.57296265,0.23232035,8.281530
2,3021,0.00800735,0.01401878,2.80529702,0.05612664,2.51684480,2.57297144,0.23232558,8.281675
2,3022,0.00800835,0.01401658,2.80531104,0.05612483,2.51685530,2.57298013,0.23233091,8.281823
2,3023,0.00800935,0.01401438,2.80532506,0.05612302,2.51686590,2.57298892,0.23233613,8.281968
2,3024,0.00801035,0.01401218,2.80533907,0.05612122,2.51687640,2.57299762,0.23234145,8.282117
2,3025,0.00801135,0.01400998,2.80535308,0.05611941,2.51688690,2.57300631,0.23234677,8.282265
2,3026,0.00801235,0.01400778,2.80536709,0.05611761,2.51689750,2.57301511,0.23235198,8.282409
2,3027,0.00801335,0.01400558,2.80538110,0.05611581,2.51690800,2.57302381,0.23235729,8.282557
2,3028,0.00801435,0.01400338,2.80539510,0.05611400,2.51691850,2.57303250,0.23236260,8.282705
2,3029,0.00801535,0.01400119,2.80540910,0.05611220,2.51692910,2.57304130,0.23236780,8.282849
2,3030,0.00801635,0.01399899,2.80542310,0.05611041,2.51693960,2.57305001,0.23237310,8.282996
2,3031,0.00801735,0.01399680,2.80543710,0.05610861,2.51695010,2.57305871,0.23237839,8.283144
2,3032,0.00801835,0.01399461,2.80545110,0.05610681,2.51696060,2.57306741,0.23238368,8.283291
2,3033,0.00801935,0.01399241,2.80546509,0.05610502,2.51697120,2.57307622,0.23238887,8.283435
2,3034,0.00802035,0.01399022,2.80547908,0.05610323,2.51698170,2.57308493,0.23239415,8.283582
2,3035,0.00802135,0.01398803,2.80549307,0.05610143,2.51699220,2.57309364,0.23239943,8.283729
2,3036,0.00802235,0.01398584,2.80550706,0.05609964,2.51700270,2.57310235,0.23240471,8.283875
2,3037,0.00802335,0.01398365,2.80552104,0.05609786,2.51701320,2.57311106,0.23240999,8.284022
2,3038,0.00802435,0.01398146,2.80553502,0.05609606,2.51702370,2.57311976,0.23241526,8.284169
2,3039,0.00802535,0.01397927,2.80554900,0.05609427,2.51703430,2.57312857,0.23242044,8.284312
2,3040,0.00802635,0.01397708,2.80556298,0.05609247,2.51704480,2.57313727,0.23242571,8.284459
2,3041,0.00802735,0.01397489,2.80557696,0.05609068,2.51705540,2.57314608,0.23243088,8.284602
2,3042,0.00802835,0.01397271,2.80559093,0.05608889,2.51706590,2.57315479,0.23243614,8.284748
2,3043,0.00802935,0.01397052,2.80560490,0.05608710,2.51707640,2.57316350,0.23244140,8.284894
2,3044,0.00803035,0.01396834,2.80561887,0.05608531,2.51708690,2.57317221,0.23244666,8.285040
2,3045,0.00803135,0.01396615,2.80563284,0.05608353,2.51709750,2.57318103,0.23245181,8.285183
2,3046,0.00803235,0.01396397,2.80564681,0.05608174,2.51710800,2.57318974,0.23245706,8.285329
2,3047,0.00803335,0.01396179,2.80566077,0.05607996,2.51711850,2.57319846,0.23246231,8.285474
2,3048,0.00803435,0.01395961,2.80567473,0.05607818,2.51712900,2.57320718,0.23246755,8.285620
2,3049,0.00803535,0.01395743,2.80568869,0.05607640,2.51713950,2.57321590,0.23247279,8.285766
2,3050,0.00803635,0.01395525,2.80570264,0.05607462,2.51715000,2.57322462,0.23247803,8.285911
2,3051,0.00803735,0.01395307,2.80571660,0.05607284,2.51716050,2.57323334,0.23248326,8.286056
2,3052,0.00803835,0.01395089,2.80573055,0.05607106,2.51717100,2.57324206,0.23248849,8.286201
2,3053,0.00803935,0.01394871,2.80574450,0.05606929,2.51718150,2.57325079,0.23249371,8.286346
2,3054,0.00804035,0.01394654,2.80575845,0.05606752,2.51719200,2.57325952,0.23249893,8.286491
2,3055,0.00804135,0.01394436,2.80577239,0.05606574,2.51720250,2.57326824,0.23250415,8.286636
2,3056,0.00804235,0.01394219,2.80578634,0.05606397,2.51721300,2.57327697,0.23250936,8.286781
2,3057,0.00804335,0.01394002,2.80580028,0.05606220,2.51722350,2.57328570,0.23251457,8.286925
2,3058,0.00804435,0.01393784,2.80581422,0.05606044,2.51723400,2.57329444,0.23251978,8.287070
2,3059,0.00804535,0.01393567,2.80582815,0.05605867,2.51724450,2.57330317,0.23252498,8.287214
2,3060,0.00804635,0.01393350,2.80584209,0.05605691,2.51725500,2.57331191,0.23253018,8.287358
2,3061,0.00804735,0.01393133,2.80585602,0.05605514,2.51726550,2.57332064,0.23253538,8.287502
2,3062,0.00804835,0.01392916,2.80586995,0.05605338,2.51727590,2.57332928,0.23254067,8.287650
2,3063,0.00804935,0.01392699,2.80588388,0.05605162,2.51728640,2.57333802,0.23254586,8.287793
2,3064,0.00805035,0.01392483,2.80589780,0.05604986,2.51729690,2.57334676,0.23255105,8.287937
2,3065,0.00805135,0.01392266,2.80591173,0.05604810,2.51730740,2.57335550,0.23255623,8.288081
2,3066,0.00805235,0.01392049,2.80592565,0.05604634,2.51731780,2.57336414,0.23256151,8.288228
2,3067,0.00805335,0.01391833,2.80593957,0.05604459,2.51732830,2.57337289,0.23256668,8.288371
2,3068,0.00805435,0.01391617,2.80595349,0.05604283,2.51733870,2.57338153,0.23257195,8.288518
2,3069,0.00805535,0.01391400,2.80596740,0.05604108,2.51734920,2.57339028,0.23257712,8.288661
2,3070,0.00805635,0.01391184,2.80598131,0.05603933,2.51735970,2.57339903,0.23258229,8.288804
2,3071,0.00805735,0.01390968,2.80599523,0.05603758,2.51737010,2.57340768,0.23258755,8.288950
2,3072,0.00805835,0.01390752,2.80600913,0.05603583,2.51738060,2.57341643,0.23259270,8.289093
2,3073,0.00805935,0.01390536,2.80602304,0.05603408,2.51739100,2.57342508,0.23259796,8.289239
2,3074,0.00806035,0.01390320,2.80603694,0.05603234,2.51740150,2.57343384,0.23260311,8.289381
2,3075,0.00806135,0.01390105,2.80605085,0.05603059,2.51741190,2.57344249,0.23260835,8.289527
2,3076,0.00806235,0.01389889,2.80606475,0.05602885,2.51742230,2.57345115,0.23261360,8.289673
2,3077,0.00806335,0.01389673,2.80607864,0.05602711,2.51743280,2.57345991,0.23261874,8.289815
2,3078,0.00806435,0.01389458,2.80609254,0.05602537,2.51744320,2.57346857,0.23262397,8.289961
2,3079,0.00806535,0.01389242,2.80610643,0.05602363,2.51745370,2.57347733,0.23262910,8.290103
2,3080,0.00806635,0.01389027,2.80612032,0.05602189,2.51746410,2.57348599,0.23263433,8.290248
2,3081,0.00806735,0.01388812,2.80613421,0.05602016,2.51747450,2.57349466,0.23263956,8.290393
2,3082,0.00806835,0.01388597,2.80614810,0.05601842,2.51748490,2.57350332,0.23264478,8.290538
2,3083,0.00806935,0.01388382,2.80616199,0.05601669,2.51749540,2.57351209,0.23264990,8.290680
2,3084,0.00807035,0.01388167,2.80617587,0.05601496,2.51750580,2.57352076,0.23265511,8.290824
2,3085,0.00807135,0.01387952,2.80618975,0.05601323,2.51751620,2.57352943,0.23266032,8.290969
2,3086,0.00807235,0.01387737,2.80620363,0.05601150,2.51752660,2.57353810,0.23266553,8.291114
2,3087,0.00807335,0.01387523,2.80621750,0.05600977,2.51753700,2.57354677,0.23267073,8.291258
2,3088,0.00807435,0.01387308,2.80623138,0.05600804,2.51754740,2.57355544,0.23267593,8.291402
2,3089,0.00807535,0.01387093,2.80624525,0.05600632,2.51755780,2.57356412,0.23268113,8.291547
2,3090,0.00807635,0.01386879,2.80625912,0.05600460,2.51756830,2.57357290,0.23268622,8.291687
2,3091,0.00807735,0.01386665,2.80627299,0.05600287,2.51757870,2.57358157,0.23269141,8.291831
2,3092,0.00807835,0.01386450,2.80628685,0.05600115,2.51758910,2.57359025,0.23269660,8.291975
2,3093,0.00807935,0.01386236,2.80630072,0.05599943,2.51759950,2.57359893,0.23270178,8.292119
2,3094,0.00808035,0.01386022,2.80631458,0.05599772,2.51760980,2.57360752,0.23270706,8.292266
2,3095,0.00808135,0.01385808,2.80632844,0.05599600,2.51762020,2.57361620,0.23271224,8.292409
2,3096,0.00808235,0.01385594,2.80634229,0.05599428,2.51763060,2.57362488,0.23271741,8.292553
2,3097,0.00808335,0.01385381,2.80635615,0.05599257,2.51764100,2.57363357,0.23272258,8.292696
2,3098,0.00808435,0.01385167,2.80637000,0.05599086,2.51765140,2.57364226,0.23272774,8.292839
2,3099,0.00808535,0.01384953,2.80638385,0.05598915,2.51766180,2.57365095,0.23273291,8.292982
2,3100,0.00808635,0.01384740,2.80639770,0.05598744,2.51767220,2.57365964,0.23273806,8.293125
2,3101,0.00808735,0.01384526,2.80641155,0.05598573,2.51768250,2.57366823,0.23274332,8.293271
2,3102,0.00808835,0.01384313,2.80642539,0.05598402,2.51769290,2.57367692,0.23274847,8.293414
2,3103,0.00808935,0.01384099,2.80643923,0.05598232,2.51770330,2.57368562,0.23275362,8.293556
2,3104,0.00809035,0.01383886,2.80645307,0.05598061,2.51771370,2.57369431,0.23275876,8.293699
2,3105,0.00809135,0.01383673,2.80646691,0.05597891,2.51772400,2.57370291,0.23276400,8.293844
2,3106,0.00809235,0.01383460,2.80648075,0.05597721,2.51773440,2.57371161,0.23276914,8.293987
2,3107,0.00809335,0.01383247,2.80649458,0.05597551,2.51774470,2.57372021,0.23277437,8.294132
2,3108,0.00809435,0.01383034,2.80650841,0.05597381,2.51775510,2.57372891,0.23277950,8.294274
2,3109,0.00809535,0.01382821,2.80652224,0.05597211,2.51776550,2.57373761,0.23278463,8.294416
2,3110,0.00809635,0.01382609,2.80653607,0.05597042,2.51777580,2.57374622,0.23278985,8.294561
2,3111,0.00809735,0.01382396,2.80654989,0.05596872,2.51778620,2.57375492,0.23279497,8.294703
2,3112,0.00809835,0.01382184,2.80656372,0.05596703,2.51779650,2.57376353,0.23280019,8.294848
2,3113,0.00809935,0.01381971,2.80657754,0.05596534,2.51780690,2.57377224,0.23280530,8.294989
2,3114,0.00810035,0.01381759,2.80659136,0.05596365,2.51781720,2.57378085,0.23281051,8.295134
2,3115,0.00810135,0.01381547,2.80660517,0.05596196,2.51782750,2.57378946,0.23281571,8.295278
2,3116,0.00810235,0.01381335,2.80661899,0.05596027,2.51783790,2.57379817,0.23282081,8.295419
2,3117,0.00810335,0.01381122,2.80663280,0.05595859,2.51784820,2.57380679,0.23282601,8.295564
2,3118,0.00810435,0.01380911,2.80664661,0.05595690,2.51785850,2.57381540,0.23283121,8.295708
2,3119,0.00810535,0.01380699,2.80666042,0.05595522,2.51786890,2.57382412,0.23283630,8.295849
2,3120,0.00810635,0.01380487,2.80667422,0.05595354,2.51787920,2.57383274,0.23284148,8.295993
2,3121,0.00810735,0.01380275,2.80668803,0.05595186,2.51788950,2.57384136,0.23284667,8.296136
2,3122,0.00810835,0.01380063,2.80670183,0.05595018,2.51789990,2.57385008,0.23285175,8.296277
2,3123,0.00810935,0.01379852,2.80671563,0.05594850,2.51791020,2.57385870,0.23285693,8.296420
2,3124,0.00811035,0.01379640,2.80672943,0.05594682,2.51792050,2.57386733,0.23286210,8.296564
2,3125,0.00811135,0.01379429,2.80674322,0.05594515,2.51793080,2.57387595,0.23286727,8.296707
2,3126,0.00811235,0.01379218,2.80675701,0.05594348,2.51794110,2.57388458,0.23287244,8.296851
2,3127,0.00811335,0.01379007,2.80677081,0.05594180,2.51795140,2.57389321,0.23287760,8.296994
2,3128,0.00811435,0.01378795,2.80678459,0.05594013,2.51796170,2.57390183,0.23288276,8.297137
2,3129,0.00811535,0.01378584,2.80679838,0.05593846,2.51797200,2.57391046,0.23288792,8.297280
2,3130,0.00811635,0.01378373,2.80681217,0.05593680,2.51798230,2.57391910,0.23289307,8.297423
2,3131,0.00811735,0.01378163,2.80682595,0.05593513,2.51799260,2.57392773,0.23289822,8.297565
2,3132,0.00811835,0.01377952,2.80683973,0.05593347,2.51800290,2.57393636,0.23290336,8.297708
2,3133,0.00811935,0.01377741,2.80685351,0.05593180,2.51801320,2.57394500,0.23290851,8.297850
2,3134,0.00812035,0.01377530,2.80686728,0.05593014,2.51802350,2.57395364,0.23291364,8.297993
2,3135,0.00812135,0.01377320,2.80688106,0.05592848,2.51803380,2.57396228,0.23291878,8.298135
2,3136,0.00812235,0.01377109,2.80689483,0.05592681,2.51804410,2.57397091,0.23292392,8.298278
2,3137,0.00812335,0.01376898,2.80690860,0.05592513,2.51805440,2.57397953,0.23292907,8.298420
2,3138,0.00812435,0.01376688,2.80692237,0.05592346,2.51806470,2.57398816,0.23293421,8.298563
2,3139,0.00812535,0.01376477,2.80693613,0.05592179,2.51807500,2.57399679,0.23293935,8.298705
2,3140,0.00812635,0.01376267,2.80694990,0.05592012,2.51808530,2.57400542,0.23294448,8.298847
2,3141,0.00812735,0.01376056,2.80696366,0.05591845,2.51809560,2.57401405,0.23294961,8.298989
2,3142,0.00812835,0.01375846,2.80697742,0.05591678,2.51810590,2.57402268,0.23295474,8.299131
2,3143,0.00812935,0.01375636,2.80699118,0.05591511,2.51811620,2.57403131,0.23295986,8.299273
2,3144,0.00813035,0.01375426,2.80700493,0.05591345,2.51812650,2.57403995,0.23296498,8.299415
2,3145,0.00813135,0.01375216,2.80701868,0.05591179,2.51813680,2.57404859,0.23297009,8.299556
2,3146,0.00813235,0.01375006,2.80703244,0.05591013,2.51814710,2.57405723,0.23297520,8.299698
2,3147,0.00813335,0.01374796,2.80704619,0.05590848,2.51815740,2.57406588,0.23298031,8.299839
2,3148,0.00813435,0.01374586,2.80705993,0.05590682,2.51816770,2.57407452,0.23298541,8.299980
2,3149,0.00813535,0.01374377,2.80707368,0.05590517,2.51817790,2.57408307,0.23299061,8.300124
2,3150,0.00813635,0.01374167,2.80708742,0.05590352,2.51818820,2.57409172,0.23299570,8.300265
2,3151,0.00813735,0.01373958,2.80710116,0.05590187,2.51819850,2.57410037,0.23300079,8.300406
2,3152,0.00813835,0.01373748,2.80711490,0.05590022,2.51820880,2.57410902,0.23300588,8.300547
2,3153,0.00813935,0.01373539,2.80712864,0.05589857,2.51821900,2.57411757,0.23301107,8.300691
2,3154,0.00814035,0.01373330,2.80714237,0.05589692,2.51822930,2.57412622,0.23301615,8.300831
2,3155,0.00814135,0.01373121,2.80715610,0.05589528,2.51823960,2.57413488,0.23302122,8.300971
2,3156,0.00814235,0.01372912,2.80716983,0.05589363,2.51824980,2.57414343,0.23302640,8.301115
2,3157,0.00814335,0.01372703,2.80718356,0.05589199,2.51826010,2.57415209,0.23303147,8.301255
2,3158,0.00814435,0.01372494,2.80719729,0.05589035,2.51827030,2.57416065,0.23303663,8.301399
2,3159,0.00814535,0.01372285,2.80721101,0.05588871,2.51828060,2.57416931,0.23304170,8.301538
2,3160,0.00814635,0.01372077,2.80722473,0.05588708,2.51829080,2.57417787,0.23304686,8.301682
2,3161,0.00814735,0.01371868,2.80723845,0.05588544,2.51830110,2.57418654,0.23305191,8.301821
2,3162,0.00814835,0.01371659,2.80725217,0.05588380,2.51831130,2.57419510,0.23305706,8.301964
2,3163,0.00814935,0.01371451,2.80726588,0.05588217,2.51832160,2.57420377,0.23306211,8.302103
2,3164,0.00815035,0.01371243,2.80727960,0.05588054,2.51833180,2.57421234,0.23306726,8.302246
2,3165,0.00815135,0.01371035,2.80729331,0.05587891,2.51834210,2.57422101,0.23307230,8.302385
2,3166,0.00815235,0.01370826,2.80730702,0.05587728,2.51835230,2.57422958,0.23307744,8.302528
2,3167,0.00815335,0.01370618,2.80732073,0.05587565,2.51836250,2.57423815,0.23308258,8.302670
2,3168,0.00815435,0.01370410,2.80733443,0.05587402,2.51837280,2.57424682,0.23308761,8.302809
2,3169,0.00815535,0.01370202,2.80734813,0.05587240,2.51838300,2.57425540,0.23309274,8.302951
2,3170,0.00815635,0.01369995,2.80736184,0.05587077,2.51839320,2.57426397,0.23309786,8.303093
2,3171,0.00815735,0.01369787,2.80737553,0.05586915,2.51840340,2.57427255,0.23310298,8.303235
2,3172,0.00815835,0.01369579,2.80738923,0.05586753,2.51841370,2.57428123,0.23310800,8.303373
2,3173,0.00815935,0.01369372,2.80740293,0.05586591,2.51842390,2.57428981,0.23311312,8.303515
2,3174,0.00816035,0.01369164,2.80741662,0.05586429,2.51843410,2.57429839,0.23311823,8.303656
2,3175,0.00816135,0.01368957,2.80743031,0.05586267,2.51844430,2.57430697,0.23312333,8.303798
2,3176,0.00816235,0.01368750,2.80744400,0.05586106,2.51845450,2.57431556,0.23312844,8.303939
2,3177,0.00816335,0.01368542,2.80745768,0.05585944,2.51846470,2.57432414,0.23313354,8.304080
2,3178,0.00816435,0.01368335,2.80747137,0.05585783,2.51847490,2.57433273,0.23313864,8.304221
2,3179,0.00816535,0.01368128,2.80748505,0.05585622,2.51848510,2.57434132,0.23314373,8.304362
2,3180,0.00816635,0.01367921,2.80749873,0.05585461,2.51849530,2.57434991,0.23314882,8.304503
2,3181,0.00816735,0.01367714,2.80751241,0.05585300,2.51850550,2.57435850,0.23315391,8.304644
2,3182,0.00816835,0.01367508,2.80752609,0.05585139,2.51851570,2.57436709,0.23315899,8.304784
2,3183,0.00816935,0.01367301,2.80753976,0.05584979,2.51852590,2.57437569,0.23316407,8.304925
2,3184,0.00817035,0.01367094,2.80755343,0.05584818,2.51853610,2.57438428,0.23316915,8.305065
2,3185,0.00817135,0.01366888,2.80756710,0.05584658,2.51854630,2.57439288,0.23317422,8.305206
2,3186,0.00817235,0.01366681,2.80758077,0.05584498,2.51855650,2.57440148,0.23317929,8.305346
2,3187,0.00817335,0.01366475,2.80759443,0.05584338,2.51856670,2.57441008,0.23318436,8.305486
2,3188,0.00817435,0.01366269,2.80760810,0.05584178,2.51857680,2.57441858,0.23318952,8.305629
2,3189,0.00817535,0.01366062,2.80762176,0.05584018,2.51858700,2.57442718,0.23319458,8.305769
2,3190,0.00817635,0.01365856,2.80763542,0.05583859,2.51859720,2.57443579,0.23319963,8.305909
2,3191,0.00817735,0.01365650,2.80764908,0.05583699,2.51860740,2.57444439,0.23320469,8.306048
2,3192,0.00817835,0.01365444,2.80766273,0.05583540,2.51861750,2.57445290,0.23320983,8.306191
2,3193,0.00817935,0.01365238,2.80767639,0.05583381,2.51862770,2.57446151,0.23321488,8.306330
2,3194,0.00818035,0.01365033,2.80769004,0.05583222,2.51863790,2.57447012,0.23321992,8.306470
2,3195,0.00818135,0.01364827,2.80770369,0.05583063,2.51864800,2.57447863,0.23322506,8.306612
2,3196,0.00818235,0.01364621,2.80771733,0.05582904,2.51865820,2.57448724,0.23323009,8.306751
2,3197,0.00818335,0.01364416,2.80773098,0.05582745,2.51866830,2.57449575,0.23323523,8.306894
2,3198,0.00818435,0.01364210,2.80774462,0.05582587,2.51867850,2.57450437,0.23324025,8.307032
2,3199,0.00818535,0.01364005,2.80775826,0.05582428,2.51868870,2.57451298,0.23324528,8.307171
2,3200,0.00818635,0.01363800,2.80777190,0.05582270,2.51869880,2.57452150,0.23325040,8.307313
2,3201,0.00818735,0.01363595,2.80778554,0.05582112,2.51870890,2.57453002,0.23325552,8.307455
2,3202,0.00818835,0.01363389,2.80779917,0.05581954,2.51871910,2.57453864,0.23326053,8.307593
2,3203,0.00818935,0.01363184,2.80781281,0.05581796,2.51872920,2.57454716,0.23326564,8.307735
2,3204,0.00819035,0.01362980,2.80782644,0.05581639,2.51873940,2.57455579,0.23327065,8.307873
2,3205,0.00819135,0.01362775,2.80784007,0.05581481,2.51874950,2.57456431,0.23327575,8.308014
2,3206,0.00819235,0.01362570,2.80785369,0.05581324,2.51875960,2.57457284,0.23328086,8.308156
2,3207,0.00819335,0.01362365,2.80786732,0.05581167,2.51876980,2.57458147,0.23328585,8.308293
2,3208,0.00819435,0.01362161,2.80788094,0.05581010,2.51877990,2.57458999,0.23329095,8.308434
2,3209,0.00819535,0.01361956,2.80789456,0.05580852,2.51879000,2.57459852,0.23329604,8.308575
2,3210,0.00819635,0.01361752,2.80790818,0.05580696,2.51880020,2.57460716,0.23330102,8.308713
2,3211,0.00819735,0.01361547,2.80792180,0.05580539,2.51881030,2.57461569,0.23330611,8.308853
2,3212,0.00819835,0.01361343,2.80793541,0.05580382,2.51882040,2.57462422,0.23331119,8.308994
2,3213,0.00819935,0.01361139,2.80794902,0.05580226,2.51883050,2.57463276,0.23331626,8.309135
2,3214,0.00820035,0.01360935,2.80796263,0.05580070,2.51884060,2.57464130,0.23332134,8.309275
2,3215,0.00820135,0.01360731,2.80797624,0.05579914,2.51885070,2.57464984,0.23332640,8.309415
2,3216,0.00820235,0.01360527,2.80798985,0.05579758,2.51886090,2.57465848,0.23333137,8.309552
2,3217,0.00820335,0.01360323,2.80800345,0.05579602,2.51887100,2.57466702,0.23333643,8.309692
2,3218,0.00820435,0.01360119,2.80801705,0.05579446,2.51888110,2.57467556,0.23334149,8.309832
2,3219,0.00820535,0.01359915,2.80803065,0.05579290,2.51889120,2.57468411,0.23334655,8.309972
2,3220,0.00820635,0.01359712,2.80804425,0.05579135,2.51890130,2.57469265,0.23335160,8.310111
2,3221,0.00820735,0.01359508,2.80805785,0.05578980,2.51891140,2.57470120,0.23335665,8.310251
2,3222,0.00820835,0.01359304,2.80807144,0.05578822,2.51892150,2.57470972,0.23336172,8.310391
2,3223,0.00820935,0.01359100,2.80808504,0.05578664,2.51893160,2.57471824,0.23336680,8.310532
2,3224,0.00821035,0.01358896,2.80809863,0.05578506,2.51894170,2.57472676,0.23337187,8.310672
2,3225,0.00821135,0.01358692,2.80811221,0.05578348,2.51895180,2.57473528,0.23337693,8.310812
2,3226,0.00821235,0.01358488,2.80812580,0.05578190,2.51896190,2.57474380,0.23338200,8.310952
2,3227,0.00821335,0.01358285,2.80813938,0.05578033,2.51897200,2.57475233,0.23338706,8.311092
2,3228,0.00821435,0.01358081,2.80815296,0.05577875,2.51898210,2.57476085,0.23339211,8.311232
2,3229,0.00821535,0.01357877,2.80816654,0.05577718,2.51899220,2.57476938,0.23339717,8.311372
2,3230,0.00821635,0.01357674,2.80818012,0.05577561,2.51900230,2.57477791,0.23340222,8.311512
2,3231,0.00821735,0.01357470,2.80819370,0.05577404,2.51901240,2.57478644,0.23340726,8.311651
2,3232,0.00821835,0.01357267,2.80820727,0.05577247,2.51902250,2.57479497,0.23341230,8.311790
2,3233,0.00821935,0.01357064,2.80822084,0.05577090,2.51903260,2.57480350,0.23341734,8.311930
2,3234,0.00822035,0.01356860,2.80823441,0.05576933,2.51904270,2.57481203,0.23342238,8.312069
2,3235,0.00822135,0.01356657,2.80824798,0.05576777,2.51905270,2.57482047,0.23342751,8.312212
2,3236,0.00822235,0.01356454,2.80826155,0.05576620,2.51906280,2.57482900,0.23343254,8.312350
2,3237,0.00822335,0.01356251,2.80827511,0.05576464,2.51907290,2.57483754,0.23343757,8.312489
2,3238,0.00822435,0.01356049,2.80828867,0.05576308,2.51908300,2.57484608,0.23344259,8.312628
2,3239,0.00822535,0.01355846,2.80830223,0.05576152,2.51909300,2.57485452,0.23344771,8.312770
2,3240,0.00822635,0.01355643,2.80831579,0.05575997,2.51910310,2.57486307,0.23345272,8.312909
2,3241,0.00822735,0.01355441,2.80832934,0.05575841,2.51911320,2.57487161,0.23345773,8.313047
2,3242,0.00822835,0.01355238,2.80834290,0.05575685,2.51912320,2.57488005,0.23346284,8.313189
2,3243,0.00822935,0.01355036,2.80835645,0.05575530,2.51913330,2.57488860,0.23346785,8.313327
2,3244,0.00823035,0.01354833,2.80837000,0.05575375,2.51914340,2.57489715,0.23347285,8.313465
2,3245,0.00823135,0.01354631,2.80838354,0.05575220,2.51915340,2.57490560,0.23347795,8.313606
2,3246,0.00823235,0.01354429,2.80839709,0.05575065,2.51916350,2.57491415,0.23348294,8.313744
2,3247,0.00823335,0.01354226,2.80841063,0.05574910,2.51917350,2.57492260,0.23348803,8.313885
2,3248,0.00823435,0.01354024,2.80842417,0.05574755,2.51918360,2.57493115,0.23349302,8.314023
2,3249,0.00823535,0.01353823,2.80843771,0.05574601,2.51919360,2.57493961,0.23349811,8.314164
2,3250,0.00823635,0.01353621,2.80845125,0.05574446,2.51920370,2.57494816,0.23350309,8.314301
2,3251,0.00823735,0.01353419,2.80846479,0.05574292,2.51921370,2.57495662,0.23350817,8.314442
2,3252,0.00823835,0.01353214,2.80847832,0.05574123,2.51922380,2.57496503,0.23351329,8.314584
2,3253,0.00823935,0.01353006,2.80849185,0.05573946,2.51923400,2.57497346,0.23351839,8.314726
2,3254,0.00824035,0.01352799,2.80850538,0.05573769,2.51924420,2.57498189,0.23352349,8.314867
2,3255,0.00824135,0.01352592,2.80851891,0.05573592,2.51925430,2.57499022,0.23352868,8.315012
2,3256,0.00824235,0.01352385,2.80853243,0.05573415,2.51926450,2.57499865,0.23353378,8.315153
2,3257,0.00824335,0.01352177,2.80854595,0.05573235,2.51927470,2.57500705,0.23353890,8.315296
2,3258,0.00824435,0.01351970,2.80855947,0.05573056,2.51928490,2.57501546,0.23354402,8.315438
2,3259,0.00824535,0.01351762,2.80857299,0.05572876,2.51929500,2.57502376,0.23354923,8.315584
2,3260,0.00824635,0.01351555,2.80858651,0.05572697,2.51930520,2.57503217,0.23355434,8.315725
2,3261,0.00824735,0.01351348,2.80860002,0.05572517,2.51931540,2.57504057,0.23355945,8.315867
2,3262,0.00824835,0.01351140,2.80861354,0.05572338,2.51932560,2.57504898,0.23356456,8.316009
2,3263,0.00824935,0.01350933,2.80862705,0.05572159,2.51933570,2.57505729,0.23356976,8.316154
2,3264,0.00825035,0.01350726,2.80864056,0.05571980,2.51934590,2.57506570,0.23357486,8.316296
2,3265,0.00825135,0.01350519,2.80865406,0.05571801,2.51935610,2.57507411,0.23357995,8.316437
2,3266,0.00825235,0.01350312,2.80866757,0.05571623,2.51936620,2.57508242,0.23358514,8.316582
2,3267,0.00825335,0.01350105,2.80868107,0.05571444,2.51937640,2.57509084,0.23359023,8.316723
2,3268,0.00825435,0.01349898,2.80869457,0.05571265,2.51938650,2.57509916,0.23359541,8.316868
2,3269,0.00825535,0.01349691,2.80870807,0.05571087,2.51939670,2.57510757,0.23360049,8.317009
2,3270,0.00825635,0.01349485,2.80872156,0.05570909,2.51940680,2.57511589,0.23360568,8.317153
2,3271,0.00825735,0.01349265,2.80873506,0.05570677,2.51941730,2.57512407,0.23361098,8.317302
2,3272,0.00825835,0.01349043,2.80874855,0.05570432,2.51942780,2.57513212,0.23361643,8.317456
2,3273,0.00825935,0.01348820,2.80876204,0.05570189,2.51943840,2.57514029,0.23362174,8.317605
2,3274,0.00826035,0.01348599,2.80877552,0.05569950,2.51944890,2.57514840,0.23362712,8.317757
2,3275,0.00826135,0.01348378,2.80878901,0.05569711,2.51945930,2.57515641,0.23363259,8.317912
2,3276,0.00826235,0.01348157,2.80880249,0.05569473,2.51946980,2.57516452,0.23363797,8.318063
2,3277,0.00826335,0.01347936,2.80881597,0.05569234,2.51948030,2.57517264,0.23364334,8.318214
2,3278,0.00826435,0.01347715,2.80882945,0.05568995,2.51949080,2.57518075,0.23364870,8.318366
2,3279,0.00826535,0.01347495,2.80884293,0.05568756,2.51950130,2.57518886,0.23365407,8.318517
2,3280,0.00826635,0.01347274,2.80885640,0.05568518,2.51951180,2.57519698,0.23365942,8.318667
2,3281,0.00826735,0.01347053,2.80886987,0.05568279,2.51952230,2.57520509,0.23366478,8.318818
2,3282,0.00826835,0.01346832,2.80888334,0.05568040,2.51953280,2.57521320,0.23367014,8.318969
2,3283,0.00826935,0.01346612,2.80889681,0.05567804,2.51954320,2.57522124,0.23367557,8.319123
2,3284,0.00827035,0.01346392,2.80891027,0.05567568,2.51955370,2.57522938,0.23368090,8.319272
2,3285,0.00827135,0.01346173,2.80892374,0.05567332,2.51956420,2.57523752,0.23368622,8.319422
2,3286,0.00827235,0.01345953,2.80893720,0.05567096,2.51957470,2.57524566,0.23369153,8.319571
2,3287,0.00827335,0.01345733,2.80895066,0.05566861,2.51958520,2.57525381,0.23369685,8.319721
2,3288,0.00827435,0.01345514,2.80896411,0.05566626,2.51959570,2.57526196,0.23370216,8.319870
2,3289,0.00827535,0.01345294,2.80897757,0.05566390,2.51960610,2.57527000,0.23370756,8.320022
2,3290,0.00827635,0.01345075,2.80899102,0.05566155,2.51961660,2.57527815,0.23371286,8.320171
2,3291,0.00827735,0.01344856,2.80900447,0.05565920,2.51962710,2.57528630,0.23371816,8.320320
2,3292,0.00827835,0.01344637,2.80901791,0.05565686,2.51963750,2.57529436,0.23372356,8.320472
2,3293,0.00827935,0.01344417,2.80903136,0.05565451,2.51964800,2.57530251,0.23372885,8.320621
2,3294,0.00828035,0.01344199,2.80904480,0.05565216,2.51965850,2.57531066,0.23373414,8.320769
2,3295,0.00828135,0.01343979,2.80905824,0.05564979,2.51966890,2.57531869,0.23373955,8.320922
2,3296,0.00828235,0.01343757,2.80907168,0.05564732,2.51967950,2.57532682,0.23374486,8.321071
2,3297,0.00828335,0.01343535,2.80908512,0.05564485,2.51969000,2.57533485,0.23375027,8.321224
2,3298,0.00828435,0.01343313,2.80909855,0.05564238,2.51970050,2.57534288,0.23375567,8.321377
2,3299,0.00828535,0.01343092,2.80911199,0.05563991,2.51971100,2.57535092,0.23376107,8.321529
2,3300,0.00828635,0.01342870,2.80912541,0.05563745,2.51972150,2.57535895,0.23376647,8.321681
2,3301,0.00828735,0.01342649,2.80913884,0.05563498,2.51973200,2.57536698,0.23377186,8.321834
2,3302,0.00828835,0.01342427,2.80915227,0.05563252,2.51974250,2.57537502,0.23377725,8.321986
2,3303,0.00828935,0.01342206,2.80916569,0.05563006,2.51975300,2.57538306,0.23378263,8.322138
2,3304,0.00829035,0.01341984,2.80917911,0.05562760,2.51976340,2.57539100,0.23378812,8.322293
2,3305,0.00829135,0.01341763,2.80919253,0.05562514,2.51977390,2.57539904,0.23379349,8.322445
2,3306,0.00829235,0.01341541,2.80920595,0.05562264,2.51978440,2.57540704,0.23379891,8.322598
2,3307,0.00829335,0.01341316,2.80921936,0.05562002,2.51979500,2.57541502,0.23380435,8.322751
2,3308,0.00829435,0.01341091,2.80923277,0.05561737,2.51980550,2.57542287,0.23380991,8.322910
2,3309,0.00829535,0.01340865,2.80924618,0.05561473,2.51981610,2.57543083,0.23381535,8.323064
2,3310,0.00829635,0.01340640,2.80925959,0.05561210,2.51982660,2.57543870,0.23382089,8.323221
2,3311,0.00829735,0.01340415,2.80927300,0.05560947,2.51983720,2.57544667,0.23382632,8.323375
2,3312,0.00829835,0.01340191,2.80928640,0.05560685,2.51984770,2.57545455,0.23383185,8.323532
2,3313,0.00829935,0.01339966,2.80929980,0.05560422,2.51985820,2.57546242,0.23383738,8.323689
2,3314,0.00830035,0.01339741,2.80931320,0.05560160,2.51986880,2.57547040,0.23384280,8.323842
2,3315,0.00830135,0.01339517,2.80932659,0.05559897,2.51987930,2.57547827,0.23384832,8.323999
2,3316,0.00830235,0.01339292,2.80933999,0.05559635,2.51988980,2.57548615,0.23385384,8.324156
2,3317,0.00830335,0.01339068,2.80935338,0.05559373,2.51990040,2.57549413,0.23385925,8.324309
2,3318,0.00830435,0.01338843,2.80936677,0.05559111,2.51991090,2.57550201,0.23386476,8.324465
2,3319,0.00830535,0.01338619,2.80938016,0.05558850,2.51992140,2.57550990,0.23387026,8.324621
2,3320,0.00830635,0.01338395,2.80939354,0.05558588,2.51993190,2.57551778,0.23387576,8.324777
2,3321,0.00830735,0.01338171,2.80940693,0.05558327,2.51994240,2.57552567,0.23388126,8.324934
2,3322,0.00830835,0.01337947,2.80942031,0.05558065,2.51995290,2.57553356,0.23388675,8.325089
2,3323,0.00830935,0.01337723,2.80943368,0.05557804,2.51996350,2.57554154,0.23389214,8.325242
2,3324,0.00831035,0.01337499,2.80944706,0.05557543,2.51997400,2.57554943,0.23389763,8.325397
2,3325,0.00831135,0.01337276,2.80946043,0.05557282,2.51998450,2.57555733,0.23390311,8.325553
2,3326,0.00831235,0.01337052,2.80947381,0.05557022,2.51999500,2.57556522,0.23390859,8.325708
2,3327,0.00831335,0.01336829,2.80948718,0.05556763,2.52000550,2.57557313,0.23391405,8.325863
2,3328,0.00831435,0.01336606,2.80950054,0.05556505,2.52001600,2.57558105,0.23391949,8.326017
2,3329,0.00831535,0.01336383,2.80951391,0.05556247,2.52002650,2.57558897,0.23392493,8.326171
2,3330,0.00831635,0.01336161,2.80952727,0.05555990,2.52003700,2.57559690,0.23393037,8.326325
2,3331,0.00831735,0.01335938,2.80954063,0.05555732,2.52004750,2.57560482,0.23393581,8.326479
2,3332,0.00831835,0.01335716,2.80955399,0.05555475,2.52005800,2.57561275,0.23394124,8.326633
2,3333,0.00831935,0.01335493,2.80956735,0.05555218,2.52006850,2.57562068,0.23394667,8.326786
2,3334,0.00832035,0.01335271,2.80958070,0.05554961,2.52007900,2.57562861,0.23395209,8.326940
2,3335,0.00832135,0.01335049,2.80959405,0.05554704,2.52008940,2.57563644,0.23395761,8.327097
2,3336,0.00832235,0.01334827,2.80960740,0.05554447,2.52009990,2.57564437,0.23396303,8.327250
2,3337,0.00832335,0.01334605,2.80962075,0.05554191,2.52011040,2.57565231,0.23396844,8.327403
2,3338,0.00832435,0.01334383,2.80963409,0.05553934,2.52012090,2.57566024,0.23397385,8.327556
2,3339,0.00832535,0.01334161,2.80964743,0.05553678,2.52013140,2.57566818,0.23397925,8.327709
2,3340,0.00832635,0.01333939,2.80966078,0.05553422,2.52014180,2.57567602,0.23398476,8.327865
2,3341,0.00832735,0.01333718,2.80967411,0.05553166,2.52015230,2.57568396,0.23399015,8.328018
2,3342,0.00832835,0.01333496,2.80968745,0.05552910,2.52016280,2.57569190,0.23399555,8.328170
2,3343,0.00832935,0.01333275,2.80970078,0.05552654,2.52017320,2.57569974,0.23400104,8.328326
2,3344,0.00833035,0.01333053,2.80971412,0.05552399,2.52018370,2.57570769,0.23400643,8.328478
2,3345,0.00833135,0.01332832,2.80972744,0.05552144,2.52019420,2.57571564,0.23401181,8.328630
2,3346,0.00833235,0.01332611,2.80974077,0.05551888,2.52020460,2.57572348,0.23401729,8.328786
2,3347,0.00833335,0.01332389,2.80975410,0.05551633,2.52021510,2.57573143,0.23402267,8.328938
2,3348,0.00833435,0.01332168,2.80976742,0.05551378,2.52022550,2.57573928,0.23402814,8.329093
2,3349,0.00833535,0.01331947,2.80978074,0.05551123,2.52023600,2.57574723,0.23403351,8.329245
2,3350,0.00833635,0.01331727,2.80979406,0.05550868,2.52024640,2.57575508,0.23403897,8.329400
2,3351,0.00833735,0.01331506,2.80980737,0.05550614,2.52025690,2.57576304,0.23404434,8.329551
2,3352,0.00833835,0.01331285,2.80982069,0.05550360,2.52026730,2.57577089,0.23404979,8.329706
2,3353,0.00833935,0.01331064,2.80983400,0.05550105,2.52027780,2.57577885,0.23405515,8.329857
2,3354,0.00834035,0.01330844,2.80984731,0.05549851,2.52028820,2.57578671,0.23406060,8.330011
2,3355,0.00834135,0.01330623,2.80986062,0.05549597,2.52029860,2.57579457,0.23406605,8.330166
2,3356,0.00834235,0.01330403,2.80987392,0.05549343,2.52030910,2.57580253,0.23407139,8.330316
2,3357,0.00834335,0.01330183,2.80988723,0.05549089,2.52031950,2.57581040,0.23407683,8.330471
2,3358,0.00834435,0.01329963,2.80990053,0.05548836,2.52032990,2.57581826,0.23408227,8.330625
2,3359,0.00834535,0.01329742,2.80991382,0.05548582,2.52034040,2.57582622,0.23408760,8.330775
2,3360,0.00834635,0.01329523,2.80992712,0.05548329,2.52035080,2.57583409,0.23409303,8.330929
2,3361,0.00834735,0.01329302,2.80994041,0.05548076,2.52036120,2.57584196,0.23409845,8.331082
2,3362,0.00834835,0.01329083,2.80995371,0.05547823,2.52037160,2.57584983,0.23410388,8.331236
2,3363,0.00834935,0.01328863,2.80996700,0.05547570,2.52038200,2.57585770,0.23410929,8.331389
2,3364,0.00835035,0.01328643,2.80998028,0.05547317,2.52039240,2.57586557,0.23411471,8.331543
2,3365,0.00835135,0.01328424,2.80999357,0.05547065,2.52040280,2.57587345,0.23412012,8.331696
2,3366,0.00835235,0.01328204,2.81000685,0.05546813,2.52041330,2.57588142,0.23412543,8.331845
2,3367,0.00835335,0.01327985,2.81002013,0.05546560,2.52042370,2.57588930,0.23413083,8.331998
2,3368,0.00835435,0.01327756,2.81003341,0.05546269,2.52043430,2.57589699,0.23413643,8.332158
2,3369,0.00835535,0.01327518,2.81004669,0.05545936,2.52044530,2.57590466,0.23414203,8.332318
2,3370,0.00835635,0.01327272,2.81005996,0.05545573,2.52045650,2.57591223,0.23414773,8.332482
2,3371,0.00835735,0.01327025,2.81007323,0.05545208,2.52046760,2.57591968,0.23415356,8.332650
2,3372,0.00835835,0.01326778,2.81008650,0.05544836,2.52047880,2.57592716,0.23415934,8.332816
2,3373,0.00835935,0.01326529,2.81009977,0.05544462,2.52049000,2.57593462,0.23416515,8.332984
2,3374,0.00836035,0.01326281,2.81011303,0.05544087,2.52050130,2.57594217,0.23417086,8.333147
2,3375,0.00836135,0.01326033,2.81012630,0.05543713,2.52051250,2.57594963,0.23417667,8.333315
2,3376,0.00836235,0.01325785,2.81013955,0.05543338,2.52052360,2.57595698,0.23418257,8.333485
2,3377,0.00836335,0.01325537,2.81015281,0.05542964,2.52053480,2.57596444,0.23418837,8.333652
2,3378,0.00836435,0.01325289,2.81016607,0.05542590,2.52054600,2.57597190,0.23419416,8.333819
2,3379,0.00836535,0.01325041,2.81017932,0.05542216,2.52055720,2.57597936,0.23419995,8.333986
2,3380,0.00836635,0.01324794,2.81019257,0.05541843,2.52056840,2.57598683,0.23420574,8.334153
2,3381,0.00836735,0.01324546,2.81020581,0.05541469,2.52057960,2.57599429,0.23421152,8.334319
2,3382,0.00836835,0.01324298,2.81021906,0.05541095,2.52059080,2.57600175,0.23421730,8.334486
2,3383,0.00836935,0.01324051,2.81023230,0.05540722,2.52060200,2.57600922,0.23422308,8.334652
2,3384,0.00837035,0.01323804,2.81024554,0.05540349,2.52061310,2.57601659,0.23422895,8.334822
2,3385,0.00837135,0.01323556,2.81025877,0.05539976,2.52062430,2.57602406,0.23423472,8.334988
2,3386,0.00837235,0.01323309,2.81027201,0.05539603,2.52063550,2.57603153,0.23424048,8.335153
2,3387,0.00837335,0.01323062,2.81028524,0.05539230,2.52064660,2.57603890,0.23424634,8.335323
2,3388,0.00837435,0.01322814,2.81029847,0.05538851,2.52065780,2.57604631,0.23425216,8.335490
2,3389,0.00837535,0.01322562,2.81031170,0.05538459,2.52066910,2.57605369,0.23425801,8.335659
2,3390,0.00837635,0.01322310,2.81032492,0.05538064,2.52068030,2.57606095,0.23426398,8.335832
2,3391,0.00837735,0.01322058,2.81033814,0.05537671,2.52069160,2.57606831,0.23426983,8.336002
2,3392,0.00837835,0.01321806,2.81035136,0.05537278,2.52070280,2.57607558,0.23427578,8.336174
2,3393,0.00837935,0.01321555,2.81036458,0.05536885,2.52071410,2.57608295,0.23428163,8.336343
2,3394,0.00838035,0.01321304,2.81037779,0.05536493,2.52072530,2.57609023,0.23428757,8.336515
2,3395,0.00838135,0.01321052,2.81039101,0.05536100,2.52073650,2.57609750,0.23429351,8.336687
2,3396,0.00838235,0.01320801,2.81040421,0.05535707,2.52074780,2.57610487,0.23429934,8.336856
2,3397,0.00838335,0.01320550,2.81041742,0.05535315,2.52075900,2.57611215,0.23430527,8.337027
2,3398,0.00838435,0.01320299,2.81043063,0.05534923,2.52077020,2.57611943,0.23431119,8.337199
2,3399,0.00838535,0.01320048,2.81044383,0.05534531,2.52078150,2.57612681,0.23431702,8.337367
2,3400,0.00838635,0.01319797,2.81045703,0.05534141,2.52079270,2.57613411,0.23432292,8.337538
2,3401,0.00838735,0.01319548,2.81047022,0.05533754,2.52080390,2.57614144,0.23432879,8.337707
2,3402,0.00838835,0.01319296,2.81048342,0.05533356,2.52081520,2.57614876,0.23433466,8.337877
2,3403,0.00838935,0.01319040,2.81049661,0.05532944,2.52082650,2.57615594,0.23434067,8.338052
2,3404,0.00839035,0.01318784,2.81050980,0.05532530,2.52083790,2.57616320,0.23434660,8.338224
2,3405,0.00839135,0.01318529,2.81052298,0.05532118,2.52084920,2.57617038,0.23435261,8.338399
2,3406,0.00839235,0.01318274,2.81053617,0.05531706,2.52086050,2.57617756,0.23435861,8.338573
2,3407,0.00839335,0.01318018,2.81054935,0.05531294,2.52087190,2.57618484,0.23436451,8.338744
2,3408,0.00839435,0.01317763,2.81056253,0.05530882,2.52088320,2.57619202,0.23437051,8.338918
2,3409,0.00839535,0.01317508,2.81057571,0.05530471,2.52089450,2.57619921,0.23437650,8.339092
2,3410,0.00839635,0.01317253,2.81058888,0.05530059,2.52090580,2.57620639,0.23438249,8.339266
2,3411,0.00839735,0.01316999,2.81060205,0.05529648,2.52091720,2.57621368,0.23438837,8.339436
2,3412,0.00839835,0.01316744,2.81061522,0.05529237,2.52092850,2.57622087,0.23439435,8.339610
2,3413,0.00839935,0.01316489,2.81062839,0.05528826,2.52093980,2.57622806,0.23440033,8.339784
2,3414,0.00840035,0.01316235,2.81064155,0.05528415,2.52095110,2.57623525,0.23440630,8.339957
2,3415,0.00840135,0.01315980,2.81065471,0.05528004,2.52096240,2.57624245,0.23441227,8.340130
2,3416,0.00840235,0.01315726,2.81066787,0.05527594,2.52097370,2.57624964,0.23441823,8.340303
2,3417,0.00840335,0.01315472,2.81068102,0.05527183,2.52098500,2.57625684,0.23442419,8.340476
2,3418,0.00840435,0.01315218,2.81069418,0.05526773,2.52099630,2.57626403,0.23443015,8.340649
2,3419,0.00840535,0.01314963,2.81070733,0.05526363,2.52100760,2.57627123,0.23443610,8.340822
2,3420,0.00840635,0.01314709,2.81072048,0.05525953,2.52101890,2.57627843,0.23444205,8.340995
2,3421,0.00840735,0.01314456,2.81073362,0.05525543,2.52103020,2.57628563,0.23444799,8.341167
2,3422,0.00840835,0.01314202,2.81074677,0.05525134,2.52104150,2.57629284,0.23445393,8.341339
2,3423,0.00840935,0.01313948,2.81075991,0.05524724,2.52105280,2.57630004,0.23445987,8.341512
2,3424,0.00841035,0.01313695,2.81077305,0.05524315,2.52106400,2.57630715,0.23446590,8.341687
2,3425,0.00841135,0.01313441,2.81078618,0.05523906,2.52107530,2.57631436,0.23447183,8.341859
2,3426,0.00841235,0.01313188,2.81079931,0.05523496,2.52108660,2.57632156,0.23447775,8.342031
2,3427,0.00841335,0.01312934,2.81081245,0.05523087,2.52109790,2.57632877,0.23448367,8.342203
2,3428,0.00841435,0.01312681,2.81082557,0.05522679,2.52110910,2.57633589,0.23448969,8.342378
2,3429,0.00841535,0.01312428,2.81083870,0.05522270,2.52112040,2.57634310,0.23449560,8.342549
2,3430,0.00841635,0.01312175,2.81085182,0.05521862,2.52113170,2.57635032,0.23450151,8.342720
2,3431,0.00841735,0.01311922,2.81086494,0.05521453,2.52114290,2.57635743,0.23450751,8.342895
2,3432,0.00841835,0.01311669,2.81087806,0.05521045,2.52115420,2.57636465,0.23451341,8.343066
2,3433,0.00841935,0.01311417,2.81089118,0.05520637,2.52116540,2.57637177,0.23451941,8.343240
2,3434,0.00842035,0.01311164,2.81090429,0.05520229,2.52117670,2.57637899,0.23452530,8.343411
2,3435,0.00842135,0.01310911,2.81091740,0.05519821,2.52118790,2.57638611,0.23453129,8.343585
2,3436,0.00842235,0.01310659,2.81093051,0.05519414,2.52119920,2.57639334,0.23453717,8.343756
2,3437,0.00842335,0.01310407,2.81094361,0.05519006,2.52121040,2.57640046,0.23454315,8.343929
2,3438,0.00842435,0.01310154,2.81095671,0.05518599,2.52122170,2.57640769,0.23454903,8.344100
2,3439,0.00842535,0.01309902,2.81096982,0.05518192,2.52123290,2.57641482,0.23455500,8.344273
2,3440,0.00842635,0.01309650,2.81098291,0.05517785,2.52124410,2.57642194,0.23456097,8.344447
2,3441,0.00842735,0.01309398,2.81099601,0.05517378,2.52125540,2.57642918,0.23456683,8.344616
2,3442,0.00842835,0.01309146,2.81100910,0.05516971,2.52126660,2.57643631,0.23457279,8.344789
2,3443,0.00842935,0.01308894,2.81102219,0.05516564,2.52127780,2.57644344,0.23457875,8.344963
2,3444,0.00843035,0.01308643,2.81103528,0.05516158,2.52128910,2.57645068,0.23458460,8.345132
2,3445,0.00843135,0.01308391,2.81104836,0.05515752,2.52130030,2.57645781,0.23459055,8.345305
2,3446,0.00843235,0.01308140,2.81106145,0.05515345,2.52131150,2.57646495,0.23459649,8.345477
2,3447,0.00843335,0.01307888,2.81107453,0.05514939,2.52132270,2.57647209,0.23460243,8.345650
2,3448,0.00843435,0.01307637,2.81108760,0.05514533,2.52133390,2.57647923,0.23460837,8.345822
2,3449,0.00843535,0.01307386,2.81110068,0.05514128,2.52134520,2.57648648,0.23461420,8.345991
2,3450,0.00843635,0.01307135,2.81111375,0.05513722,2.52135640,2.57649362,0.23462013,8.346163
2,3451,0.00843735,0.01306884,2.81112682,0.05513317,2.52136760,2.57650077,0.23462606,8.346335
2,3452,0.00843835,0.01306633,2.81113989,0.05512911,2.52137880,2.57650791,0.23463198,8.346507
2,3453,0.00843935,0.01306382,2.81115295,0.05512506,2.52139000,2.57651506,0.23463789,8.346678
2,3454,0.00844035,0.01306131,2.81116602,0.05512101,2.52140120,2.57652221,0.23464381,8.346850
2,3455,0.00844135,0.01305880,2.81117908,0.05511696,2.52141240,2.57652936,0.23464972,8.347021
2,3456,0.00844235,0.01305630,2.81119213,0.05511291,2.52142360,2.57653651,0.23465562,8.347193
2,3457,0.00844335,0.01305379,2.81120519,0.05510887,2.52143470,2.57654357,0.23466162,8.347367
2,3458,0.00844435,0.01305129,2.81121824,0.05510483,2.52144590,2.57655073,0.23466752,8.347538
2,3459,0.00844535,0.01304879,2.81123129,0.05510078,2.52145710,2.57655788,0.23467341,8.347709
2,3460,0.00844635,0.01304628,2.81124434,0.05509674,2.52146830,2.57656504,0.23467930,8.347880
2,3461,0.00844735,0.01304379,2.81125739,0.05509270,2.52147950,2.57657220,0.23468519,8.348050
2,3462,0.00844835,0.01304128,2.81127043,0.05508866,2.52149060,2.57657926,0.23469117,8.348224
2,3463,0.00844935,0.01303879,2.81128347,0.05508462,2.52150180,2.57658643,0.23469704,8.348395
2,3464,0.00845035,0.01303629,2.81129651,0.05508059,2.52151300,2.57659359,0.23470292,8.348565
2,3465,0.00845135,0.01303379,2.81130954,0.05507655,2.52152420,2.57660075,0.23470879,8.348735
2,3466,0.00845235,0.01303129,2.81132257,0.05507252,2.52153530,2.57660782,0.23471475,8.348909
2,3467,0.00845335,0.01302880,2.81133560,0.05506849,2.52154650,2.57661499,0.23472061,8.349078
2,3468,0.00845435,0.01302630,2.81134863,0.05506446,2.52155760,2.57662206,0.23472657,8.349252
2,3469,0.00845535,0.01302381,2.81136166,0.05506043,2.52156880,2.57662923,0.23473242,8.349421
2,3470,0.00845635,0.01302132,2.81137468,0.05505641,2.52157990,2.57663631,0.23473837,8.349594
2,3471,0.00845735,0.01301883,2.81138770,0.05505238,2.52159110,2.57664348,0.23474422,8.349763
2,3472,0.00845835,0.01301634,2.81140072,0.05504836,2.52160220,2.57665056,0.23475016,8.349936
2,3473,0.00845935,0.01301385,2.81141373,0.05504433,2.52161340,2.57665773,0.23475600,8.350105
2,3474,0.00846035,0.01301136,2.81142674,0.05504031,2.52162450,2.57666481,0.23476193,8.350277
2,3475,0.00846135,0.01300881,2.81143975,0.05503604,2.52163590,2.57667194,0.23476782,8.350448
2,3476,0.00846235,0.01300613,2.81145276,0.05503121,2.52164750,2.57667871,0.23477405,8.350631
2,3477,0.00846335,0.01300332,2.81146577,0.05502583,2.52165950,2.57668533,0.23478043,8.350820
2,3478,0.00846435,0.01300048,2.81147877,0.05502029,2.52167150,2.57669179,0.23478697,8.351014
2,3479,0.00846535,0.01299765,2.81149177,0.05501480,2.52168350,2.57669830,0.23479346,8.351206
2,3480,0.00846635,0.01299480,2.81150476,0.05500928,2.52169560,2.57670488,0.23479989,8.351396
2,3481,0.00846735,0.01299197,2.81151776,0.05500376,2.52170760,2.57671136,0.23480640,8.351589
2,3482,0.00846835,0.01298913,2.81153075,0.05499823,2.52171960,2.57671783,0.23481291,8.351782
2,3483,0.00846935,0.01298629,2.81154373,0.05499271,2.52173160,2.57672431,0.23481943,8.351975
2,3484,0.00847035,0.01298345,2.81155672,0.05498718,2.52174360,2.57673078,0.23482594,8.352168
2,3485,0.00847135,0.01298061,2.81156970,0.05498166,2.52175560,2.57673726,0.23483244,8.352361
2,3486,0.00847235,0.01297779,2.81158268,0.05497617,2.52176770,2.57674387,0.23483881,8.352549
2,3487,0.00847335,0.01297496,2.81159566,0.05497069,2.52177970,2.57675039,0.23484527,8.352740
2,3488,0.00847435,0.01297214,2.81160863,0.05496521,2.52179170,2.57675691,0.23485172,8.352931
2,3489,0.00847535,0.01296931,2.81162160,0.05495973,2.52180380,2.57676353,0.23485807,8.353118
2,3490,0.00847635,0.01296649,2.81163457,0.05495425,2.52181580,2.57677005,0.23486452,8.353309
2,3491,0.00847735,0.01296367,2.81164753,0.05494878,2.52182780,2.57677658,0.23487096,8.353499
2,3492,0.00847835,0.01296085,2.81166050,0.05494330,2.52183980,2.57678310,0.23487740,8.353690
2,3493,0.00847935,0.01295803,2.81167346,0.05493783,2.52185190,2.57678973,0.23488373,8.353877
2,3494,0.00848035,0.01295521,2.81168641,0.05493235,2.52186390,2.57679625,0.23489016,8.354067
2,3495,0.00848135,0.01295239,2.81169937,0.05492688,2.52187590,2.57680278,0.23489659,8.354257
2,3496,0.00848235,0.01294958,2.81171232,0.05492141,2.52188790,2.57680931,0.23490301,8.354447
2,3497,0.00848335,0.01294676,2.81172527,0.05491594,2.52189990,2.57681584,0.23490943,8.354637
2,3498,0.00848435,0.01294394,2.81173821,0.05491047,2.52191190,2.57682237,0.23491584,8.354826
2,3499,0.00848535,0.01294113,2.81175115,0.05490500,2.52192390,2.57682890,0.23492225,8.355016
2,3500,0.00848635,0.01293832,2.81176409,0.05489953,2.52193590,2.57683543,0.23492866,8.355205
2,3501,0.00848735,0.01293550,2.81177703,0.05489407,2.52194790,2.57684197,0.23493506,8.355394
2,3502,0.00848835,0.01293269,2.81178996,0.05488860,2.52195990,2.57684850,0.23494146,8.355584
2,3503,0.00848935,0.01292988,2.81180290,0.05488314,2.52197190,2.57685504,0.23494786,8.355773
2,3504,0.00849035,0.01292707,2.81181582,0.05487767,2.52198390,2.57686157,0.23495425,8.355962
2,3505,0.00849135,0.01292426,2.81182875,0.05487221,2.52199590,2.57686811,0.23496064,8.356150
2,3506,0.00849235,0.01292145,2.81184167,0.05486675,2.52200780,2.57687455,0.23496712,8.356343
2,3507,0.00849335,0.01291865,2.81185459,0.05486129,2.52201980,2.57688109,0.23497351,8.356531
2,3508,0.00849435,0.01291584,2.81186751,0.05485583,2.52203180,2.57688763,0.23497988,8.356720
2,3509,0.00849535,0.01291303,2.81188042,0.05485037,2.52204380,2.57689417,0.23498626,8.356908
2,3510,0.00849635,0.01291023,2.81189334,0.05484491,2.52205570,2.57690061,0.23499273,8.357100
2,3511,0.00849735,0.01290743,2.81190624,0.05483945,2.52206770,2.57690715,0.23499909,8.357288
2,3512,0.00849835,0.01290462,2.81191915,0.05483400,2.52207970,2.57691370,0.23500545,8.357476
2,3513,0.00849935,0.01290182,2.81193205,0.05482854,2.52209160,2.57692014,0.23501191,8.357667
2,3514,0.00850035,0.01289902,2.81194495,0.05482309,2.52210360,2.57692669,0.23501827,8.357854
2,3515,0.00850135,0.01289622,2.81195785,0.05481763,2.52211560,2.57693323,0.23502462,8.358042
2,3516,0.00850235,0.01289342,2.81197075,0.05481218,2.52212750,2.57693968,0.23503107,8.358233
2,3517,0.00850335,0.01289062,2.81198364,0.05480673,2.52213950,2.57694623,0.23503741,8.358420
2,3518,0.00850435,0.01288782,2.81199653,0.05480128,2.52215140,2.57695268,0.23504385,8.358611
2,3519,0.00850535,0.01288503,2.81200941,0.05479583,2.52216340,2.57695923,0.23505019,8.358798
2,3520,0.00850635,0.01288223,2.81202230,0.05479038,2.52217530,2.57696568,0.23505662,8.358988
2,3521,0.00850735,0.01287944,2.81203518,0.05478493,2.52218720,2.57697213,0.23506305,8.359179
2,3522,0.00850835,0.01287664,2.81204806,0.05477949,2.52219920,2.57697869,0.23506937,8.359365
2,3523,0.00850935,0.01287385,2.81206093,0.05477404,2.52221110,2.57698514,0.23507579,8.359555
2,3524,0.00851035,0.01287106,2.81207380,0.05476860,2.52222310,2.57699170,0.23508211,8.359742
2,3525,0.00851135,0.01286827,2.81208667,0.05476315,2.52223500,2.57699815,0.23508852,8.359932
2,3526,0.00851235,0.01286547,2.81209954,0.05475771,2.52224690,2.57700461,0.23509493,8.360121
2,3527,0.00851335,0.01286269,2.81211241,0.05475227,2.52225880,2.57701107,0.23510134,8.360311
2,3528,0.00851435,0.01285989,2.81212527,0.05474678,2.52227080,2.57701758,0.23510769,8.360498
2,3529,0.00851535,0.01285708,2.81213812,0.05474125,2.52228270,2.57702395,0.23511418,8.360691
2,3530,0.00851635,0.01285427,2.81215098,0.05473571,2.52229470,2.57703041,0.23512057,8.360880
2,3531,0.00851735,0.01285146,2.81216383,0.05473018,2.52230660,2.57703678,0.23512705,8.361072
2,3532,0.00851835,0.01284865,2.81217668,0.05472465,2.52231860,2.57704325,0.23513344,8.361261
2,3533,0.00851935,0.01284584,2.81218953,0.05471912,2.52233050,2.57704962,0.23513991,8.361453
2,3534,0.00852035,0.01284304,2.81220238,0.05471359,2.52234240,2.57705599,0.23514639,8.361645
2,3535,0.00852135,0.01284023,2.81221522,0.05470806,2.52235440,2.57706246,0.23515276,8.361834
2,3536,0.00852235,0.01283743,2.81222806,0.05470253,2.52236630,2.57706883,0.23515922,8.362025
2,3537,0.00852335,0.01283463,2.81224089,0.05469700,2.52237820,2.57707520,0.23516569,8.362217
2,3538,0.00852435,0.01283182,2.81225372,0.05469148,2.52239020,2.57708168,0.23517205,8.362405
2,3539,0.00852535,0.01282902,2.81226656,0.05468595,2.52240210,2.57708805,0.23517850,8.362596
2,3540,0.00852635,0.01282622,2.81227938,0.05468043,2.52241400,2.57709443,0.23518495,8.362788
2,3541,0.00852735,0.01282342,2.81229221,0.05467491,2.52242590,2.57710081,0.23519140,8.362979
2,3542,0.00852835,0.01282063,2.81230503,0.05466938,2.52243780,2.57710718,0.23519785,8.363170
2,3543,0.00852935,0.01281783,2.81231785,0.05466386,2.52244980,2.57711366,0.23520419,8.363357
2,3544,0.00853035,0.01281503,2.81233067,0.05465834,2.52246170,2.57712004,0.23521062,8.363548
2,3545,0.00853135,0.01281223,2.81234348,0.05465282,2.52247360,2.57712642,0.23521706,8.363739
2,3546,0.00853235,0.01280944,2.81235629,0.05464730,2.52248550,2.57713280,0.23522349,8.363929
2,3547,0.00853335,0.01280665,2.81236910,0.05464179,2.52249740,2.57713919,0.23522991,8.364119
2,3548,0.00853435,0.01280385,2.81238190,0.05463627,2.52250930,2.57714557,0.23523633,8.364310
2,3549,0.00853535,0.01280106,2.81239471,0.05463075,2.52252120,2.57715195,0.23524275,8.364500
2,3550,0.00853635,0.01279827,2.81240751,0.05462524,2.52253310,2.57715834,0.23524917,8.364690
2,3551,0.00853735,0.01279545,2.81242030,0.05461961,2.52254500,2.57716461,0.23525569,8.364884
2,3552,0.00853835,0.01279261,2.81243310,0.05461390,2.52255700,2.57717090,0.23526220,8.365077
2,3553,0.00853935,0.01278978,2.81244589,0.05460818,2.52256900,2.57717718,0.23526871,8.365271
2,3554,0.00854035,0.01278694,2.81245868,0.05460247,2.52258090,2.57718337,0.23527531,8.365467
2,3555,0.00854135,0.01278411,2.81247146,0.05459676,2.52259290,2.57718966,0.23528180,8.365660
2,3556,0.00854235,0.01278127,2.81248424,0.05459105,2.52260490,2.57719596,0.23528829,8.365853
2,3557,0.00854335,0.01277844,2.81249702,0.05458535,2.52261680,2.57720215,0.23529487,8.366049
2,3558,0.00854435,0.01277561,2.81250980,0.05457964,2.52262880,2.57720844,0.23530136,8.366241
2,3559,0.00854535,0.01277278,2.81252258,0.05457394,2.52264070,2.57721464,0.23530794,8.366437
2,3560,0.00854635,0.01276995,2.81253535,0.05456824,2.52265270,2.57722094,0.23531441,8.366629
2,3561,0.00854735,0.01276712,2.81254812,0.05456253,2.52266460,2.57722713,0.23532098,8.366825
2,3562,0.00854835,0.01276430,2.81256088,0.05455683,2.52267660,2.57723343,0.23532745,8.367017
2,3563,0.00854935,0.01276147,2.81257364,0.05455113,2.52268850,2.57723963,0.23533401,8.367212
2,3564,0.00855035,0.01275865,2.81258640,0.05454543,2.52270040,2.57724583,0.23534057,8.367408
2,3565,0.00855135,0.01275582,2.81259916,0.05453973,2.52271240,2.57725213,0.23534703,8.367599
2,3566,0.00855235,0.01275300,2.81261192,0.05453404,2.52272430,2.57725834,0.23535358,8.367794
2,3567,0.00855335,0.01275017,2.81262467,0.05452834,2.52273620,2.57726454,0.23536013,8.367989
2,3568,0.00855435,0.01274735,2.81263742,0.05452265,2.52274820,2.57727085,0.23536657,8.368180
2,3569,0.00855535,0.01274453,2.81265016,0.05451695,2.52276010,2.57727705,0.23537311,8.368375
2,3570,0.00855635,0.01274171,2.81266290,0.05451126,2.52277200,2.57728326,0.23537965,8.368569
2,3571,0.00855735,0.01273889,2.81267565,0.05450556,2.52278390,2.57728946,0.23538618,8.368764
2,3572,0.00855835,0.01273607,2.81268838,0.05449987,2.52279580,2.57729567,0.23539271,8.368958
2,3573,0.00855935,0.01273325,2.81270112,0.05449418,2.52280780,2.57730198,0.23539914,8.369149
2,3574,0.00856035,0.01273044,2.81271385,0.05448849,2.52281970,2.57730819,0.23540566,8.369343
2,3575,0.00856135,0.01272762,2.81272658,0.05448280,2.52283160,2.57731440,0.23541218,8.369536
2,3576,0.00856235,0.01272481,2.81273930,0.05447711,2.52284350,2.57732061,0.23541869,8.369730
2,3577,0.00856335,0.01272199,2.81275203,0.05447143,2.52285540,2.57732683,0.23542520,8.369924
2,3578,0.00856435,0.01271918,2.81276475,0.05446574,2.52286730,2.57733304,0.23543171,8.370117
2,3579,0.00856535,0.01271637,2.81277747,0.05446006,2.52287920,2.57733926,0.23543821,8.370311
2,3580,0.00856635,0.01271355,2.81279018,0.05445437,2.52289110,2.57734547,0.23544471,8.370504
2,3581,0.00856735,0.01271074,2.81280289,0.05444869,2.52290300,2.57735169,0.23545120,8.370697
2,3582,0.00856835,0.01270793,2.81281560,0.05444301,2.52291490,2.57735791,0.23545770,8.370890
2,3583,0.00856935,0.01270512,2.81282831,0.05443733,2.52292670,2.57736402,0.23546428,8.371086
2,3584,0.00857035,0.01270232,2.81284101,0.05443165,2.52293860,2.57737025,0.23547077,8.371279
2,3585,0.00857135,0.01269951,2.81285371,0.05442596,2.52295050,2.57737647,0.23547725,8.371472
2,3586,0.00857235,0.01269670,2.81286641,0.05442029,2.52296240,2.57738269,0.23548372,8.371664
2,3587,0.00857335,0.01269390,2.81287911,0.05441461,2.52297430,2.57738891,0.23549020,8.371856
2,3588,0.00857435,0.01269109,2.81289180,0.05440893,2.52298610,2.57739503,0.23549677,8.372052
2,3589,0.00857535,0.01268829,2.81290449,0.05440326,2.52299800,2.57740126,0.23550323,8.372244
2,3590,0.00857635,0.01268549,2.81291718,0.05439758,2.52300990,2.57740748,0.23550969,8.372436
2,3591,0.00857735,0.01268269,2.81292986,0.05439191,2.52302170,2.57741361,0.23551625,8.372631
2,3592,0.00857835,0.01267988,2.81294254,0.05438624,2.52303360,2.57741984,0.23552271,8.372823
2,3593,0.00857935,0.01267709,2.81295522,0.05438060,2.52304550,2.57742610,0.23552912,8.373013
2,3594,0.00858035,0.01267431,2.81296790,0.05437499,2.52305730,2.57743229,0.23553561,8.373206
2,3595,0.00858135,0.01267151,2.81298057,0.05436931,2.52306920,2.57743851,0.23554206,8.373398
2,3596,0.00858235,0.01266867,2.81299324,0.05436346,2.52308120,2.57744466,0.23554858,8.373592
2,3597,0.00858335,0.01266582,2.81300591,0.05435757,2.52309320,2.57745078,0.23555513,8.373787
2,3598,0.00858435,0.01266297,2.81301857,0.05435169,2.52310520,2.57745689,0.23556168,8.373982
2,3599,0.00858535,0.01266004,2.81303123,0.05434545,2.52311750,2.57746295,0.23556829,8.374180
2,3600,0.00858635,0.01265711,2.81304389,0.05433916,2.52312980,2.57746896,0.23557493,8.374378
2,3601,0.00858735,0.01265417,2.81305655,0.05433289,2.52314210,2.57747499,0.23558156,8.374576
2,3602,0.00858835,0.01265124,2.81306920,0.05432662,2.52315430,2.57748093,0.23558827,8.374777
2,3603,0.00858935,0.01264831,2.81308185,0.05432036,2.52316660,2.57748696,0.23559489,8.374974
2,3604,0.00859035,0.01264538,2.81309450,0.05431410,2.52317890,2.57749300,0.23560150,8.375172
2,3605,0.00859135,0.01264245,2.81310714,0.05430784,2.52319110,2.57749894,0.23560820,8.375373
2,3606,0.00859235,0.01263948,2.81311978,0.05430142,2.52320350,2.57750492,0.23561486,8.375572
2,3607,0.00859335,0.01263642,2.81313242,0.05429460,2.52321610,2.57751069,0.23562172,8.375778
2,3608,0.00859435,0.01263332,2.81314505,0.05428757,2.52322880,2.57751637,0.23562869,8.375988
2,3609,0.00859535,0.01263022,2.81315768,0.05428056,2.52324160,2.57752216,0.23563553,8.376193
2,3610,0.00859635,0.01262713,2.81317031,0.05427361,2.52325420,2.57752781,0.23564250,8.376404
2,3611,0.00859735,0.01262405,2.81318294,0.05426670,2.52326690,2.57753360,0.23564934,8.376609
2,3612,0.00859835,0.01262098,2.81319556,0.05425979,2.52327960,2.57753939,0.23565617,8.376814
2,3613,0.00859935,0.01261790,2.81320818,0.05425287,2.52329220,2.57754507,0.23566311,8.377023
2,3614,0.00860035,0.01261482,2.81322080,0.05424595,2.52330490,2.57755085,0.23566995,8.377229
2,3615,0.00860135,0.01261175,2.81323341,0.05423903,2.52331750,2.57755653,0.23567688,8.377438
2,3616,0.00860235,0.01260867,2.81324602,0.05423211,2.52333020,2.57756231,0.23568371,8.377643
2,3617,0.00860335,0.01260560,2.81325863,0.05422520,2.52334280,2.57756800,0.23569063,8.377852
2,3618,0.00860435,0.01260253,2.81327123,0.05421828,2.52335540,2.57757368,0.23569755,8.378060
2,3619,0.00860535,0.01259946,2.81328383,0.05421137,2.52336810,2.57757947,0.23570436,8.378265
2,3620,0.00860635,0.01259639,2.81329643,0.05420446,2.52338070,2.57758516,0.23571127,8.378473
2,3621,0.00860735,0.01259332,2.81330903,0.05419755,2.52339330,2.57759085,0.23571818,8.378681
2,3622,0.00860835,0.01259025,2.81332162,0.05419064,2.52340600,2.57759664,0.23572498,8.378885
2,3623,0.00860935,0.01258718,2.81333421,0.05418373,2.52341860,2.57760233,0.23573188,8.379093
2,3624,0.00861035,0.01258412,2.81334679,0.05417682,2.52343120,2.57760802,0.23573877,8.379300
2,3625,0.00861135,0.01258105,2.81335937,0.05416991,2.52344380,2.57761372,0.23574566,8.379507
2,3626,0.00861235,0.01257799,2.81337195,0.05416301,2.52345650,2.57761951,0.23575244,8.379711
2,3627,0.00861335,0.01257493,2.81338453,0.05415611,2.52346910,2.57762521,0.23575932,8.379918
2,3628,0.00861435,0.01257186,2.81339710,0.05414920,2.52348170,2.57763090,0.23576620,8.380125
2,3629,0.00861535,0.01256880,2.81340967,0.05414230,2.52349430,2.57763660,0.23577307,8.380332
2,3630,0.00861635,0.01256574,2.81342224,0.05413540,2.52350690,2.57764230,0.23577994,8.380539
2,3631,0.00861735,0.01256268,2.81343481,0.05412851,2.52351950,2.57764801,0.23578680,8.380745
2,3632,0.00861835,0.01255962,2.81344737,0.05412161,2.52353210,2.57765371,0.23579366,8.380951
2,3633,0.00861935,0.01255657,2.81345993,0.05411471,2.52354470,2.57765941,0.23580051,8.381158
2,3634,0.00862035,0.01255351,2.81347248,0.05410782,2.52355730,2.57766512,0.23580736,8.381364
2,3635,0.00862135,0.01255041,2.81348503,0.05410073,2.52357000,2.57767073,0.23581431,8.381573
2,3636,0.00862235,0.01254727,2.81349758,0.05409347,2.52358270,2.57767617,0.23582141,8.381788
2,3637,0.00862335,0.01254412,2.81351013,0.05408617,2.52359550,2.57768167,0.23582846,8.382001
2,3638,0.00862435,0.01254098,2.81352267,0.05407889,2.52360830,2.57768719,0.23583548,8.382213
2,3639,0.00862535,0.01253785,2.81353521,0.05407165,2.52362100,2.57769265,0.23584256,8.382428
2,3640,0.00862635,0.01253472,2.81354774,0.05406442,2.52363370,2.57769812,0.23584962,8.382642
2,3641,0.00862735,0.01253159,2.81356028,0.05405719,2.52364650,2.57770369,0.23585659,8.382852
2,3642,0.00862835,0.01252846,2.81357281,0.05404995,2.52365920,2.57770915,0.23586366,8.383066
2,3643,0.00862935,0.01252533,2.81358533,0.05404272,2.52367190,2.57771462,0.23587072,8.383279
2,3644,0.00863035,0.01252220,2.81359786,0.05403548,2.52368470,2.57772018,0.23587768,8.383489
2,3645,0.00863135,0.01251907,2.81361038,0.05402823,2.52369740,2.57772563,0.23588475,8.383703
2,3646,0.00863235,0.01251594,2.81362290,0.05402097,2.52371010,2.57773107,0.23589183,8.383918
2,3647,0.00863335,0.01251281,2.81363541,0.05401371,2.52372280,2.57773651,0.23589891,8.384132
2,3648,0.00863435,0.01250967,2.81364792,0.05400645,2.52373560,2.57774205,0.23590587,8.384342
2,3649,0.00863535,0.01250655,2.81366043,0.05399919,2.52374830,2.57774749,0.23591294,8.384556
2,3650,0.00863635,0.01250342,2.81367294,0.05399194,2.52376100,2.57775294,0.23592000,8.384770
2,3651,0.00863735,0.01250029,2.81368544,0.05398469,2.52377370,2.57775839,0.23592705,8.384983
2,3652,0.00863835,0.01249716,2.81369794,0.05397744,2.52378640,2.57776384,0.23593410,8.385196
2,3653,0.00863935,0.01249404,2.81371043,0.05397019,2.52379910,2.57776929,0.23594114,8.385410
2,3654,0.00864035,0.01249092,2.81372292,0.05396294,2.52381180,2.57777474,0.23594818,8.385623
2,3655,0.00864135,0.01248779,2.81373541,0.05395570,2.52382450,2.57778020,0.23595522,8.385835
2,3656,0.00864235,0.01248467,2.81374790,0.05394845,2.52383720,2.57778565,0.23596225,8.386048
2,3657,0.00864335,0.01248155,2.81376038,0.05394121,2.52384990,2.57779111,0.23596928,8.386261
2,3658,0.00864435,0.01247843,2.81377286,0.05393397,2.52386260,2.57779657,0.23597630,8.386473
2,3659,0.00864535,0.01247532,2.81378534,0.05392673,2.52387530,2.57780203,0.23598331,8.386685
2,3660,0.00864635,0.01247220,2.81379781,0.05391949,2.52388790,2.57780739,0.23599043,8.386901
2,3661,0.00864735,0.01246908,2.81381028,0.05391225,2.52390060,2.57781285,0.23599744,8.387113
2,3662,0.00864835,0.01246597,2.81382275,0.05390501,2.52391330,2.57781831,0.23600444,8.387324
2,3663,0.00864935,0.01246285,2.81383522,0.05389778,2.52392600,2.57782378,0.23601144,8.387536
2,3664,0.00865035,0.01245974,2.81384768,0.05389054,2.52393860,2.57782914,0.23601853,8.387751
2,3665,0.00865135,0.01245663,2.81386014,0.05388331,2.52395130,2.57783461,0.23602552,8.387962
2,3666,0.00865235,0.01245352,2.81387259,0.05387608,2.52396400,2.57784008,0.23603251,8.388173
2,3667,0.00865335,0.01245041,2.81388504,0.05386885,2.52397660,2.57784545,0.23603959,8.388388
2,3668,0.00865435,0.01244730,2.81389749,0.05386163,2.52398930,2.57785093,0.23604656,8.388599
2,3669,0.00865535,0.01244419,2.81390994,0.05385440,2.52400190,2.57785630,0.23605364,8.388813
2,3670,0.00865635,0.01244108,2.81392238,0.05384718,2.52401460,2.57786178,0.23606060,8.389023
2,3671,0.00865735,0.01243797,2.81393482,0.05383994,2.52402720,2.57786714,0.23606768,8.389238
2,3672,0.00865835,0.01243486,2.81394726,0.05383266,2.52403990,2.57787256,0.23607469,8.389450
2,3673,0.00865935,0.01243173,2.81395969,0.05382536,2.52405260,2.57787796,0.23608173,8.389663
2,3674,0.00866035,0.01242861,2.81397212,0.05381807,2.52406520,2.57788327,0.23608885,8.389879
2,3675,0.00866135,0.01242550,2.81398455,0.05381078,2.52407790,2.57788868,0.23609587,8.390091
2,3676,0.00866235,0.01242238,2.81399697,0.05380349,2.52409050,2.57789399,0.23610298,8.390307
2,3677,0.00866335,0.01241926,2.81400939,0.05379621,2.52410320,2.57789941,0.23610998,8.390519
2,3678,0.00866435,0.01241615,2.81402181,0.05378893,2.52411580,2.57790473,0.23611708,8.390734
2,3679,0.00866535,0.01241304,2.81403422,0.05378165,2.52412840,2.57791005,0.23612417,8.390949
2,3680,0.00866635,0.01240993,2.81404663,0.05377437,2.52414110,2.57791547,0.23613116,8.391160
2,3681,0.00866735,0.01240681,2.81405904,0.05376709,2.52415370,2.57792079,0.23613825,8.391375
2,3682,0.00866835,0.01240370,2.81407145,0.05375982,2.52416640,2.57792622,0.23614523,8.391586
2,3683,0.00866935,0.01240060,2.81408385,0.05375254,2.52417900,2.57793154,0.23615231,8.391801
2,3684,0.00867035,0.01239749,2.81409625,0.05374527,2.52419160,2.57793687,0.23615938,8.392015
2,3685,0.00867135,0.01239438,2.81410865,0.05373800,2.52420420,2.57794220,0.23616645,8.392229
2,3686,0.00867235,0.01239127,2.81412104,0.05373073,2.52421680,2.57794753,0.23617351,8.392443
2,3687,0.00867335,0.01238817,2.81413343,0.05372346,2.52422950,2.57795296,0.23618047,8.392654
2,3688,0.00867435,0.01238507,2.81414581,0.05371619,2.52424210,2.57795829,0.23618752,8.392867
2,3689,0.00867535,0.01238196,2.81415820,0.05370893,2.52425470,2.57796363,0.23619457,8.393081
2,3690,0.00867635,0.01237886,2.81417058,0.05370166,2.52426730,2.57796896,0.23620162,8.393294
2,3691,0.00867735,0.01237576,2.81418296,0.05369440,2.52427990,2.57797430,0.23620865,8.393507
2,3692,0.00867835,0.01237266,2.81419533,0.05368714,2.52429250,2.57797964,0.23621569,8.393720
2,3693,0.00867935,0.01236956,2.81420770,0.05367988,2.52430510,2.57798498,0.23622272,8.393933
2,3694,0.00868035,0.01236647,2.81422007,0.05367262,2.52431770,2.57799032,0.23622975,8.394146
2,3695,0.00868135,0.01236337,2.81423243,0.05366537,2.52433030,2.57799567,0.23623677,8.394359
2,3696,0.00868235,0.01236028,2.81424480,0.05365811,2.52434290,2.57800101,0.23624378,8.394571
2,3697,0.00868335,0.01235718,2.81425715,0.05365086,2.52435540,2.57800626,0.23625090,8.394787
2,3698,0.00868435,0.01235409,2.81426951,0.05364361,2.52436800,2.57801161,0.23625790,8.394999
2,3699,0.00868535,0.01235100,2.81428186,0.05363636,2.52438060,2.57801696,0.23626490,8.395211
2,3700,0.00868635,0.01234791,2.81429421,0.05362911,2.52439320,2.57802231,0.23627190,8.395423
2,3701,0.00868735,0.01234482,2.81430656,0.05362186,2.52440570,2.57802756,0.23627900,8.395638
2,3702,0.00868835,0.01234173,2.81431890,0.05361462,2.52441830,2.57803292,0.23628599,8.395850
2,3703,0.00868935,0.01233864,2.81433124,0.05360737,2.52443090,2.57803827,0.23629297,8.396061
2,3704,0.00869035,0.01233555,2.81434358,0.05360013,2.52444340,2.57804353,0.23630005,8.396276
2,3705,0.00869135,0.01233247,2.81435591,0.05359289,2.52445600,2.57804889,0.23630702,8.396487
2,3706,0.00869235,0.01232938,2.81436824,0.05358565,2.52446860,2.57805425,0.23631399,8.396698
2,3707,0.00869335,0.01232630,2.81438057,0.05357842,2.52448110,2.57805952,0.23632105,8.396912
2,3708,0.00869435,0.01232322,2.81439290,0.05357119,2.52449370,2.57806489,0.23632801,8.397122
2,3709,0.00869535,0.01232014,2.81440522,0.05356396,2.52450620,2.57807016,0.23633506,8.397336
2,3710,0.00869635,0.01231706,2.81441754,0.05355673,2.52451880,2.57807553,0.23634201,8.397546
2,3711,0.00869735,0.01231398,2.81442985,0.05354950,2.52453130,2.57808080,0.23634905,8.397760
2,3712,0.00869835,0.01231091,2.81444217,0.05354228,2.52454390,2.57808617,0.23635599,8.397969
2,3713,0.00869935,0.01230783,2.81445447,0.05353505,2.52455640,2.57809145,0.23636302,8.398183
2,3714,0.00870035,0.01230475,2.81446678,0.05352783,2.52456890,2.57809673,0.23637005,8.398396
2,3715,0.00870135,0.01230168,2.81447908,0.05352060,2.52458150,2.57810211,0.23637698,8.398605
2,3716,0.00870235,0.01229861,2.81449138,0.05351339,2.52459400,2.57810739,0.23638400,8.398818
2,3717,0.00870335,0.01229553,2.81450368,0.05350617,2.52460650,2.57811267,0.23639101,8.399030
2,3718,0.00870435,0.01229246,2.81451598,0.05349895,2.52461910,2.57811805,0.23639793,8.399239
2,3719,0.00870535,0.01228939,2.81452827,0.05349173,2.52463160,2.57812333,0.23640493,8.399451
2,3720,0.00870635,0.01228633,2.81454055,0.05348452,2.52464410,2.57812862,0.23641193,8.399663
2,3721,0.00870735,0.01228326,2.81455284,0.05347731,2.52465660,2.57813391,0.23641893,8.399875
2,3722,0.00870835,0.01228019,2.81456512,0.05347010,2.52466910,2.57813920,0.23642592,8.400087
2,3723,0.00870935,0.01227713,2.81457740,0.05346289,2.52468160,2.57814449,0.23643291,8.400299
2,3724,0.00871035,0.01227406,2.81458967,0.05345568,2.52469420,2.57814988,0.23643979,8.400507
2,3725,0.00871135,0.01227100,2.81460195,0.05344847,2.52470670,2.57815517,0.23644677,8.400718
2,3726,0.00871235,0.01226794,2.81461422,0.05344127,2.52471920,2.57816047,0.23645375,8.400929
2,3727,0.00871335,0.01226487,2.81462648,0.05343407,2.52473170,2.57816576,0.23646072,8.401140
2,3728,0.00871435,0.01226181,2.81463875,0.05342686,2.52474410,2.57817096,0.23646778,8.401355
2,3729,0.00871535,0.01225875,2.81465101,0.05341966,2.52475660,2.57817626,0.23647474,8.401565
2,3730,0.00871635,0.01225570,2.81466326,0.05341246,2.52476910,2.57818156,0.23648170,8.401776
2,3731,0.00871735,0.01225264,2.81467552,0.05340527,2.52478160,2.57818687,0.23648865,8.401986
2,3732,0.00871835,0.01224958,2.81468777,0.05339807,2.52479410,2.57819217,0.23649560,8.402197
2,3733,0.00871935,0.01224653,2.81470002,0.05339088,2.52480660,2.57819748,0.23650254,8.402407
2,3734,0.00872035,0.01224347,2.81471226,0.05338368,2.52481900,2.57820268,0.23650958,8.402620
2,3735,0.00872135,0.01224042,2.81472450,0.05337649,2.52483150,2.57820799,0.23651651,8.402830
2,3736,0.00872235,0.01223737,2.81473674,0.05336930,2.52484400,2.57821330,0.23652344,8.403040
2,3737,0.00872335,0.01223432,2.81474898,0.05336211,2.52485650,2.57821861,0.23653037,8.403249
2,3738,0.00872435,0.01223127,2.81476121,0.05335493,2.52486890,2.57822383,0.23653738,8.403462
2,3739,0.00872535,0.01222822,2.81477344,0.05334774,2.52488140,2.57822914,0.23654430,8.403671
2,3740,0.00872635,0.01222517,2.81478567,0.05334056,2.52489380,2.57823436,0.23655131,8.403884
2,3741,0.00872735,0.01222213,2.81479789,0.05333337,2.52490630,2.57823967,0.23655822,8.404092
2,3742,0.00872835,0.01221908,2.81481011,0.05332619,2.52491870,2.57824489,0.23656522,8.404305
2,3743,0.00872935,0.01221604,2.81482233,0.05331902,2.52493120,2.57825021,0.23657212,8.404513
2,3744,0.00873035,0.01221299,2.81483454,0.05331184,2.52494360,2.57825544,0.23657911,8.404725
2,3745,0.00873135,0.01220995,2.81484676,0.05330466,2.52495610,2.57826076,0.23658600,8.404933
2,3746,0.00873235,0.01220691,2.81485896,0.05329749,2.52496850,2.57826599,0.23659298,8.405145
2,3747,0.00873335,0.01220387,2.81487117,0.05329031,2.52498090,2.57827121,0.23659996,8.405357
2,3748,0.00873435,0.01220083,2.81488337,0.05328314,2.52499340,2.57827654,0.23660683,8.405564
2,3749,0.00873535,0.01219779,2.81489557,0.05327597,2.52500580,2.57828177,0.23661380,8.405775
2,3750,0.00873635,0.01219475,2.81490777,0.05326880,2.52501820,2.57828700,0.23662077,8.405986
2,3751,0.00873735,0.01219172,2.81491996,0.05326164,2.52503060,2.57829224,0.23662773,8.406197
2,3752,0.00873835,0.01218868,2.81493215,0.05325447,2.52504310,2.57829757,0.23663458,8.406404
2,3753,0.00873935,0.01218565,2.81494434,0.05324731,2.52505550,2.57830281,0.23664153,8.406615
2,3754,0.00874035,0.01218261,2.81495652,0.05324014,2.52506790,2.57830804,0.23664848,8.406825
2,3755,0.00874135,0.01217958,2.81496870,0.05323298,2.52508030,2.57831328,0.23665542,8.407036
2,3756,0.00874235,0.01217655,2.81498088,0.05322582,2.52509270,2.57831852,0.23666236,8.407246
2,3757,0.00874335,0.01217352,2.81499306,0.05321866,2.52510510,2.57832376,0.23666929,8.407456
2,3758,0.00874435,0.01217049,2.81500523,0.05321151,2.52511750,2.57832901,0.23667622,8.407665
2,3759,0.00874535,0.01216746,2.81501740,0.05320435,2.52512990,2.57833425,0.23668315,8.407875
2,3760,0.00874635,0.01216443,2.81502956,0.05319720,2.52514230,2.57833950,0.23669007,8.408085
2,3761,0.00874735,0.01216141,2.81504173,0.05319004,2.52515470,2.57834474,0.23669698,8.408294
2,3762,0.00874835,0.01215838,2.81505389,0.05318289,2.52516710,2.57834999,0.23670389,8.408503
2,3763,0.00874935,0.01215536,2.81506604,0.05317574,2.52517950,2.57835524,0.23671080,8.408712
2,3764,0.00875035,0.01215234,2.81507820,0.05316860,2.52519190,2.57836050,0.23671770,8.408921
2,3765,0.00875135,0.01214932,2.81509035,0.05316145,2.52520420,2.57836565,0.23672470,8.409133
2,3766,0.00875235,0.01214629,2.81510250,0.05315430,2.52521660,2.57837091,0.23673159,8.409342
2,3767,0.00875335,0.01214328,2.81511464,0.05314716,2.52522900,2.57837616,0.23673848,8.409550
2,3768,0.00875435,0.01214026,2.81512678,0.05314002,2.52524140,2.57838142,0.23674536,8.409758
2,3769,0.00875535,0.01213724,2.81513892,0.05313288,2.52525370,2.57838658,0.23675234,8.409970
2,3770,0.00875635,0.01213422,2.81515106,0.05312574,2.52526610,2.57839184,0.23675922,8.410178
2,3771,0.00875735,0.01213121,2.81516319,0.05311860,2.52527840,2.57839700,0.23676619,8.410389
2,3772,0.00875835,0.01212819,2.81517532,0.05311147,2.52529080,2.57840227,0.23677305,8.410597
2,3773,0.00875935,0.01212518,2.81518745,0.05310433,2.52530320,2.57840753,0.23677991,8.410804
2,3774,0.00876035,0.01212217,2.81519957,0.05309720,2.52531550,2.57841270,0.23678687,8.411015
2,3775,0.00876135,0.01211915,2.81521169,0.05309007,2.52532790,2.57841797,0.23679372,8.411223
2,3776,0.00876235,0.01211614,2.81522381,0.05308294,2.52534020,2.57842314,0.23680067,8.411433
2,3777,0.00876335,0.01211313,2.81523592,0.05307581,2.52535250,2.57842831,0.23680761,8.411644
2,3778,0.00876435,0.01211013,2.81524803,0.05306869,2.52536490,2.57843358,0.23681445,8.411850
2,3779,0.00876535,0.01210712,2.81526014,0.05306156,2.52537720,2.57843876,0.23682138,8.412060
2,3780,0.00876635,0.01210411,2.81527225,0.05305444,2.52538950,2.57844394,0.23682831,8.412270
2,3781,0.00876735,0.01210111,2.81528435,0.05304731,2.52540190,2.57844921,0.23683514,8.412477
2,3782,0.00876835,0.01209810,2.81529645,0.05304019,2.52541420,2.57845439,0.23684206,8.412686
2,3783,0.00876935,0.01209510,2.81530855,0.05303307,2.52542650,2.57845957,0.23684897,8.412896
2,3784,0.00877035,0.01209210,2.81532064,0.05302595,2.52543880,2.57846475,0.23685589,8.413105
2,3785,0.00877135,0.01208910,2.81533273,0.05301884,2.52545120,2.57847004,0.23686269,8.413311
2,3786,0.00877235,0.01208609,2.81534482,0.05301172,2.52546350,2.57847522,0.23686960,8.413520
2,3787,0.00877335,0.01208310,2.81535690,0.05300461,2.52547580,2.57848041,0.23687649,8.413729
2,3788,0.00877435,0.01208010,2.81536899,0.05299750,2.52548810,2.57848560,0.23688339,8.413938
2,3789,0.00877535,0.01207710,2.81538106,0.05299039,2.52550040,2.57849079,0.23689028,8.414146
2,3790,0.00877635,0.01207410,2.81539314,0.05298328,2.52551270,2.57849598,0.23689716,8.414355
2,3791,0.00877735,0.01207111,2.81540521,0.05297617,2.52552500,2.57850117,0.23690404,8.414563
2,3792,0.00877835,0.01206812,2.81541728,0.05296907,2.52553730,2.57850637,0.23691092,8.414771
2,3793,0.00877935,0.01206512,2.81542935,0.05296196,2.52554960,2.57851156,0.23691779,8.414979
2,3794,0.00878035,0.01206212,2.81544141,0.05295481,2.52556190,2.57851671,0.23692470,8.415188
2,3795,0.00878135,0.01205911,2.81545347,0.05294763,2.52557420,2.57852183,0.23693165,8.415399
2,3796,0.00878235,0.01205610,2.81546553,0.05294045,2.52558650,2.57852695,0.23693859,8.415610
2,3797,0.00878335,0.01205309,2.81547758,0.05293327,2.52559880,2.57853207,0.23694552,8.415820
2,3798,0.00878435,0.01205009,2.81548964,0.05292608,2.52561110,2.57853718,0.23695245,8.416030
2,3799,0.00878535,0.01204708,2.81550168,0.05291889,2.52562340,2.57854229,0.23695939,8.416240
2,3800,0.00878635,0.01204407,2.81551373,0.05291170,2.52563570,2.57854740,0.23696633,8.416451
2,3801,0.00878735,0.01204106,2.81552577,0.05290451,2.52564800,2.57855251,0.23697326,8.416661
2,3802,0.00878835,0.01203806,2.81553781,0.05289733,2.52566030,2.57855763,0.23698019,8.416871
2,3803,0.00878935,0.01203505,2.81554985,0.05289014,2.52567260,2.57856274,0.23698711,8.417081
2,3804,0.00879035,0.01203205,2.81556188,0.05288296,2.52568490,2.57856786,0.23699403,8.417291
2,3805,0.00879135,0.01202905,2.81557391,0.05287577,2.52569720,2.57857298,0.23700094,8.417500
2,3806,0.00879235,0.01202605,2.81558594,0.05286859,2.52570950,2.57857809,0.23700785,8.417710
2,3807,0.00879335,0.01202304,2.81559797,0.05286142,2.52572170,2.57858312,0.23701485,8.417922
2,3808,0.00879435,0.01202005,2.81560999,0.05285424,2.52573400,2.57858824,0.23702175,8.418131
2,3809,0.00879535,0.01201705,2.81562201,0.05284706,2.52574630,2.57859336,0.23702865,8.418340
2,3810,0.00879635,0.01201405,2.81563402,0.05283989,2.52575860,2.57859849,0.23703554,8.418549
2,3811,0.00879735,0.01201105,2.81564603,0.05283271,2.52577080,2.57860351,0.23704252,8.418761
2,3812,0.00879835,0.01200806,2.81565804,0.05282554,2.52578310,2.57860864,0.23704940,8.418970
2,3813,0.00879935,0.01200506,2.81567005,0.05281837,2.52579530,2.57861367,0.23705638,8.419182
2,3814,0.00880035,0.01200207,2.81568205,0.05281120,2.52580760,2.57861880,0.23706326,8.419390
2,3815,0.00880135,0.01199908,2.81569405,0.05280403,2.52581990,2.57862393,0.23707012,8.419598
2,3816,0.00880235,0.01199609,2.81570605,0.05279686,2.52583210,2.57862897,0.23707709,8.419810
2,3817,0.00880335,0.01199310,2.81571805,0.05278970,2.52584440,2.57863410,0.23708395,8.420017
2,3818,0.00880435,0.01199010,2.81573004,0.05278254,2.52585660,2.57863914,0.23709090,8.420228
2,3819,0.00880535,0.01198712,2.81574203,0.05277537,2.52586880,2.57864417,0.23709785,8.420439
2,3820,0.00880635,0.01198413,2.81575401,0.05276821,2.52588110,2.57864931,0.23710470,8.420647
2,3821,0.00880735,0.01198114,2.81576599,0.05276106,2.52589330,2.57865435,0.23711164,8.420857
2,3822,0.00880835,0.01197816,2.81577797,0.05275390,2.52590560,2.57865950,0.23711848,8.421064
2,3823,0.00880935,0.01197517,2.81578995,0.05274674,2.52591780,2.57866454,0.23712541,8.421275
2,3824,0.00881035,0.01197219,2.81580192,0.05273959,2.52593000,2.57866959,0.23713234,8.421485
2,3825,0.00881135,0.01196921,2.81581390,0.05273243,2.52594220,2.57867463,0.23713926,8.421695
2,3826,0.00881235,0.01196623,2.81582586,0.05272528,2.52595450,2.57867978,0.23714608,8.421902
2,3827,0.00881335,0.01196325,2.81583783,0.05271813,2.52596670,2.57868483,0.23715300,8.422111
2,3828,0.00881435,0.01196027,2.81584979,0.05271098,2.52597890,2.57868988,0.23715991,8.422321
2,3829,0.00881535,0.01195729,2.81586175,0.05270383,2.52599110,2.57869494,0.23716681,8.422530
2,3830,0.00881635,0.01195431,2.81587370,0.05269669,2.52600330,2.57869999,0.23717371,8.422740
2,3831,0.00881735,0.01195134,2.81588566,0.05268954,2.52601550,2.57870504,0.23718061,8.422949
2,3832,0.00881835,0.01194836,2.81589761,0.05268240,2.52602770,2.57871010,0.23718751,8.423158
2,3833,0.00881935,0.01194538,2.81590955,0.05267526,2.52603990,2.57871516,0.23719439,8.423367
2,3834,0.00882035,0.01194241,2.81592150,0.05266812,2.52605210,2.57872022,0.23720128,8.423576
2,3835,0.00882135,0.01193944,2.81593344,0.05266098,2.52606430,2.57872528,0.23720816,8.423784
2,3836,0.00882235,0.01193646,2.81594538,0.05265381,2.52607660,2.57873041,0.23721497,8.423990
2,3837,0.00882335,0.01193346,2.81595731,0.05264653,2.52608880,2.57873533,0.23722198,8.424204
2,3838,0.00882435,0.01193046,2.81596924,0.05263926,2.52610110,2.57874036,0.23722888,8.424413
2,3839,0.00882535,0.01192746,2.81598117,0.05263200,2.52611340,2.57874540,0.23723578,8.424622
2,3840,0.00882635,0.01192446,2.81599310,0.05262473,2.52612570,2.57875043,0.23724267,8.424831
2,3841,0.00882735,0.01192146,2.81600502,0.05261746,2.52613800,2.57875546,0.23724956,8.425040
2,3842,0.00882835,0.01191847,2.81601694,0.05261019,2.52615030,2.57876049,0.23725645,8.425249
2,3843,0.00882935,0.01191547,2.81602886,0.05260293,2.52616250,2.57876543,0.23726343,8.425462
2,3844,0.00883035,0.01191248,2.81604077,0.05259567,2.52617480,2.57877047,0.23727031,8.425670
2,3845,0.00883135,0.01190948,2.81605268,0.05258840,2.52618710,2.57877550,0.23727718,8.425879
2,3846,0.00883235,0.01190649,2.81606459,0.05258114,2.52619930,2.57878044,0.23728415,8.426090
2,3847,0.00883335,0.01190350,2.81607650,0.05257389,2.52621160,2.57878549,0.23729101,8.426298
2,3848,0.00883435,0.01190051,2.81608840,0.05256663,2.52622390,2.57879053,0.23729787,8.426506
2,3849,0.00883535,0.01189752,2.81610030,0.05255937,2.52623610,2.57879547,0.23730483,8.426718
2,3850,0.00883635,0.01189453,2.81611219,0.05255212,2.52624840,2.57880052,0.23731168,8.426925
2,3851,0.00883735,0.01189154,2.81612409,0.05254486,2.52626060,2.57880546,0.23731862,8.427137
2,3852,0.00883835,0.01188856,2.81613598,0.05253761,2.52627290,2.57881051,0.23732547,8.427344
2,3853,0.00883935,0.01188557,2.81614786,0.05253036,2.52628510,2.57881546,0.23733240,8.427555
2,3854,0.00884035,0.01188259,2.81615975,0.05252311,2.52629740,2.57882051,0.23733924,8.427762
2,3855,0.00884135,0.01187960,2.81617163,0.05251586,2.52630960,2.57882546,0.23734617,8.427972
2,3856,0.00884235,0.01187662,2.81618351,0.05250862,2.52632180,2.57883042,0.23735309,8.428183
2,3857,0.00884335,0.01187364,2.81619538,0.05250137,2.52633410,2.57883547,0.23735991,8.428389
2,3858,0.00884435,0.01187066,2.81620725,0.05249413,2.52634630,2.57884043,0.23736683,8.428599
2,3859,0.00884535,0.01186768,2.81621912,0.05248689,2.52635850,2.57884539,0.23737374,8.428809
2,3860,0.00884635,0.01186470,2.81623099,0.05247964,2.52637080,2.57885045,0.23738054,8.429015
2,3861,0.00884735,0.01186172,2.81624285,0.05247241,2.52638300,2.57885541,0.23738745,8.429225
2,3862,0.00884835,0.01185875,2.81625471,0.05246517,2.52639520,2.57886037,0.23739434,8.429434
2,3863,0.00884935,0.01185577,2.81626657,0.05245793,2.52640740,2.57886533,0.23740124,8.429644
2,3864,0.00885035,0.01185280,2.81627842,0.05245070,2.52641960,2.57887030,0.23740813,8.429853
2,3865,0.00885135,0.01184982,2.81629028,0.05244346,2.52643180,2.57887526,0.23741501,8.430062
2,3866,0.00885235,0.01184685,2.81630212,0.05243623,2.52644400,2.57888023,0.23742189,8.430271
2,3867,0.00885335,0.01184388,2.81631397,0.05242900,2.52645620,2.57888520,0.23742877,8.430479
2,3868,0.00885435,0.01184091,2.81632581,0.05242177,2.52646840,2.57889017,0.23743564,8.430688
2,3869,0.00885535,0.01183794,2.81633765,0.05241454,2.52648060,2.57889514,0.23744251,8.430896
2,3870,0.00885635,0.01183497,2.81634949,0.05240731,2.52649280,2.57890011,0.23744937,8.431105
2,3871,0.00885735,0.01183200,2.81636132,0.05240009,2.52650500,2.57890509,0.23745623,8.431313
2,3872,0.00885835,0.01182904,2.81637315,0.05239286,2.52651720,2.57891006,0.23746309,8.431521
2,3873,0.00885935,0.01182607,2.81638498,0.05238564,2.52652940,2.57891504,0.23746994,8.431729
2,3874,0.00886035,0.01182311,2.81639680,0.05237842,2.52654160,2.57892002,0.23747678,8.431936
2,3875,0.00886135,0.01182014,2.81640863,0.05237120,2.52655380,2.57892500,0.23748363,8.432144
2,3876,0.00886235,0.01181718,2.81642044,0.05236398,2.52656590,2.57892988,0.23749056,8.432355
2,3877,0.00886335,0.01181422,2.81643226,0.05235676,2.52657810,2.57893486,0.23749740,8.432562
2,3878,0.00886435,0.01181126,2.81644407,0.05234955,2.52659030,2.57893985,0.23750423,8.432769
2,3879,0.00886535,0.01180830,2.81645588,0.05234233,2.52660240,2.57894473,0.23751115,8.432980
2,3880,0.00886635,0.01180534,2.81646769,0.05233512,2.52661460,2.57894972,0.23751797,8.433186
2,3881,0.00886735,0.01180238,2.81647949,0.05232791,2.52662680,2.57895471,0.23752478,8.433393
2,3882,0.00886835,0.01179942,2.81649129,0.05232070,2.52663890,2.57895960,0.23753170,8.433603
2,3883,0.00886935,0.01179647,2.81650309,0.05231349,2.52665110,2.57896459,0.23753850,8.433809
2,3884,0.00887035,0.01179351,2.81651489,0.05230628,2.52666320,2.57896948,0.23754541,8.434019
2,3885,0.00887135,0.01179056,2.81652668,0.05229908,2.52667540,2.57897448,0.23755220,8.434225
2,3886,0.00887235,0.01178760,2.81653847,0.05229187,2.52668750,2.57897937,0.23755910,8.434435
2,3887,0.00887335,0.01178465,2.81655025,0.05228467,2.52669970,2.57898437,0.23756589,8.434640
2,3888,0.00887435,0.01178170,2.81656204,0.05227747,2.52671180,2.57898926,0.23757277,8.434850
2,3889,0.00887535,0.01177875,2.81657382,0.05227026,2.52672400,2.57899426,0.23757955,8.435055
2,3890,0.00887635,0.01177580,2.81658559,0.05226307,2.52673610,2.57899916,0.23758643,8.435264
2,3891,0.00887735,0.01177285,2.81659737,0.05225587,2.52674820,2.57900407,0.23759330,8.435473
2,3892,0.00887835,0.01176991,2.81660914,0.05224867,2.52676040,2.57900907,0.23760007,8.435678
2,3893,0.00887935,0.01176696,2.81662091,0.05224148,2.52677250,2.57901398,0.23760693,8.435886
2,3894,0.00888035,0.01176402,2.81663267,0.05223428,2.52678460,2.57901888,0.23761379,8.436094
2,3895,0.00888135,0.01176107,2.81664444,0.05222709,2.52679670,2.57902379,0.23762065,8.436303
2,3896,0.00888235,0.01175813,2.81665620,0.05221990,2.52680880,2.57902870,0.23762750,8.436511
2,3897,0.00888335,0.01175519,2.81666795,0.05221271,2.52682100,2.57903371,0.23763424,8.436715
2,3898,0.00888435,0.01175224,2.81667971,0.05220552,2.52683310,2.57903862,0.23764109,8.436923
2,3899,0.00888535,0.01174930,2.81669146,0.05219833,2.52684520,2.57904353,0.23764792,8.437130
2,3900,0.00888635,0.01174636,2.81670321,0.05219115,2.52685730,2.57904845,0.23765476,8.437338
2,3901,0.00888735,0.01174343,2.81671495,0.05218396,2.52686940,2.57905337,0.23766159,8.437545
2,3902,0.00888835,0.01174049,2.81672669,0.05217678,2.52688150,2.57905828,0.23766841,8.437752
2,3903,0.00888935,0.01173755,2.81673843,0.05216960,2.52689360,2.57906320,0.23767523,8.437959
2,3904,0.00889035,0.01173462,2.81675017,0.05216241,2.52690570,2.57906811,0.23768206,8.438166
2,3905,0.00889135,0.01173168,2.81676190,0.05215522,2.52691780,2.57907303,0.23768888,8.438373
2,3906,0.00889235,0.01172874,2.81677363,0.05214804,2.52692980,2.57907784,0.23769579,8.438583
2,3907,0.00889335,0.01172581,2.81678536,0.05214086,2.52694190,2.57908276,0.23770260,8.438790
2,3908,0.00889435,0.01172288,2.81679708,0.05213368,2.52695400,2.57908768,0.23770940,8.438996
2,3909,0.00889535,0.01171995,2.81680880,0.05212650,2.52696610,2.57909260,0.23771620,8.439203
2,3910,0.00889635,0.01171701,2.81682052,0.05211932,2.52697820,2.57909752,0.23772300,8.439409
2,3911,0.00889735,0.01171407,2.81683224,0.05211211,2.52699030,2.57910241,0.23772983,8.439616
2,3912,0.00889835,0.01171106,2.81684395,0.05210455,2.52700260,2.57910715,0.23773680,8.439828
2,3913,0.00889935,0.01170804,2.81685566,0.05209696,2.52701490,2.57911186,0.23774380,8.440042
2,3914,0.00890035,0.01170502,2.81686737,0.05208939,2.52702720,2.57911659,0.23775078,8.440255
2,3915,0.00890135,0.01170201,2.81687907,0.05208182,2.52703950,2.57912132,0.23775775,8.440467
2,3916,0.00890235,0.01169899,2.81689077,0.05207425,2.52705180,2.57912605,0.23776472,8.440679
2,3917,0.00890335,0.01169598,2.81690247,0.05206669,2.52706410,2.57913079,0.23777168,8.440891
2,3918,0.00890435,0.01169296,2.81691416,0.05205912,2.52707640,2.57913552,0.23777864,8.441104
2,3919,0.00890535,0.01168995,2.81692585,0.05205156,2.52708870,2.57914026,0.23778559,8.441315
2,3920,0.00890635,0.01168694,2.81693754,0.05204400,2.52710100,2.57914500,0.23779255,8.441527
2,3921,0.00890735,0.01168393,2.81694923,0.05203644,2.52711330,2.57914974,0.23779949,8.441739
2,3922,0.00890835,0.01168092,2.81696091,0.05202888,2.52712560,2.57915448,0.23780643,8.441950
2,3923,0.00890935,0.01167792,2.81697259,0.05202132,2.52713780,2.57915912,0.23781347,8.442165
2,3924,0.00891035,0.01167491,2.81698427,0.05201376,2.52715010,2.57916386,0.23782040,8.442376
2,3925,0.00891135,0.01167190,2.81699594,0.05200621,2.52716240,2.57916861,0.23782733,8.442587
2,3926,0.00891235,0.01166890,2.81700761,0.05199866,2.52717470,2.57917336,0.23783425,8.442798
2,3927,0.00891335,0.01166590,2.81701928,0.05199110,2.52718690,2.57917801,0.23784127,8.443012
2,3928,0.00891435,0.01166289,2.81703094,0.05198356,2.52719920,2.57918276,0.23784819,8.443222
2,3929,0.00891535,0.01165989,2.81704260,0.05197601,2.52721150,2.57918751,0.23785510,8.443433
2,3930,0.00891635,0.01165689,2.81705426,0.05196846,2.52722370,2.57919216,0.23786210,8.443646
2,3931,0.00891735,0.01165389,2.81706592,0.05196091,2.52723600,2.57919691,0.23786900,8.443857
2,3932,0.00891835,0.01165089,2.81707757,0.05195337,2.52724820,2.57920157,0.23787600,8.444070
2,3933,0.00891935,0.01164790,2.81708922,0.05194583,2.52726050,2.57920633,0.23788289,8.444280
2,3934,0.00892035,0.01164490,2.81710086,0.05193828,2.52727270,2.57921098,0.23788988,8.444493
2,3935,0.00892135,0.01164190,2.81711251,0.05193074,2.52728500,2.57921574,0.23789676,8.444702
2,3936,0.00892235,0.01163891,2.81712415,0.05192321,2.52729720,2.57922041,0.23790374,8.444915
2,3937,0.00892335,0.01163592,2.81713579,0.05191567,2.52730950,2.57922517,0.23791062,8.445124
2,3938,0.00892435,0.01163292,2.81714742,0.05190813,2.52732170,2.57922983,0.23791759,8.445337
2,3939,0.00892535,0.01162993,2.81715905,0.05190060,2.52733390,2.57923450,0.23792455,8.445549
2,3940,0.00892635,0.01162694,2.81717068,0.05189307,2.52734620,2.57923927,0.23793141,8.445758
2,3941,0.00892735,0.01162395,2.81718231,0.05188553,2.52735840,2.57924394,0.23793837,8.445970
2,3942,0.00892835,0.01162096,2.81719393,0.05187801,2.52737060,2.57924861,0.23794532,8.446182
2,3943,0.00892935,0.01161797,2.81720555,0.05187048,2.52738280,2.57925328,0.23795227,8.446394
2,3944,0.00893035,0.01161499,2.81721716,0.05186295,2.52739510,2.57925805,0.23795911,8.446602
2,3945,0.00893135,0.01161200,2.81722878,0.05185542,2.52740730,2.57926272,0.23796605,8.446813
2,3946,0.00893235,0.01160902,2.81724039,0.05184790,2.52741950,2.57926740,0.23797299,8.447025
2,3947,0.00893335,0.01160604,2.81725200,0.05184038,2.52743170,2.57927208,0.23797992,8.447236
2,3948,0.00893435,0.01160305,2.81726360,0.05183286,2.52744390,2.57927676,0.23798684,8.447447
2,3949,0.00893535,0.01160007,2.81727520,0.05182534,2.52745610,2.57928144,0.23799376,8.447658
2,3950,0.00893635,0.01159709,2.81728680,0.05181782,2.52746830,2.57928612,0.23800068,8.447868
2,3951,0.00893735,0.01159411,2.81729840,0.05181030,2.52748050,2.57929080,0.23800759,8.448079
2,3952,0.00893835,0.01159113,2.81730999,0.05180279,2.52749270,2.57929549,0.23801450,8.448289
2,3953,0.00893935,0.01158815,2.81732158,0.05179528,2.52750490,2.57930018,0.23802140,8.448500
2,3954,0.00894035,0.01158518,2.81733316,0.05178776,2.52751710,2.57930486,0.23802830,8.448710
2,3955,0.00894135,0.01158220,2.81734475,0.05178025,2.52752930,2.57930955,0.23803520,8.448920
2,3956,0.00894235,0.01157923,2.81735633,0.05177274,2.52754140,2.57931414,0.23804219,8.449133
2,3957,0.00894335,0.01157625,2.81736791,0.05176523,2.52755360,2.57931883,0.23804907,8.449343
2,3958,0.00894435,0.01157328,2.81737948,0.05175773,2.52756580,2.57932353,0.23805595,8.449552
2,3959,0.00894535,0.01157031,2.81739105,0.05175022,2.52757800,2.57932822,0.23806283,8.449762
2,3960,0.00894635,0.01156734,2.81740262,0.05174272,2.52759010,2.57933282,0.23806980,8.449975
2,3961,0.00894735,0.01156437,2.81741419,0.05173522,2.52760230,2.57933752,0.23807667,8.450184
2,3962,0.00894835,0.01156140,2.81742575,0.05172772,2.52761450,2.57934222,0.23808353,8.450392
2,3963,0.00894935,0.01155843,2.81743731,0.05172022,2.52762660,2.57934682,0.23809049,8.450605
2,3964,0.00895035,0.01155546,2.81744887,0.05171272,2.52763880,2.57935152,0.23809735,8.450813
2,3965,0.00895135,0.01155250,2.81746042,0.05170522,2.52765090,2.57935612,0.23810430,8.451026
2,3966,0.00895235,0.01154953,2.81747197,0.05169773,2.52766310,2.57936083,0.23811114,8.451234
2,3967,0.00895335,0.01154657,2.81748352,0.05169024,2.52767520,2.57936544,0.23811809,8.451446
2,3968,0.00895435,0.01154361,2.81749507,0.05168274,2.52768740,2.57937014,0.23812492,8.451654
2,3969,0.00895535,0.01154065,2.81750661,0.05167525,2.52769950,2.57937475,0.23813186,8.451865
2,3970,0.00895635,0.01153768,2.81751815,0.05166776,2.52771170,2.57937946,0.23813868,8.452073
2,3971,0.00895735,0.01153472,2.81752968,0.05166028,2.52772380,2.57938408,0.23814561,8.452284
2,3972,0.00895835,0.01153177,2.81754122,0.05165279,2.52773590,2.57938869,0.23815253,8.452495
2,3973,0.00895935,0.01152881,2.81755275,0.05164531,2.52774810,2.57939341,0.23815934,8.452702
2,3974,0.00896035,0.01152585,2.81756427,0.05163782,2.52776020,2.57939802,0.23816625,8.452913
2,3975,0.00896135,0.01152290,2.81757580,0.05163034,2.52777230,2.57940264,0.23817316,8.453123
2,3976,0.00896235,0.01151994,2.81758732,0.05162286,2.52778440,2.57940726,0.23818006,8.453334
2,3977,0.00896335,0.01151699,2.81759884,0.05161538,2.52779660,2.57941198,0.23818686,8.453540
2,3978,0.00896435,0.01151403,2.81761035,0.05160790,2.52780870,2.57941660,0.23819375,8.453751
2,3979,0.00896535,0.01151108,2.81762187,0.05160043,2.52782080,2.57942123,0.23820064,8.453960
2,3980,0.00896635,0.01150813,2.81763338,0.05159295,2.52783290,2.57942585,0.23820752,8.454170
2,3981,0.00896735,0.01150518,2.81764488,0.05158548,2.52784500,2.57943048,0.23821440,8.454380
2,3982,0.00896835,0.01150223,2.81765639,0.05157801,2.52785710,2.57943511,0.23822128,8.454589
2,3983,0.00896935,0.01149928,2.81766789,0.05157054,2.52786920,2.57943974,0.23822815,8.454799
2,3984,0.00897035,0.01149633,2.81767939,0.05156307,2.52788130,2.57944437,0.23823502,8.455008
2,3985,0.00897135,0.01149339,2.81769088,0.05155560,2.52789340,2.57944900,0.23824188,8.455217
2,3986,0.00897235,0.01149044,2.81770237,0.05154814,2.52790550,2.57945364,0.23824874,8.455426
2,3987,0.00897335,0.01148750,2.81771386,0.05154067,2.52791760,2.57945827,0.23825559,8.455635
2,3988,0.00897435,0.01148456,2.81772535,0.05153321,2.52792970,2.57946291,0.23826244,8.455843
2,3989,0.00897535,0.01148161,2.81773683,0.05152575,2.52794170,2.57946745,0.23826938,8.456055
2,3990,0.00897635,0.01147867,2.81774831,0.05151829,2.52795380,2.57947209,0.23827622,8.456264
2,3991,0.00897735,0.01147573,2.81775979,0.05151083,2.52796590,2.57947673,0.23828306,8.456472
2,3992,0.00897835,0.01147279,2.81777126,0.05150337,2.52797800,2.57948137,0.23828989,8.456680
2,3993,0.00897935,0.01146985,2.81778273,0.05149592,2.52799000,2.57948592,0.23829682,8.456891
2,3994,0.00898035,0.01146692,2.81779420,0.05148846,2.52800210,2.57949056,0.23830364,8.457099
2,3995,0.00898135,0.01146398,2.81780567,0.05148101,2.52801420,2.57949521,0.23831046,8.457306
2,3996,0.00898235,0.01146105,2.81781713,0.05147356,2.52802620,2.57949976,0.23831737,8.457517
2,3997,0.00898335,0.01145811,2.81782859,0.05146611,2.52803830,2.57950441,0.23832418,8.457725
2,3998,0.00898435,0.01145518,2.81784005,0.05145866,2.52805040,2.57950906,0.23833099,8.457932
2,3999,0.00898535,0.01145225,2.81785150,0.05145121,2.52806240,2.57951361,0.23833789,8.458142
2,4000,0.00898635,0.01144931,2.81786295,0.05144377,2.52807450,2.57951827,0.23834468,8.458349
2,4001,0.00898735,0.01144638,2.81787440,0.05143632,2.52808650,2.57952282,0.23835157,8.458559
2,4002,0.00898835,0.01144345,2.81788584,0.05142888,2.52809860,2.57952748,0.23835836,8.458766
2,4003,0.00898935,0.01144053,2.81789728,0.05142144,2.52811060,2.57953204,0.23836525,8.458976
2,4004,0.00899035,0.01143760,2.81790872,0.05141400,2.52812260,2.57953660,0.23837212,8.459185
2,4005,0.00899135,0.01143467,2.81792016,0.05140656,2.52813470,2.57954126,0.23837890,8.459392
2,4006,0.00899235,0.01143175,2.81793159,0.05139912,2.52814670,2.57954582,0.23838577,8.459601
2,4007,0.00899335,0.01142882,2.81794302,0.05139169,2.52815870,2.57955039,0.23839264,8.459810
2,4008,0.00899435,0.01142590,2.81795445,0.05138425,2.52817080,2.57955505,0.23839940,8.460016
2,4009,0.00899535,0.01142298,2.81796588,0.05137682,2.52818280,2.57955962,0.23840625,8.460225
2,4010,0.00899635,0.01142005,2.81797730,0.05136939,2.52819480,2.57956419,0.23841311,8.460434
2,4011,0.00899735,0.01141713,2.81798872,0.05136196,2.52820680,2.57956876,0.23841996,8.460643
2,4012,0.00899835,0.01141421,2.81800013,0.05135453,2.52821880,2.57957333,0.23842680,8.460851
2,4013,0.00899935,0.01141129,2.81801154,0.05134711,2.52823080,2.57957791,0.23843364,8.461060
2,4014,0.00900035,0.01140838,2.81802295,0.05133968,2.52824290,2.57958258,0.23844037,8.461264
2,4015,0.00900135,0.01140546,2.81803436,0.05133226,2.52825490,2.57958716,0.23844720,8.461473
2,4016,0.00900235,0.01140254,2.81804576,0.05132483,2.52826690,2.57959173,0.23845403,8.461681
2,4017,0.00900335,0.01139963,2.81805717,0.05131741,2.52827890,2.57959631,0.23846085,8.461888
2,4018,0.00900435,0.01139671,2.81806856,0.05130999,2.52829090,2.57960089,0.23846767,8.462096
2,4019,0.00900535,0.01139380,2.81807996,0.05130257,2.52830290,2.57960547,0.23847449,8.462304
2,4020,0.00900635,0.01139089,2.81809135,0.05129516,2.52831480,2.57960996,0.23848139,8.462515
2,4021,0.00900735,0.01138798,2.81810274,0.05128774,2.52832680,2.57961454,0.23848820,8.462722
2,4022,0.00900835,0.01138507,2.81811413,0.05128033,2.52833880,2.57961913,0.23849500,8.462929
2,4023,0.00900935,0.01138216,2.81812551,0.05127292,2.52835080,2.57962372,0.23850180,8.463136
2,4024,0.00901035,0.01137925,2.81813689,0.05126550,2.52836280,2.57962830,0.23850859,8.463343
2,4025,0.00901135,0.01137634,2.81814827,0.05125810,2.52837480,2.57963290,0.23851537,8.463550
2,4026,0.00901235,0.01137344,2.81815964,0.05125069,2.52838670,2.57963739,0.23852226,8.463760
2,4027,0.00901335,0.01137053,2.81817102,0.05124328,2.52839870,2.57964198,0.23852904,8.463966
2,4028,0.00901435,0.01136763,2.81818239,0.05123588,2.52841070,2.57964657,0.23853581,8.464172
2,4029,0.00901535,0.01136472,2.81819375,0.05122847,2.52842260,2.57965107,0.23854268,8.464382
2,4030,0.00901635,0.01136182,2.81820511,0.05122107,2.52843460,2.57965567,0.23854945,8.464588
2,4031,0.00901735,0.01135892,2.81821648,0.05121367,2.52844660,2.57966027,0.23855621,8.464794
2,4032,0.00901835,0.01135602,2.81822783,0.05120627,2.52845850,2.57966477,0.23856306,8.465003
2,4033,0.00901935,0.01135312,2.81823919,0.05119887,2.52847050,2.57966937,0.23856982,8.465208
2,4034,0.00902035,0.01135022,2.81825054,0.05119147,2.52848240,2.57967387,0.23857667,8.465417
2,4035,0.00902135,0.01134732,2.81826189,0.05118408,2.52849440,2.57967848,0.23858341,8.465622
2,4036,0.00902235,0.01134442,2.81827323,0.05117668,2.52850630,2.57968298,0.23859025,8.465831
2,4037,0.00902335,0.01134153,2.81828458,0.05116929,2.52851830,2.57968759,0.23859699,8.466036
2,4038,0.00902435,0.01133863,2.81829592,0.05116190,2.52853020,2.57969210,0.23860382,8.466244
2,4039,0.00902535,0.01133574,2.81830725,0.05115451,2.52854210,2.57969661,0.23861065,8.466453
2,4040,0.00902635,0.01133285,2.81831859,0.05114712,2.52855410,2.57970122,0.23861737,8.466657
2,4041,0.00902735,0.01132996,2.81832992,0.05113973,2.52856600,2.57970573,0.23862419,8.466865
2,4042,0.00902835,0.01132707,2.81834125,0.05113235,2.52857790,2.57971025,0.23863100,8.467073
2,4043,0.00902935,0.01132418,2.81835257,0.05112496,2.52858980,2.57971476,0.23863781,8.467280
2,4044,0.00903035,0.01132129,2.81836390,0.05111758,2.52860180,2.57971938,0.23864452,8.467484
2,4045,0.00903135,0.01131840,2.81837522,0.05111020,2.52861370,2.57972390,0.23865132,8.467691
2,4046,0.00903235,0.01131551,2.81838653,0.05110282,2.52862560,2.57972842,0.23865812,8.467899
2,4047,0.00903335,0.01131262,2.81839785,0.05109544,2.52863750,2.57973294,0.23866491,8.468106
2,4048,0.00903435,0.01130974,2.81840916,0.05108806,2.52864940,2.57973746,0.23867170,8.468313
2,4049,0.00903535,0.01130685,2.81842047,0.05108069,2.52866130,2.57974199,0.23867848,8.468519
2,4050,0.00903635,0.01130397,2.81843177,0.05107331,2.52867320,2.57974651,0.23868526,8.468726
2,4051,0.00903735,0.01130109,2.81844307,0.05106594,2.52868510,2.57975104,0.23869203,8.468932
2,4052,0.00903835,0.01129821,2.81845437,0.05105857,2.52869700,2.57975557,0.23869881,8.469139
2,4053,0.00903935,0.01129533,2.81846567,0.05105120,2.52870890,2.57976010,0.23870557,8.469345
2,4054,0.00904035,0.01129245,2.81847697,0.05104383,2.52872080,2.57976463,0.23871234,8.469551
2,4055,0.00904135,0.01128957,2.81848826,0.05103646,2.52873270,2.57976916,0.23871909,8.469757
2,4056,0.00904235,0.01128669,2.81849954,0.05102910,2.52874460,2.57977370,0.23872585,8.469962
2,4057,0.00904335,0.01128381,2.81851083,0.05102173,2.52875650,2.57977823,0.23873260,8.470168
2,4058,0.00904435,0.01128094,2.81852211,0.05101437,2.52876840,2.57978277,0.23873934,8.470373
2,4059,0.00904535,0.01127806,2.81853339,0.05100701,2.52878030,2.57978731,0.23874608,8.470578
2,4060,0.00904635,0.01127519,2.81854467,0.05099965,2.52879210,2.57979175,0.23875292,8.470787
2,4061,0.00904735,0.01127232,2.81855594,0.05099229,2.52880400,2.57979629,0.23875965,8.470992
2,4062,0.00904835,0.01126944,2.81856721,0.05098493,2.52881590,2.57980083,0.23876638,8.471197
2,4063,0.00904935,0.01126657,2.81857848,0.05097758,2.52882770,2.57980528,0.23877320,8.471405
2,4064,0.00905035,0.01126370,2.81858975,0.05097022,2.52883960,2.57980982,0.23877992,8.471610
2,4065,0.00905135,0.01126083,2.81860101,0.05096287,2.52885150,2.57981437,0.23878664,8.471814
2,4066,0.00905235,0.01125797,2.81861227,0.05095552,2.52886330,2.57981882,0.23879345,8.472022
2,4067,0.00905335,0.01125510,2.81862352,0.05094817,2.52887520,2.57982337,0.23880015,8.472226
2,4068,0.00905435,0.01125223,2.81863478,0.05094082,2.52888700,2.57982782,0.23880696,8.472434
2,4069,0.00905535,0.01124937,2.81864603,0.05093347,2.52889890,2.57983237,0.23881366,8.472637
2,4070,0.00905635,0.01124650,2.81865728,0.05092613,2.52891070,2.57983683,0.23882045,8.472845
2,4071,0.00905735,0.01124364,2.81866852,0.05091878,2.52892260,2.57984138,0.23882714,8.473048
2,4072,0.00905835,0.01124078,2.81867976,0.05091144,2.52893440,2.57984584,0.23883392,8.473255
2,4073,0.00905935,0.01123791,2.81869100,0.05090410,2.52894630,2.57985040,0.23884060,8.473458
2,4074,0.00906035,0.01123506,2.81870224,0.05089676,2.52895810,2.57985486,0.23884738,8.473665
2,4075,0.00906135,0.01123220,2.81871347,0.05088942,2.52896990,2.57985932,0.23885415,8.473871
2,4076,0.00906235,0.01122934,2.81872470,0.05088208,2.52898170,2.57986378,0.23886092,8.474078
2,4077,0.00906335,0.01122648,2.81873593,0.05087475,2.52899360,2.57986835,0.23886758,8.474280
2,4078,0.00906435,0.01122362,2.81874716,0.05086741,2.52900540,2.57987281,0.23887434,8.474486
2,4079,0.00906535,0.01122077,2.81875838,0.05086008,2.52901720,2.57987728,0.23888110,8.474692
2,4080,0.00906635,0.01121791,2.81876960,0.05085275,2.52902900,2.57988175,0.23888785,8.474898
2,4081,0.00906735,0.01121506,2.81878081,0.05084542,2.52904090,2.57988632,0.23889450,8.475100
2,4082,0.00906835,0.01121220,2.81879203,0.05083809,2.52905270,2.57989079,0.23890124,8.475306
2,4083,0.00906935,0.01120935,2.81880324,0.05083076,2.52906450,2.57989526,0.23890798,8.475511
2,4084,0.00907035,0.01120650,2.81881445,0.05082344,2.52907630,2.57989974,0.23891471,8.475716
2,4085,0.00907135,0.01120365,2.81882565,0.05081611,2.52908810,2.57990421,0.23892144,8.475921
2,4086,0.00907235,0.01120080,2.81883685,0.05080879,2.52909990,2.57990869,0.23892817,8.476126
2,4087,0.00907335,0.01119795,2.81884805,0.05080147,2.52911170,2.57991317,0.23893489,8.476331
2,4088,0.00907435,0.01119511,2.81885925,0.05079415,2.52912350,2.57991765,0.23894160,8.476535
2,4089,0.00907535,0.01119226,2.81887044,0.05078683,2.52913530,2.57992213,0.23894832,8.476740
2,4090,0.00907635,0.01118941,2.81888163,0.05077951,2.52914710,2.57992661,0.23895502,8.476944
2,4091,0.00907735,0.01118657,2.81889282,0.05077220,2.52915880,2.57993100,0.23896183,8.477152
2,4092,0.00907835,0.01118373,2.81890401,0.05076488,2.52917060,2.57993548,0.23896853,8.477356
2,4093,0.00907935,0.01118088,2.81891519,0.05075757,2.52918240,2.57993997,0.23897522,8.477560
2,4094,0.00908035,0.01117804,2.81892637,0.05075026,2.52919420,2.57994446,0.23898191,8.477764
2,4095,0.00908135,0.01117520,2.81893755,0.05074295,2.52920600,2.57994895,0.23898860,8.477967
2,4096,0.00908235,0.01117236,2.81894872,0.05073564,2.52921770,2.57995334,0.23899538,8.478174
2,4097,0.00908335,0.01116952,2.81895989,0.05072833,2.52922950,2.57995783,0.23900206,8.478378
2,4098,0.00908435,0.01116668,2.81897106,0.05072102,2.52924130,2.57996232,0.23900874,8.478581
2,4099,0.00908535,0.01116385,2.81898222,0.05071372,2.52925300,2.57996672,0.23901550,8.478787
2,4100,0.00908635,0.01116101,2.81899339,0.05070642,2.52926480,2.57997122,0.23902217,8.478990
2,4101,0.00908735,0.01115817,2.81900455,0.05069911,2.52927650,2.57997562,0.23902893,8.479196
2,4102,0.00908835,0.01115534,2.81901570,0.05069181,2.52928830,2.57998011,0.23903559,8.479399
2,4103,0.00908935,0.01115251,2.81902686,0.05068452,2.52930000,2.57998452,0.23904234,8.479605
2,4104,0.00909035,0.01114967,2.81903801,0.05067722,2.52931180,2.57998902,0.23904899,8.479807
2,4105,0.00909135,0.01114684,2.81904916,0.05066992,2.52932350,2.57999342,0.23905573,8.480013
2,4106,0.00909235,0.01114401,2.81906030,0.05066263,2.52933530,2.57999793,0.23906237,8.480215
2,4107,0.00909335,0.01114118,2.81907144,0.05065533,2.52934700,2.58000233,0.23906911,8.480420
2,4108,0.00909435,0.01113836,2.81908258,0.05064804,2.52935880,2.58000684,0.23907574,8.480622
2,4109,0.00909535,0.01113553,2.81909372,0.05064075,2.52937050,2.58001125,0.23908247,8.480827
2,4110,0.00909635,0.01113270,2.81910486,0.05063346,2.52938220,2.58001566,0.23908919,8.481032
2,4111,0.00909735,0.01112987,2.81911599,0.05062617,2.52939400,2.58002018,0.23909581,8.481234
2,4112,0.00909835,0.01112705,2.81912712,0.05061889,2.52940570,2.58002459,0.23910253,8.481438
2,4113,0.00909935,0.01112422,2.81913824,0.05061160,2.52941740,2.58002900,0.23910924,8.481643
2,4114,0.00910035,0.01112140,2.81914936,0.05060432,2.52942910,2.58003342,0.23911594,8.481847
2,4115,0.00910135,0.01111858,2.81916048,0.05059704,2.52944080,2.58003784,0.23912264,8.482052
2,4116,0.00910235,0.01111576,2.81917160,0.05058976,2.52945260,2.58004236,0.23912924,8.482252
2,4117,0.00910335,0.01111294,2.81918272,0.05058248,2.52946430,2.58004678,0.23913594,8.482456
2,4118,0.00910435,0.01111012,2.81919383,0.05057520,2.52947600,2.58005120,0.23914262,8.482660
2,4119,0.00910535,0.01110730,2.81920494,0.05056793,2.52948770,2.58005563,0.23914931,8.482864
2,4120,0.00910635,0.01110448,2.81921604,0.05056065,2.52949940,2.58006005,0.23915599,8.483067
2,4121,0.00910735,0.01110167,2.81922714,0.05055338,2.52951110,2.58006448,0.23916267,8.483271
2,4122,0.00910835,0.01109885,2.81923824,0.05054611,2.52952280,2.58006891,0.23916934,8.483474
2,4123,0.00910935,0.01109604,2.81924934,0.05053883,2.52953450,2.58007333,0.23917601,8.483677
2,4124,0.00911035,0.01109322,2.81926044,0.05053157,2.52954620,2.58007777,0.23918267,8.483880
2,4125,0.00911135,0.01109041,2.81927153,0.05052430,2.52955790,2.58008220,0.23918933,8.484083
2,4126,0.00911235,0.01108760,2.81928262,0.05051703,2.52956950,2.58008653,0.23919609,8.484289
2,4127,0.00911335,0.01108479,2.81929370,0.05050977,2.52958120,2.58009097,0.23920274,8.484492
2,4128,0.00911435,0.01108198,2.81930479,0.05050250,2.52959290,2.58009540,0.23920938,8.484694
2,4129,0.00911535,0.01107917,2.81931587,0.05049524,2.52960460,2.58009984,0.23921603,8.484896
2,4130,0.00911635,0.01107636,2.81932695,0.05048798,2.52961630,2.58010428,0.23922267,8.485098
2,4131,0.00911735,0.01107355,2.81933802,0.05048072,2.52962790,2.58010862,0.23922940,8.485304
2,4132,0.00911835,0.01107075,2.81934909,0.05047346,2.52963960,2.58011306,0.23923603,8.485506
2,4133,0.00911935,0.01106794,2.81936016,0.05046621,2.52965130,2.58011751,0.23924266,8.485707
2,4134,0.00912035,0.01106514,2.81937123,0.05045895,2.52966290,2.58012185,0.23924938,8.485913
2,4135,0.00912135,0.01106233,2.81938229,0.05045170,2.52967460,2.58012630,0.23925600,8.486114
2,4136,0.00912235,0.01105953,2.81939335,0.05044444,2.52968620,2.58013065,0.23926271,8.486319
2,4137,0.00912335,0.01105673,2.81940441,0.05043719,2.52969790,2.58013509,0.23926932,8.486520
2,4138,0.00912435,0.01105393,2.81941547,0.05042994,2.52970960,2.58013954,0.23927592,8.486721
2,4139,0.00912535,0.01105113,2.81942652,0.05042270,2.52972120,2.58014390,0.23928262,8.486925
2,4140,0.00912635,0.01104833,2.81943757,0.05041545,2.52973280,2.58014825,0.23928932,8.487130
2,4141,0.00912735,0.01104553,2.81944862,0.05040820,2.52974450,2.58015270,0.23929591,8.487330
2,4142,0.00912835,0.01104273,2.81945966,0.05040096,2.52975610,2.58015706,0.23930260,8.487534
2,4143,0.00912935,0.01103994,2.81947070,0.05039372,2.52976780,2.58016152,0.23930918,8.487734
2,4144,0.00913035,0.01103714,2.81948174,0.05038648,2.52977940,2.58016588,0.23931586,8.487938
2,4145,0.00913135,0.01103435,2.81949278,0.05037924,2.52979100,2.58017024,0.23932254,8.488142
2,4146,0.00913235,0.01103155,2.81950381,0.05037200,2.52980270,2.58017470,0.23932911,8.488341
2,4147,0.00913335,0.01102876,2.81951484,0.05036476,2.52981430,2.58017906,0.23933578,8.488545
2,4148,0.00913435,0.01102597,2.81952587,0.05035753,2.52982590,2.58018343,0.23934244,8.488748
2,4149,0.00913535,0.01102318,2.81953689,0.05035029,2.52983750,2.58018779,0.23934910,8.488951
2,4150,0.00913635,0.01102039,2.81954791,0.05034306,2.52984920,2.58019226,0.23935565,8.489150
2,4151,0.00913735,0.01101760,2.81955893,0.05033583,2.52986080,2.58019663,0.23936230,8.489353
2,4152,0.00913835,0.01101481,2.81956995,0.05032860,2.52987240,2.58020100,0.23936895,8.489555
2,4153,0.00913935,0.01101202,2.81958096,0.05032137,2.52988400,2.58020537,0.23937559,8.489758
2,4154,0.00914035,0.01100924,2.81959197,0.05031414,2.52989560,2.58020974,0.23938223,8.489960
2,4155,0.00914135,0.01100645,2.81960298,0.05030692,2.52990720,2.58021412,0.23938886,8.490162
2,4156,0.00914235,0.01100367,2.81961398,0.05029969,2.52991880,2.58021849,0.23939549,8.490364
2,4157,0.00914335,0.01100089,2.81962499,0.05029247,2.52993040,2.58022287,0.23940212,8.490566
2,4158,0.00914435,0.01099810,2.81963599,0.05028525,2.52994200,2.58022725,0.23940874,8.490768
2,4159,0.00914535,0.01099532,2.81964698,0.05027803,2.52995360,2.58023163,0.23941535,8.490969
2,4160,0.00914635,0.01099254,2.81965798,0.05027081,2.52996520,2.58023601,0.23942197,8.491170
2,4161,0.00914735,0.01098976,2.81966897,0.05026359,2.52997680,2.58024039,0.23942857,8.491372
2,4162,0.00914835,0.01098698,2.81967996,0.05025638,2.52998830,2.58024468,0.23943528,8.491576
2,4163,0.00914935,0.01098421,2.81969094,0.05024916,2.52999990,2.58024906,0.23944188,8.491777
2,4164,0.00915035,0.01098143,2.81970192,0.05024195,2.53001150,2.58025345,0.23944847,8.491978
2,4165,0.00915135,0.01097865,2.81971290,0.05023474,2.53002310,2.58025784,0.23945507,8.492179
2,4166,0.00915235,0.01097588,2.81972388,0.05022753,2.53003470,2.58026223,0.23946165,8.492380
2,4167,0.00915335,0.01097310,2.81973486,0.05022032,2.53004620,2.58026652,0.23946834,8.492584
2,4168,0.00915435,0.01097033,2.81974583,0.05021311,2.53005780,2.58027091,0.23947492,8.492784
2,4169,0.00915535,0.01096756,2.81975680,0.05020591,2.53006940,2.58027531,0.23948149,8.492984
2,4170,0.00915635,0.01096478,2.81976776,0.05019870,2.53008090,2.58027960,0.23948816,8.493187
2,4171,0.00915735,0.01096202,2.81977873,0.05019150,2.53009250,2.58028400,0.23949473,8.493387
2,4172,0.00915835,0.01095924,2.81978969,0.05018430,2.53010400,2.58028830,0.23950139,8.493591
2,4173,0.00915935,0.01095648,2.81980065,0.05017710,2.53011560,2.58029270,0.23950795,8.493790
2,4174,0.00916035,0.01095371,2.81981160,0.05016990,2.53012710,2.58029700,0.23951460,8.493993
2,4175,0.00916135,0.01095094,2.81982255,0.05016270,2.53013870,2.58030140,0.23952115,8.494192
2,4176,0.00916235,0.01094818,2.81983350,0.05015550,2.53015020,2.58030570,0.23952780,8.494395
2,4177,0.00916335,0.01094541,2.81984445,0.05014831,2.53016180,2.58031011,0.23953434,8.494594
2,4178,0.00916435,0.01094265,2.81985539,0.05014111,2.53017330,2.58031442,0.23954098,8.494797
2,4179,0.00916535,0.01093988,2.81986633,0.05013392,2.53018480,2.58031872,0.23954761,8.494999
2,4180,0.00916635,0.01093712,2.81987727,0.05012673,2.53019640,2.58032313,0.23955414,8.495197
2,4181,0.00916735,0.01093436,2.81988821,0.05011954,2.53020790,2.58032744,0.23956077,8.495399
2,4182,0.00916835,0.01093160,2.81989914,0.05011236,2.53021940,2.58033176,0.23956739,8.495601
2,4183,0.00916935,0.01092884,2.81991007,0.05010517,2.53023100,2.58033617,0.23957390,8.495799
2,4184,0.00917035,0.01092608,2.81992100,0.05009798,2.53024250,2.58034048,0.23958052,8.496001
2,4185,0.00917135,0.01092332,2.81993192,0.05009080,2.53025400,2.58034480,0.23958712,8.496202
2,4186,0.00917235,0.01092057,2.81994285,0.05008362,2.53026550,2.58034912,0.23959373,8.496404
2,4187,0.00917335,0.01091781,2.81995377,0.05007644,2.53027700,2.58035344,0.23960033,8.496605
2,4188,0.00917435,0.01091505,2.81996468,0.05006926,2.53028850,2.58035776,0.23960692,8.496806
2,4189,0.00917535,0.01091230,2.81997560,0.05006208,2.53030000,2.58036208,0.23961352,8.497007
2,4190,0.00917635,0.01090955,2.81998651,0.05005490,2.53031160,2.58036650,0.23962000,8.497204
2,4191,0.00917735,0.01090679,2.81999741,0.05004773,2.53032310,2.58037083,0.23962659,8.497405
2,4192,0.00917835,0.01090404,2.82000832,0.05004055,2.53033460,2.58037515,0.23963317,8.497605
2,4193,0.00917935,0.01090129,2.82001922,0.05003338,2.53034610,2.58037948,0.23963974,8.497805
2,4194,0.00918035,0.01089854,2.82003012,0.05002621,2.53035750,2.58038371,0.23964641,8.498009
2,4195,0.00918135,0.01089579,2.82004102,0.05001904,2.53036900,2.58038804,0.23965298,8.498209
2,4196,0.00918235,0.01089305,2.82005191,0.05001187,2.53038050,2.58039237,0.23965954,8.498409
2,4197,0.00918335,0.01089030,2.82006281,0.05000470,2.53039200,2.58039670,0.23966610,8.498609
2,4198,0.00918435,0.01088755,2.82007369,0.04999754,2.53040350,2.58040104,0.23967266,8.498808
2,4199,0.00918535,0.01088481,2.82008458,0.04999037,2.53041500,2.58040537,0.23967921,8.499008
2,4200,0.00918635,0.01088206,2.82009546,0.04998321,2.53042650,2.58040971,0.23968575,8.499207
2,4201,0.00918735,0.01087932,2.82010634,0.04997605,2.53043790,2.58041395,0.23969239,8.499410
2,4202,0.00918835,0.01087658,2.82011722,0.04996889,2.53044940,2.58041829,0.23969893,8.499609
2,4203,0.00918935,0.01087384,2.82012810,0.04996173,2.53046090,2.58042263,0.23970547,8.499808
2,4204,0.00919035,0.01087109,2.82013897,0.04995457,2.53047230,2.58042687,0.23971210,8.500010
2,4205,0.00919135,0.01086835,2.82014984,0.04994742,2.53048380,2.58043122,0.23971862,8.500209
2,4206,0.00919235,0.01086562,2.82016071,0.04994026,2.53049530,2.58043556,0.23972514,8.500407
2,4207,0.00919335,0.01086288,2.82017157,0.04993311,2.53050670,2.58043981,0.23973176,8.500609
2,4208,0.00919435,0.01086014,2.82018243,0.04992596,2.53051820,2.58044416,0.23973827,8.500807
2,4209,0.00919535,0.01085740,2.82019329,0.04991881,2.53052960,2.58044841,0.23974488,8.501009
2,4210,0.00919635,0.01085467,2.82020415,0.04991166,2.53054110,2.58045276,0.23975139,8.501207
2,4211,0.00919735,0.01085193,2.82021500,0.04990451,2.53055250,2.58045701,0.23975799,8.501408
2,4212,0.00919835,0.01084920,2.82022585,0.04989737,2.53056400,2.58046137,0.23976448,8.501606
2,4213,0.00919935,0.01084647,2.82023670,0.04989022,2.53057540,2.58046562,0.23977108,8.501807
2,4214,0.00920035,0.01084374,2.82024754,0.04988308,2.53058680,2.58046988,0.23977767,8.502008
2,4215,0.00920135,0.01084101,2.82025839,0.04987594,2.53059830,2.58047424,0.23978415,8.502205
2,4216,0.00920235,0.01083827,2.82026923,0.04986880,2.53060970,2.58047850,0.23979073,8.502406
2,4217,0.00920335,0.01083555,2.82028006,0.04986166,2.53062110,2.58048276,0.23979731,8.502606
2,4218,0.00920435,0.01083282,2.82029090,0.04985452,2.53063260,2.58048712,0.23980378,8.502803
2,4219,0.00920535,0.01083009,2.82030173,0.04984738,2.53064400,2.58049138,0.23981035,8.503003
2,4220,0.00920635,0.01082736,2.82031256,0.04984025,2.53065540,2.58049565,0.23981691,8.503203
2,4221,0.00920735,0.01082464,2.82032338,0.04983311,2.53066680,2.58049991,0.23982347,8.503403
2,4222,0.00920835,0.01082191,2.82033421,0.04982598,2.53067830,2.58050428,0.23982993,8.503599
2,4223,0.00920935,0.01081919,2.82034503,0.04981885,2.53068970,2.58050855,0.23983648,8.503799
2,4224,0.00921035,0.01081647,2.82035585,0.04981172,2.53070110,2.58051282,0.23984302,8.503999
2,4225,0.00921135,0.01081375,2.82036666,0.04980459,2.53071250,2.58051709,0.23984957,8.504198
2,4226,0.00921235,0.01081103,2.82037747,0.04979747,2.53072390,2.58052137,0.23985611,8.504397
2,4227,0.00921335,0.01080831,2.82038828,0.04979034,2.53073530,2.58052564,0.23986264,8.504596
2,4228,0.00921435,0.01080558,2.82039909,0.04978322,2.53074670,2.58052992,0.23986917,8.504795
2,4229,0.00921535,0.01080287,2.82040989,0.04977609,2.53075810,2.58053420,0.23987570,8.504994
2,4230,0.00921635,0.01080015,2.82042070,0.04976897,2.53076950,2.58053847,0.23988222,8.505193
2,4231,0.00921735,0.01079743,2.82043149,0.04976185,2.53078090,2.58054275,0.23988874,8.505391
2,4232,0.00921835,0.01079472,2.82044229,0.04975474,2.53079230,2.58054704,0.23989526,8.505590
2,4233,0.00921935,0.01079200,2.82045308,0.04974762,2.53080370,2.58055132,0.23990177,8.505788
2,4234,0.00922035,0.01078929,2.82046387,0.04974050,2.53081500,2.58055550,0.23990837,8.505990
2,4235,0.00922135,0.01078657,2.82047466,0.04973339,2.53082640,2.58055979,0.23991487,8.506188
2,4236,0.00922235,0.01078386,2.82048545,0.04972627,2.53083780,2.58056407,0.23992137,8.506386
2,4237,0.00922335,0.01078115,2.82049623,0.04971916,2.53084920,2.58056836,0.23992787,8.506583
2,4238,0.00922435,0.01077844,2.82050701,0.04971205,2.53086050,2.58057255,0.23993446,8.506785
2,4239,0.00922535,0.01077573,2.82051779,0.04970495,2.53087190,2.58057684,0.23994094,8.506982
2,4240,0.00922635,0.01077302,2.82052856,0.04969784,2.53088330,2.58058114,0.23994742,8.507179
2,4241,0.00922735,0.01077032,2.82053933,0.04969073,2.53089460,2.58058533,0.23995400,8.507380
2,4242,0.00922835,0.01076761,2.82055010,0.04968363,2.53090600,2.58058963,0.23996047,8.507577
2,4243,0.00922935,0.01076490,2.82056087,0.04967652,2.53091740,2.58059392,0.23996694,8.507774
2,4244,0.00923035,0.01076220,2.82057163,0.04966942,2.53092870,2.58059812,0.23997351,8.507974
2,4245,0.00923135,0.01075949,2.82058239,0.04966232,2.53094010,2.58060242,0.23997997,8.508171
2,4246,0.00923235,0.01075679,2.82059315,0.04965522,2.53095140,2.58060662,0.23998653,8.508371
2,4247,0.00923335,0.01075409,2.82060391,0.04964812,2.53096280,2.58061092,0.23999298,8.508567
2,4248,0.00923435,0.01075139,2.82061466,0.04964103,2.53097410,2.58061513,0.23999953,8.508767
2,4249,0.00923535,0.01074869,2.82062541,0.04963393,2.53098550,2.58061943,0.24000598,8.508963
2,4250,0.00923635,0.01074599,2.82063616,0.04962684,2.53099680,2.58062364,0.24001252,8.509163
2,4251,0.00923735,0.01074329,2.82064690,0.04961975,2.53100810,2.58062785,0.24001905,8.509362
2,4252,0.00923835,0.01074059,2.82065764,0.04961266,2.53101950,2.58063216,0.24002549,8.509558
2,4253,0.00923935,0.01073789,2.82066838,0.04960557,2.53103080,2.58063637,0.24003201,8.509757
2,4254,0.00924035,0.01073520,2.82067912,0.04959848,2.53104210,2.58064058,0.24003854,8.509956
2,4255,0.00924135,0.01073250,2.82068985,0.04959139,2.53105350,2.58064489,0.24004496,8.510151
2,4256,0.00924235,0.01072981,2.82070058,0.04958431,2.53106480,2.58064911,0.24005148,8.510349
2,4257,0.00924335,0.01072711,2.82071131,0.04957722,2.53107610,2.58065332,0.24005799,8.510548
2,4258,0.00924435,0.01072442,2.82072204,0.04957014,2.53108740,2.58065754,0.24006450,8.510746
2,4259,0.00924535,0.01072173,2.82073276,0.04956306,2.53109870,2.58066176,0.24007100,8.510945
2,4260,0.00924635,0.01071904,2.82074348,0.04955598,2.53111000,2.58066598,0.24007750,8.511143
2,4261,0.00924735,0.01071635,2.82075420,0.04954890,2.53112140,2.58067030,0.24008390,8.511337
2,4262,0.00924835,0.01071366,2.82076491,0.04954182,2.53113270,2.58067452,0.24009039,8.511535
2,4263,0.00924935,0.01071097,2.82077563,0.04953475,2.53114400,2.58067875,0.24009688,8.511733
2,4264,0.00925035,0.01070828,2.82078634,0.04952767,2.53115530,2.58068297,0.24010336,8.511930
2,4265,0.00925135,0.01070560,2.82079704,0.04952060,2.53116660,2.58068720,0.24010984,8.512128
2,4266,0.00925235,0.01070291,2.82080775,0.04951353,2.53117790,2.58069143,0.24011632,8.512325
2,4267,0.00925335,0.01070023,2.82081845,0.04950646,2.53118920,2.58069566,0.24012279,8.512522
2,4268,0.00925435,0.01069754,2.82082915,0.04949939,2.53120040,2.58069979,0.24012936,8.512722
2,4269,0.00925535,0.01069486,2.82083984,0.04949232,2.53121170,2.58070402,0.24013582,8.512919
2,4270,0.00925635,0.01069218,2.82085054,0.04948526,2.53122300,2.58070826,0.24014228,8.513116
2,4271,0.00925735,0.01068950,2.82086123,0.04947819,2.53123430,2.58071249,0.24014874,8.513313
2,4272,0.00925835,0.01068681,2.82087192,0.04947113,2.53124560,2.58071673,0.24015519,8.513509
2,4273,0.00925935,0.01068414,2.82088260,0.04946407,2.53125690,2.58072097,0.24016163,8.513705
2,4274,0.00926035,0.01068146,2.82089328,0.04945701,2.53126810,2.58072511,0.24016818,8.513905
2,4275,0.00926135,0.01067878,2.82090396,0.04944995,2.53127940,2.58072935,0.24017462,8.514101
2,4276,0.00926235,0.01067610,2.82091464,0.04944289,2.53129070,2.58073359,0.24018105,8.514297
2,4277,0.00926335,0.01067343,2.82092532,0.04943583,2.53130190,2.58073773,0.24018758,8.514496
2,4278,0.00926435,0.01067075,2.82093599,0.04942878,2.53131320,2.58074198,0.24019401,8.514692
2,4279,0.00926535,0.01066808,2.82094666,0.04942172,2.53132450,2.58074622,0.24020043,8.514887
2,4280,0.00926635,0.01066540,2.82095732,0.04941467,2.53133570,2.58075037,0.24020695,8.515086
2,4281,0.00926735,0.01066273,2.82096799,0.04940762,2.53134700,2.58075462,0.24021337,8.515282
2,4282,0.00926835,0.01066006,2.82097865,0.04940057,2.53135820,2.58075877,0.24021988,8.515480
2,4283,0.00926935,0.01065739,2.82098931,0.04939352,2.53136950,2.58076302,0.24022629,8.515675
2,4284,0.00927035,0.01065472,2.82099997,0.04938647,2.53138070,2.58076717,0.24023280,8.515874
2,4285,0.00927135,0.01065205,2.82101062,0.04937942,2.53139200,2.58077142,0.24023920,8.516068
2,4286,0.00927235,0.01064938,2.82102127,0.04937238,2.53140320,2.58077558,0.24024569,8.516267
2,4287,0.00927335,0.01064671,2.82103192,0.04936533,2.53141450,2.58077983,0.24025208,8.516461
2,4288,0.00927435,0.01064404,2.82104256,0.04935829,2.53142570,2.58078399,0.24025857,8.516659
2,4289,0.00927535,0.01064138,2.82105321,0.04935125,2.53143690,2.58078815,0.24026506,8.516857
2,4290,0.00927635,0.01063871,2.82106385,0.04934421,2.53144820,2.58079241,0.24027144,8.517051
2,4291,0.00927735,0.01063605,2.82107448,0.04933717,2.53145940,2.58079657,0.24027791,8.517248
2,4292,0.00927835,0.01063339,2.82108512,0.04933013,2.53147060,2.58080073,0.24028438,8.517445
2,4293,0.00927935,0.01063072,2.82109575,0.04932310,2.53148180,2.58080490,0.24029085,8.517643
2,4294,0.00928035,0.01062806,2.82110638,0.04931606,2.53149310,2.58080916,0.24029722,8.517836
2,4295,0.00928135,0.01062540,2.82111701,0.04930903,2.53150430,2.58081333,0.24030368,8.518033
2,4296,0.00928235,0.01062274,2.82112763,0.04930200,2.53151550,2.58081750,0.24031013,8.518230
2,4297,0.00928335,0.01062008,2.82113825,0.04929497,2.53152670,2.58082167,0.24031659,8.518426
2,4298,0.00928435,0.01061742,2.82114887,0.04928794,2.53153790,2.58082584,0.24032303,8.518623
2,4299,0.00928535,0.01061477,2.82115949,0.04928091,2.53154910,2.58083001,0.24032948,8.518819
2,4300,0.00928635,0.01061211,2.82117010,0.04927388,2.53156030,2.58083418,0.24033592,8.519015
2,4301,0.00928735,0.01060946,2.82118071,0.04926686,2.53157150,2.58083836,0.24034235,8.519212
2,4302,0.00928835,0.01060680,2.82119132,0.04925983,2.53158280,2.58084263,0.24034868,8.519404
2,4303,0.00928935,0.01060415,2.82120192,0.04925281,2.53159390,2.58084671,0.24035521,8.519603
2,4304,0.00929035,0.01060149,2.82121253,0.04924579,2.53160510,2.58085089,0.24036164,8.519799
2,4305,0.00929135,0.01059884,2.82122313,0.04923877,2.53161630,2.58085507,0.24036806,8.519995
2,4306,0.00929235,0.01059619,2.82123372,0.04923175,2.53162750,2.58085925,0.24037447,8.520190
2,4307,0.00929335,0.01059354,2.82124432,0.04922473,2.53163870,2.58086343,0.24038088,8.520385
2,4308,0.00929435,0.01059089,2.82125491,0.04921772,2.53164990,2.58086762,0.24038729,8.520580
2,4309,0.00929535,0.01058824,2.82126550,0.04921071,2.53166110,2.58087181,0.24039369,8.520775
2,4310,0.00929635,0.01058559,2.82127609,0.04920369,2.53167230,2.58087599,0.24040009,8.520970
2,4311,0.00929735,0.01058295,2.82128667,0.04919668,2.53168340,2.58088008,0.24040659,8.521168
2,4312,0.00929835,0.01058030,2.82129725,0.04918967,2.53169460,2.58088427,0.24041298,8.521363
2,4313,0.00929935,0.01057766,2.82130783,0.04918266,2.53170580,2.58088846,0.24041937,8.521558
2,4314,0.00930035,0.01057501,2.82131841,0.04917565,2.53171690,2.58089256,0.24042585,8.521755
2,4315,0.00930135,0.01057237,2.82132898,0.04916865,2.53172810,2.58089675,0.24043223,8.521950
2,4316,0.00930235,0.01056973,2.82133955,0.04916164,2.53173930,2.58090094,0.24043861,8.522144
2,4317,0.00930335,0.01056709,2.82135012,0.04915464,2.53175040,2.58090504,0.24044508,8.522341
2,4318,0.00930435,0.01056444,2.82136069,0.04914764,2.53176160,2.58090924,0.24045145,8.522535
2,4319,0.00930535,0.01056180,2.82137125,0.04914064,2.53177270,2.58091334,0.24045791,8.522732
2,4320,0.00930635,0.01055917,2.82138181,0.04913364,2.53178390,2.58091754,0.24046427,8.522926
2,4321,0.00930735,0.01055653,2.82139237,0.04912664,2.53179510,2.58092174,0.24047063,8.523119
2,4322,0.00930835,0.01055389,2.82140292,0.04911964,2.53180620,2.58092584,0.24047708,8.523316
2,4323,0.00930935,0.01055125,2.82141348,0.04911265,2.53181730,2.58092995,0.24048353,8.523512
2,4324,0.00931035,0.01054862,2.82142403,0.04910565,2.53182850,2.58093416,0.24048987,8.523705
2,4325,0.00931135,0.01054598,2.82143457,0.04909866,2.53183960,2.58093826,0.24049631,8.523902
2,4326,0.00931235,0.01054335,2.82144512,0.04909167,2.53185080,2.58094247,0.24050265,8.524094
2,4327,0.00931335,0.01054072,2.82145566,0.04908468,2.53186190,2.58094658,0.24050908,8.524291
2,4328,0.00931435,0.01053808,2.82146620,0.04907769,2.53187300,2.58095069,0.24051551,8.524487
2,4329,0.00931535,0.01053545,2.82147674,0.04907071,2.53188420,2.58095491,0.24052183,8.524679
2,4330,0.00931635,0.01053282,2.82148727,0.04906372,2.53189530,2.58095902,0.24052825,8.524875
2,4331,0.00931735,0.01053019,2.82149780,0.04905674,2.53190640,2.58096314,0.24053467,8.525070
2,4332,0.00931835,0.01052756,2.82150833,0.04904975,2.53191750,2.58096725,0.24054108,8.525266
2,4333,0.00931935,0.01052493,2.82151886,0.04904277,2.53192860,2.58097137,0.24054749,8.525461
2,4334,0.00932035,0.01052231,2.82152938,0.04903579,2.53193980,2.58097559,0.24055379,8.525652
2,4335,0.00932135,0.01051968,2.82153990,0.04902881,2.53195090,2.58097971,0.24056019,8.525848
2,4336,0.00932235,0.01051706,2.82155042,0.04902183,2.53196200,2.58098384,0.24056659,8.526042
2,4337,0.00932335,0.01051443,2.82156094,0.04901486,2.53197310,2.58098796,0.24057298,8.526237
2,4338,0.00932435,0.01051181,2.82157145,0.04900788,2.53198420,2.58099208,0.24057937,8.526432
2,4339,0.00932535,0.01050919,2.82158196,0.04900091,2.53199530,2.58099621,0.24058575,8.526626
2,4340,0.00932635,0.01050656,2.82159247,0.04899394,2.53200640,2.58100034,0.24059213,8.526821
2,4341,0.00932735,0.01050394,2.82160297,0.04898697,2.53201750,2.58100447,0.24059851,8.527015
2,4342,0.00932835,0.01050132,2.82161348,0.04898000,2.53202860,2.58100860,0.24060488,8.527209
2,4343,0.00932935,0.01049870,2.82162398,0.04897303,2.53203970,2.58101273,0.24061125,8.527403
2,4344,0.00933035,0.01049608,2.82163447,0.04896606,2.53205080,2.58101686,0.24061761,8.527597
2,4345,0.00933135,0.01049347,2.82164497,0.04895910,2.53206180,2.58102090,0.24062407,8.527794
2,4346,0.00933235,0.01049085,2.82165546,0.04895213,2.53207290,2.58102503,0.24063043,8.527988
2,4347,0.00933335,0.01048823,2.82166595,0.04894517,2.53208400,2.58102917,0.24063678,8.528181
2,4348,0.00933435,0.01048562,2.82167644,0.04893821,2.53209510,2.58103331,0.24064313,8.528374
2,4349,0.00933535,0.01048300,2.82168692,0.04893125,2.53210620,2.58103745,0.24064947,8.528567
2,4350,0.00933635,0.01048039,2.82169740,0.04892429,2.53211720,2.58104149,0.24065591,8.528764
2,4351,0.00933735,0.01047778,2.82170788,0.04891733,2.53212830,2.58104563,0.24066225,8.528957
2,4352,0.00933835,0.01047517,2.82171836,0.04891038,2.53213940,2.58104978,0.24066858,8.529150
2,4353,0.00933935,0.01047255,2.82172883,0.04890342,2.53215040,2.58105382,0.24067501,8.529346
2,4354,0.00934035,0.01046994,2.82173930,0.04889647,2.53216150,2.58105797,0.24068133,8.529538
2,4355,0.00934135,0.01046734,2.82174977,0.04888952,2.53217250,2.58106202,0.24068775,8.529734
2,4356,0.00934235,0.01046473,2.82176024,0.04888257,2.53218360,2.58106617,0.24069407,8.529926
2,4357,0.00934335,0.01046212,2.82177070,0.04887562,2.53219470,2.58107032,0.24070038,8.530118
2,4358,0.00934435,0.01045951,2.82178116,0.04886867,2.53220570,2.58107437,0.24070679,8.530314
2,4359,0.00934535,0.01045691,2.82179162,0.04886172,2.53221680,2.58107852,0.24071310,8.530506
2,4360,0.00934635,0.01045430,2.82180208,0.04885478,2.53222780,2.58108258,0.24071950,8.530701
2,4361,0.00934735,0.01045170,2.82181253,0.04884783,2.53223880,2.58108664,0.24072589,8.530896
2,4362,0.00934835,0.01044910,2.82182298,0.04884089,2.53224990,2.58109079,0.24073219,8.531087
2,4363,0.00934935,0.01044649,2.82183343,0.04883395,2.53226090,2.58109485,0.24073858,8.531282
2,4364,0.00935035,0.01044389,2.82184387,0.04882701,2.53227200,2.58109901,0.24074486,8.531473
2,4365,0.00935135,0.01044129,2.82185432,0.04882007,2.53228300,2.58110307,0.24075124,8.531668
2,4366,0.00935235,0.01043869,2.82186476,0.04881314,2.53229400,2.58110714,0.24075762,8.531862
2,4367,0.00935335,0.01043609,2.82187519,0.04880620,2.53230500,2.58111120,0.24076399,8.532057
2,4368,0.00935435,0.01043349,2.82188563,0.04879927,2.53231610,2.58111537,0.24077026,8.532247
2,4369,0.00935535,0.01043090,2.82189606,0.04879233,2.53232710,2.58111943,0.24077663,8.532441
2,4370,0.00935635,0.01042830,2.82190649,0.04878540,2.53233810,2.58112350,0.24078299,8.532635
2,4371,0.00935735,0.01042570,2.82191692,0.04877847,2.53234910,2.58112757,0.24078934,8.532829
2,4372,0.00935835,0.01042311,2.82192734,0.04877154,2.53236010,2.58113164,0.24079570,8.533023
2,4373,0.00935935,0.01042051,2.82193776,0.04876461,2.53237120,2.58113582,0.24080195,8.533213
2,4374,0.00936035,0.01041792,2.82194818,0.04875769,2.53238220,2.58113989,0.24080829,8.533406
2,4375,0.00936135,0.01041533,2.82195860,0.04875076,2.53239320,2.58114396,0.24081463,8.533599
2,4376,0.00936235,0.01041274,2.82196901,0.04874384,2.53240420,2.58114804,0.24082097,8.533792
2,4377,0.00936335,0.01041015,2.82197942,0.04873692,2.53241520,2.58115212,0.24082731,8.533985
2,4378,0.00936435,0.01040756,2.82198983,0.04873000,2.53242620,2.58115620,0.24083364,8.534178
2,4379,0.00936535,0.01040497,2.82200024,0.04872308,2.53243720,2.58116028,0.24083996,8.534371
2,4380,0.00936635,0.01040238,2.82201064,0.04871616,2.53244820,2.58116436,0.24084628,8.534563
2,4381,0.00936735,0.01039979,2.82202104,0.04870924,2.53245920,2.58116844,0.24085260,8.534756
2,4382,0.00936835,0.01039721,2.82203144,0.04870233,2.53247010,2.58117243,0.24085902,8.534952
2,4383,0.00936935,0.01039462,2.82204184,0.04869541,2.53248110,2.58117651,0.24086533,8.535144
2,4384,0.00937035,0.01039204,2.82205223,0.04868850,2.53249210,2.58118060,0.24087163,8.535336
2,4385,0.00937135,0.01038945,2.82206262,0.04868159,2.53250310,2.58118469,0.24087793,8.535528
2,4386,0.00937235,0.01038687,2.82207301,0.04867468,2.53251410,2.58118878,0.24088423,8.535719
2,4387,0.00937335,0.01038429,2.82208340,0.04866777,2.53252500,2.58119277,0.24089063,8.535915
2,4388,0.00937435,0.01038170,2.82209378,0.04866086,2.53253600,2.58119686,0.24089692,8.536106
2,4389,0.00937535,0.01037912,2.82210416,0.04865396,2.53254700,2.58120096,0.24090320,8.536297
2,4390,0.00937635,0.01037654,2.82211454,0.04864705,2.53255790,2.58120495,0.24090959,8.536492
2,4391,0.00937735,0.01037397,2.82212491,0.04864015,2.53256890,2.58120905,0.24091587,8.536683
2,4392,0.00937835,0.01037139,2.82213529,0.04863324,2.53257990,2.58121314,0.24092214,8.536874
2,4393,0.00937935,0.01036881,2.82214566,0.04862635,2.53259080,2.58121715,0.24092851,8.537069
2,4394,0.00938035,0.01036623,2.82215602,0.04861944,2.53260180,2.58122125,0.24093478,8.537259
2,4395,0.00938135,0.01036366,2.82216639,0.04861255,2.53261270,2.58122525,0.24094114,8.537453
2,4396,0.00938235,0.01036108,2.82217675,0.04860565,2.53262370,2.58122935,0.24094740,8.537644
2,4397,0.00938335,0.01035851,2.82218711,0.04859876,2.53263460,2.58123335,0.24095375,8.537838
2,4398,0.00938435,0.01035594,2.82219747,0.04859186,2.53264560,2.58123746,0.24096001,8.538028
2,4399,0.00938535,0.01035336,2.82220782,0.04858497,2.53265650,2.58124147,0.24096635,8.538221
2,4400,0.00938635,0.01035079,2.82221817,0.04857808,2.53266750,2.58124558,0.24097260,8.538411
2,4401,0.00938735,0.01034822,2.82222852,0.04857119,2.53267840,2.58124959,0.24097894,8.538605
2,4402,0.00938835,0.01034565,2.82223887,0.04856430,2.53268930,2.58125360,0.24098527,8.538798
2,4403,0.00938935,0.01034308,2.82224921,0.04855741,2.53270030,2.58125771,0.24099150,8.538987
2,4404,0.00939035,0.01034051,2.82225956,0.04855052,2.53271120,2.58126172,0.24099783,8.539180
2,4405,0.00939135,0.01033795,2.82226990,0.04854364,2.53272210,2.58126574,0.24100416,8.539373
2,4406,0.00939235,0.01033538,2.82228023,0.04853676,2.53273310,2.58126986,0.24101038,8.539562
2,4407,0.00939335,0.01033282,2.82229057,0.04852987,2.53274400,2.58127387,0.24101669,8.539755
2,4408,0.00939435,0.01033025,2.82230090,0.04852299,2.53275490,2.58127789,0.24102300,8.539947
2,4409,0.00939535,0.01032769,2.82231123,0.04851611,2.53276580,2.58128191,0.24102931,8.540139
2,4410,0.00939635,0.01032512,2.82232155,0.04850924,2.53277670,2.58128594,0.24103562,8.540332
2,4411,0.00939735,0.01032256,2.82233188,0.04850236,2.53278760,2.58128996,0.24104192,8.540524
2,4412,0.00939835,0.01032000,2.82234220,0.04849548,2.53279860,2.58129408,0.24104811,8.540712
2,4413,0.00939935,0.01031744,2.82235252,0.04848861,2.53280950,2.58129811,0.24105441,8.540904
2,4414,0.00940035,0.01031488,2.82236283,0.04848174,2.53282040,2.58130214,0.24106070,8.541095
2,4415,0.00940135,0.01031232,2.82237315,0.04847487,2.53283130,2.58130617,0.24106698,8.541287
2,4416,0.00940235,0.01030976,2.82238346,0.04846800,2.53284220,2.58131020,0.24107326,8.541478
2,4417,0.00940335,0.01030721,2.82239377,0.04846113,2.53285310,2.58131423,0.24107954,8.541669
2,4418,0.00940435,0.01030465,2.82240407,0.04845426,2.53286400,2.58131826,0.24108581,8.541860
2,4419,0.00940535,0.01030209,2.82241438,0.04844739,2.53287480,2.58132219,0.24109218,8.542055
2,4420,0.00940635,0.01029954,2.82242468,0.04844053,2.53288570,2.58132623,0.24109845,8.542246
2,4421,0.00940735,0.01029698,2.82243497,0.04843367,2.53289660,2.58133027,0.24110471,8.542436
2,4422,0.00940835,0.01029443,2.82244527,0.04842680,2.53290750,2.58133430,0.24111097,8.542627
2,4423,0.00940935,0.01029188,2.82245556,0.04841994,2.53291840,2.58133834,0.24111722,8.542817
2,4424,0.00941035,0.01028933,2.82246585,0.04841308,2.53292930,2.58134238,0.24112347,8.543008
2,4425,0.00941135,0.01028678,2.82247614,0.04840623,2.53294010,2.58134633,0.24112982,8.543201
2,4426,0.00941235,0.01028423,2.82248643,0.04839937,2.53295100,2.58135037,0.24113606,8.543391
2,4427,0.00941335,0.01028168,2.82249671,0.04839251,2.53296190,2.58135441,0.24114230,8.543581
2,4428,0.00941435,0.01027913,2.82250699,0.04838566,2.53297270,2.58135836,0.24114863,8.543774
2,4429,0.00941535,0.01027658,2.82251727,0.04837881,2.53298360,2.58136241,0.24115486,8.543964
2,4430,0.00941635,0.01027404,2.82252754,0.04837196,2.53299450,2.58136646,0.24116109,8.544154
2,4431,0.00941735,0.01027149,2.82253782,0.04836511,2.53300530,2.58137041,0.24116741,8.544346
2,4432,0.00941835,0.01026895,2.82254809,0.04835826,2.53301620,2.58137446,0.24117363,8.544536
2,4433,0.00941935,0.01026640,2.82255836,0.04835141,2.53302700,2.58137841,0.24117995,8.544728
2,4434,0.00942035,0.01026386,2.82256862,0.04834456,2.53303790,2.58138246,0.24118616,8.544917
2,4435,0.00942135,0.01026132,2.82257888,0.04833772,2.53304870,2.58138642,0.24119246,8.545110
2,4436,0.00942235,0.01025877,2.82258914,0.04833088,2.53305960,2.58139048,0.24119867,8.545299
2,4437,0.00942335,0.01025623,2.82259940,0.04832403,2.53307040,2.58139443,0.24120497,8.545491
2,4438,0.00942435,0.01025369,2.82260966,0.04831719,2.53308130,2.58139849,0.24121116,8.545679
2,4439,0.00942535,0.01025115,2.82261991,0.04831035,2.53309210,2.58140245,0.24121745,8.545871
2,4440,0.00942635,0.01024862,2.82263016,0.04830351,2.53310300,2.58140652,0.24122364,8.546059
2,4441,0.00942735,0.01024608,2.82264040,0.04829668,2.53311380,2.58141048,0.24122993,8.546251
2,4442,0.00942835,0.01024354,2.82265065,0.04828984,2.53312460,2.58141444,0.24123621,8.546442
2,4443,0.00942935,0.01024101,2.82266089,0.04828301,2.53313540,2.58141841,0.24124248,8.546634
2,4444,0.00943035,0.01023847,2.82267113,0.04827618,2.53314630,2.58142248,0.24124866,8.546821
2,4445,0.00943135,0.01023594,2.82268137,0.04826934,2.53315710,2.58142644,0.24125492,8.547012
2,4446,0.00943235,0.01023340,2.82269160,0.04826251,2.53316790,2.58143041,0.24126119,8.547203
2,4447,0.00943335,0.01023087,2.82270184,0.04825569,2.53317870,2.58143439,0.24126745,8.547394
2,4448,0.00943435,0.01022834,2.82271207,0.04824886,2.53318960,2.58143846,0.24127361,8.547581
2,4449,0.00943535,0.01022581,2.82272229,0.04824203,2.53320040,2.58144243,0.24127986,8.547772
2,4450,0.00943635,0.01022328,2.82273252,0.04823521,2.53321120,2.58144641,0.24128611,8.547962
2,4451,0.00943735,0.01022075,2.82274274,0.04822838,2.53322200,2.58145038,0.24129236,8.548153
2,4452,0.00943835,0.01021822,2.82275296,0.04822156,2.53323280,2.58145436,0.24129860,8.548343
2,4453,0.00943935,0.01021569,2.82276318,0.04821474,2.53324360,2.58145834,0.24130483,8.548533
2,4454,0.00944035,0.01021316,2.82277339,0.04820792,2.53325440,2.58146232,0.24131107,8.548723
2,4455,0.00944135,0.01021064,2.82278360,0.04820110,2.53326520,2.58146630,0.24131730,8.548912
2,4456,0.00944235,0.01020811,2.82279381,0.04819429,2.53327600,2.58147029,0.24132353,8.549102
2,4457,0.00944335,0.01020559,2.82280402,0.04818747,2.53328680,2.58147427,0.24132975,8.549292
2,4458,0.00944435,0.01020307,2.82281422,0.04818066,2.53329760,2.58147826,0.24133597,8.549481
2,4459,0.00944535,0.01020054,2.82282442,0.04817384,2.53330840,2.58148224,0.24134218,8.549670
2,4460,0.00944635,0.01019802,2.82283462,0.04816703,2.53331910,2.58148613,0.24134849,8.549863
2,4461,0.00944735,0.01019550,2.82284482,0.04816022,2.53332990,2.58149012,0.24135470,8.550052
2,4462,0.00944835,0.01019298,2.82285501,0.04815341,2.53334070,2.58149411,0.24136090,8.550241
2,4463,0.00944935,0.01019046,2.82286521,0.04814660,2.53335150,2.58149810,0.24136710,8.550430
2,4464,0.00945035,0.01018794,2.82287540,0.04813980,2.53336230,2.58150210,0.24137330,8.550618
2,4465,0.00945135,0.01018542,2.82288558,0.04813299,2.53337300,2.58150599,0.24137959,8.550810
2,4466,0.00945235,0.01018291,2.82289577,0.04812619,2.53338380,2.58150999,0.24138578,8.550999
2,4467,0.00945335,0.01018039,2.82290595,0.04811939,2.53339460,2.58151399,0.24139196,8.551187
2,4468,0.00945435,0.01017787,2.82291613,0.04811259,2.53340530,2.58151789,0.24139824,8.551378
2,4469,0.00945535,0.01017536,2.82292630,0.04810579,2.53341610,2.58152189,0.24140442,8.551566
2,4470,0.00945635,0.01017285,2.82293648,0.04809899,2.53342690,2.58152589,0.24141059,8.551754
2,4471,0.00945735,0.01017033,2.82294665,0.04809219,2.53343760,2.58152979,0.24141686,8.551945
2,4472,0.00945835,0.01016782,2.82295682,0.04808540,2.53344840,2.58153380,0.24142302,8.552133
2,4473,0.00945935,0.01016531,2.82296698,0.04807860,2.53345910,2.58153770,0.24142928,8.552324
2,4474,0.00946035,0.01016280,2.82297715,0.04807181,2.53346990,2.58154171,0.24143544,8.552511
2,4475,0.00946135,0.01016029,2.82298731,0.04806502,2.53348060,2.58154562,0.24144169,8.552702
2,4476,0.00946235,0.01015778,2.82299747,0.04805823,2.53349140,2.58154963,0.24144784,8.552889
2,4477,0.00946335,0.01015527,2.82300763,0.04805144,2.53350210,2.58155354,0.24145409,8.553080
2,4478,0.00946435,0.01015276,2.82301778,0.04804465,2.53351280,2.58155745,0.24146033,8.553270
2,4479,0.00946535,0.01015026,2.82302793,0.04803786,2.53352360,2.58156146,0.24146647,8.553457
2,4480,0.00946635,0.01014775,2.82303808,0.04803108,2.53353430,2.58156538,0.24147270,8.553647
2,4481,0.00946735,0.01014525,2.82304823,0.04802429,2.53354500,2.58156929,0.24147893,8.553837
2,4482,0.00946835,0.01014274,2.82305837,0.04801751,2.53355580,2.58157331,0.24148506,8.554023
2,4483,0.00946935,0.01014024,2.82306851,0.04801073,2.53356650,2.58157723,0.24149128,8.554213
2,4484,0.00947035,0.01013774,2.82307865,0.04800395,2.53357720,2.58158115,0.24149750,8.554402
2,4485,0.00947135,0.01013523,2.82308879,0.04799717,2.53358790,2.58158507,0.24150372,8.554592
2,4486,0.00947235,0.01013273,2.82309892,0.04799039,2.53359870,2.58158910,0.24150983,8.554777
2,4487,0.00947335,0.01013023,2.82310905,0.04798362,2.53360940,2.58159302,0.24151603,8.554967
2,4488,0.00947435,0.01012773,2.82311918,0.04797684,2.53362010,2.58159694,0.24152224,8.555156
2,4489,0.00947535,0.01012524,2.82312931,0.04797007,2.53363080,2.58160087,0.24152844,8.555344
2,4490,0.00947635,0.01012274,2.82313943,0.04796330,2.53364150,2.58160480,0.24153463,8.555533
2,4491,0.00947735,0.01012024,2.82314955,0.04795653,2.53365220,2.58160873,0.24154083,8.555722
2,4492,0.00947835,0.01011774,2.82315967,0.04794976,2.53366290,2.58161266,0.24154701,8.555910
2,4493,0.00947935,0.01011525,2.82316979,0.04794299,2.53367360,2.58161659,0.24155320,8.556099
2,4494,0.00948035,0.01011275,2.82317990,0.04793622,2.53368430,2.58162052,0.24155938,8.556287
2,4495,0.00948135,0.01011026,2.82319002,0.04792946,2.53369500,2.58162446,0.24156556,8.556475
2,4496,0.00948235,0.01010777,2.82320012,0.04792270,2.53370570,2.58162840,0.24157173,8.556663
2,4497,0.00948335,0.01010528,2.82321023,0.04791593,2.53371640,2.58163233,0.24157790,8.556851
2,4498,0.00948435,0.01010278,2.82322034,0.04790917,2.53372710,2.58163627,0.24158407,8.557039
2,4499,0.00948535,0.01010030,2.82323044,0.04790241,2.53373780,2.58164021,0.24159023,8.557227
2,4500,0.00948635,0.01009780,2.82324054,0.04789565,2.53374840,2.58164405,0.24159648,8.557418
2,4501,0.00948735,0.01009532,2.82325063,0.04788889,2.53375910,2.58164799,0.24160264,8.557605
2,4502,0.00948835,0.01009283,2.82326073,0.04788214,2.53376980,2.58165194,0.24160879,8.557792
2,4503,0.00948935,0.01009034,2.82327082,0.04787538,2.53378050,2.58165588,0.24161493,8.557979
2,4504,0.00949035,0.01008785,2.82328091,0.04786863,2.53379120,2.58165983,0.24162108,8.558166
2,4505,0.00949135,0.01008537,2.82329099,0.04786188,2.53380180,2.58166368,0.24162732,8.558357
2,4506,0.00949235,0.01008288,2.82330108,0.04785513,2.53381250,2.58166763,0.24163345,8.558544
2,4507,0.00949335,0.01008040,2.82331116,0.04784838,2.53382320,2.58167158,0.24163958,8.558730
2,4508,0.00949435,0.01007792,2.82332124,0.04784163,2.53383380,2.58167543,0.24164581,8.558920
2,4509,0.00949535,0.01007543,2.82333132,0.04783488,2.53384450,2.58167938,0.24165193,8.559107
2,4510,0.00949635,0.01007295,2.82334139,0.04782814,2.53385510,2.58168323,0.24165815,8.559296
2,4511,0.00949735,0.01007047,2.82335146,0.04782139,2.53386580,2.58168719,0.24166427,8.559482
2,4512,0.00949835,0.01006799,2.82336153,0.04781465,2.53387640,2.58169105,0.24167048,8.559672
2,4513,0.00949935,0.01006551,2.82337160,0.04780791,2.53388710,2.58169501,0.24167659,8.559858
2,4514,0.00950035,0.01006303,2.82338166,0.04780117,2.53389770,2.58169887,0.24168280,8.560047
2,4515,0.00950135,0.01006056,2.82339172,0.04779443,2.53390840,2.58170283,0.24168890,8.560233
2,4516,0.00950235,0.01005808,2.82340178,0.04778769,2.53391900,2.58170669,0.24169509,8.560422
2,4517,0.00950335,0.01005560,2.82341184,0.04778095,2.53392970,2.58171065,0.24170119,8.560607
2,4518,0.00950435,0.01005313,2.82342189,0.04777422,2.53394030,2.58171452,0.24170738,8.560796
2,4519,0.00950535,0.01005065,2.82343195,0.04776748,2.53395090,2.58171838,0.24171356,8.560984
2,4520,0.00950635,0.01004818,2.82344199,0.04776075,2.53396160,2.58172235,0.24171964,8.561169
2,4521,0.00950735,0.01004571,2.82345204,0.04775402,2.53397220,2.58172622,0.24172582,8.561357
2,4522,0.00950835,0.01004323,2.82346209,0.04774729,2.53398280,2.58173009,0.24173200,8.561546
2,4523,0.00950935,0.01004076,2.82347213,0.04774056,2.53399350,2.58173406,0.24173807,8.561730
2,4524,0.00951035,0.01003829,2.82348217,0.04773383,2.53400410,2.58173793,0.24174423,8.561918
2,4525,0.00951135,0.01003582,2.82349220,0.04772711,2.53401470,2.58174181,0.24175040,8.562106
2,4526,0.00951235,0.01003335,2.82350224,0.04772038,2.53402530,2.58174568,0.24175656,8.562294
2,4527,0.00951335,0.01003089,2.82351227,0.04771366,2.53403590,2.58174956,0.24176271,8.562481
2,4528,0.00951435,0.01002842,2.82352230,0.04770694,2.53404650,2.58175344,0.24176886,8.562669
2,4529,0.00951535,0.01002595,2.82353233,0.04770022,2.53405720,2.58175742,0.24177491,8.562853
2,4530,0.00951635,0.01002349,2.82354235,0.04769350,2.53406780,2.58176130,0.24178106,8.563040
2,4531,0.00951735,0.01002102,2.82355238,0.04768678,2.53407840,2.58176518,0.24178720,8.563227
2,4532,0.00951835,0.01001856,2.82356240,0.04768006,2.53408900,2.58176906,0.24179333,8.563414
2,4533,0.00951935,0.01001609,2.82357241,0.04767334,2.53409960,2.58177294,0.24179947,8.563601
2,4534,0.00952035,0.01001363,2.82358243,0.04766663,2.53411020,2.58177683,0.24180560,8.563787
2,4535,0.00952135,0.01001117,2.82359244,0.04765992,2.53412080,2.58178072,0.24181172,8.563974
2,4536,0.00952235,0.01000871,2.82360245,0.04765321,2.53413140,2.58178461,0.24181784,8.564160
2,4537,0.00952335,0.01000625,2.82361246,0.04764650,2.53414190,2.58178840,0.24182406,8.564350
2,4538,0.00952435,0.01000379,2.82362246,0.04763979,2.53415250,2.58179229,0.24183018,8.564536
2,4539,0.00952535,0.01000133,2.82363246,0.04763308,2.53416310,2.58179618,0.24183629,8.564723
2,4540,0.00952635,0.00999887,2.82364246,0.04762637,2.53417370,2.58180007,0.24184239,8.564908
2,4541,0.00952735,0.00999641,2.82365246,0.04761967,2.53418430,2.58180397,0.24184849,8.565094
2,4542,0.00952835,0.00999396,2.82366246,0.04761296,2.53419490,2.58180786,0.24185459,8.565280
2,4543,0.00952935,0.00999150,2.82367245,0.04760626,2.53420540,2.58181166,0.24186079,8.565469
2,4544,0.00953035,0.00998905,2.82368244,0.04759956,2.53421600,2.58181556,0.24186688,8.565654
2,4545,0.00953135,0.00998659,2.82369243,0.04759286,2.53422660,2.58181946,0.24187297,8.565840
2,4546,0.00953235,0.00998414,2.82370241,0.04758616,2.53423710,2.58182326,0.24187915,8.566028
2,4547,0.00953335,0.00998169,2.82371240,0.04757946,2.53424770,2.58182716,0.24188523,8.566214
2,4548,0.00953435,0.00997924,2.82372238,0.04757277,2.53425830,2.58183107,0.24189131,8.566398
2,4549,0.00953535,0.00997679,2.82373236,0.04756607,2.53426880,2.58183487,0.24189748,8.566587
2,4550,0.00953635,0.00997434,2.82374233,0.04755938,2.53427940,2.58183878,0.24190355,8.566771
2,4551,0.00953735,0.00997189,2.82375230,0.04755269,2.53428990,2.58184259,0.24190972,8.566960
2,4552,0.00953835,0.00996944,2.82376227,0.04754600,2.53430050,2.58184650,0.24191578,8.567144
2,4553,0.00953935,0.00996699,2.82377224,0.04753931,2.53431100,2.58185031,0.24192194,8.567332
2,4554,0.00954035,0.00996454,2.82378221,0.04753262,2.53432160,2.58185422,0.24192799,8.567516
2,4555,0.00954135,0.00996210,2.82379217,0.04752593,2.53433210,2.58185803,0.24193414,8.567703
2,4556,0.00954235,0.00995965,2.82380213,0.04751925,2.53434270,2.58186195,0.24194019,8.567887
2,4557,0.00954335,0.00995721,2.82381209,0.04751256,2.53435320,2.58186576,0.24194633,8.568075
2,4558,0.00954435,0.00995477,2.82382205,0.04750588,2.53436380,2.58186968,0.24195237,8.568258
2,4559,0.00954535,0.00995232,2.82383200,0.04749920,2.53437430,2.58187350,0.24195850,8.568445
2,4560,0.00954635,0.00994988,2.82384195,0.04749252,2.53438480,2.58187732,0.24196463,8.568632
2,4561,0.00954735,0.00994744,2.82385190,0.04748584,2.53439530,2.58188114,0.24197076,8.568819
2,4562,0.00954835,0.00994500,2.82386185,0.04747916,2.53440590,2.58188506,0.24197679,8.569002
2,4563,0.00954935,0.00994256,2.82387179,0.04747248,2.53441640,2.58188888,0.24198291,8.569189
2,4564,0.00955035,0.00994012,2.82388173,0.04746581,2.53442690,2.58189271,0.24198902,8.569375
2,4565,0.00955135,0.00993768,2.82389167,0.04745913,2.53443740,2.58189653,0.24199514,8.569562
2,4566,0.00955235,0.00993524,2.82390161,0.04745246,2.53444800,2.58190046,0.24200115,8.569744
2,4567,0.00955335,0.00993281,2.82391154,0.04744579,2.53445850,2.58190429,0.24200725,8.569930
2,4568,0.00955435,0.00993037,2.82392147,0.04743912,2.53446900,2.58190812,0.24201335,8.570116
2,4569,0.00955535,0.00992794,2.82393140,0.04743245,2.53447950,2.58191195,0.24201945,8.570302
2,4570,0.00955635,0.00992550,2.82394133,0.04742578,2.53449000,2.58191578,0.24202555,8.570488
2,4571,0.00955735,0.00992307,2.82395125,0.04741912,2.53450050,2.58191962,0.24203164,8.570673
2,4572,0.00955835,0.00992064,2.82396117,0.04741245,2.53451100,2.58192345,0.24203772,8.570859
2,4573,0.00955935,0.00991820,2.82397109,0.04740579,2.53452150,2.58192729,0.24204381,8.571044
2,4574,0.00956035,0.00991577,2.82398101,0.04739913,2.53453200,2.58193113,0.24204989,8.571229
2,4575,0.00956135,0.00991334,2.82399093,0.04739247,2.53454250,2.58193497,0.24205596,8.571414
2,4576,0.00956235,0.00991091,2.82400084,0.04738581,2.53455300,2.58193881,0.24206203,8.571599
2,4577,0.00956335,0.00990848,2.82401075,0.04737915,2.53456350,2.58194265,0.24206810,8.571784
2,4578,0.00956435,0.00990606,2.82402066,0.04737249,2.53457400,2.58194649,0.24207417,8.571969
2,4579,0.00956535,0.00990363,2.82403056,0.04736583,2.53458450,2.58195033,0.24208023,8.572153
2,4580,0.00956635,0.00990120,2.82404046,0.04735918,2.53459490,2.58195408,0.24208638,8.572341
2,4581,0.00956735,0.00989878,2.82405036,0.04735253,2.53460540,2.58195793,0.24209244,8.572525
2,4582,0.00956835,0.00989635,2.82406026,0.04734587,2.53461590,2.58196177,0.24209849,8.572710
2,4583,0.00956935,0.00989393,2.82407015,0.04733922,2.53462640,2.58196562,0.24210453,8.572894
2,4584,0.00957035,0.00989150,2.82408005,0.04733257,2.53463680,2.58196937,0.24211067,8.573081
2,4585,0.00957135,0.00988907,2.82408994,0.04732589,2.53464740,2.58197329,0.24211665,8.573263
2,4586,0.00957235,0.00988665,2.82409983,0.04731925,2.53465780,2.58197705,0.24212278,8.573450
2,4587,0.00957335,0.00988424,2.82410971,0.04731262,2.53466830,2.58198092,0.24212879,8.573633
2,4588,0.00957435,0.00988182,2.82411959,0.04730598,2.53467880,2.58198478,0.24213482,8.573816
2,4589,0.00957535,0.00987939,2.82412947,0.04729933,2.53468930,2.58198863,0.24214085,8.574000
2,4590,0.00957635,0.00987697,2.82413935,0.04729268,2.53469980,2.58199248,0.24214688,8.574183
2,4591,0.00957735,0.00987456,2.82414923,0.04728603,2.53471030,2.58199633,0.24215290,8.574366
2,4592,0.00957835,0.00987214,2.82415910,0.04727939,2.53472070,2.58200009,0.24215901,8.574553
2,4593,0.00957935,0.00986972,2.82416897,0.04727275,2.53473120,2.58200395,0.24216503,8.574736
2,4594,0.00958035,0.00986730,2.82417884,0.04726610,2.53474170,2.58200780,0.24217104,8.574919
2,4595,0.00958135,0.00986489,2.82418871,0.04725947,2.53475210,2.58201157,0.24217714,8.575105
2,4596,0.00958235,0.00986247,2.82419857,0.04725283,2.53476260,2.58201543,0.24218314,8.575287
2,4597,0.00958335,0.00986006,2.82420843,0.04724619,2.53477310,2.58201929,0.24218914,8.575470
2,4598,0.00958435,0.00985764,2.82421829,0.04723955,2.53478350,2.58202305,0.24219524,8.575656
2,4599,0.00958535,0.00985523,2.82422815,0.04723292,2.53479400,2.58202692,0.24220123,8.575838
2,4600,0.00958635,0.00985282,2.82423800,0.04722628,2.53480450,2.58203078,0.24220722,8.576020
2,4601,0.00958735,0.00985041,2.82424785,0.04721965,2.53481490,2.58203455,0.24221330,8.576206
2,4602,0.00958835,0.00984800,2.82425770,0.04721302,2.53482540,2.58203842,0.24221928,8.576387
2,4603,0.00958935,0.00984559,2.82426755,0.04720639,2.53483580,2.58204219,0.24222536,8.576573
2,4604,0.00959035,0.00984318,2.82427739,0.04719976,2.53484630,2.58204606,0.24223133,8.576754
2,4605,0.00959135,0.00984077,2.82428724,0.04719314,2.53485670,2.58204984,0.24223740,8.576939
2,4606,0.00959235,0.00983836,2.82429708,0.04718651,2.53486710,2.58205361,0.24224347,8.577124
2,4607,0.00959335,0.00983596,2.82430691,0.04717989,2.53487760,2.58205749,0.24224943,8.577305
2,4608,0.00959435,0.00983355,2.82431675,0.04717326,2.53488800,2.58206126,0.24225549,8.577490
2,4609,0.00959535,0.00983115,2.82432658,0.04716664,2.53489850,2.58206514,0.24226144,8.577671
2,4610,0.00959635,0.00982874,2.82433641,0.04716002,2.53490890,2.58206892,0.24226749,8.577855
2,4611,0.00959735,0.00982634,2.82434624,0.04715340,2.53491930,2.58207270,0.24227354,8.578040
2,4612,0.00959835,0.00982394,2.82435606,0.04714678,2.53492980,2.58207658,0.24227948,8.578220
2,4613,0.00959935,0.00982153,2.82436589,0.04714016,2.53494020,2.58208036,0.24228552,8.578404
2,4614,0.00960035,0.00981913,2.82437571,0.04713355,2.53495060,2.58208415,0.24229156,8.578588
2,4615,0.00960135,0.00981673,2.82438552,0.04712693,2.53496100,2.58208793,0.24229759,8.578772
2,4616,0.00960235,0.00981433,2.82439534,0.04712032,2.53497140,2.58209172,0.24230362,8.578955
2,4617,0.00960335,0.00981193,2.82440515,0.04711371,2.53498190,2.58209561,0.24230954,8.579135
2,4618,0.00960435,0.00980953,2.82441496,0.04710710,2.53499230,2.58209940,0.24231556,8.579319
2,4619,0.00960535,0.00980714,2.82442477,0.04710049,2.53500270,2.58210319,0.24232158,8.579502
2,4620,0.00960635,0.00980474,2.82443458,0.04709388,2.53501310,2.58210698,0.24232760,8.579685
2,4621,0.00960735,0.00980234,2.82444438,0.04708727,2.53502350,2.58211077,0.24233361,8.579868
2,4622,0.00960835,0.00979995,2.82445418,0.04708067,2.53503390,2.58211457,0.24233961,8.580051
2,4623,0.00960935,0.00979756,2.82446398,0.04707406,2.53504430,2.58211836,0.24234562,8.580234
2,4624,0.00961035,0.00979516,2.82447378,0.04706746,2.53505470,2.58212216,0.24235162,8.580417
2,4625,0.00961135,0.00979277,2.82448357,0.04706086,2.53506510,2.58212596,0.24235761,8.580599
2,4626,0.00961235,0.00979038,2.82449336,0.04705426,2.53507550,2.58212976,0.24236360,8.580782
2,4627,0.00961335,0.00978799,2.82450315,0.04704766,2.53508590,2.58213356,0.24236959,8.580964
2,4628,0.00961435,0.00978559,2.82451294,0.04704106,2.53509630,2.58213736,0.24237558,8.581146
2,4629,0.00961535,0.00978320,2.82452272,0.04703446,2.53510670,2.58214116,0.24238156,8.581328
2,4630,0.00961635,0.00978082,2.82453250,0.04702787,2.53511700,2.58214487,0.24238764,8.581513
2,4631,0.00961735,0.00977843,2.82454228,0.04702127,2.53512740,2.58214867,0.24239361,8.581695
2,4632,0.00961835,0.00977604,2.82455206,0.04701468,2.53513780,2.58215248,0.24239958,8.581877
2,4633,0.00961935,0.00977365,2.82456184,0.04700809,2.53514820,2.58215629,0.24240555,8.582058
2,4634,0.00962035,0.00977127,2.82457161,0.04700150,2.53515850,2.58216000,0.24241161,8.582243
2,4635,0.00962135,0.00976888,2.82458138,0.04699491,2.53516890,2.58216381,0.24241757,8.582425
2,4636,0.00962235,0.00976650,2.82459115,0.04698832,2.53517930,2.58216762,0.24242352,8.582606
2,4637,0.00962335,0.00976411,2.82460091,0.04698174,2.53518970,2.58217144,0.24242948,8.582787
2,4638,0.00962435,0.00976173,2.82461067,0.04697515,2.53520000,2.58217515,0.24243553,8.582971
2,4639,0.00962535,0.00975935,2.82462044,0.04696857,2.53521040,2.58217897,0.24244147,8.583152
2,4640,0.00962635,0.00975697,2.82463019,0.04696199,2.53522070,2.58218269,0.24244750,8.583336
2,4641,0.00962735,0.00975459,2.82463995,0.04695542,2.53523110,2.58218652,0.24245343,8.583516
2,4642,0.00962835,0.00975221,2.82464970,0.04694884,2.53524150,2.58219034,0.24245936,8.583697
2,4643,0.00962935,0.00974983,2.82465945,0.04694227,2.53525180,2.58219407,0.24246538,8.583880
2,4644,0.00963035,0.00974746,2.82466920,0.04693570,2.53526220,2.58219790,0.24247130,8.584060
2,4645,0.00963135,0.00974508,2.82467895,0.04692913,2.53527250,2.58220163,0.24247732,8.584244
2,4646,0.00963235,0.00974270,2.82468869,0.04692256,2.53528290,2.58220546,0.24248323,8.584423
2,4647,0.00963335,0.00974033,2.82469843,0.04691599,2.53529320,2.58220919,0.24248924,8.584606
2,4648,0.00963435,0.00973795,2.82470817,0.04690943,2.53530350,2.58221293,0.24249525,8.584789
2,4649,0.00963535,0.00973558,2.82471791,0.04690286,2.53531390,2.58221676,0.24250115,8.584969
2,4650,0.00963635,0.00973321,2.82472764,0.04689630,2.53532420,2.58222050,0.24250715,8.585151
2,4651,0.00963735,0.00973084,2.82473738,0.04688974,2.53533460,2.58222434,0.24251304,8.585331
2,4652,0.00963835,0.00972847,2.82474711,0.04688317,2.53534490,2.58222807,0.24251903,8.585513
2,4653,0.00963935,0.00972610,2.82475683,0.04687661,2.53535520,2.58223181,0.24252502,8.585695
2,4654,0.00964035,0.00972373,2.82476656,0.04687006,2.53536560,2.58223565,0.24253090,8.585874
2,4655,0.00964135,0.00972136,2.82477628,0.04686350,2.53537590,2.58223940,0.24253688,8.586056
2,4656,0.00964235,0.00971899,2.82478600,0.04685694,2.53538620,2.58224314,0.24254286,8.586238
2,4657,0.00964335,0.00971662,2.82479572,0.04685039,2.53539650,2.58224689,0.24254883,8.586420
2,4658,0.00964435,0.00971425,2.82480543,0.04684383,2.53540680,2.58225063,0.24255480,8.586602
2,4659,0.00964535,0.00971189,2.82481515,0.04683728,2.53541720,2.58225448,0.24256067,8.586780
2,4660,0.00964635,0.00970952,2.82482486,0.04683073,2.53542750,2.58225823,0.24256663,8.586962
2,4661,0.00964735,0.00970716,2.82483457,0.04682418,2.53543780,2.58226198,0.24257259,8.587143
2,4662,0.00964835,0.00970480,2.82484427,0.04681763,2.53544810,2.58226573,0.24257854,8.587324
2,4663,0.00964935,0.00970243,2.82485398,0.04681108,2.53545840,2.58226948,0.24258449,8.587506
2,4664,0.00965035,0.00970007,2.82486368,0.04680454,2.53546870,2.58227324,0.24259044,8.587687
2,4665,0.00965135,0.00969771,2.82487338,0.04679799,2.53547900,2.58227699,0.24259638,8.587868
2,4666,0.00965235,0.00969535,2.82488307,0.04679145,2.53548930,2.58228075,0.24260232,8.588048
2,4667,0.00965335,0.00969299,2.82489277,0.04678491,2.53549960,2.58228451,0.24260826,8.588229
2,4668,0.00965435,0.00969063,2.82490246,0.04677836,2.53550990,2.58228827,0.24261419,8.588410
2,4669,0.00965535,0.00968827,2.82491215,0.04677183,2.53552020,2.58229203,0.24262012,8.588590
2,4670,0.00965635,0.00968591,2.82492184,0.04676529,2.53553050,2.58229579,0.24262605,8.588770
2,4671,0.00965735,0.00968356,2.82493152,0.04675875,2.53554080,2.58229955,0.24263197,8.588951
2,4672,0.00965835,0.00968120,2.82494120,0.04675221,2.53555100,2.58230321,0.24263799,8.589134
2,4673,0.00965935,0.00967885,2.82495088,0.04674568,2.53556130,2.58230698,0.24264390,8.589314
2,4674,0.00966035,0.00967649,2.82496056,0.04673914,2.53557160,2.58231074,0.24264982,8.589494
2,4675,0.00966135,0.00967414,2.82497024,0.04673261,2.53558190,2.58231451,0.24265572,8.589674
2,4676,0.00966235,0.00967178,2.82497991,0.04672608,2.53559220,2.58231828,0.24266163,8.589853
2,4677,0.00966335,0.00966943,2.82498958,0.04671955,2.53560240,2.58232195,0.24266763,8.590036
2,4678,0.00966435,0.00966708,2.82499925,0.04671302,2.53561270,2.58232572,0.24267353,8.590216
2,4679,0.00966535,0.00966473,2.82500891,0.04670649,2.53562300,2.58232949,0.24267942,8.590395
2,4680,0.00966635,0.00966238,2.82501858,0.04669997,2.53563320,2.58233317,0.24268541,8.590577
2,4681,0.00966735,0.00966003,2.82502824,0.04669344,2.53564350,2.58233694,0.24269129,8.590756
2,4682,0.00966835,0.00965768,2.82503790,0.04668692,2.53565380,2.58234072,0.24269718,8.590935
2,4683,0.00966935,0.00965533,2.82504755,0.04668040,2.53566400,2.58234440,0.24270316,8.591118
2,4684,0.00967035,0.00965299,2.82505721,0.04667388,2.53567430,2.58234818,0.24270903,8.591296
2,4685,0.00967135,0.00965064,2.82506686,0.04666736,2.53568450,2.58235186,0.24271500,8.591478
2,4686,0.00967235,0.00964829,2.82507651,0.04666084,2.53569480,2.58235564,0.24272087,8.591657
2,4687,0.00967335,0.00964595,2.82508616,0.04665432,2.53570500,2.58235932,0.24272684,8.591838
2,4688,0.00967435,0.00964361,2.82509580,0.04664780,2.53571530,2.58236310,0.24273270,8.592016
2,4689,0.00967535,0.00964126,2.82510544,0.04664129,2.53572550,2.58236679,0.24273865,8.592198
2,4690,0.00967635,0.00963892,2.82511508,0.04663478,2.53573570,2.58237047,0.24274461,8.592379
2,4691,0.00967735,0.00963658,2.82512472,0.04662826,2.53574600,2.58237426,0.24275046,8.592557
2,4692,0.00967835,0.00963424,2.82513436,0.04662175,2.53575620,2.58237795,0.24275641,8.592738
2,4693,0.00967935,0.00963190,2.82514399,0.04661524,2.53576650,2.58238174,0.24276225,8.592916
2,4694,0.00968035,0.00962956,2.82515362,0.04660873,2.53577670,2.58238543,0.24276819,8.593097
2,4695,0.00968135,0.00962722,2.82516325,0.04660223,2.53578690,2.58238912,0.24277412,8.593278
2,4696,0.00968235,0.00962488,2.82517287,0.04659572,2.53579710,2.58239282,0.24278006,8.593458
2,4697,0.00968335,0.00962254,2.82518250,0.04658921,2.53580740,2.58239661,0.24278588,8.593635
2,4698,0.00968435,0.00962020,2.82519212,0.04658271,2.53581760,2.58240031,0.24279181,8.593816
2,4699,0.00968535,0.00961787,2.82520174,0.04657621,2.53582780,2.58240401,0.24279773,8.593996
2,4700,0.00968635,0.00961553,2.82521136,0.04656971,2.53583800,2.58240771,0.24280365,8.594176
2,4701,0.00968735,0.00961320,2.82522097,0.04656321,2.53584820,2.58241141,0.24280956,8.594357
2,4702,0.00968835,0.00961086,2.82523058,0.04655671,2.53585850,2.58241521,0.24281537,8.594533
2,4703,0.00968935,0.00960853,2.82524019,0.04655021,2.53586870,2.58241891,0.24282128,8.594713
2,4704,0.00969035,0.00960620,2.82524980,0.04654371,2.53587890,2.58242261,0.24282719,8.594893
2,4705,0.00969135,0.00960387,2.82525940,0.04653722,2.53588910,2.58242632,0.24283309,8.595072
2,4706,0.00969235,0.00960154,2.82526901,0.04653072,2.53589930,2.58243002,0.24283898,8.595252
2,4707,0.00969335,0.00959920,2.82527861,0.04652422,2.53590950,2.58243371,0.24284489,8.595432
2,4708,0.00969435,0.00959687,2.82528820,0.04651771,2.53591970,2.58243741,0.24285080,8.595611
2,4709,0.00969535,0.00959454,2.82529780,0.04651121,2.53592990,2.58244111,0.24285669,8.595791
2,4710,0.00969635,0.00959221,2.82530739,0.04650471,2.53594010,2.58244481,0.24286258,8.595970
2,4711,0.00969735,0.00958988,2.82531698,0.04649821,2.53595030,2.58244851,0.24286847,8.596150
2,4712,0.00969835,0.00958755,2.82532657,0.04649171,2.53596050,2.58245221,0.24287436,8.596329
2,4713,0.00969935,0.00958522,2.82533616,0.04648521,2.53597070,2.58245591,0.24288025,8.596508
2,4714,0.00970035,0.00958290,2.82534574,0.04647872,2.53598090,2.58245962,0.24288613,8.596687
2,4715,0.00970135,0.00958057,2.82535533,0.04647222,2.53599110,2.58246332,0.24289201,8.596866
2,4716,0.00970235,0.00957824,2.82536491,0.04646572,2.53600120,2.58246692,0.24289798,8.597048
2,4717,0.00970335,0.00957592,2.82537448,0.04645923,2.53601140,2.58247063,0.24290385,8.597227
2,4718,0.00970435,0.00957359,2.82538406,0.04645274,2.53602160,2.58247434,0.24290972,8.597405
2,4719,0.00970535,0.00957127,2.82539363,0.04644625,2.53603180,2.58247805,0.24291558,8.597584
2,4720,0.00970635,0.00956894,2.82540320,0.04643976,2.53604200,2.58248176,0.24292144,8.597762
2,4721,0.00970735,0.00956662,2.82541277,0.04643327,2.53605210,2.58248537,0.24292740,8.597944
2,4722,0.00970835,0.00956430,2.82542233,0.04642678,2.53606230,2.58248908,0.24293325,8.598122
2,4723,0.00970935,0.00956198,2.82543190,0.04642030,2.53607250,2.58249280,0.24293910,8.598300
2,4724,0.00971035,0.00955966,2.82544146,0.04641381,2.53608260,2.58249641,0.24294504,8.598481
2,4725,0.00971135,0.00955734,2.82545102,0.04640733,2.53609280,2.58250013,0.24295089,8.598659
2,4726,0.00971235,0.00955502,2.82546057,0.04640085,2.53610300,2.58250385,0.24295673,8.598836
2,4727,0.00971335,0.00955270,2.82547013,0.04639436,2.53611310,2.58250746,0.24296266,8.599017
2,4728,0.00971435,0.00955038,2.82547968,0.04638788,2.53612330,2.58251118,0.24296849,8.599194
2,4729,0.00971535,0.00954807,2.82548923,0.04638141,2.53613340,2.58251481,0.24297442,8.599375
2,4730,0.00971635,0.00954575,2.82549877,0.04637493,2.53614360,2.58251853,0.24298025,8.599552
2,4731,0.00971735,0.00954344,2.82550832,0.04636845,2.53615370,2.58252215,0.24298617,8.599733
2,4732,0.00971835,0.00954112,2.82551786,0.04636198,2.53616390,2.58252588,0.24299198,8.599910
2,4733,0.00971935,0.00953881,2.82552740,0.04635550,2.53617400,2.58252950,0.24299790,8.600090
2,4734,0.00972035,0.00953650,2.82553694,0.04634903,2.53618420,2.58253323,0.24300371,8.600267
2,4735,0.00972135,0.00953418,2.82554647,0.04634256,2.53619430,2.58253686,0.24300961,8.600447
2,4736,0.00972235,0.00953187,2.82555601,0.04633609,2.53620450,2.58254059,0.24301542,8.600623
2,4737,0.00972335,0.00952956,2.82556554,0.04632962,2.53621460,2.58254422,0.24302132,8.600803
2,4738,0.00972435,0.00952725,2.82557507,0.04632315,2.53622470,2.58254785,0.24302721,8.600982
2,4739,0.00972535,0.00952494,2.82558459,0.04631669,2.53623490,2.58255158,0.24303301,8.601158
2,4740,0.00972635,0.00952263,2.82559411,0.04631022,2.53624500,2.58255522,0.24303889,8.601338
2,4741,0.00972735,0.00952032,2.82560364,0.04630376,2.53625510,2.58255886,0.24304478,8.601517
2,4742,0.00972835,0.00951802,2.82561316,0.04629729,2.53626520,2.58256249,0.24305066,8.601696
2,4743,0.00972935,0.00951571,2.82562267,0.04629083,2.53627540,2.58256623,0.24305644,8.601872
2,4744,0.00973035,0.00951340,2.82563219,0.04628437,2.53628550,2.58256987,0.24306232,8.602051
2,4745,0.00973135,0.00951110,2.82564170,0.04627791,2.53629560,2.58257351,0.24306819,8.602230
2,4746,0.00973235,0.00950879,2.82565121,0.04627145,2.53630570,2.58257715,0.24307406,8.602408
2,4747,0.00973335,0.00950649,2.82566072,0.04626500,2.53631580,2.58258080,0.24307992,8.602587
2,4748,0.00973435,0.00950419,2.82567022,0.04625854,2.53632590,2.58258444,0.24308578,8.602765
2,4749,0.00973535,0.00950189,2.82567973,0.04625209,2.53633600,2.58258809,0.24309164,8.602944
2,4750,0.00973635,0.00949958,2.82568923,0.04624563,2.53634610,2.58259173,0.24309749,8.603122
2,4751,0.00973735,0.00949728,2.82569872,0.04623918,2.53635620,2.58259538,0.24310334,8.603300
2,4752,0.00973835,0.00949498,2.82570822,0.04623273,2.53636630,2.58259903,0.24310919,8.603478
2,4753,0.00973935,0.00949268,2.82571771,0.04622628,2.53637640,2.58260268,0.24311503,8.603656
2,4754,0.00974035,0.00949039,2.82572721,0.04621983,2.53638650,2.58260633,0.24312087,8.603834
2,4755,0.00974135,0.00948809,2.82573670,0.04621339,2.53639660,2.58260999,0.24312671,8.604011
2,4756,0.00974235,0.00948579,2.82574618,0.04620694,2.53640670,2.58261364,0.24313254,8.604189
2,4757,0.00974335,0.00948349,2.82575567,0.04620050,2.53641680,2.58261730,0.24313837,8.604366
2,4758,0.00974435,0.00948120,2.82576515,0.04619405,2.53642690,2.58262095,0.24314420,8.604544
2,4759,0.00974535,0.00947890,2.82577463,0.04618761,2.53643700,2.58262461,0.24315002,8.604721
2,4760,0.00974635,0.00947661,2.82578411,0.04618117,2.53644710,2.58262827,0.24315584,8.604898
2,4761,0.00974735,0.00947432,2.82579358,0.04617473,2.53645710,2.58263183,0.24316175,8.605078
2,4762,0.00974835,0.00947202,2.82580306,0.04616829,2.53646720,2.58263549,0.24316756,8.605255
2,4763,0.00974935,0.00946973,2.82581253,0.04616186,2.53647730,2.58263916,0.24317337,8.605432
2,4764,0.00975035,0.00946744,2.82582199,0.04615542,2.53648740,2.58264282,0.24317917,8.605608
2,4765,0.00975135,0.00946515,2.82583146,0.04614899,2.53649740,2.58264638,0.24318508,8.605788
2,4766,0.00975235,0.00946286,2.82584093,0.04614255,2.53650750,2.58265005,0.24319087,8.605965
2,4767,0.00975335,0.00946057,2.82585039,0.04613612,2.53651760,2.58265372,0.24319667,8.606141
2,4768,0.00975435,0.00945828,2.82585985,0.04612969,2.53652760,2.58265729,0.24320256,8.606321
2,4769,0.00975535,0.00945599,2.82586930,0.04612326,2.53653770,2.58266096,0.24320834,8.606497
2,4770,0.00975635,0.00945371,2.82587876,0.04611683,2.53654780,2.58266463,0.24321413,8.606672
2,4771,0.00975735,0.00945142,2.82588821,0.04611040,2.53655780,2.58266820,0.24322001,8.606852
2,4772,0.00975835,0.00944913,2.82589766,0.04610398,2.53656790,2.58267188,0.24322578,8.607027
2,4773,0.00975935,0.00944685,2.82590711,0.04609755,2.53657790,2.58267545,0.24323166,8.607206
2,4774,0.00976035,0.00944457,2.82591655,0.04609113,2.53658800,2.58267913,0.24323743,8.607382
2,4775,0.00976135,0.00944228,2.82592600,0.04608471,2.53659800,2.58268271,0.24324329,8.607561
2,4776,0.00976235,0.00944000,2.82593544,0.04607828,2.53660810,2.58268638,0.24324906,8.607736
2,4777,0.00976335,0.00943772,2.82594488,0.04607186,2.53661810,2.58268996,0.24325491,8.607914
2,4778,0.00976435,0.00943544,2.82595431,0.04606544,2.53662810,2.58269355,0.24326077,8.608093
2,4779,0.00976535,0.00943316,2.82596375,0.04605903,2.53663820,2.58269723,0.24326652,8.608268
2,4780,0.00976635,0.00943088,2.82597318,0.04605261,2.53664820,2.58270081,0.24327237,8.608446
2,4781,0.00976735,0.00942860,2.82598261,0.04604620,2.53665820,2.58270440,0.24327821,8.608624
2,4782,0.00976835,0.00942632,2.82599204,0.04603978,2.53666830,2.58270808,0.24328396,8.608798
2,4783,0.00976935,0.00942404,2.82600146,0.04603337,2.53667830,2.58271167,0.24328979,8.608976
2,4784,0.00977035,0.00942176,2.82601089,0.04602696,2.53668830,2.58271526,0.24329563,8.609154
2,4785,0.00977135,0.00941949,2.82602031,0.04602055,2.53669840,2.58271895,0.24330136,8.609328
2,4786,0.00977235,0.00941721,2.82602973,0.04601414,2.53670840,2.58272254,0.24330719,8.609506
2,4787,0.00977335,0.00941494,2.82603914,0.04600773,2.53671840,2.58272613,0.24331301,8.609683
2,4788,0.00977435,0.00941266,2.82604856,0.04600132,2.53672840,2.58272972,0.24331883,8.609860
2,4789,0.00977535,0.00941039,2.82605797,0.04599492,2.53673840,2.58273332,0.24332465,8.610037
2,4790,0.00977635,0.00940812,2.82606738,0.04598851,2.53674840,2.58273691,0.24333046,8.610215
2,4791,0.00977735,0.00940584,2.82607678,0.04598211,2.53675840,2.58274051,0.24333627,8.610391
2,4792,0.00977835,0.00940357,2.82608619,0.04597571,2.53676840,2.58274411,0.24334208,8.610568
2,4793,0.00977935,0.00940130,2.82609559,0.04596931,2.53677850,2.58274781,0.24334778,8.610741
2,4794,0.00978035,0.00939903,2.82610499,0.04596291,2.53678850,2.58275141,0.24335358,8.610918
2,4795,0.00978135,0.00939676,2.82611439,0.04595651,2.53679850,2.58275501,0.24335938,8.611094
2,4796,0.00978235,0.00939449,2.82612378,0.04595011,2.53680850,2.58275861,0.24336517,8.611271
2,4797,0.00978335,0.00939223,2.82613318,0.04594372,2.53681850,2.58276222,0.24337096,8.611447
2,4798,0.00978435,0.00938996,2.82614257,0.04593732,2.53682840,2.58276572,0.24337685,8.611627
2,4799,0.00978535,0.00938769,2.82615196,0.04593093,2.53683840,2.58276933,0.24338263,8.611803
2,4800,0.00978635,0.00938543,2.82616134,0.04592454,2.53684840,2.58277294,0.24338841,8.611978
2,4801,0.00978735,0.00938316,2.82617073,0.04591815,2.53685840,2.58277655,0.24339418,8.612154
2,4802,0.00978835,0.00938090,2.82618011,0.04591176,2.53686840,2.58278016,0.24339995,8.612330
2,4803,0.00978935,0.00937864,2.82618949,0.04590537,2.53687840,2.58278377,0.24340572,8.612505
2,4804,0.00979035,0.00937637,2.82619887,0.04589898,2.53688840,2.58278738,0.24341149,8.612681
2,4805,0.00979135,0.00937411,2.82620824,0.04589259,2.53689830,2.58279089,0.24341735,8.612860
2,4806,0.00979235,0.00937185,2.82621762,0.04588621,2.53690830,2.58279451,0.24342311,8.613035
2,4807,0.00979335,0.00936959,2.82622699,0.04587983,2.53691830,2.58279813,0.24342886,8.613210
2,4808,0.00979435,0.00936733,2.82623635,0.04587344,2.53692830,2.58280174,0.24343461,8.613385
2,4809,0.00979535,0.00936507,2.82624572,0.04586706,2.53693820,2.58280526,0.24344046,8.613563
2,4810,0.00979635,0.00936281,2.82625508,0.04586068,2.53694820,2.58280888,0.24344620,8.613738
2,4811,0.00979735,0.00936055,2.82626445,0.04585430,2.53695810,2.58281240,0.24345204,8.613916
2,4812,0.00979835,0.00935830,2.82627381,0.04584792,2.53696810,2.58281603,0.24345778,8.614090
2,4813,0.00979935,0.00935604,2.82628316,0.04584155,2.53697810,2.58281965,0.24346351,8.614265
2,4814,0.00980035,0.00935378,2.82629252,0.04583517,2.53698800,2.58282317,0.24346934,8.614443
2,4815,0.00980135,0.00935153,2.82630187,0.04582880,2.53699800,2.58282680,0.24347507,8.614617
2,4816,0.00980235,0.00934927,2.82631122,0.04582243,2.53700790,2.58283033,0.24348089,8.614794
2,4817,0.00980335,0.00934702,2.82632057,0.04581606,2.53701790,2.58283395,0.24348661,8.614968
2,4818,0.00980435,0.00934477,2.82632992,0.04580969,2.53702780,2.58283749,0.24349243,8.615145
2,4819,0.00980535,0.00934252,2.82633926,0.04580332,2.53703780,2.58284112,0.24349814,8.615319
2,4820,0.00980635,0.00934026,2.82634860,0.04579695,2.53704770,2.58284465,0.24350395,8.615496
2,4821,0.00980735,0.00933801,2.82635794,0.04579058,2.53705770,2.58284828,0.24350966,8.615669
2,4822,0.00980835,0.00933576,2.82636728,0.04578422,2.53706760,2.58285181,0.24351546,8.615846
2,4823,0.00980935,0.00933351,2.82637661,0.04577785,2.53707750,2.58285535,0.24352126,8.616023
2,4824,0.00981035,0.00933127,2.82638594,0.04577149,2.53708750,2.58285899,0.24352696,8.616196
2,4825,0.00981135,0.00932902,2.82639527,0.04576513,2.53709740,2.58286253,0.24353275,8.616373
2,4826,0.00981235,0.00932677,2.82640460,0.04575876,2.53710730,2.58286606,0.24353854,8.616549
2,4827,0.00981335,0.00932452,2.82641393,0.04575241,2.53711730,2.58286971,0.24354422,8.616722
2,4828,0.00981435,0.00932228,2.82642325,0.04574605,2.53712720,2.58287325,0.24355000,8.616898
2,4829,0.00981535,0.00932003,2.82643257,0.04573969,2.53713710,2.58287679,0.24355578,8.617074
2,4830,0.00981635,0.00931779,2.82644189,0.04573333,2.53714700,2.58288033,0.24356156,8.617250
2,4831,0.00981735,0.00931555,2.82645121,0.04572698,2.53715690,2.58288388,0.24356733,8.617426
2,4832,0.00981835,0.00931330,2.82646052,0.04572063,2.53716690,2.58288753,0.24357300,8.617598
2,4833,0.00981935,0.00931106,2.82646983,0.04571427,2.53717680,2.58289107,0.24357876,8.617773
2,4834,0.00982035,0.00930882,2.82647914,0.04570792,2.53718670,2.58289462,0.24358452,8.617949
2,4835,0.00982135,0.00930658,2.82648845,0.04570157,2.53719660,2.58289817,0.24359028,8.618124
2,4836,0.00982235,0.00930434,2.82649776,0.04569522,2.53720650,2.58290172,0.24359603,8.618299
2,4837,0.00982335,0.00930210,2.82650706,0.04568888,2.53721640,2.58290528,0.24360178,8.618474
2,4838,0.00982435,0.00929986,2.82651636,0.04568253,2.53722630,2.58290883,0.24360753,8.618649
2,4839,0.00982535,0.00929762,2.82652566,0.04567619,2.53723620,2.58291239,0.24361327,8.618824
2,4840,0.00982635,0.00929538,2.82653496,0.04566984,2.53724610,2.58291594,0.24361902,8.618999
2,4841,0.00982735,0.00929315,2.82654425,0.04566350,2.53725600,2.58291950,0.24362475,8.619173
2,4842,0.00982835,0.00929091,2.82655354,0.04565716,2.53726590,2.58292306,0.24363049,8.619348
2,4843,0.00982935,0.00928868,2.82656283,0.04565082,2.53727580,2.58292662,0.24363622,8.619522
2,4844,0.00983035,0.00928644,2.82657212,0.04564448,2.53728570,2.58293018,0.24364194,8.619697
2,4845,0.00983135,0.00928421,2.82658141,0.04563814,2.53729550,2.58293364,0.24364777,8.619874
2,4846,0.00983235,0.00928197,2.82659069,0.04563180,2.53730540,2.58293720,0.24365349,8.620048
2,4847,0.00983335,0.00927974,2.82659997,0.04562547,2.53731530,2.58294077,0.24365920,8.620222
2,4848,0.00983435,0.00927751,2.82660925,0.04561913,2.53732520,2.58294433,0.24366491,8.620396
2,4849,0.00983535,0.00927528,2.82661852,0.04561280,2.53733510,2.58294790,0.24367062,8.620570
2,4850,0.00983635,0.00927305,2.82662780,0.04560647,2.53734490,2.58295137,0.24367643,8.620747
2,4851,0.00983735,0.00927082,2.82663707,0.04560014,2.53735480,2.58295494,0.24368213,8.620920
2,4852,0.00983835,0.00926859,2.82664634,0.04559381,2.53736470,2.58295851,0.24368783,8.621094
2,4853,0.00983935,0.00926636,2.82665561,0.04558748,2.53737450,2.58296198,0.24369363,8.621271
2,4854,0.00984035,0.00926413,2.82666487,0.04558115,2.53738440,2.58296555,0.24369932,8.621444
2,4855,0.00984135,0.00926191,2.82667414,0.04557483,2.53739430,2.58296913,0.24370501,8.621617
2,4856,0.00984235,0.00925968,2.82668340,0.04556850,2.53740410,2.58297260,0.24371079,8.621793
2,4857,0.00984335,0.00925745,2.82669266,0.04556218,2.53741400,2.58297618,0.24371648,8.621966
2,4858,0.00984435,0.00925523,2.82670191,0.04555586,2.53742380,2.58297966,0.24372226,8.622142
2,4859,0.00984535,0.00925301,2.82671117,0.04554953,2.53743370,2.58298324,0.24372793,8.622315
2,4860,0.00984635,0.00925078,2.82672042,0.04554322,2.53744350,2.58298672,0.24373370,8.622491
2,4861,0.00984735,0.00924856,2.82672967,0.04553690,2.53745340,2.58299030,0.24373937,8.622663
2,4862,0.00984835,0.00924634,2.82673891,0.04553058,2.53746320,2.58299378,0.24374514,8.622839
2,4863,0.00984935,0.00924412,2.82674816,0.04552426,2.53747310,2.58299736,0.24375080,8.623011
2,4864,0.00985035,0.00924190,2.82675740,0.04551795,2.53748290,2.58300085,0.24375656,8.623186
2,4865,0.00985135,0.00923968,2.82676664,0.04551163,2.53749280,2.58300443,0.24376221,8.623358
2,4866,0.00985235,0.00923746,2.82677588,0.04550532,2.53750260,2.58300792,0.24376796,8.623533
2,4867,0.00985335,0.00923524,2.82678512,0.04549901,2.53751240,2.58301141,0.24377371,8.623709
2,4868,0.00985435,0.00923302,2.82679435,0.04549270,2.53752230,2.58301500,0.24377935,8.623880
2,4869,0.00985535,0.00923080,2.82680358,0.04548639,2.53753210,2.58301849,0.24378510,8.624055
2,4870,0.00985635,0.00922859,2.82681281,0.04548008,2.53754190,2.58302198,0.24379083,8.624230
2,4871,0.00985735,0.00922637,2.82682204,0.04547377,2.53755180,2.58302557,0.24379647,8.624401
2,4872,0.00985835,0.00922415,2.82683127,0.04546747,2.53756160,2.58302907,0.24380220,8.624576
2,4873,0.00985935,0.00922194,2.82684049,0.04546116,2.53757140,2.58303256,0.24380793,8.624750
2,4874,0.00986035,0.00921973,2.82684971,0.04545486,2.53758120,2.58303606,0.24381365,8.624924
2,4875,0.00986135,0.00921751,2.82685893,0.04544856,2.53759100,2.58303956,0.24381937,8.625099
2,4876,0.00986235,0.00921530,2.82686815,0.04544226,2.53760090,2.58304316,0.24382499,8.625269
2,4877,0.00986335,0.00921309,2.82687736,0.04543596,2.53761070,2.58304666,0.24383070,8.625443
2,4878,0.00986435,0.00921088,2.82688657,0.04542966,2.53762050,2.58305016,0.24383641,8.625617
2,4879,0.00986535,0.00920867,2.82689578,0.04542336,2.53763030,2.58305366,0.24384212,8.625791
2,4880,0.00986635,0.00920646,2.82690499,0.04541707,2.53764010,2.58305717,0.24384782,8.625965
2,4881,0.00986735,0.00920425,2.82691419,0.04541077,2.53764990,2.58306067,0.24385352,8.626138
2,4882,0.00986835,0.00920204,2.82692340,0.04540448,2.53765970,2.58306418,0.24385922,8.626312
2,4883,0.00986935,0.00919983,2.82693260,0.04539819,2.53766950,2.58306769,0.24386491,8.626485
2,4884,0.00987035,0.00919763,2.82694180,0.04539190,2.53767930,2.58307119,0.24387060,8.626658
2,4885,0.00987135,0.00919542,2.82695099,0.04538561,2.53768910,2.58307471,0.24387629,8.626831
2,4886,0.00987235,0.00919322,2.82696019,0.04537932,2.53769890,2.58307822,0.24388197,8.627004
2,4887,0.00987335,0.00919101,2.82696938,0.04537303,2.53770870,2.58308173,0.24388765,8.627177
2,4888,0.00987435,0.00918881,2.82697857,0.04536674,2.53771850,2.58308524,0.24389333,8.627350
2,4889,0.00987535,0.00918660,2.82698776,0.04536046,2.53772830,2.58308876,0.24389900,8.627522
2,4890,0.00987635,0.00918440,2.82699694,0.04535417,2.53773800,2.58309217,0.24390477,8.627698
2,4891,0.00987735,0.00918220,2.82700613,0.04534789,2.53774780,2.58309569,0.24391044,8.627871
2,4892,0.00987835,0.00918000,2.82701531,0.04534161,2.53775760,2.58309921,0.24391610,8.628043
2,4893,0.00987935,0.00917780,2.82702449,0.04533533,2.53776740,2.58310273,0.24392176,8.628215
2,4894,0.00988035,0.00917560,2.82703366,0.04532905,2.53777710,2.58310615,0.24392752,8.628391
2,4895,0.00988135,0.00917340,2.82704284,0.04532277,2.53778690,2.58310967,0.24393317,8.628563
2,4896,0.00988235,0.00917120,2.82705201,0.04531649,2.53779670,2.58311319,0.24393882,8.628735
2,4897,0.00988335,0.00916900,2.82706118,0.04531022,2.53780650,2.58311672,0.24394446,8.628906
2,4898,0.00988435,0.00916680,2.82707035,0.04530394,2.53781620,2.58312014,0.24395021,8.629082
2,4899,0.00988535,0.00916461,2.82707951,0.04529767,2.53782600,2.58312367,0.24395585,8.629253
2,4900,0.00988635,0.00916241,2.82708868,0.04529140,2.53783570,2.58312710,0.24396158,8.629428
2,4901,0.00988735,0.00916022,2.82709784,0.04528513,2.53784550,2.58313062,0.24396721,8.629599
2,4902,0.00988835,0.00915802,2.82710700,0.04527885,2.53785530,2.58313415,0.24397284,8.629770
2,4903,0.00988935,0.00915583,2.82711616,0.04527259,2.53786500,2.58313759,0.24397857,8.629945
2,4904,0.00989035,0.00915363,2.82712531,0.04526632,2.53787480,2.58314112,0.24398419,8.630116
2,4905,0.00989135,0.00915144,2.82713446,0.04526005,2.53788450,2.58314455,0.24398991,8.630290
2,4906,0.00989235,0.00914925,2.82714361,0.04525379,2.53789430,2.58314809,0.24399552,8.630461
2,4907,0.00989335,0.00914706,2.82715276,0.04524752,2.53790400,2.58315152,0.24400124,8.630635
2,4908,0.00989435,0.00914487,2.82716191,0.04524126,2.53791380,2.58315506,0.24400685,8.630806
2,4909,0.00989535,0.00914268,2.82717105,0.04523500,2.53792350,2.58315850,0.24401255,8.630979
2,4910,0.00989635,0.00914049,2.82718019,0.04522874,2.53793320,2.58316194,0.24401825,8.631153
2,4911,0.00989735,0.00913830,2.82718933,0.04522248,2.53794300,2.58316548,0.24402385,8.631323
2,4912,0.00989835,0.00913611,2.82719847,0.04521622,2.53795270,2.58316892,0.24402955,8.631497
2,4913,0.00989935,0.00913393,2.82720760,0.04520996,2.53796240,2.58317237,0.24403524,8.631670
2,4914,0.00990035,0.00913174,2.82721674,0.04520371,2.53797220,2.58317591,0.24404083,8.631840
2,4915,0.00990135,0.00912955,2.82722587,0.04519745,2.53798190,2.58317935,0.24404651,8.632013
2,4916,0.00990235,0.00912737,2.82723500,0.04519120,2.53799160,2.58318280,0.24405219,8.632186
2,4917,0.00990335,0.00912519,2.82724412,0.04518495,2.53800130,2.58318625,0.24405787,8.632359
2,4918,0.00990435,0.00912300,2.82725325,0.04517870,2.53801110,2.58318980,0.24406345,8.632529
2,4919,0.00990535,0.00912082,2.82726237,0.04517245,2.53802080,2.58319325,0.24406912,8.632701
2,4920,0.00990635,0.00911864,2.82727149,0.04516620,2.53803050,2.58319670,0.24407479,8.632874
2,4921,0.00990735,0.00911646,2.82728061,0.04515995,2.53804020,2.58320015,0.24408045,8.633047
2,4922,0.00990835,0.00911427,2.82728972,0.04515371,2.53804990,2.58320361,0.24408611,8.633219
2,4923,0.00990935,0.00911209,2.82729883,0.04514746,2.53805960,2.58320706,0.24409177,8.633391
2,4924,0.00991035,0.00910991,2.82730794,0.04514122,2.53806930,2.58321052,0.24409743,8.633564
2,4925,0.00991135,0.00910774,2.82731705,0.04513498,2.53807900,2.58321397,0.24410308,8.633736
2,4926,0.00991235,0.00910556,2.82732616,0.04512873,2.53808880,2.58321753,0.24410863,8.633904
2,4927,0.00991335,0.00910338,2.82733526,0.04512249,2.53809850,2.58322099,0.24411427,8.634076
2,4928,0.00991435,0.00910120,2.82734437,0.04511625,2.53810820,2.58322445,0.24411991,8.634248
2,4929,0.00991535,0.00909903,2.82735347,0.04511002,2.53811780,2.58322782,0.24412565,8.634423
2,4930,0.00991635,0.00909685,2.82736257,0.04510378,2.53812750,2.58323128,0.24413129,8.634594
2,4931,0.00991735,0.00909468,2.82737166,0.04509754,2.53813720,2.58323474,0.24413692,8.634766
2,4932,0.00991835,0.00909250,2.82738075,0.04509131,2.53814690,2.58323821,0.24414255,8.634937
2,4933,0.00991935,0.00909033,2.82738985,0.04508508,2.53815660,2.58324168,0.24414817,8.635108
2,4934,0.00992035,0.00908816,2.82739894,0.04507884,2.53816630,2.58324514,0.24415379,8.635279
2,4935,0.00992135,0.00908598,2.82740802,0.04507261,2.53817600,2.58324861,0.24415941,8.635450
2,4936,0.00992235,0.00908381,2.82741711,0.04506638,2.53818570,2.58325208,0.24416502,8.635621
2,4937,0.00992335,0.00908164,2.82742619,0.04506016,2.53819530,2.58325545,0.24417073,8.635795
2,4938,0.00992435,0.00907947,2.82743527,0.04505393,2.53820500,2.58325893,0.24417634,8.635966
2,4939,0.00992535,0.00907730,2.82744435,0.04504770,2.53821470,2.58326240,0.24418195,8.636136
2,4940,0.00992635,0.00907513,2.82745342,0.04504148,2.53822440,2.58326588,0.24418755,8.636307
2,4941,0.00992735,0.00907297,2.82746250,0.04503525,2.53823400,2.58326925,0.24419325,8.636480
2,4942,0.00992835,0.00907080,2.82747157,0.04502903,2.53824370,2.58327273,0.24419884,8.636651
2,4943,0.00992935,0.00906863,2.82748064,0.04502281,2.53825340,2.58327621,0.24420443,8.636821
2,4944,0.00993035,0.00906647,2.82748971,0.04501659,2.53826300,2.58327959,0.24421012,8.636994
2,4945,0.00993135,0.00906430,2.82749877,0.04501037,2.53827270,2.58328307,0.24421570,8.637164
2,4946,0.00993235,0.00906214,2.82750784,0.04500415,2.53828230,2.58328645,0.24422139,8.637337
2,4947,0.00993335,0.00905997,2.82751690,0.04499794,2.53829200,2.58328994,0.24422696,8.637507
2,4948,0.00993435,0.00905781,2.82752596,0.04499172,2.53830170,2.58329342,0.24423254,8.637676
2,4949,0.00993535,0.00905565,2.82753501,0.04498550,2.53831130,2.58329680,0.24423821,8.637849
2,4950,0.00993635,0.00905348,2.82754407,0.04497929,2.53832100,2.58330029,0.24424378,8.638018
2,4951,0.00993735,0.00905132,2.82755312,0.04497308,2.53833060,2.58330368,0.24424944,8.638191
2,4952,0.00993835,0.00904916,2.82756217,0.04496687,2.53834030,2.58330717,0.24425500,8.638360
2,4953,0.00993935,0.00904700,2.82757122,0.04496066,2.53834990,2.58331056,0.24426066,8.638533
2,4954,0.00994035,0.00904484,2.82758026,0.04495445,2.53835950,2.58331395,0.24426631,8.638705
2,4955,0.00994135,0.00904268,2.82758931,0.04494824,2.53836920,2.58331744,0.24427187,8.638874
2,4956,0.00994235,0.00904053,2.82759835,0.04494204,2.53837880,2.58332084,0.24427751,8.639046
2,4957,0.00994335,0.00903837,2.82760739,0.04493583,2.53838840,2.58332423,0.24428316,8.639218
2,4958,0.00994435,0.00903621,2.82761643,0.04492963,2.53839810,2.58332773,0.24428870,8.639386
2,4959,0.00994535,0.00903406,2.82762546,0.04492343,2.53840770,2.58333113,0.24429434,8.639558
2,4960,0.00994635,0.00903190,2.82763449,0.04491722,2.53841730,2.58333452,0.24429997,8.639729
2,4961,0.00994735,0.00902975,2.82764353,0.04491102,2.53842700,2.58333802,0.24430550,8.639897
2,4962,0.00994835,0.00902759,2.82765255,0.04490483,2.53843660,2.58334142,0.24431113,8.640069
2,4963,0.00994935,0.00902544,2.82766158,0.04489863,2.53844620,2.58334483,0.24431675,8.640240
2,4964,0.00995035,0.00902329,2.82767061,0.04489243,2.53845580,2.58334823,0.24432238,8.640411
2,4965,0.00995135,0.00902114,2.82767963,0.04488623,2.53846540,2.58335163,0.24432799,8.640583
2,4966,0.00995235,0.00901898,2.82768865,0.04488004,2.53847510,2.58335514,0.24433351,8.640750
2,4967,0.00995335,0.00901683,2.82769767,0.04487385,2.53848470,2.58335855,0.24433912,8.640921
2,4968,0.00995435,0.00901468,2.82770668,0.04486765,2.53849430,2.58336195,0.24434473,8.641092
2,4969,0.00995535,0.00901253,2.82771569,0.04486146,2.53850390,2.58336536,0.24435033,8.641262
2,4970,0.00995635,0.00901039,2.82772471,0.04485527,2.53851350,2.58336877,0.24435593,8.641433
2,4971,0.00995735,0.00900824,2.82773372,0.04484909,2.53852310,2.58337218,0.24436153,8.641603
2,4972,0.00995835,0.00900609,2.82774272,0.04484290,2.53853270,2.58337560,0.24436712,8.641774
2,4973,0.00995935,0.00900394,2.82775173,0.04483671,2.53854230,2.58337901,0.24437272,8.641944
2,4974,0.00996035,0.00900180,2.82776073,0.04483053,2.53855190,2.58338243,0.24437830,8.642114
2,4975,0.00996135,0.00899965,2.82776973,0.04482434,2.53856150,2.58338584,0.24438389,8.642284
2,4976,0.00996235,0.00899751,2.82777873,0.04481816,2.53857110,2.58338926,0.24438947,8.642454
2,4977,0.00996335,0.00899536,2.82778773,0.04481198,2.53858070,2.58339268,0.24439505,8.642624
2,4978,0.00996435,0.00899322,2.82779672,0.04480580,2.53859030,2.58339610,0.24440062,8.642793
2,4979,0.00996535,0.00899108,2.82780571,0.04479962,2.53859980,2.58339942,0.24440629,8.642966
2,4980,0.00996635,0.00898894,2.82781470,0.04479344,2.53860940,2.58340284,0.24441186,8.643136
2,4981,0.00996735,0.00898680,2.82782369,0.04478726,2.53861900,2.58340626,0.24441743,8.643305
2,4982,0.00996835,0.00898465,2.82783268,0.04478109,2.53862860,2.58340969,0.24442299,8.643474
2,4983,0.00996935,0.00898251,2.82784166,0.04477491,2.53863820,2.58341311,0.24442855,8.643643
2,4984,0.00997035,0.00898038,2.82785064,0.04476874,2.53864770,2.58341644,0.24443420,8.643816
2,4985,0.00997135,0.00897824,2.82785962,0.04476257,2.53865730,2.58341987,0.24443975,8.643985
2,4986,0.00997235,0.00897610,2.82786860,0.04475640,2.53866690,2.58342330,0.24444530,8.644153
2,4987,0.00997335,0.00897396,2.82787757,0.04475023,2.53867640,2.58342663,0.24445095,8.644326
2,4988,0.00997435,0.00897183,2.82788655,0.04474406,2.53868600,2.58343006,0.24445649,8.644494
2,4989,0.00997535,0.00896969,2.82789552,0.04473789,2.53869560,2.58343349,0.24446203,8.644663
2,4990,0.00997635,0.00896755,2.82790449,0.04473172,2.53870510,2.58343682,0.24446766,8.644834
2,4991,0.00997735,0.00896542,2.82791345,0.04472556,2.53871470,2.58344026,0.24447319,8.645003
2,4992,0.00997835,0.00896329,2.82792242,0.04471939,2.53872430,2.58344370,0.24447872,8.645171
2,4993,0.00997935,0.00896115,2.82793138,0.04471323,2.53873380,2.58344703,0.24448435,8.645342
2,4994,0.00998035,0.00895902,2.82794034,0.04470707,2.53874340,2.58345047,0.24448987,8.645510
2,4995,0.00998135,0.00895689,2.82794930,0.04470091,2.53875290,2.58345381,0.24449549,8.645681
2,4996,0.00998235,0.00895476,2.82795825,0.04469475,2.53876250,2.58345725,0.24450100,8.645849
2,4997,0.00998335,0.00895263,2.82796721,0.04468859,2.53877200,2.58346059,0.24450661,8.646020
2,4998,0.00998435,0.00895050,2.82797616,0.04468243,2.53878160,2.58346403,0.24451212,8.646188
2,4999,0.00998535,0.00894837,2.82798511,0.04467628,2.53879110,2.58346738,0.24451773,8.646358
2,5000,0.00998635,0.00894624,2.82799405,0.04467012,2.53880060,2.58347072,0.24452333,8.646529
2,5001,0.00998735,0.00894411,2.82800300,0.04466397,2.53881020,2.58347417,0.24452883,8.646696
2,5002,0.00998835,0.00894198,2.82801194,0.04465782,2.53881970,2.58347752,0.24453442,8.646867
2,5003,0.00998935,0.00893986,2.82802088,0.04465167,2.53882920,2.58348087,0.24454002,8.647037
2,5004,0.00999035,0.00893773,2.82802982,0.04464552,2.53883880,2.58348432,0.24454551,8.647204
2,5005,0.00999135,0.00893560,2.82803876,0.04463937,2.53884830,2.58348767,0.24455109,8.647374
2,5006,0.00999235,0.00893348,2.82804769,0.04463322,2.53885780,2.58349102,0.24455667,8.647544
2,5007,0.00999335,0.00893135,2.82805663,0.04462707,2.53886740,2.58349447,0.24456215,8.647711
2,5008,0.00999435,0.00892923,2.82806556,0.04462093,2.53887690,2.58349783,0.24456773,8.647880
2,5009,0.00999535,0.00892711,2.82807448,0.04461478,2.53888640,2.58350118,0.24457330,8.648050
2,5010,0.00999635,0.00892499,2.82808341,0.04460864,2.53889590,2.58350454,0.24457887,8.648220
2,5011,0.00999735,0.00892287,2.82809233,0.04460250,2.53890540,2.58350790,0.24458444,8.648389
2,5012,0.00999835,0.00892074,2.82810126,0.04459636,2.53891500,2.58351136,0.24458990,8.648555
2,5013,0.00999935,0.00891862,2.82811018,0.04459022,2.53892450,2.58351472,0.24459546,8.648724
2,5014,0.01000000,0.00891724,2.82811598,0.04458622,2.53893070,2.58351692,0.24459906,8.648834
