{
  "bounds_irreversibility": {
    "frame_count": 72,
    "irreversibility": {
      "odb_precision_tolerance": 1e-06,
      "sdv15_decrease_categories": {
        "genuine_healing_candidate": 217,
        "near_step_transition": 0,
        "same_location_consecutive_frames": 583,
        "smaller_than_odb_precision": 364,
        "staggered_sync_candidate": 13
      },
      "sdv15_decrease_count": 583,
      "sdv15_largest_decrease": {
        "current_abs_sdv14_minus_sdv15": 1.1920928955078125e-07,
        "current_value": 0.9878929257392883,
        "drop": 0.00022780895233154297,
        "element": 8300,
        "frame": 16,
        "global_frame": 67,
        "integration_point": 1,
        "near_step_transition": false,
        "previous_abs_sdv14_minus_sdv15": 6.9141387939453125e-06,
        "previous_frame": 15,
        "previous_global_frame": 66,
        "previous_rp_u2": 0.006500000134110451,
        "previous_step": "Step-2",
        "previous_step_time": 0.15000000596046448,
        "previous_value": 0.9881207346916199,
        "rp_u2": 0.006599999964237213,
        "smaller_than_odb_precision": false,
        "staggered_sync_candidate": false,
        "step": "Step-2",
        "step_time": 0.1599999964237213
      },
      "sdv15_worst_drop": 0.00022780895233154297,
      "sdv16_decrease_count": 0,
      "sdv16_worst_drop": 0.0,
      "tolerance": 1e-08
    },
    "overshoot_limited_to_final_unstable_stage": true,
    "sdv14": {
      "above_one": 57,
      "affected_points_still_above_one_at_final_frame": 11,
      "all_affected_points_remain_above_one_at_final_frame": true,
      "below_zero": 0,
      "first_overshoot": {
        "element": 8196,
        "frame": 13,
        "global_frame": 64,
        "integration_point": 2,
        "overshoot": 0.005739331245422363,
        "rp_u2": 0.006300000008195639,
        "step": "Step-2",
        "step_time": 0.12999999523162842,
        "value": 1.0057393312454224
      },
      "max": 1.0104920864105225,
      "max_overshoot": {
        "element": 8196,
        "frame": 20,
        "global_frame": 71,
        "integration_point": 2,
        "overshoot": 0.010492086410522461,
        "rp_u2": 0.007000000216066837,
        "step": "Step-2",
        "step_time": 0.20000000298023224,
        "value": 1.0104920864105225
      },
      "min": 0.0,
      "overshoot_duration": {
        "first_global_frame": 64,
        "first_rp_u2": 0.006300000008195639,
        "frame_span": 8,
        "last_global_frame": 71,
        "last_rp_u2": 0.007000000216066837
      },
      "unique_affected_integration_points": 11
    },
    "sdv14_minus_sdv15": {
      "location": {
        "element": 8188,
        "frame": 15,
        "integration_point": 3,
        "rp_u2": 0.006500000134110451,
        "signed_difference": -0.03744405508041382,
        "step": "Step-2",
        "step_time": 0.15000000596046448
      },
      "max_abs": 0.03744405508041382
    },
    "sdv15": {
      "above_one": 57,
      "affected_points_still_above_one_at_final_frame": 11,
      "all_affected_points_remain_above_one_at_final_frame": true,
      "below_zero": 0,
      "first_overshoot": {
        "element": 8196,
        "frame": 13,
        "global_frame": 64,
        "integration_point": 2,
        "overshoot": 0.0057975053787231445,
        "rp_u2": 0.006300000008195639,
        "step": "Step-2",
        "step_time": 0.12999999523162842,
        "value": 1.0057975053787231
      },
      "max": 1.0104930400848389,
      "max_overshoot": {
        "element": 8196,
        "frame": 20,
        "global_frame": 71,
        "integration_point": 2,
        "overshoot": 0.010493040084838867,
        "rp_u2": 0.007000000216066837,
        "step": "Step-2",
        "step_time": 0.20000000298023224,
        "value": 1.0104930400848389
      },
      "min": 0.0,
      "overshoot_duration": {
        "first_global_frame": 64,
        "first_rp_u2": 0.006300000008195639,
        "frame_span": 8,
        "last_global_frame": 71,
        "last_rp_u2": 0.007000000216066837
      },
      "unique_affected_integration_points": 11
    },
    "sdv16": {
      "max": 337.7801818847656,
      "min": 0.0
    },
    "value_count_per_sdv": 3395520
  },
  "classification": "reference_data_insufficient",
  "crack_path": {
    "phase_threshold": 0.95,
    "reference_file": "references\\derived\\molnar_gravouil_2017\\single_notch\\crack_path_reference.csv",
    "rows": [
      {
        "approximately_horizontal": null,
        "connected": false,
        "crack_extension": 0.0,
        "crack_initiation_x": null,
        "crack_initiation_y": null,
        "damaged_element_count": 0,
        "frame": 20,
        "max_vertical_deviation": null,
        "mean_path_deviation": null,
        "phase_threshold": 0.95,
        "reference_path": "qualitative horizontal ligament y=0",
        "rp_u2": 0.0020000000949949026,
        "source_file": "matched_state_01_Step-1_frame_0020_contour_sdv14_sdv15_sdv16.csv",
        "step": "Step-1",
        "target_abs_u2": 0.002
      },
      {
        "approximately_horizontal": null,
        "connected": false,
        "crack_extension": 0.0,
        "crack_initiation_x": null,
        "crack_initiation_y": null,
        "damaged_element_count": 0,
        "frame": 50,
        "max_vertical_deviation": null,
        "mean_path_deviation": null,
        "phase_threshold": 0.95,
        "reference_path": "qualitative horizontal ligament y=0",
        "rp_u2": 0.004999999888241291,
        "source_file": "matched_state_02_Step-1_frame_0050_contour_sdv14_sdv15_sdv16.csv",
        "step": "Step-1",
        "target_abs_u2": 0.005
      },
      {
        "approximately_horizontal": null,
        "connected": false,
        "crack_extension": 0.0,
        "crack_initiation_x": null,
        "crack_initiation_y": null,
        "damaged_element_count": 0,
        "frame": 10,
        "max_vertical_deviation": null,
        "mean_path_deviation": null,
        "phase_threshold": 0.95,
        "reference_path": "qualitative horizontal ligament y=0",
        "rp_u2": 0.006000000052154064,
        "source_file": "matched_state_03_Step-2_frame_0010_contour_sdv14_sdv15_sdv16.csv",
        "step": "Step-2",
        "target_abs_u2": 0.006
      },
      {
        "approximately_horizontal": true,
        "connected": true,
        "connected_component_count": 136,
        "crack_extension": 0.49713271849999996,
        "crack_initiation_x": 0.002643507694,
        "crack_initiation_y": -0.0036113240050000004,
        "damaged_element_count": 136,
        "frame": 20,
        "max_vertical_deviation": 0.01005856843,
        "mean_path_deviation": 0.004411853957941176,
        "phase_threshold": 0.95,
        "reference_path": "qualitative horizontal ligament y=0",
        "rp_u2": 0.007000000216066837,
        "source_file": "matched_state_04_Step-2_frame_0020_contour_sdv14_sdv15_sdv16.csv",
        "step": "Step-2",
        "target_abs_u2": 0.007
      }
    ]
  },
  "energy": {
    "crack_surface_functional_status": "insufficient_current_odb_does_not_provide_a_valid_global_grad_d_integration_contract",
    "external_work_trapezoid": 0.0025813742959418418,
    "sdv12_sdv13_global_energy_status": "insufficient_in_current_extraction_requires_integration_weights_or_controlled_output_enabled_run"
  },
  "rf_u": {
    "comparison": {
      "common_range": null,
      "curve_nrmse": null,
      "matched_force_errors": [],
      "reason": "No numeric RF-U reference coordinates are available.",
      "reference_available": false,
      "reference_point_count": 0,
      "relative_peak_displacement_error": null,
      "relative_peak_force_error": null
    },
    "simulation": {
      "area_under_rf_u": 0.0025813742959418418,
      "displacement_at_peak": 0.006099999882280827,
      "final_displacement": 0.007000000216066837,
      "final_residual_force": 0.0013952305307611823,