label,type,cx,cy,area,h_eq,aspect_ratio
1,TRI,0.362604,0.394905,6.67163089e-05,0.008168,1.1489
2,TRI,0.474385,0.239673,1.30972611e-04,0.011444,1.0729
3,TRI,0.495030,0.289857,1.17832786e-04,0.010855,1.2510
4,TRI,0.592235,0.891889,1.17004249e-04,0.010817,1.2312
5,TRI,0.625114,0.396027,1.66352975e-04,0.012898,1.2393
6,TRI,0.678444,0.908308,6.68376225e-05,0.008175,1.4733
7,TRI,0.787694,0.702285,1.78749235e-04,0.013370,1.1604
8,TRI,0.172424,0.889067,7.59776168e-05,0.008717,1.1534
9,TRI,0.749565,0.177262,7.80173699e-05,0.008833,1.2502
10,TRI,0.506552,0.699099,1.04781570e-04,0.010236,1.2595
11,TRI,0.591806,0.767194,7.70861396e-05,0.008780,1.5027
12,TRI,0.857241,0.888643,5.62329186e-05,0.007499,1.0519
13,TRI,0.085815,0.894084,8.87449422e-05,0.009420,1.1868
14,TRI,0.491194,0.503538,2.42061183e-06,0.001556,1.6320
15,TRI,0.989739,0.517060,3.12566934e-06,0.001768,1.5430
16,TRI,0.982000,0.532045,3.19076459e-06,0.001786,1.0275
17,TRI,0.503442,0.524457,9.47727174e-06,0.003079,1.5495
18,TRI,0.491855,0.530900,1.53457457e-05,0.003917,1.2618
19,TRI,0.488631,0.478284,4.89285986e-06,0.002212,1.0417
20,TRI,0.983058,0.526316,4.26082319e-06,0.002064,1.2324
21,TRI,0.514906,0.496800,2.10745002e-06,0.001452,1.1438
22,TRI,0.515191,0.500683,2.24010377e-06,0.001497,1.2346
23,TRI,0.500735,0.530257,1.58867766e-05,0.003986,1.4573
24,TRI,0.944173,0.508016,1.93615583e-05,0.004400,1.2599
25,TRI,0.512224,0.491038,2.73306412e-06,0.001653,1.1401
26,TRI,0.497175,0.459379,1.03078258e-05,0.003211,1.2428
27,TRI,0.521522,0.537139,1.17534846e-05,0.003428,1.2975
28,TRI,0.936645,0.531704,1.24022651e-05,0.003522,1.2947
29,TRI,0.535080,0.469884,3.96730391e-06,0.001992,1.1241
30,TRI,0.537322,0.467105,4.10098757e-06,0.002025,1.1100
31,TRI,0.550097,0.437679,1.87571724e-05,0.004331,1.1717
32,TRI,0.906388,0.549808,1.00095163e-05,0.003164,1.5543
33,TRI,0.874803,0.487942,2.69102549e-05,0.005188,1.2072
34,TRI,0.560349,0.508001,5.84729785e-06,0.002418,1.2075
35,TRI,0.876051,0.529184,6.17272340e-06,0.002484,1.0895
36,TRI,0.559812,0.488935,5.66463297e-06,0.002380,1.2857
37,TRI,0.579462,0.553831,9.17403132e-06,0.003029,1.0896
38,TRI,0.830276,0.568768,2.45190192e-05,0.004952,1.1724
39,TRI,0.580392,0.540769,7.16220936e-06,0.002676,1.2623
40,TRI,0.868400,0.532625,6.82870907e-06,0.002613,1.2315
41,TRI,0.575035,0.500694,9.68073716e-06,0.003111,1.3225
42,TRI,0.597642,0.455145,2.81242291e-05,0.005303,1.1097
43,TRI,0.824285,0.500234,1.21135623e-05,0.003480,1.0314
44,TRI,0.592025,0.462244,2.12645019e-05,0.004611,1.2944
45,TRI,0.827210,0.549031,5.07638098e-06,0.002253,1.1962
46,TRI,0.603472,0.561244,1.94074126e-05,0.004405,1.1845
47,TRI,0.584043,0.486936,5.17140407e-06,0.002274,1.0711
48,TRI,0.591530,0.534895,6.15276656e-06,0.002480,1.4251
49,TRI,0.822898,0.555665,1.24632381e-05,0.003530,1.3574
50,TRI,0.826101,0.541184,6.01769752e-06,0.002453,1.2676
51,TRI,0.602343,0.540489,7.47183629e-06,0.002733,1.1582
52,TRI,0.817195,0.535033,9.11790220e-06,0.003020,1.0738
53,TRI,0.606677,0.532716,1.13077210e-05,0.003363,1.3592
54,TRI,0.627831,0.499283,1.07844607e-05,0.003284,1.0279
55,TRI,0.798594,0.533390,5.45880032e-06,0.002336,1.3238
56,TRI,0.792774,0.538107,2.79977973e-06,0.001673,1.0950
57,TRI,0.645151,0.535112,9.38792106e-06,0.003064,1.0996
58,TRI,0.639786,0.501873,1.87250899e-05,0.004327,1.1823
59,TRI,0.787313,0.531753,9.93229434e-06,0.003152,1.2530
60,TRI,0.681082,0.442645,7.83484163e-05,0.008851,1.1623
61,TRI,0.757159,0.483466,1.76201832e-05,0.004198,1.0532
62,TRI,0.739494,0.534980,8.21715808e-06,0.002867,1.3477
63,TRI,0.656206,0.542977,4.77124220e-06,0.002184,1.2697
64,TRI,0.649473,0.522965,6.95969026e-06,0.002638,1.1449
65,TRI,0.769651,0.525449,1.76692069e-05,0.004203,1.4326
66,TRI,0.673928,0.557749,2.07627887e-05,0.004557,1.2006
67,TRI,0.686902,0.510024,1.41869192e-05,0.003767,1.2822
68,TRI,0.731283,0.534875,2.35501811e-05,0.004853,1.5676
69,TRI,0.686476,0.526713,1.21920093e-05,0.003492,1.2791
70,TRI,0.715354,0.533386,1.53602654e-05,0.003919,1.4351
71,TRI,0.706506,0.528271,1.34284061e-05,0.003664,1.1488
72,TRI,0.662288,0.624345,6.89369035e-05,0.008303,1.1563
73,TRI,0.538579,0.389651,1.75220478e-04,0.013237,1.3889
74,TRI,0.700521,0.612851,1.40559343e-04,0.011856,1.1395
75,TRI,0.089409,0.059331,7.46180190e-05,0.008638,1.2393
76,TRI,0.485645,0.641156,8.64654958e-05,0.009299,1.3055
77,TRI,0.070444,0.325903,1.16905878e-04,0.010812,1.3294
78,TRI,0.809639,0.412068,9.29742041e-05,0.009642,1.2324
79,TRI,0.697036,0.366229,1.04984177e-04,0.010246,1.1864
80,TRI,0.119168,0.570853,9.67185519e-05,0.009835,1.4149
81,TRI,0.840758,0.394123,5.50733931e-05,0.007421,1.2235
82,TRI,0.370261,0.901658,9.73295485e-05,0.009866,1.3840
83,TRI,0.936583,0.099764,7.06394428e-05,0.008405,1.1511
84,TRI,0.703249,0.088538,1.05509633e-04,0.010272,1.4171
85,TRI,0.267231,0.423032,1.70995533e-04,0.013077,1.3474
86,TRI,0.123086,0.889057,9.88048083e-05,0.009940,1.3721
87,TRI,0.075462,0.383735,1.11967987e-04,0.010581,1.4180
88,TRI,0.422033,0.879158,5.19783325e-05,0.007210,1.0993
89,TRI,0.699688,0.908669,5.62651191e-05,0.007501,1.2189
90,TRI,0.662205,0.679655,1.30495190e-04,0.011423,1.3789
91,TRI,0.169111,0.074448,7.47224055e-05,0.008644,1.2345
92,TRI,0.894588,0.384943,9.05743042e-05,0.009517,1.1234
93,TRI,0.501385,0.109881,8.54480422e-05,0.009244,1.2756
94,TRI,0.752016,0.347387,5.25306210e-05,0.007248,1.0938
95,TRI,0.284562,0.406182,2.02238855e-04,0.014221,1.1079
96,TRI,0.532712,0.320036,1.01560410e-04,0.010078,1.2639
97,TRI,0.529144,0.097367,1.16420612e-04,0.010790,1.1864
98,TRI,0.473781,0.858705,6.20867143e-05,0.007880,1.5161
99,TRI,0.681758,0.678212,1.26258888e-04,0.011236,1.4364
100,TRI,0.267322,0.906868,7.84060836e-05,0.008855,1.1812
101,TRI,0.089286,0.283322,1.05877988e-04,0.010290,1.3528
102,TRI,0.453870,0.309633,1.10586487e-04,0.010516,1.2255
103,TRI,0.377817,0.153105,9.61707936e-05,0.009807,1.3152
104,TRI,0.888833,0.760382,1.04188380e-04,0.010207,1.2974
105,TRI,0.777741,0.139062,8.62026546e-05,0.009285,1.2826
106,TRI,0.839360,0.902924,6.67726975e-05,0.008171,1.2626
107,TRI,0.893722,0.143977,6.39760810e-05,0.007999,1.0815
108,TRI,0.426969,0.663882,5.70651040e-05,0.007554,1.1010
109,TRI,0.630471,0.283084,1.08651750e-04,0.010424,1.5438
110,TRI,0.854563,0.219675,8.15679637e-05,0.009031,1.2553
111,TRI,0.119374,0.297767,1.00325751e-04,0.010016,1.1801
112,TRI,0.593522,0.267913,9.24041489e-05,0.009613,1.0647
113,TRI,0.476403,0.268406,1.09939985e-04,0.010485,1.1760
114,TRI,0.732958,0.743389,7.39385140e-05,0.008599,1.0775
115,TRI,0.328412,0.352118,1.08451023e-04,0.010414,1.4022
116,TRI,0.836442,0.130736,9.56578273e-05,0.009780,1.2869
117,TRI,0.738186,0.295062,9.87787795e-05,0.009939,1.1939
118,TRI,0.832576,0.196036,1.14696079e-04,0.010710,1.2254
119,TRI,0.742041,0.326297,8.61601520e-05,0.009282,1.3726
120,TRI,0.151145,0.323975,1.27991260e-04,0.011313,1.2408
121,TRI,0.129261,0.311374,7.98101312e-05,0.008934,1.1755
122,TRI,0.778075,0.768990,7.87793080e-05,0.008876,1.4421
123,TRI,0.367145,0.268038,8.94718880e-05,0.009459,1.2612
124,TRI,0.839739,0.235574,7.35140202e-05,0.008574,1.0520
125,TRI,0.767418,0.851126,6.39033757e-05,0.007994,1.0554
126,TRI,0.287759,0.687257,9.31179000e-05,0.009650,1.3288
127,TRI,0.591085,0.781057,7.22560987e-05,0.008500,1.1547
128,TRI,0.415019,0.251718,6.60406998e-05,0.008127,1.1706
129,TRI,0.766745,0.824704,8.64893058e-05,0.009300,1.2715
130,TRI,0.415535,0.735340,1.67781226e-04,0.012953,1.2844
131,TRI,0.155388,0.292195,5.96144650e-05,0.007721,1.0807
132,TRI,0.192333,0.253124,1.08926517e-04,0.010437,1.2460
133,TRI,0.564699,0.789299,6.24225331e-05,0.007901,1.0381
134,TRI,0.784826,0.757800,6.65340789e-05,0.008157,1.1887
135,TRI,0.445860,0.767471,1.27688687e-04,0.011300,1.2813
136,TRI,0.393699,0.251481,6.07719851e-05,0.007796,1.2717
137,TRI,0.670942,0.220789,8.98453106e-05,0.009479,1.3939
138,TRI,0.383177,0.728012,1.05491063e-04,0.010271,1.3247
139,TRI,0.222791,0.759796,1.05168964e-04,0.010255,1.3651
140,TRI,0.465703,0.147999,6.03133921e-05,0.007766,1.1161
141,TRI,0.730365,0.209176,9.70054217e-05,0.009849,1.2361
142,TRI,0.261286,0.741224,9.28034892e-05,0.009633,1.1284
143,TRI,0.980510,0.516200,6.57654133e-06,0.002564,1.3051
144,TRI,0.942516,0.802362,7.05442277e-05,0.008399,1.0529
145,TRI,0.073181,0.356254,9.80046535e-05,0.009900,1.1875
146,TRI,0.892468,0.666445,4.79289898e-05,0.006923,1.2838
147,TRI,0.100086,0.913221,8.38389835e-05,0.009156,1.3555
148,TRI,0.211680,0.854903,1.19389986e-04,0.010927,1.3684
149,TRI,0.492208,0.617986,5.89839780e-05,0.007680,1.1529
150,TRI,0.794699,0.231183,7.05209399e-05,0.008398,1.1444
151,TRI,0.209352,0.166141,5.99810854e-05,0.007745,1.0269
152,TRI,0.232745,0.691289,1.15523533e-04,0.010748,1.2936
153,TRI,0.557460,0.510819,4.82067541e-06,0.002196,1.1772
154,TRI,0.773589,0.746476,1.08675155e-04,0.010425,1.2073
155,TRI,0.441061,0.740984,8.55469679e-05,0.009249,1.1566
156,TRI,0.636260,0.232093,6.57791456e-05,0.008110,1.1781
157,TRI,0.878313,0.540446,1.79297038e-06,0.001339,1.2169
158,TRI,0.607112,0.749337,1.06764761e-04,0.010333,1.3944
159,TRI,0.566265,0.503136,4.36562071e-06,0.002089,1.6180
160,TRI,0.563345,0.503124,2.42033293e-06,0.001556,1.2066
161,TRI,0.775269,0.546597,5.56023259e-06,0.002358,1.2370
162,TRI,0.750852,0.521541,1.53860594e-05,0.003923,1.2009
163,TRI,0.602127,0.473866,8.32889905e-06,0.002886,1.0513
164,TRI,0.613960,0.528695,5.93791720e-06,0.002437,1.1827
165,TRI,0.658109,0.536574,4.33270847e-06,0.002082,1.4140
166,TRI,0.629262,0.523294,5.38884950e-06,0.002321,1.2799
167,QUAD,0.009937,0.010162,4.03891839e-04,0.020097,1.0352
168,QUAD,0.010025,0.030452,4.06125843e-04,0.020153,1.0170
169,QUAD,0.009953,0.070870,4.02579447e-04,0.020064,1.0261
170,QUAD,0.009915,0.111560,4.03633819e-04,0.020091,1.0479
171,QUAD,0.010263,0.152170,4.15070647e-04,0.020373,1.0398
172,QUAD,0.009885,0.172291,3.97769047e-04,0.019944,1.0805
173,QUAD,0.008977,0.212219,3.57625053e-04,0.018911,1.1228
174,QUAD,0.009104,0.252111,3.63826883e-04,0.019074,1.1155
175,QUAD,0.009341,0.332007,3.68601613e-04,0.019199,1.0720
176,QUAD,0.009188,0.351622,3.58338247e-04,0.018930,1.0701
177,QUAD,0.009277,0.390399,3.58608531e-04,0.018937,1.0529
178,QUAD,0.009666,0.429588,3.84548179e-04,0.019610,1.0417
179,QUAD,0.009992,0.489899,4.03688665e-04,0.020092,1.0133
180,QUAD,0.009930,0.469714,4.00594943e-04,0.020015,1.0210
181,QUAD,0.049502,0.010318,4.05577110e-04,0.020139,1.0585
182,QUAD,0.069160,0.010239,4.02807114e-04,0.020070,1.0712
183,QUAD,0.049839,0.072618,4.21029611e-04,0.020519,1.2569
184,QUAD,0.047250,0.092774,3.43423217e-04,0.018532,1.2376
185,QUAD,0.051040,0.154065,3.95127044e-04,0.019878,1.2614
186,QUAD,0.061900,0.200737,2.86002045e-04,0.016912,1.0976
187,QUAD,0.063645,0.235439,3.34264237e-04,0.018283,1.0459
188,QUAD,0.064952,0.253854,3.52837517e-04,0.018784,1.0310
189,QUAD,0.047160,0.333475,3.84459710e-04,0.019608,1.2047
190,QUAD,0.060902,0.354228,2.40177260e-04,0.015498,1.2999
191,QUAD,0.047406,0.409217,3.77102029e-04,0.019419,1.0684
192,QUAD,0.049288,0.449195,3.98968773e-04,0.019974,1.0247
193,QUAD,0.049994,0.489776,4.09346134e-04,0.020232,1.0272
194,QUAD,0.069802,0.469017,4.12697817e-04,0.020315,1.0262
195,QUAD,0.088767,0.010071,3.94214899e-04,0.019855,1.0702
196,QUAD,0.130160,0.024797,3.04166221e-04,0.017440,1.2151
197,QUAD,0.102031,0.108070,1.24943315e-04,0.011178,1.1889
198,QUAD,0.099129,0.138057,1.64954325e-04,0.012843,1.3551
199,QUAD,0.097467,0.200305,3.18500141e-04,0.017847,1.0988
200,QUAD,0.083519,0.252922,3.28679613e-04,0.018130,1.0812
201,QUAD,0.085506,0.270902,3.25787730e-04,0.018050,1.2569
202,QUAD,0.099283,0.311289,2.00979171e-04,0.014177,1.3594
203,QUAD,0.094359,0.352279,2.66611516e-04,0.016328,1.6594
204,QUAD,0.110727,0.446643,4.74305850e-04,0.021779,1.1265
205,QUAD,0.110284,0.489332,4.29757138e-04,0.020731,1.0725
206,QUAD,0.090144,0.489459,4.24474452e-04,0.020603,1.0623
207,QUAD,0.126898,0.008409,3.19264012e-04,0.017868,1.1759
208,QUAD,0.156752,0.063775,1.61790869e-04,0.012720,1.1460
209,QUAD,0.150202,0.098431,2.62150741e-04,0.016191,1.5209
210,QUAD,0.147482,0.159614,3.08091177e-04,0.017553,1.1370
211,QUAD,0.131549,0.178979,3.38858672e-04,0.018408,1.0844
212,QUAD,0.141468,0.234494,4.32898509e-04,0.020806,1.2750
213,QUAD,0.135951,0.270926,2.67123297e-04,0.016344,1.1990
214,QUAD,0.130946,0.329068,2.73710119e-04,0.016544,1.2967
215,QUAD,0.107258,0.356827,1.98271170e-04,0.014081,1.2377
216,QUAD,0.119703,0.404174,2.42259468e-04,0.015565,1.2120
217,QUAD,0.153661,0.448759,3.98931473e-04,0.019973,1.0342
218,QUAD,0.150399,0.489573,4.16169200e-04,0.020400,1.0647
219,QUAD,0.171738,0.469420,4.00960286e-04,0.020024,1.0310
220,QUAD,0.164553,0.007326,2.77628382e-04,0.016662,1.3212
221,QUAD,0.166448,0.021947,2.64360751e-04,0.016259,1.2695
222,QUAD,0.202724,0.037986,2.73952007e-04,0.016551,1.1955
223,QUAD,0.179452,0.079841,2.45351460e-04,0.015664,1.2688
224,QUAD,0.218310,0.142337,2.99579032e-04,0.017308,1.2905
225,QUAD,0.188484,0.186747,2.83190669e-04,0.016828,1.1028
226,QUAD,0.180955,0.224771,3.31064797e-04,0.018195,1.1639
227,QUAD,0.163509,0.318834,3.26205745e-04,0.018061,1.1492
228,QUAD,0.173243,0.335139,3.68834862e-04,0.019205,1.1855
229,QUAD,0.180815,0.394754,2.36943075e-04,0.015393,1.4656
230,QUAD,0.173500,0.449323,3.92638783e-04,0.019815,1.0428
231,QUAD,0.170292,0.489760,4.06573915e-04,0.020164,1.0442
232,QUAD,0.202887,0.007461,2.88953882e-04,0.016999,1.3437
233,QUAD,0.221759,0.023530,3.00152172e-04,0.017325,1.2263
234,QUAD,0.238631,0.041424,3.09327048e-04,0.017588,1.1249
235,QUAD,0.245233,0.094573,2.80396171e-04,0.016745,1.0494
236,QUAD,0.244224,0.139091,2.23245288e-04,0.014941,1.5833
237,QUAD,0.215804,0.173764,1.79390816e-04,0.013394,1.3054
238,QUAD,0.219132,0.234404,2.48659975e-04,0.015769,1.1757
239,QUAD,0.205248,0.252343,2.72607951e-04,0.016511,1.2424
240,QUAD,0.236368,0.312493,3.00715931e-04,0.017341,1.2347
241,QUAD,0.249749,0.366623,3.42137139e-04,0.018497,1.1503
242,QUAD,0.250860,0.406897,3.76571841e-04,0.019405,1.1083
243,QUAD,0.232289,0.449146,4.07823819e-04,0.020195,1.0542
244,QUAD,0.209202,0.510205,4.05336186e-04,0.020133,1.0351
245,QUAD,0.231222,0.469630,4.06183167e-04,0.020154,1.0397
246,QUAD,0.261360,0.008752,3.43895987e-04,0.018544,1.1692
247,QUAD,0.241799,0.008206,3.20707887e-04,0.017908,1.2403
248,QUAD,0.275470,0.046297,3.46731663e-04,0.018621,1.0813
249,QUAD,0.256612,0.113773,2.45476998e-04,0.015668,1.0751
250,QUAD,0.265385,0.133742,2.51320617e-04,0.015853,1.1760
251,QUAD,0.247787,0.185471,3.10562981e-04,0.017623,1.2264
252,QUAD,0.265207,0.220265,2.43760823e-04,0.015613,1.5557
253,QUAD,0.269856,0.310298,3.12474345e-04,0.017677,1.1159
254,QUAD,0.266563,0.364760,3.09046562e-04,0.017580,1.2344
255,QUAD,0.269462,0.405720,4.01477634e-04,0.020037,1.3441
256,QUAD,0.291325,0.452116,3.52432126e-04,0.018773,1.0966
257,QUAD,0.269675,0.490117,3.92325767e-04,0.019807,1.0233
258,QUAD,0.290279,0.470920,3.85303607e-04,0.019629,1.0504
259,QUAD,0.300883,0.010345,4.14625675e-04,0.020362,1.0974
260,QUAD,0.298718,0.030641,4.10189167e-04,0.020253,1.0956
261,QUAD,0.313802,0.055402,4.60833663e-04,0.021467,1.3505
262,QUAD,0.302477,0.110248,1.66027632e-04,0.012885,1.5160
263,QUAD,0.314707,0.151705,3.14167964e-04,0.017725,1.2925
264,QUAD,0.312937,0.203220,2.32690462e-04,0.015254,1.3750
265,QUAD,0.306297,0.241405,4.23853907e-04,0.020588,1.4163
266,QUAD,0.303877,0.284876,3.79792417e-04,0.019488,1.1937
267,QUAD,0.327276,0.339462,3.13233759e-04,0.017698,1.1459
268,QUAD,0.301477,0.367883,2.63323327e-04,0.016227,1.2176
269,QUAD,0.294974,0.393248,3.52342040e-04,0.018771,1.5753
270,QUAD,0.331316,0.450950,4.42158478e-04,0.021028,1.2029
271,QUAD,0.329378,0.490489,3.74008860e-04,0.019339,1.0455
272,QUAD,0.330192,0.471148,3.90714662e-04,0.019767,1.0327
273,QUAD,0.340958,0.011190,4.48616960e-04,0.021181,1.1842
274,QUAD,0.360820,0.010358,4.08927905e-04,0.020222,1.1216
275,QUAD,0.366814,0.049727,3.74752852e-04,0.019359,1.1036
276,QUAD,0.351396,0.139365,2.71004191e-04,0.016462,1.2418
277,QUAD,0.336609,0.176763,2.98014756e-04,0.017263,1.1231
278,QUAD,0.367289,0.254613,3.24275684e-04,0.018008,1.2967
279,QUAD,0.339809,0.280592,3.45770086e-04,0.018595,1.2335
280,QUAD,0.344979,0.334099,3.26656209e-04,0.018074,1.7064
281,QUAD,0.343249,0.374348,2.51401912e-04,0.015856,1.2239
282,QUAD,0.351962,0.452488,4.14170919e-04,0.020351,1.2370
283,QUAD,0.367887,0.491446,3.20000037e-04,0.017889,1.1570
284,QUAD,0.368490,0.473947,3.28797139e-04,0.018133,1.0636
285,QUAD,0.380273,0.009458,3.64781018e-04,0.019099,1.0928
286,QUAD,0.382424,0.028192,3.57842491e-04,0.018917,1.0616
287,QUAD,0.406620,0.069065,3.25447184e-04,0.018040,1.3137
288,QUAD,0.397814,0.111914,3.35994058e-04,0.018330,1.1327
289,QUAD,0.402846,0.129629,3.22513269e-04,0.017959,1.0652
290,QUAD,0.392233,0.188668,2.97370167e-04,0.017244,1.1483
291,QUAD,0.385009,0.238156,2.28864899e-04,0.015128,1.1959
292,QUAD,0.392975,0.285156,3.24376213e-04,0.018010,1.2843
293,QUAD,0.408936,0.302630,3.03481876e-04,0.017421,1.1353
294,QUAD,0.406349,0.374777,3.67737541e-04,0.019176,1.3066
295,QUAD,0.384441,0.409692,3.75694597e-04,0.019383,1.3730
296,QUAD,0.370867,0.455946,3.32095130e-04,0.018223,1.0406
297,QUAD,0.402456,0.492826,2.23365834e-04,0.014945,1.1616
298,QUAD,0.401726,0.477915,2.33111127e-04,0.015268,1.0953
299,QUAD,0.399433,0.008765,3.35376881e-04,0.018313,1.1391
300,QUAD,0.419113,0.025398,3.07625332e-04,0.017539,1.1847
301,QUAD,0.455233,0.048671,4.47938171e-04,0.021165,1.2444
302,QUAD,0.440622,0.162800,3.04972186e-04,0.017463,1.3469
303,QUAD,0.443176,0.200067,2.98811317e-04,0.017286,1.1317
304,QUAD,0.458158,0.255387,3.51961617e-04,0.018761,1.1452
305,QUAD,0.446262,0.291211,2.87989077e-04,0.016970,1.1409
306,QUAD,0.438254,0.322579,2.69876311e-04,0.016428,1.2551
307,QUAD,0.444634,0.378629,2.88983101e-04,0.017000,1.2651
308,QUAD,0.424134,0.410274,3.16015189e-04,0.017777,1.2127
309,QUAD,0.439451,0.441025,2.09318841e-04,0.014468,1.4204
310,QUAD,0.456123,0.504098,4.78183277e-05,0.006915,1.6980
311,QUAD,0.461946,0.496713,2.87654175e-05,0.005363,1.7834
312,QUAD,0.457592,0.009255,3.61500423e-04,0.019013,1.0891
313,QUAD,0.456984,0.028244,3.77934509e-04,0.019441,1.0768
314,QUAD,0.480202,0.068923,4.04986080e-04,0.020124,1.3305
315,QUAD,0.494237,0.118889,2.33770122e-04,0.015290,1.1312
316,QUAD,0.468916,0.158270,1.93936953e-04,0.013926,1.3566
317,QUAD,0.499311,0.194205,2.73998467e-04,0.016553,1.1734
318,QUAD,0.473432,0.322707,3.86694936e-04,0.019665,1.1954
319,QUAD,0.485400,0.371927,4.22258418e-04,0.020549,1.3960
320,QUAD,0.462337,0.410770,3.50316313e-04,0.018717,1.6853
321,QUAD,0.471284,0.454673,1.17415502e-04,0.010836,1.6335
322,QUAD,0.488844,0.501502,6.10904492e-06,0.002472,1.6680
323,QUAD,0.492538,0.498832,4.82455900e-06,0.002196,1.1727
324,QUAD,0.516712,0.009217,3.65196083e-04,0.019110,1.0789
325,QUAD,0.496913,0.009332,3.69150044e-04,0.019213,1.0703
326,QUAD,0.532842,0.061506,2.56762771e-04,0.016024,1.1609
327,QUAD,0.508941,0.093824,2.26516246e-04,0.015050,1.0803
328,QUAD,0.528684,0.132507,3.58831015e-04,0.018943,1.4591
329,QUAD,0.523114,0.192206,2.26460495e-04,0.015049,2.1051
330,QUAD,0.533856,0.240238,4.69550066e-04,0.021669,1.5302
331,QUAD,0.502959,0.277510,3.36989596e-04,0.018357,1.4014
332,QUAD,0.525838,0.331059,2.94530071e-04,0.017162,1.2854
333,QUAD,0.511347,0.363925,3.02805352e-04,0.017401,1.1459
334,QUAD,0.492977,0.398204,4.16149554e-04,0.020400,1.2946
335,QUAD,0.503370,0.445650,5.88468713e-05,0.007671,1.5215
336,QUAD,0.501647,0.501863,1.09690461e-05,0.003312,1.3392
337,QUAD,0.473876,0.548511,1.19972912e-04,0.010953,1.2723
338,QUAD,0.386193,0.632455,2.39227097e-04,0.015467,1.2749
339,QUAD,0.343354,0.668330,2.92675654e-04,0.017108,1.3383
340,QUAD,0.303132,0.716595,3.05746939e-04,0.017486,1.1714
341,QUAD,0.264549,0.797581,2.96209381e-04,0.017211,1.7007
342,QUAD,0.234338,0.810005,2.51785497e-04,0.015868,1.1355
343,QUAD,0.155498,0.889314,2.34624957e-04,0.015317,1.1654
344,QUAD,0.096821,0.948027,3.84262702e-04,0.019603,1.4360
345,QUAD,0.069985,0.967240,4.83157708e-04,0.021981,1.1816
346,QUAD,0.029813,0.989972,3.99987112e-04,0.020000,1.0237
347,QUAD,0.009921,0.990078,3.93763569e-04,0.019843,1.0132
348,QUAD,0.009416,0.950938,3.64278805e-04,0.019086,1.0495
349,QUAD,0.099140,0.866023,3.86223908e-04,0.019653,1.3212
350,QUAD,0.149570,0.822862,2.10356279e-04,0.014504,1.2380
351,QUAD,0.225891,0.734124,4.60289668e-04,0.021454,1.1062
352,QUAD,0.285988,0.700560,3.00583971e-04,0.017337,1.3238
353,QUAD,0.328479,0.671949,3.04785516e-04,0.017458,1.2951
354,QUAD,0.356590,0.628217,3.09208768e-04,0.017584,1.3055
355,QUAD,0.440174,0.520448,1.25240161e-04,0.011191,1.3901
356,QUAD,0.465840,0.504343,3.80250302e-05,0.006166,2.5310
357,QUAD,0.483183,0.506206,9.73790597e-06,0.003121,1.9094
358,QUAD,0.556255,0.009791,3.87217277e-04,0.019678,1.0663
359,QUAD,0.574538,0.031446,4.13011861e-04,0.020323,1.1203
360,QUAD,0.571087,0.052403,4.28968023e-04,0.020712,1.2951
361,QUAD,0.569924,0.121295,3.77383903e-04,0.019426,1.5809
362,QUAD,0.559199,0.153969,4.17262987e-04,0.020427,1.3872
363,QUAD,0.570583,0.168967,3.15387702e-04,0.017759,1.0668
364,QUAD,0.551753,0.246225,4.66260039e-04,0.021593,1.5327
365,QUAD,0.554169,0.292785,3.32125122e-04,0.018224,1.1154
366,QUAD,0.544515,0.323368,1.98428335e-04,0.014086,1.1066
367,QUAD,0.569603,0.360859,3.42677333e-04,0.018512,1.1441
368,QUAD,0.544668,0.401481,3.72378530e-04,0.019297,1.4546
369,QUAD,0.542443,0.440419,4.69490519e-05,0.006852,1.1980
370,QUAD,0.524184,0.511780,1.33416800e-05,0.003653,1.2410
371,QUAD,0.547516,0.553543,3.86648328e-05,0.006218,1.8169
372,QUAD,0.569903,0.611736,2.72392587e-04,0.016504,1.4462
373,QUAD,0.574368,0.639224,2.07812106e-04,0.014416,1.5081
374,QUAD,0.559065,0.707318,3.45158857e-04,0.018578,1.1081
375,QUAD,0.566174,0.733709,3.61063886e-04,0.019002,1.0974
376,QUAD,0.571549,0.759822,3.18795096e-04,0.017855,1.2452
377,QUAD,0.544432,0.819032,1.69850413e-04,0.013033,1.5602
378,QUAD,0.547720,0.871968,3.31098914e-04,0.018196,1.2993
379,QUAD,0.554570,0.912034,3.85236914e-04,0.019627,1.1198
380,QUAD,0.577444,0.950510,3.92654577e-04,0.019816,1.0794
381,QUAD,0.598760,0.989936,3.97610768e-04,0.019940,1.0429
382,QUAD,0.578977,0.990260,3.86209399e-04,0.019652,1.0432
383,QUAD,0.539368,0.990832,3.62262098e-04,0.019033,1.1024
384,QUAD,0.501386,0.973249,3.38250326e-04,0.018392,1.0683
385,QUAD,0.519496,0.917967,3.10748711e-04,0.017628,1.1692
386,QUAD,0.507172,0.888217,2.65490592e-04,0.016294,1.5125
387,QUAD,0.516269,0.851677,2.86839844e-04,0.016936,1.3746
388,QUAD,0.518271,0.833152,2.50342087e-04,0.015822,1.3868
389,QUAD,0.518865,0.769043,2.89187448e-04,0.017006,1.1944
390,QUAD,0.534502,0.712300,3.19849007e-04,0.017884,1.1317
391,QUAD,0.534299,0.671126,3.44983265e-04,0.018574,1.1344
392,QUAD,0.527534,0.645500,3.20372373e-04,0.017899,1.1066
393,QUAD,0.547780,0.605030,2.14379755e-04,0.014642,1.6438
394,QUAD,0.511085,0.540913,6.29984051e-05,0.007937,1.4099
395,QUAD,0.497543,0.508110,1.30861473e-05,0.003617,1.6609
396,QUAD,0.520839,0.498180,1.84201314e-05,0.004292,1.4657
397,QUAD,0.595797,0.011262,4.48274793e-04,0.021173,1.1758
398,QUAD,0.615372,0.035997,5.45216659e-04,0.023350,1.3140
399,QUAD,0.611404,0.059901,5.05995451e-04,0.022494,1.3467
400,QUAD,0.602047,0.127677,1.60631591e-04,0.012674,1.3839
401,QUAD,0.573917,0.141048,3.63160209e-04,0.019057,1.3186
402,QUAD,0.621765,0.172367,2.29365239e-04,0.015145,1.4477
403,QUAD,0.590604,0.248293,2.74583330e-04,0.016571,1.2377
404,QUAD,0.595841,0.282134,3.61823436e-04,0.019022,1.5445
405,QUAD,0.586215,0.313975,4.58797476e-04,0.021420,1.1859
406,QUAD,0.587413,0.434372,1.12583549e-04,0.010611,1.3456
407,QUAD,0.567280,0.524235,2.14126880e-05,0.004627,1.1543
408,QUAD,0.591568,0.570333,7.19342809e-05,0.008481,1.1480
409,QUAD,0.594058,0.628527,3.46291945e-04,0.018609,1.3054
410,QUAD,0.609689,0.652075,4.22414859e-04,0.020553,1.3492
411,QUAD,0.616556,0.678396,3.28558554e-04,0.018126,1.1181
412,QUAD,0.597480,0.757073,2.74521621e-04,0.016569,1.6156
413,QUAD,0.597898,0.809763,2.83789069e-04,0.016846,1.2448
414,QUAD,0.591506,0.857823,2.28169457e-04,0.015105,1.2076
415,QUAD,0.616193,0.947649,4.18933643e-04,0.020468,1.1190
416,QUAD,0.637957,0.989268,4.18553347e-04,0.020459,1.1327
417,QUAD,0.617490,0.968798,4.06841876e-04,0.020170,1.0792
418,QUAD,0.635735,0.011376,4.55556628e-04,0.021344,1.2112
419,QUAD,0.636920,0.034441,5.08651331e-04,0.022553,1.3067
420,QUAD,0.661100,0.048269,3.08346880e-04,0.017560,1.2196
421,QUAD,0.629702,0.111660,2.79920995e-04,0.016731,1.1640
422,QUAD,0.649271,0.144795,2.99857639e-04,0.017316,1.1850
423,QUAD,0.654690,0.169156,2.81220958e-04,0.016770,1.2307
424,QUAD,0.626449,0.248176,3.06021754e-04,0.017493,1.6758
425,QUAD,0.640934,0.283672,1.98730140e-04,0.014097,1.7846
426,QUAD,0.631975,0.310260,4.85749591e-04,0.022040,1.2004
427,QUAD,0.624073,0.354779,2.91875598e-04,0.017084,1.5057
428,QUAD,0.634632,0.407579,3.71378508e-04,0.019271,1.2704
429,QUAD,0.606080,0.519022,2.26936439e-05,0.004764,1.1652
430,QUAD,0.626076,0.566212,8.58134807e-05,0.009264,1.3634
431,QUAD,0.647248,0.602126,1.99378555e-04,0.014120,1.2525
432,QUAD,0.641089,0.676647,2.96155758e-04,0.017209,1.1799
433,QUAD,0.638972,0.700091,2.55548560e-04,0.015986,1.5581
434,QUAD,0.662198,0.701123,2.92995271e-04,0.017117,1.1250
435,QUAD,0.655243,0.768560,3.39828597e-04,0.018434,1.0385
436,QUAD,0.634552,0.823976,2.38484569e-04,0.015443,1.6778
437,QUAD,0.630499,0.868954,2.38162338e-04,0.015433,1.1825
438,QUAD,0.626523,0.894286,3.53239376e-04,0.018795,1.4481
439,QUAD,0.655185,0.945720,4.07772953e-04,0.020193,1.3280
440,QUAD,0.676879,0.989389,4.11632051e-04,0.020289,1.1630
441,QUAD,0.657717,0.966922,4.73104307e-04,0.021751,1.1746
442,QUAD,0.655659,0.010370,4.12501714e-04,0.020310,1.1115
443,QUAD,0.676980,0.028533,3.53599101e-04,0.018804,1.0606
444,QUAD,0.696798,0.046665,3.36027519e-04,0.018331,1.0803
445,QUAD,0.687069,0.101094,3.01906923e-04,0.017375,1.4160
446,QUAD,0.676908,0.161311,3.05337267e-04,0.017474,1.1584
447,QUAD,0.691643,0.199625,2.86487204e-04,0.016926,1.3754
448,QUAD,0.663019,0.242129,2.85832716e-04,0.016907,1.2576
449,QUAD,0.691523,0.278116,2.02360499e-04,0.014225,1.0841
450,QUAD,0.677518,0.324838,3.54829879e-04,0.018837,1.3501
451,QUAD,0.677518,0.355667,2.40181958e-04,0.015498,1.5136
452,QUAD,0.665531,0.376181,3.81681277e-04,0.019537,1.1784
453,QUAD,0.665691,0.432876,2.58685033e-04,0.016084,1.1528
454,QUAD,0.655764,0.466149,3.12551830e-05,0.005591,1.2701
455,QUAD,0.661834,0.569606,9.70229371e-05,0.009850,1.4894
456,QUAD,0.688646,0.604384,3.00049759e-04,0.017322,1.1172
457,QUAD,0.683499,0.640277,3.05593396e-04,0.017481,1.2126
458,QUAD,0.701865,0.672639,2.72652497e-04,0.016512,1.0566
459,QUAD,0.704817,0.734686,3.70211940e-04,0.019241,1.2253
460,QUAD,0.669968,0.809191,3.74126223e-04,0.019342,1.0676
461,QUAD,0.699045,0.874923,3.54758285e-04,0.018835,1.2755
462,QUAD,0.684400,0.949192,3.49617603e-04,0.018698,1.4627
463,QUAD,0.696183,0.990197,3.78797293e-04,0.019463,1.0801
464,QUAD,0.678597,0.968169,4.44631329e-04,0.021086,1.2159
465,QUAD,0.694893,0.009406,3.67116281e-04,0.019160,1.0488
466,QUAD,0.715083,0.028327,3.62825047e-04,0.019048,1.0389
467,QUAD,0.734262,0.048053,3.68036214e-04,0.019184,1.0290
468,QUAD,0.715499,0.114968,1.34426543e-04,0.011594,1.4651
469,QUAD,0.735195,0.150298,2.90325270e-04,0.017039,1.3347
470,QUAD,0.727006,0.165680,2.40965423e-04,0.015523,1.1857
471,QUAD,0.741763,0.210253,2.30779014e-04,0.015191,1.1747
472,QUAD,0.731136,0.285189,2.09348432e-04,0.014469,1.1206
473,QUAD,0.719651,0.323469,3.81484255e-04,0.019532,1.2698
474,QUAD,0.717293,0.363161,3.08188752e-04,0.017555,1.2669
475,QUAD,0.719331,0.403004,2.41302957e-04,0.015534,1.7963
476,QUAD,0.727858,0.452714,1.16318189e-04,0.010785,1.6612
477,QUAD,0.761274,0.490901,6.08253973e-05,0.007799,1.1784
478,QUAD,0.738506,0.583279,1.53887438e-04,0.012405,1.1971
479,QUAD,0.745637,0.593963,2.01981651e-04,0.014212,1.1725
480,QUAD,0.737885,0.668363,2.11444261e-04,0.014541,1.4833
481,QUAD,0.728995,0.726184,2.82786243e-04,0.016816,1.1672
482,QUAD,0.736261,0.753393,2.03710084e-04,0.014273,1.1842
483,QUAD,0.745508,0.844731,2.01195362e-04,0.014184,1.1012
484,QUAD,0.731548,0.868515,2.24160625e-04,0.014972,1.5651
485,QUAD,0.708986,0.906358,1.82767308e-04,0.013519,1.2778
486,QUAD,0.722384,0.937774,2.87015579e-04,0.016942,1.0975
487,QUAD,0.734671,0.991149,3.43027695e-04,0.018521,1.1182
488,QUAD,0.717493,0.972703,3.37423101e-04,0.018369,1.0729
489,QUAD,0.753958,0.009886,3.92442975e-04,0.019810,1.0261
490,QUAD,0.774544,0.030436,4.18611374e-04,0.020460,1.0693
491,QUAD,0.771239,0.072027,4.08163548e-04,0.020203,1.3634
492,QUAD,0.756420,0.122618,2.46553982e-04,0.015702,1.0325
493,QUAD,0.781929,0.150316,2.40914987e-04,0.015521,1.2700
494,QUAD,0.765971,0.180663,2.17824463e-04,0.014759,1.1036
495,QUAD,0.781228,0.284677,3.62299531e-04,0.019034,1.2819
496,QUAD,0.760359,0.323206,2.27560125e-04,0.015085,1.1625
497,QUAD,0.770067,0.368835,2.74604922e-04,0.016571,1.2375
498,QUAD,0.737409,0.402764,3.27268561e-04,0.018091,1.3194
499,QUAD,0.782151,0.453109,1.63515179e-04,0.012787,1.2637
500,QUAD,0.801426,0.499406,5.35247604e-05,0.007316,1.4762
501,QUAD,0.787814,0.581349,1.14866249e-04,0.010718,1.2068
502,QUAD,0.754697,0.605541,2.57269498e-04,0.016040,1.0722
503,QUAD,0.769123,0.655122,3.06267358e-04,0.017500,1.1257
504,QUAD,0.784728,0.741436,1.74890401e-04,0.013225,1.3907
505,QUAD,0.774211,0.796115,2.26150518e-04,0.015038,1.4624
506,QUAD,0.763441,0.835344,2.05850330e-04,0.014347,1.3154
507,QUAD,0.755216,0.881111,3.55237508e-04,0.018848,1.0965
508,QUAD,0.757432,0.918953,3.37115076e-04,0.018361,1.1094
509,QUAD,0.756056,0.955924,3.26004175e-04,0.018056,1.0388
510,QUAD,0.773775,0.991300,3.42707295e-04,0.018512,1.1527
511,QUAD,0.755102,0.973747,3.34207148e-04,0.018281,1.0890
512,QUAD,0.793482,0.009879,3.87760978e-04,0.019692,1.0368
513,QUAD,0.814110,0.028402,3.73974827e-04,0.019338,1.0838
514,QUAD,0.803094,0.071685,4.27695150e-04,0.020681,1.3993
515,QUAD,0.822312,0.105000,2.53719673e-04,0.015929,1.2361
516,QUAD,0.794570,0.143266,2.19481916e-04,0.014815,1.0893
517,QUAD,0.810329,0.169451,2.20477873e-04,0.014848,1.1392
518,QUAD,0.840447,0.282771,3.18314715e-04,0.017841,1.0804
519,QUAD,0.831149,0.320332,2.22770758e-04,0.014926,1.7767
520,QUAD,0.798856,0.366131,1.69051543e-04,0.013002,1.3771
521,QUAD,0.818497,0.404848,2.30764605e-04,0.015191,1.2642
522,QUAD,0.814453,0.446524,2.32666027e-04,0.015253,1.4543
523,QUAD,0.855171,0.492678,1.13807023e-04,0.010668,1.3213
524,QUAD,0.839388,0.554603,2.76541296e-05,0.005259,1.2769
525,QUAD,0.818487,0.613693,2.96181556e-04,0.017210,1.4272
526,QUAD,0.807786,0.656674,2.06464922e-04,0.014369,1.4608
527,QUAD,0.827988,0.688865,2.16385094e-04,0.014710,1.4781
528,QUAD,0.798247,0.740641,1.93272779e-04,0.013902,1.5586
529,QUAD,0.798487,0.794843,2.50508691e-04,0.015827,1.3777
530,QUAD,0.817113,0.828240,1.93073665e-04,0.013895,1.4089
531,QUAD,0.803039,0.883565,3.28904554e-04,0.018136,1.4623
532,QUAD,0.792414,0.919842,3.15523197e-04,0.017763,1.1615
533,QUAD,0.809083,0.938263,2.76401142e-04,0.016625,1.1675
534,QUAD,0.813374,0.990840,3.65278026e-04,0.019112,1.1169
535,QUAD,0.793517,0.991159,3.49900091e-04,0.018706,1.1456
536,QUAD,0.832549,0.008929,3.46961848e-04,0.018627,1.1239
537,QUAD,0.833365,0.026722,3.39395412e-04,0.018423,1.1243
538,QUAD,0.870548,0.056732,2.25912103e-04,0.015030,1.1749
539,QUAD,0.856196,0.104253,2.27315059e-04,0.015077,1.6499
540,QUAD,0.855511,0.163463,2.42220687e-04,0.015563,1.0791
541,QUAD,0.858577,0.178432,2.19171074e-04,0.014804,1.0515
542,QUAD,0.865548,0.218343,1.97025219e-04,0.014037,1.2465
543,QUAD,0.849090,0.260721,2.68391037e-04,0.016383,1.0728
544,QUAD,0.856955,0.315953,2.80044331e-04,0.016735,1.8525
545,QUAD,0.861546,0.409646,2.22766079e-04,0.014925,1.3028
546,QUAD,0.857132,0.448377,1.91306743e-04,0.013831,1.1497
547,QUAD,0.890130,0.488992,6.49281499e-05,0.008058,1.1613
548,QUAD,0.870419,0.553179,3.61702962e-05,0.006014,1.6642
549,QUAD,0.866279,0.593125,1.51766232e-04,0.012319,1.2658
550,QUAD,0.841000,0.648246,2.40918970e-04,0.015522,1.1308
551,QUAD,0.846152,0.704340,3.20152880e-04,0.017893,1.6276
552,QUAD,0.843440,0.719911,3.36527311e-04,0.018345,1.5020
553,QUAD,0.851270,0.798124,2.81975272e-04,0.016792,1.1726
554,QUAD,0.871351,0.834403,4.32342248e-04,0.020793,1.0510
555,QUAD,0.850282,0.873617,2.25873183e-04,0.015029,1.5195
556,QUAD,0.816978,0.891795,2.25029300e-04,0.015001,1.2290
557,QUAD,0.850722,0.931007,3.29288173e-04,0.018146,1.4854
558,QUAD,0.893333,0.989584,4.11271341e-04,0.020280,1.0617
559,QUAD,0.873150,0.968852,4.26136981e-04,0.020643,1.0607
560,QUAD,0.871419,0.008557,3.34485385e-04,0.018289,1.1639
561,QUAD,0.871032,0.025309,3.08656352e-04,0.017569,1.1864
562,QUAD,0.905556,0.047070,3.24061725e-04,0.018002,1.4636
563,QUAD,0.884297,0.069850,1.45916232e-04,0.012080,1.1737
564,QUAD,0.900017,0.153564,2.35406003e-04,0.015343,1.5018
565,QUAD,0.878421,0.202491,2.06570244e-04,0.014373,1.2213
566,QUAD,0.907845,0.237840,1.41988330e-04,0.011916,1.6035
567,QUAD,0.891701,0.272556,1.93200067e-04,0.013900,1.1043
568,QUAD,0.899669,0.327457,1.61192543e-04,0.012696,1.3284
569,QUAD,0.889118,0.364862,2.63679578e-04,0.016238,1.4670
570,QUAD,0.870348,0.399621,2.22264073e-04,0.014909,1.4719
571,QUAD,0.877255,0.452097,1.88495509e-04,0.013729,1.4087
572,QUAD,0.929351,0.502287,6.52799475e-05,0.008080,1.1623
573,QUAD,0.909527,0.557339,5.16619967e-05,0.007188,1.2426
574,QUAD,0.878597,0.600547,1.80277180e-04,0.013427,1.4088
575,QUAD,0.897078,0.631617,3.16718118e-04,0.017797,1.3884
576,QUAD,0.893030,0.688609,1.61766529e-04,0.012719,1.2846
577,QUAD,0.901383,0.737263,1.98154980e-04,0.014077,1.4008
578,QUAD,0.893113,0.749599,2.58380893e-04,0.016074,1.2605
579,QUAD,0.899067,0.827385,2.85339783e-04,0.016892,1.8595
580,QUAD,0.886082,0.871553,2.98127638e-04,0.017266,1.2074
581,QUAD,0.887811,0.905649,1.89681556e-04,0.013772,1.5457
582,QUAD,0.932319,0.989894,3.89344564e-04,0.019732,1.0648
583,QUAD,0.913241,0.969232,4.02376077e-04,0.020059,1.0542
584,QUAD,0.931024,0.010155,4.04852891e-04,0.020121,1.0377
585,QUAD,0.911054,0.009822,3.93020108e-04,0.019825,1.0940
586,QUAD,0.954279,0.048413,3.55183718e-04,0.018846,1.1147
587,QUAD,0.918865,0.130349,2.69405661e-04,0.016414,1.2684
588,QUAD,0.949773,0.150002,3.63485797e-04,0.019065,1.4921
589,QUAD,0.948007,0.198138,3.65706044e-04,0.019123,1.1517
590,QUAD,0.945298,0.235401,4.03061900e-04,0.020076,1.3924
591,QUAD,0.953907,0.282486,2.98924365e-04,0.017289,1.2000
592,QUAD,0.941764,0.316974,2.56828789e-04,0.016026,1.0807
593,QUAD,0.941824,0.348336,2.42735501e-04,0.015580,1.1350
594,QUAD,0.916290,0.410389,3.00030437e-04,0.017321,1.3914
595,QUAD,0.947475,0.459828,2.39279435e-04,0.015469,1.3362
596,QUAD,0.966785,0.483000,8.60312284e-05,0.009275,1.1049
597,QUAD,0.954119,0.571314,1.11664536e-04,0.010567,1.4043
598,QUAD,0.937764,0.620584,3.96924731e-04,0.019923,1.4841
599,QUAD,0.904893,0.644803,2.31762082e-04,0.015224,1.3826
600,QUAD,0.948892,0.701620,3.97534505e-04,0.019938,1.0496
601,QUAD,0.952689,0.739551,3.62255865e-04,0.019033,1.0552
602,QUAD,0.939838,0.776848,2.60647168e-04,0.016145,1.0955
603,QUAD,0.928959,0.825906,1.93485973e-04,0.013910,1.3850
604,QUAD,0.918894,0.857179,2.62760364e-04,0.016210,1.0609
605,QUAD,0.936759,0.892160,3.28539714e-04,0.018126,1.0764
606,QUAD,0.933632,0.950043,3.77871082e-04,0.019439,1.0325
607,QUAD,0.951555,0.990057,3.82093825e-04,0.019547,1.0444
608,QUAD,0.970678,0.009618,3.78294984e-04,0.019450,1.0351
609,QUAD,0.990563,0.028702,3.57469096e-04,0.018907,1.0377
610,QUAD,0.975599,0.083865,2.87260379e-04,0.016949,1.1736
611,QUAD,0.976042,0.101780,2.78560635e-04,0.016690,1.1781
612,QUAD,0.972810,0.138121,3.37629719e-04,0.018375,1.1414
613,QUAD,0.968141,0.198355,4.16393725e-04,0.020406,1.0499
614,QUAD,0.966669,0.238954,4.79307548e-04,0.021893,1.2295
615,QUAD,0.971577,0.279478,3.53800199e-04,0.018810,1.0969
616,QUAD,0.974676,0.316248,3.05140184e-04,0.017468,1.1259
617,QUAD,0.974327,0.352876,3.14156021e-04,0.017724,1.1353
618,QUAD,0.970139,0.390562,4.01594501e-04,0.020040,1.1549
619,QUAD,0.960866,0.452969,2.88854915e-04,0.016996,1.2856
620,QUAD,0.994781,0.476518,1.07250592e-04,0.010356,1.2095
621,QUAD,0.995607,0.517676,5.96208325e-06,0.002442,1.4706
622,QUAD,0.997669,0.505873,1.25085683e-05,0.003537,1.9672
623,QUAD,0.998235,0.537382,8.57190448e-06,0.002928,1.6789
624,QUAD,0.990456,0.555746,4.30106976e-05,0.006558,1.2951
625,QUAD,0.992341,0.601305,2.62049971e-04,0.016188,1.2963
626,QUAD,0.966970,0.658720,4.63682437e-04,0.021533,1.1189
627,QUAD,0.969180,0.699350,4.07387719e-04,0.020184,1.0603
628,QUAD,0.971803,0.738023,3.60964262e-04,0.018999,1.0407
629,QUAD,0.973603,0.775568,3.23426844e-04,0.017984,1.1153
630,QUAD,0.970077,0.833479,4.19602527e-04,0.020484,1.1539
631,QUAD,0.971569,0.853500,3.65119299e-04,0.019108,1.0723
632,QUAD,0.972563,0.892254,3.52037132e-04,0.018763,1.0763
633,QUAD,0.971690,0.950846,3.70740053e-04,0.019255,1.0464
634,QUAD,0.990241,0.990178,3.83402479e-04,0.019581,1.0200
635,QUAD,0.990416,0.970516,3.77204254e-04,0.019422,1.0357
636,QUAD,0.500324,0.991104,3.41193394e-04,0.018471,1.0839
637,QUAD,0.464178,0.973060,3.29493230e-04,0.018152,1.0355
638,QUAD,0.484901,0.937764,3.09427409e-04,0.017591,1.0519
639,QUAD,0.471049,0.902272,2.62757885e-04,0.016210,1.4417
640,QUAD,0.487099,0.844371,2.63640265e-04,0.016237,1.2525
641,QUAD,0.460842,0.831431,1.65878699e-04,0.012879,1.4137
642,QUAD,0.506526,0.786005,1.69035149e-04,0.013001,1.6815
643,QUAD,0.511533,0.718470,2.72427206e-04,0.016505,1.0577
644,QUAD,0.492725,0.673143,3.26062164e-04,0.018057,1.7131
645,QUAD,0.492711,0.634136,1.92023186e-04,0.013857,1.3588
646,QUAD,0.493407,0.591243,3.28057726e-04,0.018112,1.3146
647,QUAD,0.486795,0.545104,9.39455431e-05,0.009693,1.2509
648,QUAD,0.462794,0.991004,3.32141646e-04,0.018225,1.0323
649,QUAD,0.447664,0.954388,3.29285883e-04,0.018146,1.0389
650,QUAD,0.432139,0.934254,3.54865704e-04,0.018838,1.1919
651,QUAD,0.443395,0.880959,2.10314467e-04,0.014502,1.4091
652,QUAD,0.445923,0.855773,1.29807875e-04,0.011393,1.7271
653,QUAD,0.437902,0.808790,3.04802862e-04,0.017459,1.5459
654,QUAD,0.415670,0.762092,3.15219171e-04,0.017754,1.2902
655,QUAD,0.437119,0.692236,3.88934805e-04,0.019721,1.2604
656,QUAD,0.459791,0.644170,2.09553661e-04,0.014476,1.1900
657,QUAD,0.440436,0.588863,2.65521389e-04,0.016295,1.2033
658,QUAD,0.425724,0.990496,3.57218873e-04,0.018900,1.0434
659,QUAD,0.408396,0.970279,3.78494734e-04,0.019455,1.0610
660,QUAD,0.393560,0.947473,3.95119599e-04,0.019878,1.3780
661,QUAD,0.416671,0.887276,1.67770377e-04,0.012953,1.3355
662,QUAD,0.365685,0.849470,3.54164116e-04,0.018819,1.1184
663,QUAD,0.395720,0.826233,3.20662476e-04,0.017907,1.1298
664,QUAD,0.405890,0.747671,3.21229119e-04,0.017923,1.2484
665,QUAD,0.406284,0.721444,4.42321408e-04,0.021031,1.2176
666,QUAD,0.396757,0.677844,1.85818152e-04,0.013632,2.0336
667,QUAD,0.383901,0.648506,2.03559365e-04,0.014267,1.3402
668,QUAD,0.386874,0.989284,4.29591505e-04,0.020727,1.1166
669,QUAD,0.366668,0.967158,4.84329381e-04,0.022007,1.1966
670,QUAD,0.343946,0.949882,3.47096848e-04,0.018631,1.1816
671,QUAD,0.375840,0.890196,2.79770353e-04,0.016726,1.2780
672,QUAD,0.350755,0.861519,4.01605582e-04,0.020040,1.2991
673,QUAD,0.349002,0.816321,3.16303636e-04,0.017785,1.1842
674,QUAD,0.356639,0.780727,2.03359557e-04,0.014260,1.4545
675,QUAD,0.357703,0.665737,2.54972989e-04,0.015968,1.3743
676,QUAD,0.326557,0.989967,3.99924566e-04,0.019998,1.0177
677,QUAD,0.306622,0.989989,3.99242808e-04,0.019981,1.0120
678,QUAD,0.307069,0.950392,3.71448808e-04,0.019273,1.0556
679,QUAD,0.320042,0.875478,2.45367038e-04,0.015664,1.1950
680,QUAD,0.313665,0.846043,2.74853935e-04,0.016579,1.6513
681,QUAD,0.294442,0.827900,4.36261409e-04,0.020887,1.3743
682,QUAD,0.301132,0.764531,2.56400122e-04,0.016012,1.5885
683,QUAD,0.310826,0.752390,2.42315617e-04,0.015566,1.5813
684,QUAD,0.286655,0.989827,4.06788450e-04,0.020169,1.0286
685,QUAD,0.267353,0.946601,4.81553142e-04,0.021944,1.2269
686,QUAD,0.279163,0.893562,2.34159019e-04,0.015302,1.3152
687,QUAD,0.249256,0.802582,3.27068175e-04,0.018085,1.3758
688,QUAD,0.266529,0.777760,3.64557416e-04,0.019093,1.4047
689,QUAD,0.246842,0.989709,4.07932113e-04,0.020197,1.0558
690,QUAD,0.227116,0.969744,4.03379548e-04,0.020084,1.0675
691,QUAD,0.223238,0.928820,3.87024622e-04,0.019673,1.1765
692,QUAD,0.228487,0.866614,3.02230308e-04,0.017385,1.1381
693,QUAD,0.241287,0.844106,3.25257702e-04,0.018035,1.0464
694,QUAD,0.253987,0.820783,3.06357275e-04,0.017503,1.1389
695,QUAD,0.207385,0.990339,3.77517447e-04,0.019430,1.0356
696,QUAD,0.169391,0.972522,3.46062272e-04,0.018603,1.0548
697,QUAD,0.171489,0.918520,2.36538888e-04,0.015380,1.6015
698,QUAD,0.179522,0.850301,4.56754324e-04,0.021372,1.3297
699,QUAD,0.168644,0.990836,3.52366963e-04,0.018771,1.0594
700,QUAD,0.135810,0.923947,1.61510912e-04,0.012709,1.4145
701,QUAD,0.146951,0.901385,2.17036436e-04,0.014732,1.1218
702,QUAD,0.129981,0.990676,3.64912223e-04,0.019103,1.0697
703,QUAD,0.090211,0.989415,4.26725935e-04,0.020657,1.0978
704,QUAD,0.028229,0.950584,3.65426997e-04,0.019116,1.0688
705,QUAD,0.009061,0.931581,3.51049474e-04,0.018736,1.0961
706,QUAD,0.121966,0.828040,2.63281483e-04,0.016226,1.6295
707,QUAD,0.151643,0.767659,3.69733202e-04,0.019228,1.3808
708,QUAD,0.190099,0.714039,4.70302184e-04,0.021686,1.3646
709,QUAD,0.240961,0.673767,2.07422607e-04,0.014402,1.1973
710,QUAD,0.266292,0.654044,1.86424320e-04,0.013654,1.2563
711,QUAD,0.322165,0.629239,4.32634742e-04,0.020800,1.4095
712,QUAD,0.364334,0.565569,4.14455516e-04,0.020358,1.2418
713,QUAD,0.383077,0.525559,3.08014574e-04,0.017550,1.0454
714,QUAD,0.416828,0.507408,2.05618945e-04,0.014339,1.1470
715,QUAD,0.026079,0.911698,3.31520774e-04,0.018208,1.1606
716,QUAD,0.008682,0.892535,3.42343237e-04,0.018503,1.1394
717,QUAD,0.072100,0.793582,4.95489914e-04,0.022260,1.1625
718,QUAD,0.089730,0.769743,3.84407954e-04,0.019606,1.1191
719,QUAD,0.134222,0.716685,2.01617750e-04,0.014199,1.4108
720,QUAD,0.174814,0.691810,3.22231256e-04,0.017951,1.2318
721,QUAD,0.237524,0.642311,2.51881750e-04,0.015871,1.0757
722,QUAD,0.286075,0.623856,3.20130585e-04,0.017892,1.1348
723,QUAD,0.307933,0.546700,3.68065758e-04,0.019185,1.0185
724,QUAD,0.365305,0.526366,3.30324101e-04,0.018175,1.0246
725,QUAD,0.385124,0.508329,2.91879811e-04,0.017084,1.0757
726,QUAD,0.026312,0.872758,3.41423748e-04,0.018478,1.1607
727,QUAD,0.009763,0.812540,3.92779560e-04,0.019819,1.0451
728,QUAD,0.068835,0.751803,3.83481952e-04,0.019583,1.0473
729,QUAD,0.087998,0.750649,3.56457409e-04,0.018880,1.0882
730,QUAD,0.143308,0.687179,2.41876115e-04,0.015552,1.0675
731,QUAD,0.233746,0.589932,3.41089075e-04,0.018469,1.1299
732,QUAD,0.269103,0.547875,3.75873090e-04,0.019387,1.0371
733,QUAD,0.348004,0.508853,3.40920520e-04,0.018464,1.1102
734,QUAD,0.028457,0.833154,3.83471745e-04,0.019582,1.0799
735,QUAD,0.009937,0.772277,4.00785980e-04,0.020020,1.0180
736,QUAD,0.068241,0.732097,3.78017177e-04,0.019443,1.0307
737,QUAD,0.111845,0.678463,3.15875118e-04,0.017773,1.1092
738,QUAD,0.134053,0.666687,2.85332046e-04,0.016892,1.1747
739,QUAD,0.166517,0.599996,1.81989554e-04,0.013490,1.3635
740,QUAD,0.231217,0.570561,3.85311491e-04,0.019629,1.1004
741,QUAD,0.249132,0.509797,3.91955886e-04,0.019798,1.0345
742,QUAD,0.308930,0.509189,3.63515414e-04,0.019066,1.0913
743,QUAD,0.009743,0.731965,3.92013285e-04,0.019799,1.0402
744,QUAD,0.048071,0.692810,3.75589787e-04,0.019380,1.0334
745,QUAD,0.108293,0.639162,2.95182228e-04,0.017181,1.1483
746,QUAD,0.135077,0.594688,1.56500651e-04,0.012510,1.3293
747,QUAD,0.182056,0.570735,3.47387555e-04,0.018638,1.5021
748,QUAD,0.208919,0.530923,4.20041705e-04,0.020495,1.0755
749,QUAD,0.269126,0.509557,3.81808889e-04,0.019540,1.0597
750,QUAD,0.009856,0.752109,3.97511051e-04,0.019938,1.0294
751,QUAD,0.009558,0.691829,3.82543106e-04,0.019559,1.0555
752,QUAD,0.047943,0.654618,3.60980994e-04,0.018999,1.1565
753,QUAD,0.109660,0.603757,3.32717297e-04,0.018241,1.2728
754,QUAD,0.148343,0.547630,3.43689005e-04,0.018539,1.1289
755,QUAD,0.189361,0.510156,4.02650953e-04,0.020066,1.0347
756,QUAD,0.028975,0.712268,3.86209898e-04,0.019652,1.0330
757,QUAD,0.009819,0.651627,3.97747951e-04,0.019944,1.0517
758,QUAD,0.052311,0.612573,4.78689749e-04,0.021879,1.1726
759,QUAD,0.108837,0.549545,4.02299343e-04,0.020057,1.0740
760,QUAD,0.148962,0.529188,3.81692369e-04,0.019537,1.0508
761,QUAD,0.028661,0.672830,3.73200533e-04,0.019318,1.0587
762,QUAD,0.010346,0.611180,4.19093906e-04,0.020472,1.0303
763,QUAD,0.050288,0.570190,3.99132997e-04,0.019978,1.0501
764,QUAD,0.109815,0.509841,3.91214774e-04,0.019779,1.0148
765,QUAD,0.129681,0.509812,3.89603462e-04,0.019738,1.0142
766,QUAD,0.030473,0.632454,4.16759128e-04,0.020415,1.0657
767,QUAD,0.010103,0.550376,4.08233789e-04,0.020205,1.0091
768,QUAD,0.030019,0.510015,4.00296044e-04,0.020007,1.0072
769,QUAD,0.089897,0.509857,3.93467118e-04,0.019836,1.0161
770,QUAD,0.030470,0.570597,4.10724573e-04,0.020266,1.0281
771,QUAD,0.010037,0.530199,4.04497409e-04,0.020112,1.0060
772,QUAD,0.049991,0.509950,3.97157557e-04,0.019929,1.0093
773,QUAD,0.010013,0.510062,4.03008997e-04,0.020075,1.0067
774,QUAD,0.029055,0.429561,3.86363205e-04,0.019656,1.0328
775,QUAD,0.027680,0.390482,3.50640825e-04,0.018725,1.0824
776,QUAD,0.027365,0.351820,3.48690306e-04,0.018673,1.1055
777,QUAD,0.027496,0.253214,3.63279622e-04,0.019060,1.0748
778,QUAD,0.026883,0.214439,3.43005106e-04,0.018520,1.0952
779,QUAD,0.029736,0.175336,4.18202029e-04,0.020450,1.2076
780,QUAD,0.030964,0.154388,4.47216377e-04,0.021147,1.1390
781,QUAD,0.029148,0.091868,3.90755402e-04,0.019768,1.1071
782,QUAD,0.030286,0.051126,4.13522142e-04,0.020335,1.0152
783,QUAD,0.991427,0.066029,3.15882388e-04,0.017773,1.1091
784,QUAD,0.935290,0.051185,4.02997092e-04,0.020075,1.3081
785,QUAD,0.887832,0.042477,2.71428582e-04,0.016475,1.2523
786,QUAD,0.853143,0.042164,2.89676363e-04,0.017020,1.1427
787,QUAD,0.796455,0.051256,4.71144492e-04,0.021706,1.2214
788,QUAD,0.753978,0.049382,3.92926892e-04,0.019822,1.0687
789,QUAD,0.715237,0.047337,3.59039691e-04,0.018948,1.0318
790,QUAD,0.678873,0.046432,3.08819245e-04,0.017573,1.1100
791,QUAD,0.643260,0.054413,3.91492036e-04,0.019786,1.4490
792,QUAD,0.590778,0.056738,4.83911485e-04,0.021998,1.1850
793,QUAD,0.552579,0.047464,3.32332909e-04,0.018230,1.1111
794,QUAD,0.515914,0.044835,3.19313848e-04,0.017869,1.1670
795,QUAD,0.476156,0.049287,4.58631608e-04,0.021416,1.2606
796,QUAD,0.418906,0.041053,2.34786545e-04,0.015323,1.3644
797,QUAD,0.386458,0.046983,3.87126850e-04,0.019676,1.1148
798,QUAD,0.346991,0.054827,4.41666878e-04,0.021016,1.3426
799,QUAD,0.294326,0.049943,3.80886783e-04,0.019516,1.1050
800,QUAD,0.256939,0.043596,3.25638534e-04,0.018045,1.0996
801,QUAD,0.220533,0.039563,2.92744618e-04,0.017110,1.1652
802,QUAD,0.185284,0.036813,2.56021113e-04,0.016001,1.2246
803,QUAD,0.135119,0.040152,2.65352327e-04,0.016290,1.2274
804,QUAD,0.051168,0.051723,4.54255925e-04,0.021313,1.1147
805,QUAD,0.991914,0.102863,2.98552957e-04,0.017279,1.1497
806,QUAD,0.921869,0.108334,1.54607100e-04,0.012434,1.1606
807,QUAD,0.903933,0.121501,2.68450008e-04,0.016384,1.1832
808,QUAD,0.847968,0.092552,1.89142376e-04,0.013753,1.4511
809,QUAD,0.799964,0.098319,2.94283981e-04,0.017155,1.2688
810,QUAD,0.755103,0.099630,2.28618446e-04,0.015120,1.4940
811,QUAD,0.715662,0.085491,3.04068319e-04,0.017438,1.2477
812,QUAD,0.677403,0.079599,2.45628502e-04,0.015673,1.1585
813,QUAD,0.636561,0.095453,2.94288048e-04,0.017155,1.0903
814,QUAD,0.601656,0.099962,2.60713870e-04,0.016147,1.3065
815,QUAD,0.558334,0.083644,2.11603981e-04,0.014547,1.4404
816,QUAD,0.503206,0.079386,2.52752318e-04,0.015898,1.1532
817,QUAD,0.422793,0.076546,2.91177445e-04,0.017064,1.1568
818,QUAD,0.376563,0.101112,2.88446275e-04,0.016984,1.4227
819,QUAD,0.330861,0.092943,2.59828256e-04,0.016119,1.1058
820,QUAD,0.296559,0.090408,2.59323693e-04,0.016104,1.2702
821,QUAD,0.266077,0.081233,2.97441069e-04,0.017246,1.0955
822,QUAD,0.232512,0.074966,2.95471862e-04,0.017189,1.0217
823,QUAD,0.183660,0.065955,2.19068730e-04,0.014801,1.1847
824,QUAD,0.159403,0.075838,1.55653546e-04,0.012476,1.2747
825,QUAD,0.101308,0.083561,1.38298748e-04,0.011760,1.5278
826,QUAD,0.063313,0.094625,2.52853034e-04,0.015901,1.3456
827,QUAD,0.990824,0.140467,3.53985230e-04,0.018814,1.1165
828,QUAD,0.786696,0.131237,1.95906312e-04,0.013997,1.2183
829,QUAD,0.768064,0.133116,2.46226320e-04,0.015692,1.2228
830,QUAD,0.712786,0.125755,1.34246475e-04,0.011586,1.5415
831,QUAD,0.680345,0.119134,3.28145707e-04,0.018115,1.3071
832,QUAD,0.643499,0.120038,2.95353598e-04,0.017186,1.1495
833,QUAD,0.552895,0.121078,3.91229426e-04,0.019780,1.6350
834,QUAD,0.511901,0.108085,1.99727687e-04,0.014133,1.1664
835,QUAD,0.472449,0.118897,2.55366329e-04,0.015980,1.1640
836,QUAD,0.424110,0.143277,4.03753378e-04,0.020094,1.4087
837,QUAD,0.386800,0.135022,2.78081114e-04,0.016676,1.1714
838,QUAD,0.365088,0.127265,3.13156888e-04,0.017696,1.3315
839,QUAD,0.252227,0.128045,1.88820036e-04,0.013741,1.2807
840,QUAD,0.225035,0.108461,2.91606837e-04,0.017076,1.0300
841,QUAD,0.184333,0.118114,3.84204784e-04,0.019601,1.2889
842,QUAD,0.145221,0.143768,2.63723337e-04,0.016240,1.2674
843,QUAD,0.084947,0.125750,1.56403192e-04,0.012506,1.3619
844,QUAD,0.049414,0.133611,3.97711227e-04,0.019943,1.1275
845,QUAD,0.989237,0.179502,4.27672267e-04,0.020680,1.0970
846,QUAD,0.945939,0.179133,4.04705474e-04,0.020117,1.3435
847,QUAD,0.906042,0.168472,2.93733128e-04,0.017139,1.2175
848,QUAD,0.828741,0.172702,1.60985309e-04,0.012688,1.3436
849,QUAD,0.641444,0.161610,2.77502286e-04,0.016658,1.3007
850,QUAD,0.592103,0.170088,2.38569126e-04,0.015446,1.1577
851,QUAD,0.559047,0.182542,2.80716653e-04,0.016755,1.1426
852,QUAD,0.518487,0.178777,1.95272032e-04,0.013974,1.4225
853,QUAD,0.458936,0.179446,3.35989731e-04,0.018330,1.2733
854,QUAD,0.425243,0.184235,3.24871320e-04,0.018024,1.2291
855,QUAD,0.390696,0.170374,3.37785782e-04,0.018379,1.0918
856,QUAD,0.348653,0.188445,3.49610298e-04,0.018698,1.3721
857,QUAD,0.313118,0.179743,2.85867800e-04,0.016908,1.4446
858,QUAD,0.260670,0.171804,3.26560861e-04,0.018071,1.2804
859,QUAD,0.225361,0.163490,2.18244736e-04,0.014773,1.2294
860,QUAD,0.167837,0.173722,3.01350371e-04,0.017359,1.0206
861,QUAD,0.094432,0.183356,3.05276939e-04,0.017472,1.0713
862,QUAD,0.046867,0.181278,2.70553417e-04,0.016449,1.6376
863,QUAD,0.989041,0.239253,4.34584850e-04,0.020847,1.1191
864,QUAD,0.947898,0.216731,3.61907043e-04,0.019024,1.1659
865,QUAD,0.895526,0.237352,1.37792156e-04,0.011738,1.4298
866,QUAD,0.863315,0.205290,1.96261013e-04,0.014009,1.2095
867,QUAD,0.761141,0.200407,1.67314998e-04,0.012935,1.5142
868,QUAD,0.741006,0.195127,1.91141003e-04,0.013825,1.5908
869,QUAD,0.675662,0.231686,2.44401298e-04,0.015633,1.1861
870,QUAD,0.640967,0.242482,2.53166355e-04,0.015911,1.5848
871,QUAD,0.601288,0.234678,2.60458850e-04,0.016139,1.5501
872,QUAD,0.470705,0.217784,2.07934955e-04,0.014420,1.4646
873,QUAD,0.428330,0.260009,2.20336945e-04,0.014844,1.3952
874,QUAD,0.392651,0.205954,2.63186697e-04,0.016223,1.2279
875,QUAD,0.343121,0.246058,3.19978326e-04,0.017888,1.7183
876,QUAD,0.301821,0.216964,2.55019166e-04,0.015969,1.4180
877,QUAD,0.222601,0.204674,2.30725595e-04,0.015190,1.6603
878,QUAD,0.176087,0.207917,3.38094994e-04,0.018387,1.1366
879,QUAD,0.138318,0.215133,3.68449014e-04,0.019195,1.0758
880,QUAD,0.099681,0.217541,3.29695799e-04,0.018158,1.1189
881,QUAD,0.062629,0.217683,3.16581878e-04,0.017793,1.0698
882,QUAD,0.990401,0.278525,3.71016217e-04,0.019262,1.1003
883,QUAD,0.948620,0.265209,3.66834116e-04,0.019153,1.4130
884,QUAD,0.901959,0.282435,2.11935591e-04,0.014558,1.0202
885,QUAD,0.856216,0.275825,2.91213339e-04,0.017065,1.0984
886,QUAD,0.833434,0.266375,2.93579082e-04,0.017134,1.0958
887,QUAD,0.777164,0.267799,2.92363832e-04,0.017099,1.1163
888,QUAD,0.743970,0.276620,2.63735663e-04,0.016240,1.2472
889,QUAD,0.681477,0.288480,2.12907771e-04,0.014591,1.1095
890,QUAD,0.641979,0.268769,2.09728590e-04,0.014482,1.9378
891,QUAD,0.543627,0.267926,3.85712431e-04,0.019640,1.2787
892,QUAD,0.509961,0.258026,3.63244321e-04,0.019059,1.3236
893,QUAD,0.476812,0.303193,3.47996588e-04,0.018655,1.3154
894,QUAD,0.429869,0.286210,3.47718150e-04,0.018647,1.2305
895,QUAD,0.322035,0.262642,3.63274603e-04,0.019060,1.1887
896,QUAD,0.254132,0.278723,1.93934980e-04,0.013926,1.4780
897,QUAD,0.183697,0.262279,3.01469929e-04,0.017363,1.1205
898,QUAD,0.158276,0.261262,3.54958856e-04,0.018840,1.4410
899,QUAD,0.120835,0.251958,3.25432595e-04,0.018040,1.1846
900,QUAD,0.046173,0.253893,3.60368669e-04,0.018983,1.0485
901,QUAD,0.991527,0.316540,3.19226590e-04,0.017867,1.1384
902,QUAD,0.913206,0.330890,1.67358424e-04,0.012937,1.3329
903,QUAD,0.865404,0.290642,3.21589291e-04,0.017933,1.2418
904,QUAD,0.772006,0.311346,3.19604395e-04,0.017877,1.2262
905,QUAD,0.731024,0.307043,3.73989594e-04,0.019339,1.3230
906,QUAD,0.671691,0.300613,2.71787314e-04,0.016486,1.1790
907,QUAD,0.620494,0.291832,3.77047013e-04,0.019418,1.1781
908,QUAD,0.603247,0.301545,4.55803171e-04,0.021350,1.1732
909,QUAD,0.562491,0.314366,2.00385141e-04,0.014156,1.5119
910,QUAD,0.509971,0.324963,3.57131165e-04,0.018898,1.2480
911,QUAD,0.441187,0.306875,2.37671330e-04,0.015417,1.1486
912,QUAD,0.390466,0.321729,3.18205850e-04,0.017838,1.1262
913,QUAD,0.375127,0.304074,2.92924152e-04,0.017115,1.1209
914,QUAD,0.309622,0.344055,3.35444378e-04,0.018315,1.2694
915,QUAD,0.287104,0.308148,3.43718418e-04,0.018540,1.1700
916,QUAD,0.252994,0.311802,2.94952112e-04,0.017174,1.0669
917,QUAD,0.158070,0.303095,2.15401928e-04,0.014677,1.5187
918,QUAD,0.144336,0.303576,2.15171278e-04,0.014669,1.3020
919,QUAD,0.102912,0.284386,2.47505414e-04,0.015732,1.3029
920,QUAD,0.067316,0.312404,3.42320301e-04,0.018502,1.2517
921,QUAD,0.991614,0.335406,3.16833470e-04,0.017800,1.1392
922,QUAD,0.908429,0.355897,2.16107988e-04,0.014701,1.2299
923,QUAD,0.844503,0.353117,1.94350737e-04,0.013941,1.5670
924,QUAD,0.801747,0.347871,2.06249111e-04,0.014361,1.0626
925,QUAD,0.760105,0.342316,1.59166378e-04,0.012616,1.3256
926,QUAD,0.724229,0.347851,2.60835990e-04,0.016150,1.1480
927,QUAD,0.688227,0.346408,2.38604308e-04,0.015447,1.4124
928,QUAD,0.658076,0.343619,2.77352493e-04,0.016654,1.6501
929,QUAD,0.588230,0.361704,3.36550147e-04,0.018345,1.1910
930,QUAD,0.551636,0.358364,3.21781419e-04,0.017938,1.0762
931,QUAD,0.504811,0.342233,2.38857295e-04,0.015455,1.4074
932,QUAD,0.430911,0.371923,2.42413432e-04,0.015570,1.2734
933,QUAD,0.377800,0.364218,4.10205071e-04,0.020254,1.2438
934,QUAD,0.353194,0.350304,4.33278756e-04,0.020815,1.3740
935,QUAD,0.336387,0.360567,2.73461381e-04,0.016537,1.3594
936,QUAD,0.231837,0.367662,3.68991694e-04,0.019209,1.1105
937,QUAD,0.084645,0.327872,2.77293916e-04,0.016652,1.3661
938,QUAD,0.044841,0.352557,3.14534945e-04,0.017735,1.1625
939,QUAD,0.990163,0.392898,3.84410387e-04,0.019606,1.0768
940,QUAD,0.924372,0.398119,2.64456199e-04,0.016262,1.7302
941,QUAD,0.892628,0.396379,2.48020594e-04,0.015749,1.6478
942,QUAD,0.849466,0.400437,1.64213052e-04,0.012815,1.4598
943,QUAD,0.826179,0.385665,2.38745351e-04,0.015451,1.3405
944,QUAD,0.753918,0.385393,2.88702229e-04,0.016991,1.2488
945,QUAD,0.691826,0.386034,3.56904003e-04,0.018892,1.3381
946,QUAD,0.636457,0.367702,3.45106227e-04,0.018577,1.1825
947,QUAD,0.628387,0.382268,3.31519355e-04,0.018208,1.2371
948,QUAD,0.546150,0.376135,3.64498812e-04,0.019092,1.1715
949,QUAD,0.521536,0.386683,3.81181340e-04,0.019524,1.3137
950,QUAD,0.475149,0.392346,4.16406038e-04,0.020406,1.3922
951,QUAD,0.434716,0.394367,3.04883136e-04,0.017461,1.1927
952,QUAD,0.394633,0.390995,4.08142862e-04,0.020203,1.3124
953,QUAD,0.371712,0.399997,2.27435709e-04,0.015081,1.4091
954,QUAD,0.308623,0.380304,2.35867386e-04,0.015358,1.3785
955,QUAD,0.268550,0.384594,3.87603088e-04,0.019688,1.2846
956,QUAD,0.250224,0.386600,3.73267869e-04,0.019320,1.1443
957,QUAD,0.118017,0.388558,2.17587063e-04,0.014751,1.2059
958,QUAD,0.087127,0.387543,3.02166434e-04,0.017383,1.3253
959,QUAD,0.045760,0.389987,3.36994766e-04,0.018357,1.1148
960,QUAD,0.992159,0.449908,2.61127110e-04,0.016159,1.2232
961,QUAD,0.935868,0.446678,2.92223677e-04,0.017095,1.3106
962,QUAD,0.910808,0.448779,2.83020969e-04,0.016823,1.5700
963,QUAD,0.848014,0.437932,2.17996375e-04,0.014765,1.0632
964,QUAD,0.768794,0.453968,1.51315541e-04,0.012301,1.2460
965,QUAD,0.714670,0.415747,2.21131067e-04,0.014870,1.8657
966,QUAD,0.671687,0.446939,1.94370140e-04,0.013942,1.2140
967,QUAD,0.642195,0.450858,9.45134532e-05,0.009722,1.3222
968,QUAD,0.587328,0.423072,1.79334710e-04,0.013392,1.3372
969,QUAD,0.510357,0.440645,7.72869055e-05,0.008791,2.0040
970,QUAD,0.458605,0.435061,2.09874241e-04,0.014487,1.5679
971,QUAD,0.449076,0.447935,1.67788180e-04,0.012953,1.4879
972,QUAD,0.414434,0.427110,3.14298522e-04,0.017728,1.2606
973,QUAD,0.358535,0.434822,3.07129912e-04,0.017525,1.7309
974,QUAD,0.310256,0.471112,3.85308327e-04,0.019629,1.0522
975,QUAD,0.272297,0.449671,4.02603500e-04,0.020065,1.2528
976,QUAD,0.232591,0.428823,3.88300286e-04,0.019705,1.0756
977,QUAD,0.175468,0.429105,4.05578630e-04,0.020139,1.1198
978,QUAD,0.132679,0.447202,4.63126539e-04,0.021520,1.1744
979,QUAD,0.089429,0.447863,4.20211944e-04,0.020499,1.0127
980,QUAD,0.069174,0.448642,4.04658481e-04,0.020116,1.0252
981,QUAD,0.977930,0.507113,3.14623270e-05,0.005609,1.2557
982,QUAD,0.929117,0.489597,8.61330273e-05,0.009281,1.1697
983,QUAD,0.891960,0.480862,8.00443436e-05,0.008947,1.0748
984,QUAD,0.834076,0.490779,6.90767664e-05,0.008311,1.2291
985,QUAD,0.802203,0.506128,4.89326776e-05,0.006995,1.1461
986,QUAD,0.762681,0.483433,5.43372925e-05,0.007371,1.2914
987,QUAD,0.654454,0.483673,5.88686368e-05,0.007673,1.2865
988,QUAD,0.627172,0.460188,6.92129333e-05,0.008319,1.1637
989,QUAD,0.562212,0.510109,1.50825439e-05,0.003884,1.1756
990,QUAD,0.500773,0.494305,1.08163824e-05,0.003289,1.6766
991,QUAD,0.909899,0.565277,6.72617656e-05,0.008201,1.1673
992,QUAD,0.875092,0.563960,7.69101608e-05,0.008770,1.0975
993,QUAD,0.837311,0.559688,3.84606982e-05,0.006202,1.4063
994,QUAD,0.794532,0.574541,8.25044742e-05,0.009083,1.2142
995,QUAD,0.748105,0.576224,1.28227587e-04,0.011324,1.1695
996,QUAD,0.670876,0.567713,8.68684583e-05,0.009320,1.4986
997,QUAD,0.629544,0.554336,6.23279577e-05,0.007895,1.3387
998,QUAD,0.586631,0.577614,9.37832190e-05,0.009684,1.2302
999,QUAD,0.510836,0.549235,6.02237736e-05,0.007760,1.4247
1000,QUAD,0.552075,0.550031,3.14652600e-05,0.005609,1.5982
1001,QUAD,0.448900,0.576357,2.64585253e-04,0.016266,1.2755
1002,QUAD,0.435321,0.565490,2.56453440e-04,0.016014,1.2356
1003,QUAD,0.381983,0.543724,3.21315311e-04,0.017925,1.0963
1004,QUAD,0.345935,0.545952,3.64816672e-04,0.019100,1.0466
1005,QUAD,0.288610,0.547145,3.70380164e-04,0.019245,1.0278
1006,QUAD,0.229425,0.550575,4.10989118e-04,0.020273,1.0557
1007,QUAD,0.128753,0.548815,3.85437912e-04,0.019633,1.1615
1008,QUAD,0.089083,0.549213,3.80705140e-04,0.019512,1.0216
1009,QUAD,0.049981,0.549944,3.94763870e-04,0.019869,1.0320
1010,QUAD,0.993881,0.585775,1.66764314e-04,0.012914,1.2698
1011,QUAD,0.931885,0.578215,1.08245638e-04,0.010404,1.2055
1012,QUAD,0.899454,0.583964,1.23085150e-04,0.011094,1.2289
1013,QUAD,0.846284,0.593533,1.85346022e-04,0.013614,1.2802
1014,QUAD,0.796854,0.589014,1.43961042e-04,0.011998,1.2854
1015,QUAD,0.778368,0.588113,1.82659926e-04,0.013515,1.3796
1016,QUAD,0.726411,0.589157,1.86267477e-04,0.013648,1.2731
1017,QUAD,0.676285,0.594269,2.09031057e-04,0.014458,1.4013
1018,QUAD,0.632350,0.589097,1.90344019e-04,0.013797,1.1770
1019,QUAD,0.602850,0.599337,1.96705729e-04,0.014025,1.2894
1020,QUAD,0.506487,0.612471,2.31332084e-04,0.015210,1.2231
1021,QUAD,0.559422,0.597857,2.39974916e-04,0.015491,1.3510
1022,QUAD,0.404488,0.621680,2.40896436e-04,0.015521,1.1414
1023,QUAD,0.396187,0.599448,2.92566841e-04,0.017105,1.1259
1024,QUAD,0.343774,0.586375,3.88362615e-04,0.019707,1.1658
1025,QUAD,0.250381,0.568378,3.71051068e-04,0.019263,1.0500
1026,QUAD,0.216883,0.593728,3.18485153e-04,0.017846,1.1894
1027,QUAD,0.173481,0.585977,2.07370527e-04,0.014400,1.4090
1028,QUAD,0.133398,0.580966,2.01822543e-04,0.014206,1.1140
1029,QUAD,0.088631,0.568441,3.55321996e-04,0.018850,1.0745
1030,QUAD,0.051015,0.590918,4.18335253e-04,0.020453,1.0838
1031,QUAD,0.989344,0.638749,4.17869876e-04,0.020442,1.1182
1032,QUAD,0.944519,0.659746,4.88539965e-04,0.022103,1.1019
1033,QUAD,0.880746,0.640642,2.61799722e-04,0.016180,1.2558
1034,QUAD,0.828076,0.637181,2.97540939e-04,0.017249,1.2859
1035,QUAD,0.810500,0.628554,3.75979191e-04,0.019390,1.2276
1036,QUAD,0.777669,0.631508,3.74637810e-04,0.019356,1.3183
1037,QUAD,0.723693,0.623176,3.43088912e-04,0.018523,1.2855
1038,QUAD,0.694439,0.625493,3.08228886e-04,0.017556,1.2554
1039,QUAD,0.634327,0.634028,3.48355037e-04,0.018664,1.3894
1040,QUAD,0.503338,0.647280,3.01405822e-04,0.017361,1.4951
1041,QUAD,0.567367,0.652116,2.89645069e-04,0.017019,1.2572
1042,QUAD,0.478679,0.607276,2.36459943e-04,0.015377,1.6430
1043,QUAD,0.371127,0.664106,2.13842457e-04,0.014623,1.3734
1044,QUAD,0.370555,0.647263,2.40148296e-04,0.015497,1.3476
1045,QUAD,0.303766,0.627520,4.11153709e-04,0.020277,1.3996
1046,QUAD,0.269141,0.622667,2.83706492e-04,0.016844,1.0992
1047,QUAD,0.170326,0.635836,3.64817159e-04,0.019100,1.2616
1048,QUAD,0.134728,0.608112,2.35208409e-04,0.015337,2.1351
1049,QUAD,0.094496,0.621521,2.25736620e-04,0.015025,1.3870
1050,QUAD,0.051040,0.634231,4.47166883e-04,0.021146,1.2241
1051,QUAD,0.989711,0.698179,4.06186195e-04,0.020154,1.0710
1052,QUAD,0.946139,0.681224,4.72254599e-04,0.021731,1.1592
1053,QUAD,0.838242,0.666679,1.59665820e-04,0.012636,1.3971
1054,QUAD,0.816954,0.668365,2.60419122e-04,0.016138,1.3828
1055,QUAD,0.759396,0.677131,2.99597048e-04,0.017309,1.1364
1056,QUAD,0.686178,0.665364,3.42338005e-04,0.018502,1.3827
1057,QUAD,0.600762,0.668990,3.53279699e-04,0.018796,1.0804
1058,QUAD,0.567543,0.691659,3.42077961e-04,0.018495,1.1078
1059,QUAD,0.476340,0.638560,1.46809101e-04,0.012116,1.4828
1060,QUAD,0.452054,0.656285,2.35100064e-04,0.015333,1.1810
1061,QUAD,0.334843,0.708426,2.77786427e-04,0.016667,1.0897
1062,QUAD,0.266666,0.668658,1.84152488e-04,0.013570,1.2693
1063,QUAD,0.254025,0.670758,1.98842250e-04,0.014101,1.1952
1064,QUAD,0.189423,0.652236,3.12038546e-04,0.017665,1.0909
1065,QUAD,0.128079,0.682863,2.69226405e-04,0.016408,1.0953
1066,QUAD,0.102122,0.655905,3.09946137e-04,0.017605,1.1219
1067,QUAD,0.047348,0.673831,3.44117357e-04,0.018550,1.0996
1068,QUAD,0.990637,0.737346,3.64551001e-04,0.019093,1.0741
1069,QUAD,0.950810,0.720815,3.78415110e-04,0.019453,1.0820
1070,QUAD,0.902078,0.716835,2.86794935e-04,0.016935,1.2436
1071,QUAD,0.861981,0.728122,3.46814066e-04,0.018623,1.4144
1072,QUAD,0.803226,0.708249,4.14942351e-04,0.020370,1.5202
1073,QUAD,0.772157,0.710836,4.40093197e-04,0.020978,1.2446
1074,QUAD,0.723156,0.703533,2.85510454e-04,0.016897,1.0589
1075,QUAD,0.685458,0.699006,2.84701307e-04,0.016873,1.1216
1076,QUAD,0.649104,0.714134,3.81871992e-04,0.019542,1.2684
1077,QUAD,0.600846,0.710821,3.55003486e-04,0.018842,1.0710
1078,QUAD,0.526167,0.726849,2.87017771e-04,0.016942,1.1242
1079,QUAD,0.575581,0.717827,3.65894135e-04,0.019128,1.1030
1080,QUAD,0.499953,0.688437,2.48409605e-04,0.015761,1.2751
1081,QUAD,0.451991,0.680603,3.14260749e-04,0.017727,1.1075
1082,QUAD,0.385082,0.679318,1.76400232e-04,0.013282,1.6130
1083,QUAD,0.288649,0.739303,3.46598904e-04,0.018617,1.3836
1084,QUAD,0.286890,0.719454,3.13883036e-04,0.017717,1.1956
1085,QUAD,0.222867,0.703231,4.68449531e-04,0.021644,1.2905
1086,QUAD,0.171155,0.710577,3.51055893e-04,0.018736,1.1625
1087,QUAD,0.087445,0.712741,3.73199219e-04,0.019318,1.0644
1088,QUAD,0.048505,0.712362,3.90064747e-04,0.019750,1.0187
1089,QUAD,0.991150,0.776073,3.40883544e-04,0.018463,1.0984
1090,QUAD,0.954684,0.757842,3.32439594e-04,0.018233,1.0918
1091,QUAD,0.908647,0.756262,2.66184471e-04,0.016315,1.3989
1092,QUAD,0.862361,0.776977,3.37988924e-04,0.018384,1.2619
1093,QUAD,0.802412,0.760249,2.50279861e-04,0.015820,1.4368
1094,QUAD,0.757247,0.762673,3.35762496e-04,0.018324,1.2467
1095,QUAD,0.720960,0.741230,2.80850521e-04,0.016759,1.5969
1096,QUAD,0.641616,0.756085,3.31108172e-04,0.018196,1.0905
1097,QUAD,0.529169,0.749324,2.32912715e-04,0.015261,1.5728
1098,QUAD,0.555820,0.749023,3.57727372e-04,0.018914,1.1649
1099,QUAD,0.503112,0.734007,3.26876825e-04,0.018080,1.3059
1100,QUAD,0.462053,0.721383,3.38790560e-04,0.018406,1.1469
1101,QUAD,0.365086,0.725516,2.02833310e-04,0.014242,1.5723
1102,QUAD,0.222278,0.788892,1.32375852e-04,0.011505,1.4258
1103,QUAD,0.211571,0.784450,1.65387663e-04,0.012860,1.2925
1104,QUAD,0.189283,0.758814,3.23495189e-04,0.017986,1.2391
1105,QUAD,0.136819,0.740497,4.51294811e-04,0.021244,1.4710
1106,QUAD,0.049335,0.752336,3.97736804e-04,0.019943,1.0353
1107,QUAD,0.990404,0.814582,3.69291851e-04,0.019217,1.0747
1108,QUAD,0.941521,0.791724,2.01846704e-04,0.014207,1.2508
1109,QUAD,0.910147,0.802222,3.46967302e-04,0.018627,1.1555
1110,QUAD,0.872296,0.814329,3.92172171e-04,0.019803,1.1840
1111,QUAD,0.825580,0.818359,1.98309173e-04,0.014082,1.6757
1112,QUAD,0.756673,0.817790,2.16400795e-04,0.014711,1.3744
1113,QUAD,0.723223,0.820545,2.61379092e-04,0.016167,1.2901
1114,QUAD,0.630427,0.795780,3.61146284e-04,0.019004,1.2207
1115,QUAD,0.614792,0.805559,3.69155462e-04,0.019213,1.3360
1116,QUAD,0.533188,0.817644,1.98206495e-04,0.014079,1.5787
1117,QUAD,0.553502,0.801001,2.21568286e-04,0.014885,1.4845
1118,QUAD,0.500221,0.751959,3.27488579e-04,0.018097,1.4305
1119,QUAD,0.433361,0.785177,2.18553930e-04,0.014784,1.6030
1120,QUAD,0.412459,0.787914,2.90314921e-04,0.017039,1.0964
1121,QUAD,0.368598,0.785351,2.17987254e-04,0.014764,1.4920
1122,QUAD,0.312783,0.784994,2.93471496e-04,0.017131,1.3239
1123,QUAD,0.201231,0.831617,3.94780164e-04,0.019869,1.1863
1124,QUAD,0.207420,0.798012,1.79349824e-04,0.013392,1.3798
1125,QUAD,0.145129,0.807925,2.82003426e-04,0.016793,1.1201
1126,QUAD,0.093695,0.789944,4.73819975e-04,0.021767,1.2502
1127,QUAD,0.050527,0.793353,4.32384603e-04,0.020794,1.0443
1128,QUAD,0.990447,0.853221,3.70164959e-04,0.019240,1.0444
1129,QUAD,0.935715,0.856427,2.98278672e-04,0.017271,1.0844
1130,QUAD,0.886967,0.854565,2.51549524e-04,0.015860,1.0888
1131,QUAD,0.805794,0.859272,2.70831619e-04,0.016457,1.2035
1132,QUAD,0.783458,0.855540,2.56117086e-04,0.016004,1.1714
1133,QUAD,0.728899,0.855009,1.88263044e-04,0.013721,1.3274
1134,QUAD,0.681938,0.878447,3.42616506e-04,0.018510,1.3893
1135,QUAD,0.655713,0.848364,2.61337405e-04,0.016166,1.2489
1136,QUAD,0.560255,0.850490,2.56066903e-04,0.016002,1.3297
1137,QUAD,0.472990,0.838843,2.55494543e-04,0.015984,1.2561
1138,QUAD,0.439293,0.844039,2.37048639e-04,0.015396,1.4008
1139,QUAD,0.411693,0.856089,2.55437719e-04,0.015982,1.1773
1140,QUAD,0.356485,0.833172,3.50230056e-04,0.018714,1.1270
1141,QUAD,0.313738,0.826738,4.42190204e-04,0.021028,1.2771
1142,QUAD,0.276067,0.832436,4.23542320e-04,0.020580,1.3858
1143,QUAD,0.155602,0.866545,2.63009164e-04,0.016218,1.3962
1144,QUAD,0.142968,0.878984,2.99782057e-04,0.017314,1.1938
1145,QUAD,0.101882,0.808527,3.91796115e-04,0.019794,1.4087
1146,QUAD,0.045357,0.854186,3.51919141e-04,0.018760,1.1234
1147,QUAD,0.990822,0.891992,3.57454870e-04,0.018906,1.0635
1148,QUAD,0.902757,0.890100,2.85267228e-04,0.016890,1.1198
1149,QUAD,0.794923,0.900676,3.65508949e-04,0.019118,1.3378
1150,QUAD,0.757112,0.899904,3.53331442e-04,0.018797,1.0778
1151,QUAD,0.719906,0.887852,2.70677866e-04,0.016452,1.0743
1152,QUAD,0.693059,0.901303,1.97309744e-04,0.014047,1.6940
1153,QUAD,0.658734,0.876587,1.82165402e-04,0.013497,1.6921
1154,QUAD,0.597699,0.872576,2.38769152e-04,0.015452,1.1024
1155,QUAD,0.516849,0.899939,2.78755459e-04,0.016696,1.5630
1156,QUAD,0.568905,0.887807,3.84135908e-04,0.019599,1.2861
1157,QUAD,0.483376,0.860838,2.30563226e-04,0.015184,1.2908
1158,QUAD,0.430780,0.880139,1.51852683e-04,0.012323,1.3465
1159,QUAD,0.375876,0.864257,3.21888592e-04,0.017941,1.1629
1160,QUAD,0.362482,0.878307,4.01945334e-04,0.020049,1.2261
1161,QUAD,0.279946,0.875051,3.21226397e-04,0.017923,1.4948
1162,QUAD,0.244820,0.862248,3.24947686e-04,0.018026,1.1163
1163,QUAD,0.110089,0.915700,2.17512460e-04,0.014748,1.2434
1164,QUAD,0.990705,0.931170,3.65612980e-04,0.019121,1.0667
1165,QUAD,0.953470,0.931065,3.63586777e-04,0.019068,1.0586
1166,QUAD,0.868999,0.928552,3.41147478e-04,0.018470,1.5452
1167,QUAD,0.851129,0.949864,4.27540019e-04,0.020677,1.1313
1168,QUAD,0.791941,0.938083,3.08519671e-04,0.017565,1.0977
1169,QUAD,0.756904,0.937704,3.26567475e-04,0.018071,1.0632
1170,QUAD,0.635611,0.946895,4.10803150e-04,0.020268,1.1553
1171,QUAD,0.596767,0.948983,4.09211191e-04,0.020229,1.0929
1172,QUAD,0.502571,0.937450,3.18771854e-04,0.017854,1.0400
1173,QUAD,0.556931,0.932238,3.79003039e-04,0.019468,1.0956
1174,QUAD,0.502631,0.919778,2.96859699e-04,0.017230,1.0809
1175,QUAD,0.441964,0.897398,2.79854315e-04,0.016729,1.2890
1176,QUAD,0.410939,0.920532,2.23890256e-04,0.014963,1.5448
1177,QUAD,0.378745,0.911493,2.18796706e-04,0.014792,1.2889
1178,QUAD,0.324609,0.910508,3.27462584e-04,0.018096,1.3754
1179,QUAD,0.277587,0.909829,2.22886134e-04,0.014929,1.3012
1180,QUAD,0.235803,0.904288,3.41551417e-04,0.018481,1.2314
1181,QUAD,0.201880,0.912042,3.70262653e-04,0.019242,1.2314
1182,QUAD,0.044372,0.929976,3.32082338e-04,0.018223,1.1976
1183,QUAD,0.066266,0.946283,4.09928528e-04,0.020247,1.3688
1184,QUAD,0.483827,0.955508,3.22891795e-04,0.017969,1.0371
1185,QUAD,0.411907,0.951666,3.31430867e-04,0.018205,1.1536
1186,QUAD,0.362637,0.946530,4.03449750e-04,0.020086,1.3834
1187,QUAD,0.325699,0.950584,3.55962865e-04,0.018867,1.1165
1188,QUAD,0.287750,0.949225,3.94955977e-04,0.019873,1.0528
1189,QUAD,0.246324,0.946396,4.85738585e-04,0.022039,1.2440
1190,QUAD,0.206974,0.951511,3.66364050e-04,0.019141,1.0763
1191,QUAD,0.151496,0.954824,3.23864966e-04,0.017996,1.0712
1192,QUAD,0.990254,0.009614,3.74772736e-04,0.019359,1.0345
1193,QUAD,0.950918,0.009869,3.92206081e-04,0.019804,1.0365
1194,QUAD,0.891119,0.009019,3.58408936e-04,0.018932,1.1551
1195,QUAD,0.851953,0.008572,3.32430897e-04,0.018233,1.1569
1196,QUAD,0.813064,0.009436,3.69235512e-04,0.019216,1.0686
1197,QUAD,0.773781,0.010034,3.97067396e-04,0.019927,1.0182
1198,QUAD,0.714462,0.009441,3.70489009e-04,0.019248,1.0534
1199,QUAD,0.675358,0.009662,3.78500210e-04,0.019455,1.0473
1200,QUAD,0.615735,0.011756,4.70171770e-04,0.021683,1.2056
1201,QUAD,0.575994,0.010508,4.15103155e-04,0.020374,1.1058
1202,QUAD,0.536498,0.009335,3.69080024e-04,0.019211,1.0753
1203,QUAD,0.477188,0.009433,3.70997743e-04,0.019261,1.0481
1204,QUAD,0.438092,0.008839,3.44127344e-04,0.018551,1.1439
1205,QUAD,0.418669,0.008551,3.31254833e-04,0.018200,1.1498
1206,QUAD,0.320906,0.011185,4.49418616e-04,0.021199,1.1736
1207,QUAD,0.281027,0.009462,3.74586178e-04,0.019354,1.0881
1208,QUAD,0.222306,0.007779,3.02965296e-04,0.017406,1.3030
1209,QUAD,0.183608,0.007287,2.79477656e-04,0.016718,1.3428
1210,QUAD,0.145703,0.007675,2.89406747e-04,0.017012,1.2663
1211,QUAD,0.108010,0.009429,3.59905173e-04,0.018971,1.1208
1212,QUAD,0.029774,0.010276,4.06913249e-04,0.020172,1.0489
1213,QUAD,0.990571,0.950840,3.70970921e-04,0.019261,1.0535
1214,QUAD,0.990802,0.911532,3.60662714e-04,0.018991,1.0721
1215,QUAD,0.990714,0.872582,3.59349960e-04,0.018957,1.0557
1216,QUAD,0.990163,0.833863,3.80422310e-04,0.019504,1.0380
1217,QUAD,0.990958,0.795338,3.48744714e-04,0.018675,1.0919
1218,QUAD,0.990987,0.756760,3.49047784e-04,0.018683,1.1055
1219,QUAD,0.990197,0.717828,3.84069025e-04,0.019598,1.0502
1220,QUAD,0.989271,0.678393,4.26121086e-04,0.020643,1.1097
1221,QUAD,0.990548,0.619437,3.58859947e-04,0.018944,1.2151
1222,QUAD,0.970851,0.617832,4.12155784e-04,0.020302,1.4691
1223,QUAD,0.995085,0.573260,1.08334361e-04,0.010408,1.2779
1224,QUAD,0.996769,0.554555,4.49412836e-05,0.006704,1.1939
1225,QUAD,0.997317,0.548331,2.74453579e-05,0.005239,1.2256
1226,QUAD,0.997727,0.543698,1.75723102e-05,0.004192,1.3753
1227,QUAD,0.998411,0.535077,6.73543351e-06,0.002595,1.7114
1228,QUAD,0.998705,0.530940,5.21783993e-06,0.002284,1.3889
1229,QUAD,0.998826,0.528953,4.60601964e-06,0.002146,1.2702
1230,QUAD,0.998959,0.527029,3.93811659e-06,0.001984,1.1985
1231,QUAD,0.999010,0.525129,3.78101156e-06,0.001944,1.0794
1232,QUAD,0.998930,0.523220,4.10478139e-06,0.002026,1.1958
1233,QUAD,0.998803,0.521298,4.65499465e-06,0.002158,1.3081
1234,QUAD,0.998663,0.519352,5.26283064e-06,0.002294,1.4439
1235,QUAD,0.998518,0.517370,5.96484169e-06,0.002442,1.5720
1236,QUAD,0.998359,0.515326,6.85367063e-06,0.002618,1.6940
1237,QUAD,0.998183,0.513177,8.03465246e-06,0.002835,1.7944
1238,QUAD,0.998001,0.510895,9.35754501e-06,0.003059,1.8637
1239,QUAD,0.997836,0.508475,1.07017681e-05,0.003271,1.9041
1240,QUAD,0.996822,0.499273,2.60005445e-05,0.005099,2.0010
1241,QUAD,0.996297,0.493935,4.58145537e-05,0.006769,1.3737
1242,QUAD,0.995659,0.486276,7.51038156e-05,0.008666,1.1609
1243,QUAD,0.981005,0.463057,1.52684730e-04,0.012357,1.2671
1244,QUAD,0.989784,0.412323,3.95845951e-04,0.019896,1.0830
1245,QUAD,0.990863,0.373514,3.53415603e-04,0.018799,1.0985
1246,QUAD,0.991393,0.354360,3.27863111e-04,0.018107,1.1355
1247,QUAD,0.991135,0.297652,3.35559663e-04,0.018318,1.1119
1248,QUAD,0.989462,0.259014,4.15004409e-04,0.020372,1.1267
1249,QUAD,0.989193,0.219368,4.31265419e-04,0.020767,1.1060
1250,QUAD,0.989788,0.159821,4.00006184e-04,0.020000,1.1101
1251,QUAD,0.991603,0.121476,3.15924231e-04,0.017774,1.1588
1252,QUAD,0.991804,0.084443,3.01094261e-04,0.017352,1.1456
1253,QUAD,0.990967,0.047492,3.36366259e-04,0.018340,1.0616
1254,QUAD,0.049850,0.989626,4.17844211e-04,0.020441,1.0604
1255,QUAD,0.110244,0.990141,3.93539581e-04,0.019838,1.0742
1256,QUAD,0.149392,0.990877,3.51697494e-04,0.018754,1.0605
1257,QUAD,0.187935,0.990641,3.62030221e-04,0.019027,1.0511
1258,QUAD,0.227045,0.989988,3.95742563e-04,0.019893,1.0366
1259,QUAD,0.266705,0.989665,4.11414480e-04,0.020283,1.0483
1260,QUAD,0.346580,0.989654,4.16341551e-04,0.020404,1.0584
1261,QUAD,0.406613,0.989955,3.91532155e-04,0.019787,1.0765
1262,QUAD,0.444338,0.990817,3.39351081e-04,0.018421,1.0256
1263,QUAD,0.481377,0.991097,3.33309765e-04,0.018257,1.0520
1264,QUAD,0.519700,0.991018,3.51503483e-04,0.018748,1.1070
1265,QUAD,0.559158,0.990567,3.73846580e-04,0.019335,1.0770
1266,QUAD,0.618422,0.989604,4.07292165e-04,0.020181,1.0801
1267,QUAD,0.657452,0.989036,4.27557427e-04,0.020677,1.1598
1268,QUAD,0.715400,0.990811,3.53349338e-04,0.018798,1.0689
1269,QUAD,0.754138,0.991297,3.40798983e-04,0.018461,1.1464
1270,QUAD,0.833353,0.990378,3.85719980e-04,0.019640,1.0715
1271,QUAD,0.873464,0.989644,4.14177086e-04,0.020351,1.0491
1272,QUAD,0.912946,0.989710,4.00991084e-04,0.020025,1.0724
1273,QUAD,0.970821,0.990161,3.80229102e-04,0.019499,1.0249
1274,QUAD,0.010214,0.570608,4.13881821e-04,0.020344,1.0201
1275,QUAD,0.010328,0.590896,4.19602101e-04,0.020484,1.0303
1276,QUAD,0.009595,0.671784,3.85375573e-04,0.019631,1.0556
1277,QUAD,0.009633,0.711870,3.86600913e-04,0.019662,1.0512
1278,QUAD,0.009924,0.792423,3.99444485e-04,0.019986,1.0191
1279,QUAD,0.009457,0.832641,3.80073086e-04,0.019495,1.0866
1280,QUAD,0.009095,0.852710,3.64683736e-04,0.019097,1.1302
1281,QUAD,0.008779,0.912145,3.42525448e-04,0.018507,1.1285
1282,QUAD,0.009726,0.970383,3.80185035e-04,0.019498,1.0272
1283,QUAD,0.496693,0.498574,6.06823785e-06,0.002463,1.4633
1284,QUAD,0.492759,0.501259,5.03219520e-06,0.002243,1.3303
1285,QUAD,0.486813,0.501711,7.21381994e-06,0.002686,1.7920
1286,QUAD,0.490494,0.498858,4.63671070e-06,0.002153,1.1556
1287,QUAD,0.484717,0.501898,8.13682797e-06,0.002853,1.9639
1288,QUAD,0.488473,0.498854,4.61358438e-06,0.002148,1.1701
1289,QUAD,0.490799,0.501330,5.15832854e-06,0.002271,1.5724
1290,QUAD,0.486454,0.498827,4.74678725e-06,0.002179,1.1880
1291,QUAD,0.482372,0.498637,5.67333484e-06,0.002382,1.3867
1292,QUAD,0.482567,0.502093,9.20290006e-06,0.003034,2.1211
1293,QUAD,0.480226,0.498440,6.85432296e-06,0.002618,1.5738
1294,QUAD,0.477930,0.498152,8.70718520e-06,0.002951,1.7815
1295,QUAD,0.480283,0.502298,1.09615859e-05,0.003311,2.2431
1296,QUAD,0.482479,0.495966,5.36779229e-06,0.002317,1.3592
1297,QUAD,0.475450,0.497838,1.09952940e-05,0.003316,1.8564
1298,QUAD,0.475732,0.501886,8.82714510e-06,0.002971,1.7998
1299,QUAD,0.484427,0.498759,5.02445626e-06,0.002242,1.2742
1300,QUAD,0.473121,0.502550,1.48780086e-05,0.003857,2.1010
1301,QUAD,0.469847,0.503676,2.62959194e-05,0.005128,2.8048
1302,QUAD,0.469653,0.497457,1.66154481e-05,0.004076,1.7366
1303,QUAD,0.466094,0.497108,2.15198692e-05,0.004639,1.7979
1304,QUAD,0.461317,0.504263,4.01332600e-05,0.006335,2.2526
1305,QUAD,0.441452,0.504720,8.97781225e-05,0.009475,1.9323
1306,QUAD,0.449830,0.495783,6.71656988e-05,0.008195,1.1535
1307,QUAD,0.430180,0.506688,1.68809480e-04,0.012993,1.2365
1308,QUAD,0.455153,0.488369,5.23501789e-05,0.007235,1.4741
1309,QUAD,0.429660,0.494334,1.29916663e-04,0.011398,1.1426
1310,QUAD,0.440613,0.495108,9.84376601e-05,0.009922,1.1442
1311,QUAD,0.417062,0.493561,1.72856406e-04,0.013147,1.1151
1312,QUAD,0.401871,0.507941,2.51535848e-04,0.015860,1.0518
1313,QUAD,0.385936,0.492122,2.73235359e-04,0.016530,1.1776
1314,QUAD,0.366988,0.508624,3.21992626e-04,0.017944,1.1096
1315,QUAD,0.348868,0.490848,3.53895046e-04,0.018812,1.0983
1316,QUAD,0.328596,0.509036,3.53049166e-04,0.018790,1.0977
1317,QUAD,0.309584,0.490372,3.83857300e-04,0.019592,1.0379
1318,QUAD,0.289076,0.509352,3.72514192e-04,0.019301,1.0798
1319,QUAD,0.249831,0.489966,3.98385092e-04,0.019960,1.0261
1320,QUAD,0.229130,0.510043,4.01547144e-04,0.020039,1.0241
1321,QUAD,0.210020,0.489918,4.01474560e-04,0.020037,1.0159
1322,QUAD,0.229941,0.489920,4.01812521e-04,0.020045,1.0164
1323,QUAD,0.190139,0.489877,4.02020838e-04,0.020050,1.0267
1324,QUAD,0.169490,0.509960,3.96901401e-04,0.019922,1.0211
1325,QUAD,0.149569,0.509822,3.91368409e-04,0.019783,1.0226
1326,QUAD,0.130391,0.489381,4.26420536e-04,0.020650,1.0779
1327,QUAD,0.069943,0.509892,3.94622449e-04,0.019865,1.0144
1328,QUAD,0.010049,0.050670,4.05575105e-04,0.020139,1.0054
1329,QUAD,0.009842,0.091179,4.01507022e-04,0.020038,1.0486
1330,QUAD,0.010130,0.131900,4.11193864e-04,0.020278,1.0290
1331,QUAD,0.009259,0.192282,3.70908493e-04,0.019259,1.1015
1332,QUAD,0.008974,0.232143,3.57745378e-04,0.018914,1.1241
1333,QUAD,0.009411,0.292160,3.77396813e-04,0.019427,1.0774
1334,QUAD,0.009449,0.312165,3.77126123e-04,0.019420,1.0649
1335,QUAD,0.009157,0.371053,3.54580046e-04,0.018830,1.0658
1336,QUAD,0.009472,0.409852,3.70792994e-04,0.019256,1.0460
1337,QUAD,0.029513,0.449517,3.95915483e-04,0.019898,1.0224
1338,QUAD,0.996428,0.521601,4.68297969e-06,0.002164,1.2958
1339,QUAD,0.997130,0.525224,2.98176391e-06,0.001727,1.3223
1340,QUAD,0.998571,0.532977,5.85286084e-06,0.002419,1.5346
1341,QUAD,0.996913,0.526863,3.48373089e-06,0.001866,1.5607
1342,QUAD,0.996458,0.528739,5.15906972e-06,0.002271,1.2511
1343,QUAD,0.996200,0.530858,5.16067246e-06,0.002272,1.1949
1344,QUAD,0.996810,0.523477,3.99316990e-06,0.001998,1.2173
1345,QUAD,0.998021,0.540162,1.19624741e-05,0.003459,1.5089
1346,QUAD,0.996021,0.519665,5.29136218e-06,0.002300,1.3980
1347,QUAD,0.994700,0.537785,9.67760432e-06,0.003111,1.4174
1348,QUAD,0.484395,0.510294,1.08184129e-05,0.003289,2.2442
1349,QUAD,0.486404,0.496470,4.62557370e-06,0.002151,1.2550
1350,QUAD,0.494784,0.501242,5.09943574e-06,0.002258,1.2358
1351,QUAD,0.487628,0.505049,7.61329241e-06,0.002759,1.6622
1352,QUAD,0.488337,0.496511,4.57752400e-06,0.002140,1.2970
1353,QUAD,0.496861,0.501348,5.66162445e-06,0.002379,1.3914
1354,QUAD,0.489782,0.504404,6.93132871e-06,0.002633,1.6497
1355,QUAD,0.492824,0.503847,5.74991252e-06,0.002398,1.4422
1356,QUAD,0.490269,0.496543,4.55525585e-06,0.002134,1.2639
1357,QUAD,0.494604,0.498741,5.25799427e-06,0.002293,1.2857
1358,QUAD,0.477993,0.502014,8.97781397e-06,0.002996,2.1160
1359,QUAD,0.480375,0.495429,6.66875395e-06,0.002582,1.3704
1360,QUAD,0.499029,0.501593,7.07005680e-06,0.002659,1.6469
1361,QUAD,0.485426,0.505587,8.47894738e-06,0.002912,1.7214
1362,QUAD,0.492232,0.496541,4.45799661e-06,0.002111,1.2051
1363,QUAD,0.494197,0.496314,4.76994243e-06,0.002184,1.3216
1364,QUAD,0.498866,0.498348,7.43621912e-06,0.002727,1.6881
1365,QUAD,0.499343,0.491013,8.77117399e-06,0.002962,1.4006
1366,QUAD,0.480811,0.506828,1.16978105e-05,0.003420,1.9388
1367,QUAD,0.472736,0.497649,1.33574033e-05,0.003655,1.7157
1368,QUAD,0.478037,0.494494,9.59935801e-06,0.003098,1.6037
1369,QUAD,0.989016,0.504678,1.70541099e-05,0.004130,2.0625
1370,QUAD,0.478344,0.507910,1.09325100e-05,0.003306,2.1097
1371,QUAD,0.484677,0.493795,4.61165339e-06,0.002147,1.5845
1372,QUAD,0.994631,0.513359,8.40386476e-06,0.002899,1.5893
1373,QUAD,0.997333,0.502965,1.58977414e-05,0.003987,2.2152
1374,QUAD,0.476686,0.504968,9.26312875e-06,0.003044,1.6075
1375,QUAD,0.484457,0.496287,4.81614393e-06,0.002195,1.3469
1376,QUAD,0.467764,0.514902,3.63026367e-05,0.006025,1.3445
1377,QUAD,0.481020,0.492831,5.09603479e-06,0.002257,1.3802
1378,QUAD,0.463820,0.512381,3.44876512e-05,0.005873,1.8376
1379,QUAD,0.456807,0.496297,4.17405087e-05,0.006461,1.5357
1380,QUAD,0.465548,0.491193,2.58472453e-05,0.005084,1.5982
1381,QUAD,0.992788,0.518269,5.98587925e-06,0.002447,1.4162
1382,QUAD,0.992297,0.534803,7.76419612e-06,0.002786,1.3283
1383,QUAD,0.458552,0.512723,4.75902529e-05,0.006899,1.7669
1384,QUAD,0.472415,0.492754,1.47164796e-05,0.003836,2.0545
1385,QUAD,0.996040,0.562895,7.36827524e-05,0.008584,1.3115
1386,QUAD,0.994015,0.540838,1.34781841e-05,0.003671,1.3101
1387,QUAD,0.466631,0.485243,3.29547059e-05,0.005741,1.4509
1388,QUAD,0.452241,0.512528,6.22061369e-05,0.007887,1.6227
1389,QUAD,0.449822,0.503557,5.14274956e-05,0.007171,1.5417
1390,QUAD,0.988025,0.491922,6.14974782e-05,0.007842,1.4436
1391,QUAD,0.993147,0.544655,1.92962387e-05,0.004393,1.1615
1392,QUAD,0.438785,0.531264,8.31259419e-05,0.009117,1.4552
1393,QUAD,0.460870,0.489812,3.65853309e-05,0.006049,1.5894
1394,QUAD,0.986439,0.484099,8.32802277e-05,0.009126,1.1335
1395,QUAD,0.984687,0.555141,3.88723222e-05,0.006235,1.4235
1396,QUAD,0.984285,0.474412,1.09801893e-04,0.010479,1.1049
1397,QUAD,0.447951,0.486708,7.69356868e-05,0.008771,1.2660
1398,QUAD,0.988373,0.563754,6.72609234e-05,0.008201,1.4103
1399,QUAD,0.428647,0.520475,1.80917412e-04,0.013451,1.1790
1400,QUAD,0.455545,0.479614,6.37829911e-05,0.007986,1.4531
1401,QUAD,0.994127,0.522155,4.73335829e-06,0.002176,1.2559
1402,QUAD,0.995810,0.532986,5.80284894e-06,0.002409,1.3067
1403,QUAD,0.995511,0.525822,3.42638788e-06,0.001851,1.5662
1404,QUAD,0.995295,0.535238,7.25251144e-06,0.002693,1.4133
1405,QUAD,0.990879,0.525664,4.43448750e-06,0.002106,1.1492
1406,QUAD,0.993442,0.520234,5.42223793e-06,0.002329,1.3844
1407,QUAD,0.992151,0.528691,2.80691855e-06,0.001675,1.5137
1408,QUAD,0.993911,0.530626,4.41651424e-06,0.002102,1.1651
1409,QUAD,0.995160,0.515601,6.86843654e-06,0.002621,1.5254
1410,QUAD,0.991181,0.537433,1.09998914e-05,0.003317,1.2790
1411,QUAD,0.991953,0.522931,4.75264132e-06,0.002180,1.1476
1412,QUAD,0.994056,0.510896,1.01488640e-05,0.003186,1.6565
1413,QUAD,0.488206,0.493980,5.10080382e-06,0.002258,1.4884
1414,QUAD,0.481906,0.511450,1.51688812e-05,0.003895,2.2327
1415,QUAD,0.494820,0.503625,4.16572921e-06,0.002041,1.4857
1416,QUAD,0.488685,0.508410,8.81727489e-06,0.002969,1.6072
1417,QUAD,0.475327,0.493164,1.51291413e-05,0.003890,2.1911
1418,QUAD,0.482865,0.493389,4.80958760e-06,0.002193,1.5609
1419,QUAD,0.490135,0.494094,4.97386915e-06,0.002230,1.4504
1420,QUAD,0.496657,0.503900,4.82686190e-06,0.002197,1.4430
1421,QUAD,0.491033,0.507527,9.46891209e-06,0.003077,1.4838
1422,QUAD,0.491975,0.494391,3.50081029e-06,0.001871,1.4253
1423,QUAD,0.496182,0.495821,5.76909421e-06,0.002402,1.4315
1424,QUAD,0.493594,0.494143,3.56627936e-06,0.001888,1.5997
1425,QUAD,0.495559,0.505791,5.62013892e-06,0.002371,1.8206
1426,QUAD,0.498312,0.495167,7.53987214e-06,0.002746,1.4905
1427,QUAD,0.498793,0.504824,8.57236040e-06,0.002928,1.5620
1428,QUAD,0.504687,0.502198,1.19376845e-05,0.003455,1.2769
1429,QUAD,0.501566,0.498029,1.26587460e-05,0.003558,1.4119
1430,QUAD,0.500624,0.509846,1.73388783e-05,0.004164,1.4958
1431,QUAD,0.479009,0.491299,8.89042729e-06,0.002982,1.2502
1432,QUAD,0.478944,0.511655,1.12544592e-05,0.003355,1.9784
1433,QUAD,0.474140,0.507055,1.47190945e-05,0.003837,1.5007
1434,QUAD,0.993255,0.505500,1.13697017e-05,0.003372,1.7267
1435,QUAD,0.991997,0.549510,2.81169466e-05,0.005303,1.1457
1436,QUAD,0.990037,0.540652,1.44619337e-05,0.003803,1.1379
1437,QUAD,0.476304,0.510362,1.24616822e-05,0.003530,1.4767
1438,QUAD,0.471068,0.509990,2.85650262e-05,0.005345,1.3696
1439,QUAD,0.469320,0.492489,1.61788525e-05,0.004022,1.5515
1440,QUAD,0.482365,0.491107,5.44057003e-06,0.002333,1.5908
1441,QUAD,0.485781,0.491955,5.23798638e-06,0.002289,1.8120
1442,QUAD,0.471677,0.520453,5.08256591e-05,0.007129,1.1589
1443,QUAD,0.988715,0.544571,1.91627337e-05,0.004378,1.1156
1444,QUAD,0.473573,0.484562,3.39209566e-05,0.005824,1.4466
1445,QUAD,0.466867,0.526293,6.51087686e-05,0.008069,1.2009
1446,QUAD,0.989671,0.498132,4.38951494e-05,0.006625,1.7728
1447,QUAD,0.966966,0.498015,6.30254458e-05,0.007939,1.2793
1448,QUAD,0.470674,0.488442,2.02670025e-05,0.004502,1.9647
1449,QUAD,0.981073,0.498917,6.51171219e-05,0.008070,1.5451
1450,QUAD,0.985626,0.573676,1.01670788e-04,0.010083,1.4005
1451,QUAD,0.987011,0.549303,2.58509254e-05,0.005084,1.2599
1452,QUAD,0.428789,0.534025,1.54721156e-04,0.012439,1.3040
1453,QUAD,0.444887,0.510796,7.67710475e-05,0.008762,1.9178
1454,QUAD,0.438952,0.484697,1.07991880e-04,0.010392,1.1557
1455,QUAD,0.448284,0.476546,8.94424183e-05,0.009457,1.3646
1456,QUAD,0.976555,0.483365,8.67933950e-05,0.009316,1.1298
1457,QUAD,0.982109,0.585756,1.57292506e-04,0.012542,1.3849
1458,QUAD,0.428239,0.482431,1.42759008e-04,0.011948,1.1274
1459,QUAD,0.977427,0.600426,2.48883028e-04,0.015776,1.3406
1460,QUAD,0.439529,0.473128,1.22068688e-04,0.011048,1.2787
1461,QUAD,0.987905,0.524455,5.78092342e-06,0.002404,1.8385
1462,QUAD,0.994789,0.524024,4.03044645e-06,0.002008,1.1876
1463,QUAD,0.988855,0.526836,6.27435766e-06,0.002505,1.5526
1464,QUAD,0.993746,0.526637,4.45423498e-06,0.002111,1.2709
1465,QUAD,0.994166,0.528609,4.47532628e-06,0.002115,1.2872
1466,QUAD,0.991923,0.530281,3.09691016e-06,0.001760,1.4279
1467,QUAD,0.987684,0.536303,1.38756772e-05,0.003725,1.2242
1468,QUAD,0.990948,0.521041,5.63982207e-06,0.002375,1.3461
1469,QUAD,0.992137,0.516260,6.52127605e-06,0.002554,1.5204
1470,QUAD,0.993277,0.532625,5.28574387e-06,0.002299,1.2697
1471,QUAD,0.989422,0.533560,9.56557843e-06,0.003093,1.4859
1472,QUAD,0.989317,0.508286,1.41980052e-05,0.003768,1.5172
1473,QUAD,0.991266,0.514032,8.89810042e-06,0.002983,1.4334
1474,QUAD,0.486443,0.509067,8.00228653e-06,0.002829,1.7332
1475,QUAD,0.482219,0.516547,2.06077289e-05,0.004540,1.6640
1476,QUAD,0.484315,0.489538,9.20291064e-06,0.003034,1.2344
1477,QUAD,0.486395,0.494126,3.98008520e-06,0.001995,1.6113
1478,QUAD,0.493464,0.506780,8.59351231e-06,0.002931,1.5667
1479,QUAD,0.492165,0.510905,8.96819707e-06,0.002995,1.4787
1480,QUAD,0.490347,0.491311,7.85885095e-06,0.002803,1.7672
1481,QUAD,0.492402,0.492520,4.12394251e-06,0.002031,1.7131
1482,QUAD,0.495246,0.493266,5.54726193e-06,0.002355,1.4393
1483,QUAD,0.486914,0.512663,1.35349536e-05,0.003679,2.3214
1484,QUAD,0.493764,0.490925,6.47940230e-06,0.002545,1.5059
1485,QUAD,0.497177,0.492217,7.35419198e-06,0.002712,1.4318
1486,QUAD,0.501724,0.489588,9.50206189e-06,0.003083,1.4883
1487,QUAD,0.489769,0.512023,1.02282021e-05,0.003198,1.8974
1488,QUAD,0.503059,0.492557,9.85772093e-06,0.003140,1.7480
1489,QUAD,0.507757,0.498774,1.05560354e-05,0.003249,1.3110
1490,QUAD,0.461568,0.482440,4.57915711e-05,0.006767,1.4716
1491,QUAD,0.469358,0.479470,4.38718151e-05,0.006624,1.1759
1492,QUAD,0.501488,0.505661,1.19715121e-05,0.003460,1.4287
1493,QUAD,0.495038,0.510243,1.34700972e-05,0.003670,1.7085
1494,QUAD,0.989987,0.530195,4.45368904e-06,0.002110,2.0653
1495,QUAD,0.986582,0.512528,1.33868308e-05,0.003659,1.2557
1496,QUAD,0.478486,0.516415,2.02158976e-05,0.004496,1.9141
1497,QUAD,0.476574,0.488906,1.56880862e-05,0.003961,1.4044
1498,QUAD,0.982604,0.547952,2.28658602e-05,0.004782,1.3231
1499,QUAD,0.486495,0.517813,3.23368637e-05,0.005687,1.3103
1500,QUAD,0.460382,0.531806,9.45137571e-05,0.009722,1.3218
1501,QUAD,0.457470,0.522145,7.62593525e-05,0.008733,1.9310
1502,QUAD,0.480655,0.489098,6.86941867e-06,0.002621,1.2097
1503,QUAD,0.984972,0.509063,1.94470038e-05,0.004410,1.3398
1504,QUAD,0.983560,0.504629,3.51209803e-05,0.005926,1.5905
1505,QUAD,0.961068,0.492618,6.41031036e-05,0.008006,1.4544
1506,QUAD,0.978371,0.491723,8.23847054e-05,0.009077,1.4076
1507,QUAD,0.463645,0.519446,3.99377422e-05,0.006320,1.9792
1508,QUAD,0.981456,0.562516,6.10218214e-05,0.007812,1.5267
1509,QUAD,0.986290,0.539799,1.45849019e-05,0.003819,1.0605
1510,QUAD,0.441248,0.539439,7.45563727e-05,0.008635,1.4816
1511,QUAD,0.968856,0.491429,6.61611304e-05,0.008134,1.3220
1512,QUAD,0.974559,0.474419,8.34041261e-05,0.009133,1.3490
1513,QUAD,0.969542,0.465355,1.28656237e-04,0.011343,1.8167
1514,QUAD,0.484265,0.484410,1.64096175e-05,0.004051,1.5149
1515,QUAD,0.977097,0.571576,9.50174985e-05,0.009748,1.4947
1516,QUAD,0.451583,0.554808,1.21051061e-04,0.011002,1.6876
1517,QUAD,0.451194,0.465779,1.04830397e-04,0.010239,1.4380
1518,QUAD,0.399760,0.524498,2.73874514e-04,0.016549,1.1118
1519,QUAD,0.414954,0.522712,2.25172114e-04,0.015006,1.1840
1520,QUAD,0.991815,0.527225,3.03519324e-06,0.001742,1.4619
1521,QUAD,0.989974,0.523900,4.20154112e-06,0.002050,1.2434
1522,QUAD,0.989932,0.518910,7.44022859e-06,0.002728,1.5279
1523,QUAD,0.988649,0.522348,5.94062438e-06,0.002437,1.7461
1524,QUAD,0.491624,0.488710,1.00076384e-05,0.003163,1.4249
1525,QUAD,0.493832,0.486717,9.94197472e-06,0.003153,1.2792
1526,QUAD,0.495657,0.489450,8.11906421e-06,0.002849,1.3743
1527,QUAD,0.504726,0.498199,1.30824699e-05,0.003617,1.4581
1528,QUAD,0.507792,0.502484,1.19022444e-05,0.003450,1.3018
1529,QUAD,0.497873,0.487995,9.18657772e-06,0.003031,1.2329
1530,QUAD,0.504283,0.489585,9.89239097e-06,0.003145,1.4630
1531,QUAD,0.496207,0.485064,9.71257013e-06,0.003116,1.2361
1532,QUAD,0.472105,0.533265,7.88268440e-05,0.008878,1.1553
1533,QUAD,0.499889,0.514660,2.14486980e-05,0.004631,1.3717
1534,QUAD,0.984716,0.543672,1.75857990e-05,0.004194,1.2005
1535,QUAD,0.980873,0.534199,1.03893565e-05,0.003223,1.2864
1536,QUAD,0.479271,0.486369,1.22501997e-05,0.003500,1.9153
1537,QUAD,0.482152,0.486856,1.03139673e-05,0.003212,1.8205
1538,QUAD,0.486688,0.487799,1.19873071e-05,0.003462,1.4045
1539,QUAD,0.487931,0.491049,7.94493691e-06,0.002819,1.8688
1540,QUAD,0.492083,0.514312,1.35083478e-05,0.003675,1.7658
1541,QUAD,0.495851,0.514541,1.92812191e-05,0.004391,1.3833
1542,QUAD,0.474555,0.514711,3.00802378e-05,0.005485,1.6786
1543,QUAD,0.984442,0.531930,1.06058350e-05,0.003257,1.3832
1544,QUAD,0.480370,0.521182,2.98903212e-05,0.005467,1.9500
1545,QUAD,0.988227,0.515421,1.07289636e-05,0.003276,1.3021
1546,QUAD,0.476751,0.526432,6.11999019e-05,0.007823,1.1056
1547,QUAD,0.983179,0.514342,1.36210713e-05,0.003691,1.2045
1548,QUAD,0.979684,0.553054,3.60126160e-05,0.006001,1.3925
1549,QUAD,0.984114,0.535206,1.32325185e-05,0.003638,1.2298
1550,QUAD,0.464118,0.475101,5.37483847e-05,0.007331,1.3313
1551,QUAD,0.472491,0.473858,3.54920913e-05,0.005958,1.3914
1552,QUAD,0.973923,0.510872,2.81126723e-05,0.005302,1.1424
1553,QUAD,0.459854,0.547863,1.13587599e-04,0.010658,1.1663
1554,QUAD,0.975637,0.559528,5.54117252e-05,0.007444,1.5336
1555,QUAD,0.973771,0.502213,5.43635267e-05,0.007373,1.2955
1556,QUAD,0.975315,0.549436,3.87236024e-05,0.006223,1.1134
1557,QUAD,0.468293,0.468484,5.63421197e-05,0.007506,1.3511
1558,QUAD,0.964971,0.473007,1.06826659e-04,0.010336,1.7166
1559,QUAD,0.993649,0.464820,1.57986917e-04,0.012569,1.2044
1560,QUAD,0.429146,0.469405,1.60694313e-04,0.012677,1.2301
1561,QUAD,0.990353,0.528336,3.67970576e-06,0.001918,1.9879
1562,QUAD,0.987532,0.531090,1.06798489e-05,0.003268,1.2791
1563,QUAD,0.510511,0.499017,8.43476723e-06,0.002904,1.3516
1564,QUAD,0.491959,0.483754,1.21567112e-05,0.003487,1.1396
1565,QUAD,0.982704,0.538657,1.43369506e-05,0.003786,1.0657
1566,QUAD,0.504630,0.506212,1.38157172e-05,0.003717,1.3196
1567,QUAD,0.477676,0.481648,3.28338436e-05,0.005730,1.5063
1568,QUAD,0.503648,0.520162,1.95079299e-05,0.004417,1.4191
1569,QUAD,0.981236,0.542246,1.41061953e-05,0.003756,1.2820
1570,QUAD,0.489328,0.485921,1.35611297e-05,0.003683,1.2824
1571,QUAD,0.986444,0.528041,9.25476390e-06,0.003042,1.1575
1572,QUAD,0.986913,0.520250,1.24491549e-05,0.003528,1.3563
1573,QUAD,0.505503,0.494398,1.15927603e-05,0.003405,1.4854
1574,QUAD,0.977680,0.541450,1.79837663e-05,0.004241,1.7131
1575,QUAD,0.977678,0.514311,2.25254237e-05,0.004746,1.2187
1576,QUAD,0.494693,0.481839,1.21305472e-05,0.003483,1.3281
1577,QUAD,0.495621,0.519765,2.39480476e-05,0.004894,1.3831
1578,QUAD,0.485473,0.524554,4.43969778e-05,0.006663,1.5990
1579,QUAD,0.495733,0.525477,2.73128950e-05,0.005226,1.3465
1580,QUAD,0.981576,0.519017,1.60336598e-05,0.004004,1.3116
1581,QUAD,0.980977,0.524483,1.42438947e-05,0.003774,1.2315
1582,QUAD,0.980878,0.511097,2.03048008e-05,0.004506,1.2710
1583,QUAD,0.969687,0.567245,9.53060197e-05,0.009762,1.5691
1584,QUAD,0.478861,0.539816,9.03009407e-05,0.009503,1.1939
1585,QUAD,0.487305,0.482541,1.33393209e-05,0.003652,1.2537
1586,QUAD,0.956077,0.503754,5.70127595e-05,0.007551,1.3702
1587,QUAD,0.446783,0.532464,7.99703909e-05,0.008943,1.6432
1588,QUAD,0.447029,0.546066,8.49649287e-05,0.009218,1.2018
1589,QUAD,0.490040,0.475123,2.23891835e-05,0.004732,1.7335
1590,QUAD,0.458217,0.470586,7.54540586e-05,0.008686,1.4230
1591,QUAD,0.463344,0.461965,9.02113475e-05,0.009498,1.4237
1592,QUAD,0.969492,0.507235,3.69070870e-05,0.006075,1.2061
1593,QUAD,0.508265,0.495346,9.29661577e-06,0.003049,1.3264
1594,QUAD,0.510803,0.502391,1.03540640e-05,0.003218,1.4018
1595,QUAD,0.979163,0.537396,1.46670081e-05,0.003830,1.1806
1596,QUAD,0.503936,0.515186,1.94511719e-05,0.004410,1.2207
1597,QUAD,0.504321,0.510523,1.69701240e-05,0.004119,1.2782
1598,QUAD,0.505190,0.480372,1.76018296e-05,0.004195,1.1890
1599,QUAD,0.508300,0.487974,1.01685230e-05,0.003189,1.1735
1600,QUAD,0.491193,0.519123,2.85265022e-05,0.005341,1.4093
1601,QUAD,0.506819,0.491041,9.57252037e-06,0.003094,1.3124
1602,QUAD,0.499758,0.519915,2.11834810e-05,0.004603,1.3873
1603,QUAD,0.985353,0.525144,9.51303683e-06,0.003084,1.2800
1604,QUAD,0.476844,0.475784,2.64797071e-05,0.005146,1.5542
1605,QUAD,0.481384,0.474919,2.41559398e-05,0.004915,1.2789
1606,QUAD,0.980694,0.529976,1.06315561e-05,0.003261,1.4267
1607,QUAD,0.502861,0.483793,1.47295420e-05,0.003838,1.1408
1608,QUAD,0.498551,0.483612,8.06569412e-06,0.002840,1.4530
1609,QUAD,0.975675,0.535367,1.90500494e-05,0.004365,1.5051
1610,QUAD,0.971062,0.555098,4.76779480e-05,0.006905,1.3827
1611,QUAD,0.973445,0.539868,3.14376453e-05,0.005607,1.1357
1612,QUAD,0.500281,0.525337,2.47243453e-05,0.004972,1.4345
1613,QUAD,0.985118,0.517308,1.39569159e-05,0.003736,1.1461
1614,QUAD,0.496503,0.538725,6.36686298e-05,0.007979,1.3920
1615,QUAD,0.490889,0.525722,3.56292528e-05,0.005969,1.7246
1616,QUAD,0.966753,0.512040,2.46437593e-05,0.004964,1.2989
1617,QUAD,0.474005,0.463690,5.83310097e-05,0.007637,1.4156
1618,QUAD,0.476224,0.470199,2.85065771e-05,0.005339,1.6768
1619,QUAD,0.497546,0.480662,1.00853989e-05,0.003176,1.6623
1620,QUAD,0.965035,0.560682,6.85039640e-05,0.008277,1.6277
1621,QUAD,0.971097,0.545394,3.41680636e-05,0.005845,1.2193
1622,QUAD,0.970681,0.515125,2.71623074e-05,0.005212,1.1289
1623,QUAD,0.963374,0.504195,5.39581765e-05,0.007346,1.5071
1624,QUAD,0.957652,0.483917,9.22883666e-05,0.009607,1.2661
1625,QUAD,0.954159,0.472888,1.53214343e-04,0.012378,1.4469
1626,QUAD,0.976118,0.448823,2.75593158e-04,0.016601,1.3335
1627,QUAD,0.512955,0.498945,6.20925178e-06,0.002492,1.3711
1628,QUAD,0.490136,0.480625,1.22594539e-05,0.003501,1.0996
1629,QUAD,0.485942,0.478882,1.45368981e-05,0.003813,1.3268
1630,QUAD,0.508074,0.506469,1.48207786e-05,0.003850,1.2749
1631,QUAD,0.978276,0.532367,1.18831580e-05,0.003447,1.2261
1632,QUAD,0.482177,0.480170,2.24860799e-05,0.004742,1.3486
1633,QUAD,0.500415,0.486369,1.18766152e-05,0.003446,1.2762
1634,QUAD,0.507652,0.483224,1.14978757e-05,0.003391,1.3538
1635,QUAD,0.983516,0.528773,1.02175950e-05,0.003196,1.2102
1636,QUAD,0.500302,0.481343,1.06229341e-05,0.003259,1.4172
1637,QUAD,0.967437,0.550306,3.39413701e-05,0.005826,1.2735
1638,QUAD,0.974705,0.518164,2.56540700e-05,0.005065,1.1128
1639,QUAD,0.496577,0.531389,3.43022045e-05,0.005857,1.3968
1640,QUAD,0.968832,0.537306,2.71854115e-05,0.005214,1.2388
1641,QUAD,0.480987,0.468979,3.17258363e-05,0.005633,1.4529
1642,QUAD,0.962808,0.554031,3.42556108e-05,0.005853,1.3994
1643,QUAD,0.482932,0.531841,6.93514805e-05,0.008328,1.1617
1644,QUAD,0.495155,0.548201,8.82326967e-05,0.009393,1.3338
1645,QUAD,0.483386,0.555599,1.43469620e-04,0.011978,1.3366
1646,QUAD,0.946298,0.499021,6.35571059e-05,0.007972,1.1966
1647,QUAD,0.497246,0.476276,2.71815632e-05,0.005214,1.7664
1648,QUAD,0.510842,0.495936,7.52613671e-06,0.002743,1.2618
1649,QUAD,0.511608,0.493137,6.83079373e-06,0.002614,1.2213
1650,QUAD,0.510663,0.489620,8.27648737e-06,0.002877,1.3402
1651,QUAD,0.509241,0.492279,8.13185193e-06,0.002852,1.2752
1652,QUAD,0.505563,0.486236,1.33161910e-05,0.003649,1.2587
1653,QUAD,0.983769,0.522219,1.33193132e-05,0.003650,1.0827
1654,QUAD,0.975448,0.524599,1.67169936e-05,0.004089,1.2002
1655,QUAD,0.507977,0.515596,2.02333405e-05,0.004498,1.2288
1656,QUAD,0.508175,0.510844,1.82359250e-05,0.004270,1.2162
1657,QUAD,0.967024,0.542214,2.34643553e-05,0.004844,1.2226
1658,QUAD,0.959043,0.541175,8.04060823e-06,0.002836,1.2645
1659,QUAD,0.973374,0.531926,1.52878888e-05,0.003910,1.9835
1660,QUAD,0.978188,0.521342,1.96052906e-05,0.004428,1.3073
1661,QUAD,0.964318,0.546296,2.17139791e-05,0.004660,1.2930
1662,QUAD,0.486028,0.468834,3.20514516e-05,0.005661,1.3126
1663,QUAD,0.958375,0.517806,4.20419085e-05,0.006484,1.2953
1664,QUAD,0.480351,0.452436,9.27967946e-05,0.009633,1.7729
1665,QUAD,0.491335,0.469680,3.54025620e-05,0.005950,1.2534
1666,QUAD,0.453629,0.538736,1.08475410e-04,0.010415,1.2270
1667,QUAD,0.466415,0.540393,9.75164485e-05,0.009875,1.2401
1668,QUAD,0.489657,0.536179,6.45975065e-05,0.008037,1.2866
1669,QUAD,0.491976,0.447231,6.97812764e-05,0.008354,1.2863
1670,QUAD,0.962618,0.577014,1.40701784e-04,0.011862,1.2813
1671,QUAD,0.957589,0.562484,6.44124869e-05,0.008026,1.6828
1672,QUAD,0.963483,0.515772,2.91989607e-05,0.005404,1.6983
1673,QUAD,0.953691,0.495768,7.84976072e-05,0.008860,1.2121
1674,QUAD,0.949286,0.486999,9.11466422e-05,0.009547,1.2782
1675,QUAD,0.508293,0.477094,2.51445684e-05,0.005014,1.4970
1676,QUAD,0.510474,0.481399,1.56028329e-05,0.003950,1.6461
1677,QUAD,0.510230,0.484981,1.13084717e-05,0.003363,1.4844
1678,QUAD,0.496957,0.470251,3.89834513e-05,0.006244,1.3288
1679,QUAD,0.493098,0.477994,1.93817241e-05,0.004402,1.5390
1680,QUAD,0.511763,0.506213,1.65050169e-05,0.004063,1.4522
1681,QUAD,0.978458,0.527186,1.46826301e-05,0.003832,1.1940
1682,QUAD,0.502187,0.469267,2.75866697e-05,0.005252,1.3494
1683,QUAD,0.967337,0.519623,3.23503326e-05,0.005688,1.3092
1684,QUAD,0.960864,0.549168,1.94495121e-05,0.004410,1.3194
1685,QUAD,0.507601,0.520673,2.18269314e-05,0.004672,1.3125
1686,QUAD,0.504953,0.532152,4.46289398e-05,0.006680,1.3382
1687,QUAD,0.964406,0.535689,2.01732352e-05,0.004491,1.1872
1688,QUAD,0.969417,0.531946,2.48537737e-05,0.004985,1.3296
1689,QUAD,0.480374,0.461758,5.03400041e-05,0.007095,1.5641
1690,QUAD,0.501882,0.463366,3.13203846e-05,0.005596,1.2208
1691,QUAD,0.973532,0.528057,1.24814661e-05,0.003533,1.6201
1692,QUAD,0.971791,0.522205,2.29511683e-05,0.004791,1.1731
1693,QUAD,0.494122,0.559700,1.40473822e-04,0.011852,1.3820
1694,QUAD,0.467556,0.557536,1.54231020e-04,0.012419,1.3062
1695,QUAD,0.957126,0.550487,1.69112184e-05,0.004112,1.3463
1696,QUAD,0.946699,0.580230,1.26349782e-04,0.011241,1.3045
1697,QUAD,0.946605,0.565935,7.53082348e-05,0.008678,1.2100
1698,QUAD,0.957357,0.538900,9.27389268e-06,0.003045,1.4374
1699,QUAD,0.956830,0.511024,4.16481287e-05,0.006454,1.2860
1700,QUAD,0.944012,0.477319,1.22848079e-04,0.011084,1.3129
1701,QUAD,0.959114,0.545610,1.04265804e-05,0.003229,1.4563
1702,QUAD,0.514266,0.493669,9.17481676e-06,0.003029,1.5410
1703,QUAD,0.501783,0.477466,2.31493599e-05,0.004811,1.4972
1704,QUAD,0.963402,0.539915,1.57636467e-05,0.003970,1.2559
1705,QUAD,0.956286,0.546395,1.17316440e-05,0.003425,1.4999
1706,QUAD,0.504678,0.473486,2.59508925e-05,0.005094,1.2266
1707,QUAD,0.965179,0.525004,3.40282293e-05,0.005833,1.3777
1708,QUAD,0.969911,0.526754,2.24180653e-05,0.004735,1.2885
1709,QUAD,0.512118,0.515906,2.13401777e-05,0.004620,1.2433
1710,QUAD,0.512322,0.510822,2.19595689e-05,0.004686,1.3220
1711,QUAD,0.957746,0.555523,2.86044937e-05,0.005348,1.4949
1712,QUAD,0.496946,0.463937,2.80134125e-05,0.005293,1.4063
1713,QUAD,0.511834,0.521166,2.38014477e-05,0.004879,1.2875
1714,QUAD,0.961539,0.543271,1.34959296e-05,0.003674,1.3188
1715,QUAD,0.486420,0.462123,4.31566584e-05,0.006569,1.4024
1716,QUAD,0.491968,0.463291,3.43679860e-05,0.005862,1.2771
1717,QUAD,0.511360,0.526823,2.86910281e-05,0.005356,1.3160
1718,QUAD,0.506624,0.526023,2.71041614e-05,0.005206,1.4199
1719,QUAD,0.956994,0.543343,9.36625980e-06,0.003060,1.4710
1720,QUAD,0.944667,0.513829,5.16552099e-05,0.007187,1.4354
1721,QUAD,0.503236,0.549199,7.54382135e-05,0.008686,1.3613
1722,QUAD,0.504057,0.559880,1.07836815e-04,0.010384,1.6121
1723,QUAD,0.466268,0.444589,1.78967460e-04,0.013378,1.4805
1724,QUAD,0.484568,0.442570,1.15851582e-04,0.010763,1.5794
1725,QUAD,0.478794,0.567649,2.24279188e-04,0.014976,1.6342
1726,QUAD,0.470518,0.577607,2.16790407e-04,0.014724,1.5038
1727,QUAD,0.941713,0.491394,8.34736110e-05,0.009136,1.2051
1728,QUAD,0.928310,0.474914,1.26981326e-04,0.011269,1.2336
1729,QUAD,0.458559,0.566117,2.18163524e-04,0.014770,1.3745
1730,QUAD,0.950873,0.512433,4.47087267e-05,0.006686,1.1553
1731,QUAD,0.415697,0.539334,2.74300068e-04,0.016562,1.3863
1732,QUAD,0.964586,0.595536,2.09493723e-04,0.014474,1.4603
1733,QUAD,0.971638,0.582586,1.43998616e-04,0.012000,1.4285
1734,QUAD,0.415860,0.480121,1.85212430e-04,0.013609,1.1170
1735,QUAD,0.956345,0.535436,1.68214792e-05,0.004101,1.2365
1736,QUAD,0.506985,0.462779,3.21724962e-05,0.005672,1.3504
1737,QUAD,0.512898,0.487072,1.50426033e-05,0.003878,1.6487
1738,QUAD,0.516568,0.495347,1.03979899e-05,0.003225,1.9083
1739,QUAD,0.514274,0.480117,2.38794164e-05,0.004887,1.2758
1740,QUAD,0.953076,0.554669,1.99805719e-05,0.004470,1.7525
1741,QUAD,0.964755,0.530730,2.51014325e-05,0.005010,1.1440
1742,QUAD,0.960198,0.538596,9.55967941e-06,0.003092,1.4022
1743,QUAD,0.517502,0.498423,9.09845703e-06,0.003016,1.5479
1744,QUAD,0.516980,0.501545,9.06148484e-06,0.003010,1.5861
1745,QUAD,0.515004,0.504479,1.41316622e-05,0.003759,1.6846
1746,QUAD,0.501186,0.457157,4.02982532e-05,0.006348,1.5316
1747,QUAD,0.510867,0.533214,3.98376800e-05,0.006312,1.3515
1748,QUAD,0.503718,0.539955,6.49152090e-05,0.008057,1.2909
1749,QUAD,0.493693,0.457230,3.53368792e-05,0.005944,1.3734
1750,QUAD,0.950794,0.559605,4.69523734e-05,0.006852,1.3591
1751,QUAD,0.949244,0.505766,4.44803379e-05,0.006669,1.2101
1752,QUAD,0.937142,0.587867,1.47658000e-04,0.012151,1.2357
1753,QUAD,0.493835,0.574289,2.76862891e-04,0.016639,1.6715
1754,QUAD,0.477486,0.434606,1.81599099e-04,0.013476,1.4185
1755,QUAD,0.959637,0.524356,3.76710764e-05,0.006138,1.3504
1756,QUAD,0.940263,0.503706,6.34711719e-05,0.007967,1.1899
1757,QUAD,0.955264,0.530919,2.51512440e-05,0.005015,1.1819
1758,QUAD,0.954623,0.540875,1.47108900e-05,0.003835,1.2747
1759,QUAD,0.960291,0.534925,1.69562438e-05,0.004118,1.2156
1760,QUAD,0.520541,0.511762,1.64550570e-05,0.004056,1.2383
1761,QUAD,0.516333,0.516164,2.12359816e-05,0.004608,1.2505
1762,QUAD,0.514521,0.490466,1.23400263e-05,0.003513,1.7406
1763,QUAD,0.518115,0.489319,1.97691674e-05,0.004446,1.1955
1764,QUAD,0.515106,0.498715,5.01829406e-06,0.002240,1.2595
1765,QUAD,0.507283,0.455867,4.81910031e-05,0.006942,1.4824
1766,QUAD,0.512441,0.474883,2.73829951e-05,0.005233,1.4131
1767,QUAD,0.952629,0.537209,1.84302419e-05,0.004293,1.2068
1768,QUAD,0.953462,0.550710,1.40331731e-05,0.003746,1.2770
1769,QUAD,0.516246,0.526921,2.84150335e-05,0.005331,1.2448
1770,QUAD,0.960010,0.530203,2.50040794e-05,0.005000,1.2067
1771,QUAD,0.521166,0.507777,1.20430168e-05,0.003470,1.5706
1772,QUAD,0.516563,0.511153,2.12220440e-05,0.004607,1.3297
1773,QUAD,0.506783,0.468886,2.67479076e-05,0.005172,1.4399
1774,QUAD,0.934568,0.508870,6.47055535e-05,0.008044,1.1846
1775,QUAD,0.487954,0.454638,5.68165775e-05,0.007538,1.3921
1776,QUAD,0.516362,0.532973,3.34564658e-05,0.005784,1.3349
1777,QUAD,0.940200,0.572489,9.43824049e-05,0.009715,1.2111
1778,QUAD,0.941152,0.559821,5.69949456e-05,0.007549,1.1355
1779,QUAD,0.935114,0.496697,7.41249669e-05,0.008610,1.1641
1780,QUAD,0.488629,0.427729,1.10016029e-04,0.010489,1.6236
1781,QUAD,0.517333,0.566389,1.21509141e-04,0.011023,1.3728
1782,QUAD,0.919530,0.572567,8.68155183e-05,0.009317,1.1861
1783,QUAD,0.949862,0.551453,1.99808196e-05,0.004470,1.8429
1784,QUAD,0.953028,0.546728,1.37659902e-05,0.003710,1.3677
1785,QUAD,0.949491,0.546819,1.81225917e-05,0.004257,1.9982
1786,QUAD,0.516243,0.484873,2.13446994e-05,0.004620,1.2430
1787,QUAD,0.523781,0.492306,2.23821452e-05,0.004731,1.1284
1788,QUAD,0.511482,0.469068,3.03436870e-05,0.005509,1.4938
1789,QUAD,0.942043,0.549131,4.24713285e-05,0.006517,1.1253
1790,QUAD,0.518436,0.478468,2.29731439e-05,0.004793,1.1704
1791,QUAD,0.524306,0.507913,1.27698598e-05,0.003573,1.4624
1792,QUAD,0.520595,0.516221,1.98340500e-05,0.004454,1.2274
1793,QUAD,0.511844,0.462917,2.83192971e-05,0.005322,1.4181
1794,QUAD,0.516296,0.521351,2.45418767e-05,0.004954,1.2435
1795,QUAD,0.952444,0.519225,4.18490206e-05,0.006469,1.1302
1796,QUAD,0.954006,0.525466,3.43967606e-05,0.005865,1.1499
1797,QUAD,0.945922,0.554695,4.35886278e-05,0.006602,1.1758
1798,QUAD,0.935186,0.564938,6.99096513e-05,0.008361,1.1545
1799,QUAD,0.937164,0.553664,4.68819000e-05,0.006847,1.1121
1800,QUAD,0.521206,0.526691,2.83199983e-05,0.005322,1.1481
1801,QUAD,0.927911,0.569356,7.99947224e-05,0.008944,1.1734
1802,QUAD,0.497874,0.451681,5.48329135e-05,0.007405,1.3478
1803,QUAD,0.498337,0.440280,7.57739906e-05,0.008705,1.3736
1804,QUAD,0.928910,0.513505,5.11611283e-05,0.007153,1.1544
1805,QUAD,0.918614,0.502411,5.87561409e-05,0.007665,1.1158
1806,QUAD,0.949123,0.540057,2.19243858e-05,0.004682,1.1476
1807,QUAD,0.938431,0.516215,5.85372727e-05,0.007651,1.3998
1808,QUAD,0.471748,0.422268,2.80258249e-04,0.016741,1.7646
1809,QUAD,0.954651,0.588118,1.66851153e-04,0.012917,1.3792
1810,QUAD,0.517506,0.552306,6.71300110e-05,0.008193,1.2682
1811,QUAD,0.507840,0.572801,1.90629026e-04,0.013807,1.7286
1812,QUAD,0.517640,0.539611,4.61082693e-05,0.006790,1.6144
1813,QUAD,0.951710,0.543322,1.44248455e-05,0.003798,1.4282
1814,QUAD,0.945862,0.544289,3.14915663e-05,0.005612,1.3928
1815,QUAD,0.950718,0.532796,2.60148349e-05,0.005100,1.1554
1816,QUAD,0.519717,0.493694,1.87008341e-05,0.004324,1.2927
1817,QUAD,0.522160,0.487684,2.19133115e-05,0.004681,1.0944
1818,QUAD,0.516884,0.473600,2.27781866e-05,0.004773,1.2079
1819,QUAD,0.946499,0.535752,2.88046780e-05,0.005367,1.0940
1820,QUAD,0.513032,0.456626,3.51275594e-05,0.005927,1.4974
1821,QUAD,0.524822,0.515587,1.75540090e-05,0.004190,1.6691
1822,QUAD,0.523008,0.504498,1.50884316e-05,0.003884,1.8414
1823,QUAD,0.520975,0.521193,2.56273087e-05,0.005062,1.1612
1824,QUAD,0.931519,0.557842,5.36532073e-05,0.007325,1.1444
1825,QUAD,0.521342,0.532452,2.76594254e-05,0.005259,1.3200
1826,QUAD,0.492449,0.435074,7.68189258e-05,0.008765,1.4442
1827,QUAD,0.515926,0.449723,5.56407345e-05,0.007459,1.5228
1828,QUAD,0.943689,0.530512,3.84585533e-05,0.006201,1.1923
1829,QUAD,0.934021,0.547870,3.75181200e-05,0.006125,1.1150
1830,QUAD,0.931427,0.542508,3.06845000e-05,0.005539,1.1158
1831,QUAD,0.923468,0.496125,7.14640545e-05,0.008454,1.1396
1832,QUAD,0.935855,0.483153,1.03067926e-04,0.010152,1.2302
1833,QUAD,0.927732,0.523452,3.95874147e-05,0.006292,1.1971
1834,QUAD,0.541635,0.570586,1.20277811e-04,0.010967,1.3367
1835,QUAD,0.457023,0.454943,1.28662153e-04,0.011343,1.4931
1836,QUAD,0.525907,0.520464,3.09771046e-05,0.005566,1.3265
1837,QUAD,0.516377,0.463272,2.31072966e-05,0.004807,1.3355
1838,QUAD,0.520295,0.483149,2.23260393e-05,0.004725,1.1079
1839,QUAD,0.535757,0.519848,2.77151282e-05,0.005265,1.3042
1840,QUAD,0.509146,0.448521,5.21991810e-05,0.007225,1.2398
1841,QUAD,0.517554,0.458064,2.34730111e-05,0.004845,1.5087
1842,QUAD,0.946634,0.521164,4.37959034e-05,0.006618,1.2434
1843,QUAD,0.522574,0.476797,2.18250117e-05,0.004672,1.1442
1844,QUAD,0.527655,0.512496,2.01052568e-05,0.004484,1.8086
1845,QUAD,0.526217,0.526443,2.99894687e-05,0.005476,1.2287
1846,QUAD,0.948706,0.527480,3.46693485e-05,0.005888,1.1653
1847,QUAD,0.928845,0.551350,4.11001235e-05,0.006411,1.1495
1848,QUAD,0.924986,0.561319,6.06349587e-05,0.007787,1.1647
1849,QUAD,0.922889,0.554020,4.84128971e-05,0.006958,1.1819
1850,QUAD,0.516067,0.468494,2.29599828e-05,0.004792,1.3446
1851,QUAD,0.917696,0.563889,6.53666491e-05,0.008085,1.1460
1852,QUAD,0.939501,0.534702,3.26215266e-05,0.005712,1.2575
1853,QUAD,0.935596,0.526609,4.12997660e-05,0.006426,1.5407
1854,QUAD,0.498571,0.427840,9.41027050e-05,0.009701,1.7735
1855,QUAD,0.506453,0.433105,1.11186180e-04,0.010544,1.6689
1856,QUAD,0.919482,0.512948,4.61471724e-05,0.006793,1.1039
1857,QUAD,0.944198,0.598343,2.08083046e-04,0.014425,1.3134
1858,QUAD,0.921987,0.582398,1.20421019e-04,0.010974,1.2244
1859,QUAD,0.525468,0.539056,4.08279646e-05,0.006390,1.7003
1860,QUAD,0.518215,0.585305,2.58999688e-04,0.016093,1.6151
1861,QUAD,0.528923,0.551168,8.01466908e-05,0.008952,1.0869
1862,QUAD,0.930746,0.529137,3.35704554e-05,0.005794,1.2845
1863,QUAD,0.531314,0.532672,3.45420729e-05,0.005877,1.2656
1864,QUAD,0.531352,0.526290,3.27601859e-05,0.005724,1.2590
1865,QUAD,0.942598,0.539642,3.11579841e-05,0.005582,1.0366
1866,QUAD,0.521052,0.472267,1.99107929e-05,0.004462,1.1401
1867,QUAD,0.525027,0.497289,2.50915221e-05,0.005009,1.2297
1868,QUAD,0.520037,0.502548,1.62757329e-05,0.004034,1.6120
1869,QUAD,0.929066,0.537410,2.76841520e-05,0.005262,1.1116
1870,QUAD,0.523538,0.466195,1.84313262e-05,0.004293,1.5287
1871,QUAD,0.526181,0.532521,3.08606464e-05,0.005555,1.3353
1872,QUAD,0.520687,0.453335,3.71632241e-05,0.006096,2.0282
1873,QUAD,0.935694,0.538965,2.96944047e-05,0.005449,1.1235
1874,QUAD,0.938584,0.543875,3.46935612e-05,0.005890,1.0412
1875,QUAD,0.916331,0.556197,5.10467012e-05,0.007145,1.1238
1876,QUAD,0.522163,0.545603,6.96865006e-05,0.008348,1.3421
1877,QUAD,0.940993,0.523938,4.98418522e-05,0.007060,1.2955
1878,QUAD,0.515777,0.423406,1.86094625e-04,0.013642,1.3595
1879,QUAD,0.533822,0.444368,3.85095707e-05,0.006206,1.2995
1880,QUAD,0.536283,0.556360,8.83779791e-05,0.009401,1.2542
1881,QUAD,0.905510,0.493883,6.40283972e-05,0.008002,1.1111
1882,QUAD,0.924147,0.507715,5.50312431e-05,0.007418,1.1321
1883,QUAD,0.912384,0.497736,6.20959249e-05,0.007880,1.1219
1884,QUAD,0.921884,0.482929,9.86956382e-05,0.009935,1.1584
1885,QUAD,0.910371,0.574220,9.01832158e-05,0.009496,1.1974
1886,QUAD,0.893992,0.564089,6.41075622e-05,0.008007,1.1894
1887,QUAD,0.518990,0.440689,9.96092408e-05,0.009980,1.4542
1888,QUAD,0.533861,0.595082,2.62588616e-04,0.016205,1.4320
1889,QUAD,0.526338,0.575316,1.64917893e-04,0.012842,1.3665
1890,QUAD,0.476575,0.591264,2.40206930e-04,0.015499,1.2879
1891,QUAD,0.528609,0.479299,2.24696751e-05,0.004740,1.1707
1892,QUAD,0.520071,0.467943,1.58766819e-05,0.003985,1.4525
1893,QUAD,0.914903,0.550547,2.23846143e-05,0.004731,1.9203
1894,QUAD,0.526468,0.474978,1.96735427e-05,0.004435,1.1904
1895,QUAD,0.521947,0.458745,2.73994864e-05,0.005234,1.5280
1896,QUAD,0.536896,0.526038,3.96306152e-05,0.006295,1.4304
1897,QUAD,0.530914,0.520053,3.06068413e-05,0.005532,1.3632
1898,QUAD,0.526501,0.502302,2.31817877e-05,0.004815,1.3507
1899,QUAD,0.527940,0.507328,2.14770603e-05,0.004634,1.5611
1900,QUAD,0.524498,0.481354,2.30853935e-05,0.004805,1.1098
1901,QUAD,0.530801,0.500772,2.44623625e-05,0.004946,1.1892
1902,QUAD,0.926874,0.545527,3.03928750e-05,0.005513,1.1934
1903,QUAD,0.530820,0.539400,3.48443764e-05,0.005903,1.6116
1904,QUAD,0.921969,0.547587,3.01744121e-05,0.005493,1.5569
1905,QUAD,0.526545,0.485883,2.46312522e-05,0.004963,1.0740
1906,QUAD,0.527017,0.443179,6.76819970e-05,0.008227,1.4455
1907,QUAD,0.526747,0.451096,5.41164599e-05,0.007356,1.2412
1908,QUAD,0.932736,0.519813,4.65241312e-05,0.006821,1.3251
1909,QUAD,0.915384,0.526973,3.50153055e-05,0.005917,1.0591
1910,QUAD,0.914368,0.508323,4.83612884e-05,0.006954,1.1089
1911,QUAD,0.533181,0.544883,4.10244744e-05,0.006405,1.8647
1912,QUAD,0.908667,0.504270,5.01231284e-05,0.007080,1.1076
1913,QUAD,0.487973,0.415411,2.61707505e-04,0.016177,1.5096
1914,QUAD,0.503882,0.417180,2.12438288e-04,0.014575,1.4056
1915,QUAD,0.913323,0.477254,1.09763508e-04,0.010477,1.1941
1916,QUAD,0.527230,0.458184,3.88488154e-05,0.006233,1.3757
1917,QUAD,0.524901,0.470600,1.84739319e-05,0.004298,1.1519
1918,QUAD,0.538971,0.513564,2.03042991e-05,0.004506,1.2586
1919,QUAD,0.918113,0.543252,1.06153957e-05,0.003258,1.6833
1920,QUAD,0.933175,0.534318,2.61984253e-05,0.005118,1.1561
1921,QUAD,0.532098,0.506084,2.63189396e-05,0.005130,1.3745
1922,QUAD,0.531322,0.514245,2.32288376e-05,0.004820,1.6898
1923,QUAD,0.540290,0.518623,2.55662714e-05,0.005056,1.3381
1924,QUAD,0.535142,0.514687,1.76341128e-05,0.004199,1.4995
1925,QUAD,0.528268,0.490628,2.59768553e-05,0.005097,1.0536
1926,QUAD,0.534258,0.494133,2.64030332e-05,0.005138,1.1321
1927,QUAD,0.529566,0.495653,2.53828449e-05,0.005038,1.1037
1928,QUAD,0.925064,0.540269,2.48804205e-05,0.004988,1.2342
1929,QUAD,0.923262,0.527260,3.44161180e-05,0.005867,1.1689
1930,QUAD,0.923947,0.518010,4.30892560e-05,0.006564,1.1103
1931,QUAD,0.538976,0.548086,5.16511406e-05,0.007187,1.6654
1932,QUAD,0.533827,0.450191,4.17283293e-05,0.006460,1.5601
1933,QUAD,0.915304,0.517963,3.90552492e-05,0.006249,1.0910
1934,QUAD,0.910602,0.513836,4.01432093e-05,0.006336,1.1043
1935,QUAD,0.535751,0.539427,3.08492223e-05,0.005554,1.4962
1936,QUAD,0.909069,0.486066,8.16859950e-05,0.009038,1.1457
1937,QUAD,0.936513,0.467008,1.66701952e-04,0.012911,1.3123
1938,QUAD,0.901892,0.565343,6.68964418e-05,0.008179,1.1813
1939,QUAD,0.512713,0.402929,3.79612233e-04,0.019484,1.3169
1940,QUAD,0.530916,0.435459,5.66085214e-05,0.007524,1.7658
1941,QUAD,0.914396,0.546479,1.44361147e-05,0.003799,1.3684
1942,QUAD,0.917785,0.547463,1.70946316e-05,0.004135,1.8079
1943,QUAD,0.536954,0.532866,4.22232881e-05,0.006498,1.4291
1944,QUAD,0.536352,0.504284,2.22412382e-05,0.004716,1.1725
1945,QUAD,0.532214,0.476799,1.90285963e-05,0.004362,1.2531
1946,QUAD,0.539033,0.493095,2.50302515e-05,0.005003,1.1645
1947,QUAD,0.926484,0.532295,3.03043967e-05,0.005505,1.2155
1948,QUAD,0.528436,0.468958,1.64773871e-05,0.004059,1.2951
1949,QUAD,0.529935,0.473078,1.60495702e-05,0.004006,1.2789
1950,QUAD,0.541615,0.507542,1.94263013e-05,0.004408,1.1611
1951,QUAD,0.533861,0.510604,1.76238364e-05,0.004198,1.5537
1952,QUAD,0.919497,0.522484,3.72659559e-05,0.006105,1.0795
1953,QUAD,0.911491,0.522697,3.33372800e-05,0.005774,1.0930
1954,QUAD,0.527302,0.464203,2.33748115e-05,0.004835,1.4877
1955,QUAD,0.909850,0.550987,2.75002212e-05,0.005244,1.6078
1956,QUAD,0.907204,0.518966,3.34590106e-05,0.005784,1.1142
1957,QUAD,0.910918,0.584463,1.26905485e-04,0.011265,1.2325
1958,QUAD,0.900888,0.574098,8.91433810e-05,0.009442,1.1970
1959,QUAD,0.898080,0.490981,6.45814992e-05,0.008036,1.1048
1960,QUAD,0.536509,0.438216,4.37728056e-05,0.006616,1.2065
1961,QUAD,0.903642,0.473234,1.13524708e-04,0.010655,1.2149
1962,QUAD,0.893393,0.471471,1.05056995e-04,0.010250,1.2385
1963,QUAD,0.918633,0.467486,1.50396726e-04,0.012264,1.2371
1964,QUAD,0.922712,0.535444,2.45566414e-05,0.004955,1.2742
1965,QUAD,0.921331,0.542315,1.81400688e-05,0.004259,1.4654
1966,QUAD,0.916997,0.540260,9.57275713e-06,0.003094,1.4299
1967,QUAD,0.544423,0.516701,2.20521108e-05,0.004696,1.2382
1968,QUAD,0.537691,0.508933,1.94070727e-05,0.004405,1.2064
1969,QUAD,0.535212,0.499313,2.41095669e-05,0.004910,1.1593
1970,QUAD,0.531311,0.463642,1.70150614e-05,0.004125,1.4417
1971,QUAD,0.538082,0.476045,1.70376070e-05,0.004128,1.4481
1972,QUAD,0.546687,0.510564,1.78711362e-05,0.004227,1.1351
1973,QUAD,0.531318,0.483660,2.95964614e-05,0.005440,1.2973
1974,QUAD,0.533308,0.488694,3.21808158e-05,0.005673,1.2137
1975,QUAD,0.544137,0.560526,8.23494943e-05,0.009075,1.2970
1976,QUAD,0.534949,0.463751,1.38870185e-05,0.003727,1.2677
1977,QUAD,0.902587,0.557412,5.30016447e-05,0.007280,1.2075
1978,QUAD,0.549334,0.545315,3.01750443e-05,0.005493,1.4910
1979,QUAD,0.540600,0.541045,3.52240112e-05,0.005935,1.3547
1980,QUAD,0.902433,0.500886,5.17889526e-05,0.007196,1.1054
1981,QUAD,0.889206,0.532837,2.17679113e-05,0.004666,1.2855
1982,QUAD,0.905404,0.510239,4.12448456e-05,0.006422,1.1059
1983,QUAD,0.881151,0.462842,1.35620691e-04,0.011646,1.3938
1984,QUAD,0.900740,0.482779,8.30426292e-05,0.009113,1.1304
1985,QUAD,0.548353,0.443340,5.29166253e-05,0.007274,1.3707
1986,QUAD,0.539060,0.446593,3.79944815e-05,0.006164,1.4825
1987,QUAD,0.888452,0.581101,1.12584772e-04,0.010611,1.2541
1988,QUAD,0.912292,0.541172,1.69736926e-05,0.004120,1.5392
1989,QUAD,0.909785,0.538106,1.97380865e-05,0.004443,1.2688
1990,QUAD,0.915260,0.542826,1.04030945e-05,0.003225,1.5101
1991,QUAD,0.919280,0.531194,3.09628071e-05,0.005564,1.3030
1992,QUAD,0.542261,0.524243,3.66859147e-05,0.006057,1.4613
1993,QUAD,0.542855,0.512096,1.98084546e-05,0.004451,1.2032
1994,QUAD,0.531750,0.467831,1.29183205e-05,0.003594,1.3432
1995,QUAD,0.535046,0.474012,1.34539922e-05,0.003668,1.2936
1996,QUAD,0.540537,0.502943,2.06610673e-05,0.004545,1.1533
1997,QUAD,0.545593,0.506284,1.84778097e-05,0.004299,1.1164
1998,QUAD,0.532929,0.471261,1.11326618e-05,0.003337,1.3866
1999,QUAD,0.535391,0.480214,2.62528540e-05,0.005124,1.5149
2000,QUAD,0.546686,0.521201,2.52276175e-05,0.005023,1.1881
2001,QUAD,0.544071,0.497328,2.08953324e-05,0.004571,1.1058
2002,QUAD,0.895822,0.556737,4.78362153e-05,0.006916,1.2084
2003,QUAD,0.902609,0.550755,3.20846054e-05,0.005664,1.4428
2004,QUAD,0.547751,0.537410,3.31608584e-05,0.005759,1.1199
2005,QUAD,0.542613,0.534542,4.14292233e-05,0.006437,1.4371
2006,QUAD,0.531967,0.565615,1.15555934e-04,0.010750,1.2336
2007,QUAD,0.523955,0.559002,9.29378331e-05,0.009640,1.1842
2008,QUAD,0.545353,0.542577,2.61396121e-05,0.005113,1.5497
2009,QUAD,0.907892,0.527053,2.74881838e-05,0.005243,1.1724
2010,QUAD,0.904072,0.523753,2.78433931e-05,0.005277,1.1837
2011,QUAD,0.549872,0.525082,2.59119133e-05,0.005090,1.1720
2012,QUAD,0.541017,0.455503,2.98660356e-05,0.005465,1.5080
2013,QUAD,0.891582,0.572188,8.45741027e-05,0.009196,1.1843
2014,QUAD,0.902499,0.515765,3.42698522e-05,0.005854,1.1220
2015,QUAD,0.535553,0.422100,1.77050240e-04,0.013306,1.6407
2016,QUAD,0.545977,0.433271,6.68643401e-05,0.008177,1.6634
2017,QUAD,0.880935,0.495055,5.57809297e-05,0.007469,1.1257
2018,QUAD,0.916745,0.535007,1.55200356e-05,0.003940,1.9009
2019,QUAD,0.913223,0.535023,1.67513087e-05,0.004093,1.6086
2020,QUAD,0.911254,0.530936,2.84809890e-05,0.005337,1.2780
2021,QUAD,0.910695,0.545726,2.15785226e-05,0.004645,1.4899
2022,QUAD,0.548182,0.514670,1.77026851e-05,0.004207,1.1592
2023,QUAD,0.539654,0.498147,2.25258124e-05,0.004746,1.1548
2024,QUAD,0.550324,0.518434,1.83443035e-05,0.004283,1.1889
2025,QUAD,0.904600,0.531106,2.17534146e-05,0.004664,1.2969
2026,QUAD,0.902638,0.545332,2.20977026e-05,0.004701,1.3439
2027,QUAD,0.539779,0.482278,2.89101025e-05,0.005377,1.3878
2028,QUAD,0.552569,0.540532,3.45914168e-05,0.005881,1.2548
2029,QUAD,0.545884,0.529097,3.72162634e-05,0.006101,1.2760
2030,QUAD,0.539724,0.472114,1.27677165e-05,0.003573,1.6412
2031,QUAD,0.901182,0.528335,2.35728682e-05,0.004855,1.2842
2032,QUAD,0.536947,0.471193,8.99736223e-06,0.003000,1.1870
2033,QUAD,0.535527,0.455299,2.91948960e-05,0.005403,2.0801
2034,QUAD,0.539534,0.460385,1.85997611e-05,0.004313,1.2853
2035,QUAD,0.558318,0.555382,3.95614164e-05,0.006290,1.2840
2036,QUAD,0.551716,0.572476,1.04992862e-04,0.010247,1.2910
2037,QUAD,0.882899,0.568713,7.88369715e-05,0.008879,1.1909
2038,QUAD,0.889623,0.554822,4.46870945e-05,0.006685,1.2412
2039,QUAD,0.550640,0.532547,3.10236007e-05,0.005570,1.0912
2040,QUAD,0.893620,0.504871,4.45328143e-05,0.006673,1.0960
2041,QUAD,0.544424,0.449920,5.29307428e-05,0.007275,1.2212
2042,QUAD,0.527525,0.411472,2.72810394e-04,0.016517,1.5755
2043,QUAD,0.899740,0.507250,4.25741316e-05,0.006525,1.1109
2044,QUAD,0.873371,0.493963,5.60302048e-05,0.007485,1.1014
2045,QUAD,0.912181,0.610115,2.95639443e-04,0.017194,1.5924
2046,QUAD,0.893820,0.607738,2.60388030e-04,0.016137,1.7082
2047,QUAD,0.878513,0.576559,1.01133586e-04,0.010057,1.2297
2048,QUAD,0.883594,0.471996,7.76416317e-05,0.008811,1.5235
2049,QUAD,0.904719,0.537383,1.27337858e-05,0.003568,1.5278
2050,QUAD,0.914805,0.538043,1.10602950e-05,0.003326,1.2543
2051,QUAD,0.544729,0.501887,1.95133702e-05,0.004417,1.0978
2052,QUAD,0.551632,0.512902,1.36969023e-05,0.003701,1.1770
2053,QUAD,0.553277,0.516066,1.14233719e-05,0.003380,1.3679
2054,QUAD,0.554879,0.511655,1.06146144e-05,0.003258,1.1345
2055,QUAD,0.897143,0.550235,3.34814506e-05,0.005786,1.2835
2056,QUAD,0.907529,0.534318,2.00380195e-05,0.004476,1.1570
2057,QUAD,0.886566,0.561506,5.95973779e-05,0.007720,1.2349
2058,QUAD,0.901850,0.535144,1.82339005e-05,0.004270,1.4005
2059,QUAD,0.534915,0.467345,1.03661340e-05,0.003220,1.1615
2060,QUAD,0.906520,0.540560,1.49089758e-05,0.003861,1.6175
2061,QUAD,0.553251,0.521549,1.95905358e-05,0.004426,1.2238
2062,QUAD,0.543084,0.461993,1.71401363e-05,0.004140,1.2457
2063,QUAD,0.541873,0.477324,2.13510559e-05,0.004621,1.2599
2064,QUAD,0.538720,0.487698,3.06354051e-05,0.005535,1.2386
2065,QUAD,0.544777,0.482922,2.39892198e-05,0.004898,1.1052
2066,QUAD,0.557425,0.548712,3.77104042e-05,0.006141,1.3362
2067,QUAD,0.535675,0.459702,1.67013913e-05,0.004087,1.2097
2068,QUAD,0.557398,0.542716,2.79999659e-05,0.005291,1.5952
2069,QUAD,0.563957,0.554301,3.78511174e-05,0.006152,1.2502
2070,QUAD,0.895282,0.518531,2.93120603e-05,0.005414,1.1323
2071,QUAD,0.899864,0.520928,2.84803910e-05,0.005337,1.1646
2072,QUAD,0.879990,0.557657,5.64832372e-05,0.007516,1.4691
2073,QUAD,0.888510,0.496315,5.49780630e-05,0.007415,1.1004
2074,QUAD,0.550888,0.416352,2.73890949e-04,0.016550,1.3545
2075,QUAD,0.555753,0.436507,6.36558343e-05,0.007978,1.2562
2076,QUAD,0.868863,0.483447,1.13367148e-04,0.010647,1.4144
2077,QUAD,0.893821,0.460440,1.58935332e-04,0.012607,1.3385
2078,QUAD,0.548890,0.453782,3.16974116e-05,0.005630,1.7791
2079,QUAD,0.550439,0.509231,1.55940444e-05,0.003949,1.1160
2080,QUAD,0.549633,0.505213,1.74903703e-05,0.004182,1.0793
2081,QUAD,0.554058,0.508344,1.30030516e-05,0.003606,1.1375
2082,QUAD,0.543738,0.492591,2.24098600e-05,0.004734,1.1054
2083,QUAD,0.898348,0.544536,2.48147693e-05,0.004981,1.3962
2084,QUAD,0.554202,0.462587,3.38789728e-05,0.005821,1.5699
2085,QUAD,0.553801,0.528234,2.65026451e-05,0.005148,1.1235
2086,QUAD,0.552490,0.492191,1.66236822e-05,0.004077,1.1072
2087,QUAD,0.884356,0.552082,3.73159971e-05,0.006109,1.3904
2088,QUAD,0.555260,0.535494,2.86098381e-05,0.005349,1.0189
2089,QUAD,0.556234,0.514781,1.14302382e-05,0.003381,1.4767
2090,QUAD,0.556819,0.524138,2.26523309e-05,0.004759,1.1877
2091,QUAD,0.554275,0.452705,4.43332318e-05,0.006658,1.4202
2092,QUAD,0.549448,0.483380,2.11964709e-05,0.004604,1.0709
2093,QUAD,0.543440,0.472542,2.13894737e-05,0.004625,1.2471
2094,QUAD,0.892006,0.548566,3.40377618e-05,0.005834,1.2805
2095,QUAD,0.539040,0.468983,1.05187602e-05,0.003243,1.4947
2096,QUAD,0.559727,0.538174,2.51515467e-05,0.005015,1.4556
2097,QUAD,0.559144,0.562758,5.62546253e-05,0.007500,1.3123
2098,QUAD,0.883151,0.539614,1.70744589e-05,0.004132,1.8302
2099,QUAD,0.568544,0.568648,6.57432831e-05,0.008108,1.3022
2100,QUAD,0.552632,0.555698,3.38547493e-05,0.005818,1.5063
2101,QUAD,0.548249,0.492343,1.94141923e-05,0.004406,1.0859
2102,QUAD,0.555644,0.444721,7.39006136e-05,0.008597,1.3438
2103,QUAD,0.885866,0.509451,3.90784709e-05,0.006251,1.1122
2104,QUAD,0.863594,0.578124,1.09048483e-04,0.010443,1.1920
2105,QUAD,0.862975,0.565295,6.94270200e-05,0.008332,1.1618
2106,QUAD,0.891831,0.510993,3.68400787e-05,0.006070,1.1141
2107,QUAD,0.865072,0.501160,6.57368333e-05,0.008108,1.2160
2108,QUAD,0.875757,0.476210,8.35157791e-05,0.009139,1.4821
2109,QUAD,0.881519,0.487688,6.88318666e-05,0.008296,1.3396
2110,QUAD,0.860811,0.475578,1.43951163e-04,0.011998,1.1736
2111,QUAD,0.906845,0.462088,1.66680988e-04,0.012910,1.3050
2112,QUAD,0.539191,0.582567,2.06370839e-04,0.014366,1.5442
2113,QUAD,0.548440,0.496740,1.90728688e-05,0.004367,1.0736
2114,QUAD,0.548977,0.501032,1.86217371e-05,0.004315,1.0544
2115,QUAD,0.557538,0.508204,1.16790426e-05,0.003417,1.0346
2116,QUAD,0.559344,0.513047,1.67166523e-05,0.004089,1.3517
2117,QUAD,0.906762,0.545302,2.13100635e-05,0.004616,1.6067
2118,QUAD,0.896255,0.537699,2.22607468e-05,0.004718,1.3879
2119,QUAD,0.546248,0.478107,2.29030154e-05,0.004786,1.1278
2120,QUAD,0.894100,0.542865,2.69894768e-05,0.005195,1.3705
2121,QUAD,0.903213,0.540769,1.36427475e-05,0.003694,1.5905
2122,QUAD,0.559506,0.519940,2.23588473e-05,0.004729,1.1851
2123,QUAD,0.544877,0.467809,1.99718232e-05,0.004469,1.3379
2124,QUAD,0.562681,0.446850,5.85503543e-05,0.007652,1.8421
2125,QUAD,0.876004,0.552755,3.42288649e-05,0.005851,1.6793
2126,QUAD,0.869946,0.571060,8.81141065e-05,0.009387,1.1564
2127,QUAD,0.887297,0.546173,3.37310241e-05,0.005808,1.3247
2128,QUAD,0.562249,0.515981,2.00485516e-05,0.004478,1.2074
2129,QUAD,0.543892,0.487763,2.36732076e-05,0.004866,1.0896
2130,QUAD,0.563341,0.522230,2.18973482e-05,0.004679,1.1279
2131,QUAD,0.558107,0.531016,2.69750359e-05,0.005194,1.0779
2132,QUAD,0.560759,0.454239,5.01760578e-05,0.007084,1.4707
2133,QUAD,0.893369,0.523613,2.44770288e-05,0.004947,1.2196
2134,QUAD,0.895083,0.530642,2.24221299e-05,0.004735,1.2962
2135,QUAD,0.562192,0.542247,2.67986781e-05,0.005177,1.4052
2136,QUAD,0.574862,0.564922,5.20518093e-05,0.007215,1.2359
2137,QUAD,0.889001,0.521817,2.44794154e-05,0.004948,1.1615
2138,QUAD,0.880064,0.501991,4.92113277e-05,0.007015,1.1298
2139,QUAD,0.844592,0.472520,1.26819379e-04,0.011261,1.1567
2140,QUAD,0.893318,0.447127,2.66366494e-04,0.016321,1.7005
2141,QUAD,0.553712,0.468535,2.70462169e-05,0.005201,1.3022
2142,QUAD,0.552699,0.496225,1.70763716e-05,0.004132,1.1109
2143,QUAD,0.553341,0.500299,1.89107022e-05,0.004349,1.1264
2144,QUAD,0.553775,0.504454,1.76079262e-05,0.004196,1.2364
2145,QUAD,0.557570,0.504679,1.26591700e-05,0.003558,1.4600
2146,QUAD,0.577224,0.523315,1.83273883e-05,0.004281,1.0907
2147,QUAD,0.560792,0.526569,2.45828844e-05,0.004958,1.1398
2148,QUAD,0.567988,0.546995,2.92988774e-05,0.005413,1.1941
2149,QUAD,0.879349,0.514725,3.42499398e-05,0.005852,1.1436
2150,QUAD,0.883066,0.544394,2.22581769e-05,0.004718,1.6320
2151,QUAD,0.547770,0.473272,2.28036414e-05,0.004775,1.1380
2152,QUAD,0.562682,0.533746,3.13185148e-05,0.005596,1.2513
2153,QUAD,0.898575,0.532916,2.13609324e-05,0.004622,1.3447
2154,QUAD,0.552130,0.457781,2.64341671e-05,0.005141,1.4680
2155,QUAD,0.575908,0.471152,3.03962563e-05,0.005513,1.0980
2156,QUAD,0.549071,0.468437,2.13288252e-05,0.004618,1.2148
2157,QUAD,0.546272,0.463674,1.28857450e-05,0.003590,1.4412
2158,QUAD,0.549684,0.463964,1.56042273e-05,0.003950,1.4418
2159,QUAD,0.565847,0.518215,1.89500197e-05,0.004353,1.1498
2160,QUAD,0.868071,0.559306,5.86503684e-05,0.007658,1.3411
2161,QUAD,0.877616,0.546325,1.33341802e-05,0.003652,1.4794
2162,QUAD,0.567186,0.541222,3.13619460e-05,0.005600,1.3042
2163,QUAD,0.565679,0.561179,4.88284469e-05,0.006988,1.3284
2164,QUAD,0.564441,0.581274,1.20666185e-04,0.010985,1.2744
2165,QUAD,0.862412,0.555136,3.68397180e-05,0.006070,1.2911
2166,QUAD,0.871035,0.548030,1.71629792e-05,0.004143,1.3801
2167,QUAD,0.568442,0.440353,8.79926770e-05,0.009380,1.3578
2168,QUAD,0.566863,0.452305,5.02846634e-05,0.007091,1.2662
2169,QUAD,0.873062,0.584768,1.24262470e-04,0.011147,1.2773
2170,QUAD,0.572955,0.425269,1.89356585e-04,0.013761,1.5099
2171,QUAD,0.577071,0.435881,1.01864975e-04,0.010093,1.3483
2172,QUAD,0.884975,0.515339,3.16950698e-05,0.005630,1.1489
2173,QUAD,0.871101,0.527090,2.45416928e-05,0.004954,1.2712
2174,QUAD,0.872753,0.501320,5.46747664e-05,0.007394,1.1214
2175,QUAD,0.864929,0.492138,9.37413209e-05,0.009682,1.5160
2176,QUAD,0.570635,0.458209,5.24014376e-05,0.007239,1.2805
2177,QUAD,0.889964,0.540504,2.91931283e-05,0.005403,1.3928
2178,QUAD,0.877407,0.542056,5.76103341e-06,0.002400,1.3983
2179,QUAD,0.880401,0.549094,2.38627836e-05,0.004885,1.5568
2180,QUAD,0.552838,0.488134,1.68358221e-05,0.004103,1.1129
2181,QUAD,0.556463,0.492004,1.36638197e-05,0.003696,1.2069
2182,QUAD,0.550795,0.478728,2.23026810e-05,0.004723,1.0985
2183,QUAD,0.891459,0.528402,2.14065499e-05,0.004627,1.2634
2184,QUAD,0.877096,0.535659,5.87379791e-06,0.002424,1.2398
2185,QUAD,0.569561,0.520075,1.89705193e-05,0.004356,1.1437
2186,QUAD,0.565003,0.528769,2.49198227e-05,0.004992,1.1766
2187,QUAD,0.559025,0.501812,9.03896297e-06,0.003006,2.0777
2188,QUAD,0.560851,0.505465,9.56558563e-06,0.003093,1.2178
2189,QUAD,0.548562,0.487896,1.99639746e-05,0.004468,1.0725
2190,QUAD,0.567636,0.535586,2.94408387e-05,0.005426,1.2966
2191,QUAD,0.569256,0.552825,3.27273605e-05,0.005721,1.2698
2192,QUAD,0.567157,0.509707,9.97294725e-06,0.003158,1.3785
2193,QUAD,0.569336,0.530481,2.35533571e-05,0.004853,1.2057
2194,QUAD,0.556903,0.474564,2.51887500e-05,0.005019,1.2370
2195,QUAD,0.556820,0.495551,1.48779846e-05,0.003857,1.3031
2196,QUAD,0.560190,0.461929,5.34230395e-05,0.007309,1.5436
2197,QUAD,0.560873,0.494614,1.36560530e-05,0.003695,1.5577
2198,QUAD,0.865287,0.550464,2.79303845e-05,0.005285,1.2164
2199,QUAD,0.887827,0.526413,1.71648865e-05,0.004143,1.3324
2200,QUAD,0.572704,0.447660,5.65547198e-05,0.007520,1.1463
2201,QUAD,0.553010,0.584461,1.79793169e-04,0.013409,1.4101
2202,QUAD,0.560861,0.571410,8.37448395e-05,0.009151,1.3191
2203,QUAD,0.579928,0.560574,4.10802237e-05,0.006409,1.3277
2204,QUAD,0.855895,0.570852,9.93384310e-05,0.009967,1.2951
2205,QUAD,0.553888,0.428136,1.11984627e-04,0.010582,2.3696
2206,QUAD,0.885783,0.529850,1.82155450e-05,0.004268,1.5671
2207,QUAD,0.872902,0.508382,4.57788001e-05,0.006766,1.1264
2208,QUAD,0.851300,0.482239,1.33974889e-04,0.011575,1.2166
2209,QUAD,0.874550,0.548356,1.32171562e-05,0.003636,1.7114
2210,QUAD,0.879685,0.543368,1.06621830e-05,0.003265,1.5235
2211,QUAD,0.556750,0.488504,1.31322045e-05,0.003624,1.2539
2212,QUAD,0.875535,0.543881,8.22131111e-06,0.002867,1.2548
2213,QUAD,0.872895,0.545281,1.06771055e-05,0.003268,1.4232
2214,QUAD,0.571779,0.516119,1.77090650e-05,0.004208,1.1596
2215,QUAD,0.564973,0.512616,1.50132863e-05,0.003875,1.1518
2216,QUAD,0.561366,0.475779,2.55157326e-05,0.005051,1.2444
2217,QUAD,0.552330,0.473836,2.42084553e-05,0.004920,1.1899
2218,QUAD,0.557559,0.499108,1.56840019e-05,0.003960,1.4321
2219,QUAD,0.560151,0.491472,1.16504372e-05,0.003413,1.2211
2220,QUAD,0.564025,0.504939,9.42761682e-06,0.003070,1.7511
2221,QUAD,0.571282,0.525919,2.05827363e-05,0.004537,1.1590
2222,QUAD,0.572904,0.546093,2.58816664e-05,0.005087,1.1467
2223,QUAD,0.555217,0.479478,2.13922331e-05,0.004625,1.1375
2224,QUAD,0.553794,0.483946,1.88586056e-05,0.004343,1.1139
2225,QUAD,0.573372,0.521730,1.89771128e-05,0.004356,1.1189
2226,QUAD,0.575291,0.527371,1.92289792e-05,0.004385,1.1328
2227,QUAD,0.565130,0.507611,1.12888609e-05,0.003360,1.5315
2228,QUAD,0.568233,0.514517,1.60318555e-05,0.004004,1.2104
2229,QUAD,0.892689,0.535470,2.30981332e-05,0.004806,1.3378
2230,QUAD,0.557815,0.484798,1.68752299e-05,0.004108,1.1518
2231,QUAD,0.572277,0.541093,2.34256955e-05,0.004840,1.1808
2232,QUAD,0.574142,0.551242,2.65015102e-05,0.005148,1.1894
2233,QUAD,0.857939,0.559480,4.76249978e-05,0.006901,1.3211
2234,QUAD,0.866137,0.508955,5.09689885e-05,0.007139,1.2166
2235,QUAD,0.884093,0.525841,1.90180696e-05,0.004361,1.5787
2236,QUAD,0.886425,0.537038,2.54595338e-05,0.005046,1.4557
2237,QUAD,0.573099,0.576641,9.13497090e-05,0.009558,1.2543
2238,QUAD,0.851536,0.563026,6.53602004e-05,0.008085,1.6055
2239,QUAD,0.597941,0.436142,1.14220700e-04,0.010687,1.2975
2240,QUAD,0.579458,0.444377,5.94851629e-05,0.007713,1.3185
2241,QUAD,0.601361,0.424933,1.78191296e-04,0.013349,1.3183
2242,QUAD,0.855882,0.585484,1.38115469e-04,0.011752,1.1402
2243,QUAD,0.847597,0.577263,1.25413978e-04,0.011199,1.0684
2244,QUAD,0.874373,0.520696,2.91822967e-05,0.005402,1.1822
2245,QUAD,0.875497,0.533631,8.00661384e-06,0.002830,1.8114
2246,QUAD,0.853737,0.465740,1.47024084e-04,0.012125,1.0509
2247,QUAD,0.848341,0.610139,1.51592485e-04,0.012312,1.5320
2248,QUAD,0.880117,0.540264,7.72919044e-06,0.002780,1.6350
2249,QUAD,0.878983,0.537620,7.11639237e-06,0.002668,1.3576
2250,QUAD,0.881043,0.535886,1.16735481e-05,0.003417,1.5784
2251,QUAD,0.563585,0.470300,3.31243842e-05,0.005755,1.3571
2252,QUAD,0.558661,0.468906,3.19932737e-05,0.005656,1.3840
2253,QUAD,0.561748,0.497833,1.54153047e-05,0.003926,1.6548
2254,QUAD,0.561795,0.500724,6.93575179e-06,0.002634,1.8216
2255,QUAD,0.579767,0.509593,2.13604951e-05,0.004622,1.0925
2256,QUAD,0.859967,0.541079,1.35980601e-05,0.003688,1.3387
2257,QUAD,0.575516,0.517718,1.87054993e-05,0.004325,1.1033
2258,QUAD,0.575426,0.462882,3.93522620e-05,0.006273,1.0951
2259,QUAD,0.566308,0.464009,4.79924299e-05,0.006928,1.4805
2260,QUAD,0.566157,0.498235,1.97210429e-05,0.004441,1.3140
2261,QUAD,0.572552,0.536330,2.23004002e-05,0.004722,1.1532
2262,QUAD,0.576870,0.540953,1.73733385e-05,0.004168,1.2565
2263,QUAD,0.861360,0.547261,2.09164131e-05,0.004573,1.2224
2264,QUAD,0.576044,0.453850,4.17268673e-05,0.006460,1.1682
2265,QUAD,0.567575,0.494115,2.23878383e-05,0.004732,1.2006
2266,QUAD,0.571403,0.558825,3.92421306e-05,0.006264,1.3086
2267,QUAD,0.579848,0.571210,7.07287687e-05,0.008410,1.2260
2268,QUAD,0.581193,0.450761,3.04197943e-05,0.005515,1.4282
2269,QUAD,0.879467,0.520432,2.74724359e-05,0.005241,1.1877
2270,QUAD,0.580067,0.585061,1.27078334e-04,0.011273,1.3258
2271,QUAD,0.840390,0.569964,8.31752625e-05,0.009120,1.6040
2272,QUAD,0.862959,0.532007,2.83901313e-05,0.005328,1.4849
2273,QUAD,0.594992,0.445341,7.03680648e-05,0.008389,1.3238
2274,QUAD,0.587168,0.443537,6.49281686e-05,0.008058,1.3529
2275,QUAD,0.867596,0.515820,3.98574936e-05,0.006313,1.2127
2276,QUAD,0.837859,0.584288,1.50079162e-04,0.012251,1.4245
2277,QUAD,0.836708,0.499027,7.63151951e-05,0.008736,1.4198
2278,QUAD,0.823269,0.486361,6.08752028e-05,0.007802,1.4912
2279,QUAD,0.857104,0.502390,7.44068249e-05,0.008626,1.2269
2280,QUAD,0.845569,0.496523,1.02009868e-04,0.010100,1.0719
2281,QUAD,0.870201,0.468201,1.25711578e-04,0.011212,1.2603
2282,QUAD,0.875909,0.540503,3.94398215e-06,0.001986,1.2318
2283,QUAD,0.879285,0.530365,1.86414205e-05,0.004318,1.3393
2284,QUAD,0.867161,0.545786,2.27678086e-05,0.004772,1.1080
2285,QUAD,0.858470,0.550815,2.50696695e-05,0.005007,1.3853
2286,QUAD,0.584629,0.526725,1.52598161e-05,0.003906,1.1328
2287,QUAD,0.579180,0.528717,1.70289648e-05,0.004127,1.1051
2288,QUAD,0.575419,0.507455,2.56686813e-05,0.005066,1.4382
2289,QUAD,0.569305,0.503892,1.81626249e-05,0.004262,1.8896
2290,QUAD,0.581019,0.524936,1.69827416e-05,0.004121,1.0747
2291,QUAD,0.573668,0.531727,2.09283637e-05,0.004575,1.1563
2292,QUAD,0.568259,0.472636,3.06633109e-05,0.005537,1.2505
2293,QUAD,0.565664,0.477570,2.48141933e-05,0.004981,1.2163
2294,QUAD,0.559450,0.480569,2.08972416e-05,0.004571,1.1538
2295,QUAD,0.577643,0.545300,2.27315193e-05,0.004768,1.1100
2296,QUAD,0.568098,0.506914,8.50481796e-06,0.002916,1.2639
2297,QUAD,0.570228,0.510865,1.42154604e-05,0.003770,1.3145
2298,QUAD,0.571450,0.467583,3.65095088e-05,0.006042,1.1625
2299,QUAD,0.883200,0.533011,2.10559611e-05,0.004589,1.3464
2300,QUAD,0.582119,0.544098,2.47808731e-05,0.004978,1.3498
2301,QUAD,0.874261,0.541567,5.20965399e-06,0.002282,1.6467
2302,QUAD,0.563585,0.492181,1.57685060e-05,0.003971,1.3723
2303,QUAD,0.561516,0.486299,1.77503612e-05,0.004213,1.1890
2304,QUAD,0.854644,0.553843,3.06195840e-05,0.005533,1.4223
2305,QUAD,0.864279,0.523862,3.43852282e-05,0.005864,1.2566
2306,QUAD,0.849894,0.555908,3.41604110e-05,0.005845,1.4525
2307,QUAD,0.833314,0.574974,7.93057506e-05,0.008905,1.5544
2308,QUAD,0.861846,0.517639,4.28013162e-05,0.006542,1.2671
2309,QUAD,0.849096,0.505560,8.32408193e-05,0.009124,1.3715
2310,QUAD,0.605871,0.411519,2.92182420e-04,0.017093,1.5598
2311,QUAD,0.621522,0.418670,2.62111130e-04,0.016190,1.3673
2312,QUAD,0.582145,0.603696,2.49049288e-04,0.015781,1.6173
2313,QUAD,0.571318,0.592052,1.70171870e-04,0.013045,1.3449
2314,QUAD,0.585137,0.565298,5.91000142e-05,0.007688,1.0997
2315,QUAD,0.856883,0.540700,1.30608695e-05,0.003614,1.7176
2316,QUAD,0.836578,0.463589,1.35317615e-04,0.011633,1.1864
2317,QUAD,0.875523,0.537369,5.85405516e-06,0.002420,1.2207
2318,QUAD,0.868364,0.541286,1.75030956e-05,0.004184,1.3308
2319,QUAD,0.582749,0.530047,1.36855162e-05,0.003699,1.1690
2320,QUAD,0.873491,0.530958,1.65105776e-05,0.004063,1.1650
2321,QUAD,0.878248,0.533561,9.06673161e-06,0.003011,1.7248
2322,QUAD,0.572437,0.495504,2.41061928e-05,0.004910,1.2267
2323,QUAD,0.584117,0.454933,2.72757786e-05,0.005223,1.3052
2324,QUAD,0.567337,0.484061,2.04633588e-05,0.004524,1.1410
2325,QUAD,0.563480,0.482134,2.08300278e-05,0.004564,1.1555
2326,QUAD,0.573803,0.512058,1.85534172e-05,0.004307,1.1952
2327,QUAD,0.581583,0.533712,1.43913692e-05,0.003794,1.1862
2328,QUAD,0.869466,0.537314,1.25469796e-05,0.003542,1.2523
2329,QUAD,0.863325,0.543275,1.86874665e-05,0.004323,1.0875
2330,QUAD,0.576994,0.536913,1.76573668e-05,0.004202,1.1459
2331,QUAD,0.579901,0.458711,3.61809789e-05,0.006015,1.0872
2332,QUAD,0.574397,0.487953,1.34868744e-05,0.003672,1.3005
2333,QUAD,0.855705,0.546540,1.81893243e-05,0.004265,1.4718
2334,QUAD,0.584179,0.462785,3.55309538e-05,0.005961,1.1019
2335,QUAD,0.571350,0.506834,1.50883764e-05,0.003884,1.9544
2336,QUAD,0.856274,0.535733,2.75782373e-05,0.005251,1.6776
2337,QUAD,0.579856,0.466994,3.40681532e-05,0.005837,1.0471
2338,QUAD,0.565260,0.488225,1.99225743e-05,0.004463,1.1020
2339,QUAD,0.573402,0.482205,1.99232167e-05,0.004464,1.1749
2340,QUAD,0.583916,0.549587,3.39631221e-05,0.005828,1.5174
2341,QUAD,0.869262,0.521845,3.13721447e-05,0.005601,1.2256
2342,QUAD,0.870948,0.533811,1.34568059e-05,0.003668,1.3583
2343,QUAD,0.843966,0.563008,6.12609384e-05,0.007827,1.6056
2344,QUAD,0.844628,0.550694,2.04220171e-05,0.004519,1.3985
2345,QUAD,0.586502,0.450333,3.22634935e-05,0.005680,1.4404
2346,QUAD,0.583449,0.555418,3.76555871e-05,0.006136,1.5881
2347,QUAD,0.589270,0.558913,5.70648268e-05,0.007554,1.0932
2348,QUAD,0.562330,0.630573,2.23890451e-04,0.014963,1.6588
2349,QUAD,0.853115,0.513251,5.59235909e-05,0.007478,1.3065
2350,QUAD,0.842616,0.511021,6.83013414e-05,0.008264,1.4176
2351,QUAD,0.828664,0.505987,4.32788040e-05,0.006579,1.2367
2352,QUAD,0.825414,0.587134,1.57813683e-04,0.012562,1.5479
2353,QUAD,0.877247,0.539007,4.61911857e-06,0.002149,1.3154
2354,QUAD,0.872160,0.538562,8.56178060e-06,0.002926,1.3953
2355,QUAD,0.571062,0.500010,2.69438196e-05,0.005191,1.4324
2356,QUAD,0.577647,0.513675,1.98747227e-05,0.004458,1.1246
2357,QUAD,0.579339,0.519434,1.86496504e-05,0.004319,1.0782
2358,QUAD,0.587908,0.528946,1.43426589e-05,0.003787,1.2436
2359,QUAD,0.858420,0.544206,1.26735119e-05,0.003560,1.6769
2360,QUAD,0.871704,0.542030,1.17289436e-05,0.003425,1.7564
2361,QUAD,0.866466,0.535270,1.56572916e-05,0.003957,1.2645
2362,QUAD,0.577813,0.532771,1.78385523e-05,0.004224,1.1258
2363,QUAD,0.589170,0.547833,3.91655514e-05,0.006258,1.5057
2364,QUAD,0.879805,0.525829,2.47234391e-05,0.004972,1.2654
2365,QUAD,0.569703,0.479782,2.28341583e-05,0.004779,1.1875
2366,QUAD,0.860756,0.536466,2.54398494e-05,0.005044,1.5218
2367,QUAD,0.866853,0.529164,2.60542728e-05,0.005104,1.3231
2368,QUAD,0.592293,0.452762,4.89383994e-05,0.006996,1.1719
2369,QUAD,0.579612,0.487376,1.48488440e-05,0.003853,1.0783
2370,QUAD,0.581555,0.515586,1.95756092e-05,0.004424,1.0564
2371,QUAD,0.852415,0.548700,2.09494245e-05,0.004577,1.4374
2372,QUAD,0.571027,0.486075,1.83351527e-05,0.004282,1.1487
2373,QUAD,0.579578,0.481457,1.95082166e-05,0.004417,1.1485
2374,QUAD,0.572529,0.475432,2.66316491e-05,0.005161,1.1846
2375,QUAD,0.853823,0.542172,1.67559919e-05,0.004093,1.3765
2376,QUAD,0.848681,0.550244,2.11173331e-05,0.004595,1.4644
2377,QUAD,0.595409,0.563494,5.59227630e-05,0.007478,1.1272
2378,QUAD,0.844550,0.556171,3.36756476e-05,0.005803,1.3917
2379,QUAD,0.602050,0.449514,8.15628637e-05,0.009031,1.3347
2380,QUAD,0.588556,0.466637,3.99412674e-05,0.006320,1.3553
2381,QUAD,0.607225,0.440555,1.09418433e-04,0.010460,1.2269
2382,QUAD,0.847546,0.517099,4.95889987e-05,0.007042,1.3211
2383,QUAD,0.838222,0.517264,4.31668632e-05,0.006570,1.2352
2384,QUAD,0.873468,0.535754,8.17676530e-06,0.002860,1.3349
2385,QUAD,0.864738,0.539074,1.87519190e-05,0.004330,1.0570
2386,QUAD,0.585736,0.531459,9.10134960e-06,0.003017,1.3845
2387,QUAD,0.586905,0.523452,1.79369377e-05,0.004235,1.1092
2388,QUAD,0.586535,0.542392,2.60497937e-05,0.005104,1.2459
2389,QUAD,0.583156,0.521313,1.81082169e-05,0.004255,1.0520
2390,QUAD,0.593415,0.553209,4.88380311e-05,0.006988,1.2268
2391,QUAD,0.851366,0.523272,4.09846331e-05,0.006402,1.3377
2392,QUAD,0.582120,0.505676,2.16080821e-05,0.004648,1.0784
2393,QUAD,0.587157,0.475093,3.01098897e-05,0.005487,1.1467
2394,QUAD,0.576950,0.497173,2.16813916e-05,0.004656,1.2564
2395,QUAD,0.569222,0.490033,1.84034209e-05,0.004290,1.1314
2396,QUAD,0.844507,0.546379,1.14940203e-05,0.003390,1.6375
2397,QUAD,0.847631,0.545625,1.44368390e-05,0.003800,1.3899
2398,QUAD,0.576303,0.478403,2.29663366e-05,0.004792,1.1453
2399,QUAD,0.583824,0.470882,3.12894937e-05,0.005594,1.1292
2400,QUAD,0.832510,0.555821,2.67451195e-05,0.005172,1.4980
2401,QUAD,0.840588,0.549839,1.88594661e-05,0.004343,1.2754
2402,QUAD,0.584833,0.534286,9.53629216e-06,0.003088,1.4766
2403,QUAD,0.577796,0.503181,2.50803550e-05,0.005008,1.3184
2404,QUAD,0.580873,0.499463,2.16827919e-05,0.004656,1.0768
2405,QUAD,0.588709,0.458376,4.01345041e-05,0.006335,1.2170
2406,QUAD,0.856413,0.520222,4.38603284e-05,0.006623,1.2962
2407,QUAD,0.833657,0.564630,5.11452254e-05,0.007152,1.2342
2408,QUAD,0.587814,0.513997,2.01385966e-05,0.004488,1.0464
2409,QUAD,0.613303,0.430352,1.61503935e-04,0.012708,1.2766
2410,QUAD,0.622419,0.438091,1.35802740e-04,0.011653,1.2101
2411,QUAD,0.599347,0.574702,8.18677438e-05,0.009048,1.2319
2412,QUAD,0.587309,0.409906,2.58350610e-04,0.016073,1.4313
2413,QUAD,0.588808,0.536630,1.31073718e-05,0.003620,1.3422
2414,QUAD,0.585103,0.537926,1.67640495e-05,0.004094,1.3505
2415,QUAD,0.846778,0.526463,3.37601315e-05,0.005810,1.3128
2416,QUAD,0.576731,0.484743,1.70621971e-05,0.004131,1.0967
2417,QUAD,0.579769,0.474674,2.62128568e-05,0.005120,1.1212
2418,QUAD,0.576892,0.490434,1.49546185e-05,0.003867,1.5666
2419,QUAD,0.841536,0.545620,1.33035301e-05,0.003647,1.4092
2420,QUAD,0.590553,0.526060,1.95021423e-05,0.004416,1.1833
2421,QUAD,0.600511,0.510671,2.09764730e-05,0.004580,1.0988
2422,QUAD,0.583833,0.511760,2.02319763e-05,0.004498,1.0513
2423,QUAD,0.859466,0.526774,4.08021973e-05,0.006388,1.3480
2424,QUAD,0.590682,0.540160,2.13611099e-05,0.004622,1.1987
2425,QUAD,0.599229,0.557646,4.87332024e-05,0.006981,1.1463
2426,QUAD,0.845339,0.534059,2.36099082e-05,0.004859,1.4196
2427,QUAD,0.586195,0.507974,2.06253979e-05,0.004542,1.0393
2428,QUAD,0.585453,0.517682,1.93521912e-05,0.004399,1.0553
2429,QUAD,0.609066,0.454618,8.68716440e-05,0.009320,1.1998
2430,QUAD,0.601938,0.566924,5.44103914e-05,0.007376,1.3464
2431,QUAD,0.587282,0.486570,2.16340579e-05,0.004651,1.6114
2432,QUAD,0.615078,0.446495,1.01750391e-04,0.010087,1.2167
2433,QUAD,0.605048,0.462600,6.40866692e-05,0.008005,1.4112
2434,QUAD,0.835908,0.507261,6.51069299e-05,0.008069,1.4302
2435,QUAD,0.826976,0.493347,5.07256122e-05,0.007122,1.1439
2436,QUAD,0.828912,0.559273,3.61944587e-05,0.006016,1.8234
2437,QUAD,0.828480,0.546261,1.51110342e-05,0.003887,1.3451
2438,QUAD,0.585687,0.482221,2.08542112e-05,0.004567,1.2597
2439,QUAD,0.597640,0.461591,6.58241537e-05,0.008113,1.2968
2440,QUAD,0.854519,0.529604,3.98665536e-05,0.006314,1.3912
2441,QUAD,0.606450,0.587685,1.38157044e-04,0.011754,1.2234
2442,QUAD,0.809599,0.564845,5.41965087e-05,0.007362,1.1948
2443,QUAD,0.631980,0.429753,1.90371547e-04,0.013798,1.2274
2444,QUAD,0.593577,0.544303,2.96744511e-05,0.005447,1.1742
2445,QUAD,0.850749,0.544089,1.61085254e-05,0.004014,1.3608
2446,QUAD,0.843529,0.543026,1.10697475e-05,0.003327,1.5448
2447,QUAD,0.589337,0.519995,1.98420764e-05,0.004454,1.0774
2448,QUAD,0.851990,0.537446,2.44698227e-05,0.004947,1.4560
2449,QUAD,0.848923,0.540026,1.45968740e-05,0.003821,1.6492
2450,QUAD,0.591783,0.516335,2.07310513e-05,0.004553,1.0520
2451,QUAD,0.593220,0.522596,2.16224719e-05,0.004650,1.1079
2452,QUAD,0.597317,0.533554,2.72273740e-05,0.005218,1.3181
2453,QUAD,0.592012,0.484865,3.09029427e-05,0.005559,1.2408
2454,QUAD,0.582530,0.489652,1.55959738e-05,0.003949,1.3089
2455,QUAD,0.842929,0.521477,3.84023275e-05,0.006197,1.2255
2456,QUAD,0.832690,0.514209,4.42875083e-05,0.006655,1.1933
2457,QUAD,0.836884,0.548064,1.69242650e-05,0.004114,1.2165
2458,QUAD,0.838390,0.544063,1.56608991e-05,0.003957,1.3316
2459,QUAD,0.588688,0.504145,2.11013744e-05,0.004594,1.0555
2460,QUAD,0.593958,0.536989,2.11620511e-05,0.004600,1.2050
2461,QUAD,0.621724,0.453189,8.56972011e-05,0.009257,1.1580
2462,QUAD,0.615904,0.459862,6.97659607e-05,0.008353,1.1113
2463,QUAD,0.591996,0.471561,4.06744344e-05,0.006378,1.3555
2464,QUAD,0.825818,0.553886,2.29050258e-05,0.004786,1.4606
2465,QUAD,0.821237,0.496310,4.19502342e-05,0.006477,1.3616
2466,QUAD,0.829114,0.499751,4.21723951e-05,0.006494,1.3909
2467,QUAD,0.613781,0.553177,3.43646709e-05,0.005862,1.5157
2468,QUAD,0.608806,0.560733,5.23265914e-05,0.007234,1.0197
2469,QUAD,0.842046,0.487054,9.53796048e-05,0.009766,1.1511
2470,QUAD,0.652524,0.449119,1.24353652e-04,0.011151,1.6692
2471,QUAD,0.592577,0.506446,2.03707941e-05,0.004513,1.0331
2472,QUAD,0.590557,0.532002,1.55448286e-05,0.003943,1.4453
2473,QUAD,0.594071,0.529437,2.62250007e-05,0.005121,1.3310
2474,QUAD,0.590189,0.510254,2.04512946e-05,0.004522,1.0345
2475,QUAD,0.849687,0.532036,3.26243716e-05,0.005712,1.2504
2476,QUAD,0.839118,0.539927,1.34091474e-05,0.003662,1.5849
2477,QUAD,0.579746,0.493241,2.21146597e-05,0.004703,1.2560
2478,QUAD,0.846016,0.538448,1.35905955e-05,0.003687,1.6958
2479,QUAD,0.831548,0.549026,1.67348780e-05,0.004091,1.2401
2480,QUAD,0.835185,0.542635,1.20614019e-05,0.003473,1.2401
2481,QUAD,0.583050,0.478303,2.34663888e-05,0.004844,1.1355
2482,QUAD,0.597566,0.469267,4.02123244e-05,0.006341,1.5101
2483,QUAD,0.582286,0.484543,1.49019008e-05,0.003860,1.2567
2484,QUAD,0.603100,0.469610,3.35481131e-05,0.005792,1.4918
2485,QUAD,0.583692,0.495514,2.22776294e-05,0.004720,1.1412
2486,QUAD,0.594327,0.477179,2.96985214e-05,0.005450,1.1289
2487,QUAD,0.584780,0.501820,2.18368155e-05,0.004673,1.0846
2488,QUAD,0.602662,0.551945,4.37398511e-05,0.006614,1.3639
2489,QUAD,0.597548,0.548408,3.58051763e-05,0.005984,1.2160
2490,QUAD,0.611448,0.466358,5.33197838e-05,0.007302,1.2196
2491,QUAD,0.621546,0.465659,5.91801840e-05,0.007693,1.1506
2492,QUAD,0.839178,0.525748,2.85209779e-05,0.005341,1.1825
2493,QUAD,0.830484,0.543206,1.34565262e-05,0.003668,1.3120
2494,QUAD,0.590636,0.493368,2.77687762e-05,0.005270,1.3839
2495,QUAD,0.839696,0.532475,1.49662033e-05,0.003869,1.5775
2496,QUAD,0.598779,0.475042,2.36402732e-05,0.004862,1.2601
2497,QUAD,0.813508,0.507026,5.56793918e-05,0.007462,1.2508
2498,QUAD,0.827534,0.525637,2.93992658e-05,0.005422,1.2790
2499,QUAD,0.833529,0.545822,1.46473787e-05,0.003827,1.2853
2500,QUAD,0.816456,0.490005,7.68697144e-05,0.008768,1.4588
2501,QUAD,0.829976,0.483547,6.02142610e-05,0.007760,1.4115
2502,QUAD,0.608567,0.577471,9.73554996e-05,0.009867,1.2207
2503,QUAD,0.817744,0.560119,4.31525989e-05,0.006569,1.2241
2504,QUAD,0.829801,0.520106,3.53656294e-05,0.005947,1.1642
2505,QUAD,0.633911,0.455020,8.00734885e-05,0.008948,1.2204
2506,QUAD,0.629123,0.446612,1.07603134e-04,0.010373,1.1581
2507,QUAD,0.812838,0.584829,1.22411947e-04,0.011064,1.3260
2508,QUAD,0.815119,0.575512,8.48705213e-05,0.009213,1.2579
2509,QUAD,0.601198,0.527410,1.85264733e-05,0.004304,1.5547
2510,QUAD,0.604762,0.476676,2.48836374e-05,0.004988,1.2734
2511,QUAD,0.835983,0.536315,9.84358208e-06,0.003137,2.0349
2512,QUAD,0.595747,0.518750,2.16831837e-05,0.004657,1.0573
2513,QUAD,0.594185,0.512530,2.08437016e-05,0.004565,1.0387
2514,QUAD,0.836245,0.539484,8.18606841e-06,0.002861,1.7257
2515,QUAD,0.842802,0.529530,2.41288991e-05,0.004912,1.3313
2516,QUAD,0.824490,0.549106,1.74977558e-05,0.004183,1.6903
2517,QUAD,0.829115,0.551871,1.72772963e-05,0.004157,1.5562
2518,QUAD,0.596695,0.482156,2.75802209e-05,0.005252,1.0698
2519,QUAD,0.589846,0.479821,2.79188974e-05,0.005284,1.1243
2520,QUAD,0.832102,0.536368,7.55170232e-06,0.002748,1.3186
2521,QUAD,0.834794,0.522595,3.21005699e-05,0.005666,1.1816
2522,QUAD,0.600235,0.537579,1.90055943e-05,0.004360,1.1978
2523,QUAD,0.608380,0.554031,3.65526346e-05,0.006046,1.5592
2524,QUAD,0.597069,0.540643,2.26559631e-05,0.004760,1.1022
2525,QUAD,0.597166,0.525448,2.53369534e-05,0.005034,1.2347
2526,QUAD,0.587597,0.497780,2.26319144e-05,0.004757,1.1432
2527,QUAD,0.826524,0.512090,4.29659625e-05,0.006555,1.0826
2528,QUAD,0.822538,0.504292,3.51778395e-05,0.005931,1.2511
2529,QUAD,0.814444,0.474507,1.27116099e-04,0.011275,1.0067
2530,QUAD,0.823806,0.560968,4.18761620e-05,0.006471,1.6970
2531,QUAD,0.599663,0.521107,2.19381824e-05,0.004684,1.1108
2532,QUAD,0.615946,0.559845,5.72198534e-05,0.007564,1.2535
2533,QUAD,0.586439,0.491194,2.44582578e-05,0.004946,1.4061
2534,QUAD,0.820134,0.509936,4.41583556e-05,0.006645,1.1139
2535,QUAD,0.817045,0.501023,4.53883668e-05,0.006737,1.2302
2536,QUAD,0.609397,0.568527,6.84417530e-05,0.008273,1.2569
2537,QUAD,0.823291,0.599530,2.27541738e-04,0.015084,1.2680
2538,QUAD,0.806638,0.572260,7.37630480e-05,0.008589,1.2143
2539,QUAD,0.595522,0.583485,1.16856311e-04,0.010810,1.2682
2540,QUAD,0.616723,0.471129,4.88158556e-05,0.006987,1.1337
2541,QUAD,0.608002,0.472227,3.61307287e-05,0.006011,1.2509
2542,QUAD,0.828231,0.540009,1.18929818e-05,0.003449,1.5602
2543,QUAD,0.836238,0.529915,2.33073176e-05,0.004828,1.0581
2544,QUAD,0.832502,0.540717,9.78503586e-06,0.003128,1.2556
2545,QUAD,0.841756,0.535468,1.25123341e-05,0.003537,1.4266
2546,QUAD,0.842452,0.539443,1.50754791e-05,0.003883,1.2956
2547,QUAD,0.591346,0.500227,2.15045831e-05,0.004637,1.1156
2548,QUAD,0.596505,0.508649,2.03724826e-05,0.004514,1.0313
2549,QUAD,0.818991,0.553790,3.44867868e-05,0.005873,1.1260
2550,QUAD,0.816174,0.545603,2.88733759e-05,0.005373,1.4242
2551,QUAD,0.601006,0.479661,2.51052860e-05,0.005011,1.1871
2552,QUAD,0.600643,0.543815,2.44166647e-05,0.004941,1.2998
2553,QUAD,0.598190,0.514756,2.13867644e-05,0.004625,1.0620
2554,QUAD,0.603917,0.484306,3.04329628e-05,0.005517,1.1800
2555,QUAD,0.800237,0.479626,1.03267805e-04,0.010162,1.1570
2556,QUAD,0.631712,0.467175,5.81929350e-05,0.007628,1.2100
2557,QUAD,0.820455,0.548126,2.66945644e-05,0.005167,1.4065
2558,QUAD,0.829132,0.471059,1.07139911e-04,0.010351,1.2557
2559,QUAD,0.823526,0.478722,7.81192862e-05,0.008839,1.6174
2560,QUAD,0.594600,0.489432,2.90267797e-05,0.005388,1.2921
2561,QUAD,0.626268,0.471735,5.22177300e-05,0.007226,1.1757
2562,QUAD,0.622792,0.557221,6.75261560e-05,0.008217,1.3033
2563,QUAD,0.618956,0.578196,1.15040157e-04,0.010726,1.2602
2564,QUAD,0.649371,0.469854,2.54174392e-05,0.005042,1.3958
2565,QUAD,0.604073,0.502258,1.60437233e-05,0.004005,1.4664
2566,QUAD,0.618876,0.589524,1.56969127e-04,0.012529,1.1882
2567,QUAD,0.799574,0.567932,6.20212276e-05,0.007875,1.1892
2568,QUAD,0.802595,0.580323,1.01407980e-04,0.010070,1.2462
2569,QUAD,0.825309,0.544529,1.62230734e-05,0.004028,1.4130
2570,QUAD,0.830494,0.538392,7.37473875e-06,0.002716,1.6504
2571,QUAD,0.834060,0.538246,7.12487807e-06,0.002669,1.1854
2572,QUAD,0.823823,0.538641,1.85713136e-05,0.004309,1.6374
2573,QUAD,0.830355,0.531813,1.72881802e-05,0.004158,1.3774
2574,QUAD,0.603537,0.523305,2.14481728e-05,0.004631,1.1313
2575,QUAD,0.609916,0.521252,2.30281025e-05,0.004799,1.2073
2576,QUAD,0.601275,0.531424,1.81633404e-05,0.004262,1.5306
2577,QUAD,0.833830,0.533536,1.48166393e-05,0.003849,1.4841
2578,QUAD,0.832150,0.527426,2.49741913e-05,0.004997,1.2002
2579,QUAD,0.604563,0.512547,2.24024068e-05,0.004733,1.1667
2580,QUAD,0.602160,0.516897,2.19075698e-05,0.004681,1.1241
2581,QUAD,0.610177,0.532758,2.52703239e-05,0.005027,1.4635
2582,QUAD,0.603940,0.535263,2.16290311e-05,0.004651,1.2174
2583,QUAD,0.824173,0.518111,4.00089396e-05,0.006325,1.0913
2584,QUAD,0.826173,0.531190,2.57793647e-05,0.005077,1.4762
2585,QUAD,0.813768,0.551325,3.93248520e-05,0.006271,1.2717
2586,QUAD,0.811846,0.557967,4.27927613e-05,0.006542,1.2075
2587,QUAD,0.610332,0.548517,3.44706103e-05,0.005871,1.5398
2588,QUAD,0.605324,0.545929,3.52986327e-05,0.005941,1.3304
2589,QUAD,0.637594,0.462787,5.93774020e-05,0.007706,1.2055
2590,QUAD,0.594250,0.496357,2.17062065e-05,0.004659,1.1565
2591,QUAD,0.599293,0.486730,2.64637508e-05,0.005144,1.1313
2592,QUAD,0.612418,0.476374,4.06297175e-05,0.006374,1.1186
2593,QUAD,0.608288,0.480955,3.44297561e-05,0.005868,1.1242
2594,QUAD,0.804290,0.512873,4.80004455e-05,0.006928,1.3024
2595,QUAD,0.630298,0.477993,4.84986884e-05,0.006964,1.1961
2596,QUAD,0.809370,0.483912,1.02674128e-04,0.010133,1.2685
2597,QUAD,0.811371,0.496404,5.97573402e-05,0.007730,1.1148
2598,QUAD,0.618881,0.550024,4.80857672e-05,0.006934,1.4988
2599,QUAD,0.644089,0.459398,5.62185716e-05,0.007498,1.3553
2600,QUAD,0.808649,0.458547,1.65754627e-04,0.012875,1.1918
2601,QUAD,0.808720,0.595333,1.76308366e-04,0.013278,1.2949
2602,QUAD,0.826593,0.536110,1.61281368e-05,0.004016,1.8654
2603,QUAD,0.821420,0.530591,3.25229137e-05,0.005703,1.4029
2604,QUAD,0.604688,0.529490,1.74082922e-05,0.004172,1.4030
2605,QUAD,0.818619,0.540866,1.94855625e-05,0.004414,1.4387
2606,QUAD,0.821936,0.543011,1.95255256e-05,0.004419,1.3837
2607,QUAD,0.606878,0.489889,4.50052257e-05,0.006709,1.3971
2608,QUAD,0.635965,0.474217,5.85053470e-05,0.007649,1.2960
2609,QUAD,0.598705,0.504774,1.86988754e-05,0.004324,1.0896
2610,QUAD,0.625051,0.481770,4.12102710e-05,0.006420,1.1340
2611,QUAD,0.595015,0.502619,1.95165026e-05,0.004418,1.1196
2612,QUAD,0.597476,0.493002,1.81781799e-05,0.004264,1.3690
2613,QUAD,0.829678,0.535522,9.05012666e-06,0.003008,1.8265
2614,QUAD,0.817982,0.516196,4.58489877e-05,0.006771,1.1002
2615,QUAD,0.822316,0.524237,3.65542249e-05,0.006046,1.2273
2616,QUAD,0.621211,0.476346,4.53386041e-05,0.006733,1.1223
2617,QUAD,0.606051,0.540071,3.15540268e-05,0.005617,1.7119
2618,QUAD,0.611183,0.538686,3.63237201e-05,0.006027,1.5108
2619,QUAD,0.811228,0.513959,5.54639962e-05,0.007447,1.2191
2620,QUAD,0.793810,0.497216,7.50375098e-05,0.008662,1.0556
2621,QUAD,0.803477,0.561580,4.71327625e-05,0.006865,1.2043
2622,QUAD,0.813106,0.541827,2.07192677e-05,0.004552,2.0987
2623,QUAD,0.628222,0.546994,3.92073128e-05,0.006262,1.5473
2624,QUAD,0.798326,0.557803,3.94412234e-05,0.006280,1.2090
2625,QUAD,0.651047,0.436637,2.12952914e-04,0.014593,1.3319
2626,QUAD,0.638635,0.440740,1.41640153e-04,0.011901,1.1800
2627,QUAD,0.641325,0.469820,5.27094160e-05,0.007260,1.3109
2628,QUAD,0.608630,0.514472,2.42178299e-05,0.004921,1.2219
2629,QUAD,0.781710,0.573242,8.43483380e-05,0.009184,1.2174
2630,QUAD,0.804652,0.492038,7.24214681e-05,0.008510,1.1674
2631,QUAD,0.639349,0.557992,5.53322652e-05,0.007439,1.3096
2632,QUAD,0.819805,0.464534,1.38277400e-04,0.011759,1.1889
2633,QUAD,0.837816,0.603383,1.76581938e-04,0.013288,1.5029
2634,QUAD,0.792492,0.619840,3.36301254e-04,0.018339,1.2695
2635,QUAD,0.815537,0.538188,1.78923188e-05,0.004230,1.3049
2636,QUAD,0.816212,0.530216,3.89298165e-05,0.006239,1.7798
2637,QUAD,0.600768,0.501096,1.44094893e-05,0.003796,1.4311
2638,QUAD,0.597648,0.498901,1.84379988e-05,0.004294,1.1690
2639,QUAD,0.601496,0.491277,2.26538568e-05,0.004760,1.6562
2640,QUAD,0.806467,0.555415,3.79183417e-05,0.006158,1.3095
2641,QUAD,0.811230,0.531657,3.31473711e-05,0.005757,1.7763
2642,QUAD,0.804006,0.547441,2.58407121e-05,0.005083,1.3173
2643,QUAD,0.820439,0.536194,2.08452827e-05,0.004566,1.5124
2644,QUAD,0.616509,0.481120,4.14445988e-05,0.006438,1.0883
2645,QUAD,0.606722,0.507888,2.34377776e-05,0.004841,1.2500
2646,QUAD,0.816351,0.523081,4.73137392e-05,0.006878,1.2394
2647,QUAD,0.614338,0.544477,3.86112592e-05,0.006214,1.3571
2648,QUAD,0.602585,0.506494,1.96350019e-05,0.004431,1.1950
2649,QUAD,0.618552,0.541021,2.92998160e-05,0.005413,1.2972
2650,QUAD,0.803817,0.519343,3.62201310e-05,0.006018,1.1915
2651,QUAD,0.607341,0.525773,2.40560893e-05,0.004905,1.2988
2652,QUAD,0.798370,0.513382,2.63693173e-05,0.005135,1.4189
2653,QUAD,0.807536,0.502724,4.93989478e-05,0.007028,1.3285
2654,QUAD,0.650698,0.464972,2.82242047e-05,0.005313,1.4188
2655,QUAD,0.619534,0.533951,1.67331106e-05,0.004091,1.4791
2656,QUAD,0.788427,0.568071,6.71915755e-05,0.008197,1.1942
2657,QUAD,0.639309,0.481480,5.15306186e-05,0.007178,1.3298
2658,QUAD,0.630053,0.576615,1.41638158e-04,0.011901,1.4950
2659,QUAD,0.639183,0.571224,1.17731722e-04,0.010850,1.5459
2660,QUAD,0.620334,0.522481,2.90547816e-05,0.005390,1.2387
2661,QUAD,0.796690,0.488707,8.27868689e-05,0.009099,1.1126
2662,QUAD,0.644620,0.422418,2.58089876e-04,0.016065,1.1849
2663,QUAD,0.804164,0.469585,1.30654616e-04,0.011430,1.1239
2664,QUAD,0.763869,0.575543,1.23868847e-04,0.011130,1.4561
2665,QUAD,0.809983,0.521240,4.90329370e-05,0.007002,1.2331
2666,QUAD,0.808809,0.537984,1.41526844e-05,0.003762,1.5732
2667,QUAD,0.807597,0.526996,3.29835435e-05,0.005743,1.4622
2668,QUAD,0.808675,0.549157,3.49222832e-05,0.005910,1.3951
2669,QUAD,0.600696,0.495354,1.86344782e-05,0.004317,1.5083
2670,QUAD,0.617009,0.490453,4.16257301e-05,0.006452,1.7435
2671,QUAD,0.611111,0.527801,1.92362425e-05,0.004386,1.4556
2672,QUAD,0.612672,0.516660,2.56392698e-05,0.005064,1.2329
2673,QUAD,0.798031,0.518539,2.89338810e-05,0.005379,1.1607
2674,QUAD,0.612089,0.486168,4.50503625e-05,0.006712,1.2599
2675,QUAD,0.613570,0.523573,2.11897592e-05,0.004603,1.3531
2676,QUAD,0.777380,0.565491,6.59421491e-05,0.008120,1.1712
2677,QUAD,0.789459,0.557306,4.55437778e-05,0.006749,1.3633
2678,QUAD,0.793887,0.562907,5.20191032e-05,0.007212,1.2062
2679,QUAD,0.796360,0.508365,3.67057944e-05,0.006059,1.6852
2680,QUAD,0.646180,0.474307,3.54019305e-05,0.005950,1.4356
2681,QUAD,0.645459,0.479913,4.06458462e-05,0.006375,1.5290
2682,QUAD,0.645969,0.465944,3.04736692e-05,0.005520,1.5215
2683,QUAD,0.785634,0.494785,7.16598053e-05,0.008465,1.0630
2684,QUAD,0.644909,0.563838,6.87685841e-05,0.008293,1.2911
2685,QUAD,0.633389,0.562552,7.55672155e-05,0.008693,1.4341
2686,QUAD,0.790577,0.476644,1.04501185e-04,0.010223,1.1350
2687,QUAD,0.793135,0.466131,1.32487261e-04,0.011510,1.1629
2688,QUAD,0.614400,0.531945,1.77245379e-05,0.004210,1.2667
2689,QUAD,0.807359,0.534162,1.70722747e-05,0.004132,1.6289
2690,QUAD,0.805123,0.542343,2.01410212e-05,0.004488,1.4083
2691,QUAD,0.613196,0.503806,3.43620215e-05,0.005862,1.3179
2692,QUAD,0.603637,0.498119,1.98041147e-05,0.004450,1.8856
2693,QUAD,0.620303,0.485554,3.14650999e-05,0.005609,1.3830
2694,QUAD,0.624999,0.540465,1.77575812e-05,0.004214,1.4900
2695,QUAD,0.615783,0.536464,2.42569129e-05,0.004925,1.2762
2696,QUAD,0.801715,0.552653,3.12335108e-05,0.005589,1.2756
2697,QUAD,0.800055,0.545457,1.92418847e-05,0.004387,1.2994
2698,QUAD,0.608298,0.502635,2.73221501e-05,0.005227,1.4008
2699,QUAD,0.616600,0.519263,2.64088826e-05,0.005139,1.2019
2700,QUAD,0.796719,0.543440,1.40700994e-05,0.003751,1.2428
2701,QUAD,0.792444,0.517810,2.91297746e-05,0.005397,1.1688
2702,QUAD,0.769934,0.568876,7.74467480e-05,0.008800,1.3072
2703,QUAD,0.783741,0.561280,5.95873310e-05,0.007719,1.0930
2704,QUAD,0.635018,0.533412,1.89387480e-05,0.004352,1.5750
2705,QUAD,0.651121,0.458343,5.50435225e-05,0.007419,1.4837
2706,QUAD,0.654743,0.472434,4.49522416e-05,0.006705,1.4761
2707,QUAD,0.641565,0.488427,4.25876828e-05,0.006526,1.1133
2708,QUAD,0.633487,0.484359,4.33661066e-05,0.006585,1.1909
2709,QUAD,0.652517,0.567863,8.02612768e-05,0.008959,1.3059
2710,QUAD,0.646315,0.588913,1.84189035e-04,0.013572,1.2534
2711,QUAD,0.779197,0.484498,8.31150164e-05,0.009117,1.1011
2712,QUAD,0.615485,0.511653,3.05878998e-05,0.005531,1.2526
2713,QUAD,0.788053,0.486166,8.56614948e-05,0.009255,1.0928
2714,QUAD,0.795805,0.454472,1.74343066e-04,0.013204,1.2377
2715,QUAD,0.640691,0.548369,3.26280362e-05,0.005712,1.1825
2716,QUAD,0.618296,0.530200,1.74685840e-05,0.004180,1.4311
2717,QUAD,0.804586,0.530921,1.85512516e-05,0.004307,1.3941
2718,QUAD,0.805558,0.537629,1.54008893e-05,0.003924,1.3855
2719,QUAD,0.618255,0.506140,3.68853264e-05,0.006073,1.2028
2720,QUAD,0.794269,0.553728,3.00674560e-05,0.005483,1.2389
2721,QUAD,0.797725,0.549719,2.34333561e-05,0.004841,1.2632
2722,QUAD,0.622757,0.545321,3.88140207e-05,0.006230,1.6230
2723,QUAD,0.622644,0.490398,3.38204702e-05,0.005816,1.4508
2724,QUAD,0.802478,0.524625,2.69276061e-05,0.005189,1.2070
2725,QUAD,0.616765,0.526391,2.14944024e-05,0.004636,1.5632
2726,QUAD,0.627589,0.537504,1.46206875e-05,0.003824,1.4161
2727,QUAD,0.794550,0.546748,1.65839811e-05,0.004072,1.2982
2728,QUAD,0.791826,0.522818,2.69810649e-05,0.005194,1.1828
2729,QUAD,0.786732,0.516989,3.47340867e-05,0.005894,1.1658
2730,QUAD,0.779663,0.555138,4.12955874e-05,0.006426,1.5137
2731,QUAD,0.633745,0.545473,3.21614684e-05,0.005671,1.2218
2732,QUAD,0.632602,0.540110,2.31156824e-05,0.004808,1.1756
2733,QUAD,0.622206,0.530418,2.21451832e-05,0.004706,1.7719
2734,QUAD,0.608598,0.496426,4.24235859e-05,0.006513,1.5439
2735,QUAD,0.628023,0.487365,3.79006617e-05,0.006156,1.1221
2736,QUAD,0.647683,0.486324,4.55307116e-05,0.006748,1.0403
2737,QUAD,0.662232,0.453455,1.20690979e-04,0.010986,1.7183
2738,QUAD,0.644017,0.553431,3.70767442e-05,0.006089,1.2440
2739,QUAD,0.790777,0.504614,5.61730227e-05,0.007495,1.3434
2740,QUAD,0.773103,0.577714,1.01469369e-04,0.010073,1.7941
2741,QUAD,0.772567,0.551641,2.92637059e-05,0.005410,1.8035
2742,QUAD,0.777363,0.493246,7.16685305e-05,0.008466,1.0434
2743,QUAD,0.780662,0.474946,1.00308886e-04,0.010015,1.1468
2744,QUAD,0.826788,0.455121,1.65352399e-04,0.012859,1.2700
2745,QUAD,0.622044,0.537349,2.18082468e-05,0.004670,1.1889
2746,QUAD,0.801017,0.528970,1.78889872e-05,0.004230,1.3416
2747,QUAD,0.801384,0.541139,1.62997780e-05,0.004037,1.3200
2748,QUAD,0.615052,0.497114,5.31305135e-05,0.007289,1.4468
2749,QUAD,0.635890,0.490670,3.94228490e-05,0.006279,1.1592
2750,QUAD,0.619830,0.514440,3.17436178e-05,0.005634,1.2395
2751,QUAD,0.632184,0.498624,3.45433598e-05,0.005877,1.3768
2752,QUAD,0.643502,0.494795,3.99662507e-05,0.006322,1.0787
2753,QUAD,0.628519,0.541430,1.74166148e-05,0.004173,1.5338
2754,QUAD,0.644870,0.545293,2.40415146e-05,0.004903,1.1653
2755,QUAD,0.786918,0.547092,1.03969433e-05,0.003224,1.8140
2756,QUAD,0.791481,0.549610,1.98050652e-05,0.004450,1.3890
2757,QUAD,0.774184,0.558261,4.89105260e-05,0.006994,1.4254
2758,QUAD,0.625047,0.495693,3.75442055e-05,0.006127,1.4780
2759,QUAD,0.651203,0.477733,4.19702642e-05,0.006478,1.6998
2760,QUAD,0.639846,0.520298,4.17545026e-05,0.006462,1.2296
2761,QUAD,0.788052,0.510955,4.07833876e-05,0.006386,1.1508
2762,QUAD,0.651102,0.499188,4.15575230e-05,0.006447,1.0370
2763,QUAD,0.648760,0.557662,4.18842101e-05,0.006472,1.2802
2764,QUAD,0.661658,0.473312,6.30905497e-05,0.007943,1.2801
2765,QUAD,0.670073,0.480581,6.57935496e-05,0.008111,1.1405
2766,QUAD,0.767360,0.560302,7.10716205e-05,0.008430,1.8237
2767,QUAD,0.648557,0.577165,1.35040653e-04,0.011621,1.3557
2768,QUAD,0.775597,0.501286,6.32258155e-05,0.007951,1.0666
2769,QUAD,0.781643,0.464527,1.26700817e-04,0.011256,1.1801
2770,QUAD,0.752463,0.445384,1.81406637e-04,0.013469,1.1509
2771,QUAD,0.770944,0.474596,8.96478632e-05,0.009468,1.1762
2772,QUAD,0.793915,0.541507,9.31046520e-06,0.003051,1.3766
2773,QUAD,0.625367,0.533753,2.27848451e-05,0.004773,1.3140
2774,QUAD,0.798544,0.536351,1.14124550e-05,0.003378,1.2233
2775,QUAD,0.802013,0.536775,1.67226136e-05,0.004089,1.4146
2776,QUAD,0.791753,0.539635,5.71454026e-06,0.002391,1.2763
2777,QUAD,0.629233,0.531334,2.20884497e-05,0.004700,1.3396
2778,QUAD,0.631113,0.535630,1.89451935e-05,0.004353,1.1104
2779,QUAD,0.787340,0.551643,2.64625218e-05,0.005144,1.7859
2780,QUAD,0.792052,0.543848,1.09419421e-05,0.003308,1.5091
2781,QUAD,0.611055,0.509486,2.74553032e-05,0.005240,1.2894
2782,QUAD,0.782917,0.550781,2.55977332e-05,0.005059,1.7449
2783,QUAD,0.789614,0.545776,1.23616759e-05,0.003516,1.4989
2784,QUAD,0.623780,0.517765,3.00800897e-05,0.005485,1.2516
2785,QUAD,0.621015,0.500260,4.23922927e-05,0.006511,1.2657
2786,QUAD,0.787930,0.542299,1.08927339e-05,0.003300,1.4130
2787,QUAD,0.796402,0.528178,2.37863829e-05,0.004877,1.1222
2788,QUAD,0.783781,0.534124,3.29136177e-05,0.005737,1.2409
2789,QUAD,0.774499,0.508951,5.57792276e-05,0.007469,1.1501
2790,QUAD,0.624348,0.525571,2.90896903e-05,0.005393,1.4188
2791,QUAD,0.637029,0.537645,2.90132440e-05,0.005386,1.2020
2792,QUAD,0.630404,0.492982,3.56496576e-05,0.005971,1.1408
2793,QUAD,0.647664,0.549453,2.39911333e-05,0.004898,1.2631
2794,QUAD,0.642832,0.540677,2.27288303e-05,0.004767,1.2413
2795,QUAD,0.793464,0.512756,2.63573144e-05,0.005134,1.3980
2796,QUAD,0.795203,0.535735,1.13888999e-05,0.003375,1.2269
2797,QUAD,0.656206,0.490821,5.03986328e-05,0.007099,1.0884
2798,QUAD,0.646807,0.538403,2.19446163e-05,0.004685,1.1580
2799,QUAD,0.662082,0.481496,6.78427939e-05,0.008237,1.1637
2800,QUAD,0.657524,0.460410,4.28724734e-05,0.006548,1.7814
2801,QUAD,0.661104,0.465741,4.21911141e-05,0.006495,1.5429
2802,QUAD,0.670500,0.496142,4.82587139e-05,0.006947,1.1445
2803,QUAD,0.755459,0.568133,1.12424684e-04,0.010603,1.2426
2804,QUAD,0.759982,0.559090,7.85313957e-05,0.008862,1.6929
2805,QUAD,0.762426,0.550577,4.52593132e-05,0.006728,1.5825
2806,QUAD,0.783383,0.502500,5.84119714e-05,0.007643,1.1234
2807,QUAD,0.681226,0.430547,2.51059290e-04,0.015845,1.5382
2808,QUAD,0.746675,0.503757,8.35158305e-05,0.009139,1.3506
2809,QUAD,0.660690,0.416727,3.22010086e-04,0.017945,1.1643
2810,QUAD,0.759519,0.466843,1.06131673e-04,0.010302,1.2125
2811,QUAD,0.769115,0.492194,6.99838725e-05,0.008366,1.0609
2812,QUAD,0.756191,0.456818,1.43693682e-04,0.011987,1.2211
2813,QUAD,0.770260,0.464759,1.15509400e-04,0.010748,1.2143
2814,QUAD,0.789523,0.538004,9.58384130e-06,0.003096,2.4239
2815,QUAD,0.798011,0.539920,1.25359183e-05,0.003541,1.2159
2816,QUAD,0.623390,0.509199,4.04230606e-05,0.006358,1.2706
2817,QUAD,0.627136,0.521111,2.12899886e-05,0.004614,1.3737
2818,QUAD,0.776607,0.550073,2.10952810e-05,0.004593,1.6856
2819,QUAD,0.781846,0.544454,1.07994608e-05,0.003286,1.5171
2820,QUAD,0.633303,0.529898,1.65233523e-05,0.004065,1.2232
2821,QUAD,0.628579,0.526718,1.89141042e-05,0.004349,1.7156
2822,QUAD,0.637830,0.496956,3.87474186e-05,0.006225,1.1620
2823,QUAD,0.637180,0.506036,3.76038164e-05,0.006132,1.4909
2824,QUAD,0.627875,0.513249,3.85898269e-05,0.006212,1.3051
2825,QUAD,0.767667,0.551918,3.87209857e-05,0.006223,1.8024
2826,QUAD,0.649619,0.492796,4.49994185e-05,0.006708,1.0459
2827,QUAD,0.657440,0.497611,4.35364467e-05,0.006598,1.1019
2828,QUAD,0.652506,0.505187,3.63611416e-05,0.006030,1.1293
2829,QUAD,0.775950,0.531237,4.54678909e-05,0.006743,1.2294
2830,QUAD,0.648589,0.542715,1.89022867e-05,0.004348,1.1349
2831,QUAD,0.651425,0.552701,2.45221029e-05,0.004952,1.3312
2832,QUAD,0.791458,0.527592,2.28111952e-05,0.004776,1.1426
2833,QUAD,0.748371,0.561419,8.04277711e-05,0.008968,1.1874
2834,QUAD,0.670340,0.488636,5.64046087e-05,0.007510,1.1301
2835,QUAD,0.669578,0.471907,7.38829958e-05,0.008596,1.1804
2836,QUAD,0.781588,0.509653,4.97264966e-05,0.007052,1.1303
2837,QUAD,0.756847,0.585318,1.87021300e-04,0.013676,1.2345
2838,QUAD,0.790163,0.541077,6.92863677e-06,0.002632,1.8390
2839,QUAD,0.785760,0.544025,8.31169800e-06,0.002883,1.7100
2840,QUAD,0.794954,0.538796,8.90506005e-06,0.002984,1.3233
2841,QUAD,0.795609,0.532306,1.64279802e-05,0.004053,1.3649
2842,QUAD,0.779583,0.547325,1.76159563e-05,0.004197,1.2658
2843,QUAD,0.632491,0.526088,1.43937639e-05,0.003794,1.4007
2844,QUAD,0.791559,0.535862,1.31922515e-05,0.003632,2.1683
2845,QUAD,0.790970,0.532117,2.14303471e-05,0.004629,1.3798
2846,QUAD,0.651027,0.536801,2.09921540e-05,0.004582,1.2462
2847,QUAD,0.641527,0.535725,2.36636229e-05,0.004865,1.3994
2848,QUAD,0.631918,0.504482,3.43715876e-05,0.005863,1.1695
2849,QUAD,0.644836,0.501102,4.18270122e-05,0.006467,1.1420
2850,QUAD,0.650747,0.546324,1.57003880e-05,0.003962,1.2481
2851,QUAD,0.641700,0.529894,3.31337402e-05,0.005756,1.6065
2852,QUAD,0.764692,0.543672,3.15990817e-05,0.005621,1.5122
2853,QUAD,0.777215,0.543972,1.54426758e-05,0.003930,1.3948
2854,QUAD,0.663905,0.496602,4.61225073e-05,0.006791,1.1308
2855,QUAD,0.654036,0.510539,2.61782254e-05,0.005116,1.2933
2856,QUAD,0.654848,0.560357,4.77694867e-05,0.006912,1.3154
2857,QUAD,0.677151,0.496213,4.86473678e-05,0.006975,1.1574
2858,QUAD,0.632771,0.509856,3.33135346e-05,0.005772,1.4469
2859,QUAD,0.626279,0.503539,3.66451126e-05,0.006054,1.3354
2860,QUAD,0.780605,0.516576,4.36474381e-05,0.006607,1.1677
2861,QUAD,0.760195,0.510813,4.22977357e-05,0.006504,1.8181
2862,QUAD,0.767193,0.500592,7.55434701e-05,0.008692,1.1589
2863,QUAD,0.767165,0.596238,2.40562895e-04,0.015510,1.1291
2864,QUAD,0.734968,0.469649,1.41254534e-04,0.011885,1.2991
2865,QUAD,0.667727,0.462618,8.55501909e-05,0.009249,1.3870
2866,QUAD,0.786120,0.538540,2.17083125e-05,0.004659,2.1192
2867,QUAD,0.783461,0.541493,1.24649660e-05,0.003531,1.7451
2868,QUAD,0.637232,0.529234,2.33271405e-05,0.004830,1.9907
2869,QUAD,0.659133,0.539397,1.23520415e-05,0.003515,1.5878
2870,QUAD,0.772641,0.546094,1.78420365e-05,0.004224,1.6987
2871,QUAD,0.768868,0.545238,2.58472396e-05,0.005084,1.6416
2872,QUAD,0.761537,0.516497,3.01991083e-05,0.005495,1.3046
2873,QUAD,0.786656,0.527771,2.32392077e-05,0.004821,1.2597
2874,QUAD,0.753503,0.554574,6.26502608e-05,0.007915,1.3078
2875,QUAD,0.763415,0.535232,3.23537931e-05,0.005688,1.3146
2876,QUAD,0.664398,0.503432,4.10890740e-05,0.006410,1.1361
2877,QUAD,0.646367,0.531216,2.60198057e-05,0.005101,1.2251
2878,QUAD,0.632408,0.522402,1.55356362e-05,0.003942,1.7008
2879,QUAD,0.655848,0.540205,1.42384961e-05,0.003773,1.1500
2880,QUAD,0.670594,0.503201,4.29579138e-05,0.006554,1.1436
2881,QUAD,0.661775,0.560997,5.34608458e-05,0.007312,1.2814
2882,QUAD,0.653356,0.549012,1.21839381e-05,0.003491,1.5104
2883,QUAD,0.661363,0.554375,3.18338488e-05,0.005642,1.3399
2884,QUAD,0.646599,0.507277,4.17791258e-05,0.006464,1.1974
2885,QUAD,0.636189,0.514987,4.00760159e-05,0.006331,1.1324
2886,QUAD,0.677991,0.480225,7.05814839e-05,0.008401,1.1916
2887,QUAD,0.677607,0.488606,5.77844141e-05,0.007602,1.1521
2888,QUAD,0.748293,0.549392,5.10514638e-05,0.007145,1.1915
2889,QUAD,0.774013,0.516681,5.32218884e-05,0.007295,1.2389
2890,QUAD,0.758608,0.498826,7.79697043e-05,0.008830,1.1723
2891,QUAD,0.688019,0.459580,1.54121707e-04,0.012415,1.3601
2892,QUAD,0.741605,0.567615,9.69948616e-05,0.009849,1.2256
2893,QUAD,0.766861,0.508766,6.29721898e-05,0.007936,1.4177
2894,QUAD,0.684957,0.489384,6.03580790e-05,0.007769,1.1377
2895,QUAD,0.781603,0.529005,3.30412484e-05,0.005748,1.2257
2896,QUAD,0.770877,0.539422,2.40113561e-05,0.004900,1.8244
2897,QUAD,0.767137,0.538001,2.38638642e-05,0.004885,1.5675
2898,QUAD,0.760332,0.541082,3.60856452e-05,0.006007,1.3284
2899,QUAD,0.757270,0.547587,4.63461658e-05,0.006808,1.3933
2900,QUAD,0.636000,0.524157,2.27097972e-05,0.004765,2.0547
2901,QUAD,0.641131,0.510758,4.32625228e-05,0.006577,1.1776
2902,QUAD,0.652012,0.517755,2.95424180e-05,0.005435,1.2956
2903,QUAD,0.653704,0.544193,1.09375976e-05,0.003307,1.2153
2904,QUAD,0.658379,0.503966,3.66471814e-05,0.006054,1.1644
2905,QUAD,0.656518,0.550012,1.31488541e-05,0.003626,1.5912
2906,QUAD,0.780583,0.523100,3.79414568e-05,0.006160,1.1780
2907,QUAD,0.647956,0.526286,2.01524540e-05,0.004489,1.3360
2908,QUAD,0.751454,0.513091,4.06886285e-05,0.006379,1.3133
2909,QUAD,0.659857,0.579124,1.04978582e-04,0.010246,1.2186
2910,QUAD,0.666861,0.552485,4.13729838e-05,0.006432,1.3639
2911,QUAD,0.677568,0.562572,5.98937393e-05,0.007739,1.3885
2912,QUAD,0.659138,0.588821,1.21329889e-04,0.011015,1.4460
2913,QUAD,0.736749,0.559185,7.41019626e-05,0.008608,1.3497
2914,QUAD,0.743042,0.554624,6.18415447e-05,0.007864,1.2590
2915,QUAD,0.774332,0.524242,4.85310762e-05,0.006966,1.2063
2916,QUAD,0.690873,0.447461,1.78163566e-04,0.013348,1.2247
2917,QUAD,0.748374,0.483929,6.84834080e-05,0.008275,1.2025
2918,QUAD,0.767383,0.516467,4.88076366e-05,0.006986,1.2819
2919,QUAD,0.729379,0.563067,8.80579974e-05,0.009384,1.3393
2920,QUAD,0.733178,0.572989,1.16410642e-04,0.010789,1.2182
2921,QUAD,0.643905,0.524214,2.89516437e-05,0.005381,1.4453
2922,QUAD,0.644410,0.515992,3.49070895e-05,0.005908,1.1212
2923,QUAD,0.660707,0.518465,3.13243480e-05,0.005597,1.6661
2924,QUAD,0.650947,0.532061,2.38476906e-05,0.004883,1.2799
2925,QUAD,0.767153,0.530050,3.27501225e-05,0.005723,1.3976
2926,QUAD,0.652141,0.527319,2.07962501e-05,0.004560,1.0790
2927,QUAD,0.778518,0.536955,3.25726117e-05,0.005707,1.1936
2928,QUAD,0.752507,0.543635,4.24657744e-05,0.006517,1.2609
2929,QUAD,0.761035,0.522347,3.00560790e-05,0.005482,1.4451
2930,QUAD,0.655303,0.532349,1.64335921e-05,0.004054,1.2824
2931,QUAD,0.658253,0.545173,1.46662249e-05,0.003830,1.4245
2932,QUAD,0.649239,0.512842,3.23664775e-05,0.005689,1.1159
2933,QUAD,0.770716,0.533990,3.15232576e-05,0.005615,1.9241
2934,QUAD,0.664545,0.510086,4.16578856e-05,0.006454,1.1614
2935,QUAD,0.660207,0.549215,1.97596616e-05,0.004445,1.4641
2936,QUAD,0.656117,0.554452,2.68687758e-05,0.005184,1.3726
2937,QUAD,0.686146,0.480882,7.71067945e-05,0.008781,1.1601
2938,QUAD,0.676768,0.503342,4.25542720e-05,0.006523,1.1806
2939,QUAD,0.667798,0.543730,2.90191217e-05,0.005387,1.2654
2940,QUAD,0.668623,0.584103,1.19552323e-04,0.010934,1.3565
2941,QUAD,0.755880,0.537712,3.75588948e-05,0.006129,1.1784
2942,QUAD,0.694580,0.482924,8.17496898e-05,0.009042,1.1431
2943,QUAD,0.754796,0.506427,6.80478763e-05,0.008249,1.3815
2944,QUAD,0.736192,0.485547,9.55633535e-05,0.009776,1.0979
2945,QUAD,0.754390,0.488415,5.35558192e-05,0.007318,1.2904
2946,QUAD,0.677989,0.470696,8.94965176e-05,0.009460,1.2887
2947,QUAD,0.722512,0.524604,5.40660313e-05,0.007353,1.6248
2948,QUAD,0.676791,0.459337,1.35994595e-04,0.011662,1.5101
2949,QUAD,0.739101,0.547793,4.83908343e-05,0.006956,1.4215
2950,QUAD,0.661319,0.543024,1.90396896e-05,0.004363,1.2589
2951,QUAD,0.647456,0.520232,2.31513869e-05,0.004812,1.3226
2952,QUAD,0.656785,0.514823,3.15261339e-05,0.005615,1.6580
2953,QUAD,0.659051,0.531442,1.72364017e-05,0.004152,1.3697
2954,QUAD,0.655329,0.536348,1.57602693e-05,0.003970,1.2494
2955,QUAD,0.660052,0.535065,1.00888306e-05,0.003176,1.6427
2956,QUAD,0.658879,0.509927,2.91619104e-05,0.005400,1.4895
2957,QUAD,0.751348,0.534277,3.31743656e-05,0.005760,1.1956
2958,QUAD,0.762859,0.526981,2.90483005e-05,0.005390,1.5480
2959,QUAD,0.748257,0.539536,3.46883163e-05,0.005890,1.2334
2960,QUAD,0.670680,0.509873,3.87480055e-05,0.006225,1.1091
2961,QUAD,0.653175,0.522587,2.53240404e-05,0.005032,1.5098
2962,QUAD,0.668762,0.559371,5.59400201e-05,0.007479,1.0799
2963,QUAD,0.663094,0.534866,1.11653787e-05,0.003341,1.3961
2964,QUAD,0.766142,0.522741,2.95332837e-05,0.005434,1.5524
2965,QUAD,0.731174,0.542014,5.44243416e-05,0.007377,1.7544
2966,QUAD,0.744136,0.544108,3.89995637e-05,0.006245,1.2628
2967,QUAD,0.682756,0.503860,3.98431283e-05,0.006312,1.2591
2968,QUAD,0.687179,0.471116,1.02208474e-04,0.010110,1.1983
2969,QUAD,0.699519,0.463404,1.28885063e-04,0.011353,1.2052
2970,QUAD,0.683508,0.568532,8.86352401e-05,0.009415,1.2532
2971,QUAD,0.753966,0.528519,3.98831824e-05,0.006315,1.2605
2972,QUAD,0.750626,0.495566,7.20439517e-05,0.008488,1.1173
2973,QUAD,0.688357,0.505098,3.62237841e-05,0.006019,1.3239
2974,QUAD,0.698069,0.555478,5.96206946e-05,0.007721,1.3871
2975,QUAD,0.747992,0.517773,3.48541979e-05,0.005904,1.2763
2976,QUAD,0.695956,0.434956,2.28103803e-04,0.015103,1.5305
2977,QUAD,0.708152,0.443070,1.48659786e-04,0.012193,1.2586
2978,QUAD,0.664390,0.540260,1.87813239e-05,0.004334,1.2719
2979,QUAD,0.658348,0.523731,3.34414110e-05,0.005783,1.0872
2980,QUAD,0.741070,0.538950,2.60662318e-05,0.005106,1.6361
2981,QUAD,0.736605,0.540910,3.70335997e-05,0.006086,1.6969
2982,QUAD,0.661731,0.537614,9.76375630e-06,0.003125,1.5238
2983,QUAD,0.670557,0.539126,2.72152026e-05,0.005217,1.2251
2984,QUAD,0.759053,0.531732,4.15112578e-05,0.006443,1.2714
2985,QUAD,0.733305,0.550785,5.91358247e-05,0.007690,1.5569
2986,QUAD,0.742166,0.532068,2.38600167e-05,0.004885,1.7173
2987,QUAD,0.665153,0.515925,2.77806501e-05,0.005271,1.5098
2988,QUAD,0.671773,0.548097,4.59134977e-05,0.006776,1.4382
2989,QUAD,0.676612,0.510124,3.87864990e-05,0.006228,1.1381
2990,QUAD,0.673492,0.528957,2.66533276e-05,0.005163,1.2058
2991,QUAD,0.683772,0.496935,4.85810676e-05,0.006970,1.1646
2992,QUAD,0.666545,0.536549,1.89009412e-05,0.004348,1.2110
2993,QUAD,0.703426,0.566747,9.11525306e-05,0.009547,1.4173
2994,QUAD,0.676463,0.576261,1.28983218e-04,0.011357,1.3087
2995,QUAD,0.745270,0.511816,5.28502174e-05,0.007270,1.7794
2996,QUAD,0.756527,0.515818,3.31565253e-05,0.005758,1.5486
2997,QUAD,0.718509,0.496453,8.65564409e-05,0.009304,1.0482
2998,QUAD,0.743319,0.491248,8.04580635e-05,0.008970,1.1396
2999,QUAD,0.748456,0.526031,3.84799833e-05,0.006203,1.2758
3000,QUAD,0.696877,0.473590,1.03851579e-04,0.010191,1.1602
3001,QUAD,0.723099,0.577128,1.35280207e-04,0.011631,1.2701
3002,QUAD,0.721000,0.565988,9.73632031e-05,0.009867,1.3357
3003,QUAD,0.656498,0.528442,1.96766307e-05,0.004436,1.5879
3004,QUAD,0.682294,0.517050,3.73658825e-05,0.006113,1.4642
3005,QUAD,0.675336,0.541948,4.13533510e-05,0.006431,1.3562
3006,QUAD,0.663194,0.530758,2.29185364e-05,0.004787,1.4486
3007,QUAD,0.718306,0.546761,5.83307646e-05,0.007637,1.3725
3008,QUAD,0.726773,0.553513,7.11989503e-05,0.008438,1.3847
3009,QUAD,0.735822,0.534185,3.46492966e-05,0.005886,1.6920
3010,QUAD,0.744648,0.535921,2.20837075e-05,0.004699,1.4692
3011,QUAD,0.683963,0.522798,3.14835620e-05,0.005611,1.3382
3012,QUAD,0.667776,0.532123,2.24688209e-05,0.004740,1.0973
3013,QUAD,0.690308,0.498573,4.89393633e-05,0.006996,1.1651
3014,QUAD,0.682505,0.510439,3.82427894e-05,0.006184,1.2042
3015,QUAD,0.665068,0.520770,2.38805089e-05,0.004887,1.2628
3016,QUAD,0.670700,0.516083,3.36719788e-05,0.005803,1.1617
3017,QUAD,0.676641,0.552260,5.24813309e-05,0.007244,1.3465
3018,QUAD,0.692395,0.491242,6.33398774e-05,0.007959,1.1401
3019,QUAD,0.728575,0.479234,1.09127032e-04,0.010446,1.1187
3020,QUAD,0.730955,0.494102,9.45903889e-05,0.009726,1.0547
3021,QUAD,0.688311,0.560556,6.96209009e-05,0.008344,1.2895
3022,QUAD,0.695412,0.564304,8.15869527e-05,0.009033,1.3745
3023,QUAD,0.696722,0.501362,5.19720688e-05,0.007209,1.1448
3024,QUAD,0.738519,0.499916,9.88555971e-05,0.009943,1.2368
3025,QUAD,0.713659,0.503967,7.50582729e-05,0.008664,1.1002
3026,QUAD,0.703089,0.453031,1.40448823e-04,0.011851,1.2594
3027,QUAD,0.719573,0.555862,7.41009200e-05,0.008608,1.3611
3028,QUAD,0.754374,0.478563,6.00149919e-05,0.007747,1.3978
3029,QUAD,0.700973,0.577964,1.33864982e-04,0.011570,1.3707
3030,QUAD,0.743233,0.522018,5.23743999e-05,0.007237,1.1718
3031,QUAD,0.672145,0.534134,2.43058178e-05,0.004930,1.1516
3032,QUAD,0.668858,0.527180,2.69161912e-05,0.005188,1.1018
3033,QUAD,0.676501,0.516907,4.16514754e-05,0.006454,1.2957
3034,QUAD,0.663704,0.525720,3.03161760e-05,0.005506,1.1260
3035,QUAD,0.732805,0.522776,7.39541173e-05,0.008600,1.1442
3036,QUAD,0.691672,0.552853,5.40662280e-05,0.007353,1.2735
3037,QUAD,0.682196,0.556216,5.70429884e-05,0.007553,1.2030
3038,QUAD,0.755431,0.522157,4.00813369e-05,0.006331,1.1535
3039,QUAD,0.746603,0.531474,2.76882893e-05,0.005262,1.6350
3040,QUAD,0.699602,0.528239,2.59258693e-05,0.005092,1.4546
3041,QUAD,0.680518,0.545392,4.93290247e-05,0.007023,1.2634
3042,QUAD,0.676684,0.536054,2.54611613e-05,0.005046,1.5870
3043,QUAD,0.670075,0.521835,3.01600929e-05,0.005492,1.1402
3044,QUAD,0.702972,0.486388,8.29211919e-05,0.009106,1.1228
3045,QUAD,0.699780,0.494334,6.62884233e-05,0.008142,1.1302
3046,QUAD,0.704924,0.556970,6.51855025e-05,0.008074,1.4520
3047,QUAD,0.738576,0.515536,7.72442212e-05,0.008789,1.4400
3048,QUAD,0.714114,0.458639,1.22738031e-04,0.011079,1.1673
3049,QUAD,0.732808,0.508691,9.95052886e-05,0.009975,1.2418
3050,QUAD,0.685331,0.584191,1.55937785e-04,0.012488,1.2242
3051,QUAD,0.719915,0.473372,1.15151876e-04,0.010731,1.0818
3052,QUAD,0.724900,0.544063,6.90386589e-05,0.008309,1.4773
3053,QUAD,0.742249,0.477489,9.77889720e-05,0.009889,1.1814
3054,QUAD,0.731815,0.601612,2.38432234e-04,0.015441,1.2902
3055,QUAD,0.711931,0.579114,1.44500514e-04,0.012021,1.3211
3056,QUAD,0.684103,0.530477,2.66041705e-05,0.005158,1.2183
3057,QUAD,0.675348,0.523344,3.55499864e-05,0.005962,1.3270
3058,QUAD,0.738409,0.527846,5.55690066e-05,0.007454,1.4607
3059,QUAD,0.708228,0.520663,4.17458631e-05,0.006461,1.2473
3060,QUAD,0.687458,0.518656,3.76177913e-05,0.006133,1.2210
3061,QUAD,0.690433,0.513076,3.94631096e-05,0.006282,1.1371
3062,QUAD,0.688954,0.543024,3.92548508e-05,0.006265,1.2385
3063,QUAD,0.680193,0.526463,3.46853357e-05,0.005889,1.3711
3064,QUAD,0.685833,0.549370,4.97257008e-05,0.007052,1.1717
3065,QUAD,0.699818,0.547627,4.47139595e-05,0.006687,1.4521
3066,QUAD,0.712153,0.557120,7.06884667e-05,0.008408,1.4213
3067,QUAD,0.704070,0.515518,4.50471272e-05,0.006712,1.1649
3068,QUAD,0.706907,0.498601,6.91914963e-05,0.008318,1.1102
3069,QUAD,0.710124,0.468171,1.18314070e-04,0.010877,1.1563
3070,QUAD,0.710980,0.490989,8.33731747e-05,0.009131,1.0835
3071,QUAD,0.725690,0.502496,9.18359012e-05,0.009583,1.1005
3072,QUAD,0.725195,0.463367,1.43684998e-04,0.011987,1.3338
3073,QUAD,0.715239,0.482538,9.82717484e-05,0.009913,1.0749
3074,QUAD,0.712114,0.567353,9.76898112e-05,0.009884,1.3663
3075,QUAD,0.677674,0.531168,2.23524281e-05,0.004728,1.4444
3076,QUAD,0.684281,0.539267,4.05867165e-05,0.006371,1.2725
3077,QUAD,0.680834,0.534826,2.72195012e-05,0.005217,1.6200
3078,QUAD,0.693741,0.507587,4.14254826e-05,0.006436,1.1508
3079,QUAD,0.722374,0.535885,5.50126382e-05,0.007417,1.2314
3080,QUAD,0.711394,0.540254,4.01886311e-05,0.006339,1.5238
3081,QUAD,0.688002,0.533870,3.40776911e-05,0.005838,1.3045
3082,QUAD,0.690217,0.528013,3.29332301e-05,0.005739,1.2352
3083,QUAD,0.711909,0.548154,5.30839262e-05,0.007286,1.4466
3084,QUAD,0.726655,0.516837,8.82724996e-05,0.009395,1.1842
3085,QUAD,0.723348,0.488149,9.54983144e-05,0.009772,1.0343
3086,QUAD,0.744338,0.461711,1.55340621e-04,0.012464,1.2972
3087,QUAD,0.697025,0.591137,2.26474579e-04,0.015049,1.4581
3088,QUAD,0.716745,0.538957,4.10899722e-05,0.006410,1.5085
3089,QUAD,0.706088,0.533414,3.62214761e-05,0.006018,1.4524
3090,QUAD,0.694144,0.545894,4.11159665e-05,0.006412,1.3034
3091,QUAD,0.691876,0.537440,2.92616337e-05,0.005409,1.4019
3092,QUAD,0.695431,0.516536,3.67328363e-05,0.006061,1.1411
3093,QUAD,0.727775,0.530213,6.66367977e-05,0.008163,1.1697
3094,QUAD,0.708765,0.510259,5.82822297e-05,0.007634,1.1747
3095,QUAD,0.700874,0.533867,3.43738662e-05,0.005863,1.4810
3096,QUAD,0.705741,0.548375,4.90324182e-05,0.007002,1.4896
3097,QUAD,0.695905,0.539895,2.64627074e-05,0.005144,1.5851
3098,QUAD,0.720080,0.510448,8.90150298e-05,0.009435,1.1812
3099,QUAD,0.702935,0.505269,5.47141358e-05,0.007397,1.1451
3100,QUAD,0.749980,0.471028,1.00119825e-04,0.010006,1.2476
3101,QUAD,0.695027,0.529355,2.62782811e-05,0.005126,1.6641
3102,QUAD,0.711318,0.533140,3.56330775e-05,0.005969,1.4208
3103,QUAD,0.706053,0.540620,3.94596605e-05,0.006282,1.4897
3104,QUAD,0.713988,0.516519,6.62825344e-05,0.008141,1.3349
3105,QUAD,0.718736,0.530132,3.70373389e-05,0.006086,1.1801
3106,QUAD,0.700803,0.540507,3.55077015e-05,0.005959,1.4744
3107,QUAD,0.692199,0.521991,3.53110056e-05,0.005942,1.2813
3108,QUAD,0.699939,0.520274,3.46527617e-05,0.005887,1.1246
3109,QUAD,0.699084,0.511149,4.42299700e-05,0.006651,1.1436
3110,QUAD,0.696573,0.524588,2.35646817e-05,0.004854,1.4808
3111,QUAD,0.703731,0.524812,3.43821072e-05,0.005864,1.0904
3112,QUAD,0.716610,0.523904,4.94533183e-05,0.007032,1.4575
3113,QUAD,0.710787,0.526568,3.77573485e-05,0.006145,1.4267
3114,QUAD,0.718007,0.449667,9.74082712e-05,0.009870,1.4441
3115,QUAD,0.724283,0.442963,1.10616930e-04,0.010517,1.4569
3116,QUAD,0.679846,0.412909,4.09746424e-04,0.020242,1.2616
3117,QUAD,0.845795,0.456037,1.64019000e-04,0.012807,1.0727
3118,QUAD,0.587304,0.395237,3.17518184e-04,0.017819,1.4017
3119,QUAD,0.857888,0.601689,1.76645098e-04,0.013291,1.1587
3120,QUAD,0.835477,0.615351,2.04908772e-04,0.014315,1.9870
3121,QUAD,0.763571,0.429075,2.31767425e-04,0.015224,1.2567
3122,QUAD,0.780478,0.427299,2.43014779e-04,0.015589,1.2895
3123,QUAD,0.442784,0.460727,1.40590796e-04,0.011857,1.3956
3124,QUAD,0.781971,0.440671,2.06209697e-04,0.014360,1.3390
3125,QUAD,0.824493,0.435813,2.61150617e-04,0.016160,1.2864
3126,QUAD,0.788926,0.598337,2.01220326e-04,0.014185,1.2840
3127,QUAD,0.739476,0.450176,1.78158558e-04,0.013348,1.1690
3128,QUAD,0.617471,0.602406,2.08536977e-04,0.014441,1.1914
3129,QUAD,0.869999,0.610304,2.17238195e-04,0.014739,1.2244
3130,QUAD,0.884290,0.590692,1.45172633e-04,0.012049,1.3774
3131,QUAD,0.426502,0.578391,2.81069758e-04,0.016765,1.1278
3132,QUAD,0.462272,0.587654,2.31529263e-04,0.015216,1.4229
3133,QUAD,0.864347,0.458598,1.61360758e-04,0.012703,1.2070
3134,QUAD,0.886976,0.432826,3.42310634e-04,0.018502,1.4419
3135,QUAD,0.597664,0.612747,3.01085596e-04,0.017352,1.4453
3136,QUAD,0.589996,0.593189,1.66247959e-04,0.012894,1.3323
3137,QUAD,0.662784,0.600369,2.20298065e-04,0.014842,1.4804
3138,QUAD,0.740063,0.614254,2.81330573e-04,0.016773,1.1319
3139,QUAD,0.492561,0.607257,2.01040753e-04,0.014179,1.4135
3140,QUAD,0.714768,0.608498,3.39413580e-04,0.018423,1.4301
3141,QUAD,0.711800,0.592993,2.40684556e-04,0.015514,1.4660
3142,QUAD,0.403224,0.461812,2.55528420e-04,0.015985,1.1808
3143,QUAD,0.568838,0.411934,2.88068290e-04,0.016973,1.4334
3144,QUAD,0.930103,0.606037,2.48550733e-04,0.015765,1.3296
3145,QUAD,0.870744,0.440732,2.32489601e-04,0.015248,1.2530
3146,QUAD,0.925660,0.457110,2.09175630e-04,0.014463,1.3595
3147,QUAD,0.990533,0.431703,3.62856731e-04,0.019049,1.1665
3148,QUAD,0.704733,0.424845,2.06162739e-04,0.014358,1.4353
3149,QUAD,0.432784,0.455464,1.82443319e-04,0.013507,1.3356
3150,QUAD,0.433176,0.545609,1.41649835e-04,0.011902,1.4125
3151,QUAD,0.417052,0.465557,2.05759643e-04,0.014344,1.1997
3152,QUAD,0.482656,0.973292,3.30779299e-04,0.018187,1.0481
3153,QUAD,0.445810,0.972556,3.34349826e-04,0.018285,1.0244
3154,QUAD,0.974310,0.065786,3.11457258e-04,0.017648,1.1171
3155,QUAD,0.972777,0.047406,3.40343576e-04,0.018448,1.0669
3156,QUAD,0.111363,0.028318,3.81228049e-04,0.019525,1.2385
3157,QUAD,0.975165,0.119787,2.95130041e-04,0.017179,1.1956
3158,QUAD,0.091092,0.030141,4.24951242e-04,0.020614,1.1983
3159,QUAD,0.148385,0.022786,2.72454646e-04,0.016506,1.2579
3160,QUAD,0.698482,0.971145,3.62057178e-04,0.019028,1.0748
3161,QUAD,0.385910,0.475865,2.80150428e-04,0.016738,1.0748
3162,QUAD,0.346788,0.526957,3.48580636e-04,0.018670,1.0322
3163,QUAD,0.836171,0.446294,1.97962827e-04,0.014070,1.1016
3164,QUAD,0.971512,0.028683,3.63630896e-04,0.019069,1.0364
3165,QUAD,0.974938,0.334502,3.03424991e-04,0.017419,1.1297
3166,QUAD,0.897304,0.595121,1.73220159e-04,0.013161,1.3833
3167,QUAD,0.973618,0.298037,3.16409876e-04,0.017788,1.1081
3168,QUAD,0.932796,0.969818,3.86809530e-04,0.019667,1.0374
3169,QUAD,0.952082,0.970246,3.78973990e-04,0.019467,1.0351
3170,QUAD,0.970926,0.813428,3.93359812e-04,0.019833,1.2429
3171,QUAD,0.971255,0.970487,3.76847174e-04,0.019413,1.0339
3172,QUAD,0.972340,0.872916,3.50846745e-04,0.018731,1.0730
3173,QUAD,0.520766,0.621317,2.61179786e-04,0.016161,1.1970
3174,QUAD,0.973247,0.794248,3.26849493e-04,0.018079,1.1276
3175,QUAD,0.637168,0.967998,4.19424048e-04,0.020480,1.0741
3176,QUAD,0.736272,0.973443,3.33392878e-04,0.018259,1.0772
3177,QUAD,0.027202,0.371195,3.44196973e-04,0.018553,1.1010
3178,QUAD,0.070299,0.030296,3.98604611e-04,0.019965,1.0816
3179,QUAD,0.050165,0.030860,4.09608542e-04,0.020239,1.0371
3180,QUAD,0.026986,0.931150,3.46049981e-04,0.018602,1.1343
3181,QUAD,0.520397,0.972927,3.48338041e-04,0.018664,1.0738
3182,QUAD,0.427365,0.971733,3.45373187e-04,0.018584,1.0291
3183,QUAD,0.188404,0.971910,3.57872430e-04,0.018918,1.0449
3184,QUAD,0.029263,0.970113,3.86292660e-04,0.019654,1.0277
3185,QUAD,0.968915,0.157262,4.37230325e-04,0.020910,1.2589
3186,QUAD,0.150466,0.972746,3.40893628e-04,0.018463,1.0704
3187,QUAD,0.362844,0.030640,4.08957084e-04,0.020223,1.0752
3188,QUAD,0.341697,0.033905,5.13705800e-04,0.022665,1.2357
3189,QUAD,0.400868,0.026079,3.10386733e-04,0.017618,1.1637
3190,QUAD,0.972694,0.371515,3.45755329e-04,0.018594,1.1069
3191,QUAD,0.207613,0.970949,3.76008269e-04,0.019391,1.0456
3192,QUAD,0.972432,0.911705,3.58036723e-04,0.018922,1.0740
3193,QUAD,0.319731,0.033950,5.12195646e-04,0.022632,1.2425
3194,QUAD,0.030101,0.030765,4.10511171e-04,0.020261,1.0310
3195,QUAD,0.131345,0.972334,3.49872361e-04,0.018705,1.0917
3196,QUAD,0.327728,0.527391,3.58571458e-04,0.018936,1.0412
3197,QUAD,0.657500,0.030389,3.90713563e-04,0.019766,1.0956
3198,QUAD,0.184647,0.021978,2.70981581e-04,0.016462,1.2832
3199,QUAD,0.967982,0.259734,4.57498624e-04,0.021389,1.2657
3200,QUAD,0.852252,0.025552,3.15514822e-04,0.017763,1.1673
3201,QUAD,0.028416,0.409858,3.70493032e-04,0.019248,1.0502
3202,QUAD,0.794510,0.030002,4.06080192e-04,0.020151,1.0844
3203,QUAD,0.972906,0.756893,3.40480490e-04,0.018452,1.0815
3204,QUAD,0.967576,0.410419,4.94096491e-04,0.022228,1.3720
3205,QUAD,0.989070,0.658510,4.35349107e-04,0.020865,1.1114
3206,QUAD,0.966921,0.637780,4.97489733e-04,0.022304,1.2661
3207,QUAD,0.653120,0.399807,4.06654396e-04,0.020166,1.1692
3208,QUAD,0.967779,0.679280,4.40232654e-04,0.020982,1.1064
3209,QUAD,0.970553,0.718882,3.81679824e-04,0.019537,1.0484
3210,QUAD,0.696002,0.028096,3.51689738e-04,0.018753,1.0475
3211,QUAD,0.308339,0.527751,3.65915673e-04,0.019129,1.0522
3212,QUAD,0.989251,0.199415,4.29002626e-04,0.020712,1.0964
3213,QUAD,0.967247,0.177717,4.72601357e-04,0.021739,1.2029
3214,QUAD,0.437852,0.026615,3.39605659e-04,0.018428,1.1324
3215,QUAD,0.972102,0.931253,3.64485644e-04,0.019092,1.0632
3216,QUAD,0.969856,0.430637,4.52496116e-04,0.021272,1.3892
3217,QUAD,0.967996,0.218437,4.17449474e-04,0.020432,1.0605
3218,QUAD,0.203092,0.022584,2.84533122e-04,0.016868,1.2655
3219,QUAD,0.594385,0.033852,4.61776545e-04,0.021489,1.1685
3220,QUAD,0.278905,0.028131,3.64170192e-04,0.019083,1.0951
3221,QUAD,0.890198,0.026485,3.32792742e-04,0.018243,1.2231
3222,QUAD,0.476572,0.028725,3.90837416e-04,0.019770,1.0504
3223,QUAD,0.008804,0.872706,3.51114880e-04,0.018738,1.1536
3224,QUAD,0.734152,0.009635,3.80505670e-04,0.019507,1.0395
3225,QUAD,0.951982,0.029392,3.84493088e-04,0.019608,1.0512
3226,QUAD,0.555082,0.029086,3.72164881e-04,0.019292,1.0847
3227,QUAD,0.539622,0.972332,3.60444016e-04,0.018985,1.0628
3228,QUAD,0.931523,0.030877,4.46767819e-04,0.021137,1.1440
3229,QUAD,0.910466,0.029657,4.26407975e-04,0.020650,1.3004
3230,QUAD,0.259622,0.026227,3.37160008e-04,0.018362,1.1352
3231,QUAD,0.240604,0.024735,3.17136385e-04,0.017808,1.1824
3232,QUAD,0.535684,0.027671,3.50024288e-04,0.018709,1.1119
3233,QUAD,0.734513,0.028898,3.78161966e-04,0.019446,1.0366
3234,QUAD,0.516156,0.027403,3.52512947e-04,0.018775,1.1175
3235,QUAD,0.496409,0.028007,3.70309917e-04,0.019243,1.0995
3236,QUAD,0.754388,0.029722,4.00010863e-04,0.020000,1.0438
3237,QUAD,0.111784,0.970848,3.78314778e-04,0.019450,1.1002
3238,QUAD,0.366750,0.989183,4.37453411e-04,0.020915,1.1063
3239,QUAD,0.388073,0.967503,4.76539758e-04,0.021830,1.2225
3240,QUAD,0.191547,0.469722,3.97617409e-04,0.019940,1.0208
3241,QUAD,0.151743,0.468901,4.14293704e-04,0.020354,1.0319
3242,QUAD,0.129070,0.529367,3.85358481e-04,0.019631,1.0382
3243,QUAD,0.028120,0.332335,3.70237610e-04,0.019242,1.0733
3244,QUAD,0.211360,0.469771,3.98949243e-04,0.019974,1.0260
3245,QUAD,0.188965,0.530632,4.11789070e-04,0.020293,1.0751
3246,QUAD,0.246870,0.968678,4.25779016e-04,0.020634,1.1140
3247,QUAD,0.836569,0.478468,9.65554036e-05,0.009826,1.2162
3248,QUAD,0.131319,0.468228,4.36362721e-04,0.020889,1.0589
3249,QUAD,0.109306,0.529580,3.90807532e-04,0.019769,1.0085
3250,QUAD,0.597978,0.969666,3.99501656e-04,0.019988,1.0632
3251,QUAD,0.774041,0.973757,3.35994434e-04,0.018330,1.0967
3252,QUAD,0.420995,0.450055,2.31638795e-04,0.015220,1.2866
3253,QUAD,0.030062,0.133212,4.07306921e-04,0.020182,1.0858
3254,QUAD,0.289606,0.490284,3.89127282e-04,0.019726,1.0374
3255,QUAD,0.288721,0.528157,3.72464809e-04,0.019299,1.0536
3256,QUAD,0.853417,0.989931,4.04887872e-04,0.020122,1.0386
3257,QUAD,0.070030,0.989221,4.35941471e-04,0.020879,1.0956
3258,QUAD,0.091318,0.967901,4.68114494e-04,0.021636,1.2267
3259,QUAD,0.286804,0.969429,4.09325405e-04,0.020232,1.0459
3260,QUAD,0.578467,0.970596,3.87605728e-04,0.019688,1.0407
3261,QUAD,0.110627,0.468031,4.40262174e-04,0.020982,1.0568
3262,QUAD,0.089522,0.529593,3.91709359e-04,0.019792,1.0080
3263,QUAD,0.228969,0.530262,4.09435008e-04,0.020235,1.0408
3264,QUAD,0.251030,0.469590,4.07956611e-04,0.020198,1.0562
3265,QUAD,0.306635,0.970071,3.89609580e-04,0.019739,1.0285
3266,QUAD,0.266791,0.968622,4.29052961e-04,0.020714,1.1061
3267,QUAD,0.326192,0.970127,3.81681429e-04,0.019537,1.0435
3268,QUAD,0.345902,0.969312,4.00782737e-04,0.020020,1.0417
3269,QUAD,0.852696,0.969822,4.13008707e-04,0.020323,1.0571
3270,QUAD,0.049145,0.969149,4.08585404e-04,0.020213,1.0454
3271,QUAD,0.812548,0.972662,3.55335923e-04,0.018850,1.1169
3272,QUAD,0.832402,0.971254,3.83913532e-04,0.019594,1.1027
3273,QUAD,0.558999,0.971517,3.74291478e-04,0.019347,1.0380
3274,QUAD,0.793137,0.973452,3.40621530e-04,0.018456,1.1059
3275,QUAD,0.268938,0.528703,3.80866934e-04,0.019516,1.0505
3276,QUAD,0.070039,0.489635,4.16127140e-04,0.020399,1.0439
3277,QUAD,0.090066,0.468492,4.25841001e-04,0.020636,1.0400
3278,QUAD,0.069718,0.529704,3.92460711e-04,0.019811,1.0110
3279,QUAD,0.049761,0.469405,4.05263151e-04,0.020131,1.0230
3280,QUAD,0.029984,0.489863,4.05517467e-04,0.020137,1.0176
3281,QUAD,0.030183,0.550261,4.03592228e-04,0.020090,1.0158
3282,QUAD,0.270596,0.470164,3.92207591e-04,0.019804,1.0804
3283,QUAD,0.249018,0.529423,3.92856364e-04,0.019821,1.0330
3284,QUAD,0.049922,0.529898,3.96130477e-04,0.019903,1.0185
3285,QUAD,0.030046,0.530089,4.01251802e-04,0.020031,1.0105
3286,QUAD,0.632360,0.602925,2.07517396e-04,0.014405,1.1118
3287,QUAD,0.615636,0.616958,2.74690718e-04,0.016574,1.2611
3288,QUAD,0.027440,0.195177,3.48204635e-04,0.018660,1.1081
3289,QUAD,0.028603,0.312595,3.86165325e-04,0.019651,1.0313
3290,QUAD,0.029333,0.112494,3.91391485e-04,0.019784,1.1083
3291,QUAD,0.029819,0.469635,4.02016106e-04,0.020050,1.0184
3292,QUAD,0.009821,0.449582,3.94694613e-04,0.019867,1.0327
3293,QUAD,0.027276,0.853066,3.60288865e-04,0.018981,1.1252
3294,QUAD,0.050059,0.772720,4.16444599e-04,0.020407,1.0468
3295,QUAD,0.028715,0.692500,3.76980042e-04,0.019416,1.0423
3296,QUAD,0.010149,0.631407,4.10333406e-04,0.020257,1.0328
3297,QUAD,0.029269,0.652819,3.93176246e-04,0.019829,1.0794
3298,QUAD,0.031114,0.611897,4.31768788e-04,0.020779,1.0361
3299,QUAD,0.030877,0.591180,4.23423173e-04,0.020577,1.0381
3300,QUAD,0.029269,0.732247,3.92542859e-04,0.019813,1.0305
3301,QUAD,0.029908,0.772625,4.07212186e-04,0.020179,1.0248
3302,QUAD,0.029473,0.813053,4.01642363e-04,0.020041,1.0365
3303,QUAD,0.029601,0.752379,3.99412804e-04,0.019985,1.0297
3304,QUAD,0.029962,0.792873,4.08692421e-04,0.020216,1.0106
3305,QUAD,0.009274,0.272119,3.71288827e-04,0.019269,1.0968
3306,QUAD,0.028455,0.292695,3.83423627e-04,0.019581,1.0390
3307,QUAD,0.027037,0.233730,3.51836364e-04,0.018757,1.0904
3308,QUAD,0.029824,0.071414,4.02913567e-04,0.020073,1.0654
3309,QUAD,0.028034,0.272874,3.74032014e-04,0.019340,1.0577
3310,QUAD,0.778681,0.608264,2.61147387e-04,0.016160,1.2082
3311,QUAD,0.399490,0.542684,3.37161739e-04,0.018362,1.2625
3312,QUAD,0.679359,0.617719,2.68648487e-04,0.016390,1.2645
3313,QUAD,0.911534,0.596285,1.84875278e-04,0.013597,1.2912
3314,QUAD,0.884368,0.619786,3.16722924e-04,0.017797,1.3712
3315,QUAD,0.651165,0.628760,2.17259441e-04,0.014740,1.4455
3316,QUAD,0.861210,0.429492,2.42957810e-04,0.015587,1.1312
3317,QUAD,0.798733,0.441294,2.53059223e-04,0.015908,1.5264
3318,QUAD,0.798566,0.426753,2.81572850e-04,0.016780,1.4227
3319,QUAD,0.715941,0.434157,1.65486639e-04,0.012864,1.1578
3320,QUAD,0.857777,0.619530,2.35000241e-04,0.015330,1.1968
3321,QUAD,0.427932,0.434141,2.58666413e-04,0.016083,1.3252
3322,QUAD,0.449224,0.426299,2.49713420e-04,0.015802,1.4889
3323,QUAD,0.766616,0.442078,1.89682466e-04,0.013773,1.2455
3324,QUAD,0.454555,0.599969,2.84935460e-04,0.016880,1.3522
3325,QUAD,0.673545,0.394162,4.18846199e-04,0.020466,1.1644
3326,QUAD,0.698656,0.411938,2.74833572e-04,0.016578,2.0164
3327,QUAD,0.664091,0.613873,2.21179590e-04,0.014872,1.4722
3328,QUAD,0.954439,0.609924,3.33651433e-04,0.018266,1.5237
3329,QUAD,0.726780,0.425317,2.36996568e-04,0.015395,1.3272
3330,QUAD,0.565883,0.396410,3.62819781e-04,0.019048,1.5798
3331,QUAD,0.608710,0.378846,3.84314490e-04,0.019604,1.3226
3332,QUAD,0.407281,0.444616,2.88923810e-04,0.016998,1.2699
3333,QUAD,0.750333,0.627217,2.99623368e-04,0.017310,1.0663
3334,QUAD,0.511037,0.597960,3.00056200e-04,0.017322,1.4810
3335,QUAD,0.500879,0.624734,1.85970625e-04,0.013637,1.3564
3336,QUAD,0.765553,0.618109,3.02288248e-04,0.017386,1.0934
3337,QUAD,0.734596,0.437619,1.81471111e-04,0.013471,1.1758
3338,QUAD,0.747935,0.432541,2.23326199e-04,0.014944,1.1490
3339,QUAD,0.759862,0.415191,2.63991111e-04,0.016248,1.3117
3340,QUAD,0.566202,0.379170,4.03473892e-04,0.020087,1.4319
3341,QUAD,0.526882,0.607723,2.55940454e-04,0.015998,1.2275
3342,QUAD,0.925317,0.593524,1.70492755e-04,0.013057,1.2472
3343,QUAD,0.502442,0.380071,3.62743008e-04,0.019046,1.1268
3344,QUAD,0.412435,0.567865,3.27279920e-04,0.018091,1.3085
3345,QUAD,0.381956,0.562304,3.00782220e-04,0.017343,1.4904
3346,QUAD,0.465704,0.955182,3.23796392e-04,0.017994,1.0264
3347,QUAD,0.957389,0.066680,3.03037594e-04,0.017408,1.1425
3348,QUAD,0.959962,0.084063,2.60230484e-04,0.016132,1.2062
3349,QUAD,0.960965,0.100728,2.38687541e-04,0.015450,1.1872
3350,QUAD,0.959636,0.117160,2.55176956e-04,0.015974,1.2097
3351,QUAD,0.151590,0.037351,2.41734653e-04,0.015548,1.2167
3352,QUAD,0.119221,0.045780,3.31171418e-04,0.018198,1.6393
3353,QUAD,0.090927,0.048054,3.01070326e-04,0.017351,1.5285
3354,QUAD,0.671236,0.939536,2.57175682e-04,0.016037,1.8046
3355,QUAD,0.702172,0.953298,3.17188043e-04,0.017810,1.1475
3356,QUAD,0.502151,0.955328,3.30930340e-04,0.018191,1.0524
3357,QUAD,0.958025,0.316366,2.85101699e-04,0.016885,1.0946
3358,QUAD,0.957728,0.350774,2.83454192e-04,0.016836,1.1144
3359,QUAD,0.952743,0.950593,3.71930906e-04,0.019286,1.0392
3360,QUAD,0.953460,0.808351,2.83407010e-04,0.016835,1.6703
3361,QUAD,0.956642,0.792356,2.62677074e-04,0.016207,1.2471
3362,QUAD,0.953314,0.854760,3.35941565e-04,0.018329,1.1016
3363,QUAD,0.349749,0.472125,3.71084723e-04,0.019264,1.0756
3364,QUAD,0.364291,0.545163,3.47280265e-04,0.018635,1.0889
3365,QUAD,0.047085,0.949323,3.73273937e-04,0.019320,1.1215
3366,QUAD,0.403674,0.042842,2.64381199e-04,0.016260,1.5787
3367,QUAD,0.188309,0.953203,3.47381055e-04,0.018638,1.0364
3368,QUAD,0.078347,0.065034,2.73969573e-04,0.016552,1.5783
3369,QUAD,0.355264,0.072029,2.80812562e-04,0.016757,1.2516
3370,QUAD,0.134875,0.938161,2.62409081e-04,0.016199,1.1616
3371,QUAD,0.719999,0.955068,3.14030261e-04,0.017721,1.0685
3372,QUAD,0.937417,0.286019,2.24722751e-04,0.014991,1.4615
3373,QUAD,0.060545,0.370691,2.65095711e-04,0.016282,1.2270
3374,QUAD,0.893363,0.968679,4.20165539e-04,0.020498,1.0751
3375,QUAD,0.664842,0.063149,1.86148160e-04,0.013644,1.4032
3376,QUAD,0.025852,0.892270,3.29700425e-04,0.018158,1.1657
3377,QUAD,0.870499,0.041328,2.68827321e-04,0.016396,1.1869
3378,QUAD,0.944279,0.404742,4.98904058e-04,0.022336,1.3502
3379,QUAD,0.950053,0.385705,4.02060597e-04,0.020051,1.3002
3380,QUAD,0.936683,0.251390,3.47478959e-04,0.018641,1.4222
3381,QUAD,0.629519,0.068513,4.22443421e-04,0.020553,1.4209
3382,QUAD,0.496681,0.046377,3.56021282e-04,0.018869,1.1604
3383,QUAD,0.775028,0.051853,4.84494212e-04,0.022011,1.2286
3384,QUAD,0.534436,0.045139,3.09784922e-04,0.017601,1.1433
3385,QUAD,0.326361,0.565912,3.71468418e-04,0.019274,1.0683
3386,QUAD,0.193049,0.449769,3.87763474e-04,0.019692,1.0320
3387,QUAD,0.167744,0.548600,3.60725665e-04,0.018993,1.1365
3388,QUAD,0.168981,0.529679,3.91848125e-04,0.019795,1.0540
3389,QUAD,0.520690,0.954647,3.41150000e-04,0.018470,1.0454
3390,QUAD,0.226107,0.949222,4.06010561e-04,0.020150,1.0897
3391,QUAD,0.048417,0.313267,4.17828491e-04,0.020441,1.1071
3392,QUAD,0.792469,0.955799,3.21622223e-04,0.017934,1.0806
3393,QUAD,0.069557,0.549512,3.85704267e-04,0.019639,1.0335
3394,QUAD,0.048549,0.429109,3.92324340e-04,0.019807,1.0434
3395,QUAD,0.043537,0.873365,3.24892192e-04,0.018025,1.1678
3396,QUAD,0.044671,0.216433,3.22298253e-04,0.017953,1.0695
3397,QUAD,0.422643,0.554332,2.68488736e-04,0.016386,1.3715
3398,QUAD,0.919902,0.434917,3.93172538e-04,0.019829,1.2739
3399,QUAD,0.608234,0.396044,3.42823713e-04,0.018515,1.4555
3400,QUAD,0.614454,0.634000,3.95493875e-04,0.019887,1.4172
3401,QUAD,0.802162,0.607016,2.38342993e-04,0.015438,1.2990
3402,QUAD,0.558313,0.952077,3.75631761e-04,0.019381,1.0568
3403,QUAD,0.919040,0.058779,3.21357533e-04,0.017926,1.4313
3404,QUAD,0.954138,0.911620,3.54193137e-04,0.018820,1.0789
3405,QUAD,0.954529,0.892375,3.41698200e-04,0.018485,1.0851
3406,QUAD,0.082520,0.937370,3.37781139e-04,0.018379,1.5033
3407,QUAD,0.114964,0.952700,3.27794161e-04,0.018105,1.1657
3408,QUAD,0.938741,0.162603,2.97736185e-04,0.017255,1.7459
3409,QUAD,0.955910,0.133561,2.91329797e-04,0.017068,1.1800
3410,QUAD,0.587639,0.379136,3.53052847e-04,0.018790,1.2630
3411,QUAD,0.356082,0.929618,2.28838938e-04,0.015127,1.4135
3412,QUAD,0.943656,0.638706,4.77040517e-04,0.021841,1.3626
3413,QUAD,0.429774,0.953264,3.30830288e-04,0.018189,1.0813
3414,QUAD,0.634607,0.925170,4.28717984e-04,0.020706,1.3186
3415,QUAD,0.456531,0.622785,2.07622564e-04,0.014409,1.1860
3416,QUAD,0.916418,0.625489,3.65610775e-04,0.019121,1.3658
3417,QUAD,0.047825,0.292972,3.87203845e-04,0.019677,1.0245
3418,QUAD,0.154714,0.051103,1.97502273e-04,0.014054,1.1557
3419,QUAD,0.130637,0.060060,2.07677973e-04,0.014411,1.6728
3420,QUAD,0.893791,0.947378,4.55667056e-04,0.021346,1.1352
3421,QUAD,0.872567,0.947802,4.57455413e-04,0.021388,1.1798
3422,QUAD,0.703883,0.397858,2.52069691e-04,0.015877,1.8479
3423,QUAD,0.741832,0.418451,2.95063966e-04,0.017177,1.3781
3424,QUAD,0.187656,0.934681,3.22904505e-04,0.017970,1.1298
3425,QUAD,0.205205,0.932045,3.51199489e-04,0.018740,1.1698
3426,QUAD,0.463235,0.080389,4.14288831e-04,0.020354,1.4017
3427,QUAD,0.430578,0.061076,3.19936827e-04,0.017887,1.1607
3428,QUAD,0.825690,0.936515,2.34955657e-04,0.015328,1.6583
3429,QUAD,0.063186,0.856401,3.39635343e-04,0.018429,1.1163
3430,QUAD,0.277758,0.430964,3.08055421e-04,0.017552,1.5910
3431,QUAD,0.288599,0.566334,3.67480234e-04,0.019170,1.0296
3432,QUAD,0.269515,0.567058,3.67809055e-04,0.019178,1.0300
3433,QUAD,0.934346,0.421577,4.52283323e-04,0.021267,1.4050
3434,QUAD,0.950335,0.436240,4.17768368e-04,0.020439,1.3795
3435,QUAD,0.940625,0.127197,2.32510672e-04,0.015248,1.2828
3436,QUAD,0.538495,0.934450,3.51306502e-04,0.018743,1.0935
3437,QUAD,0.539390,0.953523,3.56991609e-04,0.018894,1.0386
3438,QUAD,0.814859,0.423348,2.35493656e-04,0.015346,1.3678
3439,QUAD,0.958549,0.333577,2.78896501e-04,0.016700,1.1020
3440,QUAD,0.939326,0.363437,2.37653919e-04,0.015416,1.2175
3441,QUAD,0.950692,0.836002,3.64419345e-04,0.019090,1.2989
3442,QUAD,0.187780,0.551725,4.51070220e-04,0.021238,1.2592
3443,QUAD,0.164963,0.565883,2.88003911e-04,0.016971,1.2347
3444,QUAD,0.194696,0.430149,3.65076249e-04,0.019107,1.0702
3445,QUAD,0.855108,0.058526,2.67486603e-04,0.016355,1.0939
3446,QUAD,0.590609,0.645005,3.20048574e-04,0.017890,1.2169
3447,QUAD,0.555610,0.617548,2.09462299e-04,0.014473,1.5949
3448,QUAD,0.842348,0.627631,2.92209284e-04,0.017094,1.3804
3449,QUAD,0.329100,0.431440,3.89442766e-04,0.019734,1.2769
3450,QUAD,0.307541,0.566026,3.67438185e-04,0.019169,1.0532
3451,QUAD,0.064603,0.337717,3.11120379e-04,0.017639,1.2952
3452,QUAD,0.044509,0.371203,3.17428669e-04,0.017817,1.1644
3453,QUAD,0.933246,0.840107,2.68094333e-04,0.016374,1.1492
3454,QUAD,0.403958,0.583828,2.86518069e-04,0.016927,1.1110
3455,QUAD,0.060339,0.874795,3.04283575e-04,0.017444,1.1636
3456,QUAD,0.042703,0.910942,3.05818522e-04,0.017488,1.1952
3457,QUAD,0.467417,0.937364,3.12533957e-04,0.017679,1.0453
3458,QUAD,0.648446,0.615528,2.12535983e-04,0.014579,1.2456
3459,QUAD,0.413775,0.054479,2.64560966e-04,0.016265,1.4663
3460,QUAD,0.371230,0.067299,2.95208450e-04,0.017182,1.2331
3461,QUAD,0.151841,0.936949,3.13075820e-04,0.017694,1.2720
3462,QUAD,0.107458,0.055642,2.88058156e-04,0.016972,1.7472
3463,QUAD,0.099099,0.066173,1.86244008e-04,0.013647,1.3892
3464,QUAD,0.837708,0.427257,2.27589933e-04,0.015086,1.0394
3465,QUAD,0.437575,0.418268,2.86434313e-04,0.016924,1.3177
3466,QUAD,0.484336,0.621861,1.66791047e-04,0.012915,1.4701
3467,QUAD,0.739394,0.937899,3.11299821e-04,0.017644,1.0780
3468,QUAD,0.737954,0.955732,3.20124775e-04,0.017892,1.0434
3469,QUAD,0.045262,0.234917,3.41626621e-04,0.018483,1.0544
3470,QUAD,0.048822,0.732266,3.89902791e-04,0.019746,1.0264
3471,QUAD,0.242031,0.924465,4.37451735e-04,0.020915,1.3565
3472,QUAD,0.397662,0.560860,2.80382691e-04,0.016745,1.6058
3473,QUAD,0.774519,0.937717,3.25983990e-04,0.018055,1.0746
3474,QUAD,0.774229,0.955955,3.25907749e-04,0.018053,1.0464
3475,QUAD,0.391564,0.439393,3.62028827e-04,0.019027,1.3740
3476,QUAD,0.345220,0.565832,3.83532705e-04,0.019584,1.0993
3477,QUAD,0.752079,0.068139,3.40581744e-04,0.018455,1.1726
3478,QUAD,0.541672,0.616604,2.25391110e-04,0.015013,1.4138
3479,QUAD,0.061424,0.185234,2.15158883e-04,0.014668,1.3019
3480,QUAD,0.044778,0.198494,2.99097152e-04,0.017294,1.1397
3481,QUAD,0.575788,0.929944,3.99978658e-04,0.019999,1.1126
3482,QUAD,0.387857,0.458514,2.96734261e-04,0.017226,1.1510
3483,QUAD,0.459592,0.384904,3.45621906e-04,0.018591,1.3323
3484,QUAD,0.922501,0.641529,3.23764249e-04,0.017993,1.3212
3485,QUAD,0.869462,0.629873,2.81462436e-04,0.016777,1.1525
3486,QUAD,0.065621,0.673578,3.00778146e-04,0.017343,1.5620
3487,QUAD,0.516321,0.061081,2.65935978e-04,0.016308,1.1947
3488,QUAD,0.576284,0.626040,2.28194584e-04,0.015106,1.5410
3489,QUAD,0.271950,0.926442,3.63862806e-04,0.019075,1.5180
3490,QUAD,0.290012,0.929980,3.38565858e-04,0.018400,1.1653
3491,QUAD,0.147895,0.564442,2.70577818e-04,0.016449,1.2022
3492,QUAD,0.130731,0.566133,2.75470071e-04,0.016597,1.3806
3493,QUAD,0.136624,0.429155,2.92158032e-04,0.017093,1.6025
3494,QUAD,0.954376,0.873456,3.33294728e-04,0.018256,1.0791
3495,QUAD,0.733581,0.066999,3.47728713e-04,0.018647,1.0686
3496,QUAD,0.594970,0.927870,4.15913658e-04,0.020394,1.1091
3497,QUAD,0.614827,0.925346,4.74803584e-04,0.021790,1.2760
3498,QUAD,0.907216,0.068125,1.66150059e-04,0.012890,1.3905
3499,QUAD,0.898456,0.059886,1.55689298e-04,0.012478,1.5220
3500,QUAD,0.067798,0.135544,3.09521124e-04,0.017593,1.4293
3501,QUAD,0.073394,0.168610,2.66889243e-04,0.016337,1.0792
3502,QUAD,0.956449,0.299359,2.89739843e-04,0.017022,1.1031
3503,QUAD,0.201544,0.053543,2.65118948e-04,0.016282,1.1333
3504,QUAD,0.169570,0.050535,2.08027325e-04,0.014423,1.1799
3505,QUAD,0.069958,0.640327,3.71466170e-04,0.019273,1.4092
3506,QUAD,0.933620,0.140095,2.62043323e-04,0.016188,1.2254
3507,QUAD,0.093358,0.923943,2.07941534e-04,0.014420,1.4356
3508,QUAD,0.104908,0.931241,2.46112018e-04,0.015688,1.3403
3509,QUAD,0.307935,0.931006,3.44132262e-04,0.018551,1.1400
3510,QUAD,0.325819,0.930535,3.67917669e-04,0.019181,1.2340
3511,QUAD,0.087792,0.427479,4.04674142e-04,0.020117,1.0849
3512,QUAD,0.107826,0.425853,4.21333846e-04,0.020526,1.3040
3513,QUAD,0.063486,0.388153,3.21789811e-04,0.017939,1.2824
3514,QUAD,0.924089,0.780026,2.20207546e-04,0.014839,1.4205
3515,QUAD,0.564003,0.069334,2.53660657e-04,0.015927,1.7124
3516,QUAD,0.679680,0.063422,2.63723555e-04,0.016240,1.1751
3517,QUAD,0.070509,0.589490,3.92494856e-04,0.019811,1.1088
3518,QUAD,0.072772,0.609860,4.14193136e-04,0.020352,1.3359
3519,QUAD,0.330273,0.066393,4.17696410e-04,0.020438,1.3930
3520,QUAD,0.916147,0.929345,3.67705760e-04,0.019176,1.1183
3521,QUAD,0.934808,0.930513,3.64250056e-04,0.019085,1.0668
3522,QUAD,0.077601,0.098273,1.93997002e-04,0.013928,1.2475
3523,QUAD,0.945323,0.085573,2.22640858e-04,0.014921,1.2454
3524,QUAD,0.941182,0.069424,2.85011824e-04,0.016882,1.1835
3525,QUAD,0.235902,0.058184,3.01814835e-04,0.017373,1.0710
3526,QUAD,0.929011,0.198549,3.01332774e-04,0.017359,1.2098
3527,QUAD,0.058274,0.909883,2.59745063e-04,0.016117,1.2574
3528,QUAD,0.060570,0.927545,2.89385236e-04,0.017011,1.3207
3529,QUAD,0.378478,0.936497,3.61186781e-04,0.019005,1.3651
3530,QUAD,0.452839,0.918295,2.98514723e-04,0.017278,1.1750
3531,QUAD,0.068108,0.428313,4.00813578e-04,0.020020,1.0674
3532,QUAD,0.069661,0.569359,3.82722063e-04,0.019563,1.0612
3533,QUAD,0.652467,0.926490,3.03119106e-04,0.017410,1.2290
3534,QUAD,0.071718,0.049642,3.83808274e-04,0.019591,1.3906
3535,QUAD,0.605448,0.081350,3.57387832e-04,0.018905,1.3189
3536,QUAD,0.933118,0.742092,3.78427863e-04,0.019453,1.1475
3537,QUAD,0.646575,0.382111,3.60167599e-04,0.018978,1.3571
3538,QUAD,0.679793,0.927277,1.85992189e-04,0.013638,1.3607
3539,QUAD,0.706269,0.936549,2.61083113e-04,0.016158,1.1591
3540,QUAD,0.933752,0.273413,1.99500428e-04,0.014124,1.3999
3541,QUAD,0.632579,0.617531,2.48262458e-04,0.015756,1.1856
3542,QUAD,0.401488,0.931621,2.18784759e-04,0.014791,1.3924
3543,QUAD,0.415447,0.934179,2.58273488e-04,0.016071,1.4802
3544,QUAD,0.270994,0.063988,3.22671382e-04,0.017963,1.0673
3545,QUAD,0.304412,0.073867,3.24209566e-04,0.018006,1.2293
3546,QUAD,0.445162,0.611923,2.44267894e-04,0.015629,1.1457
3547,QUAD,0.432118,0.601803,2.58815108e-04,0.016088,1.1280
3548,QUAD,0.928803,0.704917,3.73660366e-04,0.019330,1.2301
3549,QUAD,0.926520,0.686550,3.55490168e-04,0.018854,1.4986
3550,QUAD,0.926801,0.229685,2.62127536e-04,0.016190,1.3575
3551,QUAD,0.929111,0.214599,2.88577114e-04,0.016988,1.2688
3552,QUAD,0.653000,0.068299,1.93875134e-04,0.013924,1.4754
3553,QUAD,0.850342,0.418789,2.22396554e-04,0.014913,1.0852
3554,QUAD,0.399145,0.419641,3.93282069e-04,0.019831,1.3873
3555,QUAD,0.528181,0.370247,3.28904595e-04,0.018136,1.1044
3556,QUAD,0.042529,0.892194,3.05850671e-04,0.017489,1.1875
3557,QUAD,0.310761,0.452181,3.66078227e-04,0.019133,1.1074
3558,QUAD,0.540205,0.337771,2.54989186e-04,0.015968,1.1460
3559,QUAD,0.169809,0.954200,3.37862872e-04,0.018381,1.0302
3560,QUAD,0.133198,0.954696,3.18999313e-04,0.017861,1.0999
3561,QUAD,0.914155,0.949068,3.95113725e-04,0.019877,1.0323
3562,QUAD,0.168265,0.036441,2.42037993e-04,0.015558,1.2128
3563,QUAD,0.886201,0.409388,3.06400976e-04,0.017504,1.5720
3564,QUAD,0.902651,0.421986,4.18191745e-04,0.020450,1.2459
3565,QUAD,0.721541,0.646434,2.69278759e-04,0.016410,1.1205
3566,QUAD,0.756454,0.400577,2.87233403e-04,0.016948,1.2643
3567,QUAD,0.777920,0.413274,2.62422952e-04,0.016199,1.2933
3568,QUAD,0.796310,0.411802,2.79334607e-04,0.016713,1.3684
3569,QUAD,0.670996,0.630860,2.28953163e-04,0.015131,1.3095
3570,QUAD,0.058574,0.892519,2.73584230e-04,0.016540,1.1787
3571,QUAD,0.309919,0.434081,3.23902142e-04,0.017997,1.1225
3572,QUAD,0.942667,0.332805,2.44276461e-04,0.015629,1.1158
3573,QUAD,0.140926,0.053444,1.71803729e-04,0.013107,1.3610
3574,QUAD,0.121428,0.069975,2.97718078e-04,0.017255,1.5929
3575,QUAD,0.449869,0.936195,3.24110946e-04,0.018003,1.0737
3576,QUAD,0.485934,0.919979,2.93802749e-04,0.017141,1.1381
3577,QUAD,0.658737,0.641696,2.94962915e-04,0.017174,1.2420
3578,QUAD,0.642514,0.650984,4.04935963e-04,0.020123,1.2666
3579,QUAD,0.890134,0.651357,2.17402246e-04,0.014745,1.3360
3580,QUAD,0.716778,0.388919,2.61519198e-04,0.016172,1.5406
3581,QUAD,0.908805,0.656614,1.39680327e-04,0.011819,1.7107
3582,QUAD,0.874523,0.420222,2.77637092e-04,0.016662,1.2443
3583,QUAD,0.918335,0.910006,3.35345046e-04,0.018312,1.1334
3584,QUAD,0.074292,0.923139,1.95870622e-04,0.013995,1.5640
3585,QUAD,0.786550,0.646990,3.57589131e-04,0.018910,1.3271
3586,QUAD,0.745253,0.648876,2.58416483e-04,0.016075,1.1122
3587,QUAD,0.488215,0.085362,2.80319489e-04,0.016743,1.1862
3588,QUAD,0.498888,0.063609,3.06233998e-04,0.017500,1.2269
3589,QUAD,0.583880,0.660594,3.22641705e-04,0.017962,1.1486
3590,QUAD,0.901815,0.908022,2.93266093e-04,0.017125,1.2097
3591,QUAD,0.093338,0.903510,2.39295454e-04,0.015469,1.1284
3592,QUAD,0.388889,0.065476,3.31620757e-04,0.018210,1.2969
3593,QUAD,0.919552,0.873796,2.89362354e-04,0.017011,1.0384
3594,QUAD,0.936752,0.873906,3.13055935e-04,0.017693,1.0529
3595,QUAD,0.466228,0.612917,2.34477013e-04,0.015313,1.5847
3596,QUAD,0.448808,0.402228,3.18088756e-04,0.017835,1.3488
3597,QUAD,0.148412,0.921834,1.96578359e-04,0.014021,1.6421
3598,QUAD,0.119069,0.935913,2.58721822e-04,0.016085,1.2222
3599,QUAD,0.933070,0.807412,1.99435968e-04,0.014122,1.1766
3600,QUAD,0.920407,0.766313,2.35619119e-04,0.015350,1.5532
3601,QUAD,0.341783,0.080817,2.73084680e-04,0.016525,1.2317
3602,QUAD,0.926299,0.074832,2.56360052e-04,0.016011,1.1277
3603,QUAD,0.947137,0.099987,1.76787313e-04,0.013296,1.3083
3604,QUAD,0.872583,0.071630,1.87030902e-04,0.013676,1.6104
3605,QUAD,0.885194,0.056864,2.01106815e-04,0.014181,1.2313
3606,QUAD,0.082464,0.085933,2.05361427e-04,0.014330,1.3229
3607,QUAD,0.288473,0.585706,3.61567552e-04,0.019015,1.0728
3608,QUAD,0.292773,0.435082,2.51800870e-04,0.015868,1.3441
3609,QUAD,0.324325,0.414593,2.69497858e-04,0.016416,1.1414
3610,QUAD,0.696449,0.065640,3.46055804e-04,0.018603,1.1866
3611,QUAD,0.644015,0.080195,2.78152347e-04,0.016678,1.1750
3612,QUAD,0.924105,0.263078,2.30233834e-04,0.015173,1.1910
3613,QUAD,0.362579,0.587205,4.19723507e-04,0.020487,1.3383
3614,QUAD,0.374621,0.437786,3.04715816e-04,0.017456,1.4591
3615,QUAD,0.943096,0.819844,2.89319332e-04,0.017009,1.4897
3616,QUAD,0.936012,0.911129,3.48637578e-04,0.018672,1.0917
3617,QUAD,0.667575,0.925071,2.06182572e-04,0.014359,1.3353
3618,QUAD,0.691825,0.933188,2.30082557e-04,0.015168,1.2594
3619,QUAD,0.047895,0.112938,3.71613533e-04,0.019277,1.2447
3620,QUAD,0.714824,0.066924,3.82081530e-04,0.019547,1.1334
3621,QUAD,0.080966,0.217979,3.16615029e-04,0.017794,1.0896
3622,QUAD,0.925280,0.152631,2.50178979e-04,0.015817,1.3886
3623,QUAD,0.107001,0.568365,3.17241623e-04,0.017811,1.2876
3624,QUAD,0.068145,0.712278,3.93734077e-04,0.019843,1.0443
3625,QUAD,0.124248,0.420121,2.57741629e-04,0.016054,1.7060
3626,QUAD,0.318688,0.082254,2.98747978e-04,0.017284,1.2515
3627,QUAD,0.185151,0.051562,2.36174436e-04,0.015368,1.1838
3628,QUAD,0.064813,0.657437,2.65898018e-04,0.016306,1.3585
3629,QUAD,0.911781,0.081883,2.57369732e-04,0.016043,1.2670
3630,QUAD,0.368313,0.921568,2.50320904e-04,0.015822,1.2898
3631,QUAD,0.924241,0.658607,3.24124487e-04,0.018003,1.6183
3632,QUAD,0.079859,0.626467,2.78654762e-04,0.016693,1.7153
3633,QUAD,0.067790,0.077885,3.22036185e-04,0.017945,1.4787
3634,QUAD,0.571842,0.081890,2.62991389e-04,0.016217,1.5497
3635,QUAD,0.253454,0.060823,3.12564157e-04,0.017679,1.0481
3636,QUAD,0.621630,0.087139,3.25022372e-04,0.018028,1.2341
3637,QUAD,0.930678,0.723437,3.87686126e-04,0.019690,1.1963
3638,QUAD,0.288208,0.068112,3.29210650e-04,0.018144,1.1547
3639,QUAD,0.519016,0.347915,2.87922488e-04,0.016968,1.1309
3640,QUAD,0.589170,0.343639,2.83782108e-04,0.016846,1.4914
3641,QUAD,0.934361,0.377647,2.19752043e-04,0.014824,1.7366
3642,QUAD,0.555774,0.341473,2.73270650e-04,0.016531,1.1106
3643,QUAD,0.760581,0.640689,3.04672456e-04,0.017455,1.1243
3644,QUAD,0.723834,0.667291,2.07944417e-04,0.014420,1.5321
3645,QUAD,0.697058,0.649625,3.07668680e-04,0.017540,1.2032
3646,QUAD,0.708919,0.635022,3.38650226e-04,0.018402,1.2456
3647,QUAD,0.706911,0.375830,2.94336173e-04,0.017156,1.4069
3648,QUAD,0.627484,0.662952,4.04559700e-04,0.020114,1.3223
3649,QUAD,0.436276,0.915301,3.26783216e-04,0.018077,1.3218
3650,QUAD,0.723763,0.920729,2.64954936e-04,0.016277,1.1506
3651,QUAD,0.056824,0.171036,2.58826698e-04,0.016088,1.5921
3652,QUAD,0.793068,0.663572,3.21409367e-04,0.017928,1.0826
3653,QUAD,0.804296,0.643277,2.53928073e-04,0.015935,1.8215
3654,QUAD,0.410765,0.606880,2.60041678e-04,0.016126,1.0814
3655,QUAD,0.418232,0.592424,2.75212442e-04,0.016590,1.0780
3656,QUAD,0.634552,0.342257,2.95019070e-04,0.017176,1.4753
3657,QUAD,0.075172,0.110779,1.49744528e-04,0.012237,1.2302
3658,QUAD,0.409743,0.401519,3.47865038e-04,0.018651,1.1915
3659,QUAD,0.420516,0.385790,3.06667326e-04,0.017512,1.1355
3660,QUAD,0.543120,0.656063,3.29469936e-04,0.018151,1.1418
3661,QUAD,0.551902,0.641606,3.14722368e-04,0.017740,1.2820
3662,QUAD,0.468479,0.365211,3.99530143e-04,0.019988,1.4619
3663,QUAD,0.734619,0.385945,3.38224360e-04,0.018391,1.3574
3664,QUAD,0.927352,0.119390,1.86958432e-04,0.013673,1.6242
3665,QUAD,0.069421,0.152568,2.89467049e-04,0.017014,1.1400
3666,QUAD,0.143187,0.065287,1.61875386e-04,0.012723,1.4716
3667,QUAD,0.854532,0.639154,2.72750383e-04,0.016515,1.0683
3668,QUAD,0.865983,0.650494,2.74181025e-04,0.016558,1.2129
3669,QUAD,0.169742,0.935597,3.46378154e-04,0.018611,1.1364
3670,QUAD,0.536222,0.630870,3.18016238e-04,0.017833,1.2644
3671,QUAD,0.380370,0.591857,3.80854623e-04,0.019515,1.3832
3672,QUAD,0.851576,0.659469,2.43335353e-04,0.015599,1.3140
3673,QUAD,0.764233,0.088233,2.30705353e-04,0.015189,1.3873
3674,QUAD,0.917303,0.841491,2.32958894e-04,0.015263,1.0754
3675,QUAD,0.185996,0.916837,2.63922411e-04,0.016246,1.5269
3676,QUAD,0.922866,0.384241,2.09632369e-04,0.014479,1.4964
3677,QUAD,0.520463,0.936289,3.29676003e-04,0.018157,1.0688
3678,QUAD,0.955226,0.368037,3.07605725e-04,0.017539,1.1196
3679,QUAD,0.793276,0.396813,2.90345556e-04,0.017040,1.3337
3680,QUAD,0.437020,0.624209,2.21463193e-04,0.014882,1.1163
3681,QUAD,0.424408,0.615099,2.39104427e-04,0.015463,1.0899
3682,QUAD,0.084395,0.138174,2.08312560e-04,0.014433,1.2872
3683,QUAD,0.169795,0.063790,1.63330852e-04,0.012780,1.2301
3684,QUAD,0.810407,0.392101,2.68151288e-04,0.016375,1.2283
3685,QUAD,0.072560,0.909086,1.99471329e-04,0.014123,1.4489
3686,QUAD,0.696687,0.918903,1.61864489e-04,0.012723,1.4063
3687,QUAD,0.709081,0.920851,2.07469576e-04,0.014404,1.2655
3688,QUAD,0.110232,0.077047,1.84914079e-04,0.013598,1.6735
3689,QUAD,0.126299,0.096590,2.83578999e-04,0.016840,1.4577
3690,QUAD,0.926779,0.318352,1.98209824e-04,0.014079,1.2249
3691,QUAD,0.927521,0.332176,2.02730083e-04,0.014238,1.2031
3692,QUAD,0.897946,0.673345,1.14080053e-04,0.010681,1.3962
3693,QUAD,0.883871,0.668760,1.26361067e-04,0.011241,1.3247
3694,QUAD,0.090168,0.075269,1.96442897e-04,0.014016,1.2662
3695,QUAD,0.139621,0.912566,1.55554000e-04,0.012472,1.3583
3696,QUAD,0.474268,0.626234,1.48329976e-04,0.012179,1.6379
3697,QUAD,0.472579,0.343786,4.05394516e-04,0.020134,1.2876
3698,QUAD,0.496447,0.355998,2.73733376e-04,0.016545,1.5898
3699,QUAD,0.448513,0.634116,2.04985044e-04,0.014317,1.1000
3700,QUAD,0.309663,0.096909,2.34340538e-04,0.015308,1.2588
3701,QUAD,0.657902,0.089030,2.50597815e-04,0.015830,1.1045
3702,QUAD,0.911465,0.704766,2.15377363e-04,0.014676,1.6836
3703,QUAD,0.911295,0.692300,1.64529883e-04,0.012827,1.5054
3704,QUAD,0.281963,0.085346,2.86194120e-04,0.016917,1.1565
3705,QUAD,0.912931,0.728204,2.50610771e-04,0.015831,1.6223
3706,QUAD,0.912927,0.273077,2.00999443e-04,0.014177,1.0672
3707,QUAD,0.921220,0.243123,2.30742179e-04,0.015190,1.3127
3708,QUAD,0.615982,0.104198,2.55807698e-04,0.015994,1.2066
3709,QUAD,0.910516,0.226378,1.96540201e-04,0.014019,1.3952
3710,QUAD,0.911612,0.213292,2.31604625e-04,0.015219,1.3317
3711,QUAD,0.670950,0.655232,4.00841030e-04,0.020021,1.3500
3712,QUAD,0.908939,0.106460,2.50330620e-04,0.015822,1.2742
3713,QUAD,0.654283,0.909560,2.30344136e-04,0.015177,1.3432
3714,QUAD,0.575857,0.676041,3.33514758e-04,0.018262,1.1122
3715,QUAD,0.559321,0.666406,3.29441550e-04,0.018151,1.1592
3716,QUAD,0.897480,0.926889,3.84023875e-04,0.019597,1.3832
3717,QUAD,0.474121,0.094952,2.98585400e-04,0.017280,1.1688
3718,QUAD,0.926345,0.345880,2.15333126e-04,0.014674,1.2209
3719,QUAD,0.437194,0.085225,3.15963156e-04,0.017775,1.2583
3720,QUAD,0.071167,0.121808,1.77633869e-04,0.013328,1.7057
3721,QUAD,0.388503,0.082111,2.11764954e-04,0.014552,1.4170
3722,QUAD,0.374445,0.083997,2.42960610e-04,0.015587,1.2430
3723,QUAD,0.346782,0.423314,3.37945602e-04,0.018383,1.5223
3724,QUAD,0.864073,0.912232,2.14958625e-04,0.014661,1.2458
3725,QUAD,0.084097,0.311606,2.62820133e-04,0.016212,1.0802
3726,QUAD,0.828001,0.416153,2.10359770e-04,0.014504,1.1157
3727,QUAD,0.076595,0.877416,2.79388077e-04,0.016715,1.1803
3728,QUAD,0.926279,0.794502,2.54956623e-04,0.015967,1.3725
3729,QUAD,0.902763,0.872937,2.81300677e-04,0.016772,1.0299
3730,QUAD,0.858844,0.075056,2.74529271e-04,0.016569,1.2039
3731,QUAD,0.160973,0.581322,2.09834085e-04,0.014486,1.3208
3732,QUAD,0.919435,0.891387,3.07749394e-04,0.017543,1.0776
3733,QUAD,0.517488,0.075691,1.87466964e-04,0.013692,1.3419
3734,QUAD,0.179529,0.410751,2.74688547e-04,0.016574,1.5687
3735,QUAD,0.371206,0.422953,2.67667469e-04,0.016361,1.4757
3736,QUAD,0.085939,0.406819,3.97899109e-04,0.019947,1.1769
3737,QUAD,0.066668,0.407526,4.16143145e-04,0.020400,1.1578
3738,QUAD,0.325297,0.586028,3.75678487e-04,0.019382,1.1486
3739,QUAD,0.922954,0.166575,2.59946814e-04,0.016123,1.3295
3740,QUAD,0.753101,0.662304,2.61392168e-04,0.016168,1.1992
3741,QUAD,0.095409,0.092823,1.55650916e-04,0.012476,1.3294
3742,QUAD,0.090560,0.103109,1.52356089e-04,0.012343,1.2580
3743,QUAD,0.534654,0.353806,3.08524931e-04,0.017565,1.0730
3744,QUAD,0.137890,0.414670,2.11202920e-04,0.014533,1.2559
3745,QUAD,0.199188,0.069202,2.62591071e-04,0.016205,1.0656
3746,QUAD,0.911136,0.199145,2.52870638e-04,0.015902,1.2516
3747,QUAD,0.389604,0.922678,2.52122523e-04,0.015878,1.1593
3748,QUAD,0.936169,0.760253,3.43368964e-04,0.018530,1.2742
3749,QUAD,0.219143,0.908642,3.59632184e-04,0.018964,1.2083
3750,QUAD,0.094169,0.673448,3.87593261e-04,0.019687,1.2596
3751,QUAD,0.078794,0.664894,2.91037096e-04,0.017060,1.5423
3752,QUAD,0.089207,0.587480,3.51396253e-04,0.018746,1.0753
3753,QUAD,0.092707,0.635084,2.16122290e-04,0.014701,1.3892
3754,QUAD,0.249446,0.077878,2.98519546e-04,0.017278,1.0450
3755,QUAD,0.079439,0.201093,2.94707994e-04,0.017167,1.1085
3756,QUAD,0.931779,0.089709,2.18933550e-04,0.014796,1.1820
3757,QUAD,0.828888,0.657666,2.11002355e-04,0.014526,1.1856
3758,QUAD,0.829296,0.676178,1.97073845e-04,0.014038,1.8975
3759,QUAD,0.375090,0.611194,3.11468264e-04,0.017648,1.3137
3760,QUAD,0.469392,0.919699,2.92781436e-04,0.017111,1.1211
3761,QUAD,0.513299,0.634763,2.66160781e-04,0.016314,1.2184
3762,QUAD,0.378179,0.383839,3.36710058e-04,0.018350,1.5206
3763,QUAD,0.821184,0.065552,3.43116534e-04,0.018523,1.1429
3764,QUAD,0.103911,0.406580,3.15141189e-04,0.017752,1.2067
3765,QUAD,0.066820,0.273133,3.97128072e-04,0.019928,1.1109
3766,QUAD,0.047169,0.273264,3.76776290e-04,0.019411,1.0286
3767,QUAD,0.070156,0.772080,4.15805876e-04,0.020391,1.0751
3768,QUAD,0.921416,0.371857,1.75134929e-04,0.013234,1.4349
3769,QUAD,0.673556,0.340787,2.67170079e-04,0.016345,1.6925
3770,QUAD,0.661861,0.359355,2.53561778e-04,0.015924,1.6475
3771,QUAD,0.607292,0.360624,3.66356780e-04,0.019140,1.3329
3772,QUAD,0.710579,0.658815,2.68341316e-04,0.016381,1.1697
3773,QUAD,0.908260,0.398001,2.12099699e-04,0.014564,1.4772
3774,QUAD,0.438828,0.358887,1.63738010e-04,0.012796,1.5590
3775,QUAD,0.487010,0.901497,3.17355504e-04,0.017814,1.2909
3776,QUAD,0.655699,0.666984,3.75546265e-04,0.019379,1.2325
3777,QUAD,0.742736,0.681678,2.42085998e-04,0.015559,1.3197
3778,QUAD,0.831460,0.398010,1.75369286e-04,0.013243,1.2591
3779,QUAD,0.624140,0.701981,2.75448319e-04,0.016597,1.5673
3780,QUAD,0.440983,0.645663,1.97046291e-04,0.014037,1.1090
3781,QUAD,0.429816,0.636437,1.98685166e-04,0.014096,1.1044
3782,QUAD,0.604194,0.343408,2.47929408e-04,0.015746,1.2203
3783,QUAD,0.771996,0.384125,2.63205790e-04,0.016224,1.1939
3784,QUAD,0.774934,0.398851,2.71463188e-04,0.016476,1.2465
3785,QUAD,0.228730,0.091702,2.89976287e-04,0.017029,1.0224
3786,QUAD,0.122988,0.920615,2.03314210e-04,0.014259,1.1852
3787,QUAD,0.399640,0.636608,2.13101604e-04,0.014598,1.2140
3788,QUAD,0.390269,0.615893,2.71986478e-04,0.016492,1.2184
3789,QUAD,0.111601,0.621821,3.32418643e-04,0.018232,1.2266
3790,QUAD,0.086270,0.649208,2.92250858e-04,0.017095,1.1041
3791,QUAD,0.918031,0.095635,2.25840799e-04,0.015028,1.4512
3792,QUAD,0.933357,0.108892,1.51017911e-04,0.012289,1.1827
3793,QUAD,0.909160,0.184284,2.64243629e-04,0.016256,1.1787
3794,QUAD,0.894336,0.200395,2.21940706e-04,0.014898,1.2593
3795,QUAD,0.557997,0.326713,1.77040394e-04,0.013306,1.3411
3796,QUAD,0.292274,0.911910,2.76425164e-04,0.016626,1.2361
3797,QUAD,0.307591,0.894500,2.51002234e-04,0.015843,1.1923
3798,QUAD,0.571278,0.100752,2.89515696e-04,0.017015,1.2936
3799,QUAD,0.556207,0.100752,2.77828707e-04,0.016668,1.2901
3800,QUAD,0.572718,0.342052,3.37808586e-04,0.018380,1.2742
3801,QUAD,0.290157,0.419743,2.81265255e-04,0.016771,1.5211
3802,QUAD,0.118403,0.661235,3.21047708e-04,0.017918,1.1029
3803,QUAD,0.387987,0.900053,2.34942802e-04,0.015328,1.0434
3804,QUAD,0.408627,0.898638,2.24676526e-04,0.014989,1.1016
3805,QUAD,0.287856,0.605100,3.51635789e-04,0.018752,1.1164
3806,QUAD,0.269921,0.604912,3.26159573e-04,0.018060,1.0808
3807,QUAD,0.895726,0.225780,1.68751823e-04,0.012990,1.2720
3808,QUAD,0.900937,0.246685,1.58150796e-04,0.012576,1.4101
3809,QUAD,0.146766,0.077788,1.97746145e-04,0.014062,1.9240
3810,QUAD,0.276303,0.102006,2.64532274e-04,0.016264,1.1549
3811,QUAD,0.261182,0.097933,2.73674093e-04,0.016543,1.0903
3812,QUAD,0.536612,0.915035,3.49929582e-04,0.018706,1.1629
3813,QUAD,0.901317,0.788193,2.47696096e-04,0.015738,1.5761
3814,QUAD,0.811197,0.905970,2.52049505e-04,0.015876,1.2006
3815,QUAD,0.808656,0.921904,2.60414300e-04,0.016137,1.1646
3816,QUAD,0.251369,0.898718,2.91695282e-04,0.017079,1.2370
3817,QUAD,0.905131,0.681985,1.60198141e-04,0.012657,1.3525
3818,QUAD,0.900207,0.698125,1.50400865e-04,0.012264,1.4700
3819,QUAD,0.783699,0.687778,3.68390202e-04,0.019193,1.1785
3820,QUAD,0.361998,0.100895,2.10427027e-04,0.014506,1.8097
3821,QUAD,0.342012,0.104283,2.44048415e-04,0.015622,1.0192
3822,QUAD,0.305877,0.606161,3.73768903e-04,0.019333,1.2085
3823,QUAD,0.586585,0.099378,2.85890073e-04,0.016908,1.2962
3824,QUAD,0.321167,0.105658,2.27036543e-04,0.015068,1.1468
3825,QUAD,0.290219,0.106310,2.33356283e-04,0.015276,1.2758
3826,QUAD,0.896126,0.071296,1.39672140e-04,0.011818,1.3086
3827,QUAD,0.893256,0.100173,3.05136758e-04,0.017468,1.1779
3828,QUAD,0.103974,0.891612,2.87166663e-04,0.016946,1.0836
3829,QUAD,0.168019,0.402506,2.51137722e-04,0.015847,1.4131
3830,QUAD,0.153809,0.411125,3.13578359e-04,0.017708,1.2642
3831,QUAD,0.211936,0.088650,2.92796939e-04,0.017111,1.0359
3832,QUAD,0.157998,0.087420,2.00062889e-04,0.014144,1.6879
3833,QUAD,0.156600,0.594891,1.38485021e-04,0.011768,1.6394
3834,QUAD,0.106214,0.585899,2.79097483e-04,0.016706,1.1899
3835,QUAD,0.183613,0.593172,1.61982320e-04,0.012727,1.6734
3836,QUAD,0.856067,0.391046,1.84633062e-04,0.013588,1.5374
3837,QUAD,0.573474,0.908610,4.32707767e-04,0.020802,1.2126
3838,QUAD,0.196369,0.391576,3.40160632e-04,0.018443,1.2886
3839,QUAD,0.213521,0.429838,3.71769787e-04,0.019281,1.0870
3840,QUAD,0.120313,0.583744,1.95807489e-04,0.013993,1.3350
3841,QUAD,0.091595,0.605712,3.24630113e-04,0.018017,1.0475
3842,QUAD,0.752669,0.370457,2.55601712e-04,0.015988,1.2846
3843,QUAD,0.107266,0.731847,3.75504975e-04,0.019378,1.3033
3844,QUAD,0.087503,0.731933,3.60087400e-04,0.018976,1.0747
3845,QUAD,0.353147,0.400912,1.90935502e-04,0.013818,1.3193
3846,QUAD,0.339702,0.408613,2.46538382e-04,0.015702,1.2026
3847,QUAD,0.744927,0.111326,2.72121526e-04,0.016496,1.3063
3848,QUAD,0.731346,0.103502,2.63676657e-04,0.016238,1.3270
3849,QUAD,0.592438,0.906681,3.92588953e-04,0.019814,1.2886
3850,QUAD,0.102874,0.150018,2.20205057e-04,0.014839,1.5723
3851,QUAD,0.665557,0.111760,2.93559803e-04,0.017134,1.1320
3852,QUAD,0.115175,0.877365,3.88009706e-04,0.019698,1.4730
3853,QUAD,0.080959,0.860159,3.40705616e-04,0.018458,1.1121
3854,QUAD,0.448268,0.068424,4.24413649e-04,0.020601,1.3713
3855,QUAD,0.103217,0.388816,2.64425375e-04,0.016261,1.2015
3856,QUAD,0.910990,0.143755,2.68755892e-04,0.016394,1.2927
3857,QUAD,0.435929,0.044367,3.33359352e-04,0.018258,1.1586
3858,QUAD,0.101149,0.234818,3.31699029e-04,0.018213,1.1160
3859,QUAD,0.082216,0.235282,3.26431918e-04,0.018067,1.0857
3860,QUAD,0.874690,0.683222,1.80059880e-04,0.013419,1.2465
3861,QUAD,0.843156,0.676714,1.61690717e-04,0.012716,1.5507
3862,QUAD,0.776272,0.898453,4.15649449e-04,0.020387,1.2637
3863,QUAD,0.775157,0.918697,3.45192444e-04,0.018579,1.1278
3864,QUAD,0.399368,0.910363,2.31840507e-04,0.015226,1.0848
3865,QUAD,0.938974,0.301023,2.91254640e-04,0.017066,1.2119
3866,QUAD,0.084987,0.294928,2.78633767e-04,0.016692,1.3705
3867,QUAD,0.838548,0.061357,3.02744730e-04,0.017400,1.0746
3868,QUAD,0.913716,0.292594,2.45070601e-04,0.015655,1.2296
3869,QUAD,0.766445,0.110202,2.43338489e-04,0.015599,1.0822
3870,QUAD,0.860973,0.090863,2.10594330e-04,0.014512,1.4285
3871,QUAD,0.843109,0.077759,2.66285430e-04,0.016318,1.1309
3872,QUAD,0.208701,0.552662,4.76948166e-04,0.021839,1.1952
3873,QUAD,0.195207,0.582387,3.39168506e-04,0.018417,1.5170
3874,QUAD,0.522628,0.088050,2.05697444e-04,0.014342,1.5178
3875,QUAD,0.495695,0.099291,2.01513406e-04,0.014196,1.2411
3876,QUAD,0.810991,0.955014,3.26160239e-04,0.018060,1.1215
3877,QUAD,0.850814,0.914592,2.01501045e-04,0.014195,1.3092
3878,QUAD,0.610795,0.904041,3.88247113e-04,0.019704,1.3900
3879,QUAD,0.070703,0.815861,4.91873733e-04,0.022178,1.2585
3880,QUAD,0.733418,0.085958,3.39637196e-04,0.018429,1.1602
3881,QUAD,0.701684,0.102689,2.45186296e-04,0.015658,1.5686
3882,QUAD,0.860438,0.898149,1.58769749e-04,0.012600,1.2335
3883,QUAD,0.212580,0.449712,3.90021678e-04,0.019749,1.0437
3884,QUAD,0.348112,0.917382,2.26637988e-04,0.015055,1.6102
3885,QUAD,0.308231,0.912161,3.01641307e-04,0.017368,1.2262
3886,QUAD,0.147284,0.579642,2.04389169e-04,0.014296,1.2393
3887,QUAD,0.089731,0.369639,2.78107197e-04,0.016677,1.3546
3888,QUAD,0.651635,0.689292,2.46846020e-04,0.015711,1.2069
3889,QUAD,0.648677,0.889700,2.10324768e-04,0.014503,1.5305
3890,QUAD,0.341593,0.607265,3.73335915e-04,0.019322,1.2222
3891,QUAD,0.910866,0.777009,2.02952052e-04,0.014246,1.4674
3892,QUAD,0.414854,0.091655,2.42779426e-04,0.015581,1.4121
3893,QUAD,0.391770,0.096383,2.29520359e-04,0.015150,1.6032
3894,QUAD,0.249412,0.548995,3.86420840e-04,0.019658,1.0381
3895,QUAD,0.360926,0.411955,2.36295533e-04,0.015372,1.2877
3896,QUAD,0.166412,0.898524,1.87717718e-04,0.013701,1.1574
3897,QUAD,0.183411,0.890698,2.71455551e-04,0.016476,1.5262
3898,QUAD,0.461182,0.107976,3.02312794e-04,0.017387,1.3028
3899,QUAD,0.426534,0.099243,2.36020943e-04,0.015363,1.3735
3900,QUAD,0.816501,0.047310,3.71510783e-04,0.019275,1.1049
3901,QUAD,0.646247,0.328040,4.62152322e-04,0.021498,1.1624
3902,QUAD,0.074201,0.893740,2.49611301e-04,0.015799,1.1006
3903,QUAD,0.091309,0.882394,2.50927445e-04,0.015841,1.3171
3904,QUAD,0.902717,0.856640,2.52233252e-04,0.015882,1.0544
3905,QUAD,0.472979,0.652938,2.69633142e-04,0.016421,1.5147
3906,QUAD,0.112743,0.181321,3.32248260e-04,0.018228,1.0996
3907,QUAD,0.107200,0.342341,2.72782499e-04,0.016516,1.8462
3908,QUAD,0.739345,0.901788,3.12103203e-04,0.017666,1.1104
3909,QUAD,0.740079,0.919864,3.07043294e-04,0.017523,1.0954
3910,QUAD,0.491448,0.883218,3.12297286e-04,0.017672,1.3040
3911,QUAD,0.502548,0.903060,2.32132007e-04,0.015236,1.3532
3912,QUAD,0.876138,0.907388,1.72941107e-04,0.013151,1.3384
3913,QUAD,0.178259,0.905309,2.01030660e-04,0.014179,1.4464
3914,QUAD,0.608157,0.694297,3.16171459e-04,0.017781,1.0973
3915,QUAD,0.906467,0.383922,2.29913968e-04,0.015163,1.3155
3916,QUAD,0.752304,0.356791,1.79815835e-04,0.013410,1.4181
3917,QUAD,0.738130,0.354462,2.15884504e-04,0.014693,1.2870
3918,QUAD,0.465636,0.888677,2.48055486e-04,0.015750,1.2642
3919,QUAD,0.068315,0.691960,4.31413978e-04,0.020771,1.1647
3920,QUAD,0.587887,0.079147,3.94426571e-04,0.019860,1.4381
3921,QUAD,0.917480,0.673110,2.58826207e-04,0.016088,1.6041
3922,QUAD,0.692547,0.083552,2.86418862e-04,0.016924,1.2792
3923,QUAD,0.307183,0.416768,3.04843258e-04,0.017460,1.1985
3924,QUAD,0.306949,0.585776,3.67254482e-04,0.019164,1.1237
3925,QUAD,0.112821,0.088695,1.54879052e-04,0.012445,1.6635
3926,QUAD,0.683974,0.370402,3.14118862e-04,0.017723,1.2034
3927,QUAD,0.155761,0.429134,3.80692233e-04,0.019511,1.2466
3928,QUAD,0.087121,0.114281,1.46855772e-04,0.012118,1.1283
3929,QUAD,0.063062,0.111009,2.05784301e-04,0.014345,1.7363
3930,QUAD,0.517422,0.660335,3.81572492e-04,0.019534,1.2496
3931,QUAD,0.421198,0.908577,2.91503863e-04,0.017073,1.3465
3932,QUAD,0.813114,0.693701,3.00863727e-04,0.017345,1.8742
3933,QUAD,0.905888,0.369674,2.46696324e-04,0.015707,1.3124
3934,QUAD,0.911096,0.343060,1.97073441e-04,0.014038,1.2701
3935,QUAD,0.702085,0.354724,2.80575710e-04,0.016750,1.1554
3936,QUAD,0.218524,0.055793,2.87158814e-04,0.016946,1.0900
3937,QUAD,0.915027,0.826524,2.07392319e-04,0.014401,1.4973
3938,QUAD,0.548687,0.064304,2.65327958e-04,0.016289,1.2096
3939,QUAD,0.926770,0.182364,2.97475410e-04,0.017247,1.1544
3940,QUAD,0.639280,0.905329,3.29921763e-04,0.018164,1.6356
3941,QUAD,0.776434,0.670883,3.30178211e-04,0.018171,1.0825
3942,QUAD,0.080354,0.344610,3.36865946e-04,0.018354,1.4213
3943,QUAD,0.075196,0.369055,2.53041958e-04,0.015907,1.5008
3944,QUAD,0.882894,0.919828,2.40584447e-04,0.015511,1.8691
3945,QUAD,0.663754,0.075857,1.73876443e-04,0.013186,1.3439
3946,QUAD,0.923801,0.282627,1.95004471e-04,0.013964,1.5424
3947,QUAD,0.685710,0.914040,1.77683162e-04,0.013330,1.3433
3948,QUAD,0.361285,0.086649,1.77887107e-04,0.013337,1.5643
3949,QUAD,0.351096,0.093147,1.81078278e-04,0.013457,1.3201
3950,QUAD,0.258180,0.915749,3.28689147e-04,0.018130,1.6561
3951,QUAD,0.215670,0.888808,3.24070139e-04,0.018002,1.2730
3952,QUAD,0.231760,0.885087,3.16130954e-04,0.017780,1.1668
3953,QUAD,0.067318,0.292898,3.84580353e-04,0.019611,1.1717
3954,QUAD,0.804474,0.378407,2.32711562e-04,0.015255,1.2110
3955,QUAD,0.841587,0.384926,1.93624372e-04,0.013915,1.7136
3956,QUAD,0.477409,0.876564,2.69215381e-04,0.016408,1.5358
3957,QUAD,0.548564,0.309012,2.47802262e-04,0.015742,1.2222
3958,QUAD,0.491960,0.323139,3.41142668e-04,0.018470,1.1218
3959,QUAD,0.489914,0.342035,3.00925108e-04,0.017347,1.5274
3960,QUAD,0.316506,0.390096,1.64220227e-04,0.012815,1.5408
3961,QUAD,0.334549,0.394853,2.11601896e-04,0.014547,1.0961
3962,QUAD,0.898061,0.134846,1.94950593e-04,0.013962,1.2701
3963,QUAD,0.651029,0.103972,2.85126337e-04,0.016886,1.0539
3964,QUAD,0.672307,0.095556,2.69173859e-04,0.016407,1.2116
3965,QUAD,0.488998,0.655011,3.35206266e-04,0.018309,1.9035
3966,QUAD,0.881358,0.081442,1.84444755e-04,0.013581,1.6830
3967,QUAD,0.849238,0.129415,3.23960781e-04,0.017999,1.1712
3968,QUAD,0.788773,0.382266,2.34505968e-04,0.015314,1.2174
3969,QUAD,0.158482,0.614345,2.80186320e-04,0.016739,1.6399
3970,QUAD,0.386640,0.876867,2.66555733e-04,0.016327,1.1522
3971,QUAD,0.420245,0.123557,3.66655123e-04,0.019148,1.2328
3972,QUAD,0.413736,0.106965,2.49690273e-04,0.015802,1.4421
3973,QUAD,0.449701,0.096326,3.36105553e-04,0.018333,1.2492
3974,QUAD,0.103110,0.326568,3.54850454e-04,0.018837,1.4056
3975,QUAD,0.337604,0.888599,2.60592061e-04,0.016143,1.4690
3976,QUAD,0.322434,0.892158,2.60716106e-04,0.016147,1.1712
3977,QUAD,0.882965,0.144191,1.92261906e-04,0.013866,1.3001
3978,QUAD,0.830390,0.952409,3.85033706e-04,0.019622,1.1950
3979,QUAD,0.308042,0.401209,2.13511027e-04,0.014612,1.7894
3980,QUAD,0.716242,0.101599,2.24317909e-04,0.014977,1.1309
3981,QUAD,0.896357,0.084705,2.36741260e-04,0.015386,1.3888
3982,QUAD,0.835640,0.927549,1.98079645e-04,0.014074,1.6668
3983,QUAD,0.193356,0.371035,4.23538039e-04,0.020580,1.3607
3984,QUAD,0.599433,0.115412,1.66022555e-04,0.012885,1.4572
3985,QUAD,0.483907,0.107737,2.37666418e-04,0.015416,1.1314
3986,QUAD,0.896233,0.338961,1.93756784e-04,0.013920,1.2860
3987,QUAD,0.134081,0.892650,2.45679213e-04,0.015674,1.3663
3988,QUAD,0.135444,0.085180,3.06483017e-04,0.017507,1.6734
3989,QUAD,0.097875,0.127062,1.25975219e-04,0.011224,1.5959
3990,QUAD,0.123867,0.599093,2.02945108e-04,0.014246,1.6610
3991,QUAD,0.658909,0.895399,1.52721906e-04,0.012358,1.7361
3992,QUAD,0.134232,0.400853,2.09612425e-04,0.014478,1.1117
3993,QUAD,0.544323,0.080968,2.71792157e-04,0.016486,1.2689
3994,QUAD,0.173325,0.094440,3.05443782e-04,0.017477,1.1546
3995,QUAD,0.252544,0.448217,4.53246897e-04,0.021290,1.1814
3996,QUAD,0.888817,0.727947,2.85300052e-04,0.016891,1.1320
3997,QUAD,0.895414,0.213459,1.97558126e-04,0.014056,1.3018
3998,QUAD,0.892408,0.186595,2.38580727e-04,0.015446,1.2000
3999,QUAD,0.140787,0.109162,2.76082952e-04,0.016616,1.3832
4000,QUAD,0.881721,0.333282,2.00268099e-04,0.014152,1.3063
4001,QUAD,0.456647,0.877141,2.16028871e-04,0.014698,1.4566
4002,QUAD,0.456480,0.901247,2.46522541e-04,0.015701,1.3880
4003,QUAD,0.730993,0.689939,2.31072399e-04,0.015201,1.4023
4004,QUAD,0.889503,0.778913,2.29574871e-04,0.015152,1.4798
4005,QUAD,0.241301,0.110741,2.57235476e-04,0.016039,1.0981
4006,QUAD,0.802017,0.679598,3.92044461e-04,0.019800,1.2946
4007,QUAD,0.356175,0.647356,2.80477400e-04,0.016747,1.3560
4008,QUAD,0.358876,0.608299,3.47447548e-04,0.018640,1.2838
4009,QUAD,0.886559,0.889185,2.80885123e-04,0.016760,1.3150
4010,QUAD,0.880129,0.695269,2.04547140e-04,0.014302,1.2728
4011,QUAD,0.902517,0.263935,1.81861950e-04,0.013486,1.1277
4012,QUAD,0.271271,0.118223,2.53149029e-04,0.015911,1.1324
4013,QUAD,0.104524,0.372149,2.40286118e-04,0.015501,1.1647
4014,QUAD,0.293113,0.894558,2.41827545e-04,0.015551,1.2730
4015,QUAD,0.551025,0.891838,3.71768953e-04,0.019281,1.1597
4016,QUAD,0.827628,0.701664,2.23631571e-04,0.014954,1.6185
4017,QUAD,0.213207,0.869846,2.74100372e-04,0.016556,1.3689
4018,QUAD,0.199228,0.891320,3.52755733e-04,0.018782,1.4046
4019,QUAD,0.630028,0.688084,2.33983685e-04,0.015297,1.3293
4020,QUAD,0.870397,0.867857,2.44308388e-04,0.015630,1.4809
4021,QUAD,0.513517,0.871237,3.61050376e-04,0.019001,1.4148
4022,QUAD,0.419369,0.362947,2.32899988e-04,0.015261,1.2845
4023,QUAD,0.429728,0.353082,1.40107466e-04,0.011837,1.5069
4024,QUAD,0.835239,0.044248,3.23152332e-04,0.017976,1.1152
4025,QUAD,0.704361,0.892117,2.55964716e-04,0.015999,1.3639
4026,QUAD,0.412094,0.642010,1.90712735e-04,0.013810,1.1662
4027,QUAD,0.396350,0.651118,1.79223516e-04,0.013387,1.2697
4028,QUAD,0.592223,0.685272,3.37551538e-04,0.018373,1.0459
4029,QUAD,0.166681,0.877871,2.88099943e-04,0.016974,1.5774
4030,QUAD,0.702478,0.316152,3.29217354e-04,0.018144,1.3152
4031,QUAD,0.694970,0.331822,2.95265322e-04,0.017183,1.1357
4032,QUAD,0.107302,0.098779,1.36921476e-04,0.011701,1.2646
4033,QUAD,0.395976,0.358825,3.80501775e-04,0.019506,1.3527
4034,QUAD,0.423409,0.344131,1.34897282e-04,0.011615,1.5545
4035,QUAD,0.265551,0.894404,2.26503346e-04,0.015050,1.3846
4036,QUAD,0.088711,0.692757,4.09432405e-04,0.020234,1.1799
4037,QUAD,0.717032,0.680880,2.94922665e-04,0.017173,1.1643
4038,QUAD,0.086556,0.152197,2.47272034e-04,0.015725,1.2098
4039,QUAD,0.102030,0.251939,3.17985599e-04,0.017832,1.1400
4040,QUAD,0.102791,0.268672,2.83312994e-04,0.016832,1.1147
4041,QUAD,0.108071,0.765594,2.96715809e-04,0.017225,1.4209
4042,QUAD,0.901601,0.301183,1.96269200e-04,0.014010,1.1134
4043,QUAD,0.910617,0.310107,1.26477537e-04,0.011246,1.3518
4044,QUAD,0.362215,0.383792,2.22070726e-04,0.014902,1.3702
4045,QUAD,0.105664,0.713535,3.17138839e-04,0.017808,1.1169
4046,QUAD,0.107164,0.749481,3.20906615e-04,0.017914,1.4562
4047,QUAD,0.892146,0.810823,4.12979370e-04,0.020322,1.2870
4048,QUAD,0.181485,0.871755,3.37577669e-04,0.018373,1.4250
4049,QUAD,0.660586,0.314433,3.91678776e-04,0.019791,1.3073
4050,QUAD,0.734435,0.369388,3.13702929e-04,0.017712,1.4694
4051,QUAD,0.371881,0.629614,2.70393774e-04,0.016444,1.3148
4052,QUAD,0.694063,0.686016,2.49409517e-04,0.015793,1.2361
4053,QUAD,0.525709,0.687025,3.64785160e-04,0.019099,1.1248
4054,QUAD,0.887826,0.115733,2.71656356e-04,0.016482,1.1286
4055,QUAD,0.354152,0.114888,2.95465135e-04,0.017189,1.3180
4056,QUAD,0.897854,0.660192,1.12480525e-04,0.010606,1.7101
4057,QUAD,0.906075,0.666221,1.16091508e-04,0.010775,1.5752
4058,QUAD,0.190259,0.100970,3.16135956e-04,0.017780,1.0841
4059,QUAD,0.871720,0.670687,1.63331081e-04,0.012780,1.7184
4060,QUAD,0.252199,0.427108,4.06460679e-04,0.020161,1.1732
4061,QUAD,0.870590,0.268495,2.37889489e-04,0.015424,1.1192
4062,QUAD,0.597517,0.329255,3.05900690e-04,0.017490,1.5485
4063,QUAD,0.098115,0.117416,1.01589522e-04,0.010079,1.3765
4064,QUAD,0.108857,0.164368,3.33109379e-04,0.018251,1.2482
4065,QUAD,0.833320,0.363069,2.50183800e-04,0.015817,1.2116
4066,QUAD,0.819956,0.372050,2.73362812e-04,0.016534,1.3132
4067,QUAD,0.876264,0.095021,2.92949906e-04,0.017116,1.1872
4068,QUAD,0.766682,0.354164,2.27914270e-04,0.015097,1.3820
4069,QUAD,0.708406,0.694898,2.73177967e-04,0.016528,1.0667
4070,QUAD,0.121217,0.116509,1.29096845e-04,0.011362,1.6380
4071,QUAD,0.440189,0.345894,1.75362920e-04,0.013242,1.9833
4072,QUAD,0.455018,0.323530,3.52819420e-04,0.018783,1.2252
4073,QUAD,0.618903,0.718880,3.97985619e-04,0.019950,1.1594
4074,QUAD,0.780127,0.346341,2.53616248e-04,0.015925,1.1769
4075,QUAD,0.785797,0.368292,1.94726675e-04,0.013954,1.5250
4076,QUAD,0.872992,0.357633,2.20803362e-04,0.014859,1.3559
4077,QUAD,0.886350,0.321640,1.84470471e-04,0.013582,1.2793
4078,QUAD,0.514166,0.304811,4.38273526e-04,0.020935,1.0851
4079,QUAD,0.433203,0.656353,1.61883976e-04,0.012723,1.2502
4080,QUAD,0.348103,0.388272,2.13503109e-04,0.014612,1.1134
4081,QUAD,0.604297,0.887061,2.41271032e-04,0.015533,1.1615
4082,QUAD,0.835351,0.098381,2.50537834e-04,0.015828,1.2287
4083,QUAD,0.861841,0.380551,2.10272293e-04,0.014501,1.3927
4084,QUAD,0.867936,0.369506,2.15650280e-04,0.014685,1.3316
4085,QUAD,0.436316,0.112232,3.72427721e-04,0.019298,1.4797
4086,QUAD,0.111433,0.305396,2.03888583e-04,0.014279,1.3670
4087,QUAD,0.173533,0.618675,2.48504045e-04,0.015764,1.3053
4088,QUAD,0.889506,0.172294,2.45053824e-04,0.015654,1.1469
4089,QUAD,0.360434,0.907142,2.45759341e-04,0.015677,1.3355
4090,QUAD,0.351175,0.893299,2.95248839e-04,0.017183,1.6724
4091,QUAD,0.614424,0.320310,4.28766378e-04,0.020707,1.2732
4092,QUAD,0.838202,0.913631,1.60269195e-04,0.012660,1.3188
4093,QUAD,0.847757,0.887614,1.66775556e-04,0.012914,1.3560
4094,QUAD,0.872305,0.892625,2.25743555e-04,0.015025,1.3922
4095,QUAD,0.541334,0.098263,2.61450651e-04,0.016169,1.2394
4096,QUAD,0.610603,0.118560,1.68818943e-04,0.012993,1.4247
4097,QUAD,0.585984,0.117487,2.59262918e-04,0.016102,1.2728
4098,QUAD,0.649861,0.869372,1.76198321e-04,0.013274,1.4027
4099,QUAD,0.735982,0.124663,1.95624389e-04,0.013987,1.5309
4100,QUAD,0.161268,0.387720,2.54407181e-04,0.015950,1.2325
4101,QUAD,0.331590,0.116339,2.47593411e-04,0.015735,1.1440
4102,QUAD,0.146485,0.593272,1.37780414e-04,0.011738,1.4337
4103,QUAD,0.131053,0.624885,4.27569071e-04,0.020678,1.1751
4104,QUAD,0.104056,0.846606,4.21441943e-04,0.020529,1.3054
4105,QUAD,0.122757,0.846930,3.60516239e-04,0.018987,1.4546
4106,QUAD,0.131566,0.387353,1.74610291e-04,0.013214,1.1732
4107,QUAD,0.143651,0.384871,1.22247750e-04,0.011057,1.5090
4108,QUAD,0.886497,0.793052,2.83335886e-04,0.016833,1.5361
4109,QUAD,0.340096,0.628184,3.57557587e-04,0.018909,1.2753
4110,QUAD,0.899131,0.767825,2.05438119e-04,0.014333,1.1362
4111,QUAD,0.877681,0.767530,3.46048450e-04,0.018602,1.2335
4112,QUAD,0.681960,0.896072,2.07622031e-04,0.014409,1.8580
4113,QUAD,0.423393,0.648403,1.67708975e-04,0.012950,1.2204
4114,QUAD,0.383506,0.663996,1.80302897e-04,0.013428,1.3758
4115,QUAD,0.776813,0.097402,2.77369142e-04,0.016654,1.1830
4116,QUAD,0.777308,0.120607,2.29484216e-04,0.015149,1.1394
4117,QUAD,0.321364,0.400662,1.70284939e-04,0.013049,1.3513
4118,QUAD,0.128092,0.906666,1.98488912e-04,0.014089,1.1837
4119,QUAD,0.876314,0.189248,2.18732365e-04,0.014790,1.1873
4120,QUAD,0.584050,0.701504,3.48397835e-04,0.018665,1.0812
4121,QUAD,0.848530,0.900676,1.65854724e-04,0.012878,1.1344
4122,QUAD,0.107329,0.695747,3.11839061e-04,0.017659,1.1265
4123,QUAD,0.323771,0.606937,3.82232030e-04,0.019551,1.2170
4124,QUAD,0.197872,0.871010,3.15183343e-04,0.017753,1.3203
4125,QUAD,0.883270,0.262384,1.60067561e-04,0.012652,1.3372
4126,QUAD,0.692282,0.297409,1.67838433e-04,0.012955,1.4315
4127,QUAD,0.300213,0.123710,2.01928980e-04,0.014210,1.7142
4128,QUAD,0.285896,0.122950,2.71895209e-04,0.016489,1.3483
4129,QUAD,0.874652,0.716203,3.55678632e-04,0.018859,1.3149
4130,QUAD,0.827821,0.082601,2.87976994e-04,0.016970,1.2364
4131,QUAD,0.813200,0.089303,3.04817051e-04,0.017459,1.2801
4132,QUAD,0.263876,0.876934,3.00384188e-04,0.017332,1.2458
4133,QUAD,0.116105,0.198807,3.39979173e-04,0.018439,1.0843
4134,QUAD,0.359325,0.367826,3.19117111e-04,0.017864,1.1987
4135,QUAD,0.571664,0.300276,3.92904031e-04,0.019822,1.2995
4136,QUAD,0.885654,0.157994,2.23605707e-04,0.014953,1.1495
4137,QUAD,0.532967,0.894803,3.92360867e-04,0.019808,1.2774
4138,QUAD,0.207796,0.105373,3.13789715e-04,0.017714,1.0720
4139,QUAD,0.203755,0.122128,3.26056690e-04,0.018057,1.1660
4140,QUAD,0.524652,0.109126,1.98851225e-04,0.014101,1.3100
4141,QUAD,0.860521,0.687040,2.26307173e-04,0.015044,1.1275
4142,QUAD,0.887358,0.678797,1.43331806e-04,0.011972,1.3235
4143,QUAD,0.113856,0.782175,3.93253595e-04,0.019831,1.1785
4144,QUAD,0.213754,0.389378,3.79642282e-04,0.019484,1.1989
4145,QUAD,0.231908,0.388042,3.80160541e-04,0.019498,1.1410
4146,QUAD,0.121368,0.713572,2.02917690e-04,0.014245,1.3686
4147,QUAD,0.089512,0.821792,3.69990645e-04,0.019235,1.4730
4148,QUAD,0.049673,0.814038,4.26440734e-04,0.020650,1.0687
4149,QUAD,0.118888,0.216638,3.52037590e-04,0.018763,1.1232
4150,QUAD,0.647580,0.299175,3.44557129e-04,0.018562,1.3692
4151,QUAD,0.892321,0.310703,1.85818688e-04,0.013632,1.2801
4152,QUAD,0.903434,0.317369,1.14489697e-04,0.010700,1.5179
4153,QUAD,0.883535,0.377495,2.44183064e-04,0.015626,1.5071
4154,QUAD,0.621586,0.127689,2.89554933e-04,0.017016,1.3369
4155,QUAD,0.509276,0.676425,3.29180697e-04,0.018143,1.3189
4156,QUAD,0.550936,0.681507,3.43631107e-04,0.018537,1.1290
4157,QUAD,0.736822,0.883883,3.30858303e-04,0.018190,1.1763
4158,QUAD,0.723090,0.904032,2.58075717e-04,0.016065,1.1344
4159,QUAD,0.125353,0.643654,3.50068613e-04,0.018710,1.1232
4160,QUAD,0.889088,0.706703,2.45627813e-04,0.015673,1.1636
4161,QUAD,0.232313,0.408578,3.78414162e-04,0.019453,1.1116
4162,QUAD,0.881470,0.238333,1.90142948e-04,0.013789,1.6566
4163,QUAD,0.211865,0.574141,4.28922076e-04,0.020710,1.3206
4164,QUAD,0.460611,0.859500,1.10036546e-04,0.010490,1.3597
4165,QUAD,0.571584,0.325008,2.38413228e-04,0.015441,1.6033
4166,QUAD,0.427985,0.893777,2.04454749e-04,0.014299,1.3597
4167,QUAD,0.877161,0.345302,2.18520952e-04,0.014782,1.3445
4168,QUAD,0.460959,0.297731,3.08748376e-04,0.017571,1.3534
4169,QUAD,0.340715,0.648694,3.26902772e-04,0.018080,1.3657
4170,QUAD,0.617836,0.879118,2.61113751e-04,0.016159,1.1070
4171,QUAD,0.672706,0.687029,3.01608077e-04,0.017367,1.2436
4172,QUAD,0.823359,0.715209,3.14107038e-04,0.017723,1.3440
4173,QUAD,0.145491,0.856005,2.49171537e-04,0.015785,1.3950
4174,QUAD,0.115971,0.900697,2.29850532e-04,0.015161,1.4441
4175,QUAD,0.693856,0.128429,2.93710998e-04,0.017138,1.3169
4176,QUAD,0.764388,0.693943,3.82119973e-04,0.019548,1.3318
4177,QUAD,0.441451,0.142650,3.45722768e-04,0.018594,1.5679
4178,QUAD,0.339671,0.904961,2.64042048e-04,0.016249,1.5938
4179,QUAD,0.335257,0.870523,3.42366697e-04,0.018503,1.4605
4180,QUAD,0.380801,0.118384,3.31089422e-04,0.018196,1.1365
4181,QUAD,0.710239,0.339585,2.89921053e-04,0.017027,1.0716
4182,QUAD,0.846370,0.373010,2.40031450e-04,0.015493,1.5523
4183,QUAD,0.319806,0.127876,2.44259742e-04,0.015629,1.2014
4184,QUAD,0.311786,0.117035,1.67812949e-04,0.012954,1.4118
4185,QUAD,0.636681,0.728861,4.05198896e-04,0.020130,1.2057
4186,QUAD,0.610657,0.736464,3.55044136e-04,0.018843,1.2128
4187,QUAD,0.638884,0.880825,2.39461321e-04,0.015475,1.3294
4188,QUAD,0.770898,0.333969,2.22166540e-04,0.014905,1.0991
4189,QUAD,0.790347,0.356643,1.91518330e-04,0.013839,1.5228
4190,QUAD,0.391348,0.340109,3.23011916e-04,0.017973,1.1566
4191,QUAD,0.811077,0.359291,2.19828712e-04,0.014827,1.1172
4192,QUAD,0.823210,0.350979,2.25469645e-04,0.015016,1.0888
4193,QUAD,0.464934,0.667827,3.38512194e-04,0.018399,1.3296
4194,QUAD,0.442090,0.667386,2.35724135e-04,0.015353,1.3045
4195,QUAD,0.372972,0.343879,4.12217597e-04,0.020303,1.1518
4196,QUAD,0.870815,0.852546,2.62241190e-04,0.016194,1.5373
4197,QUAD,0.100143,0.298176,1.93377789e-04,0.013906,1.3742
4198,QUAD,0.123526,0.756128,3.79223530e-04,0.019474,1.7082
4199,QUAD,0.120831,0.800089,4.15455600e-04,0.020383,1.1761
4200,QUAD,0.119731,0.268861,2.78869224e-04,0.016699,1.1574
4201,QUAD,0.118616,0.285210,2.39799884e-04,0.015485,1.1674
4202,QUAD,0.745810,0.696125,2.75609622e-04,0.016601,1.7176
4203,QUAD,0.329110,0.382117,2.12484449e-04,0.014577,1.2620
4204,QUAD,0.286064,0.378278,3.52132210e-04,0.018765,1.4030
4205,QUAD,0.870818,0.111276,3.14114565e-04,0.017723,1.1994
4206,QUAD,0.867898,0.144916,2.58206326e-04,0.016069,1.1250
4207,QUAD,0.112444,0.141347,1.98952288e-04,0.014105,1.4722
4208,QUAD,0.127805,0.145526,2.75958681e-04,0.016612,1.4366
4209,QUAD,0.483121,0.129621,2.28583304e-04,0.015119,1.0786
4210,QUAD,0.454719,0.343245,3.34985051e-04,0.018303,1.3305
4211,QUAD,0.452120,0.361820,2.84183692e-04,0.016858,1.3160
4212,QUAD,0.214048,0.409935,3.60269801e-04,0.018981,1.1506
4213,QUAD,0.823139,0.923405,1.75888750e-04,0.013262,1.3509
4214,QUAD,0.532595,0.306758,3.20722572e-04,0.017909,1.3088
4215,QUAD,0.750010,0.085728,2.59067468e-04,0.016096,1.4626
4216,QUAD,0.542619,0.696947,3.41763638e-04,0.018487,1.1262
4217,QUAD,0.825529,0.910303,1.89408532e-04,0.013763,1.1627
4218,QUAD,0.830259,0.897894,1.88450770e-04,0.013728,1.1090
4219,QUAD,0.719122,0.295069,2.67218282e-04,0.016347,1.3785
4220,QUAD,0.685686,0.309963,2.77104597e-04,0.016646,1.1982
4221,QUAD,0.902631,0.841688,1.99526193e-04,0.014125,1.2466
4222,QUAD,0.494972,0.303810,3.62055891e-04,0.019028,1.2076
4223,QUAD,0.441609,0.866207,1.50207859e-04,0.012256,1.4941
4224,QUAD,0.518658,0.703255,2.99825860e-04,0.017315,1.2307
4225,QUAD,0.487195,0.697431,2.94810796e-04,0.017170,1.1738
4226,QUAD,0.476949,0.681972,3.55130324e-04,0.018845,1.2353
4227,QUAD,0.252754,0.623472,2.73763971e-04,0.016546,1.0716
4228,QUAD,0.252467,0.606004,3.10757677e-04,0.017628,1.0794
4229,QUAD,0.818679,0.126607,2.27119887e-04,0.015070,1.1109
4230,QUAD,0.882079,0.226852,1.49060907e-04,0.012209,1.3951
4231,QUAD,0.404339,0.668436,1.45634688e-04,0.012068,1.3582
4232,QUAD,0.394525,0.664680,1.33263063e-04,0.011544,1.6594
4233,QUAD,0.699508,0.709151,3.01262014e-04,0.017357,1.0584
4234,QUAD,0.279757,0.139686,2.93545143e-04,0.017133,1.3407
4235,QUAD,0.257275,0.148069,2.59829038e-04,0.016119,1.1790
4236,QUAD,0.877774,0.740459,3.21657972e-04,0.017935,1.2971
4237,QUAD,0.406320,0.147900,3.33757733e-04,0.018269,1.1295
4238,QUAD,0.432955,0.336015,1.67681881e-04,0.012949,1.9052
4239,QUAD,0.144844,0.364426,1.15898403e-04,0.010766,1.3232
4240,QUAD,0.133627,0.361086,1.69101554e-04,0.013004,1.1901
4241,QUAD,0.852467,0.761611,2.72669292e-04,0.016513,1.2107
4242,QUAD,0.139692,0.841936,2.62796418e-04,0.016211,1.2997
4243,QUAD,0.609634,0.139407,2.50598454e-04,0.015830,1.3152
4244,QUAD,0.150927,0.631684,4.31510523e-04,0.020773,1.0936
4245,QUAD,0.235620,0.608373,2.98785634e-04,0.017285,1.0917
4246,QUAD,0.201598,0.599014,2.61492765e-04,0.016171,1.2133
4247,QUAD,0.328761,0.139955,2.77897984e-04,0.016670,1.2467
4248,QUAD,0.305836,0.137498,2.83324903e-04,0.016832,1.2565
4249,QUAD,0.322477,0.370450,2.20348426e-04,0.014844,1.2743
4250,QUAD,0.715802,0.871635,2.79023384e-04,0.016704,1.1480
4251,QUAD,0.238718,0.126467,2.23038292e-04,0.014934,1.5454
4252,QUAD,0.780622,0.727003,3.37030902e-04,0.018358,1.4326
4253,QUAD,0.421048,0.333507,1.52151652e-04,0.012335,1.3818
4254,QUAD,0.883834,0.130347,2.27504769e-04,0.015083,1.2601
4255,QUAD,0.878358,0.302356,2.86861097e-04,0.016937,1.4617
4256,QUAD,0.861034,0.338311,2.67676945e-04,0.016361,1.4950
4257,QUAD,0.123914,0.698539,2.53233580e-04,0.015913,1.1098
4258,QUAD,0.120713,0.234500,3.53906806e-04,0.018812,1.1557
4259,QUAD,0.147655,0.723449,3.13575895e-04,0.017708,1.2513
4260,QUAD,0.124387,0.727712,2.53495515e-04,0.015922,1.6359
4261,QUAD,0.873667,0.175350,2.30354447e-04,0.015177,1.0997
4262,QUAD,0.860854,0.192263,2.08478286e-04,0.014439,1.1775
4263,QUAD,0.261842,0.857963,3.47566279e-04,0.018643,1.1671
4264,QUAD,0.279299,0.854252,3.89444365e-04,0.019734,1.2898
4265,QUAD,0.537573,0.115596,2.79867904e-04,0.016729,1.4134
4266,QUAD,0.181385,0.136370,3.72855481e-04,0.019309,1.3209
4267,QUAD,0.791465,0.870829,3.47857711e-04,0.018651,1.3640
4268,QUAD,0.774320,0.878790,3.70322103e-04,0.019244,1.2754
4269,QUAD,0.134932,0.196779,3.46553978e-04,0.018616,1.0384
4270,QUAD,0.531095,0.853356,2.85474163e-04,0.016896,1.4041
4271,QUAD,0.501568,0.848319,2.71494789e-04,0.016477,1.2763
4272,QUAD,0.750999,0.747006,2.88064704e-04,0.016972,1.3519
4273,QUAD,0.754458,0.722242,3.62485176e-04,0.019039,1.2894
4274,QUAD,0.341761,0.127676,2.68478103e-04,0.016385,1.2301
4275,QUAD,0.294169,0.877355,2.24188410e-04,0.014973,1.5758
4276,QUAD,0.306608,0.878786,1.85373818e-04,0.013615,1.3947
4277,QUAD,0.657583,0.128157,3.01194335e-04,0.017355,1.1528
4278,QUAD,0.863662,0.880689,2.12461274e-04,0.014576,1.6042
4279,QUAD,0.516913,0.120974,2.23541353e-04,0.014951,1.4761
4280,QUAD,0.678073,0.857481,4.40917504e-04,0.020998,1.3317
4281,QUAD,0.282498,0.640533,2.41180712e-04,0.015530,1.2534
4282,QUAD,0.278440,0.654161,1.41704870e-04,0.011904,1.4510
4283,QUAD,0.880167,0.215151,1.88064821e-04,0.013714,1.2504
4284,QUAD,0.118507,0.373348,2.02424800e-04,0.014228,1.1933
4285,QUAD,0.671560,0.136226,2.99595241e-04,0.017309,1.1837
4286,QUAD,0.634873,0.137039,3.30639739e-04,0.018184,1.3062
4287,QUAD,0.326984,0.853326,2.71965813e-04,0.016491,1.6773
4288,QUAD,0.301925,0.865640,2.09616609e-04,0.014478,1.6260
4289,QUAD,0.296649,0.849596,3.61334950e-04,0.019009,1.2997
4290,QUAD,0.870531,0.160584,2.40344721e-04,0.015503,1.0534
4291,QUAD,0.857593,0.672609,2.36966494e-04,0.015394,1.2953
4292,QUAD,0.732980,0.333818,2.46336978e-04,0.015695,1.4130
4293,QUAD,0.743599,0.342539,1.56995518e-04,0.012530,1.3056
4294,QUAD,0.706601,0.137743,2.41954388e-04,0.015555,1.0953
4295,QUAD,0.685238,0.144691,2.97265323e-04,0.017241,1.1753
4296,QUAD,0.119384,0.318469,2.67044219e-04,0.016341,1.2731
4297,QUAD,0.323994,0.651581,3.93127397e-04,0.019827,1.4760
4298,QUAD,0.297278,0.646120,3.05198790e-04,0.017470,1.5304
4299,QUAD,0.815703,0.870553,2.49630547e-04,0.015800,1.3049
4300,QUAD,0.825084,0.880001,1.66354142e-04,0.012898,1.5272
4301,QUAD,0.530722,0.873688,3.74661285e-04,0.019356,1.4419
4302,QUAD,0.864766,0.701883,2.98427822e-04,0.017275,1.4071
4303,QUAD,0.563577,0.868639,3.00435368e-04,0.017333,1.3023
4304,QUAD,0.765150,0.736723,3.07680329e-04,0.017541,1.1263
4305,QUAD,0.482584,0.286444,2.41599014e-04,0.015543,1.1990
4306,QUAD,0.745728,0.135679,2.88463902e-04,0.016984,1.1973
4307,QUAD,0.724737,0.129390,1.61802879e-04,0.012720,1.7599
4308,QUAD,0.578159,0.281624,3.94879090e-04,0.019872,1.3952
4309,QUAD,0.879666,0.250735,2.01959002e-04,0.014211,1.7808
4310,QUAD,0.233323,0.348393,3.21234671e-04,0.017923,1.1499
4311,QUAD,0.130000,0.865363,4.11871479e-04,0.020295,1.4338
4312,QUAD,0.830581,0.119341,2.12728443e-04,0.014585,1.2360
4313,QUAD,0.867141,0.128130,3.13752050e-04,0.017713,1.2561
4314,QUAD,0.448774,0.123686,3.51748764e-04,0.018755,1.5431
4315,QUAD,0.429826,0.865825,2.00172121e-04,0.014148,1.5421
4316,QUAD,0.451717,0.865122,1.20667894e-04,0.010985,1.3978
4317,QUAD,0.642768,0.858268,2.28120447e-04,0.015104,1.1579
4318,QUAD,0.610607,0.864990,2.32724657e-04,0.015255,1.0718
4319,QUAD,0.519594,0.161352,2.87441206e-04,0.016954,1.6267
4320,QUAD,0.537049,0.287774,3.53280660e-04,0.018796,1.2012
4321,QUAD,0.519320,0.283605,4.13654960e-04,0.020339,1.3435
4322,QUAD,0.219501,0.611754,2.79541643e-04,0.016719,1.1065
4323,QUAD,0.204035,0.615572,2.55067156e-04,0.015971,1.1090
4324,QUAD,0.429457,0.675803,2.64601957e-04,0.016267,1.8322
4325,QUAD,0.661994,0.862783,2.21245232e-04,0.014874,1.7673
4326,QUAD,0.492553,0.141089,2.35258350e-04,0.015338,1.1401
4327,QUAD,0.504878,0.130830,2.76582208e-04,0.016631,1.1604
4328,QUAD,0.844132,0.113199,2.76568409e-04,0.016630,1.3358
4329,QUAD,0.809881,0.112866,2.50372506e-04,0.015823,1.1881
4330,QUAD,0.267227,0.346454,2.87599707e-04,0.016959,1.1421
4331,QUAD,0.281861,0.361733,2.31656637e-04,0.015220,1.4572
4332,QUAD,0.128348,0.161678,3.44771802e-04,0.018568,1.2803
4333,QUAD,0.838352,0.814322,1.78427067e-04,0.013358,1.4043
4334,QUAD,0.868905,0.794912,3.66804058e-04,0.019152,1.1933
4335,QUAD,0.411169,0.350729,2.32578646e-04,0.015251,1.3240
4336,QUAD,0.146150,0.335745,2.57356036e-04,0.016042,1.1578
4337,QUAD,0.456085,0.145861,2.05208513e-04,0.014325,1.4228
4338,QUAD,0.584492,0.880736,3.00973864e-04,0.017349,1.3761
4339,QUAD,0.118042,0.105995,1.39214964e-04,0.011799,1.7424
4340,QUAD,0.106875,0.122575,1.09396122e-04,0.010459,1.5553
4341,QUAD,0.663771,0.727019,3.55645905e-04,0.018859,1.0754
4342,QUAD,0.627065,0.744640,3.21585712e-04,0.017933,1.1321
4343,QUAD,0.798009,0.121876,2.34969999e-04,0.015329,1.1271
4344,QUAD,0.788166,0.109188,2.62168266e-04,0.016192,1.1383
4345,QUAD,0.782733,0.324268,2.55708343e-04,0.015991,1.0909
4346,QUAD,0.792243,0.336574,2.25045066e-04,0.015002,1.0329
4347,QUAD,0.851607,0.147043,3.01401071e-04,0.017361,1.1933
4348,QUAD,0.696651,0.853856,4.17185600e-04,0.020425,1.4589
4349,QUAD,0.714121,0.854404,2.91217848e-04,0.017065,1.2219
4350,QUAD,0.838066,0.734937,2.60158775e-04,0.016129,1.5052
4351,QUAD,0.871961,0.314874,2.11962524e-04,0.014559,1.5807
4352,QUAD,0.857706,0.351335,1.95352650e-04,0.013977,1.5077
4353,QUAD,0.651953,0.276901,1.80565605e-04,0.013437,1.2488
4354,QUAD,0.746905,0.314981,3.02504214e-04,0.017393,1.3515
4355,QUAD,0.407270,0.336106,2.34299532e-04,0.015307,1.2312
4356,QUAD,0.425476,0.303861,2.81295619e-04,0.016772,1.1193
4357,QUAD,0.754938,0.863566,2.66844075e-04,0.016335,1.4923
4358,QUAD,0.407888,0.167062,3.31393604e-04,0.018204,1.1854
4359,QUAD,0.498456,0.709680,2.52854891e-04,0.015901,1.2778
4360,QUAD,0.124007,0.343210,2.60698267e-04,0.016146,1.3607
4361,QUAD,0.787875,0.082966,3.93950095e-04,0.019848,1.4095
4362,QUAD,0.671483,0.277585,2.29762299e-04,0.015158,1.0279
4363,QUAD,0.614237,0.153337,2.03942299e-04,0.014281,1.9404
4364,QUAD,0.315942,0.358558,2.34319322e-04,0.015307,1.3153
4365,QUAD,0.853051,0.740493,2.26201590e-04,0.015040,1.5306
4366,QUAD,0.866132,0.752558,3.29570387e-04,0.018154,1.3174
4367,QUAD,0.142882,0.650078,3.72953984e-04,0.019312,1.3649
4368,QUAD,0.147496,0.672548,1.96494038e-04,0.014018,1.3965
4369,QUAD,0.844369,0.181691,1.94631931e-04,0.013951,1.0975
4370,QUAD,0.047581,0.834438,3.89660297e-04,0.019740,1.0973
4371,QUAD,0.340347,0.842857,4.05902339e-04,0.020147,1.3003
4372,QUAD,0.315272,0.860829,1.94196078e-04,0.013935,1.1862
4373,QUAD,0.488515,0.271388,2.45902128e-04,0.015681,1.2336
4374,QUAD,0.155270,0.748201,4.12842551e-04,0.020319,1.2730
4375,QUAD,0.132882,0.772987,4.19188000e-04,0.020474,1.2797
4376,QUAD,0.236696,0.625733,2.70922199e-04,0.016460,1.0653
4377,QUAD,0.220851,0.628859,2.68954976e-04,0.016400,1.0505
4378,QUAD,0.467398,0.851450,1.42788166e-04,0.011949,1.8483
4379,QUAD,0.222290,0.125757,3.32389673e-04,0.018232,1.2012
4380,QUAD,0.200451,0.138441,2.99098454e-04,0.017294,1.2527
4381,QUAD,0.627847,0.155034,2.84520557e-04,0.016868,1.5340
4382,QUAD,0.155463,0.835736,2.35215981e-04,0.015337,1.5886
4383,QUAD,0.595754,0.147532,2.31627989e-04,0.015219,1.1600
4384,QUAD,0.741575,0.734898,2.37704268e-04,0.015418,1.3337
4385,QUAD,0.857112,0.859131,2.91456296e-04,0.017072,1.8074
4386,QUAD,0.852154,0.831614,3.30347716e-04,0.018175,1.3839
4387,QUAD,0.720997,0.143645,2.78539855e-04,0.016690,1.2820
4388,QUAD,0.220057,0.831181,3.55584524e-04,0.018857,1.1864
4389,QUAD,0.198712,0.851485,3.67537780e-04,0.019171,1.2762
4390,QUAD,0.599029,0.838451,1.56253627e-04,0.012500,1.4045
4391,QUAD,0.699105,0.152931,2.91176077e-04,0.017064,1.1296
4392,QUAD,0.153494,0.194158,3.38093292e-04,0.018387,1.0439
4393,QUAD,0.582507,0.263322,2.68909891e-04,0.016398,1.2620
4394,QUAD,0.612009,0.274006,3.51751671e-04,0.018755,1.1913
4395,QUAD,0.258495,0.838847,3.44472826e-04,0.018560,1.1074
4396,QUAD,0.313702,0.677113,2.80320611e-04,0.016743,1.2619
4397,QUAD,0.534775,0.162156,3.16732825e-04,0.017797,1.6528
4398,QUAD,0.544131,0.142375,4.63927407e-04,0.021539,1.3045
4399,QUAD,0.819609,0.731253,3.60854467e-04,0.018996,1.2751
4400,QUAD,0.836332,0.872726,1.93592425e-04,0.013914,1.7683
4401,QUAD,0.799689,0.725599,3.52339169e-04,0.018771,1.4338
4402,QUAD,0.791728,0.751022,1.60839688e-04,0.012682,1.1107
4403,QUAD,0.139242,0.702260,2.43190546e-04,0.015595,1.0819
4404,QUAD,0.163986,0.729250,3.66941392e-04,0.019156,1.1432
4405,QUAD,0.545872,0.852812,2.76018822e-04,0.016614,1.3550
4406,QUAD,0.796362,0.846164,2.67917262e-04,0.016368,1.0868
4407,QUAD,0.157417,0.212200,3.59633820e-04,0.018964,1.0854
4408,QUAD,0.504500,0.830663,2.52162522e-04,0.015880,1.2928
4409,QUAD,0.252955,0.655527,2.13671111e-04,0.014617,1.1625
4410,QUAD,0.267621,0.638997,2.29943707e-04,0.015164,1.1558
4411,QUAD,0.663129,0.152822,2.93945161e-04,0.017145,1.1629
4412,QUAD,0.806667,0.134969,2.32360878e-04,0.015243,1.0874
4413,QUAD,0.739602,0.711516,3.52213066e-04,0.018767,1.3088
4414,QUAD,0.592882,0.728340,4.13030724e-04,0.020323,1.1491
4415,QUAD,0.140416,0.253691,3.85165498e-04,0.019626,1.3319
4416,QUAD,0.360318,0.151108,2.39393924e-04,0.015472,1.2301
4417,QUAD,0.846058,0.782592,2.69470904e-04,0.016416,1.1318
4418,QUAD,0.582862,0.156993,2.73297452e-04,0.016532,1.1479
4419,QUAD,0.714168,0.718248,3.09764659e-04,0.017600,1.0618
4420,QUAD,0.689586,0.724109,3.39495563e-04,0.018425,1.0708
4421,QUAD,0.120800,0.358380,2.08080874e-04,0.014425,1.1958
4422,QUAD,0.705361,0.300900,2.12665925e-04,0.014583,1.7351
4423,QUAD,0.372280,0.323347,3.94673131e-04,0.019866,1.3482
4424,QUAD,0.867718,0.326586,1.88937433e-04,0.013745,1.4210
4425,QUAD,0.848634,0.299922,4.05357568e-04,0.020133,1.2489
4426,QUAD,0.869987,0.231392,1.97099967e-04,0.014039,1.8031
4427,QUAD,0.848944,0.209238,2.15942759e-04,0.014695,1.4685
4428,QUAD,0.129723,0.814762,2.48584897e-04,0.015767,1.6162
4429,QUAD,0.106161,0.826328,3.32333261e-04,0.018230,1.3509
4430,QUAD,0.560489,0.274562,3.72684754e-04,0.019305,1.1566
4431,QUAD,0.462193,0.131627,2.34100282e-04,0.015300,1.3079
4432,QUAD,0.441773,0.181856,3.12775257e-04,0.017685,1.1986
4433,QUAD,0.373537,0.679504,1.71027630e-04,0.013078,1.5249
4434,QUAD,0.646272,0.835325,2.59390764e-04,0.016106,1.2182
4435,QUAD,0.415703,0.675469,2.49298111e-04,0.015789,1.7382
4436,QUAD,0.827901,0.139057,2.45980067e-04,0.015684,1.2547
4437,QUAD,0.702375,0.269053,2.10567374e-04,0.014511,1.1127
4438,QUAD,0.700265,0.288671,1.59949064e-04,0.012647,1.3524
4439,QUAD,0.634822,0.846323,2.27646800e-04,0.015088,1.1383
4440,QUAD,0.463111,0.694544,3.37221414e-04,0.018364,1.0649
4441,QUAD,0.361247,0.683312,2.51270037e-04,0.015851,1.3590
4442,QUAD,0.514856,0.144864,3.08333246e-04,0.017559,1.3236
4443,QUAD,0.627707,0.267550,3.26431408e-04,0.018067,1.7006
4444,QUAD,0.487835,0.723962,3.75759389e-04,0.019385,1.2907
4445,QUAD,0.474852,0.709284,3.42516846e-04,0.018507,1.1285
4446,QUAD,0.252705,0.639879,2.39322332e-04,0.015470,1.1059
4447,QUAD,0.130427,0.300709,1.93013537e-04,0.013893,1.0989
4448,QUAD,0.140097,0.316848,2.15437169e-04,0.014678,1.3573
4449,QUAD,0.407065,0.320022,2.64364358e-04,0.016259,1.1313
4450,QUAD,0.422715,0.319865,2.36652026e-04,0.015383,1.0807
4451,QUAD,0.835465,0.885720,1.64665578e-04,0.012832,1.4495
4452,QUAD,0.578091,0.863694,2.62224069e-04,0.016193,1.2952
4453,QUAD,0.841545,0.748487,2.35404394e-04,0.015343,1.3839
4454,QUAD,0.389628,0.152042,2.88703162e-04,0.016991,1.1830
4455,QUAD,0.500375,0.153315,2.22793820e-04,0.014926,1.2249
4456,QUAD,0.670421,0.838156,3.91258914e-04,0.019780,1.2804
4457,QUAD,0.424580,0.164296,3.34688218e-04,0.018294,1.2568
4458,QUAD,0.154521,0.706694,2.81808141e-04,0.016787,1.1399
4459,QUAD,0.407362,0.877551,1.99913564e-04,0.014139,1.1764
4460,QUAD,0.425650,0.849578,2.74407391e-04,0.016565,1.3137
4461,QUAD,0.853880,0.814469,2.82530668e-04,0.016809,1.2426
4462,QUAD,0.526814,0.262611,3.92198357e-04,0.019804,1.3060
4463,QUAD,0.829702,0.860128,2.80729641e-04,0.016755,1.3451
4464,QUAD,0.292676,0.147468,2.34407726e-04,0.015310,1.6530
4465,QUAD,0.138434,0.348494,1.92634041e-04,0.013879,1.1873
4466,QUAD,0.149840,0.355249,1.39526395e-04,0.011812,1.5582
4467,QUAD,0.391963,0.303416,3.07279086e-04,0.017529,1.0765
4468,QUAD,0.372798,0.141546,2.27114789e-04,0.015070,1.2785
4469,QUAD,0.769955,0.862099,2.25722383e-04,0.015024,1.4224
4470,QUAD,0.774915,0.842758,2.21932450e-04,0.014897,1.4709
4471,QUAD,0.758231,0.146284,2.86046181e-04,0.016913,1.1151
4472,QUAD,0.389690,0.852024,3.00856483e-04,0.017345,1.1473
4473,QUAD,0.398630,0.865413,2.54723113e-04,0.015960,1.1489
4474,QUAD,0.138726,0.791498,3.46493923e-04,0.018614,1.0868
4475,QUAD,0.135917,0.827531,2.05635331e-04,0.014340,1.2181
4476,QUAD,0.223774,0.849105,3.31417653e-04,0.018205,1.2549
4477,QUAD,0.675180,0.712805,3.28884599e-04,0.018135,1.0540
4478,QUAD,0.250513,0.347718,3.06576141e-04,0.017509,1.0931
4479,QUAD,0.294926,0.353633,2.55524367e-04,0.015985,1.4699
4480,QUAD,0.161125,0.850928,3.28979352e-04,0.018138,1.9274
4481,QUAD,0.845404,0.195644,2.23369029e-04,0.014946,1.3238
4482,QUAD,0.165191,0.156525,3.03801446e-04,0.017430,1.0501
4483,QUAD,0.813406,0.339765,2.02485472e-04,0.014230,1.0707
4484,QUAD,0.804552,0.328275,2.14936464e-04,0.014661,1.1322
4485,QUAD,0.836031,0.152582,2.73263335e-04,0.016531,1.2327
4486,QUAD,0.814816,0.147938,2.31375060e-04,0.015211,1.0624
4487,QUAD,0.132949,0.286409,2.08717085e-04,0.014447,1.1517
4488,QUAD,0.544971,0.835015,2.26952175e-04,0.015065,1.3507
4489,QUAD,0.150146,0.176555,3.26187665e-04,0.018061,1.0573
4490,QUAD,0.181875,0.827400,4.66478114e-04,0.021598,1.2638
4491,QUAD,0.691180,0.170306,3.44386068e-04,0.018558,1.3197
4492,QUAD,0.845737,0.328251,3.15670674e-04,0.017767,1.1963
4493,QUAD,0.857447,0.239548,2.78158617e-04,0.016678,1.2864
4494,QUAD,0.847697,0.227877,1.98931506e-04,0.014104,1.2133
4495,QUAD,0.234038,0.150507,2.94317512e-04,0.017156,1.2501
4496,QUAD,0.288011,0.658867,1.49103726e-04,0.012211,1.6040
4497,QUAD,0.278319,0.665797,1.35089063e-04,0.011623,1.4826
4498,QUAD,0.308183,0.659250,3.40330865e-04,0.018448,1.4771
4499,QUAD,0.161597,0.803798,3.25931863e-04,0.018054,1.3698
4500,QUAD,0.162053,0.231046,4.16263378e-04,0.020403,1.2476
4501,QUAD,0.453632,0.274142,3.32894957e-04,0.018245,1.2390
4502,QUAD,0.836839,0.826369,1.81757519e-04,0.013482,1.5211
4503,QUAD,0.550211,0.722766,3.38137302e-04,0.018389,1.1188
4504,QUAD,0.582894,0.745460,4.20980393e-04,0.020518,1.1773
4505,QUAD,0.480704,0.150694,2.01862058e-04,0.014208,1.1409
4506,QUAD,0.540523,0.737839,3.36699338e-04,0.018349,1.2396
4507,QUAD,0.518257,0.739786,2.02762510e-04,0.014239,1.3926
4508,QUAD,0.741263,0.859192,2.01572056e-04,0.014198,1.5141
4509,QUAD,0.351262,0.705005,3.14576350e-04,0.017736,1.2188
4510,QUAD,0.347003,0.687051,2.88007339e-04,0.016971,1.2666
4511,QUAD,0.678555,0.739149,3.57077004e-04,0.018896,1.0430
4512,QUAD,0.813654,0.747830,3.48491381e-04,0.018668,1.4104
4513,QUAD,0.418728,0.660586,1.47084335e-04,0.012128,1.1908
4514,QUAD,0.305740,0.325642,3.94514973e-04,0.019862,1.1776
4515,QUAD,0.490925,0.827467,2.31885455e-04,0.015228,1.3221
4516,QUAD,0.829861,0.304967,3.27257082e-04,0.018090,1.3258
4517,QUAD,0.338303,0.151977,2.79492786e-04,0.016718,1.2585
4518,QUAD,0.548196,0.170480,2.83090455e-04,0.016825,1.3431
4519,QUAD,0.162526,0.138737,3.44959389e-04,0.018573,1.2850
4520,QUAD,0.824356,0.331512,1.71148789e-04,0.013082,1.3314
4521,QUAD,0.150557,0.276033,2.29599249e-04,0.015153,1.2975
4522,QUAD,0.610807,0.167239,1.65079050e-04,0.012848,1.6742
4523,QUAD,0.085060,0.841486,3.78516318e-04,0.019455,1.0697
4524,QUAD,0.066512,0.837023,3.86607758e-04,0.019662,1.1029
4525,QUAD,0.271141,0.156238,3.06163703e-04,0.017498,1.3797
4526,QUAD,0.506688,0.813694,2.26958516e-04,0.015065,1.2371
4527,QUAD,0.531691,0.834857,2.35978470e-04,0.015362,1.4460
4528,QUAD,0.660607,0.288837,2.52432724e-04,0.015888,1.0902
4529,QUAD,0.141473,0.129923,1.79823942e-04,0.013410,1.4873
4530,QUAD,0.154596,0.122321,3.26602330e-04,0.018072,1.5666
4531,QUAD,0.843565,0.847943,3.64379719e-04,0.019089,1.4052
4532,QUAD,0.739842,0.172768,2.21781239e-04,0.014892,1.1241
4533,QUAD,0.713312,0.159599,2.70890190e-04,0.016459,1.1807
4534,QUAD,0.206046,0.649285,2.88923516e-04,0.016998,1.0892
4535,QUAD,0.822352,0.160655,2.23033597e-04,0.014934,1.1129
4536,QUAD,0.608921,0.768072,2.13613653e-04,0.014616,1.2622
4537,QUAD,0.164276,0.822655,3.16303909e-04,0.017785,1.8195
4538,QUAD,0.285490,0.160946,2.26001997e-04,0.015033,1.7411
4539,QUAD,0.809673,0.774374,3.04625605e-04,0.017454,1.2537
4540,QUAD,0.830184,0.786470,2.48637287e-04,0.015768,1.0737
4541,QUAD,0.456483,0.850070,1.26256000e-04,0.011236,1.6904
4542,QUAD,0.480908,0.808778,1.72945010e-04,0.013151,1.5683
4543,QUAD,0.188840,0.618560,2.35509445e-04,0.015346,1.1689
4544,QUAD,0.188481,0.604103,1.62830728e-04,0.012761,1.3501
4545,QUAD,0.492842,0.253833,3.57653170e-04,0.018912,1.2834
4546,QUAD,0.834849,0.800919,2.37828107e-04,0.015422,1.1483
4547,QUAD,0.618206,0.757729,2.40214046e-04,0.015499,1.3379
4548,QUAD,0.652399,0.741500,3.57872963e-04,0.018918,1.0799
4549,QUAD,0.831000,0.184966,1.68263071e-04,0.012972,1.4531
4550,QUAD,0.769222,0.158567,2.66581325e-04,0.016327,1.2432
4551,QUAD,0.835469,0.341277,2.70481868e-04,0.016446,1.2025
4552,QUAD,0.602845,0.258946,2.84420299e-04,0.016865,1.3525
4553,QUAD,0.380581,0.691736,2.18856529e-04,0.014794,1.7279
4554,QUAD,0.449465,0.707013,3.47876236e-04,0.018651,1.1085
4555,QUAD,0.407050,0.691064,3.99220695e-04,0.019981,1.3100
4556,QUAD,0.493330,0.810507,2.32341954e-04,0.015243,1.3957
4557,QUAD,0.734862,0.263535,2.57087072e-04,0.016034,1.3316
4558,QUAD,0.711130,0.281388,2.12905049e-04,0.014591,1.1213
4559,QUAD,0.487767,0.162656,2.14809090e-04,0.014656,1.1992
4560,QUAD,0.608766,0.830936,1.78835227e-04,0.013373,1.5125
4561,QUAD,0.615785,0.843490,1.97733544e-04,0.014062,1.1250
4562,QUAD,0.184266,0.170768,2.63043825e-04,0.016219,1.1054
4563,QUAD,0.796458,0.315414,2.66499631e-04,0.016325,1.1785
4564,QUAD,0.812203,0.308736,2.66273298e-04,0.016318,1.2138
4565,QUAD,0.529879,0.179077,1.71969520e-04,0.013114,1.6445
4566,QUAD,0.369460,0.161522,2.04205601e-04,0.014290,1.3642
4567,QUAD,0.808594,0.837778,1.97101822e-04,0.014039,1.3091
4568,QUAD,0.818754,0.848797,2.44894590e-04,0.015649,1.1327
4569,QUAD,0.155996,0.660524,2.52977519e-04,0.015905,1.6819
4570,QUAD,0.185207,0.351832,4.16766954e-04,0.020415,1.2839
4571,QUAD,0.155674,0.365882,1.52044105e-04,0.012331,1.8992
4572,QUAD,0.787779,0.301098,3.49088953e-04,0.018684,1.3179
4573,QUAD,0.286901,0.328022,3.73002703e-04,0.019313,1.2240
4574,QUAD,0.355565,0.320459,2.96209697e-04,0.017211,1.4703
4575,QUAD,0.417960,0.869752,1.72747404e-04,0.013143,1.3905
4576,QUAD,0.661673,0.265940,2.35730448e-04,0.015354,1.0363
4577,QUAD,0.203583,0.181259,2.24094360e-04,0.014970,1.2524
4578,QUAD,0.182175,0.154235,2.86704834e-04,0.016932,1.1151
4579,QUAD,0.758487,0.301323,2.75785129e-04,0.016607,1.2600
4580,QUAD,0.722650,0.272792,2.28884850e-04,0.015129,1.0749
4581,QUAD,0.155169,0.786112,2.90401656e-04,0.017041,1.2043
4582,QUAD,0.408803,0.186414,3.18877128e-04,0.017857,1.2325
4583,QUAD,0.419560,0.831629,3.51050290e-04,0.018736,1.3989
4584,QUAD,0.449358,0.827096,1.65299682e-04,0.012857,1.4364
4585,QUAD,0.380694,0.837712,3.25557294e-04,0.018043,1.1313
4586,QUAD,0.404207,0.841146,3.08773529e-04,0.017572,1.1504
4587,QUAD,0.397431,0.888176,2.30385233e-04,0.015178,1.0911
4588,QUAD,0.238787,0.658369,2.35926359e-04,0.015360,1.1179
4589,QUAD,0.568709,0.196600,3.24854605e-04,0.018024,1.1862
4590,QUAD,0.166016,0.109983,3.56802140e-04,0.018889,1.5039
4591,QUAD,0.146012,0.289505,1.73293571e-04,0.013164,1.2165
4592,QUAD,0.602257,0.180466,2.36169742e-04,0.015368,1.3654
4593,QUAD,0.828920,0.757332,2.74788584e-04,0.016577,1.7628
4594,QUAD,0.864302,0.254253,2.59449371e-04,0.016107,1.1695
4595,QUAD,0.573966,0.846906,2.36270360e-04,0.015371,1.2821
4596,QUAD,0.331945,0.690752,2.89823433e-04,0.017024,1.2257
4597,QUAD,0.294837,0.669396,2.10829011e-04,0.014520,1.2844
4598,QUAD,0.646097,0.185350,2.66087537e-04,0.016312,1.3124
4599,QUAD,0.823601,0.288417,3.14875266e-04,0.017745,1.0849
4600,QUAD,0.520535,0.814978,2.57731565e-04,0.016054,1.5105
4601,QUAD,0.540431,0.805131,2.19817928e-04,0.014826,1.8746
4602,QUAD,0.191342,0.671158,3.39831163e-04,0.018435,1.1963
4603,QUAD,0.171559,0.654495,3.58700084e-04,0.018939,1.3414
4604,QUAD,0.733235,0.185285,1.65715432e-04,0.012873,1.5408
4605,QUAD,0.717624,0.194567,1.77173530e-04,0.013311,1.2922
4606,QUAD,0.294939,0.805100,4.01088334e-04,0.020027,1.5474
4607,QUAD,0.312343,0.805092,3.61383411e-04,0.019010,1.3470
4608,QUAD,0.599351,0.776058,1.53898285e-04,0.012406,1.4183
4609,QUAD,0.324062,0.321533,3.34917799e-04,0.018301,1.0802
4610,QUAD,0.205004,0.632157,2.68337302e-04,0.016381,1.0523
4611,QUAD,0.426161,0.204227,3.61180273e-04,0.019005,1.3179
4612,QUAD,0.358563,0.301417,3.29712497e-04,0.018158,1.2682
4613,QUAD,0.377202,0.288185,1.93379351e-04,0.013906,1.2988
4614,QUAD,0.332362,0.823231,3.95991531e-04,0.019900,1.3752
4615,QUAD,0.364239,0.808069,2.78110936e-04,0.016677,1.1756
4616,QUAD,0.178383,0.309997,2.75343255e-04,0.016593,1.0820
4617,QUAD,0.222006,0.645685,2.69296649e-04,0.016410,1.0679
4618,QUAD,0.186693,0.240806,2.71606623e-04,0.016480,1.3122
4619,QUAD,0.567693,0.255533,3.62360802e-04,0.019036,1.2549
4620,QUAD,0.300075,0.173868,2.07929480e-04,0.014420,1.7403
4621,QUAD,0.142718,0.374860,1.10883399e-04,0.010530,1.3083
4622,QUAD,0.131301,0.374165,1.61344995e-04,0.012702,1.1937
4623,QUAD,0.556293,0.817015,2.03518780e-04,0.014266,1.3214
4624,QUAD,0.558157,0.833338,2.20623081e-04,0.014853,1.3245
4625,QUAD,0.474386,0.737092,3.88707913e-04,0.019716,1.2888
4626,QUAD,0.373657,0.175223,2.92366206e-04,0.017099,1.3102
4627,QUAD,0.747613,0.159205,2.39745909e-04,0.015484,1.2403
4628,QUAD,0.181619,0.734336,3.79572629e-04,0.019483,1.1594
4629,QUAD,0.583262,0.772599,2.27305009e-04,0.015077,1.3567
4630,QUAD,0.237679,0.826550,3.08697096e-04,0.017570,1.0775
4631,QUAD,0.219220,0.813856,2.44275516e-04,0.015629,1.2483
4632,QUAD,0.283485,0.346072,2.60683191e-04,0.016146,1.5399
4633,QUAD,0.681072,0.186961,3.20907420e-04,0.017914,1.3521
4634,QUAD,0.203767,0.813237,2.62213673e-04,0.016193,1.3044
4635,QUAD,0.269676,0.814257,2.84169742e-04,0.016857,1.6194
4636,QUAD,0.236740,0.173573,2.52539671e-04,0.015891,1.1319
4637,QUAD,0.224775,0.184209,2.27748772e-04,0.015091,1.1955
4638,QUAD,0.684155,0.822988,4.41981727e-04,0.021023,1.3835
4639,QUAD,0.716901,0.836894,2.87461908e-04,0.016955,1.2320
4640,QUAD,0.437447,0.269886,2.60796291e-04,0.016149,1.4938
4641,QUAD,0.475525,0.254354,3.41410230e-04,0.018477,1.1596
4642,QUAD,0.348483,0.163407,2.66283870e-04,0.016318,1.2501
4643,QUAD,0.802970,0.824778,2.52743301e-04,0.015898,1.7231
4644,QUAD,0.787280,0.831678,3.15767633e-04,0.017770,1.3254
4645,QUAD,0.300068,0.159511,2.26756922e-04,0.015058,1.6079
4646,QUAD,0.199056,0.168022,1.90744452e-04,0.013811,1.3421
4647,QUAD,0.194807,0.202884,3.49866219e-04,0.018705,1.2468
4648,QUAD,0.841311,0.167568,2.18500134e-04,0.014782,1.1573
4649,QUAD,0.291871,0.207065,2.36185659e-04,0.015368,1.3525
4650,QUAD,0.571309,0.830615,2.17545041e-04,0.014749,1.2118
4651,QUAD,0.613832,0.229343,2.16877901e-04,0.014727,1.4966
4652,QUAD,0.650517,0.254872,2.88736494e-04,0.016992,1.3258
4653,QUAD,0.515878,0.753046,2.04405686e-04,0.014297,1.3008
4654,QUAD,0.828218,0.232508,2.81351985e-04,0.016774,1.6248
4655,QUAD,0.548510,0.764583,2.54098022e-04,0.015940,1.5545
4656,QUAD,0.495461,0.173401,1.74287144e-04,0.013202,1.4655
4657,QUAD,0.836507,0.218021,2.66128841e-04,0.016313,1.4703
4658,QUAD,0.778021,0.172492,2.35367144e-04,0.015342,1.1597
4659,QUAD,0.482584,0.227065,3.30184181e-04,0.018171,1.4131
4660,QUAD,0.786325,0.186658,2.45849520e-04,0.015680,1.2143
4661,QUAD,0.753411,0.188543,2.44811223e-04,0.015646,1.3356
4662,QUAD,0.611812,0.245149,2.44164890e-04,0.015626,1.8060
4663,QUAD,0.171497,0.190845,3.18063701e-04,0.017834,1.0692
4664,QUAD,0.341015,0.299948,3.67743045e-04,0.019177,1.2110
4665,QUAD,0.435282,0.826948,2.91413129e-04,0.017071,1.5648
4666,QUAD,0.469734,0.806020,1.55445342e-04,0.012468,1.2680
4667,QUAD,0.442015,0.254706,2.38992107e-04,0.015459,1.5311
4668,QUAD,0.372033,0.822832,3.19169155e-04,0.017865,1.1364
4669,QUAD,0.301588,0.698683,2.67914287e-04,0.016368,1.1874
4670,QUAD,0.160136,0.674705,1.98985095e-04,0.014106,1.4382
4671,QUAD,0.822868,0.206928,4.01273258e-04,0.020032,1.1856
4672,QUAD,0.392422,0.705099,4.26796488e-04,0.020659,1.1320
4673,QUAD,0.829442,0.837929,2.35246417e-04,0.015338,1.2465
4674,QUAD,0.367323,0.700038,2.96597104e-04,0.017222,1.3368
4675,QUAD,0.355765,0.274585,2.54118355e-04,0.015941,1.5274
4676,QUAD,0.364196,0.285618,2.12410400e-04,0.014574,1.8247
4677,QUAD,0.839407,0.768507,2.05774366e-04,0.014345,1.4229
4678,QUAD,0.173580,0.752305,3.24028654e-04,0.018001,1.1243
4679,QUAD,0.168182,0.768061,2.09447699e-04,0.014472,1.4251
4680,QUAD,0.758020,0.848676,1.73376647e-04,0.013167,1.1976
4681,QUAD,0.580963,0.182768,2.92223116e-04,0.017095,1.1129
4682,QUAD,0.633702,0.178410,2.58244041e-04,0.016070,1.3748
4683,QUAD,0.613431,0.188445,2.48457360e-04,0.015763,1.4790
4684,QUAD,0.643756,0.810002,3.76043149e-04,0.019392,1.1941
4685,QUAD,0.657892,0.823208,3.31799529e-04,0.018215,1.1462
4686,QUAD,0.751193,0.333146,1.57290984e-04,0.012542,1.1794
4687,QUAD,0.285887,0.175232,2.10159060e-04,0.014497,1.6578
4688,QUAD,0.282090,0.196221,2.39108172e-04,0.015463,1.0852
4689,QUAD,0.713587,0.260259,2.23194044e-04,0.014940,1.0850
4690,QUAD,0.667866,0.177499,2.91156229e-04,0.017063,1.2264
4691,QUAD,0.658403,0.193123,2.64369364e-04,0.016259,1.2891
4692,QUAD,0.251981,0.329646,2.99144519e-04,0.017296,1.0810
4693,QUAD,0.682215,0.266849,2.25066567e-04,0.015002,1.0326
4694,QUAD,0.411508,0.283375,3.99212976e-04,0.019980,1.2419
4695,QUAD,0.400570,0.259150,2.10575133e-04,0.014511,1.6554
4696,QUAD,0.340606,0.318442,2.64711683e-04,0.016270,1.2772
4697,QUAD,0.805936,0.294010,3.17779435e-04,0.017826,1.1820
4698,QUAD,0.817163,0.321628,1.70207762e-04,0.013046,1.4700
4699,QUAD,0.304784,0.305411,3.62414673e-04,0.019037,1.1425
4700,QUAD,0.421584,0.706437,5.04999533e-04,0.022472,1.0522
4701,QUAD,0.695264,0.804994,3.43415271e-04,0.018531,1.2125
4702,QUAD,0.700259,0.832500,4.01497309e-04,0.020037,1.5137
4703,QUAD,0.219085,0.799978,1.38158303e-04,0.011754,1.4963
4704,QUAD,0.255322,0.685458,1.73792495e-04,0.013183,1.3897
4705,QUAD,0.268755,0.684087,2.45648374e-04,0.015673,1.3267
4706,QUAD,0.572844,0.782512,2.08044723e-04,0.014424,1.4395
4707,QUAD,0.534271,0.764788,2.67652374e-04,0.016360,1.2842
4708,QUAD,0.731921,0.840582,2.27803124e-04,0.015093,1.1123
4709,QUAD,0.741904,0.782816,2.83716147e-04,0.016844,1.1849
4710,QUAD,0.666900,0.753939,3.52102716e-04,0.018764,1.0424
4711,QUAD,0.188330,0.808037,3.14118086e-04,0.017723,1.4396
4712,QUAD,0.158506,0.690326,2.56448298e-04,0.016014,1.1649
4713,QUAD,0.198452,0.741161,3.67021906e-04,0.019158,1.2412
4714,QUAD,0.579554,0.796182,2.37324497e-04,0.015405,1.2955
4715,QUAD,0.569146,0.814842,2.12649597e-04,0.014583,1.1920
4716,QUAD,0.485262,0.185743,3.04823451e-04,0.017459,1.3376
4717,QUAD,0.802276,0.156442,2.27133164e-04,0.015071,1.0607
4718,QUAD,0.199641,0.780804,1.76597794e-04,0.013289,1.6299
4719,QUAD,0.706413,0.176392,2.96233269e-04,0.017211,1.3914
4720,QUAD,0.170915,0.248484,3.75058061e-04,0.019366,1.4068
4721,QUAD,0.175731,0.378315,3.35852055e-04,0.018326,1.1542
4722,QUAD,0.148278,0.396288,2.10697855e-04,0.014515,1.1357
4723,QUAD,0.328833,0.803039,3.15221454e-04,0.017754,1.3534
4724,QUAD,0.211337,0.194581,2.91674784e-04,0.017078,1.4341
4725,QUAD,0.720873,0.180258,2.12856244e-04,0.014590,1.1957
4726,QUAD,0.759859,0.271232,3.00151756e-04,0.017325,1.1325
4727,QUAD,0.400134,0.800182,3.05862496e-04,0.017489,1.0390
4728,QUAD,0.344143,0.799279,2.67066448e-04,0.016342,1.2890
4729,QUAD,0.423917,0.800700,3.36563001e-04,0.018346,1.4883
4730,QUAD,0.272131,0.183919,3.00999287e-04,0.017349,1.3108
4731,QUAD,0.212929,0.156516,1.94599918e-04,0.013950,1.3634
4732,QUAD,0.375020,0.192501,3.12063959e-04,0.017665,1.2217
4733,QUAD,0.740305,0.767239,2.43181207e-04,0.015594,1.1271
4734,QUAD,0.725891,0.770220,1.70721818e-04,0.013066,1.3029
4735,QUAD,0.168988,0.361192,3.19872621e-04,0.017885,1.2647
4736,QUAD,0.268981,0.328559,3.11754928e-04,0.017657,1.0691
4737,QUAD,0.790110,0.164544,2.33589764e-04,0.015284,1.1645
4738,QUAD,0.188567,0.634781,2.85702145e-04,0.016903,1.0674
4739,QUAD,0.436363,0.720742,3.69202221e-04,0.019215,1.3626
4740,QUAD,0.547731,0.194183,2.06308389e-04,0.014363,1.3862
4741,QUAD,0.497957,0.234304,3.71638473e-04,0.019278,1.3363
4742,QUAD,0.162109,0.284475,1.90643482e-04,0.013807,1.3351
4743,QUAD,0.814344,0.790265,2.62817261e-04,0.016212,1.0553
4744,QUAD,0.818933,0.805355,2.64028345e-04,0.016249,1.2441
4745,QUAD,0.358535,0.201848,3.27381562e-04,0.018094,1.3881
4746,QUAD,0.359533,0.173680,2.46015672e-04,0.015685,1.5917
4747,QUAD,0.798789,0.178636,2.51320697e-04,0.015853,1.2103
4748,QUAD,0.540047,0.184474,1.68306364e-04,0.012973,1.7274
4749,QUAD,0.729351,0.197651,1.59637606e-04,0.012635,1.6037
4750,QUAD,0.704888,0.192824,2.14130224e-04,0.014633,1.7295
4751,QUAD,0.637734,0.201220,2.44691399e-04,0.015643,1.3105
4752,QUAD,0.649800,0.208239,2.32548965e-04,0.015250,1.2199
4753,QUAD,0.324826,0.165109,3.24525048e-04,0.018015,1.2989
4754,QUAD,0.603519,0.205357,3.26520824e-04,0.018070,1.5702
4755,QUAD,0.591730,0.194868,2.93504548e-04,0.017132,1.2946
4756,QUAD,0.520256,0.798766,1.80572477e-04,0.013438,1.5001
4757,QUAD,0.174825,0.673122,3.02400106e-04,0.017390,1.2266
4758,QUAD,0.607222,0.788970,2.41169887e-04,0.015530,1.4114
4759,QUAD,0.843339,0.246173,2.24043195e-04,0.014968,1.2372
4760,QUAD,0.812608,0.224575,3.79802912e-04,0.019489,1.1674
4761,QUAD,0.497187,0.794606,2.02504873e-04,0.014230,1.5878
4762,QUAD,0.477976,0.823681,2.05625109e-04,0.014340,1.3160
4763,QUAD,0.766579,0.210863,1.46186374e-04,0.012091,1.2455
4764,QUAD,0.541584,0.778768,2.61214660e-04,0.016162,1.6357
4765,QUAD,0.684403,0.244725,2.31660405e-04,0.015220,1.0508
4766,QUAD,0.693359,0.257037,2.20771977e-04,0.014858,1.0495
4767,QUAD,0.180319,0.773490,2.09531966e-04,0.014475,1.5511
4768,QUAD,0.787363,0.804754,2.58477221e-04,0.016077,1.1647
4769,QUAD,0.825622,0.771380,2.33983172e-04,0.015297,1.4979
4770,QUAD,0.750402,0.830891,2.01063925e-04,0.014180,1.1118
4771,QUAD,0.765988,0.807280,2.00438560e-04,0.014158,1.2946
4772,QUAD,0.377044,0.715895,3.37314945e-04,0.018366,1.2365
4773,QUAD,0.763681,0.287407,2.52842553e-04,0.015901,1.5245
4774,QUAD,0.794318,0.202234,3.08002705e-04,0.017550,1.3924
4775,QUAD,0.642073,0.222171,1.90368783e-04,0.013797,1.3666
4776,QUAD,0.652748,0.230590,2.53455912e-04,0.015920,1.3608
4777,QUAD,0.577911,0.237891,3.46034063e-04,0.018602,1.3270
4778,QUAD,0.617061,0.212293,2.98102437e-04,0.017266,1.5927
4779,QUAD,0.459094,0.747565,3.35507163e-04,0.018317,1.2635
4780,QUAD,0.428837,0.737577,3.26378527e-04,0.018066,1.6038
4781,QUAD,0.337494,0.725059,2.59088347e-04,0.016096,1.1193
4782,QUAD,0.352702,0.721124,2.19226863e-04,0.014806,1.5518
4783,QUAD,0.388347,0.268851,2.93815910e-04,0.017141,1.1776
4784,QUAD,0.236810,0.207753,2.02617687e-04,0.014234,1.4310
4785,QUAD,0.437993,0.238722,2.81778450e-04,0.016786,1.2500
4786,QUAD,0.461689,0.238362,2.19158113e-04,0.014804,1.3186
4787,QUAD,0.243240,0.688672,1.90795627e-04,0.013813,1.4312
4788,QUAD,0.268544,0.702312,3.73328549e-04,0.019322,1.2361
4789,QUAD,0.505935,0.179498,1.98832526e-04,0.014101,1.7862
4790,QUAD,0.773755,0.758549,2.38936245e-04,0.015458,1.6100
4791,QUAD,0.322749,0.302429,3.53038695e-04,0.018789,1.0948
4792,QUAD,0.669922,0.201543,2.43596113e-04,0.015608,1.3847
4793,QUAD,0.408906,0.206216,3.45514738e-04,0.018588,1.3704
4794,QUAD,0.449577,0.732658,2.73510375e-04,0.016538,1.2602
4795,QUAD,0.561877,0.772606,2.33571854e-04,0.015283,1.2847
4796,QUAD,0.681688,0.793651,3.50357388e-04,0.018718,1.1278
4797,QUAD,0.229996,0.796712,1.51361153e-04,0.012303,1.4212
4798,QUAD,0.619556,0.780804,2.72146861e-04,0.016497,1.2411
4799,QUAD,0.299409,0.682871,2.16714272e-04,0.014721,1.3079
4800,QUAD,0.316775,0.694854,2.81195277e-04,0.016769,1.1894
4801,QUAD,0.199478,0.338711,3.74453043e-04,0.019351,1.4274
4802,QUAD,0.215370,0.347093,3.72070163e-04,0.019289,1.4117
4803,QUAD,0.297722,0.783804,3.02525254e-04,0.017393,1.4489
4804,QUAD,0.176324,0.796328,3.02461475e-04,0.017391,1.4911
4805,QUAD,0.196066,0.793890,1.66769535e-04,0.012914,1.5392
4806,QUAD,0.269542,0.292287,2.87005471e-04,0.016941,1.1737
4807,QUAD,0.720796,0.756653,2.63492555e-04,0.016232,1.4010
4808,QUAD,0.410899,0.814765,3.59525064e-04,0.018961,1.1892
4809,QUAD,0.199657,0.219866,3.46801425e-04,0.018623,1.2767
4810,QUAD,0.799766,0.278241,3.30106409e-04,0.018169,1.1497
4811,QUAD,0.209049,0.721698,5.05241067e-04,0.022478,1.3487
4812,QUAD,0.357968,0.794412,1.93376294e-04,0.013906,1.3695
4813,QUAD,0.191415,0.299927,2.62571597e-04,0.016204,1.0344
4814,QUAD,0.553887,0.210394,4.12303220e-04,0.020305,1.4337
4815,QUAD,0.504115,0.216765,2.37912400e-04,0.015424,1.4243
4816,QUAD,0.728563,0.230413,2.32959479e-04,0.015263,1.2952
4817,QUAD,0.743643,0.252510,1.81613287e-04,0.013476,1.6956
4818,QUAD,0.221043,0.330046,2.07505226e-04,0.014405,1.4707
4819,QUAD,0.235714,0.330358,2.77275991e-04,0.016652,1.1897
4820,QUAD,0.302944,0.194216,2.27699765e-04,0.015090,1.3225
4821,QUAD,0.643352,0.782600,3.33132699e-04,0.018252,1.0807
4822,QUAD,0.630888,0.769518,2.93260808e-04,0.017125,1.1609
4823,QUAD,0.827782,0.249417,3.07684162e-04,0.017541,1.3657
4824,QUAD,0.208046,0.667438,3.22625408e-04,0.017962,1.2062
4825,QUAD,0.169266,0.781818,1.92321145e-04,0.013868,1.4944
4826,QUAD,0.321839,0.282748,3.58694152e-04,0.018939,1.1677
4827,QUAD,0.338147,0.262641,2.45375859e-04,0.015664,1.5358
4828,QUAD,0.598273,0.825326,1.91500169e-04,0.013838,1.6450
4829,QUAD,0.817121,0.271952,3.14802734e-04,0.017743,1.0522
4830,QUAD,0.279201,0.800806,3.03869429e-04,0.017432,1.5070
4831,QUAD,0.476488,0.776866,1.93053075e-04,0.013894,1.3780
4832,QUAD,0.483508,0.754725,3.47492762e-04,0.018641,1.4782
4833,QUAD,0.253644,0.294569,2.62679122e-04,0.016207,1.1459
4834,QUAD,0.279317,0.218867,2.51603272e-04,0.015862,1.6884
4835,QUAD,0.271437,0.207126,2.08777225e-04,0.014449,1.2653
4836,QUAD,0.445505,0.216736,2.35676865e-04,0.015352,1.2586
4837,QUAD,0.626486,0.835077,1.80418063e-04,0.013432,1.2978
4838,QUAD,0.622945,0.856234,2.21382515e-04,0.014879,1.1033
4839,QUAD,0.593527,0.792836,2.50518299e-04,0.015828,1.3186
4840,QUAD,0.584618,0.827485,2.06576014e-04,0.014373,1.1927
4841,QUAD,0.455239,0.775801,2.97035838e-04,0.017235,1.2885
4842,QUAD,0.445849,0.791517,2.76619353e-04,0.016632,1.4085
4843,QUAD,0.731564,0.805863,2.24561317e-04,0.014985,1.5297
4844,QUAD,0.709257,0.813819,3.09069472e-04,0.017580,1.3063
4845,QUAD,0.200499,0.313015,2.60246486e-04,0.016132,1.1489
4846,QUAD,0.374235,0.275586,1.83091252e-04,0.013531,1.6279
4847,QUAD,0.377736,0.797842,2.65728903e-04,0.016301,1.1248
4848,QUAD,0.726364,0.783178,1.99167547e-04,0.014113,1.4549
4849,QUAD,0.554732,0.786030,2.14476725e-04,0.014645,1.4835
4850,QUAD,0.566645,0.799908,1.83049366e-04,0.013530,1.2426
4851,QUAD,0.737062,0.825991,2.28475241e-04,0.015115,1.1015
4852,QUAD,0.211973,0.686871,4.06206591e-04,0.020155,1.4176
4853,QUAD,0.227565,0.678752,2.41799182e-04,0.015550,1.2277
4854,QUAD,0.187996,0.784801,1.99574341e-04,0.014127,1.3687
4855,QUAD,0.467952,0.763366,3.16776661e-04,0.017798,1.2786
4856,QUAD,0.819470,0.181236,1.92543960e-04,0.013876,1.6073
4857,QUAD,0.313960,0.767213,2.18468963e-04,0.014781,1.4255
4858,QUAD,0.241181,0.787122,2.81444865e-04,0.016776,1.3716
4859,QUAD,0.714960,0.776727,1.85229554e-04,0.013610,1.3349
4860,QUAD,0.744340,0.798264,2.44138978e-04,0.015625,1.3556
4861,QUAD,0.809207,0.193487,3.60025882e-04,0.018974,1.4187
4862,QUAD,0.531585,0.791711,2.78259985e-04,0.016681,1.3891
4863,QUAD,0.519657,0.784709,1.89872891e-04,0.013779,1.7138
4864,QUAD,0.620469,0.822186,2.55266086e-04,0.015977,1.8430
4865,QUAD,0.777276,0.817966,2.94818661e-04,0.017170,1.3859
4866,QUAD,0.705584,0.789321,2.83692823e-04,0.016843,1.1570
4867,QUAD,0.802176,0.809503,2.76693472e-04,0.016634,1.5638
4868,QUAD,0.319115,0.712580,2.87619419e-04,0.016959,1.1210
4869,QUAD,0.688036,0.222869,2.27813932e-04,0.015094,1.0594
4870,QUAD,0.679687,0.211183,2.16945397e-04,0.014729,1.4044
4871,QUAD,0.476904,0.796624,1.60885754e-04,0.012684,1.4733
4872,QUAD,0.466578,0.786721,2.14613264e-04,0.014650,1.2609
4873,QUAD,0.749018,0.290898,2.11982564e-04,0.014560,1.2445
4874,QUAD,0.460300,0.197825,3.24582399e-04,0.018016,1.2941
4875,QUAD,0.362166,0.746047,2.13734264e-04,0.014620,1.0968
4876,QUAD,0.313517,0.224318,2.13867891e-04,0.014624,1.6470
4877,QUAD,0.322339,0.212566,1.93763242e-04,0.013920,1.5258
4878,QUAD,0.661477,0.216254,2.32985126e-04,0.015264,1.2926
4879,QUAD,0.193286,0.692104,4.38429693e-04,0.020939,1.4064
4880,QUAD,0.625355,0.195001,2.55205871e-04,0.015975,1.4045
4881,QUAD,0.793146,0.780195,2.74068097e-04,0.016555,1.2520
4882,QUAD,0.742010,0.225814,2.16724595e-04,0.014722,1.2938
4883,QUAD,0.721006,0.216853,2.60035846e-04,0.016126,1.1654
4884,QUAD,0.182375,0.286387,2.54571387e-04,0.015955,1.0852
4885,QUAD,0.810976,0.254604,3.52007194e-04,0.018762,1.2414
4886,QUAD,0.656345,0.795853,3.54940199e-04,0.018840,1.0358
4887,QUAD,0.535340,0.198268,2.04806215e-04,0.014311,1.9010
4888,QUAD,0.416766,0.232956,2.73748357e-04,0.016545,1.7144
4889,QUAD,0.450665,0.231295,2.00740082e-04,0.014168,1.6640
4890,QUAD,0.680495,0.766221,3.46317160e-04,0.018610,1.0903
4891,QUAD,0.434964,0.770924,1.86597317e-04,0.013660,1.3346
4892,QUAD,0.221179,0.315433,2.20543493e-04,0.014851,1.5948
4893,QUAD,0.591086,0.221971,3.56310383e-04,0.018876,1.2877
4894,QUAD,0.212646,0.367748,4.43064102e-04,0.021049,1.3166
4895,QUAD,0.289050,0.232926,4.55948123e-04,0.021353,1.6203
4896,QUAD,0.233181,0.220496,1.58684510e-04,0.012597,1.3426
4897,QUAD,0.693146,0.778336,3.19279179e-04,0.017868,1.1616
4898,QUAD,0.582784,0.812075,2.26866961e-04,0.015062,1.1264
4899,QUAD,0.430488,0.222622,3.14197223e-04,0.017726,1.2831
4900,QUAD,0.773388,0.193461,2.10877204e-04,0.014522,1.1692
4901,QUAD,0.797017,0.219115,2.66737951e-04,0.016332,1.5814
4902,QUAD,0.754997,0.211050,1.64783554e-04,0.012837,1.5578
4903,QUAD,0.209711,0.324412,2.06520586e-04,0.014371,1.4485
4904,QUAD,0.215116,0.281437,1.78658170e-04,0.013366,1.3573
4905,QUAD,0.461657,0.225911,1.36562201e-04,0.011686,1.2589
4906,QUAD,0.282948,0.267596,4.46560826e-04,0.021132,1.3803
4907,QUAD,0.286228,0.288308,3.53158799e-04,0.018793,1.2224
4908,QUAD,0.334809,0.201756,2.84827009e-04,0.016877,1.2127
4909,QUAD,0.630607,0.216522,2.14014357e-04,0.014629,1.3809
4910,QUAD,0.352055,0.258449,2.55942709e-04,0.015998,1.3621
4911,QUAD,0.423406,0.776520,2.03346142e-04,0.014260,1.2520
4912,QUAD,0.744796,0.239858,1.46174328e-04,0.012090,1.4171
4913,QUAD,0.324543,0.190127,2.70787185e-04,0.016456,1.2662
4914,QUAD,0.502850,0.770690,2.90135901e-04,0.017033,1.2875
4915,QUAD,0.393633,0.735115,3.07841688e-04,0.017545,1.3284
4916,QUAD,0.342296,0.782588,2.34219809e-04,0.015304,1.2358
4917,QUAD,0.379516,0.772979,3.07306436e-04,0.017530,1.1660
4918,QUAD,0.217866,0.218935,2.76157579e-04,0.016618,1.4402
4919,QUAD,0.234219,0.232181,1.76711355e-04,0.013293,1.4176
4920,QUAD,0.202650,0.236570,2.74449148e-04,0.016567,1.1075
4921,QUAD,0.508216,0.798865,1.53509662e-04,0.012390,1.5215
4922,QUAD,0.759343,0.779701,2.96292486e-04,0.017213,1.1824
4923,QUAD,0.241761,0.745641,3.72400851e-04,0.019298,1.2834
4924,QUAD,0.782187,0.220889,2.01972007e-04,0.014212,1.1070
4925,QUAD,0.794194,0.262257,3.03492029e-04,0.017421,1.1512
4926,QUAD,0.397612,0.240641,1.74765376e-04,0.013220,1.4913
4927,QUAD,0.404537,0.224973,2.86766071e-04,0.016934,1.6487
4928,QUAD,0.389802,0.222401,2.39146329e-04,0.015464,1.2081
4929,QUAD,0.392733,0.760661,2.92217480e-04,0.017094,1.1293
4930,QUAD,0.402534,0.774054,2.95960941e-04,0.017204,1.0729
4931,QUAD,0.223907,0.662523,2.68711230e-04,0.016392,1.1245
4932,QUAD,0.699896,0.213677,2.30112893e-04,0.015169,1.0653
4933,QUAD,0.564348,0.226242,4.42553325e-04,0.021037,1.4998
4934,QUAD,0.535799,0.217158,4.39993992e-04,0.020976,1.3150
4935,QUAD,0.512579,0.203438,2.69381605e-04,0.016413,1.6374
4936,QUAD,0.476657,0.201574,3.17015298e-04,0.017805,1.3205
4937,QUAD,0.490873,0.209731,2.79156191e-04,0.016708,1.1810
4938,QUAD,0.518351,0.218536,2.87032722e-04,0.016942,1.5023
4939,QUAD,0.515448,0.237944,3.64239518e-04,0.019085,1.2660
4940,QUAD,0.759798,0.795467,2.16916195e-04,0.014728,1.3683
4941,QUAD,0.407697,0.246123,1.64173750e-04,0.012813,1.3470
4942,QUAD,0.229107,0.777562,2.10177453e-04,0.014497,1.1775
4943,QUAD,0.282704,0.780727,3.19534209e-04,0.017876,1.3712
4944,QUAD,0.239695,0.716034,4.97948953e-04,0.022315,1.1693
4945,QUAD,0.724615,0.251493,2.10502513e-04,0.014509,1.1496
4946,QUAD,0.486060,0.786814,2.14502089e-04,0.014646,1.6991
4947,QUAD,0.203832,0.765760,2.80447016e-04,0.016747,1.3370
4948,QUAD,0.757116,0.239418,1.96485114e-04,0.014017,1.1428
4949,QUAD,0.302684,0.262877,4.79080901e-04,0.021888,1.3733
4950,QUAD,0.373885,0.736752,2.01099190e-04,0.014181,1.1693
4951,QUAD,0.788582,0.247560,2.35007361e-04,0.015330,1.2350
4952,QUAD,0.488375,0.772251,2.19355586e-04,0.014811,1.5786
4953,QUAD,0.305578,0.735794,3.61151864e-04,0.019004,1.3089
4954,QUAD,0.743478,0.812147,2.05133760e-04,0.014322,1.2842
4955,QUAD,0.459014,0.213801,1.73983440e-04,0.013190,1.4693
4956,QUAD,0.203686,0.289964,2.46029756e-04,0.015685,1.0646
4957,QUAD,0.696282,0.235431,2.25214336e-04,0.015007,1.0244
4958,QUAD,0.383239,0.253852,2.37974365e-04,0.015426,1.4241
4959,QUAD,0.430012,0.755409,2.64533343e-04,0.016264,1.4326
4960,QUAD,0.455632,0.161834,2.46187736e-04,0.015690,1.3882
4961,QUAD,0.719264,0.797684,2.95786276e-04,0.017198,1.2967
4962,QUAD,0.354415,0.229251,3.91609301e-04,0.019789,1.5515
4963,QUAD,0.369739,0.236170,3.05534210e-04,0.017480,1.4289
4964,QUAD,0.579217,0.210014,3.41132889e-04,0.018470,1.2592
4965,QUAD,0.251121,0.211833,2.56066821e-04,0.016002,1.1534
4966,QUAD,0.226935,0.277692,1.75635168e-04,0.013253,1.4699
4967,QUAD,0.222303,0.249104,2.56478438e-04,0.016015,1.2342
4968,QUAD,0.784306,0.234350,1.80928808e-04,0.013451,1.1871
4969,QUAD,0.234854,0.762849,2.99785355e-04,0.017314,1.2713
4970,QUAD,0.355069,0.734306,1.79424348e-04,0.013395,1.2976
4971,QUAD,0.327800,0.784101,2.69887071e-04,0.016428,1.3208
4972,QUAD,0.349447,0.754215,2.02662238e-04,0.014236,1.4758
4973,QUAD,0.343444,0.215844,3.42954452e-04,0.018519,1.4193
4974,QUAD,0.322037,0.730088,2.92293148e-04,0.017097,1.1033
4975,QUAD,0.225185,0.263571,2.43070355e-04,0.015591,1.2380
4976,QUAD,0.194710,0.275806,2.89533274e-04,0.017016,1.1726
4977,QUAD,0.444580,0.753608,2.44854443e-04,0.015648,1.4629
4978,QUAD,0.716316,0.238835,2.16181984e-04,0.014703,1.0941
4979,QUAD,0.378123,0.207285,1.82619608e-04,0.013514,1.4692
4980,QUAD,0.237833,0.294810,2.75897883e-04,0.016610,1.3482
4981,QUAD,0.711394,0.205489,1.86082554e-04,0.013641,1.4316
4982,QUAD,0.216995,0.771251,1.91258537e-04,0.013830,1.1963
4983,QUAD,0.250376,0.771684,3.50804036e-04,0.018730,1.3277
4984,QUAD,0.802616,0.239520,2.70664832e-04,0.016452,1.4619
4985,QUAD,0.356181,0.766241,2.16122000e-04,0.014701,1.4361
4986,QUAD,0.370004,0.759238,2.79064727e-04,0.016705,1.2472
4987,QUAD,0.328361,0.765496,2.87573150e-04,0.016958,1.3893
4988,QUAD,0.256790,0.235595,3.90385692e-04,0.019758,1.6152
4989,QUAD,0.213579,0.302489,2.66995060e-04,0.016340,1.2588
4990,QUAD,0.223991,0.291086,2.02784265e-04,0.014240,1.6925
4991,QUAD,0.253641,0.730136,3.58713869e-04,0.018940,1.5852
4992,QUAD,0.327926,0.225046,2.58617771e-04,0.016082,1.5311
4993,QUAD,0.325889,0.242640,3.74778959e-04,0.019359,1.2147
4994,QUAD,0.242477,0.261229,3.05214645e-04,0.017470,1.4796
4995,QUAD,0.382833,0.748241,2.60437413e-04,0.016138,1.1631
4996,QUAD,0.704769,0.247803,2.20634812e-04,0.014854,1.0434
4997,QUAD,0.272098,0.249356,5.47673881e-04,0.023402,1.2775
4998,QUAD,0.271163,0.758088,2.95244136e-04,0.017183,1.3621
4999,QUAD,0.626823,0.231395,1.81550813e-04,0.013474,1.3428
5000,QUAD,0.458302,0.799166,2.24063068e-04,0.014969,1.2164
5001,QUAD,0.452372,0.813337,2.19117686e-04,0.014803,1.2185
5002,QUAD,0.256570,0.753809,2.71627883e-04,0.016481,1.3325
5003,QUAD,0.240496,0.277937,2.37101458e-04,0.015398,1.2355
5004,QUAD,0.272780,0.740053,2.61019087e-04,0.016156,1.2977
5005,QUAD,0.326341,0.747439,2.97609953e-04,0.017251,1.1719
5006,QUAD,0.269698,0.721922,3.58297725e-04,0.018929,1.3656
5007,QUAD,0.341660,0.741287,2.83986069e-04,0.016852,1.2760
5008,QUAD,0.286905,0.760149,3.50214767e-04,0.018714,1.5034
5009,QUAD,0.209101,0.267720,2.72524002e-04,0.016508,1.2888
5010,QUAD,0.258395,0.264185,2.54954997e-04,0.015967,1.7558
5011,QUAD,0.267108,0.275757,2.27719958e-04,0.015090,1.4376
5012,QUAD,0.993552,0.508236,1.16418159e-05,0.003412,1.6697
5013,QUAD,0.990230,0.511386,1.15285833e-05,0.003395,1.4419
5014,QUAD,0.991891,0.502516,1.91194371e-05,0.004373,1.9900
5015,QUAD,0.449530,0.522443,9.96505937e-05,0.009983,1.5627
5016,QUAD,0.992848,0.524779,4.21058022e-06,0.002052,1.0933
5017,QUAD,0.513218,0.496347,5.89387797e-06,0.002428,1.2697
5018,QUAD,0.327056,0.546369,3.67239119e-04,0.019163,1.0254
5019,QUAD,0.389516,0.575701,2.77805417e-04,0.016667,1.5503
5020,QUAD,0.441712,0.554319,1.31591814e-04,0.011471,1.8998
5021,QUAD,0.513462,0.501652,7.59802333e-06,0.002756,1.4469
5022,QUAD,0.517873,0.506604,1.74214414e-05,0.004174,1.5478
5023,QUAD,0.991132,0.531802,4.08604429e-06,0.002021,1.5314
5024,QUAD,0.962291,0.510481,2.87392443e-05,0.005361,1.6034
5025,QUAD,0.920239,0.814868,2.23935915e-04,0.014964,1.6220
5026,QUAD,0.956416,0.775484,2.94116088e-04,0.017150,1.1024
5027,QUAD,0.342189,0.931447,2.65349650e-04,0.016290,1.4886
5028,QUAD,0.196383,0.411000,3.26284573e-04,0.018063,1.1991
5029,QUAD,0.077150,0.184578,2.75494219e-04,0.016598,1.0513
5030,QUAD,0.083896,0.914186,1.86904335e-04,0.013671,1.3014
5031,QUAD,0.912477,0.254373,1.97582535e-04,0.014056,1.1743
5032,QUAD,0.945502,0.113702,1.97807259e-04,0.014064,1.2118
5033,QUAD,0.924074,0.359321,2.14954291e-04,0.014661,1.2065
5034,QUAD,0.269919,0.586186,3.52938361e-04,0.018787,1.0546
5035,QUAD,0.090584,0.167236,2.78862907e-04,0.016699,1.1140
5036,QUAD,0.876951,0.388752,2.20542099e-04,0.014851,1.4292
5037,QUAD,0.668394,0.910359,1.96478249e-04,0.014017,1.2537
5038,QUAD,0.669688,0.896738,1.48732870e-04,0.012196,1.2783
5039,QUAD,0.247816,0.880669,3.06832265e-04,0.017517,1.1524
5040,QUAD,0.530522,0.076919,2.05684955e-04,0.014342,1.4947
5041,QUAD,0.251587,0.587503,3.46445789e-04,0.018613,1.0754
5042,QUAD,0.922873,0.304629,2.26440451e-04,0.015048,1.3104
5043,QUAD,0.914086,0.319732,1.19775103e-04,0.010944,1.5118
5044,QUAD,0.890126,0.291682,2.33432386e-04,0.015278,1.0859
5045,QUAD,0.879315,0.280983,2.35737345e-04,0.015354,1.1239
5046,QUAD,0.417670,0.628510,2.15947514e-04,0.014695,1.1056
5047,QUAD,0.915152,0.742525,2.48510805e-04,0.015764,1.6435
5048,QUAD,0.916703,0.490606,7.74660901e-05,0.008801,1.1308
5049,QUAD,0.472746,0.140089,1.80406976e-04,0.013432,1.2627
5050,QUAD,0.158546,0.911508,2.43477052e-04,0.015604,1.3163
5051,QUAD,0.667553,0.884428,1.94139993e-04,0.013933,2.0318
5052,QUAD,0.883046,0.479958,7.12772711e-05,0.008443,1.3162
5053,QUAD,0.892448,0.255041,1.53191679e-04,0.012377,1.4410
5054,QUAD,0.976083,0.529896,1.10766427e-05,0.003328,1.2221
5055,QUAD,0.485739,0.474418,2.16116051e-05,0.004649,1.3756
5056,QUAD,0.704062,0.117375,1.75317037e-04,0.013241,1.6620
5057,QUAD,0.892744,0.351405,2.20568223e-04,0.014852,1.3122
5058,QUAD,0.888734,0.838201,2.51427111e-04,0.015856,1.6367
5059,QUAD,0.152937,0.377837,1.44127028e-04,0.012005,1.8731
5060,QUAD,0.401624,0.085602,2.41880300e-04,0.015553,1.4137
5061,QUAD,0.839907,0.408518,1.90425425e-04,0.013799,1.1274
5062,QUAD,0.589216,0.133669,2.48322351e-04,0.015758,1.2043
5063,QUAD,0.116753,0.128532,1.71541513e-04,0.013097,1.4097
5064,QUAD,0.159630,0.345709,2.95934065e-04,0.017203,1.3580
5065,QUAD,0.187669,0.324443,3.12291322e-04,0.017672,1.1663
5066,QUAD,0.215634,0.072165,2.84350853e-04,0.016863,1.0378
5067,QUAD,0.512048,0.557485,7.05262102e-05,0.008398,1.7222
5068,QUAD,0.177175,0.604400,1.51388239e-04,0.012304,1.6231
5069,QUAD,0.466165,0.632965,1.46345544e-04,0.012097,1.3326
5070,QUAD,0.853984,0.362523,1.69179143e-04,0.013007,1.4085
5071,QUAD,0.520708,0.463734,1.89356341e-05,0.004352,1.5680
5072,QUAD,0.978829,0.545391,2.00469276e-05,0.004477,1.7949
5073,QUAD,0.467530,0.867892,1.55475661e-04,0.012469,1.5606
5074,QUAD,0.407946,0.655450,1.66194341e-04,0.012892,1.1460
5075,QUAD,0.195331,0.084871,2.75568166e-04,0.016600,1.1010
5076,QUAD,0.129238,0.131832,1.55231372e-04,0.012459,1.4309
5077,QUAD,0.497620,0.865850,2.80329156e-04,0.016743,1.1823
5078,QUAD,0.726820,0.117300,1.43334541e-04,0.011972,1.4336
5079,QUAD,0.604204,0.851317,2.07878960e-04,0.014418,1.1187
5080,QUAD,0.132702,0.120109,1.81914949e-04,0.013488,1.6999
5081,QUAD,0.505811,0.165746,1.67306015e-04,0.012935,1.5351
5082,QUAD,0.474799,0.172955,2.93662697e-04,0.017137,1.3548
5083,QUAD,0.386658,0.811776,3.04565584e-04,0.017452,1.1096
5084,QUAD,0.148642,0.605288,1.70550155e-04,0.013059,2.0094
5085,QUAD,0.111634,0.113505,9.98844815e-05,0.009994,1.1418
5086,QUAD,0.602516,0.159415,1.70626194e-04,0.013062,1.3664
5087,QUAD,0.877109,0.659949,1.91892628e-04,0.013853,1.4283
5088,QUAD,0.587034,0.842688,2.09802410e-04,0.014485,1.2501
5089,QUAD,0.757841,0.168939,2.00743728e-04,0.014168,1.2806
5090,QUAD,0.844709,0.689438,2.31078842e-04,0.015201,1.3331
5091,QUAD,0.895708,0.498237,5.30512937e-05,0.007284,1.0944
5092,QUAD,0.551838,0.562928,6.55726333e-05,0.008098,1.3013
5093,QUAD,0.170596,0.296141,2.23521736e-04,0.014951,1.1682
5094,QUAD,0.390075,0.786224,2.86033263e-04,0.016913,1.0314
5095,QUAD,0.171895,0.273536,2.63995650e-04,0.016248,1.1639
5096,QUAD,0.292935,0.185858,1.78350002e-04,0.013355,1.4704
5097,QUAD,0.247511,0.161290,2.73675272e-04,0.016543,1.1165
5098,QUAD,0.818347,0.648345,1.87810933e-04,0.013704,1.4362
5099,QUAD,0.531911,0.458717,2.14006793e-05,0.004626,1.7534
5100,QUAD,0.897378,0.513105,3.52240071e-05,0.005935,1.1035
5101,QUAD,0.887050,0.503115,4.63187685e-05,0.006806,1.0948
5102,QUAD,0.779257,0.206806,2.14058280e-04,0.014631,1.1569
5103,QUAD,0.789205,0.766749,1.62471232e-04,0.012746,1.3516
5104,QUAD,0.198433,0.153894,2.34786648e-04,0.015323,1.2419
5105,QUAD,0.524462,0.430336,1.32488997e-04,0.011510,1.5434
5106,QUAD,0.544735,0.548297,3.47034307e-05,0.005891,2.0553
5107,QUAD,0.859445,0.510514,5.52861088e-05,0.007435,1.2817
5108,QUAD,0.282354,0.678197,2.11784713e-04,0.014553,1.3689
5109,QUAD,0.668453,0.781209,3.46079493e-04,0.018603,1.0722
5110,QUAD,0.538265,0.464422,1.24098856e-05,0.003523,1.3473
5111,QUAD,0.342599,0.766307,2.15259001e-04,0.014672,1.5834
5112,QUAD,0.768582,0.223652,1.84011893e-04,0.013565,1.0373
5113,QUAD,0.755477,0.225039,1.82444936e-04,0.013507,1.1437
5114,QUAD,0.555912,0.518123,1.45481758e-05,0.003814,1.6033
5115,QUAD,0.452083,0.839251,1.64235592e-04,0.012815,1.3840
5116,QUAD,0.919585,0.538138,1.56746542e-05,0.003959,1.4054
5117,QUAD,0.562890,0.548029,3.23140390e-05,0.005685,1.1780
5118,QUAD,0.776517,0.780487,2.88690529e-04,0.016991,1.1228
5119,QUAD,0.879527,0.508565,4.17327926e-05,0.006460,1.1214
5120,QUAD,0.773452,0.252298,2.44028986e-04,0.015621,1.1558
5121,QUAD,0.770689,0.237609,2.06129698e-04,0.014357,1.0996
5122,QUAD,0.259622,0.197244,3.01966845e-04,0.017377,1.2527
5123,QUAD,0.824524,0.576818,8.80805970e-05,0.009385,1.3762
5124,QUAD,0.251637,0.699991,2.85555824e-04,0.016898,1.9076
5125,QUAD,0.708316,0.226301,2.23742816e-04,0.014958,1.0318
5126,QUAD,0.672701,0.254828,2.47425480e-04,0.015730,1.0762
5127,QUAD,0.234240,0.195231,2.20000674e-04,0.014832,1.4852
5128,QUAD,0.541344,0.466133,1.68121422e-05,0.004100,1.3588
5129,QUAD,0.376194,0.220581,1.83942906e-04,0.013563,1.4149
5130,QUAD,0.365996,0.214449,2.01649275e-04,0.014200,1.6311
5131,QUAD,0.538351,0.431166,7.35873403e-05,0.008578,2.1578
5132,QUAD,0.213824,0.750608,3.36218934e-04,0.018336,1.3469
5133,QUAD,0.465408,0.818689,1.90235378e-04,0.013793,1.0431
5134,QUAD,0.545288,0.457867,2.18319202e-05,0.004672,1.3525
5135,QUAD,0.890306,0.516626,3.02342907e-05,0.005499,1.1174
5136,QUAD,0.884354,0.520774,2.50788879e-05,0.005008,1.2404
5137,QUAD,0.873498,0.514853,3.69693058e-05,0.006080,1.1418
5138,QUAD,0.757694,0.254887,2.59196629e-04,0.016100,1.3943
5139,QUAD,0.705653,0.764357,3.22569446e-04,0.017960,1.3610
5140,QUAD,0.244850,0.225098,1.74179054e-04,0.013198,1.4407
5141,QUAD,0.240210,0.245391,3.07522003e-04,0.017536,1.5122
5142,QUAD,0.424219,0.245750,2.08396989e-04,0.014436,1.2498
5143,QUAD,0.413775,0.264370,2.89047319e-04,0.017001,1.9010
5144,QUAD,0.770572,0.483672,7.35278770e-05,0.008575,1.1373
5145,QUAD,0.732101,0.656812,1.89108955e-04,0.013752,1.3070
5146,QUAD,0.735140,0.636202,2.87334644e-04,0.016951,1.0910
5147,QUAD,0.816641,0.567318,5.95661496e-05,0.007718,1.1991
5148,QUAD,0.824283,0.568347,6.09526143e-05,0.007807,1.0829
5149,QUAD,0.468745,0.280174,2.93521484e-04,0.017132,1.3462
5150,QUAD,0.693398,0.751085,3.90108513e-04,0.019751,1.2124
5151,QUAD,0.761959,0.475650,7.30158726e-05,0.008545,1.2676
5152,QUAD,0.734524,0.243506,1.52360628e-04,0.012343,1.4344
5153,QUAD,0.897422,0.525833,2.44939755e-05,0.004949,1.2413
5154,QUAD,0.548379,0.460569,1.48401013e-05,0.003852,1.5164
5155,QUAD,0.562812,0.431661,1.09869467e-04,0.010482,1.5659
5156,QUAD,0.899815,0.539521,1.89592580e-05,0.004354,1.4370
5157,QUAD,0.874348,0.539349,4.61068112e-06,0.002147,1.5514
5158,QUAD,0.835054,0.552014,2.14580957e-05,0.004632,1.2718
5159,QUAD,0.875336,0.525779,2.01771051e-05,0.004492,1.3004
5160,QUAD,0.561351,0.502916,5.69102795e-06,0.002386,1.2964
5161,QUAD,0.617777,0.568272,8.13699439e-05,0.009021,1.2599
5162,QUAD,0.619773,0.338479,2.86965236e-04,0.016940,1.5009
5163,QUAD,0.564747,0.501422,9.23854306e-06,0.003039,1.9125
5164,QUAD,0.578797,0.550056,2.29367245e-05,0.004789,1.1187
5165,QUAD,0.809264,0.543076,2.49596222e-05,0.004996,1.8606
5166,QUAD,0.706383,0.477582,1.01442598e-04,0.010072,1.1136
5167,QUAD,0.647497,0.354680,2.73084116e-04,0.016525,1.3556
5168,QUAD,0.576244,0.556093,2.76203500e-05,0.005256,1.3237
5169,QUAD,0.838763,0.535896,1.13480078e-05,0.003369,1.5526
5170,QUAD,0.691366,0.573998,1.12530660e-04,0.010608,1.3219
5171,QUAD,0.846427,0.541951,1.02262946e-05,0.003198,1.3357
5172,QUAD,0.581100,0.537750,1.69321836e-05,0.004115,1.1901
5173,QUAD,0.812237,0.537118,1.75920466e-05,0.004194,1.5995
5174,QUAD,0.801295,0.532767,1.45268153e-05,0.003811,1.0835
5175,QUAD,0.797207,0.523470,2.61010499e-05,0.005109,1.1723
5176,QUAD,0.635701,0.551599,4.37730692e-05,0.006616,1.2587
5177,QUAD,0.784267,0.546635,1.04755200e-05,0.003237,1.5345
5178,QUAD,0.786349,0.522622,2.99144627e-05,0.005469,1.1350
5179,QUAD,0.573309,0.491409,1.60895245e-05,0.004011,1.6270
5180,QUAD,0.638544,0.543043,2.85973550e-05,0.005348,1.1322
5181,QUAD,0.780337,0.541241,1.52770195e-05,0.003909,1.8736
5182,QUAD,0.774534,0.541009,2.49253584e-05,0.004993,2.0661
5183,QUAD,0.587607,0.533620,9.09770750e-06,0.003016,1.3030
5184,QUAD,0.663165,0.489344,5.42945633e-05,0.007368,1.1367
5185,QUAD,0.664118,0.547193,2.53564861e-05,0.005036,1.3073
5186,QUAD,0.695784,0.534629,2.58157241e-05,0.005081,1.4609
5187,QUAD,0.655531,0.546854,9.41966917e-06,0.003069,1.2967
5188,QUAD,0.652197,0.540924,1.54297696e-05,0.003928,1.1954
5189,QUAD,0.631248,0.518103,3.10841298e-05,0.005575,1.4960
