{
  "actual_local_h_corridor_max": 0.019814436700632865,
  "actual_local_h_corridor_mean": 0.0050127391907145834,
  "actual_local_h_corridor_median": 0.004943904068987025,
  "actual_local_h_corridor_min": 0.003947195994220422,
  "case_id": "H0",
  "corridor_element_count": null,
  "corridor_h_over_lc_median": 0.329593604599135,
  "deck_sha256": "82c80c03c1b0b25131e9e0352502fb393bd593f9f07035c311f164ee9311f92e",
  "edge_length_all_max": 0.50540865399,
  "edge_length_all_mean": 0.012188067399059232,
  "edge_length_all_median": 0.005776611294262174,
  "edge_length_all_min": 0.002964465904142128,
  "exact_author_inputs_verified": true,
  "layered_element_count": 11790,
  "line_ending_note": "tracked_lf_git_hpc_consistent",
  "local_target_h_mm": 0.005,
  "mesh_sha256": "82c80c03c1b0b25131e9e0352502fb393bd593f9f07035c311f164ee9311f92e",
  "node_count": 3999,
  "physical_element_count": 3930,
  "source_sha256": "516e5ce9a405c30e9d4b45f919f8c22e39cd36bcce102ca065837b81a1405088",
  "target_h_over_lc": 0.3333333333
}
