label,cx,cy,area,h_eq,d,H,miseseri,norm_miseseri
1,0.280333,0.402593,0.00000000e+00,0.000000,0.000000,0.000000e+00,3.31592117e-16,0.007365
2,0.473568,0.359526,0.00000000e+00,0.000000,0.000000,0.000000e+00,1.17026834e-15,0.025994
3,0.667355,0.475520,0.00000000e+00,0.000000,0.000000,0.000000e+00,1.52200386e-16,0.003381
4,0.430856,0.814246,0.00000000e+00,0.000000,0.000000,0.000000e+00,5.78642723e-16,0.012853
5,0.714496,0.255883,0.00000000e+00,0.000000,0.000000,0.000000e+00,1.26911132e-16,0.002819
6,0.303897,0.260673,0.00000000e+00,0.000000,0.000000,0.000000e+00,5.40543446e-16,0.012007
7,0.265663,0.262728,0.00000000e+00,0.000000,0.000000,0.000000e+00,5.59196435e-16,0.012421
8,0.765842,0.430779,0.00000000e+00,0.000000,0.000000,0.000000e+00,2.26725203e-16,0.005036
9,0.422086,0.852929,0.00000000e+00,0.000000,0.000000,0.000000e+00,5.65774757e-16,0.012567
10,0.899159,0.915565,0.00000000e+00,0.000000,0.000000,0.000000e+00,1.15776698e-16,0.002572
11,0.799653,0.943016,0.00000000e+00,0.000000,0.000000,0.000000e+00,2.04236320e-16,0.004537
12,0.942800,0.700251,0.00000000e+00,0.000000,0.000000,0.000000e+00,2.35175336e-16,0.005224
13,0.943588,0.200312,0.00000000e+00,0.000000,0.000000,0.000000e+00,1.97559900e-16,0.004388
14,0.299646,0.942555,0.00000000e+00,0.000000,0.000000,0.000000e+00,5.59022793e-16,0.012417
15,0.084481,0.898857,0.00000000e+00,0.000000,0.000000,0.000000e+00,3.72525302e-16,0.008275
16,0.058615,0.821948,0.00000000e+00,0.000000,0.000000,0.000000e+00,3.37358347e-16,0.007493
17,0.167444,0.910569,0.00000000e+00,0.000000,0.000000,0.000000e+00,2.16860234e-16,0.004817
18,0.478286,0.578765,0.00000000e+00,0.000000,0.000000,0.000000e+00,3.97460554e-15,0.088284
19,0.053726,0.889443,0.00000000e+00,0.000000,0.000000,0.000000e+00,3.21294314e-16,0.007137
20,0.333905,0.397691,0.00000000e+00,0.000000,0.000000,0.000000e+00,6.86845094e-16,0.015256
21,0.061684,0.422616,0.00000000e+00,0.000000,0.000000,0.000000e+00,1.88385395e-16,0.004184
22,0.035996,0.398628,0.00000000e+00,0.000000,0.000000,0.000000e+00,1.58817963e-16,0.003528
23,0.651742,0.108509,0.00000000e+00,0.000000,0.000000,0.000000e+00,2.85438377e-16,0.006340
24,0.141692,0.588944,0.00000000e+00,0.000000,0.000000,0.000000e+00,1.18829789e-16,0.002639
25,0.165996,0.891356,0.00000000e+00,0.000000,0.000000,0.000000e+00,9.49572506e-17,0.002109
26,0.105409,0.353488,0.00000000e+00,0.000000,0.000000,0.000000e+00,8.72557094e-17,0.001938
27,0.699235,0.926573,0.00000000e+00,0.000000,0.000000,0.000000e+00,9.12832650e-17,0.002028
28,0.926189,0.801269,0.00000000e+00,0.000000,0.000000,0.000000e+00,1.01108596e-16,0.002246
29,0.148642,0.166149,0.00000000e+00,0.000000,0.000000,0.000000e+00,3.48802238e-16,0.007748
30,0.872180,0.729248,0.00000000e+00,0.000000,0.000000,0.000000e+00,9.74327242e-17,0.002164
31,0.150225,0.217047,0.00000000e+00,0.000000,0.000000,0.000000e+00,2.22710055e-16,0.004947
32,0.271899,0.871559,0.00000000e+00,0.000000,0.000000,0.000000e+00,4.37641992e-16,0.009721
33,0.883503,0.593918,0.00000000e+00,0.000000,0.000000,0.000000e+00,1.62817428e-16,0.003617
34,0.436790,0.109772,0.00000000e+00,0.000000,0.000000,0.000000e+00,5.41371209e-16,0.012025
35,0.596365,0.389183,0.00000000e+00,0.000000,0.000000,0.000000e+00,1.48128645e-15,0.032902
36,0.613169,0.598318,0.00000000e+00,0.000000,0.000000,0.000000e+00,8.17525549e-16,0.018159
37,0.858915,0.245135,0.00000000e+00,0.000000,0.000000,0.000000e+00,6.82697372e-17,0.001516
38,0.754069,0.860621,0.00000000e+00,0.000000,0.000000,0.000000e+00,3.19868691e-17,0.000710
39,0.353442,0.337608,0.00000000e+00,0.000000,0.000000,0.000000e+00,7.33325286e-16,0.016289
40,0.645433,0.787181,0.00000000e+00,0.000000,0.000000,0.000000e+00,1.53425579e-16,0.003408
41,0.374073,0.208837,0.00000000e+00,0.000000,0.000000,0.000000e+00,7.19898649e-16,0.015990
42,0.829152,0.761097,0.00000000e+00,0.000000,0.000000,0.000000e+00,8.21470684e-17,0.001825
43,0.562240,0.674348,0.00000000e+00,0.000000,0.000000,0.000000e+00,6.79255943e-16,0.015088
44,0.794966,0.772026,0.00000000e+00,0.000000,0.000000,0.000000e+00,7.45011733e-17,0.001655
45,0.848108,0.563940,0.00000000e+00,0.000000,0.000000,0.000000e+00,1.50685335e-16,0.003347
46,0.577217,0.628220,0.00000000e+00,0.000000,0.000000,0.000000e+00,4.91639098e-16,0.010920
47,0.365640,0.723474,0.00000000e+00,0.000000,0.000000,0.000000e+00,7.82043127e-16,0.017371
48,0.536036,0.829079,0.00000000e+00,0.000000,0.000000,0.000000e+00,4.31282628e-16,0.009580
49,0.635297,0.323326,0.00000000e+00,0.000000,0.000000,0.000000e+00,1.51067969e-16,0.003356
50,0.658008,0.463035,0.00000000e+00,0.000000,0.000000,0.000000e+00,3.85787323e-16,0.008569
51,0.746118,0.314586,0.00000000e+00,0.000000,0.000000,0.000000e+00,1.61401533e-16,0.003585
52,0.405278,0.286577,0.00000000e+00,0.000000,0.000000,0.000000e+00,8.26341044e-16,0.018355
53,0.765758,0.345527,0.00000000e+00,0.000000,0.000000,0.000000e+00,1.28918666e-16,0.002864
54,0.587951,0.261099,0.00000000e+00,0.000000,0.000000,0.000000e+00,4.44658363e-16,0.009877
55,0.610564,0.696863,0.00000000e+00,0.000000,0.000000,0.000000e+00,1.67737127e-16,0.003726
56,0.773797,0.475908,0.00000000e+00,0.000000,0.000000,0.000000e+00,1.20655926e-16,0.002680
57,0.755485,0.396106,0.00000000e+00,0.000000,0.000000,0.000000e+00,2.16863503e-16,0.004817
58,0.259154,0.690530,0.00000000e+00,0.000000,0.000000,0.000000e+00,9.98899933e-17,0.002219
59,0.707110,0.690709,0.00000000e+00,0.000000,0.000000,0.000000e+00,2.34142671e-16,0.005201
60,0.222702,0.239516,0.00000000e+00,0.000000,0.000000,0.000000e+00,8.75956608e-17,0.001946
61,0.726962,0.509559,0.00000000e+00,0.000000,0.000000,0.000000e+00,8.01933869e-17,0.001781
62,0.691930,0.658725,0.00000000e+00,0.000000,0.000000,0.000000e+00,2.72462362e-16,0.006052
63,0.711585,0.705271,0.00000000e+00,0.000000,0.000000,0.000000e+00,9.47020488e-17,0.002104
64,0.756050,0.619766,0.00000000e+00,0.000000,0.000000,0.000000e+00,3.01864252e-16,0.006705
65,0.616768,0.155977,0.00000000e+00,0.000000,0.000000,0.000000e+00,2.56540128e-16,0.005698
66,0.903366,0.088456,0.00000000e+00,0.000000,0.000000,0.000000e+00,8.85788675e-17,0.001968
67,0.940815,0.099192,0.00000000e+00,0.000000,0.000000,0.000000e+00,7.97124045e-17,0.001771
68,0.889719,0.946102,0.00000000e+00,0.000000,0.000000,0.000000e+00,6.28328577e-17,0.001396
69,0.705517,0.107679,0.00000000e+00,0.000000,0.000000,0.000000e+00,1.93167756e-16,0.004291
70,0.107511,0.802074,0.00000000e+00,0.000000,0.000000,0.000000e+00,1.70095386e-16,0.003778
71,0.877225,0.163179,0.00000000e+00,0.000000,0.000000,0.000000e+00,5.82990874e-17,0.001295
72,0.833236,0.873180,0.00000000e+00,0.000000,0.000000,0.000000e+00,6.91651238e-17,0.001536
73,0.129594,0.830700,0.00000000e+00,0.000000,0.000000,0.000000e+00,2.74990120e-16,0.006108
74,0.871075,0.665274,0.00000000e+00,0.000000,0.000000,0.000000e+00,1.19031899e-16,0.002644
75,0.333803,0.871521,0.00000000e+00,0.000000,0.000000,0.000000e+00,4.30922347e-16,0.009572
76,0.090585,0.121331,0.00000000e+00,0.000000,0.000000,0.000000e+00,1.92201556e-16,0.004269
77,0.845532,0.493484,0.00000000e+00,0.000000,0.000000,0.000000e+00,1.55739157e-16,0.003459
78,0.150741,0.324866,0.00000000e+00,0.000000,0.000000,0.000000e+00,1.17026165e-16,0.002599
79,0.322014,0.143704,0.00000000e+00,0.000000,0.000000,0.000000e+00,3.86535280e-16,0.008586
80,0.512690,0.754530,0.00000000e+00,0.000000,0.000000,0.000000e+00,7.03089598e-16,0.015617
81,0.823376,0.249491,0.00000000e+00,0.000000,0.000000,0.000000e+00,8.09079188e-17,0.001797
82,0.531155,0.728931,0.00000000e+00,0.000000,0.000000,0.000000e+00,7.06002756e-16,0.015682
83,0.472512,0.201202,0.00000000e+00,0.000000,0.000000,0.000000e+00,5.84266386e-16,0.012978
84,0.809618,0.547079,0.00000000e+00,0.000000,0.000000,0.000000e+00,1.59038284e-16,0.003533
85,0.759860,0.464445,0.00000000e+00,0.000000,0.000000,0.000000e+00,1.61936315e-16,0.003597
86,0.787825,0.252579,0.00000000e+00,0.000000,0.000000,0.000000e+00,9.27845251e-17,0.002061
87,0.448680,0.725647,0.00000000e+00,0.000000,0.000000,0.000000e+00,9.32201263e-16,0.020706
88,0.698410,0.754344,0.00000000e+00,0.000000,0.000000,0.000000e+00,1.94062673e-16,0.004311
89,0.020000,0.000000,0.00000000e+00,0.000000,0.000000,0.000000e+00,1.51262482e-16,0.003360
90,0.020452,0.020093,0.00000000e+00,0.000000,0.000000,0.000000e+00,1.57761475e-16,0.003504
91,0.000000,0.120000,0.00000000e+00,0.000000,0.000000,0.000000e+00,1.53090128e-16,0.003400
92,0.000000,0.160000,0.00000000e+00,0.000000,0.000000,0.000000e+00,1.31101245e-16,0.002912
93,0.000000,0.200000,0.00000000e+00,0.000000,0.000000,0.000000e+00,1.23875154e-16,0.002752
94,0.000000,0.240000,0.00000000e+00,0.000000,0.000000,0.000000e+00,1.03470468e-16,0.002298
95,0.000000,0.280000,0.00000000e+00,0.000000,0.000000,0.000000e+00,7.77968859e-17,0.001728
96,0.020974,0.300775,0.00000000e+00,0.000000,0.000000,0.000000e+00,1.12760838e-16,0.002505
97,0.019098,0.341038,0.00000000e+00,0.000000,0.000000,0.000000e+00,1.59813955e-16,0.003550
98,0.018112,0.380261,0.00000000e+00,0.000000,0.000000,0.000000e+00,1.93993560e-16,0.004309
99,0.019991,0.419175,0.00000000e+00,0.000000,0.000000,0.000000e+00,2.10852176e-16,0.004683
100,0.020000,0.500000,0.00000000e+00,0.000000,0.000000,0.000000e+00,4.29630695e-17,0.000954
101,0.000000,0.480000,0.00000000e+00,0.000000,0.000000,0.000000e+00,1.67657731e-16,0.003724
102,0.040000,0.000000,0.00000000e+00,0.000000,0.000000,0.000000e+00,1.42274959e-16,0.003160
103,0.041634,0.039688,0.00000000e+00,0.000000,0.000000,0.000000e+00,1.65949372e-16,0.003686
104,0.061738,0.110532,0.00000000e+00,0.000000,0.000000,0.000000e+00,2.43280886e-16,0.005404
105,0.038260,0.162826,0.00000000e+00,0.000000,0.000000,0.000000e+00,1.07886970e-16,0.002396
106,0.060898,0.202065,0.00000000e+00,0.000000,0.000000,0.000000e+00,6.52333623e-17,0.001449
107,0.042992,0.242773,0.00000000e+00,0.000000,0.000000,0.000000e+00,5.50038281e-17,0.001222
108,0.019779,0.281096,0.00000000e+00,0.000000,0.000000,0.000000e+00,1.39087522e-16,0.003089
109,0.074894,0.319863,0.00000000e+00,0.000000,0.000000,0.000000e+00,9.34585383e-17,0.002076
110,0.036109,0.380579,0.00000000e+00,0.000000,0.000000,0.000000e+00,1.23318389e-16,0.002739
111,0.060000,0.500000,0.00000000e+00,0.000000,0.000000,0.000000e+00,2.07393463e-16,0.004607
112,0.080183,0.457634,0.00000000e+00,0.000000,0.000000,0.000000e+00,2.07003695e-16,0.004598
113,0.080000,0.000000,0.00000000e+00,0.000000,0.000000,0.000000e+00,1.27171277e-16,0.002825
114,0.081456,0.037767,0.00000000e+00,0.000000,0.000000,0.000000e+00,1.21232120e-16,0.002693
115,0.082694,0.056733,0.00000000e+00,0.000000,0.000000,0.000000e+00,1.28260627e-16,0.002849
116,0.108110,0.110606,0.00000000e+00,0.000000,0.000000,0.000000e+00,3.73461406e-16,0.008295
117,0.093058,0.145262,0.00000000e+00,0.000000,0.000000,0.000000e+00,1.28919725e-16,0.002864
118,0.100455,0.197208,0.00000000e+00,0.000000,0.000000,0.000000e+00,5.48369428e-17,0.001218
119,0.085381,0.221639,0.00000000e+00,0.000000,0.000000,0.000000e+00,2.95054795e-17,0.000655
120,0.077289,0.298556,0.00000000e+00,0.000000,0.000000,0.000000e+00,8.96749612e-17,0.001992
121,0.102123,0.328051,0.00000000e+00,0.000000,0.000000,0.000000e+00,9.21289811e-17,0.002046
122,0.114682,0.334120,0.00000000e+00,0.000000,0.000000,0.000000e+00,7.37534748e-17,0.001638
123,0.093019,0.384890,0.00000000e+00,0.000000,0.000000,0.000000e+00,8.51239194e-17,0.001891
124,0.080183,0.457634,0.00000000e+00,0.000000,0.000000,0.000000e+00,1.91021825e-16,0.004243
125,0.100045,0.479343,0.00000000e+00,0.000000,0.000000,0.000000e+00,2.45299577e-16,0.005449
126,0.080177,0.479187,0.00000000e+00,0.000000,0.000000,0.000000e+00,2.45716291e-16,0.005458
127,0.120000,0.000000,0.00000000e+00,0.000000,0.000000,0.000000e+00,3.71502377e-16,0.008252
128,0.139355,0.035910,0.00000000e+00,0.000000,0.000000,0.000000e+00,3.50774952e-16,0.007791
129,0.138749,0.052991,0.00000000e+00,0.000000,0.000000,0.000000e+00,3.66723682e-16,0.008146
130,0.148436,0.106656,0.00000000e+00,0.000000,0.000000,0.000000e+00,2.65577122e-16,0.005899
131,0.135807,0.143696,0.00000000e+00,0.000000,0.000000,0.000000e+00,3.48026833e-16,0.007730
132,0.155993,0.180928,0.00000000e+00,0.000000,0.000000,0.000000e+00,1.83974683e-16,0.004086
133,0.157350,0.300770,0.00000000e+00,0.000000,0.000000,0.000000e+00,3.39235041e-17,0.000754
134,0.157350,0.300770,0.00000000e+00,0.000000,0.000000,0.000000e+00,1.27617795e-16,0.002835
135,0.125315,0.361906,0.00000000e+00,0.000000,0.000000,0.000000e+00,6.87766202e-17,0.001528
136,0.123747,0.419551,0.00000000e+00,0.000000,0.000000,0.000000e+00,8.34672487e-17,0.001854
137,0.159653,0.460974,0.00000000e+00,0.000000,0.000000,0.000000e+00,1.35840169e-16,0.003017
138,0.160000,0.500000,0.00000000e+00,0.000000,0.000000,0.000000e+00,2.19182759e-16,0.004869
139,0.140000,0.500000,0.00000000e+00,0.000000,0.000000,0.000000e+00,2.35000821e-16,0.005220
140,0.160000,0.000000,0.00000000e+00,0.000000,0.000000,0.000000e+00,1.39554951e-16,0.003100
141,0.178040,0.039525,0.00000000e+00,0.000000,0.000000,0.000000e+00,1.65989619e-16,0.003687
142,0.173104,0.056824,0.00000000e+00,0.000000,0.000000,0.000000e+00,2.81487524e-16,0.006252
143,0.188946,0.100986,0.00000000e+00,0.000000,0.000000,0.000000e+00,3.66043144e-16,0.008131
144,0.186215,0.160498,0.00000000e+00,0.000000,0.000000,0.000000e+00,3.06946741e-16,0.006818
145,0.194631,0.177516,0.00000000e+00,0.000000,0.000000,0.000000e+00,3.34249180e-16,0.007424
146,0.172024,0.242348,0.00000000e+00,0.000000,0.000000,0.000000e+00,8.16625788e-17,0.001814
147,0.171018,0.269179,0.00000000e+00,0.000000,0.000000,0.000000e+00,1.12377568e-16,0.002496
148,0.150741,0.324866,0.00000000e+00,0.000000,0.000000,0.000000e+00,2.34864052e-16,0.005217
149,0.161969,0.367285,0.00000000e+00,0.000000,0.000000,0.000000e+00,2.69020791e-17,0.000598
150,0.159493,0.422732,0.00000000e+00,0.000000,0.000000,0.000000e+00,1.15315277e-16,0.002561
151,0.159653,0.460974,0.00000000e+00,0.000000,0.000000,0.000000e+00,1.16239920e-16,0.002582
152,0.200000,0.500000,0.00000000e+00,0.000000,0.000000,0.000000e+00,1.81558720e-16,0.004033
153,0.159795,0.480438,0.00000000e+00,0.000000,0.000000,0.000000e+00,2.01598447e-16,0.004478
154,0.200000,0.000000,0.00000000e+00,0.000000,0.000000,0.000000e+00,1.59125476e-16,0.003535
155,0.234528,0.045650,0.00000000e+00,0.000000,0.000000,0.000000e+00,2.29464322e-16,0.005097
156,0.241549,0.063399,0.00000000e+00,0.000000,0.000000,0.000000e+00,4.87699601e-16,0.010833
157,0.212607,0.098028,0.00000000e+00,0.000000,0.000000,0.000000e+00,5.68305268e-16,0.012623
158,0.201336,0.158896,0.00000000e+00,0.000000,0.000000,0.000000e+00,3.64175304e-16,0.008089
159,0.241846,0.207411,0.00000000e+00,0.000000,0.000000,0.000000e+00,4.43660532e-16,0.009855
160,0.222702,0.239516,0.00000000e+00,0.000000,0.000000,0.000000e+00,2.20846702e-16,0.004905
161,0.208041,0.277889,0.00000000e+00,0.000000,0.000000,0.000000e+00,3.01601460e-16,0.006699
162,0.231320,0.334698,0.00000000e+00,0.000000,0.000000,0.000000e+00,3.35193781e-16,0.007445
163,0.221758,0.376749,0.00000000e+00,0.000000,0.000000,0.000000e+00,3.69504756e-16,0.008207
164,0.230797,0.416405,0.00000000e+00,0.000000,0.000000,0.000000e+00,4.00797462e-16,0.008903
165,0.218066,0.458912,0.00000000e+00,0.000000,0.000000,0.000000e+00,2.44428536e-16,0.005429
166,0.240000,0.500000,0.00000000e+00,0.000000,0.000000,0.000000e+00,1.42366227e-16,0.003162
167,0.199489,0.479946,0.00000000e+00,0.000000,0.000000,0.000000e+00,1.60081749e-16,0.003556
168,0.240000,0.000000,0.00000000e+00,0.000000,0.000000,0.000000e+00,1.85044869e-16,0.004110
169,0.258479,0.021640,0.00000000e+00,0.000000,0.000000,0.000000e+00,2.03713330e-16,0.004525
170,0.257571,0.065248,0.00000000e+00,0.000000,0.000000,0.000000e+00,2.81312877e-16,0.006249
171,0.264926,0.113686,0.00000000e+00,0.000000,0.000000,0.000000e+00,6.31234681e-16,0.014021
172,0.300751,0.141577,0.00000000e+00,0.000000,0.000000,0.000000e+00,5.05892704e-16,0.011237
173,0.282231,0.198114,0.00000000e+00,0.000000,0.000000,0.000000e+00,5.18499148e-16,0.011517
174,0.289997,0.251279,0.00000000e+00,0.000000,0.000000,0.000000e+00,7.41932676e-16,0.016480
175,0.295689,0.293745,0.00000000e+00,0.000000,0.000000,0.000000e+00,5.88748408e-16,0.013077
176,0.270211,0.329966,0.00000000e+00,0.000000,0.000000,0.000000e+00,3.81294025e-16,0.008469
177,0.293871,0.345781,0.00000000e+00,0.000000,0.000000,0.000000e+00,5.58328491e-16,0.012402
178,0.259142,0.453906,0.00000000e+00,0.000000,0.000000,0.000000e+00,6.59101853e-16,0.014640
179,0.260565,0.476553,0.00000000e+00,0.000000,0.000000,0.000000e+00,1.80023155e-16,0.003999
180,0.300000,0.000000,0.00000000e+00,0.000000,0.000000,0.000000e+00,2.26733197e-16,0.005036
181,0.320000,0.000000,0.00000000e+00,0.000000,0.000000,0.000000e+00,2.36211549e-16,0.005247
182,0.319883,0.078952,0.00000000e+00,0.000000,0.000000,0.000000e+00,2.33873314e-16,0.005195
183,0.324405,0.114952,0.00000000e+00,0.000000,0.000000,0.000000e+00,2.18972840e-16,0.004864
184,0.313891,0.158901,0.00000000e+00,0.000000,0.000000,0.000000e+00,5.17574083e-16,0.011496
185,0.314016,0.178809,0.00000000e+00,0.000000,0.000000,0.000000e+00,5.01966177e-16,0.011150
186,0.306243,0.321668,0.00000000e+00,0.000000,0.000000,0.000000e+00,3.40093893e-16,0.007554
187,0.321119,0.358237,0.00000000e+00,0.000000,0.000000,0.000000e+00,4.23922176e-16,0.009416
188,0.297404,0.400183,0.00000000e+00,0.000000,0.000000,0.000000e+00,6.54806867e-16,0.014545
189,0.283676,0.448757,0.00000000e+00,0.000000,0.000000,0.000000e+00,4.56181240e-16,0.010133
190,0.323244,0.479415,0.00000000e+00,0.000000,0.000000,0.000000e+00,5.05932462e-16,0.011238
191,0.283676,0.448757,0.00000000e+00,0.000000,0.000000,0.000000e+00,3.21145580e-16,0.007133
192,0.340000,0.000000,0.00000000e+00,0.000000,0.000000,0.000000e+00,2.45446537e-16,0.005452
193,0.360000,0.000000,0.00000000e+00,0.000000,0.000000,0.000000e+00,2.54678879e-16,0.005657
194,0.357270,0.057179,0.00000000e+00,0.000000,0.000000,0.000000e+00,2.47813465e-16,0.005504
195,0.358357,0.112435,0.00000000e+00,0.000000,0.000000,0.000000e+00,2.52540094e-16,0.005609
196,0.355993,0.172785,0.00000000e+00,0.000000,0.000000,0.000000e+00,5.76119253e-16,0.012797
197,0.371735,0.177153,0.00000000e+00,0.000000,0.000000,0.000000e+00,4.70377989e-16,0.010448
198,0.374856,0.224006,0.00000000e+00,0.000000,0.000000,0.000000e+00,5.16640441e-16,0.011476
199,0.331886,0.260385,0.00000000e+00,0.000000,0.000000,0.000000e+00,7.06513411e-16,0.015693
200,0.348080,0.321677,0.00000000e+00,0.000000,0.000000,0.000000e+00,4.09367026e-16,0.009093
201,0.338593,0.347390,0.00000000e+00,0.000000,0.000000,0.000000e+00,3.66684295e-16,0.008145
202,0.349952,0.404642,0.00000000e+00,0.000000,0.000000,0.000000e+00,7.98574086e-16,0.017738
203,0.365926,0.462302,0.00000000e+00,0.000000,0.000000,0.000000e+00,9.32396292e-16,0.020710
204,0.343325,0.480713,0.00000000e+00,0.000000,0.000000,0.000000e+00,5.61527946e-16,0.012473
205,0.380000,0.000000,0.00000000e+00,0.000000,0.000000,0.000000e+00,2.65537338e-16,0.005898
206,0.400000,0.000000,0.00000000e+00,0.000000,0.000000,0.000000e+00,2.76431611e-16,0.006140
207,0.391532,0.074064,0.00000000e+00,0.000000,0.000000,0.000000e+00,2.45425917e-16,0.005451
208,0.375398,0.093478,0.00000000e+00,0.000000,0.000000,0.000000e+00,3.02283771e-16,0.006714
209,0.426430,0.143543,0.00000000e+00,0.000000,0.000000,0.000000e+00,6.19987248e-16,0.013771
210,0.401852,0.180652,0.00000000e+00,0.000000,0.000000,0.000000e+00,4.55991240e-16,0.010129
211,0.364682,0.293351,0.00000000e+00,0.000000,0.000000,0.000000e+00,1.12969642e-15,0.025093
212,0.385466,0.317654,0.00000000e+00,0.000000,0.000000,0.000000e+00,9.89001281e-16,0.021968
213,0.369325,0.401268,0.00000000e+00,0.000000,0.000000,0.000000e+00,1.61899082e-15,0.035961
214,0.387841,0.421594,0.00000000e+00,0.000000,0.000000,0.000000e+00,1.75436035e-15,0.038968
215,0.400000,0.500000,0.00000000e+00,0.000000,0.000000,0.000000e+00,5.70940017e-16,0.012682
216,0.404072,0.461558,0.00000000e+00,0.000000,0.000000,0.000000e+00,2.69127334e-15,0.059779
217,0.420000,0.000000,0.00000000e+00,0.000000,0.000000,0.000000e+00,2.79801320e-16,0.006215
218,0.414926,0.039298,0.00000000e+00,0.000000,0.000000,0.000000e+00,3.85573818e-16,0.008564
219,0.427481,0.061626,0.00000000e+00,0.000000,0.000000,0.000000e+00,4.03998823e-16,0.008974
220,0.436790,0.109772,0.00000000e+00,0.000000,0.000000,0.000000e+00,5.67659405e-16,0.012609
221,0.426430,0.143543,0.00000000e+00,0.000000,0.000000,0.000000e+00,4.81558718e-16,0.010696
222,0.410534,0.211505,0.00000000e+00,0.000000,0.000000,0.000000e+00,3.16749585e-16,0.007036
223,0.438927,0.239304,0.00000000e+00,0.000000,0.000000,0.000000e+00,8.23337465e-16,0.018288
224,0.422933,0.282515,0.00000000e+00,0.000000,0.000000,0.000000e+00,6.74552475e-16,0.014983
225,0.416798,0.328569,0.00000000e+00,0.000000,0.000000,0.000000e+00,1.16296448e-15,0.025832
226,0.473568,0.359526,0.00000000e+00,0.000000,0.000000,0.000000e+00,1.63917911e-15,0.036410
227,0.431208,0.376268,0.00000000e+00,0.000000,0.000000,0.000000e+00,1.89256425e-15,0.042038
228,0.404072,0.461558,0.00000000e+00,0.000000,0.000000,0.000000e+00,3.08981356e-15,0.068631
229,0.422073,0.480455,0.00000000e+00,0.000000,0.000000,0.000000e+00,3.14939704e-15,0.069955
230,0.442113,0.480017,0.00000000e+00,0.000000,0.000000,0.000000e+00,6.53299529e-15,0.145111
231,0.460000,0.000000,0.00000000e+00,0.000000,0.000000,0.000000e+00,2.64966385e-16,0.005885
232,0.453678,0.046484,0.00000000e+00,0.000000,0.000000,0.000000e+00,3.76686775e-16,0.008367
233,0.473945,0.060318,0.00000000e+00,0.000000,0.000000,0.000000e+00,2.76839007e-16,0.006149
234,0.483150,0.097042,0.00000000e+00,0.000000,0.000000,0.000000e+00,5.53397859e-16,0.012292
235,0.485669,0.138851,0.00000000e+00,0.000000,0.000000,0.000000e+00,5.99298998e-16,0.013312
236,0.470257,0.166663,0.00000000e+00,0.000000,0.000000,0.000000e+00,4.16523396e-16,0.009252
237,0.507016,0.223530,0.00000000e+00,0.000000,0.000000,0.000000e+00,7.34582441e-16,0.016317
238,0.436338,0.280403,0.00000000e+00,0.000000,0.000000,0.000000e+00,7.44168737e-16,0.016530
239,0.476847,0.334259,0.00000000e+00,0.000000,0.000000,0.000000e+00,9.76399548e-16,0.021688
240,0.482701,0.383293,0.00000000e+00,0.000000,0.000000,0.000000e+00,1.62260914e-15,0.036042
241,0.505372,0.461214,0.00000000e+00,0.000000,0.000000,0.000000e+00,4.16885646e-15,0.092599
242,0.480000,0.500000,0.00000000e+00,0.000000,0.000000,0.000000e+00,4.18262430e-14,0.929047
243,0.483986,0.459860,0.00000000e+00,0.000000,0.000000,0.000000e+00,1.07340725e-14,0.238426
244,0.500000,0.000000,0.00000000e+00,0.000000,0.000000,0.000000e+00,2.47384178e-16,0.005495
245,0.525472,0.060703,0.00000000e+00,0.000000,0.000000,0.000000e+00,2.86439385e-16,0.006362
246,0.525472,0.060703,0.00000000e+00,0.000000,0.000000,0.000000e+00,4.55328172e-16,0.010114
247,0.544963,0.085736,0.00000000e+00,0.000000,0.000000,0.000000e+00,5.21552967e-16,0.011585
248,0.538257,0.114015,0.00000000e+00,0.000000,0.000000,0.000000e+00,5.22219529e-16,0.011600
249,0.514587,0.194690,0.00000000e+00,0.000000,0.000000,0.000000e+00,6.25600694e-16,0.013896
250,0.524388,0.211991,0.00000000e+00,0.000000,0.000000,0.000000e+00,7.32528281e-16,0.016271
251,0.509541,0.269759,0.00000000e+00,0.000000,0.000000,0.000000e+00,1.11709617e-15,0.024813
252,0.500266,0.343700,0.00000000e+00,0.000000,0.000000,0.000000e+00,6.07695635e-16,0.013498
253,0.501684,0.382581,0.00000000e+00,0.000000,0.000000,0.000000e+00,5.40490294e-16,0.012005
254,0.502960,0.402599,0.00000000e+00,0.000000,0.000000,0.000000e+00,9.05406858e-16,0.020111
255,0.525781,0.439594,0.00000000e+00,0.000000,0.000000,0.000000e+00,2.96406263e-15,0.065838
256,0.500000,0.500000,0.00000000e+00,0.000000,0.000000,0.000000e+00,2.46024430e-14,0.546471
257,0.470631,0.543748,0.00000000e+00,0.000000,0.000000,0.000000e+00,1.88964623e-15,0.041973
258,0.448960,0.599214,0.00000000e+00,0.000000,0.000000,0.000000e+00,8.41189955e-16,0.018685
259,0.404137,0.615598,0.00000000e+00,0.000000,0.000000,0.000000e+00,1.08245813e-15,0.024044
260,0.334714,0.661373,0.00000000e+00,0.000000,0.000000,0.000000e+00,7.27596749e-16,0.016161
261,0.298437,0.725489,0.00000000e+00,0.000000,0.000000,0.000000e+00,3.16700431e-16,0.007035
262,0.265280,0.781393,0.00000000e+00,0.000000,0.000000,0.000000e+00,2.44132710e-16,0.005423
263,0.219120,0.806675,0.00000000e+00,0.000000,0.000000,0.000000e+00,2.21461807e-16,0.004919
264,0.182509,0.840956,0.00000000e+00,0.000000,0.000000,0.000000e+00,4.19524487e-16,0.009319
265,0.149155,0.888921,0.00000000e+00,0.000000,0.000000,0.000000e+00,3.01625521e-16,0.006700
266,0.124308,0.922862,0.00000000e+00,0.000000,0.000000,0.000000e+00,1.23408028e-16,0.002741
267,0.073489,0.934198,0.00000000e+00,0.000000,0.000000,0.000000e+00,3.23776968e-16,0.007192
268,0.000000,0.980000,0.00000000e+00,0.000000,0.000000,0.000000e+00,1.36655491e-16,0.003035
269,0.000000,0.980000,0.00000000e+00,0.000000,0.000000,0.000000e+00,1.49785693e-16,0.003327
270,0.000000,0.940000,0.00000000e+00,0.000000,0.000000,0.000000e+00,1.39413788e-16,0.003097
271,0.070933,0.886063,0.00000000e+00,0.000000,0.000000,0.000000e+00,3.10778109e-16,0.006903
272,0.097228,0.833787,0.00000000e+00,0.000000,0.000000,0.000000e+00,2.08115678e-16,0.004623
273,0.146798,0.798316,0.00000000e+00,0.000000,0.000000,0.000000e+00,2.18478239e-16,0.004853
274,0.195813,0.748360,0.00000000e+00,0.000000,0.000000,0.000000e+00,3.20629261e-16,0.007122
275,0.235164,0.749496,0.00000000e+00,0.000000,0.000000,0.000000e+00,3.43502459e-16,0.007630
276,0.273874,0.694771,0.00000000e+00,0.000000,0.000000,0.000000e+00,2.34782816e-16,0.005215
277,0.297466,0.638421,0.00000000e+00,0.000000,0.000000,0.000000e+00,6.65911786e-16,0.014791
278,0.353475,0.615836,0.00000000e+00,0.000000,0.000000,0.000000e+00,1.10616860e-15,0.024570
279,0.392352,0.556266,0.00000000e+00,0.000000,0.000000,0.000000e+00,2.72218623e-15,0.060465
280,0.417138,0.519014,0.00000000e+00,0.000000,0.000000,0.000000e+00,5.90645984e-15,0.131195
281,0.480000,0.500000,0.00000000e+00,0.000000,0.000000,0.000000e+00,2.91817385e-14,0.648187
282,0.456329,0.520724,0.00000000e+00,0.000000,0.000000,0.000000e+00,7.82387986e-15,0.173785
283,0.540000,0.000000,0.00000000e+00,0.000000,0.000000,0.000000e+00,2.20865350e-16,0.004906
284,0.557667,0.023984,0.00000000e+00,0.000000,0.000000,0.000000e+00,1.88560823e-16,0.004188
285,0.600804,0.072067,0.00000000e+00,0.000000,0.000000,0.000000e+00,2.68118539e-16,0.005955
286,0.601686,0.106284,0.00000000e+00,0.000000,0.000000,0.000000e+00,4.81442092e-16,0.010694
287,0.590915,0.150399,0.00000000e+00,0.000000,0.000000,0.000000e+00,3.15057505e-16,0.006998
288,0.578286,0.192819,0.00000000e+00,0.000000,0.000000,0.000000e+00,4.98101589e-16,0.011064
289,0.534671,0.228501,0.00000000e+00,0.000000,0.000000,0.000000e+00,6.50561538e-16,0.014450
290,0.552923,0.337015,0.00000000e+00,0.000000,0.000000,0.000000e+00,5.45939628e-16,0.012126
291,0.555785,0.355292,0.00000000e+00,0.000000,0.000000,0.000000e+00,7.15147535e-16,0.015885
292,0.561306,0.393872,0.00000000e+00,0.000000,0.000000,0.000000e+00,8.15038025e-16,0.018104
293,0.529237,0.485865,0.00000000e+00,0.000000,0.000000,0.000000e+00,2.13513594e-14,0.474258
294,0.542372,0.599212,0.00000000e+00,0.000000,0.000000,0.000000e+00,1.37844681e-15,0.030618
295,0.535157,0.644569,0.00000000e+00,0.000000,0.000000,0.000000e+00,4.83980015e-16,0.010750
296,0.531345,0.681733,0.00000000e+00,0.000000,0.000000,0.000000e+00,5.40788132e-16,0.012012
297,0.587241,0.673511,0.00000000e+00,0.000000,0.000000,0.000000e+00,4.15887592e-16,0.009238
298,0.564007,0.782512,0.00000000e+00,0.000000,0.000000,0.000000e+00,1.22743544e-16,0.002726
299,0.542731,0.876231,0.00000000e+00,0.000000,0.000000,0.000000e+00,5.54547653e-16,0.012318
300,0.573238,0.931642,0.00000000e+00,0.000000,0.000000,0.000000e+00,3.63446353e-16,0.008073
301,0.560000,1.000000,0.00000000e+00,0.000000,0.000000,0.000000e+00,2.01924740e-16,0.004485
302,0.540000,1.000000,0.00000000e+00,0.000000,0.000000,0.000000e+00,2.19847891e-16,0.004883
303,0.540869,0.945680,0.00000000e+00,0.000000,0.000000,0.000000e+00,6.08069759e-16,0.013506
304,0.525820,0.922869,0.00000000e+00,0.000000,0.000000,0.000000e+00,5.84214241e-16,0.012977
305,0.486167,0.896102,0.00000000e+00,0.000000,0.000000,0.000000e+00,5.94972989e-16,0.013216
306,0.504249,0.857742,0.00000000e+00,0.000000,0.000000,0.000000e+00,6.06423286e-16,0.013470
307,0.518013,0.815991,0.00000000e+00,0.000000,0.000000,0.000000e+00,6.22366087e-16,0.013824
308,0.524773,0.761733,0.00000000e+00,0.000000,0.000000,0.000000e+00,5.94222729e-16,0.013199
309,0.522497,0.713805,0.00000000e+00,0.000000,0.000000,0.000000e+00,4.93695218e-16,0.010966
310,0.528299,0.694925,0.00000000e+00,0.000000,0.000000,0.000000e+00,6.44282747e-16,0.014311
311,0.516488,0.645865,0.00000000e+00,0.000000,0.000000,0.000000e+00,5.18646479e-16,0.011520
312,0.532688,0.624985,0.00000000e+00,0.000000,0.000000,0.000000e+00,4.90467122e-16,0.010894
313,0.534701,0.577392,0.00000000e+00,0.000000,0.000000,0.000000e+00,1.84427406e-15,0.040965
314,0.517452,0.507277,0.00000000e+00,0.000000,0.000000,0.000000e+00,1.76766713e-14,0.392635
315,0.552808,0.477627,0.00000000e+00,0.000000,0.000000,0.000000e+00,1.00608651e-14,0.223473
316,0.580000,0.000000,0.00000000e+00,0.000000,0.000000,0.000000e+00,1.65803351e-16,0.003683
317,0.598618,0.045721,0.00000000e+00,0.000000,0.000000,0.000000e+00,2.18295703e-16,0.004849
318,0.613340,0.090614,0.00000000e+00,0.000000,0.000000,0.000000e+00,4.30427521e-16,0.009561
319,0.588949,0.126703,0.00000000e+00,0.000000,0.000000,0.000000e+00,3.63348362e-16,0.008071
320,0.624394,0.140348,0.00000000e+00,0.000000,0.000000,0.000000e+00,1.99833508e-16,0.004439
321,0.633035,0.194829,0.00000000e+00,0.000000,0.000000,0.000000e+00,1.61832990e-16,0.003595
322,0.617254,0.232014,0.00000000e+00,0.000000,0.000000,0.000000e+00,1.36089171e-16,0.003023
323,0.596718,0.281743,0.00000000e+00,0.000000,0.000000,0.000000e+00,5.82988108e-16,0.012949
324,0.615541,0.353153,0.00000000e+00,0.000000,0.000000,0.000000e+00,4.92080985e-16,0.010930
325,0.635798,0.395495,0.00000000e+00,0.000000,0.000000,0.000000e+00,3.52845788e-16,0.007837
326,0.608683,0.454302,0.00000000e+00,0.000000,0.000000,0.000000e+00,5.81738999e-16,0.012922
327,0.572406,0.471955,0.00000000e+00,0.000000,0.000000,0.000000e+00,3.96147653e-15,0.087993
328,0.591350,0.552394,0.00000000e+00,0.000000,0.000000,0.000000e+00,8.13665302e-16,0.018073
329,0.603096,0.583480,0.00000000e+00,0.000000,0.000000,0.000000e+00,5.58658780e-16,0.012409
330,0.587159,0.646925,0.00000000e+00,0.000000,0.000000,0.000000e+00,4.33434647e-16,0.009627
331,0.610564,0.696863,0.00000000e+00,0.000000,0.000000,0.000000e+00,3.57977273e-16,0.007951
332,0.586957,0.727094,0.00000000e+00,0.000000,0.000000,0.000000e+00,3.04196160e-16,0.006757
333,0.601511,0.767999,0.00000000e+00,0.000000,0.000000,0.000000e+00,1.87922888e-16,0.004174
334,0.598840,0.812872,0.00000000e+00,0.000000,0.000000,0.000000e+00,4.35153700e-16,0.009666
335,0.593966,0.869793,0.00000000e+00,0.000000,0.000000,0.000000e+00,4.63216802e-16,0.010289
336,0.615002,0.889156,0.00000000e+00,0.000000,0.000000,0.000000e+00,3.18344019e-16,0.007071
337,0.585405,0.957781,0.00000000e+00,0.000000,0.000000,0.000000e+00,2.57799692e-16,0.005726
338,0.620000,1.000000,0.00000000e+00,0.000000,0.000000,0.000000e+00,1.31900050e-16,0.002930
339,0.581824,0.978388,0.00000000e+00,0.000000,0.000000,0.000000e+00,1.61421411e-16,0.003586
340,0.620000,0.000000,0.00000000e+00,0.000000,0.000000,0.000000e+00,1.17210858e-16,0.002603
341,0.638591,0.019929,0.00000000e+00,0.000000,0.000000,0.000000e+00,8.81785783e-17,0.001959
342,0.657336,0.037965,0.00000000e+00,0.000000,0.000000,0.000000e+00,6.21952206e-17,0.001381
343,0.665294,0.145850,0.00000000e+00,0.000000,0.000000,0.000000e+00,3.36913681e-16,0.007484
344,0.651945,0.160484,0.00000000e+00,0.000000,0.000000,0.000000e+00,2.58518135e-16,0.005742
345,0.661475,0.186812,0.00000000e+00,0.000000,0.000000,0.000000e+00,2.68611326e-16,0.005966
346,0.641800,0.221858,0.00000000e+00,0.000000,0.000000,0.000000e+00,1.06248881e-16,0.002360
347,0.647344,0.278798,0.00000000e+00,0.000000,0.000000,0.000000e+00,4.22959682e-16,0.009395
348,0.638321,0.359569,0.00000000e+00,0.000000,0.000000,0.000000e+00,1.00177806e-16,0.002225
349,0.635798,0.395495,0.00000000e+00,0.000000,0.000000,0.000000e+00,2.01124188e-16,0.004467
350,0.654919,0.449766,0.00000000e+00,0.000000,0.000000,0.000000e+00,9.35200713e-16,0.020773
351,0.626174,0.479015,0.00000000e+00,0.000000,0.000000,0.000000e+00,1.14759941e-15,0.025491
352,0.639084,0.575065,0.00000000e+00,0.000000,0.000000,0.000000e+00,8.58540684e-16,0.019070
353,0.678966,0.587883,0.00000000e+00,0.000000,0.000000,0.000000e+00,3.51796156e-16,0.007814
354,0.638477,0.640265,0.00000000e+00,0.000000,0.000000,0.000000e+00,3.61469299e-16,0.008029
355,0.651976,0.697972,0.00000000e+00,0.000000,0.000000,0.000000e+00,2.44503578e-16,0.005431
356,0.615105,0.724264,0.00000000e+00,0.000000,0.000000,0.000000e+00,4.73708681e-16,0.010522
357,0.644417,0.826042,0.00000000e+00,0.000000,0.000000,0.000000e+00,1.13273160e-16,0.002516
358,0.624384,0.875983,0.00000000e+00,0.000000,0.000000,0.000000e+00,3.14482660e-16,0.006985
359,0.625838,0.895611,0.00000000e+00,0.000000,0.000000,0.000000e+00,2.89459295e-16,0.006429
360,0.662287,0.963702,0.00000000e+00,0.000000,0.000000,0.000000e+00,1.00056343e-16,0.002222
361,0.660000,1.000000,0.00000000e+00,0.000000,0.000000,0.000000e+00,8.15581092e-17,0.001812
362,0.621896,0.981272,0.00000000e+00,0.000000,0.000000,0.000000e+00,1.05472410e-16,0.002343
363,0.660000,0.000000,0.00000000e+00,0.000000,0.000000,0.000000e+00,8.24594912e-17,0.001832
364,0.678177,0.019407,0.00000000e+00,0.000000,0.000000,0.000000e+00,7.66636484e-17,0.001703
365,0.685064,0.068506,0.00000000e+00,0.000000,0.000000,0.000000e+00,1.67732919e-16,0.003726
366,0.691200,0.153231,0.00000000e+00,0.000000,0.000000,0.000000e+00,1.86195510e-16,0.004136
367,0.717874,0.184125,0.00000000e+00,0.000000,0.000000,0.000000e+00,1.54104330e-16,0.003423
368,0.704990,0.226180,0.00000000e+00,0.000000,0.000000,0.000000e+00,1.60793482e-16,0.003572
369,0.694396,0.282698,0.00000000e+00,0.000000,0.000000,0.000000e+00,2.01508582e-16,0.004476
370,0.682007,0.315361,0.00000000e+00,0.000000,0.000000,0.000000e+00,3.12510000e-16,0.006941
371,0.701750,0.361626,0.00000000e+00,0.000000,0.000000,0.000000e+00,2.64922816e-16,0.005884
372,0.698969,0.378795,0.00000000e+00,0.000000,0.000000,0.000000e+00,1.77103353e-16,0.003934
373,0.692807,0.464671,0.00000000e+00,0.000000,0.000000,0.000000e+00,6.43247832e-16,0.014288
374,0.704265,0.543543,0.00000000e+00,0.000000,0.000000,0.000000e+00,1.81143991e-16,0.004024
375,0.686465,0.639915,0.00000000e+00,0.000000,0.000000,0.000000e+00,1.01802799e-16,0.002261
376,0.678003,0.650343,0.00000000e+00,0.000000,0.000000,0.000000e+00,3.23899417e-16,0.007194
377,0.676888,0.689572,0.00000000e+00,0.000000,0.000000,0.000000e+00,1.56142358e-16,0.003468
378,0.697940,0.780710,0.00000000e+00,0.000000,0.000000,0.000000e+00,1.26360600e-16,0.002807
379,0.683237,0.825536,0.00000000e+00,0.000000,0.000000,0.000000e+00,1.20153847e-16,0.002669
380,0.669644,0.867278,0.00000000e+00,0.000000,0.000000,0.000000e+00,3.41287336e-16,0.007581
381,0.665076,0.907632,0.00000000e+00,0.000000,0.000000,0.000000e+00,7.37387179e-17,0.001638
382,0.662287,0.963702,0.00000000e+00,0.000000,0.000000,0.000000e+00,7.04465589e-17,0.001565
383,0.700000,1.000000,0.00000000e+00,0.000000,0.000000,0.000000e+00,4.62739492e-17,0.001028
384,0.661137,0.981972,0.00000000e+00,0.000000,0.000000,0.000000e+00,6.16232152e-17,0.001369
385,0.700000,0.000000,0.00000000e+00,0.000000,0.000000,0.000000e+00,5.53779785e-17,0.001230
386,0.718282,0.022397,0.00000000e+00,0.000000,0.000000,0.000000e+00,1.96418768e-17,0.000436
387,0.723011,0.068865,0.00000000e+00,0.000000,0.000000,0.000000e+00,9.12100099e-17,0.002026
388,0.724680,0.125389,0.00000000e+00,0.000000,0.000000,0.000000e+00,8.40700052e-17,0.001867
389,0.708659,0.147918,0.00000000e+00,0.000000,0.000000,0.000000e+00,1.41364359e-16,0.003140
390,0.739359,0.209579,0.00000000e+00,0.000000,0.000000,0.000000e+00,5.87673246e-17,0.001305
391,0.719105,0.239234,0.00000000e+00,0.000000,0.000000,0.000000e+00,1.45128375e-16,0.003224
392,0.715892,0.275421,0.00000000e+00,0.000000,0.000000,0.000000e+00,7.21675314e-17,0.001603
393,0.706383,0.304718,0.00000000e+00,0.000000,0.000000,0.000000e+00,2.27526232e-16,0.005054
394,0.736435,0.395805,0.00000000e+00,0.000000,0.000000,0.000000e+00,2.25548913e-16,0.005010
395,0.735727,0.461818,0.00000000e+00,0.000000,0.000000,0.000000e+00,4.04336577e-16,0.008981
396,0.765529,0.489609,0.00000000e+00,0.000000,0.000000,0.000000e+00,2.06849429e-16,0.004595
397,0.744925,0.562920,0.00000000e+00,0.000000,0.000000,0.000000e+00,1.45424731e-16,0.003230
398,0.737736,0.620515,0.00000000e+00,0.000000,0.000000,0.000000e+00,1.41880719e-16,0.003151
399,0.740931,0.639204,0.00000000e+00,0.000000,0.000000,0.000000e+00,1.06889013e-16,0.002374
400,0.730901,0.701983,0.00000000e+00,0.000000,0.000000,0.000000e+00,7.45021725e-17,0.001655
401,0.734223,0.737516,0.00000000e+00,0.000000,0.000000,0.000000e+00,1.35801034e-16,0.003016
402,0.702368,0.845491,0.00000000e+00,0.000000,0.000000,0.000000e+00,9.30398592e-17,0.002067
403,0.740973,0.880341,0.00000000e+00,0.000000,0.000000,0.000000e+00,2.33418540e-17,0.000518
404,0.731413,0.920673,0.00000000e+00,0.000000,0.000000,0.000000e+00,6.27175223e-17,0.001393
405,0.718812,0.961424,0.00000000e+00,0.000000,0.000000,0.000000e+00,4.02824915e-17,0.000895
406,0.740000,1.000000,0.00000000e+00,0.000000,0.000000,0.000000e+00,2.72998537e-17,0.000606
407,0.738359,0.959318,0.00000000e+00,0.000000,0.000000,0.000000e+00,3.00063671e-17,0.000667
408,0.740000,0.000000,0.00000000e+00,0.000000,0.000000,0.000000e+00,2.22233255e-17,0.000494
409,0.778829,0.020540,0.00000000e+00,0.000000,0.000000,0.000000e+00,1.59228843e-17,0.000354
410,0.758470,0.042245,0.00000000e+00,0.000000,0.000000,0.000000e+00,6.63365632e-17,0.001473
411,0.742297,0.104169,0.00000000e+00,0.000000,0.000000,0.000000e+00,7.09756501e-17,0.001577
412,0.797504,0.135885,0.00000000e+00,0.000000,0.000000,0.000000e+00,4.38321154e-17,0.000974
413,0.770145,0.212107,0.00000000e+00,0.000000,0.000000,0.000000e+00,4.54439794e-17,0.001009
414,0.785911,0.232054,0.00000000e+00,0.000000,0.000000,0.000000e+00,6.32975810e-17,0.001406
415,0.773991,0.292044,0.00000000e+00,0.000000,0.000000,0.000000e+00,1.52641981e-16,0.003390
416,0.761375,0.370696,0.00000000e+00,0.000000,0.000000,0.000000e+00,1.70185092e-16,0.003780
417,0.776260,0.406316,0.00000000e+00,0.000000,0.000000,0.000000e+00,2.57153538e-16,0.005712
418,0.781702,0.441125,0.00000000e+00,0.000000,0.000000,0.000000e+00,2.34926785e-16,0.005218
419,0.768494,0.572264,0.00000000e+00,0.000000,0.000000,0.000000e+00,7.20475703e-17,0.001600
420,0.776974,0.634919,0.00000000e+00,0.000000,0.000000,0.000000e+00,8.38958606e-17,0.001864
421,0.763824,0.708182,0.00000000e+00,0.000000,0.000000,0.000000e+00,6.78686142e-17,0.001508
422,0.763824,0.708182,0.00000000e+00,0.000000,0.000000,0.000000e+00,8.37872352e-17,0.001861
423,0.769878,0.764330,0.00000000e+00,0.000000,0.000000,0.000000e+00,9.51294431e-17,0.002113
424,0.751219,0.826760,0.00000000e+00,0.000000,0.000000,0.000000e+00,3.24838128e-17,0.000722
425,0.766491,0.856167,0.00000000e+00,0.000000,0.000000,0.000000e+00,7.91218704e-17,0.001757
426,0.793858,0.923946,0.00000000e+00,0.000000,0.000000,0.000000e+00,1.30522986e-16,0.002899
427,0.758996,0.956886,0.00000000e+00,0.000000,0.000000,0.000000e+00,8.43717012e-17,0.001874
428,0.760041,0.978353,0.00000000e+00,0.000000,0.000000,0.000000e+00,1.23800317e-17,0.000275
429,0.738359,0.959318,0.00000000e+00,0.000000,0.000000,0.000000e+00,2.70300704e-17,0.000600
430,0.818445,0.019613,0.00000000e+00,0.000000,0.000000,0.000000e+00,1.87696314e-17,0.000417
431,0.798684,0.020029,0.00000000e+00,0.000000,0.000000,0.000000e+00,1.79181449e-17,0.000398
432,0.815608,0.077996,0.00000000e+00,0.000000,0.000000,0.000000e+00,2.44134897e-17,0.000542
433,0.815546,0.116749,0.00000000e+00,0.000000,0.000000,0.000000e+00,3.17514999e-17,0.000705
434,0.797504,0.135885,0.00000000e+00,0.000000,0.000000,0.000000e+00,3.38968954e-17,0.000753
435,0.807426,0.223065,0.00000000e+00,0.000000,0.000000,0.000000e+00,7.49352578e-17,0.001664
436,0.804261,0.275639,0.00000000e+00,0.000000,0.000000,0.000000e+00,1.01651650e-16,0.002258
437,0.802105,0.317679,0.00000000e+00,0.000000,0.000000,0.000000e+00,2.19818629e-16,0.004883
438,0.796466,0.373356,0.00000000e+00,0.000000,0.000000,0.000000e+00,1.40750618e-16,0.003126
439,0.793147,0.404796,0.00000000e+00,0.000000,0.000000,0.000000e+00,1.34530352e-16,0.002988
440,0.817169,0.428089,0.00000000e+00,0.000000,0.000000,0.000000e+00,1.13253493e-16,0.002516
441,0.817345,0.473277,0.00000000e+00,0.000000,0.000000,0.000000e+00,1.27240667e-16,0.002826
442,0.824737,0.543517,0.00000000e+00,0.000000,0.000000,0.000000e+00,5.69595974e-17,0.001265
443,0.804528,0.606413,0.00000000e+00,0.000000,0.000000,0.000000e+00,7.91621905e-17,0.001758
444,0.812265,0.625715,0.00000000e+00,0.000000,0.000000,0.000000e+00,9.09370072e-17,0.002020
445,0.813367,0.694658,0.00000000e+00,0.000000,0.000000,0.000000e+00,1.45997021e-16,0.003243
446,0.801397,0.755978,0.00000000e+00,0.000000,0.000000,0.000000e+00,5.91043179e-17,0.001313
447,0.794966,0.772026,0.00000000e+00,0.000000,0.000000,0.000000e+00,9.54796383e-17,0.002121
448,0.785122,0.798074,0.00000000e+00,0.000000,0.000000,0.000000e+00,1.08363102e-16,0.002407
449,0.779335,0.847999,0.00000000e+00,0.000000,0.000000,0.000000e+00,1.00311419e-16,0.002228
450,0.839453,0.902402,0.00000000e+00,0.000000,0.000000,0.000000e+00,3.30237963e-17,0.000734
451,0.793858,0.923946,0.00000000e+00,0.000000,0.000000,0.000000e+00,1.39669658e-16,0.003102
452,0.800273,0.979124,0.00000000e+00,0.000000,0.000000,0.000000e+00,1.62521121e-17,0.000361
453,0.782049,0.953820,0.00000000e+00,0.000000,0.000000,0.000000e+00,7.03037479e-17,0.001562
454,0.840000,0.000000,0.00000000e+00,0.000000,0.000000,0.000000e+00,1.88634618e-17,0.000419
455,0.860000,0.000000,0.00000000e+00,0.000000,0.000000,0.000000e+00,1.66142932e-17,0.000369
456,0.853117,0.057467,0.00000000e+00,0.000000,0.000000,0.000000e+00,3.81220380e-17,0.000847
457,0.849817,0.095327,0.00000000e+00,0.000000,0.000000,0.000000e+00,2.09935015e-17,0.000466
458,0.861986,0.170024,0.00000000e+00,0.000000,0.000000,0.000000e+00,3.64049731e-17,0.000809
459,0.845403,0.177724,0.00000000e+00,0.000000,0.000000,0.000000e+00,4.54341558e-17,0.001009
460,0.854707,0.232093,0.00000000e+00,0.000000,0.000000,0.000000e+00,1.81451266e-17,0.000403
461,0.882061,0.276224,0.00000000e+00,0.000000,0.000000,0.000000e+00,8.21587085e-17,0.001825
462,0.864993,0.296322,0.00000000e+00,0.000000,0.000000,0.000000e+00,1.16039927e-16,0.002577
463,0.841551,0.361764,0.00000000e+00,0.000000,0.000000,0.000000e+00,1.69073917e-16,0.003755
464,0.841056,0.397747,0.00000000e+00,0.000000,0.000000,0.000000e+00,1.19199744e-16,0.002648
465,0.834020,0.437254,0.00000000e+00,0.000000,0.000000,0.000000e+00,1.81807708e-16,0.004038
466,0.860411,0.488650,0.00000000e+00,0.000000,0.000000,0.000000e+00,1.29869368e-16,0.002885
467,0.848108,0.563940,0.00000000e+00,0.000000,0.000000,0.000000e+00,2.83803716e-17,0.000630
468,0.843550,0.597498,0.00000000e+00,0.000000,0.000000,0.000000e+00,3.15206470e-17,0.000700
469,0.885328,0.661102,0.00000000e+00,0.000000,0.000000,0.000000e+00,4.27573993e-17,0.000950
470,0.836284,0.682985,0.00000000e+00,0.000000,0.000000,0.000000e+00,1.40853572e-16,0.003129
471,0.846904,0.726756,0.00000000e+00,0.000000,0.000000,0.000000e+00,7.78395816e-17,0.001729
472,0.882404,0.758517,0.00000000e+00,0.000000,0.000000,0.000000e+00,6.90202679e-17,0.001533
473,0.845084,0.814342,0.00000000e+00,0.000000,0.000000,0.000000e+00,7.34633528e-17,0.001632
474,0.823681,0.859888,0.00000000e+00,0.000000,0.000000,0.000000e+00,9.98262210e-17,0.002217
475,0.849099,0.919270,0.00000000e+00,0.000000,0.000000,0.000000e+00,9.04926524e-17,0.002010
476,0.854252,0.933342,0.00000000e+00,0.000000,0.000000,0.000000e+00,1.04907161e-16,0.002330
477,0.840499,0.978596,0.00000000e+00,0.000000,0.000000,0.000000e+00,1.98568610e-17,0.000441
478,0.820037,0.958985,0.00000000e+00,0.000000,0.000000,0.000000e+00,2.42494316e-17,0.000539
479,0.880000,0.000000,0.00000000e+00,0.000000,0.000000,0.000000e+00,1.62264381e-17,0.000360
480,0.900000,0.000000,0.00000000e+00,0.000000,0.000000,0.000000e+00,2.26978046e-17,0.000504
481,0.867431,0.076484,0.00000000e+00,0.000000,0.000000,0.000000e+00,3.05159369e-17,0.000678
482,0.901549,0.122698,0.00000000e+00,0.000000,0.000000,0.000000e+00,4.74982328e-17,0.001055
483,0.921733,0.150588,0.00000000e+00,0.000000,0.000000,0.000000e+00,9.97161530e-17,0.002215
484,0.903364,0.174130,0.00000000e+00,0.000000,0.000000,0.000000e+00,7.41283994e-17,0.001647
485,0.870334,0.225577,0.00000000e+00,0.000000,0.000000,0.000000e+00,4.39904675e-17,0.000977
486,0.893046,0.236444,0.00000000e+00,0.000000,0.000000,0.000000e+00,6.83194342e-17,0.001518
487,0.885443,0.312635,0.00000000e+00,0.000000,0.000000,0.000000e+00,1.27443770e-16,0.002831
488,0.900082,0.359376,0.00000000e+00,0.000000,0.000000,0.000000e+00,1.39704122e-16,0.003103
489,0.909301,0.389909,0.00000000e+00,0.000000,0.000000,0.000000e+00,2.17707836e-16,0.004836
490,0.916196,0.412897,0.00000000e+00,0.000000,0.000000,0.000000e+00,2.47976413e-16,0.005508
491,0.911532,0.491425,0.00000000e+00,0.000000,0.000000,0.000000e+00,1.02123553e-16,0.002268
492,0.892328,0.547170,0.00000000e+00,0.000000,0.000000,0.000000e+00,5.68431767e-17,0.001263
493,0.889785,0.611756,0.00000000e+00,0.000000,0.000000,0.000000e+00,7.09096610e-17,0.001575
494,0.918933,0.651087,0.00000000e+00,0.000000,0.000000,0.000000e+00,1.34770512e-16,0.002994
495,0.900551,0.674532,0.00000000e+00,0.000000,0.000000,0.000000e+00,8.96241459e-17,0.001991
496,0.872180,0.729248,0.00000000e+00,0.000000,0.000000,0.000000e+00,5.01832313e-17,0.001115
497,0.894252,0.736925,0.00000000e+00,0.000000,0.000000,0.000000e+00,7.33903889e-17,0.001630
498,0.885767,0.819982,0.00000000e+00,0.000000,0.000000,0.000000e+00,7.77265689e-17,0.001726
499,0.886623,0.850261,0.00000000e+00,0.000000,0.000000,0.000000e+00,5.64110311e-17,0.001253
500,0.880523,0.897442,0.00000000e+00,0.000000,0.000000,0.000000e+00,2.34856346e-17,0.000522
501,0.889719,0.946102,0.00000000e+00,0.000000,0.000000,0.000000e+00,1.26314794e-16,0.002806
502,0.880880,0.980239,0.00000000e+00,0.000000,0.000000,0.000000e+00,2.66482173e-17,0.000592
503,0.902117,0.964298,0.00000000e+00,0.000000,0.000000,0.000000e+00,5.44794519e-17,0.001210
504,0.920000,0.000000,0.00000000e+00,0.000000,0.000000,0.000000e+00,3.78343181e-17,0.000840
505,0.928188,0.068226,0.00000000e+00,0.000000,0.000000,0.000000e+00,1.48874802e-16,0.003307
506,0.951975,0.096096,0.00000000e+00,0.000000,0.000000,0.000000e+00,7.29277434e-17,0.001620
507,0.903366,0.088456,0.00000000e+00,0.000000,0.000000,0.000000e+00,8.85658179e-17,0.001967
508,0.938989,0.163399,0.00000000e+00,0.000000,0.000000,0.000000e+00,7.01873073e-17,0.001559
509,0.936370,0.244659,0.00000000e+00,0.000000,0.000000,0.000000e+00,1.29205003e-16,0.002870
510,0.942915,0.282791,0.00000000e+00,0.000000,0.000000,0.000000e+00,1.26028775e-16,0.002799
511,0.929813,0.318628,0.00000000e+00,0.000000,0.000000,0.000000e+00,1.00726908e-16,0.002237
512,0.942300,0.355786,0.00000000e+00,0.000000,0.000000,0.000000e+00,7.45638604e-17,0.001656
513,0.950112,0.419747,0.00000000e+00,0.000000,0.000000,0.000000e+00,6.52275059e-17,0.001449
514,0.908251,0.439043,0.00000000e+00,0.000000,0.000000,0.000000e+00,2.20173469e-16,0.004891
515,0.961522,0.520860,0.00000000e+00,0.000000,0.000000,0.000000e+00,1.07096245e-16,0.002379
516,0.942948,0.598346,0.00000000e+00,0.000000,0.000000,0.000000e+00,6.28421089e-17,0.001396
517,0.925702,0.604864,0.00000000e+00,0.000000,0.000000,0.000000e+00,1.76144988e-16,0.003913
518,0.937275,0.663426,0.00000000e+00,0.000000,0.000000,0.000000e+00,1.13518681e-16,0.002521
519,0.956692,0.741016,0.00000000e+00,0.000000,0.000000,0.000000e+00,1.34901247e-16,0.002996
520,0.942376,0.783422,0.00000000e+00,0.000000,0.000000,0.000000e+00,1.09154687e-16,0.002425
521,0.924624,0.819185,0.00000000e+00,0.000000,0.000000,0.000000e+00,6.84600682e-17,0.001521
522,0.942363,0.857696,0.00000000e+00,0.000000,0.000000,0.000000e+00,6.85890223e-17,0.001524
523,0.954764,0.918417,0.00000000e+00,0.000000,0.000000,0.000000e+00,7.88475376e-17,0.001751
524,0.902117,0.964298,0.00000000e+00,0.000000,0.000000,0.000000e+00,2.93749835e-17,0.000652
525,0.920538,0.981861,0.00000000e+00,0.000000,0.000000,0.000000e+00,3.92120205e-17,0.000871
526,0.959405,0.961136,0.00000000e+00,0.000000,0.000000,0.000000e+00,8.86589518e-17,0.001969
527,0.960000,0.000000,0.00000000e+00,0.000000,0.000000,0.000000e+00,8.17942792e-17,0.001817
528,1.000000,0.020000,0.00000000e+00,0.000000,0.000000,0.000000e+00,8.33184223e-17,0.001851
529,0.961429,0.040906,0.00000000e+00,0.000000,0.000000,0.000000e+00,6.94987886e-17,0.001544
530,0.966182,0.097362,0.00000000e+00,0.000000,0.000000,0.000000e+00,1.30655547e-16,0.002902
531,0.978742,0.138989,0.00000000e+00,0.000000,0.000000,0.000000e+00,1.02991749e-16,0.002288
532,0.979451,0.179763,0.00000000e+00,0.000000,0.000000,0.000000e+00,1.33564893e-16,0.002967
533,0.978068,0.219543,0.00000000e+00,0.000000,0.000000,0.000000e+00,1.56803507e-16,0.003483
534,0.959391,0.261479,0.00000000e+00,0.000000,0.000000,0.000000e+00,1.64710599e-16,0.003659
535,0.963295,0.319766,0.00000000e+00,0.000000,0.000000,0.000000e+00,1.60590009e-16,0.003567
536,0.961245,0.358252,0.00000000e+00,0.000000,0.000000,0.000000e+00,1.18109123e-16,0.002623
537,0.959030,0.377529,0.00000000e+00,0.000000,0.000000,0.000000e+00,6.62350383e-17,0.001471
538,0.955700,0.442220,0.00000000e+00,0.000000,0.000000,0.000000e+00,2.52924356e-16,0.005618
539,1.000000,0.480000,0.00000000e+00,0.000000,0.000000,0.000000e+00,9.77737410e-17,0.002172
540,0.980953,0.500581,0.00000000e+00,0.000000,0.000000,0.000000e+00,8.89959981e-17,0.001977
541,1.000000,0.520000,0.00000000e+00,0.000000,0.000000,0.000000e+00,1.02150175e-16,0.002269
542,1.000000,0.560000,0.00000000e+00,0.000000,0.000000,0.000000e+00,1.30354625e-16,0.002895
543,0.959203,0.540368,0.00000000e+00,0.000000,0.000000,0.000000e+00,8.98642929e-17,0.001996
544,0.961487,0.597653,0.00000000e+00,0.000000,0.000000,0.000000e+00,9.10601049e-17,0.002023
545,0.978018,0.638961,0.00000000e+00,0.000000,0.000000,0.000000e+00,1.43603967e-16,0.003190
546,0.979094,0.679628,0.00000000e+00,0.000000,0.000000,0.000000e+00,1.69828438e-16,0.003772
547,0.977840,0.719533,0.00000000e+00,0.000000,0.000000,0.000000e+00,1.60450023e-16,0.003564
548,0.959022,0.761790,0.00000000e+00,0.000000,0.000000,0.000000e+00,1.54194116e-16,0.003425
549,0.980726,0.800317,0.00000000e+00,0.000000,0.000000,0.000000e+00,1.33938183e-16,0.002975
550,0.961658,0.858531,0.00000000e+00,0.000000,0.000000,0.000000e+00,9.03665041e-17,0.002007
551,0.961187,0.877528,0.00000000e+00,0.000000,0.000000,0.000000e+00,5.02774769e-17,0.001117
552,0.934193,0.926543,0.00000000e+00,0.000000,0.000000,0.000000e+00,1.48629427e-16,0.003301
553,0.980000,1.000000,0.00000000e+00,0.000000,0.000000,0.000000e+00,7.72263165e-17,0.001715
554,0.980000,1.000000,0.00000000e+00,0.000000,0.000000,0.000000e+00,7.96812496e-17,0.001770
555,0.500000,1.000000,0.00000000e+00,0.000000,0.000000,0.000000e+00,2.43479832e-16,0.005408
556,0.496853,0.959873,0.00000000e+00,0.000000,0.000000,0.000000e+00,3.45923306e-16,0.007684
557,0.490987,0.941170,0.00000000e+00,0.000000,0.000000,0.000000e+00,4.81815263e-16,0.010702
558,0.467786,0.905420,0.00000000e+00,0.000000,0.000000,0.000000e+00,5.97849248e-16,0.013279
559,0.475995,0.852611,0.00000000e+00,0.000000,0.000000,0.000000e+00,3.30680180e-16,0.007345
560,0.502754,0.803955,0.00000000e+00,0.000000,0.000000,0.000000e+00,6.35378525e-16,0.014113
561,0.498154,0.780288,0.00000000e+00,0.000000,0.000000,0.000000e+00,5.88884781e-16,0.013080
562,0.500169,0.702762,0.00000000e+00,0.000000,0.000000,0.000000e+00,5.12186371e-16,0.011377
563,0.496577,0.664221,0.00000000e+00,0.000000,0.000000,0.000000e+00,4.84853994e-16,0.010770
564,0.499101,0.646313,0.00000000e+00,0.000000,0.000000,0.000000e+00,5.95660885e-16,0.013231
565,0.490905,0.588923,0.00000000e+00,0.000000,0.000000,0.000000e+00,1.88109183e-15,0.041783
566,0.485305,0.565371,0.00000000e+00,0.000000,0.000000,0.000000e+00,2.29644502e-15,0.051009
567,0.460000,1.000000,0.00000000e+00,0.000000,0.000000,0.000000e+00,2.53336252e-16,0.005627
568,0.440993,0.983258,0.00000000e+00,0.000000,0.000000,0.000000e+00,2.63791921e-16,0.005859
569,0.401279,0.927298,0.00000000e+00,0.000000,0.000000,0.000000e+00,3.46727828e-16,0.007702
570,0.442466,0.889481,0.00000000e+00,0.000000,0.000000,0.000000e+00,6.09698021e-16,0.013543
571,0.440987,0.776184,0.00000000e+00,0.000000,0.000000,0.000000e+00,3.28918458e-16,0.007306
572,0.416339,0.717001,0.00000000e+00,0.000000,0.000000,0.000000e+00,3.96475159e-16,0.008807
573,0.430771,0.688484,0.00000000e+00,0.000000,0.000000,0.000000e+00,7.70170372e-16,0.017107
574,0.442015,0.629675,0.00000000e+00,0.000000,0.000000,0.000000e+00,1.11190544e-15,0.024698
575,0.445280,0.610976,0.00000000e+00,0.000000,0.000000,0.000000e+00,6.64436308e-16,0.014759
576,0.420000,1.000000,0.00000000e+00,0.000000,0.000000,0.000000e+00,2.71179213e-16,0.006023
577,0.406246,0.962655,0.00000000e+00,0.000000,0.000000,0.000000e+00,4.02438694e-16,0.008939
578,0.392831,0.918470,0.00000000e+00,0.000000,0.000000,0.000000e+00,4.68267130e-16,0.010401
579,0.387322,0.886965,0.00000000e+00,0.000000,0.000000,0.000000e+00,4.72284554e-16,0.010490
580,0.400932,0.841634,0.00000000e+00,0.000000,0.000000,0.000000e+00,6.69551487e-16,0.014872
581,0.385905,0.805079,0.00000000e+00,0.000000,0.000000,0.000000e+00,7.14156136e-16,0.015863
582,0.398808,0.751773,0.00000000e+00,0.000000,0.000000,0.000000e+00,9.87865727e-16,0.021943
583,0.387662,0.735958,0.00000000e+00,0.000000,0.000000,0.000000e+00,7.73029743e-16,0.017171
584,0.372198,0.668081,0.00000000e+00,0.000000,0.000000,0.000000e+00,4.76698125e-16,0.010588
585,0.429045,0.669544,0.00000000e+00,0.000000,0.000000,0.000000e+00,1.08787353e-15,0.024164
586,0.380000,1.000000,0.00000000e+00,0.000000,0.000000,0.000000e+00,2.90274750e-16,0.006448
587,0.362186,0.977120,0.00000000e+00,0.000000,0.000000,0.000000e+00,2.79474445e-16,0.006208
588,0.336842,0.936622,0.00000000e+00,0.000000,0.000000,0.000000e+00,3.08976787e-16,0.006863
589,0.338604,0.901640,0.00000000e+00,0.000000,0.000000,0.000000e+00,3.06675796e-16,0.006812
590,0.358672,0.839767,0.00000000e+00,0.000000,0.000000,0.000000e+00,6.56070216e-16,0.014573
591,0.344702,0.803044,0.00000000e+00,0.000000,0.000000,0.000000e+00,5.87764050e-16,0.013055
592,0.336494,0.746759,0.00000000e+00,0.000000,0.000000,0.000000e+00,5.10537992e-16,0.011340
593,0.365640,0.723474,0.00000000e+00,0.000000,0.000000,0.000000e+00,7.91411735e-16,0.017579
594,0.368211,0.688416,0.00000000e+00,0.000000,0.000000,0.000000e+00,5.00058765e-16,0.011107
595,0.340000,1.000000,0.00000000e+00,0.000000,0.000000,0.000000e+00,2.50729164e-16,0.005569
596,0.320575,0.978742,0.00000000e+00,0.000000,0.000000,0.000000e+00,2.30544157e-16,0.005121
597,0.325111,0.900425,0.00000000e+00,0.000000,0.000000,0.000000e+00,5.42425341e-16,0.012048
598,0.316116,0.837584,0.00000000e+00,0.000000,0.000000,0.000000e+00,7.19746553e-16,0.015987
599,0.305031,0.788535,0.00000000e+00,0.000000,0.000000,0.000000e+00,2.94111677e-16,0.006533
600,0.288777,0.764173,0.00000000e+00,0.000000,0.000000,0.000000e+00,2.74120561e-16,0.006089
601,0.300000,1.000000,0.00000000e+00,0.000000,0.000000,0.000000e+00,2.15991284e-16,0.004798
602,0.237652,0.958320,0.00000000e+00,0.000000,0.000000,0.000000e+00,2.28531051e-16,0.005076
603,0.268639,0.910891,0.00000000e+00,0.000000,0.000000,0.000000e+00,3.83957785e-16,0.008528
604,0.271899,0.871559,0.00000000e+00,0.000000,0.000000,0.000000e+00,4.01304120e-16,0.008914
605,0.262165,0.834443,0.00000000e+00,0.000000,0.000000,0.000000e+00,4.79697151e-16,0.010655
606,0.249779,0.794583,0.00000000e+00,0.000000,0.000000,0.000000e+00,5.26517692e-16,0.011695
607,0.260000,1.000000,0.00000000e+00,0.000000,0.000000,0.000000e+00,1.91659826e-16,0.004257
608,0.237652,0.958320,0.00000000e+00,0.000000,0.000000,0.000000e+00,2.01991140e-16,0.004487
609,0.237652,0.958320,0.00000000e+00,0.000000,0.000000,0.000000e+00,2.83913930e-16,0.006306
610,0.263186,0.892833,0.00000000e+00,0.000000,0.000000,0.000000e+00,3.19441059e-16,0.007095
611,0.206447,0.842758,0.00000000e+00,0.000000,0.000000,0.000000e+00,4.11915828e-16,0.009150
612,0.235898,0.804046,0.00000000e+00,0.000000,0.000000,0.000000e+00,5.28760317e-16,0.011745
613,0.200000,1.000000,0.00000000e+00,0.000000,0.000000,0.000000e+00,1.51059737e-16,0.003355
614,0.180000,1.000000,0.00000000e+00,0.000000,0.000000,0.000000e+00,1.37801659e-16,0.003061
615,0.175735,0.926962,0.00000000e+00,0.000000,0.000000,0.000000e+00,1.24227242e-16,0.002759
616,0.183876,0.886501,0.00000000e+00,0.000000,0.000000,0.000000e+00,1.73870135e-16,0.003862
617,0.160000,1.000000,0.00000000e+00,0.000000,0.000000,0.000000e+00,3.75011635e-16,0.008330
618,0.140000,1.000000,0.00000000e+00,0.000000,0.000000,0.000000e+00,3.49141105e-16,0.007755
619,0.141812,0.943489,0.00000000e+00,0.000000,0.000000,0.000000e+00,3.30393407e-16,0.007339
620,0.145616,0.906166,0.00000000e+00,0.000000,0.000000,0.000000e+00,2.89906185e-16,0.006439
621,0.120000,1.000000,0.00000000e+00,0.000000,0.000000,0.000000e+00,1.21059511e-16,0.002689
622,0.100000,1.000000,0.00000000e+00,0.000000,0.000000,0.000000e+00,1.34157869e-16,0.002980
623,0.123761,0.942773,0.00000000e+00,0.000000,0.000000,0.000000e+00,3.26845927e-16,0.007260
624,0.080000,1.000000,0.00000000e+00,0.000000,0.000000,0.000000e+00,1.38084462e-16,0.003067
625,0.038879,0.959408,0.00000000e+00,0.000000,0.000000,0.000000e+00,1.75390599e-16,0.003896
626,0.000000,0.900000,0.00000000e+00,0.000000,0.000000,0.000000e+00,1.52684055e-16,0.003391
627,0.065162,0.853137,0.00000000e+00,0.000000,0.000000,0.000000e+00,2.92298126e-16,0.006493
628,0.097228,0.833787,0.00000000e+00,0.000000,0.000000,0.000000e+00,1.10626950e-16,0.002457
629,0.195813,0.748360,0.00000000e+00,0.000000,0.000000,0.000000e+00,3.22981445e-16,0.007174
630,0.230985,0.696975,0.00000000e+00,0.000000,0.000000,0.000000e+00,2.80216710e-16,0.006224
631,0.297466,0.638421,0.00000000e+00,0.000000,0.000000,0.000000e+00,5.25028502e-16,0.011662
632,0.316763,0.618035,0.00000000e+00,0.000000,0.000000,0.000000e+00,9.12402927e-16,0.020266
633,0.354882,0.556489,0.00000000e+00,0.000000,0.000000,0.000000e+00,1.03160534e-15,0.022914
634,0.377777,0.518538,0.00000000e+00,0.000000,0.000000,0.000000e+00,1.05500675e-15,0.023434
635,0.440000,0.500000,0.00000000e+00,0.000000,0.000000,0.000000e+00,5.80904809e-15,0.129031
636,0.035623,0.902058,0.00000000e+00,0.000000,0.000000,0.000000e+00,1.53868617e-16,0.003418
637,0.000000,0.860000,0.00000000e+00,0.000000,0.000000,0.000000e+00,1.45879918e-16,0.003240
638,0.081801,0.808467,0.00000000e+00,0.000000,0.000000,0.000000e+00,1.21212387e-16,0.002692
639,0.107511,0.802074,0.00000000e+00,0.000000,0.000000,0.000000e+00,3.61287372e-16,0.008025
640,0.147258,0.733108,0.00000000e+00,0.000000,0.000000,0.000000e+00,3.04914867e-16,0.006773
641,0.189666,0.705171,0.00000000e+00,0.000000,0.000000,0.000000e+00,3.71100513e-16,0.008243
642,0.204502,0.647183,0.00000000e+00,0.000000,0.000000,0.000000e+00,3.05123185e-16,0.006777
643,0.235966,0.600171,0.00000000e+00,0.000000,0.000000,0.000000e+00,4.46066767e-16,0.009908
644,0.316566,0.577666,0.00000000e+00,0.000000,0.000000,0.000000e+00,5.13430503e-16,0.011404
645,0.360000,0.500000,0.00000000e+00,0.000000,0.000000,0.000000e+00,5.71014768e-16,0.012683
646,0.400000,0.500000,0.00000000e+00,0.000000,0.000000,0.000000e+00,6.95872612e-16,0.015457
647,0.021251,0.861010,0.00000000e+00,0.000000,0.000000,0.000000e+00,1.48162752e-16,0.003291
648,0.000000,0.820000,0.00000000e+00,0.000000,0.000000,0.000000e+00,1.26214116e-16,0.002803
649,0.064445,0.783578,0.00000000e+00,0.000000,0.000000,0.000000e+00,7.42843064e-17,0.001650
650,0.081697,0.721308,0.00000000e+00,0.000000,0.000000,0.000000e+00,1.84954792e-16,0.004108
651,0.136720,0.700087,0.00000000e+00,0.000000,0.000000,0.000000e+00,1.36674285e-16,0.003036
652,0.188415,0.653280,0.00000000e+00,0.000000,0.000000,0.000000e+00,2.32367290e-16,0.005161
653,0.218076,0.623611,0.00000000e+00,0.000000,0.000000,0.000000e+00,3.52980520e-16,0.007840
654,0.297287,0.578681,0.00000000e+00,0.000000,0.000000,0.000000e+00,4.80335444e-16,0.010669
655,0.318627,0.519216,0.00000000e+00,0.000000,0.000000,0.000000e+00,2.96732953e-16,0.006591
656,0.020279,0.820651,0.00000000e+00,0.000000,0.000000,0.000000e+00,1.06300378e-16,0.002361
657,0.000000,0.780000,0.00000000e+00,0.000000,0.000000,0.000000e+00,1.16319805e-16,0.002584
658,0.041852,0.741739,0.00000000e+00,0.000000,0.000000,0.000000e+00,8.09160582e-17,0.001797
659,0.099007,0.682491,0.00000000e+00,0.000000,0.000000,0.000000e+00,1.56406235e-16,0.003474
660,0.151776,0.654799,0.00000000e+00,0.000000,0.000000,0.000000e+00,7.31072681e-17,0.001624
661,0.193960,0.583635,0.00000000e+00,0.000000,0.000000,0.000000e+00,2.02943311e-16,0.004508
662,0.259343,0.560103,0.00000000e+00,0.000000,0.000000,0.000000e+00,4.35969843e-16,0.009684
663,0.260000,0.500000,0.00000000e+00,0.000000,0.000000,0.000000e+00,1.98128815e-16,0.004401
664,0.358047,0.518654,0.00000000e+00,0.000000,0.000000,0.000000e+00,4.54564149e-16,0.010097
665,0.020783,0.780876,0.00000000e+00,0.000000,0.000000,0.000000e+00,8.66115210e-17,0.001924
666,0.000000,0.740000,0.00000000e+00,0.000000,0.000000,0.000000e+00,1.06528568e-16,0.002366
667,0.060768,0.701643,0.00000000e+00,0.000000,0.000000,0.000000e+00,1.16962690e-16,0.002598
668,0.099109,0.663457,0.00000000e+00,0.000000,0.000000,0.000000e+00,9.93910048e-17,0.002208
669,0.155702,0.632097,0.00000000e+00,0.000000,0.000000,0.000000e+00,7.04323844e-17,0.001564
670,0.178720,0.560569,0.00000000e+00,0.000000,0.000000,0.000000e+00,1.51555238e-16,0.003366
671,0.220000,0.500000,0.00000000e+00,0.000000,0.000000,0.000000e+00,1.50944884e-16,0.003353
672,0.260000,0.500000,0.00000000e+00,0.000000,0.000000,0.000000e+00,1.25132482e-16,0.002779
673,0.041852,0.741739,0.00000000e+00,0.000000,0.000000,0.000000e+00,7.05688493e-17,0.001567
674,0.000000,0.700000,0.00000000e+00,0.000000,0.000000,0.000000e+00,1.29357376e-16,0.002873
675,0.040174,0.661302,0.00000000e+00,0.000000,0.000000,0.000000e+00,1.29490307e-16,0.002876
676,0.102639,0.624253,0.00000000e+00,0.000000,0.000000,0.000000e+00,9.29087808e-17,0.002064
677,0.141004,0.558615,0.00000000e+00,0.000000,0.000000,0.000000e+00,1.39540724e-16,0.003099
678,0.180000,0.500000,0.00000000e+00,0.000000,0.000000,0.000000e+00,1.95726921e-16,0.004347
679,0.258951,0.520341,0.00000000e+00,0.000000,0.000000,0.000000e+00,1.50022399e-16,0.003332
680,0.020446,0.700792,0.00000000e+00,0.000000,0.000000,0.000000e+00,9.86530274e-17,0.002191
681,0.000000,0.660000,0.00000000e+00,0.000000,0.000000,0.000000e+00,1.74364260e-16,0.003873
682,0.060792,0.622108,0.00000000e+00,0.000000,0.000000,0.000000e+00,1.21642547e-16,0.002702
683,0.102211,0.561815,0.00000000e+00,0.000000,0.000000,0.000000e+00,1.84373926e-16,0.004095
684,0.140000,0.500000,0.00000000e+00,0.000000,0.000000,0.000000e+00,2.33047219e-16,0.005176
685,0.219812,0.518888,0.00000000e+00,0.000000,0.000000,0.000000e+00,1.98091744e-16,0.004400
686,0.020134,0.660692,0.00000000e+00,0.000000,0.000000,0.000000e+00,1.20292019e-16,0.002672
687,0.000000,0.620000,0.00000000e+00,0.000000,0.000000,0.000000e+00,2.15972557e-16,0.004797
688,0.061246,0.561760,0.00000000e+00,0.000000,0.000000,0.000000e+00,2.01778852e-16,0.004482
689,0.100000,0.500000,0.00000000e+00,0.000000,0.000000,0.000000e+00,2.48819502e-16,0.005527
690,0.180657,0.520607,0.00000000e+00,0.000000,0.000000,0.000000e+00,2.06582363e-16,0.004589
691,0.020178,0.620687,0.00000000e+00,0.000000,0.000000,0.000000e+00,1.66677463e-16,0.003702
692,0.000000,0.560000,0.00000000e+00,0.000000,0.000000,0.000000e+00,2.00577627e-16,0.004455
693,0.040724,0.540979,0.00000000e+00,0.000000,0.000000,0.000000e+00,2.02546979e-16,0.004499
694,0.140165,0.520033,0.00000000e+00,0.000000,0.000000,0.000000e+00,2.41673270e-16,0.005368
695,0.040839,0.561242,0.00000000e+00,0.000000,0.000000,0.000000e+00,1.97350378e-16,0.004384
696,0.020000,0.500000,0.00000000e+00,0.000000,0.000000,0.000000e+00,4.43331949e-17,0.000985
697,0.060000,0.500000,0.00000000e+00,0.000000,0.000000,0.000000e+00,2.33847691e-16,0.005194
698,0.020000,0.500000,0.00000000e+00,0.000000,0.000000,0.000000e+00,1.70836527e-16,0.003795
699,0.060382,0.458768,0.00000000e+00,0.000000,0.000000,0.000000e+00,1.94171226e-16,0.004313
700,0.053412,0.381961,0.00000000e+00,0.000000,0.000000,0.000000e+00,1.25346146e-16,0.002784
701,0.019098,0.341038,0.00000000e+00,0.000000,0.000000,0.000000e+00,1.22132013e-16,0.002713
702,0.020974,0.300775,0.00000000e+00,0.000000,0.000000,0.000000e+00,1.10912598e-16,0.002464
703,0.021408,0.241713,0.00000000e+00,0.000000,0.000000,0.000000e+00,1.03011343e-16,0.002288
704,0.020194,0.201401,0.00000000e+00,0.000000,0.000000,0.000000e+00,1.15259942e-16,0.002560
705,0.019266,0.161540,0.00000000e+00,0.000000,0.000000,0.000000e+00,1.18721580e-16,0.002637
706,0.020234,0.121675,0.00000000e+00,0.000000,0.000000,0.000000e+00,1.82965721e-16,0.004064
707,0.048830,0.082858,0.00000000e+00,0.000000,0.000000,0.000000e+00,2.32526585e-16,0.005165
708,1.000000,0.060000,0.00000000e+00,0.000000,0.000000,0.000000e+00,9.35943547e-17,0.002079
709,0.928188,0.068226,0.00000000e+00,0.000000,0.000000,0.000000e+00,9.99024341e-17,0.002219
710,0.888100,0.060953,0.00000000e+00,0.000000,0.000000,0.000000e+00,8.20939502e-17,0.001823
711,0.836389,0.038700,0.00000000e+00,0.000000,0.000000,0.000000e+00,1.92771679e-17,0.000428
712,0.797766,0.040006,0.00000000e+00,0.000000,0.000000,0.000000e+00,2.49005369e-17,0.000553
713,0.778230,0.040894,0.00000000e+00,0.000000,0.000000,0.000000e+00,4.26848920e-17,0.000948
714,0.723011,0.068865,0.00000000e+00,0.000000,0.000000,0.000000e+00,1.49104785e-16,0.003312
715,0.675961,0.037779,0.00000000e+00,0.000000,0.000000,0.000000e+00,7.84283357e-17,0.001742
716,0.638325,0.039648,0.00000000e+00,0.000000,0.000000,0.000000e+00,1.16035123e-16,0.002577
717,0.628492,0.082697,0.00000000e+00,0.000000,0.000000,0.000000e+00,2.52687425e-16,0.005613
718,0.598618,0.045721,0.00000000e+00,0.000000,0.000000,0.000000e+00,2.07663282e-16,0.004613
719,0.536291,0.070783,0.00000000e+00,0.000000,0.000000,0.000000e+00,5.02814957e-16,0.011169
720,0.455591,0.075519,0.00000000e+00,0.000000,0.000000,0.000000e+00,3.10318170e-16,0.006893
721,0.393592,0.056404,0.00000000e+00,0.000000,0.000000,0.000000e+00,2.64423304e-16,0.005873
722,0.338350,0.039079,0.00000000e+00,0.000000,0.000000,0.000000e+00,2.40373736e-16,0.005339
723,0.298388,0.041324,0.00000000e+00,0.000000,0.000000,0.000000e+00,2.30821640e-16,0.005127
724,0.277996,0.042499,0.00000000e+00,0.000000,0.000000,0.000000e+00,1.97343589e-16,0.004383
725,0.219136,0.019727,0.00000000e+00,0.000000,0.000000,0.000000e+00,1.80578147e-16,0.004011
726,0.158357,0.036938,0.00000000e+00,0.000000,0.000000,0.000000e+00,1.73113431e-16,0.003845
727,0.120334,0.036046,0.00000000e+00,0.000000,0.000000,0.000000e+00,2.77313267e-16,0.006160
728,0.102002,0.054886,0.00000000e+00,0.000000,0.000000,0.000000e+00,1.16761096e-16,0.002594
729,1.000000,0.100000,0.00000000e+00,0.000000,0.000000,0.000000e+00,1.39052873e-16,0.003089
730,0.929412,0.106993,0.00000000e+00,0.000000,0.000000,0.000000e+00,1.62881617e-16,0.003618
731,0.901549,0.122698,0.00000000e+00,0.000000,0.000000,0.000000e+00,9.35121528e-17,0.002077
732,0.833640,0.076926,0.00000000e+00,0.000000,0.000000,0.000000e+00,2.02414057e-17,0.000450
733,0.797107,0.079400,0.00000000e+00,0.000000,0.000000,0.000000e+00,3.82837518e-17,0.000850
734,0.778840,0.100228,0.00000000e+00,0.000000,0.000000,0.000000e+00,5.86056736e-17,0.001302
735,0.723560,0.087881,0.00000000e+00,0.000000,0.000000,0.000000e+00,2.71016447e-17,0.000602
736,0.674091,0.070671,0.00000000e+00,0.000000,0.000000,0.000000e+00,1.74495537e-16,0.003876
737,0.664121,0.090324,0.00000000e+00,0.000000,0.000000,0.000000e+00,2.05921425e-16,0.004574
738,0.631839,0.122898,0.00000000e+00,0.000000,0.000000,0.000000e+00,1.77885442e-16,0.003951
739,0.506375,0.098843,0.00000000e+00,0.000000,0.000000,0.000000e+00,5.13690966e-16,0.011410
740,0.436790,0.109772,0.00000000e+00,0.000000,0.000000,0.000000e+00,5.87550968e-16,0.013051
741,0.411864,0.095652,0.00000000e+00,0.000000,0.000000,0.000000e+00,5.39264373e-16,0.011978
742,0.397425,0.110849,0.00000000e+00,0.000000,0.000000,0.000000e+00,4.62674119e-16,0.010277
743,0.338874,0.077176,0.00000000e+00,0.000000,0.000000,0.000000e+00,2.31567293e-16,0.005144
744,0.300011,0.081725,0.00000000e+00,0.000000,0.000000,0.000000e+00,2.42752469e-16,0.005392
745,0.278653,0.085748,0.00000000e+00,0.000000,0.000000,0.000000e+00,4.40557480e-16,0.009786
746,0.168194,0.072862,0.00000000e+00,0.000000,0.000000,0.000000e+00,1.57283364e-16,0.003494
747,0.148436,0.106656,0.00000000e+00,0.000000,0.000000,0.000000e+00,3.70335457e-16,0.008226
748,0.111532,0.087230,0.00000000e+00,0.000000,0.000000,0.000000e+00,3.36924031e-16,0.007484
749,0.048830,0.082858,0.00000000e+00,0.000000,0.000000,0.000000e+00,3.75315481e-16,0.008337
750,1.000000,0.140000,0.00000000e+00,0.000000,0.000000,0.000000e+00,1.39256862e-16,0.003093
751,0.935241,0.145206,0.00000000e+00,0.000000,0.000000,0.000000e+00,3.17994797e-17,0.000706
752,0.905562,0.160410,0.00000000e+00,0.000000,0.000000,0.000000e+00,4.92799236e-17,0.001095
753,0.868647,0.130372,0.00000000e+00,0.000000,0.000000,0.000000e+00,2.99567595e-17,0.000665
754,0.797367,0.117713,0.00000000e+00,0.000000,0.000000,0.000000e+00,3.51031861e-17,0.000780
755,0.761294,0.120767,0.00000000e+00,0.000000,0.000000,0.000000e+00,5.92191703e-17,0.001315
756,0.726778,0.144261,0.00000000e+00,0.000000,0.000000,0.000000e+00,1.32363059e-16,0.002940
757,0.683481,0.131141,0.00000000e+00,0.000000,0.000000,0.000000e+00,1.04045385e-16,0.002311
758,0.667787,0.106614,0.00000000e+00,0.000000,0.000000,0.000000e+00,1.00042261e-16,0.002222
759,0.570393,0.136852,0.00000000e+00,0.000000,0.000000,0.000000e+00,3.51226950e-16,0.007801
760,0.499711,0.124868,0.00000000e+00,0.000000,0.000000,0.000000e+00,5.46786237e-16,0.012145
761,0.448867,0.121898,0.00000000e+00,0.000000,0.000000,0.000000e+00,5.16073140e-16,0.011463
762,0.430688,0.124036,0.00000000e+00,0.000000,0.000000,0.000000e+00,5.10958014e-16,0.011349
763,0.376721,0.111677,0.00000000e+00,0.000000,0.000000,0.000000e+00,3.91071777e-16,0.008687
764,0.341265,0.114112,0.00000000e+00,0.000000,0.000000,0.000000e+00,2.33435345e-16,0.005185
765,0.307730,0.118078,0.00000000e+00,0.000000,0.000000,0.000000e+00,3.44545051e-16,0.007653
766,0.286412,0.149446,0.00000000e+00,0.000000,0.000000,0.000000e+00,4.29444460e-16,0.009539
767,0.193911,0.140791,0.00000000e+00,0.000000,0.000000,0.000000e+00,2.70475143e-16,0.006008
768,0.184941,0.118449,0.00000000e+00,0.000000,0.000000,0.000000e+00,1.67151867e-16,0.003713
769,0.142307,0.126442,0.00000000e+00,0.000000,0.000000,0.000000e+00,3.49053569e-16,0.007753
770,0.093058,0.145262,0.00000000e+00,0.000000,0.000000,0.000000e+00,2.30810152e-16,0.005127
771,0.056563,0.145421,0.00000000e+00,0.000000,0.000000,0.000000e+00,1.48167304e-16,0.003291
772,1.000000,0.180000,0.00000000e+00,0.000000,0.000000,0.000000e+00,1.54684627e-16,0.003436
773,0.940111,0.182209,0.00000000e+00,0.000000,0.000000,0.000000e+00,7.04917627e-17,0.001566
774,0.888110,0.177164,0.00000000e+00,0.000000,0.000000,0.000000e+00,5.16591564e-17,0.001147
775,0.854629,0.194227,0.00000000e+00,0.000000,0.000000,0.000000e+00,2.99252240e-17,0.000665
776,0.820124,0.174659,0.00000000e+00,0.000000,0.000000,0.000000e+00,8.40692112e-17,0.001867
777,0.783087,0.172567,0.00000000e+00,0.000000,0.000000,0.000000e+00,6.11801244e-17,0.001359
778,0.713092,0.166760,0.00000000e+00,0.000000,0.000000,0.000000e+00,1.23225758e-16,0.002737
779,0.697001,0.172097,0.00000000e+00,0.000000,0.000000,0.000000e+00,2.36283891e-16,0.005248
780,0.662712,0.169050,0.00000000e+00,0.000000,0.000000,0.000000e+00,1.30523304e-16,0.002899
781,0.633035,0.194829,0.00000000e+00,0.000000,0.000000,0.000000e+00,3.18109973e-16,0.007066
782,0.539489,0.157473,0.00000000e+00,0.000000,0.000000,0.000000e+00,4.78777380e-16,0.010635
783,0.524074,0.167621,0.00000000e+00,0.000000,0.000000,0.000000e+00,2.83156788e-16,0.006289
784,0.488771,0.164557,0.00000000e+00,0.000000,0.000000,0.000000e+00,5.65609692e-16,0.012563
785,0.401852,0.180652,0.00000000e+00,0.000000,0.000000,0.000000e+00,4.22952509e-16,0.009395
786,0.391859,0.170148,0.00000000e+00,0.000000,0.000000,0.000000e+00,6.33891082e-16,0.014080
787,0.355993,0.172785,0.00000000e+00,0.000000,0.000000,0.000000e+00,7.08479903e-16,0.015737
788,0.313891,0.158901,0.00000000e+00,0.000000,0.000000,0.000000e+00,2.15409094e-16,0.004785
789,0.257880,0.170154,0.00000000e+00,0.000000,0.000000,0.000000e+00,4.62270560e-16,0.010268
790,0.208792,0.168694,0.00000000e+00,0.000000,0.000000,0.000000e+00,4.27964164e-16,0.009506
791,0.171163,0.173730,0.00000000e+00,0.000000,0.000000,0.000000e+00,3.45825394e-16,0.007681
792,0.131931,0.160329,0.00000000e+00,0.000000,0.000000,0.000000e+00,2.87617369e-16,0.006389
793,0.094843,0.161354,0.00000000e+00,0.000000,0.000000,0.000000e+00,1.04544102e-16,0.002322
794,0.038260,0.162826,0.00000000e+00,0.000000,0.000000,0.000000e+00,9.50821615e-17,0.002112
795,1.000000,0.220000,0.00000000e+00,0.000000,0.000000,0.000000e+00,1.70807119e-16,0.003794
796,0.924452,0.205961,0.00000000e+00,0.000000,0.000000,0.000000e+00,2.27307049e-17,0.000505
797,0.831834,0.227480,0.00000000e+00,0.000000,0.000000,0.000000e+00,4.27589974e-17,0.000950
798,0.816948,0.236327,0.00000000e+00,0.000000,0.000000,0.000000e+00,5.12956502e-17,0.001139
799,0.770145,0.212107,0.00000000e+00,0.000000,0.000000,0.000000e+00,4.56647704e-17,0.001014
800,0.722652,0.200947,0.00000000e+00,0.000000,0.000000,0.000000e+00,8.19403394e-17,0.001820
801,0.673054,0.204232,0.00000000e+00,0.000000,0.000000,0.000000e+00,2.16632408e-16,0.004812
802,0.648885,0.204257,0.00000000e+00,0.000000,0.000000,0.000000e+00,1.61350750e-16,0.003584
803,0.624903,0.213610,0.00000000e+00,0.000000,0.000000,0.000000e+00,1.35598871e-16,0.003012
804,0.580970,0.220317,0.00000000e+00,0.000000,0.000000,0.000000e+00,6.04873904e-16,0.013435
805,0.497606,0.206617,0.00000000e+00,0.000000,0.000000,0.000000e+00,6.98582429e-16,0.015517
806,0.444331,0.218361,0.00000000e+00,0.000000,0.000000,0.000000e+00,3.17994803e-16,0.007063
807,0.413094,0.228822,0.00000000e+00,0.000000,0.000000,0.000000e+00,4.55825328e-16,0.010125
808,0.350987,0.190960,0.00000000e+00,0.000000,0.000000,0.000000e+00,6.71283881e-16,0.014911
809,0.301047,0.235883,0.00000000e+00,0.000000,0.000000,0.000000e+00,7.14005152e-16,0.015860
810,0.241846,0.207411,0.00000000e+00,0.000000,0.000000,0.000000e+00,4.85379419e-16,0.010781
811,0.226750,0.217785,0.00000000e+00,0.000000,0.000000,0.000000e+00,3.97380399e-16,0.008827
812,0.188117,0.202189,0.00000000e+00,0.000000,0.000000,0.000000e+00,2.94095716e-16,0.006532
813,0.150225,0.217047,0.00000000e+00,0.000000,0.000000,0.000000e+00,6.38560470e-17,0.001418
814,0.113828,0.235455,0.00000000e+00,0.000000,0.000000,0.000000e+00,1.74890373e-16,0.003885
815,0.040440,0.202182,0.00000000e+00,0.000000,0.000000,0.000000e+00,7.50148657e-17,0.001666
816,1.000000,0.260000,0.00000000e+00,0.000000,0.000000,0.000000e+00,1.87536959e-16,0.004166
817,0.920392,0.268287,0.00000000e+00,0.000000,0.000000,0.000000e+00,9.63854276e-17,0.002141
818,0.864993,0.296322,0.00000000e+00,0.000000,0.000000,0.000000e+00,8.68651677e-17,0.001929
819,0.784736,0.271294,0.00000000e+00,0.000000,0.000000,0.000000e+00,4.91643036e-17,0.001092
820,0.712372,0.288686,0.00000000e+00,0.000000,0.000000,0.000000e+00,1.72140322e-16,0.003824
821,0.545442,0.244349,0.00000000e+00,0.000000,0.000000,0.000000e+00,7.43556173e-16,0.016516
822,0.527908,0.256631,0.00000000e+00,0.000000,0.000000,0.000000e+00,8.77333698e-16,0.019487
823,0.471505,0.287167,0.00000000e+00,0.000000,0.000000,0.000000e+00,1.09941425e-15,0.024420
824,0.438927,0.239304,0.00000000e+00,0.000000,0.000000,0.000000e+00,8.92004785e-16,0.019813
825,0.375139,0.246144,0.00000000e+00,0.000000,0.000000,0.000000e+00,9.22578863e-16,0.020492
826,0.347268,0.275650,0.00000000e+00,0.000000,0.000000,0.000000e+00,9.76528085e-16,0.021691
827,0.246265,0.263182,0.00000000e+00,0.000000,0.000000,0.000000e+00,1.86038452e-16,0.004132
828,0.172024,0.242348,0.00000000e+00,0.000000,0.000000,0.000000e+00,6.19882070e-17,0.001377
829,0.097791,0.287495,0.00000000e+00,0.000000,0.000000,0.000000e+00,2.22113956e-16,0.004934
830,0.062477,0.283541,0.00000000e+00,0.000000,0.000000,0.000000e+00,2.13533975e-16,0.004743
831,1.000000,0.300000,0.00000000e+00,0.000000,0.000000,0.000000e+00,1.92316898e-16,0.004272
832,0.945954,0.319423,0.00000000e+00,0.000000,0.000000,0.000000e+00,1.28146701e-16,0.002846
833,0.855976,0.333613,0.00000000e+00,0.000000,0.000000,0.000000e+00,1.23650240e-16,0.002747
834,0.668214,0.310302,0.00000000e+00,0.000000,0.000000,0.000000e+00,2.47457102e-16,0.005497
835,0.602871,0.301150,0.00000000e+00,0.000000,0.000000,0.000000e+00,4.75008665e-16,0.010551
836,0.516536,0.323094,0.00000000e+00,0.000000,0.000000,0.000000e+00,2.95432731e-16,0.006562
837,0.479744,0.307455,0.00000000e+00,0.000000,0.000000,0.000000e+00,1.34070238e-15,0.029780
838,0.385466,0.317654,0.00000000e+00,0.000000,0.000000,0.000000e+00,1.12480544e-15,0.024984
839,0.330879,0.288148,0.00000000e+00,0.000000,0.000000,0.000000e+00,4.05501353e-16,0.009007
840,0.300539,0.306117,0.00000000e+00,0.000000,0.000000,0.000000e+00,2.94337993e-16,0.006538
841,0.248111,0.313746,0.00000000e+00,0.000000,0.000000,0.000000e+00,3.22806294e-16,0.007170
842,0.248111,0.313746,0.00000000e+00,0.000000,0.000000,0.000000e+00,3.25387945e-16,0.007228
843,0.183940,0.283820,0.00000000e+00,0.000000,0.000000,0.000000e+00,1.74617007e-16,0.003879
844,0.146116,0.291324,0.00000000e+00,0.000000,0.000000,0.000000e+00,1.77150059e-16,0.003935
845,0.045165,0.299929,0.00000000e+00,0.000000,0.000000,0.000000e+00,1.25267491e-16,0.002782
846,1.000000,0.340000,0.00000000e+00,0.000000,0.000000,0.000000e+00,1.74607160e-16,0.003878
847,0.962753,0.339052,0.00000000e+00,0.000000,0.000000,0.000000e+00,1.05019347e-16,0.002333
848,0.875769,0.360373,0.00000000e+00,0.000000,0.000000,0.000000e+00,1.01121712e-16,0.002246
849,0.811341,0.355135,0.00000000e+00,0.000000,0.000000,0.000000e+00,1.21787747e-16,0.002705
850,0.777849,0.346131,0.00000000e+00,0.000000,0.000000,0.000000e+00,1.67386641e-16,0.003718
851,0.747588,0.354779,0.00000000e+00,0.000000,0.000000,0.000000e+00,9.61469547e-17,0.002136
852,0.672744,0.332398,0.00000000e+00,0.000000,0.000000,0.000000e+00,3.76356273e-16,0.008360
853,0.646448,0.335624,0.00000000e+00,0.000000,0.000000,0.000000e+00,3.61858748e-16,0.008038
854,0.609055,0.338269,0.00000000e+00,0.000000,0.000000,0.000000e+00,3.67179227e-16,0.008156
855,0.535290,0.339832,0.00000000e+00,0.000000,0.000000,0.000000e+00,6.31097356e-16,0.014018
856,0.517521,0.341766,0.00000000e+00,0.000000,0.000000,0.000000e+00,5.25237931e-16,0.011667
857,0.462912,0.378390,0.00000000e+00,0.000000,0.000000,0.000000e+00,1.60604424e-15,0.035674
858,0.439523,0.347567,0.00000000e+00,0.000000,0.000000,0.000000e+00,1.26728051e-15,0.028149
859,0.376102,0.355420,0.00000000e+00,0.000000,0.000000,0.000000e+00,1.23017231e-15,0.027325
860,0.338593,0.347390,0.00000000e+00,0.000000,0.000000,0.000000e+00,4.95903539e-16,0.011015
861,0.312695,0.339291,0.00000000e+00,0.000000,0.000000,0.000000e+00,3.50903674e-16,0.007794
862,0.235206,0.353890,0.00000000e+00,0.000000,0.000000,0.000000e+00,3.54972662e-16,0.007885
863,0.216837,0.357084,0.00000000e+00,0.000000,0.000000,0.000000e+00,3.00428081e-16,0.006673
864,0.161969,0.367285,0.00000000e+00,0.000000,0.000000,0.000000e+00,1.99166629e-16,0.004424
865,0.071521,0.365021,0.00000000e+00,0.000000,0.000000,0.000000e+00,8.17638588e-17,0.001816
866,0.054192,0.363803,0.00000000e+00,0.000000,0.000000,0.000000e+00,9.94923709e-17,0.002210
867,1.000000,0.380000,0.00000000e+00,0.000000,0.000000,0.000000e+00,1.39274094e-16,0.003094
868,0.938586,0.374129,0.00000000e+00,0.000000,0.000000,0.000000e+00,5.49357611e-17,0.001220
869,0.835081,0.381670,0.00000000e+00,0.000000,0.000000,0.000000e+00,1.73123661e-16,0.003845
870,0.818184,0.384793,0.00000000e+00,0.000000,0.000000,0.000000e+00,1.73413333e-16,0.003852
871,0.773864,0.389678,0.00000000e+00,0.000000,0.000000,0.000000e+00,1.29904348e-16,0.002885
872,0.718338,0.394384,0.00000000e+00,0.000000,0.000000,0.000000e+00,1.58810988e-16,0.003528
873,0.635798,0.395495,0.00000000e+00,0.000000,0.000000,0.000000e+00,1.87079363e-16,0.004155
874,0.564714,0.413359,0.00000000e+00,0.000000,0.000000,0.000000e+00,4.33478693e-16,0.009628
875,0.456604,0.419075,0.00000000e+00,0.000000,0.000000,0.000000e+00,2.86785535e-15,0.063701
876,0.389064,0.378811,0.00000000e+00,0.000000,0.000000,0.000000e+00,1.76710110e-15,0.039251
877,0.369325,0.401268,0.00000000e+00,0.000000,0.000000,0.000000e+00,1.29736871e-15,0.028817
878,0.257312,0.369974,0.00000000e+00,0.000000,0.000000,0.000000e+00,4.39226208e-16,0.009756
879,0.174882,0.386868,0.00000000e+00,0.000000,0.000000,0.000000e+00,1.27231218e-16,0.002826
880,0.144176,0.383568,0.00000000e+00,0.000000,0.000000,0.000000e+00,6.61951616e-17,0.001470
881,0.979399,0.460486,0.00000000e+00,0.000000,0.000000,0.000000e+00,1.37493644e-16,0.003054
882,0.887107,0.400974,0.00000000e+00,0.000000,0.000000,0.000000e+00,1.51865146e-16,0.003373
883,0.817169,0.428089,0.00000000e+00,0.000000,0.000000,0.000000e+00,5.73207974e-17,0.001273
884,0.733958,0.416923,0.00000000e+00,0.000000,0.000000,0.000000e+00,5.11258605e-16,0.011356
885,0.702824,0.413215,0.00000000e+00,0.000000,0.000000,0.000000e+00,6.63323624e-16,0.014734
886,0.654919,0.449766,0.00000000e+00,0.000000,0.000000,0.000000e+00,5.07679414e-16,0.011277
887,0.631686,0.434204,0.00000000e+00,0.000000,0.000000,0.000000e+00,3.13121028e-16,0.006955
888,0.566594,0.433702,0.00000000e+00,0.000000,0.000000,0.000000e+00,8.24880336e-16,0.018322
889,0.506103,0.440613,0.00000000e+00,0.000000,0.000000,0.000000e+00,1.84102759e-15,0.040893
890,0.486191,0.439091,0.00000000e+00,0.000000,0.000000,0.000000e+00,5.63771281e-15,0.125225
891,0.405328,0.441579,0.00000000e+00,0.000000,0.000000,0.000000e+00,2.83008679e-15,0.062862
892,0.388331,0.399995,0.00000000e+00,0.000000,0.000000,0.000000e+00,1.74751304e-15,0.038816
893,0.346938,0.461808,0.00000000e+00,0.000000,0.000000,0.000000e+00,3.74207271e-16,0.008312
894,0.314880,0.437385,0.00000000e+00,0.000000,0.000000,0.000000e+00,4.93925929e-16,0.010971
895,0.264868,0.407924,0.00000000e+00,0.000000,0.000000,0.000000e+00,5.41012490e-16,0.012017
896,0.215884,0.439054,0.00000000e+00,0.000000,0.000000,0.000000e+00,3.02762054e-16,0.006725
897,0.177305,0.422684,0.00000000e+00,0.000000,0.000000,0.000000e+00,1.13839362e-16,0.002529
898,0.140720,0.440948,0.00000000e+00,0.000000,0.000000,0.000000e+00,1.57517516e-16,0.003499
899,0.104884,0.415573,0.00000000e+00,0.000000,0.000000,0.000000e+00,1.40594737e-16,0.003123
900,0.050808,0.399877,0.00000000e+00,0.000000,0.000000,0.000000e+00,1.60599631e-16,0.003567
901,0.945830,0.501109,0.00000000e+00,0.000000,0.000000,0.000000e+00,6.39834858e-17,0.001421
902,0.907281,0.476513,0.00000000e+00,0.000000,0.000000,0.000000e+00,1.23701181e-16,0.002748
903,0.875920,0.485171,0.00000000e+00,0.000000,0.000000,0.000000e+00,8.26629578e-17,0.001836
904,0.839351,0.538915,0.00000000e+00,0.000000,0.000000,0.000000e+00,6.13585902e-17,0.001363
905,0.773797,0.475908,0.00000000e+00,0.000000,0.000000,0.000000e+00,1.96615591e-16,0.004367
906,0.735727,0.461818,0.00000000e+00,0.000000,0.000000,0.000000e+00,2.90890490e-16,0.006461
907,0.681017,0.486143,0.00000000e+00,0.000000,0.000000,0.000000e+00,3.81648773e-16,0.008477
908,0.643785,0.481701,0.00000000e+00,0.000000,0.000000,0.000000e+00,7.34840998e-16,0.016322
909,0.628160,0.499380,0.00000000e+00,0.000000,0.000000,0.000000e+00,8.88485787e-16,0.019735
910,0.527110,0.461162,0.00000000e+00,0.000000,0.000000,0.000000e+00,5.91445456e-15,0.131372
911,0.922082,0.522190,0.00000000e+00,0.000000,0.000000,0.000000e+00,1.69371305e-16,0.003762
912,0.875872,0.562055,0.00000000e+00,0.000000,0.000000,0.000000e+00,1.15778062e-16,0.002572
913,0.844973,0.552982,0.00000000e+00,0.000000,0.000000,0.000000e+00,2.31799913e-17,0.000515
914,0.816726,0.583414,0.00000000e+00,0.000000,0.000000,0.000000e+00,7.68457804e-17,0.001707
915,0.777682,0.592534,0.00000000e+00,0.000000,0.000000,0.000000e+00,8.52561293e-17,0.001894
916,0.728176,0.561264,0.00000000e+00,0.000000,0.000000,0.000000e+00,1.82087255e-16,0.004045
917,0.677251,0.529400,0.00000000e+00,0.000000,0.000000,0.000000e+00,2.19989306e-16,0.004886
918,0.639682,0.538534,0.00000000e+00,0.000000,0.000000,0.000000e+00,2.58168787e-16,0.005734
919,0.604845,0.545884,0.00000000e+00,0.000000,0.000000,0.000000e+00,1.57932565e-15,0.035080
920,0.490905,0.588923,0.00000000e+00,0.000000,0.000000,0.000000e+00,2.60891717e-15,0.057949
921,0.554815,0.575680,0.00000000e+00,0.000000,0.000000,0.000000e+00,1.27132086e-15,0.028239
922,0.452038,0.541359,0.00000000e+00,0.000000,0.000000,0.000000e+00,3.84727066e-15,0.085456
923,0.433046,0.539334,0.00000000e+00,0.000000,0.000000,0.000000e+00,4.14671374e-15,0.092107
924,0.375593,0.537272,0.00000000e+00,0.000000,0.000000,0.000000e+00,2.08323031e-15,0.046273
925,0.336955,0.538007,0.00000000e+00,0.000000,0.000000,0.000000e+00,5.30180686e-16,0.011776
926,0.298040,0.539315,0.00000000e+00,0.000000,0.000000,0.000000e+00,4.15319101e-16,0.009225
927,0.278427,0.539832,0.00000000e+00,0.000000,0.000000,0.000000e+00,2.55972007e-16,0.005686
928,0.220951,0.558191,0.00000000e+00,0.000000,0.000000,0.000000e+00,3.92981651e-16,0.008729
929,0.160471,0.539839,0.00000000e+00,0.000000,0.000000,0.000000e+00,1.17273511e-16,0.002605
930,0.120801,0.540313,0.00000000e+00,0.000000,0.000000,0.000000e+00,1.63200472e-16,0.003625
931,0.081097,0.541312,0.00000000e+00,0.000000,0.000000,0.000000e+00,1.95163353e-16,0.004335
932,0.040724,0.540979,0.00000000e+00,0.000000,0.000000,0.000000e+00,2.02830827e-16,0.004505
933,1.000000,0.600000,0.00000000e+00,0.000000,0.000000,0.000000e+00,1.80925377e-16,0.004019
934,0.889785,0.611756,0.00000000e+00,0.000000,0.000000,0.000000e+00,1.48669701e-16,0.003302
935,0.816726,0.583414,0.00000000e+00,0.000000,0.000000,0.000000e+00,5.54021222e-17,0.001231
936,0.751095,0.579262,0.00000000e+00,0.000000,0.000000,0.000000e+00,1.28104495e-16,0.002845
937,0.682364,0.605050,0.00000000e+00,0.000000,0.000000,0.000000e+00,1.67567046e-16,0.003722
938,0.630671,0.594139,0.00000000e+00,0.000000,0.000000,0.000000e+00,6.59021756e-16,0.014638
939,0.598196,0.567958,0.00000000e+00,0.000000,0.000000,0.000000e+00,7.39159119e-16,0.016418
940,0.515302,0.612497,0.00000000e+00,0.000000,0.000000,0.000000e+00,6.30511791e-16,0.014005
941,0.404137,0.615598,0.00000000e+00,0.000000,0.000000,0.000000e+00,1.56888925e-15,0.034848
942,0.436318,0.596656,0.00000000e+00,0.000000,0.000000,0.000000e+00,1.62531742e-15,0.036102
943,0.335339,0.576646,0.00000000e+00,0.000000,0.000000,0.000000e+00,1.11319124e-15,0.024726
944,0.297287,0.578681,0.00000000e+00,0.000000,0.000000,0.000000e+00,5.28268456e-16,0.011734
945,0.277452,0.598897,0.00000000e+00,0.000000,0.000000,0.000000e+00,5.06150626e-16,0.011243
946,0.214687,0.603545,0.00000000e+00,0.000000,0.000000,0.000000e+00,2.67213272e-16,0.005935
947,0.176394,0.579495,0.00000000e+00,0.000000,0.000000,0.000000e+00,9.97146773e-17,0.002215
948,0.159242,0.576155,0.00000000e+00,0.000000,0.000000,0.000000e+00,1.08751268e-16,0.002416
949,0.102211,0.561815,0.00000000e+00,0.000000,0.000000,0.000000e+00,1.59890055e-16,0.003551
950,0.082023,0.602955,0.00000000e+00,0.000000,0.000000,0.000000e+00,1.51918403e-16,0.003374
951,1.000000,0.640000,0.00000000e+00,0.000000,0.000000,0.000000e+00,1.87626956e-16,0.004168
952,0.932852,0.645303,0.00000000e+00,0.000000,0.000000,0.000000e+00,8.04215564e-17,0.001786
953,0.902073,0.660859,0.00000000e+00,0.000000,0.000000,0.000000e+00,1.08490157e-16,0.002410
954,0.855237,0.673687,0.00000000e+00,0.000000,0.000000,0.000000e+00,1.04630003e-16,0.002324
955,0.763179,0.655593,0.00000000e+00,0.000000,0.000000,0.000000e+00,9.52108576e-17,0.002115
956,0.737736,0.620515,0.00000000e+00,0.000000,0.000000,0.000000e+00,1.21824289e-16,0.002706
957,0.577217,0.628220,0.00000000e+00,0.000000,0.000000,0.000000e+00,5.12760977e-16,0.011389
958,0.549427,0.666619,0.00000000e+00,0.000000,0.000000,0.000000e+00,7.02181261e-16,0.015597
959,0.486423,0.612366,0.00000000e+00,0.000000,0.000000,0.000000e+00,1.36889693e-15,0.030406
960,0.377869,0.648770,0.00000000e+00,0.000000,0.000000,0.000000e+00,7.39074204e-16,0.016416
961,0.384359,0.631987,0.00000000e+00,0.000000,0.000000,0.000000e+00,6.15789988e-16,0.013678
962,0.297463,0.618293,0.00000000e+00,0.000000,0.000000,0.000000e+00,6.93598752e-16,0.015406
963,0.257866,0.619229,0.00000000e+00,0.000000,0.000000,0.000000e+00,4.23480051e-16,0.009406
964,0.221772,0.643131,0.00000000e+00,0.000000,0.000000,0.000000e+00,2.80215201e-16,0.006224
965,0.155702,0.632097,0.00000000e+00,0.000000,0.000000,0.000000e+00,9.41858550e-17,0.002092
966,0.141686,0.641217,0.00000000e+00,0.000000,0.000000,0.000000e+00,8.01765985e-17,0.001781
967,0.081432,0.622980,0.00000000e+00,0.000000,0.000000,0.000000e+00,9.74305140e-17,0.002164
968,0.060352,0.641934,0.00000000e+00,0.000000,0.000000,0.000000e+00,1.49109655e-16,0.003312
969,1.000000,0.680000,0.00000000e+00,0.000000,0.000000,0.000000e+00,1.91357964e-16,0.004250
970,0.938886,0.682132,0.00000000e+00,0.000000,0.000000,0.000000e+00,1.40150270e-16,0.003113
971,0.884133,0.678549,0.00000000e+00,0.000000,0.000000,0.000000e+00,1.09403748e-16,0.002430
972,0.848567,0.699727,0.00000000e+00,0.000000,0.000000,0.000000e+00,9.98318855e-17,0.002217
973,0.787164,0.692351,0.00000000e+00,0.000000,0.000000,0.000000e+00,1.30431123e-16,0.002897
974,0.748474,0.689693,0.00000000e+00,0.000000,0.000000,0.000000e+00,6.34647178e-17,0.001410
975,0.731346,0.674861,0.00000000e+00,0.000000,0.000000,0.000000e+00,9.20033820e-17,0.002044
976,0.668785,0.664466,0.00000000e+00,0.000000,0.000000,0.000000e+00,2.24469925e-16,0.004986
977,0.627439,0.657915,0.00000000e+00,0.000000,0.000000,0.000000e+00,3.56083466e-16,0.007909
978,0.587159,0.646925,0.00000000e+00,0.000000,0.000000,0.000000e+00,3.88954777e-16,0.008639
979,0.516055,0.698376,0.00000000e+00,0.000000,0.000000,0.000000e+00,4.91519084e-16,0.010918
980,0.574571,0.687093,0.00000000e+00,0.000000,0.000000,0.000000e+00,5.81468213e-16,0.012916
981,0.499101,0.646313,0.00000000e+00,0.000000,0.000000,0.000000e+00,9.15319261e-16,0.020331
982,0.454623,0.672647,0.00000000e+00,0.000000,0.000000,0.000000e+00,1.79646921e-15,0.039903
983,0.294946,0.679272,0.00000000e+00,0.000000,0.000000,0.000000e+00,4.90526468e-16,0.010896
984,0.334714,0.661373,0.00000000e+00,0.000000,0.000000,0.000000e+00,7.21903629e-16,0.016035
985,0.277189,0.676466,0.00000000e+00,0.000000,0.000000,0.000000e+00,3.80266574e-16,0.008447
986,0.243977,0.676006,0.00000000e+00,0.000000,0.000000,0.000000e+00,3.15713267e-16,0.007013
987,0.194956,0.666565,0.00000000e+00,0.000000,0.000000,0.000000e+00,5.44509307e-17,0.001209
988,0.136918,0.665423,0.00000000e+00,0.000000,0.000000,0.000000e+00,1.42615798e-16,0.003168
989,0.079846,0.662441,0.00000000e+00,0.000000,0.000000,0.000000e+00,1.17719461e-16,0.002615
990,0.040174,0.661302,0.00000000e+00,0.000000,0.000000,0.000000e+00,1.10975630e-16,0.002465
991,1.000000,0.720000,0.00000000e+00,0.000000,0.000000,0.000000e+00,1.85399948e-16,0.004118
992,0.895555,0.696035,0.00000000e+00,0.000000,0.000000,0.000000e+00,5.91749856e-17,0.001314
993,0.833398,0.738557,0.00000000e+00,0.000000,0.000000,0.000000e+00,7.92501032e-17,0.001760
994,0.711585,0.705271,0.00000000e+00,0.000000,0.000000,0.000000e+00,1.70299495e-16,0.003783
995,0.633394,0.734150,0.00000000e+00,0.000000,0.000000,0.000000e+00,3.49219535e-16,0.007757
996,0.587102,0.700037,0.00000000e+00,0.000000,0.000000,0.000000e+00,3.80721855e-16,0.008457
997,0.506338,0.721494,0.00000000e+00,0.000000,0.000000,0.000000e+00,6.01307472e-16,0.013356
998,0.497076,0.683200,0.00000000e+00,0.000000,0.000000,0.000000e+00,4.34804802e-16,0.009658
999,0.434313,0.717418,0.00000000e+00,0.000000,0.000000,0.000000e+00,4.60989899e-16,0.010240
1000,0.292394,0.744372,0.00000000e+00,0.000000,0.000000,0.000000e+00,2.10683842e-16,0.004680
1001,0.290836,0.699683,0.00000000e+00,0.000000,0.000000,0.000000e+00,2.26919677e-16,0.005040
1002,0.212266,0.702637,0.00000000e+00,0.000000,0.000000,0.000000e+00,2.93847191e-16,0.006527
1003,0.169936,0.729285,0.00000000e+00,0.000000,0.000000,0.000000e+00,3.59086886e-16,0.007976
1004,0.128604,0.753652,0.00000000e+00,0.000000,0.000000,0.000000e+00,2.48537440e-16,0.005521
1005,0.040741,0.701360,0.00000000e+00,0.000000,0.000000,0.000000e+00,8.53747999e-17,0.001896
1006,0.980171,0.780472,0.00000000e+00,0.000000,0.000000,0.000000e+00,1.76204492e-16,0.003914
1007,0.959022,0.761790,0.00000000e+00,0.000000,0.000000,0.000000e+00,1.29005130e-16,0.002865
1008,0.920857,0.768626,0.00000000e+00,0.000000,0.000000,0.000000e+00,9.16821514e-17,0.002036
1009,0.853731,0.802926,0.00000000e+00,0.000000,0.000000,0.000000e+00,2.56079318e-17,0.000569
1010,0.821326,0.750479,0.00000000e+00,0.000000,0.000000,0.000000e+00,6.55858538e-17,0.001457
1011,0.784443,0.761849,0.00000000e+00,0.000000,0.000000,0.000000e+00,3.08564375e-17,0.000685
1012,0.707345,0.742561,0.00000000e+00,0.000000,0.000000,0.000000e+00,1.64699482e-16,0.003658
1013,0.698410,0.754344,0.00000000e+00,0.000000,0.000000,0.000000e+00,1.29714149e-16,0.002881
1014,0.623252,0.751992,0.00000000e+00,0.000000,0.000000,0.000000e+00,2.95916572e-16,0.006573
1015,0.477848,0.780602,0.00000000e+00,0.000000,0.000000,0.000000e+00,5.95588782e-16,0.013229
1016,0.582767,0.775367,0.00000000e+00,0.000000,0.000000,0.000000e+00,1.94036706e-16,0.004310
1017,0.465285,0.728915,0.00000000e+00,0.000000,0.000000,0.000000e+00,6.88038934e-16,0.015283
1018,0.414560,0.738265,0.00000000e+00,0.000000,0.000000,0.000000e+00,1.05352158e-15,0.023401
1019,0.387662,0.735958,0.00000000e+00,0.000000,0.000000,0.000000e+00,9.14108322e-16,0.020304
1020,0.332101,0.726209,0.00000000e+00,0.000000,0.000000,0.000000e+00,4.34643787e-16,0.009654
1021,0.237932,0.781699,0.00000000e+00,0.000000,0.000000,0.000000e+00,2.80413116e-16,0.006229
1022,0.220354,0.769771,0.00000000e+00,0.000000,0.000000,0.000000e+00,2.33609252e-16,0.005189
1023,0.146798,0.798316,0.00000000e+00,0.000000,0.000000,0.000000e+00,1.82690687e-16,0.004058
1024,0.132078,0.769868,0.00000000e+00,0.000000,0.000000,0.000000e+00,2.77389155e-16,0.006161
1025,0.042242,0.761998,0.00000000e+00,0.000000,0.000000,0.000000e+00,6.40429832e-17,0.001423
1026,0.980971,0.820055,0.00000000e+00,0.000000,0.000000,0.000000e+00,1.55666220e-16,0.003458
1027,0.943148,0.820007,0.00000000e+00,0.000000,0.000000,0.000000e+00,7.47657321e-17,0.001661
1028,0.906501,0.817681,0.00000000e+00,0.000000,0.000000,0.000000e+00,8.99921023e-17,0.001999
1029,0.858988,0.826339,0.00000000e+00,0.000000,0.000000,0.000000e+00,8.48443125e-17,0.001885
1030,0.816435,0.822202,0.00000000e+00,0.000000,0.000000,0.000000e+00,7.88988493e-17,0.001753
1031,0.749071,0.811472,0.00000000e+00,0.000000,0.000000,0.000000e+00,4.44498505e-17,0.000987
1032,0.727680,0.782653,0.00000000e+00,0.000000,0.000000,0.000000e+00,1.79135941e-16,0.003979
1033,0.703614,0.824759,0.00000000e+00,0.000000,0.000000,0.000000e+00,1.17195479e-16,0.002603
1034,0.631257,0.791892,0.00000000e+00,0.000000,0.000000,0.000000e+00,2.45554243e-16,0.005454
1035,0.615441,0.801406,0.00000000e+00,0.000000,0.000000,0.000000e+00,2.87036437e-16,0.006376
1036,0.518963,0.844641,0.00000000e+00,0.000000,0.000000,0.000000e+00,7.18600147e-16,0.015962
1037,0.588894,0.796157,0.00000000e+00,0.000000,0.000000,0.000000e+00,5.31520109e-16,0.011806
1038,0.477357,0.762669,0.00000000e+00,0.000000,0.000000,0.000000e+00,4.46691189e-16,0.009922
1039,0.416030,0.785030,0.00000000e+00,0.000000,0.000000,0.000000e+00,6.61281428e-16,0.014688
1040,0.393244,0.778494,0.00000000e+00,0.000000,0.000000,0.000000e+00,7.50310255e-16,0.016666
1041,0.378145,0.788140,0.00000000e+00,0.000000,0.000000,0.000000e+00,6.82652810e-16,0.015163
1042,0.305825,0.767113,0.00000000e+00,0.000000,0.000000,0.000000e+00,4.20403125e-16,0.009338
1043,0.181950,0.814623,0.00000000e+00,0.000000,0.000000,0.000000e+00,3.88967906e-16,0.008640
1044,0.189738,0.804440,0.00000000e+00,0.000000,0.000000,0.000000e+00,1.26475598e-16,0.002809
1045,0.146798,0.798316,0.00000000e+00,0.000000,0.000000,0.000000e+00,2.69270027e-16,0.005981
1046,0.132468,0.807510,0.00000000e+00,0.000000,0.000000,0.000000e+00,3.06641835e-16,0.006811
1047,0.042009,0.782016,0.00000000e+00,0.000000,0.000000,0.000000e+00,6.71436665e-17,0.001491
1048,1.000000,0.840000,0.00000000e+00,0.000000,0.000000,0.000000e+00,1.27142425e-16,0.002824
1049,0.961858,0.839357,0.00000000e+00,0.000000,0.000000,0.000000e+00,7.97956454e-17,0.001772
1050,0.904291,0.855339,0.00000000e+00,0.000000,0.000000,0.000000e+00,2.55130509e-17,0.000567
1051,0.836564,0.849959,0.00000000e+00,0.000000,0.000000,0.000000e+00,9.75155151e-17,0.002166
1052,0.804223,0.830252,0.00000000e+00,0.000000,0.000000,0.000000e+00,8.49880169e-17,0.001888
1053,0.770677,0.834501,0.00000000e+00,0.000000,0.000000,0.000000e+00,1.09806532e-16,0.002439
1054,0.702781,0.865489,0.00000000e+00,0.000000,0.000000,0.000000e+00,6.28369076e-17,0.001396
1055,0.702781,0.865489,0.00000000e+00,0.000000,0.000000,0.000000e+00,6.90856549e-17,0.001535
1056,0.622912,0.838466,0.00000000e+00,0.000000,0.000000,0.000000e+00,3.77419908e-16,0.008383
1057,0.596799,0.841586,0.00000000e+00,0.000000,0.000000,0.000000e+00,5.07325354e-16,0.011269
1058,0.556600,0.860588,0.00000000e+00,0.000000,0.000000,0.000000e+00,5.34871237e-16,0.011881
1059,0.481049,0.827204,0.00000000e+00,0.000000,0.000000,0.000000e+00,6.44966091e-16,0.014326
1060,0.438573,0.851194,0.00000000e+00,0.000000,0.000000,0.000000e+00,3.10146540e-16,0.006889
1061,0.376239,0.831869,0.00000000e+00,0.000000,0.000000,0.000000e+00,7.21779962e-16,0.016032
1062,0.376239,0.831869,0.00000000e+00,0.000000,0.000000,0.000000e+00,6.68592540e-16,0.014851
1063,0.304033,0.814724,0.00000000e+00,0.000000,0.000000,0.000000e+00,7.79110805e-16,0.017306
1064,0.283727,0.805053,0.00000000e+00,0.000000,0.000000,0.000000e+00,4.23565019e-16,0.009408
1065,0.147668,0.863007,0.00000000e+00,0.000000,0.000000,0.000000e+00,3.73297478e-16,0.008292
1066,0.143531,0.821640,0.00000000e+00,0.000000,0.000000,0.000000e+00,2.72128895e-16,0.006045
1067,0.076417,0.829269,0.00000000e+00,0.000000,0.000000,0.000000e+00,2.74029902e-16,0.006087
1068,0.059278,0.837147,0.00000000e+00,0.000000,0.000000,0.000000e+00,1.02922371e-16,0.002286
1069,1.000000,0.880000,0.00000000e+00,0.000000,0.000000,0.000000e+00,9.58543842e-17,0.002129
1070,0.942173,0.875983,0.00000000e+00,0.000000,0.000000,0.000000e+00,5.22880387e-17,0.001161
1071,0.880523,0.897442,0.00000000e+00,0.000000,0.000000,0.000000e+00,4.44791824e-17,0.000988
1072,0.839453,0.902402,0.00000000e+00,0.000000,0.000000,0.000000e+00,5.04372981e-17,0.001120
1073,0.825404,0.901186,0.00000000e+00,0.000000,0.000000,0.000000e+00,1.48974792e-16,0.003309
1074,0.773096,0.871020,0.00000000e+00,0.000000,0.000000,0.000000e+00,7.10587586e-17,0.001578
1075,0.762961,0.893495,0.00000000e+00,0.000000,0.000000,0.000000e+00,5.13272353e-17,0.001140
1076,0.683851,0.886431,0.00000000e+00,0.000000,0.000000,0.000000e+00,5.44938283e-17,0.001210
1077,0.645396,0.895079,0.00000000e+00,0.000000,0.000000,0.000000e+00,2.43876614e-16,0.005417
1078,0.603712,0.880970,0.00000000e+00,0.000000,0.000000,0.000000e+00,3.59570277e-16,0.007987
1079,0.555520,0.890385,0.00000000e+00,0.000000,0.000000,0.000000e+00,5.90711989e-16,0.013121
1080,0.469686,0.866469,0.00000000e+00,0.000000,0.000000,0.000000e+00,5.30624954e-16,0.011786
1081,0.406744,0.883114,0.00000000e+00,0.000000,0.000000,0.000000e+00,7.91238464e-16,0.017575
1082,0.338079,0.885266,0.00000000e+00,0.000000,0.000000,0.000000e+00,4.13276216e-16,0.009180
1083,0.333803,0.871521,0.00000000e+00,0.000000,0.000000,0.000000e+00,6.06700107e-16,0.013476
1084,0.274676,0.847338,0.00000000e+00,0.000000,0.000000,0.000000e+00,5.59198446e-16,0.012421
1085,0.241912,0.878236,0.00000000e+00,0.000000,0.000000,0.000000e+00,2.16657740e-16,0.004812
1086,0.102731,0.879613,0.00000000e+00,0.000000,0.000000,0.000000e+00,1.48954648e-16,0.003309
1087,0.102153,0.903015,0.00000000e+00,0.000000,0.000000,0.000000e+00,1.63628065e-16,0.003635
1088,0.061669,0.876362,0.00000000e+00,0.000000,0.000000,0.000000e+00,4.92233610e-16,0.010934
1089,1.000000,0.940000,0.00000000e+00,0.000000,0.000000,0.000000e+00,9.84724903e-17,0.002187
1090,0.916566,0.930481,0.00000000e+00,0.000000,0.000000,0.000000e+00,1.14731169e-16,0.002548
1091,0.836509,0.937552,0.00000000e+00,0.000000,0.000000,0.000000e+00,4.45315925e-17,0.000989
1092,0.768721,0.911621,0.00000000e+00,0.000000,0.000000,0.000000e+00,7.72931395e-17,0.001717
1093,0.716963,0.942823,0.00000000e+00,0.000000,0.000000,0.000000e+00,4.36778892e-17,0.000970
1094,0.682186,0.925887,0.00000000e+00,0.000000,0.000000,0.000000e+00,7.10182731e-17,0.001577
1095,0.645548,0.945608,0.00000000e+00,0.000000,0.000000,0.000000e+00,1.39468131e-16,0.003098
1096,0.630574,0.927745,0.00000000e+00,0.000000,0.000000,0.000000e+00,1.97979684e-16,0.004398
1097,0.496853,0.959873,0.00000000e+00,0.000000,0.000000,0.000000e+00,4.30487978e-16,0.009562
1098,0.591075,0.938177,0.00000000e+00,0.000000,0.000000,0.000000e+00,4.01424610e-16,0.008916
1099,0.486167,0.896102,0.00000000e+00,0.000000,0.000000,0.000000e+00,4.97911272e-16,0.011060
1100,0.447959,0.935520,0.00000000e+00,0.000000,0.000000,0.000000e+00,4.84518092e-16,0.010762
1101,0.387322,0.886965,0.00000000e+00,0.000000,0.000000,0.000000e+00,3.30489942e-16,0.007341
1102,0.348797,0.917971,0.00000000e+00,0.000000,0.000000,0.000000e+00,3.35751737e-16,0.007458
1103,0.314548,0.915410,0.00000000e+00,0.000000,0.000000,0.000000e+00,3.96478203e-16,0.008807
1104,0.303861,0.895545,0.00000000e+00,0.000000,0.000000,0.000000e+00,5.48185059e-16,0.012176
1105,0.230765,0.918328,0.00000000e+00,0.000000,0.000000,0.000000e+00,3.15171907e-16,0.007001
1106,0.193040,0.923650,0.00000000e+00,0.000000,0.000000,0.000000e+00,2.53780547e-16,0.005637
1107,0.035623,0.902058,0.00000000e+00,0.000000,0.000000,0.000000e+00,1.24264088e-16,0.002760
1108,0.069558,0.916436,0.00000000e+00,0.000000,0.000000,0.000000e+00,2.77237669e-16,0.006158
1109,0.406246,0.962655,0.00000000e+00,0.000000,0.000000,0.000000e+00,3.31772853e-16,0.007369
1110,0.355167,0.931454,0.00000000e+00,0.000000,0.000000,0.000000e+00,5.48123332e-16,0.012175
1111,0.301491,0.959053,0.00000000e+00,0.000000,0.000000,0.000000e+00,2.51917525e-16,0.005596
1112,0.274650,0.930678,0.00000000e+00,0.000000,0.000000,0.000000e+00,4.14850506e-16,0.009215
1113,0.217641,0.960065,0.00000000e+00,0.000000,0.000000,0.000000e+00,2.34532068e-16,0.005209
1114,0.198207,0.961428,0.00000000e+00,0.000000,0.000000,0.000000e+00,1.62818129e-16,0.003617
1115,0.160008,0.962699,0.00000000e+00,0.000000,0.000000,0.000000e+00,3.54445251e-16,0.007873
1116,0.980000,0.000000,0.00000000e+00,0.000000,0.000000,0.000000e+00,7.31167641e-17,0.001624
1117,0.918735,0.023038,0.00000000e+00,0.000000,0.000000,0.000000e+00,5.62771469e-17,0.001250
1118,0.780000,0.000000,0.00000000e+00,0.000000,0.000000,0.000000e+00,1.67944300e-17,0.000373
1119,0.738543,0.022061,0.00000000e+00,0.000000,0.000000,0.000000e+00,3.43828640e-17,0.000764
1120,0.698282,0.020676,0.00000000e+00,0.000000,0.000000,0.000000e+00,9.13940609e-17,0.002030
1121,0.658358,0.019264,0.00000000e+00,0.000000,0.000000,0.000000e+00,6.68420301e-17,0.001485
1122,0.618656,0.021163,0.00000000e+00,0.000000,0.000000,0.000000e+00,1.18340098e-16,0.002629
1123,0.578106,0.023643,0.00000000e+00,0.000000,0.000000,0.000000e+00,1.67349014e-16,0.003717
1124,0.557667,0.023984,0.00000000e+00,0.000000,0.000000,0.000000e+00,2.53989156e-16,0.005642
1125,0.497553,0.021671,0.00000000e+00,0.000000,0.000000,0.000000e+00,2.30079268e-16,0.005111
1126,0.457050,0.022102,0.00000000e+00,0.000000,0.000000,0.000000e+00,2.95115279e-16,0.006555
1127,0.417877,0.019819,0.00000000e+00,0.000000,0.000000,0.000000e+00,3.32752817e-16,0.007391
1128,0.378458,0.018957,0.00000000e+00,0.000000,0.000000,0.000000e+00,2.71547593e-16,0.006032
1129,0.338950,0.019558,0.00000000e+00,0.000000,0.000000,0.000000e+00,2.45475813e-16,0.005453
1130,0.278755,0.021229,0.00000000e+00,0.000000,0.000000,0.000000e+00,2.18184888e-16,0.004846
1131,0.238479,0.021413,0.00000000e+00,0.000000,0.000000,0.000000e+00,2.42642249e-16,0.005390
1132,0.216874,0.062512,0.00000000e+00,0.000000,0.000000,0.000000e+00,6.56167890e-16,0.014575
1133,0.158357,0.036938,0.00000000e+00,0.000000,0.000000,0.000000e+00,1.62862558e-16,0.003618
1134,0.120334,0.036046,0.00000000e+00,0.000000,0.000000,0.000000e+00,3.28162640e-16,0.007289
1135,0.081456,0.037767,0.00000000e+00,0.000000,0.000000,0.000000e+00,1.25255169e-16,0.002782
1136,0.041634,0.039688,0.00000000e+00,0.000000,0.000000,0.000000e+00,1.47369016e-16,0.003273
1137,0.979906,0.980244,0.00000000e+00,0.000000,0.000000,0.000000e+00,8.98617982e-17,0.001996
1138,0.978192,0.919436,0.00000000e+00,0.000000,0.000000,0.000000e+00,1.21395743e-16,0.002696
1139,0.980431,0.879028,0.00000000e+00,0.000000,0.000000,0.000000e+00,7.76594548e-17,0.001725
1140,1.000000,0.780000,0.00000000e+00,0.000000,0.000000,0.000000e+00,1.67692208e-16,0.003725
1141,0.978203,0.739988,0.00000000e+00,0.000000,0.000000,0.000000e+00,1.59755906e-16,0.003549
1142,0.979022,0.699681,0.00000000e+00,0.000000,0.000000,0.000000e+00,1.93886146e-16,0.004307
1143,0.978395,0.659364,0.00000000e+00,0.000000,0.000000,0.000000e+00,1.51896049e-16,0.003374
1144,0.979685,0.618945,0.00000000e+00,0.000000,0.000000,0.000000e+00,2.40178601e-16,0.005335
1145,0.980402,0.579306,0.00000000e+00,0.000000,0.000000,0.000000e+00,1.22613062e-16,0.002723
1146,0.980182,0.540365,0.00000000e+00,0.000000,0.000000,0.000000e+00,1.12147864e-16,0.002491
1147,0.962679,0.501031,0.00000000e+00,0.000000,0.000000,0.000000e+00,8.49596347e-17,0.001887
1148,0.980562,0.480536,0.00000000e+00,0.000000,0.000000,0.000000e+00,1.16813440e-16,0.002595
1149,0.976571,0.419883,0.00000000e+00,0.000000,0.000000,0.000000e+00,2.01933727e-16,0.004485
1150,0.979360,0.379385,0.00000000e+00,0.000000,0.000000,0.000000e+00,1.09006040e-16,0.002421
1151,0.981211,0.339727,0.00000000e+00,0.000000,0.000000,0.000000e+00,1.40420156e-16,0.003119
1152,0.980501,0.280172,0.00000000e+00,0.000000,0.000000,0.000000e+00,1.71737704e-16,0.003815
1153,0.978438,0.239914,0.00000000e+00,0.000000,0.000000,0.000000e+00,1.58170155e-16,0.003513
1154,0.979306,0.199775,0.00000000e+00,0.000000,0.000000,0.000000e+00,1.55746171e-16,0.003459
1155,0.978908,0.159511,0.00000000e+00,0.000000,0.000000,0.000000e+00,1.11532455e-16,0.002477
1156,0.980946,0.118876,0.00000000e+00,0.000000,0.000000,0.000000e+00,1.99468517e-16,0.004431
1157,0.982577,0.079214,0.00000000e+00,0.000000,0.000000,0.000000e+00,8.69458277e-17,0.001931
1158,0.961429,0.040906,0.00000000e+00,0.000000,0.000000,0.000000e+00,6.85900546e-17,0.001524
1159,0.019762,0.979909,0.00000000e+00,0.000000,0.000000,0.000000e+00,1.52563763e-16,0.003389
1160,0.080520,0.978269,0.00000000e+00,0.000000,0.000000,0.000000e+00,1.42776721e-16,0.003171
1161,0.120804,0.980663,0.00000000e+00,0.000000,0.000000,0.000000e+00,1.33958724e-16,0.002976
1162,0.160004,0.981345,0.00000000e+00,0.000000,0.000000,0.000000e+00,3.49976306e-16,0.007774
1163,0.219228,0.979899,0.00000000e+00,0.000000,0.000000,0.000000e+00,1.77519736e-16,0.003943
1164,0.300359,0.978793,0.00000000e+00,0.000000,0.000000,0.000000e+00,2.23333498e-16,0.004961
1165,0.341171,0.977772,0.00000000e+00,0.000000,0.000000,0.000000e+00,2.66909187e-16,0.005929
1166,0.382478,0.979060,0.00000000e+00,0.000000,0.000000,0.000000e+00,3.26776311e-16,0.007258
1167,0.421692,0.982588,0.00000000e+00,0.000000,0.000000,0.000000e+00,2.94751425e-16,0.006547
1168,0.460449,0.983026,0.00000000e+00,0.000000,0.000000,0.000000e+00,2.49906695e-16,0.005551
1169,0.499612,0.979585,0.00000000e+00,0.000000,0.000000,0.000000e+00,2.75352465e-16,0.006116
1170,0.540626,0.974868,0.00000000e+00,0.000000,0.000000,0.000000e+00,2.65169461e-16,0.005890
1171,0.561291,0.976304,0.00000000e+00,0.000000,0.000000,0.000000e+00,1.81544148e-16,0.004032
1172,0.719775,0.980540,0.00000000e+00,0.000000,0.000000,0.000000e+00,3.28186423e-17,0.000729
1173,0.739710,0.979447,0.00000000e+00,0.000000,0.000000,0.000000e+00,1.71573290e-17,0.000381
1174,0.780445,0.977941,0.00000000e+00,0.000000,0.000000,0.000000e+00,1.65071419e-17,0.000367
1175,0.820299,0.979224,0.00000000e+00,0.000000,0.000000,0.000000e+00,1.84934043e-17,0.000411
1176,0.860835,0.978296,0.00000000e+00,0.000000,0.000000,0.000000e+00,2.64386793e-17,0.000587
1177,0.900802,0.981662,0.00000000e+00,0.000000,0.000000,0.000000e+00,2.96812157e-17,0.000659
1178,0.020280,0.520325,0.00000000e+00,0.000000,0.000000,0.000000e+00,1.68360411e-16,0.003740
1179,0.040796,0.581455,0.00000000e+00,0.000000,0.000000,0.000000e+00,2.08048921e-16,0.004621
1180,0.020178,0.620687,0.00000000e+00,0.000000,0.000000,0.000000e+00,1.88010318e-16,0.004176
1181,0.020134,0.660692,0.00000000e+00,0.000000,0.000000,0.000000e+00,1.43518430e-16,0.003188
1182,0.020682,0.720872,0.00000000e+00,0.000000,0.000000,0.000000e+00,8.07101961e-17,0.001793
1183,0.020959,0.760999,0.00000000e+00,0.000000,0.000000,0.000000e+00,7.08828603e-17,0.001574
1184,0.020450,0.800681,0.00000000e+00,0.000000,0.000000,0.000000e+00,1.02363561e-16,0.002274
1185,0.020757,0.840795,0.00000000e+00,0.000000,0.000000,0.000000e+00,1.06750345e-16,0.002371
1186,0.019529,0.880941,0.00000000e+00,0.000000,0.000000,0.000000e+00,2.53270686e-16,0.005626
1187,0.018126,0.920533,0.00000000e+00,0.000000,0.000000,0.000000e+00,1.22916260e-16,0.002730
1188,0.038879,0.959408,0.00000000e+00,0.000000,0.000000,0.000000e+00,1.47345722e-16,0.003273
1189,0.040294,0.479582,0.00000000e+00,0.000000,0.000000,0.000000e+00,1.72508848e-16,0.003832
1190,0.060374,0.479411,0.00000000e+00,0.000000,0.000000,0.000000e+00,2.33503267e-16,0.005187
1191,0.239712,0.478014,0.00000000e+00,0.000000,0.000000,0.000000e+00,1.36698425e-16,0.003036
1192,0.298858,0.519589,0.00000000e+00,0.000000,0.000000,0.000000e+00,2.42857554e-16,0.005394
1193,0.338349,0.518900,0.00000000e+00,0.000000,0.000000,0.000000e+00,3.63770449e-16,0.008080
1194,0.281719,0.475566,0.00000000e+00,0.000000,0.000000,0.000000e+00,3.08461262e-16,0.006852
1195,0.382548,0.481183,0.00000000e+00,0.000000,0.000000,0.000000e+00,6.85142293e-16,0.015218
1196,0.402234,0.480927,0.00000000e+00,0.000000,0.000000,0.000000e+00,3.60524010e-16,0.008008
1197,0.442113,0.480017,0.00000000e+00,0.000000,0.000000,0.000000e+00,9.34227705e-15,0.207511
1198,0.000000,0.000000,0.00000000e+00,0.000000,0.000000,0.000000e+00,1.51320014e-16,0.003361
1199,0.000000,0.060000,0.00000000e+00,0.000000,0.000000,0.000000e+00,1.61246340e-16,0.003582
1200,0.022177,0.060755,0.00000000e+00,0.000000,0.000000,0.000000e+00,1.65127061e-16,0.003668
1201,0.020850,0.221484,0.00000000e+00,0.000000,0.000000,0.000000e+00,1.08332298e-16,0.002406
1202,0.021408,0.241713,0.00000000e+00,0.000000,0.000000,0.000000e+00,7.60972415e-17,0.001690
1203,0.019779,0.281096,0.00000000e+00,0.000000,0.000000,0.000000e+00,1.04517976e-16,0.002322
1204,0.020303,0.320822,0.00000000e+00,0.000000,0.000000,0.000000e+00,1.30209862e-16,0.002892
1205,0.018425,0.360775,0.00000000e+00,0.000000,0.000000,0.000000e+00,1.80853724e-16,0.004017
1206,0.018575,0.399828,0.00000000e+00,0.000000,0.000000,0.000000e+00,2.15396085e-16,0.004784
1207,0.504068,0.481649,0.00000000e+00,0.000000,0.000000,0.000000e+00,1.74846642e-14,0.388371
1208,0.500000,0.500000,0.00000000e+00,0.000000,0.000000,0.000000e+00,4.50205736e-14,1.000000
1209,0.475466,0.522148,0.00000000e+00,0.000000,0.000000,0.000000e+00,6.49608160e-15,0.144291
1210,0.855551,0.038693,0.00000000e+00,0.000000,0.000000,0.000000e+00,3.61482692e-17,0.000803
1211,0.838144,0.019395,0.00000000e+00,0.000000,0.000000,0.000000e+00,1.93501997e-17,0.000430
1212,0.981010,0.839712,0.00000000e+00,0.000000,0.000000,0.000000e+00,1.19518427e-16,0.002655
1213,1.000000,0.860000,0.00000000e+00,0.000000,0.000000,0.000000e+00,1.13239358e-16,0.002515
1214,0.797766,0.040006,0.00000000e+00,0.000000,0.000000,0.000000e+00,1.93204427e-17,0.000429
1215,0.961715,0.800900,0.00000000e+00,0.000000,0.000000,0.000000e+00,1.46615447e-16,0.003257
1216,0.420000,0.500000,0.00000000e+00,0.000000,0.000000,0.000000e+00,1.15010197e-15,0.025546
1217,0.394827,0.537426,0.00000000e+00,0.000000,0.000000,0.000000e+00,2.72945949e-15,0.060627
1218,0.298040,0.539315,0.00000000e+00,0.000000,0.000000,0.000000e+00,2.56047499e-16,0.005687
1219,0.239103,0.520298,0.00000000e+00,0.000000,0.000000,0.000000e+00,1.71065583e-16,0.003800
1220,0.238083,0.456952,0.00000000e+00,0.000000,0.000000,0.000000e+00,2.20242833e-16,0.004892
1221,0.281719,0.475566,0.00000000e+00,0.000000,0.000000,0.000000e+00,3.91685161e-16,0.008700
1222,0.356321,0.537492,0.00000000e+00,0.000000,0.000000,0.000000e+00,6.73188223e-16,0.014953
1223,0.338349,0.518900,0.00000000e+00,0.000000,0.000000,0.000000e+00,5.44254562e-16,0.012089
1224,0.327677,0.460125,0.00000000e+00,0.000000,0.000000,0.000000e+00,3.75201158e-16,0.008334
1225,0.362946,0.481182,0.00000000e+00,0.000000,0.000000,0.000000e+00,4.17540894e-16,0.009274
1226,0.000000,0.140000,0.00000000e+00,0.000000,0.000000,0.000000e+00,1.36185481e-16,0.003025
1227,0.038274,0.143618,0.00000000e+00,0.000000,0.000000,0.000000e+00,1.44842541e-16,0.003217
1228,0.019266,0.161540,0.00000000e+00,0.000000,0.000000,0.000000e+00,1.26541283e-16,0.002811
1229,0.019779,0.281096,0.00000000e+00,0.000000,0.000000,0.000000e+00,1.22299990e-16,0.002717
1230,0.140153,0.460474,0.00000000e+00,0.000000,0.000000,0.000000e+00,1.86641248e-16,0.004146
1231,0.159795,0.480438,0.00000000e+00,0.000000,0.000000,0.000000e+00,1.39592750e-16,0.003101
1232,0.219474,0.479175,0.00000000e+00,0.000000,0.000000,0.000000e+00,1.03518696e-16,0.002299
1233,0.240000,1.000000,0.00000000e+00,0.000000,0.000000,0.000000e+00,1.78717348e-16,0.003970
1234,0.280392,0.977640,0.00000000e+00,0.000000,0.000000,0.000000e+00,2.13360717e-16,0.004739
1235,0.178992,0.962473,0.00000000e+00,0.000000,0.000000,0.000000e+00,1.38012319e-16,0.003066
1236,0.199385,0.980664,0.00000000e+00,0.000000,0.000000,0.000000e+00,1.56485089e-16,0.003476
1237,0.141032,0.962354,0.00000000e+00,0.000000,0.000000,0.000000e+00,3.27434774e-16,0.007273
1238,0.219812,0.518888,0.00000000e+00,0.000000,0.000000,0.000000e+00,2.02523222e-16,0.004498
1239,0.200528,0.520452,0.00000000e+00,0.000000,0.000000,0.000000e+00,1.53696127e-16,0.003414
1240,0.160471,0.539839,0.00000000e+00,0.000000,0.000000,0.000000e+00,1.67450248e-16,0.003719
1241,0.160415,0.520225,0.00000000e+00,0.000000,0.000000,0.000000e+00,1.72525735e-16,0.003832
1242,0.220000,1.000000,0.00000000e+00,0.000000,0.000000,0.000000e+00,1.63024726e-16,0.003621
1243,0.120801,0.540313,0.00000000e+00,0.000000,0.000000,0.000000e+00,1.91951258e-16,0.004264
1244,0.159795,0.480438,0.00000000e+00,0.000000,0.000000,0.000000e+00,1.64973298e-16,0.003664
1245,0.219812,0.518888,0.00000000e+00,0.000000,0.000000,0.000000e+00,2.21394137e-16,0.004918
1246,0.199489,0.479946,0.00000000e+00,0.000000,0.000000,0.000000e+00,1.14551240e-16,0.002544
1247,0.019266,0.161540,0.00000000e+00,0.000000,0.000000,0.000000e+00,1.24011063e-16,0.002755
1248,0.000000,0.220000,0.00000000e+00,0.000000,0.000000,0.000000e+00,1.15093500e-16,0.002556
1249,0.039764,0.979469,0.00000000e+00,0.000000,0.000000,0.000000e+00,1.45912635e-16,0.003241
1250,0.023097,0.081312,0.00000000e+00,0.000000,0.000000,0.000000e+00,1.68804084e-16,0.003749
1251,0.122220,0.961614,0.00000000e+00,0.000000,0.000000,0.000000e+00,9.58843679e-17,0.002130
1252,0.106746,0.942489,0.00000000e+00,0.000000,0.000000,0.000000e+00,3.40775463e-16,0.007569
1253,0.039764,0.979469,0.00000000e+00,0.000000,0.000000,0.000000e+00,1.52512438e-16,0.003388
1254,0.039764,0.979469,0.00000000e+00,0.000000,0.000000,0.000000e+00,1.61032253e-16,0.003577
1255,0.021138,0.040260,0.00000000e+00,0.000000,0.000000,0.000000e+00,1.62640477e-16,0.003613
1256,0.023097,0.081312,0.00000000e+00,0.000000,0.000000,0.000000e+00,2.14397300e-16,0.004762
1257,0.061684,0.422616,0.00000000e+00,0.000000,0.000000,0.000000e+00,1.68446848e-16,0.003742
1258,0.000000,0.460000,0.00000000e+00,0.000000,0.000000,0.000000e+00,1.97605746e-16,0.004389
1259,0.060000,0.000000,0.00000000e+00,0.000000,0.000000,0.000000e+00,1.34403509e-16,0.002985
1260,0.040610,0.019812,0.00000000e+00,0.000000,0.000000,0.000000e+00,1.53455278e-16,0.003409
1261,0.100000,0.000000,0.00000000e+00,0.000000,0.000000,0.000000e+00,1.18182894e-16,0.002625
1262,0.120435,0.459474,0.00000000e+00,0.000000,0.000000,0.000000e+00,1.74840795e-16,0.003884
1263,0.120012,0.479780,0.00000000e+00,0.000000,0.000000,0.000000e+00,2.06506460e-16,0.004587
1264,0.140000,0.000000,0.00000000e+00,0.000000,0.000000,0.000000e+00,3.59067801e-16,0.007976
1265,0.102002,0.054886,0.00000000e+00,0.000000,0.000000,0.000000e+00,1.14718622e-16,0.002548
1266,0.180000,0.000000,0.00000000e+00,0.000000,0.000000,0.000000e+00,1.48922580e-16,0.003308
1267,0.220000,0.000000,0.00000000e+00,0.000000,0.000000,0.000000e+00,1.89376926e-16,0.004206
1268,0.260000,0.000000,0.00000000e+00,0.000000,0.000000,0.000000e+00,2.04493606e-16,0.004542
1269,0.323244,0.479415,0.00000000e+00,0.000000,0.000000,0.000000e+00,3.69104295e-16,0.008199
1270,0.318532,0.040110,0.00000000e+00,0.000000,0.000000,0.000000e+00,2.36970305e-16,0.005264
1271,0.298930,0.020680,0.00000000e+00,0.000000,0.000000,0.000000e+00,2.27883521e-16,0.005062
1272,0.302637,0.477352,0.00000000e+00,0.000000,0.000000,0.000000e+00,4.41014904e-16,0.009796
1273,0.357810,0.038263,0.00000000e+00,0.000000,0.000000,0.000000e+00,2.55145038e-16,0.005667
1274,0.386709,0.442315,0.00000000e+00,0.000000,0.000000,0.000000e+00,1.98779214e-15,0.044153
1275,0.380000,0.500000,0.00000000e+00,0.000000,0.000000,0.000000e+00,6.05556295e-16,0.013451
1276,0.440000,0.000000,0.00000000e+00,0.000000,0.000000,0.000000e+00,2.89928552e-16,0.006440
1277,0.393592,0.056404,0.00000000e+00,0.000000,0.000000,0.000000e+00,3.07841207e-16,0.006838
1278,0.462070,0.479832,0.00000000e+00,0.000000,0.000000,0.000000e+00,7.62174984e-15,0.169295
1279,0.480000,0.000000,0.00000000e+00,0.000000,0.000000,0.000000e+00,2.79503403e-16,0.006208
1280,0.457050,0.022102,0.00000000e+00,0.000000,0.000000,0.000000e+00,3.05713461e-16,0.006791
1281,0.520000,0.000000,0.00000000e+00,0.000000,0.000000,0.000000e+00,2.44064365e-16,0.005421
1282,0.473945,0.060318,0.00000000e+00,0.000000,0.000000,0.000000e+00,3.72276327e-16,0.008269
1283,0.000000,0.960000,0.00000000e+00,0.000000,0.000000,0.000000e+00,1.44952563e-16,0.003220
1284,0.560000,0.000000,0.00000000e+00,0.000000,0.000000,0.000000e+00,1.81697911e-16,0.004036
1285,0.520000,1.000000,0.00000000e+00,0.000000,0.000000,0.000000e+00,2.34780857e-16,0.005215
1286,0.540626,0.974868,0.00000000e+00,0.000000,0.000000,0.000000e+00,2.33076203e-16,0.005177
1287,0.600000,0.000000,0.00000000e+00,0.000000,0.000000,0.000000e+00,1.39483205e-16,0.003098
1288,0.624405,0.962855,0.00000000e+00,0.000000,0.000000,0.000000e+00,1.90926044e-16,0.004241
1289,0.621896,0.981272,0.00000000e+00,0.000000,0.000000,0.000000e+00,1.30757826e-16,0.002904
1290,0.640000,0.000000,0.00000000e+00,0.000000,0.000000,0.000000e+00,9.80124455e-17,0.002177
1291,0.621758,0.063722,0.00000000e+00,0.000000,0.000000,0.000000e+00,1.88625185e-16,0.004190
1292,0.661137,0.981972,0.00000000e+00,0.000000,0.000000,0.000000e+00,6.84255780e-17,0.001520
1293,0.680000,0.000000,0.00000000e+00,0.000000,0.000000,0.000000e+00,6.93890912e-17,0.001541
1294,0.700098,0.981297,0.00000000e+00,0.000000,0.000000,0.000000e+00,4.77009814e-17,0.001060
1295,0.720000,0.000000,0.00000000e+00,0.000000,0.000000,0.000000e+00,3.09868045e-17,0.000688
1296,0.780445,0.977941,0.00000000e+00,0.000000,0.000000,0.000000e+00,2.19269583e-17,0.000487
1297,0.820299,0.979224,0.00000000e+00,0.000000,0.000000,0.000000e+00,2.53694656e-17,0.000564
1298,0.817151,0.039157,0.00000000e+00,0.000000,0.000000,0.000000e+00,1.73476649e-17,0.000385
1299,0.860835,0.978296,0.00000000e+00,0.000000,0.000000,0.000000e+00,2.33605847e-17,0.000519
1300,0.889719,0.946102,0.00000000e+00,0.000000,0.000000,0.000000e+00,1.59919476e-16,0.003552
1301,0.877850,0.020257,0.00000000e+00,0.000000,0.000000,0.000000e+00,6.36519055e-17,0.001414
1302,0.919709,0.946833,0.00000000e+00,0.000000,0.000000,0.000000e+00,6.77732700e-17,0.001505
1303,0.940000,0.000000,0.00000000e+00,0.000000,0.000000,0.000000e+00,6.00743559e-17,0.001334
1304,0.888100,0.060953,0.00000000e+00,0.000000,0.000000,0.000000e+00,1.92659179e-16,0.004279
1305,0.959996,0.980743,0.00000000e+00,0.000000,0.000000,0.000000e+00,8.49370361e-17,0.001887
1306,0.960000,1.000000,0.00000000e+00,0.000000,0.000000,0.000000e+00,5.48994743e-17,0.001219
1307,0.960240,0.020871,0.00000000e+00,0.000000,0.000000,0.000000e+00,7.61023567e-17,0.001690
1308,0.935478,0.447943,0.00000000e+00,0.000000,0.000000,0.000000e+00,1.85712477e-16,0.004125
1309,1.000000,0.500000,0.00000000e+00,0.000000,0.000000,0.000000e+00,9.40196447e-17,0.002088
1310,1.000000,0.540000,0.00000000e+00,0.000000,0.000000,0.000000e+00,1.12783549e-16,0.002505
1311,0.480000,1.000000,0.00000000e+00,0.000000,0.000000,0.000000e+00,2.47735220e-16,0.005503
1312,0.440000,1.000000,0.00000000e+00,0.000000,0.000000,0.000000e+00,2.58032917e-16,0.005731
1313,0.475012,0.947696,0.00000000e+00,0.000000,0.000000,0.000000e+00,2.67324975e-16,0.005938
1314,0.400000,1.000000,0.00000000e+00,0.000000,0.000000,0.000000e+00,2.81312268e-16,0.006249
1315,0.360000,1.000000,0.00000000e+00,0.000000,0.000000,0.000000e+00,2.56532398e-16,0.005698
1316,0.395230,0.940959,0.00000000e+00,0.000000,0.000000,0.000000e+00,6.71723279e-16,0.014920
1317,0.320000,1.000000,0.00000000e+00,0.000000,0.000000,0.000000e+00,2.34240238e-16,0.005203
1318,0.259816,0.977951,0.00000000e+00,0.000000,0.000000,0.000000e+00,2.02312761e-16,0.004494
1319,0.053195,0.919615,0.00000000e+00,0.000000,0.000000,0.000000e+00,1.59389366e-16,0.003540
1320,0.000000,0.920000,0.00000000e+00,0.000000,0.000000,0.000000e+00,1.38030041e-16,0.003066
1321,0.475466,0.522148,0.00000000e+00,0.000000,0.000000,0.000000e+00,4.11140543e-14,0.913228
1322,0.436843,0.519722,0.00000000e+00,0.000000,0.000000,0.000000e+00,7.26236478e-15,0.161312
1323,0.053726,0.889443,0.00000000e+00,0.000000,0.000000,0.000000e+00,3.78253680e-16,0.008402
1324,0.000000,0.880000,0.00000000e+00,0.000000,0.000000,0.000000e+00,1.55962085e-16,0.003464
1325,0.000000,0.840000,0.00000000e+00,0.000000,0.000000,0.000000e+00,1.28082565e-16,0.002845
1326,0.397457,0.518637,0.00000000e+00,0.000000,0.000000,0.000000e+00,7.12389702e-16,0.015824
1327,0.000000,0.800000,0.00000000e+00,0.000000,0.000000,0.000000e+00,1.22763953e-16,0.002727
1328,0.317566,0.538603,0.00000000e+00,0.000000,0.000000,0.000000e+00,4.34132893e-16,0.009643
1329,0.000000,0.760000,0.00000000e+00,0.000000,0.000000,0.000000e+00,1.08543441e-16,0.002411
1330,0.000000,0.680000,0.00000000e+00,0.000000,0.000000,0.000000e+00,1.50481028e-16,0.003342
1331,0.000000,0.640000,0.00000000e+00,0.000000,0.000000,0.000000e+00,1.97749556e-16,0.004392
1332,0.000000,0.600000,0.00000000e+00,0.000000,0.000000,0.000000e+00,2.24585439e-16,0.004989
1333,0.040368,0.621431,0.00000000e+00,0.000000,0.000000,0.000000e+00,1.67206938e-16,0.003714
1334,0.061177,0.602222,0.00000000e+00,0.000000,0.000000,0.000000e+00,1.82663701e-16,0.004057
1335,0.000000,0.580000,0.00000000e+00,0.000000,0.000000,0.000000e+00,2.19128469e-16,0.004867
1336,0.120270,0.520164,0.00000000e+00,0.000000,0.000000,0.000000e+00,2.09878247e-16,0.004662
1337,0.100417,0.520417,0.00000000e+00,0.000000,0.000000,0.000000e+00,2.47128877e-16,0.005489
1338,0.020409,0.540517,0.00000000e+00,0.000000,0.000000,0.000000e+00,1.75362158e-16,0.003895
1339,0.080503,0.520610,0.00000000e+00,0.000000,0.000000,0.000000e+00,2.19729862e-16,0.004881
1340,1.000000,0.040000,0.00000000e+00,0.000000,0.000000,0.000000e+00,8.50712908e-17,0.001890
1341,0.949552,0.080354,0.00000000e+00,0.000000,0.000000,0.000000e+00,5.25786537e-17,0.001168
1342,1.000000,0.080000,0.00000000e+00,0.000000,0.000000,0.000000e+00,1.13604549e-16,0.002523
1343,0.949061,0.109172,0.00000000e+00,0.000000,0.000000,0.000000e+00,2.26049006e-16,0.005021
1344,1.000000,0.120000,0.00000000e+00,0.000000,0.000000,0.000000e+00,1.45886787e-16,0.003240
1345,1.000000,0.160000,0.00000000e+00,0.000000,0.000000,0.000000e+00,1.38716217e-16,0.003081
1346,1.000000,0.200000,0.00000000e+00,0.000000,0.000000,0.000000e+00,1.65572455e-16,0.003678
1347,1.000000,0.240000,0.00000000e+00,0.000000,0.000000,0.000000e+00,1.76035416e-16,0.003910
1348,0.981159,0.300024,0.00000000e+00,0.000000,0.000000,0.000000e+00,1.71435670e-16,0.003808
1349,1.000000,0.320000,0.00000000e+00,0.000000,0.000000,0.000000e+00,1.86273292e-16,0.004138
1350,1.000000,0.360000,0.00000000e+00,0.000000,0.000000,0.000000e+00,1.57942316e-16,0.003508
1351,1.000000,0.400000,0.00000000e+00,0.000000,0.000000,0.000000e+00,1.38680059e-16,0.003080
1352,1.000000,0.420000,0.00000000e+00,0.000000,0.000000,0.000000e+00,1.42091497e-16,0.003156
1353,0.936792,0.560851,0.00000000e+00,0.000000,0.000000,0.000000e+00,7.19031578e-17,0.001597
1354,1.000000,0.580000,0.00000000e+00,0.000000,0.000000,0.000000e+00,1.53500025e-16,0.003410
1355,0.946595,0.612266,0.00000000e+00,0.000000,0.000000,0.000000e+00,2.41002420e-16,0.005353
1356,1.000000,0.620000,0.00000000e+00,0.000000,0.000000,0.000000e+00,1.90946108e-16,0.004241
1357,1.000000,0.660000,0.00000000e+00,0.000000,0.000000,0.000000e+00,1.83174197e-16,0.004069
1358,1.000000,0.700000,0.00000000e+00,0.000000,0.000000,0.000000e+00,1.89871025e-16,0.004217
1359,1.000000,0.740000,0.00000000e+00,0.000000,0.000000,0.000000e+00,1.77619461e-16,0.003945
1360,0.981010,0.839712,0.00000000e+00,0.000000,0.000000,0.000000e+00,1.42324776e-16,0.003161
1361,1.000000,0.900000,0.00000000e+00,0.000000,0.000000,0.000000e+00,9.42924819e-17,0.002094
1362,1.000000,0.920000,0.00000000e+00,0.000000,0.000000,0.000000e+00,9.81396195e-17,0.002180
1363,0.960240,0.020871,0.00000000e+00,0.000000,0.000000,0.000000e+00,6.50540296e-17,0.001445
1364,0.838144,0.019395,0.00000000e+00,0.000000,0.000000,0.000000e+00,2.15746984e-17,0.000479
1365,0.758470,0.042245,0.00000000e+00,0.000000,0.000000,0.000000e+00,2.53192227e-17,0.000562
1366,0.280000,0.000000,0.00000000e+00,0.000000,0.000000,0.000000e+00,2.16870014e-16,0.004817
1367,0.979457,0.960246,0.00000000e+00,0.000000,0.000000,0.000000e+00,1.00575322e-16,0.002234
1368,0.981010,0.839712,0.00000000e+00,0.000000,0.000000,0.000000e+00,1.06155225e-16,0.002358
1369,0.979399,0.460486,0.00000000e+00,0.000000,0.000000,0.000000e+00,1.29430856e-16,0.002875
1370,1.000000,0.280000,0.00000000e+00,0.000000,0.000000,0.000000e+00,1.92342071e-16,0.004272
1371,0.581824,0.978388,0.00000000e+00,0.000000,0.000000,0.000000e+00,2.72753926e-16,0.006058
1372,0.621896,0.981272,0.00000000e+00,0.000000,0.000000,0.000000e+00,1.69847510e-16,0.003773
1373,0.661137,0.981972,0.00000000e+00,0.000000,0.000000,0.000000e+00,9.72850427e-17,0.002161
1374,0.720000,1.000000,0.00000000e+00,0.000000,0.000000,0.000000e+00,3.57923500e-17,0.000795
1375,0.880880,0.980239,0.00000000e+00,0.000000,0.000000,0.000000e+00,7.56112497e-17,0.001679
1376,0.920538,0.981861,0.00000000e+00,0.000000,0.000000,0.000000e+00,2.26630895e-17,0.000503
1377,0.959405,0.961136,0.00000000e+00,0.000000,0.000000,0.000000e+00,6.25891968e-17,0.001390
1378,0.000000,0.720000,0.00000000e+00,0.000000,0.000000,0.000000e+00,1.13878498e-16,0.002529
1379,0.040294,0.479582,0.00000000e+00,0.000000,0.000000,0.000000e+00,2.00631572e-16,0.004456
1380,0.040000,0.500000,0.00000000e+00,0.000000,0.000000,0.000000e+00,1.68929763e-16,0.003752
1381,0.060499,0.520630,0.00000000e+00,0.000000,0.000000,0.000000e+00,2.07931540e-16,0.004619
1382,0.080503,0.520610,0.00000000e+00,0.000000,0.000000,0.000000e+00,2.21485523e-16,0.004920
1383,0.080177,0.479187,0.00000000e+00,0.000000,0.000000,0.000000e+00,2.23282279e-16,0.004960
1384,0.258951,0.520341,0.00000000e+00,0.000000,0.000000,0.000000e+00,2.00197905e-16,0.004447
1385,0.298858,0.519589,0.00000000e+00,0.000000,0.000000,0.000000e+00,3.37428756e-16,0.007495
1386,0.422073,0.480455,0.00000000e+00,0.000000,0.000000,0.000000e+00,4.41205147e-15,0.098001
1387,0.505496,0.548857,0.00000000e+00,0.000000,0.000000,0.000000e+00,5.95729283e-15,0.132324
1388,0.021330,0.261725,0.00000000e+00,0.000000,0.000000,0.000000e+00,1.09629138e-16,0.002435
1389,0.062477,0.283541,0.00000000e+00,0.000000,0.000000,0.000000e+00,2.41813692e-16,0.005371
1390,0.037617,0.342960,0.00000000e+00,0.000000,0.000000,0.000000e+00,1.16530875e-16,0.002588
1391,0.036109,0.380579,0.00000000e+00,0.000000,0.000000,0.000000e+00,1.45733779e-16,0.003237
1392,0.019991,0.419175,0.00000000e+00,0.000000,0.000000,0.000000e+00,1.60565630e-16,0.003566
1393,0.040423,0.459199,0.00000000e+00,0.000000,0.000000,0.000000e+00,1.95114516e-16,0.004334
1394,0.517106,0.589745,0.00000000e+00,0.000000,0.000000,0.000000e+00,2.25036728e-15,0.049985
1395,0.322323,0.421465,0.00000000e+00,0.000000,0.000000,0.000000e+00,5.46642718e-16,0.012142
1396,0.178720,0.560569,0.00000000e+00,0.000000,0.000000,0.000000e+00,1.81297820e-16,0.004027
1397,0.429013,0.558460,0.00000000e+00,0.000000,0.000000,0.000000e+00,3.40672289e-15,0.075670
1398,0.962679,0.501031,0.00000000e+00,0.000000,0.000000,0.000000e+00,6.64027773e-17,0.001475
1399,0.316885,0.558105,0.00000000e+00,0.000000,0.000000,0.000000e+00,4.66178612e-16,0.010355
1400,0.816190,0.058618,0.00000000e+00,0.000000,0.000000,0.000000e+00,1.88118143e-17,0.000418
1401,0.689230,0.056574,0.00000000e+00,0.000000,0.000000,0.000000e+00,2.13270124e-16,0.004737
1402,0.173104,0.056824,0.00000000e+00,0.000000,0.000000,0.000000e+00,4.04257988e-16,0.008979
1403,0.318753,0.059839,0.00000000e+00,0.000000,0.000000,0.000000e+00,2.35792294e-16,0.005237
1404,0.943148,0.820007,0.00000000e+00,0.000000,0.000000,0.000000e+00,9.13805481e-17,0.002030
1405,0.177851,0.944234,0.00000000e+00,0.000000,0.000000,0.000000e+00,1.27045836e-16,0.002822
1406,0.945954,0.319423,0.00000000e+00,0.000000,0.000000,0.000000e+00,1.30656301e-16,0.002902
1407,0.659773,0.073380,0.00000000e+00,0.000000,0.000000,0.000000e+00,9.80522428e-17,0.002178
1408,0.797256,0.059724,0.00000000e+00,0.000000,0.000000,0.000000e+00,3.29969725e-17,0.000733
1409,0.079849,0.682062,0.00000000e+00,0.000000,0.000000,0.000000e+00,1.13232476e-16,0.002515
1410,0.040741,0.701360,0.00000000e+00,0.000000,0.000000,0.000000e+00,9.57841731e-17,0.002128
1411,0.040957,0.801610,0.00000000e+00,0.000000,0.000000,0.000000e+00,9.68158394e-17,0.002150
1412,0.197051,0.440739,0.00000000e+00,0.000000,0.000000,0.000000e+00,1.46318893e-16,0.003250
1413,0.198503,0.460190,0.00000000e+00,0.000000,0.000000,0.000000e+00,1.16612363e-16,0.002590
1414,0.058595,0.182368,0.00000000e+00,0.000000,0.000000,0.000000e+00,7.78759048e-17,0.001730
1415,0.040440,0.202182,0.00000000e+00,0.000000,0.000000,0.000000e+00,8.67988675e-17,0.001928
1416,0.961715,0.800900,0.00000000e+00,0.000000,0.000000,0.000000e+00,1.03515698e-16,0.002299
1417,0.681383,0.944821,0.00000000e+00,0.000000,0.000000,0.000000e+00,5.63931375e-17,0.001253
1418,0.699740,0.962608,0.00000000e+00,0.000000,0.000000,0.000000e+00,4.60941930e-17,0.001024
1419,0.817844,0.939139,0.00000000e+00,0.000000,0.000000,0.000000e+00,3.84618967e-17,0.000854
1420,0.801428,0.959485,0.00000000e+00,0.000000,0.000000,0.000000e+00,3.62161212e-17,0.000804
1421,0.959316,0.698495,0.00000000e+00,0.000000,0.000000,0.000000e+00,1.04458545e-16,0.002320
1422,0.923638,0.706050,0.00000000e+00,0.000000,0.000000,0.000000e+00,3.63944481e-17,0.000808
1423,0.327677,0.460125,0.00000000e+00,0.000000,0.000000,0.000000e+00,3.12418388e-16,0.006939
1424,0.298584,0.061860,0.00000000e+00,0.000000,0.000000,0.000000e+00,2.36874087e-16,0.005261
1425,0.037617,0.342960,0.00000000e+00,0.000000,0.000000,0.000000e+00,7.56010522e-17,0.001679
1426,0.177851,0.944234,0.00000000e+00,0.000000,0.000000,0.000000e+00,1.76725245e-16,0.003925
1427,0.959902,0.198625,0.00000000e+00,0.000000,0.000000,0.000000e+00,7.52583083e-17,0.001672
1428,0.924452,0.205961,0.00000000e+00,0.000000,0.000000,0.000000e+00,6.15290887e-17,0.001367
1429,0.160049,0.558600,0.00000000e+00,0.000000,0.000000,0.000000e+00,1.28107301e-16,0.002846
1430,0.962759,0.300391,0.00000000e+00,0.000000,0.000000,0.000000e+00,1.49986506e-16,0.003332
1431,0.297579,0.558995,0.00000000e+00,0.000000,0.000000,0.000000e+00,4.74765673e-16,0.010546
1432,0.293798,0.923425,0.00000000e+00,0.000000,0.000000,0.000000e+00,4.93553128e-16,0.010963
1433,0.317906,0.938535,0.00000000e+00,0.000000,0.000000,0.000000e+00,3.06886734e-16,0.006817
1434,0.352385,0.424666,0.00000000e+00,0.000000,0.000000,0.000000e+00,7.58064789e-16,0.016838
1435,0.368337,0.442998,0.00000000e+00,0.000000,0.000000,0.000000e+00,1.51489323e-15,0.033649
1436,0.141726,0.421735,0.00000000e+00,0.000000,0.000000,0.000000e+00,1.21932828e-16,0.002708
1437,0.159504,0.441710,0.00000000e+00,0.000000,0.000000,0.000000e+00,1.09825829e-16,0.002439
1438,0.850961,0.076294,0.00000000e+00,0.000000,0.000000,0.000000e+00,3.36307583e-17,0.000747
1439,0.834806,0.057734,0.00000000e+00,0.000000,0.000000,0.000000e+00,1.77661058e-17,0.000395
1440,0.060149,0.661801,0.00000000e+00,0.000000,0.000000,0.000000e+00,1.15452272e-16,0.002564
1441,0.357246,0.075863,0.00000000e+00,0.000000,0.000000,0.000000e+00,2.38481544e-16,0.005297
1442,0.338306,0.058245,0.00000000e+00,0.000000,0.000000,0.000000e+00,2.35066572e-16,0.005221
1443,0.056563,0.145421,0.00000000e+00,0.000000,0.000000,0.000000e+00,1.35500575e-16,0.003010
1444,0.093058,0.145262,0.00000000e+00,0.000000,0.000000,0.000000e+00,8.46062697e-17,0.001879
1445,0.071521,0.365021,0.00000000e+00,0.000000,0.000000,0.000000e+00,8.66777947e-17,0.001925
1446,0.053412,0.381961,0.00000000e+00,0.000000,0.000000,0.000000e+00,1.01315570e-16,0.002250
1447,0.138115,0.069588,0.00000000e+00,0.000000,0.000000,0.000000e+00,3.70843253e-16,0.008237
1448,0.120907,0.053144,0.00000000e+00,0.000000,0.000000,0.000000e+00,2.21740838e-16,0.004925
1449,0.065162,0.853137,0.00000000e+00,0.000000,0.000000,0.000000e+00,4.48669011e-16,0.009966
1450,0.657545,0.055860,0.00000000e+00,0.000000,0.000000,0.000000e+00,1.68058775e-16,0.003733
1451,0.942882,0.838781,0.00000000e+00,0.000000,0.000000,0.000000e+00,5.72519561e-17,0.001272
1452,0.160100,0.944584,0.00000000e+00,0.000000,0.000000,0.000000e+00,3.49362418e-16,0.007760
1453,0.645548,0.945608,0.00000000e+00,0.000000,0.000000,0.000000e+00,1.39532465e-16,0.003099
1454,0.663575,0.945398,0.00000000e+00,0.000000,0.000000,0.000000e+00,9.66284532e-17,0.002146
1455,0.944912,0.337544,0.00000000e+00,0.000000,0.000000,0.000000e+00,6.85053579e-17,0.001522
1456,0.354882,0.556489,0.00000000e+00,0.000000,0.000000,0.000000e+00,1.48963418e-15,0.033088
1457,0.335993,0.557187,0.00000000e+00,0.000000,0.000000,0.000000e+00,1.01457490e-15,0.022536
1458,0.921733,0.150588,0.00000000e+00,0.000000,0.000000,0.000000e+00,3.05425357e-17,0.000678
1459,0.921733,0.150588,0.00000000e+00,0.000000,0.000000,0.000000e+00,1.17155430e-16,0.002602
1460,0.141004,0.558615,0.00000000e+00,0.000000,0.000000,0.000000e+00,1.22844950e-16,0.002729
1461,0.849099,0.919270,0.00000000e+00,0.000000,0.000000,0.000000e+00,5.85466989e-17,0.001300
1462,0.849099,0.919270,0.00000000e+00,0.000000,0.000000,0.000000e+00,1.77564668e-16,0.003944
1463,0.348797,0.917971,0.00000000e+00,0.000000,0.000000,0.000000e+00,3.59500794e-16,0.007985
1464,0.348797,0.917971,0.00000000e+00,0.000000,0.000000,0.000000e+00,5.49556935e-16,0.012207
1465,0.918933,0.651087,0.00000000e+00,0.000000,0.000000,0.000000e+00,7.90297820e-17,0.001755
1466,0.921616,0.630450,0.00000000e+00,0.000000,0.000000,0.000000e+00,1.30480952e-16,0.002898
1467,0.392352,0.556266,0.00000000e+00,0.000000,0.000000,0.000000e+00,2.28158489e-15,0.050679
1468,0.548087,0.457500,0.00000000e+00,0.000000,0.000000,0.000000e+00,3.72286566e-15,0.082693
1469,0.517452,0.507277,0.00000000e+00,0.000000,0.000000,0.000000e+00,4.71629512e-15,0.104759
1470,0.944083,0.519061,0.00000000e+00,0.000000,0.000000,0.000000e+00,1.61941741e-16,0.003597
1471,0.061358,0.582059,0.00000000e+00,0.000000,0.000000,0.000000e+00,1.76066624e-16,0.003911
1472,0.455878,0.583993,0.00000000e+00,0.000000,0.000000,0.000000e+00,1.61444374e-15,0.035860
1473,0.491110,0.422642,0.00000000e+00,0.000000,0.000000,0.000000e+00,4.40604008e-15,0.097867
1474,0.506103,0.440613,0.00000000e+00,0.000000,0.000000,0.000000e+00,1.80034015e-15,0.039989
1475,0.478286,0.578765,0.00000000e+00,0.000000,0.000000,0.000000e+00,2.76142376e-15,0.061337
1476,0.455878,0.583993,0.00000000e+00,0.000000,0.000000,0.000000e+00,2.14359009e-15,0.047614
1477,0.689230,0.056574,0.00000000e+00,0.000000,0.000000,0.000000e+00,4.59199689e-17,0.001020
1478,0.078633,0.845965,0.00000000e+00,0.000000,0.000000,0.000000e+00,9.82800550e-17,0.002183
1479,0.322323,0.421465,0.00000000e+00,0.000000,0.000000,0.000000e+00,6.23940563e-16,0.013859
1480,0.141692,0.588944,0.00000000e+00,0.000000,0.000000,0.000000e+00,6.61189353e-17,0.001469
1481,0.405328,0.441579,0.00000000e+00,0.000000,0.000000,0.000000e+00,2.24347137e-15,0.049832
1482,0.077460,0.116709,0.00000000e+00,0.000000,0.000000,0.000000e+00,1.63648645e-16,0.003635
1483,0.077460,0.116709,0.00000000e+00,0.000000,0.000000,0.000000e+00,2.30775715e-16,0.005126
1484,0.060792,0.622108,0.00000000e+00,0.000000,0.000000,0.000000e+00,1.33687726e-16,0.002969
1485,0.086462,0.409852,0.00000000e+00,0.000000,0.000000,0.000000e+00,1.00127480e-16,0.002224
1486,0.050808,0.399877,0.00000000e+00,0.000000,0.000000,0.000000e+00,1.23836998e-16,0.002751
1487,0.621980,0.103109,0.00000000e+00,0.000000,0.000000,0.000000e+00,3.18586562e-16,0.007076
1488,0.922187,0.875584,0.00000000e+00,0.000000,0.000000,0.000000e+00,6.30703909e-17,0.001401
1489,0.918163,0.369134,0.00000000e+00,0.000000,0.000000,0.000000e+00,4.07384863e-17,0.000905
1490,0.939362,0.120933,0.00000000e+00,0.000000,0.000000,0.000000e+00,1.73703521e-16,0.003858
1491,0.103335,0.582844,0.00000000e+00,0.000000,0.000000,0.000000e+00,1.50819365e-16,0.003350
1492,0.876972,0.937995,0.00000000e+00,0.000000,0.000000,0.000000e+00,1.99622677e-16,0.004434
1493,0.380503,0.932555,0.00000000e+00,0.000000,0.000000,0.000000e+00,6.52667685e-16,0.014497
1494,0.392831,0.918470,0.00000000e+00,0.000000,0.000000,0.000000e+00,5.73864186e-16,0.012747
1495,0.946595,0.612266,0.00000000e+00,0.000000,0.000000,0.000000e+00,8.46389268e-17,0.001880
1496,0.936600,0.621194,0.00000000e+00,0.000000,0.000000,0.000000e+00,1.69709933e-16,0.003770
1497,0.424732,0.577080,0.00000000e+00,0.000000,0.000000,0.000000e+00,2.66643410e-15,0.059227
1498,0.532169,0.516761,0.00000000e+00,0.000000,0.000000,0.000000e+00,3.48579765e-15,0.077427
1499,0.900583,0.511512,0.00000000e+00,0.000000,0.000000,0.000000e+00,1.01561891e-16,0.002256
1500,0.945830,0.501109,0.00000000e+00,0.000000,0.000000,0.000000e+00,2.44076051e-17,0.000542
1501,0.927518,0.486893,0.00000000e+00,0.000000,0.000000,0.000000e+00,7.23268728e-17,0.001607
1502,0.503741,0.572275,0.00000000e+00,0.000000,0.000000,0.000000e+00,2.44243157e-15,0.054251
1503,0.944316,0.483706,0.00000000e+00,0.000000,0.000000,0.000000e+00,1.29297885e-16,0.002872
1504,0.959589,0.462338,0.00000000e+00,0.000000,0.000000,0.000000e+00,1.27957376e-16,0.002842
1505,0.922082,0.522190,0.00000000e+00,0.000000,0.000000,0.000000e+00,2.22891108e-16,0.004951
1506,0.915789,0.506544,0.00000000e+00,0.000000,0.000000,0.000000e+00,1.12938132e-16,0.002509
1507,0.100000,0.815464,0.00000000e+00,0.000000,0.000000,0.000000e+00,1.64190971e-16,0.003647
1508,0.815406,0.097445,0.00000000e+00,0.000000,0.000000,0.000000e+00,2.91652601e-17,0.000648
1509,0.685064,0.068506,0.00000000e+00,0.000000,0.000000,0.000000e+00,1.81737907e-16,0.004037
1510,0.094843,0.161354,0.00000000e+00,0.000000,0.000000,0.000000e+00,7.43167253e-17,0.001651
1511,0.201883,0.077250,0.00000000e+00,0.000000,0.000000,0.000000e+00,3.81896266e-16,0.008483
1512,0.173104,0.056824,0.00000000e+00,0.000000,0.000000,0.000000e+00,1.36386783e-16,0.003029
1513,0.924624,0.819185,0.00000000e+00,0.000000,0.000000,0.000000e+00,5.61612358e-17,0.001247
1514,0.895555,0.696035,0.00000000e+00,0.000000,0.000000,0.000000e+00,5.18053589e-17,0.001151
1515,0.287037,0.416325,0.00000000e+00,0.000000,0.000000,0.000000e+00,4.79934427e-16,0.010660
1516,0.309863,0.413071,0.00000000e+00,0.000000,0.000000,0.000000e+00,6.73297067e-16,0.014955
1517,0.077289,0.298556,0.00000000e+00,0.000000,0.000000,0.000000e+00,4.89724771e-17,0.001088
1518,0.057434,0.328085,0.00000000e+00,0.000000,0.000000,0.000000e+00,7.95229603e-17,0.001766
1519,0.321886,0.097339,0.00000000e+00,0.000000,0.000000,0.000000e+00,2.29774125e-16,0.005104
1520,0.929813,0.318628,0.00000000e+00,0.000000,0.000000,0.000000e+00,7.61254053e-17,0.001691
1521,0.316554,0.597580,0.00000000e+00,0.000000,0.000000,0.000000e+00,9.35988665e-16,0.020790
1522,0.303861,0.895545,0.00000000e+00,0.000000,0.000000,0.000000e+00,6.24273923e-16,0.013866
1523,0.384816,0.462047,0.00000000e+00,0.000000,0.000000,0.000000e+00,1.87096258e-15,0.041558
1524,0.104884,0.415573,0.00000000e+00,0.000000,0.000000,0.000000e+00,1.62140344e-16,0.003601
1525,0.865629,0.094558,0.00000000e+00,0.000000,0.000000,0.000000e+00,1.85721404e-17,0.000413
1526,0.649589,0.093934,0.00000000e+00,0.000000,0.000000,0.000000e+00,1.58155014e-16,0.003513
1527,0.357714,0.094504,0.00000000e+00,0.000000,0.000000,0.000000e+00,2.33797637e-16,0.005193
1528,0.882375,0.077955,0.00000000e+00,0.000000,0.000000,0.000000e+00,1.16407711e-16,0.002586
1529,0.137097,0.088525,0.00000000e+00,0.000000,0.000000,0.000000e+00,3.77309688e-16,0.008381
1530,0.123315,0.081429,0.00000000e+00,0.000000,0.000000,0.000000e+00,2.46042054e-16,0.005465
1531,0.061738,0.110532,0.00000000e+00,0.000000,0.000000,0.000000e+00,3.75603208e-16,0.008343
1532,0.406823,0.074775,0.00000000e+00,0.000000,0.000000,0.000000e+00,2.96325768e-16,0.006582
1533,0.038077,0.883625,0.00000000e+00,0.000000,0.000000,0.000000e+00,1.63163957e-16,0.003624
1534,0.094843,0.161354,0.00000000e+00,0.000000,0.000000,0.000000e+00,8.20547352e-17,0.001823
1535,0.090634,0.336189,0.00000000e+00,0.000000,0.000000,0.000000e+00,1.04240692e-16,0.002315
1536,0.071957,0.384079,0.00000000e+00,0.000000,0.000000,0.000000e+00,9.44496860e-17,0.002098
1537,0.618885,0.042590,0.00000000e+00,0.000000,0.000000,0.000000e+00,1.40147424e-16,0.003113
1538,0.963337,0.115743,0.00000000e+00,0.000000,0.000000,0.000000e+00,1.50776391e-16,0.003349
1539,0.883695,0.961617,0.00000000e+00,0.000000,0.000000,0.000000e+00,4.66908251e-17,0.001037
1540,0.143039,0.924473,0.00000000e+00,0.000000,0.000000,0.000000e+00,3.19371629e-16,0.007094
1541,0.939362,0.120933,0.00000000e+00,0.000000,0.000000,0.000000e+00,1.28667984e-16,0.002858
1542,0.370772,0.594473,0.00000000e+00,0.000000,0.000000,0.000000e+00,1.38007544e-15,0.030654
1543,0.924016,0.351509,0.00000000e+00,0.000000,0.000000,0.000000e+00,7.20659403e-17,0.001601
1544,0.876972,0.937995,0.00000000e+00,0.000000,0.000000,0.000000e+00,1.21541009e-16,0.002700
1545,0.380503,0.932555,0.00000000e+00,0.000000,0.000000,0.000000e+00,5.99046423e-16,0.013306
1546,0.904291,0.855339,0.00000000e+00,0.000000,0.000000,0.000000e+00,2.44816593e-17,0.000544
1547,0.609137,0.942531,0.00000000e+00,0.000000,0.000000,0.000000e+00,2.92892955e-16,0.006506
1548,0.387092,0.958834,0.00000000e+00,0.000000,0.000000,0.000000e+00,3.62290682e-16,0.008047
1549,0.960688,0.616543,0.00000000e+00,0.000000,0.000000,0.000000e+00,1.80454890e-16,0.004008
1550,0.648337,0.910890,0.00000000e+00,0.000000,0.000000,0.000000e+00,7.98776752e-17,0.001774
1551,0.407764,0.575900,0.00000000e+00,0.000000,0.000000,0.000000e+00,1.99183143e-15,0.044243
1552,0.390217,0.575356,0.00000000e+00,0.000000,0.000000,0.000000e+00,1.93842685e-15,0.043056
1553,0.572406,0.471955,0.00000000e+00,0.000000,0.000000,0.000000e+00,2.20144816e-15,0.048899
1554,0.040839,0.561242,0.00000000e+00,0.000000,0.000000,0.000000e+00,1.94802384e-16,0.004327
1555,0.478286,0.578765,0.00000000e+00,0.000000,0.000000,0.000000e+00,2.31406204e-15,0.051400
1556,0.522148,0.551130,0.00000000e+00,0.000000,0.000000,0.000000e+00,4.84874354e-15,0.107701
1557,0.917446,0.454977,0.00000000e+00,0.000000,0.000000,0.000000e+00,1.79414720e-16,0.003985
1558,0.914339,0.563736,0.00000000e+00,0.000000,0.000000,0.000000e+00,2.25017214e-17,0.000500
1559,0.895842,0.496118,0.00000000e+00,0.000000,0.000000,0.000000e+00,7.92677453e-17,0.001761
1560,0.872335,0.470213,0.00000000e+00,0.000000,0.000000,0.000000e+00,9.47767002e-17,0.002105
1561,0.459771,0.605110,0.00000000e+00,0.000000,0.000000,0.000000e+00,1.10276501e-15,0.024495
1562,0.448960,0.599214,0.00000000e+00,0.000000,0.000000,0.000000e+00,8.70123595e-16,0.019327
1563,0.502960,0.402599,0.00000000e+00,0.000000,0.000000,0.000000e+00,3.02999382e-16,0.006730
1564,0.506089,0.420922,0.00000000e+00,0.000000,0.000000,0.000000e+00,2.00477050e-15,0.044530
1565,0.469235,0.611481,0.00000000e+00,0.000000,0.000000,0.000000e+00,6.20025629e-16,0.013772
1566,0.125614,0.582746,0.00000000e+00,0.000000,0.000000,0.000000e+00,4.21449647e-17,0.000936
1567,0.103135,0.603857,0.00000000e+00,0.000000,0.000000,0.000000e+00,1.16026203e-16,0.002577
1568,0.405521,0.595378,0.00000000e+00,0.000000,0.000000,0.000000e+00,1.55922799e-15,0.034634
1569,0.159454,0.404029,0.00000000e+00,0.000000,0.000000,0.000000e+00,8.43441263e-17,0.001873
1570,0.159493,0.422732,0.00000000e+00,0.000000,0.000000,0.000000e+00,8.72312050e-17,0.001938
1571,0.118703,0.646676,0.00000000e+00,0.000000,0.000000,0.000000e+00,9.19037431e-17,0.002041
1572,0.079846,0.662441,0.00000000e+00,0.000000,0.000000,0.000000e+00,1.03502906e-16,0.002299
1573,0.339981,0.095591,0.00000000e+00,0.000000,0.000000,0.000000e+00,2.29802394e-16,0.005104
1574,0.881695,0.110399,0.00000000e+00,0.000000,0.000000,0.000000e+00,1.80827720e-17,0.000402
1575,0.370997,0.628017,0.00000000e+00,0.000000,0.000000,0.000000e+00,1.08480981e-15,0.024096
1576,0.335185,0.596618,0.00000000e+00,0.000000,0.000000,0.000000e+00,1.14168268e-15,0.025359
1577,0.665076,0.907632,0.00000000e+00,0.000000,0.000000,0.000000e+00,1.20092014e-16,0.002667
1578,0.906754,0.344437,0.00000000e+00,0.000000,0.000000,0.000000e+00,1.03134440e-16,0.002291
1579,0.890497,0.373556,0.00000000e+00,0.000000,0.000000,0.000000e+00,1.27986625e-16,0.002843
1580,0.924107,0.837898,0.00000000e+00,0.000000,0.000000,0.000000e+00,3.34127862e-17,0.000742
1581,0.160938,0.927173,0.00000000e+00,0.000000,0.000000,0.000000e+00,4.60857445e-16,0.010237
1582,0.333905,0.397691,0.00000000e+00,0.000000,0.000000,0.000000e+00,8.05833794e-16,0.017899
1583,0.073368,0.332960,0.00000000e+00,0.000000,0.000000,0.000000e+00,8.55074731e-17,0.001899
1584,0.321886,0.097339,0.00000000e+00,0.000000,0.000000,0.000000e+00,2.48194338e-16,0.005513
1585,0.338604,0.901640,0.00000000e+00,0.000000,0.000000,0.000000e+00,3.10198235e-16,0.006890
1586,0.297302,0.598322,0.00000000e+00,0.000000,0.000000,0.000000e+00,7.89683099e-16,0.017540
1587,0.914722,0.316525,0.00000000e+00,0.000000,0.000000,0.000000e+00,9.08210696e-17,0.002017
1588,0.889503,0.332879,0.00000000e+00,0.000000,0.000000,0.000000e+00,8.65931708e-17,0.001923
1589,0.195188,0.421525,0.00000000e+00,0.000000,0.000000,0.000000e+00,2.29439705e-16,0.005096
1590,0.192889,0.402642,0.00000000e+00,0.000000,0.000000,0.000000e+00,1.63204707e-16,0.003625
1591,0.185015,0.086113,0.00000000e+00,0.000000,0.000000,0.000000e+00,2.73876669e-16,0.006083
1592,0.080971,0.200581,0.00000000e+00,0.000000,0.000000,0.000000e+00,5.79410704e-17,0.001287
1593,0.917228,0.185138,0.00000000e+00,0.000000,0.000000,0.000000e+00,1.12494168e-16,0.002499
1594,0.171838,0.596590,0.00000000e+00,0.000000,0.000000,0.000000e+00,5.35701686e-17,0.001190
1595,0.175735,0.926962,0.00000000e+00,0.000000,0.000000,0.000000e+00,2.85569455e-16,0.006343
1596,0.188388,0.905337,0.00000000e+00,0.000000,0.000000,0.000000e+00,2.65256864e-16,0.005892
1597,0.679243,0.086131,0.00000000e+00,0.000000,0.000000,0.000000e+00,2.03241334e-16,0.004514
1598,0.076417,0.829269,0.00000000e+00,0.000000,0.000000,0.000000e+00,6.39684576e-17,0.001421
1599,0.117539,0.682912,0.00000000e+00,0.000000,0.000000,0.000000e+00,1.27784158e-16,0.002838
1600,0.080488,0.701680,0.00000000e+00,0.000000,0.000000,0.000000e+00,1.37413890e-16,0.003052
1601,0.797233,0.098671,0.00000000e+00,0.000000,0.000000,0.000000e+00,3.77965424e-17,0.000840
1602,0.915556,0.685324,0.00000000e+00,0.000000,0.000000,0.000000e+00,1.44841218e-16,0.003217
1603,0.814742,0.916069,0.00000000e+00,0.000000,0.000000,0.000000e+00,1.00014388e-16,0.002222
1604,0.705081,0.908299,0.00000000e+00,0.000000,0.000000,0.000000e+00,8.62805561e-17,0.001916
1605,0.683672,0.906689,0.00000000e+00,0.000000,0.000000,0.000000e+00,1.26160541e-16,0.002802
1606,0.906501,0.817681,0.00000000e+00,0.000000,0.000000,0.000000e+00,5.30141941e-17,0.001178
1607,0.061626,0.721664,0.00000000e+00,0.000000,0.000000,0.000000e+00,1.25338734e-16,0.002784
1608,0.778160,0.061080,0.00000000e+00,0.000000,0.000000,0.000000e+00,4.22557275e-17,0.000939
1609,0.701611,0.063622,0.00000000e+00,0.000000,0.000000,0.000000e+00,2.23736289e-16,0.004970
1610,0.692382,0.077420,0.00000000e+00,0.000000,0.000000,0.000000e+00,2.16773320e-16,0.004815
1611,0.213021,0.419408,0.00000000e+00,0.000000,0.000000,0.000000e+00,2.09399104e-16,0.004651
1612,0.063493,0.222542,0.00000000e+00,0.000000,0.000000,0.000000e+00,7.01319590e-17,0.001558
1613,0.189490,0.063244,0.00000000e+00,0.000000,0.000000,0.000000e+00,5.66727034e-16,0.012588
1614,0.716963,0.942823,0.00000000e+00,0.000000,0.000000,0.000000e+00,3.78196373e-17,0.000840
1615,0.942800,0.700251,0.00000000e+00,0.000000,0.000000,0.000000e+00,6.43336942e-17,0.001429
1616,0.942376,0.783422,0.00000000e+00,0.000000,0.000000,0.000000e+00,9.59627713e-17,0.002132
1617,0.799653,0.943016,0.00000000e+00,0.000000,0.000000,0.000000e+00,8.94202359e-17,0.001986
1618,0.298970,0.428823,0.00000000e+00,0.000000,0.000000,0.000000e+00,7.84989690e-16,0.017436
1619,0.063545,0.311247,0.00000000e+00,0.000000,0.000000,0.000000e+00,1.46446425e-16,0.003253
1620,0.277814,0.064135,0.00000000e+00,0.000000,0.000000,0.000000e+00,2.38910778e-16,0.005307
1621,0.196218,0.563977,0.00000000e+00,0.000000,0.000000,0.000000e+00,2.58323450e-16,0.005738
1622,0.193960,0.583635,0.00000000e+00,0.000000,0.000000,0.000000e+00,1.96056469e-16,0.004355
1623,0.943588,0.200312,0.00000000e+00,0.000000,0.000000,0.000000e+00,5.35655529e-17,0.001190
1624,0.215147,0.940432,0.00000000e+00,0.000000,0.000000,0.000000e+00,2.28801943e-16,0.005082
1625,0.299646,0.942555,0.00000000e+00,0.000000,0.000000,0.000000e+00,4.27717334e-16,0.009500
1626,0.942915,0.282791,0.00000000e+00,0.000000,0.000000,0.000000e+00,1.36181365e-16,0.003025
1627,0.100209,0.458192,0.00000000e+00,0.000000,0.000000,0.000000e+00,2.21290997e-16,0.004915
1628,0.894698,0.042264,0.00000000e+00,0.000000,0.000000,0.000000e+00,7.37835313e-17,0.001639
1629,0.882375,0.077955,0.00000000e+00,0.000000,0.000000,0.000000e+00,4.28618623e-17,0.000952
1630,0.870961,0.058269,0.00000000e+00,0.000000,0.000000,0.000000e+00,7.29253413e-17,0.001620
1631,0.589376,0.093346,0.00000000e+00,0.000000,0.000000,0.000000e+00,4.53134304e-16,0.010065
1632,0.094248,0.112260,0.00000000e+00,0.000000,0.000000,0.000000e+00,3.12621835e-16,0.006944
1633,0.090585,0.121331,0.00000000e+00,0.000000,0.000000,0.000000e+00,2.60587383e-16,0.005788
1634,0.042941,0.104482,0.00000000e+00,0.000000,0.000000,0.000000e+00,2.42814965e-16,0.005393
1635,0.403540,0.088108,0.00000000e+00,0.000000,0.000000,0.000000e+00,2.28810095e-16,0.005082
1636,0.395945,0.038031,0.00000000e+00,0.000000,0.000000,0.000000e+00,2.94577069e-16,0.006543
1637,0.040640,0.601441,0.00000000e+00,0.000000,0.000000,0.000000e+00,2.03492889e-16,0.004520
1638,0.084153,0.882788,0.00000000e+00,0.000000,0.000000,0.000000e+00,3.52134810e-16,0.007822
1639,0.911047,0.615184,0.00000000e+00,0.000000,0.000000,0.000000e+00,1.25125150e-16,0.002779
1640,0.913988,0.585705,0.00000000e+00,0.000000,0.000000,0.000000e+00,7.73294825e-17,0.001718
1641,0.593295,0.895604,0.00000000e+00,0.000000,0.000000,0.000000e+00,3.87159649e-16,0.008600
1642,0.613920,0.925084,0.00000000e+00,0.000000,0.000000,0.000000e+00,2.97239664e-16,0.006602
1643,0.103127,0.960268,0.00000000e+00,0.000000,0.000000,0.000000e+00,1.56856446e-16,0.003484
1644,0.956022,0.397170,0.00000000e+00,0.000000,0.000000,0.000000e+00,8.94094561e-17,0.001986
1645,0.605080,0.960917,0.00000000e+00,0.000000,0.000000,0.000000e+00,2.14907042e-16,0.004774
1646,0.960024,0.896725,0.00000000e+00,0.000000,0.000000,0.000000e+00,6.65167033e-17,0.001477
1647,0.561753,0.495953,0.00000000e+00,0.000000,0.000000,0.000000e+00,3.92754947e-15,0.087239
1648,0.570634,0.514959,0.00000000e+00,0.000000,0.000000,0.000000e+00,8.10758179e-16,0.018009
1649,0.540841,0.537742,0.00000000e+00,0.000000,0.000000,0.000000e+00,1.17587147e-15,0.026119
1650,0.100867,0.036746,0.00000000e+00,0.000000,0.000000,0.000000e+00,1.20305003e-16,0.002672
1651,0.035996,0.398628,0.00000000e+00,0.000000,0.000000,0.000000e+00,1.72395107e-16,0.003829
1652,0.443779,0.438855,0.00000000e+00,0.000000,0.000000,0.000000e+00,3.10894041e-15,0.069056
1653,0.542372,0.599212,0.00000000e+00,0.000000,0.000000,0.000000e+00,1.43596543e-15,0.031896
1654,0.902026,0.462381,0.00000000e+00,0.000000,0.000000,0.000000e+00,1.56471721e-16,0.003476
1655,0.548087,0.457500,0.00000000e+00,0.000000,0.000000,0.000000e+00,1.90031566e-15,0.042210
1656,0.370772,0.594473,0.00000000e+00,0.000000,0.000000,0.000000e+00,1.71150662e-15,0.038016
1657,0.373721,0.556177,0.00000000e+00,0.000000,0.000000,0.000000e+00,1.79780096e-15,0.039933
1658,0.506089,0.420922,0.00000000e+00,0.000000,0.000000,0.000000e+00,1.25997496e-15,0.027987
1659,0.566594,0.433702,0.00000000e+00,0.000000,0.000000,0.000000e+00,9.95121306e-16,0.022104
1660,0.441115,0.579353,0.00000000e+00,0.000000,0.000000,0.000000e+00,2.46800816e-15,0.054820
1661,0.452598,0.618276,0.00000000e+00,0.000000,0.000000,0.000000e+00,1.05322046e-15,0.023394
1662,0.541723,0.397065,0.00000000e+00,0.000000,0.000000,0.000000e+00,9.39730539e-16,0.020873
1663,0.501162,0.627420,0.00000000e+00,0.000000,0.000000,0.000000e+00,6.83997157e-16,0.015193
1664,0.349952,0.404642,0.00000000e+00,0.000000,0.000000,0.000000e+00,9.08752532e-16,0.020185
1665,0.083303,0.348920,0.00000000e+00,0.000000,0.000000,0.000000e+00,4.56411130e-17,0.001014
1666,0.885443,0.312635,0.00000000e+00,0.000000,0.000000,0.000000e+00,1.34097690e-16,0.002979
1667,0.176161,0.404200,0.00000000e+00,0.000000,0.000000,0.000000e+00,1.67513894e-16,0.003721
1668,0.131931,0.160329,0.00000000e+00,0.000000,0.000000,0.000000e+00,2.11825880e-16,0.004705
1669,0.156692,0.590552,0.00000000e+00,0.000000,0.000000,0.000000e+00,6.00185709e-17,0.001333
1670,0.156692,0.590552,0.00000000e+00,0.000000,0.000000,0.000000e+00,5.80630431e-17,0.001290
1671,0.648337,0.910890,0.00000000e+00,0.000000,0.000000,0.000000e+00,7.94576197e-17,0.001765
1672,0.894885,0.081109,0.00000000e+00,0.000000,0.000000,0.000000e+00,1.66290342e-16,0.003694
1673,0.069794,0.094122,0.00000000e+00,0.000000,0.000000,0.000000e+00,4.51377028e-16,0.010026
1674,0.093023,0.941424,0.00000000e+00,0.000000,0.000000,0.000000e+00,2.01001117e-16,0.004465
1675,0.941233,0.906950,0.00000000e+00,0.000000,0.000000,0.000000e+00,6.08079527e-17,0.001351
1676,0.933523,0.407517,0.00000000e+00,0.000000,0.000000,0.000000e+00,1.42520215e-16,0.003166
1677,0.955700,0.442220,0.00000000e+00,0.000000,0.000000,0.000000e+00,1.71547399e-16,0.003810
1678,0.959118,0.559860,0.00000000e+00,0.000000,0.000000,0.000000e+00,1.06697994e-16,0.002370
1679,0.540841,0.537742,0.00000000e+00,0.000000,0.000000,0.000000e+00,7.02004813e-16,0.015593
1680,0.935478,0.447943,0.00000000e+00,0.000000,0.000000,0.000000e+00,2.15460406e-16,0.004786
1681,0.927275,0.430286,0.00000000e+00,0.000000,0.000000,0.000000e+00,2.81210783e-16,0.006246
1682,0.893413,0.563408,0.00000000e+00,0.000000,0.000000,0.000000e+00,1.24205669e-16,0.002759
1683,0.543860,0.416668,0.00000000e+00,0.000000,0.000000,0.000000e+00,1.23346388e-15,0.027398
1684,0.738359,0.959318,0.00000000e+00,0.000000,0.000000,0.000000e+00,4.72660399e-17,0.001050
1685,0.699740,0.962608,0.00000000e+00,0.000000,0.000000,0.000000e+00,3.12890993e-17,0.000695
1686,0.960894,0.781571,0.00000000e+00,0.000000,0.000000,0.000000e+00,1.30446144e-16,0.002897
1687,0.961715,0.800900,0.00000000e+00,0.000000,0.000000,0.000000e+00,1.20580434e-16,0.002678
1688,0.198207,0.961428,0.00000000e+00,0.000000,0.000000,0.000000e+00,1.96034407e-16,0.004354
1689,0.215147,0.940432,0.00000000e+00,0.000000,0.000000,0.000000e+00,2.65606451e-16,0.005900
1690,0.259343,0.560103,0.00000000e+00,0.000000,0.000000,0.000000e+00,4.58618154e-16,0.010187
1691,0.298040,0.539315,0.00000000e+00,0.000000,0.000000,0.000000e+00,3.50802719e-16,0.007792
1692,0.961471,0.281012,0.00000000e+00,0.000000,0.000000,0.000000e+00,1.43159050e-16,0.003180
1693,0.962759,0.300391,0.00000000e+00,0.000000,0.000000,0.000000e+00,1.51519821e-16,0.003366
1694,0.041246,0.721475,0.00000000e+00,0.000000,0.000000,0.000000e+00,8.19010252e-17,0.001819
1695,0.797766,0.040006,0.00000000e+00,0.000000,0.000000,0.000000e+00,3.06999382e-17,0.000682
1696,0.041881,0.222367,0.00000000e+00,0.000000,0.000000,0.000000e+00,7.93734127e-17,0.001763
1697,0.298388,0.041324,0.00000000e+00,0.000000,0.000000,0.000000e+00,2.22922740e-16,0.004952
1698,0.238083,0.456952,0.00000000e+00,0.000000,0.000000,0.000000e+00,3.99953129e-16,0.008884
1699,0.198503,0.460190,0.00000000e+00,0.000000,0.000000,0.000000e+00,1.57425044e-16,0.003497
1700,0.110174,0.396268,0.00000000e+00,0.000000,0.000000,0.000000e+00,9.54859712e-17,0.002121
1701,0.391456,0.091694,0.00000000e+00,0.000000,0.000000,0.000000e+00,2.13189670e-16,0.004735
1702,0.124593,0.121954,0.00000000e+00,0.000000,0.000000,0.000000e+00,4.07485925e-16,0.009051
1703,0.880285,0.094049,0.00000000e+00,0.000000,0.000000,0.000000e+00,3.45805469e-17,0.000768
1704,0.866281,0.112667,0.00000000e+00,0.000000,0.000000,0.000000e+00,3.65024911e-17,0.000811
1705,0.103135,0.603857,0.00000000e+00,0.000000,0.000000,0.000000e+00,9.83602650e-17,0.002185
1706,0.388588,0.594700,0.00000000e+00,0.000000,0.000000,0.000000e+00,1.46151967e-15,0.032463
1707,0.864371,0.369195,0.00000000e+00,0.000000,0.000000,0.000000e+00,1.61082651e-16,0.003578
1708,0.124619,0.902196,0.00000000e+00,0.000000,0.000000,0.000000e+00,2.51811751e-16,0.005593
1709,0.619145,0.909421,0.00000000e+00,0.000000,0.000000,0.000000e+00,2.99339961e-16,0.006649
1710,0.901433,0.875335,0.00000000e+00,0.000000,0.000000,0.000000e+00,7.73975164e-17,0.001719
1711,0.587372,0.466737,0.00000000e+00,0.000000,0.000000,0.000000e+00,1.24434519e-15,0.027639
1712,0.911756,0.731117,0.00000000e+00,0.000000,0.000000,0.000000e+00,9.14411308e-17,0.002031
1713,0.236180,0.543083,0.00000000e+00,0.000000,0.000000,0.000000e+00,1.46170530e-16,0.003247
1714,0.931524,0.224996,0.00000000e+00,0.000000,0.000000,0.000000e+00,1.13636127e-16,0.002524
1715,0.916365,0.249523,0.00000000e+00,0.000000,0.000000,0.000000e+00,1.11088000e-16,0.002467
1716,0.064445,0.783578,0.00000000e+00,0.000000,0.000000,0.000000e+00,1.91692331e-16,0.004258
1717,0.241549,0.063399,0.00000000e+00,0.000000,0.000000,0.000000e+00,2.54599099e-16,0.005655
1718,0.443831,0.401605,0.00000000e+00,0.000000,0.000000,0.000000e+00,2.42842461e-15,0.053940
1719,0.064919,0.072128,0.00000000e+00,0.000000,0.000000,0.000000e+00,5.65784233e-16,0.012567
1720,0.428022,0.947559,0.00000000e+00,0.000000,0.000000,0.000000e+00,3.56902679e-16,0.007928
1721,0.928188,0.068226,0.00000000e+00,0.000000,0.000000,0.000000e+00,2.19261215e-16,0.004870
1722,0.073489,0.934198,0.00000000e+00,0.000000,0.000000,0.000000e+00,3.60178103e-16,0.008000
1723,0.938721,0.580558,0.00000000e+00,0.000000,0.000000,0.000000e+00,6.72049043e-17,0.001493
1724,0.934193,0.926543,0.00000000e+00,0.000000,0.000000,0.000000e+00,2.26232442e-16,0.005025
1725,0.123511,0.604797,0.00000000e+00,0.000000,0.000000,0.000000e+00,8.92168686e-17,0.001982
1726,0.369765,0.422863,0.00000000e+00,0.000000,0.000000,0.000000e+00,1.26406168e-15,0.028077
1727,0.628492,0.082697,0.00000000e+00,0.000000,0.000000,0.000000e+00,2.87905837e-16,0.006395
1728,0.121996,0.099311,0.00000000e+00,0.000000,0.000000,0.000000e+00,3.06974084e-16,0.006819
1729,0.088756,0.362942,0.00000000e+00,0.000000,0.000000,0.000000e+00,1.23961022e-16,0.002753
1730,0.102731,0.879613,0.00000000e+00,0.000000,0.000000,0.000000e+00,4.45909854e-16,0.009905
1731,0.084153,0.882788,0.00000000e+00,0.000000,0.000000,0.000000e+00,3.93414458e-16,0.008739
1732,0.895291,0.624439,0.00000000e+00,0.000000,0.000000,0.000000e+00,1.66647297e-17,0.000370
1733,0.911047,0.615184,0.00000000e+00,0.000000,0.000000,0.000000e+00,1.09804878e-16,0.002439
1734,0.374394,0.892908,0.00000000e+00,0.000000,0.000000,0.000000e+00,4.65733602e-16,0.010345
1735,0.383033,0.907120,0.00000000e+00,0.000000,0.000000,0.000000e+00,6.66147050e-16,0.014797
1736,0.880523,0.897442,0.00000000e+00,0.000000,0.000000,0.000000e+00,1.08687741e-16,0.002414
1737,0.883641,0.915900,0.00000000e+00,0.000000,0.000000,0.000000e+00,1.28060211e-16,0.002844
1738,0.901549,0.122698,0.00000000e+00,0.000000,0.000000,0.000000e+00,4.90673415e-17,0.001090
1739,0.916299,0.115292,0.00000000e+00,0.000000,0.000000,0.000000e+00,1.10690762e-16,0.002459
1740,0.554815,0.575680,0.00000000e+00,0.000000,0.000000,0.000000e+00,5.32183389e-16,0.011821
1741,0.443764,0.459448,0.00000000e+00,0.000000,0.000000,0.000000e+00,4.11626333e-15,0.091431
1742,0.078910,0.433420,0.00000000e+00,0.000000,0.000000,0.000000e+00,1.16285421e-16,0.002583
1743,0.453678,0.046484,0.00000000e+00,0.000000,0.000000,0.000000e+00,5.64303726e-16,0.012534
1744,0.420516,0.079468,0.00000000e+00,0.000000,0.000000,0.000000e+00,4.75059434e-16,0.010552
1745,0.063107,0.056864,0.00000000e+00,0.000000,0.000000,0.000000e+00,1.38633816e-16,0.003079
1746,0.579386,0.069363,0.00000000e+00,0.000000,0.000000,0.000000e+00,2.43822113e-16,0.005416
1747,0.553891,0.051611,0.00000000e+00,0.000000,0.000000,0.000000e+00,3.45102504e-16,0.007665
1748,0.035909,0.920663,0.00000000e+00,0.000000,0.000000,0.000000e+00,1.35880721e-16,0.003018
1749,0.965660,0.079012,0.00000000e+00,0.000000,0.000000,0.000000e+00,6.20198980e-17,0.001378
1750,0.442169,0.966674,0.00000000e+00,0.000000,0.000000,0.000000e+00,2.64962759e-16,0.005885
1751,0.966182,0.097362,0.00000000e+00,0.000000,0.000000,0.000000e+00,4.05813518e-17,0.000901
1752,0.935176,0.084893,0.00000000e+00,0.000000,0.000000,0.000000e+00,1.57294892e-16,0.003494
1753,0.919709,0.946833,0.00000000e+00,0.000000,0.000000,0.000000e+00,1.08196117e-16,0.002403
1754,0.920710,0.964085,0.00000000e+00,0.000000,0.000000,0.000000e+00,4.21207283e-17,0.000936
1755,0.540869,0.945680,0.00000000e+00,0.000000,0.000000,0.000000e+00,5.95344307e-16,0.013224
1756,0.583076,0.912504,0.00000000e+00,0.000000,0.000000,0.000000e+00,5.02990240e-16,0.011172
1757,0.445280,0.610976,0.00000000e+00,0.000000,0.000000,0.000000e+00,1.46326435e-15,0.032502
1758,0.474606,0.627269,0.00000000e+00,0.000000,0.000000,0.000000e+00,6.70203755e-16,0.014887
1759,0.517106,0.589745,0.00000000e+00,0.000000,0.000000,0.000000e+00,1.42567493e-15,0.031667
1760,0.527133,0.605782,0.00000000e+00,0.000000,0.000000,0.000000e+00,3.81733132e-16,0.008479
1761,0.402098,0.635799,0.00000000e+00,0.000000,0.000000,0.000000e+00,1.47471538e-15,0.032756
1762,0.313193,0.386631,0.00000000e+00,0.000000,0.000000,0.000000e+00,4.53979908e-16,0.010084
1763,0.138603,0.304960,0.00000000e+00,0.000000,0.000000,0.000000e+00,1.94163324e-16,0.004313
1764,0.324405,0.114952,0.00000000e+00,0.000000,0.000000,0.000000e+00,2.42799691e-16,0.005393
1765,0.291600,0.124172,0.00000000e+00,0.000000,0.000000,0.000000e+00,3.20269192e-16,0.007114
1766,0.316713,0.638882,0.00000000e+00,0.000000,0.000000,0.000000e+00,9.57839256e-16,0.021276
1767,0.297302,0.598322,0.00000000e+00,0.000000,0.000000,0.000000e+00,4.89383132e-16,0.010870
1768,0.905138,0.293407,0.00000000e+00,0.000000,0.000000,0.000000e+00,1.17828861e-16,0.002617
1769,0.295075,0.877779,0.00000000e+00,0.000000,0.000000,0.000000e+00,6.32704971e-16,0.014054
1770,0.189811,0.384323,0.00000000e+00,0.000000,0.000000,0.000000e+00,1.45389804e-16,0.003229
1771,0.221758,0.376749,0.00000000e+00,0.000000,0.000000,0.000000e+00,3.05049334e-16,0.006776
1772,0.193911,0.140791,0.00000000e+00,0.000000,0.000000,0.000000e+00,2.96452399e-16,0.006585
1773,0.128554,0.173368,0.00000000e+00,0.000000,0.000000,0.000000e+00,7.29536772e-17,0.001620
1774,0.125307,0.208867,0.00000000e+00,0.000000,0.000000,0.000000e+00,4.16276327e-17,0.000925
1775,0.198642,0.628477,0.00000000e+00,0.000000,0.000000,0.000000e+00,1.43197047e-16,0.003181
1776,0.879922,0.202574,0.00000000e+00,0.000000,0.000000,0.000000e+00,2.06789164e-17,0.000459
1777,0.159862,0.877070,0.00000000e+00,0.000000,0.000000,0.000000e+00,2.38432390e-16,0.005296
1778,0.226590,0.898983,0.00000000e+00,0.000000,0.000000,0.000000e+00,2.69402693e-16,0.005984
1779,0.705106,0.128076,0.00000000e+00,0.000000,0.000000,0.000000e+00,5.25008789e-17,0.001166
1780,0.815705,0.135618,0.00000000e+00,0.000000,0.000000,0.000000e+00,3.24038674e-17,0.000720
1781,0.797233,0.098671,0.00000000e+00,0.000000,0.000000,0.000000e+00,4.67638056e-17,0.001039
1782,0.117539,0.682912,0.00000000e+00,0.000000,0.000000,0.000000e+00,1.72676507e-16,0.003836
1783,0.121853,0.718761,0.00000000e+00,0.000000,0.000000,0.000000e+00,1.84039454e-16,0.004088
1784,0.877653,0.705171,0.00000000e+00,0.000000,0.000000,0.000000e+00,6.72141025e-17,0.001493
1785,0.795602,0.879596,0.00000000e+00,0.000000,0.000000,0.000000e+00,1.24188437e-16,0.002758
1786,0.684870,0.866286,0.00000000e+00,0.000000,0.000000,0.000000e+00,1.96635747e-16,0.004368
1787,0.726162,0.902489,0.00000000e+00,0.000000,0.000000,0.000000e+00,2.60957434e-17,0.000580
1788,0.867979,0.811879,0.00000000e+00,0.000000,0.000000,0.000000e+00,6.99805254e-17,0.001554
1789,0.903459,0.773624,0.00000000e+00,0.000000,0.000000,0.000000e+00,8.62955115e-17,0.001917
1790,0.093019,0.384890,0.00000000e+00,0.000000,0.000000,0.000000e+00,1.28755228e-16,0.002860
1791,0.145506,0.363721,0.00000000e+00,0.000000,0.000000,0.000000e+00,1.21272301e-16,0.002694
1792,0.358357,0.112435,0.00000000e+00,0.000000,0.000000,0.000000e+00,2.69017532e-16,0.005975
1793,0.104526,0.071895,0.00000000e+00,0.000000,0.000000,0.000000e+00,3.69761460e-16,0.008213
1794,0.135807,0.143696,0.00000000e+00,0.000000,0.000000,0.000000e+00,4.06356618e-16,0.009026
1795,0.113713,0.158959,0.00000000e+00,0.000000,0.000000,0.000000e+00,2.76256540e-16,0.006136
1796,0.909549,0.100805,0.00000000e+00,0.000000,0.000000,0.000000e+00,1.26616933e-16,0.002812
1797,0.118703,0.646676,0.00000000e+00,0.000000,0.000000,0.000000e+00,6.96657071e-17,0.001547
1798,0.864092,0.348177,0.00000000e+00,0.000000,0.000000,0.000000e+00,1.49170655e-16,0.003313
1799,0.871647,0.330689,0.00000000e+00,0.000000,0.000000,0.000000e+00,5.84615060e-17,0.001299
1800,0.066733,0.899231,0.00000000e+00,0.000000,0.000000,0.000000e+00,1.72474252e-16,0.003831
1801,0.886623,0.850261,0.00000000e+00,0.000000,0.000000,0.000000e+00,1.44571888e-16,0.003211
1802,0.893706,0.835670,0.00000000e+00,0.000000,0.000000,0.000000e+00,1.24196113e-16,0.002759
1803,0.899556,0.933250,0.00000000e+00,0.000000,0.000000,0.000000e+00,6.69212144e-17,0.001486
1804,0.589136,0.508262,0.00000000e+00,0.000000,0.000000,0.000000e+00,1.27873165e-15,0.028403
1805,0.557192,0.537854,0.00000000e+00,0.000000,0.000000,0.000000e+00,1.30872371e-15,0.029069
1806,0.566594,0.433702,0.00000000e+00,0.000000,0.000000,0.000000e+00,5.21220718e-16,0.011577
1807,0.268639,0.910891,0.00000000e+00,0.000000,0.000000,0.000000e+00,4.55326796e-16,0.010114
1808,0.274650,0.930678,0.00000000e+00,0.000000,0.000000,0.000000e+00,4.84055824e-16,0.010752
1809,0.901197,0.273076,0.00000000e+00,0.000000,0.000000,0.000000e+00,1.23397057e-16,0.002741
1810,0.277452,0.598897,0.00000000e+00,0.000000,0.000000,0.000000e+00,5.20717263e-16,0.011566
1811,0.111319,0.267058,0.00000000e+00,0.000000,0.000000,0.000000e+00,2.89375995e-16,0.006428
1812,0.077289,0.298556,0.00000000e+00,0.000000,0.000000,0.000000e+00,1.40522687e-16,0.003121
1813,0.284066,0.105581,0.00000000e+00,0.000000,0.000000,0.000000e+00,2.78869478e-16,0.006194
1814,0.264868,0.407924,0.00000000e+00,0.000000,0.000000,0.000000e+00,5.03447267e-16,0.011183
1815,0.271889,0.426792,0.00000000e+00,0.000000,0.000000,0.000000e+00,5.71229649e-16,0.012688
1816,0.911615,0.230914,0.00000000e+00,0.000000,0.000000,0.000000e+00,4.85465816e-17,0.001078
1817,0.931524,0.224996,0.00000000e+00,0.000000,0.000000,0.000000e+00,4.95493164e-17,0.001101
1818,0.234199,0.576720,0.00000000e+00,0.000000,0.000000,0.000000e+00,2.93527171e-16,0.006520
1819,0.234199,0.576720,0.00000000e+00,0.000000,0.000000,0.000000e+00,7.54299317e-17,0.001675
1820,0.226590,0.898983,0.00000000e+00,0.000000,0.000000,0.000000e+00,2.77490508e-16,0.006164
1821,0.249939,0.915263,0.00000000e+00,0.000000,0.000000,0.000000e+00,3.16966955e-16,0.007040
1822,0.232972,0.111220,0.00000000e+00,0.000000,0.000000,0.000000e+00,7.80598141e-16,0.017339
1823,0.201883,0.077250,0.00000000e+00,0.000000,0.000000,0.000000e+00,6.20671598e-16,0.013786
1824,0.105736,0.216184,0.00000000e+00,0.000000,0.000000,0.000000e+00,3.44837965e-17,0.000766
1825,0.063089,0.258681,0.00000000e+00,0.000000,0.000000,0.000000e+00,2.70792727e-16,0.006015
1826,0.226422,0.396476,0.00000000e+00,0.000000,0.000000,0.000000e+00,3.13240990e-16,0.006958
1827,0.248322,0.412610,0.00000000e+00,0.000000,0.000000,0.000000e+00,4.24691599e-16,0.009433
1828,0.911756,0.731117,0.00000000e+00,0.000000,0.000000,0.000000e+00,5.74924076e-17,0.001277
1829,0.931167,0.725065,0.00000000e+00,0.000000,0.000000,0.000000e+00,5.94415760e-17,0.001320
1830,0.768721,0.911621,0.00000000e+00,0.000000,0.000000,0.000000e+00,8.61500204e-17,0.001914
1831,0.774805,0.931289,0.00000000e+00,0.000000,0.000000,0.000000e+00,9.64304262e-17,0.002142
1832,0.726162,0.902489,0.00000000e+00,0.000000,0.000000,0.000000e+00,1.31273285e-16,0.002916
1833,0.750141,0.916522,0.00000000e+00,0.000000,0.000000,0.000000e+00,6.72676708e-17,0.001494
1834,0.903459,0.773624,0.00000000e+00,0.000000,0.000000,0.000000e+00,1.16164626e-16,0.002580
1835,0.916796,0.749694,0.00000000e+00,0.000000,0.000000,0.000000e+00,1.07151726e-16,0.002380
1836,0.741538,0.085230,0.00000000e+00,0.000000,0.000000,0.000000e+00,7.28077493e-17,0.001617
1837,0.086002,0.762087,0.00000000e+00,0.000000,0.000000,0.000000e+00,3.03997425e-16,0.006752
1838,0.101681,0.720392,0.00000000e+00,0.000000,0.000000,0.000000e+00,1.58696850e-16,0.003525
1839,0.064078,0.762717,0.00000000e+00,0.000000,0.000000,0.000000e+00,1.59578996e-16,0.003545
1840,0.778840,0.100228,0.00000000e+00,0.000000,0.000000,0.000000e+00,4.66443243e-17,0.001036
1841,0.740321,0.065193,0.00000000e+00,0.000000,0.000000,0.000000e+00,7.86941717e-17,0.001748
1842,0.220951,0.558191,0.00000000e+00,0.000000,0.000000,0.000000e+00,3.67625216e-16,0.008166
1843,0.545878,0.436935,0.00000000e+00,0.000000,0.000000,0.000000e+00,1.58174287e-15,0.035134
1844,0.911974,0.544927,0.00000000e+00,0.000000,0.000000,0.000000e+00,3.48276853e-17,0.000774
1845,0.442058,0.420368,0.00000000e+00,0.000000,0.000000,0.000000e+00,1.95972041e-15,0.043529
1846,0.116421,0.383269,0.00000000e+00,0.000000,0.000000,0.000000e+00,5.29127453e-17,0.001175
1847,0.123315,0.081429,0.00000000e+00,0.000000,0.000000,0.000000e+00,3.09573681e-16,0.006876
1848,0.140664,0.603961,0.00000000e+00,0.000000,0.000000,0.000000e+00,7.09163446e-17,0.001575
1849,0.895291,0.624439,0.00000000e+00,0.000000,0.000000,0.000000e+00,1.27084853e-16,0.002823
1850,0.374394,0.892908,0.00000000e+00,0.000000,0.000000,0.000000e+00,5.60492289e-16,0.012450
1851,0.539414,0.377591,0.00000000e+00,0.000000,0.000000,0.000000e+00,7.58870370e-16,0.016856
1852,0.561306,0.393872,0.00000000e+00,0.000000,0.000000,0.000000e+00,8.52439611e-16,0.018934
1853,0.424617,0.420586,0.00000000e+00,0.000000,0.000000,0.000000e+00,2.33274885e-15,0.051815
1854,0.063107,0.056864,0.00000000e+00,0.000000,0.000000,0.000000e+00,1.35142744e-16,0.003002
1855,0.576531,0.108865,0.00000000e+00,0.000000,0.000000,0.000000e+00,4.03202188e-16,0.008956
1856,0.051450,0.903038,0.00000000e+00,0.000000,0.000000,0.000000e+00,1.80388967e-16,0.004007
1857,0.106326,0.923803,0.00000000e+00,0.000000,0.000000,0.000000e+00,3.08527648e-16,0.006853
1858,0.429962,0.906149,0.00000000e+00,0.000000,0.000000,0.000000e+00,6.12737546e-16,0.013610
1859,0.429962,0.906149,0.00000000e+00,0.000000,0.000000,0.000000e+00,6.05487156e-16,0.013449
1860,0.923489,0.893637,0.00000000e+00,0.000000,0.000000,0.000000e+00,1.29005593e-16,0.002865
1861,0.449338,0.361959,0.00000000e+00,0.000000,0.000000,0.000000e+00,2.00853344e-15,0.044614
1862,0.297404,0.400183,0.00000000e+00,0.000000,0.000000,0.000000e+00,4.87958899e-16,0.010839
1863,0.313193,0.386631,0.00000000e+00,0.000000,0.000000,0.000000e+00,6.72992452e-16,0.014949
1864,0.121328,0.296345,0.00000000e+00,0.000000,0.000000,0.000000e+00,2.35925781e-16,0.005240
1865,0.203240,0.122134,0.00000000e+00,0.000000,0.000000,0.000000e+00,3.05479680e-16,0.006785
1866,0.897645,0.194982,0.00000000e+00,0.000000,0.000000,0.000000e+00,1.65864718e-17,0.000368
1867,0.704052,0.089453,0.00000000e+00,0.000000,0.000000,0.000000e+00,8.65029684e-17,0.001921
1868,0.804075,0.896759,0.00000000e+00,0.000000,0.000000,0.000000e+00,9.81175967e-17,0.002179
1869,0.626174,0.479015,0.00000000e+00,0.000000,0.000000,0.000000e+00,5.64002605e-16,0.012528
1870,0.570634,0.514959,0.00000000e+00,0.000000,0.000000,0.000000e+00,3.19923624e-15,0.071062
1871,0.263186,0.892833,0.00000000e+00,0.000000,0.000000,0.000000e+00,3.69977718e-16,0.008218
1872,0.285687,0.861473,0.00000000e+00,0.000000,0.000000,0.000000e+00,5.29317930e-16,0.011757
1873,0.901197,0.273076,0.00000000e+00,0.000000,0.000000,0.000000e+00,9.34112699e-17,0.002075
1874,0.277452,0.598897,0.00000000e+00,0.000000,0.000000,0.000000e+00,5.06092498e-16,0.011241
1875,0.936370,0.244659,0.00000000e+00,0.000000,0.000000,0.000000e+00,8.33019978e-17,0.001850
1876,0.284066,0.105581,0.00000000e+00,0.000000,0.000000,0.000000e+00,4.15362458e-16,0.009226
1877,0.260392,0.388832,0.00000000e+00,0.000000,0.000000,0.000000e+00,4.71588082e-16,0.010475
1878,0.299840,0.368438,0.00000000e+00,0.000000,0.000000,0.000000e+00,6.84304101e-16,0.015200
1879,0.893046,0.236444,0.00000000e+00,0.000000,0.000000,0.000000e+00,7.35971311e-17,0.001635
1880,0.863068,0.209993,0.00000000e+00,0.000000,0.000000,0.000000e+00,1.76882019e-17,0.000393
1881,0.235966,0.600171,0.00000000e+00,0.000000,0.000000,0.000000e+00,4.57730199e-16,0.010167
1882,0.198642,0.628477,0.00000000e+00,0.000000,0.000000,0.000000e+00,2.73935484e-16,0.006085
1883,0.226590,0.898983,0.00000000e+00,0.000000,0.000000,0.000000e+00,2.81735043e-16,0.006258
1884,0.241549,0.063399,0.00000000e+00,0.000000,0.000000,0.000000e+00,5.35885611e-16,0.011903
1885,0.064894,0.242665,0.00000000e+00,0.000000,0.000000,0.000000e+00,1.43987554e-16,0.003198
1886,0.105736,0.216184,0.00000000e+00,0.000000,0.000000,0.000000e+00,2.71233582e-17,0.000602
1887,0.226422,0.396476,0.00000000e+00,0.000000,0.000000,0.000000e+00,3.80312738e-16,0.008448
1888,0.894252,0.736925,0.00000000e+00,0.000000,0.000000,0.000000e+00,7.79016400e-17,0.001730
1889,0.861205,0.715170,0.00000000e+00,0.000000,0.000000,0.000000e+00,6.60259668e-17,0.001467
1890,0.726162,0.902489,0.00000000e+00,0.000000,0.000000,0.000000e+00,4.28770295e-17,0.000952
1891,0.762961,0.893495,0.00000000e+00,0.000000,0.000000,0.000000e+00,6.62471085e-17,0.001471
1892,0.787612,0.863341,0.00000000e+00,0.000000,0.000000,0.000000e+00,9.44482831e-17,0.002098
1893,0.742297,0.104169,0.00000000e+00,0.000000,0.000000,0.000000e+00,6.81857221e-17,0.001515
1894,0.705106,0.128076,0.00000000e+00,0.000000,0.000000,0.000000e+00,7.82853261e-17,0.001739
1895,0.107304,0.758005,0.00000000e+00,0.000000,0.000000,0.000000e+00,2.26134689e-16,0.005023
1896,0.062797,0.741951,0.00000000e+00,0.000000,0.000000,0.000000e+00,1.40573389e-16,0.003122
1897,0.759106,0.062750,0.00000000e+00,0.000000,0.000000,0.000000e+00,5.63033388e-17,0.001251
1898,0.101681,0.720392,0.00000000e+00,0.000000,0.000000,0.000000e+00,2.16655173e-16,0.004812
1899,0.779351,0.118937,0.00000000e+00,0.000000,0.000000,0.000000e+00,5.80285464e-17,0.001289
1900,0.474066,0.662892,0.00000000e+00,0.000000,0.000000,0.000000e+00,1.60637342e-15,0.035681
1901,0.487232,0.627995,0.00000000e+00,0.000000,0.000000,0.000000e+00,4.80558002e-16,0.010674
1902,0.501971,0.363104,0.00000000e+00,0.000000,0.000000,0.000000e+00,3.86545047e-16,0.008586
1903,0.501684,0.382581,0.00000000e+00,0.000000,0.000000,0.000000e+00,2.13071019e-16,0.004733
1904,0.392279,0.132135,0.00000000e+00,0.000000,0.000000,0.000000e+00,5.02332201e-16,0.011158
1905,0.593966,0.869793,0.00000000e+00,0.000000,0.000000,0.000000e+00,3.03208467e-16,0.006735
1906,0.867127,0.407639,0.00000000e+00,0.000000,0.000000,0.000000e+00,1.91438234e-16,0.004252
1907,0.588316,0.451366,0.00000000e+00,0.000000,0.000000,0.000000e+00,4.97136766e-16,0.011042
1908,0.396221,0.654322,0.00000000e+00,0.000000,0.000000,0.000000e+00,6.95386098e-16,0.015446
1909,0.535157,0.644569,0.00000000e+00,0.000000,0.000000,0.000000e+00,4.22277873e-16,0.009380
1910,0.913988,0.585705,0.00000000e+00,0.000000,0.000000,0.000000e+00,2.01717746e-16,0.004481
1911,0.875872,0.562055,0.00000000e+00,0.000000,0.000000,0.000000e+00,8.99085041e-17,0.001997
1912,0.888855,0.531199,0.00000000e+00,0.000000,0.000000,0.000000e+00,3.96753376e-17,0.000881
1913,0.336357,0.639238,0.00000000e+00,0.000000,0.000000,0.000000e+00,9.33252431e-16,0.020729
1914,0.335621,0.617419,0.00000000e+00,0.000000,0.000000,0.000000e+00,1.33423433e-15,0.029636
1915,0.137718,0.846726,0.00000000e+00,0.000000,0.000000,0.000000e+00,4.15765937e-16,0.009235
1916,0.154449,0.836843,0.00000000e+00,0.000000,0.000000,0.000000e+00,1.82979538e-16,0.004064
1917,0.639880,0.844749,0.00000000e+00,0.000000,0.000000,0.000000e+00,3.53045371e-16,0.007842
1918,0.635931,0.883759,0.00000000e+00,0.000000,0.000000,0.000000e+00,3.20538814e-16,0.007120
1919,0.877117,0.872160,0.00000000e+00,0.000000,0.000000,0.000000e+00,1.45096042e-16,0.003223
1920,0.342523,0.134360,0.00000000e+00,0.000000,0.000000,0.000000e+00,4.12190426e-16,0.009156
1921,0.163888,0.164078,0.00000000e+00,0.000000,0.000000,0.000000e+00,2.43338431e-16,0.005405
1922,0.165602,0.646139,0.00000000e+00,0.000000,0.000000,0.000000e+00,6.33633783e-17,0.001407
1923,0.117618,0.664819,0.00000000e+00,0.000000,0.000000,0.000000e+00,1.29797939e-16,0.002883
1924,0.885131,0.126948,0.00000000e+00,0.000000,0.000000,0.000000e+00,2.92265145e-17,0.000649
1925,0.833829,0.135892,0.00000000e+00,0.000000,0.000000,0.000000e+00,3.77697054e-17,0.000839
1926,0.159729,0.385681,0.00000000e+00,0.000000,0.000000,0.000000e+00,1.13389230e-16,0.002519
1927,0.300348,0.849444,0.00000000e+00,0.000000,0.000000,0.000000e+00,6.07901676e-16,0.013503
1928,0.300348,0.849444,0.00000000e+00,0.000000,0.000000,0.000000e+00,6.60989995e-16,0.014682
1929,0.315597,0.660126,0.00000000e+00,0.000000,0.000000,0.000000e+00,8.66289447e-16,0.019242
1930,0.884321,0.294366,0.00000000e+00,0.000000,0.000000,0.000000e+00,1.10991267e-16,0.002465
1931,0.877225,0.163179,0.00000000e+00,0.000000,0.000000,0.000000e+00,5.67491561e-17,0.001261
1932,0.846815,0.218139,0.00000000e+00,0.000000,0.000000,0.000000e+00,1.49413799e-17,0.000332
1933,0.180973,0.636991,0.00000000e+00,0.000000,0.000000,0.000000e+00,1.92137499e-16,0.004268
1934,0.202966,0.881647,0.00000000e+00,0.000000,0.000000,0.000000e+00,2.74741622e-16,0.006103
1935,0.165794,0.852164,0.00000000e+00,0.000000,0.000000,0.000000e+00,2.78510045e-16,0.006186
1936,0.871075,0.665274,0.00000000e+00,0.000000,0.000000,0.000000e+00,8.96148285e-17,0.001991
1937,0.846904,0.726756,0.00000000e+00,0.000000,0.000000,0.000000e+00,1.04797596e-16,0.002328
1938,0.801062,0.854644,0.00000000e+00,0.000000,0.000000,0.000000e+00,1.04689044e-16,0.002325
1939,0.833236,0.873180,0.00000000e+00,0.000000,0.000000,0.000000e+00,1.22063933e-16,0.002711
1940,0.684870,0.866286,0.00000000e+00,0.000000,0.000000,0.000000e+00,1.22309850e-16,0.002717
1941,0.703480,0.885933,0.00000000e+00,0.000000,0.000000,0.000000e+00,6.85355269e-17,0.001522
1942,0.888480,0.796766,0.00000000e+00,0.000000,0.000000,0.000000e+00,3.28175471e-17,0.000729
1943,0.858988,0.826339,0.00000000e+00,0.000000,0.000000,0.000000e+00,9.76167355e-17,0.002168
1944,0.153519,0.312087,0.00000000e+00,0.000000,0.000000,0.000000e+00,2.67782240e-16,0.005948
1945,0.117738,0.314979,0.00000000e+00,0.000000,0.000000,0.000000e+00,1.59807443e-16,0.003550
1946,0.322014,0.143704,0.00000000e+00,0.000000,0.000000,0.000000e+00,5.24779157e-16,0.011656
1947,0.208597,0.146296,0.00000000e+00,0.000000,0.000000,0.000000e+00,4.17592855e-16,0.009276
1948,0.144298,0.201579,0.00000000e+00,0.000000,0.000000,0.000000e+00,1.62791196e-16,0.003616
1949,0.125307,0.208867,0.00000000e+00,0.000000,0.000000,0.000000e+00,7.50954463e-17,0.001668
1950,0.705106,0.128076,0.00000000e+00,0.000000,0.000000,0.000000e+00,2.19159717e-16,0.004868
1951,0.146798,0.798316,0.00000000e+00,0.000000,0.000000,0.000000e+00,1.35323863e-16,0.003006
1952,0.129594,0.830700,0.00000000e+00,0.000000,0.000000,0.000000e+00,2.85248906e-16,0.006336
1953,0.136720,0.700087,0.00000000e+00,0.000000,0.000000,0.000000e+00,2.02316758e-16,0.004494
1954,0.814824,0.152836,0.00000000e+00,0.000000,0.000000,0.000000e+00,5.06734218e-17,0.001126
1955,0.184171,0.366177,0.00000000e+00,0.000000,0.000000,0.000000e+00,2.21802459e-16,0.004927
1956,0.205202,0.380548,0.00000000e+00,0.000000,0.000000,0.000000e+00,3.00648786e-16,0.006678
1957,0.403540,0.088108,0.00000000e+00,0.000000,0.000000,0.000000e+00,4.01880790e-16,0.008927
1958,0.556308,0.922067,0.00000000e+00,0.000000,0.000000,0.000000e+00,6.57095073e-16,0.014595
1959,0.568946,0.902764,0.00000000e+00,0.000000,0.000000,0.000000e+00,5.76865012e-16,0.012813
1960,0.561310,0.074506,0.00000000e+00,0.000000,0.000000,0.000000e+00,5.05444465e-16,0.011227
1961,0.544963,0.085736,0.00000000e+00,0.000000,0.000000,0.000000e+00,4.42678609e-16,0.009833
1962,0.456764,0.921978,0.00000000e+00,0.000000,0.000000,0.000000e+00,4.73119941e-16,0.010509
1963,0.433333,0.085798,0.00000000e+00,0.000000,0.000000,0.000000e+00,5.32287945e-16,0.011823
1964,0.564714,0.413359,0.00000000e+00,0.000000,0.000000,0.000000e+00,3.90755119e-16,0.008679
1965,0.603712,0.880970,0.00000000e+00,0.000000,0.000000,0.000000e+00,4.28679748e-16,0.009522
1966,0.593295,0.895604,0.00000000e+00,0.000000,0.000000,0.000000e+00,4.58524398e-16,0.010185
1967,0.442621,0.915089,0.00000000e+00,0.000000,0.000000,0.000000e+00,4.98189204e-16,0.011066
1968,0.553035,0.102599,0.00000000e+00,0.000000,0.000000,0.000000e+00,4.65036229e-16,0.010329
1969,0.411864,0.095652,0.00000000e+00,0.000000,0.000000,0.000000e+00,6.76718233e-16,0.015031
1970,0.456604,0.419075,0.00000000e+00,0.000000,0.000000,0.000000e+00,2.29072226e-15,0.050882
1971,0.388331,0.399995,0.00000000e+00,0.000000,0.000000,0.000000e+00,2.12655499e-15,0.047235
1972,0.908251,0.439043,0.00000000e+00,0.000000,0.000000,0.000000e+00,1.80468906e-16,0.004009
1973,0.426430,0.143543,0.00000000e+00,0.000000,0.000000,0.000000e+00,4.53729874e-16,0.010078
1974,0.401939,0.156323,0.00000000e+00,0.000000,0.000000,0.000000e+00,5.73626488e-16,0.012741
1975,0.624384,0.875983,0.00000000e+00,0.000000,0.000000,0.000000e+00,1.84235595e-16,0.004092
1976,0.864371,0.369195,0.00000000e+00,0.000000,0.000000,0.000000e+00,1.79154509e-16,0.003979
1977,0.867127,0.407639,0.00000000e+00,0.000000,0.000000,0.000000e+00,2.14599529e-16,0.004767
1978,0.631839,0.122898,0.00000000e+00,0.000000,0.000000,0.000000e+00,1.10128299e-16,0.002446
1979,0.601686,0.106284,0.00000000e+00,0.000000,0.000000,0.000000e+00,3.25396098e-16,0.007228
1980,0.111532,0.087230,0.00000000e+00,0.000000,0.000000,0.000000e+00,1.36287601e-16,0.003027
1981,0.142307,0.126442,0.00000000e+00,0.000000,0.000000,0.000000e+00,3.40621727e-16,0.007566
1982,0.125315,0.361906,0.00000000e+00,0.000000,0.000000,0.000000e+00,9.86531465e-17,0.002191
1983,0.118996,0.854112,0.00000000e+00,0.000000,0.000000,0.000000e+00,3.45762846e-16,0.007680
1984,0.847442,0.864571,0.00000000e+00,0.000000,0.000000,0.000000e+00,8.57970128e-17,0.001906
1985,0.899159,0.915565,0.00000000e+00,0.000000,0.000000,0.000000e+00,3.48873383e-17,0.000775
1986,0.872246,0.147344,0.00000000e+00,0.000000,0.000000,0.000000e+00,2.88840088e-17,0.000642
1987,0.153185,0.601638,0.00000000e+00,0.000000,0.000000,0.000000e+00,5.69852665e-17,0.001266
1988,0.884321,0.294366,0.00000000e+00,0.000000,0.000000,0.000000e+00,8.19814801e-17,0.001821
1989,0.130055,0.280430,0.00000000e+00,0.000000,0.000000,0.000000e+00,1.62785558e-16,0.003616
1990,0.260392,0.388832,0.00000000e+00,0.000000,0.000000,0.000000e+00,4.37217999e-16,0.009712
1991,0.219378,0.129982,0.00000000e+00,0.000000,0.000000,0.000000e+00,5.94763030e-16,0.013211
1992,0.205202,0.380548,0.00000000e+00,0.000000,0.000000,0.000000e+00,2.28571153e-16,0.005077
1993,0.572406,0.471955,0.00000000e+00,0.000000,0.000000,0.000000e+00,2.16752237e-15,0.048145
1994,0.888855,0.531199,0.00000000e+00,0.000000,0.000000,0.000000e+00,7.03085720e-17,0.001562
1995,0.900583,0.511512,0.00000000e+00,0.000000,0.000000,0.000000e+00,9.85967791e-17,0.002190
1996,0.348848,0.864704,0.00000000e+00,0.000000,0.000000,0.000000e+00,5.95649344e-16,0.013231
1997,0.855976,0.333613,0.00000000e+00,0.000000,0.000000,0.000000e+00,1.17891462e-16,0.002619
1998,0.174884,0.661952,0.00000000e+00,0.000000,0.000000,0.000000e+00,1.07747289e-16,0.002393
1999,0.855237,0.673687,0.00000000e+00,0.000000,0.000000,0.000000e+00,7.61619204e-17,0.001692
2000,0.848457,0.839159,0.00000000e+00,0.000000,0.000000,0.000000e+00,8.42923911e-17,0.001872
2001,0.828807,0.801699,0.00000000e+00,0.000000,0.000000,0.000000e+00,6.73532542e-17,0.001496
2002,0.149612,0.343902,0.00000000e+00,0.000000,0.000000,0.000000e+00,1.72512421e-16,0.003832
2003,0.153663,0.147717,0.00000000e+00,0.000000,0.000000,0.000000e+00,2.05962520e-16,0.004575
2004,0.665294,0.145850,0.00000000e+00,0.000000,0.000000,0.000000e+00,2.92273774e-16,0.006492
2005,0.691200,0.153231,0.00000000e+00,0.000000,0.000000,0.000000e+00,2.95658783e-16,0.006567
2006,0.165794,0.852164,0.00000000e+00,0.000000,0.000000,0.000000e+00,2.58239514e-16,0.005736
2007,0.166723,0.685680,0.00000000e+00,0.000000,0.000000,0.000000e+00,2.01801417e-16,0.004482
2008,0.851566,0.133591,0.00000000e+00,0.000000,0.000000,0.000000e+00,3.10440950e-17,0.000690
2009,0.882404,0.758517,0.00000000e+00,0.000000,0.000000,0.000000e+00,8.08188082e-17,0.001795
2010,0.499101,0.646313,0.00000000e+00,0.000000,0.000000,0.000000e+00,4.61862555e-16,0.010259
2011,0.516488,0.645865,0.00000000e+00,0.000000,0.000000,0.000000e+00,4.82580293e-16,0.010719
2012,0.462912,0.378390,0.00000000e+00,0.000000,0.000000,0.000000e+00,1.35839838e-15,0.030173
2013,0.073489,0.934198,0.00000000e+00,0.000000,0.000000,0.000000e+00,2.18534752e-16,0.004854
2014,0.580162,0.389740,0.00000000e+00,0.000000,0.000000,0.000000e+00,6.01878054e-16,0.013369
2015,0.472300,0.638839,0.00000000e+00,0.000000,0.000000,0.000000e+00,7.20803598e-16,0.016011
2016,0.446326,0.696319,0.00000000e+00,0.000000,0.000000,0.000000e+00,1.03414073e-15,0.022970
2017,0.424061,0.639964,0.00000000e+00,0.000000,0.000000,0.000000e+00,1.81283685e-15,0.040267
2018,0.389917,0.673291,0.00000000e+00,0.000000,0.000000,0.000000e+00,4.70488950e-16,0.010451
2019,0.350615,0.685141,0.00000000e+00,0.000000,0.000000,0.000000e+00,6.16332936e-16,0.013690
2020,0.853115,0.354890,0.00000000e+00,0.000000,0.000000,0.000000e+00,1.72607196e-16,0.003834
2021,0.386192,0.149448,0.00000000e+00,0.000000,0.000000,0.000000e+00,4.39359510e-16,0.009759
2022,0.630679,0.825973,0.00000000e+00,0.000000,0.000000,0.000000e+00,2.75056480e-16,0.006110
2023,0.571123,0.556837,0.00000000e+00,0.000000,0.000000,0.000000e+00,2.05637196e-15,0.045676
2024,0.582506,0.560182,0.00000000e+00,0.000000,0.000000,0.000000e+00,1.02496206e-15,0.022767
2025,0.150347,0.779588,0.00000000e+00,0.000000,0.000000,0.000000e+00,2.37247973e-16,0.005270
2026,0.870680,0.778642,0.00000000e+00,0.000000,0.000000,0.000000e+00,5.15922408e-17,0.001146
2027,0.804223,0.830252,0.00000000e+00,0.000000,0.000000,0.000000e+00,8.16282409e-17,0.001813
2028,0.144298,0.201579,0.00000000e+00,0.000000,0.000000,0.000000e+00,1.79433501e-16,0.003986
2029,0.222387,0.842899,0.00000000e+00,0.000000,0.000000,0.000000e+00,2.33774979e-16,0.005193
2030,0.829233,0.188232,0.00000000e+00,0.000000,0.000000,0.000000e+00,8.97780809e-17,0.001994
2031,0.171296,0.347283,0.00000000e+00,0.000000,0.000000,0.000000e+00,3.02739290e-16,0.006724
2032,0.425436,0.357576,0.00000000e+00,0.000000,0.000000,0.000000e+00,9.09792477e-16,0.020208
2033,0.549279,0.620503,0.00000000e+00,0.000000,0.000000,0.000000e+00,8.36947326e-16,0.018590
2034,0.558561,0.594875,0.00000000e+00,0.000000,0.000000,0.000000e+00,9.25659416e-16,0.020561
2035,0.582506,0.560182,0.00000000e+00,0.000000,0.000000,0.000000e+00,3.92009230e-16,0.008707
2036,0.040347,0.438558,0.00000000e+00,0.000000,0.000000,0.000000e+00,2.17012276e-16,0.004820
2037,0.061626,0.038447,0.00000000e+00,0.000000,0.000000,0.000000e+00,1.38131923e-16,0.003068
2038,0.580162,0.389740,0.00000000e+00,0.000000,0.000000,0.000000e+00,5.71806161e-16,0.012701
2039,0.264926,0.113686,0.00000000e+00,0.000000,0.000000,0.000000e+00,5.25848271e-16,0.011680
2040,0.113828,0.235455,0.00000000e+00,0.000000,0.000000,0.000000e+00,8.21625135e-17,0.001825
2041,0.884321,0.294366,0.00000000e+00,0.000000,0.000000,0.000000e+00,9.58000748e-17,0.002128
2042,0.297463,0.618293,0.00000000e+00,0.000000,0.000000,0.000000e+00,6.01648402e-16,0.013364
2043,0.121853,0.718761,0.00000000e+00,0.000000,0.000000,0.000000e+00,2.48249025e-16,0.005514
2044,0.797367,0.117713,0.00000000e+00,0.000000,0.000000,0.000000e+00,4.35203212e-17,0.000967
2045,0.202966,0.881647,0.00000000e+00,0.000000,0.000000,0.000000e+00,2.44430548e-16,0.005429
2046,0.703480,0.885933,0.00000000e+00,0.000000,0.000000,0.000000e+00,3.94154077e-17,0.000875
2047,0.888480,0.796766,0.00000000e+00,0.000000,0.000000,0.000000e+00,6.45493700e-17,0.001434
2048,0.406180,0.908032,0.00000000e+00,0.000000,0.000000,0.000000e+00,5.81731481e-16,0.012921
2049,0.440182,0.869443,0.00000000e+00,0.000000,0.000000,0.000000e+00,2.20885255e-16,0.004906
2050,0.587372,0.466737,0.00000000e+00,0.000000,0.000000,0.000000e+00,1.07687534e-15,0.023920
2051,0.392240,0.358946,0.00000000e+00,0.000000,0.000000,0.000000e+00,1.59427578e-15,0.035412
2052,0.426453,0.399652,0.00000000e+00,0.000000,0.000000,0.000000e+00,2.02918347e-15,0.045072
2053,0.608192,0.133012,0.00000000e+00,0.000000,0.000000,0.000000e+00,2.15419312e-16,0.004785
2054,0.873278,0.576017,0.00000000e+00,0.000000,0.000000,0.000000e+00,1.29913427e-16,0.002886
2055,0.427190,0.885433,0.00000000e+00,0.000000,0.000000,0.000000e+00,3.76925056e-16,0.008372
2056,0.867992,0.518469,0.00000000e+00,0.000000,0.000000,0.000000e+00,5.21552067e-17,0.001158
2057,0.880110,0.500108,0.00000000e+00,0.000000,0.000000,0.000000e+00,6.47449022e-17,0.001438
2058,0.316116,0.837584,0.00000000e+00,0.000000,0.000000,0.000000e+00,6.61852328e-16,0.014701
2059,0.370595,0.875759,0.00000000e+00,0.000000,0.000000,0.000000e+00,4.96630664e-16,0.011031
2060,0.188415,0.653280,0.00000000e+00,0.000000,0.000000,0.000000e+00,1.40480547e-16,0.003120
2061,0.845403,0.177724,0.00000000e+00,0.000000,0.000000,0.000000e+00,6.72275029e-17,0.001493
2062,0.864253,0.649708,0.00000000e+00,0.000000,0.000000,0.000000e+00,6.65296536e-17,0.001478
2063,0.876971,0.628044,0.00000000e+00,0.000000,0.000000,0.000000e+00,4.52192311e-17,0.001004
2064,0.813851,0.845438,0.00000000e+00,0.000000,0.000000,0.000000e+00,9.20917977e-17,0.002046
2065,0.153519,0.312087,0.00000000e+00,0.000000,0.000000,0.000000e+00,1.72652790e-16,0.003835
2066,0.186215,0.160498,0.00000000e+00,0.000000,0.000000,0.000000e+00,2.79594723e-16,0.006210
2067,0.186215,0.160498,0.00000000e+00,0.000000,0.000000,0.000000e+00,2.15676095e-16,0.004791
2068,0.312695,0.339291,0.00000000e+00,0.000000,0.000000,0.000000e+00,3.66718838e-16,0.008146
2069,0.333784,0.377602,0.00000000e+00,0.000000,0.000000,0.000000e+00,9.30218782e-16,0.020662
2070,0.555785,0.355292,0.00000000e+00,0.000000,0.000000,0.000000e+00,5.99117044e-16,0.013308
2071,0.441712,0.656291,0.00000000e+00,0.000000,0.000000,0.000000e+00,1.97582717e-15,0.043887
2072,0.372198,0.668081,0.00000000e+00,0.000000,0.000000,0.000000e+00,5.36050095e-16,0.011907
2073,0.396221,0.654322,0.00000000e+00,0.000000,0.000000,0.000000e+00,6.71343173e-16,0.014912
2074,0.864092,0.348177,0.00000000e+00,0.000000,0.000000,0.000000e+00,1.60441249e-16,0.003564
2075,0.361017,0.140999,0.00000000e+00,0.000000,0.000000,0.000000e+00,5.28616851e-16,0.011742
2076,0.662549,0.826913,0.00000000e+00,0.000000,0.000000,0.000000e+00,2.28250312e-16,0.005070
2077,0.458541,0.940012,0.00000000e+00,0.000000,0.000000,0.000000e+00,2.13745217e-16,0.004748
2078,0.779859,0.137188,0.00000000e+00,0.000000,0.000000,0.000000e+00,6.13044265e-17,0.001362
2079,0.151797,0.767393,0.00000000e+00,0.000000,0.000000,0.000000e+00,3.01374905e-16,0.006694
2080,0.744840,0.141385,0.00000000e+00,0.000000,0.000000,0.000000e+00,7.86460893e-17,0.001747
2081,0.747113,0.159631,0.00000000e+00,0.000000,0.000000,0.000000e+00,1.04381988e-16,0.002319
2082,0.186948,0.681290,0.00000000e+00,0.000000,0.000000,0.000000e+00,2.39799183e-16,0.005326
2083,0.836797,0.826396,0.00000000e+00,0.000000,0.000000,0.000000e+00,6.31209085e-17,0.001402
2084,0.683022,0.846634,0.00000000e+00,0.000000,0.000000,0.000000e+00,1.32638636e-16,0.002946
2085,0.720826,0.864259,0.00000000e+00,0.000000,0.000000,0.000000e+00,4.47185287e-17,0.000993
2086,0.856085,0.782350,0.00000000e+00,0.000000,0.000000,0.000000e+00,6.54816753e-17,0.001454
2087,0.755679,0.844114,0.00000000e+00,0.000000,0.000000,0.000000e+00,3.59421093e-17,0.000798
2088,0.843562,0.752247,0.00000000e+00,0.000000,0.000000,0.000000e+00,8.10814282e-17,0.001801
2089,0.143469,0.240509,0.00000000e+00,0.000000,0.000000,0.000000e+00,2.07252567e-17,0.000460
2090,0.155993,0.180928,0.00000000e+00,0.000000,0.000000,0.000000e+00,2.50676277e-16,0.005568
2091,0.247940,0.126771,0.00000000e+00,0.000000,0.000000,0.000000e+00,5.40352175e-16,0.012002
2092,0.233672,0.141739,0.00000000e+00,0.000000,0.000000,0.000000e+00,4.94187503e-16,0.010977
2093,0.222387,0.842899,0.00000000e+00,0.000000,0.000000,0.000000e+00,1.65962818e-16,0.003686
2094,0.221772,0.643131,0.00000000e+00,0.000000,0.000000,0.000000e+00,3.57838121e-16,0.007948
2095,0.858915,0.245135,0.00000000e+00,0.000000,0.000000,0.000000e+00,7.03348896e-17,0.001562
2096,0.254166,0.351159,0.00000000e+00,0.000000,0.000000,0.000000e+00,4.05644158e-16,0.009010
2097,0.322014,0.143704,0.00000000e+00,0.000000,0.000000,0.000000e+00,4.17455609e-16,0.009273
2098,0.314016,0.178809,0.00000000e+00,0.000000,0.000000,0.000000e+00,5.18544359e-16,0.011518
2099,0.271781,0.159028,0.00000000e+00,0.000000,0.000000,0.000000e+00,4.37191450e-16,0.009711
2100,0.260515,0.143142,0.00000000e+00,0.000000,0.000000,0.000000e+00,4.79449341e-16,0.010650
2101,0.127085,0.252515,0.00000000e+00,0.000000,0.000000,0.000000e+00,1.13767761e-16,0.002527
2102,0.142621,0.267004,0.00000000e+00,0.000000,0.000000,0.000000e+00,1.25857833e-16,0.002796
2103,0.862666,0.278760,0.00000000e+00,0.000000,0.000000,0.000000e+00,7.20519709e-17,0.001600
2104,0.278245,0.638173,0.00000000e+00,0.000000,0.000000,0.000000e+00,4.10558193e-16,0.009119
2105,0.855976,0.333613,0.00000000e+00,0.000000,0.000000,0.000000e+00,1.55827116e-16,0.003461
2106,0.254029,0.845614,0.00000000e+00,0.000000,0.000000,0.000000e+00,2.97575353e-16,0.006610
2107,0.564736,0.613293,0.00000000e+00,0.000000,0.000000,0.000000e+00,7.29955365e-16,0.016214
2108,0.880744,0.439759,0.00000000e+00,0.000000,0.000000,0.000000e+00,8.37947328e-17,0.001861
2109,0.893839,0.422263,0.00000000e+00,0.000000,0.000000,0.000000e+00,9.19065158e-17,0.002041
2110,0.555520,0.890385,0.00000000e+00,0.000000,0.000000,0.000000e+00,5.18135189e-16,0.011509
2111,0.907281,0.476513,0.00000000e+00,0.000000,0.000000,0.000000e+00,1.22074137e-16,0.002712
2112,0.871813,0.533388,0.00000000e+00,0.000000,0.000000,0.000000e+00,4.92693820e-17,0.001094
2113,0.596540,0.528056,0.00000000e+00,0.000000,0.000000,0.000000e+00,1.63843521e-15,0.036393
2114,0.553035,0.102599,0.00000000e+00,0.000000,0.000000,0.000000e+00,5.01942566e-16,0.011149
2115,0.587821,0.408558,0.00000000e+00,0.000000,0.000000,0.000000e+00,5.09949833e-16,0.011327
2116,0.654919,0.449766,0.00000000e+00,0.000000,0.000000,0.000000e+00,6.73335024e-16,0.014956
2117,0.365537,0.857790,0.00000000e+00,0.000000,0.000000,0.000000e+00,6.25175590e-16,0.013886
2118,0.846194,0.656692,0.00000000e+00,0.000000,0.000000,0.000000e+00,9.33760055e-17,0.002074
2119,0.628909,0.167054,0.00000000e+00,0.000000,0.000000,0.000000e+00,2.52671516e-16,0.005612
2120,0.353442,0.337608,0.00000000e+00,0.000000,0.000000,0.000000e+00,5.17958583e-16,0.011505
2121,0.381689,0.336689,0.00000000e+00,0.000000,0.000000,0.000000e+00,1.02447587e-15,0.022756
2122,0.570550,0.332324,0.00000000e+00,0.000000,0.000000,0.000000e+00,5.72543239e-16,0.012717
2123,0.528291,0.890690,0.00000000e+00,0.000000,0.000000,0.000000e+00,5.87802272e-16,0.013056
2124,0.541600,0.907484,0.00000000e+00,0.000000,0.000000,0.000000e+00,6.17717464e-16,0.013721
2125,0.486311,0.059625,0.00000000e+00,0.000000,0.000000,0.000000e+00,4.57407162e-16,0.010160
2126,0.467786,0.905420,0.00000000e+00,0.000000,0.000000,0.000000e+00,5.51051736e-16,0.012240
2127,0.497282,0.913894,0.00000000e+00,0.000000,0.000000,0.000000e+00,5.52950043e-16,0.012282
2128,0.459238,0.101314,0.00000000e+00,0.000000,0.000000,0.000000e+00,6.09308598e-16,0.013534
2129,0.455591,0.075519,0.00000000e+00,0.000000,0.000000,0.000000e+00,6.09710197e-16,0.013543
2130,0.151797,0.767393,0.00000000e+00,0.000000,0.000000,0.000000e+00,2.58226358e-16,0.005736
2131,0.121882,0.792507,0.00000000e+00,0.000000,0.000000,0.000000e+00,2.97512911e-16,0.006608
2132,0.724680,0.125389,0.00000000e+00,0.000000,0.000000,0.000000e+00,9.49677789e-17,0.002109
2133,0.780950,0.154850,0.00000000e+00,0.000000,0.000000,0.000000e+00,5.16300562e-17,0.001147
2134,0.819713,0.782939,0.00000000e+00,0.000000,0.000000,0.000000e+00,7.74976913e-17,0.001721
2135,0.766491,0.856167,0.00000000e+00,0.000000,0.000000,0.000000e+00,6.55161721e-17,0.001455
2136,0.218076,0.623611,0.00000000e+00,0.000000,0.000000,0.000000e+00,3.69087963e-16,0.008198
2137,0.222387,0.842899,0.00000000e+00,0.000000,0.000000,0.000000e+00,2.69474241e-16,0.005986
2138,0.854707,0.232093,0.00000000e+00,0.000000,0.000000,0.000000e+00,3.94189314e-17,0.000876
2139,0.282201,0.173685,0.00000000e+00,0.000000,0.000000,0.000000e+00,3.93479997e-16,0.008740
2140,0.277189,0.676466,0.00000000e+00,0.000000,0.000000,0.000000e+00,4.35134880e-16,0.009665
2141,0.823219,0.280666,0.00000000e+00,0.000000,0.000000,0.000000e+00,6.91526896e-17,0.001536
2142,0.396383,0.340233,0.00000000e+00,0.000000,0.000000,0.000000e+00,1.17154281e-15,0.026022
2143,0.409185,0.378622,0.00000000e+00,0.000000,0.000000,0.000000e+00,1.42441052e-15,0.031639
2144,0.639041,0.149613,0.00000000e+00,0.000000,0.000000,0.000000e+00,2.57806601e-16,0.005726
2145,0.608192,0.133012,0.00000000e+00,0.000000,0.000000,0.000000e+00,1.49996207e-16,0.003332
2146,0.876971,0.628044,0.00000000e+00,0.000000,0.000000,0.000000e+00,4.83980200e-17,0.001075
2147,0.370595,0.875759,0.00000000e+00,0.000000,0.000000,0.000000e+00,6.08720016e-16,0.013521
2148,0.408045,0.858217,0.00000000e+00,0.000000,0.000000,0.000000e+00,5.12990258e-16,0.011395
2149,0.430688,0.124036,0.00000000e+00,0.000000,0.000000,0.000000e+00,3.70198026e-16,0.008223
2150,0.867127,0.407639,0.00000000e+00,0.000000,0.000000,0.000000e+00,1.82702611e-16,0.004058
2151,0.855655,0.472292,0.00000000e+00,0.000000,0.000000,0.000000e+00,8.16224175e-17,0.001813
2152,0.593966,0.869793,0.00000000e+00,0.000000,0.000000,0.000000e+00,4.80916138e-16,0.010682
2153,0.592189,0.345655,0.00000000e+00,0.000000,0.000000,0.000000e+00,4.96297197e-16,0.011024
2154,0.246235,0.155571,0.00000000e+00,0.000000,0.000000,0.000000e+00,4.93190227e-16,0.010955
2155,0.239216,0.373175,0.00000000e+00,0.000000,0.000000,0.000000e+00,4.12350885e-16,0.009159
2156,0.157154,0.254748,0.00000000e+00,0.000000,0.000000,0.000000e+00,8.96437600e-17,0.001991
2157,0.879079,0.258358,0.00000000e+00,0.000000,0.000000,0.000000e+00,6.18412137e-17,0.001374
2158,0.260064,0.657322,0.00000000e+00,0.000000,0.000000,0.000000e+00,3.63746626e-16,0.008080
2159,0.257866,0.619229,0.00000000e+00,0.000000,0.000000,0.000000e+00,4.27819586e-16,0.009503
2160,0.761294,0.120767,0.00000000e+00,0.000000,0.000000,0.000000e+00,7.67725054e-17,0.001705
2161,0.125280,0.736383,0.00000000e+00,0.000000,0.000000,0.000000e+00,2.74265721e-16,0.006092
2162,0.259068,0.876548,0.00000000e+00,0.000000,0.000000,0.000000e+00,1.74541330e-16,0.003877
2163,0.740973,0.880341,0.00000000e+00,0.000000,0.000000,0.000000e+00,2.40059477e-17,0.000533
2164,0.878297,0.741995,0.00000000e+00,0.000000,0.000000,0.000000e+00,4.81739765e-17,0.001070
2165,0.149612,0.343902,0.00000000e+00,0.000000,0.000000,0.000000e+00,1.29622325e-16,0.002879
2166,0.153663,0.147717,0.00000000e+00,0.000000,0.000000,0.000000e+00,3.26943362e-16,0.007262
2167,0.154449,0.836843,0.00000000e+00,0.000000,0.000000,0.000000e+00,2.77669470e-16,0.006168
2168,0.868647,0.130372,0.00000000e+00,0.000000,0.000000,0.000000e+00,4.37548799e-17,0.000972
2169,0.270211,0.329966,0.00000000e+00,0.000000,0.000000,0.000000e+00,4.27843806e-16,0.009503
2170,0.288656,0.326755,0.00000000e+00,0.000000,0.000000,0.000000e+00,3.81418301e-16,0.008472
2171,0.729945,0.162705,0.00000000e+00,0.000000,0.000000,0.000000e+00,9.45895854e-17,0.002101
2172,0.246235,0.155571,0.00000000e+00,0.000000,0.000000,0.000000e+00,4.91699079e-16,0.010922
2173,0.157154,0.254748,0.00000000e+00,0.000000,0.000000,0.000000e+00,8.63520047e-17,0.001918
2174,0.821326,0.750479,0.00000000e+00,0.000000,0.000000,0.000000e+00,7.48223444e-17,0.001662
2175,0.832321,0.711671,0.00000000e+00,0.000000,0.000000,0.000000e+00,1.07955037e-16,0.002398
2176,0.770677,0.834501,0.00000000e+00,0.000000,0.000000,0.000000e+00,6.13852850e-17,0.001363
2177,0.770677,0.834501,0.00000000e+00,0.000000,0.000000,0.000000e+00,9.76620121e-17,0.002169
2178,0.816948,0.236327,0.00000000e+00,0.000000,0.000000,0.000000e+00,3.28582377e-17,0.000730
2179,0.831834,0.227480,0.00000000e+00,0.000000,0.000000,0.000000e+00,3.47458904e-17,0.000772
2180,0.288346,0.833376,0.00000000e+00,0.000000,0.000000,0.000000e+00,5.36742332e-16,0.011922
2181,0.621417,0.541526,0.00000000e+00,0.000000,0.000000,0.000000e+00,5.69332243e-16,0.012646
2182,0.581040,0.488971,0.00000000e+00,0.000000,0.000000,0.000000e+00,2.47362907e-15,0.054944
2183,0.518656,0.307624,0.00000000e+00,0.000000,0.000000,0.000000e+00,6.09477475e-16,0.013538
2184,0.535290,0.339832,0.00000000e+00,0.000000,0.000000,0.000000e+00,4.46449997e-16,0.009917
2185,0.596365,0.389183,0.00000000e+00,0.000000,0.000000,0.000000e+00,5.66226067e-16,0.012577
2186,0.401939,0.156323,0.00000000e+00,0.000000,0.000000,0.000000e+00,8.16247535e-16,0.018131
2187,0.841056,0.397747,0.00000000e+00,0.000000,0.000000,0.000000e+00,1.52048158e-16,0.003377
2188,0.850570,0.376327,0.00000000e+00,0.000000,0.000000,0.000000e+00,1.66838875e-16,0.003706
2189,0.596799,0.841586,0.00000000e+00,0.000000,0.000000,0.000000e+00,4.20204098e-16,0.009334
2190,0.844376,0.299059,0.00000000e+00,0.000000,0.000000,0.000000e+00,1.50635532e-16,0.003346
2191,0.813548,0.336035,0.00000000e+00,0.000000,0.000000,0.000000e+00,1.81264614e-16,0.004026
2192,0.310554,0.706045,0.00000000e+00,0.000000,0.000000,0.000000e+00,6.46358348e-16,0.014357
2193,0.296779,0.658691,0.00000000e+00,0.000000,0.000000,0.000000e+00,5.84769312e-16,0.012989
2194,0.181950,0.814623,0.00000000e+00,0.000000,0.000000,0.000000e+00,1.90663027e-16,0.004235
2195,0.198855,0.826307,0.00000000e+00,0.000000,0.000000,0.000000e+00,2.44419668e-16,0.005429
2196,0.702368,0.845491,0.00000000e+00,0.000000,0.000000,0.000000e+00,8.86468816e-17,0.001969
2197,0.188834,0.321549,0.00000000e+00,0.000000,0.000000,0.000000e+00,2.66514232e-16,0.005920
2198,0.211953,0.337663,0.00000000e+00,0.000000,0.000000,0.000000e+00,2.89843928e-16,0.006438
2199,0.307401,0.195154,0.00000000e+00,0.000000,0.000000,0.000000e+00,6.41744030e-16,0.014254
2200,0.204238,0.191247,0.00000000e+00,0.000000,0.000000,0.000000e+00,3.82120756e-16,0.008488
2201,0.212266,0.702637,0.00000000e+00,0.000000,0.000000,0.000000e+00,3.02622002e-16,0.006722
2202,0.820124,0.174659,0.00000000e+00,0.000000,0.000000,0.000000e+00,6.25912416e-17,0.001390
2203,0.350615,0.685141,0.00000000e+00,0.000000,0.000000,0.000000e+00,6.41079004e-16,0.014240
2204,0.370270,0.192359,0.00000000e+00,0.000000,0.000000,0.000000e+00,2.48287168e-16,0.005515
2205,0.355993,0.172785,0.00000000e+00,0.000000,0.000000,0.000000e+00,6.36657968e-16,0.014141
2206,0.644417,0.826042,0.00000000e+00,0.000000,0.000000,0.000000e+00,1.04980787e-16,0.002332
2207,0.473568,0.359526,0.00000000e+00,0.000000,0.000000,0.000000e+00,1.21844334e-15,0.027064
2208,0.525472,0.060703,0.00000000e+00,0.000000,0.000000,0.000000e+00,5.77052948e-16,0.012818
2209,0.531345,0.681733,0.00000000e+00,0.000000,0.000000,0.000000e+00,4.41678898e-16,0.009811
2210,0.262165,0.834443,0.00000000e+00,0.000000,0.000000,0.000000e+00,5.46919168e-16,0.012148
2211,0.823376,0.249491,0.00000000e+00,0.000000,0.000000,0.000000e+00,4.71002894e-17,0.001046
2212,0.260325,0.674844,0.00000000e+00,0.000000,0.000000,0.000000e+00,2.97114912e-16,0.006600
2213,0.232700,0.168338,0.00000000e+00,0.000000,0.000000,0.000000e+00,4.74148503e-16,0.010532
2214,0.736964,0.829050,0.00000000e+00,0.000000,0.000000,0.000000e+00,4.62242985e-17,0.001027
2215,0.833398,0.738557,0.00000000e+00,0.000000,0.000000,0.000000e+00,9.04251413e-17,0.002009
2216,0.269639,0.799190,0.00000000e+00,0.000000,0.000000,0.000000e+00,4.65400400e-16,0.010338
2217,0.259154,0.690530,0.00000000e+00,0.000000,0.000000,0.000000e+00,2.28471679e-16,0.005075
2218,0.823219,0.280666,0.00000000e+00,0.000000,0.000000,0.000000e+00,6.79836055e-17,0.001510
2219,0.193062,0.273428,0.00000000e+00,0.000000,0.000000,0.000000e+00,2.37256920e-16,0.005270
2220,0.171447,0.297739,0.00000000e+00,0.000000,0.000000,0.000000e+00,7.09973553e-17,0.001577
2221,0.244144,0.181867,0.00000000e+00,0.000000,0.000000,0.000000e+00,4.72096778e-16,0.010486
2222,0.235206,0.353890,0.00000000e+00,0.000000,0.000000,0.000000e+00,3.66965087e-16,0.008151
2223,0.822010,0.212809,0.00000000e+00,0.000000,0.000000,0.000000e+00,4.14455008e-17,0.000921
2224,0.803230,0.244467,0.00000000e+00,0.000000,0.000000,0.000000e+00,6.48386317e-17,0.001440
2225,0.221221,0.824653,0.00000000e+00,0.000000,0.000000,0.000000e+00,1.32650614e-16,0.002946
2226,0.221221,0.824653,0.00000000e+00,0.000000,0.000000,0.000000e+00,1.27038637e-16,0.002822
2227,0.243977,0.676006,0.00000000e+00,0.000000,0.000000,0.000000e+00,2.36780199e-16,0.005259
2228,0.212016,0.228190,0.00000000e+00,0.000000,0.000000,0.000000e+00,2.44162462e-16,0.005423
2229,0.158469,0.229391,0.00000000e+00,0.000000,0.000000,0.000000e+00,1.09588435e-16,0.002434
2230,0.232700,0.168338,0.00000000e+00,0.000000,0.000000,0.000000e+00,4.35680528e-16,0.009677
2231,0.819713,0.782939,0.00000000e+00,0.000000,0.000000,0.000000e+00,6.76727444e-17,0.001503
2232,0.819713,0.782939,0.00000000e+00,0.000000,0.000000,0.000000e+00,7.71954329e-17,0.001715
2233,0.721170,0.827349,0.00000000e+00,0.000000,0.000000,0.000000e+00,7.20214248e-17,0.001600
2234,0.803067,0.716242,0.00000000e+00,0.000000,0.000000,0.000000e+00,1.03314554e-16,0.002295
2235,0.197987,0.769131,0.00000000e+00,0.000000,0.000000,0.000000e+00,2.53043787e-16,0.005621
2236,0.151797,0.767393,0.00000000e+00,0.000000,0.000000,0.000000e+00,1.30114478e-16,0.002890
2237,0.733419,0.180205,0.00000000e+00,0.000000,0.000000,0.000000e+00,7.54590948e-17,0.001676
2238,0.783087,0.172567,0.00000000e+00,0.000000,0.000000,0.000000e+00,5.37919357e-17,0.001195
2239,0.752192,0.194710,0.00000000e+00,0.000000,0.000000,0.000000e+00,6.02903493e-17,0.001339
2240,0.147258,0.733108,0.00000000e+00,0.000000,0.000000,0.000000e+00,3.11119860e-16,0.006911
2241,0.362331,0.348476,0.00000000e+00,0.000000,0.000000,0.000000e+00,1.04283562e-15,0.023164
2242,0.639041,0.149613,0.00000000e+00,0.000000,0.000000,0.000000e+00,2.62268982e-16,0.005826
2243,0.843550,0.597498,0.00000000e+00,0.000000,0.000000,0.000000e+00,4.03778753e-17,0.000897
2244,0.366686,0.316151,0.00000000e+00,0.000000,0.000000,0.000000e+00,5.27710844e-16,0.011722
2245,0.662712,0.169050,0.00000000e+00,0.000000,0.000000,0.000000e+00,1.87675277e-16,0.004169
2246,0.643185,0.177348,0.00000000e+00,0.000000,0.000000,0.000000e+00,2.25424875e-16,0.005007
2247,0.831050,0.620429,0.00000000e+00,0.000000,0.000000,0.000000e+00,7.61233605e-17,0.001691
2248,0.819770,0.644943,0.00000000e+00,0.000000,0.000000,0.000000e+00,1.01025626e-16,0.002244
2249,0.351291,0.821569,0.00000000e+00,0.000000,0.000000,0.000000e+00,6.71020930e-16,0.014905
2250,0.351291,0.821569,0.00000000e+00,0.000000,0.000000,0.000000e+00,6.69174610e-16,0.014864
2251,0.859083,0.549619,0.00000000e+00,0.000000,0.000000,0.000000e+00,5.39078370e-17,0.001197
2252,0.587821,0.408558,0.00000000e+00,0.000000,0.000000,0.000000e+00,8.10764161e-16,0.018009
2253,0.528299,0.694925,0.00000000e+00,0.000000,0.000000,0.000000e+00,3.08331878e-16,0.006849
2254,0.496577,0.664221,0.00000000e+00,0.000000,0.000000,0.000000e+00,3.70188206e-16,0.008223
2255,0.537348,0.358564,0.00000000e+00,0.000000,0.000000,0.000000e+00,6.22599974e-16,0.013829
2256,0.490694,0.111928,0.00000000e+00,0.000000,0.000000,0.000000e+00,5.48042599e-16,0.012173
2257,0.469686,0.866469,0.00000000e+00,0.000000,0.000000,0.000000e+00,4.32169709e-16,0.009599
2258,0.477239,0.879311,0.00000000e+00,0.000000,0.000000,0.000000e+00,5.70265196e-16,0.012667
2259,0.902026,0.462381,0.00000000e+00,0.000000,0.000000,0.000000e+00,1.37292116e-16,0.003050
2260,0.863245,0.432784,0.00000000e+00,0.000000,0.000000,0.000000e+00,7.62723589e-17,0.001694
2261,0.386653,0.188802,0.00000000e+00,0.000000,0.000000,0.000000e+00,4.60534407e-16,0.010229
2262,0.615441,0.801406,0.00000000e+00,0.000000,0.000000,0.000000e+00,3.24151250e-16,0.007200
2263,0.630679,0.825973,0.00000000e+00,0.000000,0.000000,0.000000e+00,3.08447842e-16,0.006851
2264,0.818184,0.384793,0.00000000e+00,0.000000,0.000000,0.000000e+00,1.68383188e-16,0.003740
2265,0.823419,0.398894,0.00000000e+00,0.000000,0.000000,0.000000e+00,7.41993847e-17,0.001648
2266,0.577980,0.370355,0.00000000e+00,0.000000,0.000000,0.000000e+00,3.83244319e-16,0.008513
2267,0.628160,0.499380,0.00000000e+00,0.000000,0.000000,0.000000e+00,4.77118836e-16,0.010598
2268,0.657804,0.481303,0.00000000e+00,0.000000,0.000000,0.000000e+00,3.71045509e-16,0.008242
2269,0.598415,0.623699,0.00000000e+00,0.000000,0.000000,0.000000e+00,6.58376264e-16,0.014624
2270,0.578457,0.608893,0.00000000e+00,0.000000,0.000000,0.000000e+00,6.66940878e-16,0.014814
2271,0.625975,0.560049,0.00000000e+00,0.000000,0.000000,0.000000e+00,4.07337986e-16,0.009048
2272,0.610933,0.563315,0.00000000e+00,0.000000,0.000000,0.000000e+00,3.06015348e-16,0.006797
2273,0.449338,0.361959,0.00000000e+00,0.000000,0.000000,0.000000e+00,7.98141147e-16,0.017728
2274,0.439523,0.347567,0.00000000e+00,0.000000,0.000000,0.000000e+00,7.83326858e-16,0.017399
2275,0.486167,0.896102,0.00000000e+00,0.000000,0.000000,0.000000e+00,6.66818323e-16,0.014811
2276,0.516798,0.953890,0.00000000e+00,0.000000,0.000000,0.000000e+00,3.09335771e-16,0.006871
2277,0.475210,0.042401,0.00000000e+00,0.000000,0.000000,0.000000e+00,2.45906582e-16,0.005462
2278,0.498408,0.085616,0.00000000e+00,0.000000,0.000000,0.000000e+00,5.02319549e-16,0.011158
2279,0.512687,0.073837,0.00000000e+00,0.000000,0.000000,0.000000e+00,4.80255770e-16,0.010667
2280,0.556600,0.860588,0.00000000e+00,0.000000,0.000000,0.000000e+00,5.74103526e-16,0.012752
2281,0.569368,0.844116,0.00000000e+00,0.000000,0.000000,0.000000e+00,5.18410739e-16,0.011515
2282,0.458099,0.167371,0.00000000e+00,0.000000,0.000000,0.000000e+00,3.41284186e-16,0.007581
2283,0.791833,0.839153,0.00000000e+00,0.000000,0.000000,0.000000e+00,9.53397058e-17,0.002118
2284,0.227153,0.679531,0.00000000e+00,0.000000,0.000000,0.000000e+00,3.30058352e-16,0.007331
2285,0.170729,0.800919,0.00000000e+00,0.000000,0.000000,0.000000e+00,1.52876146e-16,0.003396
2286,0.208792,0.168694,0.00000000e+00,0.000000,0.000000,0.000000e+00,3.49963335e-16,0.007773
2287,0.799414,0.291704,0.00000000e+00,0.000000,0.000000,0.000000e+00,1.87965518e-16,0.004175
2288,0.293170,0.186286,0.00000000e+00,0.000000,0.000000,0.000000e+00,5.84174113e-16,0.012976
2289,0.813345,0.765608,0.00000000e+00,0.000000,0.000000,0.000000e+00,7.91411801e-17,0.001758
2290,0.810143,0.806729,0.00000000e+00,0.000000,0.000000,0.000000e+00,5.65071693e-17,0.001255
2291,0.164351,0.707441,0.00000000e+00,0.000000,0.000000,0.000000e+00,3.59219447e-16,0.007979
2292,0.766572,0.175196,0.00000000e+00,0.000000,0.000000,0.000000e+00,5.36436421e-17,0.001192
2293,0.221221,0.824653,0.00000000e+00,0.000000,0.000000,0.000000e+00,3.67767068e-16,0.008169
2294,0.184880,0.228592,0.00000000e+00,0.000000,0.000000,0.000000e+00,2.41567841e-16,0.005366
2295,0.277189,0.676466,0.00000000e+00,0.000000,0.000000,0.000000e+00,2.64224755e-16,0.005869
2296,0.282231,0.198114,0.00000000e+00,0.000000,0.000000,0.000000e+00,5.03953634e-16,0.011194
2297,0.349490,0.724977,0.00000000e+00,0.000000,0.000000,0.000000e+00,5.83889086e-16,0.012969
2298,0.793045,0.341565,0.00000000e+00,0.000000,0.000000,0.000000e+00,1.23444279e-16,0.002742
2299,0.378436,0.163767,0.00000000e+00,0.000000,0.000000,0.000000e+00,5.43057175e-16,0.012062
2300,0.347638,0.213680,0.00000000e+00,0.000000,0.000000,0.000000e+00,4.65646516e-16,0.010343
2301,0.470387,0.107712,0.00000000e+00,0.000000,0.000000,0.000000e+00,4.22755150e-16,0.009390
2302,0.599381,0.366782,0.00000000e+00,0.000000,0.000000,0.000000e+00,5.59646421e-16,0.012431
2303,0.456544,0.867829,0.00000000e+00,0.000000,0.000000,0.000000e+00,2.96397739e-16,0.006584
2304,0.548275,0.306970,0.00000000e+00,0.000000,0.000000,0.000000e+00,3.53708412e-16,0.007857
2305,0.535290,0.339832,0.00000000e+00,0.000000,0.000000,0.000000e+00,4.67912806e-16,0.010393
2306,0.872221,0.454744,0.00000000e+00,0.000000,0.000000,0.000000e+00,6.51116344e-17,0.001446
2307,0.306243,0.321668,0.00000000e+00,0.000000,0.000000,0.000000e+00,2.96802012e-16,0.006593
2308,0.284590,0.309617,0.00000000e+00,0.000000,0.000000,0.000000e+00,2.91031177e-16,0.006464
2309,0.304033,0.814724,0.00000000e+00,0.000000,0.000000,0.000000e+00,4.72689489e-16,0.010499
2310,0.288346,0.833376,0.00000000e+00,0.000000,0.000000,0.000000e+00,6.03177879e-16,0.013398
2311,0.188834,0.321549,0.00000000e+00,0.000000,0.000000,0.000000e+00,2.77267236e-16,0.006159
2312,0.804227,0.184245,0.00000000e+00,0.000000,0.000000,0.000000e+00,7.20728556e-17,0.001601
2313,0.204238,0.191247,0.00000000e+00,0.000000,0.000000,0.000000e+00,3.39622439e-16,0.007544
2314,0.813367,0.694658,0.00000000e+00,0.000000,0.000000,0.000000e+00,7.08942357e-17,0.001575
2315,0.832321,0.711671,0.00000000e+00,0.000000,0.000000,0.000000e+00,1.67565140e-16,0.003722
2316,0.810143,0.806729,0.00000000e+00,0.000000,0.000000,0.000000e+00,7.75642893e-17,0.001723
2317,0.762988,0.823614,0.00000000e+00,0.000000,0.000000,0.000000e+00,1.20314704e-16,0.002672
2318,0.160845,0.787887,0.00000000e+00,0.000000,0.000000,0.000000e+00,7.18688728e-17,0.001596
2319,0.697001,0.172097,0.00000000e+00,0.000000,0.000000,0.000000e+00,1.95519305e-16,0.004343
2320,0.341665,0.304368,0.00000000e+00,0.000000,0.000000,0.000000e+00,8.17020982e-16,0.018148
2321,0.673054,0.204232,0.00000000e+00,0.000000,0.000000,0.000000e+00,2.27541690e-16,0.005054
2322,0.776974,0.634919,0.00000000e+00,0.000000,0.000000,0.000000e+00,9.20065584e-17,0.002044
2323,0.340100,0.784223,0.00000000e+00,0.000000,0.000000,0.000000e+00,6.28901264e-16,0.013969
2324,0.848947,0.506200,0.00000000e+00,0.000000,0.000000,0.000000e+00,7.93708253e-17,0.001763
2325,0.872335,0.470213,0.00000000e+00,0.000000,0.000000,0.000000e+00,1.05235565e-16,0.002337
2326,0.859083,0.549619,0.00000000e+00,0.000000,0.000000,0.000000e+00,4.35837627e-17,0.000968
2327,0.893936,0.449307,0.00000000e+00,0.000000,0.000000,0.000000e+00,1.86475892e-16,0.004142
2328,0.831733,0.463681,0.00000000e+00,0.000000,0.000000,0.000000e+00,1.72273214e-16,0.003827
2329,0.381689,0.336689,0.00000000e+00,0.000000,0.000000,0.000000e+00,1.09380943e-15,0.024296
2330,0.628909,0.167054,0.00000000e+00,0.000000,0.000000,0.000000e+00,3.68153633e-16,0.008177
2331,0.621417,0.541526,0.00000000e+00,0.000000,0.000000,0.000000e+00,4.42359039e-16,0.009826
2332,0.452042,0.334231,0.00000000e+00,0.000000,0.000000,0.000000e+00,1.25440910e-15,0.027863
2333,0.595139,0.605432,0.00000000e+00,0.000000,0.000000,0.000000e+00,8.85502643e-16,0.019669
2334,0.516051,0.873920,0.00000000e+00,0.000000,0.000000,0.000000e+00,5.89833510e-16,0.013101
2335,0.683467,0.804877,0.00000000e+00,0.000000,0.000000,0.000000e+00,9.33915830e-17,0.002074
2336,0.680417,0.787387,0.00000000e+00,0.000000,0.000000,0.000000e+00,8.33235575e-17,0.001851
2337,0.194956,0.666565,0.00000000e+00,0.000000,0.000000,0.000000e+00,2.85634624e-16,0.006345
2338,0.822010,0.212809,0.00000000e+00,0.000000,0.000000,0.000000e+00,3.94818600e-17,0.000877
2339,0.802105,0.317679,0.00000000e+00,0.000000,0.000000,0.000000e+00,1.95671625e-16,0.004346
2340,0.785853,0.327589,0.00000000e+00,0.000000,0.000000,0.000000e+00,1.95343890e-16,0.004339
2341,0.389917,0.673291,0.00000000e+00,0.000000,0.000000,0.000000e+00,4.19772456e-16,0.009324
2342,0.793045,0.341565,0.00000000e+00,0.000000,0.000000,0.000000e+00,1.27782226e-16,0.002838
2343,0.662473,0.787905,0.00000000e+00,0.000000,0.000000,0.000000e+00,1.80989924e-16,0.004020
2344,0.638654,0.376742,0.00000000e+00,0.000000,0.000000,0.000000e+00,2.17112186e-16,0.004823
2345,0.632996,0.414458,0.00000000e+00,0.000000,0.000000,0.000000e+00,3.49214294e-16,0.007757
2346,0.872785,0.608456,0.00000000e+00,0.000000,0.000000,0.000000e+00,2.67030545e-17,0.000593
2347,0.548275,0.306970,0.00000000e+00,0.000000,0.000000,0.000000e+00,4.56242756e-16,0.010134
2348,0.516051,0.873920,0.00000000e+00,0.000000,0.000000,0.000000e+00,5.98961879e-16,0.013304
2349,0.483150,0.097042,0.00000000e+00,0.000000,0.000000,0.000000e+00,5.51881087e-16,0.012258
2350,0.490694,0.111928,0.00000000e+00,0.000000,0.000000,0.000000e+00,3.96225125e-16,0.008801
2351,0.577217,0.628220,0.00000000e+00,0.000000,0.000000,0.000000e+00,5.69762853e-16,0.012656
2352,0.573647,0.658994,0.00000000e+00,0.000000,0.000000,0.000000e+00,7.37657912e-16,0.016385
2353,0.631693,0.345075,0.00000000e+00,0.000000,0.000000,0.000000e+00,1.85440883e-16,0.004119
2354,0.831050,0.620429,0.00000000e+00,0.000000,0.000000,0.000000e+00,5.33765753e-17,0.001186
2355,0.479956,0.981770,0.00000000e+00,0.000000,0.000000,0.000000e+00,2.55223283e-16,0.005669
2356,0.517774,0.021052,0.00000000e+00,0.000000,0.000000,0.000000e+00,2.63918817e-16,0.005862
2357,0.806496,0.440666,0.00000000e+00,0.000000,0.000000,0.000000e+00,9.91081554e-17,0.002201
2358,0.776260,0.406316,0.00000000e+00,0.000000,0.000000,0.000000e+00,1.82960242e-16,0.004064
2359,0.424712,0.189352,0.00000000e+00,0.000000,0.000000,0.000000e+00,3.40250488e-16,0.007558
2360,0.625975,0.560049,0.00000000e+00,0.000000,0.000000,0.000000e+00,4.95071435e-16,0.010997
2361,0.248111,0.313746,0.00000000e+00,0.000000,0.000000,0.000000e+00,3.26648701e-16,0.007256
2362,0.282714,0.292290,0.00000000e+00,0.000000,0.000000,0.000000e+00,4.10624394e-16,0.009121
2363,0.808031,0.258566,0.00000000e+00,0.000000,0.000000,0.000000e+00,8.47584048e-17,0.001883
2364,0.770145,0.212107,0.00000000e+00,0.000000,0.000000,0.000000e+00,6.00162085e-17,0.001333
2365,0.222702,0.239516,0.00000000e+00,0.000000,0.000000,0.000000e+00,3.34533068e-16,0.007431
2366,0.737430,0.816596,0.00000000e+00,0.000000,0.000000,0.000000e+00,1.02542351e-16,0.002278
2367,0.757813,0.787802,0.00000000e+00,0.000000,0.000000,0.000000e+00,9.77016440e-17,0.002170
2368,0.777203,0.729205,0.00000000e+00,0.000000,0.000000,0.000000e+00,5.64654662e-17,0.001254
2369,0.220354,0.769771,0.00000000e+00,0.000000,0.000000,0.000000e+00,2.31431609e-16,0.005141
2370,0.764255,0.157072,0.00000000e+00,0.000000,0.000000,0.000000e+00,7.53201351e-17,0.001673
2371,0.739359,0.209579,0.00000000e+00,0.000000,0.000000,0.000000e+00,1.26688124e-16,0.002814
2372,0.408911,0.360257,0.00000000e+00,0.000000,0.000000,0.000000e+00,7.57480971e-16,0.016825
2373,0.391172,0.870471,0.00000000e+00,0.000000,0.000000,0.000000e+00,6.46847669e-16,0.014368
2374,0.594374,0.168105,0.00000000e+00,0.000000,0.000000,0.000000e+00,2.19686518e-16,0.004880
2375,0.465581,0.320528,0.00000000e+00,0.000000,0.000000,0.000000e+00,1.28605796e-15,0.028566
2376,0.452042,0.334231,0.00000000e+00,0.000000,0.000000,0.000000e+00,1.18860227e-15,0.026401
2377,0.639682,0.538534,0.00000000e+00,0.000000,0.000000,0.000000e+00,3.68030230e-16,0.008175
2378,0.455678,0.850136,0.00000000e+00,0.000000,0.000000,0.000000e+00,2.95199770e-16,0.006557
2379,0.538257,0.114015,0.00000000e+00,0.000000,0.000000,0.000000e+00,5.18882801e-16,0.011525
2380,0.638321,0.359569,0.00000000e+00,0.000000,0.000000,0.000000e+00,3.12321641e-16,0.006937
2381,0.282714,0.292290,0.00000000e+00,0.000000,0.000000,0.000000e+00,2.90609275e-16,0.006455
2382,0.300539,0.306117,0.00000000e+00,0.000000,0.000000,0.000000e+00,2.65091269e-16,0.005888
2383,0.286458,0.785101,0.00000000e+00,0.000000,0.000000,0.000000e+00,3.33717376e-16,0.007413
2384,0.202789,0.296550,0.00000000e+00,0.000000,0.000000,0.000000e+00,2.04539729e-16,0.004543
2385,0.807426,0.223065,0.00000000e+00,0.000000,0.000000,0.000000e+00,7.45241028e-17,0.001655
2386,0.783288,0.711026,0.00000000e+00,0.000000,0.000000,0.000000e+00,1.06485032e-16,0.002365
2387,0.702771,0.189217,0.00000000e+00,0.000000,0.000000,0.000000e+00,1.33851984e-16,0.002973
2388,0.197987,0.769131,0.00000000e+00,0.000000,0.000000,0.000000e+00,2.42546085e-16,0.005387
2389,0.736604,0.196407,0.00000000e+00,0.000000,0.000000,0.000000e+00,1.05698158e-16,0.002348
2390,0.864429,0.503481,0.00000000e+00,0.000000,0.000000,0.000000e+00,6.05071104e-17,0.001344
2391,0.516055,0.698376,0.00000000e+00,0.000000,0.000000,0.000000e+00,2.76601229e-16,0.006144
2392,0.461832,0.690903,0.00000000e+00,0.000000,0.000000,0.000000e+00,5.91032803e-16,0.013128
2393,0.454623,0.672647,0.00000000e+00,0.000000,0.000000,0.000000e+00,1.06876034e-15,0.023739
2394,0.657804,0.481303,0.00000000e+00,0.000000,0.000000,0.000000e+00,1.09648395e-16,0.002436
2395,0.599349,0.638757,0.00000000e+00,0.000000,0.000000,0.000000e+00,2.26885928e-16,0.005040
2396,0.499711,0.124868,0.00000000e+00,0.000000,0.000000,0.000000e+00,7.12772561e-16,0.015832
2397,0.605357,0.320594,0.00000000e+00,0.000000,0.000000,0.000000e+00,4.29055407e-16,0.009530
2398,0.794595,0.452185,0.00000000e+00,0.000000,0.000000,0.000000e+00,1.25672108e-16,0.002791
2399,0.777563,0.373543,0.00000000e+00,0.000000,0.000000,0.000000e+00,1.15709028e-16,0.002570
2400,0.442507,0.186980,0.00000000e+00,0.000000,0.000000,0.000000e+00,2.98934471e-16,0.006640
2401,0.583039,0.826644,0.00000000e+00,0.000000,0.000000,0.000000e+00,5.86085654e-16,0.013018
2402,0.672773,0.570975,0.00000000e+00,0.000000,0.000000,0.000000e+00,4.80268687e-16,0.010668
2403,0.237932,0.781699,0.00000000e+00,0.000000,0.000000,0.000000e+00,3.97532309e-16,0.008830
2404,0.277189,0.676466,0.00000000e+00,0.000000,0.000000,0.000000e+00,3.16504846e-16,0.007030
2405,0.804261,0.275639,0.00000000e+00,0.000000,0.000000,0.000000e+00,1.32827736e-16,0.002950
2406,0.726502,0.809878,0.00000000e+00,0.000000,0.000000,0.000000e+00,1.71483898e-16,0.003809
2407,0.385026,0.693113,0.00000000e+00,0.000000,0.000000,0.000000e+00,4.75271669e-16,0.010557
2408,0.364862,0.707322,0.00000000e+00,0.000000,0.000000,0.000000e+00,4.12072794e-16,0.009153
2409,0.468288,0.299391,0.00000000e+00,0.000000,0.000000,0.000000e+00,1.12064142e-15,0.024892
2410,0.506521,0.299073,0.00000000e+00,0.000000,0.000000,0.000000e+00,1.06944993e-15,0.023755
2411,0.663203,0.614279,0.00000000e+00,0.000000,0.000000,0.000000e+00,4.24831889e-16,0.009436
2412,0.627340,0.577102,0.00000000e+00,0.000000,0.000000,0.000000e+00,4.09667776e-16,0.009100
2413,0.784736,0.271294,0.00000000e+00,0.000000,0.000000,0.000000e+00,1.10847688e-16,0.002462
2414,0.219120,0.806675,0.00000000e+00,0.000000,0.000000,0.000000e+00,1.18800288e-16,0.002639
2415,0.269208,0.210819,0.00000000e+00,0.000000,0.000000,0.000000e+00,6.03856564e-16,0.013413
2416,0.215062,0.204545,0.00000000e+00,0.000000,0.000000,0.000000e+00,3.41162928e-16,0.007578
2417,0.193674,0.726802,0.00000000e+00,0.000000,0.000000,0.000000e+00,3.22200533e-16,0.007157
2418,0.228054,0.315623,0.00000000e+00,0.000000,0.000000,0.000000e+00,3.19502919e-16,0.007097
2419,0.583600,0.308111,0.00000000e+00,0.000000,0.000000,0.000000e+00,5.42741443e-16,0.012055
2420,0.587814,0.326527,0.00000000e+00,0.000000,0.000000,0.000000e+00,4.94931780e-16,0.010993
2421,0.836452,0.580737,0.00000000e+00,0.000000,0.000000,0.000000e+00,4.56507315e-17,0.001014
2422,0.823617,0.602065,0.00000000e+00,0.000000,0.000000,0.000000e+00,5.97794826e-17,0.001328
2423,0.539406,0.271950,0.00000000e+00,0.000000,0.000000,0.000000e+00,8.73765148e-16,0.019408
2424,0.534518,0.300949,0.00000000e+00,0.000000,0.000000,0.000000e+00,8.30560433e-16,0.018448
2425,0.831733,0.463681,0.00000000e+00,0.000000,0.000000,0.000000e+00,1.97856984e-16,0.004395
2426,0.574571,0.687093,0.00000000e+00,0.000000,0.000000,0.000000e+00,3.29013484e-16,0.007308
2427,0.561931,0.701036,0.00000000e+00,0.000000,0.000000,0.000000e+00,4.79860629e-16,0.010659
2428,0.577217,0.628220,0.00000000e+00,0.000000,0.000000,0.000000e+00,6.92396018e-16,0.015380
2429,0.577319,0.290513,0.00000000e+00,0.000000,0.000000,0.000000e+00,6.11502254e-16,0.013583
2430,0.429045,0.669544,0.00000000e+00,0.000000,0.000000,0.000000e+00,6.56864627e-16,0.014590
2431,0.399733,0.714506,0.00000000e+00,0.000000,0.000000,0.000000e+00,4.14067186e-16,0.009197
2432,0.509541,0.269759,0.00000000e+00,0.000000,0.000000,0.000000e+00,9.65234383e-16,0.021440
2433,0.657074,0.396582,0.00000000e+00,0.000000,0.000000,0.000000e+00,1.58232716e-16,0.003515
2434,0.911532,0.491425,0.00000000e+00,0.000000,0.000000,0.000000e+00,1.07110995e-16,0.002379
2435,0.891556,0.481563,0.00000000e+00,0.000000,0.000000,0.000000e+00,8.99457338e-17,0.001998
2436,0.295689,0.293745,0.00000000e+00,0.000000,0.000000,0.000000e+00,3.10488053e-16,0.006897
2437,0.305825,0.767113,0.00000000e+00,0.000000,0.000000,0.000000e+00,3.05952245e-16,0.006796
2438,0.766316,0.690929,0.00000000e+00,0.000000,0.000000,0.000000e+00,8.58164151e-17,0.001906
2439,0.785967,0.672957,0.00000000e+00,0.000000,0.000000,0.000000e+00,8.35286916e-17,0.001855
2440,0.708817,0.204809,0.00000000e+00,0.000000,0.000000,0.000000e+00,1.71407003e-16,0.003807
2441,0.844973,0.552982,0.00000000e+00,0.000000,0.000000,0.000000e+00,4.25787614e-17,0.000946
2442,0.824044,0.487123,0.00000000e+00,0.000000,0.000000,0.000000e+00,1.55182815e-16,0.003447
2443,0.614674,0.579891,0.00000000e+00,0.000000,0.000000,0.000000e+00,4.36996632e-16,0.009707
2444,0.845800,0.418297,0.00000000e+00,0.000000,0.000000,0.000000e+00,4.33586339e-17,0.000963
2445,0.442507,0.186980,0.00000000e+00,0.000000,0.000000,0.000000e+00,2.98402243e-16,0.006628
2446,0.844973,0.552982,0.00000000e+00,0.000000,0.000000,0.000000e+00,7.04899561e-17,0.001566
2447,0.852522,0.576974,0.00000000e+00,0.000000,0.000000,0.000000e+00,1.25533843e-16,0.002788
2448,0.776247,0.780919,0.00000000e+00,0.000000,0.000000,0.000000e+00,7.98415109e-17,0.001773
2449,0.725888,0.753880,0.00000000e+00,0.000000,0.000000,0.000000e+00,1.51122854e-16,0.003357
2450,0.740527,0.796955,0.00000000e+00,0.000000,0.000000,0.000000e+00,1.45561990e-16,0.003233
2451,0.275388,0.738498,0.00000000e+00,0.000000,0.000000,0.000000e+00,2.89980591e-16,0.006441
2452,0.767203,0.231367,0.00000000e+00,0.000000,0.000000,0.000000e+00,6.83130087e-17,0.001517
2453,0.254373,0.730286,0.00000000e+00,0.000000,0.000000,0.000000e+00,3.74914597e-16,0.008328
2454,0.193674,0.726802,0.00000000e+00,0.000000,0.000000,0.000000e+00,3.44743865e-16,0.007657
2455,0.241846,0.207411,0.00000000e+00,0.000000,0.000000,0.000000e+00,3.80840333e-16,0.008459
2456,0.222702,0.239516,0.00000000e+00,0.000000,0.000000,0.000000e+00,2.27773512e-16,0.005059
2457,0.268170,0.241738,0.00000000e+00,0.000000,0.000000,0.000000e+00,5.68114209e-16,0.012619
2458,0.246476,0.295936,0.00000000e+00,0.000000,0.000000,0.000000e+00,2.89786409e-16,0.006437
2459,0.639682,0.538534,0.00000000e+00,0.000000,0.000000,0.000000e+00,3.81275682e-16,0.008469
2460,0.672773,0.570975,0.00000000e+00,0.000000,0.000000,0.000000e+00,2.19483217e-16,0.004875
2461,0.490500,0.869149,0.00000000e+00,0.000000,0.000000,0.000000e+00,7.19233728e-16,0.015976
2462,0.518963,0.844641,0.00000000e+00,0.000000,0.000000,0.000000e+00,6.65296576e-16,0.014778
2463,0.481049,0.827204,0.00000000e+00,0.000000,0.000000,0.000000e+00,7.25721947e-16,0.016120
2464,0.481049,0.827204,0.00000000e+00,0.000000,0.000000,0.000000e+00,5.12034964e-16,0.011373
2465,0.539489,0.157473,0.00000000e+00,0.000000,0.000000,0.000000e+00,4.98807591e-16,0.011080
2466,0.497200,0.150256,0.00000000e+00,0.000000,0.000000,0.000000e+00,5.23240045e-16,0.011622
2467,0.446326,0.696319,0.00000000e+00,0.000000,0.000000,0.000000e+00,6.87065322e-16,0.015261
2468,0.501678,0.745998,0.00000000e+00,0.000000,0.000000,0.000000e+00,9.05990146e-16,0.020124
2469,0.465497,0.709824,0.00000000e+00,0.000000,0.000000,0.000000e+00,3.89907927e-16,0.008661
2470,0.307500,0.748388,0.00000000e+00,0.000000,0.000000,0.000000e+00,3.60505269e-16,0.008008
2471,0.708817,0.204809,0.00000000e+00,0.000000,0.000000,0.000000e+00,1.30558998e-16,0.002900
2472,0.680838,0.220679,0.00000000e+00,0.000000,0.000000,0.000000e+00,2.40535678e-16,0.005343
2473,0.317360,0.273162,0.00000000e+00,0.000000,0.000000,0.000000e+00,6.45669181e-16,0.014342
2474,0.315286,0.298426,0.00000000e+00,0.000000,0.000000,0.000000e+00,5.42357631e-16,0.012047
2475,0.575154,0.712574,0.00000000e+00,0.000000,0.000000,0.000000e+00,2.62993142e-16,0.005842
2476,0.537290,0.704133,0.00000000e+00,0.000000,0.000000,0.000000e+00,7.58719069e-16,0.016853
2477,0.550603,0.285959,0.00000000e+00,0.000000,0.000000,0.000000e+00,6.94079867e-16,0.015417
2478,0.562023,0.232098,0.00000000e+00,0.000000,0.000000,0.000000e+00,4.85539614e-16,0.010785
2479,0.600289,0.661370,0.00000000e+00,0.000000,0.000000,0.000000e+00,3.41623237e-16,0.007588
2480,0.555341,0.832865,0.00000000e+00,0.000000,0.000000,0.000000e+00,6.35084128e-16,0.014107
2481,0.544718,0.847531,0.00000000e+00,0.000000,0.000000,0.000000e+00,5.72347786e-16,0.012713
2482,0.461925,0.147987,0.00000000e+00,0.000000,0.000000,0.000000e+00,3.72064622e-16,0.008264
2483,0.679157,0.377515,0.00000000e+00,0.000000,0.000000,0.000000e+00,2.35970356e-16,0.005241
2484,0.864429,0.503481,0.00000000e+00,0.000000,0.000000,0.000000e+00,7.37884546e-17,0.001639
2485,0.824737,0.543517,0.00000000e+00,0.000000,0.000000,0.000000e+00,5.92044200e-17,0.001315
2486,0.824044,0.487123,0.00000000e+00,0.000000,0.000000,0.000000e+00,1.29225954e-16,0.002870
2487,0.809618,0.547079,0.00000000e+00,0.000000,0.000000,0.000000e+00,1.78891294e-16,0.003974
2488,0.734223,0.737516,0.00000000e+00,0.000000,0.000000,0.000000e+00,1.13624255e-16,0.002524
2489,0.753056,0.744118,0.00000000e+00,0.000000,0.000000,0.000000e+00,1.01948859e-16,0.002264
2490,0.239359,0.713460,0.00000000e+00,0.000000,0.000000,0.000000e+00,4.49097980e-16,0.009975
2491,0.310554,0.706045,0.00000000e+00,0.000000,0.000000,0.000000e+00,3.41255651e-16,0.007580
2492,0.275388,0.738498,0.00000000e+00,0.000000,0.000000,0.000000e+00,2.38672603e-16,0.005301
2493,0.733264,0.268230,0.00000000e+00,0.000000,0.000000,0.000000e+00,1.58117625e-16,0.003512
2494,0.253020,0.752737,0.00000000e+00,0.000000,0.000000,0.000000e+00,2.49544985e-16,0.005543
2495,0.763958,0.251988,0.00000000e+00,0.000000,0.000000,0.000000e+00,1.40251464e-16,0.003115
2496,0.254554,0.222743,0.00000000e+00,0.000000,0.000000,0.000000e+00,3.63101505e-16,0.008065
2497,0.313838,0.220325,0.00000000e+00,0.000000,0.000000,0.000000e+00,7.13029476e-16,0.015838
2498,0.265663,0.262728,0.00000000e+00,0.000000,0.000000,0.000000e+00,5.73272799e-16,0.012734
2499,0.226707,0.279788,0.00000000e+00,0.000000,0.000000,0.000000e+00,2.29678807e-16,0.005102
2500,0.226707,0.279788,0.00000000e+00,0.000000,0.000000,0.000000e+00,2.38430140e-16,0.005296
2501,0.622266,0.317745,0.00000000e+00,0.000000,0.000000,0.000000e+00,3.62387906e-16,0.008049
2502,0.624277,0.332221,0.00000000e+00,0.000000,0.000000,0.000000e+00,2.59313658e-16,0.005760
2503,0.439908,0.322113,0.00000000e+00,0.000000,0.000000,0.000000e+00,1.21635646e-15,0.027018
2504,0.680393,0.419231,0.00000000e+00,0.000000,0.000000,0.000000e+00,2.90918416e-16,0.006462
2505,0.443572,0.204445,0.00000000e+00,0.000000,0.000000,0.000000e+00,3.08665000e-16,0.006856
2506,0.807035,0.462421,0.00000000e+00,0.000000,0.000000,0.000000e+00,1.28907191e-16,0.002863
2507,0.817907,0.526465,0.00000000e+00,0.000000,0.000000,0.000000e+00,2.54816131e-17,0.000566
2508,0.356013,0.779345,0.00000000e+00,0.000000,0.000000,0.000000e+00,5.51985325e-16,0.012261
2509,0.361286,0.260766,0.00000000e+00,0.000000,0.000000,0.000000e+00,8.24668525e-16,0.018318
2510,0.641800,0.221858,0.00000000e+00,0.000000,0.000000,0.000000e+00,6.68876441e-17,0.001486
2511,0.661885,0.230546,0.00000000e+00,0.000000,0.000000,0.000000e+00,1.76538647e-16,0.003921
2512,0.254029,0.845614,0.00000000e+00,0.000000,0.000000,0.000000e+00,2.95463833e-16,0.006563
2513,0.856085,0.782350,0.00000000e+00,0.000000,0.000000,0.000000e+00,7.20297826e-17,0.001600
2514,0.850360,0.767708,0.00000000e+00,0.000000,0.000000,0.000000e+00,7.64756468e-17,0.001699
2515,0.781702,0.441125,0.00000000e+00,0.000000,0.000000,0.000000e+00,2.01826114e-16,0.004483
2516,0.793050,0.431023,0.00000000e+00,0.000000,0.000000,0.000000e+00,1.33470462e-16,0.002965
2517,0.444331,0.218361,0.00000000e+00,0.000000,0.000000,0.000000e+00,3.05645222e-16,0.006789
2518,0.546993,0.784598,0.00000000e+00,0.000000,0.000000,0.000000e+00,2.21767652e-16,0.004926
2519,0.612212,0.645768,0.00000000e+00,0.000000,0.000000,0.000000e+00,5.36627665e-16,0.011920
2520,0.600289,0.661370,0.00000000e+00,0.000000,0.000000,0.000000e+00,3.40431118e-16,0.007562
2521,0.783181,0.463660,0.00000000e+00,0.000000,0.000000,0.000000e+00,1.39333717e-16,0.003095
2522,0.817345,0.473277,0.00000000e+00,0.000000,0.000000,0.000000e+00,1.77311141e-16,0.003938
2523,0.409194,0.307397,0.00000000e+00,0.000000,0.000000,0.000000e+00,1.10203317e-15,0.024478
2524,0.417542,0.293841,0.00000000e+00,0.000000,0.000000,0.000000e+00,1.05317440e-15,0.023393
2525,0.733595,0.688730,0.00000000e+00,0.000000,0.000000,0.000000e+00,6.24072700e-17,0.001386
2526,0.691311,0.235212,0.00000000e+00,0.000000,0.000000,0.000000e+00,1.73092969e-16,0.003845
2527,0.289997,0.251279,0.00000000e+00,0.000000,0.000000,0.000000e+00,6.63672231e-16,0.014742
2528,0.568244,0.274293,0.00000000e+00,0.000000,0.000000,0.000000e+00,6.01919824e-16,0.013370
2529,0.393244,0.778494,0.00000000e+00,0.000000,0.000000,0.000000e+00,8.62245394e-16,0.019152
2530,0.348798,0.705661,0.00000000e+00,0.000000,0.000000,0.000000e+00,6.41434599e-16,0.014248
2531,0.753056,0.744118,0.00000000e+00,0.000000,0.000000,0.000000e+00,4.64955906e-17,0.001033
2532,0.253020,0.752737,0.00000000e+00,0.000000,0.000000,0.000000e+00,1.80780852e-16,0.004016
2533,0.237932,0.781699,0.00000000e+00,0.000000,0.000000,0.000000e+00,3.56299486e-16,0.007914
2534,0.741310,0.247411,0.00000000e+00,0.000000,0.000000,0.000000e+00,8.96819095e-17,0.001992
2535,0.672744,0.332398,0.00000000e+00,0.000000,0.000000,0.000000e+00,4.59191754e-16,0.010200
2536,0.697940,0.780710,0.00000000e+00,0.000000,0.000000,0.000000e+00,8.88716034e-17,0.001974
2537,0.677118,0.774073,0.00000000e+00,0.000000,0.000000,0.000000e+00,1.82905648e-16,0.004063
2538,0.307500,0.748388,0.00000000e+00,0.000000,0.000000,0.000000e+00,3.01886592e-16,0.006706
2539,0.773991,0.292044,0.00000000e+00,0.000000,0.000000,0.000000e+00,1.90027924e-16,0.004221
2540,0.785515,0.284572,0.00000000e+00,0.000000,0.000000,0.000000e+00,1.11936383e-16,0.002486
2541,0.254373,0.730286,0.00000000e+00,0.000000,0.000000,0.000000e+00,1.60374584e-16,0.003562
2542,0.316948,0.247117,0.00000000e+00,0.000000,0.000000,0.000000e+00,7.69345256e-16,0.017089
2543,0.429726,0.264162,0.00000000e+00,0.000000,0.000000,0.000000e+00,5.72901798e-16,0.012725
2544,0.677531,0.449441,0.00000000e+00,0.000000,0.000000,0.000000e+00,8.05918815e-16,0.017901
2545,0.678800,0.397512,0.00000000e+00,0.000000,0.000000,0.000000e+00,3.99836424e-16,0.008881
2546,0.811768,0.564378,0.00000000e+00,0.000000,0.000000,0.000000e+00,1.12603276e-16,0.002501
2547,0.670709,0.433854,0.00000000e+00,0.000000,0.000000,0.000000e+00,1.77237091e-16,0.003937
2548,0.671558,0.464633,0.00000000e+00,0.000000,0.000000,0.000000e+00,2.18460822e-16,0.004852
2549,0.651728,0.515580,0.00000000e+00,0.000000,0.000000,0.000000e+00,4.36011083e-16,0.009685
2550,0.340100,0.784223,0.00000000e+00,0.000000,0.000000,0.000000e+00,4.97388599e-16,0.011048
2551,0.364495,0.760183,0.00000000e+00,0.000000,0.000000,0.000000e+00,3.36664680e-16,0.007478
2552,0.782157,0.653724,0.00000000e+00,0.000000,0.000000,0.000000e+00,8.18902718e-17,0.001819
2553,0.617254,0.232014,0.00000000e+00,0.000000,0.000000,0.000000e+00,1.09287533e-16,0.002428
2554,0.537290,0.704133,0.00000000e+00,0.000000,0.000000,0.000000e+00,5.91685442e-16,0.013143
2555,0.477520,0.177515,0.00000000e+00,0.000000,0.000000,0.000000e+00,7.27794002e-16,0.016166
2556,0.502754,0.803955,0.00000000e+00,0.000000,0.000000,0.000000e+00,6.72514726e-16,0.014938
2557,0.526689,0.799150,0.00000000e+00,0.000000,0.000000,0.000000e+00,6.09496480e-16,0.013538
2558,0.393987,0.280054,0.00000000e+00,0.000000,0.000000,0.000000e+00,9.99685754e-16,0.022205
2559,0.776974,0.634919,0.00000000e+00,0.000000,0.000000,0.000000e+00,1.20513955e-16,0.002677
2560,0.810801,0.509027,0.00000000e+00,0.000000,0.000000,0.000000e+00,8.68281430e-17,0.001929
2561,0.807035,0.462421,0.00000000e+00,0.000000,0.000000,0.000000e+00,8.23695469e-17,0.001830
2562,0.441537,0.741615,0.00000000e+00,0.000000,0.000000,0.000000e+00,6.02993914e-16,0.013394
2563,0.511329,0.790146,0.00000000e+00,0.000000,0.000000,0.000000e+00,5.03127459e-16,0.011176
2564,0.544729,0.805621,0.00000000e+00,0.000000,0.000000,0.000000e+00,4.03134161e-16,0.008954
2565,0.497606,0.206617,0.00000000e+00,0.000000,0.000000,0.000000e+00,6.72304714e-16,0.014933
2566,0.458372,0.226125,0.00000000e+00,0.000000,0.000000,0.000000e+00,3.85586100e-16,0.008565
2567,0.421576,0.345647,0.00000000e+00,0.000000,0.000000,0.000000e+00,1.04639793e-15,0.023243
2568,0.560520,0.299234,0.00000000e+00,0.000000,0.000000,0.000000e+00,6.96714404e-16,0.015475
2569,0.270803,0.759059,0.00000000e+00,0.000000,0.000000,0.000000e+00,2.52680331e-16,0.005613
2570,0.337611,0.765183,0.00000000e+00,0.000000,0.000000,0.000000e+00,4.61699819e-16,0.010255
2571,0.758945,0.725721,0.00000000e+00,0.000000,0.000000,0.000000e+00,6.00266243e-17,0.001333
2572,0.763179,0.655593,0.00000000e+00,0.000000,0.000000,0.000000e+00,7.91700388e-17,0.001759
2573,0.747753,0.228334,0.00000000e+00,0.000000,0.000000,0.000000e+00,1.07003872e-16,0.002377
2574,0.728771,0.219989,0.00000000e+00,0.000000,0.000000,0.000000e+00,1.23726963e-16,0.002748
2575,0.303860,0.284017,0.00000000e+00,0.000000,0.000000,0.000000e+00,6.65379320e-16,0.014779
2576,0.265663,0.262728,0.00000000e+00,0.000000,0.000000,0.000000e+00,2.26451956e-16,0.005030
2577,0.616803,0.274316,0.00000000e+00,0.000000,0.000000,0.000000e+00,4.91110126e-16,0.010909
2578,0.352214,0.762126,0.00000000e+00,0.000000,0.000000,0.000000e+00,6.33601397e-16,0.014074
2579,0.322288,0.749523,0.00000000e+00,0.000000,0.000000,0.000000e+00,5.25709463e-16,0.011677
2580,0.416339,0.717001,0.00000000e+00,0.000000,0.000000,0.000000e+00,3.88192553e-16,0.008623
2581,0.478783,0.264367,0.00000000e+00,0.000000,0.000000,0.000000e+00,8.68312638e-16,0.019287
2582,0.698969,0.378795,0.00000000e+00,0.000000,0.000000,0.000000e+00,1.61785424e-16,0.003594
2583,0.718145,0.407501,0.00000000e+00,0.000000,0.000000,0.000000e+00,2.78789380e-16,0.006192
2584,0.661292,0.212402,0.00000000e+00,0.000000,0.000000,0.000000e+00,2.11779188e-16,0.004704
2585,0.635297,0.323326,0.00000000e+00,0.000000,0.000000,0.000000e+00,2.37280001e-16,0.005270
2586,0.624277,0.332221,0.00000000e+00,0.000000,0.000000,0.000000e+00,2.98384535e-16,0.006628
2587,0.588894,0.796157,0.00000000e+00,0.000000,0.000000,0.000000e+00,2.29345658e-16,0.005094
2588,0.768379,0.450748,0.00000000e+00,0.000000,0.000000,0.000000e+00,1.95704011e-16,0.004347
2589,0.625893,0.705712,0.00000000e+00,0.000000,0.000000,0.000000e+00,3.18565518e-16,0.007076
2590,0.539489,0.157473,0.00000000e+00,0.000000,0.000000,0.000000e+00,5.12633392e-16,0.011387
2591,0.488084,0.190523,0.00000000e+00,0.000000,0.000000,0.000000e+00,7.02064264e-16,0.015594
2592,0.468209,0.814702,0.00000000e+00,0.000000,0.000000,0.000000e+00,6.95009274e-16,0.015438
2593,0.498154,0.780288,0.00000000e+00,0.000000,0.000000,0.000000e+00,6.02679136e-16,0.013387
2594,0.420295,0.683887,0.00000000e+00,0.000000,0.000000,0.000000e+00,3.32995783e-16,0.007397
2595,0.360765,0.232952,0.00000000e+00,0.000000,0.000000,0.000000e+00,7.69535838e-16,0.017093
2596,0.417542,0.293841,0.00000000e+00,0.000000,0.000000,0.000000e+00,7.03285580e-16,0.015621
2597,0.417542,0.293841,0.00000000e+00,0.000000,0.000000,0.000000e+00,1.07903252e-15,0.023968
2598,0.393244,0.778494,0.00000000e+00,0.000000,0.000000,0.000000e+00,7.77414039e-16,0.017268
2599,0.595535,0.243106,0.00000000e+00,0.000000,0.000000,0.000000e+00,1.80883634e-16,0.004018
2600,0.608323,0.206843,0.00000000e+00,0.000000,0.000000,0.000000e+00,2.29904753e-16,0.005107
2601,0.648737,0.248827,0.00000000e+00,0.000000,0.000000,0.000000e+00,1.98219500e-16,0.004403
2602,0.633526,0.238477,0.00000000e+00,0.000000,0.000000,0.000000e+00,1.84679480e-16,0.004102
2603,0.744656,0.656847,0.00000000e+00,0.000000,0.000000,0.000000e+00,9.03477966e-17,0.002007
2604,0.770810,0.616807,0.00000000e+00,0.000000,0.000000,0.000000e+00,1.37095882e-16,0.003045
2605,0.796520,0.586718,0.00000000e+00,0.000000,0.000000,0.000000e+00,7.81602034e-17,0.001736
2606,0.465497,0.709824,0.00000000e+00,0.000000,0.000000,0.000000e+00,2.84566224e-16,0.006321
2607,0.479058,0.749933,0.00000000e+00,0.000000,0.000000,0.000000e+00,6.94516089e-16,0.015427
2608,0.658008,0.463035,0.00000000e+00,0.000000,0.000000,0.000000e+00,2.40678456e-16,0.005346
2609,0.645679,0.308298,0.00000000e+00,0.000000,0.000000,0.000000e+00,3.84589407e-16,0.008543
2610,0.668214,0.310302,0.00000000e+00,0.000000,0.000000,0.000000e+00,1.95873087e-16,0.004351
2611,0.633398,0.518896,0.00000000e+00,0.000000,0.000000,0.000000e+00,5.87897775e-16,0.013058
2612,0.698410,0.754344,0.00000000e+00,0.000000,0.000000,0.000000e+00,2.17348707e-16,0.004828
2613,0.762254,0.303772,0.00000000e+00,0.000000,0.000000,0.000000e+00,2.31500034e-16,0.005142
2614,0.430771,0.688484,0.00000000e+00,0.000000,0.000000,0.000000e+00,3.54181348e-16,0.007867
2615,0.602871,0.301150,0.00000000e+00,0.000000,0.000000,0.000000e+00,3.96965908e-16,0.008817
2616,0.810801,0.509027,0.00000000e+00,0.000000,0.000000,0.000000e+00,1.62923876e-16,0.003619
2617,0.806843,0.492219,0.00000000e+00,0.000000,0.000000,0.000000e+00,1.02480849e-16,0.002276
2618,0.429045,0.669544,0.00000000e+00,0.000000,0.000000,0.000000e+00,8.40056731e-16,0.018659
2619,0.441712,0.656291,0.00000000e+00,0.000000,0.000000,0.000000e+00,1.36542198e-15,0.030329
2620,0.668214,0.310302,0.00000000e+00,0.000000,0.000000,0.000000e+00,2.74468506e-16,0.006097
2621,0.709217,0.345434,0.00000000e+00,0.000000,0.000000,0.000000e+00,2.87139907e-16,0.006378
2622,0.414560,0.738265,0.00000000e+00,0.000000,0.000000,0.000000e+00,9.84603486e-16,0.021870
2623,0.408661,0.768062,0.00000000e+00,0.000000,0.000000,0.000000e+00,1.04360113e-15,0.023181
2624,0.401768,0.795333,0.00000000e+00,0.000000,0.000000,0.000000e+00,7.62034514e-16,0.016926
2625,0.381689,0.336689,0.00000000e+00,0.000000,0.000000,0.000000e+00,9.30784706e-16,0.020675
2626,0.778505,0.358908,0.00000000e+00,0.000000,0.000000,0.000000e+00,8.18601889e-17,0.001818
2627,0.663272,0.769979,0.00000000e+00,0.000000,0.000000,0.000000e+00,1.17496771e-16,0.002610
2628,0.438573,0.851194,0.00000000e+00,0.000000,0.000000,0.000000e+00,4.07074082e-16,0.009042
2629,0.457805,0.277110,0.00000000e+00,0.000000,0.000000,0.000000e+00,6.04491892e-16,0.013427
2630,0.448733,0.256116,0.00000000e+00,0.000000,0.000000,0.000000e+00,7.04466132e-16,0.015648
2631,0.671558,0.464633,0.00000000e+00,0.000000,0.000000,0.000000e+00,5.04416802e-16,0.011204
2632,0.325106,0.203587,0.00000000e+00,0.000000,0.000000,0.000000e+00,9.34199202e-16,0.020750
2633,0.663272,0.769979,0.00000000e+00,0.000000,0.000000,0.000000e+00,1.41266183e-16,0.003138
2634,0.725319,0.309574,0.00000000e+00,0.000000,0.000000,0.000000e+00,2.09822475e-16,0.004661
2635,0.686157,0.737195,0.00000000e+00,0.000000,0.000000,0.000000e+00,1.96873367e-16,0.004373
2636,0.554514,0.147061,0.00000000e+00,0.000000,0.000000,0.000000e+00,4.45116396e-16,0.009887
2637,0.653142,0.433290,0.00000000e+00,0.000000,0.000000,0.000000e+00,2.62197064e-16,0.005824
2638,0.401768,0.795333,0.00000000e+00,0.000000,0.000000,0.000000e+00,8.14906523e-16,0.018101
2639,0.606833,0.165305,0.00000000e+00,0.000000,0.000000,0.000000e+00,3.26267959e-16,0.007247
2640,0.688360,0.505006,0.00000000e+00,0.000000,0.000000,0.000000e+00,2.72712951e-16,0.006058
2641,0.658020,0.534157,0.00000000e+00,0.000000,0.000000,0.000000e+00,3.21048013e-16,0.007131
2642,0.531155,0.728931,0.00000000e+00,0.000000,0.000000,0.000000e+00,1.98426481e-16,0.004407
2643,0.600093,0.712565,0.00000000e+00,0.000000,0.000000,0.000000e+00,3.93856027e-16,0.008748
2644,0.540741,0.200746,0.00000000e+00,0.000000,0.000000,0.000000e+00,5.63030317e-16,0.012506
2645,0.388700,0.257262,0.00000000e+00,0.000000,0.000000,0.000000e+00,6.85357863e-16,0.015223
2646,0.405278,0.286577,0.00000000e+00,0.000000,0.000000,0.000000e+00,8.38416505e-16,0.018623
2647,0.424648,0.800478,0.00000000e+00,0.000000,0.000000,0.000000e+00,7.46962040e-16,0.016592
2648,0.608323,0.206843,0.00000000e+00,0.000000,0.000000,0.000000e+00,8.47194942e-17,0.001882
2649,0.595535,0.243106,0.00000000e+00,0.000000,0.000000,0.000000e+00,4.19313284e-16,0.009314
2650,0.749418,0.474625,0.00000000e+00,0.000000,0.000000,0.000000e+00,1.48788021e-16,0.003305
2651,0.677397,0.274003,0.00000000e+00,0.000000,0.000000,0.000000e+00,2.85890216e-16,0.006350
2652,0.668785,0.664466,0.00000000e+00,0.000000,0.000000,0.000000e+00,3.00768323e-16,0.006681
2653,0.615021,0.677468,0.00000000e+00,0.000000,0.000000,0.000000e+00,3.34606866e-16,0.007432
2654,0.446419,0.764882,0.00000000e+00,0.000000,0.000000,0.000000e+00,9.93710043e-16,0.022072
2655,0.429928,0.777873,0.00000000e+00,0.000000,0.000000,0.000000e+00,6.82548307e-16,0.015161
2656,0.682007,0.315361,0.00000000e+00,0.000000,0.000000,0.000000e+00,2.39966313e-16,0.005330
2657,0.699227,0.395954,0.00000000e+00,0.000000,0.000000,0.000000e+00,1.62813510e-16,0.003616
2658,0.750496,0.452675,0.00000000e+00,0.000000,0.000000,0.000000e+00,2.26733488e-16,0.005036
2659,0.477848,0.780602,0.00000000e+00,0.000000,0.000000,0.000000e+00,6.35950272e-16,0.014126
2660,0.489475,0.792277,0.00000000e+00,0.000000,0.000000,0.000000e+00,6.23840666e-16,0.013857
2661,0.540741,0.200746,0.00000000e+00,0.000000,0.000000,0.000000e+00,6.40012430e-16,0.014216
2662,0.714496,0.255883,0.00000000e+00,0.000000,0.000000,0.000000e+00,1.74558760e-16,0.003877
2663,0.704990,0.226180,0.00000000e+00,0.000000,0.000000,0.000000e+00,1.45499521e-16,0.003232
2664,0.741198,0.721298,0.00000000e+00,0.000000,0.000000,0.000000e+00,7.43837070e-17,0.001652
2665,0.746211,0.705552,0.00000000e+00,0.000000,0.000000,0.000000e+00,7.79664049e-17,0.001732
2666,0.624407,0.777387,0.00000000e+00,0.000000,0.000000,0.000000e+00,1.41954463e-16,0.003153
2667,0.544734,0.765686,0.00000000e+00,0.000000,0.000000,0.000000e+00,5.37974448e-16,0.011950
2668,0.534064,0.769649,0.00000000e+00,0.000000,0.000000,0.000000e+00,4.04426786e-16,0.008983
2669,0.468489,0.245561,0.00000000e+00,0.000000,0.000000,0.000000e+00,7.98946834e-16,0.017746
2670,0.546993,0.784598,0.00000000e+00,0.000000,0.000000,0.000000e+00,2.12428346e-16,0.004718
2671,0.559881,0.761155,0.00000000e+00,0.000000,0.000000,0.000000e+00,1.72146304e-16,0.003824
2672,0.431220,0.224205,0.00000000e+00,0.000000,0.000000,0.000000e+00,4.63039296e-16,0.010285
2673,0.781511,0.420349,0.00000000e+00,0.000000,0.000000,0.000000e+00,3.02682591e-16,0.006723
2674,0.360765,0.232952,0.00000000e+00,0.000000,0.000000,0.000000e+00,8.43080533e-16,0.018727
2675,0.773864,0.389678,0.00000000e+00,0.000000,0.000000,0.000000e+00,1.32069417e-16,0.002934
2676,0.728989,0.354641,0.00000000e+00,0.000000,0.000000,0.000000e+00,2.74613058e-16,0.006100
2677,0.615441,0.801406,0.00000000e+00,0.000000,0.000000,0.000000e+00,1.76861035e-16,0.003928
2678,0.623252,0.751992,0.00000000e+00,0.000000,0.000000,0.000000e+00,3.62201559e-16,0.008045
2679,0.467773,0.767623,0.00000000e+00,0.000000,0.000000,0.000000e+00,7.42815125e-16,0.016499
2680,0.616803,0.274316,0.00000000e+00,0.000000,0.000000,0.000000e+00,3.36164242e-16,0.007467
2681,0.624407,0.777387,0.00000000e+00,0.000000,0.000000,0.000000e+00,1.31282311e-16,0.002916
2682,0.388700,0.257262,0.00000000e+00,0.000000,0.000000,0.000000e+00,1.02128647e-15,0.022685
2683,0.410534,0.211505,0.00000000e+00,0.000000,0.000000,0.000000e+00,3.30068173e-16,0.007331
2684,0.793050,0.431023,0.00000000e+00,0.000000,0.000000,0.000000e+00,1.21091301e-16,0.002690
2685,0.698969,0.378795,0.00000000e+00,0.000000,0.000000,0.000000e+00,1.41373849e-16,0.003140
2686,0.788618,0.563984,0.00000000e+00,0.000000,0.000000,0.000000e+00,3.05176892e-16,0.006779
2687,0.374856,0.224006,0.00000000e+00,0.000000,0.000000,0.000000e+00,9.41642081e-16,0.020916
2688,0.758326,0.600854,0.00000000e+00,0.000000,0.000000,0.000000e+00,1.70449208e-16,0.003786
2689,0.559881,0.761155,0.00000000e+00,0.000000,0.000000,0.000000e+00,3.44703578e-16,0.007657
2690,0.748240,0.506555,0.00000000e+00,0.000000,0.000000,0.000000e+00,2.13870194e-16,0.004750
2691,0.448146,0.786841,0.00000000e+00,0.000000,0.000000,0.000000e+00,6.56854198e-16,0.014590
2692,0.244891,0.247066,0.00000000e+00,0.000000,0.000000,0.000000e+00,3.39052757e-16,0.007531
2693,0.332101,0.726209,0.00000000e+00,0.000000,0.000000,0.000000e+00,6.88874108e-16,0.015301
2694,0.714496,0.255883,0.00000000e+00,0.000000,0.000000,0.000000e+00,1.78480403e-16,0.003964
2695,0.749515,0.294826,0.00000000e+00,0.000000,0.000000,0.000000e+00,1.33277723e-16,0.002960
2696,0.711585,0.705271,0.00000000e+00,0.000000,0.000000,0.000000e+00,2.24234900e-16,0.004981
2697,0.561624,0.163608,0.00000000e+00,0.000000,0.000000,0.000000e+00,4.09455780e-16,0.009095
2698,0.410552,0.343345,0.00000000e+00,0.000000,0.000000,0.000000e+00,1.11485894e-15,0.024763
2699,0.688360,0.505006,0.00000000e+00,0.000000,0.000000,0.000000e+00,3.68603063e-16,0.008187
2700,0.657804,0.481303,0.00000000e+00,0.000000,0.000000,0.000000e+00,3.76282105e-16,0.008358
2701,0.565116,0.723057,0.00000000e+00,0.000000,0.000000,0.000000e+00,6.44215990e-16,0.014309
2702,0.553531,0.741854,0.00000000e+00,0.000000,0.000000,0.000000e+00,1.23198308e-16,0.002736
2703,0.616535,0.765789,0.00000000e+00,0.000000,0.000000,0.000000e+00,2.65328571e-16,0.005893
2704,0.509444,0.137637,0.00000000e+00,0.000000,0.000000,0.000000e+00,6.01751158e-16,0.013366
2705,0.554514,0.147061,0.00000000e+00,0.000000,0.000000,0.000000e+00,4.90613818e-16,0.010898
2706,0.651976,0.697972,0.00000000e+00,0.000000,0.000000,0.000000e+00,1.92835772e-16,0.004283
2707,0.457203,0.800383,0.00000000e+00,0.000000,0.000000,0.000000e+00,6.57738977e-16,0.014610
2708,0.534671,0.228501,0.00000000e+00,0.000000,0.000000,0.000000e+00,6.52853768e-16,0.014501
2709,0.747588,0.354779,0.00000000e+00,0.000000,0.000000,0.000000e+00,1.31094958e-16,0.002912
2710,0.777849,0.346131,0.00000000e+00,0.000000,0.000000,0.000000e+00,6.50110029e-17,0.001444
2711,0.663272,0.769979,0.00000000e+00,0.000000,0.000000,0.000000e+00,2.82949847e-16,0.006285
2712,0.438927,0.239304,0.00000000e+00,0.000000,0.000000,0.000000e+00,8.26991724e-16,0.018369
2713,0.765842,0.430779,0.00000000e+00,0.000000,0.000000,0.000000e+00,2.96516509e-16,0.006586
2714,0.429928,0.777873,0.00000000e+00,0.000000,0.000000,0.000000e+00,5.48000300e-16,0.012172
2715,0.493566,0.758251,0.00000000e+00,0.000000,0.000000,0.000000e+00,5.76620538e-16,0.012808
2716,0.713489,0.429183,0.00000000e+00,0.000000,0.000000,0.000000e+00,5.57997883e-16,0.012394
2717,0.712372,0.288686,0.00000000e+00,0.000000,0.000000,0.000000e+00,1.58008729e-16,0.003510
2718,0.709217,0.345434,0.00000000e+00,0.000000,0.000000,0.000000e+00,2.76934749e-16,0.006151
2719,0.677397,0.274003,0.00000000e+00,0.000000,0.000000,0.000000e+00,1.84513422e-16,0.004098
2720,0.455678,0.850136,0.00000000e+00,0.000000,0.000000,0.000000e+00,2.99295783e-16,0.006648
2721,0.700279,0.481480,0.00000000e+00,0.000000,0.000000,0.000000e+00,3.17201530e-16,0.007046
2722,0.568916,0.179178,0.00000000e+00,0.000000,0.000000,0.000000e+00,3.68913527e-16,0.008194
2723,0.568916,0.179178,0.00000000e+00,0.000000,0.000000,0.000000e+00,4.90947020e-16,0.010905
2724,0.417985,0.835290,0.00000000e+00,0.000000,0.000000,0.000000e+00,4.98685036e-16,0.011077
2725,0.435553,0.832438,0.00000000e+00,0.000000,0.000000,0.000000e+00,5.89370660e-16,0.013091
2726,0.702280,0.644410,0.00000000e+00,0.000000,0.000000,0.000000e+00,1.51312695e-16,0.003361
2727,0.317926,0.721436,0.00000000e+00,0.000000,0.000000,0.000000e+00,7.37544304e-16,0.016382
2728,0.755285,0.550116,0.00000000e+00,0.000000,0.000000,0.000000e+00,2.02613140e-16,0.004500
2729,0.694396,0.282698,0.00000000e+00,0.000000,0.000000,0.000000e+00,1.91411182e-16,0.004252
2730,0.741198,0.721298,0.00000000e+00,0.000000,0.000000,0.000000e+00,9.76813946e-17,0.002170
2731,0.663483,0.725901,0.00000000e+00,0.000000,0.000000,0.000000e+00,2.59742177e-16,0.005769
2732,0.671315,0.707771,0.00000000e+00,0.000000,0.000000,0.000000e+00,1.35166421e-16,0.003002
2733,0.786671,0.490182,0.00000000e+00,0.000000,0.000000,0.000000e+00,1.88206075e-16,0.004180
2734,0.509444,0.137637,0.00000000e+00,0.000000,0.000000,0.000000e+00,5.22428058e-16,0.011604
2735,0.671315,0.707771,0.00000000e+00,0.000000,0.000000,0.000000e+00,2.34542841e-16,0.005210
2736,0.651224,0.626382,0.00000000e+00,0.000000,0.000000,0.000000e+00,7.57688335e-16,0.016830
2737,0.457203,0.800383,0.00000000e+00,0.000000,0.000000,0.000000e+00,6.32757434e-16,0.014055
2738,0.562023,0.232098,0.00000000e+00,0.000000,0.000000,0.000000e+00,6.48274496e-16,0.014400
2739,0.757955,0.412346,0.00000000e+00,0.000000,0.000000,0.000000e+00,3.67357819e-16,0.008160
2740,0.736435,0.395805,0.00000000e+00,0.000000,0.000000,0.000000e+00,2.38378762e-16,0.005295
2741,0.417290,0.248355,0.00000000e+00,0.000000,0.000000,0.000000e+00,9.02985932e-16,0.020057
2742,0.457761,0.776997,0.00000000e+00,0.000000,0.000000,0.000000e+00,5.64425857e-16,0.012537
2743,0.459467,0.749945,0.00000000e+00,0.000000,0.000000,0.000000e+00,4.97827468e-16,0.011058
2744,0.430856,0.814246,0.00000000e+00,0.000000,0.000000,0.000000e+00,5.73125150e-16,0.012730
2745,0.413096,0.813815,0.00000000e+00,0.000000,0.000000,0.000000e+00,6.17212315e-16,0.013710
2746,0.681017,0.486143,0.00000000e+00,0.000000,0.000000,0.000000e+00,4.34217544e-16,0.009645
2747,0.794966,0.772026,0.00000000e+00,0.000000,0.000000,0.000000e+00,5.53753381e-17,0.001230
2748,0.779068,0.534384,0.00000000e+00,0.000000,0.000000,0.000000e+00,2.52559602e-16,0.005610
2749,0.707860,0.455699,0.00000000e+00,0.000000,0.000000,0.000000e+00,4.95516127e-16,0.011006
2750,0.717621,0.327887,0.00000000e+00,0.000000,0.000000,0.000000e+00,2.80297575e-16,0.006226
2751,0.540741,0.200746,0.00000000e+00,0.000000,0.000000,0.000000e+00,5.97039802e-16,0.013261
2752,0.694933,0.715269,0.00000000e+00,0.000000,0.000000,0.000000e+00,1.86725621e-16,0.004148
2753,0.663483,0.725901,0.00000000e+00,0.000000,0.000000,0.000000e+00,2.83806330e-16,0.006304
2754,0.712895,0.582962,0.00000000e+00,0.000000,0.000000,0.000000e+00,1.54780991e-16,0.003438
2755,0.740931,0.639204,0.00000000e+00,0.000000,0.000000,0.000000e+00,1.14789376e-16,0.002550
2756,0.703736,0.267913,0.00000000e+00,0.000000,0.000000,0.000000e+00,1.71029531e-16,0.003799
2757,0.747611,0.673695,0.00000000e+00,0.000000,0.000000,0.000000e+00,6.11843992e-17,0.001359
2758,0.545442,0.244349,0.00000000e+00,0.000000,0.000000,0.000000e+00,7.44704697e-16,0.016541
2759,0.517102,0.240459,0.00000000e+00,0.000000,0.000000,0.000000e+00,8.14238796e-16,0.018086
2760,0.677397,0.274003,0.00000000e+00,0.000000,0.000000,0.000000e+00,2.33341510e-16,0.005183
2761,0.607356,0.786299,0.00000000e+00,0.000000,0.000000,0.000000e+00,2.20198086e-16,0.004891
2762,0.756918,0.382905,0.00000000e+00,0.000000,0.000000,0.000000e+00,1.58917675e-16,0.003530
2763,0.726962,0.509559,0.00000000e+00,0.000000,0.000000,0.000000e+00,2.43262304e-16,0.005403
2764,0.751095,0.579262,0.00000000e+00,0.000000,0.000000,0.000000e+00,1.58947162e-16,0.003531
2765,0.768494,0.572264,0.00000000e+00,0.000000,0.000000,0.000000e+00,2.36080444e-16,0.005244
2766,0.498400,0.252714,0.00000000e+00,0.000000,0.000000,0.000000e+00,8.85549335e-16,0.019670
2767,0.653878,0.653372,0.00000000e+00,0.000000,0.000000,0.000000e+00,4.05021509e-16,0.008996
2768,0.755285,0.550116,0.00000000e+00,0.000000,0.000000,0.000000e+00,4.13039153e-16,0.009174
2769,0.765828,0.510499,0.00000000e+00,0.000000,0.000000,0.000000e+00,1.99879367e-16,0.004440
2770,0.798547,0.233325,0.00000000e+00,0.000000,0.000000,0.000000e+00,4.44979064e-17,0.000988
2771,0.749071,0.811472,0.00000000e+00,0.000000,0.000000,0.000000e+00,9.98959357e-17,0.002219
2772,0.737430,0.816596,0.00000000e+00,0.000000,0.000000,0.000000e+00,1.05701612e-16,0.002348
2773,0.209657,0.262177,0.00000000e+00,0.000000,0.000000,0.000000e+00,1.56496259e-16,0.003476
2774,0.747588,0.354779,0.00000000e+00,0.000000,0.000000,0.000000e+00,1.22038231e-16,0.002711
2775,0.591872,0.201764,0.00000000e+00,0.000000,0.000000,0.000000e+00,4.50861503e-16,0.010015
2776,0.643482,0.715737,0.00000000e+00,0.000000,0.000000,0.000000e+00,2.69083838e-16,0.005977
2777,0.696426,0.524154,0.00000000e+00,0.000000,0.000000,0.000000e+00,2.62142456e-16,0.005823
2778,0.751343,0.494239,0.00000000e+00,0.000000,0.000000,0.000000e+00,1.75798750e-16,0.003905
2779,0.620659,0.623773,0.00000000e+00,0.000000,0.000000,0.000000e+00,6.56201506e-16,0.014576
2780,0.653878,0.653372,0.00000000e+00,0.000000,0.000000,0.000000e+00,5.55303842e-16,0.012334
2781,0.702280,0.644410,0.00000000e+00,0.000000,0.000000,0.000000e+00,1.75012346e-16,0.003887
2782,0.704265,0.543543,0.00000000e+00,0.000000,0.000000,0.000000e+00,1.87992530e-16,0.004176
2783,0.726402,0.659246,0.00000000e+00,0.000000,0.000000,0.000000e+00,2.08542860e-16,0.004632
2784,0.705442,0.499646,0.00000000e+00,0.000000,0.000000,0.000000e+00,2.10169309e-16,0.004668
2785,0.683730,0.673314,0.00000000e+00,0.000000,0.000000,0.000000e+00,3.22947669e-16,0.007173
2786,0.697231,0.679955,0.00000000e+00,0.000000,0.000000,0.000000e+00,2.80195561e-16,0.006224
2787,0.744925,0.562920,0.00000000e+00,0.000000,0.000000,0.000000e+00,3.81394399e-16,0.008472
2788,0.209657,0.262177,0.00000000e+00,0.000000,0.000000,0.000000e+00,1.99843871e-16,0.004439
2789,0.468209,0.814702,0.00000000e+00,0.000000,0.000000,0.000000e+00,6.71566419e-16,0.014917
2790,0.707785,0.664741,0.00000000e+00,0.000000,0.000000,0.000000e+00,2.49667911e-16,0.005546
2791,0.678003,0.650343,0.00000000e+00,0.000000,0.000000,0.000000e+00,4.91098162e-16,0.010908
2792,0.741054,0.521589,0.00000000e+00,0.000000,0.000000,0.000000e+00,3.34267100e-16,0.007425
2793,0.704265,0.543543,0.00000000e+00,0.000000,0.000000,0.000000e+00,1.65541935e-16,0.003677
2794,0.739210,0.485268,0.00000000e+00,0.000000,0.000000,0.000000e+00,1.50457695e-16,0.003342
2795,0.723064,0.688424,0.00000000e+00,0.000000,0.000000,0.000000e+00,1.08430038e-16,0.002408
2796,0.662652,0.261982,0.00000000e+00,0.000000,0.000000,0.000000e+00,2.30447357e-16,0.005119
2797,0.670398,0.604193,0.00000000e+00,0.000000,0.000000,0.000000e+00,1.66552949e-16,0.003699
2798,0.663203,0.614279,0.00000000e+00,0.000000,0.000000,0.000000e+00,6.75433654e-16,0.015003
2799,0.663203,0.614279,0.00000000e+00,0.000000,0.000000,0.000000e+00,6.25207300e-16,0.013887
2800,0.695165,0.585109,0.00000000e+00,0.000000,0.000000,0.000000e+00,1.68000078e-16,0.003732
2801,0.682364,0.605050,0.00000000e+00,0.000000,0.000000,0.000000e+00,2.19568000e-16,0.004877
2802,0.716383,0.602750,0.00000000e+00,0.000000,0.000000,0.000000e+00,1.48169051e-16,0.003291
2803,0.708938,0.563085,0.00000000e+00,0.000000,0.000000,0.000000e+00,1.58815342e-16,0.003528
2804,0.712895,0.582962,0.00000000e+00,0.000000,0.000000,0.000000e+00,1.64767350e-16,0.003660
2805,0.684097,0.548044,0.00000000e+00,0.000000,0.000000,0.000000e+00,1.62091586e-16,0.003600
2806,0.546828,0.130578,0.00000000e+00,0.000000,0.000000,0.000000e+00,4.78023573e-16,0.010618
2807,0.588949,0.126703,0.00000000e+00,0.000000,0.000000,0.000000e+00,5.12600676e-16,0.011386
2808,0.807366,0.670738,0.00000000e+00,0.000000,0.000000,0.000000e+00,9.42103264e-17,0.002093
2809,0.398404,0.245429,0.00000000e+00,0.000000,0.000000,0.000000e+00,4.55601341e-16,0.010120
2810,0.594374,0.168105,0.00000000e+00,0.000000,0.000000,0.000000e+00,2.48060666e-16,0.005510
2811,0.459576,0.951592,0.00000000e+00,0.000000,0.000000,0.000000e+00,2.32695488e-16,0.005169
2812,0.464133,0.458412,0.00000000e+00,0.000000,0.000000,0.000000e+00,5.35056398e-15,0.118847
2813,0.542464,0.524603,0.00000000e+00,0.000000,0.000000,0.000000e+00,5.87600732e-15,0.130518
2814,0.525583,0.533591,0.00000000e+00,0.000000,0.000000,0.000000e+00,1.06603321e-15,0.023679
2815,0.468360,0.932813,0.00000000e+00,0.000000,0.000000,0.000000e+00,3.10426246e-16,0.006895
2816,0.495807,0.044336,0.00000000e+00,0.000000,0.000000,0.000000e+00,3.76244253e-16,0.008357
2817,0.442030,0.067495,0.00000000e+00,0.000000,0.000000,0.000000e+00,5.11835858e-16,0.011369
2818,0.916566,0.930481,0.00000000e+00,0.000000,0.000000,0.000000e+00,8.09201346e-17,0.001797
2819,0.350344,0.443294,0.00000000e+00,0.000000,0.000000,0.000000e+00,9.41744677e-16,0.020918
2820,0.903366,0.088456,0.00000000e+00,0.000000,0.000000,0.000000e+00,1.38854680e-16,0.003084
2821,0.922078,0.092525,0.00000000e+00,0.000000,0.000000,0.000000e+00,1.18849522e-16,0.002640
2822,0.401279,0.927298,0.00000000e+00,0.000000,0.000000,0.000000e+00,5.80626156e-16,0.012897
2823,0.443922,0.950688,0.00000000e+00,0.000000,0.000000,0.000000e+00,3.53930758e-16,0.007862
2824,0.084481,0.898857,0.00000000e+00,0.000000,0.000000,0.000000e+00,1.04807132e-16,0.002328
2825,0.627405,0.944900,0.00000000e+00,0.000000,0.000000,0.000000e+00,2.03838214e-16,0.004528
2826,0.574220,0.591791,0.00000000e+00,0.000000,0.000000,0.000000e+00,7.37102153e-16,0.016373
2827,0.538257,0.114015,0.00000000e+00,0.000000,0.000000,0.000000e+00,4.98915906e-16,0.011082
2828,0.468173,0.591672,0.00000000e+00,0.000000,0.000000,0.000000e+00,1.50747279e-15,0.033484
2829,0.057103,0.163476,0.00000000e+00,0.000000,0.000000,0.000000e+00,9.30964383e-17,0.002068
2830,0.310523,0.867091,0.00000000e+00,0.000000,0.000000,0.000000e+00,6.19583954e-16,0.013762
2831,0.879922,0.202574,0.00000000e+00,0.000000,0.000000,0.000000e+00,1.42494434e-17,0.000317
2832,0.866512,0.689300,0.00000000e+00,0.000000,0.000000,0.000000e+00,8.45551301e-17,0.001878
2833,0.795602,0.879596,0.00000000e+00,0.000000,0.000000,0.000000e+00,1.02050801e-16,0.002267
2834,0.906290,0.527810,0.00000000e+00,0.000000,0.000000,0.000000e+00,4.08042538e-17,0.000906
2835,0.578457,0.608893,0.00000000e+00,0.000000,0.000000,0.000000e+00,7.55750854e-16,0.016787
2836,0.153658,0.069891,0.00000000e+00,0.000000,0.000000,0.000000e+00,8.13627357e-17,0.001807
2837,0.850038,0.114485,0.00000000e+00,0.000000,0.000000,0.000000e+00,2.58488747e-17,0.000574
2838,0.619145,0.909421,0.00000000e+00,0.000000,0.000000,0.000000e+00,1.89839578e-16,0.004217
2839,0.647497,0.927903,0.00000000e+00,0.000000,0.000000,0.000000e+00,1.17344795e-16,0.002606
2840,0.692382,0.077420,0.00000000e+00,0.000000,0.000000,0.000000e+00,2.78369014e-16,0.006183
2841,0.450718,0.903303,0.00000000e+00,0.000000,0.000000,0.000000e+00,5.03703389e-16,0.011188
2842,0.101670,0.125827,0.00000000e+00,0.000000,0.000000,0.000000e+00,2.62653217e-16,0.005834
2843,0.421677,0.595959,0.00000000e+00,0.000000,0.000000,0.000000e+00,1.51413630e-15,0.033632
2844,0.924016,0.351509,0.00000000e+00,0.000000,0.000000,0.000000e+00,4.63244337e-17,0.001029
2845,0.900662,0.312153,0.00000000e+00,0.000000,0.000000,0.000000e+00,8.04676271e-17,0.001787
2846,0.916701,0.304146,0.00000000e+00,0.000000,0.000000,0.000000e+00,1.21534299e-16,0.002700
2847,0.900618,0.325525,0.00000000e+00,0.000000,0.000000,0.000000e+00,7.53373007e-17,0.001673
2848,0.348848,0.864704,0.00000000e+00,0.000000,0.000000,0.000000e+00,5.76984868e-16,0.012816
2849,0.166620,0.114982,0.00000000e+00,0.000000,0.000000,0.000000e+00,1.95707029e-16,0.004347
2850,0.353132,0.595427,0.00000000e+00,0.000000,0.000000,0.000000e+00,1.36580929e-15,0.030337
2851,0.645391,0.586878,0.00000000e+00,0.000000,0.000000,0.000000e+00,5.89194265e-16,0.013087
2852,0.353442,0.337608,0.00000000e+00,0.000000,0.000000,0.000000e+00,3.60887652e-16,0.008016
2853,0.205202,0.380548,0.00000000e+00,0.000000,0.000000,0.000000e+00,2.22424949e-16,0.004941
2854,0.470257,0.166663,0.00000000e+00,0.000000,0.000000,0.000000e+00,5.23454821e-16,0.011627
2855,0.488771,0.164557,0.00000000e+00,0.000000,0.000000,0.000000e+00,4.38422268e-16,0.009738
2856,0.417838,0.895899,0.00000000e+00,0.000000,0.000000,0.000000e+00,5.42607241e-16,0.012052
2857,0.867979,0.811879,0.00000000e+00,0.000000,0.000000,0.000000e+00,4.07656344e-17,0.000905
2858,0.134750,0.683442,0.00000000e+00,0.000000,0.000000,0.000000e+00,1.34976169e-16,0.002998
2859,0.518089,0.775921,0.00000000e+00,0.000000,0.000000,0.000000e+00,5.52378719e-16,0.012269
2860,0.117738,0.314979,0.00000000e+00,0.000000,0.000000,0.000000e+00,1.72056572e-16,0.003822
2861,0.585923,0.183411,0.00000000e+00,0.000000,0.000000,0.000000e+00,2.29454026e-16,0.005097
2862,0.842822,0.790470,0.00000000e+00,0.000000,0.000000,0.000000e+00,5.66813140e-17,0.001259
2863,0.682264,0.471323,0.00000000e+00,0.000000,0.000000,0.000000e+00,3.69664819e-16,0.008211
2864,0.472512,0.201202,0.00000000e+00,0.000000,0.000000,0.000000e+00,7.22318357e-16,0.016044
2865,0.797474,0.152975,0.00000000e+00,0.000000,0.000000,0.000000e+00,2.71707093e-17,0.000604
2866,0.828969,0.367759,0.00000000e+00,0.000000,0.000000,0.000000e+00,1.55826918e-16,0.003461
2867,0.326009,0.130957,0.00000000e+00,0.000000,0.000000,0.000000e+00,1.93991681e-16,0.004309
2868,0.823839,0.356555,0.00000000e+00,0.000000,0.000000,0.000000e+00,1.67102911e-16,0.003712
2869,0.848108,0.563940,0.00000000e+00,0.000000,0.000000,0.000000e+00,8.59540514e-17,0.001909
2870,0.505612,0.767452,0.00000000e+00,0.000000,0.000000,0.000000e+00,5.77225319e-16,0.012821
2871,0.713489,0.429183,0.00000000e+00,0.000000,0.000000,0.000000e+00,4.59619665e-16,0.010209
2872,0.166723,0.685680,0.00000000e+00,0.000000,0.000000,0.000000e+00,1.76269700e-16,0.003915
2873,0.670398,0.604193,0.00000000e+00,0.000000,0.000000,0.000000e+00,5.01717996e-16,0.011144
2874,0.823839,0.356555,0.00000000e+00,0.000000,0.000000,0.000000e+00,1.28011970e-16,0.002843
2875,0.692807,0.464671,0.00000000e+00,0.000000,0.000000,0.000000e+00,5.03683695e-16,0.011188
2876,0.811557,0.165610,0.00000000e+00,0.000000,0.000000,0.000000e+00,4.91421021e-17,0.001092
2877,0.359113,0.129169,0.00000000e+00,0.000000,0.000000,0.000000e+00,2.59873732e-16,0.005772
2878,0.364391,0.157990,0.00000000e+00,0.000000,0.000000,0.000000e+00,5.45580909e-16,0.012118
2879,0.173754,0.372880,0.00000000e+00,0.000000,0.000000,0.000000e+00,1.21272963e-16,0.002694
2880,0.149965,0.673179,0.00000000e+00,0.000000,0.000000,0.000000e+00,8.93973263e-17,0.001986
2881,0.150166,0.697087,0.00000000e+00,0.000000,0.000000,0.000000e+00,2.00349312e-16,0.004450
2882,0.793147,0.404796,0.00000000e+00,0.000000,0.000000,0.000000e+00,7.54104566e-17,0.001675
2883,0.486780,0.770500,0.00000000e+00,0.000000,0.000000,0.000000e+00,5.82408896e-16,0.012937
2884,0.384370,0.762151,0.00000000e+00,0.000000,0.000000,0.000000e+00,6.43324223e-16,0.014290
2885,0.331886,0.260385,0.00000000e+00,0.000000,0.000000,0.000000e+00,7.76786546e-16,0.017254
2886,0.795214,0.357162,0.00000000e+00,0.000000,0.000000,0.000000e+00,1.19801733e-16,0.002661
2887,0.718012,0.378969,0.00000000e+00,0.000000,0.000000,0.000000e+00,3.19381211e-16,0.007094
2888,0.390569,0.200675,0.00000000e+00,0.000000,0.000000,0.000000e+00,2.77480053e-16,0.006163
2889,0.635297,0.323326,0.00000000e+00,0.000000,0.000000,0.000000e+00,2.37415897e-16,0.005273
2890,0.333552,0.147171,0.00000000e+00,0.000000,0.000000,0.000000e+00,4.48399866e-16,0.009960
2891,0.265113,0.277945,0.00000000e+00,0.000000,0.000000,0.000000e+00,2.41554712e-16,0.005365
2892,0.803312,0.532591,0.00000000e+00,0.000000,0.000000,0.000000e+00,2.52207686e-16,0.005602
2893,0.432035,0.700665,0.00000000e+00,0.000000,0.000000,0.000000e+00,6.64062502e-16,0.014750
2894,0.786671,0.490182,0.00000000e+00,0.000000,0.000000,0.000000e+00,1.28759159e-16,0.002860
2895,0.392626,0.213836,0.00000000e+00,0.000000,0.000000,0.000000e+00,3.90151211e-16,0.008666
2896,0.718614,0.696763,0.00000000e+00,0.000000,0.000000,0.000000e+00,1.38619827e-16,0.003079
2897,0.432035,0.700665,0.00000000e+00,0.000000,0.000000,0.000000e+00,5.85655362e-16,0.013009
2898,0.751900,0.340171,0.00000000e+00,0.000000,0.000000,0.000000e+00,1.79468534e-16,0.003986
2899,0.785853,0.327589,0.00000000e+00,0.000000,0.000000,0.000000e+00,1.99470158e-16,0.004431
2900,0.746118,0.314586,0.00000000e+00,0.000000,0.000000,0.000000e+00,2.31407310e-16,0.005140
2901,0.386653,0.188802,0.00000000e+00,0.000000,0.000000,0.000000e+00,3.10207553e-16,0.006890
2902,0.311104,0.732307,0.00000000e+00,0.000000,0.000000,0.000000e+00,2.21877832e-16,0.004928
2903,0.522275,0.285056,0.00000000e+00,0.000000,0.000000,0.000000e+00,8.87077965e-16,0.019704
2904,0.489755,0.284836,0.00000000e+00,0.000000,0.000000,0.000000e+00,6.39947844e-16,0.014215
2905,0.762254,0.303772,0.00000000e+00,0.000000,0.000000,0.000000e+00,1.87835035e-16,0.004172
2906,0.718614,0.696763,0.00000000e+00,0.000000,0.000000,0.000000e+00,1.63995981e-16,0.003643
