label,cx,cy,area,h_eq,d,H,miseseri,norm_miseseri
1,0.280333,0.402593,0.00000000e+00,0.000000,0.000000,0.000000e+00,3.92912432e-16,0.006666
2,0.473568,0.359526,0.00000000e+00,0.000000,0.000000,0.000000e+00,1.43288434e-15,0.024310
3,0.667355,0.475520,0.00000000e+00,0.000000,0.000000,0.000000e+00,1.90736613e-16,0.003236
4,0.430856,0.814246,0.00000000e+00,0.000000,0.000000,0.000000e+00,7.00184327e-16,0.011879
5,0.714496,0.255883,0.00000000e+00,0.000000,0.000000,0.000000e+00,1.60976944e-16,0.002731
6,0.303897,0.260673,0.00000000e+00,0.000000,0.000000,0.000000e+00,6.47296384e-16,0.010982
7,0.265663,0.262728,0.00000000e+00,0.000000,0.000000,0.000000e+00,6.72779106e-16,0.011414
8,0.765842,0.430779,0.00000000e+00,0.000000,0.000000,0.000000e+00,2.86540261e-16,0.004861
9,0.422086,0.852929,0.00000000e+00,0.000000,0.000000,0.000000e+00,6.85852954e-16,0.011636
10,0.899159,0.915565,0.00000000e+00,0.000000,0.000000,0.000000e+00,1.45657122e-16,0.002471
11,0.799653,0.943016,0.00000000e+00,0.000000,0.000000,0.000000e+00,2.58635237e-16,0.004388
12,0.942800,0.700251,0.00000000e+00,0.000000,0.000000,0.000000e+00,2.92414620e-16,0.004961
13,0.943588,0.200312,0.00000000e+00,0.000000,0.000000,0.000000e+00,2.45751442e-16,0.004169
14,0.299646,0.942555,0.00000000e+00,0.000000,0.000000,0.000000e+00,6.74248496e-16,0.011439
15,0.084481,0.898857,0.00000000e+00,0.000000,0.000000,0.000000e+00,4.49364478e-16,0.007624
16,0.058615,0.821948,0.00000000e+00,0.000000,0.000000,0.000000e+00,4.06346507e-16,0.006894
17,0.167444,0.910569,0.00000000e+00,0.000000,0.000000,0.000000e+00,2.54312378e-16,0.004315
18,0.478286,0.578765,0.00000000e+00,0.000000,0.000000,0.000000e+00,4.82475261e-15,0.081857
19,0.053726,0.889443,0.00000000e+00,0.000000,0.000000,0.000000e+00,3.87914885e-16,0.006581
20,0.333905,0.397691,0.00000000e+00,0.000000,0.000000,0.000000e+00,8.38731548e-16,0.014230
21,0.061684,0.422616,0.00000000e+00,0.000000,0.000000,0.000000e+00,2.29024951e-16,0.003886
22,0.035996,0.398628,0.00000000e+00,0.000000,0.000000,0.000000e+00,1.93293673e-16,0.003279
23,0.651742,0.108509,0.00000000e+00,0.000000,0.000000,0.000000e+00,3.59098824e-16,0.006092
24,0.141692,0.588944,0.00000000e+00,0.000000,0.000000,0.000000e+00,1.43965373e-16,0.002443
25,0.165996,0.891356,0.00000000e+00,0.000000,0.000000,0.000000e+00,9.89144099e-17,0.001678
26,0.105409,0.353488,0.00000000e+00,0.000000,0.000000,0.000000e+00,1.05915753e-16,0.001797
27,0.699235,0.926573,0.00000000e+00,0.000000,0.000000,0.000000e+00,1.18744953e-16,0.002015
28,0.926189,0.801269,0.00000000e+00,0.000000,0.000000,0.000000e+00,1.27688245e-16,0.002166
29,0.148642,0.166149,0.00000000e+00,0.000000,0.000000,0.000000e+00,4.13089525e-16,0.007008
30,0.872180,0.729248,0.00000000e+00,0.000000,0.000000,0.000000e+00,1.23505451e-16,0.002095
31,0.150225,0.217047,0.00000000e+00,0.000000,0.000000,0.000000e+00,2.77534369e-16,0.004709
32,0.271899,0.871559,0.00000000e+00,0.000000,0.000000,0.000000e+00,5.27338837e-16,0.008947
33,0.883503,0.593918,0.00000000e+00,0.000000,0.000000,0.000000e+00,2.04569574e-16,0.003471
34,0.436790,0.109772,0.00000000e+00,0.000000,0.000000,0.000000e+00,6.57049228e-16,0.011148
35,0.596365,0.389183,0.00000000e+00,0.000000,0.000000,0.000000e+00,1.89005831e-15,0.032067
36,0.613169,0.598318,0.00000000e+00,0.000000,0.000000,0.000000e+00,1.02226744e-15,0.017344
37,0.858915,0.245135,0.00000000e+00,0.000000,0.000000,0.000000e+00,8.54485514e-17,0.001450
38,0.754069,0.860621,0.00000000e+00,0.000000,0.000000,0.000000e+00,4.55131614e-17,0.000772
39,0.353442,0.337608,0.00000000e+00,0.000000,0.000000,0.000000e+00,8.82185926e-16,0.014967
40,0.645433,0.787181,0.00000000e+00,0.000000,0.000000,0.000000e+00,2.02614913e-16,0.003438
41,0.374073,0.208837,0.00000000e+00,0.000000,0.000000,0.000000e+00,8.68555102e-16,0.014736
42,0.829152,0.761097,0.00000000e+00,0.000000,0.000000,0.000000e+00,1.02006788e-16,0.001731
43,0.562240,0.674348,0.00000000e+00,0.000000,0.000000,0.000000e+00,8.71374715e-16,0.014784
44,0.794966,0.772026,0.00000000e+00,0.000000,0.000000,0.000000e+00,9.09394027e-17,0.001543
45,0.848108,0.563940,0.00000000e+00,0.000000,0.000000,0.000000e+00,1.89231118e-16,0.003211
46,0.577217,0.628220,0.00000000e+00,0.000000,0.000000,0.000000e+00,5.83143856e-16,0.009894
47,0.365640,0.723474,0.00000000e+00,0.000000,0.000000,0.000000e+00,9.41709843e-16,0.015977
48,0.536036,0.829079,0.00000000e+00,0.000000,0.000000,0.000000e+00,5.33008929e-16,0.009043
49,0.635297,0.323326,0.00000000e+00,0.000000,0.000000,0.000000e+00,1.83011156e-16,0.003105
50,0.658008,0.463035,0.00000000e+00,0.000000,0.000000,0.000000e+00,4.93075349e-16,0.008366
51,0.746118,0.314586,0.00000000e+00,0.000000,0.000000,0.000000e+00,2.01332135e-16,0.003416
52,0.405278,0.286577,0.00000000e+00,0.000000,0.000000,0.000000e+00,9.95884271e-16,0.016896
53,0.765758,0.345527,0.00000000e+00,0.000000,0.000000,0.000000e+00,1.62417747e-16,0.002756
54,0.587951,0.261099,0.00000000e+00,0.000000,0.000000,0.000000e+00,5.57614442e-16,0.009461
55,0.610564,0.696863,0.00000000e+00,0.000000,0.000000,0.000000e+00,2.36073747e-16,0.004005
56,0.773797,0.475908,0.00000000e+00,0.000000,0.000000,0.000000e+00,1.44920627e-16,0.002459
57,0.755485,0.396106,0.00000000e+00,0.000000,0.000000,0.000000e+00,2.74092212e-16,0.004650
58,0.259154,0.690530,0.00000000e+00,0.000000,0.000000,0.000000e+00,1.22169269e-16,0.002073
59,0.707110,0.690709,0.00000000e+00,0.000000,0.000000,0.000000e+00,2.88777328e-16,0.004899
60,0.222702,0.239516,0.00000000e+00,0.000000,0.000000,0.000000e+00,9.78535011e-17,0.001660
61,0.726962,0.509559,0.00000000e+00,0.000000,0.000000,0.000000e+00,9.42568073e-17,0.001599
62,0.691930,0.658725,0.00000000e+00,0.000000,0.000000,0.000000e+00,3.38577121e-16,0.005744
63,0.711585,0.705271,0.00000000e+00,0.000000,0.000000,0.000000e+00,1.14759054e-16,0.001947
64,0.756050,0.619766,0.00000000e+00,0.000000,0.000000,0.000000e+00,3.80377112e-16,0.006453
65,0.616768,0.155977,0.00000000e+00,0.000000,0.000000,0.000000e+00,3.23755501e-16,0.005493
66,0.903366,0.088456,0.00000000e+00,0.000000,0.000000,0.000000e+00,1.12671304e-16,0.001912
67,0.940815,0.099192,0.00000000e+00,0.000000,0.000000,0.000000e+00,1.01961975e-16,0.001730
68,0.889719,0.946102,0.00000000e+00,0.000000,0.000000,0.000000e+00,8.27396407e-17,0.001404
69,0.705517,0.107679,0.00000000e+00,0.000000,0.000000,0.000000e+00,2.46846709e-16,0.004188
70,0.107511,0.802074,0.00000000e+00,0.000000,0.000000,0.000000e+00,2.04155057e-16,0.003464
71,0.877225,0.163179,0.00000000e+00,0.000000,0.000000,0.000000e+00,7.40684056e-17,0.001257
72,0.833236,0.873180,0.00000000e+00,0.000000,0.000000,0.000000e+00,8.78978861e-17,0.001491
73,0.129594,0.830700,0.00000000e+00,0.000000,0.000000,0.000000e+00,3.32896707e-16,0.005648
74,0.871075,0.665274,0.00000000e+00,0.000000,0.000000,0.000000e+00,1.51719086e-16,0.002574
75,0.333803,0.871521,0.00000000e+00,0.000000,0.000000,0.000000e+00,5.18919859e-16,0.008804
76,0.090585,0.121331,0.00000000e+00,0.000000,0.000000,0.000000e+00,2.31349871e-16,0.003925
77,0.845532,0.493484,0.00000000e+00,0.000000,0.000000,0.000000e+00,1.93803269e-16,0.003288
78,0.150741,0.324866,0.00000000e+00,0.000000,0.000000,0.000000e+00,1.38654886e-16,0.002352
79,0.322014,0.143704,0.00000000e+00,0.000000,0.000000,0.000000e+00,4.65434811e-16,0.007897
80,0.512690,0.754530,0.00000000e+00,0.000000,0.000000,0.000000e+00,8.69704843e-16,0.014755
81,0.823376,0.249491,0.00000000e+00,0.000000,0.000000,0.000000e+00,1.01050144e-16,0.001714
82,0.531155,0.728931,0.00000000e+00,0.000000,0.000000,0.000000e+00,8.66771409e-16,0.014706
83,0.472512,0.201202,0.00000000e+00,0.000000,0.000000,0.000000e+00,7.09017346e-16,0.012029
84,0.809618,0.547079,0.00000000e+00,0.000000,0.000000,0.000000e+00,1.98666959e-16,0.003371
85,0.759860,0.464445,0.00000000e+00,0.000000,0.000000,0.000000e+00,2.01244626e-16,0.003414
86,0.787825,0.252579,0.00000000e+00,0.000000,0.000000,0.000000e+00,1.14775691e-16,0.001947
87,0.448680,0.725647,0.00000000e+00,0.000000,0.000000,0.000000e+00,1.12852508e-15,0.019147
88,0.698410,0.754344,0.00000000e+00,0.000000,0.000000,0.000000e+00,2.40109171e-16,0.004074
89,0.020000,0.000000,0.00000000e+00,0.000000,0.000000,0.000000e+00,1.82918247e-16,0.003103
90,0.020452,0.020093,0.00000000e+00,0.000000,0.000000,0.000000e+00,1.90958006e-16,0.003240
91,0.000000,0.120000,0.00000000e+00,0.000000,0.000000,0.000000e+00,1.84757579e-16,0.003135
92,0.000000,0.160000,0.00000000e+00,0.000000,0.000000,0.000000e+00,1.58331832e-16,0.002686
93,0.000000,0.200000,0.00000000e+00,0.000000,0.000000,0.000000e+00,1.49708044e-16,0.002540
94,0.000000,0.240000,0.00000000e+00,0.000000,0.000000,0.000000e+00,1.25077888e-16,0.002122
95,0.000000,0.280000,0.00000000e+00,0.000000,0.000000,0.000000e+00,9.51417185e-17,0.001614
96,0.020974,0.300775,0.00000000e+00,0.000000,0.000000,0.000000e+00,1.38148930e-16,0.002344
97,0.019098,0.341038,0.00000000e+00,0.000000,0.000000,0.000000e+00,1.95112147e-16,0.003310
98,0.018112,0.380261,0.00000000e+00,0.000000,0.000000,0.000000e+00,2.35682894e-16,0.003999
99,0.019991,0.419175,0.00000000e+00,0.000000,0.000000,0.000000e+00,2.55356743e-16,0.004332
100,0.020000,0.500000,0.00000000e+00,0.000000,0.000000,0.000000e+00,5.07889326e-17,0.000862
101,0.000000,0.480000,0.00000000e+00,0.000000,0.000000,0.000000e+00,2.02517200e-16,0.003436
102,0.040000,0.000000,0.00000000e+00,0.000000,0.000000,0.000000e+00,1.71686498e-16,0.002913
103,0.041634,0.039688,0.00000000e+00,0.000000,0.000000,0.000000e+00,2.00213562e-16,0.003397
104,0.061738,0.110532,0.00000000e+00,0.000000,0.000000,0.000000e+00,2.93760555e-16,0.004984
105,0.038260,0.162826,0.00000000e+00,0.000000,0.000000,0.000000e+00,1.29738422e-16,0.002201
106,0.060898,0.202065,0.00000000e+00,0.000000,0.000000,0.000000e+00,7.77557783e-17,0.001319
107,0.042992,0.242773,0.00000000e+00,0.000000,0.000000,0.000000e+00,6.63810324e-17,0.001126
108,0.019779,0.281096,0.00000000e+00,0.000000,0.000000,0.000000e+00,1.68500026e-16,0.002859
109,0.074894,0.319863,0.00000000e+00,0.000000,0.000000,0.000000e+00,1.11078233e-16,0.001885
110,0.036109,0.380579,0.00000000e+00,0.000000,0.000000,0.000000e+00,1.50908965e-16,0.002560
111,0.060000,0.500000,0.00000000e+00,0.000000,0.000000,0.000000e+00,2.50827102e-16,0.004256
112,0.080183,0.457634,0.00000000e+00,0.000000,0.000000,0.000000e+00,2.51858285e-16,0.004273
113,0.080000,0.000000,0.00000000e+00,0.000000,0.000000,0.000000e+00,1.52938006e-16,0.002595
114,0.081456,0.037767,0.00000000e+00,0.000000,0.000000,0.000000e+00,1.45538789e-16,0.002469
115,0.082694,0.056733,0.00000000e+00,0.000000,0.000000,0.000000e+00,1.53745599e-16,0.002608
116,0.108110,0.110606,0.00000000e+00,0.000000,0.000000,0.000000e+00,4.51060079e-16,0.007653
117,0.093058,0.145262,0.00000000e+00,0.000000,0.000000,0.000000e+00,1.55028682e-16,0.002630
118,0.100455,0.197208,0.00000000e+00,0.000000,0.000000,0.000000e+00,6.54131384e-17,0.001110
119,0.085381,0.221639,0.00000000e+00,0.000000,0.000000,0.000000e+00,3.49839397e-17,0.000594
120,0.077289,0.298556,0.00000000e+00,0.000000,0.000000,0.000000e+00,1.08362202e-16,0.001838
121,0.102123,0.328051,0.00000000e+00,0.000000,0.000000,0.000000e+00,1.10932821e-16,0.001882
122,0.114682,0.334120,0.00000000e+00,0.000000,0.000000,0.000000e+00,8.79453001e-17,0.001492
123,0.093019,0.384890,0.00000000e+00,0.000000,0.000000,0.000000e+00,1.03897386e-16,0.001763
124,0.080183,0.457634,0.00000000e+00,0.000000,0.000000,0.000000e+00,2.32836016e-16,0.003950
125,0.100045,0.479343,0.00000000e+00,0.000000,0.000000,0.000000e+00,2.97689915e-16,0.005051
126,0.080177,0.479187,0.00000000e+00,0.000000,0.000000,0.000000e+00,2.97793703e-16,0.005052
127,0.120000,0.000000,0.00000000e+00,0.000000,0.000000,0.000000e+00,3.94811242e-16,0.006698
128,0.139355,0.035910,0.00000000e+00,0.000000,0.000000,0.000000e+00,4.69318986e-16,0.007962
129,0.138749,0.052991,0.00000000e+00,0.000000,0.000000,0.000000e+00,4.81419011e-16,0.008168
130,0.148436,0.106656,0.00000000e+00,0.000000,0.000000,0.000000e+00,3.17078340e-16,0.005380
131,0.135807,0.143696,0.00000000e+00,0.000000,0.000000,0.000000e+00,4.20525786e-16,0.007135
132,0.155993,0.180928,0.00000000e+00,0.000000,0.000000,0.000000e+00,2.05601141e-16,0.003488
133,0.157350,0.300770,0.00000000e+00,0.000000,0.000000,0.000000e+00,4.00361703e-17,0.000679
134,0.157350,0.300770,0.00000000e+00,0.000000,0.000000,0.000000e+00,1.52401384e-16,0.002586
135,0.125315,0.361906,0.00000000e+00,0.000000,0.000000,0.000000e+00,8.27543513e-17,0.001404
136,0.123747,0.419551,0.00000000e+00,0.000000,0.000000,0.000000e+00,1.01974965e-16,0.001730
137,0.159653,0.460974,0.00000000e+00,0.000000,0.000000,0.000000e+00,1.66351064e-16,0.002822
138,0.160000,0.500000,0.00000000e+00,0.000000,0.000000,0.000000e+00,2.66847433e-16,0.004527
139,0.140000,0.500000,0.00000000e+00,0.000000,0.000000,0.000000e+00,2.85611145e-16,0.004846
140,0.160000,0.000000,0.00000000e+00,0.000000,0.000000,0.000000e+00,1.65406066e-16,0.002806
141,0.178040,0.039525,0.00000000e+00,0.000000,0.000000,0.000000e+00,1.98306811e-16,0.003364
142,0.173104,0.056824,0.00000000e+00,0.000000,0.000000,0.000000e+00,3.33667692e-16,0.005661
143,0.188946,0.100986,0.00000000e+00,0.000000,0.000000,0.000000e+00,4.44693091e-16,0.007545
144,0.186215,0.160498,0.00000000e+00,0.000000,0.000000,0.000000e+00,3.70127484e-16,0.006280
145,0.194631,0.177516,0.00000000e+00,0.000000,0.000000,0.000000e+00,3.97568096e-16,0.006745
146,0.172024,0.242348,0.00000000e+00,0.000000,0.000000,0.000000e+00,9.21445718e-17,0.001563
147,0.171018,0.269179,0.00000000e+00,0.000000,0.000000,0.000000e+00,1.35047876e-16,0.002291
148,0.150741,0.324866,0.00000000e+00,0.000000,0.000000,0.000000e+00,2.80186005e-16,0.004754
149,0.161969,0.367285,0.00000000e+00,0.000000,0.000000,0.000000e+00,3.11984039e-17,0.000529
150,0.159493,0.422732,0.00000000e+00,0.000000,0.000000,0.000000e+00,1.37110441e-16,0.002326
151,0.159653,0.460974,0.00000000e+00,0.000000,0.000000,0.000000e+00,1.42013875e-16,0.002409
152,0.200000,0.500000,0.00000000e+00,0.000000,0.000000,0.000000e+00,2.21996443e-16,0.003766
153,0.159795,0.480438,0.00000000e+00,0.000000,0.000000,0.000000e+00,2.45920955e-16,0.004172
154,0.200000,0.000000,0.00000000e+00,0.000000,0.000000,0.000000e+00,1.90996811e-16,0.003240
155,0.234528,0.045650,0.00000000e+00,0.000000,0.000000,0.000000e+00,2.75729130e-16,0.004678
156,0.241549,0.063399,0.00000000e+00,0.000000,0.000000,0.000000e+00,5.86639984e-16,0.009953
157,0.212607,0.098028,0.00000000e+00,0.000000,0.000000,0.000000e+00,6.80909140e-16,0.011552
158,0.201336,0.158896,0.00000000e+00,0.000000,0.000000,0.000000e+00,4.35621474e-16,0.007391
159,0.241846,0.207411,0.00000000e+00,0.000000,0.000000,0.000000e+00,5.33655003e-16,0.009054
160,0.222702,0.239516,0.00000000e+00,0.000000,0.000000,0.000000e+00,2.71059728e-16,0.004599
161,0.208041,0.277889,0.00000000e+00,0.000000,0.000000,0.000000e+00,3.68753650e-16,0.006256
162,0.231320,0.334698,0.00000000e+00,0.000000,0.000000,0.000000e+00,4.06858538e-16,0.006903
163,0.221758,0.376749,0.00000000e+00,0.000000,0.000000,0.000000e+00,4.43903471e-16,0.007531
164,0.230797,0.416405,0.00000000e+00,0.000000,0.000000,0.000000e+00,4.79097134e-16,0.008128
165,0.218066,0.458912,0.00000000e+00,0.000000,0.000000,0.000000e+00,2.90441324e-16,0.004928
166,0.240000,0.500000,0.00000000e+00,0.000000,0.000000,0.000000e+00,1.74739429e-16,0.002965
167,0.199489,0.479946,0.00000000e+00,0.000000,0.000000,0.000000e+00,1.96229886e-16,0.003329
168,0.240000,0.000000,0.00000000e+00,0.000000,0.000000,0.000000e+00,2.22146884e-16,0.003769
169,0.258479,0.021640,0.00000000e+00,0.000000,0.000000,0.000000e+00,2.44562314e-16,0.004149
170,0.257571,0.065248,0.00000000e+00,0.000000,0.000000,0.000000e+00,3.37391990e-16,0.005724
171,0.264926,0.113686,0.00000000e+00,0.000000,0.000000,0.000000e+00,7.61513377e-16,0.012920
172,0.300751,0.141577,0.00000000e+00,0.000000,0.000000,0.000000e+00,6.09538408e-16,0.010341
173,0.282231,0.198114,0.00000000e+00,0.000000,0.000000,0.000000e+00,6.24248194e-16,0.010591
174,0.289997,0.251279,0.00000000e+00,0.000000,0.000000,0.000000e+00,8.89133661e-16,0.015085
175,0.295689,0.293745,0.00000000e+00,0.000000,0.000000,0.000000e+00,7.04383070e-16,0.011951
176,0.270211,0.329966,0.00000000e+00,0.000000,0.000000,0.000000e+00,4.59953502e-16,0.007804
177,0.293871,0.345781,0.00000000e+00,0.000000,0.000000,0.000000e+00,6.86874316e-16,0.011654
178,0.259142,0.453906,0.00000000e+00,0.000000,0.000000,0.000000e+00,7.88969633e-16,0.013386
179,0.260565,0.476553,0.00000000e+00,0.000000,0.000000,0.000000e+00,2.17068617e-16,0.003683
180,0.300000,0.000000,0.00000000e+00,0.000000,0.000000,0.000000e+00,2.72590237e-16,0.004625
181,0.320000,0.000000,0.00000000e+00,0.000000,0.000000,0.000000e+00,2.84208379e-16,0.004822
182,0.319883,0.078952,0.00000000e+00,0.000000,0.000000,0.000000e+00,2.81448190e-16,0.004775
183,0.324405,0.114952,0.00000000e+00,0.000000,0.000000,0.000000e+00,2.63352787e-16,0.004468
184,0.313891,0.158901,0.00000000e+00,0.000000,0.000000,0.000000e+00,6.24789713e-16,0.010600
185,0.314016,0.178809,0.00000000e+00,0.000000,0.000000,0.000000e+00,6.04356896e-16,0.010254
186,0.306243,0.321668,0.00000000e+00,0.000000,0.000000,0.000000e+00,4.06235493e-16,0.006892
187,0.321119,0.358237,0.00000000e+00,0.000000,0.000000,0.000000e+00,5.04327546e-16,0.008556
188,0.297404,0.400183,0.00000000e+00,0.000000,0.000000,0.000000e+00,7.83627396e-16,0.013295
189,0.283676,0.448757,0.00000000e+00,0.000000,0.000000,0.000000e+00,5.45978909e-16,0.009263
190,0.323244,0.479415,0.00000000e+00,0.000000,0.000000,0.000000e+00,6.10056051e-16,0.010350
191,0.283676,0.448757,0.00000000e+00,0.000000,0.000000,0.000000e+00,3.85663286e-16,0.006543
192,0.340000,0.000000,0.00000000e+00,0.000000,0.000000,0.000000e+00,2.95588055e-16,0.005015
193,0.360000,0.000000,0.00000000e+00,0.000000,0.000000,0.000000e+00,3.07023609e-16,0.005209
194,0.357270,0.057179,0.00000000e+00,0.000000,0.000000,0.000000e+00,2.98978093e-16,0.005072
195,0.358357,0.112435,0.00000000e+00,0.000000,0.000000,0.000000e+00,3.04672881e-16,0.005169
196,0.355993,0.172785,0.00000000e+00,0.000000,0.000000,0.000000e+00,6.96111899e-16,0.011810
197,0.371735,0.177153,0.00000000e+00,0.000000,0.000000,0.000000e+00,5.68786647e-16,0.009650
198,0.374856,0.224006,0.00000000e+00,0.000000,0.000000,0.000000e+00,6.21053133e-16,0.010537
199,0.331886,0.260385,0.00000000e+00,0.000000,0.000000,0.000000e+00,8.49235921e-16,0.014408
200,0.348080,0.321677,0.00000000e+00,0.000000,0.000000,0.000000e+00,4.91863403e-16,0.008345
201,0.338593,0.347390,0.00000000e+00,0.000000,0.000000,0.000000e+00,4.39920114e-16,0.007464
202,0.349952,0.404642,0.00000000e+00,0.000000,0.000000,0.000000e+00,9.79199733e-16,0.016613
203,0.365926,0.462302,0.00000000e+00,0.000000,0.000000,0.000000e+00,1.05139987e-15,0.017838
204,0.343325,0.480713,0.00000000e+00,0.000000,0.000000,0.000000e+00,6.77089286e-16,0.011488
205,0.380000,0.000000,0.00000000e+00,0.000000,0.000000,0.000000e+00,3.20498156e-16,0.005438
206,0.400000,0.000000,0.00000000e+00,0.000000,0.000000,0.000000e+00,3.34106243e-16,0.005668
207,0.391532,0.074064,0.00000000e+00,0.000000,0.000000,0.000000e+00,2.96636629e-16,0.005033
208,0.375398,0.093478,0.00000000e+00,0.000000,0.000000,0.000000e+00,3.64557263e-16,0.006185
209,0.426430,0.143543,0.00000000e+00,0.000000,0.000000,0.000000e+00,7.53052207e-16,0.012776
210,0.401852,0.180652,0.00000000e+00,0.000000,0.000000,0.000000e+00,5.50323764e-16,0.009337
211,0.364682,0.293351,0.00000000e+00,0.000000,0.000000,0.000000e+00,1.36309561e-15,0.023126
212,0.385466,0.317654,0.00000000e+00,0.000000,0.000000,0.000000e+00,1.19565699e-15,0.020286
213,0.369325,0.401268,0.00000000e+00,0.000000,0.000000,0.000000e+00,1.94379450e-15,0.032978
214,0.387841,0.421594,0.00000000e+00,0.000000,0.000000,0.000000e+00,2.10774472e-15,0.035760
215,0.400000,0.500000,0.00000000e+00,0.000000,0.000000,0.000000e+00,7.06860059e-16,0.011993
216,0.404072,0.461558,0.00000000e+00,0.000000,0.000000,0.000000e+00,3.24962750e-15,0.055133
217,0.420000,0.000000,0.00000000e+00,0.000000,0.000000,0.000000e+00,3.38660078e-16,0.005746
218,0.414926,0.039298,0.00000000e+00,0.000000,0.000000,0.000000e+00,4.67943775e-16,0.007939
219,0.427481,0.061626,0.00000000e+00,0.000000,0.000000,0.000000e+00,4.90295969e-16,0.008318
220,0.436790,0.109772,0.00000000e+00,0.000000,0.000000,0.000000e+00,6.89584557e-16,0.011700
221,0.426430,0.143543,0.00000000e+00,0.000000,0.000000,0.000000e+00,5.86598903e-16,0.009952
222,0.410534,0.211505,0.00000000e+00,0.000000,0.000000,0.000000e+00,3.82495250e-16,0.006489
223,0.438927,0.239304,0.00000000e+00,0.000000,0.000000,0.000000e+00,9.99124277e-16,0.016951
224,0.422933,0.282515,0.00000000e+00,0.000000,0.000000,0.000000e+00,8.20946238e-16,0.013928
225,0.416798,0.328569,0.00000000e+00,0.000000,0.000000,0.000000e+00,1.40830546e-15,0.023893
226,0.473568,0.359526,0.00000000e+00,0.000000,0.000000,0.000000e+00,1.98929224e-15,0.033750
227,0.431208,0.376268,0.00000000e+00,0.000000,0.000000,0.000000e+00,2.29000164e-15,0.038852
228,0.404072,0.461558,0.00000000e+00,0.000000,0.000000,0.000000e+00,3.71228791e-15,0.062983
229,0.422073,0.480455,0.00000000e+00,0.000000,0.000000,0.000000e+00,3.60480324e-15,0.061159
230,0.442113,0.480017,0.00000000e+00,0.000000,0.000000,0.000000e+00,7.93448542e-15,0.134617
231,0.460000,0.000000,0.00000000e+00,0.000000,0.000000,0.000000e+00,3.21921330e-16,0.005462
232,0.453678,0.046484,0.00000000e+00,0.000000,0.000000,0.000000e+00,4.57605262e-16,0.007764
233,0.473945,0.060318,0.00000000e+00,0.000000,0.000000,0.000000e+00,3.37144180e-16,0.005720
234,0.483150,0.097042,0.00000000e+00,0.000000,0.000000,0.000000e+00,6.74221815e-16,0.011439
235,0.485669,0.138851,0.00000000e+00,0.000000,0.000000,0.000000e+00,7.32008255e-16,0.012419
236,0.470257,0.166663,0.00000000e+00,0.000000,0.000000,0.000000e+00,5.05830183e-16,0.008582
237,0.507016,0.223530,0.00000000e+00,0.000000,0.000000,0.000000e+00,8.95693084e-16,0.015196
238,0.436338,0.280403,0.00000000e+00,0.000000,0.000000,0.000000e+00,9.13932456e-16,0.015506
239,0.476847,0.334259,0.00000000e+00,0.000000,0.000000,0.000000e+00,1.18783295e-15,0.020153
240,0.482701,0.383293,0.00000000e+00,0.000000,0.000000,0.000000e+00,2.00624878e-15,0.034038
241,0.505372,0.461214,0.00000000e+00,0.000000,0.000000,0.000000e+00,4.87427862e-15,0.082697
242,0.480000,0.500000,0.00000000e+00,0.000000,0.000000,0.000000e+00,5.42552148e-14,0.920496
243,0.483986,0.459860,0.00000000e+00,0.000000,0.000000,0.000000e+00,1.29744331e-14,0.220125
244,0.500000,0.000000,0.00000000e+00,0.000000,0.000000,0.000000e+00,3.02170507e-16,0.005127
245,0.525472,0.060703,0.00000000e+00,0.000000,0.000000,0.000000e+00,3.52085973e-16,0.005974
246,0.525472,0.060703,0.00000000e+00,0.000000,0.000000,0.000000e+00,5.56740304e-16,0.009446
247,0.544963,0.085736,0.00000000e+00,0.000000,0.000000,0.000000e+00,6.39094353e-16,0.010843
248,0.538257,0.114015,0.00000000e+00,0.000000,0.000000,0.000000e+00,6.39737409e-16,0.010854
249,0.514587,0.194690,0.00000000e+00,0.000000,0.000000,0.000000e+00,7.66065227e-16,0.012997
250,0.524388,0.211991,0.00000000e+00,0.000000,0.000000,0.000000e+00,9.00148160e-16,0.015272
251,0.509541,0.269759,0.00000000e+00,0.000000,0.000000,0.000000e+00,1.37623287e-15,0.023349
252,0.500266,0.343700,0.00000000e+00,0.000000,0.000000,0.000000e+00,7.47610867e-16,0.012684
253,0.501684,0.382581,0.00000000e+00,0.000000,0.000000,0.000000e+00,6.48181322e-16,0.010997
254,0.502960,0.402599,0.00000000e+00,0.000000,0.000000,0.000000e+00,1.09682868e-15,0.018609
255,0.525781,0.439594,0.00000000e+00,0.000000,0.000000,0.000000e+00,3.78058629e-15,0.064142
256,0.500000,0.500000,0.00000000e+00,0.000000,0.000000,0.000000e+00,3.18661113e-14,0.540642
257,0.470631,0.543748,0.00000000e+00,0.000000,0.000000,0.000000e+00,2.61333042e-15,0.044338
258,0.448960,0.599214,0.00000000e+00,0.000000,0.000000,0.000000e+00,1.03102534e-15,0.017492
259,0.404137,0.615598,0.00000000e+00,0.000000,0.000000,0.000000e+00,1.30671233e-15,0.022170
260,0.334714,0.661373,0.00000000e+00,0.000000,0.000000,0.000000e+00,8.74539389e-16,0.014837
261,0.298437,0.725489,0.00000000e+00,0.000000,0.000000,0.000000e+00,3.81022525e-16,0.006464
262,0.265280,0.781393,0.00000000e+00,0.000000,0.000000,0.000000e+00,2.91345744e-16,0.004943
263,0.219120,0.806675,0.00000000e+00,0.000000,0.000000,0.000000e+00,2.56375009e-16,0.004350
264,0.182509,0.840956,0.00000000e+00,0.000000,0.000000,0.000000e+00,4.89874041e-16,0.008311
265,0.149155,0.888921,0.00000000e+00,0.000000,0.000000,0.000000e+00,3.24861408e-16,0.005512
266,0.124308,0.922862,0.00000000e+00,0.000000,0.000000,0.000000e+00,1.49080657e-16,0.002529
267,0.073489,0.934198,0.00000000e+00,0.000000,0.000000,0.000000e+00,3.91289835e-16,0.006639
268,0.000000,0.980000,0.00000000e+00,0.000000,0.000000,0.000000e+00,1.65374329e-16,0.002806
269,0.000000,0.980000,0.00000000e+00,0.000000,0.000000,0.000000e+00,1.81298813e-16,0.003076
270,0.000000,0.940000,0.00000000e+00,0.000000,0.000000,0.000000e+00,1.68750827e-16,0.002863
271,0.070933,0.886063,0.00000000e+00,0.000000,0.000000,0.000000e+00,3.75594314e-16,0.006372
272,0.097228,0.833787,0.00000000e+00,0.000000,0.000000,0.000000e+00,2.50786471e-16,0.004255
273,0.146798,0.798316,0.00000000e+00,0.000000,0.000000,0.000000e+00,2.68815911e-16,0.004561
274,0.195813,0.748360,0.00000000e+00,0.000000,0.000000,0.000000e+00,3.91004755e-16,0.006634
275,0.235164,0.749496,0.00000000e+00,0.000000,0.000000,0.000000e+00,4.18357778e-16,0.007098
276,0.273874,0.694771,0.00000000e+00,0.000000,0.000000,0.000000e+00,2.94707194e-16,0.005000
277,0.297466,0.638421,0.00000000e+00,0.000000,0.000000,0.000000e+00,7.84291893e-16,0.013306
278,0.353475,0.615836,0.00000000e+00,0.000000,0.000000,0.000000e+00,1.32813305e-15,0.022533
279,0.392352,0.556266,0.00000000e+00,0.000000,0.000000,0.000000e+00,3.29413951e-15,0.055889
280,0.417138,0.519014,0.00000000e+00,0.000000,0.000000,0.000000e+00,7.13306265e-15,0.121020
281,0.480000,0.500000,0.00000000e+00,0.000000,0.000000,0.000000e+00,3.76533792e-14,0.638829
282,0.456329,0.520724,0.00000000e+00,0.000000,0.000000,0.000000e+00,9.55851948e-15,0.162170
283,0.540000,0.000000,0.00000000e+00,0.000000,0.000000,0.000000e+00,2.71304388e-16,0.004603
284,0.557667,0.023984,0.00000000e+00,0.000000,0.000000,0.000000e+00,2.34333253e-16,0.003976
285,0.600804,0.072067,0.00000000e+00,0.000000,0.000000,0.000000e+00,3.35121492e-16,0.005686
286,0.601686,0.106284,0.00000000e+00,0.000000,0.000000,0.000000e+00,5.96846573e-16,0.010126
287,0.590915,0.150399,0.00000000e+00,0.000000,0.000000,0.000000e+00,3.91235492e-16,0.006638
288,0.578286,0.192819,0.00000000e+00,0.000000,0.000000,0.000000e+00,6.19505498e-16,0.010511
289,0.534671,0.228501,0.00000000e+00,0.000000,0.000000,0.000000e+00,8.06865957e-16,0.013689
290,0.552923,0.337015,0.00000000e+00,0.000000,0.000000,0.000000e+00,6.89239444e-16,0.011694
291,0.555785,0.355292,0.00000000e+00,0.000000,0.000000,0.000000e+00,9.04187660e-16,0.015340
292,0.561306,0.393872,0.00000000e+00,0.000000,0.000000,0.000000e+00,1.04424551e-15,0.017717
293,0.529237,0.485865,0.00000000e+00,0.000000,0.000000,0.000000e+00,2.61311206e-14,0.443342
294,0.542372,0.599212,0.00000000e+00,0.000000,0.000000,0.000000e+00,1.70057937e-15,0.028852
295,0.535157,0.644569,0.00000000e+00,0.000000,0.000000,0.000000e+00,5.52465805e-16,0.009373
296,0.531345,0.681733,0.00000000e+00,0.000000,0.000000,0.000000e+00,6.67354919e-16,0.011322
297,0.587241,0.673511,0.00000000e+00,0.000000,0.000000,0.000000e+00,5.39918388e-16,0.009160
298,0.564007,0.782512,0.00000000e+00,0.000000,0.000000,0.000000e+00,1.61090155e-16,0.002733
299,0.542731,0.876231,0.00000000e+00,0.000000,0.000000,0.000000e+00,6.85032655e-16,0.011622
300,0.573238,0.931642,0.00000000e+00,0.000000,0.000000,0.000000e+00,4.48585420e-16,0.007611
301,0.560000,1.000000,0.00000000e+00,0.000000,0.000000,0.000000e+00,2.49619233e-16,0.004235
302,0.540000,1.000000,0.00000000e+00,0.000000,0.000000,0.000000e+00,2.69903740e-16,0.004579
303,0.540869,0.945680,0.00000000e+00,0.000000,0.000000,0.000000e+00,7.46681778e-16,0.012668
304,0.525820,0.922869,0.00000000e+00,0.000000,0.000000,0.000000e+00,7.15600009e-16,0.012141
305,0.486167,0.896102,0.00000000e+00,0.000000,0.000000,0.000000e+00,7.27831165e-16,0.012348
306,0.504249,0.857742,0.00000000e+00,0.000000,0.000000,0.000000e+00,7.45048063e-16,0.012641
307,0.518013,0.815991,0.00000000e+00,0.000000,0.000000,0.000000e+00,7.64430347e-16,0.012969
308,0.524773,0.761733,0.00000000e+00,0.000000,0.000000,0.000000e+00,7.34768842e-16,0.012466
309,0.522497,0.713805,0.00000000e+00,0.000000,0.000000,0.000000e+00,6.23654530e-16,0.010581
310,0.528299,0.694925,0.00000000e+00,0.000000,0.000000,0.000000e+00,8.09600814e-16,0.013736
311,0.516488,0.645865,0.00000000e+00,0.000000,0.000000,0.000000e+00,6.35092016e-16,0.010775
312,0.532688,0.624985,0.00000000e+00,0.000000,0.000000,0.000000e+00,5.44691684e-16,0.009241
313,0.534701,0.577392,0.00000000e+00,0.000000,0.000000,0.000000e+00,2.43558352e-15,0.041322
314,0.517452,0.507277,0.00000000e+00,0.000000,0.000000,0.000000e+00,2.25531501e-14,0.382638
315,0.552808,0.477627,0.00000000e+00,0.000000,0.000000,0.000000e+00,1.26339894e-14,0.214349
316,0.580000,0.000000,0.00000000e+00,0.000000,0.000000,0.000000e+00,2.05816076e-16,0.003492
317,0.598618,0.045721,0.00000000e+00,0.000000,0.000000,0.000000e+00,2.71269845e-16,0.004602
318,0.613340,0.090614,0.00000000e+00,0.000000,0.000000,0.000000e+00,5.34963987e-16,0.009076
319,0.588949,0.126703,0.00000000e+00,0.000000,0.000000,0.000000e+00,4.53291588e-16,0.007691
320,0.624394,0.140348,0.00000000e+00,0.000000,0.000000,0.000000e+00,2.52987804e-16,0.004292
321,0.633035,0.194829,0.00000000e+00,0.000000,0.000000,0.000000e+00,2.09198450e-16,0.003549
322,0.617254,0.232014,0.00000000e+00,0.000000,0.000000,0.000000e+00,1.72933860e-16,0.002934
323,0.596718,0.281743,0.00000000e+00,0.000000,0.000000,0.000000e+00,7.37126770e-16,0.012506
324,0.615541,0.353153,0.00000000e+00,0.000000,0.000000,0.000000e+00,6.20157131e-16,0.010522
325,0.635798,0.395495,0.00000000e+00,0.000000,0.000000,0.000000e+00,4.50863197e-16,0.007649
326,0.608683,0.454302,0.00000000e+00,0.000000,0.000000,0.000000e+00,7.23965519e-16,0.012283
327,0.572406,0.471955,0.00000000e+00,0.000000,0.000000,0.000000e+00,4.96730741e-15,0.084276
328,0.591350,0.552394,0.00000000e+00,0.000000,0.000000,0.000000e+00,1.03700687e-15,0.017594
329,0.603096,0.583480,0.00000000e+00,0.000000,0.000000,0.000000e+00,7.10327812e-16,0.012051
330,0.587159,0.646925,0.00000000e+00,0.000000,0.000000,0.000000e+00,5.20037996e-16,0.008823
331,0.610564,0.696863,0.00000000e+00,0.000000,0.000000,0.000000e+00,4.56037668e-16,0.007737
332,0.586957,0.727094,0.00000000e+00,0.000000,0.000000,0.000000e+00,3.89806336e-16,0.006613
333,0.601511,0.767999,0.00000000e+00,0.000000,0.000000,0.000000e+00,2.45301959e-16,0.004162
334,0.598840,0.812872,0.00000000e+00,0.000000,0.000000,0.000000e+00,5.46411160e-16,0.009270
335,0.593966,0.869793,0.00000000e+00,0.000000,0.000000,0.000000e+00,5.79678115e-16,0.009835
336,0.615002,0.889156,0.00000000e+00,0.000000,0.000000,0.000000e+00,3.98818978e-16,0.006766
337,0.585405,0.957781,0.00000000e+00,0.000000,0.000000,0.000000e+00,3.19674972e-16,0.005424
338,0.620000,1.000000,0.00000000e+00,0.000000,0.000000,0.000000e+00,1.66103254e-16,0.002818
339,0.581824,0.978388,0.00000000e+00,0.000000,0.000000,0.000000e+00,2.01608691e-16,0.003421
340,0.620000,0.000000,0.00000000e+00,0.000000,0.000000,0.000000e+00,1.47432967e-16,0.002501
341,0.638591,0.019929,0.00000000e+00,0.000000,0.000000,0.000000e+00,1.12255543e-16,0.001905
342,0.657336,0.037965,0.00000000e+00,0.000000,0.000000,0.000000e+00,8.01428363e-17,0.001360
343,0.665294,0.145850,0.00000000e+00,0.000000,0.000000,0.000000e+00,4.25966172e-16,0.007227
344,0.651945,0.160484,0.00000000e+00,0.000000,0.000000,0.000000e+00,3.28434193e-16,0.005572
345,0.661475,0.186812,0.00000000e+00,0.000000,0.000000,0.000000e+00,3.42984737e-16,0.005819
346,0.641800,0.221858,0.00000000e+00,0.000000,0.000000,0.000000e+00,1.32698233e-16,0.002251
347,0.647344,0.278798,0.00000000e+00,0.000000,0.000000,0.000000e+00,5.32025259e-16,0.009026
348,0.638321,0.359569,0.00000000e+00,0.000000,0.000000,0.000000e+00,1.33366198e-16,0.002263
349,0.635798,0.395495,0.00000000e+00,0.000000,0.000000,0.000000e+00,2.54534989e-16,0.004318
350,0.654919,0.449766,0.00000000e+00,0.000000,0.000000,0.000000e+00,1.19226155e-15,0.020228
351,0.626174,0.479015,0.00000000e+00,0.000000,0.000000,0.000000e+00,1.45829216e-15,0.024741
352,0.639084,0.575065,0.00000000e+00,0.000000,0.000000,0.000000e+00,1.08131379e-15,0.018346
353,0.678966,0.587883,0.00000000e+00,0.000000,0.000000,0.000000e+00,4.47549551e-16,0.007593
354,0.638477,0.640265,0.00000000e+00,0.000000,0.000000,0.000000e+00,4.37607158e-16,0.007424
355,0.651976,0.697972,0.00000000e+00,0.000000,0.000000,0.000000e+00,3.02306324e-16,0.005129
356,0.615105,0.724264,0.00000000e+00,0.000000,0.000000,0.000000e+00,6.02599726e-16,0.010224
357,0.644417,0.826042,0.00000000e+00,0.000000,0.000000,0.000000e+00,1.44930077e-16,0.002459
358,0.624384,0.875983,0.00000000e+00,0.000000,0.000000,0.000000e+00,3.94761876e-16,0.006698
359,0.625838,0.895611,0.00000000e+00,0.000000,0.000000,0.000000e+00,3.63236421e-16,0.006163
360,0.662287,0.963702,0.00000000e+00,0.000000,0.000000,0.000000e+00,1.27163720e-16,0.002157
361,0.660000,1.000000,0.00000000e+00,0.000000,0.000000,0.000000e+00,1.04841033e-16,0.001779
362,0.621896,0.981272,0.00000000e+00,0.000000,0.000000,0.000000e+00,1.34055127e-16,0.002274
363,0.660000,0.000000,0.00000000e+00,0.000000,0.000000,0.000000e+00,1.05139950e-16,0.001784
364,0.678177,0.019407,0.00000000e+00,0.000000,0.000000,0.000000e+00,9.86376485e-17,0.001673
365,0.685064,0.068506,0.00000000e+00,0.000000,0.000000,0.000000e+00,2.12216905e-16,0.003600
366,0.691200,0.153231,0.00000000e+00,0.000000,0.000000,0.000000e+00,2.38860909e-16,0.004053
367,0.717874,0.184125,0.00000000e+00,0.000000,0.000000,0.000000e+00,1.99086425e-16,0.003378
368,0.704990,0.226180,0.00000000e+00,0.000000,0.000000,0.000000e+00,2.05575254e-16,0.003488
369,0.694396,0.282698,0.00000000e+00,0.000000,0.000000,0.000000e+00,2.44505960e-16,0.004148
370,0.682007,0.315361,0.00000000e+00,0.000000,0.000000,0.000000e+00,3.90217147e-16,0.006620
371,0.701750,0.361626,0.00000000e+00,0.000000,0.000000,0.000000e+00,3.35032447e-16,0.005684
372,0.698969,0.378795,0.00000000e+00,0.000000,0.000000,0.000000e+00,2.20281426e-16,0.003737
373,0.692807,0.464671,0.00000000e+00,0.000000,0.000000,0.000000e+00,8.18965134e-16,0.013895
374,0.704265,0.543543,0.00000000e+00,0.000000,0.000000,0.000000e+00,2.32599774e-16,0.003946
375,0.686465,0.639915,0.00000000e+00,0.000000,0.000000,0.000000e+00,1.26509532e-16,0.002146
376,0.678003,0.650343,0.00000000e+00,0.000000,0.000000,0.000000e+00,4.05829711e-16,0.006885
377,0.676888,0.689572,0.00000000e+00,0.000000,0.000000,0.000000e+00,1.91021692e-16,0.003241
378,0.697940,0.780710,0.00000000e+00,0.000000,0.000000,0.000000e+00,1.53817067e-16,0.002610
379,0.683237,0.825536,0.00000000e+00,0.000000,0.000000,0.000000e+00,1.53740477e-16,0.002608
380,0.669644,0.867278,0.00000000e+00,0.000000,0.000000,0.000000e+00,4.29169492e-16,0.007281
381,0.665076,0.907632,0.00000000e+00,0.000000,0.000000,0.000000e+00,9.56049926e-17,0.001622
382,0.662287,0.963702,0.00000000e+00,0.000000,0.000000,0.000000e+00,9.06953117e-17,0.001539
383,0.700000,1.000000,0.00000000e+00,0.000000,0.000000,0.000000e+00,6.10255409e-17,0.001035
384,0.661137,0.981972,0.00000000e+00,0.000000,0.000000,0.000000e+00,8.02123922e-17,0.001361
385,0.700000,0.000000,0.00000000e+00,0.000000,0.000000,0.000000e+00,7.14330479e-17,0.001212
386,0.718282,0.022397,0.00000000e+00,0.000000,0.000000,0.000000e+00,2.72359689e-17,0.000462
387,0.723011,0.068865,0.00000000e+00,0.000000,0.000000,0.000000e+00,1.15921634e-16,0.001967
388,0.724680,0.125389,0.00000000e+00,0.000000,0.000000,0.000000e+00,1.07947599e-16,0.001831
389,0.708659,0.147918,0.00000000e+00,0.000000,0.000000,0.000000e+00,1.82306134e-16,0.003093
390,0.739359,0.209579,0.00000000e+00,0.000000,0.000000,0.000000e+00,7.64877501e-17,0.001298
391,0.719105,0.239234,0.00000000e+00,0.000000,0.000000,0.000000e+00,1.78748331e-16,0.003033
392,0.715892,0.275421,0.00000000e+00,0.000000,0.000000,0.000000e+00,9.35301324e-17,0.001587
393,0.706383,0.304718,0.00000000e+00,0.000000,0.000000,0.000000e+00,2.85353886e-16,0.004841
394,0.736435,0.395805,0.00000000e+00,0.000000,0.000000,0.000000e+00,2.86692780e-16,0.004864
395,0.735727,0.461818,0.00000000e+00,0.000000,0.000000,0.000000e+00,5.11348390e-16,0.008676
396,0.765529,0.489609,0.00000000e+00,0.000000,0.000000,0.000000e+00,2.63900685e-16,0.004477
397,0.744925,0.562920,0.00000000e+00,0.000000,0.000000,0.000000e+00,1.80495905e-16,0.003062
398,0.737736,0.620515,0.00000000e+00,0.000000,0.000000,0.000000e+00,1.78825609e-16,0.003034
399,0.740931,0.639204,0.00000000e+00,0.000000,0.000000,0.000000e+00,1.33816740e-16,0.002270
400,0.730901,0.701983,0.00000000e+00,0.000000,0.000000,0.000000e+00,9.08897785e-17,0.001542
401,0.734223,0.737516,0.00000000e+00,0.000000,0.000000,0.000000e+00,1.67394741e-16,0.002840
402,0.702368,0.845491,0.00000000e+00,0.000000,0.000000,0.000000e+00,1.20702288e-16,0.002048
403,0.740973,0.880341,0.00000000e+00,0.000000,0.000000,0.000000e+00,2.85281524e-17,0.000484
404,0.731413,0.920673,0.00000000e+00,0.000000,0.000000,0.000000e+00,7.91246232e-17,0.001342
405,0.718812,0.961424,0.00000000e+00,0.000000,0.000000,0.000000e+00,5.18264653e-17,0.000879
406,0.740000,1.000000,0.00000000e+00,0.000000,0.000000,0.000000e+00,3.58647647e-17,0.000608
407,0.738359,0.959318,0.00000000e+00,0.000000,0.000000,0.000000e+00,3.93297283e-17,0.000667
408,0.740000,0.000000,0.00000000e+00,0.000000,0.000000,0.000000e+00,2.87379883e-17,0.000488
409,0.778829,0.020540,0.00000000e+00,0.000000,0.000000,0.000000e+00,1.86283853e-17,0.000316
410,0.758470,0.042245,0.00000000e+00,0.000000,0.000000,0.000000e+00,8.48767578e-17,0.001440
411,0.742297,0.104169,0.00000000e+00,0.000000,0.000000,0.000000e+00,9.12294454e-17,0.001548
412,0.797504,0.135885,0.00000000e+00,0.000000,0.000000,0.000000e+00,5.61170643e-17,0.000952
413,0.770145,0.212107,0.00000000e+00,0.000000,0.000000,0.000000e+00,5.95252602e-17,0.001010
414,0.785911,0.232054,0.00000000e+00,0.000000,0.000000,0.000000e+00,7.85546429e-17,0.001333
415,0.773991,0.292044,0.00000000e+00,0.000000,0.000000,0.000000e+00,1.93337983e-16,0.003280
416,0.761375,0.370696,0.00000000e+00,0.000000,0.000000,0.000000e+00,2.19108895e-16,0.003717
417,0.776260,0.406316,0.00000000e+00,0.000000,0.000000,0.000000e+00,3.23857462e-16,0.005495
418,0.781702,0.441125,0.00000000e+00,0.000000,0.000000,0.000000e+00,2.99334508e-16,0.005079
419,0.768494,0.572264,0.00000000e+00,0.000000,0.000000,0.000000e+00,9.01799715e-17,0.001530
420,0.776974,0.634919,0.00000000e+00,0.000000,0.000000,0.000000e+00,1.07819896e-16,0.001829
421,0.763824,0.708182,0.00000000e+00,0.000000,0.000000,0.000000e+00,8.40444685e-17,0.001426
422,0.763824,0.708182,0.00000000e+00,0.000000,0.000000,0.000000e+00,1.04239077e-16,0.001769
423,0.769878,0.764330,0.00000000e+00,0.000000,0.000000,0.000000e+00,1.16762737e-16,0.001981
424,0.751219,0.826760,0.00000000e+00,0.000000,0.000000,0.000000e+00,3.89211937e-17,0.000660
425,0.766491,0.856167,0.00000000e+00,0.000000,0.000000,0.000000e+00,9.96933228e-17,0.001691
426,0.793858,0.923946,0.00000000e+00,0.000000,0.000000,0.000000e+00,1.66420706e-16,0.002824
427,0.758996,0.956886,0.00000000e+00,0.000000,0.000000,0.000000e+00,1.06866501e-16,0.001813
428,0.760041,0.978353,0.00000000e+00,0.000000,0.000000,0.000000e+00,1.27870377e-17,0.000217
429,0.738359,0.959318,0.00000000e+00,0.000000,0.000000,0.000000e+00,3.38182867e-17,0.000574
430,0.818445,0.019613,0.00000000e+00,0.000000,0.000000,0.000000e+00,1.98045981e-17,0.000336
431,0.798684,0.020029,0.00000000e+00,0.000000,0.000000,0.000000e+00,1.83261087e-17,0.000311
432,0.815608,0.077996,0.00000000e+00,0.000000,0.000000,0.000000e+00,2.81802898e-17,0.000478
433,0.815546,0.116749,0.00000000e+00,0.000000,0.000000,0.000000e+00,3.88248040e-17,0.000659
434,0.797504,0.135885,0.00000000e+00,0.000000,0.000000,0.000000e+00,4.05426728e-17,0.000688
435,0.807426,0.223065,0.00000000e+00,0.000000,0.000000,0.000000e+00,9.46637140e-17,0.001606
436,0.804261,0.275639,0.00000000e+00,0.000000,0.000000,0.000000e+00,1.26282475e-16,0.002143
437,0.802105,0.317679,0.00000000e+00,0.000000,0.000000,0.000000e+00,2.79496997e-16,0.004742
438,0.796466,0.373356,0.00000000e+00,0.000000,0.000000,0.000000e+00,1.78520214e-16,0.003029
439,0.793147,0.404796,0.00000000e+00,0.000000,0.000000,0.000000e+00,1.71612422e-16,0.002912
440,0.817169,0.428089,0.00000000e+00,0.000000,0.000000,0.000000e+00,1.46030571e-16,0.002478
441,0.817345,0.473277,0.00000000e+00,0.000000,0.000000,0.000000e+00,1.58972321e-16,0.002697
442,0.824737,0.543517,0.00000000e+00,0.000000,0.000000,0.000000e+00,6.87395626e-17,0.001166
443,0.804528,0.606413,0.00000000e+00,0.000000,0.000000,0.000000e+00,1.01923759e-16,0.001729
444,0.812265,0.625715,0.00000000e+00,0.000000,0.000000,0.000000e+00,1.16646363e-16,0.001979
445,0.813367,0.694658,0.00000000e+00,0.000000,0.000000,0.000000e+00,1.85790576e-16,0.003152
446,0.801397,0.755978,0.00000000e+00,0.000000,0.000000,0.000000e+00,7.37851261e-17,0.001252
447,0.794966,0.772026,0.00000000e+00,0.000000,0.000000,0.000000e+00,1.17027581e-16,0.001985
448,0.785122,0.798074,0.00000000e+00,0.000000,0.000000,0.000000e+00,1.35500787e-16,0.002299
449,0.779335,0.847999,0.00000000e+00,0.000000,0.000000,0.000000e+00,1.26555828e-16,0.002147
450,0.839453,0.902402,0.00000000e+00,0.000000,0.000000,0.000000e+00,3.99174666e-17,0.000677
451,0.793858,0.923946,0.00000000e+00,0.000000,0.000000,0.000000e+00,1.77316276e-16,0.003008
452,0.800273,0.979124,0.00000000e+00,0.000000,0.000000,0.000000e+00,1.58297570e-17,0.000269
453,0.782049,0.953820,0.00000000e+00,0.000000,0.000000,0.000000e+00,8.85959802e-17,0.001503
454,0.840000,0.000000,0.00000000e+00,0.000000,0.000000,0.000000e+00,2.11353712e-17,0.000359
455,0.860000,0.000000,0.00000000e+00,0.000000,0.000000,0.000000e+00,2.00508001e-17,0.000340
456,0.853117,0.057467,0.00000000e+00,0.000000,0.000000,0.000000e+00,4.81742809e-17,0.000817
457,0.849817,0.095327,0.00000000e+00,0.000000,0.000000,0.000000e+00,2.49095681e-17,0.000423
458,0.861986,0.170024,0.00000000e+00,0.000000,0.000000,0.000000e+00,4.70935032e-17,0.000799
459,0.845403,0.177724,0.00000000e+00,0.000000,0.000000,0.000000e+00,5.87258067e-17,0.000996
460,0.854707,0.232093,0.00000000e+00,0.000000,0.000000,0.000000e+00,2.33797323e-17,0.000397
461,0.882061,0.276224,0.00000000e+00,0.000000,0.000000,0.000000e+00,1.04724639e-16,0.001777
462,0.864993,0.296322,0.00000000e+00,0.000000,0.000000,0.000000e+00,1.48426536e-16,0.002518
463,0.841551,0.361764,0.00000000e+00,0.000000,0.000000,0.000000e+00,2.16619319e-16,0.003675
464,0.841056,0.397747,0.00000000e+00,0.000000,0.000000,0.000000e+00,1.52578983e-16,0.002589
465,0.834020,0.437254,0.00000000e+00,0.000000,0.000000,0.000000e+00,2.30738710e-16,0.003915
466,0.860411,0.488650,0.00000000e+00,0.000000,0.000000,0.000000e+00,1.62801069e-16,0.002762
467,0.848108,0.563940,0.00000000e+00,0.000000,0.000000,0.000000e+00,3.57907320e-17,0.000607
468,0.843550,0.597498,0.00000000e+00,0.000000,0.000000,0.000000e+00,4.14042046e-17,0.000702
469,0.885328,0.661102,0.00000000e+00,0.000000,0.000000,0.000000e+00,5.60844403e-17,0.000952
470,0.836284,0.682985,0.00000000e+00,0.000000,0.000000,0.000000e+00,1.81631948e-16,0.003082
471,0.846904,0.726756,0.00000000e+00,0.000000,0.000000,0.000000e+00,1.00475147e-16,0.001705
472,0.882404,0.758517,0.00000000e+00,0.000000,0.000000,0.000000e+00,8.71785368e-17,0.001479
473,0.845084,0.814342,0.00000000e+00,0.000000,0.000000,0.000000e+00,9.27150286e-17,0.001573
474,0.823681,0.859888,0.00000000e+00,0.000000,0.000000,0.000000e+00,1.27391399e-16,0.002161
475,0.849099,0.919270,0.00000000e+00,0.000000,0.000000,0.000000e+00,1.16368245e-16,0.001974
476,0.854252,0.933342,0.00000000e+00,0.000000,0.000000,0.000000e+00,1.33720363e-16,0.002269
477,0.840499,0.978596,0.00000000e+00,0.000000,0.000000,0.000000e+00,2.17488961e-17,0.000369
478,0.820037,0.958985,0.00000000e+00,0.000000,0.000000,0.000000e+00,2.71545363e-17,0.000461
479,0.880000,0.000000,0.00000000e+00,0.000000,0.000000,0.000000e+00,2.18218236e-17,0.000370
480,0.900000,0.000000,0.00000000e+00,0.000000,0.000000,0.000000e+00,3.08914107e-17,0.000524
481,0.867431,0.076484,0.00000000e+00,0.000000,0.000000,0.000000e+00,3.80779426e-17,0.000646
482,0.901549,0.122698,0.00000000e+00,0.000000,0.000000,0.000000e+00,6.02270072e-17,0.001022
483,0.921733,0.150588,0.00000000e+00,0.000000,0.000000,0.000000e+00,1.25659892e-16,0.002132
484,0.903364,0.174130,0.00000000e+00,0.000000,0.000000,0.000000e+00,9.06271917e-17,0.001538
485,0.870334,0.225577,0.00000000e+00,0.000000,0.000000,0.000000e+00,5.61224840e-17,0.000952
486,0.893046,0.236444,0.00000000e+00,0.000000,0.000000,0.000000e+00,8.72292926e-17,0.001480
487,0.885443,0.312635,0.00000000e+00,0.000000,0.000000,0.000000e+00,1.62497937e-16,0.002757
488,0.900082,0.359376,0.00000000e+00,0.000000,0.000000,0.000000e+00,1.78794044e-16,0.003033
489,0.909301,0.389909,0.00000000e+00,0.000000,0.000000,0.000000e+00,2.77048278e-16,0.004700
490,0.916196,0.412897,0.00000000e+00,0.000000,0.000000,0.000000e+00,3.12972480e-16,0.005310
491,0.911532,0.491425,0.00000000e+00,0.000000,0.000000,0.000000e+00,1.27515953e-16,0.002163
492,0.892328,0.547170,0.00000000e+00,0.000000,0.000000,0.000000e+00,7.04185671e-17,0.001195
493,0.889785,0.611756,0.00000000e+00,0.000000,0.000000,0.000000e+00,8.83508568e-17,0.001499
494,0.918933,0.651087,0.00000000e+00,0.000000,0.000000,0.000000e+00,1.71031106e-16,0.002902
495,0.900551,0.674532,0.00000000e+00,0.000000,0.000000,0.000000e+00,1.14076399e-16,0.001935
496,0.872180,0.729248,0.00000000e+00,0.000000,0.000000,0.000000e+00,6.46964162e-17,0.001098
497,0.894252,0.736925,0.00000000e+00,0.000000,0.000000,0.000000e+00,9.31890693e-17,0.001581
498,0.885767,0.819982,0.00000000e+00,0.000000,0.000000,0.000000e+00,9.86453313e-17,0.001674
499,0.886623,0.850261,0.00000000e+00,0.000000,0.000000,0.000000e+00,7.07016350e-17,0.001200
500,0.880523,0.897442,0.00000000e+00,0.000000,0.000000,0.000000e+00,2.76736897e-17,0.000470
501,0.889719,0.946102,0.00000000e+00,0.000000,0.000000,0.000000e+00,1.61958999e-16,0.002748
502,0.880880,0.980239,0.00000000e+00,0.000000,0.000000,0.000000e+00,3.31633847e-17,0.000563
503,0.902117,0.964298,0.00000000e+00,0.000000,0.000000,0.000000e+00,6.99340114e-17,0.001187
504,0.920000,0.000000,0.00000000e+00,0.000000,0.000000,0.000000e+00,4.87820369e-17,0.000828
505,0.928188,0.068226,0.00000000e+00,0.000000,0.000000,0.000000e+00,1.89110138e-16,0.003208
506,0.951975,0.096096,0.00000000e+00,0.000000,0.000000,0.000000e+00,9.19205250e-17,0.001560
507,0.903366,0.088456,0.00000000e+00,0.000000,0.000000,0.000000e+00,1.12499806e-16,0.001909
508,0.938989,0.163399,0.00000000e+00,0.000000,0.000000,0.000000e+00,8.97031185e-17,0.001522
509,0.936370,0.244659,0.00000000e+00,0.000000,0.000000,0.000000e+00,1.64671027e-16,0.002794
510,0.942915,0.282791,0.00000000e+00,0.000000,0.000000,0.000000e+00,1.60556842e-16,0.002724
511,0.929813,0.318628,0.00000000e+00,0.000000,0.000000,0.000000e+00,1.28169254e-16,0.002175
512,0.942300,0.355786,0.00000000e+00,0.000000,0.000000,0.000000e+00,9.53947233e-17,0.001618
513,0.950112,0.419747,0.00000000e+00,0.000000,0.000000,0.000000e+00,8.33769404e-17,0.001415
514,0.908251,0.439043,0.00000000e+00,0.000000,0.000000,0.000000e+00,2.78740993e-16,0.004729
515,0.961522,0.520860,0.00000000e+00,0.000000,0.000000,0.000000e+00,1.32857277e-16,0.002254
516,0.942948,0.598346,0.00000000e+00,0.000000,0.000000,0.000000e+00,7.92193387e-17,0.001344
517,0.925702,0.604864,0.00000000e+00,0.000000,0.000000,0.000000e+00,2.22665030e-16,0.003778
518,0.937275,0.663426,0.00000000e+00,0.000000,0.000000,0.000000e+00,1.44239772e-16,0.002447
519,0.956692,0.741016,0.00000000e+00,0.000000,0.000000,0.000000e+00,1.71417102e-16,0.002908
520,0.942376,0.783422,0.00000000e+00,0.000000,0.000000,0.000000e+00,1.38389249e-16,0.002348
521,0.924624,0.819185,0.00000000e+00,0.000000,0.000000,0.000000e+00,8.72668796e-17,0.001481
522,0.942363,0.857696,0.00000000e+00,0.000000,0.000000,0.000000e+00,8.75487696e-17,0.001485
523,0.954764,0.918417,0.00000000e+00,0.000000,0.000000,0.000000e+00,9.97804018e-17,0.001693
524,0.902117,0.964298,0.00000000e+00,0.000000,0.000000,0.000000e+00,3.73665872e-17,0.000634
525,0.920538,0.981861,0.00000000e+00,0.000000,0.000000,0.000000e+00,4.98983933e-17,0.000847
526,0.959405,0.961136,0.00000000e+00,0.000000,0.000000,0.000000e+00,1.12219054e-16,0.001904
527,0.960000,0.000000,0.00000000e+00,0.000000,0.000000,0.000000e+00,1.02274411e-16,0.001735
528,1.000000,0.020000,0.00000000e+00,0.000000,0.000000,0.000000e+00,1.05951242e-16,0.001798
529,0.961429,0.040906,0.00000000e+00,0.000000,0.000000,0.000000e+00,8.78046992e-17,0.001490
530,0.966182,0.097362,0.00000000e+00,0.000000,0.000000,0.000000e+00,1.65125381e-16,0.002802
531,0.978742,0.138989,0.00000000e+00,0.000000,0.000000,0.000000e+00,1.30307231e-16,0.002211
532,0.979451,0.179763,0.00000000e+00,0.000000,0.000000,0.000000e+00,1.69606000e-16,0.002878
533,0.978068,0.219543,0.00000000e+00,0.000000,0.000000,0.000000e+00,1.99232525e-16,0.003380
534,0.959391,0.261479,0.00000000e+00,0.000000,0.000000,0.000000e+00,2.09145670e-16,0.003548
535,0.963295,0.319766,0.00000000e+00,0.000000,0.000000,0.000000e+00,2.03061445e-16,0.003445
536,0.961245,0.358252,0.00000000e+00,0.000000,0.000000,0.000000e+00,1.49314690e-16,0.002533
537,0.959030,0.377529,0.00000000e+00,0.000000,0.000000,0.000000e+00,8.53443200e-17,0.001448
538,0.955700,0.442220,0.00000000e+00,0.000000,0.000000,0.000000e+00,3.16686958e-16,0.005373
539,1.000000,0.480000,0.00000000e+00,0.000000,0.000000,0.000000e+00,1.22509763e-16,0.002079
540,0.980953,0.500581,0.00000000e+00,0.000000,0.000000,0.000000e+00,1.10102722e-16,0.001868
541,1.000000,0.520000,0.00000000e+00,0.000000,0.000000,0.000000e+00,1.28020957e-16,0.002172
542,1.000000,0.560000,0.00000000e+00,0.000000,0.000000,0.000000e+00,1.63435113e-16,0.002773
543,0.959203,0.540368,0.00000000e+00,0.000000,0.000000,0.000000e+00,1.11404711e-16,0.001890
544,0.961487,0.597653,0.00000000e+00,0.000000,0.000000,0.000000e+00,1.14748255e-16,0.001947
545,0.978018,0.638961,0.00000000e+00,0.000000,0.000000,0.000000e+00,1.81062835e-16,0.003072
546,0.979094,0.679628,0.00000000e+00,0.000000,0.000000,0.000000e+00,2.14539681e-16,0.003640
547,0.977840,0.719533,0.00000000e+00,0.000000,0.000000,0.000000e+00,2.03555265e-16,0.003454
548,0.959022,0.761790,0.00000000e+00,0.000000,0.000000,0.000000e+00,1.95598873e-16,0.003319
549,0.980726,0.800317,0.00000000e+00,0.000000,0.000000,0.000000e+00,1.70151687e-16,0.002887
550,0.961658,0.858531,0.00000000e+00,0.000000,0.000000,0.000000e+00,1.14832032e-16,0.001948
551,0.961187,0.877528,0.00000000e+00,0.000000,0.000000,0.000000e+00,6.47477941e-17,0.001099
552,0.934193,0.926543,0.00000000e+00,0.000000,0.000000,0.000000e+00,1.87745038e-16,0.003185
553,0.980000,1.000000,0.00000000e+00,0.000000,0.000000,0.000000e+00,9.67294619e-17,0.001641
554,0.980000,1.000000,0.00000000e+00,0.000000,0.000000,0.000000e+00,1.01242262e-16,0.001718
555,0.500000,1.000000,0.00000000e+00,0.000000,0.000000,0.000000e+00,2.97056096e-16,0.005040
556,0.496853,0.959873,0.00000000e+00,0.000000,0.000000,0.000000e+00,4.22630980e-16,0.007170
557,0.490987,0.941170,0.00000000e+00,0.000000,0.000000,0.000000e+00,5.87874376e-16,0.009974
558,0.467786,0.905420,0.00000000e+00,0.000000,0.000000,0.000000e+00,7.28064311e-16,0.012352
559,0.475995,0.852611,0.00000000e+00,0.000000,0.000000,0.000000e+00,4.02210710e-16,0.006824
560,0.502754,0.803955,0.00000000e+00,0.000000,0.000000,0.000000e+00,7.76692737e-16,0.013177
561,0.498154,0.780288,0.00000000e+00,0.000000,0.000000,0.000000e+00,7.19222452e-16,0.012202
562,0.500169,0.702762,0.00000000e+00,0.000000,0.000000,0.000000e+00,6.47154665e-16,0.010980
563,0.496577,0.664221,0.00000000e+00,0.000000,0.000000,0.000000e+00,6.19818424e-16,0.010516
564,0.499101,0.646313,0.00000000e+00,0.000000,0.000000,0.000000e+00,7.24551030e-16,0.012293
565,0.490905,0.588923,0.00000000e+00,0.000000,0.000000,0.000000e+00,2.36129153e-15,0.040062
566,0.485305,0.565371,0.00000000e+00,0.000000,0.000000,0.000000e+00,2.83139588e-15,0.048038
567,0.460000,1.000000,0.00000000e+00,0.000000,0.000000,0.000000e+00,3.07632096e-16,0.005219
568,0.440993,0.983258,0.00000000e+00,0.000000,0.000000,0.000000e+00,3.19541988e-16,0.005421
569,0.401279,0.927298,0.00000000e+00,0.000000,0.000000,0.000000e+00,4.18937969e-16,0.007108
570,0.442466,0.889481,0.00000000e+00,0.000000,0.000000,0.000000e+00,7.39554895e-16,0.012547
571,0.440987,0.776184,0.00000000e+00,0.000000,0.000000,0.000000e+00,3.99413066e-16,0.006776
572,0.416339,0.717001,0.00000000e+00,0.000000,0.000000,0.000000e+00,4.81777411e-16,0.008174
573,0.430771,0.688484,0.00000000e+00,0.000000,0.000000,0.000000e+00,9.38637655e-16,0.015925
574,0.442015,0.629675,0.00000000e+00,0.000000,0.000000,0.000000e+00,1.33103308e-15,0.022582
575,0.445280,0.610976,0.00000000e+00,0.000000,0.000000,0.000000e+00,7.97827162e-16,0.013536
576,0.420000,1.000000,0.00000000e+00,0.000000,0.000000,0.000000e+00,3.28193397e-16,0.005568
577,0.406246,0.962655,0.00000000e+00,0.000000,0.000000,0.000000e+00,4.86562565e-16,0.008255
578,0.392831,0.918470,0.00000000e+00,0.000000,0.000000,0.000000e+00,5.66534281e-16,0.009612
579,0.387322,0.886965,0.00000000e+00,0.000000,0.000000,0.000000e+00,5.71991979e-16,0.009704
580,0.400932,0.841634,0.00000000e+00,0.000000,0.000000,0.000000e+00,8.11229129e-16,0.013763
581,0.385905,0.805079,0.00000000e+00,0.000000,0.000000,0.000000e+00,8.63693874e-16,0.014653
582,0.398808,0.751773,0.00000000e+00,0.000000,0.000000,0.000000e+00,1.19215832e-15,0.020226
583,0.387662,0.735958,0.00000000e+00,0.000000,0.000000,0.000000e+00,9.34986731e-16,0.015863
584,0.372198,0.668081,0.00000000e+00,0.000000,0.000000,0.000000e+00,5.76839866e-16,0.009787
585,0.429045,0.669544,0.00000000e+00,0.000000,0.000000,0.000000e+00,1.30924612e-15,0.022213
586,0.380000,1.000000,0.00000000e+00,0.000000,0.000000,0.000000e+00,3.50404692e-16,0.005945
587,0.362186,0.977120,0.00000000e+00,0.000000,0.000000,0.000000e+00,3.36693479e-16,0.005712
588,0.336842,0.936622,0.00000000e+00,0.000000,0.000000,0.000000e+00,3.72739469e-16,0.006324
589,0.338604,0.901640,0.00000000e+00,0.000000,0.000000,0.000000e+00,3.70371721e-16,0.006284
590,0.358672,0.839767,0.00000000e+00,0.000000,0.000000,0.000000e+00,7.92422721e-16,0.013444
591,0.344702,0.803044,0.00000000e+00,0.000000,0.000000,0.000000e+00,7.08970177e-16,0.012028
592,0.336494,0.746759,0.00000000e+00,0.000000,0.000000,0.000000e+00,6.16006776e-16,0.010451
593,0.365640,0.723474,0.00000000e+00,0.000000,0.000000,0.000000e+00,9.55127163e-16,0.016205
594,0.368211,0.688416,0.00000000e+00,0.000000,0.000000,0.000000e+00,6.03283176e-16,0.010235
595,0.340000,1.000000,0.00000000e+00,0.000000,0.000000,0.000000e+00,3.01865893e-16,0.005121
596,0.320575,0.978742,0.00000000e+00,0.000000,0.000000,0.000000e+00,2.77181606e-16,0.004703
597,0.325111,0.900425,0.00000000e+00,0.000000,0.000000,0.000000e+00,6.55486822e-16,0.011121
598,0.316116,0.837584,0.00000000e+00,0.000000,0.000000,0.000000e+00,8.68324232e-16,0.014732
599,0.305031,0.788535,0.00000000e+00,0.000000,0.000000,0.000000e+00,3.52564679e-16,0.005982
600,0.288777,0.764173,0.00000000e+00,0.000000,0.000000,0.000000e+00,3.27605689e-16,0.005558
601,0.300000,1.000000,0.00000000e+00,0.000000,0.000000,0.000000e+00,2.59591908e-16,0.004404
602,0.237652,0.958320,0.00000000e+00,0.000000,0.000000,0.000000e+00,2.74399182e-16,0.004655
603,0.268639,0.910891,0.00000000e+00,0.000000,0.000000,0.000000e+00,4.61884631e-16,0.007836
604,0.271899,0.871559,0.00000000e+00,0.000000,0.000000,0.000000e+00,4.83014027e-16,0.008195
605,0.262165,0.834443,0.00000000e+00,0.000000,0.000000,0.000000e+00,5.77976320e-16,0.009806
606,0.249779,0.794583,0.00000000e+00,0.000000,0.000000,0.000000e+00,6.33283071e-16,0.010744
607,0.260000,1.000000,0.00000000e+00,0.000000,0.000000,0.000000e+00,2.30095097e-16,0.003904
608,0.237652,0.958320,0.00000000e+00,0.000000,0.000000,0.000000e+00,2.42284298e-16,0.004111
609,0.237652,0.958320,0.00000000e+00,0.000000,0.000000,0.000000e+00,3.40954611e-16,0.005785
610,0.263186,0.892833,0.00000000e+00,0.000000,0.000000,0.000000e+00,3.82756507e-16,0.006494
611,0.206447,0.842758,0.00000000e+00,0.000000,0.000000,0.000000e+00,4.85598165e-16,0.008239
612,0.235898,0.804046,0.00000000e+00,0.000000,0.000000,0.000000e+00,6.33734752e-16,0.010752
613,0.200000,1.000000,0.00000000e+00,0.000000,0.000000,0.000000e+00,1.81165538e-16,0.003074
614,0.180000,1.000000,0.00000000e+00,0.000000,0.000000,0.000000e+00,1.63793368e-16,0.002779
615,0.175735,0.926962,0.00000000e+00,0.000000,0.000000,0.000000e+00,1.50237215e-16,0.002549
616,0.183876,0.886501,0.00000000e+00,0.000000,0.000000,0.000000e+00,2.05390878e-16,0.003485
617,0.160000,1.000000,0.00000000e+00,0.000000,0.000000,0.000000e+00,5.00594090e-16,0.008493
618,0.140000,1.000000,0.00000000e+00,0.000000,0.000000,0.000000e+00,3.67823316e-16,0.006241
619,0.141812,0.943489,0.00000000e+00,0.000000,0.000000,0.000000e+00,3.51245611e-16,0.005959
620,0.145616,0.906166,0.00000000e+00,0.000000,0.000000,0.000000e+00,3.68994154e-16,0.006260
621,0.120000,1.000000,0.00000000e+00,0.000000,0.000000,0.000000e+00,1.46603602e-16,0.002487
622,0.100000,1.000000,0.00000000e+00,0.000000,0.000000,0.000000e+00,1.61306638e-16,0.002737
623,0.123761,0.942773,0.00000000e+00,0.000000,0.000000,0.000000e+00,3.52958947e-16,0.005988
624,0.080000,1.000000,0.00000000e+00,0.000000,0.000000,0.000000e+00,1.66423975e-16,0.002824
625,0.038879,0.959408,0.00000000e+00,0.000000,0.000000,0.000000e+00,2.11883201e-16,0.003595
626,0.000000,0.900000,0.00000000e+00,0.000000,0.000000,0.000000e+00,1.85046073e-16,0.003139
627,0.065162,0.853137,0.00000000e+00,0.000000,0.000000,0.000000e+00,3.52400911e-16,0.005979
628,0.097228,0.833787,0.00000000e+00,0.000000,0.000000,0.000000e+00,1.33069816e-16,0.002258
629,0.195813,0.748360,0.00000000e+00,0.000000,0.000000,0.000000e+00,3.94668226e-16,0.006696
630,0.230985,0.696975,0.00000000e+00,0.000000,0.000000,0.000000e+00,3.20302730e-16,0.005434
631,0.297466,0.638421,0.00000000e+00,0.000000,0.000000,0.000000e+00,6.34620483e-16,0.010767
632,0.316763,0.618035,0.00000000e+00,0.000000,0.000000,0.000000e+00,1.09012124e-15,0.018495
633,0.354882,0.556489,0.00000000e+00,0.000000,0.000000,0.000000e+00,1.17770370e-15,0.019981
634,0.377777,0.518538,0.00000000e+00,0.000000,0.000000,0.000000e+00,1.23370169e-15,0.020931
635,0.440000,0.500000,0.00000000e+00,0.000000,0.000000,0.000000e+00,6.75662597e-15,0.114633
636,0.035623,0.902058,0.00000000e+00,0.000000,0.000000,0.000000e+00,1.85889030e-16,0.003154
637,0.000000,0.860000,0.00000000e+00,0.000000,0.000000,0.000000e+00,1.76358070e-16,0.002992
638,0.081801,0.808467,0.00000000e+00,0.000000,0.000000,0.000000e+00,1.45428900e-16,0.002467
639,0.107511,0.802074,0.00000000e+00,0.000000,0.000000,0.000000e+00,4.33882304e-16,0.007361
640,0.147258,0.733108,0.00000000e+00,0.000000,0.000000,0.000000e+00,3.66656634e-16,0.006221
641,0.189666,0.705171,0.00000000e+00,0.000000,0.000000,0.000000e+00,4.48826506e-16,0.007615
642,0.204502,0.647183,0.00000000e+00,0.000000,0.000000,0.000000e+00,3.66546493e-16,0.006219
643,0.235966,0.600171,0.00000000e+00,0.000000,0.000000,0.000000e+00,5.35247531e-16,0.009081
644,0.316566,0.577666,0.00000000e+00,0.000000,0.000000,0.000000e+00,6.02193468e-16,0.010217
645,0.360000,0.500000,0.00000000e+00,0.000000,0.000000,0.000000e+00,6.87591806e-16,0.011666
646,0.400000,0.500000,0.00000000e+00,0.000000,0.000000,0.000000e+00,8.87609849e-16,0.015059
647,0.021251,0.861010,0.00000000e+00,0.000000,0.000000,0.000000e+00,1.78166075e-16,0.003023
648,0.000000,0.820000,0.00000000e+00,0.000000,0.000000,0.000000e+00,1.52691215e-16,0.002591
649,0.064445,0.783578,0.00000000e+00,0.000000,0.000000,0.000000e+00,8.84030089e-17,0.001500
650,0.081697,0.721308,0.00000000e+00,0.000000,0.000000,0.000000e+00,2.21771291e-16,0.003763
651,0.136720,0.700087,0.00000000e+00,0.000000,0.000000,0.000000e+00,1.63232580e-16,0.002769
652,0.188415,0.653280,0.00000000e+00,0.000000,0.000000,0.000000e+00,2.77981655e-16,0.004716
653,0.218076,0.623611,0.00000000e+00,0.000000,0.000000,0.000000e+00,4.21848480e-16,0.007157
654,0.297287,0.578681,0.00000000e+00,0.000000,0.000000,0.000000e+00,5.78476387e-16,0.009814
655,0.318627,0.519216,0.00000000e+00,0.000000,0.000000,0.000000e+00,3.56734649e-16,0.006052
656,0.020279,0.820651,0.00000000e+00,0.000000,0.000000,0.000000e+00,1.28196372e-16,0.002175
657,0.000000,0.780000,0.00000000e+00,0.000000,0.000000,0.000000e+00,1.40957439e-16,0.002391
658,0.041852,0.741739,0.00000000e+00,0.000000,0.000000,0.000000e+00,9.71589936e-17,0.001648
659,0.099007,0.682491,0.00000000e+00,0.000000,0.000000,0.000000e+00,1.87006372e-16,0.003173
660,0.151776,0.654799,0.00000000e+00,0.000000,0.000000,0.000000e+00,8.70947136e-17,0.001478
661,0.193960,0.583635,0.00000000e+00,0.000000,0.000000,0.000000e+00,2.41309999e-16,0.004094
662,0.259343,0.560103,0.00000000e+00,0.000000,0.000000,0.000000e+00,5.21065341e-16,0.008840
663,0.260000,0.500000,0.00000000e+00,0.000000,0.000000,0.000000e+00,2.39390860e-16,0.004062
664,0.358047,0.518654,0.00000000e+00,0.000000,0.000000,0.000000e+00,5.46031054e-16,0.009264
665,0.020783,0.780876,0.00000000e+00,0.000000,0.000000,0.000000e+00,1.04594050e-16,0.001775
666,0.000000,0.740000,0.00000000e+00,0.000000,0.000000,0.000000e+00,1.29952245e-16,0.002205
667,0.060768,0.701643,0.00000000e+00,0.000000,0.000000,0.000000e+00,1.41250500e-16,0.002396
668,0.099109,0.663457,0.00000000e+00,0.000000,0.000000,0.000000e+00,1.19000294e-16,0.002019
669,0.155702,0.632097,0.00000000e+00,0.000000,0.000000,0.000000e+00,8.50689946e-17,0.001443
670,0.178720,0.560569,0.00000000e+00,0.000000,0.000000,0.000000e+00,1.80397332e-16,0.003061
671,0.220000,0.500000,0.00000000e+00,0.000000,0.000000,0.000000e+00,1.84822774e-16,0.003136
672,0.260000,0.500000,0.00000000e+00,0.000000,0.000000,0.000000e+00,1.52603467e-16,0.002589
673,0.041852,0.741739,0.00000000e+00,0.000000,0.000000,0.000000e+00,8.63119029e-17,0.001464
674,0.000000,0.700000,0.00000000e+00,0.000000,0.000000,0.000000e+00,1.58299963e-16,0.002686
675,0.040174,0.661302,0.00000000e+00,0.000000,0.000000,0.000000e+00,1.58422888e-16,0.002688
676,0.102639,0.624253,0.00000000e+00,0.000000,0.000000,0.000000e+00,1.12339399e-16,0.001906
677,0.141004,0.558615,0.00000000e+00,0.000000,0.000000,0.000000e+00,1.70864320e-16,0.002899
678,0.180000,0.500000,0.00000000e+00,0.000000,0.000000,0.000000e+00,2.38787588e-16,0.004051
679,0.258951,0.520341,0.00000000e+00,0.000000,0.000000,0.000000e+00,1.82171945e-16,0.003091
680,0.020446,0.700792,0.00000000e+00,0.000000,0.000000,0.000000e+00,1.21194626e-16,0.002056
681,0.000000,0.660000,0.00000000e+00,0.000000,0.000000,0.000000e+00,2.12702811e-16,0.003609
682,0.060792,0.622108,0.00000000e+00,0.000000,0.000000,0.000000e+00,1.48636667e-16,0.002522
683,0.102211,0.561815,0.00000000e+00,0.000000,0.000000,0.000000e+00,2.24974254e-16,0.003817
684,0.140000,0.500000,0.00000000e+00,0.000000,0.000000,0.000000e+00,2.83761225e-16,0.004814
685,0.219812,0.518888,0.00000000e+00,0.000000,0.000000,0.000000e+00,2.41758688e-16,0.004102
686,0.020134,0.660692,0.00000000e+00,0.000000,0.000000,0.000000e+00,1.47495171e-16,0.002502
687,0.000000,0.620000,0.00000000e+00,0.000000,0.000000,0.000000e+00,2.62414751e-16,0.004452
688,0.061246,0.561760,0.00000000e+00,0.000000,0.000000,0.000000e+00,2.45506015e-16,0.004165
689,0.100000,0.500000,0.00000000e+00,0.000000,0.000000,0.000000e+00,3.01981433e-16,0.005123
690,0.180657,0.520607,0.00000000e+00,0.000000,0.000000,0.000000e+00,2.52143047e-16,0.004278
691,0.020178,0.620687,0.00000000e+00,0.000000,0.000000,0.000000e+00,2.03466605e-16,0.003452
692,0.000000,0.560000,0.00000000e+00,0.000000,0.000000,0.000000e+00,2.42677136e-16,0.004117
693,0.040724,0.540979,0.00000000e+00,0.000000,0.000000,0.000000e+00,2.45464431e-16,0.004165
694,0.140165,0.520033,0.00000000e+00,0.000000,0.000000,0.000000e+00,2.93788216e-16,0.004984
695,0.040839,0.561242,0.00000000e+00,0.000000,0.000000,0.000000e+00,2.39194296e-16,0.004058
696,0.020000,0.500000,0.00000000e+00,0.000000,0.000000,0.000000e+00,5.24275840e-17,0.000889
697,0.060000,0.500000,0.00000000e+00,0.000000,0.000000,0.000000e+00,2.83133389e-16,0.004804
698,0.020000,0.500000,0.00000000e+00,0.000000,0.000000,0.000000e+00,2.06366568e-16,0.003501
699,0.060382,0.458768,0.00000000e+00,0.000000,0.000000,0.000000e+00,2.35749757e-16,0.004000
700,0.053412,0.381961,0.00000000e+00,0.000000,0.000000,0.000000e+00,1.53188992e-16,0.002599
701,0.019098,0.341038,0.00000000e+00,0.000000,0.000000,0.000000e+00,1.49589340e-16,0.002538
702,0.020974,0.300775,0.00000000e+00,0.000000,0.000000,0.000000e+00,1.35660995e-16,0.002302
703,0.021408,0.241713,0.00000000e+00,0.000000,0.000000,0.000000e+00,1.24159783e-16,0.002106
704,0.020194,0.201401,0.00000000e+00,0.000000,0.000000,0.000000e+00,1.39085166e-16,0.002360
705,0.019266,0.161540,0.00000000e+00,0.000000,0.000000,0.000000e+00,1.43247830e-16,0.002430
706,0.020234,0.121675,0.00000000e+00,0.000000,0.000000,0.000000e+00,2.20776372e-16,0.003746
707,0.048830,0.082858,0.00000000e+00,0.000000,0.000000,0.000000e+00,2.81010327e-16,0.004768
708,1.000000,0.060000,0.00000000e+00,0.000000,0.000000,0.000000e+00,1.19015064e-16,0.002019
709,0.928188,0.068226,0.00000000e+00,0.000000,0.000000,0.000000e+00,1.26202073e-16,0.002141
710,0.888100,0.060953,0.00000000e+00,0.000000,0.000000,0.000000e+00,1.05286295e-16,0.001786
711,0.836389,0.038700,0.00000000e+00,0.000000,0.000000,0.000000e+00,2.16018151e-17,0.000366
712,0.797766,0.040006,0.00000000e+00,0.000000,0.000000,0.000000e+00,2.87048547e-17,0.000487
713,0.778230,0.040894,0.00000000e+00,0.000000,0.000000,0.000000e+00,5.37979212e-17,0.000913
714,0.723011,0.068865,0.00000000e+00,0.000000,0.000000,0.000000e+00,1.90599605e-16,0.003234
715,0.675961,0.037779,0.00000000e+00,0.000000,0.000000,0.000000e+00,1.00748130e-16,0.001709
716,0.638325,0.039648,0.00000000e+00,0.000000,0.000000,0.000000e+00,1.46212432e-16,0.002481
717,0.628492,0.082697,0.00000000e+00,0.000000,0.000000,0.000000e+00,3.15732987e-16,0.005357
718,0.598618,0.045721,0.00000000e+00,0.000000,0.000000,0.000000e+00,2.57708186e-16,0.004372
719,0.536291,0.070783,0.00000000e+00,0.000000,0.000000,0.000000e+00,6.15982212e-16,0.010451
720,0.455591,0.075519,0.00000000e+00,0.000000,0.000000,0.000000e+00,3.77992344e-16,0.006413
721,0.393592,0.056404,0.00000000e+00,0.000000,0.000000,0.000000e+00,3.19579072e-16,0.005422
722,0.338350,0.039079,0.00000000e+00,0.000000,0.000000,0.000000e+00,2.89595588e-16,0.004913
723,0.298388,0.041324,0.00000000e+00,0.000000,0.000000,0.000000e+00,2.77549668e-16,0.004709
724,0.277996,0.042499,0.00000000e+00,0.000000,0.000000,0.000000e+00,2.36922077e-16,0.004020
725,0.219136,0.019727,0.00000000e+00,0.000000,0.000000,0.000000e+00,2.17307653e-16,0.003687
726,0.158357,0.036938,0.00000000e+00,0.000000,0.000000,0.000000e+00,1.99817057e-16,0.003390
727,0.120334,0.036046,0.00000000e+00,0.000000,0.000000,0.000000e+00,2.91757058e-16,0.004950
728,0.102002,0.054886,0.00000000e+00,0.000000,0.000000,0.000000e+00,1.40768869e-16,0.002388
729,1.000000,0.100000,0.00000000e+00,0.000000,0.000000,0.000000e+00,1.76213280e-16,0.002990
730,0.929412,0.106993,0.00000000e+00,0.000000,0.000000,0.000000e+00,2.05253725e-16,0.003482
731,0.901549,0.122698,0.00000000e+00,0.000000,0.000000,0.000000e+00,1.18786498e-16,0.002015
732,0.833640,0.076926,0.00000000e+00,0.000000,0.000000,0.000000e+00,2.28465002e-17,0.000388
733,0.797107,0.079400,0.00000000e+00,0.000000,0.000000,0.000000e+00,4.74610295e-17,0.000805
734,0.778840,0.100228,0.00000000e+00,0.000000,0.000000,0.000000e+00,7.47198666e-17,0.001268
735,0.723560,0.087881,0.00000000e+00,0.000000,0.000000,0.000000e+00,3.57312015e-17,0.000606
736,0.674091,0.070671,0.00000000e+00,0.000000,0.000000,0.000000e+00,2.20540314e-16,0.003742
737,0.664121,0.090324,0.00000000e+00,0.000000,0.000000,0.000000e+00,2.58994829e-16,0.004394
738,0.631839,0.122898,0.00000000e+00,0.000000,0.000000,0.000000e+00,2.22512114e-16,0.003775
739,0.506375,0.098843,0.00000000e+00,0.000000,0.000000,0.000000e+00,6.28406967e-16,0.010662
740,0.436790,0.109772,0.00000000e+00,0.000000,0.000000,0.000000e+00,7.14968176e-16,0.012130
741,0.411864,0.095652,0.00000000e+00,0.000000,0.000000,0.000000e+00,6.54500611e-16,0.011104
742,0.397425,0.110849,0.00000000e+00,0.000000,0.000000,0.000000e+00,5.60358405e-16,0.009507
743,0.338874,0.077176,0.00000000e+00,0.000000,0.000000,0.000000e+00,2.78980995e-16,0.004733
744,0.300011,0.081725,0.00000000e+00,0.000000,0.000000,0.000000e+00,2.92020855e-16,0.004954
745,0.278653,0.085748,0.00000000e+00,0.000000,0.000000,0.000000e+00,5.31499092e-16,0.009017
746,0.168194,0.072862,0.00000000e+00,0.000000,0.000000,0.000000e+00,1.95105794e-16,0.003310
747,0.148436,0.106656,0.00000000e+00,0.000000,0.000000,0.000000e+00,4.27024461e-16,0.007245
748,0.111532,0.087230,0.00000000e+00,0.000000,0.000000,0.000000e+00,4.06920901e-16,0.006904
749,0.048830,0.082858,0.00000000e+00,0.000000,0.000000,0.000000e+00,4.53454271e-16,0.007693
750,1.000000,0.140000,0.00000000e+00,0.000000,0.000000,0.000000e+00,1.77016161e-16,0.003003
751,0.935241,0.145206,0.00000000e+00,0.000000,0.000000,0.000000e+00,4.26651620e-17,0.000724
752,0.905562,0.160410,0.00000000e+00,0.000000,0.000000,0.000000e+00,6.20694031e-17,0.001053
753,0.868647,0.130372,0.00000000e+00,0.000000,0.000000,0.000000e+00,3.75690512e-17,0.000637
754,0.797367,0.117713,0.00000000e+00,0.000000,0.000000,0.000000e+00,4.33558512e-17,0.000736
755,0.761294,0.120767,0.00000000e+00,0.000000,0.000000,0.000000e+00,7.62494625e-17,0.001294
756,0.726778,0.144261,0.00000000e+00,0.000000,0.000000,0.000000e+00,1.70061558e-16,0.002885
757,0.683481,0.131141,0.00000000e+00,0.000000,0.000000,0.000000e+00,1.30823206e-16,0.002220
758,0.667787,0.106614,0.00000000e+00,0.000000,0.000000,0.000000e+00,1.26523363e-16,0.002147
759,0.570393,0.136852,0.00000000e+00,0.000000,0.000000,0.000000e+00,4.33448332e-16,0.007354
760,0.499711,0.124868,0.00000000e+00,0.000000,0.000000,0.000000e+00,6.68738865e-16,0.011346
761,0.448867,0.121898,0.00000000e+00,0.000000,0.000000,0.000000e+00,6.30460387e-16,0.010696
762,0.430688,0.124036,0.00000000e+00,0.000000,0.000000,0.000000e+00,6.20319973e-16,0.010524
763,0.376721,0.111677,0.00000000e+00,0.000000,0.000000,0.000000e+00,4.73774379e-16,0.008038
764,0.341265,0.114112,0.00000000e+00,0.000000,0.000000,0.000000e+00,2.81593456e-16,0.004778
765,0.307730,0.118078,0.00000000e+00,0.000000,0.000000,0.000000e+00,4.15662837e-16,0.007052
766,0.286412,0.149446,0.00000000e+00,0.000000,0.000000,0.000000e+00,5.17920890e-16,0.008787
767,0.193911,0.140791,0.00000000e+00,0.000000,0.000000,0.000000e+00,3.13465268e-16,0.005318
768,0.184941,0.118449,0.00000000e+00,0.000000,0.000000,0.000000e+00,1.91290956e-16,0.003245
769,0.142307,0.126442,0.00000000e+00,0.000000,0.000000,0.000000e+00,4.16668609e-16,0.007069
770,0.093058,0.145262,0.00000000e+00,0.000000,0.000000,0.000000e+00,2.77560203e-16,0.004709
771,0.056563,0.145421,0.00000000e+00,0.000000,0.000000,0.000000e+00,1.78577534e-16,0.003030
772,1.000000,0.180000,0.00000000e+00,0.000000,0.000000,0.000000e+00,1.96565179e-16,0.003335
773,0.940111,0.182209,0.00000000e+00,0.000000,0.000000,0.000000e+00,9.03272295e-17,0.001532
774,0.888110,0.177164,0.00000000e+00,0.000000,0.000000,0.000000e+00,6.52028360e-17,0.001106
775,0.854629,0.194227,0.00000000e+00,0.000000,0.000000,0.000000e+00,3.89791758e-17,0.000661
776,0.820124,0.174659,0.00000000e+00,0.000000,0.000000,0.000000e+00,1.05775847e-16,0.001795
777,0.783087,0.172567,0.00000000e+00,0.000000,0.000000,0.000000e+00,8.01789609e-17,0.001360
778,0.713092,0.166760,0.00000000e+00,0.000000,0.000000,0.000000e+00,1.60089227e-16,0.002716
779,0.697001,0.172097,0.00000000e+00,0.000000,0.000000,0.000000e+00,3.00467918e-16,0.005098
780,0.662712,0.169050,0.00000000e+00,0.000000,0.000000,0.000000e+00,1.67767435e-16,0.002846
781,0.633035,0.194829,0.00000000e+00,0.000000,0.000000,0.000000e+00,4.01114649e-16,0.006805
782,0.539489,0.157473,0.00000000e+00,0.000000,0.000000,0.000000e+00,5.89697456e-16,0.010005
783,0.524074,0.167621,0.00000000e+00,0.000000,0.000000,0.000000e+00,3.46550269e-16,0.005880
784,0.488771,0.164557,0.00000000e+00,0.000000,0.000000,0.000000e+00,6.91678317e-16,0.011735
785,0.401852,0.180652,0.00000000e+00,0.000000,0.000000,0.000000e+00,5.10548844e-16,0.008662
786,0.391859,0.170148,0.00000000e+00,0.000000,0.000000,0.000000e+00,7.67228309e-16,0.013017
787,0.355993,0.172785,0.00000000e+00,0.000000,0.000000,0.000000e+00,8.55277172e-16,0.014511
788,0.313891,0.158901,0.00000000e+00,0.000000,0.000000,0.000000e+00,2.58715467e-16,0.004389
789,0.257880,0.170154,0.00000000e+00,0.000000,0.000000,0.000000e+00,5.57318351e-16,0.009455
790,0.208792,0.168694,0.00000000e+00,0.000000,0.000000,0.000000e+00,5.13464914e-16,0.008711
791,0.171163,0.173730,0.00000000e+00,0.000000,0.000000,0.000000e+00,4.13306074e-16,0.007012
792,0.131931,0.160329,0.00000000e+00,0.000000,0.000000,0.000000e+00,3.53872525e-16,0.006004
793,0.094843,0.161354,0.00000000e+00,0.000000,0.000000,0.000000e+00,1.25753476e-16,0.002134
794,0.038260,0.162826,0.00000000e+00,0.000000,0.000000,0.000000e+00,1.14193051e-16,0.001937
795,1.000000,0.220000,0.00000000e+00,0.000000,0.000000,0.000000e+00,2.16883329e-16,0.003680
796,0.924452,0.205961,0.00000000e+00,0.000000,0.000000,0.000000e+00,2.70454907e-17,0.000459
797,0.831834,0.227480,0.00000000e+00,0.000000,0.000000,0.000000e+00,5.44107098e-17,0.000923
798,0.816948,0.236327,0.00000000e+00,0.000000,0.000000,0.000000e+00,6.25544684e-17,0.001061
799,0.770145,0.212107,0.00000000e+00,0.000000,0.000000,0.000000e+00,5.94143254e-17,0.001008
800,0.722652,0.200947,0.00000000e+00,0.000000,0.000000,0.000000e+00,1.10118737e-16,0.001868
801,0.673054,0.204232,0.00000000e+00,0.000000,0.000000,0.000000e+00,2.77698058e-16,0.004711
802,0.648885,0.204257,0.00000000e+00,0.000000,0.000000,0.000000e+00,2.05572832e-16,0.003488
803,0.624903,0.213610,0.00000000e+00,0.000000,0.000000,0.000000e+00,1.76129768e-16,0.002988
804,0.580970,0.220317,0.00000000e+00,0.000000,0.000000,0.000000e+00,7.55001176e-16,0.012809
805,0.497606,0.206617,0.00000000e+00,0.000000,0.000000,0.000000e+00,8.55551822e-16,0.014515
806,0.444331,0.218361,0.00000000e+00,0.000000,0.000000,0.000000e+00,3.84520638e-16,0.006524
807,0.413094,0.228822,0.00000000e+00,0.000000,0.000000,0.000000e+00,5.52544050e-16,0.009374
808,0.350987,0.190960,0.00000000e+00,0.000000,0.000000,0.000000e+00,8.09988861e-16,0.013742
809,0.301047,0.235883,0.00000000e+00,0.000000,0.000000,0.000000e+00,8.58562760e-16,0.014566
810,0.241846,0.207411,0.00000000e+00,0.000000,0.000000,0.000000e+00,5.83879557e-16,0.009906
811,0.226750,0.217785,0.00000000e+00,0.000000,0.000000,0.000000e+00,4.76200282e-16,0.008079
812,0.188117,0.202189,0.00000000e+00,0.000000,0.000000,0.000000e+00,3.35645884e-16,0.005695
813,0.150225,0.217047,0.00000000e+00,0.000000,0.000000,0.000000e+00,7.56100056e-17,0.001283
814,0.113828,0.235455,0.00000000e+00,0.000000,0.000000,0.000000e+00,2.09086073e-16,0.003547
815,0.040440,0.202182,0.00000000e+00,0.000000,0.000000,0.000000e+00,8.98202472e-17,0.001524
816,1.000000,0.260000,0.00000000e+00,0.000000,0.000000,0.000000e+00,2.37664660e-16,0.004032
817,0.920392,0.268287,0.00000000e+00,0.000000,0.000000,0.000000e+00,1.23285473e-16,0.002092
818,0.864993,0.296322,0.00000000e+00,0.000000,0.000000,0.000000e+00,1.10687897e-16,0.001878
819,0.784736,0.271294,0.00000000e+00,0.000000,0.000000,0.000000e+00,6.45997949e-17,0.001096
820,0.712372,0.288686,0.00000000e+00,0.000000,0.000000,0.000000e+00,2.10912474e-16,0.003578
821,0.545442,0.244349,0.00000000e+00,0.000000,0.000000,0.000000e+00,9.22589239e-16,0.015653
822,0.527908,0.256631,0.00000000e+00,0.000000,0.000000,0.000000e+00,1.07727450e-15,0.018277
823,0.471505,0.287167,0.00000000e+00,0.000000,0.000000,0.000000e+00,1.33940462e-15,0.022724
824,0.438927,0.239304,0.00000000e+00,0.000000,0.000000,0.000000e+00,1.07756927e-15,0.018282
825,0.375139,0.246144,0.00000000e+00,0.000000,0.000000,0.000000e+00,1.11187357e-15,0.018864
826,0.347268,0.275650,0.00000000e+00,0.000000,0.000000,0.000000e+00,1.17670082e-15,0.019964
827,0.246265,0.263182,0.00000000e+00,0.000000,0.000000,0.000000e+00,2.30587806e-16,0.003912
828,0.172024,0.242348,0.00000000e+00,0.000000,0.000000,0.000000e+00,7.88304778e-17,0.001337
829,0.097791,0.287495,0.00000000e+00,0.000000,0.000000,0.000000e+00,2.64806296e-16,0.004493
830,0.062477,0.283541,0.00000000e+00,0.000000,0.000000,0.000000e+00,2.55208036e-16,0.004330
831,1.000000,0.300000,0.00000000e+00,0.000000,0.000000,0.000000e+00,2.43028576e-16,0.004123
832,0.945954,0.319423,0.00000000e+00,0.000000,0.000000,0.000000e+00,1.62807951e-16,0.002762
833,0.855976,0.333613,0.00000000e+00,0.000000,0.000000,0.000000e+00,1.58562728e-16,0.002690
834,0.668214,0.310302,0.00000000e+00,0.000000,0.000000,0.000000e+00,3.02254125e-16,0.005128
835,0.602871,0.301150,0.00000000e+00,0.000000,0.000000,0.000000e+00,6.05945983e-16,0.010281
836,0.516536,0.323094,0.00000000e+00,0.000000,0.000000,0.000000e+00,3.52805528e-16,0.005986
837,0.479744,0.307455,0.00000000e+00,0.000000,0.000000,0.000000e+00,1.64294767e-15,0.027874
838,0.385466,0.317654,0.00000000e+00,0.000000,0.000000,0.000000e+00,1.35887346e-15,0.023055
839,0.330879,0.288148,0.00000000e+00,0.000000,0.000000,0.000000e+00,4.87177670e-16,0.008265
840,0.300539,0.306117,0.00000000e+00,0.000000,0.000000,0.000000e+00,3.46360269e-16,0.005876
841,0.248111,0.313746,0.00000000e+00,0.000000,0.000000,0.000000e+00,3.93418587e-16,0.006675
842,0.248111,0.313746,0.00000000e+00,0.000000,0.000000,0.000000e+00,3.88479379e-16,0.006591
843,0.183940,0.283820,0.00000000e+00,0.000000,0.000000,0.000000e+00,2.11288438e-16,0.003585
844,0.146116,0.291324,0.00000000e+00,0.000000,0.000000,0.000000e+00,2.11644814e-16,0.003591
845,0.045165,0.299929,0.00000000e+00,0.000000,0.000000,0.000000e+00,1.49634802e-16,0.002539
846,1.000000,0.340000,0.00000000e+00,0.000000,0.000000,0.000000e+00,2.20190251e-16,0.003736
847,0.962753,0.339052,0.00000000e+00,0.000000,0.000000,0.000000e+00,1.33472527e-16,0.002265
848,0.875769,0.360373,0.00000000e+00,0.000000,0.000000,0.000000e+00,1.30200597e-16,0.002209
849,0.811341,0.355135,0.00000000e+00,0.000000,0.000000,0.000000e+00,1.55067804e-16,0.002631
850,0.777849,0.346131,0.00000000e+00,0.000000,0.000000,0.000000e+00,2.12303342e-16,0.003602
851,0.747588,0.354779,0.00000000e+00,0.000000,0.000000,0.000000e+00,1.22844116e-16,0.002084
852,0.672744,0.332398,0.00000000e+00,0.000000,0.000000,0.000000e+00,4.74138074e-16,0.008044
853,0.646448,0.335624,0.00000000e+00,0.000000,0.000000,0.000000e+00,4.39144205e-16,0.007451
854,0.609055,0.338269,0.00000000e+00,0.000000,0.000000,0.000000e+00,4.79351350e-16,0.008133
855,0.535290,0.339832,0.00000000e+00,0.000000,0.000000,0.000000e+00,7.90610283e-16,0.013414
856,0.517521,0.341766,0.00000000e+00,0.000000,0.000000,0.000000e+00,6.38291048e-16,0.010829
857,0.462912,0.378390,0.00000000e+00,0.000000,0.000000,0.000000e+00,1.97376782e-15,0.033487
858,0.439523,0.347567,0.00000000e+00,0.000000,0.000000,0.000000e+00,1.53181387e-15,0.025989
859,0.376102,0.355420,0.00000000e+00,0.000000,0.000000,0.000000e+00,1.48137984e-15,0.025133
860,0.338593,0.347390,0.00000000e+00,0.000000,0.000000,0.000000e+00,5.94930902e-16,0.010094
861,0.312695,0.339291,0.00000000e+00,0.000000,0.000000,0.000000e+00,4.14856647e-16,0.007038
862,0.235206,0.353890,0.00000000e+00,0.000000,0.000000,0.000000e+00,4.28181402e-16,0.007265
863,0.216837,0.357084,0.00000000e+00,0.000000,0.000000,0.000000e+00,3.60485152e-16,0.006116
864,0.161969,0.367285,0.00000000e+00,0.000000,0.000000,0.000000e+00,2.37135053e-16,0.004023
865,0.071521,0.365021,0.00000000e+00,0.000000,0.000000,0.000000e+00,9.98253210e-17,0.001694
866,0.054192,0.363803,0.00000000e+00,0.000000,0.000000,0.000000e+00,1.21945653e-16,0.002069
867,1.000000,0.380000,0.00000000e+00,0.000000,0.000000,0.000000e+00,1.75637973e-16,0.002980
868,0.938586,0.374129,0.00000000e+00,0.000000,0.000000,0.000000e+00,7.01811994e-17,0.001191
869,0.835081,0.381670,0.00000000e+00,0.000000,0.000000,0.000000e+00,2.20870882e-16,0.003747
870,0.818184,0.384793,0.00000000e+00,0.000000,0.000000,0.000000e+00,2.19741390e-16,0.003728
871,0.773864,0.389678,0.00000000e+00,0.000000,0.000000,0.000000e+00,1.65432377e-16,0.002807
872,0.718338,0.394384,0.00000000e+00,0.000000,0.000000,0.000000e+00,1.98634520e-16,0.003370
873,0.635798,0.395495,0.00000000e+00,0.000000,0.000000,0.000000e+00,2.39508836e-16,0.004064
874,0.564714,0.413359,0.00000000e+00,0.000000,0.000000,0.000000e+00,5.60069990e-16,0.009502
875,0.456604,0.419075,0.00000000e+00,0.000000,0.000000,0.000000e+00,3.53651439e-15,0.060001
876,0.389064,0.378811,0.00000000e+00,0.000000,0.000000,0.000000e+00,2.12729699e-15,0.036092
877,0.369325,0.401268,0.00000000e+00,0.000000,0.000000,0.000000e+00,1.54759039e-15,0.026256
878,0.257312,0.369974,0.00000000e+00,0.000000,0.000000,0.000000e+00,5.28880014e-16,0.008973
879,0.174882,0.386868,0.00000000e+00,0.000000,0.000000,0.000000e+00,1.50626347e-16,0.002556
880,0.144176,0.383568,0.00000000e+00,0.000000,0.000000,0.000000e+00,7.88643327e-17,0.001338
881,0.979399,0.460486,0.00000000e+00,0.000000,0.000000,0.000000e+00,1.72228347e-16,0.002922
882,0.887107,0.400974,0.00000000e+00,0.000000,0.000000,0.000000e+00,1.93905747e-16,0.003290
883,0.817169,0.428089,0.00000000e+00,0.000000,0.000000,0.000000e+00,7.49572211e-17,0.001272
884,0.733958,0.416923,0.00000000e+00,0.000000,0.000000,0.000000e+00,6.47928271e-16,0.010993
885,0.702824,0.413215,0.00000000e+00,0.000000,0.000000,0.000000e+00,8.43714590e-16,0.014314
886,0.654919,0.449766,0.00000000e+00,0.000000,0.000000,0.000000e+00,6.44112811e-16,0.010928
887,0.631686,0.434204,0.00000000e+00,0.000000,0.000000,0.000000e+00,3.86897757e-16,0.006564
888,0.566594,0.433702,0.00000000e+00,0.000000,0.000000,0.000000e+00,1.06505510e-15,0.018070
889,0.506103,0.440613,0.00000000e+00,0.000000,0.000000,0.000000e+00,2.26845397e-15,0.038487
890,0.486191,0.439091,0.00000000e+00,0.000000,0.000000,0.000000e+00,6.93006655e-15,0.117576
891,0.405328,0.441579,0.00000000e+00,0.000000,0.000000,0.000000e+00,3.38935808e-15,0.057504
892,0.388331,0.399995,0.00000000e+00,0.000000,0.000000,0.000000e+00,2.08653289e-15,0.035400
893,0.346938,0.461808,0.00000000e+00,0.000000,0.000000,0.000000e+00,4.21531822e-16,0.007152
894,0.314880,0.437385,0.00000000e+00,0.000000,0.000000,0.000000e+00,5.70538735e-16,0.009680
895,0.264868,0.407924,0.00000000e+00,0.000000,0.000000,0.000000e+00,6.47397552e-16,0.010984
896,0.215884,0.439054,0.00000000e+00,0.000000,0.000000,0.000000e+00,3.60513554e-16,0.006116
897,0.177305,0.422684,0.00000000e+00,0.000000,0.000000,0.000000e+00,1.37099615e-16,0.002326
898,0.140720,0.440948,0.00000000e+00,0.000000,0.000000,0.000000e+00,1.92553790e-16,0.003267
899,0.104884,0.415573,0.00000000e+00,0.000000,0.000000,0.000000e+00,1.71935062e-16,0.002917
900,0.050808,0.399877,0.00000000e+00,0.000000,0.000000,0.000000e+00,1.96052261e-16,0.003326
901,0.945830,0.501109,0.00000000e+00,0.000000,0.000000,0.000000e+00,7.97559407e-17,0.001353
902,0.907281,0.476513,0.00000000e+00,0.000000,0.000000,0.000000e+00,1.54834076e-16,0.002627
903,0.875920,0.485171,0.00000000e+00,0.000000,0.000000,0.000000e+00,1.03106528e-16,0.001749
904,0.839351,0.538915,0.00000000e+00,0.000000,0.000000,0.000000e+00,7.47588831e-17,0.001268
905,0.773797,0.475908,0.00000000e+00,0.000000,0.000000,0.000000e+00,2.49269647e-16,0.004229
906,0.735727,0.461818,0.00000000e+00,0.000000,0.000000,0.000000e+00,3.70889708e-16,0.006293
907,0.681017,0.486143,0.00000000e+00,0.000000,0.000000,0.000000e+00,4.77810386e-16,0.008107
908,0.643785,0.481701,0.00000000e+00,0.000000,0.000000,0.000000e+00,9.30486233e-16,0.015787
909,0.628160,0.499380,0.00000000e+00,0.000000,0.000000,0.000000e+00,1.12590033e-15,0.019102
910,0.527110,0.461162,0.00000000e+00,0.000000,0.000000,0.000000e+00,7.26904194e-15,0.123327
911,0.922082,0.522190,0.00000000e+00,0.000000,0.000000,0.000000e+00,2.11330776e-16,0.003585
912,0.875872,0.562055,0.00000000e+00,0.000000,0.000000,0.000000e+00,1.46149659e-16,0.002480
913,0.844973,0.552982,0.00000000e+00,0.000000,0.000000,0.000000e+00,2.74914535e-17,0.000466
914,0.816726,0.583414,0.00000000e+00,0.000000,0.000000,0.000000e+00,9.57094820e-17,0.001624
915,0.777682,0.592534,0.00000000e+00,0.000000,0.000000,0.000000e+00,1.11578234e-16,0.001893
916,0.728176,0.561264,0.00000000e+00,0.000000,0.000000,0.000000e+00,2.27491397e-16,0.003860
917,0.677251,0.529400,0.00000000e+00,0.000000,0.000000,0.000000e+00,2.85197687e-16,0.004839
918,0.639682,0.538534,0.00000000e+00,0.000000,0.000000,0.000000e+00,3.17635185e-16,0.005389
919,0.604845,0.545884,0.00000000e+00,0.000000,0.000000,0.000000e+00,2.03682349e-15,0.034557
920,0.490905,0.588923,0.00000000e+00,0.000000,0.000000,0.000000e+00,3.29526924e-15,0.055908
921,0.554815,0.575680,0.00000000e+00,0.000000,0.000000,0.000000e+00,1.68628907e-15,0.028610
922,0.452038,0.541359,0.00000000e+00,0.000000,0.000000,0.000000e+00,4.69624627e-15,0.079677
923,0.433046,0.539334,0.00000000e+00,0.000000,0.000000,0.000000e+00,4.98014419e-15,0.084493
924,0.375593,0.537272,0.00000000e+00,0.000000,0.000000,0.000000e+00,2.45452657e-15,0.041644
925,0.336955,0.538007,0.00000000e+00,0.000000,0.000000,0.000000e+00,6.35854134e-16,0.010788
926,0.298040,0.539315,0.00000000e+00,0.000000,0.000000,0.000000e+00,4.99972103e-16,0.008483
927,0.278427,0.539832,0.00000000e+00,0.000000,0.000000,0.000000e+00,3.04297036e-16,0.005163
928,0.220951,0.558191,0.00000000e+00,0.000000,0.000000,0.000000e+00,4.71905772e-16,0.008006
929,0.160471,0.539839,0.00000000e+00,0.000000,0.000000,0.000000e+00,1.42604852e-16,0.002419
930,0.120801,0.540313,0.00000000e+00,0.000000,0.000000,0.000000e+00,1.99501736e-16,0.003385
931,0.081097,0.541312,0.00000000e+00,0.000000,0.000000,0.000000e+00,2.37806247e-16,0.004035
932,0.040724,0.540979,0.00000000e+00,0.000000,0.000000,0.000000e+00,2.46367341e-16,0.004180
933,1.000000,0.600000,0.00000000e+00,0.000000,0.000000,0.000000e+00,2.27046652e-16,0.003852
934,0.889785,0.611756,0.00000000e+00,0.000000,0.000000,0.000000e+00,1.90224581e-16,0.003227
935,0.816726,0.583414,0.00000000e+00,0.000000,0.000000,0.000000e+00,6.97892548e-17,0.001184
936,0.751095,0.579262,0.00000000e+00,0.000000,0.000000,0.000000e+00,1.59751777e-16,0.002710
937,0.682364,0.605050,0.00000000e+00,0.000000,0.000000,0.000000e+00,2.09798600e-16,0.003559
938,0.630671,0.594139,0.00000000e+00,0.000000,0.000000,0.000000e+00,8.29039320e-16,0.014066
939,0.598196,0.567958,0.00000000e+00,0.000000,0.000000,0.000000e+00,9.37810103e-16,0.015911
940,0.515302,0.612497,0.00000000e+00,0.000000,0.000000,0.000000e+00,7.52709158e-16,0.012770
941,0.404137,0.615598,0.00000000e+00,0.000000,0.000000,0.000000e+00,1.89489487e-15,0.032149
942,0.436318,0.596656,0.00000000e+00,0.000000,0.000000,0.000000e+00,1.97000975e-15,0.033423
943,0.335339,0.576646,0.00000000e+00,0.000000,0.000000,0.000000e+00,1.33669126e-15,0.022678
944,0.297287,0.578681,0.00000000e+00,0.000000,0.000000,0.000000e+00,6.19364414e-16,0.010508
945,0.277452,0.598897,0.00000000e+00,0.000000,0.000000,0.000000e+00,6.08074153e-16,0.010317
946,0.214687,0.603545,0.00000000e+00,0.000000,0.000000,0.000000e+00,3.18007138e-16,0.005395
947,0.176394,0.579495,0.00000000e+00,0.000000,0.000000,0.000000e+00,1.18181756e-16,0.002005
948,0.159242,0.576155,0.00000000e+00,0.000000,0.000000,0.000000e+00,1.32711733e-16,0.002252
949,0.102211,0.561815,0.00000000e+00,0.000000,0.000000,0.000000e+00,1.95659410e-16,0.003320
950,0.082023,0.602955,0.00000000e+00,0.000000,0.000000,0.000000e+00,1.85825754e-16,0.003153
951,1.000000,0.640000,0.00000000e+00,0.000000,0.000000,0.000000e+00,2.36484611e-16,0.004012
952,0.932852,0.645303,0.00000000e+00,0.000000,0.000000,0.000000e+00,1.03568982e-16,0.001757
953,0.902073,0.660859,0.00000000e+00,0.000000,0.000000,0.000000e+00,1.38116928e-16,0.002343
954,0.855237,0.673687,0.00000000e+00,0.000000,0.000000,0.000000e+00,1.34979782e-16,0.002290
955,0.763179,0.655593,0.00000000e+00,0.000000,0.000000,0.000000e+00,1.20803111e-16,0.002050
956,0.737736,0.620515,0.00000000e+00,0.000000,0.000000,0.000000e+00,1.54133857e-16,0.002615
957,0.577217,0.628220,0.00000000e+00,0.000000,0.000000,0.000000e+00,6.21298190e-16,0.010541
958,0.549427,0.666619,0.00000000e+00,0.000000,0.000000,0.000000e+00,8.95325684e-16,0.015190
959,0.486423,0.612366,0.00000000e+00,0.000000,0.000000,0.000000e+00,1.68469093e-15,0.028583
960,0.377869,0.648770,0.00000000e+00,0.000000,0.000000,0.000000e+00,8.90560806e-16,0.015109
961,0.384359,0.631987,0.00000000e+00,0.000000,0.000000,0.000000e+00,7.38676310e-16,0.012532
962,0.297463,0.618293,0.00000000e+00,0.000000,0.000000,0.000000e+00,8.30063542e-16,0.014083
963,0.257866,0.619229,0.00000000e+00,0.000000,0.000000,0.000000e+00,5.18930712e-16,0.008804
964,0.221772,0.643131,0.00000000e+00,0.000000,0.000000,0.000000e+00,3.34902984e-16,0.005682
965,0.155702,0.632097,0.00000000e+00,0.000000,0.000000,0.000000e+00,1.11991732e-16,0.001900
966,0.141686,0.641217,0.00000000e+00,0.000000,0.000000,0.000000e+00,9.70585474e-17,0.001647
967,0.081432,0.622980,0.00000000e+00,0.000000,0.000000,0.000000e+00,1.18395049e-16,0.002009
968,0.060352,0.641934,0.00000000e+00,0.000000,0.000000,0.000000e+00,1.82213661e-16,0.003091
969,1.000000,0.680000,0.00000000e+00,0.000000,0.000000,0.000000e+00,2.41781108e-16,0.004102
970,0.938886,0.682132,0.00000000e+00,0.000000,0.000000,0.000000e+00,1.78718301e-16,0.003032
971,0.884133,0.678549,0.00000000e+00,0.000000,0.000000,0.000000e+00,1.39834962e-16,0.002372
972,0.848567,0.699727,0.00000000e+00,0.000000,0.000000,0.000000e+00,1.29369963e-16,0.002195
973,0.787164,0.692351,0.00000000e+00,0.000000,0.000000,0.000000e+00,1.65722764e-16,0.002812
974,0.748474,0.689693,0.00000000e+00,0.000000,0.000000,0.000000e+00,7.93375792e-17,0.001346
975,0.731346,0.674861,0.00000000e+00,0.000000,0.000000,0.000000e+00,1.17227375e-16,0.001989
976,0.668785,0.664466,0.00000000e+00,0.000000,0.000000,0.000000e+00,2.73453840e-16,0.004639
977,0.627439,0.657915,0.00000000e+00,0.000000,0.000000,0.000000e+00,4.39644960e-16,0.007459
978,0.587159,0.646925,0.00000000e+00,0.000000,0.000000,0.000000e+00,4.70571907e-16,0.007984
979,0.516055,0.698376,0.00000000e+00,0.000000,0.000000,0.000000e+00,6.20727820e-16,0.010531
980,0.574571,0.687093,0.00000000e+00,0.000000,0.000000,0.000000e+00,7.39965495e-16,0.012554
981,0.499101,0.646313,0.00000000e+00,0.000000,0.000000,0.000000e+00,1.11647550e-15,0.018942
982,0.454623,0.672647,0.00000000e+00,0.000000,0.000000,0.000000e+00,2.18943829e-15,0.037146
983,0.294946,0.679272,0.00000000e+00,0.000000,0.000000,0.000000e+00,5.82388567e-16,0.009881
984,0.334714,0.661373,0.00000000e+00,0.000000,0.000000,0.000000e+00,8.64104632e-16,0.014660
985,0.277189,0.676466,0.00000000e+00,0.000000,0.000000,0.000000e+00,4.56810109e-16,0.007750
986,0.243977,0.676006,0.00000000e+00,0.000000,0.000000,0.000000e+00,3.87683724e-16,0.006577
987,0.194956,0.666565,0.00000000e+00,0.000000,0.000000,0.000000e+00,6.43530171e-17,0.001092
988,0.136918,0.665423,0.00000000e+00,0.000000,0.000000,0.000000e+00,1.70064668e-16,0.002885
989,0.079846,0.662441,0.00000000e+00,0.000000,0.000000,0.000000e+00,1.41577918e-16,0.002402
990,0.040174,0.661302,0.00000000e+00,0.000000,0.000000,0.000000e+00,1.35802648e-16,0.002304
991,1.000000,0.720000,0.00000000e+00,0.000000,0.000000,0.000000e+00,2.34981154e-16,0.003987
992,0.895555,0.696035,0.00000000e+00,0.000000,0.000000,0.000000e+00,7.75673730e-17,0.001316
993,0.833398,0.738557,0.00000000e+00,0.000000,0.000000,0.000000e+00,1.01392517e-16,0.001720
994,0.711585,0.705271,0.00000000e+00,0.000000,0.000000,0.000000e+00,2.09564501e-16,0.003555
995,0.633394,0.734150,0.00000000e+00,0.000000,0.000000,0.000000e+00,4.45439751e-16,0.007557
996,0.587102,0.700037,0.00000000e+00,0.000000,0.000000,0.000000e+00,4.90318468e-16,0.008319
997,0.506338,0.721494,0.00000000e+00,0.000000,0.000000,0.000000e+00,7.51482972e-16,0.012750
998,0.497076,0.683200,0.00000000e+00,0.000000,0.000000,0.000000e+00,5.55605385e-16,0.009426
999,0.434313,0.717418,0.00000000e+00,0.000000,0.000000,0.000000e+00,5.56992720e-16,0.009450
1000,0.292394,0.744372,0.00000000e+00,0.000000,0.000000,0.000000e+00,2.51087909e-16,0.004260
1001,0.290836,0.699683,0.00000000e+00,0.000000,0.000000,0.000000e+00,2.73089934e-16,0.004633
1002,0.212266,0.702637,0.00000000e+00,0.000000,0.000000,0.000000e+00,3.41620087e-16,0.005796
1003,0.169936,0.729285,0.00000000e+00,0.000000,0.000000,0.000000e+00,4.34051261e-16,0.007364
1004,0.128604,0.753652,0.00000000e+00,0.000000,0.000000,0.000000e+00,2.98117481e-16,0.005058
1005,0.040741,0.701360,0.00000000e+00,0.000000,0.000000,0.000000e+00,1.03805780e-16,0.001761
1006,0.980171,0.780472,0.00000000e+00,0.000000,0.000000,0.000000e+00,2.23497266e-16,0.003792
1007,0.959022,0.761790,0.00000000e+00,0.000000,0.000000,0.000000e+00,1.63804300e-16,0.002779
1008,0.920857,0.768626,0.00000000e+00,0.000000,0.000000,0.000000e+00,1.16403145e-16,0.001975
1009,0.853731,0.802926,0.00000000e+00,0.000000,0.000000,0.000000e+00,3.18043534e-17,0.000540
1010,0.821326,0.750479,0.00000000e+00,0.000000,0.000000,0.000000e+00,8.19302544e-17,0.001390
1011,0.784443,0.761849,0.00000000e+00,0.000000,0.000000,0.000000e+00,3.78928461e-17,0.000643
1012,0.707345,0.742561,0.00000000e+00,0.000000,0.000000,0.000000e+00,2.03776367e-16,0.003457
1013,0.698410,0.754344,0.00000000e+00,0.000000,0.000000,0.000000e+00,1.59614677e-16,0.002708
1014,0.623252,0.751992,0.00000000e+00,0.000000,0.000000,0.000000e+00,3.75711416e-16,0.006374
1015,0.477848,0.780602,0.00000000e+00,0.000000,0.000000,0.000000e+00,7.27866105e-16,0.012349
1016,0.582767,0.775367,0.00000000e+00,0.000000,0.000000,0.000000e+00,2.54476252e-16,0.004317
1017,0.465285,0.728915,0.00000000e+00,0.000000,0.000000,0.000000e+00,8.37201171e-16,0.014204
1018,0.414560,0.738265,0.00000000e+00,0.000000,0.000000,0.000000e+00,1.27672440e-15,0.021661
1019,0.387662,0.735958,0.00000000e+00,0.000000,0.000000,0.000000e+00,1.10445907e-15,0.018738
1020,0.332101,0.726209,0.00000000e+00,0.000000,0.000000,0.000000e+00,5.22809381e-16,0.008870
1021,0.237932,0.781699,0.00000000e+00,0.000000,0.000000,0.000000e+00,3.44798552e-16,0.005850
1022,0.220354,0.769771,0.00000000e+00,0.000000,0.000000,0.000000e+00,2.87476921e-16,0.004877
1023,0.146798,0.798316,0.00000000e+00,0.000000,0.000000,0.000000e+00,2.22657830e-16,0.003778
1024,0.132078,0.769868,0.00000000e+00,0.000000,0.000000,0.000000e+00,3.33019924e-16,0.005650
1025,0.042242,0.761998,0.00000000e+00,0.000000,0.000000,0.000000e+00,7.65299893e-17,0.001298
1026,0.980971,0.820055,0.00000000e+00,0.000000,0.000000,0.000000e+00,1.97782326e-16,0.003356
1027,0.943148,0.820007,0.00000000e+00,0.000000,0.000000,0.000000e+00,9.51198677e-17,0.001614
1028,0.906501,0.817681,0.00000000e+00,0.000000,0.000000,0.000000e+00,1.12889931e-16,0.001915
1029,0.858988,0.826339,0.00000000e+00,0.000000,0.000000,0.000000e+00,1.07774123e-16,0.001829
1030,0.816435,0.822202,0.00000000e+00,0.000000,0.000000,0.000000e+00,9.79354648e-17,0.001662
1031,0.749071,0.811472,0.00000000e+00,0.000000,0.000000,0.000000e+00,5.54306070e-17,0.000940
1032,0.727680,0.782653,0.00000000e+00,0.000000,0.000000,0.000000e+00,2.26779149e-16,0.003848
1033,0.703614,0.824759,0.00000000e+00,0.000000,0.000000,0.000000e+00,1.53877008e-16,0.002611
1034,0.631257,0.791892,0.00000000e+00,0.000000,0.000000,0.000000e+00,3.10038464e-16,0.005260
1035,0.615441,0.801406,0.00000000e+00,0.000000,0.000000,0.000000e+00,3.65374067e-16,0.006199
1036,0.518963,0.844641,0.00000000e+00,0.000000,0.000000,0.000000e+00,8.84384506e-16,0.015005
1037,0.588894,0.796157,0.00000000e+00,0.000000,0.000000,0.000000e+00,6.65836083e-16,0.011297
1038,0.477357,0.762669,0.00000000e+00,0.000000,0.000000,0.000000e+00,5.43788164e-16,0.009226
1039,0.416030,0.785030,0.00000000e+00,0.000000,0.000000,0.000000e+00,8.03119901e-16,0.013626
1040,0.393244,0.778494,0.00000000e+00,0.000000,0.000000,0.000000e+00,9.07174298e-16,0.015391
1041,0.378145,0.788140,0.00000000e+00,0.000000,0.000000,0.000000e+00,8.25074518e-16,0.013998
1042,0.305825,0.767113,0.00000000e+00,0.000000,0.000000,0.000000e+00,5.05271829e-16,0.008572
1043,0.181950,0.814623,0.00000000e+00,0.000000,0.000000,0.000000e+00,4.55773076e-16,0.007733
1044,0.189738,0.804440,0.00000000e+00,0.000000,0.000000,0.000000e+00,1.63976182e-16,0.002782
1045,0.146798,0.798316,0.00000000e+00,0.000000,0.000000,0.000000e+00,3.25468572e-16,0.005522
1046,0.132468,0.807510,0.00000000e+00,0.000000,0.000000,0.000000e+00,3.69636920e-16,0.006271
1047,0.042009,0.782016,0.00000000e+00,0.000000,0.000000,0.000000e+00,8.00954223e-17,0.001359
1048,1.000000,0.840000,0.00000000e+00,0.000000,0.000000,0.000000e+00,1.61918315e-16,0.002747
1049,0.961858,0.839357,0.00000000e+00,0.000000,0.000000,0.000000e+00,1.01727777e-16,0.001726
1050,0.904291,0.855339,0.00000000e+00,0.000000,0.000000,0.000000e+00,3.13214090e-17,0.000531
1051,0.836564,0.849959,0.00000000e+00,0.000000,0.000000,0.000000e+00,1.24650917e-16,0.002115
1052,0.804223,0.830252,0.00000000e+00,0.000000,0.000000,0.000000e+00,1.06239293e-16,0.001802
1053,0.770677,0.834501,0.00000000e+00,0.000000,0.000000,0.000000e+00,1.38938986e-16,0.002357
1054,0.702781,0.865489,0.00000000e+00,0.000000,0.000000,0.000000e+00,8.15812702e-17,0.001384
1055,0.702781,0.865489,0.00000000e+00,0.000000,0.000000,0.000000e+00,8.91551212e-17,0.001513
1056,0.622912,0.838466,0.00000000e+00,0.000000,0.000000,0.000000e+00,4.74675517e-16,0.008053
1057,0.596799,0.841586,0.00000000e+00,0.000000,0.000000,0.000000e+00,6.32396492e-16,0.010729
1058,0.556600,0.860588,0.00000000e+00,0.000000,0.000000,0.000000e+00,6.63065173e-16,0.011250
1059,0.481049,0.827204,0.00000000e+00,0.000000,0.000000,0.000000e+00,7.89296376e-16,0.013391
1060,0.438573,0.851194,0.00000000e+00,0.000000,0.000000,0.000000e+00,3.78883793e-16,0.006428
1061,0.376239,0.831869,0.00000000e+00,0.000000,0.000000,0.000000e+00,8.73654240e-16,0.014822
1062,0.376239,0.831869,0.00000000e+00,0.000000,0.000000,0.000000e+00,8.08378546e-16,0.013715
1063,0.304033,0.814724,0.00000000e+00,0.000000,0.000000,0.000000e+00,9.39039784e-16,0.015932
1064,0.283727,0.805053,0.00000000e+00,0.000000,0.000000,0.000000e+00,5.10145710e-16,0.008655
1065,0.147668,0.863007,0.00000000e+00,0.000000,0.000000,0.000000e+00,4.39896106e-16,0.007463
1066,0.143531,0.821640,0.00000000e+00,0.000000,0.000000,0.000000e+00,3.35308183e-16,0.005689
1067,0.076417,0.829269,0.00000000e+00,0.000000,0.000000,0.000000e+00,3.30905623e-16,0.005614
1068,0.059278,0.837147,0.00000000e+00,0.000000,0.000000,0.000000e+00,1.23715038e-16,0.002099
1069,1.000000,0.880000,0.00000000e+00,0.000000,0.000000,0.000000e+00,1.22587068e-16,0.002080
1070,0.942173,0.875983,0.00000000e+00,0.000000,0.000000,0.000000e+00,6.63906608e-17,0.001126
1071,0.880523,0.897442,0.00000000e+00,0.000000,0.000000,0.000000e+00,5.63317012e-17,0.000956
1072,0.839453,0.902402,0.00000000e+00,0.000000,0.000000,0.000000e+00,6.13654194e-17,0.001041
1073,0.825404,0.901186,0.00000000e+00,0.000000,0.000000,0.000000e+00,1.89235644e-16,0.003211
1074,0.773096,0.871020,0.00000000e+00,0.000000,0.000000,0.000000e+00,8.90098617e-17,0.001510
1075,0.762961,0.893495,0.00000000e+00,0.000000,0.000000,0.000000e+00,6.35322025e-17,0.001078
1076,0.683851,0.886431,0.00000000e+00,0.000000,0.000000,0.000000e+00,7.18377179e-17,0.001219
1077,0.645396,0.895079,0.00000000e+00,0.000000,0.000000,0.000000e+00,3.06404613e-16,0.005198
1078,0.603712,0.880970,0.00000000e+00,0.000000,0.000000,0.000000e+00,4.47801596e-16,0.007597
1079,0.555520,0.890385,0.00000000e+00,0.000000,0.000000,0.000000e+00,7.26900805e-16,0.012333
1080,0.469686,0.866469,0.00000000e+00,0.000000,0.000000,0.000000e+00,6.47470926e-16,0.010985
1081,0.406744,0.883114,0.00000000e+00,0.000000,0.000000,0.000000e+00,9.58483001e-16,0.016262
1082,0.338079,0.885266,0.00000000e+00,0.000000,0.000000,0.000000e+00,4.99509199e-16,0.008475
1083,0.333803,0.871521,0.00000000e+00,0.000000,0.000000,0.000000e+00,7.32792767e-16,0.012433
1084,0.274676,0.847338,0.00000000e+00,0.000000,0.000000,0.000000e+00,6.73795281e-16,0.011432
1085,0.241912,0.878236,0.00000000e+00,0.000000,0.000000,0.000000e+00,2.57189881e-16,0.004363
1086,0.102731,0.879613,0.00000000e+00,0.000000,0.000000,0.000000e+00,1.79831844e-16,0.003051
1087,0.102153,0.903015,0.00000000e+00,0.000000,0.000000,0.000000e+00,1.95562305e-16,0.003318
1088,0.061669,0.876362,0.00000000e+00,0.000000,0.000000,0.000000e+00,5.94237923e-16,0.010082
1089,1.000000,0.940000,0.00000000e+00,0.000000,0.000000,0.000000e+00,1.25212937e-16,0.002124
1090,0.916566,0.930481,0.00000000e+00,0.000000,0.000000,0.000000e+00,1.45834443e-16,0.002474
1091,0.836509,0.937552,0.00000000e+00,0.000000,0.000000,0.000000e+00,5.45679569e-17,0.000926
1092,0.768721,0.911621,0.00000000e+00,0.000000,0.000000,0.000000e+00,9.75028096e-17,0.001654
1093,0.716963,0.942823,0.00000000e+00,0.000000,0.000000,0.000000e+00,5.64035600e-17,0.000957
1094,0.682186,0.925887,0.00000000e+00,0.000000,0.000000,0.000000e+00,9.15940004e-17,0.001554
1095,0.645548,0.945608,0.00000000e+00,0.000000,0.000000,0.000000e+00,1.75358862e-16,0.002975
1096,0.630574,0.927745,0.00000000e+00,0.000000,0.000000,0.000000e+00,2.47254397e-16,0.004195
1097,0.496853,0.959873,0.00000000e+00,0.000000,0.000000,0.000000e+00,5.27065510e-16,0.008942
1098,0.591075,0.938177,0.00000000e+00,0.000000,0.000000,0.000000e+00,4.96262840e-16,0.008420
1099,0.486167,0.896102,0.00000000e+00,0.000000,0.000000,0.000000e+00,6.08603602e-16,0.010326
1100,0.447959,0.935520,0.00000000e+00,0.000000,0.000000,0.000000e+00,5.87845471e-16,0.009973
1101,0.387322,0.886965,0.00000000e+00,0.000000,0.000000,0.000000e+00,3.99471246e-16,0.006777
1102,0.348797,0.917971,0.00000000e+00,0.000000,0.000000,0.000000e+00,4.04725895e-16,0.006867
1103,0.314548,0.915410,0.00000000e+00,0.000000,0.000000,0.000000e+00,4.78037761e-16,0.008110
1104,0.303861,0.895545,0.00000000e+00,0.000000,0.000000,0.000000e+00,6.61045900e-16,0.011215
1105,0.230765,0.918328,0.00000000e+00,0.000000,0.000000,0.000000e+00,3.77458898e-16,0.006404
1106,0.193040,0.923650,0.00000000e+00,0.000000,0.000000,0.000000e+00,3.00407567e-16,0.005097
1107,0.035623,0.902058,0.00000000e+00,0.000000,0.000000,0.000000e+00,1.49793819e-16,0.002541
1108,0.069558,0.916436,0.00000000e+00,0.000000,0.000000,0.000000e+00,3.35195422e-16,0.005687
1109,0.406246,0.962655,0.00000000e+00,0.000000,0.000000,0.000000e+00,4.01480832e-16,0.006812
1110,0.355167,0.931454,0.00000000e+00,0.000000,0.000000,0.000000e+00,6.62632816e-16,0.011242
1111,0.301491,0.959053,0.00000000e+00,0.000000,0.000000,0.000000e+00,3.03570785e-16,0.005150
1112,0.274650,0.930678,0.00000000e+00,0.000000,0.000000,0.000000e+00,4.99340110e-16,0.008472
1113,0.217641,0.960065,0.00000000e+00,0.000000,0.000000,0.000000e+00,2.81025335e-16,0.004768
1114,0.198207,0.961428,0.00000000e+00,0.000000,0.000000,0.000000e+00,1.93536176e-16,0.003284
1115,0.160008,0.962699,0.00000000e+00,0.000000,0.000000,0.000000e+00,4.70021971e-16,0.007974
1116,0.980000,0.000000,0.00000000e+00,0.000000,0.000000,0.000000e+00,9.30140577e-17,0.001578
1117,0.918735,0.023038,0.00000000e+00,0.000000,0.000000,0.000000e+00,7.09193291e-17,0.001203
1118,0.780000,0.000000,0.00000000e+00,0.000000,0.000000,0.000000e+00,1.77481527e-17,0.000301
1119,0.738543,0.022061,0.00000000e+00,0.000000,0.000000,0.000000e+00,4.39500217e-17,0.000746
1120,0.698282,0.020676,0.00000000e+00,0.000000,0.000000,0.000000e+00,1.15649617e-16,0.001962
1121,0.658358,0.019264,0.00000000e+00,0.000000,0.000000,0.000000e+00,8.64117271e-17,0.001466
1122,0.618656,0.021163,0.00000000e+00,0.000000,0.000000,0.000000e+00,1.48852514e-16,0.002525
1123,0.578106,0.023643,0.00000000e+00,0.000000,0.000000,0.000000e+00,2.07831974e-16,0.003526
1124,0.557667,0.023984,0.00000000e+00,0.000000,0.000000,0.000000e+00,3.12879942e-16,0.005308
1125,0.497553,0.021671,0.00000000e+00,0.000000,0.000000,0.000000e+00,2.81817391e-16,0.004781
1126,0.457050,0.022102,0.00000000e+00,0.000000,0.000000,0.000000e+00,3.59353066e-16,0.006097
1127,0.417877,0.019819,0.00000000e+00,0.000000,0.000000,0.000000e+00,4.03580865e-16,0.006847
1128,0.378458,0.018957,0.00000000e+00,0.000000,0.000000,0.000000e+00,3.28078572e-16,0.005566
1129,0.338950,0.019558,0.00000000e+00,0.000000,0.000000,0.000000e+00,2.95740018e-16,0.005018
1130,0.278755,0.021229,0.00000000e+00,0.000000,0.000000,0.000000e+00,2.62154712e-16,0.004448
1131,0.238479,0.021413,0.00000000e+00,0.000000,0.000000,0.000000e+00,2.91105028e-16,0.004939
1132,0.216874,0.062512,0.00000000e+00,0.000000,0.000000,0.000000e+00,7.91018658e-16,0.013420
1133,0.158357,0.036938,0.00000000e+00,0.000000,0.000000,0.000000e+00,1.91815468e-16,0.003254
1134,0.120334,0.036046,0.00000000e+00,0.000000,0.000000,0.000000e+00,3.44879576e-16,0.005851
1135,0.081456,0.037767,0.00000000e+00,0.000000,0.000000,0.000000e+00,1.50583704e-16,0.002555
1136,0.041634,0.039688,0.00000000e+00,0.000000,0.000000,0.000000e+00,1.77866966e-16,0.003018
1137,0.979906,0.980244,0.00000000e+00,0.000000,0.000000,0.000000e+00,1.14323137e-16,0.001940
1138,0.978192,0.919436,0.00000000e+00,0.000000,0.000000,0.000000e+00,1.53054910e-16,0.002597
1139,0.980431,0.879028,0.00000000e+00,0.000000,0.000000,0.000000e+00,9.83211758e-17,0.001668
1140,1.000000,0.780000,0.00000000e+00,0.000000,0.000000,0.000000e+00,2.12843233e-16,0.003611
1141,0.978203,0.739988,0.00000000e+00,0.000000,0.000000,0.000000e+00,2.02620909e-16,0.003438
1142,0.979022,0.699681,0.00000000e+00,0.000000,0.000000,0.000000e+00,2.45520361e-16,0.004166
1143,0.978395,0.659364,0.00000000e+00,0.000000,0.000000,0.000000e+00,1.92044723e-16,0.003258
1144,0.979685,0.618945,0.00000000e+00,0.000000,0.000000,0.000000e+00,3.02131808e-16,0.005126
1145,0.980402,0.579306,0.00000000e+00,0.000000,0.000000,0.000000e+00,1.53459910e-16,0.002604
1146,0.980182,0.540365,0.00000000e+00,0.000000,0.000000,0.000000e+00,1.39557956e-16,0.002368
1147,0.962679,0.501031,0.00000000e+00,0.000000,0.000000,0.000000e+00,1.05002764e-16,0.001781
1148,0.980562,0.480536,0.00000000e+00,0.000000,0.000000,0.000000e+00,1.46302800e-16,0.002482
1149,0.976571,0.419883,0.00000000e+00,0.000000,0.000000,0.000000e+00,2.52664052e-16,0.004287
1150,0.979360,0.379385,0.00000000e+00,0.000000,0.000000,0.000000e+00,1.37001584e-16,0.002324
1151,0.981211,0.339727,0.00000000e+00,0.000000,0.000000,0.000000e+00,1.77530403e-16,0.003012
1152,0.980501,0.280172,0.00000000e+00,0.000000,0.000000,0.000000e+00,2.17704355e-16,0.003694
1153,0.978438,0.239914,0.00000000e+00,0.000000,0.000000,0.000000e+00,2.01012552e-16,0.003410
1154,0.979306,0.199775,0.00000000e+00,0.000000,0.000000,0.000000e+00,1.96915903e-16,0.003341
1155,0.978908,0.159511,0.00000000e+00,0.000000,0.000000,0.000000e+00,1.41840140e-16,0.002406
1156,0.980946,0.118876,0.00000000e+00,0.000000,0.000000,0.000000e+00,2.51691711e-16,0.004270
1157,0.982577,0.079214,0.00000000e+00,0.000000,0.000000,0.000000e+00,1.09897979e-16,0.001865
1158,0.961429,0.040906,0.00000000e+00,0.000000,0.000000,0.000000e+00,8.61080923e-17,0.001461
1159,0.019762,0.979909,0.00000000e+00,0.000000,0.000000,0.000000e+00,1.84560790e-16,0.003131
1160,0.080520,0.978269,0.00000000e+00,0.000000,0.000000,0.000000e+00,1.72234382e-16,0.002922
1161,0.120804,0.980663,0.00000000e+00,0.000000,0.000000,0.000000e+00,1.61699688e-16,0.002743
1162,0.160004,0.981345,0.00000000e+00,0.000000,0.000000,0.000000e+00,4.68970803e-16,0.007957
1163,0.219228,0.979899,0.00000000e+00,0.000000,0.000000,0.000000e+00,2.12653233e-16,0.003608
1164,0.300359,0.978793,0.00000000e+00,0.000000,0.000000,0.000000e+00,2.68857919e-16,0.004561
1165,0.341171,0.977772,0.00000000e+00,0.000000,0.000000,0.000000e+00,3.21492282e-16,0.005454
1166,0.382478,0.979060,0.00000000e+00,0.000000,0.000000,0.000000e+00,3.94771802e-16,0.006698
1167,0.421692,0.982588,0.00000000e+00,0.000000,0.000000,0.000000e+00,3.56583189e-16,0.006050
1168,0.460449,0.983026,0.00000000e+00,0.000000,0.000000,0.000000e+00,3.03380467e-16,0.005147
1169,0.499612,0.979585,0.00000000e+00,0.000000,0.000000,0.000000e+00,3.36313399e-16,0.005706
1170,0.540626,0.974868,0.00000000e+00,0.000000,0.000000,0.000000e+00,3.25921417e-16,0.005530
1171,0.561291,0.976304,0.00000000e+00,0.000000,0.000000,0.000000e+00,2.25473977e-16,0.003825
1172,0.719775,0.980540,0.00000000e+00,0.000000,0.000000,0.000000e+00,4.41715506e-17,0.000749
1173,0.739710,0.979447,0.00000000e+00,0.000000,0.000000,0.000000e+00,2.19058552e-17,0.000372
1174,0.780445,0.977941,0.00000000e+00,0.000000,0.000000,0.000000e+00,1.64922129e-17,0.000280
1175,0.820299,0.979224,0.00000000e+00,0.000000,0.000000,0.000000e+00,1.91043666e-17,0.000324
1176,0.860835,0.978296,0.00000000e+00,0.000000,0.000000,0.000000e+00,3.21614671e-17,0.000546
1177,0.900802,0.981662,0.00000000e+00,0.000000,0.000000,0.000000e+00,3.76539696e-17,0.000639
1178,0.020280,0.520325,0.00000000e+00,0.000000,0.000000,0.000000e+00,2.03401463e-16,0.003451
1179,0.040796,0.581455,0.00000000e+00,0.000000,0.000000,0.000000e+00,2.52521962e-16,0.004284
1180,0.020178,0.620687,0.00000000e+00,0.000000,0.000000,0.000000e+00,2.29044670e-16,0.003886
1181,0.020134,0.660692,0.00000000e+00,0.000000,0.000000,0.000000e+00,1.75567272e-16,0.002979
1182,0.020682,0.720872,0.00000000e+00,0.000000,0.000000,0.000000e+00,9.91744357e-17,0.001683
1183,0.020959,0.760999,0.00000000e+00,0.000000,0.000000,0.000000e+00,8.59696619e-17,0.001459
1184,0.020450,0.800681,0.00000000e+00,0.000000,0.000000,0.000000e+00,1.23464925e-16,0.002095
1185,0.020757,0.840795,0.00000000e+00,0.000000,0.000000,0.000000e+00,1.28466178e-16,0.002180
1186,0.019529,0.880941,0.00000000e+00,0.000000,0.000000,0.000000e+00,3.06396566e-16,0.005198
1187,0.018126,0.920533,0.00000000e+00,0.000000,0.000000,0.000000e+00,1.48597584e-16,0.002521
1188,0.038879,0.959408,0.00000000e+00,0.000000,0.000000,0.000000e+00,1.78098722e-16,0.003022
1189,0.040294,0.479582,0.00000000e+00,0.000000,0.000000,0.000000e+00,2.08794733e-16,0.003542
1190,0.060374,0.479411,0.00000000e+00,0.000000,0.000000,0.000000e+00,2.82669823e-16,0.004796
1191,0.239712,0.478014,0.00000000e+00,0.000000,0.000000,0.000000e+00,1.62570173e-16,0.002758
1192,0.298858,0.519589,0.00000000e+00,0.000000,0.000000,0.000000e+00,2.92546492e-16,0.004963
1193,0.338349,0.518900,0.00000000e+00,0.000000,0.000000,0.000000e+00,4.36898641e-16,0.007412
1194,0.281719,0.475566,0.00000000e+00,0.000000,0.000000,0.000000e+00,3.71202739e-16,0.006298
1195,0.382548,0.481183,0.00000000e+00,0.000000,0.000000,0.000000e+00,7.83171798e-16,0.013287
1196,0.402234,0.480927,0.00000000e+00,0.000000,0.000000,0.000000e+00,4.01007685e-16,0.006804
1197,0.442113,0.480017,0.00000000e+00,0.000000,0.000000,0.000000e+00,1.08729384e-14,0.184471
1198,0.000000,0.000000,0.00000000e+00,0.000000,0.000000,0.000000e+00,1.83131051e-16,0.003107
1199,0.000000,0.060000,0.00000000e+00,0.000000,0.000000,0.000000e+00,1.95156868e-16,0.003311
1200,0.022177,0.060755,0.00000000e+00,0.000000,0.000000,0.000000e+00,1.99644752e-16,0.003387
1201,0.020850,0.221484,0.00000000e+00,0.000000,0.000000,0.000000e+00,1.30660497e-16,0.002217
1202,0.021408,0.241713,0.00000000e+00,0.000000,0.000000,0.000000e+00,9.21250173e-17,0.001563
1203,0.019779,0.281096,0.00000000e+00,0.000000,0.000000,0.000000e+00,1.27985342e-16,0.002171
1204,0.020303,0.320822,0.00000000e+00,0.000000,0.000000,0.000000e+00,1.59562717e-16,0.002707
1205,0.018425,0.360775,0.00000000e+00,0.000000,0.000000,0.000000e+00,2.20219686e-16,0.003736
1206,0.018575,0.399828,0.00000000e+00,0.000000,0.000000,0.000000e+00,2.61231208e-16,0.004432
1207,0.504068,0.481649,0.00000000e+00,0.000000,0.000000,0.000000e+00,2.10738629e-14,0.357540
1208,0.500000,0.500000,0.00000000e+00,0.000000,0.000000,0.000000e+00,5.89412755e-14,1.000000
1209,0.475466,0.522148,0.00000000e+00,0.000000,0.000000,0.000000e+00,7.18008061e-15,0.121818
1210,0.855551,0.038693,0.00000000e+00,0.000000,0.000000,0.000000e+00,4.56270146e-17,0.000774
1211,0.838144,0.019395,0.00000000e+00,0.000000,0.000000,0.000000e+00,2.08094786e-17,0.000353
1212,0.981010,0.839712,0.00000000e+00,0.000000,0.000000,0.000000e+00,1.51921659e-16,0.002578
1213,1.000000,0.860000,0.00000000e+00,0.000000,0.000000,0.000000e+00,1.44381875e-16,0.002450
1214,0.797766,0.040006,0.00000000e+00,0.000000,0.000000,0.000000e+00,2.11918826e-17,0.000360
1215,0.961715,0.800900,0.00000000e+00,0.000000,0.000000,0.000000e+00,1.86136721e-16,0.003158
1216,0.420000,0.500000,0.00000000e+00,0.000000,0.000000,0.000000e+00,1.24810474e-15,0.021175
1217,0.394827,0.537426,0.00000000e+00,0.000000,0.000000,0.000000e+00,3.15436742e-15,0.053517
1218,0.298040,0.539315,0.00000000e+00,0.000000,0.000000,0.000000e+00,3.05262866e-16,0.005179
1219,0.239103,0.520298,0.00000000e+00,0.000000,0.000000,0.000000e+00,2.04975620e-16,0.003478
1220,0.238083,0.456952,0.00000000e+00,0.000000,0.000000,0.000000e+00,2.61706684e-16,0.004440
1221,0.281719,0.475566,0.00000000e+00,0.000000,0.000000,0.000000e+00,4.66257597e-16,0.007911
1222,0.356321,0.537492,0.00000000e+00,0.000000,0.000000,0.000000e+00,8.15971349e-16,0.013844
1223,0.338349,0.518900,0.00000000e+00,0.000000,0.000000,0.000000e+00,6.57054998e-16,0.011148
1224,0.327677,0.460125,0.00000000e+00,0.000000,0.000000,0.000000e+00,4.49819441e-16,0.007632
1225,0.362946,0.481182,0.00000000e+00,0.000000,0.000000,0.000000e+00,4.97309455e-16,0.008437
1226,0.000000,0.140000,0.00000000e+00,0.000000,0.000000,0.000000e+00,1.64354197e-16,0.002788
1227,0.038274,0.143618,0.00000000e+00,0.000000,0.000000,0.000000e+00,1.74623174e-16,0.002963
1228,0.019266,0.161540,0.00000000e+00,0.000000,0.000000,0.000000e+00,1.52895959e-16,0.002594
1229,0.019779,0.281096,0.00000000e+00,0.000000,0.000000,0.000000e+00,1.45516925e-16,0.002469
1230,0.140153,0.460474,0.00000000e+00,0.000000,0.000000,0.000000e+00,2.27702467e-16,0.003863
1231,0.159795,0.480438,0.00000000e+00,0.000000,0.000000,0.000000e+00,1.71207064e-16,0.002905
1232,0.219474,0.479175,0.00000000e+00,0.000000,0.000000,0.000000e+00,1.25500941e-16,0.002129
1233,0.240000,1.000000,0.00000000e+00,0.000000,0.000000,0.000000e+00,2.14475717e-16,0.003639
1234,0.280392,0.977640,0.00000000e+00,0.000000,0.000000,0.000000e+00,2.56168333e-16,0.004346
1235,0.178992,0.962473,0.00000000e+00,0.000000,0.000000,0.000000e+00,1.64064313e-16,0.002784
1236,0.199385,0.980664,0.00000000e+00,0.000000,0.000000,0.000000e+00,1.87176639e-16,0.003176
1237,0.141032,0.962354,0.00000000e+00,0.000000,0.000000,0.000000e+00,3.43277969e-16,0.005824
1238,0.219812,0.518888,0.00000000e+00,0.000000,0.000000,0.000000e+00,2.45076595e-16,0.004158
1239,0.200528,0.520452,0.00000000e+00,0.000000,0.000000,0.000000e+00,1.88623821e-16,0.003200
1240,0.160471,0.539839,0.00000000e+00,0.000000,0.000000,0.000000e+00,2.05138410e-16,0.003480
1241,0.160415,0.520225,0.00000000e+00,0.000000,0.000000,0.000000e+00,2.11073358e-16,0.003581
1242,0.220000,1.000000,0.00000000e+00,0.000000,0.000000,0.000000e+00,1.95587041e-16,0.003318
1243,0.120801,0.540313,0.00000000e+00,0.000000,0.000000,0.000000e+00,2.34210010e-16,0.003974
1244,0.159795,0.480438,0.00000000e+00,0.000000,0.000000,0.000000e+00,2.01745990e-16,0.003423
1245,0.219812,0.518888,0.00000000e+00,0.000000,0.000000,0.000000e+00,2.62425339e-16,0.004452
1246,0.199489,0.479946,0.00000000e+00,0.000000,0.000000,0.000000e+00,1.40587657e-16,0.002385
1247,0.019266,0.161540,0.00000000e+00,0.000000,0.000000,0.000000e+00,1.49544554e-16,0.002537
1248,0.000000,0.220000,0.00000000e+00,0.000000,0.000000,0.000000e+00,1.39090473e-16,0.002360
1249,0.039764,0.979469,0.00000000e+00,0.000000,0.000000,0.000000e+00,1.76191112e-16,0.002989
1250,0.023097,0.081312,0.00000000e+00,0.000000,0.000000,0.000000e+00,2.03936748e-16,0.003460
1251,0.122220,0.961614,0.00000000e+00,0.000000,0.000000,0.000000e+00,1.15966209e-16,0.001967
1252,0.106746,0.942489,0.00000000e+00,0.000000,0.000000,0.000000e+00,4.11319543e-16,0.006978
1253,0.039764,0.979469,0.00000000e+00,0.000000,0.000000,0.000000e+00,1.84442589e-16,0.003129
1254,0.039764,0.979469,0.00000000e+00,0.000000,0.000000,0.000000e+00,1.94433316e-16,0.003299
1255,0.021138,0.040260,0.00000000e+00,0.000000,0.000000,0.000000e+00,1.96837368e-16,0.003340
1256,0.023097,0.081312,0.00000000e+00,0.000000,0.000000,0.000000e+00,2.59401617e-16,0.004401
1257,0.061684,0.422616,0.00000000e+00,0.000000,0.000000,0.000000e+00,2.04903001e-16,0.003476
1258,0.000000,0.460000,0.00000000e+00,0.000000,0.000000,0.000000e+00,2.39056362e-16,0.004056
1259,0.060000,0.000000,0.00000000e+00,0.000000,0.000000,0.000000e+00,1.61877922e-16,0.002746
1260,0.040610,0.019812,0.00000000e+00,0.000000,0.000000,0.000000e+00,1.85639460e-16,0.003150
1261,0.100000,0.000000,0.00000000e+00,0.000000,0.000000,0.000000e+00,1.42877729e-16,0.002424
1262,0.120435,0.459474,0.00000000e+00,0.000000,0.000000,0.000000e+00,2.13360082e-16,0.003620
1263,0.120012,0.479780,0.00000000e+00,0.000000,0.000000,0.000000e+00,2.51439560e-16,0.004266
1264,0.140000,0.000000,0.00000000e+00,0.000000,0.000000,0.000000e+00,4.82836467e-16,0.008192
1265,0.102002,0.054886,0.00000000e+00,0.000000,0.000000,0.000000e+00,1.38340280e-16,0.002347
1266,0.180000,0.000000,0.00000000e+00,0.000000,0.000000,0.000000e+00,1.78434928e-16,0.003027
1267,0.220000,0.000000,0.00000000e+00,0.000000,0.000000,0.000000e+00,2.27202744e-16,0.003855
1268,0.260000,0.000000,0.00000000e+00,0.000000,0.000000,0.000000e+00,2.45562951e-16,0.004166
1269,0.323244,0.479415,0.00000000e+00,0.000000,0.000000,0.000000e+00,4.43161497e-16,0.007519
1270,0.318532,0.040110,0.00000000e+00,0.000000,0.000000,0.000000e+00,2.85193161e-16,0.004839
1271,0.298930,0.020680,0.00000000e+00,0.000000,0.000000,0.000000e+00,2.74017938e-16,0.004649
1272,0.302637,0.477352,0.00000000e+00,0.000000,0.000000,0.000000e+00,5.31455047e-16,0.009017
1273,0.357810,0.038263,0.00000000e+00,0.000000,0.000000,0.000000e+00,3.07775854e-16,0.005222
1274,0.386709,0.442315,0.00000000e+00,0.000000,0.000000,0.000000e+00,2.32327204e-15,0.039417
1275,0.380000,0.500000,0.00000000e+00,0.000000,0.000000,0.000000e+00,7.32945444e-16,0.012435
1276,0.440000,0.000000,0.00000000e+00,0.000000,0.000000,0.000000e+00,3.51464410e-16,0.005963
1277,0.393592,0.056404,0.00000000e+00,0.000000,0.000000,0.000000e+00,3.72847280e-16,0.006326
1278,0.462070,0.479832,0.00000000e+00,0.000000,0.000000,0.000000e+00,9.36298785e-15,0.158853
1279,0.480000,0.000000,0.00000000e+00,0.000000,0.000000,0.000000e+00,3.40216421e-16,0.005772
1280,0.457050,0.022102,0.00000000e+00,0.000000,0.000000,0.000000e+00,3.71464684e-16,0.006302
1281,0.520000,0.000000,0.00000000e+00,0.000000,0.000000,0.000000e+00,2.98881955e-16,0.005071
1282,0.473945,0.060318,0.00000000e+00,0.000000,0.000000,0.000000e+00,4.55111544e-16,0.007721
1283,0.000000,0.960000,0.00000000e+00,0.000000,0.000000,0.000000e+00,1.75433533e-16,0.002976
1284,0.560000,0.000000,0.00000000e+00,0.000000,0.000000,0.000000e+00,2.24421856e-16,0.003808
1285,0.520000,1.000000,0.00000000e+00,0.000000,0.000000,0.000000e+00,2.87360268e-16,0.004875
1286,0.540626,0.974868,0.00000000e+00,0.000000,0.000000,0.000000e+00,2.87344387e-16,0.004875
1287,0.600000,0.000000,0.00000000e+00,0.000000,0.000000,0.000000e+00,1.74197500e-16,0.002955
1288,0.624405,0.962855,0.00000000e+00,0.000000,0.000000,0.000000e+00,2.38126399e-16,0.004040
1289,0.621896,0.981272,0.00000000e+00,0.000000,0.000000,0.000000e+00,1.64479531e-16,0.002791
1290,0.640000,0.000000,0.00000000e+00,0.000000,0.000000,0.000000e+00,1.24066517e-16,0.002105
1291,0.621758,0.063722,0.00000000e+00,0.000000,0.000000,0.000000e+00,2.35369968e-16,0.003993
1292,0.661137,0.981972,0.00000000e+00,0.000000,0.000000,0.000000e+00,8.83049715e-17,0.001498
1293,0.680000,0.000000,0.00000000e+00,0.000000,0.000000,0.000000e+00,8.90168762e-17,0.001510
1294,0.700098,0.981297,0.00000000e+00,0.000000,0.000000,0.000000e+00,6.27544476e-17,0.001065
1295,0.720000,0.000000,0.00000000e+00,0.000000,0.000000,0.000000e+00,4.02660603e-17,0.000683
1296,0.780445,0.977941,0.00000000e+00,0.000000,0.000000,0.000000e+00,2.50573704e-17,0.000425
1297,0.820299,0.979224,0.00000000e+00,0.000000,0.000000,0.000000e+00,2.89598414e-17,0.000491
1298,0.817151,0.039157,0.00000000e+00,0.000000,0.000000,0.000000e+00,1.76856658e-17,0.000300
1299,0.860835,0.978296,0.00000000e+00,0.000000,0.000000,0.000000e+00,2.58886323e-17,0.000439
1300,0.889719,0.946102,0.00000000e+00,0.000000,0.000000,0.000000e+00,2.05625546e-16,0.003489
1301,0.877850,0.020257,0.00000000e+00,0.000000,0.000000,0.000000e+00,8.13996280e-17,0.001381
1302,0.919709,0.946833,0.00000000e+00,0.000000,0.000000,0.000000e+00,8.59601990e-17,0.001458
1303,0.940000,0.000000,0.00000000e+00,0.000000,0.000000,0.000000e+00,7.59346310e-17,0.001288
1304,0.888100,0.060953,0.00000000e+00,0.000000,0.000000,0.000000e+00,2.45792232e-16,0.004170
1305,0.959996,0.980743,0.00000000e+00,0.000000,0.000000,0.000000e+00,1.06479638e-16,0.001807
1306,0.960000,1.000000,0.00000000e+00,0.000000,0.000000,0.000000e+00,6.93701984e-17,0.001177
1307,0.960240,0.020871,0.00000000e+00,0.000000,0.000000,0.000000e+00,9.54491187e-17,0.001619
1308,0.935478,0.447943,0.00000000e+00,0.000000,0.000000,0.000000e+00,2.32216703e-16,0.003940
1309,1.000000,0.500000,0.00000000e+00,0.000000,0.000000,0.000000e+00,1.17824440e-16,0.001999
1310,1.000000,0.540000,0.00000000e+00,0.000000,0.000000,0.000000e+00,1.41376178e-16,0.002399
1311,0.480000,1.000000,0.00000000e+00,0.000000,0.000000,0.000000e+00,3.01456194e-16,0.005115
1312,0.440000,1.000000,0.00000000e+00,0.000000,0.000000,0.000000e+00,3.12794497e-16,0.005307
1313,0.475012,0.947696,0.00000000e+00,0.000000,0.000000,0.000000e+00,3.25782345e-16,0.005527
1314,0.400000,1.000000,0.00000000e+00,0.000000,0.000000,0.000000e+00,3.40039656e-16,0.005769
1315,0.360000,1.000000,0.00000000e+00,0.000000,0.000000,0.000000e+00,3.09119354e-16,0.005245
1316,0.395230,0.940959,0.00000000e+00,0.000000,0.000000,0.000000e+00,8.12313279e-16,0.013782
1317,0.320000,1.000000,0.00000000e+00,0.000000,0.000000,0.000000e+00,2.81730596e-16,0.004780
1318,0.259816,0.977951,0.00000000e+00,0.000000,0.000000,0.000000e+00,2.42936223e-16,0.004122
1319,0.053195,0.919615,0.00000000e+00,0.000000,0.000000,0.000000e+00,1.92436158e-16,0.003265
1320,0.000000,0.920000,0.00000000e+00,0.000000,0.000000,0.000000e+00,1.67181593e-16,0.002836
1321,0.475466,0.522148,0.00000000e+00,0.000000,0.000000,0.000000e+00,5.16071798e-14,0.875569
1322,0.436843,0.519722,0.00000000e+00,0.000000,0.000000,0.000000e+00,8.98211610e-15,0.152391
1323,0.053726,0.889443,0.00000000e+00,0.000000,0.000000,0.000000e+00,4.57147070e-16,0.007756
1324,0.000000,0.880000,0.00000000e+00,0.000000,0.000000,0.000000e+00,1.88820942e-16,0.003204
1325,0.000000,0.840000,0.00000000e+00,0.000000,0.000000,0.000000e+00,1.54740982e-16,0.002625
1326,0.397457,0.518637,0.00000000e+00,0.000000,0.000000,0.000000e+00,8.66335716e-16,0.014698
1327,0.000000,0.800000,0.00000000e+00,0.000000,0.000000,0.000000e+00,1.48586639e-16,0.002521
1328,0.317566,0.538603,0.00000000e+00,0.000000,0.000000,0.000000e+00,5.21088581e-16,0.008841
1329,0.000000,0.760000,0.00000000e+00,0.000000,0.000000,0.000000e+00,1.31886987e-16,0.002238
1330,0.000000,0.680000,0.00000000e+00,0.000000,0.000000,0.000000e+00,1.83921624e-16,0.003120
1331,0.000000,0.640000,0.00000000e+00,0.000000,0.000000,0.000000e+00,2.40728643e-16,0.004084
1332,0.000000,0.600000,0.00000000e+00,0.000000,0.000000,0.000000e+00,2.72419719e-16,0.004622
1333,0.040368,0.621431,0.00000000e+00,0.000000,0.000000,0.000000e+00,2.04039662e-16,0.003462
1334,0.061177,0.602222,0.00000000e+00,0.000000,0.000000,0.000000e+00,2.22588877e-16,0.003776
1335,0.000000,0.580000,0.00000000e+00,0.000000,0.000000,0.000000e+00,2.65436223e-16,0.004503
1336,0.120270,0.520164,0.00000000e+00,0.000000,0.000000,0.000000e+00,2.55512862e-16,0.004335
1337,0.100417,0.520417,0.00000000e+00,0.000000,0.000000,0.000000e+00,2.99541132e-16,0.005082
1338,0.020409,0.540517,0.00000000e+00,0.000000,0.000000,0.000000e+00,2.12295825e-16,0.003602
1339,0.080503,0.520610,0.00000000e+00,0.000000,0.000000,0.000000e+00,2.66630831e-16,0.004524
1340,1.000000,0.040000,0.00000000e+00,0.000000,0.000000,0.000000e+00,1.08194000e-16,0.001836
1341,0.949552,0.080354,0.00000000e+00,0.000000,0.000000,0.000000e+00,6.63859227e-17,0.001126
1342,1.000000,0.080000,0.00000000e+00,0.000000,0.000000,0.000000e+00,1.44245608e-16,0.002447
1343,0.949061,0.109172,0.00000000e+00,0.000000,0.000000,0.000000e+00,2.84087121e-16,0.004820
1344,1.000000,0.120000,0.00000000e+00,0.000000,0.000000,0.000000e+00,1.84971230e-16,0.003138
1345,1.000000,0.160000,0.00000000e+00,0.000000,0.000000,0.000000e+00,1.76584386e-16,0.002996
1346,1.000000,0.200000,0.00000000e+00,0.000000,0.000000,0.000000e+00,2.10218172e-16,0.003567
1347,1.000000,0.240000,0.00000000e+00,0.000000,0.000000,0.000000e+00,2.23510554e-16,0.003792
1348,0.981159,0.300024,0.00000000e+00,0.000000,0.000000,0.000000e+00,2.17000259e-16,0.003682
1349,1.000000,0.320000,0.00000000e+00,0.000000,0.000000,0.000000e+00,2.35116467e-16,0.003989
1350,1.000000,0.360000,0.00000000e+00,0.000000,0.000000,0.000000e+00,1.99091494e-16,0.003378
1351,1.000000,0.400000,0.00000000e+00,0.000000,0.000000,0.000000e+00,1.74581908e-16,0.002962
1352,1.000000,0.420000,0.00000000e+00,0.000000,0.000000,0.000000e+00,1.78296994e-16,0.003025
1353,0.936792,0.560851,0.00000000e+00,0.000000,0.000000,0.000000e+00,8.98421179e-17,0.001524
1354,1.000000,0.580000,0.00000000e+00,0.000000,0.000000,0.000000e+00,1.92528974e-16,0.003266
1355,0.946595,0.612266,0.00000000e+00,0.000000,0.000000,0.000000e+00,3.01944429e-16,0.005123
1356,1.000000,0.620000,0.00000000e+00,0.000000,0.000000,0.000000e+00,2.40075316e-16,0.004073
1357,1.000000,0.660000,0.00000000e+00,0.000000,0.000000,0.000000e+00,2.31245659e-16,0.003923
1358,1.000000,0.700000,0.00000000e+00,0.000000,0.000000,0.000000e+00,2.40333608e-16,0.004078
1359,1.000000,0.740000,0.00000000e+00,0.000000,0.000000,0.000000e+00,2.25289165e-16,0.003822
1360,0.981010,0.839712,0.00000000e+00,0.000000,0.000000,0.000000e+00,1.81009961e-16,0.003071
1361,1.000000,0.900000,0.00000000e+00,0.000000,0.000000,0.000000e+00,1.20340260e-16,0.002042
1362,1.000000,0.920000,0.00000000e+00,0.000000,0.000000,0.000000e+00,1.24916912e-16,0.002119
1363,0.960240,0.020871,0.00000000e+00,0.000000,0.000000,0.000000e+00,8.20876835e-17,0.001393
1364,0.838144,0.019395,0.00000000e+00,0.000000,0.000000,0.000000e+00,2.51572772e-17,0.000427
1365,0.758470,0.042245,0.00000000e+00,0.000000,0.000000,0.000000e+00,3.08513586e-17,0.000523
1366,0.280000,0.000000,0.00000000e+00,0.000000,0.000000,0.000000e+00,2.60557790e-16,0.004421
1367,0.979457,0.960246,0.00000000e+00,0.000000,0.000000,0.000000e+00,1.26192676e-16,0.002141
1368,0.981010,0.839712,0.00000000e+00,0.000000,0.000000,0.000000e+00,1.34965780e-16,0.002290
1369,0.979399,0.460486,0.00000000e+00,0.000000,0.000000,0.000000e+00,1.60809284e-16,0.002728
1370,1.000000,0.280000,0.00000000e+00,0.000000,0.000000,0.000000e+00,2.43384091e-16,0.004129
1371,0.581824,0.978388,0.00000000e+00,0.000000,0.000000,0.000000e+00,3.36417055e-16,0.005708
1372,0.621896,0.981272,0.00000000e+00,0.000000,0.000000,0.000000e+00,2.12016476e-16,0.003597
1373,0.661137,0.981972,0.00000000e+00,0.000000,0.000000,0.000000e+00,1.23606512e-16,0.002097
1374,0.720000,1.000000,0.00000000e+00,0.000000,0.000000,0.000000e+00,4.73872582e-17,0.000804
1375,0.880880,0.980239,0.00000000e+00,0.000000,0.000000,0.000000e+00,9.56688840e-17,0.001623
1376,0.920538,0.981861,0.00000000e+00,0.000000,0.000000,0.000000e+00,2.93901474e-17,0.000499
1377,0.959405,0.961136,0.00000000e+00,0.000000,0.000000,0.000000e+00,7.91745651e-17,0.001343
1378,0.000000,0.720000,0.00000000e+00,0.000000,0.000000,0.000000e+00,1.39303158e-16,0.002363
1379,0.040294,0.479582,0.00000000e+00,0.000000,0.000000,0.000000e+00,2.43110182e-16,0.004125
1380,0.040000,0.500000,0.00000000e+00,0.000000,0.000000,0.000000e+00,2.04025580e-16,0.003462
1381,0.060499,0.520630,0.00000000e+00,0.000000,0.000000,0.000000e+00,2.51508646e-16,0.004267
1382,0.080503,0.520610,0.00000000e+00,0.000000,0.000000,0.000000e+00,2.69184556e-16,0.004567
1383,0.080177,0.479187,0.00000000e+00,0.000000,0.000000,0.000000e+00,2.70911736e-16,0.004596
1384,0.258951,0.520341,0.00000000e+00,0.000000,0.000000,0.000000e+00,2.38455392e-16,0.004046
1385,0.298858,0.519589,0.00000000e+00,0.000000,0.000000,0.000000e+00,4.03515379e-16,0.006846
1386,0.422073,0.480455,0.00000000e+00,0.000000,0.000000,0.000000e+00,5.18635944e-15,0.087992
1387,0.505496,0.548857,0.00000000e+00,0.000000,0.000000,0.000000e+00,7.10654375e-15,0.120570
1388,0.021330,0.261725,0.00000000e+00,0.000000,0.000000,0.000000e+00,1.32390111e-16,0.002246
1389,0.062477,0.283541,0.00000000e+00,0.000000,0.000000,0.000000e+00,2.90418004e-16,0.004927
1390,0.037617,0.342960,0.00000000e+00,0.000000,0.000000,0.000000e+00,1.42794522e-16,0.002423
1391,0.036109,0.380579,0.00000000e+00,0.000000,0.000000,0.000000e+00,1.77980919e-16,0.003020
1392,0.019991,0.419175,0.00000000e+00,0.000000,0.000000,0.000000e+00,1.95081283e-16,0.003310
1393,0.040423,0.459199,0.00000000e+00,0.000000,0.000000,0.000000e+00,2.36436965e-16,0.004011
1394,0.517106,0.589745,0.00000000e+00,0.000000,0.000000,0.000000e+00,2.74112631e-15,0.046506
1395,0.322323,0.421465,0.00000000e+00,0.000000,0.000000,0.000000e+00,6.07105889e-16,0.010300
1396,0.178720,0.560569,0.00000000e+00,0.000000,0.000000,0.000000e+00,2.16630873e-16,0.003675
1397,0.429013,0.558460,0.00000000e+00,0.000000,0.000000,0.000000e+00,4.07551131e-15,0.069145
1398,0.962679,0.501031,0.00000000e+00,0.000000,0.000000,0.000000e+00,8.26875747e-17,0.001403
1399,0.316885,0.558105,0.00000000e+00,0.000000,0.000000,0.000000e+00,5.67640030e-16,0.009631
1400,0.816190,0.058618,0.00000000e+00,0.000000,0.000000,0.000000e+00,1.99001672e-17,0.000338
1401,0.689230,0.056574,0.00000000e+00,0.000000,0.000000,0.000000e+00,2.71380462e-16,0.004604
1402,0.173104,0.056824,0.00000000e+00,0.000000,0.000000,0.000000e+00,4.83278566e-16,0.008199
1403,0.318753,0.059839,0.00000000e+00,0.000000,0.000000,0.000000e+00,2.83771919e-16,0.004814
1404,0.943148,0.820007,0.00000000e+00,0.000000,0.000000,0.000000e+00,1.16517508e-16,0.001977
1405,0.177851,0.944234,0.00000000e+00,0.000000,0.000000,0.000000e+00,1.50908819e-16,0.002560
1406,0.945954,0.319423,0.00000000e+00,0.000000,0.000000,0.000000e+00,1.65754276e-16,0.002812
1407,0.659773,0.073380,0.00000000e+00,0.000000,0.000000,0.000000e+00,1.24028930e-16,0.002104
1408,0.797256,0.059724,0.00000000e+00,0.000000,0.000000,0.000000e+00,4.01488158e-17,0.000681
1409,0.079849,0.682062,0.00000000e+00,0.000000,0.000000,0.000000e+00,1.37375866e-16,0.002331
1410,0.040741,0.701360,0.00000000e+00,0.000000,0.000000,0.000000e+00,1.17007623e-16,0.001985
1411,0.040957,0.801610,0.00000000e+00,0.000000,0.000000,0.000000e+00,1.16241971e-16,0.001972
1412,0.197051,0.440739,0.00000000e+00,0.000000,0.000000,0.000000e+00,1.74313835e-16,0.002957
1413,0.198503,0.460190,0.00000000e+00,0.000000,0.000000,0.000000e+00,1.40460813e-16,0.002383
1414,0.058595,0.182368,0.00000000e+00,0.000000,0.000000,0.000000e+00,9.30788756e-17,0.001579
1415,0.040440,0.202182,0.00000000e+00,0.000000,0.000000,0.000000e+00,1.04086664e-16,0.001766
1416,0.961715,0.800900,0.00000000e+00,0.000000,0.000000,0.000000e+00,1.31832843e-16,0.002237
1417,0.681383,0.944821,0.00000000e+00,0.000000,0.000000,0.000000e+00,7.31940956e-17,0.001242
1418,0.699740,0.962608,0.00000000e+00,0.000000,0.000000,0.000000e+00,6.09728792e-17,0.001034
1419,0.817844,0.939139,0.00000000e+00,0.000000,0.000000,0.000000e+00,4.59549785e-17,0.000780
1420,0.801428,0.959485,0.00000000e+00,0.000000,0.000000,0.000000e+00,4.36152452e-17,0.000740
1421,0.959316,0.698495,0.00000000e+00,0.000000,0.000000,0.000000e+00,1.32829589e-16,0.002254
1422,0.923638,0.706050,0.00000000e+00,0.000000,0.000000,0.000000e+00,4.38928106e-17,0.000745
1423,0.327677,0.460125,0.00000000e+00,0.000000,0.000000,0.000000e+00,3.68102705e-16,0.006245
1424,0.298584,0.061860,0.00000000e+00,0.000000,0.000000,0.000000e+00,2.84904985e-16,0.004834
1425,0.037617,0.342960,0.00000000e+00,0.000000,0.000000,0.000000e+00,9.19160053e-17,0.001559
1426,0.177851,0.944234,0.00000000e+00,0.000000,0.000000,0.000000e+00,2.08408274e-16,0.003536
1427,0.959902,0.198625,0.00000000e+00,0.000000,0.000000,0.000000e+00,9.57353364e-17,0.001624
1428,0.924452,0.205961,0.00000000e+00,0.000000,0.000000,0.000000e+00,7.38210786e-17,0.001252
1429,0.160049,0.558600,0.00000000e+00,0.000000,0.000000,0.000000e+00,1.53872932e-16,0.002611
1430,0.962759,0.300391,0.00000000e+00,0.000000,0.000000,0.000000e+00,1.90240304e-16,0.003228
1431,0.297579,0.558995,0.00000000e+00,0.000000,0.000000,0.000000e+00,5.81162540e-16,0.009860
1432,0.293798,0.923425,0.00000000e+00,0.000000,0.000000,0.000000e+00,5.95713931e-16,0.010107
1433,0.317906,0.938535,0.00000000e+00,0.000000,0.000000,0.000000e+00,3.69969565e-16,0.006277
1434,0.352385,0.424666,0.00000000e+00,0.000000,0.000000,0.000000e+00,8.93363638e-16,0.015157
1435,0.368337,0.442998,0.00000000e+00,0.000000,0.000000,0.000000e+00,1.81569051e-15,0.030805
1436,0.141726,0.421735,0.00000000e+00,0.000000,0.000000,0.000000e+00,1.49214965e-16,0.002532
1437,0.159504,0.441710,0.00000000e+00,0.000000,0.000000,0.000000e+00,1.33901033e-16,0.002272
1438,0.850961,0.076294,0.00000000e+00,0.000000,0.000000,0.000000e+00,4.20038510e-17,0.000713
1439,0.834806,0.057734,0.00000000e+00,0.000000,0.000000,0.000000e+00,1.91894636e-17,0.000326
1440,0.060149,0.661801,0.00000000e+00,0.000000,0.000000,0.000000e+00,1.40654652e-16,0.002386
1441,0.357246,0.075863,0.00000000e+00,0.000000,0.000000,0.000000e+00,2.87703529e-16,0.004881
1442,0.338306,0.058245,0.00000000e+00,0.000000,0.000000,0.000000e+00,2.83197525e-16,0.004805
1443,0.056563,0.145421,0.00000000e+00,0.000000,0.000000,0.000000e+00,1.63322458e-16,0.002771
1444,0.093058,0.145262,0.00000000e+00,0.000000,0.000000,0.000000e+00,1.01485168e-16,0.001722
1445,0.071521,0.365021,0.00000000e+00,0.000000,0.000000,0.000000e+00,1.05752679e-16,0.001794
1446,0.053412,0.381961,0.00000000e+00,0.000000,0.000000,0.000000e+00,1.24100385e-16,0.002105
1447,0.138115,0.069588,0.00000000e+00,0.000000,0.000000,0.000000e+00,4.65830640e-16,0.007903
1448,0.120907,0.053144,0.00000000e+00,0.000000,0.000000,0.000000e+00,2.40501241e-16,0.004080
1449,0.065162,0.853137,0.00000000e+00,0.000000,0.000000,0.000000e+00,5.40631114e-16,0.009172
1450,0.657545,0.055860,0.00000000e+00,0.000000,0.000000,0.000000e+00,2.10906122e-16,0.003578
1451,0.942882,0.838781,0.00000000e+00,0.000000,0.000000,0.000000e+00,7.30132871e-17,0.001239
1452,0.160100,0.944584,0.00000000e+00,0.000000,0.000000,0.000000e+00,4.54156620e-16,0.007705
1453,0.645548,0.945608,0.00000000e+00,0.000000,0.000000,0.000000e+00,1.75638687e-16,0.002980
1454,0.663575,0.945398,0.00000000e+00,0.000000,0.000000,0.000000e+00,1.23069136e-16,0.002088
1455,0.944912,0.337544,0.00000000e+00,0.000000,0.000000,0.000000e+00,8.78536683e-17,0.001491
1456,0.354882,0.556489,0.00000000e+00,0.000000,0.000000,0.000000e+00,1.78335820e-15,0.030257
1457,0.335993,0.557187,0.00000000e+00,0.000000,0.000000,0.000000e+00,1.16383545e-15,0.019746
1458,0.921733,0.150588,0.00000000e+00,0.000000,0.000000,0.000000e+00,3.96280989e-17,0.000672
1459,0.921733,0.150588,0.00000000e+00,0.000000,0.000000,0.000000e+00,1.47319054e-16,0.002499
1460,0.141004,0.558615,0.00000000e+00,0.000000,0.000000,0.000000e+00,1.50217508e-16,0.002549
1461,0.849099,0.919270,0.00000000e+00,0.000000,0.000000,0.000000e+00,7.31332680e-17,0.001241
1462,0.849099,0.919270,0.00000000e+00,0.000000,0.000000,0.000000e+00,2.25160072e-16,0.003820
1463,0.348797,0.917971,0.00000000e+00,0.000000,0.000000,0.000000e+00,4.34198988e-16,0.007367
1464,0.348797,0.917971,0.00000000e+00,0.000000,0.000000,0.000000e+00,6.65333316e-16,0.011288
1465,0.918933,0.651087,0.00000000e+00,0.000000,0.000000,0.000000e+00,1.00922990e-16,0.001712
1466,0.921616,0.630450,0.00000000e+00,0.000000,0.000000,0.000000e+00,1.65101584e-16,0.002801
1467,0.392352,0.556266,0.00000000e+00,0.000000,0.000000,0.000000e+00,2.72327763e-15,0.046203
1468,0.548087,0.457500,0.00000000e+00,0.000000,0.000000,0.000000e+00,4.27875686e-15,0.072594
1469,0.517452,0.507277,0.00000000e+00,0.000000,0.000000,0.000000e+00,5.35231861e-15,0.090808
1470,0.944083,0.519061,0.00000000e+00,0.000000,0.000000,0.000000e+00,2.02770807e-16,0.003440
1471,0.061358,0.582059,0.00000000e+00,0.000000,0.000000,0.000000e+00,2.14854566e-16,0.003645
1472,0.455878,0.583993,0.00000000e+00,0.000000,0.000000,0.000000e+00,1.99568268e-15,0.033859
1473,0.491110,0.422642,0.00000000e+00,0.000000,0.000000,0.000000e+00,5.37313952e-15,0.091161
1474,0.506103,0.440613,0.00000000e+00,0.000000,0.000000,0.000000e+00,2.12539011e-15,0.036059
1475,0.478286,0.578765,0.00000000e+00,0.000000,0.000000,0.000000e+00,3.46939105e-15,0.058862
1476,0.455878,0.583993,0.00000000e+00,0.000000,0.000000,0.000000e+00,2.61778370e-15,0.044413
1477,0.689230,0.056574,0.00000000e+00,0.000000,0.000000,0.000000e+00,5.98570854e-17,0.001016
1478,0.078633,0.845965,0.00000000e+00,0.000000,0.000000,0.000000e+00,1.18208755e-16,0.002006
1479,0.322323,0.421465,0.00000000e+00,0.000000,0.000000,0.000000e+00,7.35180923e-16,0.012473
1480,0.141692,0.588944,0.00000000e+00,0.000000,0.000000,0.000000e+00,7.81581256e-17,0.001326
1481,0.405328,0.441579,0.00000000e+00,0.000000,0.000000,0.000000e+00,2.67683248e-15,0.045415
1482,0.077460,0.116709,0.00000000e+00,0.000000,0.000000,0.000000e+00,1.97668836e-16,0.003354
1483,0.077460,0.116709,0.00000000e+00,0.000000,0.000000,0.000000e+00,2.78665952e-16,0.004728
1484,0.060792,0.622108,0.00000000e+00,0.000000,0.000000,0.000000e+00,1.63615333e-16,0.002776
1485,0.086462,0.409852,0.00000000e+00,0.000000,0.000000,0.000000e+00,1.22461469e-16,0.002078
1486,0.050808,0.399877,0.00000000e+00,0.000000,0.000000,0.000000e+00,1.51770675e-16,0.002575
1487,0.621980,0.103109,0.00000000e+00,0.000000,0.000000,0.000000e+00,3.99047571e-16,0.006770
1488,0.922187,0.875584,0.00000000e+00,0.000000,0.000000,0.000000e+00,7.99814566e-17,0.001357
1489,0.918163,0.369134,0.00000000e+00,0.000000,0.000000,0.000000e+00,4.97867504e-17,0.000845
1490,0.939362,0.120933,0.00000000e+00,0.000000,0.000000,0.000000e+00,2.16991934e-16,0.003681
1491,0.103335,0.582844,0.00000000e+00,0.000000,0.000000,0.000000e+00,1.84638770e-16,0.003133
1492,0.876972,0.937995,0.00000000e+00,0.000000,0.000000,0.000000e+00,2.53864933e-16,0.004307
1493,0.380503,0.932555,0.00000000e+00,0.000000,0.000000,0.000000e+00,7.90258182e-16,0.013408
1494,0.392831,0.918470,0.00000000e+00,0.000000,0.000000,0.000000e+00,6.95047973e-16,0.011792
1495,0.946595,0.612266,0.00000000e+00,0.000000,0.000000,0.000000e+00,1.07050525e-16,0.001816
1496,0.936600,0.621194,0.00000000e+00,0.000000,0.000000,0.000000e+00,2.12167367e-16,0.003600
1497,0.424732,0.577080,0.00000000e+00,0.000000,0.000000,0.000000e+00,3.20156706e-15,0.054318
1498,0.532169,0.516761,0.00000000e+00,0.000000,0.000000,0.000000e+00,4.07664887e-15,0.069165
1499,0.900583,0.511512,0.00000000e+00,0.000000,0.000000,0.000000e+00,1.27110264e-16,0.002157
1500,0.945830,0.501109,0.00000000e+00,0.000000,0.000000,0.000000e+00,3.07707118e-17,0.000522
1501,0.927518,0.486893,0.00000000e+00,0.000000,0.000000,0.000000e+00,9.03795801e-17,0.001533
1502,0.503741,0.572275,0.00000000e+00,0.000000,0.000000,0.000000e+00,3.02453443e-15,0.051314
1503,0.944316,0.483706,0.00000000e+00,0.000000,0.000000,0.000000e+00,1.61690027e-16,0.002743
1504,0.959589,0.462338,0.00000000e+00,0.000000,0.000000,0.000000e+00,1.59738807e-16,0.002710
1505,0.922082,0.522190,0.00000000e+00,0.000000,0.000000,0.000000e+00,2.78366949e-16,0.004723
1506,0.915789,0.506544,0.00000000e+00,0.000000,0.000000,0.000000e+00,1.40868025e-16,0.002390
1507,0.100000,0.815464,0.00000000e+00,0.000000,0.000000,0.000000e+00,1.97306293e-16,0.003348
1508,0.815406,0.097445,0.00000000e+00,0.000000,0.000000,0.000000e+00,3.51033681e-17,0.000596
1509,0.685064,0.068506,0.00000000e+00,0.000000,0.000000,0.000000e+00,2.30329196e-16,0.003908
1510,0.094843,0.161354,0.00000000e+00,0.000000,0.000000,0.000000e+00,8.88891727e-17,0.001508
1511,0.201883,0.077250,0.00000000e+00,0.000000,0.000000,0.000000e+00,4.61509025e-16,0.007830
1512,0.173104,0.056824,0.00000000e+00,0.000000,0.000000,0.000000e+00,1.53230934e-16,0.002600
1513,0.924624,0.819185,0.00000000e+00,0.000000,0.000000,0.000000e+00,7.12567989e-17,0.001209
1514,0.895555,0.696035,0.00000000e+00,0.000000,0.000000,0.000000e+00,6.85227420e-17,0.001163
1515,0.287037,0.416325,0.00000000e+00,0.000000,0.000000,0.000000e+00,5.61405020e-16,0.009525
1516,0.309863,0.413071,0.00000000e+00,0.000000,0.000000,0.000000e+00,7.92675084e-16,0.013449
1517,0.077289,0.298556,0.00000000e+00,0.000000,0.000000,0.000000e+00,5.82092887e-17,0.000988
1518,0.057434,0.328085,0.00000000e+00,0.000000,0.000000,0.000000e+00,9.60726937e-17,0.001630
1519,0.321886,0.097339,0.00000000e+00,0.000000,0.000000,0.000000e+00,2.76479813e-16,0.004691
1520,0.929813,0.318628,0.00000000e+00,0.000000,0.000000,0.000000e+00,9.73201086e-17,0.001651
1521,0.316554,0.597580,0.00000000e+00,0.000000,0.000000,0.000000e+00,1.09456287e-15,0.018570
1522,0.303861,0.895545,0.00000000e+00,0.000000,0.000000,0.000000e+00,7.53355021e-16,0.012781
1523,0.384816,0.462047,0.00000000e+00,0.000000,0.000000,0.000000e+00,2.13627829e-15,0.036244
1524,0.104884,0.415573,0.00000000e+00,0.000000,0.000000,0.000000e+00,1.98104225e-16,0.003361
1525,0.865629,0.094558,0.00000000e+00,0.000000,0.000000,0.000000e+00,2.12688650e-17,0.000361
1526,0.649589,0.093934,0.00000000e+00,0.000000,0.000000,0.000000e+00,2.00177761e-16,0.003396
1527,0.357714,0.094504,0.00000000e+00,0.000000,0.000000,0.000000e+00,2.82005538e-16,0.004785
1528,0.882375,0.077955,0.00000000e+00,0.000000,0.000000,0.000000e+00,1.48972820e-16,0.002527
1529,0.137097,0.088525,0.00000000e+00,0.000000,0.000000,0.000000e+00,4.51350135e-16,0.007658
1530,0.123315,0.081429,0.00000000e+00,0.000000,0.000000,0.000000e+00,2.84483136e-16,0.004827
1531,0.061738,0.110532,0.00000000e+00,0.000000,0.000000,0.000000e+00,4.53713198e-16,0.007698
1532,0.406823,0.074775,0.00000000e+00,0.000000,0.000000,0.000000e+00,3.59040643e-16,0.006091
1533,0.038077,0.883625,0.00000000e+00,0.000000,0.000000,0.000000e+00,1.97634757e-16,0.003353
1534,0.094843,0.161354,0.00000000e+00,0.000000,0.000000,0.000000e+00,9.80504627e-17,0.001664
1535,0.090634,0.336189,0.00000000e+00,0.000000,0.000000,0.000000e+00,1.25477264e-16,0.002129
1536,0.071957,0.384079,0.00000000e+00,0.000000,0.000000,0.000000e+00,1.15538140e-16,0.001960
1537,0.618885,0.042590,0.00000000e+00,0.000000,0.000000,0.000000e+00,1.75560615e-16,0.002979
1538,0.963337,0.115743,0.00000000e+00,0.000000,0.000000,0.000000e+00,1.90053507e-16,0.003224
1539,0.883695,0.961617,0.00000000e+00,0.000000,0.000000,0.000000e+00,5.90932139e-17,0.001003
1540,0.143039,0.924473,0.00000000e+00,0.000000,0.000000,0.000000e+00,3.47182632e-16,0.005890
1541,0.939362,0.120933,0.00000000e+00,0.000000,0.000000,0.000000e+00,1.62693020e-16,0.002760
1542,0.370772,0.594473,0.00000000e+00,0.000000,0.000000,0.000000e+00,1.64218894e-15,0.027861
1543,0.924016,0.351509,0.00000000e+00,0.000000,0.000000,0.000000e+00,9.34187939e-17,0.001585
1544,0.876972,0.937995,0.00000000e+00,0.000000,0.000000,0.000000e+00,1.54652149e-16,0.002624
1545,0.380503,0.932555,0.00000000e+00,0.000000,0.000000,0.000000e+00,7.25155547e-16,0.012303
1546,0.904291,0.855339,0.00000000e+00,0.000000,0.000000,0.000000e+00,3.03295301e-17,0.000515
1547,0.609137,0.942531,0.00000000e+00,0.000000,0.000000,0.000000e+00,3.63337165e-16,0.006164
1548,0.387092,0.958834,0.00000000e+00,0.000000,0.000000,0.000000e+00,4.37741545e-16,0.007427
1549,0.960688,0.616543,0.00000000e+00,0.000000,0.000000,0.000000e+00,2.26116081e-16,0.003836
1550,0.648337,0.910890,0.00000000e+00,0.000000,0.000000,0.000000e+00,1.03298434e-16,0.001753
1551,0.407764,0.575900,0.00000000e+00,0.000000,0.000000,0.000000e+00,2.39978198e-15,0.040715
1552,0.390217,0.575356,0.00000000e+00,0.000000,0.000000,0.000000e+00,2.32742949e-15,0.039487
1553,0.572406,0.471955,0.00000000e+00,0.000000,0.000000,0.000000e+00,2.65190176e-15,0.044992
1554,0.040839,0.561242,0.00000000e+00,0.000000,0.000000,0.000000e+00,2.37027850e-16,0.004021
1555,0.478286,0.578765,0.00000000e+00,0.000000,0.000000,0.000000e+00,2.84201174e-15,0.048218
1556,0.522148,0.551130,0.00000000e+00,0.000000,0.000000,0.000000e+00,5.95131532e-15,0.100970
1557,0.917446,0.454977,0.00000000e+00,0.000000,0.000000,0.000000e+00,2.24670407e-16,0.003812
1558,0.914339,0.563736,0.00000000e+00,0.000000,0.000000,0.000000e+00,2.86135406e-17,0.000485
1559,0.895842,0.496118,0.00000000e+00,0.000000,0.000000,0.000000e+00,9.89424877e-17,0.001679
1560,0.872335,0.470213,0.00000000e+00,0.000000,0.000000,0.000000e+00,1.18808904e-16,0.002016
1561,0.459771,0.605110,0.00000000e+00,0.000000,0.000000,0.000000e+00,1.33241681e-15,0.022606
1562,0.448960,0.599214,0.00000000e+00,0.000000,0.000000,0.000000e+00,1.06441633e-15,0.018059
1563,0.502960,0.402599,0.00000000e+00,0.000000,0.000000,0.000000e+00,3.73962479e-16,0.006345
1564,0.506089,0.420922,0.00000000e+00,0.000000,0.000000,0.000000e+00,2.46408089e-15,0.041806
1565,0.469235,0.611481,0.00000000e+00,0.000000,0.000000,0.000000e+00,7.49633211e-16,0.012718
1566,0.125614,0.582746,0.00000000e+00,0.000000,0.000000,0.000000e+00,5.13586549e-17,0.000871
1567,0.103135,0.603857,0.00000000e+00,0.000000,0.000000,0.000000e+00,1.42646357e-16,0.002420
1568,0.405521,0.595378,0.00000000e+00,0.000000,0.000000,0.000000e+00,1.87707054e-15,0.031846
1569,0.159454,0.404029,0.00000000e+00,0.000000,0.000000,0.000000e+00,9.95866033e-17,0.001690
1570,0.159493,0.422732,0.00000000e+00,0.000000,0.000000,0.000000e+00,1.04979563e-16,0.001781
1571,0.118703,0.646676,0.00000000e+00,0.000000,0.000000,0.000000e+00,1.10514486e-16,0.001875
1572,0.079846,0.662441,0.00000000e+00,0.000000,0.000000,0.000000e+00,1.25072170e-16,0.002122
1573,0.339981,0.095591,0.00000000e+00,0.000000,0.000000,0.000000e+00,2.76938296e-16,0.004699
1574,0.881695,0.110399,0.00000000e+00,0.000000,0.000000,0.000000e+00,2.16742033e-17,0.000368
1575,0.370997,0.628017,0.00000000e+00,0.000000,0.000000,0.000000e+00,1.30477792e-15,0.022137
1576,0.335185,0.596618,0.00000000e+00,0.000000,0.000000,0.000000e+00,1.35877913e-15,0.023053
1577,0.665076,0.907632,0.00000000e+00,0.000000,0.000000,0.000000e+00,1.52009552e-16,0.002579
1578,0.906754,0.344437,0.00000000e+00,0.000000,0.000000,0.000000e+00,1.32762925e-16,0.002252
1579,0.890497,0.373556,0.00000000e+00,0.000000,0.000000,0.000000e+00,1.63797603e-16,0.002779
1580,0.924107,0.837898,0.00000000e+00,0.000000,0.000000,0.000000e+00,4.17962452e-17,0.000709
1581,0.160938,0.927173,0.00000000e+00,0.000000,0.000000,0.000000e+00,5.79313732e-16,0.009829
1582,0.333905,0.397691,0.00000000e+00,0.000000,0.000000,0.000000e+00,9.58869672e-16,0.016268
1583,0.073368,0.332960,0.00000000e+00,0.000000,0.000000,0.000000e+00,1.02388979e-16,0.001737
1584,0.321886,0.097339,0.00000000e+00,0.000000,0.000000,0.000000e+00,2.98670779e-16,0.005067
1585,0.338604,0.901640,0.00000000e+00,0.000000,0.000000,0.000000e+00,3.74157561e-16,0.006348
1586,0.297302,0.598322,0.00000000e+00,0.000000,0.000000,0.000000e+00,9.31602728e-16,0.015806
1587,0.914722,0.316525,0.00000000e+00,0.000000,0.000000,0.000000e+00,1.15396539e-16,0.001958
1588,0.889503,0.332879,0.00000000e+00,0.000000,0.000000,0.000000e+00,1.11977875e-16,0.001900
1589,0.195188,0.421525,0.00000000e+00,0.000000,0.000000,0.000000e+00,2.72918807e-16,0.004630
1590,0.192889,0.402642,0.00000000e+00,0.000000,0.000000,0.000000e+00,1.93762307e-16,0.003287
1591,0.185015,0.086113,0.00000000e+00,0.000000,0.000000,0.000000e+00,3.30135538e-16,0.005601
1592,0.080971,0.200581,0.00000000e+00,0.000000,0.000000,0.000000e+00,6.90436606e-17,0.001171
1593,0.917228,0.185138,0.00000000e+00,0.000000,0.000000,0.000000e+00,1.41680700e-16,0.002404
1594,0.171838,0.596590,0.00000000e+00,0.000000,0.000000,0.000000e+00,6.51717605e-17,0.001106
1595,0.175735,0.926962,0.00000000e+00,0.000000,0.000000,0.000000e+00,3.31404791e-16,0.005623
1596,0.188388,0.905337,0.00000000e+00,0.000000,0.000000,0.000000e+00,3.10621699e-16,0.005270
1597,0.679243,0.086131,0.00000000e+00,0.000000,0.000000,0.000000e+00,2.57808930e-16,0.004374
1598,0.076417,0.829269,0.00000000e+00,0.000000,0.000000,0.000000e+00,7.57227933e-17,0.001285
1599,0.117539,0.682912,0.00000000e+00,0.000000,0.000000,0.000000e+00,1.52722912e-16,0.002591
1600,0.080488,0.701680,0.00000000e+00,0.000000,0.000000,0.000000e+00,1.64873613e-16,0.002797
1601,0.797233,0.098671,0.00000000e+00,0.000000,0.000000,0.000000e+00,4.70003859e-17,0.000797
1602,0.915556,0.685324,0.00000000e+00,0.000000,0.000000,0.000000e+00,1.83471717e-16,0.003113
1603,0.814742,0.916069,0.00000000e+00,0.000000,0.000000,0.000000e+00,1.29234040e-16,0.002193
1604,0.705081,0.908299,0.00000000e+00,0.000000,0.000000,0.000000e+00,1.09616823e-16,0.001860
1605,0.683672,0.906689,0.00000000e+00,0.000000,0.000000,0.000000e+00,1.62396333e-16,0.002755
1606,0.906501,0.817681,0.00000000e+00,0.000000,0.000000,0.000000e+00,6.74766100e-17,0.001145
1607,0.061626,0.721664,0.00000000e+00,0.000000,0.000000,0.000000e+00,1.50843611e-16,0.002559
1608,0.778160,0.061080,0.00000000e+00,0.000000,0.000000,0.000000e+00,5.28228374e-17,0.000896
1609,0.701611,0.063622,0.00000000e+00,0.000000,0.000000,0.000000e+00,2.83886586e-16,0.004816
1610,0.692382,0.077420,0.00000000e+00,0.000000,0.000000,0.000000e+00,2.73007745e-16,0.004632
1611,0.213021,0.419408,0.00000000e+00,0.000000,0.000000,0.000000e+00,2.48931442e-16,0.004223
1612,0.063493,0.222542,0.00000000e+00,0.000000,0.000000,0.000000e+00,8.38347551e-17,0.001422
1613,0.189490,0.063244,0.00000000e+00,0.000000,0.000000,0.000000e+00,6.82975318e-16,0.011587
1614,0.716963,0.942823,0.00000000e+00,0.000000,0.000000,0.000000e+00,4.96502259e-17,0.000842
1615,0.942800,0.700251,0.00000000e+00,0.000000,0.000000,0.000000e+00,8.22692926e-17,0.001396
1616,0.942376,0.783422,0.00000000e+00,0.000000,0.000000,0.000000e+00,1.22176932e-16,0.002073
1617,0.799653,0.943016,0.00000000e+00,0.000000,0.000000,0.000000e+00,1.12462470e-16,0.001908
1618,0.298970,0.428823,0.00000000e+00,0.000000,0.000000,0.000000e+00,9.39950979e-16,0.015947
1619,0.063545,0.311247,0.00000000e+00,0.000000,0.000000,0.000000e+00,1.73893297e-16,0.002950
1620,0.277814,0.064135,0.00000000e+00,0.000000,0.000000,0.000000e+00,2.87291050e-16,0.004874
1621,0.196218,0.563977,0.00000000e+00,0.000000,0.000000,0.000000e+00,3.07398897e-16,0.005215
1622,0.193960,0.583635,0.00000000e+00,0.000000,0.000000,0.000000e+00,2.33806557e-16,0.003967
1623,0.943588,0.200312,0.00000000e+00,0.000000,0.000000,0.000000e+00,6.68588781e-17,0.001134
1624,0.215147,0.940432,0.00000000e+00,0.000000,0.000000,0.000000e+00,2.72342745e-16,0.004621
1625,0.299646,0.942555,0.00000000e+00,0.000000,0.000000,0.000000e+00,5.15996007e-16,0.008754
1626,0.942915,0.282791,0.00000000e+00,0.000000,0.000000,0.000000e+00,1.73301790e-16,0.002940
1627,0.100209,0.458192,0.00000000e+00,0.000000,0.000000,0.000000e+00,2.68959960e-16,0.004563
1628,0.894698,0.042264,0.00000000e+00,0.000000,0.000000,0.000000e+00,9.42141314e-17,0.001598
1629,0.882375,0.077955,0.00000000e+00,0.000000,0.000000,0.000000e+00,5.43534623e-17,0.000922
1630,0.870961,0.058269,0.00000000e+00,0.000000,0.000000,0.000000e+00,9.30444781e-17,0.001579
1631,0.589376,0.093346,0.00000000e+00,0.000000,0.000000,0.000000e+00,5.62749738e-16,0.009548
1632,0.094248,0.112260,0.00000000e+00,0.000000,0.000000,0.000000e+00,3.76483884e-16,0.006387
1633,0.090585,0.121331,0.00000000e+00,0.000000,0.000000,0.000000e+00,3.14602992e-16,0.005338
1634,0.042941,0.104482,0.00000000e+00,0.000000,0.000000,0.000000e+00,2.93138833e-16,0.004973
1635,0.403540,0.088108,0.00000000e+00,0.000000,0.000000,0.000000e+00,2.77095156e-16,0.004701
1636,0.395945,0.038031,0.00000000e+00,0.000000,0.000000,0.000000e+00,3.56548037e-16,0.006049
1637,0.040640,0.601441,0.00000000e+00,0.000000,0.000000,0.000000e+00,2.47430579e-16,0.004198
1638,0.084153,0.882788,0.00000000e+00,0.000000,0.000000,0.000000e+00,4.24929007e-16,0.007209
1639,0.911047,0.615184,0.00000000e+00,0.000000,0.000000,0.000000e+00,1.58556375e-16,0.002690
1640,0.913988,0.585705,0.00000000e+00,0.000000,0.000000,0.000000e+00,9.64574783e-17,0.001637
1641,0.593295,0.895604,0.00000000e+00,0.000000,0.000000,0.000000e+00,4.80248993e-16,0.008148
1642,0.613920,0.925084,0.00000000e+00,0.000000,0.000000,0.000000e+00,3.69523894e-16,0.006269
1643,0.103127,0.960268,0.00000000e+00,0.000000,0.000000,0.000000e+00,1.88609104e-16,0.003200
1644,0.956022,0.397170,0.00000000e+00,0.000000,0.000000,0.000000e+00,1.10657787e-16,0.001877
1645,0.605080,0.960917,0.00000000e+00,0.000000,0.000000,0.000000e+00,2.66596526e-16,0.004523
1646,0.960024,0.896725,0.00000000e+00,0.000000,0.000000,0.000000e+00,8.27506257e-17,0.001404
1647,0.561753,0.495953,0.00000000e+00,0.000000,0.000000,0.000000e+00,5.10350861e-15,0.086586
1648,0.570634,0.514959,0.00000000e+00,0.000000,0.000000,0.000000e+00,1.05632865e-15,0.017922
1649,0.540841,0.537742,0.00000000e+00,0.000000,0.000000,0.000000e+00,1.40512570e-15,0.023839
1650,0.100867,0.036746,0.00000000e+00,0.000000,0.000000,0.000000e+00,1.45163474e-16,0.002463
1651,0.035996,0.398628,0.00000000e+00,0.000000,0.000000,0.000000e+00,2.09962514e-16,0.003562
1652,0.443779,0.438855,0.00000000e+00,0.000000,0.000000,0.000000e+00,3.74865358e-15,0.063600
1653,0.542372,0.599212,0.00000000e+00,0.000000,0.000000,0.000000e+00,1.74378715e-15,0.029585
1654,0.902026,0.462381,0.00000000e+00,0.000000,0.000000,0.000000e+00,1.96285499e-16,0.003330
1655,0.548087,0.457500,0.00000000e+00,0.000000,0.000000,0.000000e+00,2.45708355e-15,0.041687
1656,0.370772,0.594473,0.00000000e+00,0.000000,0.000000,0.000000e+00,2.04591300e-15,0.034711
1657,0.373721,0.556177,0.00000000e+00,0.000000,0.000000,0.000000e+00,2.14999091e-15,0.036477
1658,0.506089,0.420922,0.00000000e+00,0.000000,0.000000,0.000000e+00,1.54440375e-15,0.026202
1659,0.566594,0.433702,0.00000000e+00,0.000000,0.000000,0.000000e+00,1.32200964e-15,0.022429
1660,0.441115,0.579353,0.00000000e+00,0.000000,0.000000,0.000000e+00,2.98395964e-15,0.050626
1661,0.452598,0.618276,0.00000000e+00,0.000000,0.000000,0.000000e+00,1.26735632e-15,0.021502
1662,0.541723,0.397065,0.00000000e+00,0.000000,0.000000,0.000000e+00,1.17320225e-15,0.019905
1663,0.501162,0.627420,0.00000000e+00,0.000000,0.000000,0.000000e+00,8.68498774e-16,0.014735
1664,0.349952,0.404642,0.00000000e+00,0.000000,0.000000,0.000000e+00,1.09113778e-15,0.018512
1665,0.083303,0.348920,0.00000000e+00,0.000000,0.000000,0.000000e+00,5.62146253e-17,0.000954
1666,0.885443,0.312635,0.00000000e+00,0.000000,0.000000,0.000000e+00,1.71652100e-16,0.002912
1667,0.176161,0.404200,0.00000000e+00,0.000000,0.000000,0.000000e+00,1.98787423e-16,0.003373
1668,0.131931,0.160329,0.00000000e+00,0.000000,0.000000,0.000000e+00,2.55411483e-16,0.004333
1669,0.156692,0.590552,0.00000000e+00,0.000000,0.000000,0.000000e+00,7.11854364e-17,0.001208
1670,0.156692,0.590552,0.00000000e+00,0.000000,0.000000,0.000000e+00,6.86077100e-17,0.001164
1671,0.648337,0.910890,0.00000000e+00,0.000000,0.000000,0.000000e+00,1.02267231e-16,0.001735
1672,0.894885,0.081109,0.00000000e+00,0.000000,0.000000,0.000000e+00,2.11087321e-16,0.003581
1673,0.069794,0.094122,0.00000000e+00,0.000000,0.000000,0.000000e+00,5.44983910e-16,0.009246
1674,0.093023,0.941424,0.00000000e+00,0.000000,0.000000,0.000000e+00,2.43232975e-16,0.004127
1675,0.941233,0.906950,0.00000000e+00,0.000000,0.000000,0.000000e+00,7.74622152e-17,0.001314
1676,0.933523,0.407517,0.00000000e+00,0.000000,0.000000,0.000000e+00,1.81074257e-16,0.003072
1677,0.955700,0.442220,0.00000000e+00,0.000000,0.000000,0.000000e+00,2.13636850e-16,0.003625
1678,0.959118,0.559860,0.00000000e+00,0.000000,0.000000,0.000000e+00,1.33186336e-16,0.002260
1679,0.540841,0.537742,0.00000000e+00,0.000000,0.000000,0.000000e+00,8.43256768e-16,0.014307
1680,0.935478,0.447943,0.00000000e+00,0.000000,0.000000,0.000000e+00,2.70692354e-16,0.004593
1681,0.927275,0.430286,0.00000000e+00,0.000000,0.000000,0.000000e+00,3.52997010e-16,0.005989
1682,0.893413,0.563408,0.00000000e+00,0.000000,0.000000,0.000000e+00,1.56763233e-16,0.002660
1683,0.543860,0.416668,0.00000000e+00,0.000000,0.000000,0.000000e+00,1.55688129e-15,0.026414
1684,0.738359,0.959318,0.00000000e+00,0.000000,0.000000,0.000000e+00,5.99626799e-17,0.001017
1685,0.699740,0.962608,0.00000000e+00,0.000000,0.000000,0.000000e+00,4.21276932e-17,0.000715
1686,0.960894,0.781571,0.00000000e+00,0.000000,0.000000,0.000000e+00,1.65573236e-16,0.002809
1687,0.961715,0.800900,0.00000000e+00,0.000000,0.000000,0.000000e+00,1.53294885e-16,0.002601
1688,0.198207,0.961428,0.00000000e+00,0.000000,0.000000,0.000000e+00,2.34159241e-16,0.003973
1689,0.215147,0.940432,0.00000000e+00,0.000000,0.000000,0.000000e+00,3.17686563e-16,0.005390
1690,0.259343,0.560103,0.00000000e+00,0.000000,0.000000,0.000000e+00,5.48674327e-16,0.009309
1691,0.298040,0.539315,0.00000000e+00,0.000000,0.000000,0.000000e+00,4.19232313e-16,0.007113
1692,0.961471,0.281012,0.00000000e+00,0.000000,0.000000,0.000000e+00,1.82081180e-16,0.003089
1693,0.962759,0.300391,0.00000000e+00,0.000000,0.000000,0.000000e+00,1.92457678e-16,0.003265
1694,0.041246,0.721475,0.00000000e+00,0.000000,0.000000,0.000000e+00,9.89272742e-17,0.001678
1695,0.797766,0.040006,0.00000000e+00,0.000000,0.000000,0.000000e+00,3.72948772e-17,0.000633
1696,0.041881,0.222367,0.00000000e+00,0.000000,0.000000,0.000000e+00,9.52095208e-17,0.001615
1697,0.298388,0.041324,0.00000000e+00,0.000000,0.000000,0.000000e+00,2.67810801e-16,0.004544
1698,0.238083,0.456952,0.00000000e+00,0.000000,0.000000,0.000000e+00,4.76823857e-16,0.008090
1699,0.198503,0.460190,0.00000000e+00,0.000000,0.000000,0.000000e+00,1.87228771e-16,0.003177
1700,0.110174,0.396268,0.00000000e+00,0.000000,0.000000,0.000000e+00,1.17286786e-16,0.001990
1701,0.391456,0.091694,0.00000000e+00,0.000000,0.000000,0.000000e+00,2.57333162e-16,0.004366
1702,0.124593,0.121954,0.00000000e+00,0.000000,0.000000,0.000000e+00,4.92878572e-16,0.008362
1703,0.880285,0.094049,0.00000000e+00,0.000000,0.000000,0.000000e+00,4.37353551e-17,0.000742
1704,0.866281,0.112667,0.00000000e+00,0.000000,0.000000,0.000000e+00,4.60251631e-17,0.000781
1705,0.103135,0.603857,0.00000000e+00,0.000000,0.000000,0.000000e+00,1.20818768e-16,0.002050
1706,0.388588,0.594700,0.00000000e+00,0.000000,0.000000,0.000000e+00,1.75495581e-15,0.029775
1707,0.864371,0.369195,0.00000000e+00,0.000000,0.000000,0.000000e+00,2.06416265e-16,0.003502
1708,0.124619,0.902196,0.00000000e+00,0.000000,0.000000,0.000000e+00,3.03484732e-16,0.005149
1709,0.619145,0.909421,0.00000000e+00,0.000000,0.000000,0.000000e+00,3.73548491e-16,0.006338
1710,0.901433,0.875335,0.00000000e+00,0.000000,0.000000,0.000000e+00,9.70546828e-17,0.001647
1711,0.587372,0.466737,0.00000000e+00,0.000000,0.000000,0.000000e+00,1.50984110e-15,0.025616
1712,0.911756,0.731117,0.00000000e+00,0.000000,0.000000,0.000000e+00,1.16394132e-16,0.001975
1713,0.236180,0.543083,0.00000000e+00,0.000000,0.000000,0.000000e+00,1.72826803e-16,0.002932
1714,0.931524,0.224996,0.00000000e+00,0.000000,0.000000,0.000000e+00,1.45214998e-16,0.002464
1715,0.916365,0.249523,0.00000000e+00,0.000000,0.000000,0.000000e+00,1.41644926e-16,0.002403
1716,0.064445,0.783578,0.00000000e+00,0.000000,0.000000,0.000000e+00,2.30382400e-16,0.003909
1717,0.241549,0.063399,0.00000000e+00,0.000000,0.000000,0.000000e+00,3.06951267e-16,0.005208
1718,0.443831,0.401605,0.00000000e+00,0.000000,0.000000,0.000000e+00,2.93304873e-15,0.049762
1719,0.064919,0.072128,0.00000000e+00,0.000000,0.000000,0.000000e+00,6.83656121e-16,0.011599
1720,0.428022,0.947559,0.00000000e+00,0.000000,0.000000,0.000000e+00,4.32142816e-16,0.007332
1721,0.928188,0.068226,0.00000000e+00,0.000000,0.000000,0.000000e+00,2.78355144e-16,0.004723
1722,0.073489,0.934198,0.00000000e+00,0.000000,0.000000,0.000000e+00,4.35865870e-16,0.007395
1723,0.938721,0.580558,0.00000000e+00,0.000000,0.000000,0.000000e+00,8.50685314e-17,0.001443
1724,0.934193,0.926543,0.00000000e+00,0.000000,0.000000,0.000000e+00,2.85550794e-16,0.004845
1725,0.123511,0.604797,0.00000000e+00,0.000000,0.000000,0.000000e+00,1.09849380e-16,0.001864
1726,0.369765,0.422863,0.00000000e+00,0.000000,0.000000,0.000000e+00,1.50227593e-15,0.025488
1727,0.628492,0.082697,0.00000000e+00,0.000000,0.000000,0.000000e+00,3.60163491e-16,0.006111
1728,0.121996,0.099311,0.00000000e+00,0.000000,0.000000,0.000000e+00,3.46725711e-16,0.005883
1729,0.088756,0.362942,0.00000000e+00,0.000000,0.000000,0.000000e+00,1.51079602e-16,0.002563
1730,0.102731,0.879613,0.00000000e+00,0.000000,0.000000,0.000000e+00,5.39672855e-16,0.009156
1731,0.084153,0.882788,0.00000000e+00,0.000000,0.000000,0.000000e+00,4.75045247e-16,0.008060
1732,0.895291,0.624439,0.00000000e+00,0.000000,0.000000,0.000000e+00,2.07745054e-17,0.000352
1733,0.911047,0.615184,0.00000000e+00,0.000000,0.000000,0.000000e+00,1.39759430e-16,0.002371
1734,0.374394,0.892908,0.00000000e+00,0.000000,0.000000,0.000000e+00,5.63949242e-16,0.009568
1735,0.383033,0.907120,0.00000000e+00,0.000000,0.000000,0.000000e+00,8.06023847e-16,0.013675
1736,0.880523,0.897442,0.00000000e+00,0.000000,0.000000,0.000000e+00,1.36187254e-16,0.002311
1737,0.883641,0.915900,0.00000000e+00,0.000000,0.000000,0.000000e+00,1.63238985e-16,0.002770
1738,0.901549,0.122698,0.00000000e+00,0.000000,0.000000,0.000000e+00,6.11334515e-17,0.001037
1739,0.916299,0.115292,0.00000000e+00,0.000000,0.000000,0.000000e+00,1.39704916e-16,0.002370
1740,0.554815,0.575680,0.00000000e+00,0.000000,0.000000,0.000000e+00,6.77514549e-16,0.011495
1741,0.443764,0.459448,0.00000000e+00,0.000000,0.000000,0.000000e+00,4.92640715e-15,0.083582
1742,0.078910,0.433420,0.00000000e+00,0.000000,0.000000,0.000000e+00,1.42328375e-16,0.002415
1743,0.453678,0.046484,0.00000000e+00,0.000000,0.000000,0.000000e+00,6.86161538e-16,0.011641
1744,0.420516,0.079468,0.00000000e+00,0.000000,0.000000,0.000000e+00,5.77337816e-16,0.009795
1745,0.063107,0.056864,0.00000000e+00,0.000000,0.000000,0.000000e+00,1.67046504e-16,0.002834
1746,0.579386,0.069363,0.00000000e+00,0.000000,0.000000,0.000000e+00,2.99598836e-16,0.005083
1747,0.553891,0.051611,0.00000000e+00,0.000000,0.000000,0.000000e+00,4.24949442e-16,0.007210
1748,0.035909,0.920663,0.00000000e+00,0.000000,0.000000,0.000000e+00,1.64140003e-16,0.002785
1749,0.965660,0.079012,0.00000000e+00,0.000000,0.000000,0.000000e+00,7.82768558e-17,0.001328
1750,0.442169,0.966674,0.00000000e+00,0.000000,0.000000,0.000000e+00,3.20905447e-16,0.005444
1751,0.966182,0.097362,0.00000000e+00,0.000000,0.000000,0.000000e+00,5.17850632e-17,0.000879
1752,0.935176,0.084893,0.00000000e+00,0.000000,0.000000,0.000000e+00,1.99089827e-16,0.003378
1753,0.919709,0.946833,0.00000000e+00,0.000000,0.000000,0.000000e+00,1.37299329e-16,0.002329
1754,0.920710,0.964085,0.00000000e+00,0.000000,0.000000,0.000000e+00,5.36837174e-17,0.000911
1755,0.540869,0.945680,0.00000000e+00,0.000000,0.000000,0.000000e+00,7.32139916e-16,0.012422
1756,0.583076,0.912504,0.00000000e+00,0.000000,0.000000,0.000000e+00,6.20568260e-16,0.010529
1757,0.445280,0.610976,0.00000000e+00,0.000000,0.000000,0.000000e+00,1.76909258e-15,0.030014
1758,0.474606,0.627269,0.00000000e+00,0.000000,0.000000,0.000000e+00,8.12868773e-16,0.013791
1759,0.517106,0.589745,0.00000000e+00,0.000000,0.000000,0.000000e+00,1.83375603e-15,0.031112
1760,0.527133,0.605782,0.00000000e+00,0.000000,0.000000,0.000000e+00,4.54293522e-16,0.007708
1761,0.402098,0.635799,0.00000000e+00,0.000000,0.000000,0.000000e+00,1.78689435e-15,0.030317
1762,0.313193,0.386631,0.00000000e+00,0.000000,0.000000,0.000000e+00,5.70589187e-16,0.009681
1763,0.138603,0.304960,0.00000000e+00,0.000000,0.000000,0.000000e+00,2.31869261e-16,0.003934
1764,0.324405,0.114952,0.00000000e+00,0.000000,0.000000,0.000000e+00,2.92051057e-16,0.004955
1765,0.291600,0.124172,0.00000000e+00,0.000000,0.000000,0.000000e+00,3.86114384e-16,0.006551
1766,0.316713,0.638882,0.00000000e+00,0.000000,0.000000,0.000000e+00,1.13642821e-15,0.019281
1767,0.297302,0.598322,0.00000000e+00,0.000000,0.000000,0.000000e+00,5.86328700e-16,0.009948
1768,0.905138,0.293407,0.00000000e+00,0.000000,0.000000,0.000000e+00,1.50566525e-16,0.002555
1769,0.295075,0.877779,0.00000000e+00,0.000000,0.000000,0.000000e+00,7.63736680e-16,0.012958
1770,0.189811,0.384323,0.00000000e+00,0.000000,0.000000,0.000000e+00,1.72982696e-16,0.002935
1771,0.221758,0.376749,0.00000000e+00,0.000000,0.000000,0.000000e+00,3.64395242e-16,0.006182
1772,0.193911,0.140791,0.00000000e+00,0.000000,0.000000,0.000000e+00,3.43912397e-16,0.005835
1773,0.128554,0.173368,0.00000000e+00,0.000000,0.000000,0.000000e+00,8.87141016e-17,0.001505
1774,0.125307,0.208867,0.00000000e+00,0.000000,0.000000,0.000000e+00,4.89444125e-17,0.000830
1775,0.198642,0.628477,0.00000000e+00,0.000000,0.000000,0.000000e+00,1.70918265e-16,0.002900
1776,0.879922,0.202574,0.00000000e+00,0.000000,0.000000,0.000000e+00,2.52623887e-17,0.000429
1777,0.159862,0.877070,0.00000000e+00,0.000000,0.000000,0.000000e+00,2.77562162e-16,0.004709
1778,0.226590,0.898983,0.00000000e+00,0.000000,0.000000,0.000000e+00,3.19514777e-16,0.005421
1779,0.705106,0.128076,0.00000000e+00,0.000000,0.000000,0.000000e+00,6.87092216e-17,0.001166
1780,0.815705,0.135618,0.00000000e+00,0.000000,0.000000,0.000000e+00,3.92930643e-17,0.000667
1781,0.797233,0.098671,0.00000000e+00,0.000000,0.000000,0.000000e+00,5.92385528e-17,0.001005
1782,0.117539,0.682912,0.00000000e+00,0.000000,0.000000,0.000000e+00,2.06125719e-16,0.003497
1783,0.121853,0.718761,0.00000000e+00,0.000000,0.000000,0.000000e+00,2.20259073e-16,0.003737
1784,0.877653,0.705171,0.00000000e+00,0.000000,0.000000,0.000000e+00,8.85144798e-17,0.001502
1785,0.795602,0.879596,0.00000000e+00,0.000000,0.000000,0.000000e+00,1.58507896e-16,0.002689
1786,0.684870,0.866286,0.00000000e+00,0.000000,0.000000,0.000000e+00,2.50212474e-16,0.004245
1787,0.726162,0.902489,0.00000000e+00,0.000000,0.000000,0.000000e+00,3.63248690e-17,0.000616
1788,0.867979,0.811879,0.00000000e+00,0.000000,0.000000,0.000000e+00,8.84961825e-17,0.001501
1789,0.903459,0.773624,0.00000000e+00,0.000000,0.000000,0.000000e+00,1.09187503e-16,0.001852
1790,0.093019,0.384890,0.00000000e+00,0.000000,0.000000,0.000000e+00,1.57712003e-16,0.002676
1791,0.145506,0.363721,0.00000000e+00,0.000000,0.000000,0.000000e+00,1.43477495e-16,0.002434
1792,0.358357,0.112435,0.00000000e+00,0.000000,0.000000,0.000000e+00,3.24666088e-16,0.005508
1793,0.104526,0.071895,0.00000000e+00,0.000000,0.000000,0.000000e+00,4.45791375e-16,0.007563
1794,0.135807,0.143696,0.00000000e+00,0.000000,0.000000,0.000000e+00,4.90241971e-16,0.008317
1795,0.113713,0.158959,0.00000000e+00,0.000000,0.000000,0.000000e+00,3.34298043e-16,0.005672
1796,0.909549,0.100805,0.00000000e+00,0.000000,0.000000,0.000000e+00,1.60351278e-16,0.002721
1797,0.118703,0.646676,0.00000000e+00,0.000000,0.000000,0.000000e+00,8.47643340e-17,0.001438
1798,0.864092,0.348177,0.00000000e+00,0.000000,0.000000,0.000000e+00,1.91556302e-16,0.003250
1799,0.871647,0.330689,0.00000000e+00,0.000000,0.000000,0.000000e+00,7.52794642e-17,0.001277
1800,0.066733,0.899231,0.00000000e+00,0.000000,0.000000,0.000000e+00,2.08413211e-16,0.003536
1801,0.886623,0.850261,0.00000000e+00,0.000000,0.000000,0.000000e+00,1.83356600e-16,0.003111
1802,0.893706,0.835670,0.00000000e+00,0.000000,0.000000,0.000000e+00,1.56728081e-16,0.002659
1803,0.899556,0.933250,0.00000000e+00,0.000000,0.000000,0.000000e+00,8.44212989e-17,0.001432
1804,0.589136,0.508262,0.00000000e+00,0.000000,0.000000,0.000000e+00,1.64117811e-15,0.027844
1805,0.557192,0.537854,0.00000000e+00,0.000000,0.000000,0.000000e+00,1.58091817e-15,0.026822
1806,0.566594,0.433702,0.00000000e+00,0.000000,0.000000,0.000000e+00,6.01236162e-16,0.010201
1807,0.268639,0.910891,0.00000000e+00,0.000000,0.000000,0.000000e+00,5.48315820e-16,0.009303
1808,0.274650,0.930678,0.00000000e+00,0.000000,0.000000,0.000000e+00,5.83300398e-16,0.009896
1809,0.901197,0.273076,0.00000000e+00,0.000000,0.000000,0.000000e+00,1.57660889e-16,0.002675
1810,0.277452,0.598897,0.00000000e+00,0.000000,0.000000,0.000000e+00,6.36027617e-16,0.010791
1811,0.111319,0.267058,0.00000000e+00,0.000000,0.000000,0.000000e+00,3.46842231e-16,0.005885
1812,0.077289,0.298556,0.00000000e+00,0.000000,0.000000,0.000000e+00,1.67234731e-16,0.002837
1813,0.284066,0.105581,0.00000000e+00,0.000000,0.000000,0.000000e+00,3.35829373e-16,0.005698
1814,0.264868,0.407924,0.00000000e+00,0.000000,0.000000,0.000000e+00,6.09076670e-16,0.010334
1815,0.271889,0.426792,0.00000000e+00,0.000000,0.000000,0.000000e+00,6.85393544e-16,0.011628
1816,0.911615,0.230914,0.00000000e+00,0.000000,0.000000,0.000000e+00,6.18004569e-17,0.001049
1817,0.931524,0.224996,0.00000000e+00,0.000000,0.000000,0.000000e+00,6.32705421e-17,0.001073
1818,0.234199,0.576720,0.00000000e+00,0.000000,0.000000,0.000000e+00,3.50297490e-16,0.005943
1819,0.234199,0.576720,0.00000000e+00,0.000000,0.000000,0.000000e+00,9.23332484e-17,0.001567
1820,0.226590,0.898983,0.00000000e+00,0.000000,0.000000,0.000000e+00,3.30899006e-16,0.005614
1821,0.249939,0.915263,0.00000000e+00,0.000000,0.000000,0.000000e+00,3.80355910e-16,0.006453
1822,0.232972,0.111220,0.00000000e+00,0.000000,0.000000,0.000000e+00,9.39545145e-16,0.015940
1823,0.201883,0.077250,0.00000000e+00,0.000000,0.000000,0.000000e+00,7.49414200e-16,0.012715
1824,0.105736,0.216184,0.00000000e+00,0.000000,0.000000,0.000000e+00,4.08895163e-17,0.000694
1825,0.063089,0.258681,0.00000000e+00,0.000000,0.000000,0.000000e+00,3.24435298e-16,0.005504
1826,0.226422,0.396476,0.00000000e+00,0.000000,0.000000,0.000000e+00,3.73575940e-16,0.006338
1827,0.248322,0.412610,0.00000000e+00,0.000000,0.000000,0.000000e+00,5.07086968e-16,0.008603
1828,0.911756,0.731117,0.00000000e+00,0.000000,0.000000,0.000000e+00,7.41805515e-17,0.001259
1829,0.931167,0.725065,0.00000000e+00,0.000000,0.000000,0.000000e+00,7.69332431e-17,0.001305
1830,0.768721,0.911621,0.00000000e+00,0.000000,0.000000,0.000000e+00,1.08704377e-16,0.001844
1831,0.774805,0.931289,0.00000000e+00,0.000000,0.000000,0.000000e+00,1.22769591e-16,0.002083
1832,0.726162,0.902489,0.00000000e+00,0.000000,0.000000,0.000000e+00,1.66360010e-16,0.002822
1833,0.750141,0.916522,0.00000000e+00,0.000000,0.000000,0.000000e+00,8.48401964e-17,0.001439
1834,0.903459,0.773624,0.00000000e+00,0.000000,0.000000,0.000000e+00,1.46900328e-16,0.002492
1835,0.916796,0.749694,0.00000000e+00,0.000000,0.000000,0.000000e+00,1.36069795e-16,0.002309
1836,0.741538,0.085230,0.00000000e+00,0.000000,0.000000,0.000000e+00,9.33134376e-17,0.001583
1837,0.086002,0.762087,0.00000000e+00,0.000000,0.000000,0.000000e+00,3.65257045e-16,0.006197
1838,0.101681,0.720392,0.00000000e+00,0.000000,0.000000,0.000000e+00,1.90289829e-16,0.003228
1839,0.064078,0.762717,0.00000000e+00,0.000000,0.000000,0.000000e+00,1.91681544e-16,0.003252
1840,0.778840,0.100228,0.00000000e+00,0.000000,0.000000,0.000000e+00,5.88631253e-17,0.000999
1841,0.740321,0.065193,0.00000000e+00,0.000000,0.000000,0.000000e+00,1.00270979e-16,0.001701
1842,0.220951,0.558191,0.00000000e+00,0.000000,0.000000,0.000000e+00,4.39228670e-16,0.007452
1843,0.545878,0.436935,0.00000000e+00,0.000000,0.000000,0.000000e+00,2.03817811e-15,0.034580
1844,0.911974,0.544927,0.00000000e+00,0.000000,0.000000,0.000000e+00,4.23687766e-17,0.000719
1845,0.442058,0.420368,0.00000000e+00,0.000000,0.000000,0.000000e+00,2.39046610e-15,0.040557
1846,0.116421,0.383269,0.00000000e+00,0.000000,0.000000,0.000000e+00,6.45037890e-17,0.001094
1847,0.123315,0.081429,0.00000000e+00,0.000000,0.000000,0.000000e+00,3.81084252e-16,0.006465
1848,0.140664,0.603961,0.00000000e+00,0.000000,0.000000,0.000000e+00,8.49254159e-17,0.001441
1849,0.895291,0.624439,0.00000000e+00,0.000000,0.000000,0.000000e+00,1.61337079e-16,0.002737
1850,0.374394,0.892908,0.00000000e+00,0.000000,0.000000,0.000000e+00,6.78379105e-16,0.011509
1851,0.539414,0.377591,0.00000000e+00,0.000000,0.000000,0.000000e+00,9.37193146e-16,0.015900
1852,0.561306,0.393872,0.00000000e+00,0.000000,0.000000,0.000000e+00,1.11947093e-15,0.018993
1853,0.424617,0.420586,0.00000000e+00,0.000000,0.000000,0.000000e+00,2.80701764e-15,0.047624
1854,0.063107,0.056864,0.00000000e+00,0.000000,0.000000,0.000000e+00,1.62867204e-16,0.002763
1855,0.576531,0.108865,0.00000000e+00,0.000000,0.000000,0.000000e+00,4.98792715e-16,0.008463
1856,0.051450,0.903038,0.00000000e+00,0.000000,0.000000,0.000000e+00,2.18066846e-16,0.003700
1857,0.106326,0.923803,0.00000000e+00,0.000000,0.000000,0.000000e+00,3.73203140e-16,0.006332
1858,0.429962,0.906149,0.00000000e+00,0.000000,0.000000,0.000000e+00,7.43103169e-16,0.012608
1859,0.429962,0.906149,0.00000000e+00,0.000000,0.000000,0.000000e+00,7.34307314e-16,0.012458
1860,0.923489,0.893637,0.00000000e+00,0.000000,0.000000,0.000000e+00,1.64727527e-16,0.002795
1861,0.449338,0.361959,0.00000000e+00,0.000000,0.000000,0.000000e+00,2.42830772e-15,0.041199
1862,0.297404,0.400183,0.00000000e+00,0.000000,0.000000,0.000000e+00,5.84734319e-16,0.009921
1863,0.313193,0.386631,0.00000000e+00,0.000000,0.000000,0.000000e+00,8.39121501e-16,0.014237
1864,0.121328,0.296345,0.00000000e+00,0.000000,0.000000,0.000000e+00,2.82566035e-16,0.004794
1865,0.203240,0.122134,0.00000000e+00,0.000000,0.000000,0.000000e+00,3.58497325e-16,0.006082
1866,0.897645,0.194982,0.00000000e+00,0.000000,0.000000,0.000000e+00,1.97224773e-17,0.000335
1867,0.704052,0.089453,0.00000000e+00,0.000000,0.000000,0.000000e+00,1.10670612e-16,0.001878
1868,0.804075,0.896759,0.00000000e+00,0.000000,0.000000,0.000000e+00,1.24753037e-16,0.002117
1869,0.626174,0.479015,0.00000000e+00,0.000000,0.000000,0.000000e+00,7.05657007e-16,0.011972
1870,0.570634,0.514959,0.00000000e+00,0.000000,0.000000,0.000000e+00,4.07872199e-15,0.069200
1871,0.263186,0.892833,0.00000000e+00,0.000000,0.000000,0.000000e+00,4.44488851e-16,0.007541
1872,0.285687,0.861473,0.00000000e+00,0.000000,0.000000,0.000000e+00,6.38070660e-16,0.010826
1873,0.901197,0.273076,0.00000000e+00,0.000000,0.000000,0.000000e+00,1.19146606e-16,0.002021
1874,0.277452,0.598897,0.00000000e+00,0.000000,0.000000,0.000000e+00,6.15249740e-16,0.010438
1875,0.936370,0.244659,0.00000000e+00,0.000000,0.000000,0.000000e+00,1.06371245e-16,0.001805
1876,0.284066,0.105581,0.00000000e+00,0.000000,0.000000,0.000000e+00,5.01204059e-16,0.008503
1877,0.260392,0.388832,0.00000000e+00,0.000000,0.000000,0.000000e+00,5.65240385e-16,0.009590
1878,0.299840,0.368438,0.00000000e+00,0.000000,0.000000,0.000000e+00,7.80952678e-16,0.013250
1879,0.893046,0.236444,0.00000000e+00,0.000000,0.000000,0.000000e+00,9.41535024e-17,0.001597
1880,0.863068,0.209993,0.00000000e+00,0.000000,0.000000,0.000000e+00,2.20867448e-17,0.000375
1881,0.235966,0.600171,0.00000000e+00,0.000000,0.000000,0.000000e+00,5.46992225e-16,0.009280
1882,0.198642,0.628477,0.00000000e+00,0.000000,0.000000,0.000000e+00,3.26566724e-16,0.005541
1883,0.226590,0.898983,0.00000000e+00,0.000000,0.000000,0.000000e+00,3.36046399e-16,0.005701
1884,0.241549,0.063399,0.00000000e+00,0.000000,0.000000,0.000000e+00,6.47283626e-16,0.010982
1885,0.064894,0.242665,0.00000000e+00,0.000000,0.000000,0.000000e+00,1.73189055e-16,0.002938
1886,0.105736,0.216184,0.00000000e+00,0.000000,0.000000,0.000000e+00,3.16086160e-17,0.000536
1887,0.226422,0.396476,0.00000000e+00,0.000000,0.000000,0.000000e+00,4.55536013e-16,0.007729
1888,0.894252,0.736925,0.00000000e+00,0.000000,0.000000,0.000000e+00,9.92640624e-17,0.001684
1889,0.861205,0.715170,0.00000000e+00,0.000000,0.000000,0.000000e+00,8.58994177e-17,0.001457
1890,0.726162,0.902489,0.00000000e+00,0.000000,0.000000,0.000000e+00,5.31897119e-17,0.000902
1891,0.762961,0.893495,0.00000000e+00,0.000000,0.000000,0.000000e+00,8.32481980e-17,0.001412
1892,0.787612,0.863341,0.00000000e+00,0.000000,0.000000,0.000000e+00,1.19369455e-16,0.002025
1893,0.742297,0.104169,0.00000000e+00,0.000000,0.000000,0.000000e+00,8.73802828e-17,0.001482
1894,0.705106,0.128076,0.00000000e+00,0.000000,0.000000,0.000000e+00,1.00550990e-16,0.001706
1895,0.107304,0.758005,0.00000000e+00,0.000000,0.000000,0.000000e+00,2.71268495e-16,0.004602
1896,0.062797,0.741951,0.00000000e+00,0.000000,0.000000,0.000000e+00,1.68852352e-16,0.002865
1897,0.759106,0.062750,0.00000000e+00,0.000000,0.000000,0.000000e+00,7.15741252e-17,0.001214
1898,0.101681,0.720392,0.00000000e+00,0.000000,0.000000,0.000000e+00,2.59562156e-16,0.004404
1899,0.779351,0.118937,0.00000000e+00,0.000000,0.000000,0.000000e+00,7.43519764e-17,0.001261
1900,0.474066,0.662892,0.00000000e+00,0.000000,0.000000,0.000000e+00,1.95668655e-15,0.033197
1901,0.487232,0.627995,0.00000000e+00,0.000000,0.000000,0.000000e+00,6.18634907e-16,0.010496
1902,0.501971,0.363104,0.00000000e+00,0.000000,0.000000,0.000000e+00,4.63914598e-16,0.007871
1903,0.501684,0.382581,0.00000000e+00,0.000000,0.000000,0.000000e+00,2.72886593e-16,0.004630
1904,0.392279,0.132135,0.00000000e+00,0.000000,0.000000,0.000000e+00,6.09872139e-16,0.010347
1905,0.593966,0.869793,0.00000000e+00,0.000000,0.000000,0.000000e+00,3.79671587e-16,0.006442
1906,0.867127,0.407639,0.00000000e+00,0.000000,0.000000,0.000000e+00,2.43773991e-16,0.004136
1907,0.588316,0.451366,0.00000000e+00,0.000000,0.000000,0.000000e+00,5.99701815e-16,0.010175
1908,0.396221,0.654322,0.00000000e+00,0.000000,0.000000,0.000000e+00,8.41146386e-16,0.014271
1909,0.535157,0.644569,0.00000000e+00,0.000000,0.000000,0.000000e+00,5.09799008e-16,0.008649
1910,0.913988,0.585705,0.00000000e+00,0.000000,0.000000,0.000000e+00,2.55460134e-16,0.004334
1911,0.875872,0.562055,0.00000000e+00,0.000000,0.000000,0.000000e+00,1.12669186e-16,0.001912
1912,0.888855,0.531199,0.00000000e+00,0.000000,0.000000,0.000000e+00,4.73322209e-17,0.000803
1913,0.336357,0.639238,0.00000000e+00,0.000000,0.000000,0.000000e+00,1.12029626e-15,0.019007
1914,0.335621,0.617419,0.00000000e+00,0.000000,0.000000,0.000000e+00,1.60005392e-15,0.027147
1915,0.137718,0.846726,0.00000000e+00,0.000000,0.000000,0.000000e+00,5.05627848e-16,0.008579
1916,0.154449,0.836843,0.00000000e+00,0.000000,0.000000,0.000000e+00,2.22309700e-16,0.003772
1917,0.639880,0.844749,0.00000000e+00,0.000000,0.000000,0.000000e+00,4.46549152e-16,0.007576
1918,0.635931,0.883759,0.00000000e+00,0.000000,0.000000,0.000000e+00,4.04227416e-16,0.006858
1919,0.877117,0.872160,0.00000000e+00,0.000000,0.000000,0.000000e+00,1.84874086e-16,0.003137
1920,0.342523,0.134360,0.00000000e+00,0.000000,0.000000,0.000000e+00,4.97102143e-16,0.008434
1921,0.163888,0.164078,0.00000000e+00,0.000000,0.000000,0.000000e+00,2.99281040e-16,0.005078
1922,0.165602,0.646139,0.00000000e+00,0.000000,0.000000,0.000000e+00,7.55230855e-17,0.001281
1923,0.117618,0.664819,0.00000000e+00,0.000000,0.000000,0.000000e+00,1.54336907e-16,0.002618
1924,0.885131,0.126948,0.00000000e+00,0.000000,0.000000,0.000000e+00,3.68299024e-17,0.000625
1925,0.833829,0.135892,0.00000000e+00,0.000000,0.000000,0.000000e+00,4.82603077e-17,0.000819
1926,0.159729,0.385681,0.00000000e+00,0.000000,0.000000,0.000000e+00,1.33771874e-16,0.002270
1927,0.300348,0.849444,0.00000000e+00,0.000000,0.000000,0.000000e+00,7.33005531e-16,0.012436
1928,0.300348,0.849444,0.00000000e+00,0.000000,0.000000,0.000000e+00,7.97654315e-16,0.013533
1929,0.315597,0.660126,0.00000000e+00,0.000000,0.000000,0.000000e+00,1.03489226e-15,0.017558
1930,0.884321,0.294366,0.00000000e+00,0.000000,0.000000,0.000000e+00,1.41410602e-16,0.002399
1931,0.877225,0.163179,0.00000000e+00,0.000000,0.000000,0.000000e+00,7.18485043e-17,0.001219
1932,0.846815,0.218139,0.00000000e+00,0.000000,0.000000,0.000000e+00,2.01236698e-17,0.000341
1933,0.180973,0.636991,0.00000000e+00,0.000000,0.000000,0.000000e+00,2.29193325e-16,0.003889
1934,0.202966,0.881647,0.00000000e+00,0.000000,0.000000,0.000000e+00,3.14543806e-16,0.005337
1935,0.165794,0.852164,0.00000000e+00,0.000000,0.000000,0.000000e+00,3.31739898e-16,0.005628
1936,0.871075,0.665274,0.00000000e+00,0.000000,0.000000,0.000000e+00,1.16899983e-16,0.001983
1937,0.846904,0.726756,0.00000000e+00,0.000000,0.000000,0.000000e+00,1.35013042e-16,0.002291
1938,0.801062,0.854644,0.00000000e+00,0.000000,0.000000,0.000000e+00,1.33036040e-16,0.002257
1939,0.833236,0.873180,0.00000000e+00,0.000000,0.000000,0.000000e+00,1.55904223e-16,0.002645
1940,0.684870,0.866286,0.00000000e+00,0.000000,0.000000,0.000000e+00,1.54587655e-16,0.002623
1941,0.703480,0.885933,0.00000000e+00,0.000000,0.000000,0.000000e+00,8.90764994e-17,0.001511
1942,0.888480,0.796766,0.00000000e+00,0.000000,0.000000,0.000000e+00,4.11581118e-17,0.000698
1943,0.858988,0.826339,0.00000000e+00,0.000000,0.000000,0.000000e+00,1.24380872e-16,0.002110
1944,0.153519,0.312087,0.00000000e+00,0.000000,0.000000,0.000000e+00,3.21206355e-16,0.005450
1945,0.117738,0.314979,0.00000000e+00,0.000000,0.000000,0.000000e+00,1.90692474e-16,0.003235
1946,0.322014,0.143704,0.00000000e+00,0.000000,0.000000,0.000000e+00,6.33350093e-16,0.010745
1947,0.208597,0.146296,0.00000000e+00,0.000000,0.000000,0.000000e+00,4.96068128e-16,0.008416
1948,0.144298,0.201579,0.00000000e+00,0.000000,0.000000,0.000000e+00,1.88439023e-16,0.003197
1949,0.125307,0.208867,0.00000000e+00,0.000000,0.000000,0.000000e+00,8.76392962e-17,0.001487
1950,0.705106,0.128076,0.00000000e+00,0.000000,0.000000,0.000000e+00,2.79595279e-16,0.004744
1951,0.146798,0.798316,0.00000000e+00,0.000000,0.000000,0.000000e+00,1.71128634e-16,0.002903
1952,0.129594,0.830700,0.00000000e+00,0.000000,0.000000,0.000000e+00,3.46145573e-16,0.005873
1953,0.136720,0.700087,0.00000000e+00,0.000000,0.000000,0.000000e+00,2.41883811e-16,0.004104
1954,0.814824,0.152836,0.00000000e+00,0.000000,0.000000,0.000000e+00,6.09553827e-17,0.001034
1955,0.184171,0.366177,0.00000000e+00,0.000000,0.000000,0.000000e+00,2.66077745e-16,0.004514
1956,0.205202,0.380548,0.00000000e+00,0.000000,0.000000,0.000000e+00,3.59936698e-16,0.006107
1957,0.403540,0.088108,0.00000000e+00,0.000000,0.000000,0.000000e+00,4.87778852e-16,0.008276
1958,0.556308,0.922067,0.00000000e+00,0.000000,0.000000,0.000000e+00,8.07408111e-16,0.013699
1959,0.568946,0.902764,0.00000000e+00,0.000000,0.000000,0.000000e+00,7.10304042e-16,0.012051
1960,0.561310,0.074506,0.00000000e+00,0.000000,0.000000,0.000000e+00,6.20250358e-16,0.010523
1961,0.544963,0.085736,0.00000000e+00,0.000000,0.000000,0.000000e+00,5.43797058e-16,0.009226
1962,0.456764,0.921978,0.00000000e+00,0.000000,0.000000,0.000000e+00,5.75310231e-16,0.009761
1963,0.433333,0.085798,0.00000000e+00,0.000000,0.000000,0.000000e+00,6.47351389e-16,0.010983
1964,0.564714,0.413359,0.00000000e+00,0.000000,0.000000,0.000000e+00,5.54544953e-16,0.009408
1965,0.603712,0.880970,0.00000000e+00,0.000000,0.000000,0.000000e+00,5.33521331e-16,0.009052
1966,0.593295,0.895604,0.00000000e+00,0.000000,0.000000,0.000000e+00,5.67925638e-16,0.009635
1967,0.442621,0.915089,0.00000000e+00,0.000000,0.000000,0.000000e+00,6.04673528e-16,0.010259
1968,0.553035,0.102599,0.00000000e+00,0.000000,0.000000,0.000000e+00,5.73552531e-16,0.009731
1969,0.411864,0.095652,0.00000000e+00,0.000000,0.000000,0.000000e+00,8.20150927e-16,0.013915
1970,0.456604,0.419075,0.00000000e+00,0.000000,0.000000,0.000000e+00,2.78374519e-15,0.047229
1971,0.388331,0.399995,0.00000000e+00,0.000000,0.000000,0.000000e+00,2.55063961e-15,0.043274
1972,0.908251,0.439043,0.00000000e+00,0.000000,0.000000,0.000000e+00,2.27638411e-16,0.003862
1973,0.426430,0.143543,0.00000000e+00,0.000000,0.000000,0.000000e+00,5.50980109e-16,0.009348
1974,0.401939,0.156323,0.00000000e+00,0.000000,0.000000,0.000000e+00,6.95442584e-16,0.011799
1975,0.624384,0.875983,0.00000000e+00,0.000000,0.000000,0.000000e+00,2.31037421e-16,0.003920
1976,0.864371,0.369195,0.00000000e+00,0.000000,0.000000,0.000000e+00,2.29111083e-16,0.003887
1977,0.867127,0.407639,0.00000000e+00,0.000000,0.000000,0.000000e+00,2.71995620e-16,0.004615
1978,0.631839,0.122898,0.00000000e+00,0.000000,0.000000,0.000000e+00,1.41985327e-16,0.002409
1979,0.601686,0.106284,0.00000000e+00,0.000000,0.000000,0.000000e+00,4.05045650e-16,0.006872
1980,0.111532,0.087230,0.00000000e+00,0.000000,0.000000,0.000000e+00,1.64597322e-16,0.002793
1981,0.142307,0.126442,0.00000000e+00,0.000000,0.000000,0.000000e+00,4.17101549e-16,0.007077
1982,0.125315,0.361906,0.00000000e+00,0.000000,0.000000,0.000000e+00,1.16025978e-16,0.001969
1983,0.118996,0.854112,0.00000000e+00,0.000000,0.000000,0.000000e+00,4.18841646e-16,0.007106
1984,0.847442,0.864571,0.00000000e+00,0.000000,0.000000,0.000000e+00,1.09273808e-16,0.001854
1985,0.899159,0.915565,0.00000000e+00,0.000000,0.000000,0.000000e+00,4.49030959e-17,0.000762
1986,0.872246,0.147344,0.00000000e+00,0.000000,0.000000,0.000000e+00,3.56249948e-17,0.000604
1987,0.153185,0.601638,0.00000000e+00,0.000000,0.000000,0.000000e+00,6.85620562e-17,0.001163
1988,0.884321,0.294366,0.00000000e+00,0.000000,0.000000,0.000000e+00,1.04517685e-16,0.001773
1989,0.130055,0.280430,0.00000000e+00,0.000000,0.000000,0.000000e+00,1.94715246e-16,0.003304
1990,0.260392,0.388832,0.00000000e+00,0.000000,0.000000,0.000000e+00,5.36871875e-16,0.009109
1991,0.219378,0.129982,0.00000000e+00,0.000000,0.000000,0.000000e+00,7.15919500e-16,0.012146
1992,0.205202,0.380548,0.00000000e+00,0.000000,0.000000,0.000000e+00,2.72265056e-16,0.004619
1993,0.572406,0.471955,0.00000000e+00,0.000000,0.000000,0.000000e+00,2.76870083e-15,0.046974
1994,0.888855,0.531199,0.00000000e+00,0.000000,0.000000,0.000000e+00,8.72348247e-17,0.001480
1995,0.900583,0.511512,0.00000000e+00,0.000000,0.000000,0.000000e+00,1.23302838e-16,0.002092
1996,0.348848,0.864704,0.00000000e+00,0.000000,0.000000,0.000000e+00,7.20014216e-16,0.012216
1997,0.855976,0.333613,0.00000000e+00,0.000000,0.000000,0.000000e+00,1.50981704e-16,0.002562
1998,0.174884,0.661952,0.00000000e+00,0.000000,0.000000,0.000000e+00,1.28032048e-16,0.002172
1999,0.855237,0.673687,0.00000000e+00,0.000000,0.000000,0.000000e+00,9.89552990e-17,0.001679
2000,0.848457,0.839159,0.00000000e+00,0.000000,0.000000,0.000000e+00,1.07263164e-16,0.001820
2001,0.828807,0.801699,0.00000000e+00,0.000000,0.000000,0.000000e+00,8.52920687e-17,0.001447
2002,0.149612,0.343902,0.00000000e+00,0.000000,0.000000,0.000000e+00,2.05238902e-16,0.003482
2003,0.153663,0.147717,0.00000000e+00,0.000000,0.000000,0.000000e+00,2.55480886e-16,0.004334
2004,0.665294,0.145850,0.00000000e+00,0.000000,0.000000,0.000000e+00,3.69552031e-16,0.006270
2005,0.691200,0.153231,0.00000000e+00,0.000000,0.000000,0.000000e+00,3.75370168e-16,0.006369
2006,0.165794,0.852164,0.00000000e+00,0.000000,0.000000,0.000000e+00,2.98901331e-16,0.005071
2007,0.166723,0.685680,0.00000000e+00,0.000000,0.000000,0.000000e+00,2.41203431e-16,0.004092
2008,0.851566,0.133591,0.00000000e+00,0.000000,0.000000,0.000000e+00,3.83866497e-17,0.000651
2009,0.882404,0.758517,0.00000000e+00,0.000000,0.000000,0.000000e+00,1.02284218e-16,0.001735
2010,0.499101,0.646313,0.00000000e+00,0.000000,0.000000,0.000000e+00,5.70707824e-16,0.009683
2011,0.516488,0.645865,0.00000000e+00,0.000000,0.000000,0.000000e+00,5.85539636e-16,0.009934
2012,0.462912,0.378390,0.00000000e+00,0.000000,0.000000,0.000000e+00,1.67001969e-15,0.028334
2013,0.073489,0.934198,0.00000000e+00,0.000000,0.000000,0.000000e+00,2.64172689e-16,0.004482
2014,0.580162,0.389740,0.00000000e+00,0.000000,0.000000,0.000000e+00,7.89258683e-16,0.013391
2015,0.472300,0.638839,0.00000000e+00,0.000000,0.000000,0.000000e+00,8.82428601e-16,0.014971
2016,0.446326,0.696319,0.00000000e+00,0.000000,0.000000,0.000000e+00,1.26357072e-15,0.021438
2017,0.424061,0.639964,0.00000000e+00,0.000000,0.000000,0.000000e+00,2.19357139e-15,0.037216
2018,0.389917,0.673291,0.00000000e+00,0.000000,0.000000,0.000000e+00,5.67531451e-16,0.009629
2019,0.350615,0.685141,0.00000000e+00,0.000000,0.000000,0.000000e+00,7.43742520e-16,0.012618
2020,0.853115,0.354890,0.00000000e+00,0.000000,0.000000,0.000000e+00,2.21086439e-16,0.003751
2021,0.386192,0.149448,0.00000000e+00,0.000000,0.000000,0.000000e+00,5.32306844e-16,0.009031
2022,0.630679,0.825973,0.00000000e+00,0.000000,0.000000,0.000000e+00,3.47256562e-16,0.005892
2023,0.571123,0.556837,0.00000000e+00,0.000000,0.000000,0.000000e+00,2.57932438e-15,0.043761
2024,0.582506,0.560182,0.00000000e+00,0.000000,0.000000,0.000000e+00,1.29316965e-15,0.021940
2025,0.150347,0.779588,0.00000000e+00,0.000000,0.000000,0.000000e+00,2.85462015e-16,0.004843
2026,0.870680,0.778642,0.00000000e+00,0.000000,0.000000,0.000000e+00,6.48329870e-17,0.001100
2027,0.804223,0.830252,0.00000000e+00,0.000000,0.000000,0.000000e+00,1.02873369e-16,0.001745
2028,0.144298,0.201579,0.00000000e+00,0.000000,0.000000,0.000000e+00,2.08740708e-16,0.003542
2029,0.222387,0.842899,0.00000000e+00,0.000000,0.000000,0.000000e+00,2.83873775e-16,0.004816
2030,0.829233,0.188232,0.00000000e+00,0.000000,0.000000,0.000000e+00,1.14705877e-16,0.001946
2031,0.171296,0.347283,0.00000000e+00,0.000000,0.000000,0.000000e+00,3.62373030e-16,0.006148
2032,0.425436,0.357576,0.00000000e+00,0.000000,0.000000,0.000000e+00,1.10460317e-15,0.018741
2033,0.549279,0.620503,0.00000000e+00,0.000000,0.000000,0.000000e+00,9.98716855e-16,0.016944
2034,0.558561,0.594875,0.00000000e+00,0.000000,0.000000,0.000000e+00,1.18354897e-15,0.020080
2035,0.582506,0.560182,0.00000000e+00,0.000000,0.000000,0.000000e+00,5.09035779e-16,0.008636
2036,0.040347,0.438558,0.00000000e+00,0.000000,0.000000,0.000000e+00,2.63386457e-16,0.004469
2037,0.061626,0.038447,0.00000000e+00,0.000000,0.000000,0.000000e+00,1.66403262e-16,0.002823
2038,0.580162,0.389740,0.00000000e+00,0.000000,0.000000,0.000000e+00,7.48415495e-16,0.012698
2039,0.264926,0.113686,0.00000000e+00,0.000000,0.000000,0.000000e+00,6.34472623e-16,0.010764
2040,0.113828,0.235455,0.00000000e+00,0.000000,0.000000,0.000000e+00,9.90080202e-17,0.001680
2041,0.884321,0.294366,0.00000000e+00,0.000000,0.000000,0.000000e+00,1.22269775e-16,0.002074
2042,0.297463,0.618293,0.00000000e+00,0.000000,0.000000,0.000000e+00,7.02839299e-16,0.011924
2043,0.121853,0.718761,0.00000000e+00,0.000000,0.000000,0.000000e+00,2.97515452e-16,0.005048
2044,0.797367,0.117713,0.00000000e+00,0.000000,0.000000,0.000000e+00,5.52650451e-17,0.000938
2045,0.202966,0.881647,0.00000000e+00,0.000000,0.000000,0.000000e+00,2.85731053e-16,0.004848
2046,0.703480,0.885933,0.00000000e+00,0.000000,0.000000,0.000000e+00,5.11430156e-17,0.000868
2047,0.888480,0.796766,0.00000000e+00,0.000000,0.000000,0.000000e+00,8.14011103e-17,0.001381
2048,0.406180,0.908032,0.00000000e+00,0.000000,0.000000,0.000000e+00,7.05164405e-16,0.011964
2049,0.440182,0.869443,0.00000000e+00,0.000000,0.000000,0.000000e+00,2.69387394e-16,0.004570
2050,0.587372,0.466737,0.00000000e+00,0.000000,0.000000,0.000000e+00,1.36383358e-15,0.023139
2051,0.392240,0.358946,0.00000000e+00,0.000000,0.000000,0.000000e+00,1.91617530e-15,0.032510
2052,0.426453,0.399652,0.00000000e+00,0.000000,0.000000,0.000000e+00,2.45336253e-15,0.041624
2053,0.608192,0.133012,0.00000000e+00,0.000000,0.000000,0.000000e+00,2.71073122e-16,0.004599
2054,0.873278,0.576017,0.00000000e+00,0.000000,0.000000,0.000000e+00,1.66151018e-16,0.002819
2055,0.427190,0.885433,0.00000000e+00,0.000000,0.000000,0.000000e+00,4.58420107e-16,0.007778
2056,0.867992,0.518469,0.00000000e+00,0.000000,0.000000,0.000000e+00,6.29869449e-17,0.001069
2057,0.880110,0.500108,0.00000000e+00,0.000000,0.000000,0.000000e+00,8.00925834e-17,0.001359
2058,0.316116,0.837584,0.00000000e+00,0.000000,0.000000,0.000000e+00,7.98757998e-16,0.013552
2059,0.370595,0.875759,0.00000000e+00,0.000000,0.000000,0.000000e+00,6.00709943e-16,0.010192
2060,0.188415,0.653280,0.00000000e+00,0.000000,0.000000,0.000000e+00,1.67342079e-16,0.002839
2061,0.845403,0.177724,0.00000000e+00,0.000000,0.000000,0.000000e+00,8.68127045e-17,0.001473
2062,0.864253,0.649708,0.00000000e+00,0.000000,0.000000,0.000000e+00,8.67315482e-17,0.001471
2063,0.876971,0.628044,0.00000000e+00,0.000000,0.000000,0.000000e+00,5.86208540e-17,0.000995
2064,0.813851,0.845438,0.00000000e+00,0.000000,0.000000,0.000000e+00,1.17091333e-16,0.001987
2065,0.153519,0.312087,0.00000000e+00,0.000000,0.000000,0.000000e+00,2.06227945e-16,0.003499
2066,0.186215,0.160498,0.00000000e+00,0.000000,0.000000,0.000000e+00,3.18891864e-16,0.005410
2067,0.186215,0.160498,0.00000000e+00,0.000000,0.000000,0.000000e+00,2.41247371e-16,0.004093
2068,0.312695,0.339291,0.00000000e+00,0.000000,0.000000,0.000000e+00,4.38813306e-16,0.007445
2069,0.333784,0.377602,0.00000000e+00,0.000000,0.000000,0.000000e+00,1.11477540e-15,0.018913
2070,0.555785,0.355292,0.00000000e+00,0.000000,0.000000,0.000000e+00,7.74213842e-16,0.013135
2071,0.441712,0.656291,0.00000000e+00,0.000000,0.000000,0.000000e+00,2.39023740e-15,0.040553
2072,0.372198,0.668081,0.00000000e+00,0.000000,0.000000,0.000000e+00,6.48070467e-16,0.010995
2073,0.396221,0.654322,0.00000000e+00,0.000000,0.000000,0.000000e+00,8.11077140e-16,0.013761
2074,0.864092,0.348177,0.00000000e+00,0.000000,0.000000,0.000000e+00,2.05741365e-16,0.003491
2075,0.361017,0.140999,0.00000000e+00,0.000000,0.000000,0.000000e+00,6.38385280e-16,0.010831
2076,0.662549,0.826913,0.00000000e+00,0.000000,0.000000,0.000000e+00,2.89165746e-16,0.004906
2077,0.458541,0.940012,0.00000000e+00,0.000000,0.000000,0.000000e+00,2.59211352e-16,0.004398
2078,0.779859,0.137188,0.00000000e+00,0.000000,0.000000,0.000000e+00,7.95483316e-17,0.001350
2079,0.151797,0.767393,0.00000000e+00,0.000000,0.000000,0.000000e+00,3.65154898e-16,0.006195
2080,0.744840,0.141385,0.00000000e+00,0.000000,0.000000,0.000000e+00,1.02289710e-16,0.001735
2081,0.747113,0.159631,0.00000000e+00,0.000000,0.000000,0.000000e+00,1.35341201e-16,0.002296
2082,0.186948,0.681290,0.00000000e+00,0.000000,0.000000,0.000000e+00,2.86755699e-16,0.004865
2083,0.836797,0.826396,0.00000000e+00,0.000000,0.000000,0.000000e+00,7.98865625e-17,0.001355
2084,0.683022,0.846634,0.00000000e+00,0.000000,0.000000,0.000000e+00,1.71869020e-16,0.002916
2085,0.720826,0.864259,0.00000000e+00,0.000000,0.000000,0.000000e+00,5.75369232e-17,0.000976
2086,0.856085,0.782350,0.00000000e+00,0.000000,0.000000,0.000000e+00,8.22792320e-17,0.001396
2087,0.755679,0.844114,0.00000000e+00,0.000000,0.000000,0.000000e+00,4.71759103e-17,0.000800
2088,0.843562,0.752247,0.00000000e+00,0.000000,0.000000,0.000000e+00,1.02141473e-16,0.001733
2089,0.143469,0.240509,0.00000000e+00,0.000000,0.000000,0.000000e+00,2.49356325e-17,0.000423
2090,0.155993,0.180928,0.00000000e+00,0.000000,0.000000,0.000000e+00,2.84257296e-16,0.004823
2091,0.247940,0.126771,0.00000000e+00,0.000000,0.000000,0.000000e+00,6.51387289e-16,0.011051
2092,0.233672,0.141739,0.00000000e+00,0.000000,0.000000,0.000000e+00,5.92385621e-16,0.010050
2093,0.222387,0.842899,0.00000000e+00,0.000000,0.000000,0.000000e+00,1.94559246e-16,0.003301
2094,0.221772,0.643131,0.00000000e+00,0.000000,0.000000,0.000000e+00,4.33000463e-16,0.007346
2095,0.858915,0.245135,0.00000000e+00,0.000000,0.000000,0.000000e+00,8.86379083e-17,0.001504
2096,0.254166,0.351159,0.00000000e+00,0.000000,0.000000,0.000000e+00,4.88455472e-16,0.008287
2097,0.322014,0.143704,0.00000000e+00,0.000000,0.000000,0.000000e+00,5.02739200e-16,0.008529
2098,0.314016,0.178809,0.00000000e+00,0.000000,0.000000,0.000000e+00,6.25501909e-16,0.010612
2099,0.271781,0.159028,0.00000000e+00,0.000000,0.000000,0.000000e+00,5.27232058e-16,0.008945
2100,0.260515,0.143142,0.00000000e+00,0.000000,0.000000,0.000000e+00,5.78365373e-16,0.009813
2101,0.127085,0.252515,0.00000000e+00,0.000000,0.000000,0.000000e+00,1.37293109e-16,0.002329
2102,0.142621,0.267004,0.00000000e+00,0.000000,0.000000,0.000000e+00,1.50719547e-16,0.002557
2103,0.862666,0.278760,0.00000000e+00,0.000000,0.000000,0.000000e+00,9.14145221e-17,0.001551
2104,0.278245,0.638173,0.00000000e+00,0.000000,0.000000,0.000000e+00,4.81432669e-16,0.008168
2105,0.855976,0.333613,0.00000000e+00,0.000000,0.000000,0.000000e+00,2.00023231e-16,0.003394
2106,0.254029,0.845614,0.00000000e+00,0.000000,0.000000,0.000000e+00,3.55337759e-16,0.006029
2107,0.564736,0.613293,0.00000000e+00,0.000000,0.000000,0.000000e+00,9.02098877e-16,0.015305
2108,0.880744,0.439759,0.00000000e+00,0.000000,0.000000,0.000000e+00,1.06032795e-16,0.001799
2109,0.893839,0.422263,0.00000000e+00,0.000000,0.000000,0.000000e+00,1.14726722e-16,0.001946
2110,0.555520,0.890385,0.00000000e+00,0.000000,0.000000,0.000000e+00,6.40685557e-16,0.010870
2111,0.907281,0.476513,0.00000000e+00,0.000000,0.000000,0.000000e+00,1.53290411e-16,0.002601
2112,0.871813,0.533388,0.00000000e+00,0.000000,0.000000,0.000000e+00,6.00305485e-17,0.001018
2113,0.596540,0.528056,0.00000000e+00,0.000000,0.000000,0.000000e+00,2.10610338e-15,0.035732
2114,0.553035,0.102599,0.00000000e+00,0.000000,0.000000,0.000000e+00,6.15925143e-16,0.010450
2115,0.587821,0.408558,0.00000000e+00,0.000000,0.000000,0.000000e+00,6.42290155e-16,0.010897
2116,0.654919,0.449766,0.00000000e+00,0.000000,0.000000,0.000000e+00,8.37206465e-16,0.014204
2117,0.365537,0.857790,0.00000000e+00,0.000000,0.000000,0.000000e+00,7.56566705e-16,0.012836
2118,0.846194,0.656692,0.00000000e+00,0.000000,0.000000,0.000000e+00,1.20340128e-16,0.002042
2119,0.628909,0.167054,0.00000000e+00,0.000000,0.000000,0.000000e+00,3.20157278e-16,0.005432
2120,0.353442,0.337608,0.00000000e+00,0.000000,0.000000,0.000000e+00,6.24372338e-16,0.010593
2121,0.381689,0.336689,0.00000000e+00,0.000000,0.000000,0.000000e+00,1.23241674e-15,0.020909
2122,0.570550,0.332324,0.00000000e+00,0.000000,0.000000,0.000000e+00,7.30432774e-16,0.012393
2123,0.528291,0.890690,0.00000000e+00,0.000000,0.000000,0.000000e+00,7.20891795e-16,0.012231
2124,0.541600,0.907484,0.00000000e+00,0.000000,0.000000,0.000000e+00,7.58097347e-16,0.012862
2125,0.486311,0.059625,0.00000000e+00,0.000000,0.000000,0.000000e+00,5.58007094e-16,0.009467
2126,0.467786,0.905420,0.00000000e+00,0.000000,0.000000,0.000000e+00,6.69555087e-16,0.011360
2127,0.497282,0.913894,0.00000000e+00,0.000000,0.000000,0.000000e+00,6.75844465e-16,0.011466
2128,0.459238,0.101314,0.00000000e+00,0.000000,0.000000,0.000000e+00,7.42102559e-16,0.012591
2129,0.455591,0.075519,0.00000000e+00,0.000000,0.000000,0.000000e+00,7.42115211e-16,0.012591
2130,0.151797,0.767393,0.00000000e+00,0.000000,0.000000,0.000000e+00,3.10398585e-16,0.005266
2131,0.121882,0.792507,0.00000000e+00,0.000000,0.000000,0.000000e+00,3.57965494e-16,0.006073
2132,0.724680,0.125389,0.00000000e+00,0.000000,0.000000,0.000000e+00,1.22644058e-16,0.002081
2133,0.780950,0.154850,0.00000000e+00,0.000000,0.000000,0.000000e+00,6.72817394e-17,0.001142
2134,0.819713,0.782939,0.00000000e+00,0.000000,0.000000,0.000000e+00,9.63001353e-17,0.001634
2135,0.766491,0.856167,0.00000000e+00,0.000000,0.000000,0.000000e+00,8.12949268e-17,0.001379
2136,0.218076,0.623611,0.00000000e+00,0.000000,0.000000,0.000000e+00,4.42770459e-16,0.007512
2137,0.222387,0.842899,0.00000000e+00,0.000000,0.000000,0.000000e+00,3.13209967e-16,0.005314
2138,0.854707,0.232093,0.00000000e+00,0.000000,0.000000,0.000000e+00,5.01582206e-17,0.000851
2139,0.282201,0.173685,0.00000000e+00,0.000000,0.000000,0.000000e+00,4.74349674e-16,0.008048
2140,0.277189,0.676466,0.00000000e+00,0.000000,0.000000,0.000000e+00,5.12974270e-16,0.008703
2141,0.823219,0.280666,0.00000000e+00,0.000000,0.000000,0.000000e+00,8.74737344e-17,0.001484
2142,0.396383,0.340233,0.00000000e+00,0.000000,0.000000,0.000000e+00,1.41474016e-15,0.024003
2143,0.409185,0.378622,0.00000000e+00,0.000000,0.000000,0.000000e+00,1.71828479e-15,0.029152
2144,0.639041,0.149613,0.00000000e+00,0.000000,0.000000,0.000000e+00,3.25218882e-16,0.005518
2145,0.608192,0.133012,0.00000000e+00,0.000000,0.000000,0.000000e+00,1.89540549e-16,0.003216
2146,0.876971,0.628044,0.00000000e+00,0.000000,0.000000,0.000000e+00,6.33646885e-17,0.001075
2147,0.370595,0.875759,0.00000000e+00,0.000000,0.000000,0.000000e+00,7.37139951e-16,0.012506
2148,0.408045,0.858217,0.00000000e+00,0.000000,0.000000,0.000000e+00,6.22695689e-16,0.010565
2149,0.430688,0.124036,0.00000000e+00,0.000000,0.000000,0.000000e+00,4.51429333e-16,0.007659
2150,0.867127,0.407639,0.00000000e+00,0.000000,0.000000,0.000000e+00,2.32809176e-16,0.003950
2151,0.855655,0.472292,0.00000000e+00,0.000000,0.000000,0.000000e+00,1.02125465e-16,0.001733
2152,0.593966,0.869793,0.00000000e+00,0.000000,0.000000,0.000000e+00,5.97825213e-16,0.010143
2153,0.592189,0.345655,0.00000000e+00,0.000000,0.000000,0.000000e+00,6.42102908e-16,0.010894
2154,0.246235,0.155571,0.00000000e+00,0.000000,0.000000,0.000000e+00,5.94724332e-16,0.010090
2155,0.239216,0.373175,0.00000000e+00,0.000000,0.000000,0.000000e+00,5.00776625e-16,0.008496
2156,0.157154,0.254748,0.00000000e+00,0.000000,0.000000,0.000000e+00,1.10876970e-16,0.001881
2157,0.879079,0.258358,0.00000000e+00,0.000000,0.000000,0.000000e+00,7.86527663e-17,0.001334
2158,0.260064,0.657322,0.00000000e+00,0.000000,0.000000,0.000000e+00,4.47832354e-16,0.007598
2159,0.257866,0.619229,0.00000000e+00,0.000000,0.000000,0.000000e+00,5.18488402e-16,0.008797
2160,0.761294,0.120767,0.00000000e+00,0.000000,0.000000,0.000000e+00,9.91993173e-17,0.001683
2161,0.125280,0.736383,0.00000000e+00,0.000000,0.000000,0.000000e+00,3.29471597e-16,0.005590
2162,0.259068,0.876548,0.00000000e+00,0.000000,0.000000,0.000000e+00,2.07610515e-16,0.003522
2163,0.740973,0.880341,0.00000000e+00,0.000000,0.000000,0.000000e+00,2.77561580e-17,0.000471
2164,0.878297,0.741995,0.00000000e+00,0.000000,0.000000,0.000000e+00,6.10907756e-17,0.001036
2165,0.149612,0.343902,0.00000000e+00,0.000000,0.000000,0.000000e+00,1.52891340e-16,0.002594
2166,0.153663,0.147717,0.00000000e+00,0.000000,0.000000,0.000000e+00,3.94591622e-16,0.006695
2167,0.154449,0.836843,0.00000000e+00,0.000000,0.000000,0.000000e+00,3.34034378e-16,0.005667
2168,0.868647,0.130372,0.00000000e+00,0.000000,0.000000,0.000000e+00,5.53175546e-17,0.000939
2169,0.270211,0.329966,0.00000000e+00,0.000000,0.000000,0.000000e+00,5.05335039e-16,0.008574
2170,0.288656,0.326755,0.00000000e+00,0.000000,0.000000,0.000000e+00,4.73592903e-16,0.008035
2171,0.729945,0.162705,0.00000000e+00,0.000000,0.000000,0.000000e+00,1.23478994e-16,0.002095
2172,0.246235,0.155571,0.00000000e+00,0.000000,0.000000,0.000000e+00,5.91603598e-16,0.010037
2173,0.157154,0.254748,0.00000000e+00,0.000000,0.000000,0.000000e+00,1.04705826e-16,0.001776
2174,0.821326,0.750479,0.00000000e+00,0.000000,0.000000,0.000000e+00,9.45573187e-17,0.001604
2175,0.832321,0.711671,0.00000000e+00,0.000000,0.000000,0.000000e+00,1.37547695e-16,0.002334
2176,0.770677,0.834501,0.00000000e+00,0.000000,0.000000,0.000000e+00,7.58777342e-17,0.001287
2177,0.770677,0.834501,0.00000000e+00,0.000000,0.000000,0.000000e+00,1.23618715e-16,0.002097
2178,0.816948,0.236327,0.00000000e+00,0.000000,0.000000,0.000000e+00,4.13759018e-17,0.000702
2179,0.831834,0.227480,0.00000000e+00,0.000000,0.000000,0.000000e+00,4.41477079e-17,0.000749
2180,0.288346,0.833376,0.00000000e+00,0.000000,0.000000,0.000000e+00,6.46901879e-16,0.010975
2181,0.621417,0.541526,0.00000000e+00,0.000000,0.000000,0.000000e+00,7.35760452e-16,0.012483
2182,0.581040,0.488971,0.00000000e+00,0.000000,0.000000,0.000000e+00,3.14674116e-15,0.053388
2183,0.518656,0.307624,0.00000000e+00,0.000000,0.000000,0.000000e+00,7.71301743e-16,0.013086
2184,0.535290,0.339832,0.00000000e+00,0.000000,0.000000,0.000000e+00,5.47873351e-16,0.009295
2185,0.596365,0.389183,0.00000000e+00,0.000000,0.000000,0.000000e+00,7.09752041e-16,0.012042
2186,0.401939,0.156323,0.00000000e+00,0.000000,0.000000,0.000000e+00,9.88517413e-16,0.016771
2187,0.841056,0.397747,0.00000000e+00,0.000000,0.000000,0.000000e+00,1.94410923e-16,0.003298
2188,0.850570,0.376327,0.00000000e+00,0.000000,0.000000,0.000000e+00,2.13391502e-16,0.003620
2189,0.596799,0.841586,0.00000000e+00,0.000000,0.000000,0.000000e+00,5.27303579e-16,0.008946
2190,0.844376,0.299059,0.00000000e+00,0.000000,0.000000,0.000000e+00,1.92840815e-16,0.003272
2191,0.813548,0.336035,0.00000000e+00,0.000000,0.000000,0.000000e+00,2.32476477e-16,0.003944
2192,0.310554,0.706045,0.00000000e+00,0.000000,0.000000,0.000000e+00,7.75318003e-16,0.013154
2193,0.296779,0.658691,0.00000000e+00,0.000000,0.000000,0.000000e+00,6.92494221e-16,0.011749
2194,0.181950,0.814623,0.00000000e+00,0.000000,0.000000,0.000000e+00,2.13770443e-16,0.003627
2195,0.198855,0.826307,0.00000000e+00,0.000000,0.000000,0.000000e+00,2.94335108e-16,0.004994
2196,0.702368,0.845491,0.00000000e+00,0.000000,0.000000,0.000000e+00,1.15608218e-16,0.001961
2197,0.188834,0.321549,0.00000000e+00,0.000000,0.000000,0.000000e+00,3.19510807e-16,0.005421
2198,0.211953,0.337663,0.00000000e+00,0.000000,0.000000,0.000000e+00,3.48406198e-16,0.005911
2199,0.307401,0.195154,0.00000000e+00,0.000000,0.000000,0.000000e+00,7.73399367e-16,0.013122
2200,0.204238,0.191247,0.00000000e+00,0.000000,0.000000,0.000000e+00,4.57554546e-16,0.007763
2201,0.212266,0.702637,0.00000000e+00,0.000000,0.000000,0.000000e+00,3.71850984e-16,0.006309
2202,0.820124,0.174659,0.00000000e+00,0.000000,0.000000,0.000000e+00,8.11371206e-17,0.001377
2203,0.350615,0.685141,0.00000000e+00,0.000000,0.000000,0.000000e+00,7.71233928e-16,0.013085
2204,0.370270,0.192359,0.00000000e+00,0.000000,0.000000,0.000000e+00,3.00204650e-16,0.005093
2205,0.355993,0.172785,0.00000000e+00,0.000000,0.000000,0.000000e+00,7.68842065e-16,0.013044
2206,0.644417,0.826042,0.00000000e+00,0.000000,0.000000,0.000000e+00,1.33713270e-16,0.002269
2207,0.473568,0.359526,0.00000000e+00,0.000000,0.000000,0.000000e+00,1.48541150e-15,0.025202
2208,0.525472,0.060703,0.00000000e+00,0.000000,0.000000,0.000000e+00,7.09343242e-16,0.012035
2209,0.531345,0.681733,0.00000000e+00,0.000000,0.000000,0.000000e+00,5.48212270e-16,0.009301
2210,0.262165,0.834443,0.00000000e+00,0.000000,0.000000,0.000000e+00,6.57880855e-16,0.011162
2211,0.823376,0.249491,0.00000000e+00,0.000000,0.000000,0.000000e+00,5.93148056e-17,0.001006
2212,0.260325,0.674844,0.00000000e+00,0.000000,0.000000,0.000000e+00,3.62085965e-16,0.006143
2213,0.232700,0.168338,0.00000000e+00,0.000000,0.000000,0.000000e+00,5.71155163e-16,0.009690
2214,0.736964,0.829050,0.00000000e+00,0.000000,0.000000,0.000000e+00,5.61734251e-17,0.000953
2215,0.833398,0.738557,0.00000000e+00,0.000000,0.000000,0.000000e+00,1.14288078e-16,0.001939
2216,0.269639,0.799190,0.00000000e+00,0.000000,0.000000,0.000000e+00,5.58451628e-16,0.009475
2217,0.259154,0.690530,0.00000000e+00,0.000000,0.000000,0.000000e+00,2.77733395e-16,0.004712
2218,0.823219,0.280666,0.00000000e+00,0.000000,0.000000,0.000000e+00,8.58909474e-17,0.001457
2219,0.193062,0.273428,0.00000000e+00,0.000000,0.000000,0.000000e+00,2.94300274e-16,0.004993
2220,0.171447,0.297739,0.00000000e+00,0.000000,0.000000,0.000000e+00,8.74989667e-17,0.001485
2221,0.244144,0.181867,0.00000000e+00,0.000000,0.000000,0.000000e+00,5.68645987e-16,0.009648
2222,0.235206,0.353890,0.00000000e+00,0.000000,0.000000,0.000000e+00,4.49257646e-16,0.007622
2223,0.822010,0.212809,0.00000000e+00,0.000000,0.000000,0.000000e+00,5.19379593e-17,0.000881
2224,0.803230,0.244467,0.00000000e+00,0.000000,0.000000,0.000000e+00,8.14804204e-17,0.001382
2225,0.221221,0.824653,0.00000000e+00,0.000000,0.000000,0.000000e+00,1.54945725e-16,0.002629
2226,0.221221,0.824653,0.00000000e+00,0.000000,0.000000,0.000000e+00,1.54449602e-16,0.002620
2227,0.243977,0.676006,0.00000000e+00,0.000000,0.000000,0.000000e+00,2.92797849e-16,0.004968
2228,0.212016,0.228190,0.00000000e+00,0.000000,0.000000,0.000000e+00,2.77025487e-16,0.004700
2229,0.158469,0.229391,0.00000000e+00,0.000000,0.000000,0.000000e+00,1.33110447e-16,0.002258
2230,0.232700,0.168338,0.00000000e+00,0.000000,0.000000,0.000000e+00,5.23567264e-16,0.008883
2231,0.819713,0.782939,0.00000000e+00,0.000000,0.000000,0.000000e+00,8.40496500e-17,0.001426
2232,0.819713,0.782939,0.00000000e+00,0.000000,0.000000,0.000000e+00,9.54279296e-17,0.001619
2233,0.721170,0.827349,0.00000000e+00,0.000000,0.000000,0.000000e+00,9.31955676e-17,0.001581
2234,0.803067,0.716242,0.00000000e+00,0.000000,0.000000,0.000000e+00,1.29938745e-16,0.002205
2235,0.197987,0.769131,0.00000000e+00,0.000000,0.000000,0.000000e+00,3.08904816e-16,0.005241
2236,0.151797,0.767393,0.00000000e+00,0.000000,0.000000,0.000000e+00,1.48055165e-16,0.002512
2237,0.733419,0.180205,0.00000000e+00,0.000000,0.000000,0.000000e+00,9.94328536e-17,0.001687
2238,0.783087,0.172567,0.00000000e+00,0.000000,0.000000,0.000000e+00,7.12720455e-17,0.001209
2239,0.752192,0.194710,0.00000000e+00,0.000000,0.000000,0.000000e+00,7.97028225e-17,0.001352
2240,0.147258,0.733108,0.00000000e+00,0.000000,0.000000,0.000000e+00,3.75628010e-16,0.006373
2241,0.362331,0.348476,0.00000000e+00,0.000000,0.000000,0.000000e+00,1.25334565e-15,0.021264
2242,0.639041,0.149613,0.00000000e+00,0.000000,0.000000,0.000000e+00,3.30770416e-16,0.005612
2243,0.843550,0.597498,0.00000000e+00,0.000000,0.000000,0.000000e+00,5.32628975e-17,0.000904
2244,0.366686,0.316151,0.00000000e+00,0.000000,0.000000,0.000000e+00,6.35996965e-16,0.010790
2245,0.662712,0.169050,0.00000000e+00,0.000000,0.000000,0.000000e+00,2.37326085e-16,0.004026
2246,0.643185,0.177348,0.00000000e+00,0.000000,0.000000,0.000000e+00,2.85398672e-16,0.004842
2247,0.831050,0.620429,0.00000000e+00,0.000000,0.000000,0.000000e+00,9.85264224e-17,0.001672
2248,0.819770,0.644943,0.00000000e+00,0.000000,0.000000,0.000000e+00,1.29404042e-16,0.002195
2249,0.351291,0.821569,0.00000000e+00,0.000000,0.000000,0.000000e+00,8.09806855e-16,0.013739
2250,0.351291,0.821569,0.00000000e+00,0.000000,0.000000,0.000000e+00,8.08568599e-16,0.013718
2251,0.859083,0.549619,0.00000000e+00,0.000000,0.000000,0.000000e+00,6.61555694e-17,0.001122
2252,0.587821,0.408558,0.00000000e+00,0.000000,0.000000,0.000000e+00,1.02810159e-15,0.017443
2253,0.528299,0.694925,0.00000000e+00,0.000000,0.000000,0.000000e+00,3.84786157e-16,0.006528
2254,0.496577,0.664221,0.00000000e+00,0.000000,0.000000,0.000000e+00,4.60194377e-16,0.007808
2255,0.537348,0.358564,0.00000000e+00,0.000000,0.000000,0.000000e+00,7.66082485e-16,0.012997
2256,0.490694,0.111928,0.00000000e+00,0.000000,0.000000,0.000000e+00,6.69047608e-16,0.011351
2257,0.469686,0.866469,0.00000000e+00,0.000000,0.000000,0.000000e+00,5.27724872e-16,0.008953
2258,0.477239,0.879311,0.00000000e+00,0.000000,0.000000,0.000000e+00,6.97052582e-16,0.011826
2259,0.902026,0.462381,0.00000000e+00,0.000000,0.000000,0.000000e+00,1.72454293e-16,0.002926
2260,0.863245,0.432784,0.00000000e+00,0.000000,0.000000,0.000000e+00,9.48018465e-17,0.001608
2261,0.386653,0.188802,0.00000000e+00,0.000000,0.000000,0.000000e+00,5.56180097e-16,0.009436
2262,0.615441,0.801406,0.00000000e+00,0.000000,0.000000,0.000000e+00,4.09851344e-16,0.006954
2263,0.630679,0.825973,0.00000000e+00,0.000000,0.000000,0.000000e+00,3.88806069e-16,0.006596
2264,0.818184,0.384793,0.00000000e+00,0.000000,0.000000,0.000000e+00,2.16120073e-16,0.003667
2265,0.823419,0.398894,0.00000000e+00,0.000000,0.000000,0.000000e+00,9.34458857e-17,0.001585
2266,0.577980,0.370355,0.00000000e+00,0.000000,0.000000,0.000000e+00,5.10292776e-16,0.008658
2267,0.628160,0.499380,0.00000000e+00,0.000000,0.000000,0.000000e+00,6.04432123e-16,0.010255
2268,0.657804,0.481303,0.00000000e+00,0.000000,0.000000,0.000000e+00,4.69021783e-16,0.007957
2269,0.598415,0.623699,0.00000000e+00,0.000000,0.000000,0.000000e+00,8.37157072e-16,0.014203
2270,0.578457,0.608893,0.00000000e+00,0.000000,0.000000,0.000000e+00,8.46387826e-16,0.014360
2271,0.625975,0.560049,0.00000000e+00,0.000000,0.000000,0.000000e+00,5.20964120e-16,0.008839
2272,0.610933,0.563315,0.00000000e+00,0.000000,0.000000,0.000000e+00,3.83941347e-16,0.006514
2273,0.449338,0.361959,0.00000000e+00,0.000000,0.000000,0.000000e+00,9.57842644e-16,0.016251
2274,0.439523,0.347567,0.00000000e+00,0.000000,0.000000,0.000000e+00,9.43874330e-16,0.016014
2275,0.486167,0.896102,0.00000000e+00,0.000000,0.000000,0.000000e+00,8.13514424e-16,0.013802
2276,0.516798,0.953890,0.00000000e+00,0.000000,0.000000,0.000000e+00,3.79131921e-16,0.006432
2277,0.475210,0.042401,0.00000000e+00,0.000000,0.000000,0.000000e+00,2.99995088e-16,0.005090
2278,0.498408,0.085616,0.00000000e+00,0.000000,0.000000,0.000000e+00,6.13686170e-16,0.010412
2279,0.512687,0.073837,0.00000000e+00,0.000000,0.000000,0.000000e+00,5.86105083e-16,0.009944
2280,0.556600,0.860588,0.00000000e+00,0.000000,0.000000,0.000000e+00,7.08445122e-16,0.012020
2281,0.569368,0.844116,0.00000000e+00,0.000000,0.000000,0.000000e+00,6.42039592e-16,0.010893
2282,0.458099,0.167371,0.00000000e+00,0.000000,0.000000,0.000000e+00,4.17497352e-16,0.007083
2283,0.791833,0.839153,0.00000000e+00,0.000000,0.000000,0.000000e+00,1.20274854e-16,0.002041
2284,0.227153,0.679531,0.00000000e+00,0.000000,0.000000,0.000000e+00,3.99455735e-16,0.006777
2285,0.170729,0.800919,0.00000000e+00,0.000000,0.000000,0.000000e+00,1.73759717e-16,0.002948
2286,0.208792,0.168694,0.00000000e+00,0.000000,0.000000,0.000000e+00,4.19231149e-16,0.007113
2287,0.799414,0.291704,0.00000000e+00,0.000000,0.000000,0.000000e+00,2.39375111e-16,0.004061
2288,0.293170,0.186286,0.00000000e+00,0.000000,0.000000,0.000000e+00,7.03068316e-16,0.011928
2289,0.813345,0.765608,0.00000000e+00,0.000000,0.000000,0.000000e+00,9.77350488e-17,0.001658
2290,0.810143,0.806729,0.00000000e+00,0.000000,0.000000,0.000000e+00,6.87483108e-17,0.001166
2291,0.164351,0.707441,0.00000000e+00,0.000000,0.000000,0.000000e+00,4.32248536e-16,0.007334
2292,0.766572,0.175196,0.00000000e+00,0.000000,0.000000,0.000000e+00,7.12663214e-17,0.001209
2293,0.221221,0.824653,0.00000000e+00,0.000000,0.000000,0.000000e+00,4.33289699e-16,0.007351
2294,0.184880,0.228592,0.00000000e+00,0.000000,0.000000,0.000000e+00,2.71384777e-16,0.004604
2295,0.277189,0.676466,0.00000000e+00,0.000000,0.000000,0.000000e+00,3.25172640e-16,0.005517
2296,0.282231,0.198114,0.00000000e+00,0.000000,0.000000,0.000000e+00,6.07023779e-16,0.010299
2297,0.349490,0.724977,0.00000000e+00,0.000000,0.000000,0.000000e+00,7.04464173e-16,0.011952
2298,0.793045,0.341565,0.00000000e+00,0.000000,0.000000,0.000000e+00,1.55773184e-16,0.002643
2299,0.378436,0.163767,0.00000000e+00,0.000000,0.000000,0.000000e+00,6.56774154e-16,0.011143
2300,0.347638,0.213680,0.00000000e+00,0.000000,0.000000,0.000000e+00,5.62043789e-16,0.009536
2301,0.470387,0.107712,0.00000000e+00,0.000000,0.000000,0.000000e+00,5.15661376e-16,0.008749
2302,0.599381,0.366782,0.00000000e+00,0.000000,0.000000,0.000000e+00,6.82562389e-16,0.011580
2303,0.456544,0.867829,0.00000000e+00,0.000000,0.000000,0.000000e+00,3.62153039e-16,0.006144
2304,0.548275,0.306970,0.00000000e+00,0.000000,0.000000,0.000000e+00,4.39643372e-16,0.007459
2305,0.535290,0.339832,0.00000000e+00,0.000000,0.000000,0.000000e+00,5.83166885e-16,0.009894
2306,0.872221,0.454744,0.00000000e+00,0.000000,0.000000,0.000000e+00,8.07204135e-17,0.001370
2307,0.306243,0.321668,0.00000000e+00,0.000000,0.000000,0.000000e+00,3.55376299e-16,0.006029
2308,0.284590,0.309617,0.00000000e+00,0.000000,0.000000,0.000000e+00,3.51645913e-16,0.005966
2309,0.304033,0.814724,0.00000000e+00,0.000000,0.000000,0.000000e+00,5.69026093e-16,0.009654
2310,0.288346,0.833376,0.00000000e+00,0.000000,0.000000,0.000000e+00,7.27233001e-16,0.012338
2311,0.188834,0.321549,0.00000000e+00,0.000000,0.000000,0.000000e+00,3.33770395e-16,0.005663
2312,0.804227,0.184245,0.00000000e+00,0.000000,0.000000,0.000000e+00,9.33027835e-17,0.001583
2313,0.204238,0.191247,0.00000000e+00,0.000000,0.000000,0.000000e+00,4.02922429e-16,0.006836
2314,0.813367,0.694658,0.00000000e+00,0.000000,0.000000,0.000000e+00,8.93197500e-17,0.001515
2315,0.832321,0.711671,0.00000000e+00,0.000000,0.000000,0.000000e+00,2.12776913e-16,0.003610
2316,0.810143,0.806729,0.00000000e+00,0.000000,0.000000,0.000000e+00,9.53442520e-17,0.001618
2317,0.762988,0.823614,0.00000000e+00,0.000000,0.000000,0.000000e+00,1.51840039e-16,0.002576
2318,0.160845,0.787887,0.00000000e+00,0.000000,0.000000,0.000000e+00,9.38880700e-17,0.001593
2319,0.697001,0.172097,0.00000000e+00,0.000000,0.000000,0.000000e+00,2.51271503e-16,0.004263
2320,0.341665,0.304368,0.00000000e+00,0.000000,0.000000,0.000000e+00,9.81537332e-16,0.016653
2321,0.673054,0.204232,0.00000000e+00,0.000000,0.000000,0.000000e+00,2.90399714e-16,0.004927
2322,0.776974,0.634919,0.00000000e+00,0.000000,0.000000,0.000000e+00,1.17750537e-16,0.001998
2323,0.340100,0.784223,0.00000000e+00,0.000000,0.000000,0.000000e+00,7.59483939e-16,0.012885
2324,0.848947,0.506200,0.00000000e+00,0.000000,0.000000,0.000000e+00,9.61456709e-17,0.001631
2325,0.872335,0.470213,0.00000000e+00,0.000000,0.000000,0.000000e+00,1.31745255e-16,0.002235
2326,0.859083,0.549619,0.00000000e+00,0.000000,0.000000,0.000000e+00,5.22760776e-17,0.000887
2327,0.893936,0.449307,0.00000000e+00,0.000000,0.000000,0.000000e+00,2.34582942e-16,0.003980
2328,0.831733,0.463681,0.00000000e+00,0.000000,0.000000,0.000000e+00,2.19212894e-16,0.003719
2329,0.381689,0.336689,0.00000000e+00,0.000000,0.000000,0.000000e+00,1.32025204e-15,0.022399
2330,0.628909,0.167054,0.00000000e+00,0.000000,0.000000,0.000000e+00,4.61950170e-16,0.007837
2331,0.621417,0.541526,0.00000000e+00,0.000000,0.000000,0.000000e+00,5.65648867e-16,0.009597
2332,0.452042,0.334231,0.00000000e+00,0.000000,0.000000,0.000000e+00,1.52510453e-15,0.025875
2333,0.595139,0.605432,0.00000000e+00,0.000000,0.000000,0.000000e+00,1.11768221e-15,0.018963
2334,0.516051,0.873920,0.00000000e+00,0.000000,0.000000,0.000000e+00,7.25215157e-16,0.012304
2335,0.683467,0.804877,0.00000000e+00,0.000000,0.000000,0.000000e+00,1.19303902e-16,0.002024
2336,0.680417,0.787387,0.00000000e+00,0.000000,0.000000,0.000000e+00,9.77206096e-17,0.001658
2337,0.194956,0.666565,0.00000000e+00,0.000000,0.000000,0.000000e+00,3.44141281e-16,0.005839
2338,0.822010,0.212809,0.00000000e+00,0.000000,0.000000,0.000000e+00,5.09974880e-17,0.000865
2339,0.802105,0.317679,0.00000000e+00,0.000000,0.000000,0.000000e+00,2.48910399e-16,0.004223
2340,0.785853,0.327589,0.00000000e+00,0.000000,0.000000,0.000000e+00,2.48418379e-16,0.004215
2341,0.389917,0.673291,0.00000000e+00,0.000000,0.000000,0.000000e+00,5.08558158e-16,0.008628
2342,0.793045,0.341565,0.00000000e+00,0.000000,0.000000,0.000000e+00,1.60491581e-16,0.002723
2343,0.662473,0.787905,0.00000000e+00,0.000000,0.000000,0.000000e+00,2.31858646e-16,0.003934
2344,0.638654,0.376742,0.00000000e+00,0.000000,0.000000,0.000000e+00,2.79414358e-16,0.004741
2345,0.632996,0.414458,0.00000000e+00,0.000000,0.000000,0.000000e+00,4.48137710e-16,0.007603
2346,0.872785,0.608456,0.00000000e+00,0.000000,0.000000,0.000000e+00,3.70029916e-17,0.000628
2347,0.548275,0.306970,0.00000000e+00,0.000000,0.000000,0.000000e+00,5.74183677e-16,0.009742
2348,0.516051,0.873920,0.00000000e+00,0.000000,0.000000,0.000000e+00,7.33755790e-16,0.012449
2349,0.483150,0.097042,0.00000000e+00,0.000000,0.000000,0.000000e+00,6.72266333e-16,0.011406
2350,0.490694,0.111928,0.00000000e+00,0.000000,0.000000,0.000000e+00,4.82751923e-16,0.008190
2351,0.577217,0.628220,0.00000000e+00,0.000000,0.000000,0.000000e+00,6.52192764e-16,0.011065
2352,0.573647,0.658994,0.00000000e+00,0.000000,0.000000,0.000000e+00,9.38146058e-16,0.015917
2353,0.631693,0.345075,0.00000000e+00,0.000000,0.000000,0.000000e+00,2.30410008e-16,0.003909
2354,0.831050,0.620429,0.00000000e+00,0.000000,0.000000,0.000000e+00,7.02318956e-17,0.001192
2355,0.479956,0.981770,0.00000000e+00,0.000000,0.000000,0.000000e+00,3.10725540e-16,0.005272
2356,0.517774,0.021052,0.00000000e+00,0.000000,0.000000,0.000000e+00,3.24270761e-16,0.005502
2357,0.806496,0.440666,0.00000000e+00,0.000000,0.000000,0.000000e+00,1.28199244e-16,0.002175
2358,0.776260,0.406316,0.00000000e+00,0.000000,0.000000,0.000000e+00,2.30276230e-16,0.003907
2359,0.424712,0.189352,0.00000000e+00,0.000000,0.000000,0.000000e+00,4.11748380e-16,0.006986
2360,0.625975,0.560049,0.00000000e+00,0.000000,0.000000,0.000000e+00,6.23512440e-16,0.010579
2361,0.248111,0.313746,0.00000000e+00,0.000000,0.000000,0.000000e+00,3.97285769e-16,0.006740
2362,0.282714,0.292290,0.00000000e+00,0.000000,0.000000,0.000000e+00,4.81294973e-16,0.008166
2363,0.808031,0.258566,0.00000000e+00,0.000000,0.000000,0.000000e+00,1.06255750e-16,0.001803
2364,0.770145,0.212107,0.00000000e+00,0.000000,0.000000,0.000000e+00,7.53401727e-17,0.001278
2365,0.222702,0.239516,0.00000000e+00,0.000000,0.000000,0.000000e+00,3.99999424e-16,0.006786
2366,0.737430,0.816596,0.00000000e+00,0.000000,0.000000,0.000000e+00,1.32852221e-16,0.002254
2367,0.757813,0.787802,0.00000000e+00,0.000000,0.000000,0.000000e+00,1.18551592e-16,0.002011
2368,0.777203,0.729205,0.00000000e+00,0.000000,0.000000,0.000000e+00,7.01607780e-17,0.001190
2369,0.220354,0.769771,0.00000000e+00,0.000000,0.000000,0.000000e+00,2.95941003e-16,0.005021
2370,0.764255,0.157072,0.00000000e+00,0.000000,0.000000,0.000000e+00,9.86038664e-17,0.001673
2371,0.739359,0.209579,0.00000000e+00,0.000000,0.000000,0.000000e+00,1.62308625e-16,0.002754
2372,0.408911,0.360257,0.00000000e+00,0.000000,0.000000,0.000000e+00,9.19491851e-16,0.015600
2373,0.391172,0.870471,0.00000000e+00,0.000000,0.000000,0.000000e+00,7.84231119e-16,0.013305
2374,0.594374,0.168105,0.00000000e+00,0.000000,0.000000,0.000000e+00,2.73901365e-16,0.004647
2375,0.465581,0.320528,0.00000000e+00,0.000000,0.000000,0.000000e+00,1.55954076e-15,0.026459
2376,0.452042,0.334231,0.00000000e+00,0.000000,0.000000,0.000000e+00,1.43739617e-15,0.024387
2377,0.639682,0.538534,0.00000000e+00,0.000000,0.000000,0.000000e+00,4.68867465e-16,0.007955
2378,0.455678,0.850136,0.00000000e+00,0.000000,0.000000,0.000000e+00,3.60292929e-16,0.006113
2379,0.538257,0.114015,0.00000000e+00,0.000000,0.000000,0.000000e+00,6.36700796e-16,0.010802
2380,0.638321,0.359569,0.00000000e+00,0.000000,0.000000,0.000000e+00,3.75777538e-16,0.006375
2381,0.282714,0.292290,0.00000000e+00,0.000000,0.000000,0.000000e+00,3.39686338e-16,0.005763
2382,0.300539,0.306117,0.00000000e+00,0.000000,0.000000,0.000000e+00,3.11798704e-16,0.005290
2383,0.286458,0.785101,0.00000000e+00,0.000000,0.000000,0.000000e+00,3.97658887e-16,0.006747
2384,0.202789,0.296550,0.00000000e+00,0.000000,0.000000,0.000000e+00,2.53804555e-16,0.004306
2385,0.807426,0.223065,0.00000000e+00,0.000000,0.000000,0.000000e+00,9.10472274e-17,0.001545
2386,0.783288,0.711026,0.00000000e+00,0.000000,0.000000,0.000000e+00,1.33683994e-16,0.002268
2387,0.702771,0.189217,0.00000000e+00,0.000000,0.000000,0.000000e+00,1.74069929e-16,0.002953
2388,0.197987,0.769131,0.00000000e+00,0.000000,0.000000,0.000000e+00,2.97869803e-16,0.005054
2389,0.736604,0.196407,0.00000000e+00,0.000000,0.000000,0.000000e+00,1.38018182e-16,0.002342
2390,0.864429,0.503481,0.00000000e+00,0.000000,0.000000,0.000000e+00,7.35368594e-17,0.001248
2391,0.516055,0.698376,0.00000000e+00,0.000000,0.000000,0.000000e+00,3.60078709e-16,0.006109
2392,0.461832,0.690903,0.00000000e+00,0.000000,0.000000,0.000000e+00,7.35948547e-16,0.012486
2393,0.454623,0.672647,0.00000000e+00,0.000000,0.000000,0.000000e+00,1.31391041e-15,0.022292
2394,0.657804,0.481303,0.00000000e+00,0.000000,0.000000,0.000000e+00,1.40746091e-16,0.002388
2395,0.599349,0.638757,0.00000000e+00,0.000000,0.000000,0.000000e+00,2.88262835e-16,0.004891
2396,0.499711,0.124868,0.00000000e+00,0.000000,0.000000,0.000000e+00,8.68487339e-16,0.014735
2397,0.605357,0.320594,0.00000000e+00,0.000000,0.000000,0.000000e+00,5.50352775e-16,0.009337
2398,0.794595,0.452185,0.00000000e+00,0.000000,0.000000,0.000000e+00,1.61142023e-16,0.002734
2399,0.777563,0.373543,0.00000000e+00,0.000000,0.000000,0.000000e+00,1.45577501e-16,0.002470
2400,0.442507,0.186980,0.00000000e+00,0.000000,0.000000,0.000000e+00,3.62472371e-16,0.006150
2401,0.583039,0.826644,0.00000000e+00,0.000000,0.000000,0.000000e+00,7.28409159e-16,0.012358
2402,0.672773,0.570975,0.00000000e+00,0.000000,0.000000,0.000000e+00,6.17635302e-16,0.010479
2403,0.237932,0.781699,0.00000000e+00,0.000000,0.000000,0.000000e+00,4.74626706e-16,0.008053
2404,0.277189,0.676466,0.00000000e+00,0.000000,0.000000,0.000000e+00,3.71723771e-16,0.006307
2405,0.804261,0.275639,0.00000000e+00,0.000000,0.000000,0.000000e+00,1.67359681e-16,0.002839
2406,0.726502,0.809878,0.00000000e+00,0.000000,0.000000,0.000000e+00,2.20700059e-16,0.003744
2407,0.385026,0.693113,0.00000000e+00,0.000000,0.000000,0.000000e+00,5.76818108e-16,0.009786
2408,0.364862,0.707322,0.00000000e+00,0.000000,0.000000,0.000000e+00,4.98704677e-16,0.008461
2409,0.468288,0.299391,0.00000000e+00,0.000000,0.000000,0.000000e+00,1.36470105e-15,0.023154
2410,0.506521,0.299073,0.00000000e+00,0.000000,0.000000,0.000000e+00,1.32724578e-15,0.022518
2411,0.663203,0.614279,0.00000000e+00,0.000000,0.000000,0.000000e+00,5.31657170e-16,0.009020
2412,0.627340,0.577102,0.00000000e+00,0.000000,0.000000,0.000000e+00,5.17499967e-16,0.008780
2413,0.784736,0.271294,0.00000000e+00,0.000000,0.000000,0.000000e+00,1.39325458e-16,0.002364
2414,0.219120,0.806675,0.00000000e+00,0.000000,0.000000,0.000000e+00,1.42948774e-16,0.002425
2415,0.269208,0.210819,0.00000000e+00,0.000000,0.000000,0.000000e+00,7.26126829e-16,0.012319
2416,0.215062,0.204545,0.00000000e+00,0.000000,0.000000,0.000000e+00,4.04836406e-16,0.006868
2417,0.193674,0.726802,0.00000000e+00,0.000000,0.000000,0.000000e+00,3.98566853e-16,0.006762
2418,0.228054,0.315623,0.00000000e+00,0.000000,0.000000,0.000000e+00,3.90831219e-16,0.006631
2419,0.583600,0.308111,0.00000000e+00,0.000000,0.000000,0.000000e+00,6.86734027e-16,0.011651
2420,0.587814,0.326527,0.00000000e+00,0.000000,0.000000,0.000000e+00,6.31258821e-16,0.010710
2421,0.836452,0.580737,0.00000000e+00,0.000000,0.000000,0.000000e+00,5.61919407e-17,0.000953
2422,0.823617,0.602065,0.00000000e+00,0.000000,0.000000,0.000000e+00,7.73103515e-17,0.001312
2423,0.539406,0.271950,0.00000000e+00,0.000000,0.000000,0.000000e+00,1.08081362e-15,0.018337
2424,0.534518,0.300949,0.00000000e+00,0.000000,0.000000,0.000000e+00,1.03304106e-15,0.017527
2425,0.831733,0.463681,0.00000000e+00,0.000000,0.000000,0.000000e+00,2.48964450e-16,0.004224
2426,0.574571,0.687093,0.00000000e+00,0.000000,0.000000,0.000000e+00,4.19230169e-16,0.007113
2427,0.561931,0.701036,0.00000000e+00,0.000000,0.000000,0.000000e+00,6.11467473e-16,0.010374
2428,0.577217,0.628220,0.00000000e+00,0.000000,0.000000,0.000000e+00,8.54938465e-16,0.014505
2429,0.577319,0.290513,0.00000000e+00,0.000000,0.000000,0.000000e+00,7.69680522e-16,0.013058
2430,0.429045,0.669544,0.00000000e+00,0.000000,0.000000,0.000000e+00,7.89111405e-16,0.013388
2431,0.399733,0.714506,0.00000000e+00,0.000000,0.000000,0.000000e+00,5.03878936e-16,0.008549
2432,0.509541,0.269759,0.00000000e+00,0.000000,0.000000,0.000000e+00,1.17951191e-15,0.020012
2433,0.657074,0.396582,0.00000000e+00,0.000000,0.000000,0.000000e+00,1.95177898e-16,0.003311
2434,0.911532,0.491425,0.00000000e+00,0.000000,0.000000,0.000000e+00,1.34210306e-16,0.002277
2435,0.891556,0.481563,0.00000000e+00,0.000000,0.000000,0.000000e+00,1.12553341e-16,0.001910
2436,0.295689,0.293745,0.00000000e+00,0.000000,0.000000,0.000000e+00,3.74190701e-16,0.006349
2437,0.305825,0.767113,0.00000000e+00,0.000000,0.000000,0.000000e+00,3.66145767e-16,0.006212
2438,0.766316,0.690929,0.00000000e+00,0.000000,0.000000,0.000000e+00,1.07212633e-16,0.001819
2439,0.785967,0.672957,0.00000000e+00,0.000000,0.000000,0.000000e+00,1.05234956e-16,0.001785
2440,0.708817,0.204809,0.00000000e+00,0.000000,0.000000,0.000000e+00,2.21122080e-16,0.003752
2441,0.844973,0.552982,0.00000000e+00,0.000000,0.000000,0.000000e+00,5.12832988e-17,0.000870
2442,0.824044,0.487123,0.00000000e+00,0.000000,0.000000,0.000000e+00,1.95365780e-16,0.003315
2443,0.614674,0.579891,0.00000000e+00,0.000000,0.000000,0.000000e+00,5.48746960e-16,0.009310
2444,0.845800,0.418297,0.00000000e+00,0.000000,0.000000,0.000000e+00,5.64672066e-17,0.000958
2445,0.442507,0.186980,0.00000000e+00,0.000000,0.000000,0.000000e+00,3.62349260e-16,0.006148
2446,0.844973,0.552982,0.00000000e+00,0.000000,0.000000,0.000000e+00,8.94764511e-17,0.001518
2447,0.852522,0.576974,0.00000000e+00,0.000000,0.000000,0.000000e+00,1.60100874e-16,0.002716
2448,0.776247,0.780919,0.00000000e+00,0.000000,0.000000,0.000000e+00,9.76778873e-17,0.001657
2449,0.725888,0.753880,0.00000000e+00,0.000000,0.000000,0.000000e+00,1.86120482e-16,0.003158
2450,0.740527,0.796955,0.00000000e+00,0.000000,0.000000,0.000000e+00,1.78531728e-16,0.003029
2451,0.275388,0.738498,0.00000000e+00,0.000000,0.000000,0.000000e+00,3.52186612e-16,0.005975
2452,0.767203,0.231367,0.00000000e+00,0.000000,0.000000,0.000000e+00,8.42397559e-17,0.001429
2453,0.254373,0.730286,0.00000000e+00,0.000000,0.000000,0.000000e+00,4.50958012e-16,0.007651
2454,0.193674,0.726802,0.00000000e+00,0.000000,0.000000,0.000000e+00,4.17617630e-16,0.007085
2455,0.241846,0.207411,0.00000000e+00,0.000000,0.000000,0.000000e+00,4.58397979e-16,0.007777
2456,0.222702,0.239516,0.00000000e+00,0.000000,0.000000,0.000000e+00,2.61078954e-16,0.004429
2457,0.268170,0.241738,0.00000000e+00,0.000000,0.000000,0.000000e+00,6.84688813e-16,0.011616
2458,0.246476,0.295936,0.00000000e+00,0.000000,0.000000,0.000000e+00,3.47582432e-16,0.005897
2459,0.639682,0.538534,0.00000000e+00,0.000000,0.000000,0.000000e+00,4.87081585e-16,0.008264
2460,0.672773,0.570975,0.00000000e+00,0.000000,0.000000,0.000000e+00,2.81926711e-16,0.004783
2461,0.490500,0.869149,0.00000000e+00,0.000000,0.000000,0.000000e+00,8.78730614e-16,0.014909
2462,0.518963,0.844641,0.00000000e+00,0.000000,0.000000,0.000000e+00,8.15672188e-16,0.013839
2463,0.481049,0.827204,0.00000000e+00,0.000000,0.000000,0.000000e+00,8.83041588e-16,0.014982
2464,0.481049,0.827204,0.00000000e+00,0.000000,0.000000,0.000000e+00,6.27462896e-16,0.010646
2465,0.539489,0.157473,0.00000000e+00,0.000000,0.000000,0.000000e+00,6.10801123e-16,0.010363
2466,0.497200,0.150256,0.00000000e+00,0.000000,0.000000,0.000000e+00,6.40587089e-16,0.010868
2467,0.446326,0.696319,0.00000000e+00,0.000000,0.000000,0.000000e+00,8.44057003e-16,0.014320
2468,0.501678,0.745998,0.00000000e+00,0.000000,0.000000,0.000000e+00,1.11571879e-15,0.018929
2469,0.465497,0.709824,0.00000000e+00,0.000000,0.000000,0.000000e+00,4.90040747e-16,0.008314
2470,0.307500,0.748388,0.00000000e+00,0.000000,0.000000,0.000000e+00,4.32947921e-16,0.007345
2471,0.708817,0.204809,0.00000000e+00,0.000000,0.000000,0.000000e+00,1.67595527e-16,0.002843
2472,0.680838,0.220679,0.00000000e+00,0.000000,0.000000,0.000000e+00,3.05650330e-16,0.005186
2473,0.317360,0.273162,0.00000000e+00,0.000000,0.000000,0.000000e+00,7.76912066e-16,0.013181
2474,0.315286,0.298426,0.00000000e+00,0.000000,0.000000,0.000000e+00,6.52142577e-16,0.011064
2475,0.575154,0.712574,0.00000000e+00,0.000000,0.000000,0.000000e+00,3.40407877e-16,0.005775
2476,0.537290,0.704133,0.00000000e+00,0.000000,0.000000,0.000000e+00,9.61331891e-16,0.016310
2477,0.550603,0.285959,0.00000000e+00,0.000000,0.000000,0.000000e+00,8.67960908e-16,0.014726
2478,0.562023,0.232098,0.00000000e+00,0.000000,0.000000,0.000000e+00,6.04231906e-16,0.010251
2479,0.600289,0.661370,0.00000000e+00,0.000000,0.000000,0.000000e+00,4.11204320e-16,0.006977
2480,0.555341,0.832865,0.00000000e+00,0.000000,0.000000,0.000000e+00,7.86322708e-16,0.013341
2481,0.544718,0.847531,0.00000000e+00,0.000000,0.000000,0.000000e+00,7.05757698e-16,0.011974
2482,0.461925,0.147987,0.00000000e+00,0.000000,0.000000,0.000000e+00,4.55194076e-16,0.007723
2483,0.679157,0.377515,0.00000000e+00,0.000000,0.000000,0.000000e+00,2.97627287e-16,0.005050
2484,0.864429,0.503481,0.00000000e+00,0.000000,0.000000,0.000000e+00,9.21222446e-17,0.001563
2485,0.824737,0.543517,0.00000000e+00,0.000000,0.000000,0.000000e+00,7.27357912e-17,0.001234
2486,0.824044,0.487123,0.00000000e+00,0.000000,0.000000,0.000000e+00,1.59624881e-16,0.002708
2487,0.809618,0.547079,0.00000000e+00,0.000000,0.000000,0.000000e+00,2.24950696e-16,0.003817
2488,0.734223,0.737516,0.00000000e+00,0.000000,0.000000,0.000000e+00,1.40609150e-16,0.002386
2489,0.753056,0.744118,0.00000000e+00,0.000000,0.000000,0.000000e+00,1.27888277e-16,0.002170
2490,0.239359,0.713460,0.00000000e+00,0.000000,0.000000,0.000000e+00,5.22407888e-16,0.008863
2491,0.310554,0.706045,0.00000000e+00,0.000000,0.000000,0.000000e+00,4.11882132e-16,0.006988
2492,0.275388,0.738498,0.00000000e+00,0.000000,0.000000,0.000000e+00,2.84453145e-16,0.004826
2493,0.733264,0.268230,0.00000000e+00,0.000000,0.000000,0.000000e+00,1.97929921e-16,0.003358
2494,0.253020,0.752737,0.00000000e+00,0.000000,0.000000,0.000000e+00,2.96423283e-16,0.005029
2495,0.763958,0.251988,0.00000000e+00,0.000000,0.000000,0.000000e+00,1.73424411e-16,0.002942
2496,0.254554,0.222743,0.00000000e+00,0.000000,0.000000,0.000000e+00,4.40496387e-16,0.007473
2497,0.313838,0.220325,0.00000000e+00,0.000000,0.000000,0.000000e+00,8.58147449e-16,0.014559
2498,0.265663,0.262728,0.00000000e+00,0.000000,0.000000,0.000000e+00,6.83462680e-16,0.011596
2499,0.226707,0.279788,0.00000000e+00,0.000000,0.000000,0.000000e+00,2.81035553e-16,0.004768
2500,0.226707,0.279788,0.00000000e+00,0.000000,0.000000,0.000000e+00,2.90010343e-16,0.004920
2501,0.622266,0.317745,0.00000000e+00,0.000000,0.000000,0.000000e+00,4.61399069e-16,0.007828
2502,0.624277,0.332221,0.00000000e+00,0.000000,0.000000,0.000000e+00,3.41677236e-16,0.005797
2503,0.439908,0.322113,0.00000000e+00,0.000000,0.000000,0.000000e+00,1.47881301e-15,0.025090
2504,0.680393,0.419231,0.00000000e+00,0.000000,0.000000,0.000000e+00,3.65661688e-16,0.006204
2505,0.443572,0.204445,0.00000000e+00,0.000000,0.000000,0.000000e+00,3.77747842e-16,0.006409
2506,0.807035,0.462421,0.00000000e+00,0.000000,0.000000,0.000000e+00,1.64456860e-16,0.002790
2507,0.817907,0.526465,0.00000000e+00,0.000000,0.000000,0.000000e+00,2.93990975e-17,0.000499
2508,0.356013,0.779345,0.00000000e+00,0.000000,0.000000,0.000000e+00,6.66261399e-16,0.011304
2509,0.361286,0.260766,0.00000000e+00,0.000000,0.000000,0.000000e+00,9.92695721e-16,0.016842
2510,0.641800,0.221858,0.00000000e+00,0.000000,0.000000,0.000000e+00,9.23558668e-17,0.001567
2511,0.661885,0.230546,0.00000000e+00,0.000000,0.000000,0.000000e+00,2.20252191e-16,0.003737
2512,0.254029,0.845614,0.00000000e+00,0.000000,0.000000,0.000000e+00,3.57742856e-16,0.006069
2513,0.856085,0.782350,0.00000000e+00,0.000000,0.000000,0.000000e+00,8.98976581e-17,0.001525
2514,0.850360,0.767708,0.00000000e+00,0.000000,0.000000,0.000000e+00,9.56676134e-17,0.001623
2515,0.781702,0.441125,0.00000000e+00,0.000000,0.000000,0.000000e+00,2.57779178e-16,0.004373
2516,0.793050,0.431023,0.00000000e+00,0.000000,0.000000,0.000000e+00,1.70684670e-16,0.002896
2517,0.444331,0.218361,0.00000000e+00,0.000000,0.000000,0.000000e+00,3.71995800e-16,0.006311
2518,0.546993,0.784598,0.00000000e+00,0.000000,0.000000,0.000000e+00,2.72625151e-16,0.004625
2519,0.612212,0.645768,0.00000000e+00,0.000000,0.000000,0.000000e+00,6.61435535e-16,0.011222
2520,0.600289,0.661370,0.00000000e+00,0.000000,0.000000,0.000000e+00,4.07421709e-16,0.006912
2521,0.783181,0.463660,0.00000000e+00,0.000000,0.000000,0.000000e+00,1.78097849e-16,0.003022
2522,0.817345,0.473277,0.00000000e+00,0.000000,0.000000,0.000000e+00,2.23056174e-16,0.003784
2523,0.409194,0.307397,0.00000000e+00,0.000000,0.000000,0.000000e+00,1.33314759e-15,0.022618
2524,0.417542,0.293841,0.00000000e+00,0.000000,0.000000,0.000000e+00,1.27555634e-15,0.021641
2525,0.733595,0.688730,0.00000000e+00,0.000000,0.000000,0.000000e+00,7.63309299e-17,0.001295
2526,0.691311,0.235212,0.00000000e+00,0.000000,0.000000,0.000000e+00,2.13471083e-16,0.003622
2527,0.289997,0.251279,0.00000000e+00,0.000000,0.000000,0.000000e+00,7.97541289e-16,0.013531
2528,0.568244,0.274293,0.00000000e+00,0.000000,0.000000,0.000000e+00,7.55894955e-16,0.012825
2529,0.393244,0.778494,0.00000000e+00,0.000000,0.000000,0.000000e+00,1.04313325e-15,0.017698
2530,0.348798,0.705661,0.00000000e+00,0.000000,0.000000,0.000000e+00,7.72214209e-16,0.013101
2531,0.753056,0.744118,0.00000000e+00,0.000000,0.000000,0.000000e+00,5.91481122e-17,0.001004
2532,0.253020,0.752737,0.00000000e+00,0.000000,0.000000,0.000000e+00,2.21404261e-16,0.003756
2533,0.237932,0.781699,0.00000000e+00,0.000000,0.000000,0.000000e+00,4.21296586e-16,0.007148
2534,0.741310,0.247411,0.00000000e+00,0.000000,0.000000,0.000000e+00,1.09971002e-16,0.001866
2535,0.672744,0.332398,0.00000000e+00,0.000000,0.000000,0.000000e+00,5.66327129e-16,0.009608
2536,0.697940,0.780710,0.00000000e+00,0.000000,0.000000,0.000000e+00,1.05262657e-16,0.001786
2537,0.677118,0.774073,0.00000000e+00,0.000000,0.000000,0.000000e+00,2.33039066e-16,0.003954
2538,0.307500,0.748388,0.00000000e+00,0.000000,0.000000,0.000000e+00,3.62081015e-16,0.006143
2539,0.773991,0.292044,0.00000000e+00,0.000000,0.000000,0.000000e+00,2.39368679e-16,0.004061
2540,0.785515,0.284572,0.00000000e+00,0.000000,0.000000,0.000000e+00,1.40179532e-16,0.002378
2541,0.254373,0.730286,0.00000000e+00,0.000000,0.000000,0.000000e+00,1.84978681e-16,0.003138
2542,0.316948,0.247117,0.00000000e+00,0.000000,0.000000,0.000000e+00,9.25789541e-16,0.015707
2543,0.429726,0.264162,0.00000000e+00,0.000000,0.000000,0.000000e+00,6.91270417e-16,0.011728
2544,0.677531,0.449441,0.00000000e+00,0.000000,0.000000,0.000000e+00,1.01875194e-15,0.017284
2545,0.678800,0.397512,0.00000000e+00,0.000000,0.000000,0.000000e+00,5.01289557e-16,0.008505
2546,0.811768,0.564378,0.00000000e+00,0.000000,0.000000,0.000000e+00,1.37846896e-16,0.002339
2547,0.670709,0.433854,0.00000000e+00,0.000000,0.000000,0.000000e+00,2.29279987e-16,0.003890
2548,0.671558,0.464633,0.00000000e+00,0.000000,0.000000,0.000000e+00,2.69755218e-16,0.004577
2549,0.651728,0.515580,0.00000000e+00,0.000000,0.000000,0.000000e+00,5.52164579e-16,0.009368
2550,0.340100,0.784223,0.00000000e+00,0.000000,0.000000,0.000000e+00,5.99454164e-16,0.010170
2551,0.364495,0.760183,0.00000000e+00,0.000000,0.000000,0.000000e+00,4.05503180e-16,0.006880
2552,0.782157,0.653724,0.00000000e+00,0.000000,0.000000,0.000000e+00,1.03689009e-16,0.001759
2553,0.617254,0.232014,0.00000000e+00,0.000000,0.000000,0.000000e+00,1.35070719e-16,0.002292
2554,0.537290,0.704133,0.00000000e+00,0.000000,0.000000,0.000000e+00,7.49151673e-16,0.012710
2555,0.477520,0.177515,0.00000000e+00,0.000000,0.000000,0.000000e+00,8.90164924e-16,0.015103
2556,0.502754,0.803955,0.00000000e+00,0.000000,0.000000,0.000000e+00,8.24249614e-16,0.013984
2557,0.526689,0.799150,0.00000000e+00,0.000000,0.000000,0.000000e+00,7.47111912e-16,0.012676
2558,0.393987,0.280054,0.00000000e+00,0.000000,0.000000,0.000000e+00,1.20726822e-15,0.020483
2559,0.776974,0.634919,0.00000000e+00,0.000000,0.000000,0.000000e+00,1.53177822e-16,0.002599
2560,0.810801,0.509027,0.00000000e+00,0.000000,0.000000,0.000000e+00,1.07341296e-16,0.001821
2561,0.807035,0.462421,0.00000000e+00,0.000000,0.000000,0.000000e+00,1.05997253e-16,0.001798
2562,0.441537,0.741615,0.00000000e+00,0.000000,0.000000,0.000000e+00,7.26568927e-16,0.012327
2563,0.511329,0.790146,0.00000000e+00,0.000000,0.000000,0.000000e+00,6.16787634e-16,0.010464
2564,0.544729,0.805621,0.00000000e+00,0.000000,0.000000,0.000000e+00,4.95232742e-16,0.008402
2565,0.497606,0.206617,0.00000000e+00,0.000000,0.000000,0.000000e+00,8.17981782e-16,0.013878
2566,0.458372,0.226125,0.00000000e+00,0.000000,0.000000,0.000000e+00,4.69651923e-16,0.007968
2567,0.421576,0.345647,0.00000000e+00,0.000000,0.000000,0.000000e+00,1.26500051e-15,0.021462
2568,0.560520,0.299234,0.00000000e+00,0.000000,0.000000,0.000000e+00,8.72059012e-16,0.014795
2569,0.270803,0.759059,0.00000000e+00,0.000000,0.000000,0.000000e+00,3.06158974e-16,0.005194
2570,0.337611,0.765183,0.00000000e+00,0.000000,0.000000,0.000000e+00,5.56060083e-16,0.009434
2571,0.758945,0.725721,0.00000000e+00,0.000000,0.000000,0.000000e+00,7.44923986e-17,0.001264
2572,0.763179,0.655593,0.00000000e+00,0.000000,0.000000,0.000000e+00,1.00005249e-16,0.001697
2573,0.747753,0.228334,0.00000000e+00,0.000000,0.000000,0.000000e+00,1.31012915e-16,0.002223
2574,0.728771,0.219989,0.00000000e+00,0.000000,0.000000,0.000000e+00,1.48778465e-16,0.002524
2575,0.303860,0.284017,0.00000000e+00,0.000000,0.000000,0.000000e+00,7.98672342e-16,0.013550
2576,0.265663,0.262728,0.00000000e+00,0.000000,0.000000,0.000000e+00,2.62391484e-16,0.004452
2577,0.616803,0.274316,0.00000000e+00,0.000000,0.000000,0.000000e+00,6.24449682e-16,0.010594
2578,0.352214,0.762126,0.00000000e+00,0.000000,0.000000,0.000000e+00,7.65023535e-16,0.012979
2579,0.322288,0.749523,0.00000000e+00,0.000000,0.000000,0.000000e+00,6.33580115e-16,0.010749
2580,0.416339,0.717001,0.00000000e+00,0.000000,0.000000,0.000000e+00,4.73175474e-16,0.008028
2581,0.478783,0.264367,0.00000000e+00,0.000000,0.000000,0.000000e+00,1.05166615e-15,0.017843
2582,0.698969,0.378795,0.00000000e+00,0.000000,0.000000,0.000000e+00,2.05227322e-16,0.003482
2583,0.718145,0.407501,0.00000000e+00,0.000000,0.000000,0.000000e+00,3.49223876e-16,0.005925
2584,0.661292,0.212402,0.00000000e+00,0.000000,0.000000,0.000000e+00,2.68970071e-16,0.004563
2585,0.635297,0.323326,0.00000000e+00,0.000000,0.000000,0.000000e+00,2.81238761e-16,0.004772
2586,0.624277,0.332221,0.00000000e+00,0.000000,0.000000,0.000000e+00,3.60943768e-16,0.006124
2587,0.588894,0.796157,0.00000000e+00,0.000000,0.000000,0.000000e+00,2.98203905e-16,0.005059
2588,0.768379,0.450748,0.00000000e+00,0.000000,0.000000,0.000000e+00,2.49262262e-16,0.004229
2589,0.625893,0.705712,0.00000000e+00,0.000000,0.000000,0.000000e+00,4.13708335e-16,0.007019
2590,0.539489,0.157473,0.00000000e+00,0.000000,0.000000,0.000000e+00,6.29494452e-16,0.010680
2591,0.488084,0.190523,0.00000000e+00,0.000000,0.000000,0.000000e+00,8.57648335e-16,0.014551
2592,0.468209,0.814702,0.00000000e+00,0.000000,0.000000,0.000000e+00,8.46647177e-16,0.014364
2593,0.498154,0.780288,0.00000000e+00,0.000000,0.000000,0.000000e+00,7.37346098e-16,0.012510
2594,0.420295,0.683887,0.00000000e+00,0.000000,0.000000,0.000000e+00,4.04092658e-16,0.006856
2595,0.360765,0.232952,0.00000000e+00,0.000000,0.000000,0.000000e+00,9.26921177e-16,0.015726
2596,0.417542,0.293841,0.00000000e+00,0.000000,0.000000,0.000000e+00,8.48880961e-16,0.014402
2597,0.417542,0.293841,0.00000000e+00,0.000000,0.000000,0.000000e+00,1.30232258e-15,0.022095
2598,0.393244,0.778494,0.00000000e+00,0.000000,0.000000,0.000000e+00,9.42178994e-16,0.015985
2599,0.595535,0.243106,0.00000000e+00,0.000000,0.000000,0.000000e+00,2.35726358e-16,0.003999
2600,0.608323,0.206843,0.00000000e+00,0.000000,0.000000,0.000000e+00,2.91073687e-16,0.004938
2601,0.648737,0.248827,0.00000000e+00,0.000000,0.000000,0.000000e+00,2.47913653e-16,0.004206
2602,0.633526,0.238477,0.00000000e+00,0.000000,0.000000,0.000000e+00,2.32205215e-16,0.003940
2603,0.744656,0.656847,0.00000000e+00,0.000000,0.000000,0.000000e+00,1.14591646e-16,0.001944
2604,0.770810,0.616807,0.00000000e+00,0.000000,0.000000,0.000000e+00,1.78006409e-16,0.003020
2605,0.796520,0.586718,0.00000000e+00,0.000000,0.000000,0.000000e+00,1.00600495e-16,0.001707
2606,0.465497,0.709824,0.00000000e+00,0.000000,0.000000,0.000000e+00,3.52729454e-16,0.005984
2607,0.479058,0.749933,0.00000000e+00,0.000000,0.000000,0.000000e+00,8.48174007e-16,0.014390
2608,0.658008,0.463035,0.00000000e+00,0.000000,0.000000,0.000000e+00,2.99975209e-16,0.005089
2609,0.645679,0.308298,0.00000000e+00,0.000000,0.000000,0.000000e+00,4.69679769e-16,0.007969
2610,0.668214,0.310302,0.00000000e+00,0.000000,0.000000,0.000000e+00,2.44840564e-16,0.004154
2611,0.633398,0.518896,0.00000000e+00,0.000000,0.000000,0.000000e+00,7.45389417e-16,0.012646
2612,0.698410,0.754344,0.00000000e+00,0.000000,0.000000,0.000000e+00,2.70202107e-16,0.004584
2613,0.762254,0.303772,0.00000000e+00,0.000000,0.000000,0.000000e+00,2.92319461e-16,0.004960
2614,0.430771,0.688484,0.00000000e+00,0.000000,0.000000,0.000000e+00,4.32459553e-16,0.007337
2615,0.602871,0.301150,0.00000000e+00,0.000000,0.000000,0.000000e+00,5.11994571e-16,0.008687
2616,0.810801,0.509027,0.00000000e+00,0.000000,0.000000,0.000000e+00,2.04423355e-16,0.003468
2617,0.806843,0.492219,0.00000000e+00,0.000000,0.000000,0.000000e+00,1.24291074e-16,0.002109
2618,0.429045,0.669544,0.00000000e+00,0.000000,0.000000,0.000000e+00,1.01408966e-15,0.017205
2619,0.441712,0.656291,0.00000000e+00,0.000000,0.000000,0.000000e+00,1.65286039e-15,0.028042
2620,0.668214,0.310302,0.00000000e+00,0.000000,0.000000,0.000000e+00,3.38865007e-16,0.005749
2621,0.709217,0.345434,0.00000000e+00,0.000000,0.000000,0.000000e+00,3.64902217e-16,0.006191
2622,0.414560,0.738265,0.00000000e+00,0.000000,0.000000,0.000000e+00,1.18973761e-15,0.020185
2623,0.408661,0.768062,0.00000000e+00,0.000000,0.000000,0.000000e+00,1.26493507e-15,0.021461
2624,0.401768,0.795333,0.00000000e+00,0.000000,0.000000,0.000000e+00,9.22465360e-16,0.015651
2625,0.381689,0.336689,0.00000000e+00,0.000000,0.000000,0.000000e+00,1.12314451e-15,0.019055
2626,0.778505,0.358908,0.00000000e+00,0.000000,0.000000,0.000000e+00,1.04189738e-16,0.001768
2627,0.663272,0.769979,0.00000000e+00,0.000000,0.000000,0.000000e+00,1.50796058e-16,0.002558
2628,0.438573,0.851194,0.00000000e+00,0.000000,0.000000,0.000000e+00,4.96050817e-16,0.008416
2629,0.457805,0.277110,0.00000000e+00,0.000000,0.000000,0.000000e+00,7.42811896e-16,0.012603
2630,0.448733,0.256116,0.00000000e+00,0.000000,0.000000,0.000000e+00,8.51785279e-16,0.014451
2631,0.671558,0.464633,0.00000000e+00,0.000000,0.000000,0.000000e+00,6.42239121e-16,0.010896
2632,0.325106,0.203587,0.00000000e+00,0.000000,0.000000,0.000000e+00,1.12564199e-15,0.019098
2633,0.663272,0.769979,0.00000000e+00,0.000000,0.000000,0.000000e+00,1.79127603e-16,0.003039
2634,0.725319,0.309574,0.00000000e+00,0.000000,0.000000,0.000000e+00,2.65339000e-16,0.004502
2635,0.686157,0.737195,0.00000000e+00,0.000000,0.000000,0.000000e+00,2.46948353e-16,0.004190
2636,0.554514,0.147061,0.00000000e+00,0.000000,0.000000,0.000000e+00,5.49297584e-16,0.009319
2637,0.653142,0.433290,0.00000000e+00,0.000000,0.000000,0.000000e+00,3.24461397e-16,0.005505
2638,0.401768,0.795333,0.00000000e+00,0.000000,0.000000,0.000000e+00,9.87385883e-16,0.016752
2639,0.606833,0.165305,0.00000000e+00,0.000000,0.000000,0.000000e+00,4.10447946e-16,0.006964
2640,0.688360,0.505006,0.00000000e+00,0.000000,0.000000,0.000000e+00,3.48120139e-16,0.005906
2641,0.658020,0.534157,0.00000000e+00,0.000000,0.000000,0.000000e+00,4.09653377e-16,0.006950
2642,0.531155,0.728931,0.00000000e+00,0.000000,0.000000,0.000000e+00,2.63826173e-16,0.004476
2643,0.600093,0.712565,0.00000000e+00,0.000000,0.000000,0.000000e+00,5.06783200e-16,0.008598
2644,0.540741,0.200746,0.00000000e+00,0.000000,0.000000,0.000000e+00,6.94084367e-16,0.011776
2645,0.388700,0.257262,0.00000000e+00,0.000000,0.000000,0.000000e+00,8.25865382e-16,0.014012
2646,0.405278,0.286577,0.00000000e+00,0.000000,0.000000,0.000000e+00,1.01275071e-15,0.017182
2647,0.424648,0.800478,0.00000000e+00,0.000000,0.000000,0.000000e+00,9.05291979e-16,0.015359
2648,0.608323,0.206843,0.00000000e+00,0.000000,0.000000,0.000000e+00,1.10367857e-16,0.001873
2649,0.595535,0.243106,0.00000000e+00,0.000000,0.000000,0.000000e+00,5.22928337e-16,0.008872
2650,0.749418,0.474625,0.00000000e+00,0.000000,0.000000,0.000000e+00,1.91105509e-16,0.003242
2651,0.677397,0.274003,0.00000000e+00,0.000000,0.000000,0.000000e+00,3.48736540e-16,0.005917
2652,0.668785,0.664466,0.00000000e+00,0.000000,0.000000,0.000000e+00,3.65513801e-16,0.006201
2653,0.615021,0.677468,0.00000000e+00,0.000000,0.000000,0.000000e+00,4.28406024e-16,0.007268
2654,0.446419,0.764882,0.00000000e+00,0.000000,0.000000,0.000000e+00,1.20553816e-15,0.020453
2655,0.429928,0.777873,0.00000000e+00,0.000000,0.000000,0.000000e+00,8.29341076e-16,0.014071
2656,0.682007,0.315361,0.00000000e+00,0.000000,0.000000,0.000000e+00,2.98458041e-16,0.005064
2657,0.699227,0.395954,0.00000000e+00,0.000000,0.000000,0.000000e+00,2.04032939e-16,0.003462
2658,0.750496,0.452675,0.00000000e+00,0.000000,0.000000,0.000000e+00,2.89779183e-16,0.004916
2659,0.477848,0.780602,0.00000000e+00,0.000000,0.000000,0.000000e+00,7.75725055e-16,0.013161
2660,0.489475,0.792277,0.00000000e+00,0.000000,0.000000,0.000000e+00,7.61625027e-16,0.012922
2661,0.540741,0.200746,0.00000000e+00,0.000000,0.000000,0.000000e+00,7.86174054e-16,0.013338
2662,0.714496,0.255883,0.00000000e+00,0.000000,0.000000,0.000000e+00,2.13468926e-16,0.003622
2663,0.704990,0.226180,0.00000000e+00,0.000000,0.000000,0.000000e+00,1.80744880e-16,0.003067
2664,0.741198,0.721298,0.00000000e+00,0.000000,0.000000,0.000000e+00,9.16739193e-17,0.001555
2665,0.746211,0.705552,0.00000000e+00,0.000000,0.000000,0.000000e+00,9.61702547e-17,0.001632
2666,0.624407,0.777387,0.00000000e+00,0.000000,0.000000,0.000000e+00,1.82163686e-16,0.003091
2667,0.544734,0.765686,0.00000000e+00,0.000000,0.000000,0.000000e+00,6.64135664e-16,0.011268
2668,0.534064,0.769649,0.00000000e+00,0.000000,0.000000,0.000000e+00,4.96101321e-16,0.008417
2669,0.468489,0.245561,0.00000000e+00,0.000000,0.000000,0.000000e+00,9.70594196e-16,0.016467
2670,0.546993,0.784598,0.00000000e+00,0.000000,0.000000,0.000000e+00,2.62654488e-16,0.004456
2671,0.559881,0.761155,0.00000000e+00,0.000000,0.000000,0.000000e+00,2.23079997e-16,0.003785
2672,0.431220,0.224205,0.00000000e+00,0.000000,0.000000,0.000000e+00,5.59052068e-16,0.009485
2673,0.781511,0.420349,0.00000000e+00,0.000000,0.000000,0.000000e+00,3.83048892e-16,0.006499
2674,0.360765,0.232952,0.00000000e+00,0.000000,0.000000,0.000000e+00,1.01568907e-15,0.017232
2675,0.773864,0.389678,0.00000000e+00,0.000000,0.000000,0.000000e+00,1.65219150e-16,0.002803
2676,0.728989,0.354641,0.00000000e+00,0.000000,0.000000,0.000000e+00,3.46476207e-16,0.005878
2677,0.615441,0.801406,0.00000000e+00,0.000000,0.000000,0.000000e+00,2.26784390e-16,0.003848
2678,0.623252,0.751992,0.00000000e+00,0.000000,0.000000,0.000000e+00,4.62501589e-16,0.007847
2679,0.467773,0.767623,0.00000000e+00,0.000000,0.000000,0.000000e+00,9.04212859e-16,0.015341
2680,0.616803,0.274316,0.00000000e+00,0.000000,0.000000,0.000000e+00,4.31098451e-16,0.007314
2681,0.624407,0.777387,0.00000000e+00,0.000000,0.000000,0.000000e+00,1.68290319e-16,0.002855
2682,0.388700,0.257262,0.00000000e+00,0.000000,0.000000,0.000000e+00,1.23606798e-15,0.020971
2683,0.410534,0.211505,0.00000000e+00,0.000000,0.000000,0.000000e+00,3.98516323e-16,0.006761
2684,0.793050,0.431023,0.00000000e+00,0.000000,0.000000,0.000000e+00,1.56338023e-16,0.002652
2685,0.698969,0.378795,0.00000000e+00,0.000000,0.000000,0.000000e+00,1.77910271e-16,0.003018
2686,0.788618,0.563984,0.00000000e+00,0.000000,0.000000,0.000000e+00,3.83444536e-16,0.006506
2687,0.374856,0.224006,0.00000000e+00,0.000000,0.000000,0.000000e+00,1.13613461e-15,0.019276
2688,0.758326,0.600854,0.00000000e+00,0.000000,0.000000,0.000000e+00,2.16582076e-16,0.003675
2689,0.559881,0.761155,0.00000000e+00,0.000000,0.000000,0.000000e+00,4.36397939e-16,0.007404
2690,0.748240,0.506555,0.00000000e+00,0.000000,0.000000,0.000000e+00,2.68720885e-16,0.004559
2691,0.448146,0.786841,0.00000000e+00,0.000000,0.000000,0.000000e+00,7.99495870e-16,0.013564
2692,0.244891,0.247066,0.00000000e+00,0.000000,0.000000,0.000000e+00,3.97461555e-16,0.006743
2693,0.332101,0.726209,0.00000000e+00,0.000000,0.000000,0.000000e+00,8.29840084e-16,0.014079
2694,0.714496,0.255883,0.00000000e+00,0.000000,0.000000,0.000000e+00,2.18671640e-16,0.003710
2695,0.749515,0.294826,0.00000000e+00,0.000000,0.000000,0.000000e+00,1.67037584e-16,0.002834
2696,0.711585,0.705271,0.00000000e+00,0.000000,0.000000,0.000000e+00,2.76787894e-16,0.004696
2697,0.561624,0.163608,0.00000000e+00,0.000000,0.000000,0.000000e+00,5.06910944e-16,0.008600
2698,0.410552,0.343345,0.00000000e+00,0.000000,0.000000,0.000000e+00,1.34710331e-15,0.022855
2699,0.688360,0.505006,0.00000000e+00,0.000000,0.000000,0.000000e+00,4.65690509e-16,0.007901
2700,0.657804,0.481303,0.00000000e+00,0.000000,0.000000,0.000000e+00,4.81950577e-16,0.008177
2701,0.565116,0.723057,0.00000000e+00,0.000000,0.000000,0.000000e+00,8.12841456e-16,0.013791
2702,0.553531,0.741854,0.00000000e+00,0.000000,0.000000,0.000000e+00,1.59166279e-16,0.002700
2703,0.616535,0.765789,0.00000000e+00,0.000000,0.000000,0.000000e+00,3.36778632e-16,0.005714
2704,0.509444,0.137637,0.00000000e+00,0.000000,0.000000,0.000000e+00,7.34803993e-16,0.012467
2705,0.554514,0.147061,0.00000000e+00,0.000000,0.000000,0.000000e+00,6.02870194e-16,0.010228
2706,0.651976,0.697972,0.00000000e+00,0.000000,0.000000,0.000000e+00,2.40679277e-16,0.004083
2707,0.457203,0.800383,0.00000000e+00,0.000000,0.000000,0.000000e+00,8.01969153e-16,0.013606
2708,0.534671,0.228501,0.00000000e+00,0.000000,0.000000,0.000000e+00,8.05941156e-16,0.013674
2709,0.747588,0.354779,0.00000000e+00,0.000000,0.000000,0.000000e+00,1.65914008e-16,0.002815
2710,0.777849,0.346131,0.00000000e+00,0.000000,0.000000,0.000000e+00,8.28087864e-17,0.001405
2711,0.663272,0.769979,0.00000000e+00,0.000000,0.000000,0.000000e+00,3.62638680e-16,0.006153
2712,0.438927,0.239304,0.00000000e+00,0.000000,0.000000,0.000000e+00,1.00176893e-15,0.016996
2713,0.765842,0.430779,0.00000000e+00,0.000000,0.000000,0.000000e+00,3.74687354e-16,0.006357
2714,0.429928,0.777873,0.00000000e+00,0.000000,0.000000,0.000000e+00,6.66648864e-16,0.011310
2715,0.493566,0.758251,0.00000000e+00,0.000000,0.000000,0.000000e+00,7.05954369e-16,0.011977
2716,0.713489,0.429183,0.00000000e+00,0.000000,0.000000,0.000000e+00,7.08820040e-16,0.012026
2717,0.712372,0.288686,0.00000000e+00,0.000000,0.000000,0.000000e+00,1.98075915e-16,0.003361
2718,0.709217,0.345434,0.00000000e+00,0.000000,0.000000,0.000000e+00,3.49059631e-16,0.005922
2719,0.677397,0.274003,0.00000000e+00,0.000000,0.000000,0.000000e+00,2.25303088e-16,0.003823
2720,0.455678,0.850136,0.00000000e+00,0.000000,0.000000,0.000000e+00,3.66955478e-16,0.006226
2721,0.700279,0.481480,0.00000000e+00,0.000000,0.000000,0.000000e+00,3.98068163e-16,0.006754
2722,0.568916,0.179178,0.00000000e+00,0.000000,0.000000,0.000000e+00,4.58219043e-16,0.007774
2723,0.568916,0.179178,0.00000000e+00,0.000000,0.000000,0.000000e+00,6.06625621e-16,0.010292
2724,0.417985,0.835290,0.00000000e+00,0.000000,0.000000,0.000000e+00,6.07140723e-16,0.010301
2725,0.435553,0.832438,0.00000000e+00,0.000000,0.000000,0.000000e+00,7.19035946e-16,0.012199
2726,0.702280,0.644410,0.00000000e+00,0.000000,0.000000,0.000000e+00,1.90360821e-16,0.003230
2727,0.317926,0.721436,0.00000000e+00,0.000000,0.000000,0.000000e+00,8.85133124e-16,0.015017
2728,0.755285,0.550116,0.00000000e+00,0.000000,0.000000,0.000000e+00,2.56416143e-16,0.004350
2729,0.694396,0.282698,0.00000000e+00,0.000000,0.000000,0.000000e+00,2.36522092e-16,0.004013
2730,0.741198,0.721298,0.00000000e+00,0.000000,0.000000,0.000000e+00,1.20189211e-16,0.002039
2731,0.663483,0.725901,0.00000000e+00,0.000000,0.000000,0.000000e+00,3.27137227e-16,0.005550
2732,0.671315,0.707771,0.00000000e+00,0.000000,0.000000,0.000000e+00,1.75809735e-16,0.002983
2733,0.786671,0.490182,0.00000000e+00,0.000000,0.000000,0.000000e+00,2.32491565e-16,0.003944
2734,0.509444,0.137637,0.00000000e+00,0.000000,0.000000,0.000000e+00,6.40022383e-16,0.010859
2735,0.671315,0.707771,0.00000000e+00,0.000000,0.000000,0.000000e+00,2.98015863e-16,0.005056
2736,0.651224,0.626382,0.00000000e+00,0.000000,0.000000,0.000000e+00,9.43439167e-16,0.016006
2737,0.457203,0.800383,0.00000000e+00,0.000000,0.000000,0.000000e+00,7.70178207e-16,0.013067
2738,0.562023,0.232098,0.00000000e+00,0.000000,0.000000,0.000000e+00,8.08452979e-16,0.013716
2739,0.757955,0.412346,0.00000000e+00,0.000000,0.000000,0.000000e+00,4.66469567e-16,0.007914
2740,0.736435,0.395805,0.00000000e+00,0.000000,0.000000,0.000000e+00,2.97633058e-16,0.005050
2741,0.417290,0.248355,0.00000000e+00,0.000000,0.000000,0.000000e+00,1.09055418e-15,0.018502
2742,0.457761,0.776997,0.00000000e+00,0.000000,0.000000,0.000000e+00,6.85347169e-16,0.011628
2743,0.459467,0.749945,0.00000000e+00,0.000000,0.000000,0.000000e+00,6.14053359e-16,0.010418
2744,0.430856,0.814246,0.00000000e+00,0.000000,0.000000,0.000000e+00,6.97022036e-16,0.011826
2745,0.413096,0.813815,0.00000000e+00,0.000000,0.000000,0.000000e+00,7.49220441e-16,0.012711
2746,0.681017,0.486143,0.00000000e+00,0.000000,0.000000,0.000000e+00,5.51918039e-16,0.009364
2747,0.794966,0.772026,0.00000000e+00,0.000000,0.000000,0.000000e+00,6.81943579e-17,0.001157
2748,0.779068,0.534384,0.00000000e+00,0.000000,0.000000,0.000000e+00,3.16457147e-16,0.005369
2749,0.707860,0.455699,0.00000000e+00,0.000000,0.000000,0.000000e+00,6.28428355e-16,0.010662
2750,0.717621,0.327887,0.00000000e+00,0.000000,0.000000,0.000000e+00,3.52829589e-16,0.005986
2751,0.540741,0.200746,0.00000000e+00,0.000000,0.000000,0.000000e+00,7.39964224e-16,0.012554
2752,0.694933,0.715269,0.00000000e+00,0.000000,0.000000,0.000000e+00,2.37311712e-16,0.004026
2753,0.663483,0.725901,0.00000000e+00,0.000000,0.000000,0.000000e+00,3.62200023e-16,0.006145
2754,0.712895,0.582962,0.00000000e+00,0.000000,0.000000,0.000000e+00,1.94544688e-16,0.003301
2755,0.740931,0.639204,0.00000000e+00,0.000000,0.000000,0.000000e+00,1.45705271e-16,0.002472
2756,0.703736,0.267913,0.00000000e+00,0.000000,0.000000,0.000000e+00,2.09529984e-16,0.003555
2757,0.747611,0.673695,0.00000000e+00,0.000000,0.000000,0.000000e+00,7.71452528e-17,0.001309
2758,0.545442,0.244349,0.00000000e+00,0.000000,0.000000,0.000000e+00,9.19180990e-16,0.015595
2759,0.517102,0.240459,0.00000000e+00,0.000000,0.000000,0.000000e+00,9.95788979e-16,0.016895
2760,0.677397,0.274003,0.00000000e+00,0.000000,0.000000,0.000000e+00,2.84858742e-16,0.004833
2761,0.607356,0.786299,0.00000000e+00,0.000000,0.000000,0.000000e+00,2.84305259e-16,0.004824
2762,0.756918,0.382905,0.00000000e+00,0.000000,0.000000,0.000000e+00,2.01418400e-16,0.003417
2763,0.726962,0.509559,0.00000000e+00,0.000000,0.000000,0.000000e+00,3.08019402e-16,0.005226
2764,0.751095,0.579262,0.00000000e+00,0.000000,0.000000,0.000000e+00,2.03752902e-16,0.003457
2765,0.768494,0.572264,0.00000000e+00,0.000000,0.000000,0.000000e+00,2.99219127e-16,0.005077
2766,0.498400,0.252714,0.00000000e+00,0.000000,0.000000,0.000000e+00,1.07822053e-15,0.018293
2767,0.653878,0.653372,0.00000000e+00,0.000000,0.000000,0.000000e+00,4.99671035e-16,0.008477
2768,0.755285,0.550116,0.00000000e+00,0.000000,0.000000,0.000000e+00,5.20904563e-16,0.008838
2769,0.765828,0.510499,0.00000000e+00,0.000000,0.000000,0.000000e+00,2.48307206e-16,0.004213
2770,0.798547,0.233325,0.00000000e+00,0.000000,0.000000,0.000000e+00,5.65492761e-17,0.000959
2771,0.749071,0.811472,0.00000000e+00,0.000000,0.000000,0.000000e+00,1.21665523e-16,0.002064
2772,0.737430,0.816596,0.00000000e+00,0.000000,0.000000,0.000000e+00,1.32549751e-16,0.002249
2773,0.209657,0.262177,0.00000000e+00,0.000000,0.000000,0.000000e+00,1.92346478e-16,0.003263
2774,0.747588,0.354779,0.00000000e+00,0.000000,0.000000,0.000000e+00,1.54323447e-16,0.002618
2775,0.591872,0.201764,0.00000000e+00,0.000000,0.000000,0.000000e+00,5.63230694e-16,0.009556
2776,0.643482,0.715737,0.00000000e+00,0.000000,0.000000,0.000000e+00,3.44252242e-16,0.005841
2777,0.696426,0.524154,0.00000000e+00,0.000000,0.000000,0.000000e+00,3.32620918e-16,0.005643
2778,0.751343,0.494239,0.00000000e+00,0.000000,0.000000,0.000000e+00,2.21344665e-16,0.003755
2779,0.620659,0.623773,0.00000000e+00,0.000000,0.000000,0.000000e+00,8.26908503e-16,0.014029
2780,0.653878,0.653372,0.00000000e+00,0.000000,0.000000,0.000000e+00,6.88320149e-16,0.011678
2781,0.702280,0.644410,0.00000000e+00,0.000000,0.000000,0.000000e+00,2.22185609e-16,0.003770
2782,0.704265,0.543543,0.00000000e+00,0.000000,0.000000,0.000000e+00,2.38258192e-16,0.004042
2783,0.726402,0.659246,0.00000000e+00,0.000000,0.000000,0.000000e+00,2.63258766e-16,0.004466
2784,0.705442,0.499646,0.00000000e+00,0.000000,0.000000,0.000000e+00,2.68347317e-16,0.004553
2785,0.683730,0.673314,0.00000000e+00,0.000000,0.000000,0.000000e+00,3.99452823e-16,0.006777
2786,0.697231,0.679955,0.00000000e+00,0.000000,0.000000,0.000000e+00,3.48208283e-16,0.005908
2787,0.744925,0.562920,0.00000000e+00,0.000000,0.000000,0.000000e+00,4.78224267e-16,0.008114
2788,0.209657,0.262177,0.00000000e+00,0.000000,0.000000,0.000000e+00,2.44669914e-16,0.004151
2789,0.468209,0.814702,0.00000000e+00,0.000000,0.000000,0.000000e+00,8.19146505e-16,0.013898
2790,0.707785,0.664741,0.00000000e+00,0.000000,0.000000,0.000000e+00,3.08495832e-16,0.005234
2791,0.678003,0.650343,0.00000000e+00,0.000000,0.000000,0.000000e+00,6.13696599e-16,0.010412
2792,0.741054,0.521589,0.00000000e+00,0.000000,0.000000,0.000000e+00,4.25260170e-16,0.007215
2793,0.704265,0.543543,0.00000000e+00,0.000000,0.000000,0.000000e+00,2.09804913e-16,0.003560
2794,0.739210,0.485268,0.00000000e+00,0.000000,0.000000,0.000000e+00,1.88526916e-16,0.003199
2795,0.723064,0.688424,0.00000000e+00,0.000000,0.000000,0.000000e+00,1.36966313e-16,0.002324
2796,0.662652,0.261982,0.00000000e+00,0.000000,0.000000,0.000000e+00,2.90935753e-16,0.004936
2797,0.670398,0.604193,0.00000000e+00,0.000000,0.000000,0.000000e+00,2.12275245e-16,0.003601
2798,0.663203,0.614279,0.00000000e+00,0.000000,0.000000,0.000000e+00,8.48826328e-16,0.014401
2799,0.663203,0.614279,0.00000000e+00,0.000000,0.000000,0.000000e+00,7.84909857e-16,0.013317
2800,0.695165,0.585109,0.00000000e+00,0.000000,0.000000,0.000000e+00,2.15317880e-16,0.003653
2801,0.682364,0.605050,0.00000000e+00,0.000000,0.000000,0.000000e+00,2.76014236e-16,0.004683
2802,0.716383,0.602750,0.00000000e+00,0.000000,0.000000,0.000000e+00,1.85992593e-16,0.003156
2803,0.708938,0.563085,0.00000000e+00,0.000000,0.000000,0.000000e+00,2.00762717e-16,0.003406
2804,0.712895,0.582962,0.00000000e+00,0.000000,0.000000,0.000000e+00,2.07406327e-16,0.003519
2805,0.684097,0.548044,0.00000000e+00,0.000000,0.000000,0.000000e+00,2.05715927e-16,0.003490
2806,0.546828,0.130578,0.00000000e+00,0.000000,0.000000,0.000000e+00,5.89224123e-16,0.009997
2807,0.588949,0.126703,0.00000000e+00,0.000000,0.000000,0.000000e+00,6.34737903e-16,0.010769
2808,0.807366,0.670738,0.00000000e+00,0.000000,0.000000,0.000000e+00,1.19759156e-16,0.002032
2809,0.398404,0.245429,0.00000000e+00,0.000000,0.000000,0.000000e+00,5.49192923e-16,0.009318
2810,0.594374,0.168105,0.00000000e+00,0.000000,0.000000,0.000000e+00,3.09191749e-16,0.005246
2811,0.459576,0.951592,0.00000000e+00,0.000000,0.000000,0.000000e+00,2.82490252e-16,0.004793
2812,0.464133,0.458412,0.00000000e+00,0.000000,0.000000,0.000000e+00,6.44095542e-15,0.109278
2813,0.542464,0.524603,0.00000000e+00,0.000000,0.000000,0.000000e+00,7.56643182e-15,0.128372
2814,0.525583,0.533591,0.00000000e+00,0.000000,0.000000,0.000000e+00,1.48473652e-15,0.025190
2815,0.468360,0.932813,0.00000000e+00,0.000000,0.000000,0.000000e+00,3.78586564e-16,0.006423
2816,0.495807,0.044336,0.00000000e+00,0.000000,0.000000,0.000000e+00,4.59009325e-16,0.007788
2817,0.442030,0.067495,0.00000000e+00,0.000000,0.000000,0.000000e+00,6.22716018e-16,0.010565
2818,0.916566,0.930481,0.00000000e+00,0.000000,0.000000,0.000000e+00,1.03327200e-16,0.001753
2819,0.350344,0.443294,0.00000000e+00,0.000000,0.000000,0.000000e+00,1.07486512e-15,0.018236
2820,0.903366,0.088456,0.00000000e+00,0.000000,0.000000,0.000000e+00,1.76092260e-16,0.002988
2821,0.922078,0.092525,0.00000000e+00,0.000000,0.000000,0.000000e+00,1.50404980e-16,0.002552
2822,0.401279,0.927298,0.00000000e+00,0.000000,0.000000,0.000000e+00,7.03928795e-16,0.011943
2823,0.443922,0.950688,0.00000000e+00,0.000000,0.000000,0.000000e+00,4.28846084e-16,0.007276
2824,0.084481,0.898857,0.00000000e+00,0.000000,0.000000,0.000000e+00,1.25810121e-16,0.002134
2825,0.627405,0.944900,0.00000000e+00,0.000000,0.000000,0.000000e+00,2.54333554e-16,0.004315
2826,0.574220,0.591791,0.00000000e+00,0.000000,0.000000,0.000000e+00,9.42456397e-16,0.015990
2827,0.538257,0.114015,0.00000000e+00,0.000000,0.000000,0.000000e+00,6.13581456e-16,0.010410
2828,0.468173,0.591672,0.00000000e+00,0.000000,0.000000,0.000000e+00,1.83077002e-15,0.031061
2829,0.057103,0.163476,0.00000000e+00,0.000000,0.000000,0.000000e+00,1.11735584e-16,0.001896
2830,0.310523,0.867091,0.00000000e+00,0.000000,0.000000,0.000000e+00,7.47480689e-16,0.012682
2831,0.879922,0.202574,0.00000000e+00,0.000000,0.000000,0.000000e+00,1.78861859e-17,0.000303
2832,0.866512,0.689300,0.00000000e+00,0.000000,0.000000,0.000000e+00,1.10118134e-16,0.001868
2833,0.795602,0.879596,0.00000000e+00,0.000000,0.000000,0.000000e+00,1.29402944e-16,0.002195
2834,0.906290,0.527810,0.00000000e+00,0.000000,0.000000,0.000000e+00,4.95440787e-17,0.000841
2835,0.578457,0.608893,0.00000000e+00,0.000000,0.000000,0.000000e+00,9.57091114e-16,0.016238
2836,0.153658,0.069891,0.00000000e+00,0.000000,0.000000,0.000000e+00,1.06933582e-16,0.001814
2837,0.850038,0.114485,0.00000000e+00,0.000000,0.000000,0.000000e+00,3.11451467e-17,0.000528
2838,0.619145,0.909421,0.00000000e+00,0.000000,0.000000,0.000000e+00,2.36949314e-16,0.004020
2839,0.647497,0.927903,0.00000000e+00,0.000000,0.000000,0.000000e+00,1.48345856e-16,0.002517
2840,0.692382,0.077420,0.00000000e+00,0.000000,0.000000,0.000000e+00,3.52283041e-16,0.005977
2841,0.450718,0.903303,0.00000000e+00,0.000000,0.000000,0.000000e+00,6.13391455e-16,0.010407
2842,0.101670,0.125827,0.00000000e+00,0.000000,0.000000,0.000000e+00,3.16922301e-16,0.005377
2843,0.421677,0.595959,0.00000000e+00,0.000000,0.000000,0.000000e+00,1.83558689e-15,0.031143
2844,0.924016,0.351509,0.00000000e+00,0.000000,0.000000,0.000000e+00,6.03867589e-17,0.001025
2845,0.900662,0.312153,0.00000000e+00,0.000000,0.000000,0.000000e+00,1.03071495e-16,0.001749
2846,0.916701,0.304146,0.00000000e+00,0.000000,0.000000,0.000000e+00,1.54954474e-16,0.002629
2847,0.900618,0.325525,0.00000000e+00,0.000000,0.000000,0.000000e+00,9.63114975e-17,0.001634
2848,0.348848,0.864704,0.00000000e+00,0.000000,0.000000,0.000000e+00,6.96896781e-16,0.011824
2849,0.166620,0.114982,0.00000000e+00,0.000000,0.000000,0.000000e+00,2.28829259e-16,0.003882
2850,0.353132,0.595427,0.00000000e+00,0.000000,0.000000,0.000000e+00,1.63545640e-15,0.027747
2851,0.645391,0.586878,0.00000000e+00,0.000000,0.000000,0.000000e+00,7.43330121e-16,0.012611
2852,0.353442,0.337608,0.00000000e+00,0.000000,0.000000,0.000000e+00,4.32921583e-16,0.007345
2853,0.205202,0.380548,0.00000000e+00,0.000000,0.000000,0.000000e+00,2.65504383e-16,0.004505
2854,0.470257,0.166663,0.00000000e+00,0.000000,0.000000,0.000000e+00,6.39470065e-16,0.010849
2855,0.488771,0.164557,0.00000000e+00,0.000000,0.000000,0.000000e+00,5.37958142e-16,0.009127
2856,0.417838,0.895899,0.00000000e+00,0.000000,0.000000,0.000000e+00,6.58001663e-16,0.011164
2857,0.867979,0.811879,0.00000000e+00,0.000000,0.000000,0.000000e+00,5.22375740e-17,0.000886
2858,0.134750,0.683442,0.00000000e+00,0.000000,0.000000,0.000000e+00,1.60880687e-16,0.002730
2859,0.518089,0.775921,0.00000000e+00,0.000000,0.000000,0.000000e+00,6.76231983e-16,0.011473
2860,0.117738,0.314979,0.00000000e+00,0.000000,0.000000,0.000000e+00,2.05011328e-16,0.003478
2861,0.585923,0.183411,0.00000000e+00,0.000000,0.000000,0.000000e+00,2.88729418e-16,0.004899
2862,0.842822,0.790470,0.00000000e+00,0.000000,0.000000,0.000000e+00,7.12614046e-17,0.001209
2863,0.682264,0.471323,0.00000000e+00,0.000000,0.000000,0.000000e+00,4.70048864e-16,0.007975
2864,0.472512,0.201202,0.00000000e+00,0.000000,0.000000,0.000000e+00,8.79681303e-16,0.014925
2865,0.797474,0.152975,0.00000000e+00,0.000000,0.000000,0.000000e+00,3.39619945e-17,0.000576
2866,0.828969,0.367759,0.00000000e+00,0.000000,0.000000,0.000000e+00,1.98905822e-16,0.003375
2867,0.326009,0.130957,0.00000000e+00,0.000000,0.000000,0.000000e+00,2.33431745e-16,0.003960
2868,0.823839,0.356555,0.00000000e+00,0.000000,0.000000,0.000000e+00,2.13276768e-16,0.003618
2869,0.848108,0.563940,0.00000000e+00,0.000000,0.000000,0.000000e+00,1.06076510e-16,0.001800
2870,0.505612,0.767452,0.00000000e+00,0.000000,0.000000,0.000000e+00,7.08963242e-16,0.012028
2871,0.713489,0.429183,0.00000000e+00,0.000000,0.000000,0.000000e+00,5.86111859e-16,0.009944
2872,0.166723,0.685680,0.00000000e+00,0.000000,0.000000,0.000000e+00,2.10626680e-16,0.003574
2873,0.670398,0.604193,0.00000000e+00,0.000000,0.000000,0.000000e+00,6.31502608e-16,0.010714
2874,0.823839,0.356555,0.00000000e+00,0.000000,0.000000,0.000000e+00,1.63468663e-16,0.002773
2875,0.692807,0.464671,0.00000000e+00,0.000000,0.000000,0.000000e+00,6.37769222e-16,0.010820
2876,0.811557,0.165610,0.00000000e+00,0.000000,0.000000,0.000000e+00,6.49854067e-17,0.001103
2877,0.359113,0.129169,0.00000000e+00,0.000000,0.000000,0.000000e+00,3.14318336e-16,0.005333
2878,0.364391,0.157990,0.00000000e+00,0.000000,0.000000,0.000000e+00,6.59918393e-16,0.011196
2879,0.173754,0.372880,0.00000000e+00,0.000000,0.000000,0.000000e+00,1.43710257e-16,0.002438
2880,0.149965,0.673179,0.00000000e+00,0.000000,0.000000,0.000000e+00,1.06640436e-16,0.001809
2881,0.150166,0.697087,0.00000000e+00,0.000000,0.000000,0.000000e+00,2.39372993e-16,0.004061
2882,0.793147,0.404796,0.00000000e+00,0.000000,0.000000,0.000000e+00,9.72141302e-17,0.001649
2883,0.486780,0.770500,0.00000000e+00,0.000000,0.000000,0.000000e+00,7.11966979e-16,0.012079
2884,0.384370,0.762151,0.00000000e+00,0.000000,0.000000,0.000000e+00,7.77081314e-16,0.013184
2885,0.331886,0.260385,0.00000000e+00,0.000000,0.000000,0.000000e+00,9.35101822e-16,0.015865
2886,0.795214,0.357162,0.00000000e+00,0.000000,0.000000,0.000000e+00,1.51062887e-16,0.002563
2887,0.718012,0.378969,0.00000000e+00,0.000000,0.000000,0.000000e+00,4.01148186e-16,0.006806
2888,0.390569,0.200675,0.00000000e+00,0.000000,0.000000,0.000000e+00,3.35609541e-16,0.005694
2889,0.635297,0.323326,0.00000000e+00,0.000000,0.000000,0.000000e+00,2.79221632e-16,0.004737
2890,0.333552,0.147171,0.00000000e+00,0.000000,0.000000,0.000000e+00,5.42128085e-16,0.009198
2891,0.265113,0.277945,0.00000000e+00,0.000000,0.000000,0.000000e+00,2.97578530e-16,0.005049
2892,0.803312,0.532591,0.00000000e+00,0.000000,0.000000,0.000000e+00,3.18765656e-16,0.005408
2893,0.432035,0.700665,0.00000000e+00,0.000000,0.000000,0.000000e+00,8.13378369e-16,0.013800
2894,0.786671,0.490182,0.00000000e+00,0.000000,0.000000,0.000000e+00,1.59429587e-16,0.002705
2895,0.392626,0.213836,0.00000000e+00,0.000000,0.000000,0.000000e+00,4.74280482e-16,0.008047
2896,0.718614,0.696763,0.00000000e+00,0.000000,0.000000,0.000000e+00,1.70668867e-16,0.002896
2897,0.432035,0.700665,0.00000000e+00,0.000000,0.000000,0.000000e+00,7.15217627e-16,0.012134
2898,0.751900,0.340171,0.00000000e+00,0.000000,0.000000,0.000000e+00,2.27292053e-16,0.003856
2899,0.785853,0.327589,0.00000000e+00,0.000000,0.000000,0.000000e+00,2.52985527e-16,0.004292
2900,0.746118,0.314586,0.00000000e+00,0.000000,0.000000,0.000000e+00,2.91619335e-16,0.004948
2901,0.386653,0.188802,0.00000000e+00,0.000000,0.000000,0.000000e+00,3.73593834e-16,0.006338
2902,0.311104,0.732307,0.00000000e+00,0.000000,0.000000,0.000000e+00,2.66324682e-16,0.004518
2903,0.522275,0.285056,0.00000000e+00,0.000000,0.000000,0.000000e+00,1.10319297e-15,0.018717
2904,0.489755,0.284836,0.00000000e+00,0.000000,0.000000,0.000000e+00,7.92566929e-16,0.013447
2905,0.762254,0.303772,0.00000000e+00,0.000000,0.000000,0.000000e+00,2.33370732e-16,0.003959
2906,0.718614,0.696763,0.00000000e+00,0.000000,0.000000,0.000000e+00,2.02894116e-16,0.003442
