quantity,min,max,below_zero_count,above_one_count
SDV14,0.0,1.0104920864105225,0,57
SDV15,0.0,1.0104930400848389,0,57
SDV16,0.0,337.7801818847656,,
