{
  "a1_active_bound_error": 0.0,
  "a1_active_nodes": 6374,
  "a1_free_nodes": 227,
  "a1_free_residual_infinity_norm": 2.117582368135751e-21,
  "a1_iterations": 7,
  "a1_minimum_active_multiplier": -9.99696348887624e-09,
  "a1_non_positive_detJ": 0,
  "a1_phase_decrease_violations": 0,
  "classification": "stage_d_final_metrics_frozen",
  "corrected_mechanical_restart": "unproven",
  "d1_history_l2_error": 0.010797382113372963,
  "d1_history_max_error": 0.02339821172158782,
  "d1_phase_l2_error": 0.02703721036584061,
  "d1_phase_max_error": 0.084997257868485,
  "d3d_endpoint_violating_active_nodes": 3157,
  "d3d_initial_violating_active_nodes": 30,
  "d3d_minimum_active_multiplier": -1.8326844734391126e-07,
  "r4_energy_release_jump": 1.274588415279448e-05,
  "r4_rf_release_jump": 0.00022925812346655326,
  "r4_sdv15_max_transfer_error": 1.3877787807814457e-17,
  "r4_sdv16_max_transfer_error": 0.0,
  "source_commit": "26eba75a218fbf85670761d757967de32a5df15b"
}
