1

   Abaqus 2023                                  Date 12-Aug-2026   Time 11:13:26
   For use by TECHNISCHE UNIVERSITAET BERGAKADEMIE FREIBERG under license from Dassault Systemes or its subsidiary.



                         The Abaqus Software is a product of:

                           Dassault Systemes SIMULIA Corp.
                           1301 Atwood Avenue, Suite 101W
                              Johnston, RI 02919, USA
 


                   The Abaqus Software is available only under license
                   from Dassault Systemes or its subsidiary and may be
                   used or reproduced only in accordance with the terms
                   of such license.
 
                          On machine mnode104.cluster 
                          you are authorized to run
                          Abaqus/Standard until 30-Nov-2026

                          Your site id is: 200000000053187 


 
                    For assistance or any other information you may
                    obtain contact information for your local office
                    from the world wide web at:

                      http://www.3ds.com/products/simulia/locations/

 
                * * * * * * * * * * * * * * * * * * * * * * * * * * * * * * 
                *                                                         * 
                *                   *****************                     * 
                *                   *  N O T I C E  *                     * 
                *                   *****************                     * 
                *                                                         * 
                *                                                         * 
                *                       Abaqus 2023                       * 
                *                                                         * 
                *          BUILD ID: 2022_09_28-20.11.55 183150           * 
                *                                                         * 
                *                                                         * 
                *  Please make sure you are using                         * 
                *  release Abaqus 2023 manuals                            * 
                *  plus the notes accompanying this release.              * 
                *                                                         * 
                *                                                         * 
                *                                                         * 
                *                                                         * 
                *                                                         * 
                *   This program may not be used for commercial purposes  * 
                *           without payment of a commercial fee.          * 
                *                                                         * 
                * * * * * * * * * * * * * * * * * * * * * * * * * * * * * * 


 



     PROCESSING PART, INSTANCE, AND ASSEMBLY INFORMATION
   *******************************************************


     END PROCESSING PART, INSTANCE, AND ASSEMBLY INFORMATION
   ***********************************************************




     OPTIONS BEING PROCESSED
   ***************************


  *USER ELEMENT, TYPE=U1, NODES=4, COORDINATES=2, PROPERTIES=3, VARIABLES=18
  *USER ELEMENT, TYPE=U2, NODES=4, COORDINATES=2, PROPERTIES=5, VARIABLES=18
  *USER ELEMENT, TYPE=U3, NODES=3, COORDINATES=2, PROPERTIES=3, VARIABLES=18
  *USER ELEMENT, TYPE=U4, NODES=3, COORDINATES=2, PROPERTIES=5, VARIABLES=18
  *HEADING
          M2STATE_INGEST_SMOKE1R10: Minimal Solver Ingestion Qualification Fixture                                                                                                                                                                                                                                                                                                                                                                                                                                                        
  *NODE
  *ELEMENT, TYPE=U1, ELSET=E_U1
  *ELEMENT, TYPE=CPE4, ELSET=E_CPE4_1
  *ELEMENT, TYPE=U3, ELSET=E_U3
  *ELEMENT, TYPE=CPE3, ELSET=E_CPE3_1
  *ELEMENT, TYPE=U2, ELSET=E_U2
  *ELEMENT, TYPE=CPE4, ELSET=E_CPE4_2
  *ELEMENT, TYPE=U4, ELSET=E_U4
  *ELEMENT, TYPE=CPE3, ELSET=E_CPE3_2
  *ELSET, ELSET=E_QUAD_UMAT
  *ELSET, ELSET=E_TRI_UMAT
  *ELSET, ELSET=E_ALL_UEL
  *MATERIAL, NAME=MAT_DUMMY
  *ELASTIC
  *INITIAL CONDITIONS, TYPE=SOLUTION
  *SOLID SECTION, ELSET=E_QUAD_UMAT, MATERIAL=MAT_DUMMY
  *SOLID SECTION, ELSET=E_TRI_UMAT, MATERIAL=MAT_DUMMY
  *USER ELEMENT, TYPE=U1, NODES=4, COORDINATES=2, PROPERTIES=3, VARIABLES=18
  *USER ELEMENT, TYPE=U2, NODES=4, COORDINATES=2, PROPERTIES=5, VARIABLES=18
  *USER ELEMENT, TYPE=U3, NODES=3, COORDINATES=2, PROPERTIES=3, VARIABLES=18
  *USER ELEMENT, TYPE=U4, NODES=3, COORDINATES=2, PROPERTIES=5, VARIABLES=18
  *SOLID SECTION, ELSET=E_QUAD_UMAT, MATERIAL=MAT_DUMMY
  *SOLID SECTION, ELSET=E_TRI_UMAT, MATERIAL=MAT_DUMMY
  *INITIAL CONDITIONS, TYPE=SOLUTION
  *BOUNDARY
  *BOUNDARY, OP=NEW
  *BOUNDARY
  *UEL PROPERTY, ELSET=E_U1
  *UEL PROPERTY, ELSET=E_U2
  *UEL PROPERTY, ELSET=E_U3
  *UEL PROPERTY, ELSET=E_U4
  *INITIAL CONDITIONS, TYPE=SOLUTION
  *INITIAL CONDITIONS, TYPE=SOLUTION
  *INITIAL CONDITIONS, TYPE=SOLUTION
  *STEP, NAME=Step-1-PhaseInit, NLGEOM=NO
  *STEP, NAME=Step-2-IngestProbe, NLGEOM=NO
  *STEP, NAME=Step-1-PhaseInit, NLGEOM=NO
  *STEP, NAME=Step-2-IngestProbe, NLGEOM=NO
  *STEP, NAME=Step-1-PhaseInit, NLGEOM=NO
  *STATIC
  *BOUNDARY
  *END STEP

 ***WARNING: THE *ELEMENT OUTPUT OPTION IS NOT SUPPORTED FOR USER ELEMENTS

 ***WARNING: THE *ELEMENT OUTPUT OPTION IS NOT SUPPORTED FOR USER ELEMENTS

 ***WARNING: THE *ELEMENT OUTPUT OPTION IS NOT SUPPORTED FOR USER ELEMENTS

 ***WARNING: THE *ELEMENT OUTPUT OPTION IS NOT SUPPORTED FOR USER ELEMENTS
  *STEP, NAME=Step-2-IngestProbe, NLGEOM=NO
  *STATIC
  *BOUNDARY, OP=NEW
  *NODE FILE
  *EL FILE

 ***WARNING: OUTPUT VARIABLE SDV HAS NO COMPONENTS IN THIS ANALYSIS FOR ELEMENT 
             TYPE CPE4

 ***WARNING: OUTPUT VARIABLE SDV HAS NO COMPONENTS IN THIS ANALYSIS FOR ELEMENT 
             TYPE CPE3
  *END STEP

 ***WARNING: THE *ELEMENT OUTPUT OPTION IS NOT SUPPORTED FOR USER ELEMENTS

 ***WARNING: THE *ELEMENT OUTPUT OPTION IS NOT SUPPORTED FOR USER ELEMENTS

 ***WARNING: THE *ELEMENT OUTPUT OPTION IS NOT SUPPORTED FOR USER ELEMENTS

 ***WARNING: THE *ELEMENT OUTPUT OPTION IS NOT SUPPORTED FOR USER ELEMENTS
  *STEP, NAME=Step-1-PhaseInit, NLGEOM=NO
  *STATIC
  *BOUNDARY
  *END STEP
  *STEP, NAME=Step-2-IngestProbe, NLGEOM=NO
  *STATIC
  *BOUNDARY, OP=NEW
  *END STEP



                            P R O B L E M   S I Z E


          NUMBER OF ELEMENTS IS                                    16
          NUMBER OF NODES IS                                        8
          NUMBER OF NODES DEFINED BY THE USER                       8
          TOTAL NUMBER OF VARIABLES IN THE MODEL                   24
          (DEGREES OF FREEDOM PLUS MAX NO. OF ANY LAGRANGE MULTIPLIER
           VARIABLES. INCLUDE *PRINT,SOLVE=YES TO GET THE ACTUAL NUMBER.)



                              END OF USER INPUT PROCESSING



     JOB TIME SUMMARY
       USER TIME (SEC)      =     0.13    
       SYSTEM TIME (SEC)    =     2.00E-02
       TOTAL CPU TIME (SEC) =     0.15    
       WALLCLOCK TIME (SEC) =            0
1

   Abaqus 2023                                  Date 12-Aug-2026   Time 11:13:27
   For use by TECHNISCHE UNIVERSITAET BERGAKADEMIE FREIBERG under license from Dassault Systemes or its subsidiary.

     M2STATE_INGEST_SMOKE1R10: Minimal Solver Ingestion Qualification Fixture                  STEP    1  INCREMENT    1
                                                                                          TIME COMPLETED IN THIS STEP   0.00    


                        A N A L Y S I S    D A T A C H E C K


[INGEST_TRACE] ELEM=    1 JTYPE=1 KSTEP=1 KINC= 1 IP=1 U_NODES= 0.00000, 0.00000, 0.00000, 0.00000 SV_H= 0.1100E-03 HIST= 0.1100E-03 PH= 0.00000 SDV15= 0.00000
[INGEST_TRACE] ELEM=    1 JTYPE=1 KSTEP=1 KINC= 1 IP=2 U_NODES= 0.00000, 0.00000, 0.00000, 0.00000 SV_H= 0.1200E-03 HIST= 0.1200E-03 PH= 0.00000 SDV15= 0.00000
[INGEST_TRACE] ELEM=    1 JTYPE=1 KSTEP=1 KINC= 1 IP=3 U_NODES= 0.00000, 0.00000, 0.00000, 0.00000 SV_H= 0.1300E-03 HIST= 0.1300E-03 PH= 0.00000 SDV15= 0.00000
[INGEST_TRACE] ELEM=    1 JTYPE=1 KSTEP=1 KINC= 1 IP=4 U_NODES= 0.00000, 0.00000, 0.00000, 0.00000 SV_H= 0.1400E-03 HIST= 0.1400E-03 PH= 0.00000 SDV15= 0.00000
[INGEST_TRACE] ELEM=    2 JTYPE=1 KSTEP=1 KINC= 1 IP=1 U_NODES= 0.00000, 0.00000, 0.00000, 0.00000 SV_H= 0.2100E-03 HIST= 0.2100E-03 PH= 0.00000 SDV15= 0.00000
[INGEST_TRACE] ELEM=    2 JTYPE=1 KSTEP=1 KINC= 1 IP=2 U_NODES= 0.00000, 0.00000, 0.00000, 0.00000 SV_H= 0.2200E-03 HIST= 0.2200E-03 PH= 0.00000 SDV15= 0.00000
[INGEST_TRACE] ELEM=    2 JTYPE=1 KSTEP=1 KINC= 1 IP=3 U_NODES= 0.00000, 0.00000, 0.00000, 0.00000 SV_H= 0.2300E-03 HIST= 0.2300E-03 PH= 0.00000 SDV15= 0.00000
[INGEST_TRACE] ELEM=    2 JTYPE=1 KSTEP=1 KINC= 1 IP=4 U_NODES= 0.00000, 0.00000, 0.00000, 0.00000 SV_H= 0.2400E-03 HIST= 0.2400E-03 PH= 0.00000 SDV15= 0.00000
[INGEST_TRACE] ELEM=    5 JTYPE=3 KSTEP=1 KINC= 1 IP=1 U_NODES= 0.00000, 0.00000, 0.00000 SV_H= 0.3100E-03 HIST= 0.3100E-03 PH= 0.00000 SDV15= 0.00000
[INGEST_TRACE] ELEM=    5 JTYPE=3 KSTEP=1 KINC= 1 IP=2 U_NODES= 0.00000, 0.00000, 0.00000 SV_H= 0.3200E-03 HIST= 0.3200E-03 PH= 0.00000 SDV15= 0.00000
[INGEST_TRACE] ELEM=    5 JTYPE=3 KSTEP=1 KINC= 1 IP=3 U_NODES= 0.00000, 0.00000, 0.00000 SV_H= 0.3300E-03 HIST= 0.3300E-03 PH= 0.00000 SDV15= 0.00000
[INGEST_TRACE] ELEM=    6 JTYPE=3 KSTEP=1 KINC= 1 IP=1 U_NODES= 0.00000, 0.00000, 0.00000 SV_H= 0.4100E-03 HIST= 0.4100E-03 PH= 0.00000 SDV15= 0.00000
[INGEST_TRACE] ELEM=    6 JTYPE=3 KSTEP=1 KINC= 1 IP=2 U_NODES= 0.00000, 0.00000, 0.00000 SV_H= 0.4200E-03 HIST= 0.4200E-03 PH= 0.00000 SDV15= 0.00000
[INGEST_TRACE] ELEM=    6 JTYPE=3 KSTEP=1 KINC= 1 IP=3 U_NODES= 0.00000, 0.00000, 0.00000 SV_H= 0.4300E-03 HIST= 0.4300E-03 PH= 0.00000 SDV15= 0.00000
[INGEST_TRACE] ELEM=    9 JTYPE=2 KSTEP=1 KINC= 1 IP=1 SV_H= 0.1100E-03 PH= 0.00000 ENG= 0.0000E+00 SDV14= 0.00000 SDV16= 0.1100E-03
[INGEST_TRACE] ELEM=    9 JTYPE=2 KSTEP=1 KINC= 1 IP=2 SV_H= 0.1200E-03 PH= 0.00000 ENG= 0.0000E+00 SDV14= 0.00000 SDV16= 0.1200E-03
[INGEST_TRACE] ELEM=    9 JTYPE=2 KSTEP=1 KINC= 1 IP=3 SV_H= 0.1300E-03 PH= 0.00000 ENG= 0.0000E+00 SDV14= 0.00000 SDV16= 0.1300E-03
[INGEST_TRACE] ELEM=    9 JTYPE=2 KSTEP=1 KINC= 1 IP=4 SV_H= 0.1400E-03 PH= 0.00000 ENG= 0.0000E+00 SDV14= 0.00000 SDV16= 0.1400E-03
[INGEST_TRACE] ELEM=   10 JTYPE=2 KSTEP=1 KINC= 1 IP=1 SV_H= 0.2100E-03 PH= 0.00000 ENG= 0.0000E+00 SDV14= 0.00000 SDV16= 0.2100E-03
[INGEST_TRACE] ELEM=   10 JTYPE=2 KSTEP=1 KINC= 1 IP=2 SV_H= 0.2200E-03 PH= 0.00000 ENG= 0.0000E+00 SDV14= 0.00000 SDV16= 0.2200E-03
[INGEST_TRACE] ELEM=   10 JTYPE=2 KSTEP=1 KINC= 1 IP=3 SV_H= 0.2300E-03 PH= 0.00000 ENG= 0.0000E+00 SDV14= 0.00000 SDV16= 0.2300E-03
[INGEST_TRACE] ELEM=   10 JTYPE=2 KSTEP=1 KINC= 1 IP=4 SV_H= 0.2400E-03 PH= 0.00000 ENG= 0.0000E+00 SDV14= 0.00000 SDV16= 0.2400E-03
[INGEST_TRACE] ELEM=   13 JTYPE=4 KSTEP=1 KINC= 1 IP=1 SV_H= 0.3100E-03 PH= 0.00000 ENG= 0.0000E+00 SDV14= 0.00000 SDV16= 0.3100E-03
[INGEST_TRACE] ELEM=   13 JTYPE=4 KSTEP=1 KINC= 1 IP=2 SV_H= 0.3200E-03 PH= 0.00000 ENG= 0.0000E+00 SDV14= 0.00000 SDV16= 0.3200E-03
[INGEST_TRACE] ELEM=   13 JTYPE=4 KSTEP=1 KINC= 1 IP=3 SV_H= 0.3300E-03 PH= 0.00000 ENG= 0.0000E+00 SDV14= 0.00000 SDV16= 0.3300E-03
[INGEST_TRACE] ELEM=   14 JTYPE=4 KSTEP=1 KINC= 1 IP=1 SV_H= 0.4100E-03 PH= 0.00000 ENG= 0.0000E+00 SDV14= 0.00000 SDV16= 0.4100E-03
[INGEST_TRACE] ELEM=   14 JTYPE=4 KSTEP=1 KINC= 1 IP=2 SV_H= 0.4200E-03 PH= 0.00000 ENG= 0.0000E+00 SDV14= 0.00000 SDV16= 0.4200E-03
[INGEST_TRACE] ELEM=   14 JTYPE=4 KSTEP=1 KINC= 1 IP=3 SV_H= 0.4300E-03 PH= 0.00000 ENG= 0.0000E+00 SDV14= 0.00000 SDV16= 0.4300E-03
  
                   M E M O R Y   E S T I M A T E
  
 PROCESS      FLOATING PT       MINIMUM MEMORY        MEMORY TO
              OPERATIONS           REQUIRED          MINIMIZE I/O
             PER ITERATION           (MB)               (MB)
  
     1          1.30E+03                7                  7
  
 NOTE:
      (1) SINCE ABAQUS DOES NOT PRE-ALLOCATE MEMORY AND ONLY ALLOCATES MEMORY AS NEEDED DURING THE ANALYSIS,
          THE MEMORY REQUIREMENT PRINTED HERE CAN ONLY BE VIEWED AS A GENERAL GUIDELINE BASED ON THE BEST
          KNOWLEDGE AVAILABLE AT THE BEGINNING OF A STEP BEFORE THE SOLUTION PROCESS HAS BEGUN.
      (2) THE ESTIMATE IS NORMALLY UPDATED AT THE BEGINNING OF EVERY STEP. IT IS THE MAXIMUM VALUE OF THE
          ESTIMATE FROM THE CURRENT STEP TO THE LAST STEP OF THE ANALYSIS, WITH UNSYMMETRIC SOLUTION TAKEN
          INTO ACCOUNT IF APPLICABLE. 
      (3) SINCE THE ESTIMATE IS BASED ON THE ACTIVE DEGREES OF FREEDOM IN THE FIRST ITERATION OF THE 
          CURRENT STEP, THE MEMORY ESTIMATE MIGHT BE SIGNIFICANTLY DIFFERENT THAN ACTUAL USAGE FOR 
          PROBLEMS WITH SUBSTANTIAL CHANGES IN ACTIVE DEGREES OF FREEDOM BETWEEN STEPS (OR EVEN WITHIN
          THE SAME STEP). EXAMPLES ARE: PROBLEMS WITH SIGNIFICANT CONTACT CHANGES, PROBLEMS WITH MODEL
          CHANGE, PROBLEMS WITH BOTH STATIC STEP AND STEADY STATE DYNAMIC PROCEDURES WHERE ACOUSTIC 
          ELEMENTS WILL ONLY BE ACTIVATED IN THE STEADY STATE DYNAMIC STEPS.
      (4) FOR MULTI-PROCESS EXECUTION, THE ESTIMATED VALUE OF FLOATING POINT OPERATIONS FOR EACH PROCESS
          IS BASED ON AN INITIAL SCHEDULING OF OPERATIONS AND MIGHT NOT REFLECT THE ACTUAL FLOATING 
          POINT OPERATIONS COMPLETED ON EACH PROCESS. OPERATIONS ARE DYNAMICALLY BALANCED DURING EXECUTION, 
          SO THE ACTUAL BALANCE OF OPERATIONS BETWEEN PROCESSES IS EXPECTED TO BE BETTER THAN THE ESTIMATE
          PRINTED HERE.
      (5) THE UPPER LIMIT OF MEMORY THAT CAN BE ALLOCATED BY ABAQUS WILL IN GENERAL DEPEND ON THE VALUE OF
          THE "MEMORY" PARAMETER AND THE AMOUNT OF PHYSICAL MEMORY AVAILABLE ON THE MACHINE. PLEASE SEE
          THE "ABAQUS ANALYSIS USER'S MANUAL" FOR MORE DETAILS. THE ACTUAL USAGE OF MEMORY AND OF DISK
          SPACE FOR SCRATCH DATA WILL DEPEND ON THIS UPPER LIMIT AS WELL AS THE MEMORY REQUIRED TO MINIMIZE
          I/O. IF THE MEMORY UPPER LIMIT IS GREATER THAN THE MEMORY REQUIRED TO MINIMIZE I/O, THEN THE ACTUAL
          MEMORY USAGE WILL BE CLOSE TO THE ESTIMATED "MEMORY TO MINIMIZE I/O" VALUE, AND THE SCRATCH DISK
          USAGE WILL BE CLOSE-TO-ZERO; OTHERWISE, THE ACTUAL MEMORY USED WILL BE CLOSE TO THE PREVIOUSLY
          MENTIONED MEMORY LIMIT, AND THE SCRATCH DISK USAGE WILL BE ROUGHLY PROPORTIONAL TO THE DIFFERENCE
          BETWEEN THE ESTIMATED "MEMORY TO MINIMIZE I/O" AND THE MEMORY UPPER LIMIT. HOWEVER ACCURATE
          ESTIMATE OF THE SCRATCH DISK SPACE IS NOT POSSIBLE.
      (6) USING "*RESTART, WRITE" CAN GENERATE A LARGE AMOUNT OF DATA WRITTEN IN THE WORK DIRECTORY.



                              ANALYSIS DATACHECK COMPLETE
                              WITH     10 WARNING MESSAGES ON THE DAT FILE
                              AND       1 WARNING MESSAGES ON THE MSG FILE



     JOB TIME SUMMARY
       USER TIME (SEC)      =     2.00E-02
       SYSTEM TIME (SEC)    =     2.00E-02
       TOTAL CPU TIME (SEC) =     4.00E-02
       WALLCLOCK TIME (SEC) =            0
1

   Abaqus 2023                                  Date 12-Aug-2026   Time 11:13:35
   For use by TECHNISCHE UNIVERSITAET BERGAKADEMIE FREIBERG under license from Dassault Systemes or its subsidiary.

     M2STATE_INGEST_SMOKE1R10: Minimal Solver Ingestion Qualification Fixture                  STEP    1  INCREMENT    1
                                                                                          TIME COMPLETED IN THIS STEP   0.00    


                        S T E P       1     S T A T I C   A N A L Y S I S


                                                                                          

     AUTOMATIC TIME CONTROL WITH -
          A SUGGESTED INITIAL TIME INCREMENT OF                 1.00    
          AND A TOTAL TIME PERIOD OF                            1.00    
          THE MINIMUM TIME INCREMENT ALLOWED IS                1.000E-05
          THE MAXIMUM TIME INCREMENT ALLOWED IS                 1.00    

     LINEAR EQUATION SOLVER TYPE         DIRECT SPARSE
[INGEST_TRACE] ELEM=    1 JTYPE=1 KSTEP=1 KINC= 1 IP=1 U_NODES= 0.00000, 0.00000, 0.00000, 0.00000 SV_H= 0.1100E-03 HIST= 0.1100E-03 PH= 0.00000 SDV15= 0.00000
[INGEST_TRACE] ELEM=    1 JTYPE=1 KSTEP=1 KINC= 1 IP=2 U_NODES= 0.00000, 0.00000, 0.00000, 0.00000 SV_H= 0.1200E-03 HIST= 0.1200E-03 PH= 0.00000 SDV15= 0.00000
[INGEST_TRACE] ELEM=    1 JTYPE=1 KSTEP=1 KINC= 1 IP=3 U_NODES= 0.00000, 0.00000, 0.00000, 0.00000 SV_H= 0.1300E-03 HIST= 0.1300E-03 PH= 0.00000 SDV15= 0.00000
[INGEST_TRACE] ELEM=    1 JTYPE=1 KSTEP=1 KINC= 1 IP=4 U_NODES= 0.00000, 0.00000, 0.00000, 0.00000 SV_H= 0.1400E-03 HIST= 0.1400E-03 PH= 0.00000 SDV15= 0.00000
[INGEST_TRACE] ELEM=    2 JTYPE=1 KSTEP=1 KINC= 1 IP=1 U_NODES= 0.00000, 0.00000, 0.00000, 0.00000 SV_H= 0.2100E-03 HIST= 0.2100E-03 PH= 0.00000 SDV15= 0.00000
[INGEST_TRACE] ELEM=    2 JTYPE=1 KSTEP=1 KINC= 1 IP=2 U_NODES= 0.00000, 0.00000, 0.00000, 0.00000 SV_H= 0.2200E-03 HIST= 0.2200E-03 PH= 0.00000 SDV15= 0.00000
[INGEST_TRACE] ELEM=    2 JTYPE=1 KSTEP=1 KINC= 1 IP=3 U_NODES= 0.00000, 0.00000, 0.00000, 0.00000 SV_H= 0.2300E-03 HIST= 0.2300E-03 PH= 0.00000 SDV15= 0.00000
[INGEST_TRACE] ELEM=    2 JTYPE=1 KSTEP=1 KINC= 1 IP=4 U_NODES= 0.00000, 0.00000, 0.00000, 0.00000 SV_H= 0.2400E-03 HIST= 0.2400E-03 PH= 0.00000 SDV15= 0.00000
[INGEST_TRACE] ELEM=    5 JTYPE=3 KSTEP=1 KINC= 1 IP=1 U_NODES= 0.00000, 0.00000, 0.00000 SV_H= 0.3100E-03 HIST= 0.3100E-03 PH= 0.00000 SDV15= 0.00000
[INGEST_TRACE] ELEM=    5 JTYPE=3 KSTEP=1 KINC= 1 IP=2 U_NODES= 0.00000, 0.00000, 0.00000 SV_H= 0.3200E-03 HIST= 0.3200E-03 PH= 0.00000 SDV15= 0.00000
[INGEST_TRACE] ELEM=    5 JTYPE=3 KSTEP=1 KINC= 1 IP=3 U_NODES= 0.00000, 0.00000, 0.00000 SV_H= 0.3300E-03 HIST= 0.3300E-03 PH= 0.00000 SDV15= 0.00000
[INGEST_TRACE] ELEM=    6 JTYPE=3 KSTEP=1 KINC= 1 IP=1 U_NODES= 0.00000, 0.00000, 0.00000 SV_H= 0.4100E-03 HIST= 0.4100E-03 PH= 0.00000 SDV15= 0.00000
[INGEST_TRACE] ELEM=    6 JTYPE=3 KSTEP=1 KINC= 1 IP=2 U_NODES= 0.00000, 0.00000, 0.00000 SV_H= 0.4200E-03 HIST= 0.4200E-03 PH= 0.00000 SDV15= 0.00000
[INGEST_TRACE] ELEM=    6 JTYPE=3 KSTEP=1 KINC= 1 IP=3 U_NODES= 0.00000, 0.00000, 0.00000 SV_H= 0.4300E-03 HIST= 0.4300E-03 PH= 0.00000 SDV15= 0.00000
[INGEST_TRACE] ELEM=    9 JTYPE=2 KSTEP=1 KINC= 1 IP=1 SV_H= 0.1100E-03 PH= 0.00000 ENG= 0.0000E+00 SDV14= 0.00000 SDV16= 0.1100E-03
[INGEST_TRACE] ELEM=    9 JTYPE=2 KSTEP=1 KINC= 1 IP=2 SV_H= 0.1200E-03 PH= 0.00000 ENG= 0.0000E+00 SDV14= 0.00000 SDV16= 0.1200E-03
[INGEST_TRACE] ELEM=    9 JTYPE=2 KSTEP=1 KINC= 1 IP=3 SV_H= 0.1300E-03 PH= 0.00000 ENG= 0.0000E+00 SDV14= 0.00000 SDV16= 0.1300E-03
[INGEST_TRACE] ELEM=    9 JTYPE=2 KSTEP=1 KINC= 1 IP=4 SV_H= 0.1400E-03 PH= 0.00000 ENG= 0.0000E+00 SDV14= 0.00000 SDV16= 0.1400E-03
[INGEST_TRACE] ELEM=   10 JTYPE=2 KSTEP=1 KINC= 1 IP=1 SV_H= 0.2100E-03 PH= 0.00000 ENG= 0.0000E+00 SDV14= 0.00000 SDV16= 0.2100E-03
[INGEST_TRACE] ELEM=   10 JTYPE=2 KSTEP=1 KINC= 1 IP=2 SV_H= 0.2200E-03 PH= 0.00000 ENG= 0.0000E+00 SDV14= 0.00000 SDV16= 0.2200E-03
[INGEST_TRACE] ELEM=   10 JTYPE=2 KSTEP=1 KINC= 1 IP=3 SV_H= 0.2300E-03 PH= 0.00000 ENG= 0.0000E+00 SDV14= 0.00000 SDV16= 0.2300E-03
[INGEST_TRACE] ELEM=   10 JTYPE=2 KSTEP=1 KINC= 1 IP=4 SV_H= 0.2400E-03 PH= 0.00000 ENG= 0.0000E+00 SDV14= 0.00000 SDV16= 0.2400E-03
[INGEST_TRACE] ELEM=   13 JTYPE=4 KSTEP=1 KINC= 1 IP=1 SV_H= 0.3100E-03 PH= 0.00000 ENG= 0.0000E+00 SDV14= 0.00000 SDV16= 0.3100E-03
[INGEST_TRACE] ELEM=   13 JTYPE=4 KSTEP=1 KINC= 1 IP=2 SV_H= 0.3200E-03 PH= 0.00000 ENG= 0.0000E+00 SDV14= 0.00000 SDV16= 0.3200E-03
[INGEST_TRACE] ELEM=   13 JTYPE=4 KSTEP=1 KINC= 1 IP=3 SV_H= 0.3300E-03 PH= 0.00000 ENG= 0.0000E+00 SDV14= 0.00000 SDV16= 0.3300E-03
[INGEST_TRACE] ELEM=   14 JTYPE=4 KSTEP=1 KINC= 1 IP=1 SV_H= 0.4100E-03 PH= 0.00000 ENG= 0.0000E+00 SDV14= 0.00000 SDV16= 0.4100E-03
[INGEST_TRACE] ELEM=   14 JTYPE=4 KSTEP=1 KINC= 1 IP=2 SV_H= 0.4200E-03 PH= 0.00000 ENG= 0.0000E+00 SDV14= 0.00000 SDV16= 0.4200E-03
[INGEST_TRACE] ELEM=   14 JTYPE=4 KSTEP=1 KINC= 1 IP=3 SV_H= 0.4300E-03 PH= 0.00000 ENG= 0.0000E+00 SDV14= 0.00000 SDV16= 0.4300E-03
[INGEST_TRACE] ELEM=    1 JTYPE=1 KSTEP=1 KINC= 1 IP=1 U_NODES= 0.00000, 0.00000, 0.00000, 0.00000 SV_H= 0.1100E-03 HIST= 0.1100E-03 PH= 0.00000 SDV15= 0.00000
[INGEST_TRACE] ELEM=    1 JTYPE=1 KSTEP=1 KINC= 1 IP=2 U_NODES= 0.00000, 0.00000, 0.00000, 0.00000 SV_H= 0.1200E-03 HIST= 0.1200E-03 PH= 0.00000 SDV15= 0.00000
[INGEST_TRACE] ELEM=    1 JTYPE=1 KSTEP=1 KINC= 1 IP=3 U_NODES= 0.00000, 0.00000, 0.00000, 0.00000 SV_H= 0.1300E-03 HIST= 0.1300E-03 PH= 0.00000 SDV15= 0.00000
[INGEST_TRACE] ELEM=    1 JTYPE=1 KSTEP=1 KINC= 1 IP=4 U_NODES= 0.00000, 0.00000, 0.00000, 0.00000 SV_H= 0.1400E-03 HIST= 0.1400E-03 PH= 0.00000 SDV15= 0.00000
[INGEST_TRACE] ELEM=    2 JTYPE=1 KSTEP=1 KINC= 1 IP=1 U_NODES= 0.00000, 0.00000, 0.00000, 0.00000 SV_H= 0.2100E-03 HIST= 0.2100E-03 PH= 0.00000 SDV15= 0.00000
[INGEST_TRACE] ELEM=    2 JTYPE=1 KSTEP=1 KINC= 1 IP=2 U_NODES= 0.00000, 0.00000, 0.00000, 0.00000 SV_H= 0.2200E-03 HIST= 0.2200E-03 PH= 0.00000 SDV15= 0.00000
[INGEST_TRACE] ELEM=    2 JTYPE=1 KSTEP=1 KINC= 1 IP=3 U_NODES= 0.00000, 0.00000, 0.00000, 0.00000 SV_H= 0.2300E-03 HIST= 0.2300E-03 PH= 0.00000 SDV15= 0.00000
[INGEST_TRACE] ELEM=    2 JTYPE=1 KSTEP=1 KINC= 1 IP=4 U_NODES= 0.00000, 0.00000, 0.00000, 0.00000 SV_H= 0.2400E-03 HIST= 0.2400E-03 PH= 0.00000 SDV15= 0.00000
[INGEST_TRACE] ELEM=    5 JTYPE=3 KSTEP=1 KINC= 1 IP=1 U_NODES= 0.00000, 0.00000, 0.00000 SV_H= 0.3100E-03 HIST= 0.3100E-03 PH= 0.00000 SDV15= 0.00000
[INGEST_TRACE] ELEM=    5 JTYPE=3 KSTEP=1 KINC= 1 IP=2 U_NODES= 0.00000, 0.00000, 0.00000 SV_H= 0.3200E-03 HIST= 0.3200E-03 PH= 0.00000 SDV15= 0.00000
[INGEST_TRACE] ELEM=    5 JTYPE=3 KSTEP=1 KINC= 1 IP=3 U_NODES= 0.00000, 0.00000, 0.00000 SV_H= 0.3300E-03 HIST= 0.3300E-03 PH= 0.00000 SDV15= 0.00000
[INGEST_TRACE] ELEM=    6 JTYPE=3 KSTEP=1 KINC= 1 IP=1 U_NODES= 0.00000, 0.00000, 0.00000 SV_H= 0.4100E-03 HIST= 0.4100E-03 PH= 0.00000 SDV15= 0.00000
[INGEST_TRACE] ELEM=    6 JTYPE=3 KSTEP=1 KINC= 1 IP=2 U_NODES= 0.00000, 0.00000, 0.00000 SV_H= 0.4200E-03 HIST= 0.4200E-03 PH= 0.00000 SDV15= 0.00000
[INGEST_TRACE] ELEM=    6 JTYPE=3 KSTEP=1 KINC= 1 IP=3 U_NODES= 0.00000, 0.00000, 0.00000 SV_H= 0.4300E-03 HIST= 0.4300E-03 PH= 0.00000 SDV15= 0.00000
[INGEST_TRACE] ELEM=    9 JTYPE=2 KSTEP=1 KINC= 1 IP=1 SV_H= 0.1100E-03 PH= 0.00000 ENG= 0.0000E+00 SDV14= 0.00000 SDV16= 0.1100E-03
[INGEST_TRACE] ELEM=    9 JTYPE=2 KSTEP=1 KINC= 1 IP=2 SV_H= 0.1200E-03 PH= 0.00000 ENG= 0.0000E+00 SDV14= 0.00000 SDV16= 0.1200E-03
[INGEST_TRACE] ELEM=    9 JTYPE=2 KSTEP=1 KINC= 1 IP=3 SV_H= 0.1300E-03 PH= 0.00000 ENG= 0.0000E+00 SDV14= 0.00000 SDV16= 0.1300E-03
[INGEST_TRACE] ELEM=    9 JTYPE=2 KSTEP=1 KINC= 1 IP=4 SV_H= 0.1400E-03 PH= 0.00000 ENG= 0.0000E+00 SDV14= 0.00000 SDV16= 0.1400E-03
[INGEST_TRACE] ELEM=   10 JTYPE=2 KSTEP=1 KINC= 1 IP=1 SV_H= 0.2100E-03 PH= 0.00000 ENG= 0.0000E+00 SDV14= 0.00000 SDV16= 0.2100E-03
[INGEST_TRACE] ELEM=   10 JTYPE=2 KSTEP=1 KINC= 1 IP=2 SV_H= 0.2200E-03 PH= 0.00000 ENG= 0.0000E+00 SDV14= 0.00000 SDV16= 0.2200E-03
[INGEST_TRACE] ELEM=   10 JTYPE=2 KSTEP=1 KINC= 1 IP=3 SV_H= 0.2300E-03 PH= 0.00000 ENG= 0.0000E+00 SDV14= 0.00000 SDV16= 0.2300E-03
[INGEST_TRACE] ELEM=   10 JTYPE=2 KSTEP=1 KINC= 1 IP=4 SV_H= 0.2400E-03 PH= 0.00000 ENG= 0.0000E+00 SDV14= 0.00000 SDV16= 0.2400E-03
[INGEST_TRACE] ELEM=   13 JTYPE=4 KSTEP=1 KINC= 1 IP=1 SV_H= 0.3100E-03 PH= 0.00000 ENG= 0.0000E+00 SDV14= 0.00000 SDV16= 0.3100E-03
[INGEST_TRACE] ELEM=   13 JTYPE=4 KSTEP=1 KINC= 1 IP=2 SV_H= 0.3200E-03 PH= 0.00000 ENG= 0.0000E+00 SDV14= 0.00000 SDV16= 0.3200E-03
[INGEST_TRACE] ELEM=   13 JTYPE=4 KSTEP=1 KINC= 1 IP=3 SV_H= 0.3300E-03 PH= 0.00000 ENG= 0.0000E+00 SDV14= 0.00000 SDV16= 0.3300E-03
[INGEST_TRACE] ELEM=   14 JTYPE=4 KSTEP=1 KINC= 1 IP=1 SV_H= 0.4100E-03 PH= 0.00000 ENG= 0.0000E+00 SDV14= 0.00000 SDV16= 0.4100E-03
[INGEST_TRACE] ELEM=   14 JTYPE=4 KSTEP=1 KINC= 1 IP=2 SV_H= 0.4200E-03 PH= 0.00000 ENG= 0.0000E+00 SDV14= 0.00000 SDV16= 0.4200E-03
[INGEST_TRACE] ELEM=   14 JTYPE=4 KSTEP=1 KINC= 1 IP=3 SV_H= 0.4300E-03 PH= 0.00000 ENG= 0.0000E+00 SDV14= 0.00000 SDV16= 0.4300E-03
  
                   M E M O R Y   E S T I M A T E
  
 PROCESS      FLOATING PT       MINIMUM MEMORY        MEMORY TO
              OPERATIONS           REQUIRED          MINIMIZE I/O
             PER ITERATION           (MB)               (MB)
  
     1          1.30E+03               17                 24
  
 NOTE:
      (1) SINCE ABAQUS DOES NOT PRE-ALLOCATE MEMORY AND ONLY ALLOCATES MEMORY AS NEEDED DURING THE ANALYSIS,
          THE MEMORY REQUIREMENT PRINTED HERE CAN ONLY BE VIEWED AS A GENERAL GUIDELINE BASED ON THE BEST
          KNOWLEDGE AVAILABLE AT THE BEGINNING OF A STEP BEFORE THE SOLUTION PROCESS HAS BEGUN.
      (2) THE ESTIMATE IS NORMALLY UPDATED AT THE BEGINNING OF EVERY STEP. IT IS THE MAXIMUM VALUE OF THE
          ESTIMATE FROM THE CURRENT STEP TO THE LAST STEP OF THE ANALYSIS, WITH UNSYMMETRIC SOLUTION TAKEN
          INTO ACCOUNT IF APPLICABLE. 
      (3) SINCE THE ESTIMATE IS BASED ON THE ACTIVE DEGREES OF FREEDOM IN THE FIRST ITERATION OF THE 
          CURRENT STEP, THE MEMORY ESTIMATE MIGHT BE SIGNIFICANTLY DIFFERENT THAN ACTUAL USAGE FOR 
          PROBLEMS WITH SUBSTANTIAL CHANGES IN ACTIVE DEGREES OF FREEDOM BETWEEN STEPS (OR EVEN WITHIN
          THE SAME STEP). EXAMPLES ARE: PROBLEMS WITH SIGNIFICANT CONTACT CHANGES, PROBLEMS WITH MODEL
          CHANGE, PROBLEMS WITH BOTH STATIC STEP AND STEADY STATE DYNAMIC PROCEDURES WHERE ACOUSTIC 
          ELEMENTS WILL ONLY BE ACTIVATED IN THE STEADY STATE DYNAMIC STEPS.
      (4) FOR MULTI-PROCESS EXECUTION, THE ESTIMATED VALUE OF FLOATING POINT OPERATIONS FOR EACH PROCESS
          IS BASED ON AN INITIAL SCHEDULING OF OPERATIONS AND MIGHT NOT REFLECT THE ACTUAL FLOATING 
          POINT OPERATIONS COMPLETED ON EACH PROCESS. OPERATIONS ARE DYNAMICALLY BALANCED DURING EXECUTION, 
          SO THE ACTUAL BALANCE OF OPERATIONS BETWEEN PROCESSES IS EXPECTED TO BE BETTER THAN THE ESTIMATE
          PRINTED HERE.
      (5) THE UPPER LIMIT OF MEMORY THAT CAN BE ALLOCATED BY ABAQUS WILL IN GENERAL DEPEND ON THE VALUE OF
          THE "MEMORY" PARAMETER AND THE AMOUNT OF PHYSICAL MEMORY AVAILABLE ON THE MACHINE. PLEASE SEE
          THE "ABAQUS ANALYSIS USER'S MANUAL" FOR MORE DETAILS. THE ACTUAL USAGE OF MEMORY AND OF DISK
          SPACE FOR SCRATCH DATA WILL DEPEND ON THIS UPPER LIMIT AS WELL AS THE MEMORY REQUIRED TO MINIMIZE
          I/O. IF THE MEMORY UPPER LIMIT IS GREATER THAN THE MEMORY REQUIRED TO MINIMIZE I/O, THEN THE ACTUAL
          MEMORY USAGE WILL BE CLOSE TO THE ESTIMATED "MEMORY TO MINIMIZE I/O" VALUE, AND THE SCRATCH DISK
          USAGE WILL BE CLOSE-TO-ZERO; OTHERWISE, THE ACTUAL MEMORY USED WILL BE CLOSE TO THE PREVIOUSLY
          MENTIONED MEMORY LIMIT, AND THE SCRATCH DISK USAGE WILL BE ROUGHLY PROPORTIONAL TO THE DIFFERENCE
          BETWEEN THE ESTIMATED "MEMORY TO MINIMIZE I/O" AND THE MEMORY UPPER LIMIT. HOWEVER ACCURATE
          ESTIMATE OF THE SCRATCH DISK SPACE IS NOT POSSIBLE.
      (6) USING "*RESTART, WRITE" CAN GENERATE A LARGE AMOUNT OF DATA WRITTEN IN THE WORK DIRECTORY.
[INGEST_TRACE] ELEM=    1 JTYPE=1 KSTEP=1 KINC= 1 IP=1 U_NODES= 0.11000, 0.23000, 0.37000, 0.61000 SV_H= 0.1100E-03 HIST= 0.1100E-03 PH= 0.22494 SDV15= 0.22494
[INGEST_TRACE] ELEM=    1 JTYPE=1 KSTEP=1 KINC= 1 IP=2 U_NODES= 0.11000, 0.23000, 0.37000, 0.61000 SV_H= 0.1200E-03 HIST= 0.1200E-03 PH= 0.25030 SDV15= 0.25030
[INGEST_TRACE] ELEM=    1 JTYPE=1 KSTEP=1 KINC= 1 IP=3 U_NODES= 0.11000, 0.23000, 0.37000, 0.61000 SV_H= 0.1300E-03 HIST= 0.1300E-03 PH= 0.37506 SDV15= 0.37506
[INGEST_TRACE] ELEM=    1 JTYPE=1 KSTEP=1 KINC= 1 IP=4 U_NODES= 0.11000, 0.23000, 0.37000, 0.61000 SV_H= 0.1400E-03 HIST= 0.1400E-03 PH= 0.46970 SDV15= 0.46970
[INGEST_TRACE] ELEM=    2 JTYPE=1 KSTEP=1 KINC= 1 IP=1 U_NODES= 0.25000, 0.45000, 0.15000, 0.05000 SV_H= 0.2100E-03 HIST= 0.2100E-03 PH= 0.24553 SDV15= 0.24553
[INGEST_TRACE] ELEM=    2 JTYPE=1 KSTEP=1 KINC= 1 IP=2 U_NODES= 0.25000, 0.45000, 0.15000, 0.05000 SV_H= 0.2200E-03 HIST= 0.2200E-03 PH= 0.34880 SDV15= 0.34880
[INGEST_TRACE] ELEM=    2 JTYPE=1 KSTEP=1 KINC= 1 IP=3 U_NODES= 0.25000, 0.45000, 0.15000, 0.05000 SV_H= 0.2300E-03 HIST= 0.2300E-03 PH= 0.18780 SDV15= 0.18780
[INGEST_TRACE] ELEM=    2 JTYPE=1 KSTEP=1 KINC= 1 IP=4 U_NODES= 0.25000, 0.45000, 0.15000, 0.05000 SV_H= 0.2400E-03 HIST= 0.2400E-03 PH= 0.11786 SDV15= 0.11786
[INGEST_TRACE] ELEM=    5 JTYPE=3 KSTEP=1 KINC= 1 IP=1 U_NODES= 0.11000, 0.23000, 0.37000 SV_H= 0.3100E-03 HIST= 0.3100E-03 PH= 0.17333 SDV15= 0.17333
[INGEST_TRACE] ELEM=    5 JTYPE=3 KSTEP=1 KINC= 1 IP=2 U_NODES= 0.11000, 0.23000, 0.37000 SV_H= 0.3200E-03 HIST= 0.3200E-03 PH= 0.23333 SDV15= 0.23333
[INGEST_TRACE] ELEM=    5 JTYPE=3 KSTEP=1 KINC= 1 IP=3 U_NODES= 0.11000, 0.23000, 0.37000 SV_H= 0.3300E-03 HIST= 0.3300E-03 PH= 0.30333 SDV15= 0.30333
[INGEST_TRACE] ELEM=    6 JTYPE=3 KSTEP=1 KINC= 1 IP=1 U_NODES= 0.25000, 0.45000, 0.15000 SV_H= 0.4100E-03 HIST= 0.4100E-03 PH= 0.26667 SDV15= 0.26667
[INGEST_TRACE] ELEM=    6 JTYPE=3 KSTEP=1 KINC= 1 IP=2 U_NODES= 0.25000, 0.45000, 0.15000 SV_H= 0.4200E-03 HIST= 0.4200E-03 PH= 0.36667 SDV15= 0.36667
[INGEST_TRACE] ELEM=    6 JTYPE=3 KSTEP=1 KINC= 1 IP=3 U_NODES= 0.25000, 0.45000, 0.15000 SV_H= 0.4300E-03 HIST= 0.4300E-03 PH= 0.21667 SDV15= 0.21667
[INGEST_TRACE] ELEM=    9 JTYPE=2 KSTEP=1 KINC= 1 IP=1 SV_H= 0.1100E-03 PH= 0.00000 ENG= 0.0000E+00 SDV14= 0.00000 SDV16= 0.1100E-03
[INGEST_TRACE] ELEM=    9 JTYPE=2 KSTEP=1 KINC= 1 IP=2 SV_H= 0.1200E-03 PH= 0.00000 ENG= 0.0000E+00 SDV14= 0.00000 SDV16= 0.1200E-03
[INGEST_TRACE] ELEM=    9 JTYPE=2 KSTEP=1 KINC= 1 IP=3 SV_H= 0.1300E-03 PH= 0.00000 ENG= 0.0000E+00 SDV14= 0.00000 SDV16= 0.1300E-03
[INGEST_TRACE] ELEM=    9 JTYPE=2 KSTEP=1 KINC= 1 IP=4 SV_H= 0.1400E-03 PH= 0.00000 ENG= 0.0000E+00 SDV14= 0.00000 SDV16= 0.1400E-03
[INGEST_TRACE] ELEM=   10 JTYPE=2 KSTEP=1 KINC= 1 IP=1 SV_H= 0.2100E-03 PH= 0.00000 ENG= 0.0000E+00 SDV14= 0.00000 SDV16= 0.2100E-03
[INGEST_TRACE] ELEM=   10 JTYPE=2 KSTEP=1 KINC= 1 IP=2 SV_H= 0.2200E-03 PH= 0.00000 ENG= 0.0000E+00 SDV14= 0.00000 SDV16= 0.2200E-03
[INGEST_TRACE] ELEM=   10 JTYPE=2 KSTEP=1 KINC= 1 IP=3 SV_H= 0.2300E-03 PH= 0.00000 ENG= 0.0000E+00 SDV14= 0.00000 SDV16= 0.2300E-03
[INGEST_TRACE] ELEM=   10 JTYPE=2 KSTEP=1 KINC= 1 IP=4 SV_H= 0.2400E-03 PH= 0.00000 ENG= 0.0000E+00 SDV14= 0.00000 SDV16= 0.2400E-03
[INGEST_TRACE] ELEM=   13 JTYPE=4 KSTEP=1 KINC= 1 IP=1 SV_H= 0.3100E-03 PH= 0.00000 ENG= 0.0000E+00 SDV14= 0.00000 SDV16= 0.3100E-03
[INGEST_TRACE] ELEM=   13 JTYPE=4 KSTEP=1 KINC= 1 IP=2 SV_H= 0.3200E-03 PH= 0.00000 ENG= 0.0000E+00 SDV14= 0.00000 SDV16= 0.3200E-03
[INGEST_TRACE] ELEM=   13 JTYPE=4 KSTEP=1 KINC= 1 IP=3 SV_H= 0.3300E-03 PH= 0.00000 ENG= 0.0000E+00 SDV14= 0.00000 SDV16= 0.3300E-03
[INGEST_TRACE] ELEM=   14 JTYPE=4 KSTEP=1 KINC= 1 IP=1 SV_H= 0.4100E-03 PH= 0.00000 ENG= 0.0000E+00 SDV14= 0.00000 SDV16= 0.4100E-03
[INGEST_TRACE] ELEM=   14 JTYPE=4 KSTEP=1 KINC= 1 IP=2 SV_H= 0.4200E-03 PH= 0.00000 ENG= 0.0000E+00 SDV14= 0.00000 SDV16= 0.4200E-03
[INGEST_TRACE] ELEM=   14 JTYPE=4 KSTEP=1 KINC= 1 IP=3 SV_H= 0.4300E-03 PH= 0.00000 ENG= 0.0000E+00 SDV14= 0.00000 SDV16= 0.4300E-03
1

   Abaqus 2023                                  Date 12-Aug-2026   Time 11:13:35
   For use by TECHNISCHE UNIVERSITAET BERGAKADEMIE FREIBERG under license from Dassault Systemes or its subsidiary.

     M2STATE_INGEST_SMOKE1R10: Minimal Solver Ingestion Qualification Fixture                  STEP    2  INCREMENT    1
                                                                                          TIME COMPLETED IN THIS STEP   0.00    


                        S T E P       2     S T A T I C   A N A L Y S I S


                                                                                          

     AUTOMATIC TIME CONTROL WITH -
          A SUGGESTED INITIAL TIME INCREMENT OF                 1.00    
          AND A TOTAL TIME PERIOD OF                            1.00    
          THE MINIMUM TIME INCREMENT ALLOWED IS                1.000E-05
          THE MAXIMUM TIME INCREMENT ALLOWED IS                 1.00    

     LINEAR EQUATION SOLVER TYPE         DIRECT SPARSE
[INGEST_TRACE] ELEM=    1 JTYPE=1 KSTEP=2 KINC= 1 IP=1 U_NODES= 0.11000, 0.23000, 0.37000, 0.61000 SV_H= 0.1100E-03 HIST= 0.1100E-03 PH= 0.22494 SDV15= 0.22494
[INGEST_TRACE] ELEM=    1 JTYPE=1 KSTEP=2 KINC= 1 IP=2 U_NODES= 0.11000, 0.23000, 0.37000, 0.61000 SV_H= 0.1200E-03 HIST= 0.1200E-03 PH= 0.25030 SDV15= 0.25030
[INGEST_TRACE] ELEM=    1 JTYPE=1 KSTEP=2 KINC= 1 IP=3 U_NODES= 0.11000, 0.23000, 0.37000, 0.61000 SV_H= 0.1300E-03 HIST= 0.1300E-03 PH= 0.37506 SDV15= 0.37506
[INGEST_TRACE] ELEM=    1 JTYPE=1 KSTEP=2 KINC= 1 IP=4 U_NODES= 0.11000, 0.23000, 0.37000, 0.61000 SV_H= 0.1400E-03 HIST= 0.1400E-03 PH= 0.46970 SDV15= 0.46970
[INGEST_TRACE] ELEM=    2 JTYPE=1 KSTEP=2 KINC= 1 IP=1 U_NODES= 0.25000, 0.45000, 0.15000, 0.05000 SV_H= 0.2100E-03 HIST= 0.2100E-03 PH= 0.24553 SDV15= 0.24553
[INGEST_TRACE] ELEM=    2 JTYPE=1 KSTEP=2 KINC= 1 IP=2 U_NODES= 0.25000, 0.45000, 0.15000, 0.05000 SV_H= 0.2200E-03 HIST= 0.2200E-03 PH= 0.34880 SDV15= 0.34880
[INGEST_TRACE] ELEM=    2 JTYPE=1 KSTEP=2 KINC= 1 IP=3 U_NODES= 0.25000, 0.45000, 0.15000, 0.05000 SV_H= 0.2300E-03 HIST= 0.2300E-03 PH= 0.18780 SDV15= 0.18780
[INGEST_TRACE] ELEM=    2 JTYPE=1 KSTEP=2 KINC= 1 IP=4 U_NODES= 0.25000, 0.45000, 0.15000, 0.05000 SV_H= 0.2400E-03 HIST= 0.2400E-03 PH= 0.11786 SDV15= 0.11786
[INGEST_TRACE] ELEM=    5 JTYPE=3 KSTEP=2 KINC= 1 IP=1 U_NODES= 0.11000, 0.23000, 0.37000 SV_H= 0.3100E-03 HIST= 0.3100E-03 PH= 0.17333 SDV15= 0.17333
[INGEST_TRACE] ELEM=    5 JTYPE=3 KSTEP=2 KINC= 1 IP=2 U_NODES= 0.11000, 0.23000, 0.37000 SV_H= 0.3200E-03 HIST= 0.3200E-03 PH= 0.23333 SDV15= 0.23333
[INGEST_TRACE] ELEM=    5 JTYPE=3 KSTEP=2 KINC= 1 IP=3 U_NODES= 0.11000, 0.23000, 0.37000 SV_H= 0.3300E-03 HIST= 0.3300E-03 PH= 0.30333 SDV15= 0.30333
[INGEST_TRACE] ELEM=    6 JTYPE=3 KSTEP=2 KINC= 1 IP=1 U_NODES= 0.25000, 0.45000, 0.15000 SV_H= 0.4100E-03 HIST= 0.4100E-03 PH= 0.26667 SDV15= 0.26667
[INGEST_TRACE] ELEM=    6 JTYPE=3 KSTEP=2 KINC= 1 IP=2 U_NODES= 0.25000, 0.45000, 0.15000 SV_H= 0.4200E-03 HIST= 0.4200E-03 PH= 0.36667 SDV15= 0.36667
[INGEST_TRACE] ELEM=    6 JTYPE=3 KSTEP=2 KINC= 1 IP=3 U_NODES= 0.25000, 0.45000, 0.15000 SV_H= 0.4300E-03 HIST= 0.4300E-03 PH= 0.21667 SDV15= 0.21667
[INGEST_TRACE] ELEM=    9 JTYPE=2 KSTEP=2 KINC= 1 IP=1 SV_H= 0.1100E-03 PH= 0.00000 ENG= 0.0000E+00 SDV14= 0.00000 SDV16= 0.1100E-03
[INGEST_TRACE] ELEM=    9 JTYPE=2 KSTEP=2 KINC= 1 IP=2 SV_H= 0.1200E-03 PH= 0.00000 ENG= 0.0000E+00 SDV14= 0.00000 SDV16= 0.1200E-03
[INGEST_TRACE] ELEM=    9 JTYPE=2 KSTEP=2 KINC= 1 IP=3 SV_H= 0.1300E-03 PH= 0.00000 ENG= 0.0000E+00 SDV14= 0.00000 SDV16= 0.1300E-03
[INGEST_TRACE] ELEM=    9 JTYPE=2 KSTEP=2 KINC= 1 IP=4 SV_H= 0.1400E-03 PH= 0.00000 ENG= 0.0000E+00 SDV14= 0.00000 SDV16= 0.1400E-03
[INGEST_TRACE] ELEM=   10 JTYPE=2 KSTEP=2 KINC= 1 IP=1 SV_H= 0.2100E-03 PH= 0.00000 ENG= 0.0000E+00 SDV14= 0.00000 SDV16= 0.2100E-03
[INGEST_TRACE] ELEM=   10 JTYPE=2 KSTEP=2 KINC= 1 IP=2 SV_H= 0.2200E-03 PH= 0.00000 ENG= 0.0000E+00 SDV14= 0.00000 SDV16= 0.2200E-03
[INGEST_TRACE] ELEM=   10 JTYPE=2 KSTEP=2 KINC= 1 IP=3 SV_H= 0.2300E-03 PH= 0.00000 ENG= 0.0000E+00 SDV14= 0.00000 SDV16= 0.2300E-03
[INGEST_TRACE] ELEM=   10 JTYPE=2 KSTEP=2 KINC= 1 IP=4 SV_H= 0.2400E-03 PH= 0.00000 ENG= 0.0000E+00 SDV14= 0.00000 SDV16= 0.2400E-03
[INGEST_TRACE] ELEM=   13 JTYPE=4 KSTEP=2 KINC= 1 IP=1 SV_H= 0.3100E-03 PH= 0.00000 ENG= 0.0000E+00 SDV14= 0.00000 SDV16= 0.3100E-03
[INGEST_TRACE] ELEM=   13 JTYPE=4 KSTEP=2 KINC= 1 IP=2 SV_H= 0.3200E-03 PH= 0.00000 ENG= 0.0000E+00 SDV14= 0.00000 SDV16= 0.3200E-03
[INGEST_TRACE] ELEM=   13 JTYPE=4 KSTEP=2 KINC= 1 IP=3 SV_H= 0.3300E-03 PH= 0.00000 ENG= 0.0000E+00 SDV14= 0.00000 SDV16= 0.3300E-03
[INGEST_TRACE] ELEM=   14 JTYPE=4 KSTEP=2 KINC= 1 IP=1 SV_H= 0.4100E-03 PH= 0.00000 ENG= 0.0000E+00 SDV14= 0.00000 SDV16= 0.4100E-03
[INGEST_TRACE] ELEM=   14 JTYPE=4 KSTEP=2 KINC= 1 IP=2 SV_H= 0.4200E-03 PH= 0.00000 ENG= 0.0000E+00 SDV14= 0.00000 SDV16= 0.4200E-03
[INGEST_TRACE] ELEM=   14 JTYPE=4 KSTEP=2 KINC= 1 IP=3 SV_H= 0.4300E-03 PH= 0.00000 ENG= 0.0000E+00 SDV14= 0.00000 SDV16= 0.4300E-03
  
                   M E M O R Y   E S T I M A T E
  
 PROCESS      FLOATING PT       MINIMUM MEMORY        MEMORY TO
              OPERATIONS           REQUIRED          MINIMIZE I/O
             PER ITERATION           (MB)               (MB)
  
     1          1.30E+03               17                 24
  
 NOTE:
      (1) SINCE ABAQUS DOES NOT PRE-ALLOCATE MEMORY AND ONLY ALLOCATES MEMORY AS NEEDED DURING THE ANALYSIS,
          THE MEMORY REQUIREMENT PRINTED HERE CAN ONLY BE VIEWED AS A GENERAL GUIDELINE BASED ON THE BEST
          KNOWLEDGE AVAILABLE AT THE BEGINNING OF A STEP BEFORE THE SOLUTION PROCESS HAS BEGUN.
      (2) THE ESTIMATE IS NORMALLY UPDATED AT THE BEGINNING OF EVERY STEP. IT IS THE MAXIMUM VALUE OF THE
          ESTIMATE FROM THE CURRENT STEP TO THE LAST STEP OF THE ANALYSIS, WITH UNSYMMETRIC SOLUTION TAKEN
          INTO ACCOUNT IF APPLICABLE. 
      (3) SINCE THE ESTIMATE IS BASED ON THE ACTIVE DEGREES OF FREEDOM IN THE FIRST ITERATION OF THE 
          CURRENT STEP, THE MEMORY ESTIMATE MIGHT BE SIGNIFICANTLY DIFFERENT THAN ACTUAL USAGE FOR 
          PROBLEMS WITH SUBSTANTIAL CHANGES IN ACTIVE DEGREES OF FREEDOM BETWEEN STEPS (OR EVEN WITHIN
          THE SAME STEP). EXAMPLES ARE: PROBLEMS WITH SIGNIFICANT CONTACT CHANGES, PROBLEMS WITH MODEL
          CHANGE, PROBLEMS WITH BOTH STATIC STEP AND STEADY STATE DYNAMIC PROCEDURES WHERE ACOUSTIC 
          ELEMENTS WILL ONLY BE ACTIVATED IN THE STEADY STATE DYNAMIC STEPS.
      (4) FOR MULTI-PROCESS EXECUTION, THE ESTIMATED VALUE OF FLOATING POINT OPERATIONS FOR EACH PROCESS
          IS BASED ON AN INITIAL SCHEDULING OF OPERATIONS AND MIGHT NOT REFLECT THE ACTUAL FLOATING 
          POINT OPERATIONS COMPLETED ON EACH PROCESS. OPERATIONS ARE DYNAMICALLY BALANCED DURING EXECUTION, 
          SO THE ACTUAL BALANCE OF OPERATIONS BETWEEN PROCESSES IS EXPECTED TO BE BETTER THAN THE ESTIMATE
          PRINTED HERE.
      (5) THE UPPER LIMIT OF MEMORY THAT CAN BE ALLOCATED BY ABAQUS WILL IN GENERAL DEPEND ON THE VALUE OF
          THE "MEMORY" PARAMETER AND THE AMOUNT OF PHYSICAL MEMORY AVAILABLE ON THE MACHINE. PLEASE SEE
          THE "ABAQUS ANALYSIS USER'S MANUAL" FOR MORE DETAILS. THE ACTUAL USAGE OF MEMORY AND OF DISK
          SPACE FOR SCRATCH DATA WILL DEPEND ON THIS UPPER LIMIT AS WELL AS THE MEMORY REQUIRED TO MINIMIZE
          I/O. IF THE MEMORY UPPER LIMIT IS GREATER THAN THE MEMORY REQUIRED TO MINIMIZE I/O, THEN THE ACTUAL
          MEMORY USAGE WILL BE CLOSE TO THE ESTIMATED "MEMORY TO MINIMIZE I/O" VALUE, AND THE SCRATCH DISK
          USAGE WILL BE CLOSE-TO-ZERO; OTHERWISE, THE ACTUAL MEMORY USED WILL BE CLOSE TO THE PREVIOUSLY
          MENTIONED MEMORY LIMIT, AND THE SCRATCH DISK USAGE WILL BE ROUGHLY PROPORTIONAL TO THE DIFFERENCE
          BETWEEN THE ESTIMATED "MEMORY TO MINIMIZE I/O" AND THE MEMORY UPPER LIMIT. HOWEVER ACCURATE
          ESTIMATE OF THE SCRATCH DISK SPACE IS NOT POSSIBLE.
      (6) USING "*RESTART, WRITE" CAN GENERATE A LARGE AMOUNT OF DATA WRITTEN IN THE WORK DIRECTORY.
[INGEST_TRACE] ELEM=    1 JTYPE=1 KSTEP=2 KINC= 1 IP=1 U_NODES= 0.99625, 0.99625, 0.99625, 0.99625 SV_H= 0.1100E-03 HIST= 0.1100E-03 PH= 0.99625 SDV15= 0.99625
[INGEST_TRACE] ELEM=    1 JTYPE=1 KSTEP=2 KINC= 1 IP=2 U_NODES= 0.99625, 0.99625, 0.99625, 0.99625 SV_H= 0.1200E-03 HIST= 0.1200E-03 PH= 0.99625 SDV15= 0.99625
[INGEST_TRACE] ELEM=    1 JTYPE=1 KSTEP=2 KINC= 1 IP=3 U_NODES= 0.99625, 0.99625, 0.99625, 0.99625 SV_H= 0.1300E-03 HIST= 0.1300E-03 PH= 0.99625 SDV15= 0.99625
[INGEST_TRACE] ELEM=    1 JTYPE=1 KSTEP=2 KINC= 1 IP=4 U_NODES= 0.99625, 0.99625, 0.99625, 0.99625 SV_H= 0.1400E-03 HIST= 0.1400E-03 PH= 0.99625 SDV15= 0.99625
[INGEST_TRACE] ELEM=    2 JTYPE=1 KSTEP=2 KINC= 1 IP=1 U_NODES= 0.99754, 0.99754, 0.99754, 0.99754 SV_H= 0.2100E-03 HIST= 0.2100E-03 PH= 0.99754 SDV15= 0.99754
[INGEST_TRACE] ELEM=    2 JTYPE=1 KSTEP=2 KINC= 1 IP=2 U_NODES= 0.99754, 0.99754, 0.99754, 0.99754 SV_H= 0.2200E-03 HIST= 0.2200E-03 PH= 0.99754 SDV15= 0.99754
[INGEST_TRACE] ELEM=    2 JTYPE=1 KSTEP=2 KINC= 1 IP=3 U_NODES= 0.99754, 0.99754, 0.99754, 0.99754 SV_H= 0.2300E-03 HIST= 0.2300E-03 PH= 0.99754 SDV15= 0.99754
[INGEST_TRACE] ELEM=    2 JTYPE=1 KSTEP=2 KINC= 1 IP=4 U_NODES= 0.99754, 0.99754, 0.99754, 0.99754 SV_H= 0.2400E-03 HIST= 0.2400E-03 PH= 0.99754 SDV15= 0.99754
[INGEST_TRACE] ELEM=    5 JTYPE=3 KSTEP=2 KINC= 1 IP=1 U_NODES= 0.99625, 0.99625, 0.99625 SV_H= 0.3100E-03 HIST= 0.3100E-03 PH= 0.99625 SDV15= 0.99625
[INGEST_TRACE] ELEM=    5 JTYPE=3 KSTEP=2 KINC= 1 IP=2 U_NODES= 0.99625, 0.99625, 0.99625 SV_H= 0.3200E-03 HIST= 0.3200E-03 PH= 0.99625 SDV15= 0.99625
[INGEST_TRACE] ELEM=    5 JTYPE=3 KSTEP=2 KINC= 1 IP=3 U_NODES= 0.99625, 0.99625, 0.99625 SV_H= 0.3300E-03 HIST= 0.3300E-03 PH= 0.99625 SDV15= 0.99625
[INGEST_TRACE] ELEM=    6 JTYPE=3 KSTEP=2 KINC= 1 IP=1 U_NODES= 0.99754, 0.99754, 0.99754 SV_H= 0.4100E-03 HIST= 0.4100E-03 PH= 0.99754 SDV15= 0.99754
[INGEST_TRACE] ELEM=    6 JTYPE=3 KSTEP=2 KINC= 1 IP=2 U_NODES= 0.99754, 0.99754, 0.99754 SV_H= 0.4200E-03 HIST= 0.4200E-03 PH= 0.99754 SDV15= 0.99754
[INGEST_TRACE] ELEM=    6 JTYPE=3 KSTEP=2 KINC= 1 IP=3 U_NODES= 0.99754, 0.99754, 0.99754 SV_H= 0.4300E-03 HIST= 0.4300E-03 PH= 0.99754 SDV15= 0.99754
[INGEST_TRACE] ELEM=    9 JTYPE=2 KSTEP=2 KINC= 1 IP=1 SV_H= 0.1100E-03 PH= 0.00000 ENG= 0.0000E+00 SDV14= 0.00000 SDV16= 0.1100E-03
[INGEST_TRACE] ELEM=    9 JTYPE=2 KSTEP=2 KINC= 1 IP=2 SV_H= 0.1200E-03 PH= 0.00000 ENG= 0.0000E+00 SDV14= 0.00000 SDV16= 0.1200E-03
[INGEST_TRACE] ELEM=    9 JTYPE=2 KSTEP=2 KINC= 1 IP=3 SV_H= 0.1300E-03 PH= 0.00000 ENG= 0.0000E+00 SDV14= 0.00000 SDV16= 0.1300E-03
[INGEST_TRACE] ELEM=    9 JTYPE=2 KSTEP=2 KINC= 1 IP=4 SV_H= 0.1400E-03 PH= 0.00000 ENG= 0.0000E+00 SDV14= 0.00000 SDV16= 0.1400E-03
[INGEST_TRACE] ELEM=   10 JTYPE=2 KSTEP=2 KINC= 1 IP=1 SV_H= 0.2100E-03 PH= 0.00000 ENG= 0.0000E+00 SDV14= 0.00000 SDV16= 0.2100E-03
[INGEST_TRACE] ELEM=   10 JTYPE=2 KSTEP=2 KINC= 1 IP=2 SV_H= 0.2200E-03 PH= 0.00000 ENG= 0.0000E+00 SDV14= 0.00000 SDV16= 0.2200E-03
[INGEST_TRACE] ELEM=   10 JTYPE=2 KSTEP=2 KINC= 1 IP=3 SV_H= 0.2300E-03 PH= 0.00000 ENG= 0.0000E+00 SDV14= 0.00000 SDV16= 0.2300E-03
[INGEST_TRACE] ELEM=   10 JTYPE=2 KSTEP=2 KINC= 1 IP=4 SV_H= 0.2400E-03 PH= 0.00000 ENG= 0.0000E+00 SDV14= 0.00000 SDV16= 0.2400E-03
[INGEST_TRACE] ELEM=   13 JTYPE=4 KSTEP=2 KINC= 1 IP=1 SV_H= 0.3100E-03 PH= 0.00000 ENG= 0.0000E+00 SDV14= 0.00000 SDV16= 0.3100E-03
[INGEST_TRACE] ELEM=   13 JTYPE=4 KSTEP=2 KINC= 1 IP=2 SV_H= 0.3200E-03 PH= 0.00000 ENG= 0.0000E+00 SDV14= 0.00000 SDV16= 0.3200E-03
[INGEST_TRACE] ELEM=   13 JTYPE=4 KSTEP=2 KINC= 1 IP=3 SV_H= 0.3300E-03 PH= 0.00000 ENG= 0.0000E+00 SDV14= 0.00000 SDV16= 0.3300E-03
[INGEST_TRACE] ELEM=   14 JTYPE=4 KSTEP=2 KINC= 1 IP=1 SV_H= 0.4100E-03 PH= 0.00000 ENG= 0.0000E+00 SDV14= 0.00000 SDV16= 0.4100E-03
[INGEST_TRACE] ELEM=   14 JTYPE=4 KSTEP=2 KINC= 1 IP=2 SV_H= 0.4200E-03 PH= 0.00000 ENG= 0.0000E+00 SDV14= 0.00000 SDV16= 0.4200E-03
[INGEST_TRACE] ELEM=   14 JTYPE=4 KSTEP=2 KINC= 1 IP=3 SV_H= 0.4300E-03 PH= 0.00000 ENG= 0.0000E+00 SDV14= 0.00000 SDV16= 0.4300E-03


          THE ANALYSIS HAS BEEN COMPLETED



                              ANALYSIS COMPLETE
                              WITH     10 WARNING MESSAGES ON THE DAT FILE
                              AND       8 WARNING MESSAGES ON THE MSG FILE
                                        6 WARNINGS ARE FOR NUMERICAL PROBLEMS



     JOB TIME SUMMARY
       USER TIME (SEC)      =     4.00E-02
       SYSTEM TIME (SEC)    =     2.00E-02
       TOTAL CPU TIME (SEC) =     6.00E-02
       WALLCLOCK TIME (SEC) =            0
1

   Abaqus 2023                                  Date 12-Aug-2026   Time 11:13:35
   For use by TECHNISCHE UNIVERSITAET BERGAKADEMIE FREIBERG under license from Dassault Systemes or its subsidiary.

 M2STATE_INGEST_SMOKE1R10: Minimal Solver Ingestion Qualification Fixture        
                                                                                 
 STEP    1     INCREMENT     1     STEP TIME    0.00    


                        S T E P       1     S T A T I C   A N A L Y S I S


                                                                                          

     AUTOMATIC TIME CONTROL WITH -
          A SUGGESTED INITIAL TIME INCREMENT OF                 1.00    
          AND A TOTAL TIME PERIOD OF                            1.00    
          THE MINIMUM TIME INCREMENT ALLOWED IS                1.000E-05
          THE MAXIMUM TIME INCREMENT ALLOWED IS                 1.00    

     LINEAR EQUATION SOLVER TYPE         DIRECT SPARSE

 CONVERGENCE TOLERANCE PARAMETERS FOR FORCE    
     CRITERION FOR RESIDUAL FORCE     FOR A NONLINEAR PROBLEM          5.000E-03
     CRITERION FOR DISP.    CORRECTION IN A NONLINEAR PROBLEM          1.000E-02
     INITIAL VALUE OF TIME AVERAGE FORCE                               1.000E-02
     AVERAGE FORCE     IS TIME AVERAGE FORCE    
     ALTERNATE CRIT. FOR RESIDUAL FORCE     FOR A NONLINEAR PROBLEM    2.000E-02
     CRITERION FOR ZERO FORCE     RELATIVE TO TIME AVRG. FORCE         1.000E-05
     CRITERION FOR RESIDUAL FORCE     WHEN THERE IS ZERO FLUX          1.000E-05
     CRITERION FOR DISP.    CORRECTION WHEN THERE IS ZERO FLUX         1.000E-03
     CRITERION FOR RESIDUAL FORCE     FOR A LINEAR INCREMENT           1.000E-08
     FIELD CONVERSION RATIO                                             1.00    
     CRITERION FOR ZERO FORCE     REL. TO TIME AVRG. MAX. FORCE        1.000E-05
     CRITERION FOR ZERO DISP.    RELATIVE TO CHARACTERISTIC LENGTH     1.000E-08

     VOLUMETRIC STRAIN COMPATIBILITY TOLERANCE FOR HYBRID SOLIDS       1.000E-05
     AXIAL STRAIN COMPATIBILITY TOLERANCE FOR HYBRID BEAMS             1.000E-05
     TRANS. SHEAR STRAIN COMPATIBILITY TOLERANCE FOR HYBRID BEAMS      1.000E-05
     SOFT CONTACT CONSTRAINT COMPATIBILITY TOLERANCE FOR P>P0          5.000E-03
     SOFT CONTACT CONSTRAINT COMPATIBILITY TOLERANCE FOR P=0.0         0.100    
     CONTACT FORCE ERROR TOLERANCE FOR CONVERT SDI=YES                 1.00    
     DISPLACEMENT COMPATIBILITY TOLERANCE FOR DCOUP ELEMENTS           1.000E-05
     ROTATION COMPATIBILITY TOLERANCE FOR DCOUP ELEMENTS               1.000E-05

 EQUILIBRIUM WILL BE CHECKED FOR SEVERE DISCONTINUITY ITERATIONS

 TIME INCREMENTATION CONTROL PARAMETERS:
     FIRST EQUILIBRIUM ITERATION FOR CONSECUTIVE DIVERGENCE CHECK              4
     EQUILIBRIUM ITERATION AT WHICH LOG. CONVERGENCE RATE CHECK BEGINS         8
     EQUILIBRIUM ITERATION AFTER WHICH ALTERNATE RESIDUAL IS USED              9
     MAXIMUM EQUILIBRIUM ITERATIONS ALLOWED                                   16
     EQUILIBRIUM ITERATION COUNT FOR CUT-BACK IN NEXT INCREMENT               10
     MAXIMUM EQUILIB. ITERS IN TWO INCREMENTS FOR TIME INCREMENT INCREASE      4
     MAXIMUM ITERATIONS FOR SEVERE DISCONTINUITIES                            50
     MAXIMUM ATTEMPTS ALLOWED IN AN INCREMENT                                  5
     MAXIMUM DISCON. ITERS IN TWO INCREMENTS FOR TIME INCREMENT INCREASE      50
     MAXIMUM CONTACT AUGMENTATIONS FOR *SURFACE BEHAVIOR,AUGMENTED LAGRANGE   50
     CUT-BACK FACTOR AFTER DIVERGENCE                                 0.2500    
     CUT-BACK FACTOR FOR TOO SLOW CONVERGENCE                         0.5000    
     CUT-BACK FACTOR AFTER TOO MANY EQUILIBRIUM ITERATIONS            0.7500    
     CUT-BACK FACTOR AFTER TOO MANY SEVERE DISCONTINUITY ITERATIONS   0.2500    
     CUT-BACK FACTOR AFTER PROBLEMS IN ELEMENT ASSEMBLY               0.2500    
     INCREASE FACTOR AFTER TWO INCREMENTS THAT CONVERGE QUICKLY        1.500    
     MAX. TIME INCREMENT INCREASE FACTOR ALLOWED                       1.500    
     MAX. TIME INCREMENT INCREASE FACTOR ALLOWED (DYNAMICS)            1.250    
     MAX. TIME INCREMENT INCREASE FACTOR ALLOWED (DIFFUSION)           2.000    
     MINIMUM TIME INCREMENT RATIO FOR EXTRAPOLATION TO OCCUR          0.1000    
     MAX. RATIO OF TIME INCREMENT TO STABILITY LIMIT                   1.000    
     FRACTION OF STABILITY LIMIT FOR NEW TIME INCREMENT               0.9500    
     TIME INCREMENT INCREASE FACTOR BEFORE A TIME POINT                1.000    
     GLOBAL STABILIZATION CONTROL IS NOT USED

          PRINT OF INCREMENT NUMBER, TIME, ETC., EVERY    1  INCREMENTS

     THE MAXIMUM NUMBER OF INCREMENTS IN THIS STEP IS                     100

     LINEAR EXTRAPOLATION WILL BE USED

     CHARACTERISTIC ELEMENT LENGTH     0.942    

     DETAILS REGARDING ACTUAL SOLUTION WAVEFRONT REQUESTED

     DETAILED OUTPUT OF DIAGNOSTICS TO DATABASE REQUESTED

     PRINT OF INCREMENT NUMBER, TIME, ETC., TO THE MESSAGE FILE EVERY     1  INCREMENTS

     COLLECTING MODEL CONSTRAINT INFORMATION FOR OVERCONSTRAINT CHECKS

     COLLECTING STEP CONSTRAINT INFORMATION FOR OVERCONSTRAINT CHECKS
[INGEST_TRACE] ELEM=    1 JTYPE=1 KSTEP=1 KINC= 1 IP=1 U_NODES= 0.00000, 0.00000, 0.00000, 0.00000 SV_H= 0.1100E-03 HIST= 0.1100E-03 PH= 0.00000 SDV15= 0.00000
[INGEST_TRACE] ELEM=    1 JTYPE=1 KSTEP=1 KINC= 1 IP=2 U_NODES= 0.00000, 0.00000, 0.00000, 0.00000 SV_H= 0.1200E-03 HIST= 0.1200E-03 PH= 0.00000 SDV15= 0.00000
[INGEST_TRACE] ELEM=    1 JTYPE=1 KSTEP=1 KINC= 1 IP=3 U_NODES= 0.00000, 0.00000, 0.00000, 0.00000 SV_H= 0.1300E-03 HIST= 0.1300E-03 PH= 0.00000 SDV15= 0.00000
[INGEST_TRACE] ELEM=    1 JTYPE=1 KSTEP=1 KINC= 1 IP=4 U_NODES= 0.00000, 0.00000, 0.00000, 0.00000 SV_H= 0.1400E-03 HIST= 0.1400E-03 PH= 0.00000 SDV15= 0.00000
[INGEST_TRACE] ELEM=    2 JTYPE=1 KSTEP=1 KINC= 1 IP=1 U_NODES= 0.00000, 0.00000, 0.00000, 0.00000 SV_H= 0.2100E-03 HIST= 0.2100E-03 PH= 0.00000 SDV15= 0.00000
[INGEST_TRACE] ELEM=    2 JTYPE=1 KSTEP=1 KINC= 1 IP=2 U_NODES= 0.00000, 0.00000, 0.00000, 0.00000 SV_H= 0.2200E-03 HIST= 0.2200E-03 PH= 0.00000 SDV15= 0.00000
[INGEST_TRACE] ELEM=    2 JTYPE=1 KSTEP=1 KINC= 1 IP=3 U_NODES= 0.00000, 0.00000, 0.00000, 0.00000 SV_H= 0.2300E-03 HIST= 0.2300E-03 PH= 0.00000 SDV15= 0.00000
[INGEST_TRACE] ELEM=    2 JTYPE=1 KSTEP=1 KINC= 1 IP=4 U_NODES= 0.00000, 0.00000, 0.00000, 0.00000 SV_H= 0.2400E-03 HIST= 0.2400E-03 PH= 0.00000 SDV15= 0.00000
[INGEST_TRACE] ELEM=    5 JTYPE=3 KSTEP=1 KINC= 1 IP=1 U_NODES= 0.00000, 0.00000, 0.00000 SV_H= 0.3100E-03 HIST= 0.3100E-03 PH= 0.00000 SDV15= 0.00000
[INGEST_TRACE] ELEM=    5 JTYPE=3 KSTEP=1 KINC= 1 IP=2 U_NODES= 0.00000, 0.00000, 0.00000 SV_H= 0.3200E-03 HIST= 0.3200E-03 PH= 0.00000 SDV15= 0.00000
[INGEST_TRACE] ELEM=    5 JTYPE=3 KSTEP=1 KINC= 1 IP=3 U_NODES= 0.00000, 0.00000, 0.00000 SV_H= 0.3300E-03 HIST= 0.3300E-03 PH= 0.00000 SDV15= 0.00000
[INGEST_TRACE] ELEM=    6 JTYPE=3 KSTEP=1 KINC= 1 IP=1 U_NODES= 0.00000, 0.00000, 0.00000 SV_H= 0.4100E-03 HIST= 0.4100E-03 PH= 0.00000 SDV15= 0.00000
[INGEST_TRACE] ELEM=    6 JTYPE=3 KSTEP=1 KINC= 1 IP=2 U_NODES= 0.00000, 0.00000, 0.00000 SV_H= 0.4200E-03 HIST= 0.4200E-03 PH= 0.00000 SDV15= 0.00000
[INGEST_TRACE] ELEM=    6 JTYPE=3 KSTEP=1 KINC= 1 IP=3 U_NODES= 0.00000, 0.00000, 0.00000 SV_H= 0.4300E-03 HIST= 0.4300E-03 PH= 0.00000 SDV15= 0.00000
[INGEST_TRACE] ELEM=    9 JTYPE=2 KSTEP=1 KINC= 1 IP=1 SV_H= 0.1100E-03 PH= 0.00000 ENG= 0.0000E+00 SDV14= 0.00000 SDV16= 0.1100E-03
[INGEST_TRACE] ELEM=    9 JTYPE=2 KSTEP=1 KINC= 1 IP=2 SV_H= 0.1200E-03 PH= 0.00000 ENG= 0.0000E+00 SDV14= 0.00000 SDV16= 0.1200E-03
[INGEST_TRACE] ELEM=    9 JTYPE=2 KSTEP=1 KINC= 1 IP=3 SV_H= 0.1300E-03 PH= 0.00000 ENG= 0.0000E+00 SDV14= 0.00000 SDV16= 0.1300E-03
[INGEST_TRACE] ELEM=    9 JTYPE=2 KSTEP=1 KINC= 1 IP=4 SV_H= 0.1400E-03 PH= 0.00000 ENG= 0.0000E+00 SDV14= 0.00000 SDV16= 0.1400E-03
[INGEST_TRACE] ELEM=   10 JTYPE=2 KSTEP=1 KINC= 1 IP=1 SV_H= 0.2100E-03 PH= 0.00000 ENG= 0.0000E+00 SDV14= 0.00000 SDV16= 0.2100E-03
[INGEST_TRACE] ELEM=   10 JTYPE=2 KSTEP=1 KINC= 1 IP=2 SV_H= 0.2200E-03 PH= 0.00000 ENG= 0.0000E+00 SDV14= 0.00000 SDV16= 0.2200E-03
[INGEST_TRACE] ELEM=   10 JTYPE=2 KSTEP=1 KINC= 1 IP=3 SV_H= 0.2300E-03 PH= 0.00000 ENG= 0.0000E+00 SDV14= 0.00000 SDV16= 0.2300E-03
[INGEST_TRACE] ELEM=   10 JTYPE=2 KSTEP=1 KINC= 1 IP=4 SV_H= 0.2400E-03 PH= 0.00000 ENG= 0.0000E+00 SDV14= 0.00000 SDV16= 0.2400E-03
[INGEST_TRACE] ELEM=   13 JTYPE=4 KSTEP=1 KINC= 1 IP=1 SV_H= 0.3100E-03 PH= 0.00000 ENG= 0.0000E+00 SDV14= 0.00000 SDV16= 0.3100E-03
[INGEST_TRACE] ELEM=   13 JTYPE=4 KSTEP=1 KINC= 1 IP=2 SV_H= 0.3200E-03 PH= 0.00000 ENG= 0.0000E+00 SDV14= 0.00000 SDV16= 0.3200E-03
[INGEST_TRACE] ELEM=   13 JTYPE=4 KSTEP=1 KINC= 1 IP=3 SV_H= 0.3300E-03 PH= 0.00000 ENG= 0.0000E+00 SDV14= 0.00000 SDV16= 0.3300E-03
[INGEST_TRACE] ELEM=   14 JTYPE=4 KSTEP=1 KINC= 1 IP=1 SV_H= 0.4100E-03 PH= 0.00000 ENG= 0.0000E+00 SDV14= 0.00000 SDV16= 0.4100E-03
[INGEST_TRACE] ELEM=   14 JTYPE=4 KSTEP=1 KINC= 1 IP=2 SV_H= 0.4200E-03 PH= 0.00000 ENG= 0.0000E+00 SDV14= 0.00000 SDV16= 0.4200E-03
[INGEST_TRACE] ELEM=   14 JTYPE=4 KSTEP=1 KINC= 1 IP=3 SV_H= 0.4300E-03 PH= 0.00000 ENG= 0.0000E+00 SDV14= 0.00000 SDV16= 0.4300E-03


  INCREMENT     1 STARTS. ATTEMPT NUMBER  1, TIME INCREMENT   1.00    
[INGEST_TRACE] ELEM=    1 JTYPE=1 KSTEP=1 KINC= 1 IP=1 U_NODES= 0.00000, 0.00000, 0.00000, 0.00000 SV_H= 0.1100E-03 HIST= 0.1100E-03 PH= 0.00000 SDV15= 0.00000
[INGEST_TRACE] ELEM=    1 JTYPE=1 KSTEP=1 KINC= 1 IP=2 U_NODES= 0.00000, 0.00000, 0.00000, 0.00000 SV_H= 0.1200E-03 HIST= 0.1200E-03 PH= 0.00000 SDV15= 0.00000
[INGEST_TRACE] ELEM=    1 JTYPE=1 KSTEP=1 KINC= 1 IP=3 U_NODES= 0.00000, 0.00000, 0.00000, 0.00000 SV_H= 0.1300E-03 HIST= 0.1300E-03 PH= 0.00000 SDV15= 0.00000
[INGEST_TRACE] ELEM=    1 JTYPE=1 KSTEP=1 KINC= 1 IP=4 U_NODES= 0.00000, 0.00000, 0.00000, 0.00000 SV_H= 0.1400E-03 HIST= 0.1400E-03 PH= 0.00000 SDV15= 0.00000
[INGEST_TRACE] ELEM=    2 JTYPE=1 KSTEP=1 KINC= 1 IP=1 U_NODES= 0.00000, 0.00000, 0.00000, 0.00000 SV_H= 0.2100E-03 HIST= 0.2100E-03 PH= 0.00000 SDV15= 0.00000
[INGEST_TRACE] ELEM=    2 JTYPE=1 KSTEP=1 KINC= 1 IP=2 U_NODES= 0.00000, 0.00000, 0.00000, 0.00000 SV_H= 0.2200E-03 HIST= 0.2200E-03 PH= 0.00000 SDV15= 0.00000
[INGEST_TRACE] ELEM=    2 JTYPE=1 KSTEP=1 KINC= 1 IP=3 U_NODES= 0.00000, 0.00000, 0.00000, 0.00000 SV_H= 0.2300E-03 HIST= 0.2300E-03 PH= 0.00000 SDV15= 0.00000
[INGEST_TRACE] ELEM=    2 JTYPE=1 KSTEP=1 KINC= 1 IP=4 U_NODES= 0.00000, 0.00000, 0.00000, 0.00000 SV_H= 0.2400E-03 HIST= 0.2400E-03 PH= 0.00000 SDV15= 0.00000
[INGEST_TRACE] ELEM=    5 JTYPE=3 KSTEP=1 KINC= 1 IP=1 U_NODES= 0.00000, 0.00000, 0.00000 SV_H= 0.3100E-03 HIST= 0.3100E-03 PH= 0.00000 SDV15= 0.00000
[INGEST_TRACE] ELEM=    5 JTYPE=3 KSTEP=1 KINC= 1 IP=2 U_NODES= 0.00000, 0.00000, 0.00000 SV_H= 0.3200E-03 HIST= 0.3200E-03 PH= 0.00000 SDV15= 0.00000
[INGEST_TRACE] ELEM=    5 JTYPE=3 KSTEP=1 KINC= 1 IP=3 U_NODES= 0.00000, 0.00000, 0.00000 SV_H= 0.3300E-03 HIST= 0.3300E-03 PH= 0.00000 SDV15= 0.00000
[INGEST_TRACE] ELEM=    6 JTYPE=3 KSTEP=1 KINC= 1 IP=1 U_NODES= 0.00000, 0.00000, 0.00000 SV_H= 0.4100E-03 HIST= 0.4100E-03 PH= 0.00000 SDV15= 0.00000
[INGEST_TRACE] ELEM=    6 JTYPE=3 KSTEP=1 KINC= 1 IP=2 U_NODES= 0.00000, 0.00000, 0.00000 SV_H= 0.4200E-03 HIST= 0.4200E-03 PH= 0.00000 SDV15= 0.00000
[INGEST_TRACE] ELEM=    6 JTYPE=3 KSTEP=1 KINC= 1 IP=3 U_NODES= 0.00000, 0.00000, 0.00000 SV_H= 0.4300E-03 HIST= 0.4300E-03 PH= 0.00000 SDV15= 0.00000
[INGEST_TRACE] ELEM=    9 JTYPE=2 KSTEP=1 KINC= 1 IP=1 SV_H= 0.1100E-03 PH= 0.00000 ENG= 0.0000E+00 SDV14= 0.00000 SDV16= 0.1100E-03
[INGEST_TRACE] ELEM=    9 JTYPE=2 KSTEP=1 KINC= 1 IP=2 SV_H= 0.1200E-03 PH= 0.00000 ENG= 0.0000E+00 SDV14= 0.00000 SDV16= 0.1200E-03
[INGEST_TRACE] ELEM=    9 JTYPE=2 KSTEP=1 KINC= 1 IP=3 SV_H= 0.1300E-03 PH= 0.00000 ENG= 0.0000E+00 SDV14= 0.00000 SDV16= 0.1300E-03
[INGEST_TRACE] ELEM=    9 JTYPE=2 KSTEP=1 KINC= 1 IP=4 SV_H= 0.1400E-03 PH= 0.00000 ENG= 0.0000E+00 SDV14= 0.00000 SDV16= 0.1400E-03
[INGEST_TRACE] ELEM=   10 JTYPE=2 KSTEP=1 KINC= 1 IP=1 SV_H= 0.2100E-03 PH= 0.00000 ENG= 0.0000E+00 SDV14= 0.00000 SDV16= 0.2100E-03
[INGEST_TRACE] ELEM=   10 JTYPE=2 KSTEP=1 KINC= 1 IP=2 SV_H= 0.2200E-03 PH= 0.00000 ENG= 0.0000E+00 SDV14= 0.00000 SDV16= 0.2200E-03
[INGEST_TRACE] ELEM=   10 JTYPE=2 KSTEP=1 KINC= 1 IP=3 SV_H= 0.2300E-03 PH= 0.00000 ENG= 0.0000E+00 SDV14= 0.00000 SDV16= 0.2300E-03
[INGEST_TRACE] ELEM=   10 JTYPE=2 KSTEP=1 KINC= 1 IP=4 SV_H= 0.2400E-03 PH= 0.00000 ENG= 0.0000E+00 SDV14= 0.00000 SDV16= 0.2400E-03
[INGEST_TRACE] ELEM=   13 JTYPE=4 KSTEP=1 KINC= 1 IP=1 SV_H= 0.3100E-03 PH= 0.00000 ENG= 0.0000E+00 SDV14= 0.00000 SDV16= 0.3100E-03
[INGEST_TRACE] ELEM=   13 JTYPE=4 KSTEP=1 KINC= 1 IP=2 SV_H= 0.3200E-03 PH= 0.00000 ENG= 0.0000E+00 SDV14= 0.00000 SDV16= 0.3200E-03
[INGEST_TRACE] ELEM=   13 JTYPE=4 KSTEP=1 KINC= 1 IP=3 SV_H= 0.3300E-03 PH= 0.00000 ENG= 0.0000E+00 SDV14= 0.00000 SDV16= 0.3300E-03
[INGEST_TRACE] ELEM=   14 JTYPE=4 KSTEP=1 KINC= 1 IP=1 SV_H= 0.4100E-03 PH= 0.00000 ENG= 0.0000E+00 SDV14= 0.00000 SDV16= 0.4100E-03
[INGEST_TRACE] ELEM=   14 JTYPE=4 KSTEP=1 KINC= 1 IP=2 SV_H= 0.4200E-03 PH= 0.00000 ENG= 0.0000E+00 SDV14= 0.00000 SDV16= 0.4200E-03
[INGEST_TRACE] ELEM=   14 JTYPE=4 KSTEP=1 KINC= 1 IP=3 SV_H= 0.4300E-03 PH= 0.00000 ENG= 0.0000E+00 SDV14= 0.00000 SDV16= 0.4300E-03

 ***WARNING: THERE ARE 2 UNCONNECTED REGIONS IN THE MODEL.

 ***NOTE: SFM TYPE SURFACE ELEMENTS USED TO DEFINE CONTACT SURFACES NOT PART OF 
          A RIGID BODY MAY INCREASE THE NUMBER OR UNCONNECTED REGIONS REPORTED.
 
	SYMMETRIC DIRECT SPARSE SOLVER RUNNING ON
 	1 HOST:        1 MPI RANK  x 1 THREAD
 	NUMBER OF EQUATIONS:     24
 	NUMBER OF RHS:           1
 	NUMBER OF FLOPS:         1.300e+03

     CHECK POINT  START OF SOLVER     

     CHECK POINT  END OF SOLVER       

       ELAPSED USER TIME (SEC)      =   0.0000    
       ELAPSED SYSTEM TIME (SEC)    =   0.0000    
       ELAPSED TOTAL CPU TIME (SEC) =   0.0000    
       ELAPSED WALLCLOCK TIME (SEC) =            0
 

 ***WARNING: SOLVER PROBLEM. NUMERICAL SINGULARITY WHEN PROCESSING NODE 6 
             D.O.F. 2 RATIO = 953.949E+12  .
 

 ***WARNING: SOLVER PROBLEM. NUMERICAL SINGULARITY WHEN PROCESSING NODE 7 
             D.O.F. 1 RATIO = 7.32325E+15.
 

 ***WARNING: SOLVER PROBLEM. NUMERICAL SINGULARITY WHEN PROCESSING NODE 7 
             D.O.F. 2 RATIO = 5.53099E+15.
 

 ***WARNING: SOLVER PROBLEM. NUMERICAL SINGULARITY WHEN PROCESSING NODE 2 
             D.O.F. 1 RATIO = 20.2353E+15 .
 

 ***WARNING: SOLVER PROBLEM. NUMERICAL SINGULARITY WHEN PROCESSING NODE 3 
             D.O.F. 1 RATIO = 2.05051E+15.
 

 ***WARNING: SOLVER PROBLEM. NUMERICAL SINGULARITY WHEN PROCESSING NODE 3 
             D.O.F. 2 RATIO = 347.662E+15  .
[INGEST_TRACE] ELEM=    1 JTYPE=1 KSTEP=1 KINC= 1 IP=1 U_NODES= 0.11000, 0.23000, 0.37000, 0.61000 SV_H= 0.1100E-03 HIST= 0.1100E-03 PH= 0.22494 SDV15= 0.22494
[INGEST_TRACE] ELEM=    1 JTYPE=1 KSTEP=1 KINC= 1 IP=2 U_NODES= 0.11000, 0.23000, 0.37000, 0.61000 SV_H= 0.1200E-03 HIST= 0.1200E-03 PH= 0.25030 SDV15= 0.25030
[INGEST_TRACE] ELEM=    1 JTYPE=1 KSTEP=1 KINC= 1 IP=3 U_NODES= 0.11000, 0.23000, 0.37000, 0.61000 SV_H= 0.1300E-03 HIST= 0.1300E-03 PH= 0.37506 SDV15= 0.37506
[INGEST_TRACE] ELEM=    1 JTYPE=1 KSTEP=1 KINC= 1 IP=4 U_NODES= 0.11000, 0.23000, 0.37000, 0.61000 SV_H= 0.1400E-03 HIST= 0.1400E-03 PH= 0.46970 SDV15= 0.46970
[INGEST_TRACE] ELEM=    2 JTYPE=1 KSTEP=1 KINC= 1 IP=1 U_NODES= 0.25000, 0.45000, 0.15000, 0.05000 SV_H= 0.2100E-03 HIST= 0.2100E-03 PH= 0.24553 SDV15= 0.24553
[INGEST_TRACE] ELEM=    2 JTYPE=1 KSTEP=1 KINC= 1 IP=2 U_NODES= 0.25000, 0.45000, 0.15000, 0.05000 SV_H= 0.2200E-03 HIST= 0.2200E-03 PH= 0.34880 SDV15= 0.34880
[INGEST_TRACE] ELEM=    2 JTYPE=1 KSTEP=1 KINC= 1 IP=3 U_NODES= 0.25000, 0.45000, 0.15000, 0.05000 SV_H= 0.2300E-03 HIST= 0.2300E-03 PH= 0.18780 SDV15= 0.18780
[INGEST_TRACE] ELEM=    2 JTYPE=1 KSTEP=1 KINC= 1 IP=4 U_NODES= 0.25000, 0.45000, 0.15000, 0.05000 SV_H= 0.2400E-03 HIST= 0.2400E-03 PH= 0.11786 SDV15= 0.11786
[INGEST_TRACE] ELEM=    5 JTYPE=3 KSTEP=1 KINC= 1 IP=1 U_NODES= 0.11000, 0.23000, 0.37000 SV_H= 0.3100E-03 HIST= 0.3100E-03 PH= 0.17333 SDV15= 0.17333
[INGEST_TRACE] ELEM=    5 JTYPE=3 KSTEP=1 KINC= 1 IP=2 U_NODES= 0.11000, 0.23000, 0.37000 SV_H= 0.3200E-03 HIST= 0.3200E-03 PH= 0.23333 SDV15= 0.23333
[INGEST_TRACE] ELEM=    5 JTYPE=3 KSTEP=1 KINC= 1 IP=3 U_NODES= 0.11000, 0.23000, 0.37000 SV_H= 0.3300E-03 HIST= 0.3300E-03 PH= 0.30333 SDV15= 0.30333
[INGEST_TRACE] ELEM=    6 JTYPE=3 KSTEP=1 KINC= 1 IP=1 U_NODES= 0.25000, 0.45000, 0.15000 SV_H= 0.4100E-03 HIST= 0.4100E-03 PH= 0.26667 SDV15= 0.26667
[INGEST_TRACE] ELEM=    6 JTYPE=3 KSTEP=1 KINC= 1 IP=2 U_NODES= 0.25000, 0.45000, 0.15000 SV_H= 0.4200E-03 HIST= 0.4200E-03 PH= 0.36667 SDV15= 0.36667
[INGEST_TRACE] ELEM=    6 JTYPE=3 KSTEP=1 KINC= 1 IP=3 U_NODES= 0.25000, 0.45000, 0.15000 SV_H= 0.4300E-03 HIST= 0.4300E-03 PH= 0.21667 SDV15= 0.21667
[INGEST_TRACE] ELEM=    9 JTYPE=2 KSTEP=1 KINC= 1 IP=1 SV_H= 0.1100E-03 PH= 0.00000 ENG= 0.0000E+00 SDV14= 0.00000 SDV16= 0.1100E-03
[INGEST_TRACE] ELEM=    9 JTYPE=2 KSTEP=1 KINC= 1 IP=2 SV_H= 0.1200E-03 PH= 0.00000 ENG= 0.0000E+00 SDV14= 0.00000 SDV16= 0.1200E-03
[INGEST_TRACE] ELEM=    9 JTYPE=2 KSTEP=1 KINC= 1 IP=3 SV_H= 0.1300E-03 PH= 0.00000 ENG= 0.0000E+00 SDV14= 0.00000 SDV16= 0.1300E-03
[INGEST_TRACE] ELEM=    9 JTYPE=2 KSTEP=1 KINC= 1 IP=4 SV_H= 0.1400E-03 PH= 0.00000 ENG= 0.0000E+00 SDV14= 0.00000 SDV16= 0.1400E-03
[INGEST_TRACE] ELEM=   10 JTYPE=2 KSTEP=1 KINC= 1 IP=1 SV_H= 0.2100E-03 PH= 0.00000 ENG= 0.0000E+00 SDV14= 0.00000 SDV16= 0.2100E-03
[INGEST_TRACE] ELEM=   10 JTYPE=2 KSTEP=1 KINC= 1 IP=2 SV_H= 0.2200E-03 PH= 0.00000 ENG= 0.0000E+00 SDV14= 0.00000 SDV16= 0.2200E-03
[INGEST_TRACE] ELEM=   10 JTYPE=2 KSTEP=1 KINC= 1 IP=3 SV_H= 0.2300E-03 PH= 0.00000 ENG= 0.0000E+00 SDV14= 0.00000 SDV16= 0.2300E-03
[INGEST_TRACE] ELEM=   10 JTYPE=2 KSTEP=1 KINC= 1 IP=4 SV_H= 0.2400E-03 PH= 0.00000 ENG= 0.0000E+00 SDV14= 0.00000 SDV16= 0.2400E-03
[INGEST_TRACE] ELEM=   13 JTYPE=4 KSTEP=1 KINC= 1 IP=1 SV_H= 0.3100E-03 PH= 0.00000 ENG= 0.0000E+00 SDV14= 0.00000 SDV16= 0.3100E-03
[INGEST_TRACE] ELEM=   13 JTYPE=4 KSTEP=1 KINC= 1 IP=2 SV_H= 0.3200E-03 PH= 0.00000 ENG= 0.0000E+00 SDV14= 0.00000 SDV16= 0.3200E-03
[INGEST_TRACE] ELEM=   13 JTYPE=4 KSTEP=1 KINC= 1 IP=3 SV_H= 0.3300E-03 PH= 0.00000 ENG= 0.0000E+00 SDV14= 0.00000 SDV16= 0.3300E-03
[INGEST_TRACE] ELEM=   14 JTYPE=4 KSTEP=1 KINC= 1 IP=1 SV_H= 0.4100E-03 PH= 0.00000 ENG= 0.0000E+00 SDV14= 0.00000 SDV16= 0.4100E-03
[INGEST_TRACE] ELEM=   14 JTYPE=4 KSTEP=1 KINC= 1 IP=2 SV_H= 0.4200E-03 PH= 0.00000 ENG= 0.0000E+00 SDV14= 0.00000 SDV16= 0.4200E-03
[INGEST_TRACE] ELEM=   14 JTYPE=4 KSTEP=1 KINC= 1 IP=3 SV_H= 0.4300E-03 PH= 0.00000 ENG= 0.0000E+00 SDV14= 0.00000 SDV16= 0.4300E-03

               CONVERGENCE CHECKS FOR EQUILIBRIUM ITERATION     1


 AVERAGE FORCE                       17.2       TIME AVG. FORCE        17.2    
 ALL FORCE     RESIDUALS ARE ZERO
 LARGEST INCREMENT OF DISP.         0.610       AT NODE          4   DOF  3
 LARGEST CORRECTION TO DISP.        0.610       AT NODE          4   DOF  3
          THE FORCE     EQUILIBRIUM RESPONSE WAS LINEAR IN THIS INCREMENT

 ITERATION SUMMARY FOR THE INCREMENT:   1 TOTAL ITERATIONS, OF WHICH
   0 ARE SEVERE DISCONTINUITY ITERATIONS AND  1 ARE EQUILIBRIUM ITERATIONS.

 TIME INCREMENT COMPLETED   1.00    ,  FRACTION OF STEP COMPLETED   1.00    
 STEP TIME COMPLETED        1.00    ,  TOTAL TIME COMPLETED         1.00    
1

   Abaqus 2023                                  Date 12-Aug-2026   Time 11:13:35
   For use by TECHNISCHE UNIVERSITAET BERGAKADEMIE FREIBERG under license from Dassault Systemes or its subsidiary.

 M2STATE_INGEST_SMOKE1R10: Minimal Solver Ingestion Qualification Fixture        
                                                                                 
 STEP    2     INCREMENT     1     STEP TIME    0.00    


                        S T E P       2     S T A T I C   A N A L Y S I S


                                                                                          

     AUTOMATIC TIME CONTROL WITH -
          A SUGGESTED INITIAL TIME INCREMENT OF                 1.00    
          AND A TOTAL TIME PERIOD OF                            1.00    
          THE MINIMUM TIME INCREMENT ALLOWED IS                1.000E-05
          THE MAXIMUM TIME INCREMENT ALLOWED IS                 1.00    

     LINEAR EQUATION SOLVER TYPE         DIRECT SPARSE

 CONVERGENCE TOLERANCE PARAMETERS FOR FORCE    
     CRITERION FOR RESIDUAL FORCE     FOR A NONLINEAR PROBLEM          5.000E-03
     CRITERION FOR DISP.    CORRECTION IN A NONLINEAR PROBLEM          1.000E-02
     INIT. VALUE OF TIME AVG. FORCE     IS TIME AVG. FORCE     IN PREVIOUS STEP
     AVERAGE FORCE     IS TIME AVERAGE FORCE    
     ALTERNATE CRIT. FOR RESIDUAL FORCE     FOR A NONLINEAR PROBLEM    2.000E-02
     CRITERION FOR ZERO FORCE     RELATIVE TO TIME AVRG. FORCE         1.000E-05
     CRITERION FOR RESIDUAL FORCE     WHEN THERE IS ZERO FLUX          1.000E-05
     CRITERION FOR DISP.    CORRECTION WHEN THERE IS ZERO FLUX         1.000E-03
     CRITERION FOR RESIDUAL FORCE     FOR A LINEAR INCREMENT           1.000E-08
     FIELD CONVERSION RATIO                                             1.00    
     CRITERION FOR ZERO FORCE     REL. TO TIME AVRG. MAX. FORCE        1.000E-05
     CRITERION FOR ZERO DISP.    RELATIVE TO CHARACTERISTIC LENGTH     1.000E-08

     VOLUMETRIC STRAIN COMPATIBILITY TOLERANCE FOR HYBRID SOLIDS       1.000E-05
     AXIAL STRAIN COMPATIBILITY TOLERANCE FOR HYBRID BEAMS             1.000E-05
     TRANS. SHEAR STRAIN COMPATIBILITY TOLERANCE FOR HYBRID BEAMS      1.000E-05
     SOFT CONTACT CONSTRAINT COMPATIBILITY TOLERANCE FOR P>P0          5.000E-03
     SOFT CONTACT CONSTRAINT COMPATIBILITY TOLERANCE FOR P=0.0         0.100    
     CONTACT FORCE ERROR TOLERANCE FOR CONVERT SDI=YES                 1.00    
     DISPLACEMENT COMPATIBILITY TOLERANCE FOR DCOUP ELEMENTS           1.000E-05
     ROTATION COMPATIBILITY TOLERANCE FOR DCOUP ELEMENTS               1.000E-05

 EQUILIBRIUM WILL BE CHECKED FOR SEVERE DISCONTINUITY ITERATIONS

 TIME INCREMENTATION CONTROL PARAMETERS:
     FIRST EQUILIBRIUM ITERATION FOR CONSECUTIVE DIVERGENCE CHECK              4
     EQUILIBRIUM ITERATION AT WHICH LOG. CONVERGENCE RATE CHECK BEGINS         8
     EQUILIBRIUM ITERATION AFTER WHICH ALTERNATE RESIDUAL IS USED              9
     MAXIMUM EQUILIBRIUM ITERATIONS ALLOWED                                   16
     EQUILIBRIUM ITERATION COUNT FOR CUT-BACK IN NEXT INCREMENT               10
     MAXIMUM EQUILIB. ITERS IN TWO INCREMENTS FOR TIME INCREMENT INCREASE      4
     MAXIMUM ITERATIONS FOR SEVERE DISCONTINUITIES                            50
     MAXIMUM ATTEMPTS ALLOWED IN AN INCREMENT                                  5
     MAXIMUM DISCON. ITERS IN TWO INCREMENTS FOR TIME INCREMENT INCREASE      50
     MAXIMUM CONTACT AUGMENTATIONS FOR *SURFACE BEHAVIOR,AUGMENTED LAGRANGE   50
     CUT-BACK FACTOR AFTER DIVERGENCE                                 0.2500    
     CUT-BACK FACTOR FOR TOO SLOW CONVERGENCE                         0.5000    
     CUT-BACK FACTOR AFTER TOO MANY EQUILIBRIUM ITERATIONS            0.7500    
     CUT-BACK FACTOR AFTER TOO MANY SEVERE DISCONTINUITY ITERATIONS   0.2500    
     CUT-BACK FACTOR AFTER PROBLEMS IN ELEMENT ASSEMBLY               0.2500    
     INCREASE FACTOR AFTER TWO INCREMENTS THAT CONVERGE QUICKLY        1.500    
     MAX. TIME INCREMENT INCREASE FACTOR ALLOWED                       1.500    
     MAX. TIME INCREMENT INCREASE FACTOR ALLOWED (DYNAMICS)            1.250    
     MAX. TIME INCREMENT INCREASE FACTOR ALLOWED (DIFFUSION)           2.000    
     MINIMUM TIME INCREMENT RATIO FOR EXTRAPOLATION TO OCCUR          0.1000    
     MAX. RATIO OF TIME INCREMENT TO STABILITY LIMIT                   1.000    
     FRACTION OF STABILITY LIMIT FOR NEW TIME INCREMENT               0.9500    
     TIME INCREMENT INCREASE FACTOR BEFORE A TIME POINT                1.000    
     GLOBAL STABILIZATION CONTROL IS NOT USED

          PRINT OF INCREMENT NUMBER, TIME, ETC., EVERY    1  INCREMENTS

     THE MAXIMUM NUMBER OF INCREMENTS IN THIS STEP IS                     100

     LINEAR EXTRAPOLATION WILL BE USED

     CHARACTERISTIC ELEMENT LENGTH     0.942    

     DETAILS REGARDING ACTUAL SOLUTION WAVEFRONT REQUESTED

     DETAILED OUTPUT OF DIAGNOSTICS TO DATABASE REQUESTED

     PRINT OF INCREMENT NUMBER, TIME, ETC., TO THE MESSAGE FILE EVERY     1  INCREMENTS

     COLLECTING STEP CONSTRAINT INFORMATION FOR OVERCONSTRAINT CHECKS


  INCREMENT     1 STARTS. ATTEMPT NUMBER  1, TIME INCREMENT   1.00    
[INGEST_TRACE] ELEM=    1 JTYPE=1 KSTEP=2 KINC= 1 IP=1 U_NODES= 0.11000, 0.23000, 0.37000, 0.61000 SV_H= 0.1100E-03 HIST= 0.1100E-03 PH= 0.22494 SDV15= 0.22494
[INGEST_TRACE] ELEM=    1 JTYPE=1 KSTEP=2 KINC= 1 IP=2 U_NODES= 0.11000, 0.23000, 0.37000, 0.61000 SV_H= 0.1200E-03 HIST= 0.1200E-03 PH= 0.25030 SDV15= 0.25030
[INGEST_TRACE] ELEM=    1 JTYPE=1 KSTEP=2 KINC= 1 IP=3 U_NODES= 0.11000, 0.23000, 0.37000, 0.61000 SV_H= 0.1300E-03 HIST= 0.1300E-03 PH= 0.37506 SDV15= 0.37506
[INGEST_TRACE] ELEM=    1 JTYPE=1 KSTEP=2 KINC= 1 IP=4 U_NODES= 0.11000, 0.23000, 0.37000, 0.61000 SV_H= 0.1400E-03 HIST= 0.1400E-03 PH= 0.46970 SDV15= 0.46970
[INGEST_TRACE] ELEM=    2 JTYPE=1 KSTEP=2 KINC= 1 IP=1 U_NODES= 0.25000, 0.45000, 0.15000, 0.05000 SV_H= 0.2100E-03 HIST= 0.2100E-03 PH= 0.24553 SDV15= 0.24553
[INGEST_TRACE] ELEM=    2 JTYPE=1 KSTEP=2 KINC= 1 IP=2 U_NODES= 0.25000, 0.45000, 0.15000, 0.05000 SV_H= 0.2200E-03 HIST= 0.2200E-03 PH= 0.34880 SDV15= 0.34880
[INGEST_TRACE] ELEM=    2 JTYPE=1 KSTEP=2 KINC= 1 IP=3 U_NODES= 0.25000, 0.45000, 0.15000, 0.05000 SV_H= 0.2300E-03 HIST= 0.2300E-03 PH= 0.18780 SDV15= 0.18780
[INGEST_TRACE] ELEM=    2 JTYPE=1 KSTEP=2 KINC= 1 IP=4 U_NODES= 0.25000, 0.45000, 0.15000, 0.05000 SV_H= 0.2400E-03 HIST= 0.2400E-03 PH= 0.11786 SDV15= 0.11786
[INGEST_TRACE] ELEM=    5 JTYPE=3 KSTEP=2 KINC= 1 IP=1 U_NODES= 0.11000, 0.23000, 0.37000 SV_H= 0.3100E-03 HIST= 0.3100E-03 PH= 0.17333 SDV15= 0.17333
[INGEST_TRACE] ELEM=    5 JTYPE=3 KSTEP=2 KINC= 1 IP=2 U_NODES= 0.11000, 0.23000, 0.37000 SV_H= 0.3200E-03 HIST= 0.3200E-03 PH= 0.23333 SDV15= 0.23333
[INGEST_TRACE] ELEM=    5 JTYPE=3 KSTEP=2 KINC= 1 IP=3 U_NODES= 0.11000, 0.23000, 0.37000 SV_H= 0.3300E-03 HIST= 0.3300E-03 PH= 0.30333 SDV15= 0.30333
[INGEST_TRACE] ELEM=    6 JTYPE=3 KSTEP=2 KINC= 1 IP=1 U_NODES= 0.25000, 0.45000, 0.15000 SV_H= 0.4100E-03 HIST= 0.4100E-03 PH= 0.26667 SDV15= 0.26667
[INGEST_TRACE] ELEM=    6 JTYPE=3 KSTEP=2 KINC= 1 IP=2 U_NODES= 0.25000, 0.45000, 0.15000 SV_H= 0.4200E-03 HIST= 0.4200E-03 PH= 0.36667 SDV15= 0.36667
[INGEST_TRACE] ELEM=    6 JTYPE=3 KSTEP=2 KINC= 1 IP=3 U_NODES= 0.25000, 0.45000, 0.15000 SV_H= 0.4300E-03 HIST= 0.4300E-03 PH= 0.21667 SDV15= 0.21667
[INGEST_TRACE] ELEM=    9 JTYPE=2 KSTEP=2 KINC= 1 IP=1 SV_H= 0.1100E-03 PH= 0.00000 ENG= 0.0000E+00 SDV14= 0.00000 SDV16= 0.1100E-03
[INGEST_TRACE] ELEM=    9 JTYPE=2 KSTEP=2 KINC= 1 IP=2 SV_H= 0.1200E-03 PH= 0.00000 ENG= 0.0000E+00 SDV14= 0.00000 SDV16= 0.1200E-03
[INGEST_TRACE] ELEM=    9 JTYPE=2 KSTEP=2 KINC= 1 IP=3 SV_H= 0.1300E-03 PH= 0.00000 ENG= 0.0000E+00 SDV14= 0.00000 SDV16= 0.1300E-03
[INGEST_TRACE] ELEM=    9 JTYPE=2 KSTEP=2 KINC= 1 IP=4 SV_H= 0.1400E-03 PH= 0.00000 ENG= 0.0000E+00 SDV14= 0.00000 SDV16= 0.1400E-03
[INGEST_TRACE] ELEM=   10 JTYPE=2 KSTEP=2 KINC= 1 IP=1 SV_H= 0.2100E-03 PH= 0.00000 ENG= 0.0000E+00 SDV14= 0.00000 SDV16= 0.2100E-03
[INGEST_TRACE] ELEM=   10 JTYPE=2 KSTEP=2 KINC= 1 IP=2 SV_H= 0.2200E-03 PH= 0.00000 ENG= 0.0000E+00 SDV14= 0.00000 SDV16= 0.2200E-03
[INGEST_TRACE] ELEM=   10 JTYPE=2 KSTEP=2 KINC= 1 IP=3 SV_H= 0.2300E-03 PH= 0.00000 ENG= 0.0000E+00 SDV14= 0.00000 SDV16= 0.2300E-03
[INGEST_TRACE] ELEM=   10 JTYPE=2 KSTEP=2 KINC= 1 IP=4 SV_H= 0.2400E-03 PH= 0.00000 ENG= 0.0000E+00 SDV14= 0.00000 SDV16= 0.2400E-03
[INGEST_TRACE] ELEM=   13 JTYPE=4 KSTEP=2 KINC= 1 IP=1 SV_H= 0.3100E-03 PH= 0.00000 ENG= 0.0000E+00 SDV14= 0.00000 SDV16= 0.3100E-03
[INGEST_TRACE] ELEM=   13 JTYPE=4 KSTEP=2 KINC= 1 IP=2 SV_H= 0.3200E-03 PH= 0.00000 ENG= 0.0000E+00 SDV14= 0.00000 SDV16= 0.3200E-03
[INGEST_TRACE] ELEM=   13 JTYPE=4 KSTEP=2 KINC= 1 IP=3 SV_H= 0.3300E-03 PH= 0.00000 ENG= 0.0000E+00 SDV14= 0.00000 SDV16= 0.3300E-03
[INGEST_TRACE] ELEM=   14 JTYPE=4 KSTEP=2 KINC= 1 IP=1 SV_H= 0.4100E-03 PH= 0.00000 ENG= 0.0000E+00 SDV14= 0.00000 SDV16= 0.4100E-03
[INGEST_TRACE] ELEM=   14 JTYPE=4 KSTEP=2 KINC= 1 IP=2 SV_H= 0.4200E-03 PH= 0.00000 ENG= 0.0000E+00 SDV14= 0.00000 SDV16= 0.4200E-03
[INGEST_TRACE] ELEM=   14 JTYPE=4 KSTEP=2 KINC= 1 IP=3 SV_H= 0.4300E-03 PH= 0.00000 ENG= 0.0000E+00 SDV14= 0.00000 SDV16= 0.4300E-03

 ***WARNING: THERE ARE 2 UNCONNECTED REGIONS IN THE MODEL.

 ***NOTE: SFM TYPE SURFACE ELEMENTS USED TO DEFINE CONTACT SURFACES NOT PART OF 
          A RIGID BODY MAY INCREASE THE NUMBER OR UNCONNECTED REGIONS REPORTED.
 
	SYMMETRIC DIRECT SPARSE SOLVER RUNNING ON
 	1 HOST:        1 MPI RANK  x 1 THREAD
 	NUMBER OF EQUATIONS:     24
 	NUMBER OF RHS:           1
 	NUMBER OF FLOPS:         1.300e+03

     CHECK POINT  START OF SOLVER     

     CHECK POINT  END OF SOLVER       

       ELAPSED USER TIME (SEC)      =   0.0000    
       ELAPSED SYSTEM TIME (SEC)    =   0.0000    
       ELAPSED TOTAL CPU TIME (SEC) =   0.0000    
       ELAPSED WALLCLOCK TIME (SEC) =            0
[INGEST_TRACE] ELEM=    1 JTYPE=1 KSTEP=2 KINC= 1 IP=1 U_NODES= 0.99625, 0.99625, 0.99625, 0.99625 SV_H= 0.1100E-03 HIST= 0.1100E-03 PH= 0.99625 SDV15= 0.99625
[INGEST_TRACE] ELEM=    1 JTYPE=1 KSTEP=2 KINC= 1 IP=2 U_NODES= 0.99625, 0.99625, 0.99625, 0.99625 SV_H= 0.1200E-03 HIST= 0.1200E-03 PH= 0.99625 SDV15= 0.99625
[INGEST_TRACE] ELEM=    1 JTYPE=1 KSTEP=2 KINC= 1 IP=3 U_NODES= 0.99625, 0.99625, 0.99625, 0.99625 SV_H= 0.1300E-03 HIST= 0.1300E-03 PH= 0.99625 SDV15= 0.99625
[INGEST_TRACE] ELEM=    1 JTYPE=1 KSTEP=2 KINC= 1 IP=4 U_NODES= 0.99625, 0.99625, 0.99625, 0.99625 SV_H= 0.1400E-03 HIST= 0.1400E-03 PH= 0.99625 SDV15= 0.99625
[INGEST_TRACE] ELEM=    2 JTYPE=1 KSTEP=2 KINC= 1 IP=1 U_NODES= 0.99754, 0.99754, 0.99754, 0.99754 SV_H= 0.2100E-03 HIST= 0.2100E-03 PH= 0.99754 SDV15= 0.99754
[INGEST_TRACE] ELEM=    2 JTYPE=1 KSTEP=2 KINC= 1 IP=2 U_NODES= 0.99754, 0.99754, 0.99754, 0.99754 SV_H= 0.2200E-03 HIST= 0.2200E-03 PH= 0.99754 SDV15= 0.99754
[INGEST_TRACE] ELEM=    2 JTYPE=1 KSTEP=2 KINC= 1 IP=3 U_NODES= 0.99754, 0.99754, 0.99754, 0.99754 SV_H= 0.2300E-03 HIST= 0.2300E-03 PH= 0.99754 SDV15= 0.99754
[INGEST_TRACE] ELEM=    2 JTYPE=1 KSTEP=2 KINC= 1 IP=4 U_NODES= 0.99754, 0.99754, 0.99754, 0.99754 SV_H= 0.2400E-03 HIST= 0.2400E-03 PH= 0.99754 SDV15= 0.99754
[INGEST_TRACE] ELEM=    5 JTYPE=3 KSTEP=2 KINC= 1 IP=1 U_NODES= 0.99625, 0.99625, 0.99625 SV_H= 0.3100E-03 HIST= 0.3100E-03 PH= 0.99625 SDV15= 0.99625
[INGEST_TRACE] ELEM=    5 JTYPE=3 KSTEP=2 KINC= 1 IP=2 U_NODES= 0.99625, 0.99625, 0.99625 SV_H= 0.3200E-03 HIST= 0.3200E-03 PH= 0.99625 SDV15= 0.99625
[INGEST_TRACE] ELEM=    5 JTYPE=3 KSTEP=2 KINC= 1 IP=3 U_NODES= 0.99625, 0.99625, 0.99625 SV_H= 0.3300E-03 HIST= 0.3300E-03 PH= 0.99625 SDV15= 0.99625
[INGEST_TRACE] ELEM=    6 JTYPE=3 KSTEP=2 KINC= 1 IP=1 U_NODES= 0.99754, 0.99754, 0.99754 SV_H= 0.4100E-03 HIST= 0.4100E-03 PH= 0.99754 SDV15= 0.99754
[INGEST_TRACE] ELEM=    6 JTYPE=3 KSTEP=2 KINC= 1 IP=2 U_NODES= 0.99754, 0.99754, 0.99754 SV_H= 0.4200E-03 HIST= 0.4200E-03 PH= 0.99754 SDV15= 0.99754
[INGEST_TRACE] ELEM=    6 JTYPE=3 KSTEP=2 KINC= 1 IP=3 U_NODES= 0.99754, 0.99754, 0.99754 SV_H= 0.4300E-03 HIST= 0.4300E-03 PH= 0.99754 SDV15= 0.99754
[INGEST_TRACE] ELEM=    9 JTYPE=2 KSTEP=2 KINC= 1 IP=1 SV_H= 0.1100E-03 PH= 0.00000 ENG= 0.0000E+00 SDV14= 0.00000 SDV16= 0.1100E-03
[INGEST_TRACE] ELEM=    9 JTYPE=2 KSTEP=2 KINC= 1 IP=2 SV_H= 0.1200E-03 PH= 0.00000 ENG= 0.0000E+00 SDV14= 0.00000 SDV16= 0.1200E-03
[INGEST_TRACE] ELEM=    9 JTYPE=2 KSTEP=2 KINC= 1 IP=3 SV_H= 0.1300E-03 PH= 0.00000 ENG= 0.0000E+00 SDV14= 0.00000 SDV16= 0.1300E-03
[INGEST_TRACE] ELEM=    9 JTYPE=2 KSTEP=2 KINC= 1 IP=4 SV_H= 0.1400E-03 PH= 0.00000 ENG= 0.0000E+00 SDV14= 0.00000 SDV16= 0.1400E-03
[INGEST_TRACE] ELEM=   10 JTYPE=2 KSTEP=2 KINC= 1 IP=1 SV_H= 0.2100E-03 PH= 0.00000 ENG= 0.0000E+00 SDV14= 0.00000 SDV16= 0.2100E-03
[INGEST_TRACE] ELEM=   10 JTYPE=2 KSTEP=2 KINC= 1 IP=2 SV_H= 0.2200E-03 PH= 0.00000 ENG= 0.0000E+00 SDV14= 0.00000 SDV16= 0.2200E-03
[INGEST_TRACE] ELEM=   10 JTYPE=2 KSTEP=2 KINC= 1 IP=3 SV_H= 0.2300E-03 PH= 0.00000 ENG= 0.0000E+00 SDV14= 0.00000 SDV16= 0.2300E-03
[INGEST_TRACE] ELEM=   10 JTYPE=2 KSTEP=2 KINC= 1 IP=4 SV_H= 0.2400E-03 PH= 0.00000 ENG= 0.0000E+00 SDV14= 0.00000 SDV16= 0.2400E-03
[INGEST_TRACE] ELEM=   13 JTYPE=4 KSTEP=2 KINC= 1 IP=1 SV_H= 0.3100E-03 PH= 0.00000 ENG= 0.0000E+00 SDV14= 0.00000 SDV16= 0.3100E-03
[INGEST_TRACE] ELEM=   13 JTYPE=4 KSTEP=2 KINC= 1 IP=2 SV_H= 0.3200E-03 PH= 0.00000 ENG= 0.0000E+00 SDV14= 0.00000 SDV16= 0.3200E-03
[INGEST_TRACE] ELEM=   13 JTYPE=4 KSTEP=2 KINC= 1 IP=3 SV_H= 0.3300E-03 PH= 0.00000 ENG= 0.0000E+00 SDV14= 0.00000 SDV16= 0.3300E-03
[INGEST_TRACE] ELEM=   14 JTYPE=4 KSTEP=2 KINC= 1 IP=1 SV_H= 0.4100E-03 PH= 0.00000 ENG= 0.0000E+00 SDV14= 0.00000 SDV16= 0.4100E-03
[INGEST_TRACE] ELEM=   14 JTYPE=4 KSTEP=2 KINC= 1 IP=2 SV_H= 0.4200E-03 PH= 0.00000 ENG= 0.0000E+00 SDV14= 0.00000 SDV16= 0.4200E-03
[INGEST_TRACE] ELEM=   14 JTYPE=4 KSTEP=2 KINC= 1 IP=3 SV_H= 0.4300E-03 PH= 0.00000 ENG= 0.0000E+00 SDV14= 0.00000 SDV16= 0.4300E-03

               CONVERGENCE CHECKS FOR EQUILIBRIUM ITERATION     1


 AVERAGE FORCE                      1.979E-10   TIME AVG. FORCE        17.2    
 LARGEST SCALED RESIDUAL FORCE      2.311E-13   AT NODE          6   DOF  3
  CORRESPONDING RESIDUAL FORCE      2.311E-13
 LARGEST INCREMENT OF DISP.         0.948       AT NODE          8   DOF  3
 LARGEST CORRECTION TO DISP.        0.948       AT NODE          8   DOF  3
          THERE IS ZERO FORCE     EVERYWHERE

 ITERATION SUMMARY FOR THE INCREMENT:   1 TOTAL ITERATIONS, OF WHICH
   0 ARE SEVERE DISCONTINUITY ITERATIONS AND  1 ARE EQUILIBRIUM ITERATIONS.

 TIME INCREMENT COMPLETED   1.00    ,  FRACTION OF STEP COMPLETED   1.00    
 STEP TIME COMPLETED        1.00    ,  TOTAL TIME COMPLETED         2.00    


          THE ANALYSIS HAS BEEN COMPLETED



     ANALYSIS SUMMARY:
     TOTAL OF          2  INCREMENTS
                       0  CUTBACKS IN AUTOMATIC INCREMENTATION
                       2  ITERATIONS INCLUDING CONTACT ITERATIONS IF PRESENT
                       2  PASSES THROUGH THE EQUATION SOLVER OF WHICH 
                       2  INVOLVE MATRIX DECOMPOSITION, INCLUDING
                       0  DECOMPOSITION(S) OF THE MASS MATRIX
                       1  REORDERING OF EQUATIONS TO MINIMIZE WAVEFRONT
                       0  ADDITIONAL RESIDUAL EVALUATIONS FOR LINE SEARCHES
                       0  ADDITIONAL OPERATOR EVALUATIONS FOR LINE SEARCHES
                      10  WARNING MESSAGES DURING USER INPUT PROCESSING
                       8  WARNING MESSAGES DURING ANALYSIS
                       6  ANALYSIS WARNINGS ARE NUMERICAL PROBLEM MESSAGES
                       0  ANALYSIS WARNINGS ARE NEGATIVE EIGENVALUE MESSAGES
                       0  ERROR MESSAGES



     JOB TIME SUMMARY
       USER TIME (SEC)      =     4.00E-02
       SYSTEM TIME (SEC)    =     2.00E-02
       TOTAL CPU TIME (SEC) =     6.00E-02
       WALLCLOCK TIME (SEC) =            0
       MEMORY PEAK (GB)     =            2
HKSRD0     DDB object                                                                                                                                                                                                                                                                                                                                                                                                                                                                                                  Aπ–       j|96                                                                                                                                                                                                                                                                                                                                                                                                                                                                                                                                        A¨`       @      @      @Œ                         ?          @      @      @Œ        @U      @U      @Œ
         @(      @(      @Œ        Y@É      @É      @Œ4        @{Ä     @{Ä     @œf        X@Ä      @sÄ     @–!         @ê      @ê      @–°       @Ä      @@      @—°         @(      @(      @“!        J@(      @(      @“$        U@(      @(      @“'        S@Ä      @oÄ     @“*         @(      @(      @“™        O@Ä      @J      @“≠         @ê      @ê      @”-        -@(      @(      @‘-        N@Ä      @(      @‘0         @(      @(      @‘∞        P@Ä      @@      @‘≥         @(      @(      @’3        F@Ä      @(      @’6         @(      @(      @’∂        L@(      @(      @’π        M@(      @(      @’º        V@Ä      @(      @’ø         @ê      @ê      @÷?       ≈@Ä      @(      @◊?         @Ä      @(      @◊ø         @(      @(      @ÿ?        K@Ä      @(      @ÿB         @Ä      @B      @ÿ¬         @Ä      @N      @ŸB         @Ä      @H      @Ÿ¬         @ê      @F      @⁄B         @Ä      @R      @€B         @(      @(      @€¬        T@Ä      @@      @€≈         @(      @(      @‹E        I@Ä      @@      @‹H         @Ä      @^      @‹»         @Ä      @cÄ     @›H         @Ä      @U      @›»         @è‡     @è‡     @ﬁH        W@ê      @[      @ﬂG         @Ä      @[      @‡#Ä        @(      @(      @‡cÄ       G@Ä      @(      @‡e         @Ä      @(      @‡•         @Ä      @(      @‡Â         @Ä      @(      @·%         @Ä      @@      @·e         @Ä      @<      @·•         @Ä      @(      @·Â         @0      @0      @‚%         @(      @(      @‚'        H@(      @(      @‚(Ä       R@ê      @(      @‚*         @Ä      @@      @‚™         @Ä      @(      @‚Í         @Ä      @8      @„*         @(      @(      @„j        Q@Ä      @B      @„kÄ        @P      @P      @„´Ä      u@Ä      @N      @„≥Ä        @Ä      @(      @„ÛÄ        @Ä      @(      @‰3Ä        @Ä      @(      @‰sÄ        @0      @0      @‰≥Ä        @8      @8      @‰µÄ      •@@      @@      @‰∏Ä        @V      @V      @‰ºÄ        @oÄ     @oÄ     @‰«Ä        @0      @0      @‰Á         @0      @0      @‰È         @@      @@      @‰Î         @0      @0      @‰Ô         @0      @0      @‰Ò         @0      @0      @‰Û         @R      @R      @‰ı         @@      @@      @‰˛        f@(      @(      @Â         @0      @0      @ÂÄ      ∆@4      @4      @ÂÄ        @       @       @Â       …@w¿     @w¿     @Â	        \@Ω‡     @Ω‡     @Â8Ä       h@ç      @ç      @ËÙÄ       i@(      @(      @ÈhÄ       a@(      @(      @Èj        b@ü     @ü     @ÈkÄ       g@(      @(      @Ík        e@(      @(      @ÍlÄ       d@(      @(      @Ín        c@@      @@      @ÍoÄ        @H      @H      @ÍsÄ        @0      @0      @ÍyÄ        @0      @0      @Í{Ä        @P      @P      @Í}Ä        @Ö¿     @Ö¿     @ÍÖÄ        @@      @@      @Í‹Ä      ƒ@o      @o      @Í‡Ä       z@≥     @≥     @ÍˇÄ      Ã@d      @d      @Ì`       Õ@Ä      @F      @Ìt         @Ä      @@      @Ì¥         @@      @@      @ÌÙ         @Ä      @J      @Ì¯         @Ä      @w@     @Ó8         @Ä      @B      @Óx         @Ä      @N      @Ó∏         @Ä      @B      @Ó¯         @ê      @F      @Ô8         @Ä      @8      @Ô∏         @Ä      @B      @Ô¯         @Ä      @B      @         @Ä      @(      @<         @Ä      @B      @\         @Ä      @F      @|         @Ä      @[      @ú         @ê      @ê      @º        á@Ä      @Ä      @¸       ö@Ä      @x¿     @Ò         @Ä      @iÄ     @Ò<         @ê      @p¿     @Ò\         @(      @(      @Òú       ±@(      @(      @Òú¿      ∞@ê      @p¿     @ÒùÄ        @ê      @eÄ     @Ò›Ä        @Ä      @[      @ÚÄ        @ê      @aÄ     @Ú=Ä        @Ä      @[      @Ú}Ä        @ê      @aÄ     @ÚùÄ        @è‡     @è‡     @Ú›Ä       Ÿ@Ä      @`Ä     @Û@        @ê      @jÄ     @Û=@        @Ä      @`Ä     @Û}@        @ê      @eÄ     @Ûù@        @Ä      @e      @Û›@        @Ä      @`Ä     @Û˝@        @(      @(      @Ù@      «@(      @(      @Ù       »@Ä      @e      @Ù¿        @Ä      @W      @Ù>¿        @H      @H      @Ù^¿        @Ä      @U      @Ùa¿        @Ä      @W      @ÙÅ¿        @H      @H      @Ù°¿        @Ä      @`Ä     @Ù§¿        @Ä      @W      @Ùƒ¿        @H      @H      @Ù‰¿        @Ä      @U      @ÙÁ¿        @Ä      @W      @ı¿        @H      @H      @ı'¿        @Ä      @8      @ı*¿        @Ä      @J      @ıJ¿        @@      @@      @ıj¿        @Ä      @8      @ıl¿        @Ä      @J      @ıå¿        @@      @@      @ı¨¿        @Ä      @Q      @ıÆ¿        @Ä      @(      @ıŒ¿        @Ä      @<      @ıÓ¿        @Ä      @n      @ˆ¿        @Ä      @H      @ˆ.¿        @(      @(      @ˆN¿      ≤@Ä      @H      @ˆOÄ        @Ä      @(      @ˆoÄ        @0      @0      @ˆèÄ      	@0      @0      @ˆêÄ        @0      @0      @ˆëÄ      6@0      @0      @ˆíÄ        @0      @0      @ˆìÄ        @0      @0      @ˆîÄ        @0      @0      @ˆïÄ        @Ä      @B      @ˆñÄ        @Ä      @(      @ˆ∂Ä        @Ä      @_      @ˆ÷Ä        @Ä      @`Ä     @ˆˆÄ        @Ä      @W      @˜Ä        @H      @H      @˜6Ä        @Ä      @U      @˜9Ä        @Ä      @W      @˜YÄ        @H      @H      @˜yÄ        @Ä      @`Ä     @˜|Ä        @Ä      @W      @˜úÄ        @H      @H      @˜ºÄ        @Ä      @U      @˜øÄ        @Ä      @W      @˜ﬂÄ        @H      @H      @˜ˇÄ        @Ä      @8      @¯Ä        @Ä      @J      @¯"Ä        @@      @@      @¯BÄ        @Ä      @8      @¯DÄ        @Ä      @J      @¯dÄ        @@      @@      @¯ÑÄ        @Ä      @8      @¯ÜÄ        @Ä      @J      @¯¶Ä        @@      @@      @¯∆Ä        @Ä      @(      @¯»Ä        @Ä      @F      @¯ËÄ        @Ä      @(      @˘Ä        @0      @0      @˘(Ä      ·@0      @0      @˘)Ä        @0      @0      @˘*Ä      ˆ@0      @0      @˘+Ä        @0      @0      @˘,Ä        @0      @0      @˘-Ä        @0      @0      @˘.Ä        @Ä      @(      @˘/Ä        @(      @(      @˘OÄ      ∑@(      @(      @˘P@      π@Ä      @(      @˘Q         @Ä      @H      @˘q         @(      @(      @˘ë       √@è‡     @è‡     @˘ë¿       ˛@(      @(      @˘—Ä      ∫@(      @(      @˘“@      ¿@(      @(      @˘”       ¬@Ä      @(      @˘”¿        @Ä      @(      @˘Û¿        @Ä      @(      @˙¿        @(      @(      @˙3¿      º@(      @(      @˙4Ä      Ω@(      @(      @˙5@      æ@(      @(      @˙6       ø@R      @R      @˙6¿        @L      @L      @˙;@        @n      @n      @˙>¿        @Z      @Z      @˙M¿        @X      @X      @˙T@        @X      @X      @˙Z@        @X      @X      @˙`@        @(      @(      @˙f@      °@ê      @(      @˙g         @Ä      @(      @˙ß         @Ä      @(      @˙«         @Ä      @(      @˙Á         @R      @R      @˚         @L      @L      @˚Ä        @n      @n      @˚         @Z      @Z      @˚         @X      @X      @˚$Ä        @X      @X      @˚*Ä        @X      @X      @˚0Ä        @ê      @(      @˚6Ä        @Ä      @(      @˚vÄ        @(      @(      @˚ñÄ      ∂@(      @(      @˚ó@      ∏@Ä      @(      @˚ò         @Ä      @(      @˚∏         @(      @(      @˚ÿ       ¢@è‡     @è‡     @˚ÿ¿      @(      @(      @¸Ä      £@Ä      @(      @¸@        @Ä      @(      @¸9@        @(      @(      @¸Y@      Æ@(      @(      @¸Z       Ø@Ä      @(      @¸Z¿        @Ä      @(      @¸z¿        @(      @(      @¸ö¿      ¨@(      @(      @¸õÄ      ≠@Ä      @(      @¸ú@        @Ä      @(      @¸º@        @(      @(      @¸‹@      ª@Ä      @R      @¸›         @(      @(      @¸˝       ¡@D      @D      @¸˝¿        @c      @c      @˝ @        @(      @(      @˝	¿      ®@Ä      @(      @˝
Ä        @Ä      @(      @˝*Ä        @Ä      @(      @˝JÄ        @Ä      @(      @˝jÄ        @Ä      @(      @˝äÄ        @Ä      @(      @˝™Ä        @(      @(      @˝ Ä      ´@(      @(      @˝À@      ü@è‡     @è‡     @˝Ã       E@(      @(      @˛¿      ù@(      @(      @˛Ä       @\      @\      @˛@        @H      @H      @˛@        @(      @(      @˛@      ú@ê      @[      @˛         @(      @(      @˛X       ™@(      @(      @˛X¿      û@0      @0      @˛YÄ      &@0      @0      @˛ZÄ      %@0      @0      @˛[Ä        @(      @(      @˛\Ä      õ@       @       @˛]@        @       @       @˛]¿        @0      @0      @˛^@      +@0      @0      @˛_@      *@0      @0      @˛`@        @0      @0      @˛a@        @P      @P      @˛b@        @0      @0      @˛f@      0@0      @0      @˛g@      /@0      @0      @˛h@        @       @       @˛i@        @       @       @˛i¿        @0      @0      @˛j@      5@0      @0      @˛k@      4@0      @0      @˛l@        @0      @0      @˛m@        @H      @H      @˛n@        @0      @0      @˛q@      :@0      @0      @˛r@      9@0      @0      @˛s@        @       @       @˛t@        @       @       @˛t¿        @0      @0      @˛u@      ?@0      @0      @˛v@      >@0      @0      @˛w@        @       @       @˛x@        @       @       @˛x¿        @(      @(      @˛y@      †@b      @b      @˛z         @Ä      @gÄ     @˛É         @(      @(      @˛£       ¥@Ä      @S      @˛£¿        @è‡     @è‡     @˛√¿      À@(      @(      @ˇÄ      ≥@8      @8      @ˇ@        @0      @0      @ˇ¿        @8      @8      @ˇ¿        @0      @0      @ˇ@        @8      @8      @ˇ	@        @0      @0      @ˇ
¿        @8      @8      @ˇ¿        @0      @0      @ˇ@        @Ä      @<      @ˇ@        @8      @8      @ˇ.@        @0      @0      @ˇ/¿        @Ä      @<      @ˇ0¿        @8      @8      @ˇP¿        @0      @0      @ˇR@        @Ä      @<      @ˇS@        @8      @8      @ˇs@        @0      @0      @ˇt¿        @Ä      @<      @ˇu¿        @8      @8      @ˇï¿        @0      @0      @ˇó@        @Ä      @<      @ˇò@        @@      @@      @ˇ∏@        @0      @0      @ˇ∫@        @Ä      @<      @ˇª@        @@      @@      @ˇ€@        @0      @0      @ˇ›@        @Ä      @<      @ˇﬁ@        @8      @8      @ˇ˛@        @0      @0      @ˇˇ¿        @Ä      @<      A  `        @8      @8      A `        @0      @0      A          @Ä      @<      A †        @8      @8      A !†        @0      @0      A "`        @Ä      @<      A "‡        @8      @8      A 2‡        @0      @0      A 3†        @Ä      @(      A 4         @(      @(      A D       ©@(      @(      A DÄ      ß@D      @D      A D‡        @Ä      @(      A F         @Ä      @B      A V         @(      @(      A f       §@(      @(      A fÄ      ¶@(      @(      A f‡      µ@0      @0      A g@        @ê      @F      A g¿        @0      @0      A á¿        @Ä      @(      A à@        @Ä      @(      A ò@        @Ä      @(      A ®@        @Ä      @(      A ∏@        @Ä      @(      A »@        @Ä      @[      A ÿ@        @8      @8      A Ë@        @0      @0      A È         @@      @@      A ÈÄ        @0      @0      A ÍÄ        @8      @8      A Î         @0      @0      A Î¿        @@      @@      A Ï@        @0      @0      A Ì@        @8      @8      A Ì¿        @0      @0      A ÓÄ        @8      @8      A Ô         @0      @0      A Ô¿        @Ä      @<      A @        @H      @H      A @        @0      @0      A¿        @Ä      @<      A@        @H      @H      A@        @0      @0      A¿        @Ä      @<      A@        @H      @H      A$@        @0      @0      A%¿        @Ä      @<      A&@        @H      @H      A6@        @0      @0      A7¿        @Ä      @<      A8@        @H      @H      AH@        @0      @0      AI¿        @§      @°†     AJ@        @ì      @ì      Aö@        @(      @(      A¿Ä        @8      @8      A¿‡        @Ä     @Ä     A¡†        @H      @H      A—`        @0      @0      A“‡        @@      @@      A”`        @0      @0      A‘`        @@      @@      A‘‡        @a      @a      A’‡        @^      @^      A⁄         @0      @0      A›‡        @F      @F      Aﬁ`        @Z      @Z      Aﬂ¿        @V      @V      A„         @e      @e      AÂ¿        @D      @D      AÎ         @0      @0      AÏ@        @@      @@      AÏ¿        @0      @0      AÌ¿        @@      @@      AÓ@        @k      @k      AÔ@        @vÄ     @vÄ     Aˆ         @N      @N      A@        @îP     @îP     A         @âÄ     @âÄ     A+¿        @T      @T      AE@        @0      @0      AG¿        @0      @0      AH@        @@      @@      AH¿        @@      @@      AI¿        @q      @q      AJ¿        @8      @8      AS@        @@      @@      AT         @P      @P      AU         @V      @V      AW         @8      @8      AY¿        @j      @j      AZÄ        @       @       Aa         @U      @U      Aa@        @N      @N      Ac‡        @@      @@      Ae¿        @†      @†      Af¿      7@0      @0      A¶¿      @£`     @£`     Aß@        @ì`     @ì`     AÙ¿        @L      @L      AÄ        @0      @0      A@        @á      @á      A¿      ‚@√      @√      A4‡      @¢¿     @¢¿     Ad‡      @Ä      @[      AØ‡        @Ä      @q@     Aø‡        @Ä      @r¿     Aœ‡        @Ä      @x¿     Aﬂ‡        @Ä      @Ä      AÔ‡      ›@Ä      @Ä      Aˇ‡      @Ä      @Ä      A‡      ‡@ê      @é`     A‡        @Ä      @Ä      A?‡      ﬂ@ê      @à`     AO‡        @Ä      @B      Ao‡        @ê      @F      A‡        @Ä      @H      Aü‡        @Ä      @U      AØ‡        @Ä      @H      Aø‡        @ê      @N      Aœ‡        @Ä      @H      AÔ‡        @Ä      @U      Aˇ‡        @Ä      @H      A‡        @ê      @N      A‡        @ê      @ê      A?‡      @Ä      @Ä      A_‡      ﬁ@0      @0      Ao‡      ;@0      @0      Ap`      <@0      @0      Ap‡      =@0      @0      Aq`      >@0      @0      Aq‡      ?@0      @0      Ar`      @@0      @0      Ar‡      A@0      @0      As`      B@0      @0      As‡      C@0      @0      At`      D@0      @0      At‡      E@0      @0      Au`      F@0      @0      Au‡      G@0      @0      Av`      H@0      @0      Av‡      I@0      @0      Aw`      J@0      @0      Aw‡      K@0      @0      Ax`      L@0      @0      Ax‡      M@0      @0      Ay`      N@0      @0      Ay‡      O@0      @0      Az`      P@0      @0      Az‡      Q@0      @0      A{`      R@Ä      @~¿     A{‡        @Ä      @8      Aã‡        @Ä      @F      Aõ‡        @0      @0      A´‡      S™ˇªÓ˙™Îª™Øªæ      ˙ØÎæ                          2                                       $@         @0         @<         @B         @L         @P         @L         0@U         @0         @X         @<         $@Z         @`         @X         $@aÄ        @L         @X         $@dÄ        @L         @X         $@gÄ        @L         @X         $@j         @L         @X         0@m         @0         @X         @<         $@o         @`         @X         $@p¿        @L         @X         $@r         @L         @X         $@s@        @L         @X         $@t@        @L         @X         H@uÄ        @vÄ        @w¿        @xÄ        @yÄ        @zÄ        ##List     ClassID    OID    ##StringArray      Data   ##HandleArray      ##Map      Key    ##MapString2Handle     Handle     ##MapString2Double     ##MapString2Float      ##MapString2Int    ##MapString2String     ##MapInt2Obj   ##MapInt2Handle    ##MapInt2Double    ##MapInt2Float     ##MapInt2Int   ##MapInt2String    	##Catalog      Base Class ID      Class ID   
Class Name     Class Table    Class Version   ™Øªæ     h ˇˇ@µ0     j|96 #      	@øå      #     #     j|96@•         #     #    @øl      #     ˇˇ@øú     j|96 #      	@øå      #     #     j|96@•         #     #    @øl      #     ˇˇ@–†     j|96 #      	@øå      #     #     j|96@•          #    3 #    @øl      #                                                                                                                                                                                                            ™Øªæ     d      
                                                                                 '          )          /          5          6          7          ;          <          =          >          @          B          C          E          m          u          v          y          ë          î          ó          ö          ù          †          £          §          ©          ±          ≤          ≥          µ          ∏          ª          æ          ¡          ƒ          «          …                     À          ÷          ﬁ          ﬂ          Ï          Ó          Ô          ˜          ˚                                                       B         D         O         R         U         X         [         ^         a         d         g         j         m         q         ~         ã         é         ë         î         ó         –         ¸         ˝       ™Øªæ      X   • @ù                                                                                                                                                                                                                                                                                                                                                                                                                                                                                                         ™Øªæ     |™Øªæ     ‘™Øªæ     ™Øªæ      X   ` ;@†@            d @†Ä            @ 2@–¨            @ 3@“k            Ï ,@“}            à R@“ã            ò 0@“ò            8 }@†¿            – @°             † a@°H            < J@“∏            † b@£                                                                                                                                                                                                                                                                             ™Øªæ     (™Øªæ      X   ` @ø‡            ` @¿                                                                                                                                                                                                                                                                                                                                                                                                                                                                                       ¸@{¿        @|Ä        @}¿        @~¿        @Ä         @Ä¿        @Å@        @Å¿        @Ç†        @É`        @Ñ         @ÑÄ        @Ö         @Ö@        @Ü         @á         @á¿        @à`        @à‡        @â`        @ä         @äÄ        @ã        X@ã¿        @å@        @å‡        @|Ä        @ç`        @é`        @è@        @è¿        @ê         @êP        @êê        @ê‡        @ë0        @ëp        @ë¿        @í         @íP        @íê        @í        @ì0        @ì†        @î         @î0        @îp        @î¿        @ï         @ï@        @ïÄ        @ï∞        @ï        @ñ0        @ñp        @ñ∞        @ó        @óp        @ó†        @ò        @òp        @ò¿        @ô         @ô@        @ô∞        @ö        @öP        @öê        @ö‡        @õp        @õ        @ú`        @ú¿        0@ù`        @ù†        @û        @ûp        $@û∞        @ü        @üP        0@üÄ        @å@        @ü–        @†        0@†X        ™Øªæ     X™Øªæ       X                                                                                                                                                                                                                                                                                                                                                                                                                                                                                                                    ™Øªæ     à™Øªæ      X   8 @¿                                                                                                                                                                                                                                                                                                                                                                                                                                                                                                         ™Øªæ     ∏™Øªæ       X                                                                                                                                                                                                                                                                                                                                                                                                                                                                                                                    ™Øªæ     Ë™Øªæ     ™Øªæ     x™Øªæ       X                                                                                                                                                                                                                                                                                                                                                                                                                                                                                                                    ™Øªæ     ê                                   1             2             3             4             8             A             D             `             l             ç             í             ì             ï             ñ             ò             ô             õ             ú             û             ü             °             ™             ´             ¨             ≠             Æ             Ø             ∞             ¥             ∂             ∑             π             ∫             º             Ω             ø             ¿             ¬             √             ≈             ∆             »             Ã             Õ             Œ             œ             –             —             “             ”             ◊             ›             ‰             Â             Ê             Á             Ë             È             Í             Ì                    ™Øªæ                                                                                                                                                                                                                                                                                                                                                                                                                                                                                                                           ™Øªæ                                                                                                                                                                                                                                                                                                                                                                                                                                                                                                                           ™Øªæ     ¥™Øªæ       X                                                                                                                                                                                                                                                                                                                                                                                                                                                                                                                    ™Øªæ     ‰   •        •                                                                                                                                                                                                                                                                                                                                                                                                                                                                                                ™Øªæ            @ù      "            @ù      "                                                                                                                                                                                                                                                                                                                                                                                                                                                                        ™Øªæ   	  D    " 
        " 
       " 
                                                                                                                                                                                                                                                                                                                                                                                                                                                                                   ™Øªæ   	  h        "             "                                                                                                                                                                                                                                                                                                                                                                                                                                                                                                                                                                                                                                                                                                                                                                                                                                                                                                                                                                                                                        ™Øªæ     ò    "         "        "        "        "                                                                                                                                                                                                                                                                                                                                                                                                                                                            ™Øªæ     º™Øªæ      X   • B@¥@                                                                                                                                                                                                                                                                                                                                                                                                                                                                                                         ™Øªæ     ‡™Øªæ      X   • J@Œ                                                                                                                                                                                                                                                                                                                                                                                                                                                                                                          ™Øªæ     	–   • D       • D      • D                  • D      • D                              • D                                                                                                                                                                                                                                                                                                                                                                                                           ™Øªæ     	Ù       @¥@     • H           @¥@     • H          @¥@     • H          @¥@     • H          @¥@     • H          @¥@     • H                                                                                                                                                                                                                                                                                                                                                                       ™Øªæ     
0   • G       • G      • G      • G      • G      • G                                                                                                                                                                                                                                                                                                                                                                                                                                               @å@        @ü–        @†        0@†ò        @å@        @ü–        @†        0@†ÿ        @å@        @ü–        @†        0@°         @å@        @ü–        @†        `@°h        @å@        @°®        @°‡        @ü        @üP        @¢        @¢@        @¢h        @å@        $@¢ê        @¢∏        @ã         0@¢‡        @å@        @ü–        @†        $@£8        @£h        @£à        <@£†        @å@        @Ö         @£        @§        $@§8        @£h        @£à        0@§x        @å@        @£        @§        $@§¿        @£h        @£à        $@§Ë        @å@        @Ö         @≤ê        @≤§        @≤¥        @≤Ã        @≤‡        @≥         @≥        @≥@        @≥`        @≥Ä        @≥ú        @≥∏        @≥–        @≥        @¥        @îp        @î¿        @¥        @¥0        @öP        $@¥P        @£h        @£à        <@¥l        @å@        @Ö         @£        @§        $@¥ò        @£h        @£à        0@¥º        ™Øªæ     
T       •            •           •           •           •           •                                                                                                                                                                                                                                                                                                                                                                                                                                                                                                                                                                                                                                                                                                                                                                                                                                                                                                                                                         ™Øªæ     <   T           T          T          T          T          T                                                                                                                                                                                                                                                                                                                                                                                                                           ™Øªæ     
Ñ™Øªæ                                                                                                                                                                                                                                                                                                                                                                                                                                                                                                                           ™Øªæ                                                                                                                                                                                                                                                                                                                                                                                                                                                                                                                           ™Øªæ                                                                                                                                                                                                                                                                                                                                                                                                                                                                                                                           ™Øªæ                                                                                                                                                                                                                                                                                                                                                                                                                                                                                                                           ™Øªæ      X   • S@”=                                                                                                                                                                                                                                                                                                                                                                                                                                                                                                         ™Øªæ     <   •                                                                                                                                                                                                                                                                                                                                                                                                                                                                                                             ™Øªæ       X                                                                                                                                                                                                                                                                                                                                                                                                                                                                                                                    ˇ˙ÓÎ          ™Øªæ     
®™Øªæ     
¸™Øªæ      <                                                                                                                                                                                                                                                                                                                                                                                                                                                                                                                                                                                                                                                                                                                                                                                                                                                                                                                                                                                                                                                    ™Øªæ      X   < @…z                                                                                                                                                                                                                                                                                                                                                                                                                                                                                                         ™Øªæ       X                                                                                                                                                                                                                                                                                                                                                                                                                                                                                                                    ™Øªæ   	       +                                                                                                                                                                                                                                                                                                                                                                                                                                                                                                             ™Øªæ   	  ,™Øªæ          +         +                                                                                                                                                                                                                                                                                                                                                                                                                                                                                                ˇ˙ÓÎ                                                       ™Øªæ          +         +        +        +                                                                                                                                                                                                                                                                                                                                                                                                                                                                        ™Øªæ                                                                                                                                                                                                                                                                                                                                                                                                                                                                                                                           ™Øªæ                                                                                                                                                                                                                                                                                                                                                                                                                                                                                                                           ™Øªæ       X                                                                                                                                                                                                                                                                                                                                                                                                                                                                                                                       ˇˇˇˇ #        #        #       ? $        $    @µ¿      ˇˇ@’Ä     • C     #    	ƒ     #     #    ƒ     ˇˇˇˇ•      #    
@µ0     ˇˇˇˇ ˇˇ            @µ0      #    ?Ó$c Öa           @µ0      #     #    K    @µ0            #        @µ0     •     @…*                                   #    ˇˇˇˇ@µ¸     @µ0     • v        @µ0              #           @æ         ˇˇˇˇ #       ˇˇˇˇ† 	            #     #     #    4   ˇˇˇˇ #       ˇˇˇˇ #       ˇˇˇˇ #      ?ˇ     #     #       ?îz·GÆz?§z·GÆx            #     #                                      #           @•         "     @ù        ˇˇˇˇ@å@        @£        @§        $@¥Ë        @µ        @µ        T@µ4        @µT        @µh        @µx        @µå        @µ†        @µ∞        0@µ‘        @µ‰        @µÏ        @µÙ        ¥@æ        @æ$        @æ<        @æT        @æh        @æå        @æ¨        @æº        @æ–        @æ‰        @æ¸        @ø        @ø$        @ø8        @øT        ddr_Ddb    analysisVersion    creationTime   customData#ClassID     customData#OID     
ddbVersion     description    diagnosticData#ClassID     diagnosticData#OID     models#ClassID     
models#OID     
modifyTime     name   onlyHasUserDefinedData     productAddOns#ClassID      productAddOns#OID      results#ClassID    results#OID    sequenceData   userData#ClassID   userData#OID   ##InternalMap      Target#Handle      
odiK_Model     ##BaseClassOID     absoluteZero   assemblyContainer#ClassID      assemblyContainer#OID      	avgElemLn      
canExtrude     canSweep   
createTime     createTimeStr      datums#ClassID     
datums#OID     dofVec#ClassID     
dofVec#OID     endRestartStep     	globalJob      hasSupportedShape      	maxNumDim      meshContainer#ClassID      meshContainer#OID      modTime    
modTimeStr     modelSC#ClassID    modelSC#OID    
modelTitle     
numElemSet     numNode    
numNodeSet     numTotalElem   numUserElem    	odbFileId      odbMajorVersionNum     odbMinorVersionNum     onePart    partContainer#ClassID      partContainer#OID      restartIncrement   
restartJob     restartStep    sectorDefinition#ClassID   sectorDefinition#OID   shellToSolid   solverInput    stefanBoltzmann    suppElemDataContainer#ClassID      suppElemDataContainer#OID      totalNumAssemblyInstance   totalNumPartInstance   waveFormulation    Default Model      	ddr_Model      instanceTable#ClassID      instanceTable#OID      	modelName      ddr_ExtensionTable     map#ClassID    map#OID    kseC_SCWrapper     extension#ClassID      extension#OID      section    kbpC_BPCWrapper    profile    kmaC_MCWrapper     material   kcoC_CCWrapper     
constraint     kinC_ICWrapper     interaction    kinC_InteractionContainer      danglingRegions#ClassID    danglingRegions#OID    procedures#ClassID     procedures#OID     mdl_Repository     ##InternalList     Target#Columns     kinC_IPCWrapper    interactionProperty    odiK_ModelShortcut     impl#ClassID   impl#OID   "odiK_ModelInModelContainerShortcut     parent#ClassID     
parent#OID     ddr_ModelContainerShortcut     ddr_ModelContainerInDdbShortcut    ddr_DdbShortcut    ddr_DdbShortcutImpl    2026/08/12 11:13:26 /home/pr21vyci/projects/adaptive-remeshing/models/generated/mode_ii/production_state_transfer_batch/M2STATE_INGEST_SMOKE1R10/M2STATE_INGEST_SMOKE1R10.odb                                                                                                                                                                                                                                                                                                                                                                                                                                                                                                                                                                                                                                                                                                                                                                                                                                                                                                                                                                                                                                                                                                                                                                                                                                                                                                                                                                                                                                                                                                                                                                                                                                                                                                                                                                                                                                                                                                                                                      odiK_Assembly      assemblyName   assemblySC#ClassID     assemblySC#OID     instanceContainer#ClassID      instanceContainer#OID      m_connectorOrientations#ClassID    m_connectorOrientations#OID    m_pretensionSections#ClassID   m_pretensionSections#OID   m_rigidBodies#ClassID      m_rigidBodies#OID      m_sectionAssignments#ClassID   m_sectionAssignments#OID   	meshIndex      setList#ClassID    setList#OID    rootAssembly   odiK_AssemblyShortcut      (odiK_AssemblyInAssemblyContainerShortcut   odiK_AssemblyContainerShortcut     %odiK_AssemblyContainerInModelShortcut      ptoC_PartAttributeList     attribArray#ClassID    attribArray#OID        odiK_ModelSectorDefinition     endPt#ClassID      	endPt#OID      numberOfSectors    startPt#ClassID    startPt#OID    symmetryType   NONE_SYMMETRY      
g3d_Vector     x      y      z                                                                                                                                                                                                                                                                                                                                                                                                                                                                                                                                                                                                                                                                                                                                                                                                                                                                                                                                                                                                                                                                                                                                                                                                                                                                                                                                                                                                                                                                                                                                                                                                                                                                                                                                                                                                                                                                                                                                                                                                                                                                                                                                         NOT_SET    dia_DiagnosticData     m_doublePrecision      m_errorList#ClassID    m_errorList#OID    m_jobHistoryDescription#ClassID    m_jobHistoryDescription#OID    m_jobStatus    m_jobSystemTime    m_jobUserTime      m_jobWallclockTime     m_numDomains   m_stepList#ClassID     m_stepList#OID     m_warningList#ClassID      m_warningList#OID      2022_09_28-20.11.55 183150     
DDB object         " @{¿                     # @äÄ        	           " • @ã¿              J       " @ù`              j       " @û∞              ë    
 ` ;@üÄ              ë    
 d @†X              ë    
 8 }@†ò              ë    
 – @†ÿ              ë    
 † a@°               ë    
 † 	@°h              ˛    
  
 @¢h              ˚       # @¢ê                   
 † b@¢‡              ë      • @£8        !       À   • • @£†        "       À       " @§8        #       À    " 	 " 
@§x        $       À       " @§¿        %       À    "  " @§Ë        &       À      • B@≤ê        (            • C@¥P        *       À   • E• D@¥l        +       À      • H@¥ò        ,       À   • I• G@¥º        .       À      ƒ @¥Ë        0       À      • v@µ4        9       À       $ @µ‘        :       À       + @æ        ?      ™Øªæ     ‡™Øªæ        0@ø∞        @å@        @†¿        @ø–        @ø¯        @å@       ‘@¿        @¿&        @¿4        @¿@        @¿N        @¿Z        @¿h        @¿t        @¿Ñ        @¿í        @¿†        @¿¨        @¿∂        @¿æ        @¿“        @¿‰        @¿        @¿˙        @¡        @¡        @¡        @¡"        @¡,        @¡4        @¡F        @¡V        @¡`        @¡h        @¡r        @Å@        @¡z        @¡Ü        @¡ê        @¡ú        @¡¶        @¡¥        @¡¿        @¡“        @¡‚        @¡Ï        @¡Ù        @¬        @¬        @¬        @¬$        @¬0        @¬:        @¬J        @¬X        @¬h        @¬v        @¬Ç        @¬å        @¬î        @¬ö        @¬®        @¬¥        @¬¬        @¬Œ        @¬ÿ        @¬‡        @¬Ï        @¬ˆ        @¬˛        @√        @√        @√&        @√4        @√@        @√V        @√j        @√v        @√Ä        @√å        @√ñ        @√¢        @√¨        @√æ        @√Œ        @√‚        @√Ù        @ƒ        @ƒ        @ƒ$        @ƒ4        @ƒ@        @ƒJ        @ƒX        @ƒd        @ƒt        @ƒÇ        @ƒé        @ƒû        @ƒ¨        @ƒæ        @ƒŒ        @ƒ‡        @ƒ        @≈         @≈        @≈         @≈0        @≈>        @≈J        @≈Z        @≈h        @≈t        @≈~        @≈å        @≈ò        @≈™        @≈∫        @≈»        @≈‘        @≈‡        @≈Í        @≈¯        @∆        @∆        @∆        @∆&        @∆4        @∆D        @∆R        @∆`        @∆l        @∆z        @∆Ü        @∆ò        @∆®        @∆∫        @∆         @∆‹        @∆Ï        @∆˙        @«        @«        @«        @«*        @«:        @«J        @«X        @«d        @«n        @«x        @«Ä        @«å        @«ñ        @«§        @«∞        @«∫        @«¬        @«“        @«‡        @«        @«˛        @»        @»        @»$        @».        @»>        @»L        @»X        @»b        ™Øªæ     (™Øªæ     ¸™Øªæ     §ˇ˙ÓÎ          A	¢Ä    ?”333333       @¿     ?            @¿     ?         ˇˇˇˇ   ˇˇˇˇ        #    	  √ˇˇˇˇ                    @…
             8 X        @…           `                                                                                                                               @µ0                                     8                                                                                                                                                                                                             @µ0                                                                                                                                                                                                                                                                                                                                                   @»n        @»x        @»Ç        ®@»ä        @å@        @»í        @»ö        @»¶        @»∞        @»º        @»∆        @»Ã        @»÷        @»ﬁ        @»Ë        @»        @»˛        0@…        @…        @»ﬁ        @»Ë        Unknown Version    kseC_HomogenousSolidSection    	thickness      Section-E_QUAD_UMAT    kseC_SolidSection      	MAT_DUMMY      Section-E_TRI_UMAT     kmaC_Material      acousticMedium#ClassID     acousticMedium#OID     brittleCracking#ClassID    brittleCracking#OID    capPlasticity#ClassID      capPlasticity#OID      castIronPlasticity#ClassID     castIronPlasticity#OID     clayPlasticity#ClassID     clayPlasticity#OID     concrete#ClassID   concrete#OID   !concreteDamagedPlasticity#ClassID      concreteDamagedPlasticity#OID      conductivity#ClassID   conductivity#OID   creep#ClassID      	creep#OID      crushStress#ClassID    crushStress#OID    damping#ClassID    damping#OID    deformationPlasticity#ClassID      deformationPlasticity#OID      density#ClassID    density#OID    depvar#ClassID     
depvar#OID     dielectric#ClassID     dielectric#OID     diffusivity#ClassID    diffusivity#OID    druckerPrager#ClassID      druckerPrager#OID      ductileDamageInitiation#ClassID    ductileDamageInitiation#OID    elastic#ClassID    elastic#OID    electricalConductivity#ClassID     electricalConductivity#OID     eos#ClassID    eos#OID    expansion#ClassID      expansion#OID      fldDamageInitiation#ClassID    fldDamageInitiation#OID    flsdDamageInitiation#ClassID   flsdDamageInitiation#OID   fluidLeakoff#ClassID   fluidLeakoff#OID   foam#ClassID   foam#OID   gapConductance#ClassID     gapConductance#OID     gapConvection#ClassID      gapConvection#OID      gapFlow#ClassID    gapFlow#OID    gapRadiation#ClassID   gapRadiation#OID   gel#ClassID    gel#OID    hashinDamageInitiation#ClassID     hashinDamageInitiation#OID     heatGeneration#ClassID     heatGeneration#OID     &hosfordCoulombDamageInitiation#ClassID     "hosfordCoulombDamageInitiation#OID     hyperelastic#ClassID   hyperelastic#OID   hyperfoam#ClassID      hyperfoam#OID      hypoelastic#ClassID    hypoelastic#OID    inelasticHeatFraction#ClassID      inelasticHeatFraction#OID      #johnsonCookDamageInitiation#ClassID    johnsonCookDamageInitiation#OID    jouleHeatFraction#ClassID      jouleHeatFraction#OID      laRC05DamageInitiation#ClassID     laRC05DamageInitiation#OID     latentHeat#ClassID     latentHeat#OID     lowDensityFoam#ClassID     lowDensityFoam#OID     magneticPermeability#ClassID   magneticPermeability#OID   materialIdentifier     maxeDamageInitiation#ClassID   maxeDamageInitiation#OID   maxpeDamageInitiation#ClassID      maxpeDamageInitiation#OID      maxpsDamageInitiation#ClassID      maxpsDamageInitiation#OID      maxsDamageInitiation#ClassID   maxsDamageInitiation#OID   meanFieldHomogenization#ClassID    meanFieldHomogenization#OID    membraneElastic#ClassID    membraneElastic#OID    mkDamageInitiation#ClassID     mkDamageInitiation#OID     mohrCoulomb#ClassID    mohrCoulomb#OID    moistureSwelling#ClassID   moistureSwelling#OID   msfldDamageInitiation#ClassID      msfldDamageInitiation#OID      mullinsEffect#ClassID      mullinsEffect#OID      permeability#ClassID   permeability#OID   piezoelectric#ClassID      piezoelectric#OID      plastic#ClassID    plastic#OID    plasticityCorrection#ClassID   plasticityCorrection#OID   poreFluidExpansion#ClassID     poreFluidExpansion#OID     porousBulkModuli#ClassID   porousBulkModuli#OID   porousElastic#ClassID      porousElastic#OID      porousMetalPlasticity#ClassID      porousMetalPlasticity#OID      quadeDamageInitiation#ClassID      quadeDamageInitiation#OID      quadsDamageInitiation#ClassID      quadsDamageInitiation#OID      regularization#ClassID     regularization#OID     shear#ClassID      	shear#OID      shearDamageInitiation#ClassID      shearDamageInitiation#OID      softRockPlasticity#ClassID     softRockPlasticity#OID     solubility#ClassID     solubility#OID     sorption#ClassID   sorption#OID   specificHeat#ClassID   specificHeat#OID   superElasticity#ClassID    superElasticity#OID    swelling#ClassID   swelling#OID   thicknessBehavior#ClassID      thicknessBehavior#OID      transShearElastic#ClassID      transShearElastic#OID      userDefinedField#ClassID   userDefinedField#OID   userMaterial#ClassID   userMaterial#OID   userOutputVariables#ClassID    userOutputVariables#OID    viscoelastic#ClassID   viscoelastic#OID   viscosity#ClassID      viscosity#OID      viscous#ClassID    viscous#OID    kmaC_Elastic   dependencies   failStrain#ClassID     failStrain#OID     failStress#ClassID     failStress#OID     moduli     noCompression      	noTension      table#ClassID      	table#OID      temperatureDependency      type   	ISOTROPIC      	LONG_TERM      kmaC_MaterialTable     allowEmptyFirstRow     HM2STATE_INGEST_SMOKE1R10: Minimal Solver Ingestion Qualification Fixture   ` ` @ø∞        Z       À   ` ` @ø¯        [       À      8 @¿        ]      	   8 8 @»ä        ^       À      8 X@…        _       À™Øªæ     ‘   ˇˇˇˇ@µ0     @…z     <                                                                                                                                                                                                                                                                                                                                                                                                                                                                                         ™Øªæ         #     #    
                                                                                                                                                                                                                                                                                                                                                                                                                                                                                                ˇ˙ÓÎ          @…¢     @…¨     ™Øªæ   
   X   < @…¢            < @…¨                                                                                                                                                                                                                                                                                                                                                                                                                                                                                    ™Øªæ   
  Xˇˇˇˇ  Ûø       #    ?Ä  < ñ     #       <      #     #     #                 < (     #     #     #    ø       #     #    "        <     < L        ˇˇˇˇ  Ûø       #    2?Ä  < ñ    #    $   <     #    , #    . #    #             < (    #    0 #    1 #    -ø       #    / #    /        <    < L   ?Ä                                                                                                                                              ™Øªæ   
  P   < M       < M                                                                                                                                                                                                                                                                                                                                                                                                                                                                                               ™Øªæ     t       @…¢     < O           @…¨     < O                                                                                                                                                                                                                                                                                                                                                                                                                                                                       ™Øªæ     ∞   < P       < P                                                                                                                                                                                                                                                                                                                                                                                                                                                                                               ™Øªæ     ‘        "             "                                                                                                                                                                                                                                                                                                                                                                                                                                                                                                                                                                                                                                                                                                                                                                                                                                                                                                                                                                                                                         ™Øªæ         "                                                                                                                                                                                                                                                                                                                                                                                                                                                                                                             ™Øªæ     (       @ù      "                                                                                                                                                                                                                                                                                                                                                                                                                                                                                                ™Øªæ         <        <                                                                                                                                                                                                                                                                                                                                                                                                                                                                                                ™Øªæ       X                                                                                                                                                                                                                                                                                                                                                                                                                                                                                                                    ™Øªæ   
  d                                                                                                                                                                                                                                                                                                                                                                                                                                                                                                                    ™Øªæ     à    #           #    %                                                                                                                                                                                                                                                                                                                                                                                                                                                                                       ™Øªæ     <   < 	           < 	         < 	         < 	         < 	         < 	                                                                                                                                                                                                                                                                                                                                                                                                                             H@…P        @å@        @…X        @…`        @…h        @…r        <@…Ñ        @ü        @üP        @…ê        @…ö       ¯@…∏        @…æ        @…∆        @…÷        @…‰        @…Ó        @…¸        @         @         @ "        @ .        @ :        @ D        @ P        @ Z        @ j        @ x        @ Ç        @ ä        @ ê        @ ò        @ †        @ ¨        @ ∏        @ ¬        @ “        @ ‡        @         @ ˛        @À        @À        @À        @À(        @À2        @ÀB        @ÀP        @À\        @Àf        @Àt        @ÀÄ        @Àå        @Àñ        $@Àû        @£h        @£à        <@À™        @å@        @Ö         @£        @§        $@Àº        @£h        @£à        0@ÀÃ        @å@        @£        @§        $@À‡        @£h        @£à        <@ÀÏ        @å@        @Ö         @£        @§        $@Ã         @£h        @£à        0@Ã        @Ã        @Ã(        @Ã0       @Ã6        @≤¥        ™Øªæ     ∏œ˜ˇ  ü                @œ      #    < z    • ?            @œ             <                        @Õ‚     ˇˇˇˇˇˇˇˇˇ       
           • `    @Õ∆         T             @Õº     @Õ÷     @Õ“        œ˜ˇ  ü                @œ      #    < z   • ?          @œ             <                      @Õ‚     ˇˇˇˇˇˇˇˇˇ                  • `   @Õ∆         T            @Õº     @œ‚     @œﬁ        œ˜ˇ  ü                @œ      #    < z   • ?           @œ         ™Øªæ     »       @Œ      • Q           @Œ      • Q          @Œ      • Q          @Œ      • Q          @Œ      • Q          @Œ      • Q          @Œ      • Q          @Œ      • Q          @Œ      • Q          @Œ      • Q   	       @Œ      • Q   
       @Œ      • Q          @Œ      • Q          @Œ      • Q          @Œ      • Q          @Œ      • Q                                                                                                                       ™Øªæ        • P       • P      • P      • P      • P      • P      • P      • P      • P      • P   	   • P   
   • P      • P      • P      • P      • P                                                                                                                                                                                                                                                                                                                       ™Øªæ     (       • C          • C          • C          • C          • C          • C          • C          • C          • C          • C          • C          • C          • C          • C          • C          • C                                                                                                                                                                                                                                                                                                                                                                                                                                                                                                                                                                                                                                                                                                                                                                                       ™Øªæ     X™Øªæ     î™Øªæ     ∏       • C          • C          • C          • C          • C          • C          • C          • C          • C          • C          • C          • C          • C          • C          • C          • C                                                                                                                                                                                                                                                                                                                                                                                                                                                                                                                                                                                                                                                                                                                                                                                       ™Øªæ     Ë          •               •              •              •              •              •              •              •                                                                                                                                                                                                                                                                                                                                                                                                                                                                                                                                                                                                                                                                                                                                                                                                                                                                                        ™Øªæ     $   •        •       •       •       •       •       •       •                                                                                                                                                                                                                                                                                                                                                                                                                        ™Øªæ     H       •            •           •           •           •           •           •           •                                                                                                                                                                                                                                                                                                                                                                                                                                                                                                                                                                                                                                                                                                                                                                                                                                                                                                                        ™Øªæ     x   •        •       •       •       •       •       •       •                                                                                                                                                                                                                                                                                                                                                                                                                        ™Øªæ     ú       • [           • [          • [          • [          • [          • [          • [          • [                                                                                                                                                                                                                                                                                                                                                                                                                                                                                                                                                                                                                                                                                                                                                                                                                                                                                                                       @≤Ã        @ÃB        @ÃP        @Ã\        @Ãd        @Ãp        @Ãz        @ÃÑ        @Ãå        @Ãò        @Ã¢        @ÃÆ        @Ã∂        @Ã¬        @ÃÃ        @Ã÷        @Ã‚        @ÃÏ        @ÃÙ        @Ã˙        @Ã˛        @Õ        @Õ        @Õ        @Õ        @Õ$        @Õ,        @Õ6        @ÕD        @ÕP        @ÕV        @Õd        @Õp        @Õv        @Õ~        @Õà        @Õê        @Õú        @»˛        @Õ¶        @Õ∞        @Õ∂        <@ÕË        @å@        @Ö         @£        @§        $@Œ        @£h        @£à        0@Œ        @å@        @£        @§        <@Œ.        @å@        @ŒB        @£        @§        $@ŒH        @£h        @£à        0@ŒV        @å@        @£        @§        <@Œj        @å@        @ŒB        @£        @§        $@ŒÇ        @£h        @£à        0@Œî        @å@        @£        @§        $@Œ¨        @£h        @£à        0@Œ∫        @å@        @£        @§        $™Øªæ     Ã   • \       • \      • \      • \      • \      • \      • \      • \      • \      • \   	                                                                                                                                                                                                                                                                                                                                                                                            ™Øªæ                • #               • #              • #              • #              • #              • #              • #              • #              • #              • #   	                                                                                                                                                                                                                                                                                                                                                                                                                                                                                                                                                                                                                                                                                                                                                                                                                                            ™Øªæ     ,   • $       • $      • $      • $      • $      • $      • $      • $      • $      • $   	                                                                                                                                                                                                                                                                                                                                                                                            ™Øªæ     P       •            •            •            •            •            •            •            •            •            •                                                                                                                                                                                                                                                                                                                                                                                                                                                                                                                                                                                                                                                                                                                                                                                                                                                                                         ™Øªæ     Ä    #        #        #        #        #        #        #        #         #    "    #    $    #    &    #    (    #    *                                                                                                                                                                                                                                                                                                                                                        ™Øªæ                                                                                       	                                                                                                                                                                                                                                                                                                                                                                                            ™Øªæ     §™Øªæ     »™Øªæ     ‡    #        #        #        #        #        #        #    &    #    '    #    (    #    )    #    *    #    +    #    ,                                                                                                                                                                                                                                                                                                                                                        ™Øªæ      X     @œÆ        
     @œ∫             @œ∆             @œ“                                                                                                                                                                                                                                                                                                                                                                                                                                            ˇ˙ÓÎ          @œÆ     @œ∫     @œ“     @œ∆     ™Øªæ                                                                                                                                                                                                                                                                                                                                                                                                                                                                                                  ™Øªæ      X     @œÓ             @œÚ             @œˆ             @œ˙                                                                                                                                                                                                                                                                                                                                                                                                                                            ˇ˙ÓÎ          @œÓ     @œÚ     @œ˙     @œˆ     ™Øªæ                                                                                       !                                                                                                                                                                                                                                                                                                                                                                                            ™Øªæ      X     @œÆ        "     @œ∫        #     @œ∆        $     @œ“        %                                                                                                                                                                                                                                                                                                                                                                                                                                    ˇ˙ÓÎ          @œÆ     @œ∫     @œ“     @œ∆     ™Øªæ              &        '        (        )        *        +                                                                                                                                                                                                                                                                                                                                                                                                                                            ™Øªæ      X     @œÓ        ,     @œÚ        -     @œˆ        .     @œ˙        /                                                                                                                                                                                                                                                                                                                                                                                                                                    ˇ˙ÓÎ          @œÓ     @œÚ     @œ˙     @œˆ     ™Øªæ              0                                                                                                                                                                                                                                                                                                                                                                                                                                                                                                        ™Øªæ      X     @–        1     @–        2                                                                                                                                                                                                                                                                                                                                                                                                                                                                            ˇ˙ÓÎ          @–     @–     ™Øªæ              3                                                                                                                                                                                                                                                                                                                                                                                                                                                                                                        ™Øªæ      X     @–        4     @–        5                                                                                                                                                                                                                                                                                                                                                                                                                                                                            ˇ˙ÓÎ          @–     @–     ™Øªæ        ? #    ! #               ? #    . #    -                                                                                                                                                                                                                                                                                                                                                                                                                                                                   ™Øªæ      <                                                                                                                                                                                                                                                                                                                                                                                                                                                                                                                    ™Øªæ     <   < û                                                                                                                                                                                                                                                                                                                                                                                                                                                                                                            ™Øªæ     X  ˇˇ• C      • >    ˇˇˇˇ       @–î     • _    T         @–é          ˇˇ• C      • >   ˇˇˇˇ       @–î     • _   T        @–é          ˇˇ• C      • >   ˇˇˇˇ      @–î     • _   T        @–é                                                                                                                                                                                                                                                                                        ™Øªæ     $   • `      • `      • `                                                                                                                                                                                                                                                                                                                                                                                                                                                                                   ™Øªæ     H™Øªæ     l                                                                                                                                                                                                                                                                                                                                                                                                                                                                                                                    ™Øªæ       X                                                                                                                                                                                                                                                                                                                                                                                                                                                                                                                    ˇ˙ÓÎ         ˇ˙ÓÎ         ˇ˙ÓÎ         ˇ˙ÓÎ          ˇ˙ÓÎ          ˇ˙ÓÎ          ˇ˙ÓÎ          ™Øªæ         <       <                                                                                                                                                                                                                                                                                                                                                                                                                                                                                                ™Øªæ       X                                                                                                                                                                                                                                                                                                                                                                                                                                                                                                                    ™Øªæ     <   < 	          < 	         < 	         < 	      	   < 	      
   < 	         < 	                                                                                                                                                                                                                                                                                                                                                                                                          ™Øªæ              6        7        8        9        :        ;        <        =        >        ?                                                                                                                                                                                                                                                                                                                                                                                            ™Øªæ      X     @œÆ        @     @œ∫        A     @œ∆        B     @œ“        C                                                                                                                                                                                                                                                                                                                                                                                                                                    ˇ˙ÓÎ          @œÆ     @œ∫     @œ“     @œ∆     ™Øªæ              D        E        F        G        H        I                                                                                                                                                                                                                                                                                                                                                                                                                                            ™Øªæ      X     @œÓ        J     @œÚ        K     @œˆ        L     @œ˙        M                                                                                                                                                                                                                                                                                                                                                                                                                                    ˇ˙ÓÎ          @œÓ     @œÚ     @œ˙     @œˆ     ™Øªæ              N        O        P        Q        R        S        T        U        V        W                                                                                                                                                                                                                                                                                                                                                                                            ™Øªæ      X     @œÆ        X     @œ∫        Y     @œ∆        Z     @œ“        [                                                                                                                                                                                                                                                                                                                                                                                                                                    ˇ˙ÓÎ          @œÆ     @œ∫     @œ“     @œ∆     ™Øªæ              \        ]        ^        _        `        a                                                                                                                                                                                                                                                                                                                                                                                                                                            ™Øªæ      X     @œÓ        b     @œÚ        c     @œˆ        d     @œ˙        e                                                                                                                                                                                                                                                                                                                                                                                                                                    ˇ˙ÓÎ          @œÓ     @œÚ     @œ˙     @œˆ     ™Øªæ              f                                                                                                                                                                                                                                                                                                                                                                                                                                                                                                        ™Øªæ      X     @–        g     @–        h                                                                                                                                                                                                                                                                                                                                                                                                                                                                            ˇ˙ÓÎ          @–     @–     ™Øªæ              i                                                                                                                                                                                                                                                                                                                                                                                                                                                                                                        ™Øªæ      X     @–        j     @–        k                                                                                                                                                                                                                                                                                                                                                                                                                                                                            ˇ˙ÓÎ          @–     @–     ™Øªæ              l                                                                                                                                                                                                                                                                                                                                                                                                                                                                                                        ™Øªæ      X     @–ú        m     @–û        n                                                                                                                                                                                                                                                                                                                                                                                                                                                                            ˇ˙ÓÎ          @–ú     @–û     ™Øªæ      <                                                                                                                                                                                                                                                                                                                                                                                                                                                                                                                    ™Øªæ     <   < û          < û                                                                                                                                                                                                                                                                                                                                                                                                                                                                                          ™Øªæ       X                                                                                                                                                                                                                                                                                                                                                                                                                                                                                                                    ˇ˙ÓÎ   
      ˇ˙ÓÎ         ˇ˙ÓÎ         ˇ˙ÓÎ          ˇ˙ÓÎ          ˇ˙ÓÎ          ˇ˙ÓÎ          ™Øªæ                                                                                                                                                                                                                                                                                                                                                                                                                                                                                                                           ™Øªæ     ê™Øªæ     ¿™Øªæ       X                                                                                                                                                                                                                                                                                                                                                                                                                                                                                                                    ™Øªæ         <        <       <                                                                                                                                                                                                                                                                                                                                                                                                                                                                                    ™Øªæ       @ŒÃ        @£h        @£à        <@Œÿ        @å@        @ŒB        @£        @§        $@ŒÍ        @£h        @£à        0@Œ˙        @å@        @£        @§        $@œ        @Ã÷        @Ã‚        $@œ(        @å@        @œ0        @œ8        @»˛        $@œ§        @ü        @üP        T@–         @–'        @–,        @–0        @–5        @–9        @–<        Ã@–?        @–F        @–K        @–O        @–Q        @–W        @–\        @Ã˙        @Ã˛        @–_        @–b        @–h        @–m        @–q        @–t        @»˛        @Õ∂        $@–x        @£h        @£à        $@–Ä        @£h        @£à        $@–Ü        @£h        @£à        0@–¶        @å@        @ü–        @†        `@–≤        @å@        @°®        @°‡        @ü        @üP        @¢        @¢@        0@–∏        @–¿        @–∆        @–À        ¸@–“        @å@        @–◊        @–›        @–·        @–Â        @–Ï        @–Ò        @–ı        @–˘        ™Øªæ      P™Øªæ     !L™Øªæ     "`™Øªæ                                                                                                                                                                                                                                                                                                                                                                                                                                                                                                                           ™Øªæ       X                                                                                                                                                                                                                                                                                                                                                                                                                                                                                                                    ™Øªæ       X                                                                                                                                                                                                                                                                                                                                                                                                                                                                                                                    ™Øªæ     "ú™Øªæ     "Ã™Øªæ     #,™Øªæ     #§ˇ˙ÓÎ          >‰¯µà„hÒ>‰¯µà„hÒ>‰¯µà„hÒ?tz·GÆ{?πôôôôôö>‰¯µà„hÒ>‰¯µà„hÒˇ˙ÓÎ                  ?      ?6‚ÎC-?–      ?πôôôôôöˇ˙ÓÎ          @      @       @"      @0      @$      @      @(      @      @      @      @I      ?–      ?‡      ?Ë      ?Î333333?–      ?–      ?¯      ?Ë      ?Èôôôôôö?¯      ?Ù      @       ?      ?πôôôôôö?      ?Óffffff?      ˇ˙ÓÎ          ?tz·GÆ{?Ñz·GÆ{                ?îz·GÆ{>‰¯µà„hÒ?PbM“Ò©¸>Eyé‚0å:?      >‰¯µà„hÒ>Eyé‚0å:ˇ˙ÓÎ          ?tz·GÆ{?Ñz·GÆ{                ?îz·GÆ{>‰¯µà„hÒ?PbM“Ò©¸>Eyé‚0å:?      >‰¯µà„hÒˇ˙ÓÎ          ?tz·GÆ{?Ñz·GÆ{                ?îz·GÆ{>‰¯µà„hÒ?PbM“Ò©¸>Eyé‚0å:?      >‰¯µà„hÒˇ˙ÓÎ          ?tz·GÆ{?Ñz·GÆ{                ?îz·GÆ{>‰¯µà„hÒ?PbM“Ò©¸>Eyé‚0å:?      >‰¯µà„hÒ™Øªæ     #»™Øªæ      <                                                                                                                                                                                                                                                                                                                                                                                                                                                                                                                                                                                                                                                                                                                                                                                                                                                                                                                                                                                                                                                    ™Øªæ                                                                                                                                                                                                                                                                                                                                                                                                                                                                                                                           ™Øªæ       X                                                                                                                                                                                                                                                                                                                                                                                                                                                                                                                    ™Øªæ       X                                                                                                                                                                                                                                                                                                                                                                                                                                                                                                                    ˇ˙ÓÎ          >‰¯µà„hÒ>‰¯µà„hÒ>‰¯µà„hÒ?tz·GÆ{?πôôôôôö>‰¯µà„hÒ>‰¯µà„hÒˇ˙ÓÎ                  ?      ?6‚ÎC-?–      ?πôôôôôöˇ˙ÓÎ          @      @       @"      @0      @$      @      @(      @      @      @      @I      ?–      ?‡      ?Ë      ?Î333333?–      ?–      ?¯      ?Ë      ?Èôôôôôö?¯      ?Ù      @       ?      ?πôôôôôö?      ?Óffffff?      ˇ˙ÓÎ          ?tz·GÆ{?Ñz·GÆ{                ?îz·GÆ{>‰¯µà„hÒ?PbM“Ò©¸>Eyé‚0å:?      >‰¯µà„hÒ>Eyé‚0å:ˇ˙ÓÎ          ?tz·GÆ{?Ñz·GÆ{                ?îz·GÆ{>‰¯µà„hÒ?PbM“Ò©¸>Eyé‚0å:?      >‰¯µà„hÒˇ˙ÓÎ          ?tz·GÆ{?Ñz·GÆ{                ?îz·GÆ{>‰¯µà„hÒ?PbM“Ò©¸>Eyé‚0å:?      >‰¯µà„hÒˇ˙ÓÎ          ?tz·GÆ{?Ñz·GÆ{                ?îz·GÆ{>‰¯µà„hÒ?PbM“Ò©¸>Eyé‚0å:?      >‰¯µà„hÒ™Øªæ      <                                                                                                                                                                                                                                                                                                                                                                                                                                                                                                                                                                                                                                                                                                                                                                                                                                                                                                                                                                                                                                                    ™Øªæ                                                                                                                                                                                                                                                                                                                                                                                                                                                                                                                           ™Øªæ     #¯™Øªæ     $(™Øªæ       X                                                                                                                                                                                                                                                                                                                                                                                                                                                                                                                    ™Øªæ                                                                                                                                                                                                                                                                                                                                                                                                                                                                                                                           ™Øªæ     $à@–¸        @—         @—        @—        @—	        @—        @—        @—        @—         @—'        @—+       @—1        @å@        @—7        @—@        @—H        @—L        @—O        @—V        @—\        @—a        @—e        @—i        @—p        @—v        @—z        @—}        @—É        @—à        @—å        @—ë        @—ñ        @—ö        @—ü        <@—£        @Å@        @öP        @—ß        @—™        0@—≠        @å@        @—¥        @—Ω        `@—≈        @å@        @—À        @—”        @—⁄        @—Â        @—Ô        @—ˆ        x@—¸        @å@        @“        @“        @“        @“        @“        @“        @“%        @“,        $@“2        @“7        @“<        0@“N        @å@        @ü        @üP        0@“e        @å@        @ü–        @†        `@“q        @å@        @°®        @°‡        @ü        @üP        @¢        @¢@        0@“x        @å@        @ü–        @†        `@“Ä        ™Øªæ     $∏™Øªæ       X                                                                                                                                                                                                                                                                                                                                                                                                                                                                                                                    ™Øªæ                                                                                                                                                                                                                                                                                                                                                                                                                                                                                                                           ™Øªæ     %™Øªæ     %H™Øªæ       X                                                                                                                                                                                                                                                                                                                                                                                                                                                                                                                    ™Øªæ                                                                                                                                                                                                                                                                                                                                                                                                                                                                                                                           ™Øªæ     %®™Øªæ     %ÿ™Øªæ       X                                                                                                                                                                                                                                                                                                                                                                                                                                                                                                                    ™Øªæ                                                                                                                                                                                                                                                                                                                                                                                                                                                                                                                           ™Øªæ     &8™Øªæ      X   < -@–Œ            < s@…¢            < s@…¨                                                                                                                                                                                                                                                                                                                                                                                                                                                                ™Øªæ     &Äˇ˙ÓÎ          @–Œ     @…¢     @…¨     ˇ˙ÓÎ                                                                                                                                               ™Øªæ     &ò™Øªæ                                                                                                                                                                                                                                                                                                                                                                                                                                                                                                                           ™Øªæ                                                                                                                                                                                                                                                                                                                                                                                                                                                                                                                           ™Øªæ                                                                                                                                                                                                                                                                                                                                                                                                                                                                                                                           ™Øªæ                                                                                                                                                                                                                                                                                                                                                                                                                                                                                                                           ™Øªæ                                                                                                                                                                                                                                                                                                                                                                                                                                                                                                                           ™Øªæ                                                                                                                                                                                                                                                                                                                                                                                                                                                                                                                           ™Øªæ     '∏™Øªæ     (0@å@        @°®        @°‡        @ü        @üP        @¢        @¢@        0@“Ü        @å@        @ü–        @†        `@“ç        @å@        @°®        @°‡        @ü        @üP        @¢        @¢@        0@“ì        @å@        @ü–        @†        `@“ö        @å@        @°®        @°‡        @ü        @üP        @¢        @¢@        H@“ü        @å@        @“§        @“©        @“≠        @“≥        @“∫        @å@        @“ø        @“√        @“         @“–        @“◊        @“›        @“Ê        @“Ó        @“ˆ        @¥        @îp        @î¿        @“˝        @”         @”        @”        @”        @”        @”        @”#        @”)        @”.        @”6        @öP        x@”I        @å@        @ê‡        @ë0        @¥        @îp        @î¿        @”M        @¥        @¥0        x@”Q        @”T        @”Y        @”]        @”_        @”b        @”g        @”k        @”o        @”u        H@”z        @”~        ™Øªæ     (®™Øªæ     (ˇ˙ÓÎ                     ?Ä          ?Ä  ?Ä          ?Ä      ?           ?Ä  ?       ?   ?Ä          ?       ˇ˙ÓÎ                                  ™Øªæ     ) ™Øªæ     <   •            •          •          •          •          •                                                                                                                                                                                                                                                                                                                                                                                                                                                                                                                                                                                                                                                                                                                                                                                                                                                                                                                                                           ™Øªæ     )D™Øªæ     )åˇ˙ÓÎ         ˇ˙ÓÎ         ˇ˙ÓÎ          ™Øªæ     *d             ˇ˙ÓÎ         ˇ˙ÓÎ         ˇ˙ÓÎ                                                                        ˇ˙ÓÎ         ˇ˙ÓÎ         ˇ˙ÓÎ                       ˇ˙ÓÎ         ˇ˙ÓÎ         ˇ˙ÓÎ                                                            ˇ˙ÓÎ         ˇ˙ÓÎ         ˇ˙ÓÎ             	   
       ˇ˙ÓÎ         ˇ˙ÓÎ         ˇ˙ÓÎ                       ™Øªæ     +¥ˇ˙ÓÎ          ?                                      ?                                      ?                                      ?      ™Øªæ     <   T            T          T          T          T          T          T          T          T          T    	   	   T    
   
                                                                                                                                                                                                                                                                                                                                    ™Øªæ     +‰™Øªæ     <   T            T          T          T                                                                                                                                                                                                                                                                                                                                                                                                                                                           @”Ñ        @”â        @”å        @”ì        0@”ô        @”û        @”°        @”ß        $@”¨        @”±        @”∂        H@”∫        @å@        @”¿        @îp        @î¿        @”ƒ        ÿ@”«        @”Ã        @””        @”Ÿ        @”·        @”Ë        @”Ì        @”Ò        @”¯        @”˛        @‘        @‘	        @‘        @¥        @‘        @‘        @‘        @‘$       P@‘2        @‘8        @‘<        @‘@        @‘D        @‘I        @‘N        @‘R        @‘U        @‘Y        @‘]        @‘b        @‘h        @‘l        @‘p        @‘u        @‘{        @‘Ä        @‘Ñ        @‘ä        @‘è        @‘î        @‘õ        @‘°        @‘§        @‘®        @‘¨        @‘∞        0@‘Û        @‘˜        @‘˝        @’        Ñ@’        @’
        @’        @’        @’        @’        @’        @’"        @’&        @’,        @’1        ú@’8        @”Ì        @’
        @’=        @’C        @’H        @’M        ™Øªæ     ,hˇ˙ÓÎ                 ˇ˙ÓÎ          ˇ˙ÓÎ                 ˇ˙ÓÎ          ˇ˙ÓÎ                 ˇ˙ÓÎ          ˇ˙ÓÎ                 ˇ˙ÓÎ          ™Øªæ     <   T                                                                                                                                                                                                                                                                                                                                                                                                                                                                                                            ˇ˙ÓÎ                 ˇ˙ÓÎ          ™Øªæ     <   T                                                                                                                                                                                                                                                                                                                                                                                                                                                                                                            ˇ˙ÓÎ                ˇ˙ÓÎ          ™Øªæ     <   T                                                                                                                                                                                                                                                                                                                                                                                                                                                                                                            ˇ˙ÓÎ                 ˇ˙ÓÎ          ™Øªæ     <   T                                                                                                                                                                                                                                                                                                                                                                                                                                                                                                            ˇ˙ÓÎ                ˇ˙ÓÎ          ™Øªæ     <   T                                                                                                                                                                                                                                                                                                                                                                                                                                                                                                            ˇ˙ÓÎ                       ˇ˙ÓÎ          ™Øªæ     <   T        	                                                                                                                                                                                                                                                                                                                                                                                                                                                                                                    ˇ˙ÓÎ                       ˇ˙ÓÎ          ™Øªæ     <   T        
                                                                                                                                                                                                                                                                                                                                                                                                                                                                                                    ˇ˙ÓÎ                 ˇ˙ÓÎ          ™Øªæ     <   T                                                                                                                                                                                                                                                                                                                                                                                                                                                                                                            ˇ˙ÓÎ                 ˇ˙ÓÎ          ™Øªæ     <   T                                                                                                                                                                                                                                                                                                                                                                                                                                                                                                            ˇ˙ÓÎ                 ˇ˙ÓÎ          ™Øªæ     <   T                                                                                                                                                                                                                                                                                                                                                                                                                                                                                                            ˇ˙ÓÎ                 ˇ˙ÓÎ          ™Øªæ       X                                                                                                                                                                                                                                                                                                                                                                                                                                                                                                                    ™Øªæ     -™Øªæ     . ˇ˙ÓÎ                                  ™Øªæ      <                                                                                                                                                                                                                                                                                                                                                                                                                                                                                                                    ™Øªæ         ƒ        ƒ                                                                                                                                                                                                                                                                                                                                                                                                                                                                                                ™Øªæ     .l™Øªæ     .™Øªæ     /ˇ˙ÓÎ          ™Øªæ     /t       • [          • [   	                                                                                                                                                                                                                                                                                                                                                                                                                                                                                                                                                                                                                                                                                                                                                                                                                                                                                                                                                                                                                    ˇ˙ÓÎ          ™Øªæ                                                                                                                                                                                                                                                                                                                                                                                                                                                                                                                           ™Øªæ                                                                                                                                                                                                                                                                                                                                                                                                                                                                                                                           ™Øªæ                                                                                                                                                                                                                                                                                                                                                                                                                                                                                                                           ™Øªæ                                                                                                                                                                                                                                                                                                                                                                                                                                                                                                                           ™Øªæ                                                                                                                                                                                                                                                                                                                                                                                                                                                                                                                           ™Øªæ     <   T           T          T          T          T          T                                                                                                                                                                                                                                                                                                                                                                                                                           ˇ˙ÓÎ                 ˇ˙ÓÎ          ˇ˙ÓÎ                       ˇ˙ÓÎ          ˇ˙ÓÎ                 ˇ˙ÓÎ          ˇ˙ÓÎ                       ˇ˙ÓÎ          ˇ˙ÓÎ                 ˇ˙ÓÎ          ˇ˙ÓÎ                 ˇ˙ÓÎ          ™Øªæ     <   T                                                                                                                                                                                                                                                                                                                                                                                                                                                                                                            ˇ˙ÓÎ                                   ˇ˙ÓÎ          ™Øªæ     <   T                                                                                                                                                                                                                                                                                                                                                                                                                                                                                                            ˇ˙ÓÎ                                   ˇ˙ÓÎ          ™Øªæ     <   T                                                                                                                                                                                                                                                                                                                                                                                                                                                                                                            ˇ˙ÓÎ                                   ˇ˙ÓÎ          ™Øªæ     <   T                                                                                                                                                                                                                                                                                                                                                                                                                                                                                                            ˇ˙ÓÎ                                   ˇ˙ÓÎ          ™Øªæ     <   T                                                                                                                                                                                                                                                                                                                                                                                                                                                                                                            ˇ˙ÓÎ                                   ˇ˙ÓÎ              <                      @Õ‚     ˇˇˇˇˇˇˇˇˇ       
           • `   @Õ∆         T            @Õº     @Õ÷     @Õ“        œ˜ˇ  ü                @œ      #    < z   • ?          @œ             <                      @Õ‚     ˇˇˇˇˇˇˇˇˇ                  • `   @Õ∆         T            @Õº     @œ‚     @œﬁ        œ˜˘  ü                @œ      #    < z                   @œ             <                      @Õ‚     ˇˇˇˇˇˇˇˇˇ                  • `   @–         T            @œ˛     @–     @–        œ˜˘  ü                @œ      #    < z                   @œ             <                      @Õ‚     ˇˇˇˇˇˇˇˇˇ                  • `   @–         T            @œ˛     @–     @–        œ˜ˇ  ü                @œ      #    < z   • ?           @œ             <                       @Õ‚     ˇˇˇˇˇˇˇˇˇ       
           • `   @Õ∆         T            @Õº     @Õ÷     @Õ“        œ˜ˇ  ü                @œ      #    !< z   • ?          @œ             <                      @Õ‚     ˇˇˇˇˇˇˇˇˇ                  • `   @Õ∆         T            @Õº     @œ‚     @œﬁ        œ˜ˇ  ü                @œ      #    #< z   • ?           @œ             <                      @Õ‚     ˇˇˇˇˇˇˇˇˇ       
           • `   	@Õ∆         T    	        @Õº     @Õ÷     @Õ“        œ˜ˇ  ü                @œ      #    %< z   	• ?          @œ             <    	                  @Õ‚     ˇˇˇˇˇˇˇˇˇ                  • `   
@Õ∆         T    
        @Õº     @œ‚     @œﬁ        œ˜˘  ü                @œ      #    '< z   
                @œ             <    
                  @Õ‚     ˇˇˇˇˇˇˇˇˇ                  • `   @–         T            @œ˛     @–     @–        œ˜˘  ü                @œ      #    )< z                   @œ             <                      @Õ‚     ˇˇˇˇˇˇˇˇˇ                  • `   @–         T            @œ˛     @–     @–        œ˜˘  ü                @œ      #    +< z                   @œ             <                      @Õ‚     ˇˇˇˇˇˇˇˇˇ                  • `   @–         T            @œ˛     @–ò     @–ñ                                                                                                                                                                                                                                                                                                                        ˇˇˇ?              ?      @‘À             @‘”     @‘¥        @‘º                     @‘∑     ?πôôôôôö?                          @‘⁄     ˇˇˇˇˇˇˇˇø      ?      ?      @‘«     @‘ƒ             ?‡      ˇˇˇ?              ?      @‘À             @‘”     @‘¥        @‘º                     @‘∑     ?πôôôôôö?                          @‘⁄     ˇˇˇˇˇˇˇˇø      ?      ?      @‘«     @‘ƒ             ?‡      ˇˇˇ?              ?      @‘À             @‘”     @‘¥        @‘º                     @‘∑     ?πôôôôôö?                          @‘⁄     ˇˇˇˇˇˇˇˇø      ?      ?      @‘«     @‘ƒ             ?‡      ˇˇˇ?              ?      @‘À             @‘”     @‘¥        @‘º                     @‘∑     ?πôôôôôö?                          @‘⁄     ˇˇˇˇˇˇˇˇø      ?      ?      @‘«     @‘ƒ             ?‡      ˇˇˇ?              ?      @‘À             @‘”     @‘¥        @‘º                     @‘∑     ?πôôôôôö?                          @‘⁄     ˇˇˇˇˇˇˇˇø      ?      ?      @‘«     @‘ƒ             ?‡      ˇˇˇ?              ?      @‘À             @‘”     @‘¥        @‘º                     @‘∑     ?πôôôôôö?                          @‘⁄     ˇˇˇˇˇˇˇˇø      ?      ?      @‘«     @‘ƒ             ?‡          #    <             #    S ˇˇ #    T #    U@‘+         , 	    @‘(          #    V       @‘0     ˇˇˇˇ     ˇˇ #    W #    X@‘Á        , 	   @‘Â         #    Y       @‘0     ˇˇˇˇ    ˇˇ #    Z #    [@‘+        , 	   @‘(         #    \       @‘0     ˇˇˇˇ    ˇˇ #    ] #    ^@‘Á        , 	   @‘Ì         #    _       @‘0     ˇˇˇˇ    ˇˇ #    ` #    a@‘+        , 	   @‘(         #    b       @‘0     ˇˇˇˇ    ˇˇ #    c #    d@‘+        , 	   @‘(         #    e       @‘0     ˇˇˇˇ     ˇ,         @‘Ô     ,     @J      
         #    f          #    3       #    6   ˇˇˇˇÏ            #    G #    8 #    4  ˇ            @µ0     @’¸     T     @ø‡         @µ0     @÷        ˇ           @µ0     @’¸     T    @¿         @µ0     @÷          #    L    #    M    #    N    #    O    #    P    #    Ñ    #    á    #    à    #    â    #    ä                 ˇ• C   @Œ      •     @”=      #    É ˇ¸        ƒ    ƒ    ƒ    ˇˇˇˇ•     @”=          o     pƒ     #    Qƒ    @µ0      ˇ˘            ƒ    
ƒ    ƒ        ƒ    	 #    ãƒ         #    J@µ0               •     @µ0               •     @µ0              •     @µ0               •     @µ0              •     @µ0              •     @µ0       ˇ     #    I    •          #    =   ˇˇˇˇò            #    I #    : #    4   ˇˇˇˇà            #    H #    9 #    4   • -       • -      • -      • -      • -      • -      • -      • -      • -      • -   	   • -   
   • -      • -      • -      • -      • -      • A       • A              T                T               T               T              T              T              T               T               T               T    	           T    
          T              T              T              T              T              T              T       T       T       T       T       T      ˇ        #    h #    g                 q      ˇ       #    j #    i                r      ˇ       #    l #    k                s      ˇ       #    n #    m                t      ˇ       #    p #    o                v      ˇ       #    r #    q                x      ˇ       #    t #    s                z      ˇ       #    v #    u                |      ˇ       #    x #    w                ~      ˇ       #    z #    y                Ä      ˇ        #    | #    {                Ç      ˇ       #    ~ #    }                Ñ      ˇ       #    Ä #           	         Ü      ˇ       #    Ç #    Å       
         à      ˇ        #    ç #    å                 ä      ˇ       #    è #    é                ã      ˇ       #    ë #    ê                å      ˇ       #    ì #    í                ç      ˇ       #    ï #    î                é      ˇ       #    ó #    ñ                è      ˇˇˇˇˇ    #    ô #    ò                ë      ˇˇˇˇˇ    #    õ #    ö                ì      ˇˇˇˇˇ    #    ù #    ú                ï      ˇˇˇˇˇ    #    ü #    û                ó      ˇˇˇˇˇ    #    ° #    †                ô      ˇ              @’4          u #    >      ˇ             @’d          w #    ?      ˇ             @’g          y #    @      ˇ             @’j          { #    A      ˇ             @’m          } #    B      ˇ             @’p           #    C      ˇ             @’t          Å #    D      ˇ             @’x          É #    E      ˇ             @’z          Ö #    F      ˇ             	@’|          á #    G      ˇ             
@’~          â #    H      ˇ              @÷          ê #    K      ˇ             @÷	          í #    L      ˇ            @÷          î #    M      ˇ            @÷          ñ #    N      ˇ            @÷          ò #    O      ˇ            @÷!          ö #    P       ˇ #    Ö           @’p     T       ˇ #    Ü           @’t     T       ˇˇˇˇ@        ˇˇˇˇ@            #    F #    7 #    4       #    E #    0 #    4 ˇˇ    Ôˇˇˇˇˇˇ    @“\         @“^     @µ0                        d        @“V            @“a     Ôˇˇˇˇˇˇ@–î     @“X     ?           ˇˇ   Ôˇˇˇˇˇˇ    @“\         @“^     @µ0                        d        @“V            @“a     Ôˇˇˇˇˇˇ@–î     @“X     ?                  #    ; #    J        #    <       #    D        #    9 #    : #    ;       #    A #    B #    C  ˇ     #    6     #    7 #    8?ÏÃÃÃÃÃÕ  ˇ    #    >     #    ? #    @?ÏÃÃÃÃÃÕ                     3ˇ     A     #    2 #    5< G    @“J              #    1        @“B     @“E                      3ˇ    A    #    5 #    =< G   @“J              #    4        @“B     @“E                              @µ0     @µ0               @µ0     @µ0               @–Œ     @µ0                        @–Œ        < s    @…¢        < s   @…¨                                         Ò             Ú             Û             Ù             ı             ˆ             ¯             ¸                                    	                                                                                                                                    !            "            #            '            (            )            ,            -            .            1            2            3            6            7            8            ;            <            =            A            G            H            I            J            K            L            M            N            P            Q            S            T            V            W            Y            Z            \            ]            _            `            b            c            e            f            h            i            k            l            p            r            v            x            y            z            {            |            }                        Ä            Å            Ç            É            Ñ            Ö            Ü            á            à            â            ä            å            ç            è            ê            í            ì            ï            ñ            ò            ô            ‰            Â            Ê            Á            Ë            È            Í            Î            Ï            Ì            Ó            Ô                        Ò            Ú            Û            Ù            ı            ˆ            ˜            ¯            ˘            ˙            ˚            ˇ                                                              @•            @œB           @œH           @œX           @œh           @œv           @œÄ           @œä           @œî           @œö           	@œ†           
@œ≤           @œæ           @œ            @œ÷           @œH           @œX           @œh           @œv           @œÄ           @œä           @œ≤           @œæ           @œ            @œ÷           @œB           @œH           @œX           @œh           @œv           @œÄ           @œä           @œî            @œö           !@œ†           "@œ≤           #@œæ           $@œ            %@œ÷           &@œH           '@œX           (@œh           )@œv           *@œÄ           +@œä           ,@œ≤           -@œæ           .@œ            /@œ÷           0@–           1@œ≤           2@œæ           3@–           4@œ≤           5@œæ           6@œB           7@œH           8@œX           9@œh           :@œv           ;@œÄ           <@œä           =@œî           >@œö           ?@œ†           @@œ≤           A@œæ           B@œ            C@œ÷           D@œH           E@œX           F@œh           G@œv           H@œÄ           I@œä           J@œ≤           K@œæ           L@œ            M@œ÷           N@œB           O@œH           P@œX           Q@œh           R@œv           S@œÄ           T@œä           U@œî           V@œö           W@œ†           X@œ≤           Y@œæ           Z@œ            [@œ÷           \@œH           ]@œX           ^@œh           _@œv           `@œÄ           a@œä           b@œ≤           c@œæ           d@œ            e@œ÷           f@–           g@œ≤           h@œæ           i@–           j@œ≤           k@œæ           l@–           m@œ≤           n@œæ           o@”@           p@”E           q@’`           r@’`           s@’`           t@’`           u@’`           v@’`           w@’`           x@’`           y@’`           z@’`           {@’`           |@’`           }@’`           ~@’`           @’`           Ä@’`           Å@’`           Ç@’`           É@’`           Ñ@’`           Ö@’`           Ü@’`           á@’`           à@’`           â@’`           ä@’`           ã@’`           å@’`           ç@’`           é@’`           è@’`           ê@’`           ë@÷           í@÷           ì@÷           î@÷           ï@÷           ñ@÷           ó@÷           ò@÷           ô@÷           ö@÷           c      c      c      c      c      c      c      c      c      c      c      c      c      c      c      c      c      c      c      c      c      c      c      c      c      c      c      c      c      c      c      c      c      c      c      c      c      c      c      c      c      c      c      c      c      c      c      c      c      c      c      c      c      c      c      c      c      c      c      c      c      c      c      c      c      c      c      c      c      c      c      c      c      c      c      c      c      c      c      c      c      c      c      c      c      c      c      c      c      c      c      c      c      c      c      c      c      c      c      c      c      c      c      c      c      c      c      c      c      c      c      c      c      c      c      c      c      c      c      c      c      c      c      c      c      c      c      c      c      c      c      c      c      c      c      c      c      c      c      c      c      c      c      c      c      c      c      c      c      c      c      c      c      c      c   ˇˇˇˇ   ˇˇˇˇ   ˇˇˇˇ   ˇˇˇˇ   ˇˇˇˇ   ˇˇˇˇ   ˇˇˇˇ       #    R@¥        @’        @’Q        @’U        @’[        @’1        ¸@’Ñ        @å@        @“√        @“         @“–        @“◊        @“›        @“Ê        @“Ó        @“ˆ        @¥        @”        @”        @”#        @”)        @”.        @”6        @’ä        @¥        @¥0        @öP        l@’é        @≤¥        @≤Ã        @’î        @îp        @î¿        @’ò        @”o        @”u        Ñ@’ú        @å@        @’£        @’¶        @’™        @’Æ        @’≥        @’∑        @—™        @’ª        @’¿        @’∆        @’Ã        l@’—        @’’        @’€        @’‡        @’‰        @’Á        @Ö         @’Í        @’Ô        0@’Û        @å@        @£        @§        
res_Result     	modelname      
resultname     stepMap#ClassID    stepMap#OID    default result     res_StepContainer      order#ClassID      	order#OID      Step-1-PhaseInit   Step-2-IngestProbe     res_Step   acousticMass   acousticMassCenter#ClassID     acousticMassCenter#OID     changeableTime     coordOverrideSC#ClassID    coordOverrideSC#OID    coordOverrides#ClassID     coordOverrides#OID     defaultFrameIsLast     fieldStep#ClassID      fieldStep#OID      frameLabels#ClassID    frameLabels#OID    frameLoadCaseNames#ClassID     frameLoadCaseNames#OID     frameMap#ClassID   frameMap#OID   hasField   
hasHistory     
hasNormals     hasPredefinedField     historyStep#ClassID    historyStep#OID    inertiaAboutCenter#ClassID     inertiaAboutCenter#OID     inertiaAboutOrigin#ClassID     inertiaAboutOrigin#OID     loadCaseNames#ClassID      loadCaseNames#OID      mass   massCenter#ClassID     massCenter#OID     nonActiveClassMap#ClassID      nonActiveClassMap#OID      normalStep#ClassID     normalStep#OID     predefFieldStep#ClassID    predefFieldStep#OID    stepshortcut#ClassID   stepshortcut#OID   	totalTime      kprC_StepShortcut       kprC_StepInStepContainerShortcut   kprC_StepContainerShortcut     !kprC_StepContainerInModelShortcut      ddr_ModelShortcut      !ddr_ModelInModelContainerShortcut      "res_CoordOverrideContainerShortcut     res_FieldStep      fieldMap#ClassID   fieldMap#OID   numField   res_FieldDescription   associationSC#ClassID      associationSC#OID      	clampType      compLabels#ClassID     compLabels#OID     compMap#ClassID    compMap#OID    elemClassSC#ClassID    elemClassSC#OID    engineeringTensor      	expandSet      fieldCompleteness      hasAssociation     hasOrientation     invariant#ClassID      invariant#OID      
isInternal     isPair     key    length     loadCoordSystem    locationIndex      maxClamp   minClamp   	numClamps      numInvariants      orientationSC#ClassID      orientationSC#OID      partDim    partInstanceSC#ClassID     partInstanceSC#OID     position   	quatwidth      setSC#ClassID      	setSC#OID      surfaceSC#ClassID      surfaceSC#OID      varDescription     varLabel   width      TENSOR_2D_PLANAR   INTEGRATION_POINT      S      Stress components      GLOBAL     ,odiK_BaseInstanceInInstanceContainerShortcut   PART-1-1   odiK_InstanceContainerShortcut     (odiK_InstanceContainerInAssemblyShortcut   !rgnC_SetDataInSetDataListShortcut      index      rgnC_SetDataListShortcut   "odiK_SetDataListInAssemblyShortcut     +odiK_ElementClassInElementClassListShortcut    odiK_ElementClassListShortcut      *odiK_ElementClassListInElementDataShortcut     odiK_ElementDataShortcut   odiK_ElementDataInMeshShortcut     odiK_MeshShortcut       odiK_MeshInMeshContainerShortcut   odiK_MeshContainerShortcut     !odiK_MeshContainerInModelShortcut      	NO_CLAMPS      
FULL_FIELD     res_Invariant      omu_PrimEnum   stringValue    omu_Primitive      MISES      MAXIMUM_IN-PLANE_PRINCIPAL     MINIMUM_IN-PLANE_PRINCIPAL     OUT-OF-PLANE_PRINCIPAL     MAX_PRINCIPAL      MID_PRINCIPAL      MIN_PRINCIPAL      TRESCA     PRESS      INV3   res_ComponentMap   S11    XX-COMPONENT   S22    YY-COMPONENT   S12    XY-COMPONENT   S33    ZZ-COMPONENT   E      Strain components      E11    E22    E12    E33    VECTOR     NODAL      U      Spatial displacement   	MAGNITUDE      U1     U2     RF     Reaction force     RF1    RF2    res_PredefinedFieldStep    bcMap#ClassID      	bcMap#OID      loadMap#ClassID    loadMap#OID    numBC      numLoad    res_LoadBCDescription      assembly#ClassID   assembly#OID   dof    elementClass#ClassID   elementClass#OID   faceId     loadDesc   partInstance#ClassID   partInstance#OID   set#ClassID    set#OID    surfaceBased   odiK_BaseInstanceShortcut      rgnC_SetDataShortcut   odiK_ElementClassShortcut      FIXED_DISPLACEMENT     NONE   CF     Point loads    CF1    CF2    Abaqus/Standard 2023   korC_FieldWrapper      fieldOutputRequest     korC_FieldContainer    kprC_StepNameProcedurePair     procedure#ClassID      procedure#OID      stepName   Initial step   kprC_StaticStep    adaptiveDampingRatio   	adiabatic      	amplitude      continueDampingFactors     extrapolation      fullyPlastic   
initialInc     maxInc     	maxNumInc      minInc     nlgeom     noStop     reformKernel   solutionTechnique      stabilizationMagnitude     stabilizationMethod    timeIncrementationMethod   
timePeriod     useLongTermSolution    kprC_AnalysisStep      activateElemContainer#ClassID      activateElemContainer#OID      amd#ClassID    amd#OID    contactControls#ClassID    contactControls#OID    controls#ClassID   controls#OID   
convertSDI     diagnosticPrint#ClassID    diagnosticPrint#OID    lcc#ClassID    lcc#OID    linearCtrl#ClassID     linearCtrl#OID     matrixSolver   matrixStorage      monitor#ClassID    monitor#OID    restart#ClassID    restart#OID    	kprC_Step      stepId     suppress   kprC_ElectricalControls     electricalPotentialField#ClassID   electricalPotentialField#OID   kprC_TypicalControls   displacementField#ClassID      displacementField#OID      %hydrostaticFluidPressureField#ClassID      !hydrostaticFluidPressureField#OID      rotationField#ClassID      rotationField#OID      kprC_PrimaryControls   constraints#ClassID    constraints#OID    discontinuous      lineSearch#ClassID     lineSearch#OID     timeIncrementation#ClassID     timeIncrementation#OID     vcctLinearScaling      kprC_Controls      allowPropagation   resetDefaultValues     DIRECT     SOLVER_DEFAULT     
PROPAGATED     ktbC_ActivateElemContainer     OFF    	AUTOMATIC      RAMP   LINEAR     FULL_NEWTON    korC_HistoryWrapper    historyOutputRequest   korC_HistoryContainer      kpfC_FCWrapper     field      kpfC_FieldContainer    kloC_LCWrapper     load   kloC_LoadContainer     kbcC_BCCWrapper    bc     kbcC_BCContainer   kprC_SCWrapper     steps#ClassID      	steps#OID      stepsorder#ClassID     stepsorder#OID     step   kprC_InitialStep   	odiK_Part      analyticSurface#ClassID    analyticSurface#OID    beamOrientations#ClassID   beamOrientations#OID   connectorOrientations#ClassID      connectorOrientations#OID      materialOrientations#ClassID   materialOrientations#OID   partName   partSpace#ClassID      partSpace#OID      partType#ClassID   partType#OID   rebarOrientations#ClassID      rebarOrientations#OID      rigidBodies#ClassID    rigidBodies#OID    sectionAssignments#ClassID     sectionAssignments#OID     PART-1     UNKNOWN_SPACE      UNKNOWN_TYPE   	odiK_Mesh      	numRegion      bme_Mesh   elemData#ClassID   elemData#OID   id     meshType   nodeData#ClassID   nodeData#OID   	timeStamp      transform#ClassID      transform#OID      bme_NodeData   coordinates#ClassID    coordinates#OID    numDim     userNodeLabels#ClassID     userNodeLabels#OID     uti_CoordCont3D    numCoord   tempCoord#ClassID      tempCoord#OID      bme_ElementData    classes#ClassID    classes#OID    odiK_ElementClass      	isSurface      sectName   bme_ElementClass   DDBconnectivity#ClassID    DDBconnectivity#OID    DDBuserElementLabel#ClassID    DDBuserElementLabel#OID    categoryLabel      
classIndex     elemCtrlParams#ClassID     elemCtrlParams#OID     elemTypeLabel      firstElementIndex      locationLabel#ClassID      locationLabel#OID      numElements    orientationFreq    regionClassIndex   regionIndex    RNODE3D    unknown category   None   bme_ElemCtrlParams     OOPDispHrGls   bendingHrGls   
displHrGls     distortionCtrl     drillingHrGls      elemDeletion   elemLib    fourierMode    hrGlsControl   hrGlsStiffness     initialGapOpening      	kineSplit      lengthRatio    linearBulkVisk     linearKinematicCtrl    maxDegradation     
nodeOffset     particleConvCriteria   particleConvKer    particleConvPPD    particleConvThreshold      quadraticBulkVisk      rotHrGls   
soAccuracy     
stressRate     	viscosity      weightFactor   Unknown    Average strain     Default Hourglass Control      Polar      Accuracy off   Default Distortion Control     Default Element Deletion   %Default Particle Conversion Criterion      CPE4   solid < MAT_DUMMY >    CPE3   Orphan mesh    
gsl_Matrix     DDBmatrix#ClassID      DDBmatrix#OID      _is_identity   rgnC_SetData   constructionOk     internalSet    	numSubset      setIndex   setLabel   setType#ClassID    setType#OID    subsetList#ClassID     subsetList#OID     unsorted   	E_ALL_UEL      rgnC_SubsetData    facetIdArray#ClassID   facetIdArray#OID   idArray#ClassID    idArray#OID    subsetIndex    subsetType#ClassID     subsetType#OID     ELEMENT_SET    E_CPE3_1   E_CPE3_2   E_CPE4_1   E_CPE4_2   E_QUAD_UMAT    
E_TRI_UMAT     E_U1   E_U2   E_U3   E_U4   
Assembly-1     odiK_PartInstance      sectorIndex    odiK_BaseInstance      instanceName   
sourceName     ptoC_SectionAssignment     offset     offsetField    
offsetType     region#ClassID     
region#OID     sectionName    suppressionStamp   thicknessAssignment    ptoC_PartAttribute     isReinforcement    rgnC_Region    _ownerNames#ClassID    _ownerNames#OID    _setTypeBits   _space     internal   setData#ClassID    setData#OID    odiK_SetDataListInMeshShortcut     SINGLE_VALUE   FROM_SECTION    ALL ELEMENTS      
 ALL NODES     NODE_SET    BOUNDRY   Step    1 Disp dof  3      Step    2 Disp dof  1      Step    2 Disp dof  2       " < @…P        j       À      < @…Ñ        k       À      < @…∏        n      Ø      < L@Àû        o       À   < K< M@À™        p       À      < O@Àº        q       À   < N< P@ÀÃ        r       À       " @À‡        s       À    "  " @ÀÏ        t       À      < ñ@Ã         w       À      < @Ã        x       À      < 	@Ã6        {       œ   • a• `@ÕË        |       À      • Q@Œ        }       À   • R• P@Œ        ~       À   T T @Œ.               À      T @ŒH        Ä       À   T • -@ŒV        Å       À   • @• ?@Œj        Ç       À      • @ŒÇ        É       À   • • @Œî        Ñ       À      • @Œ¨        Ö       À   • • @Œ∫        Ü       À      • [@ŒÃ        à       À   • ]• \@Œÿ        â       À      • #@ŒÍ        ä       À   • %• $@Œ˙        ã       À      < @œ        å       À       @œ(        é              @œ8        è            < z@œ§        ê       À      < @–         ¢       À      < û@–?        •       Ã      • _@–x        ¶       À      T @–Ä        ß       À      • >@–Ü        ®       À    
 @ 2@–¶        ‘      ë    
 @ @–≤        ’      ˛      < @–∏        ÿ      ?   < .< s@–“        ⁄         < ,< .@—1        €      —      < ,@—£        ‹      /   < A< G@—≠        ‡      .   < @< A@—≈        ·      .   < >< @@—¸        ‚      ™      < >@“2        „      .    
  A@“N        Î      —    
 @ 3@“e        ˘      ë    
 @ @“q        ˙      ˛    
 Ï ,@“x        ˝      ë    
 Ï @“Ä        ˇ      ˛    
 à R@“Ü             ë    
 à @“ç             ˛    
 ò 0@“ì             ë    
 ò @“ö             ˛    
 < J@“ü       
      ?   < ,< -@“∫              œ      • S@“ø                , • @”I             ˇ      , @”Q             ¸      , @”z              À        @”ô              À      , @”¨             ?   , • @”∫              À      , @”«              >      , 	@‘2       $      ¶      
 @‘Û       @       À      T @’       C      ï      T @’8       F      ï   • ^• J@’Ñ       n      ˇ      • ^@’é       o         ƒ ƒ @’ú       s      ô      ƒ @’∆       t       À      T @’—       u      
   T • A@’Û       w       À™Øªæ     /§  ø #    T #    S< X         #    Q #    R  ø #    n #    m< X        #    k #    l                                                                                                                                                                                                                                                                                                                                                                                                                    ™Øªæ     04               < Y       < Y      < Y      < Y      < Y      < Y      < Y      < Y      < Y      < Y   	               < Y   
   < Y      < Y      < Y      < Y      < Y      < Y      < Y      < Y      < Y                                                                                                                                                                                                                                               ™Øªæ         < <       < <      < <      < <      < <      < <      < <      < <      < <      < <   	   < <   
   < <      < <      < <      < <      < <      < <      < <      < <      < <      < <      < <      < <      < <                                                                                                                                                                                                                       ™Øªæ     0X                                                             	      
                                                                                                                                           !      "      #      $      %      &      '      (      )      *      +      ,      -      .      /                                                                                                                    ™Øªæ     0p        #    ¢          #    £          #    §          #    •          #    ¶          #    ß          #    ®          #    ©          #    ™         	 #    ´         
 #    ¨          #    ≠          #    Æ          #    Ø          #    ∞          #    ±          #    ≤          #    ≥          #    ¥          #    µ          #    ∂          #    ∑          #    ∏          #    π          #    ˚   ™Øªæ     0¨  ﬂ< c    < >    @µ0             @µ0     @µ0     @◊*     @◊       ﬂ< c   < >   @µ0             @µ0     @µ0     @◊*     @◊       ﬂ< c   < >   @µ0             @µ0     @µ0     @◊*     @◊       ﬂ< c   < >   @µ0             @µ0     @µ0     @◊*     @◊       ﬂ< c   < >   @µ0             @µ0     @µ0     @◊*     @◊       ﬂ< c   < >   @µ0             @µ0     @µ0     @◊*     @◊       ﬂ< c   < >   @µ0             @µ0     @µ0     @◊*     @◊       ﬂ< c   < >   @µ0 ™Øªæ     10   < d       < d      < d      < d      < d      < d      < d      < d      < d      < d   	   < d   
   < d      < d      < d      < d      < d      < d      < d      < d      < d      < d      < d      < d      < d      < d      < d      < d      < d      < d      < d      < d      < d      < d       < d   !   < d   "   < d   #   < d   $   < d   %   < d   &   < d   '   < d   (   < d™Øªæ     1T           < `               < `              < `              < `              < `              < `              < `              < `              < `              < `   	           < `   
           < `              < `              < `              < `              < `              < `              < `              < `              < `              < `              < `              < `              < `              < `              < `              < `              < `              < `              < `              < `              < `              < `               < `   !           < `   "           < `   #           < `   $           < `   %           < `   &           < `   '           < `   (           < `   )           < `   *           < `   +           < `   ,           < `   -           < `   .           < `   /                                                    ™Øªæ     1ê   < a       < a      < a      < a      < a      < a      < a      < a      < a      < a   	   < a   
   < a      < a      < a      < a      < a      < a      < a      < a      < a      < a      < a      < a      < a      < a      < a      < a      < a      < a      < a      < a      < a      < a       < a   !   < a   "   < a   #   < a   $   < a   %   < a   &   < a   '   < a   (   < a™Øªæ     1¥       < i           < i           < i           < i           < i           < i           < i           < i           < i           < i           < i           < i           < i           < i           < i           < i           < i           < i           < i           < i           < i           < i           < i           < i           < i          < i          < i          < i          < i          < i          < i          < i          < i          < i          < i          < i          < i          < i          < i          < i          < i          < i          < i          < i          < i          < i          < i          < i                                                                                                                                                                                                                                                       ™Øªæ     1‰   < j       < j                                                                                                                                                                                                                                                                                                                                                                                                                                                                                               ™Øªæ     2       < è           < è                                                                                                                                                                                                                                                                                                                                                                                                                                                                                                                                                                                                                                                                                                                                                                                                                                                                                                                                                                                                                       ™Øªæ     28   < ê       < ê      < ê                                                                                                                                                                                                                                                                                                                                                                                                                                                                                   ™Øªæ     2\       @…¢     < å           @…¢     < å          @…¨     < å                                                                                                                                                                                                                                                                                                                                                                                                                                               ™Øªæ     2ò   < ç       < ç      < ç                                                                                                                                                                                                                                                                                                                                                                                                                                                                                   ™Øªæ     2º       < }           < }          < }                                                                                                                                                                                                                                                                                                                                                                                                                                                                                                                                                                                                                                                                                                                                                                                                                                                                                                                                                                                                       ™Øªæ     2Ï   < ~       < ~      < ~                                                                                                                                                                                                                                                                                                                                                                                                                                                                                   ™Øªæ     3       @…z      "            @…z      "           @…z      "                                                                                                                                                                                                                                                                                                                                                                                                                                                ™Øªæ     3L    "         "        "                                                                                                                                                                                                                                                                                                                                                                                                                                                                                    ™Øªæ     3p        "            "            "                                                                                                                                                                                                                                                                                                                                                                                                                                                                                                                                                                                                                                                                                                                                                                                                                                                                                                                                                                                                           ê@÷(        @÷-        @÷3        @÷8        @÷>        @ x        @ Ç        @÷C        @÷F        @÷L        @÷Q        @÷W        $@÷\        @£h        @£à        @÷d        @å@        <@÷k        @å@        @÷p        @÷t        @Õ∂        Ñ@÷w        @÷{        @÷Ä        @÷Ñ        @÷ä        @÷è        @ÃÙ        @÷ì        @Ö         @÷ó        @»˛        $@÷õ        @£h        @£à        <@÷¢        @å@        @ŒB        @£        @§        $@÷Ø        @£h        @£à        0@÷π        @å@        @£        @§        $@÷∆        @£h        @£à        0@÷Õ        @å@        @£        @§        $@÷÷        @£h        @£à        <@÷€        @å@        @Ö         @£        @§        $@÷‰        @£h        @£à        0@÷Ï        @å@        @£        @§        $@÷ˆ        @£h        @£à        <@÷¸        @å@        @Ö         @£        @§        $@◊        @£h        @£à        0@◊        @å@        @£        @§        $™Øªæ     3†   @◊%     @◊"        @◊0     @◊-        @◊8     @◊5        @◊@     @◊=        @◊I     @◊F        @◊S     @◊P        @◊\     @◊Y        @◊h     @◊e        @◊r     @◊o        @◊~     @◊{        @◊á     @◊Ñ        @◊è     @◊å        @◊õ     @◊ò        @◊•     @◊¢        @◊Ø     @◊¨        @◊º     @◊π        @◊«     @◊ƒ        @◊’     @◊“        @◊‰     @◊·        @◊Û     @◊        @ÿ     @ÿ        @ÿ     @ÿ        @ÿ"     @ÿ        @ÿ0     @ÿ-        @◊%     @◊"     ˇ˙ÓÎ         ˇ˙ÓÎ         ˇ˙ÓÎ         ˇ˙ÓÎ         ˇ˙ÓÎ         ˇ˙ÓÎ         ˇ˙ÓÎ         ˇ˙ÓÎ         ˇ˙ÓÎ         ˇ˙ÓÎ         ˇ˙ÓÎ         ˇ˙ÓÎ         ˇ˙ÓÎ         ˇ˙ÓÎ         ˇ˙ÓÎ         ˇ˙ÓÎ         ˇ˙ÓÎ         ˇ˙ÓÎ         ˇ˙ÓÎ         ˇ˙ÓÎ         ˇ˙ÓÎ         ˇ˙ÓÎ         ˇ˙ÓÎ         ˇ˙ÓÎ         ™Øªæ      X   < >@ÿ:           < >@ÿC           < >@ÿO           < >@ÿZ           < >@ÿg           < >@ÿu           < >@ÿÉ           < >@ÿì           < >@ÿ§           < >@ÿ≠           < >@ÿ∂           < >@ÿ¡        	   < >@ÿ…           < >@ÿ—        
   < >@ÿ◊           < >@ÿﬂ            < >@ÿÂ           < >@ÿ           < >@ÿ˜           < >@Ÿ           < >@Ÿ           < >@Ÿ           < >@Ÿ           < >@Ÿ                            ™Øªæ         < )                                                                                                                                                                                                                                                                                                                                                                                                                                                                                                            ™Øªæ     3ƒ       #    ∫       #                                                                                                                                                                                                                                                                                                                                                                                                                                                                                       ˇ˙ÓÎ                                     @ê      @<      Al`        @\      @\      Aå`        @0      @0      Aè‡      ü@ê      @ÅÄ     Aê`        @ò      @ò      A∞`      ‹@Ö      @Ö      A‡`      8@T      @T      Aı`      @®®     @®®     A˜‡      :@       @       A	ZÄ      b@ê      @w¿     A	Z¿        @Ä      @W      A	z¿        @Ä      @[      A	ä¿        @Ä      @aÄ     A	ö¿        @Ä      @Ä      A	™¿      ˝@ê      @É‡     A	∫¿        @Ä      @t@     A	⁄¿        @ê      @Ä†     A	Í¿        @Ä      @t@     A

¿        @ê      @z¿     A
¿        @Ä      @t@     A
:¿        @ê      @z¿     A
J¿        @q      @q      A
j¿        @Ä      @oÄ     A
s@        @ê      @t¿     A
É@        @Ä      @oÄ     A
£@        @ê      @y¿     A
≥@        @ê      @ê      A
”@      9@ê      @t¿     A
Û@        @q      @q      A@        @T      @T      A¿        @T      @T      A@        @Ä      @oÄ     A ¿        @T      @T      A0¿        @T      @T      A3@        @Ä      @`Ä     A5¿        @8      @4      AE¿        @8      @4      AFÄ        @8      @4      AG@        @8      @4      AH         @8      @4      AH¿        @8      @4      AIÄ        @Ä      @W      AJ@        @Ä      @(      AZ@        @Ä      @<      Aj@        @Ä      @[      Az@        @Ä      @cÄ     Aä@        @Ä      @U      Aö@        @ê      @`Ä     A™@        @Ä      @U      A @        @ê      @[      A⁄@        @Ä      @U      A˙@        @ê      @[      A
@        @H      @H      A*@        @       @       A+¿      t@ê      @ê      A,       €@ä      @ä      AL       a@Ä      @Ä      Af       _@öê     @öê     Av       `@       @       A´         @       @       A´`        @       @       A´†        @       @       A´‡        @       @       A¨         @       @       A¨`        @       @       A¨†        @       @       A¨‡        @       @       A≠         @       @       A≠`        @       @       A≠†        @       @       A≠‡        @       @       AÆ         @       @       AÆ`        @       @       AÆ†        @       @       AÆ‡        @       @       AØ         @       @       AØ`        @       @       AØ†        @       @       AØ‡        @       @       A∞         @       @       A∞`        @       @       A∞†        @       @       A∞‡        @       @       A±         @(      @(      A±`      ]@(      @(      A±¿      ^@(      @(      A≤       [@Ä      @8      A≤Ä        @(      @(      A¬Ä      \@8      @4      A¬‡        @8      @4      A√†        @8      @8      Aƒ`      §@P      @P      A≈       £@       @       A«       ¢@8      @8      A«`      °@vÄ     @vÄ     A»       {@Ñ†     @Ñ†     A”`      ¶@`      @`      AË       •@       @       AÏ         @Ä      @[      AÏ@        @q      @q      A¸@        @q      @q      A¿        @T      @T      A@        @T      @T      A¿        @T      @T      A@        @T      @T      A¿        @Ä      @`Ä     A@        @8      @4      A'@        @8      @4      A(         @8      @4      A(¿        @8      @4      A)Ä        @8      @4      A*@        @8      @4      A+         @Ä      @(      A+¿        @Ä      @<      A;¿        @H      @H      AK¿        @       @       AM@        @H      @H      AMÄ      ¥@(      @(      AO       †@Ä      @8      AO`        @Ä      @(      A_`        @Ä      @(      Ao`        @0      @0      A`        @u¿     @u¿     A‡      ∂@Ä      @8      Aä¿        @8      @4      Aö¿        @8      @4      AõÄ        @Ä      @U      Aú@        @8      @4      A¨@        @8      @8      A≠         @@      @@      A≠¿        @8      @4      AÆ¿        @8      @8      AØÄ        @8      @4      A∞@        @8      @8      A±         @@      @@      A±¿        @8      @4      A≤¿        @8      @8      A≥Ä        @8      @4      A¥@        @8      @8      Aµ         @@      @@      Aµ¿        @8      @4      A∂¿        @8      @8      A∑Ä        @8      @4      A∏@        @8      @8      Aπ         @@      @@      Aπ¿        @8      @4      A∫¿        @8      @8      AªÄ        @8      @4      Aº@        @8      @8      AΩ         @@      @@      AΩ¿        @8      @4      Aæ¿        @8      @8      AøÄ        @8      @4      A¿@        @8      @8      A¡         @@      @@      A¡¿        @8      @4      A¬¿        @8      @8      A√Ä        @8      @4      Aƒ@        @0      @0      A≈       ⁄@c      @c      A≈Ä      ¸@H      @H      A @      @0      @0      AÀ¿      @|      @|      AÃ@      @H      @H      A⁄@      @@      @@      A€¿      µ@á      @á      A‹¿      ∑@(      @(      AÛ¿      ∏@Ä      @8      AÙ         @(      @(      A       π@Ä      @8      AÄ        @(      @(      AÄ      ∫@Ä      @8      A‡        @(      @(      A$‡      ª@Ä      @(      A%@        @Ä      @(      A5@        @Ä      @(      AE@        @Ä      @(      AU@        @0      @0      Ae@        @Ä      @(      Ae¿        @^      @^      Au¿      ˜@`      @`      AyÄ        @Ö`     @Ö`     A}Ä        @ï@     @ï@     Aí‡      ˛@D      @D      AΩ`      ?@D      @D      Aæ†      @@S      @S      Aø‡      A@`Ä     @`Ä     A¬@      B@Ä      @r¿     A∆`        @0      @0      A÷`      &@0      @0      A÷‡      '@0      @0      A◊`      (@0      @0      A◊‡      )@0      @0      Aÿ`      *@0      @0      Aÿ‡      +@0      @0      AŸ`      ,@0      @0      AŸ‡      -@0      @0      A⁄`      .@0      @0      A⁄‡      /@0      @0      A€`      0@0      @0      A€‡      1@0      @0      A‹`      2@0      @0      A‹‡      3@0      @0      A›`      4@0      @0      A›‡      5@0      @0      Aﬁ`      6@0      @0      Aﬁ‡      7@0      @0      Aﬂ`      8@0      @0      Aﬂ‡      9@0      @0      A‡`      :@0      @0      A‡‡      ;@0      @0      A·`      <@0      @0      A·‡      =@Ä      @~¿     A‚`        @Ä      @8      AÚ`        @0      @0      A`      >@ê      @<      A‡        @\      @\      A"‡        @0      @0      A&`        @ê      @å‡     A&‡        @ò      @ì0     AF‡        @Ä      @|¿     Av‡        @Ä      @|¿     AÜ‡        @Ä      @S      Añ‡        @Ä      @S      A¶‡        @       @       A∂‡      ˇ@Ä      @_      A∑         @q      @q      A«         @q      @q      Aœ†        @T      @T      Aÿ         @T      @T      A⁄†        @T      @T      A›         @T      @T      Aﬂ†        @T      @T      A‚         @Ä      @c      A‰†        @8      @4      AÙ†        @8      @4      Aı`        @8      @4      Aˆ         @8      @4      Aˆ‡        @8      @4      A˜†        @8      @4      A¯`        @8      @4      A˘         @Ä      @(      A˘‡        @Ä      @F      A        @H      @H      A        @H      @H      A∞        @       @       Ap      @H      @H      Aê      %@Ä      @8      AP        @Ä      @(      AP        @Ä      @(      AP        @0      @0      A'P        @c      @c      A'ê        @Ä      @p¿     A)        @8      @8      A1        @       @       A2P        @Ä      @_      A2p        @q      @q      A:p        @q      @q      A>∞        @T      @T      AB        @T      @T      AD0        @T      @T      AEp        @T      @T      AF∞        @T      @T      AG        @Ä      @c      AI0        @8      @4      AQ0        @8      @4      AQê        @8      @4      AQ        @8      @4      ARP        @8      @4      AR∞        @8      @4      AS        @8      @4      ASp        @Ä      @(      AS–        @Ä      @F      A[–        @H      @H      Ac–        @H      @H      Adê        @       @       AeP        @Ä      @8      Aep        @8      @4      Amp        @8      @4      Am–        @8      @8      An0        @       @       Anê        @P      @P      An∞        @8      @8      Ao∞        @Ä      @8      Ap        @Ä      @8      Ax        @Ä      @8      AÄ        @Ä      @(      Aà        @Ä      @(      Aê        @Ä      @(      Aò        @Ä      @(      A†        @0      @0      A®        @Ä      @(      A®P        @^      @^      A∞P        @       @       A≤0        @       @       A≤P        @       @       A≤p        @       @       A≤ê        @       @       A≤∞        @       @       A≤–        @       @       A≤        @       @       A≥        @       @       A≥0        @       @       A≥P        @       @       A≥p        @       @       A≥ê        @       @       A≥∞        @       @       A≥–        @       @       A≥        @       @       A¥        @       @       A¥0        @       @       A¥P        @       @       A¥p        @       @       A¥ê        @       @       A¥∞        @       @       A¥–        @       @       A¥        @       @       Aµ        @       @       Aµ0        @D      @D      AµP        @D      @D      Aµ        @S      @S      A∂ê        @`Ä     @`Ä     A∑¿                                                                                                                                                                                                                                                                                                                                                                                                                                                                                                                                                                                                                                                                                                                                                                                                                                                                                                                                                                                                                                                                                                                                                                                                                                                                                                                                                                                                                                                                                                                                                                                                                                                                                                                                                                                                                                                                                                                                                                                                                                                                                                                                                                                                                                                                                                                                                                                                                                                                                                                                                                                                                                                                                                                                                                                                                                                                                                                                                                                                                                                                                                                                                                                                                                                                                                                                                                                                                                                                                                                                                                                                                                                                                                                                                                                                                                                                                                                                                                                                                                                                                                                                                                                                                                                                                                                                                                                                                                                                                                                                                                                                                                                                                                                                                                                                                                                                                                                                                                                                                                                                                                                                                                                                                                                                                                                                                                                                                                                                                                                    ™Øªæ     <    #        ª                                                                                                                                                                                                                                                                                                                                                                                                                                                                                                                                                                                                                                                                                                                                                                                                                                                                                                                                                                                                                                    ˇ˙ÓÎ                                         	   
                                              @•                         #         +         ,         W         c         j         q         r         w         x         y         |                  ®         ™         ¨         Æ         Ø         ∞         ±         ≥         º         ’         ÷         ÿ         ‚         Í         Ú         Û         ¯         ˘         ˙                                                                                                     !         "         $                                                                                                                                                                                                                                                                                                                                                                                                                                                                                                @µ0     @µ0     @◊*     @◊       ﬂ< c   < >   @µ0             @µ0     @µ0     @◊*     @◊       ﬂ< c   	< >   	@µ0             @µ0     @µ0     @◊*     @◊       ﬂ< c   
< >   
@µ0             @µ0     @µ0     @◊*     @◊       ﬂ< c   < >   @µ0             @µ0     @µ0     @◊*     @◊       ﬂ< c   < >   @µ0             @µ0     @µ0     @◊*     @◊       ﬂ< c   < >   @µ0             @µ0     @µ0     @◊*     @◊       ﬂ< c   < >   @µ0             @µ0     @µ0     @◊*     @◊       ﬂ< c   < >   @µ0             @µ0     @µ0     @◊*     @◊       ﬂ< c   < >   @µ0             @µ0     @µ0     @◊*     @◊       ﬂ< c   < >   @µ0             @µ0     @µ0     @◊*     @◊       ﬂ< c   < >   @µ0             @µ0     @µ0     @◊*     @◊       ﬂ< c   < >   @µ0             @µ0     @µ0     @◊*     @◊       ﬂ< c   < >   @µ0             @µ0     @µ0     @◊*     @◊       ﬂ< c   < >   @µ0             @µ0     @µ0     @◊*     @◊       ﬂ< c   < >   @µ0             @µ0     @µ0     @◊*     @◊       ﬂ< c   < >   @µ0             @µ0     @µ0     @◊*     @◊       ﬂ< c   < >   @µ0             @µ0     @µ0     @◊*     @◊       ﬂ< c   < >   @µ0             @µ0     @µ0     @◊*     @◊       ﬂ< c   < >   @µ0             @µ0     @µ0     @◊*     @◊       ﬂ< c   < >   @µ0             @µ0     @µ0     @◊*     @◊       ﬂ< c   < >   @µ0             @µ0     @µ0     @◊*     @◊       ﬂ< c   < >   @µ0             @µ0     @µ0     @◊*     @◊       < (@÷(       Œ       Ã      < X@÷\       œ       À   < ,< <@÷d       —       Ã   < +< ,@÷k       “       Ã      < +@÷w       ”      ¯      < c@÷õ       ‘       À   < e< d@÷¢       ’       À      < `@÷Ø       ÷       À   < b< a@÷π       ◊       À      < i@÷∆       ÿ       À   < k< j@÷Õ       Ÿ       À      < è@÷÷       ⁄       À   < ë< ê@÷€       €       À      < å@÷‰       ‹       À   < é< ç@÷Ï       ›       À      < }@÷ˆ       ﬁ       À   < < ~@÷¸       ﬂ       À       " @◊       ‡       À    "  " @◊       ·       À      < >@◊       „       À      < )@Ÿ)       ˛       À@◊        @Õ¶        @Õ∞        0@Ÿ)        @Ÿ.        @Ÿ2        @Ÿ8        res_HistoryStep    clockHistMap#ClassID   clockHistMap#OID   clockList#ClassID      clockList#OID      hasPair    historyMap#ClassID     historyMap#OID     varDescMap#ClassID     varDescMap#OID     res_FrameContainerShortcut     res_HistWholeModelFloat    res_HistFloat      data#ClassID   data#OID   res_History    clock#ClassID      	clock#OID      description#ClassID    description#OID    
filterName     loadCaseName   storageType    res_HistoryClockShortcut   /res_HistoryClockInHistoryClockContainerShortcut    !res_HistoryClockContainerShortcut      .res_HistoryClockContainerInHistoryStepShortcut     res_HistoryStepShortcut    res_HistoryStepInStepShortcut      res_StepShortcut   res_StepInStepContainerShortcut    res_StepContainerShortcut      !res_StepContainerInResultShortcut      res_ResultShortcut     #res_ResultInResultContainerShortcut    ddr_ResultContainerShortcut     ddr_ResultContainerInDdbShortcut   WHOLE_MODEL    res_VariableDescription    ALLKE      Kinetic energy     FLOAT      ALLSE      Strain energy      ALLWK      External work      ALLPD      Plastic dissipation    ALLCD      Creep dissipation energy   ALLVD      Viscous dissipation    ALLKL       Loss of kinetic energy at impact   ALLAE      Artificial strain energy   ALLQB      Energy lost to quiet boundaries    ALLEE      Electrostatic energy   ALLIE      Internal energy    ETOTAL     Total energy of the output set     ALLFD      Frictional dissipation     ALLJD      Joule heat dissipation     ALLSD      "Static dissipation (stabilization)     ALLDMD     Damage dissipation energy      ALLCCEN    (Contact constraint elastic normal energy   ALLCCET    ,Contact constraint elastic tangential energy   ALLCCSD    ,Contact constraint stabilization dissipation   ALLCCSDN   3Contact constraint stabilization normal dissipation    ALLCCSDT   7Contact constraint stabilization tangential dissipation    ALLDTI     Dynamic time integration energy    ALLCCDW    %Contact constraint discontinuity work      ALLCCE     !Contact constraint elastic energy      ALLAEArtificial strain energy      ,ALLCCDWContact constraint discontinuity work   'ALLCCEContact constraint elastic energy    /ALLCCENContact constraint elastic normal energy    3ALLCCETContact constraint elastic tangential energy    3ALLCCSDContact constraint stabilization dissipation    ;ALLCCSDNContact constraint stabilization normal dissipation    ?ALLCCSDTContact constraint stabilization tangential dissipation    ALLCDCreep dissipation energy      ALLDMDDamage dissipation energy    %ALLDTIDynamic time integration energy      ALLEEElectrostatic energy      ALLFDFrictional dissipation    ALLIEInternal energy   ALLJDJoule heat dissipation    ALLKEKinetic energy    %ALLKLLoss of kinetic energy at impact      ALLPDPlastic dissipation   $ALLQBEnergy lost to quiet boundaries   'ALLSDStatic dissipation (stabilization)    ALLSEStrain energy     ALLVDViscous dissipation   ALLWKExternal work     $ETOTALTotal energy of the output set   res_HistoryClock   
numHistory     timeArray#ClassID      timeArray#OID   @Ÿ=     ™Øªæ     3Ù ˇœˇˇˇˇˇˇˇˇ<             @Ÿ=                                   @µ0             <      ˇœˇˇˇˇˇˇˇˇ<            @€ã     ?Ä                           @µ0             <     ˇœˇˇˇˇˇˇˇˇ<            @Ÿ=                                   @µ0             <     ˇœˇˇˇˇˇˇˇˇ<            @€ã     ?Ä                           @µ0             <                                                                                                                                                                                                                                                                                                                                                                                                                                                                                                                                                                                                                                                                        ™Øªæ     4    #    U #    V    #    Z #    [    #    o #    p    #    v #    w                                                                                                                                                                                                                                                                                                                                                                                                                                    ™Øªæ     <   < $           < $         < $         < $         <           <                                                                                                                                                                                                                                                                                                                                                                                                                           ™Øªæ     5,                                                             	      
                                                                                                                                                                                                                                                                                                                                                                                                                  ™Øªæ     5D  ˇ         #    º< O                       ˇ        #    Ω< O                      ˇ        #    æ< O                      ˇ        #    ø< O                      ˇ        #    À< O                      ˇ        #    Ã< O                      ˇ        #    Õ< O                      ˇ   	     #    Œ< O                      ˇ        #   < O   
                   ˇ        #   < O                      ˇ        #   ™Øªæ     5‘   < K        @◊*        < K      @◊*        < K      @◊*        < K      @◊*        < K      @◊*        < K      @◊*        < K       @◊*        < K      @◊*        < K      @◊*        < K   	   @◊*        < K   
   @◊*        < K      @◊*        < K       @◊*        < K      @◊*        < K      @◊*        < K      @◊*        < K      @◊*        < K      @◊*        < K      @◊*        < K       @◊*        < K      @◊*        < K      @◊*        < K      @◊*        < K      @◊*        < K      @◊*        < K      @◊*                                                                                                                                                                                                                                                                                                                                                                                                         ™Øªæ     6   < L       < L      < L      < L      < L      < L      < L      < L      < L      < L   	   < L   
   < L      < L      < L      < L      < L      < L      < L      < L      < L      < L      < L      < L      < L      < L      < L                                                                                                                                                                                               ™Øªæ     64           < G              < G             < G             < G             < G             < G              < G             < G             < G             < G   	          < G   
          < G              < G             < G             < G             < G             < G             < G             < G              < G             < G             < G             < G             < G             < G             < G                                                                                                                                                                                                                                                                                                                                                                                                                                                                                                               ™Øªæ     6p   < I       < I      < I      < I      < I      < I      < I      < I      < I      < I   	   < I   
   < I      < I      < I      < I      < I      < I      < I      < I      < I      < I      < I      < I      < I      < I      < I                                                                                                                                                                                               ™Øªæ     6î       < U           < U          < U          < U          < U          < U          < U          < U          < U          < U   	       < U   
       < U          < U          < U          < U          < U          < U          < U          < U          < U          < U          < U          < U          < U          < U          < U                                                                                                                                                                                                                                                                                                                                                                                                                                                                                                                                                                                                                       ™Øªæ     6ƒ   < V       < V      < V      < V      < V      < V      < V      < V      < V      < V   	   < V   
   < V      < V      < V      < V      < V      < V      < V      < V      < V      < V      < V      < V      < V      < V      < V                                                                                                                                                                                               ™Øªæ     6Ë       < è           < è           < è           < è           < è           < è           < è          < è          < è          < è          < è          < è          < è          < è          < è          < è          < è          < è          < è          < è          < è          < è          < è          < è          < è          < è                                                                                                                                                                                                                                                                                                                                                                                                                                                                                                                                                                                                                       ˇ˙ÓÎ                                                                                                                                                                                                                                                                          ™Øªæ     7   < P       < P      < P      < P      < P      < P      < P      < P      < P      < P   	   < P   
   < P      < P      < P      < P      < P      < P      < P      < P      < P                                                                                                                                                                                                                                                                       ™Øªæ     7<       < [           < [          < [          < [          < [          < [          < [          < [          < [          < [   	       < [   
       < [          < [          < [          < [          < [          < [          < [          < [          < [                                                                                                                                                                                                                                                                                                                                                                                                                                                                                                                                                                                                                                                                                                                       ™Øªæ     7l   < \       < \      < \      < \      < \      < \      < \      < \      < \      < \   	   < \   
   < \      < \      < \      < \      < \      < \      < \      < \      < \                                                                                                                                                                                                                                                                       ™Øªæ     7ê           < X              < X              < X              < X              < X             < X             < X             < X             < X   	          < X   
           < X              < X              < X              < X              < X             < X             < X             < X             < X             < X                                                                                                                                                                                                                                                                                                                                                                                                                                                                                                                                                                                                                                          ¸@ŸH        @ŸL        @ŸQ        @ŸV        @Ÿ\        @Ÿa        @Ÿh        @Ÿn        @Ÿr        @Ã¬        @ ä        @Ÿv        @Ÿ{        @ †        @Ÿ        @ŸÇ        @÷ì        @ŸÜ        @Ÿå        @Ÿë        @Ÿò        <@Ÿû        @Ã        @Ã(        @Ÿ£        @Ÿ©        @ŸÆ        @å@        ê@Ÿµ        @å@        @Ÿ∫        @Ÿæ        @Ÿƒ        @Ÿ…        @ŸŒ        @Ÿ“        @Ÿ◊        @Ÿ‹        @Ÿﬂ        @Ÿ‰        <@ŸË        @÷Ñ        @÷ä        @Ã˙        @÷ó        $@ŸÏ        @£h        @£à        <@ŸÙ        @å@        @ŒB        @£        @§        $@⁄        @£h        @£à        0@⁄        @å@        @£        @§        $@⁄        @£h        @£à        0@⁄"        @å@        @£        @§        $@⁄*        @£h        @£à        0@⁄1        @å@        @£        @§        $@⁄:        @£h        @£à        <@⁄@        @å@        @ŒB        @£        @§        0@⁄J        @å@        @£        ™Øªæ     7Ã       < è           < è           < è           < è           < è           < è          < è          < è          < è          < è          < è          < è          < è          < è          < è          < è          < è          < è          < è          < è                                                                                                                                                                                                                                                                                                                                                                                                                                                                                                                                                                                                                                                                                                                       ˇ˙ÓÎ                                                                                                                                                                                                                                                                          ˇ˙ÓÎ                                                                          ˇ˙ÓÎ                                                                          ™Øªæ     7¸       #    ¿< O          #    ¡< O         
 #    œ< O   	       #    –< O   	       #   < O          #   < O          #   < O          #   *< O          #   +< O          #   ,< O                                                                                                                                                                                                                                                                       ˇ˙ÓÎ                                                                          ˇ˙ÓÎ                                                                          ™Øªæ      X    # @⁄X        ¬    # @⁄^        √    # @⁄c        ƒ    # @⁄i        ≈    # @⁄o        ∆    # @⁄u        «                                                                                                                                                                                                                                                                                                                                                                                            ˇ˙ÓÎ                 ˇ˙ÓÎ                 ˇ˙ÓÎ                 ˇ˙ÓÎ                 ˇ˙ÓÎ                  ˇ˙ÓÎ                 ™Øªæ     8D    #    X #    W    #    ] #    \    #    r #    q    #    y #    x                                                                                                                                                                                                                                                                                                                                                                                                                                    ™Øªæ      <                                                                                                                                                                                                                                                                                                                                                                                                                                                                                                                    ™Øªæ     <   < ¶                                                                                                                                                                                                                                                                                                                                                                                                                                                                                                            ™Øªæ     8Ä        #    »       #    ◊       #   #       #   $       #   4       #   5                                                                                                                                                                                                                                                                                                                                                                                                                    ™Øªæ     8∞       < †    @◊*            < †   @◊*            < †   @◊*           < †   @◊*            < †   @◊*           < †   @◊*                                                                                                                                                                                                                                                                                                                                                                         ™Øªæ     8Ï   < °       < °      < °      < °      < °      < °                                                                                                                                                                                                                                                                                                                                                                                                                                               ™Øªæ     9           < £               < £              < £             < £              < £             < £                                                                                                                                                                                                                                                                                                                                                                                                                                                                                                                                                                                                                                                                                                                                                                                                                                                                                                                               ™Øªæ     9L   < @       < @      < @      < @      < @      < @                                                                                                                                                                                                                                                                                                                                                                                                                                               ™Øªæ     9p       < q           < q          < q          < q          < q          < q                                                                                                                                                                                                                                                                                                                                                                                                                                                                                                                                                                                                                                                                                                                                                                                                                                                                                                                                                       ™Øªæ     9†   < r       < r      < r      < r      < r      < r                                                                                                                                                                                                                                                                                                                                                                                                                                               ™Øªæ     9ƒ       < è           < è          < è          < è          < è          < è                                                                                                                                                                                                                                                                                                                                                                                                                                                                                                                                                                                                                                                                                                                                                                                                                                                                                                                                                       ˇ˙ÓÎ                                          @µ0                      !            "            $            %            &            '            (            )            5            Y            Z            d            e            f            g            h            i            k            l            m            n            o            p            s            z            }            ~            Ä            Å            Ç            É            Ñ            Ö            Ü            á            à            â            ä            ã            å            ç            é            è            ê            ë            í            ì            î            ï            ñ            ó            ò            ô            ö            õ            ú            ù            û            ≤            Ω            æ            ø            ¿             < @ŸH       
       Ã      < @Ÿû              À   < < $@ŸÆ              À   < < @Ÿµ              À      < @ŸË              À      < K@ŸÏ              À   < N< L@ŸÙ              À      < G@⁄              À   < J< I@⁄              À      < U@⁄              À   < W< V@⁄"              À      < O@⁄*              À   < Q< P@⁄1              À      < [@⁄:              À   < ]< \@⁄@              À   < Z< Y@⁄J              À   < < @⁄S               ”      < @⁄{       *       À   < •< ¶@⁄Ç       -       À      < •@⁄ê       .       À      < †@⁄¢       /       À   < ¢< °@⁄´       0       À      < £@⁄ª       1       À   < §< @@⁄∆       2       À      < q@⁄“       3       À   < s< r@⁄€       4       À@§        H@⁄S        @å@        @Ÿæ        @Ÿƒ        @Ÿ…        @ŸŒ        <@⁄{        @–'        @–,        @–0        @–5        0@⁄Ç        @å@        @⁄á        @⁄å        <@⁄ê        @Ã˙        @⁄ï        @⁄ú        @÷ó        $@⁄¢        @£h        @£à        <@⁄´        @å@        @ŒB        @£        @§        $@⁄ª        @£h        @£à        0@⁄∆        @å@        @£        @§        $@⁄“        @£h        @£à        0@⁄€        @å@        @£        @§        &Increment      0: Step Time =    0.000     	res_Frame      defaultDeformed    defaultPrimary     fieldFrame#ClassID     fieldFrame#OID     frameAssociation#ClassID   frameAssociation#OID   
frameLabel     	frameTime      hasModeNumber      	hasNormal      incNum     isImaginary    normalFrame#ClassID    normalFrame#OID    preFieldFrame#ClassID      preFieldFrame#OID      res_FieldFrame     fieldSort#ClassID      fieldSort#OID      res_Tensor2dPlanarFlt      res_TensorFlt      asPrincipal    fieldData#ClassID      fieldData#OID      frame#ClassID      	frame#OID      numCompValues      numPrinValues      order      quatData#ClassID   quatData#OID   	res_Field      res_FieldDescriptionShortcut   7res_FieldDescriptionInFieldDescriptionContainerShortcut    %res_FieldDescriptionContainerShortcut      0res_FieldDescriptionContainerInFieldStepShortcut   res_FieldStepShortcut      res_FieldStepInStepShortcut    res_FieldFrameShortcut     res_FieldFrameInFrameShortcut      res_FrameShortcut      !res_FrameInFrameContainerShortcut       res_FrameContainerInStepShortcut   res_VectorFlt      1:-1:RF:PART-1-1:      1:-1:U:PART-1-1:   2:-1:E:PART-1-1:1      2:-1:E:PART-1-1:3      2:-1:S:PART-1-1:1      2:-1:S:PART-1-1:3      res_PredefinedFieldFrame   res_LoadBCFloat    lbcData#ClassID    lbcData#OID    res_LoadBCBase     lbcDescription#ClassID     lbcDescription#OID     res_LoadBCDescriptionShortcut      9res_LoadBCDescriptionInLoadBCDescriptionContainerShortcut      &res_LoadBCDescriptionContainerShortcut     ,res_BCContainerInPredefinedFieldStepShortcut   res_PredefinedFieldStepShortcut    %res_PredefinedFieldStepInStepShortcut                       C¸j                                                                    √¸j                                                                                                    ?Ä  ™Øªæ     9Ù™Øªæ     :™Øªæ     :T™Øªæ          +                                                                                                                                                                                                                                                                                                                                                                                                                                                                                                             ™Øªæ     :úˇ˙ÓÎ                 ˇ˙ÓÎ                      #    Y	   #       @0                 #    …                                                                     @⁄Ê        @å@        H@⁄Í        @å@        @⁄        @⁄ı        @⁄˚        @€        H@€        @€        @€        @€        @€        @€        ¿@€&        @€,        @€5        @€=        @€D        @€J        @€P        @€U        @€]        @€d        @€j        @€o        @€u        @€z        @€Å        @€á        dia_Warning    dia_WarningErrorBase   m_attemptNumber    m_incrementNumber      m_iterationNumber      m_stepNumber   dia_DiagnosticBase     m_data#ClassID     
m_data#OID     m_type     m_variationNumbers#ClassID     m_variationNumbers#OID     dia_AuxiliaryData      m_elementInstanceNames#ClassID     m_elementInstanceNames#OID     m_elementLabels#ClassID    m_elementLabels#OID    m_intValues#ClassID    m_intValues#OID    m_nodeInstanceNames#ClassID    m_nodeInstanceNames#OID    m_nodeLabels#ClassID   m_nodeLabels#OID   m_realValues#ClassID   m_realValues#OID   m_stringValues#ClassID     m_stringValues#OID     m_variation     +  + @⁄Ê       T      ö    +  + @⁄Í       U      ¢       + @€       V      ¢       + @€&       X      ¢@€ã     ™Øªæ     <   < $          < $         < $         < $         <          <                                                                                                                                                                                                                                                                                                                                                                                                                           ˇ˙ÓÎ                                                                                                                                                                                                                                                                          ˇ˙ÓÎ                                                                                                                                                                                                                                                                          ˇ˙ÓÎ                                                                          ˇ˙ÓÎ                                                                          ˇ˙ÓÎ                                                                          ˇ˙ÓÎ                                                                          ™Øªæ      X    # @⁄X        —    # @⁄^        “    # @⁄c        ”    # @⁄i        ‘    # @⁄o        ’    # @⁄u        ÷                                                                                                                                                                                                                                                                                                                                                                                            ˇ˙ÓÎ                 ˇ˙ÓÎ                 ˇ˙ÓÎ                 ˇ˙ÓÎ                 ˇ˙ÓÎ                  ˇ˙ÓÎ                 ™Øªæ      <                                                                                                                                                                                                                                                                                                                                                                                                                                                                                                                    ™Øªæ     <   < ¶                                                                                                                                                                                                                                                                                                                                                                                                                                                                                                           ˇ˙ÓÎ          =·GÆ>kÖ>Ωp§?(ˆ>Ä  >Êff>ôö=LÃÕ@µ0                                                 ™Øªæ     ;\™Øªæ          +                                                                                                                                                                                                                                                                                                                                                                                                                                                                                                             ™Øªæ                                                                                                                                                                                                                                                                                                                                                                                                                                                                                                                           ™Øªæ                                                                                                                                                                                                                                                                                                                                                                                                                                                                                                                           ˇ˙ÓÎ            \@€ñ        @€ô        @€°        @€®        @€Ø        @€µ        @€æ        @€«        @€œ        @€’        @€‹        @€‚        @€È        @€        @€˜        @€˚        @‹         @‹        @‹        @‹        @‹        @‹        @‹        @‹%        @‹)        @‹/        @€        @‹3        @‹9     ™Øªæ          +                                                                                                                                                                                                                                                                                                                                                                                                                                                                                                            ˇ˙ÓÎ                 ˇ˙ÓÎ                  ™Øªæ          +        +        +        +        +        +                                                                                                                                                                                                                                                                                                                                                                                                                                                ˇ˙ÓÎ                 ˇ˙ÓÎ          CÂ;±Eˇ˙ÓÎ          @µ0     @µ0     ˇ˙ÓÎ                 ˇ˙ÓÎ          @Œ      ˇ˙ÓÎ                 ˇ˙ÓÎ          C:tÏNƒÚˇ˙ÓÎ          @µ0     @µ0     ˇ˙ÓÎ                 ˇ˙ÓÎ          @Œ      ˇ˙ÓÎ                 ˇ˙ÓÎ          C3¶gd@rñˇ˙ÓÎ          @µ0     @µ0     ˇ˙ÓÎ                 ˇ˙ÓÎ          @Œ      ˇ˙ÓÎ                 ˇ˙ÓÎ          CQ¯˙ˆ'bxˇ˙ÓÎ          @µ0     @µ0     ˇ˙ÓÎ                 ˇ˙ÓÎ          @Œ      ˇ˙ÓÎ                 ˇ˙ÓÎ          C#∂'bv2ˇ˙ÓÎ          @µ0     @µ0     ˇ˙ÓÎ                 ˇ˙ÓÎ          @Œ      ˇ˙ÓÎ                 ˇ˙ÓÎ          CìLìBv&∏ˇ˙ÓÎ          @µ0     @µ0     ˇ˙ÓÎ                 ˇ˙ÓÎ          @Œ      ˇ˙ÓÎ                         @•     ˇˇˇ #    ÿ #    `?Ó$c Öa #    _    #    ^@‹=         ?                                d?      >‰¯µà„hÒ            @µ0                ?                                                        @0                 #    Ÿ                                                       #    € #    ﬂ #    ﬁ #    ‹ #    ›                       #    ‡ #    ‰ #    „ #    · #    ‚                       #    Â #    È #    Ë #    Ê #    Á                       #    Í #    Ó #    Ì #    Î #    Ï                       #    Ô #    Û #    Ú #     #    Ò                       #    Ù #    ¯ #    ˜ #    ı #    ˆ        #    a	   #    ⁄    #    b
 @ #    ˘       + @€ñ       v         &Increment      1: Step Time =    1.000     dia_Step   m_ActiveXplStatus#ClassID      m_ActiveXplStatus#OID      m_XplStatusList#ClassID    m_XplStatusList#OID    m_characteristicElementLength      m_contactDiagnosticList#ClassID    m_contactDiagnosticList#OID    m_extrapolationCode    m_incrementList#ClassID    m_incrementList#OID    m_incrementationScheme     m_incrementsCompleted      m_initialTimeIncrement     
m_isNlgeom     m_isPerturbation   m_isRiks   m_isStabilized     
m_isUnsymm     m_lproc    m_maximumNumberOfIncrements    m_maximumTimeIncrement     m_minimumTimeIncrement     m_solverCode   m_stabilizeFactor      
m_stepName     m_stepTimeCompleted    m_timePeriod   AUTO_INCREMENTATION ™Øªæ     <∏™Øªæ          +                                                                                                                                                                                                                                                                                                                                                                                                                                                                                                             ™Øªæ     =™Øªæ          +                                                                                                                                                                                                                                                                                                                                                                                                                                                                                                             ™Øªæ     =Ñ™Øªæ          +                                                                                                                                                                                                                                                                                                                                                                                                                                                                                                             ™Øªæ     >h™Øªæ                                                                                                                                                                                                                                                                                                                                                                                                                                                                                                                           ™Øªæ                                                                                                                                                                                                                                                                                                                                                                                                                                                                                                                           ™Øªæ                                                                                                                                                                                                                                                                                                                                                                                                                                                                                                                           ™Øªæ                                                                                                                                                                                                                                                                                                                                                                                                                                                                                                                           ˇ˙ÓÎ          ™Øªæ                                                                                                                                                                                                                                                                                                                                                                                                                                                                                                                                                                                                                                                  + @‹C       ß             + @‹m       ©      ö       + @‹õ       ´      ≤       + @›       ≠      È   `@‹C        @‹H        @‹O        @‹U        @‹^        @⁄ı        @‹f        @‹3        l@‹m        @⁄        @‹q        @‹v        @‹{        @‹Ç        @‹à        @‹è        @‹ï        ‰@‹õ        @‹†        @‹©        @€æ        @€«        @‹±        @‹∫        @‹U        @‹^        @‹¬        @‹«        @‹–        @‹Ÿ        @⁄˚        @‹‡        @‹È        @‹Ú        @‹¯        @‹ˇ        ¸@›        @›	        @›        @›        @›        @›!        @›'        @›-        @›2        @›8        @›>        @›G        @›L        @›R        @›X        @›a        @›f        @›k        @›q        @›z        @›        dia_Increment      m_attemptList#ClassID      m_attemptList#OID      m_elementDiagnosticList#ClassID    m_elementDiagnosticList#OID    m_initialIncrementSize     dia_Attempt    m_attemptSize      m_autoStabilize    m_cutbackCodes#ClassID     m_cutbackCodes#OID     m_iterationList#ClassID    m_iterationList#OID    m_needsReordering      dia_Iteration      m_compatibiltyErrorList#ClassID    m_compatibiltyErrorList#OID    m_contactIterationList#ClassID     m_contactIterationList#OID     m_isConverged       m_isPenetrationToleranceExceeded   m_isSeparationToleranceTooLarge    m_isSevereDiscontinuity    m_numberOfNegativeEigenvalues       m_numberOfNumericalSingularities   m_numberOfZeroPivots   m_residualList#ClassID     m_residualList#OID     dia_Residual   m_averageFlux      m_correctionCheck      m_estimatedCorrection      m_fieldEquationType    m_hasUserDefinedNorm   m_isResponseLinear     m_maxCorrection    m_maxCorrectionDOF     m_maxCorrectionNode    m_maxCorrectionPartInstanceName    m_maxIncrement     m_maxIncrementDOF      m_maxIncrementNode     m_maxIncrementPartInstanceName     m_maxResidual      m_maxResidualDOF   m_maxResidualNode      m_maxResidualPartInstanceName      m_residualCheck    m_timeAverageFlux      DISPLACEMENT_FIELD     RESIDUAL_ACCEPTED      CORRECTION_ACCEPTED     #    c #    j   ?                 ˇ   ?           #    ˙ #    d     ˇˇ #    f #    g #    h #    i                               #    e ˇˇ@1*°TY˚@›ë             @›Ö            ?„Ö∏QÎÖ      @Œ      ?„Ö∏QÎÖ      @Œ                      @Œ      @›ã     @1*°TY˚™Øªæ         < <      < <      < <      < <      < <      < <      < <      < <      < <       < <   !   < <   "   < <   #   < <   $   < <   %   < <   &   < <   '   < <   (   < <   )   < <   *   < <   +   < <   ,   < <   -   < <   .   < <   /                                                                                                                                                                                                                    ˇ˙ÓÎ         ˇ˙ÓÎ         ˇ˙ÓÎ         ˇ˙ÓÎ         ˇ˙ÓÎ         ˇ˙ÓÎ         ˇ˙ÓÎ         ˇ˙ÓÎ         ˇ˙ÓÎ         ˇ˙ÓÎ         ˇ˙ÓÎ         ˇ˙ÓÎ         ˇ˙ÓÎ         ˇ˙ÓÎ         ˇ˙ÓÎ         ˇ˙ÓÎ         ˇ˙ÓÎ         ˇ˙ÓÎ         ˇ˙ÓÎ         ˇ˙ÓÎ         ˇ˙ÓÎ         ˇ˙ÓÎ         ˇ˙ÓÎ         ˇ˙ÓÎ         ™Øªæ      X   < >@ÿ:           < >@ÿC        .   < >@ÿO        /   < >@ÿZ        (   < >@ÿg        )   < >@ÿu        *   < >@ÿÉ        +   < >@ÿì        ,   < >@ÿ§           < >@ÿ≠        '   < >@ÿ∂        -   < >@ÿ¡        !   < >@ÿ…        $   < >@ÿ—        "   < >@ÿ◊        %   < >@ÿﬂ           < >@ÿÂ           < >@ÿ           < >@ÿ˜            < >@Ÿ        &   < >@Ÿ           < >@Ÿ           < >@Ÿ           < >@Ÿ        #                    ™Øªæ         < )                                                                                                                                                                                                                                                                                                                                                                                                                                                                                                           ˇ˙ÓÎ         ™Øªæ     <    #                                                                                                                                                                                                                                                                                                                                                                                                                                                                                                                                                                                                                                                                                                                                                                                                                                                                                                                                                                                                                                           ˇ˙ÓÎ                                         	   
                                              @•          ¡            ¬            √            ƒ            ≈            ∆            «            »            …                         À            Ã            Õ            Œ            œ            –            —            “            ”            ‘            ◊            Ÿ            „            ‰            Â            Ê            Á            Ë            È            Î            Ï            Ì            Ó            Ô                        Ò            Ù            ı            ˚                                                                                                	            
                                                                                                                        #                                                                                                              ﬂ< c   < >   @µ0             @µ0     @µ0     @◊*     @◊       ﬂ< c   < >   @µ0             @µ0     @µ0     @◊*     @◊       ﬂ< c    < >    @µ0             @µ0     @µ0     @◊*     @◊       ﬂ< c   !< >   !@µ0             @µ0     @µ0     @◊*     @◊       ﬂ< c   "< >   "@µ0             @µ0     @µ0     @◊*     @◊       ﬂ< c   #< >   #@µ0             @µ0     @µ0     @◊*     @◊       ﬂ< c   $< >   $@µ0             @µ0     @µ0     @◊*     @◊       ﬂ< c   %< >   %@µ0             @µ0     @µ0     @◊*     @◊       ﬂ< c   &< >   &@µ0             @µ0     @µ0     @◊*     @◊       ﬂ< c   '< >   '@µ0             @µ0     @µ0     @◊*     @◊       ﬂ< c   (< >   (@µ0             @µ0     @µ0     @◊*     @◊       ﬂ< c   )< >   )@µ0             @µ0     @µ0     @◊*     @◊       ﬂ< c   *< >   *@µ0             @µ0     @µ0     @◊*     @◊       ﬂ< c   +< >   +@µ0             @µ0     @µ0     @◊*     @◊       ﬂ< c   ,< >   ,@µ0             @µ0     @µ0     @◊*     @◊       ﬂ< c   -< >   -@µ0             @µ0     @µ0     @◊*     @◊       ﬂ< c   .< >   .@µ0             @µ0     @µ0     @◊*     @◊       ﬂ< c   /< >   /@µ0             @µ0     @µ0     @◊*     @◊                                                                                                                                                                                                                                                                                                                                #    ¸          #    ˝          #    ˛          #    ˇ          #              #             #              #            ! #            " #            # #            $ #            % #            & #   	         ' #   
         ( #            ) #            * #            + #            , #            - #            . #            / #                                                             @◊0     @◊-        @◊8     @◊5        @◊@     @◊=        @◊I     @◊F        @◊S     @◊P        @◊\     @◊Y        @◊h     @◊e        @◊r     @◊o        @◊~     @◊{        @◊á     @◊Ñ        @◊è     @◊å        @◊õ     @◊ò        @◊•     @◊¢        @◊Ø     @◊¨        @◊º     @◊π        @◊«     @◊ƒ        @◊’     @◊“        @◊‰     @◊·        @◊Û     @◊        @ÿ     @ÿ        @ÿ     @ÿ        @ÿ"     @ÿ        @ÿ0     @ÿ-                                                            )   < a   *   < a   +   < a   ,   < a   -   < a   .   < a   /                                                                                                                                                                                                                                                                                                                                                                                                                                                       )   < d   *   < d   +   < d   ,   < d   -   < d   .   < d   /                                                                                                                                                                                                                                                                                                                                                                                                                                                    @Ÿ=     ™Øªæ     <   < $          < $      	   < $      
   < $         <          <          <                                                                                                                                                                                                                                                                                                                                                                                                           ˇ˙ÓÎ                                                                                                                                                                                                                                                                          ˇ˙ÓÎ                                                                                                                                                                                                                                                                          ˇ˙ÓÎ                                                                          ˇ˙ÓÎ                                                                          ˇ˙ÓÎ                                                                          ˇ˙ÓÎ          Ä   Ä   Ä   Ä   Ä   Ä   Ä   Ä   Ä   Ä   Ä   Ä   Ä   Ä   Ä   Ä   ˇ˙ÓÎ                                                                          ™Øªæ      X    # @›ó           # @⁄X           # @⁄^           # @⁄c           # @⁄i            # @⁄o       !    # @⁄u       "                                                                                                                                                                                                                                                                                                                                                                        ˇ˙ÓÎ                 ˇ˙ÓÎ                 ˇ˙ÓÎ                 ˇ˙ÓÎ                 ˇ˙ÓÎ                 ˇ˙ÓÎ                  ˇ˙ÓÎ                 ™Øªæ      <                                                                                                                                                                                                                                                                                                                                                                                                                                                                                                                    ™Øªæ     <   < ¶          < ¶                                                                                                                                                                                                                                                                                                                                                                                                                                                                                          ˇ˙ÓÎ                                          ˇ˙ÓÎ                                          @µ0                                                  ™Øªæ          +                                                                                                                                                                                                                                                                                                                                                                                                                                                                                                            ™Øªæ                                                                                                                                                                                                                                                                                                                                                                                                                                                                                                                           ™Øªæ                                                                                                                                                                                                                                                                                                                                                                                                                                                                                                                           ˇ˙ÓÎ          ˇˇˇ #   % #    u?Ó$c Öa #    t    #    s@‹=         ?                                d?      >‰¯µà„hÒ            @µ0                ?      < O                      ˇ        #   < O                      ˇ        #   &< O                      ˇ        #   '< O                      ˇ        #   (< O                      ˇ        #   )< O                                                                                                                                                                                                                                                                           1:-1:CF:PART-1-1:   @€ã     ™Øªæ     <   < $          < $         < $         < $         <          <          <       	                                                                                                                                                                                                                                                                                                                                                                                                    ˇ˙ÓÎ                                                                                                                                                                                                                                                                          ˇ˙ÓÎ                                                                                                                                                                                                                                                                          ˇ˙ÓÎ                                                                          ˇ˙ÓÎ                                                                          ˇ˙ÓÎ                                                                          ˇ˙ÓÎ          Ä   Ä   Ä   Ä   Ä   Ä   Ä   Ä   Ä   Ä   Ä   Ä   Ä   Ä   Ä   Ä   ˇ˙ÓÎ                                                                          ™Øªæ      X    # @›ó       -    # @⁄X       .    # @⁄^       /    # @⁄c       0    # @⁄i       1    # @⁄o       2    # @⁄u       3                                                                                                                                                                                                                                                                                                                                                                        ˇ˙ÓÎ                 ˇ˙ÓÎ                 ˇ˙ÓÎ                 ˇ˙ÓÎ                 ˇ˙ÓÎ                 ˇ˙ÓÎ                  ˇ˙ÓÎ                 ™Øªæ      <                                                                                                                                                                                                                                                                                                                                                                                                                                                                                                                    ™Øªæ     <   < ¶          < ¶                                                                                                                                                                                                                                                                                                                                                                                                                                                                                          ˇ˙ÓÎ                                          ˇ˙ÓÎ                                          @µ0     ™Øªæ          +                                                                                                                                                                                                                                                                                                                                                                                                                                                                                                            ˇ˙ÓÎ                 ˇ˙ÓÎ                                            @0                 #   6                                        #    z	   #   7™Øªæ          +                                                                                                                                                                                                                                                                                                                                                                                                                                                                                                            ™Øªæ          +                                                                                                                                                                                                                                                                                                                                                                                                                                                                                                            ™Øªæ          +                                                                                                                                                                                                                                                                                                                                                                                                                                                                                                            ™Øªæ                                                                                                                                                                                                                                                                                                                                                                                                                                                                                                                           ™Øªæ                                                                                                                                                                                                                                                                                                                                                                                                                                                                                                                           ™Øªæ                                                                                                                                                                                                                                                                                                                                                                                                                                                                                                                           ™Øªæ                                                                                                                                                                                                                                                                                                                                                                                                                                                                                                                           ˇ˙ÓÎ          ™Øªæ                                                                                                                                                                                                                                                                                                                                                                                                                                                                                                                                                                                                                                                              C¸j∂∏K                                                                √¸j6∏K                                                                                                    ?Ä      #    { #    Ç   ?                 ˇ   ?           #   8 #    |     ˇˇ #    ~ #     #    Ä #    Å                                #    } ˇˇ=Î4Nç—∂@›ë             @›Ö             ?ÓREûˆZ      @Œ      ?ÓREûˆZ      @Œ      =PC”Âπ»       @Œ      @›ã     @1*°TY˚