step,inc,step_time,total_time,u2_mm,rf2_kN
1,1,0.0,0.0,2.5e-06,0.00034505257
1,2,0.0,0.0,5e-06,0.00069010511
1,3,0.0,0.0,7.5e-06,0.0010351576
1,4,0.0,0.0,1e-05,0.0013802101
1,5,0.0,0.0,1.25e-05,0.0017252624
1,6,0.0,0.0,1.5e-05,0.0020703147
1,7,0.0,0.0,1.75e-05,0.0024153668
1,8,0.0,0.0,2e-05,0.0027604188
1,9,0.0,0.0,2.25e-05,0.0031054706
1,10,0.0,0.0,2.5e-05,0.0034505223
1,11,0.0,0.0,2.75e-05,0.0037955737
1,12,0.0,0.0,3e-05,0.0041406249
1,13,0.0,0.0,3.25e-05,0.0044856758
1,14,0.0,0.0,3.5e-05,0.0048307265
1,15,0.0,0.0,3.75e-05,0.0051757769
1,16,0.0,0.0,4e-05,0.005520827
1,17,0.0,0.0,4.25e-05,0.0058658767
1,18,0.0,0.0,4.5e-05,0.0062109261
1,19,0.0,0.0,4.75e-05,0.0065559751
1,20,0.0,0.0,5e-05,0.0069010237
1,21,0.0,0.0,5.25e-05,0.007246072
1,22,0.0,0.0,5.5e-05,0.0075911197
1,23,0.0,0.0,5.75e-05,0.007936167
1,24,0.0,0.0,6e-05,0.0082812139
1,25,0.0,0.0,6.25e-05,0.0086262602
1,26,0.0,0.0,6.5e-05,0.008971306
1,27,0.0,0.0,6.75e-05,0.0093163513
1,28,0.0,0.0,7e-05,0.009661396
1,29,0.0,0.0,7.25e-05,0.01000644
1,30,0.0,0.0,7.5e-05,0.010351484
1,31,0.0,0.0,7.75e-05,0.010696527
1,32,0.0,0.0,8e-05,0.011041569
1,33,0.0,0.0,8.25e-05,0.011386611
1,34,0.0,0.0,8.5e-05,0.011731651
1,35,0.0,0.0,8.75e-05,0.012076692
1,36,0.0,0.0,9e-05,0.012421731
1,37,0.0,0.0,9.25e-05,0.01276677
1,38,0.0,0.0,9.5e-05,0.013111808
1,39,0.0,0.0,9.75e-05,0.013456845
1,40,0.0,0.0,0.0001,0.013801881
1,41,0.0,0.0,0.0001025,0.014146917
1,42,0.0,0.0,0.000105,0.014491952
1,43,0.0,0.0,0.0001075,0.014836985
1,44,0.0,0.0,0.00011,0.015182018
1,45,0.0,0.0,0.0001125,0.01552705
1,46,0.0,0.0,0.000115,0.015872081
1,47,0.0,0.0,0.0001175,0.016217112
1,48,0.0,0.0,0.00012,0.016562141
1,49,0.0,0.0,0.0001225,0.016907169
1,50,0.0,0.0,0.000125,0.017252196
1,51,0.0,0.0,0.0001275,0.017597222
1,52,0.0,0.0,0.00013,0.017942247
1,53,0.0,0.0,0.0001325,0.018287271
1,54,0.0,0.0,0.000135,0.018632294
1,55,0.0,0.0,0.0001375,0.018977316
1,56,0.0,0.0,0.00014,0.019322336
1,57,0.0,0.0,0.0001425,0.019667356
1,58,0.0,0.0,0.000145,0.020012374
1,59,0.0,0.0,0.0001475,0.020357391
1,60,0.0,0.0,0.00015,0.020702407
1,61,0.0,0.0,0.0001525,0.021047421
1,62,0.0,0.0,0.000155,0.021392435
1,63,0.0,0.0,0.0001575,0.021737447
1,64,0.0,0.0,0.00016,0.022082457
1,65,0.0,0.0,0.0001625,0.022427467
1,66,0.0,0.0,0.000165,0.022772475
1,67,0.0,0.0,0.0001675,0.023117482
1,68,0.0,0.0,0.00017,0.023462487
1,69,0.0,0.0,0.0001725,0.023807491
1,70,0.0,0.0,0.000175,0.024152493
1,71,0.0,0.0,0.0001775,0.024497494
1,72,0.0,0.0,0.00018,0.024842494
1,73,0.0,0.0,0.0001825,0.025187492
1,74,0.0,0.0,0.000185,0.025532488
1,75,0.0,0.0,0.0001875,0.025877483
1,76,0.0,0.0,0.00019,0.026222476
1,77,0.0,0.0,0.0001925,0.026567468
1,78,0.0,0.0,0.000195,0.026912458
1,79,0.0,0.0,0.0001975,0.027257447
1,80,0.0,0.0,0.0002,0.027602434
1,81,0.0,0.0,0.0002025,0.027947419
1,82,0.0,0.0,0.000205,0.028292403
1,83,0.0,0.0,0.0002075,0.028637385
1,84,0.0,0.0,0.00021,0.028982365
1,85,0.0,0.0,0.0002125,0.029327343
1,86,0.0,0.0,0.000215,0.02967232
1,87,0.0,0.0,0.0002175,0.030017295
1,88,0.0,0.0,0.00022,0.030362268
1,89,0.0,0.0,0.0002225,0.030707239
1,90,0.0,0.0,0.000225,0.031052209
1,91,0.0,0.0,0.0002275,0.031397176
1,92,0.0,0.0,0.00023,0.031742142
1,93,0.0,0.0,0.0002325,0.032087106
1,94,0.0,0.0,0.000235,0.032432068
1,95,0.0,0.0,0.0002375,0.032777027
1,96,0.0,0.0,0.00024,0.033121985
1,97,0.0,0.0,0.0002425,0.033466941
1,98,0.0,0.0,0.000245,0.033811895
1,99,0.0,0.0,0.0002475,0.034156847
1,100,0.0,0.0,0.00025,0.034501797
1,101,0.0,0.0,0.0002525,0.034846744
1,102,0.0,0.0,0.000255,0.03519169
1,103,0.0,0.0,0.0002575,0.035536634
1,104,0.0,0.0,0.00026,0.035881575
1,105,0.0,0.0,0.0002625,0.036226514
1,106,0.0,0.0,0.000265,0.036571451
1,107,0.0,0.0,0.0002675,0.036916386
1,108,0.0,0.0,0.00027,0.037261319
1,109,0.0,0.0,0.0002725,0.037606249
1,110,0.0,0.0,0.000275,0.037951177
1,111,0.0,0.0,0.0002775,0.038296103
1,112,0.0,0.0,0.00028,0.038641026
1,113,0.0,0.0,0.0002825,0.038985948
1,114,0.0,0.0,0.000285,0.039330866
1,115,0.0,0.0,0.0002875,0.039675783
1,116,0.0,0.0,0.00029,0.040020697
1,117,0.0,0.0,0.0002925,0.040365609
1,118,0.0,0.0,0.000295,0.040710518
1,119,0.0,0.0,0.0002975,0.041055425
1,120,0.0,0.0,0.0003,0.041400329
1,121,0.0,0.0,0.0003025,0.041745231
1,122,0.0,0.0,0.000305,0.04209013
1,123,0.0,0.0,0.0003075,0.042435027
1,124,0.0,0.0,0.00031,0.042779921
1,125,0.0,0.0,0.0003125,0.043124813
1,126,0.0,0.0,0.000315,0.043469702
1,127,0.0,0.0,0.0003175,0.043814588
1,128,0.0,0.0,0.00032,0.044159472
1,129,0.0,0.0,0.0003225,0.044504353
1,130,0.0,0.0,0.000325,0.044849232
1,131,0.0,0.0,0.0003275,0.045194107
1,132,0.0,0.0,0.00033,0.045538981
1,133,0.0,0.0,0.0003325,0.045883851
1,134,0.0,0.0,0.000335,0.046228718
1,135,0.0,0.0,0.0003375,0.046573583
1,136,0.0,0.0,0.00034,0.046918445
1,137,0.0,0.0,0.0003425,0.047263304
1,138,0.0,0.0,0.000345,0.04760816
1,139,0.0,0.0,0.0003475,0.047953014
1,140,0.0,0.0,0.00035,0.048297864
1,141,0.0,0.0,0.0003525,0.048642712
1,142,0.0,0.0,0.000355,0.048987557
1,143,0.0,0.0,0.0003575,0.049332399
1,144,0.0,0.0,0.00036,0.049677237
1,145,0.0,0.0,0.0003625,0.050022073
1,146,0.0,0.0,0.000365,0.050366906
1,147,0.0,0.0,0.0003675,0.050711736
1,148,0.0,0.0,0.00037,0.051056562
1,149,0.0,0.0,0.0003725,0.051401386
1,150,0.0,0.0,0.000375,0.051746207
1,151,0.0,0.0,0.0003775,0.052091024
1,152,0.0,0.0,0.00038,0.052435838
1,153,0.0,0.0,0.0003825,0.052780649
1,154,0.0,0.0,0.000385,0.053125457
1,155,0.0,0.0,0.0003875,0.053470262
1,156,0.0,0.0,0.00039,0.053815064
1,157,0.0,0.0,0.0003925,0.054159862
1,158,0.0,0.0,0.000395,0.054504657
1,159,0.0,0.0,0.0003975,0.054849449
1,160,0.0,0.0,0.0004,0.055194237
1,161,0.0,0.0,0.0004025,0.055539022
1,162,0.0,0.0,0.000405,0.055883804
1,163,0.0,0.0,0.0004075,0.056228582
1,164,0.0,0.0,0.00041,0.056573357
1,165,0.0,0.0,0.0004125,0.056918129
1,166,0.0,0.0,0.000415,0.057262897
1,167,0.0,0.0,0.0004175,0.057607662
1,168,0.0,0.0,0.00042,0.057952423
1,169,0.0,0.0,0.0004225,0.058297181
1,170,0.0,0.0,0.000425,0.058641935
1,171,0.0,0.0,0.0004275,0.058986686
1,172,0.0,0.0,0.00043,0.059331433
1,173,0.0,0.0,0.0004325,0.059676177
1,174,0.0,0.0,0.000435,0.060020917
1,175,0.0,0.0,0.0004375,0.060365653
1,176,0.0,0.0,0.00044,0.060710386
1,177,0.0,0.0,0.0004425,0.061055115
1,178,0.0,0.0,0.000445,0.061399841
1,179,0.0,0.0,0.0004475,0.061744563
1,180,0.0,0.0,0.00045,0.062089281
1,181,0.0,0.0,0.0004525,0.062433995
1,182,0.0,0.0,0.000455,0.062778705
1,183,0.0,0.0,0.0004575,0.063123412
1,184,0.0,0.0,0.00046,0.063468115
1,185,0.0,0.0,0.0004625,0.063812814
1,186,0.0,0.0,0.000465,0.06415751
1,187,0.0,0.0,0.0004675,0.064502201
1,188,0.0,0.0,0.00047,0.064846889
1,189,0.0,0.0,0.0004725,0.065191572
1,190,0.0,0.0,0.000475,0.065536252
1,191,0.0,0.0,0.0004775,0.065880928
1,192,0.0,0.0,0.00048,0.0662256
1,193,0.0,0.0,0.0004825,0.066570267
1,194,0.0,0.0,0.000485,0.066914931
1,195,0.0,0.0,0.0004875,0.067259591
1,196,0.0,0.0,0.00049,0.067604247
1,197,0.0,0.0,0.0004925,0.067948898
1,198,0.0,0.0,0.000495,0.068293546
1,199,0.1,0.0,0.0004975,0.068638189
1,200,0.1,0.0,0.0005,0.068982829
1,201,0.101,0.0,0.0005025,0.069327464
1,202,0.101,0.0,0.000505,0.069672095
1,203,0.102,0.0,0.0005075,0.070016722
1,204,0.102,0.0,0.00051,0.070361344
1,205,0.103,0.0,0.0005125,0.070705963
1,206,0.103,0.0,0.000515,0.071050577
1,207,0.104,0.0,0.0005175,0.071395186
1,208,0.104,0.0,0.00052,0.071739792
1,209,0.105,0.0,0.0005225,0.072084393
1,210,0.105,0.0,0.000525,0.07242899
1,211,0.106,0.0,0.0005275,0.072773583
1,212,0.106,0.0,0.00053,0.073118171
1,213,0.107,0.0,0.0005325,0.073462754
1,214,0.107,0.0,0.000535,0.073807334
1,215,0.108,0.0,0.0005375,0.074151908
1,216,0.108,0.0,0.00054,0.074496479
1,217,0.109,0.0,0.0005425,0.074841045
1,218,0.109,0.0,0.000545,0.075185606
1,219,0.11,0.0,0.0005475,0.075530163
1,220,0.11,0.0,0.00055,0.075874715
1,221,0.111,0.0,0.0005525,0.076219263
1,222,0.111,0.0,0.000555,0.076563806
1,223,0.112,0.0,0.0005575,0.076908345
1,224,0.112,0.0,0.00056,0.077252878
1,225,0.113,0.0,0.0005625,0.077597408
1,226,0.113,0.0,0.000565,0.077941932
1,227,0.114,0.0,0.0005675,0.078286452
1,228,0.114,0.0,0.00057,0.078630967
1,229,0.115,0.0,0.0005725,0.078975478
1,230,0.115,0.0,0.000575,0.079319983
1,231,0.116,0.0,0.0005775,0.079664484
1,232,0.116,0.0,0.00058,0.08000898
1,233,0.117,0.0,0.0005825,0.080353472
1,234,0.117,0.0,0.000585,0.080697958
1,235,0.118,0.0,0.0005875,0.08104244
1,236,0.118,0.0,0.00059,0.081386916
1,237,0.119,0.0,0.0005925,0.081731388
1,238,0.119,0.0,0.000595,0.082075855
1,239,0.12,0.0,0.0005975,0.082420317
1,240,0.12,0.0,0.0006,0.082764774
1,241,0.121,0.0,0.0006025,0.083109226
1,242,0.121,0.0,0.000605,0.083453673
1,243,0.122,0.0,0.0006075,0.083798115
1,244,0.122,0.0,0.00061,0.084142551
1,245,0.123,0.0,0.0006125,0.084486983
1,246,0.123,0.0,0.000615,0.08483141
1,247,0.124,0.0,0.0006175,0.085175832
1,248,0.124,0.0,0.00062,0.085520248
1,249,0.125,0.0,0.0006225,0.085864659
1,250,0.125,0.0,0.000625,0.086209065
1,251,0.126,0.0,0.0006275,0.086553466
1,252,0.126,0.0,0.00063,0.086897862
1,253,0.127,0.0,0.0006325,0.087242253
1,254,0.127,0.0,0.000635,0.087586638
1,255,0.128,0.0,0.0006375,0.087931018
1,256,0.128,0.0,0.00064,0.088275393
1,257,0.129,0.0,0.0006425,0.088619762
1,258,0.129,0.0,0.000645,0.088964126
1,259,0.13,0.0,0.0006475,0.089308485
1,260,0.13,0.0,0.00065,0.089652838
1,261,0.131,0.0,0.0006525,0.089997186
1,262,0.131,0.0,0.000655,0.090341528
1,263,0.132,0.0,0.0006575,0.090685865
1,264,0.132,0.0,0.00066,0.091030197
1,265,0.133,0.0,0.0006625,0.091374523
1,266,0.133,0.0,0.000665,0.091718843
1,267,0.134,0.0,0.0006675,0.092063158
1,268,0.134,0.0,0.00067,0.092407468
1,269,0.135,0.0,0.0006725,0.092751772
1,270,0.135,0.0,0.000675,0.09309607
1,271,0.136,0.0,0.0006775,0.093440363
1,272,0.136,0.0,0.00068,0.09378465
1,273,0.137,0.0,0.0006825,0.094128931
1,274,0.137,0.0,0.000685,0.094473207
1,275,0.138,0.0,0.0006875,0.094817477
1,276,0.138,0.0,0.00069,0.095161741
1,277,0.139,0.0,0.0006925,0.095506
1,278,0.139,0.0,0.000695,0.095850253
1,279,0.14,0.0,0.0006975,0.0961945
1,280,0.14,0.0,0.0007,0.096538741
1,281,0.141,0.0,0.0007025,0.096882977
1,282,0.141,0.0,0.000705,0.097227206
1,283,0.142,0.0,0.0007075,0.09757143
1,284,0.142,0.0,0.00071,0.097915648
1,285,0.143,0.0,0.0007125,0.09825986
1,286,0.143,0.0,0.000715,0.098604066
1,287,0.144,0.0,0.0007175,0.098948266
1,288,0.144,0.0,0.00072,0.09929246
1,289,0.145,0.0,0.0007225,0.099636648
1,290,0.145,0.0,0.000725,0.099980831
1,291,0.146,0.0,0.0007275,0.10032501
1,292,0.146,0.0,0.00073,0.10066918
1,293,0.147,0.0,0.0007325,0.10101334
1,294,0.147,0.0,0.000735,0.1013575
1,295,0.148,0.0,0.0007375,0.10170165
1,296,0.148,0.0,0.00074,0.1020458
1,297,0.149,0.0,0.0007425,0.10238994
1,298,0.149,0.0,0.000745,0.10273407
1,299,0.15,0.0,0.0007475,0.1030782
1,300,0.15,0.0,0.00075,0.10342232
1,301,0.151,0.0,0.0007525,0.10376643
1,302,0.151,0.0,0.000755,0.10411054
1,303,0.152,0.0,0.0007575,0.10445464
1,304,0.152,0.0,0.00076,0.10479874
1,305,0.153,0.0,0.0007625,0.10514283
1,306,0.153,0.0,0.000765,0.10548691
1,307,0.154,0.0,0.0007675,0.10583099
1,308,0.154,0.0,0.00077,0.10617506
1,309,0.155,0.0,0.0007725,0.10651912
1,310,0.155,0.0,0.000775,0.10686318
1,311,0.156,0.0,0.0007775,0.10720723
1,312,0.156,0.0,0.00078,0.10755128
1,313,0.157,0.0,0.0007825,0.10789531
1,314,0.157,0.0,0.000785,0.10823935
1,315,0.158,0.0,0.0007875,0.10858337
1,316,0.158,0.0,0.00079,0.10892739
1,317,0.159,0.0,0.0007925,0.1092714
1,318,0.159,0.0,0.000795,0.10961541
1,319,0.16,0.0,0.0007975,0.10995941
1,320,0.16,0.0,0.0008,0.1103034
1,321,0.161,0.0,0.0008025,0.11064739
1,322,0.161,0.0,0.000805,0.11099136
1,323,0.162,0.0,0.0008075,0.11133534
1,324,0.162,0.0,0.00081,0.1116793
1,325,0.163,0.0,0.0008125,0.11202326
1,326,0.163,0.0,0.000815,0.11236721
1,327,0.164,0.0,0.0008175,0.11271116
1,328,0.164,0.0,0.00082,0.1130551
1,329,0.165,0.0,0.0008225,0.11339903
1,330,0.165,0.0,0.000825,0.11374295
1,331,0.166,0.0,0.0008275,0.11408687
1,332,0.166,0.0,0.00083,0.11443078
1,333,0.167,0.0,0.0008325,0.11477469
1,334,0.167,0.0,0.000835,0.11511858
1,335,0.168,0.0,0.0008375,0.11546247
1,336,0.168,0.0,0.00084,0.11580636
1,337,0.169,0.0,0.0008425,0.11615023
1,338,0.169,0.0,0.000845,0.1164941
1,339,0.17,0.0,0.0008475,0.11683797
1,340,0.17,0.0,0.00085,0.11718182
1,341,0.171,0.0,0.0008525,0.11752567
1,342,0.171,0.0,0.000855,0.11786951
1,343,0.172,0.0,0.0008575,0.11821334
1,344,0.172,0.0,0.00086,0.11855717
1,345,0.173,0.0,0.0008625,0.11890099
1,346,0.173,0.0,0.000865,0.1192448
1,347,0.174,0.0,0.0008675,0.11958861
1,348,0.174,0.0,0.00087,0.11993241
1,349,0.175,0.0,0.0008725,0.1202762
1,350,0.175,0.0,0.000875,0.12061998
1,351,0.176,0.0,0.0008775,0.12096376
1,352,0.176,0.0,0.00088,0.12130753
1,353,0.177,0.0,0.0008825,0.12165129
1,354,0.177,0.0,0.000885,0.12199504
1,355,0.178,0.0,0.0008875,0.12233879
1,356,0.178,0.0,0.00089,0.12268253
1,357,0.179,0.0,0.0008925,0.12302626
1,358,0.179,0.0,0.000895,0.12336999
1,359,0.18,0.0,0.0008975,0.12371371
1,360,0.18,0.0,0.0009,0.12405742
1,361,0.181,0.0,0.0009025,0.12440112
1,362,0.181,0.0,0.000905,0.12474481
1,363,0.182,0.0,0.0009075,0.1250885
1,364,0.182,0.0,0.00091,0.12543218
1,365,0.183,0.0,0.0009125,0.12577585
1,366,0.183,0.0,0.000915,0.12611952
1,367,0.184,0.0,0.0009175,0.12646317
1,368,0.184,0.0,0.00092,0.12680682
1,369,0.185,0.0,0.0009225,0.12715047
1,370,0.185,0.0,0.000925,0.1274941
1,371,0.186,0.0,0.0009275,0.12783773
1,372,0.186,0.0,0.00093,0.12818135
1,373,0.187,0.0,0.0009325,0.12852496
1,374,0.187,0.0,0.000935,0.12886856
1,375,0.188,0.0,0.0009375,0.12921216
1,376,0.188,0.0,0.00094,0.12955574
1,377,0.189,0.0,0.0009425,0.12989932
1,378,0.189,0.0,0.000945,0.1302429
1,379,0.19,0.0,0.0009475,0.13058646
1,380,0.19,0.0,0.00095,0.13093002
1,381,0.191,0.0,0.0009525,0.13127356
1,382,0.191,0.0,0.000955,0.1316171
1,383,0.192,0.0,0.0009575,0.13196064
1,384,0.192,0.0,0.00096,0.13230416
1,385,0.193,0.0,0.0009625,0.13264768
1,386,0.193,0.0,0.000965,0.13299119
1,387,0.194,0.0,0.0009675,0.13333469
1,388,0.194,0.0,0.00097,0.13367818
1,389,0.195,0.0,0.0009725,0.13402166
1,390,0.195,0.0,0.000975,0.13436514
1,391,0.196,0.0,0.0009775,0.13470861
1,392,0.196,0.0,0.00098,0.13505207
1,393,0.197,0.0,0.0009825,0.13539552
1,394,0.197,0.0,0.000985,0.13573896
1,395,0.198,0.0,0.0009875,0.1360824
1,396,0.198,0.0,0.00099,0.13642583
1,397,0.199,0.0,0.0009925,0.13676925
1,398,0.199,0.0,0.000995,0.13711266
1,399,0.2,0.0,0.0009975,0.13745606
1,400,0.2,0.0,0.001,0.13779945
1,401,0.201,0.0,0.0010025,0.13814284
1,402,0.201,0.0,0.001005,0.13848622
1,403,0.202,0.0,0.0010075,0.13882959
1,404,0.202,0.0,0.00101,0.13917295
1,405,0.203,0.0,0.0010125,0.1395163
1,406,0.203,0.0,0.001015,0.13985965
1,407,0.204,0.0,0.0010175,0.14020298
1,408,0.204,0.0,0.00102,0.14054631
1,409,0.205,0.0,0.0010225,0.14088963
1,410,0.205,0.0,0.001025,0.14123294
1,411,0.206,0.0,0.0010275,0.14157624
1,412,0.206,0.0,0.00103,0.14191953
1,413,0.207,0.0,0.0010325,0.14226282
1,414,0.207,0.0,0.001035,0.14260609
1,415,0.208,0.0,0.0010375,0.14294936
1,416,0.208,0.0,0.00104,0.14329262
1,417,0.209,0.0,0.0010425,0.14363587
1,418,0.209,0.0,0.001045,0.14397911
1,419,0.21,0.0,0.0010475,0.14432234
1,420,0.21,0.0,0.00105,0.14466557
1,421,0.211,0.0,0.0010525,0.14500878
1,422,0.211,0.0,0.001055,0.14535199
1,423,0.212,0.0,0.0010575,0.14569519
1,424,0.212,0.0,0.00106,0.14603837
1,425,0.213,0.0,0.0010625,0.14638155
1,426,0.213,0.0,0.001065,0.14672473
1,427,0.214,0.0,0.0010675,0.14706789
1,428,0.214,0.0,0.00107,0.14741104
1,429,0.215,0.0,0.0010725,0.14775419
1,430,0.215,0.0,0.001075,0.14809732
1,431,0.216,0.0,0.0010775,0.14844045
1,432,0.216,0.0,0.00108,0.14878357
1,433,0.217,0.0,0.0010825,0.14912667
1,434,0.217,0.0,0.001085,0.14946977
1,435,0.218,0.0,0.0010875,0.14981287
1,436,0.218,0.0,0.00109,0.15015595
1,437,0.219,0.0,0.0010925,0.15049902
1,438,0.219,0.0,0.001095,0.15084208
1,439,0.22,0.0,0.0010975,0.15118514
1,440,0.22,0.0,0.0011,0.15152818
1,441,0.221,0.0,0.0011025,0.15187122
1,442,0.221,0.0,0.001105,0.15221425
1,443,0.222,0.0,0.0011075,0.15255726
1,444,0.222,0.0,0.00111,0.15290027
1,445,0.223,0.0,0.0011125,0.15324327
1,446,0.223,0.0,0.001115,0.15358626
1,447,0.224,0.0,0.0011175,0.15392924
1,448,0.224,0.0,0.00112,0.15427221
1,449,0.225,0.0,0.0011225,0.15461517
1,450,0.225,0.0,0.001125,0.15495813
1,451,0.226,0.0,0.0011275,0.15530107
1,452,0.226,0.0,0.00113,0.15564401
1,453,0.227,0.0,0.0011325,0.15598693
1,454,0.227,0.0,0.001135,0.15632984
1,455,0.228,0.0,0.0011375,0.15667275
1,456,0.228,0.0,0.00114,0.15701565
1,457,0.229,0.0,0.0011425,0.15735853
1,458,0.229,0.0,0.001145,0.15770141
1,459,0.23,0.0,0.0011475,0.15804428
1,460,0.23,0.0,0.00115,0.15838714
1,461,0.231,0.0,0.0011525,0.15872998
1,462,0.231,0.0,0.001155,0.15907282
1,463,0.232,0.0,0.0011575,0.15941565
1,464,0.232,0.0,0.00116,0.15975847
1,465,0.233,0.0,0.0011625,0.16010128
1,466,0.233,0.0,0.001165,0.16044408
1,467,0.234,0.0,0.0011675,0.16078687
1,468,0.234,0.0,0.00117,0.16112965
1,469,0.235,0.0,0.0011725,0.16147243
1,470,0.235,0.0,0.001175,0.16181519
1,471,0.236,0.0,0.0011775,0.16215794
1,472,0.236,0.0,0.00118,0.16250068
1,473,0.237,0.0,0.0011825,0.16284341
1,474,0.237,0.0,0.001185,0.16318614
1,475,0.238,0.0,0.0011875,0.16352885
1,476,0.238,0.0,0.00119,0.16387155
1,477,0.239,0.0,0.0011925,0.16421424
1,478,0.239,0.0,0.001195,0.16455693
1,479,0.24,0.0,0.0011975,0.1648996
1,480,0.24,0.0,0.0012,0.16524226
1,481,0.241,0.0,0.0012025,0.16558491
1,482,0.241,0.0,0.001205,0.16592756
1,483,0.242,0.0,0.0012075,0.16627019
1,484,0.242,0.0,0.00121,0.16661281
1,485,0.243,0.0,0.0012125,0.16695542
1,486,0.243,0.0,0.001215,0.16729803
1,487,0.244,0.0,0.0012175,0.16764062
1,488,0.244,0.0,0.00122,0.1679832
1,489,0.245,0.0,0.0012225,0.16832577
1,490,0.245,0.0,0.001225,0.16866833
1,491,0.246,0.0,0.0012275,0.16901089
1,492,0.246,0.0,0.00123,0.16935343
1,493,0.247,0.0,0.0012325,0.16969596
1,494,0.247,0.0,0.001235,0.17003848
1,495,0.248,0.0,0.0012375,0.17038099
1,496,0.248,0.0,0.00124,0.17072349
1,497,0.249,0.0,0.0012425,0.17106598
1,498,0.249,0.0,0.001245,0.17140846
1,499,0.25,0.0,0.0012475,0.17175093
1,500,0.25,0.0,0.00125,0.17209339
1,501,0.251,0.0,0.0012525,0.17243584
1,502,0.251,0.0,0.001255,0.17277827
1,503,0.252,0.0,0.0012575,0.1731207
1,504,0.252,0.0,0.00126,0.17346312
1,505,0.253,0.0,0.0012625,0.17380553
1,506,0.253,0.0,0.001265,0.17414792
1,507,0.254,0.0,0.0012675,0.17449031
1,508,0.254,0.0,0.00127,0.17483268
1,509,0.255,0.0,0.0012725,0.17517505
1,510,0.255,0.0,0.001275,0.1755174
1,511,0.256,0.0,0.0012775,0.17585974
1,512,0.256,0.0,0.00128,0.17620208
1,513,0.257,0.0,0.0012825,0.1765444
1,514,0.257,0.0,0.001285,0.17688671
1,515,0.258,0.0,0.0012875,0.17722901
1,516,0.258,0.0,0.00129,0.1775713
1,517,0.259,0.0,0.0012925,0.17791358
1,518,0.259,0.0,0.001295,0.17825585
1,519,0.26,0.0,0.0012975,0.1785981
1,520,0.26,0.0,0.0013,0.17894035
1,521,0.261,0.0,0.0013025,0.17928259
1,522,0.261,0.0,0.001305,0.17962481
1,523,0.262,0.0,0.0013075,0.17996702
1,524,0.262,0.0,0.00131,0.18030923
1,525,0.263,0.0,0.0013125,0.18065142
1,526,0.263,0.0,0.001315,0.1809936
1,527,0.264,0.0,0.0013175,0.18133577
1,528,0.264,0.0,0.00132,0.18167793
1,529,0.265,0.0,0.0013225,0.18202008
1,530,0.265,0.0,0.001325,0.18236222
1,531,0.266,0.0,0.0013275,0.18270434
1,532,0.266,0.0,0.00133,0.18304646
1,533,0.267,0.0,0.0013325,0.18338856
1,534,0.267,0.0,0.001335,0.18373066
1,535,0.268,0.0,0.0013375,0.18407274
1,536,0.268,0.0,0.00134,0.18441481
1,537,0.269,0.0,0.0013425,0.18475687
1,538,0.269,0.0,0.001345,0.18509892
1,539,0.27,0.0,0.0013475,0.18544095
1,540,0.27,0.0,0.00135,0.18578298
1,541,0.271,0.0,0.0013525,0.18612499
1,542,0.271,0.0,0.001355,0.186467
1,543,0.272,0.0,0.0013575,0.18680899
1,544,0.272,0.0,0.00136,0.18715097
1,545,0.273,0.0,0.0013625,0.18749294
1,546,0.273,0.0,0.001365,0.1878349
1,547,0.274,0.0,0.0013675,0.18817684
1,548,0.274,0.0,0.00137,0.18851878
1,549,0.275,0.0,0.0013725,0.1888607
1,550,0.275,0.0,0.001375,0.18920262
1,551,0.276,0.0,0.0013775,0.18954452
1,552,0.276,0.0,0.00138,0.18988641
1,553,0.277,0.0,0.0013825,0.19022829
1,554,0.277,0.0,0.001385,0.19057015
1,555,0.278,0.0,0.0013875,0.19091201
1,556,0.278,0.0,0.00139,0.19125385
1,557,0.279,0.0,0.0013925,0.19159568
1,558,0.279,0.0,0.001395,0.1919375
1,559,0.28,0.0,0.0013975,0.19227931
1,560,0.28,0.0,0.0014,0.19262111
1,561,0.281,0.0,0.0014025,0.19296289
1,562,0.281,0.0,0.001405,0.19330467
1,563,0.282,0.0,0.0014075,0.19364643
1,564,0.282,0.0,0.00141,0.19398818
1,565,0.283,0.0,0.0014125,0.19432992
1,566,0.283,0.0,0.001415,0.19467164
1,567,0.284,0.0,0.0014175,0.19501336
1,568,0.284,0.0,0.00142,0.19535506
1,569,0.285,0.0,0.0014225,0.19569675
1,570,0.285,0.0,0.001425,0.19603843
1,571,0.286,0.0,0.0014275,0.1963801
1,572,0.286,0.0,0.00143,0.19672176
1,573,0.287,0.0,0.0014325,0.1970634
1,574,0.287,0.0,0.001435,0.19740503
1,575,0.288,0.0,0.0014375,0.19774665
1,576,0.288,0.0,0.00144,0.19808826
1,577,0.289,0.0,0.0014425,0.19842985
1,578,0.289,0.0,0.001445,0.19877144
1,579,0.29,0.0,0.0014475,0.19911301
1,580,0.29,0.0,0.00145,0.19945457
1,581,0.291,0.0,0.0014525,0.19979612
1,582,0.291,0.0,0.001455,0.20013765
1,583,0.292,0.0,0.0014575,0.20047917
1,584,0.292,0.0,0.00146,0.20082069
1,585,0.293,0.0,0.0014625,0.20116218
1,586,0.293,0.0,0.001465,0.20150367
1,587,0.294,0.0,0.0014675,0.20184515
1,588,0.294,0.0,0.00147,0.20218661
1,589,0.295,0.0,0.0014725,0.20252806
1,590,0.295,0.0,0.001475,0.20286949
1,591,0.296,0.0,0.0014775,0.20321092
1,592,0.296,0.0,0.00148,0.20355233
1,593,0.297,0.0,0.0014825,0.20389373
1,594,0.297,0.0,0.001485,0.20423512
1,595,0.298,0.0,0.0014875,0.2045765
1,596,0.298,0.0,0.00149,0.20491786
1,597,0.299,0.0,0.0014925,0.20525921
1,598,0.299,0.0,0.001495,0.20560055
1,599,0.3,0.0,0.0014975,0.20594188
1,600,0.3,0.0,0.0015,0.20628319
1,601,0.301,0.0,0.0015025,0.20662449
1,602,0.301,0.0,0.001505,0.20696578
1,603,0.302,0.0,0.0015075,0.20730706
1,604,0.302,0.0,0.00151,0.20764832
1,605,0.303,0.0,0.0015125,0.20798957
1,606,0.303,0.0,0.001515,0.20833081
1,607,0.304,0.0,0.0015175,0.20867204
1,608,0.304,0.0,0.00152,0.20901325
1,609,0.305,0.0,0.0015225,0.20935445
1,610,0.305,0.0,0.001525,0.20969564
1,611,0.306,0.0,0.0015275,0.21003681
1,612,0.306,0.0,0.00153,0.21037797
1,613,0.307,0.0,0.0015325,0.21071912
1,614,0.307,0.0,0.001535,0.21106026
1,615,0.308,0.0,0.0015375,0.21140138
1,616,0.308,0.0,0.00154,0.21174249
1,617,0.309,0.0,0.0015425,0.21208359
1,618,0.309,0.0,0.001545,0.21242468
1,619,0.31,0.0,0.0015475,0.21276575
1,620,0.31,0.0,0.00155,0.21310681
1,621,0.311,0.0,0.0015525,0.21344786
1,622,0.311,0.0,0.001555,0.21378889
1,623,0.312,0.0,0.0015575,0.21412991
1,624,0.312,0.0,0.00156,0.21447092
1,625,0.313,0.0,0.0015625,0.21481191
1,626,0.313,0.0,0.001565,0.21515289
1,627,0.314,0.0,0.0015675,0.21549386
1,628,0.314,0.0,0.00157,0.21583482
1,629,0.315,0.0,0.0015725,0.21617576
1,630,0.315,0.0,0.001575,0.21651669
1,631,0.316,0.0,0.0015775,0.2168576
1,632,0.316,0.0,0.00158,0.21719851
1,633,0.317,0.0,0.0015825,0.2175394
1,634,0.317,0.0,0.001585,0.21788027
1,635,0.318,0.0,0.0015875,0.21822114
1,636,0.318,0.0,0.00159,0.21856199
1,637,0.319,0.0,0.0015925,0.21890282
1,638,0.319,0.0,0.001595,0.21924364
1,639,0.32,0.0,0.0015975,0.21958445
1,640,0.32,0.0,0.0016,0.21992525
1,641,0.321,0.0,0.0016025,0.22026603
1,642,0.321,0.0,0.001605,0.2206068
1,643,0.322,0.0,0.0016075,0.22094756
1,644,0.322,0.0,0.00161,0.2212883
1,645,0.323,0.0,0.0016125,0.22162903
1,646,0.323,0.0,0.001615,0.22196975
1,647,0.324,0.0,0.0016175,0.22231045
1,648,0.324,0.0,0.00162,0.22265114
1,649,0.325,0.0,0.0016225,0.22299182
1,650,0.325,0.0,0.001625,0.22333248
1,651,0.326,0.0,0.0016275,0.22367313
1,652,0.326,0.0,0.00163,0.22401376
1,653,0.327,0.0,0.0016325,0.22435438
1,654,0.327,0.0,0.001635,0.22469499
1,655,0.328,0.0,0.0016375,0.22503559
1,656,0.328,0.0,0.00164,0.22537617
1,657,0.329,0.0,0.0016425,0.22571673
1,658,0.329,0.0,0.001645,0.22605729
1,659,0.33,0.0,0.0016475,0.22639783
1,660,0.33,0.0,0.00165,0.22673835
1,661,0.331,0.0,0.0016525,0.22707886
1,662,0.331,0.0,0.001655,0.22741936
1,663,0.332,0.0,0.0016575,0.22775984
1,664,0.332,0.0,0.00166,0.22810032
1,665,0.333,0.0,0.0016625,0.22844077
1,666,0.333,0.0,0.001665,0.22878121
1,667,0.334,0.0,0.0016675,0.22912164
1,668,0.334,0.0,0.00167,0.22946206
1,669,0.335,0.0,0.0016725,0.22980246
1,670,0.335,0.0,0.001675,0.23014284
1,671,0.336,0.0,0.0016775,0.23048322
1,672,0.336,0.0,0.00168,0.23082358
1,673,0.337,0.0,0.0016825,0.23116392
1,674,0.337,0.0,0.001685,0.23150425
1,675,0.338,0.0,0.0016875,0.23184457
1,676,0.338,0.0,0.00169,0.23218487
1,677,0.339,0.0,0.0016925,0.23252516
1,678,0.339,0.0,0.001695,0.23286543
1,679,0.34,0.0,0.0016975,0.23320569
1,680,0.34,0.0,0.0017,0.23354594
1,681,0.341,0.0,0.0017025,0.23388617
1,682,0.341,0.0,0.001705,0.23422639
1,683,0.342,0.0,0.0017075,0.23456659
1,684,0.342,0.0,0.00171,0.23490678
1,685,0.343,0.0,0.0017125,0.23524695
1,686,0.343,0.0,0.001715,0.23558711
1,687,0.344,0.0,0.0017175,0.23592726
1,688,0.344,0.0,0.00172,0.23626739
1,689,0.345,0.0,0.0017225,0.23660751
1,690,0.345,0.0,0.001725,0.23694761
1,691,0.346,0.0,0.0017275,0.2372877
1,692,0.346,0.0,0.00173,0.23762777
1,693,0.347,0.0,0.0017325,0.23796783
1,694,0.347,0.0,0.001735,0.23830788
1,695,0.348,0.0,0.0017375,0.23864791
1,696,0.348,0.0,0.00174,0.23898792
1,697,0.349,0.0,0.0017425,0.23932793
1,698,0.349,0.0,0.001745,0.23966791
1,699,0.35,0.0,0.0017475,0.24000789
1,700,0.35,0.0,0.00175,0.24034784
1,701,0.351,0.0,0.0017525,0.24068779
1,702,0.351,0.0,0.001755,0.24102771
1,703,0.352,0.0,0.0017575,0.24136763
1,704,0.352,0.0,0.00176,0.24170753
1,705,0.353,0.0,0.0017625,0.24204741
1,706,0.353,0.0,0.001765,0.24238728
1,707,0.354,0.0,0.0017675,0.24272714
1,708,0.354,0.0,0.00177,0.24306698
1,709,0.355,0.0,0.0017725,0.2434068
1,710,0.355,0.0,0.001775,0.24374661
1,711,0.356,0.0,0.0017775,0.24408641
1,712,0.356,0.0,0.00178,0.24442619
1,713,0.357,0.0,0.0017825,0.24476595
1,714,0.357,0.0,0.001785,0.2451057
1,715,0.358,0.0,0.0017875,0.24544544
1,716,0.358,0.0,0.00179,0.24578516
1,717,0.359,0.0,0.0017925,0.24612487
1,718,0.359,0.0,0.001795,0.24646456
1,719,0.36,0.0,0.0017975,0.24680423
1,720,0.36,0.0,0.0018,0.2471439
1,721,0.361,0.0,0.0018025,0.24748354
1,722,0.361,0.0,0.001805,0.24782317
1,723,0.362,0.0,0.0018075,0.24816279
1,724,0.362,0.0,0.00181,0.24850239
1,725,0.363,0.0,0.0018125,0.24884197
1,726,0.363,0.0,0.001815,0.24918155
1,727,0.364,0.0,0.0018175,0.2495211
1,728,0.364,0.0,0.00182,0.24986064
1,729,0.365,0.0,0.0018225,0.25020017
1,730,0.365,0.0,0.001825,0.25053967
1,731,0.366,0.0,0.0018275,0.25087917
1,732,0.366,0.0,0.00183,0.25121865
1,733,0.367,0.0,0.0018325,0.25155811
1,734,0.367,0.0,0.001835,0.25189756
1,735,0.368,0.0,0.0018375,0.25223699
1,736,0.368,0.0,0.00184,0.25257641
1,737,0.369,0.0,0.0018425,0.25291581
1,738,0.369,0.0,0.001845,0.2532552
1,739,0.37,0.0,0.0018475,0.25359457
1,740,0.37,0.0,0.00185,0.25393393
1,741,0.371,0.0,0.0018525,0.25427327
1,742,0.371,0.0,0.001855,0.25461259
1,743,0.372,0.0,0.0018575,0.2549519
1,744,0.372,0.0,0.00186,0.2552912
1,745,0.373,0.0,0.0018625,0.25563047
1,746,0.373,0.0,0.001865,0.25596974
1,747,0.374,0.0,0.0018675,0.25630898
1,748,0.374,0.0,0.00187,0.25664821
1,749,0.375,0.0,0.0018725,0.25698743
1,750,0.375,0.0,0.001875,0.25732663
1,751,0.376,0.0,0.0018775,0.25766582
1,752,0.376,0.0,0.00188,0.25800498
1,753,0.377,0.0,0.0018825,0.25834414
1,754,0.377,0.0,0.001885,0.25868327
1,755,0.378,0.0,0.0018875,0.2590224
1,756,0.378,0.0,0.00189,0.2593615
1,757,0.379,0.0,0.0018925,0.25970059
1,758,0.379,0.0,0.001895,0.26003966
1,759,0.38,0.0,0.0018975,0.26037872
1,760,0.38,0.0,0.0019,0.26071777
1,761,0.381,0.0,0.0019025,0.26105679
1,762,0.381,0.0,0.001905,0.2613958
1,763,0.382,0.0,0.0019075,0.2617348
1,764,0.382,0.0,0.00191,0.26207377
1,765,0.383,0.0,0.0019125,0.26241274
1,766,0.383,0.0,0.001915,0.26275168
1,767,0.384,0.0,0.0019175,0.26309061
1,768,0.384,0.0,0.00192,0.26342953
1,769,0.385,0.0,0.0019225,0.26376843
1,770,0.385,0.0,0.001925,0.26410731
1,771,0.386,0.0,0.0019275,0.26444618
1,772,0.386,0.0,0.00193,0.26478502
1,773,0.387,0.0,0.0019325,0.26512386
1,774,0.387,0.0,0.001935,0.26546268
1,775,0.388,0.0,0.0019375,0.26580148
1,776,0.388,0.0,0.00194,0.26614026
1,777,0.389,0.0,0.0019425,0.26647903
1,778,0.389,0.0,0.001945,0.26681778
1,779,0.39,0.0,0.0019475,0.26715652
1,780,0.39,0.0,0.00195,0.26749524
1,781,0.391,0.0,0.0019525,0.26783394
1,782,0.391,0.0,0.001955,0.26817263
1,783,0.392,0.0,0.0019575,0.2685113
1,784,0.392,0.0,0.00196,0.26884996
1,785,0.393,0.0,0.0019625,0.2691886
1,786,0.393,0.0,0.001965,0.26952722
1,787,0.394,0.0,0.0019675,0.26986582
1,788,0.394,0.0,0.00197,0.27020441
1,789,0.395,0.0,0.0019725,0.27054298
1,790,0.395,0.0,0.001975,0.27088154
1,791,0.396,0.0,0.0019775,0.27122008
1,792,0.396,0.0,0.00198,0.2715586
1,793,0.397,0.0,0.0019825,0.27189711
1,794,0.397,0.0,0.001985,0.2722356
1,795,0.398,0.0,0.0019875,0.27257407
1,796,0.398,0.0,0.00199,0.27291252
1,797,0.399,0.0,0.0019925,0.27325096
1,798,0.399,0.0,0.001995,0.27358939
1,799,0.4,0.0,0.0019975,0.27392779
1,800,0.4,0.0,0.002,0.27426618
1,801,0.401,0.0,0.0020025,0.27460455
1,802,0.401,0.0,0.002005,0.27494291
1,803,0.402,0.0,0.0020075,0.27528125
1,804,0.402,0.0,0.00201,0.27561957
1,805,0.403,0.0,0.0020125,0.27595788
1,806,0.403,0.0,0.002015,0.27629616
1,807,0.404,0.0,0.0020175,0.27663444
1,808,0.404,0.0,0.00202,0.27697269
1,809,0.405,0.0,0.0020225,0.27731093
1,810,0.405,0.0,0.002025,0.27764915
1,811,0.406,0.0,0.0020275,0.27798735
1,812,0.406,0.0,0.00203,0.27832554
1,813,0.407,0.0,0.0020325,0.27866371
1,814,0.407,0.0,0.002035,0.27900186
1,815,0.408,0.0,0.0020375,0.27934
1,816,0.408,0.0,0.00204,0.27967811
1,817,0.409,0.0,0.0020425,0.28001622
1,818,0.409,0.0,0.002045,0.2803543
1,819,0.41,0.0,0.0020475,0.28069237
1,820,0.41,0.0,0.00205,0.28103042
1,821,0.411,0.0,0.0020525,0.28136845
1,822,0.411,0.0,0.002055,0.28170646
1,823,0.412,0.0,0.0020575,0.28204446
1,824,0.412,0.0,0.00206,0.28238244
1,825,0.413,0.0,0.0020625,0.28272041
1,826,0.413,0.0,0.002065,0.28305835
1,827,0.414,0.0,0.0020675,0.28339628
1,828,0.414,0.0,0.00207,0.28373419
1,829,0.415,0.0,0.0020725,0.28407209
1,830,0.415,0.0,0.002075,0.28440997
1,831,0.416,0.0,0.0020775,0.28474783
1,832,0.416,0.0,0.00208,0.28508567
1,833,0.417,0.0,0.0020825,0.28542349
1,834,0.417,0.0,0.002085,0.2857613
1,835,0.418,0.0,0.0020875,0.28609909
1,836,0.418,0.0,0.00209,0.28643686
1,837,0.419,0.0,0.0020925,0.28677462
1,838,0.419,0.0,0.002095,0.28711235
1,839,0.42,0.0,0.0020975,0.28745007
1,840,0.42,0.0,0.0021,0.28778777
1,841,0.421,0.0,0.0021025,0.28812546
1,842,0.421,0.0,0.002105,0.28846312
1,843,0.422,0.0,0.0021075,0.28880077
1,844,0.422,0.0,0.00211,0.28913841
1,845,0.423,0.0,0.0021125,0.28947602
1,846,0.423,0.0,0.002115,0.28981361
1,847,0.424,0.0,0.0021175,0.29015119
1,848,0.424,0.0,0.00212,0.29048875
1,849,0.425,0.0,0.0021225,0.2908263
1,850,0.425,0.0,0.002125,0.29116382
1,851,0.426,0.0,0.0021275,0.29150133
1,852,0.426,0.0,0.00213,0.29183882
1,853,0.427,0.0,0.0021325,0.29217629
1,854,0.427,0.0,0.002135,0.29251374
1,855,0.428,0.0,0.0021375,0.29285117
1,856,0.428,0.0,0.00214,0.29318859
1,857,0.429,0.0,0.0021425,0.29352599
1,858,0.429,0.0,0.002145,0.29386337
1,859,0.43,0.0,0.0021475,0.29420074
1,860,0.43,0.0,0.00215,0.29453808
1,861,0.431,0.0,0.0021525,0.29487541
1,862,0.431,0.0,0.002155,0.29521272
1,863,0.432,0.0,0.0021575,0.29555001
1,864,0.432,0.0,0.00216,0.29588728
1,865,0.433,0.0,0.0021625,0.29622454
1,866,0.433,0.0,0.002165,0.29656177
1,867,0.434,0.0,0.0021675,0.29689899
1,868,0.434,0.0,0.00217,0.29723619
1,869,0.435,0.0,0.0021725,0.29757337
1,870,0.435,0.0,0.002175,0.29791054
1,871,0.436,0.0,0.0021775,0.29824768
1,872,0.436,0.0,0.00218,0.29858481
1,873,0.437,0.0,0.0021825,0.29892192
1,874,0.437,0.0,0.002185,0.29925901
1,875,0.438,0.0,0.0021875,0.29959608
1,876,0.438,0.0,0.00219,0.29993314
1,877,0.439,0.0,0.0021925,0.30027017
1,878,0.439,0.0,0.002195,0.30060719
1,879,0.44,0.0,0.0021975,0.30094419
1,880,0.44,0.0,0.0022,0.30128117
1,881,0.441,0.0,0.0022025,0.30161813
1,882,0.441,0.0,0.002205,0.30195507
1,883,0.442,0.0,0.0022075,0.30229199
1,884,0.442,0.0,0.00221,0.3026289
1,885,0.443,0.0,0.0022125,0.30296579
1,886,0.443,0.0,0.002215,0.30330266
1,887,0.444,0.0,0.0022175,0.30363951
1,888,0.444,0.0,0.00222,0.30397634
1,889,0.445,0.0,0.0022225,0.30431315
1,890,0.445,0.0,0.002225,0.30464995
1,891,0.446,0.0,0.0022275,0.30498672
1,892,0.446,0.0,0.00223,0.30532348
1,893,0.447,0.0,0.0022325,0.30566022
1,894,0.447,0.0,0.002235,0.30599693
1,895,0.448,0.0,0.0022375,0.30633363
1,896,0.448,0.0,0.00224,0.30667032
1,897,0.449,0.0,0.0022425,0.30700698
1,898,0.449,0.0,0.002245,0.30734362
1,899,0.45,0.0,0.0022475,0.30768025
1,900,0.45,0.0,0.00225,0.30801685
1,901,0.451,0.0,0.0022525,0.30835344
1,902,0.451,0.0,0.002255,0.30869001
1,903,0.452,0.0,0.0022575,0.30902656
1,904,0.452,0.0,0.00226,0.30936309
1,905,0.453,0.0,0.0022625,0.3096996
1,906,0.453,0.0,0.002265,0.31003609
1,907,0.454,0.0,0.0022675,0.31037257
1,908,0.454,0.0,0.00227,0.31070902
1,909,0.455,0.0,0.0022725,0.31104545
1,910,0.455,0.0,0.002275,0.31138187
1,911,0.456,0.0,0.0022775,0.31171827
1,912,0.456,0.0,0.00228,0.31205464
1,913,0.457,0.0,0.0022825,0.312391
1,914,0.457,0.0,0.002285,0.31272734
1,915,0.458,0.0,0.0022875,0.31306366
1,916,0.458,0.0,0.00229,0.31339996
1,917,0.459,0.0,0.0022925,0.31373624
1,918,0.459,0.0,0.002295,0.31407251
1,919,0.46,0.0,0.0022975,0.31440875
1,920,0.46,0.0,0.0023,0.31474497
1,921,0.461,0.0,0.0023025,0.31508118
1,922,0.461,0.0,0.002305,0.31541736
1,923,0.462,0.0,0.0023075,0.31575353
1,924,0.462,0.0,0.00231,0.31608967
1,925,0.463,0.0,0.0023125,0.3164258
1,926,0.463,0.0,0.002315,0.3167619
1,927,0.464,0.0,0.0023175,0.31709799
1,928,0.464,0.0,0.00232,0.31743406
1,929,0.465,0.0,0.0023225,0.31777011
1,930,0.465,0.0,0.002325,0.31810614
1,931,0.466,0.0,0.0023275,0.31844215
1,932,0.466,0.0,0.00233,0.31877814
1,933,0.467,0.0,0.0023325,0.31911411
1,934,0.467,0.0,0.002335,0.31945006
1,935,0.468,0.0,0.0023375,0.31978599
1,936,0.468,0.0,0.00234,0.3201219
1,937,0.469,0.0,0.0023425,0.32045779
1,938,0.469,0.0,0.002345,0.32079366
1,939,0.47,0.0,0.0023475,0.32112951
1,940,0.47,0.0,0.00235,0.32146535
1,941,0.471,0.0,0.0023525,0.32180116
1,942,0.471,0.0,0.002355,0.32213695
1,943,0.472,0.0,0.0023575,0.32247272
1,944,0.472,0.0,0.00236,0.32280847
1,945,0.473,0.0,0.0023625,0.32314421
1,946,0.473,0.0,0.002365,0.32347992
1,947,0.474,0.0,0.0023675,0.32381561
1,948,0.474,0.0,0.00237,0.32415129
1,949,0.475,0.0,0.0023725,0.32448694
1,950,0.475,0.0,0.002375,0.32482257
1,951,0.476,0.0,0.0023775,0.32515819
1,952,0.476,0.0,0.00238,0.32549378
1,953,0.477,0.0,0.0023825,0.32582935
1,954,0.477,0.0,0.002385,0.3261649
1,955,0.478,0.0,0.0023875,0.32650044
1,956,0.478,0.0,0.00239,0.32683595
1,957,0.479,0.0,0.0023925,0.32717144
1,958,0.479,0.0,0.002395,0.32750691
1,959,0.48,0.0,0.0023975,0.32784237
1,960,0.48,0.0,0.0024,0.3281778
1,961,0.481,0.0,0.0024025,0.32851321
1,962,0.481,0.0,0.002405,0.3288486
1,963,0.482,0.0,0.0024075,0.32918397
1,964,0.482,0.0,0.00241,0.32951932
1,965,0.483,0.0,0.0024125,0.32985465
1,966,0.483,0.0,0.002415,0.33018996
1,967,0.484,0.0,0.0024175,0.33052525
1,968,0.484,0.0,0.00242,0.33086052
1,969,0.485,0.0,0.0024225,0.33119577
1,970,0.485,0.0,0.002425,0.331531
1,971,0.486,0.0,0.0024275,0.33186621
1,972,0.486,0.0,0.00243,0.3322014
1,973,0.487,0.0,0.0024325,0.33253656
1,974,0.487,0.0,0.002435,0.33287171
1,975,0.488,0.0,0.0024375,0.33320684
1,976,0.488,0.0,0.00244,0.33354194
1,977,0.489,0.0,0.0024425,0.33387703
1,978,0.489,0.0,0.002445,0.33421209
1,979,0.49,0.0,0.0024475,0.33454713
1,980,0.49,0.0,0.00245,0.33488216
1,981,0.491,0.0,0.0024525,0.33521716
1,982,0.491,0.0,0.002455,0.33555214
1,983,0.492,0.0,0.0024575,0.3358871
1,984,0.492,0.0,0.00246,0.33622204
1,985,0.493,0.0,0.0024625,0.33655696
1,986,0.493,0.0,0.002465,0.33689186
1,987,0.494,0.0,0.0024675,0.33722674
1,988,0.494,0.0,0.00247,0.33756159
1,989,0.495,0.0,0.0024725,0.33789643
1,990,0.495,0.0,0.002475,0.33823125
1,991,0.496,0.0,0.0024775,0.33856604
1,992,0.496,0.0,0.00248,0.33890081
1,993,0.497,0.0,0.0024825,0.33923557
1,994,0.497,0.0,0.002485,0.3395703
1,995,0.498,0.0,0.0024875,0.33990501
1,996,0.498,0.0,0.00249,0.3402397
1,997,0.499,0.0,0.0024925,0.34057436
1,998,0.499,0.0,0.002495,0.34090901
1,999,0.5,0.0,0.0024975,0.34124364
1,1000,0.5,0.0,0.0025,0.34157824
1,1001,0.501,0.0,0.0025025,0.34191283
1,1002,0.501,0.0,0.002505,0.34224739
1,1003,0.502,0.0,0.0025075,0.34258193
1,1004,0.502,0.0,0.00251,0.34291645
1,1005,0.503,0.0,0.0025125,0.34325095
1,1006,0.503,0.0,0.002515,0.34358543
1,1007,0.503,0.0,0.0025175,0.34391989
1,1008,0.504,0.0,0.00252,0.34425432
1,1009,0.504,0.0,0.0025225,0.34458874
1,1010,0.505,0.0,0.002525,0.34492313
1,1011,0.505,0.0,0.0025275,0.3452575
1,1012,0.506,0.0,0.00253,0.34559185
1,1013,0.506,0.0,0.0025325,0.34592618
1,1014,0.507,0.0,0.002535,0.34626049
1,1015,0.507,0.0,0.0025375,0.34659477
1,1016,0.508,0.0,0.00254,0.34692904
1,1017,0.508,0.0,0.0025425,0.34726328
1,1018,0.509,0.0,0.002545,0.3475975
1,1019,0.509,0.0,0.0025475,0.3479317
1,1020,0.51,0.0,0.00255,0.34826588
1,1021,0.51,0.0,0.0025525,0.34860004
1,1022,0.511,0.0,0.002555,0.34893417
1,1023,0.511,0.0,0.0025575,0.34926829
1,1024,0.512,0.0,0.00256,0.34960238
1,1025,0.512,0.0,0.0025625,0.34993645
1,1026,0.513,0.0,0.002565,0.3502705
1,1027,0.513,0.0,0.0025675,0.35060453
1,1028,0.514,0.0,0.00257,0.35093853
1,1029,0.514,0.0,0.0025725,0.35127251
1,1030,0.515,0.0,0.002575,0.35160648
1,1031,0.515,0.0,0.0025775,0.35194042
1,1032,0.516,0.0,0.00258,0.35227433
1,1033,0.516,0.0,0.0025825,0.35260823
1,1034,0.517,0.0,0.002585,0.35294211
1,1035,0.517,0.0,0.0025875,0.35327596
1,1036,0.518,0.0,0.00259,0.35360979
1,1037,0.518,0.0,0.0025925,0.3539436
1,1038,0.519,0.0,0.002595,0.35427738
1,1039,0.519,0.0,0.0025975,0.35461115
1,1040,0.52,0.0,0.0026,0.35494489
1,1041,0.52,0.0,0.0026025,0.35527861
1,1042,0.521,0.0,0.002605,0.35561231
1,1043,0.521,0.0,0.0026075,0.35594599
1,1044,0.522,0.0,0.00261,0.35627964
1,1045,0.522,0.0,0.0026125,0.35661328
1,1046,0.523,0.0,0.002615,0.35694689
1,1047,0.523,0.0,0.0026175,0.35728047
1,1048,0.524,0.0,0.00262,0.35761404
1,1049,0.524,0.0,0.0026225,0.35794758
1,1050,0.525,0.0,0.002625,0.35828111
1,1051,0.525,0.0,0.0026275,0.35861461
1,1052,0.526,0.0,0.00263,0.35894808
1,1053,0.526,0.0,0.0026325,0.35928154
1,1054,0.527,0.0,0.002635,0.35961497
1,1055,0.527,0.0,0.0026375,0.35994838
1,1056,0.528,0.0,0.00264,0.36028177
1,1057,0.528,0.0,0.0026425,0.36061513
1,1058,0.529,0.0,0.002645,0.36094848
1,1059,0.529,0.0,0.0026475,0.3612818
1,1060,0.53,0.0,0.00265,0.3616151
1,1061,0.53,0.0,0.0026525,0.36194837
1,1062,0.531,0.0,0.002655,0.36228163
1,1063,0.531,0.0,0.0026575,0.36261486
1,1064,0.532,0.0,0.00266,0.36294807
1,1065,0.532,0.0,0.0026625,0.36328125
1,1066,0.533,0.0,0.002665,0.36361441
1,1067,0.533,0.0,0.0026675,0.36394756
1,1068,0.534,0.0,0.00267,0.36428067
1,1069,0.534,0.0,0.0026725,0.36461377
1,1070,0.535,0.0,0.002675,0.36494684
1,1071,0.535,0.0,0.0026775,0.36527989
1,1072,0.536,0.0,0.00268,0.36561292
1,1073,0.536,0.0,0.0026825,0.36594592
1,1074,0.537,0.0,0.002685,0.3662789
1,1075,0.537,0.0,0.0026875,0.36661186
1,1076,0.538,0.0,0.00269,0.3669448
1,1077,0.538,0.0,0.0026925,0.36727771
1,1078,0.539,0.0,0.002695,0.3676106
1,1079,0.539,0.0,0.0026975,0.36794347
1,1080,0.54,0.0,0.0027,0.36827632
1,1081,0.54,0.0,0.0027025,0.36860914
1,1082,0.541,0.0,0.002705,0.36894194
1,1083,0.541,0.0,0.0027075,0.36927471
1,1084,0.542,0.0,0.00271,0.36960747
1,1085,0.542,0.0,0.0027125,0.3699402
1,1086,0.543,0.0,0.002715,0.3702729
1,1087,0.543,0.0,0.0027175,0.37060559
1,1088,0.544,0.0,0.00272,0.37093825
1,1089,0.544,0.0,0.0027225,0.37127089
1,1090,0.545,0.0,0.002725,0.3716035
1,1091,0.545,0.0,0.0027275,0.37193609
1,1092,0.546,0.0,0.00273,0.37226866
1,1093,0.546,0.0,0.0027325,0.37260121
1,1094,0.547,0.0,0.002735,0.37293373
1,1095,0.547,0.0,0.0027375,0.37326623
1,1096,0.548,0.0,0.00274,0.3735987
1,1097,0.548,0.0,0.0027425,0.37393115
1,1098,0.549,0.0,0.002745,0.37426358
1,1099,0.549,0.0,0.0027475,0.37459599
1,1100,0.55,0.0,0.00275,0.37492837
1,1101,0.55,0.0,0.0027525,0.37526073
1,1102,0.551,0.0,0.002755,0.37559306
1,1103,0.551,0.0,0.0027575,0.37592538
1,1104,0.552,0.0,0.00276,0.37625767
1,1105,0.552,0.0,0.0027625,0.37658993
1,1106,0.553,0.0,0.002765,0.37692217
1,1107,0.553,0.0,0.0027675,0.37725439
1,1108,0.554,0.0,0.00277,0.37758658
1,1109,0.554,0.0,0.0027725,0.37791876
1,1110,0.555,0.0,0.002775,0.3782509
1,1111,0.555,0.0,0.0027775,0.37858303
1,1112,0.556,0.0,0.00278,0.37891513
1,1113,0.556,0.0,0.0027825,0.3792472
1,1114,0.557,0.0,0.002785,0.37957926
1,1115,0.557,0.0,0.0027875,0.37991129
1,1116,0.558,0.0,0.00279,0.38024329
1,1117,0.558,0.0,0.0027925,0.38057527
1,1118,0.559,0.0,0.002795,0.38090723
1,1119,0.559,0.0,0.0027975,0.38123917
1,1120,0.56,0.0,0.0028,0.38157108
1,1121,0.56,0.0,0.0028025,0.38190296
1,1122,0.561,0.0,0.002805,0.38223483
1,1123,0.561,0.0,0.0028075,0.38256667
1,1124,0.562,0.0,0.00281,0.38289848
1,1125,0.562,0.0,0.0028125,0.38323027
1,1126,0.563,0.0,0.002815,0.38356204
1,1127,0.563,0.0,0.0028175,0.38389378
1,1128,0.564,0.0,0.00282,0.3842255
1,1129,0.564,0.0,0.0028225,0.3845572
1,1130,0.565,0.0,0.002825,0.38488887
1,1131,0.565,0.0,0.0028275,0.38522051
1,1132,0.566,0.0,0.00283,0.38555214
1,1133,0.566,0.0,0.0028325,0.38588374
1,1134,0.567,0.0,0.002835,0.38621531
1,1135,0.567,0.0,0.0028375,0.38654686
1,1136,0.568,0.0,0.00284,0.38687839
1,1137,0.568,0.0,0.0028425,0.38720989
1,1138,0.569,0.0,0.002845,0.38754137
1,1139,0.569,0.0,0.0028475,0.38787282
1,1140,0.57,0.0,0.00285,0.38820425
1,1141,0.57,0.0,0.0028525,0.38853566
1,1142,0.571,0.0,0.002855,0.38886704
1,1143,0.571,0.0,0.0028575,0.3891984
1,1144,0.572,0.0,0.00286,0.38952973
1,1145,0.572,0.0,0.0028625,0.38986104
1,1146,0.573,0.0,0.002865,0.39019232
1,1147,0.573,0.0,0.0028675,0.39052358
1,1148,0.574,0.0,0.00287,0.39085481
1,1149,0.574,0.0,0.0028725,0.39118602
1,1150,0.575,0.0,0.002875,0.39151721
1,1151,0.575,0.0,0.0028775,0.39184837
1,1152,0.576,0.0,0.00288,0.39217951
1,1153,0.576,0.0,0.0028825,0.39251062
1,1154,0.577,0.0,0.002885,0.39284171
1,1155,0.577,0.0,0.0028875,0.39317277
1,1156,0.578,0.0,0.00289,0.39350381
1,1157,0.578,0.0,0.0028925,0.39383482
1,1158,0.579,0.0,0.002895,0.39416581
1,1159,0.579,0.0,0.0028975,0.39449677
1,1160,0.58,0.0,0.0029,0.39482771
1,1161,0.58,0.0,0.0029025,0.39515863
1,1162,0.581,0.0,0.002905,0.39548952
1,1163,0.581,0.0,0.0029075,0.39582038
1,1164,0.582,0.0,0.00291,0.39615122
1,1165,0.582,0.0,0.0029125,0.39648204
1,1166,0.583,0.0,0.002915,0.39681283
1,1167,0.583,0.0,0.0029175,0.3971436
1,1168,0.584,0.0,0.00292,0.39747434
1,1169,0.584,0.0,0.0029225,0.39780505
1,1170,0.585,0.0,0.002925,0.39813574
1,1171,0.585,0.0,0.0029275,0.39846641
1,1172,0.586,0.0,0.00293,0.39879705
1,1173,0.586,0.0,0.0029325,0.39912767
1,1174,0.587,0.0,0.002935,0.39945826
1,1175,0.587,0.0,0.0029375,0.39978882
1,1176,0.588,0.0,0.00294,0.40011936
1,1177,0.588,0.0,0.0029425,0.40044988
1,1178,0.589,0.0,0.002945,0.40078037
1,1179,0.589,0.0,0.0029475,0.40111084
1,1180,0.59,0.0,0.00295,0.40144128
1,1181,0.59,0.0,0.0029525,0.40177169
1,1182,0.591,0.0,0.002955,0.40210208
1,1183,0.591,0.0,0.0029575,0.40243244
1,1184,0.592,0.0,0.00296,0.40276278
1,1185,0.592,0.0,0.0029625,0.4030931
1,1186,0.593,0.0,0.002965,0.40342339
1,1187,0.593,0.0,0.0029675,0.40375365
1,1188,0.594,0.0,0.00297,0.40408389
1,1189,0.594,0.0,0.0029725,0.4044141
1,1190,0.595,0.0,0.002975,0.40474429
1,1191,0.595,0.0,0.0029775,0.40507445
1,1192,0.596,0.0,0.00298,0.40540458
1,1193,0.596,0.0,0.0029825,0.40573469
1,1194,0.597,0.0,0.002985,0.40606478
1,1195,0.597,0.0,0.0029875,0.40639484
1,1196,0.598,0.0,0.00299,0.40672487
1,1197,0.598,0.0,0.0029925,0.40705488
1,1198,0.599,0.0,0.002995,0.40738486
1,1199,0.599,0.0,0.0029975,0.40771482
1,1200,0.6,0.0,0.003,0.40804475
1,1201,0.6,0.0,0.0030025,0.40837466
1,1202,0.601,0.0,0.003005,0.40870454
1,1203,0.601,0.0,0.0030075,0.40903439
1,1204,0.602,0.0,0.00301,0.40936422
1,1205,0.602,0.0,0.0030125,0.40969402
1,1206,0.603,0.0,0.003015,0.4100238
1,1207,0.603,0.0,0.0030175,0.41035355
1,1208,0.604,0.0,0.00302,0.41068328
1,1209,0.604,0.0,0.0030225,0.41101298
1,1210,0.605,0.0,0.003025,0.41134265
1,1211,0.605,0.0,0.0030275,0.4116723
1,1212,0.606,0.0,0.00303,0.41200192
1,1213,0.606,0.0,0.0030325,0.41233151
1,1214,0.607,0.0,0.003035,0.41266108
1,1215,0.607,0.0,0.0030375,0.41299063
1,1216,0.608,0.0,0.00304,0.41332014
1,1217,0.608,0.0,0.0030425,0.41364964
1,1218,0.609,0.0,0.003045,0.4139791
1,1219,0.609,0.0,0.0030475,0.41430854
1,1220,0.61,0.0,0.00305,0.41463795
1,1221,0.61,0.0,0.0030525,0.41496734
1,1222,0.611,0.0,0.003055,0.4152967
1,1223,0.611,0.0,0.0030575,0.41562604
1,1224,0.612,0.0,0.00306,0.41595534
1,1225,0.612,0.0,0.0030625,0.41628463
1,1226,0.613,0.0,0.003065,0.41661388
1,1227,0.613,0.0,0.0030675,0.41694311
1,1228,0.614,0.0,0.00307,0.41727231
1,1229,0.614,0.0,0.0030725,0.41760149
1,1230,0.615,0.0,0.003075,0.41793064
1,1231,0.615,0.0,0.0030775,0.41825977
1,1232,0.616,0.0,0.00308,0.41858886
1,1233,0.616,0.0,0.0030825,0.41891793
1,1234,0.617,0.0,0.003085,0.41924698
1,1235,0.617,0.0,0.0030875,0.419576
1,1236,0.618,0.0,0.00309,0.41990499
1,1237,0.618,0.0,0.0030925,0.42023395
1,1238,0.619,0.0,0.003095,0.42056289
1,1239,0.619,0.0,0.0030975,0.42089181
1,1240,0.62,0.0,0.0031,0.42122069
1,1241,0.62,0.0,0.0031025,0.42154955
1,1242,0.621,0.0,0.003105,0.42187838
1,1243,0.621,0.0,0.0031075,0.42220719
1,1244,0.622,0.0,0.00311,0.42253597
1,1245,0.622,0.0,0.0031125,0.42286472
1,1246,0.623,0.0,0.003115,0.42319344
1,1247,0.623,0.0,0.0031175,0.42352214
1,1248,0.624,0.0,0.00312,0.42385081
1,1249,0.624,0.0,0.0031225,0.42417946
1,1250,0.625,0.0,0.003125,0.42450808
1,1251,0.625,0.0,0.0031275,0.42483667
1,1252,0.626,0.0,0.00313,0.42516523
1,1253,0.626,0.0,0.0031325,0.42549377
1,1254,0.627,0.0,0.003135,0.42582228
1,1255,0.627,0.0,0.0031375,0.42615076
1,1256,0.628,0.0,0.00314,0.42647922
1,1257,0.628,0.0,0.0031425,0.42680765
1,1258,0.629,0.0,0.003145,0.42713605
1,1259,0.629,0.0,0.0031475,0.42746443
1,1260,0.63,0.0,0.00315,0.42779277
1,1261,0.63,0.0,0.0031525,0.42812109
1,1262,0.631,0.0,0.003155,0.42844939
1,1263,0.631,0.0,0.0031575,0.42877766
1,1264,0.632,0.0,0.00316,0.42910589
1,1265,0.632,0.0,0.0031625,0.42943411
1,1266,0.633,0.0,0.003165,0.42976229
1,1267,0.633,0.0,0.0031675,0.43009045
1,1268,0.634,0.0,0.00317,0.43041858
1,1269,0.634,0.0,0.0031725,0.43074668
1,1270,0.635,0.0,0.003175,0.43107476
1,1271,0.635,0.0,0.0031775,0.43140281
1,1272,0.636,0.0,0.00318,0.43173083
1,1273,0.636,0.0,0.0031825,0.43205882
1,1274,0.637,0.0,0.003185,0.43238679
1,1275,0.637,0.0,0.0031875,0.43271473
1,1276,0.638,0.0,0.00319,0.43304264
1,1277,0.638,0.0,0.0031925,0.43337052
1,1278,0.639,0.0,0.003195,0.43369838
1,1279,0.639,0.0,0.0031975,0.43402621
1,1280,0.64,0.0,0.0032,0.43435401
1,1281,0.64,0.0,0.0032025,0.43468178
1,1282,0.641,0.0,0.003205,0.43500953
1,1283,0.641,0.0,0.0032075,0.43533725
1,1284,0.642,0.0,0.00321,0.43566494
1,1285,0.642,0.0,0.0032125,0.4359926
1,1286,0.643,0.0,0.003215,0.43632023
1,1287,0.643,0.0,0.0032175,0.43664784
1,1288,0.644,0.0,0.00322,0.43697542
1,1289,0.644,0.0,0.0032225,0.43730297
1,1290,0.645,0.0,0.003225,0.4376305
1,1291,0.645,0.0,0.0032275,0.43795799
1,1292,0.646,0.0,0.00323,0.43828546
1,1293,0.646,0.0,0.0032325,0.4386129
1,1294,0.647,0.0,0.003235,0.43894031
1,1295,0.647,0.0,0.0032375,0.4392677
1,1296,0.648,0.0,0.00324,0.43959505
1,1297,0.648,0.0,0.0032425,0.43992238
1,1298,0.649,0.0,0.003245,0.44024968
1,1299,0.649,0.0,0.0032475,0.44057696
1,1300,0.65,0.0,0.00325,0.4409042
1,1301,0.65,0.0,0.0032525,0.44123142
1,1302,0.651,0.0,0.003255,0.4415586
1,1303,0.651,0.0,0.0032575,0.44188576
1,1304,0.652,0.0,0.00326,0.4422129
1,1305,0.652,0.0,0.0032625,0.44254
1,1306,0.653,0.0,0.003265,0.44286707
1,1307,0.653,0.0,0.0032675,0.44319412
1,1308,0.654,0.0,0.00327,0.44352114
1,1309,0.654,0.0,0.0032725,0.44384813
1,1310,0.655,0.0,0.003275,0.44417509
1,1311,0.655,0.0,0.0032775,0.44450203
1,1312,0.656,0.0,0.00328,0.44482893
1,1313,0.656,0.0,0.0032825,0.44515581
1,1314,0.657,0.0,0.003285,0.44548266
1,1315,0.657,0.0,0.0032875,0.44580948
1,1316,0.658,0.0,0.00329,0.44613627
1,1317,0.658,0.0,0.0032925,0.44646303
1,1318,0.659,0.0,0.003295,0.44678977
1,1319,0.659,0.0,0.0032975,0.44711647
1,1320,0.66,0.0,0.0033,0.44744315
1,1321,0.66,0.0,0.0033025,0.4477698
1,1322,0.661,0.0,0.003305,0.44809642
1,1323,0.661,0.0,0.0033075,0.44842301
1,1324,0.662,0.0,0.00331,0.44874958
1,1325,0.662,0.0,0.0033125,0.44907611
1,1326,0.663,0.0,0.003315,0.44940262
1,1327,0.663,0.0,0.0033175,0.44972909
1,1328,0.664,0.0,0.00332,0.45005554
1,1329,0.664,0.0,0.0033225,0.45038196
1,1330,0.665,0.0,0.003325,0.45070835
1,1331,0.665,0.0,0.0033275,0.45103471
1,1332,0.666,0.0,0.00333,0.45136104
1,1333,0.666,0.0,0.0033325,0.45168735
1,1334,0.667,0.0,0.003335,0.45201362
1,1335,0.667,0.0,0.0033375,0.45233987
1,1336,0.668,0.0,0.00334,0.45266609
1,1337,0.668,0.0,0.0033425,0.45299227
1,1338,0.669,0.0,0.003345,0.45331843
1,1339,0.669,0.0,0.0033475,0.45364456
1,1340,0.67,0.0,0.00335,0.45397066
1,1341,0.67,0.0,0.0033525,0.45429674
1,1342,0.671,0.0,0.003355,0.45462278
1,1343,0.671,0.0,0.0033575,0.45494879
1,1344,0.672,0.0,0.00336,0.45527478
1,1345,0.672,0.0,0.0033625,0.45560073
1,1346,0.673,0.0,0.003365,0.45592666
1,1347,0.673,0.0,0.0033675,0.45625255
1,1348,0.674,0.0,0.00337,0.45657842
1,1349,0.674,0.0,0.0033725,0.45690426
1,1350,0.675,0.0,0.003375,0.45723007
1,1351,0.675,0.0,0.0033775,0.45755585
1,1352,0.676,0.0,0.00338,0.4578816
1,1353,0.676,0.0,0.0033825,0.45820732
1,1354,0.677,0.0,0.003385,0.45853301
1,1355,0.677,0.0,0.0033875,0.45885867
1,1356,0.678,0.0,0.00339,0.4591843
1,1357,0.678,0.0,0.0033925,0.4595099
1,1358,0.679,0.0,0.003395,0.45983548
1,1359,0.679,0.0,0.0033975,0.46016102
1,1360,0.68,0.0,0.0034,0.46048653
1,1361,0.68,0.0,0.0034025,0.46081202
1,1362,0.681,0.0,0.003405,0.46113747
1,1363,0.681,0.0,0.0034075,0.4614629
1,1364,0.682,0.0,0.00341,0.46178829
1,1365,0.682,0.0,0.0034125,0.46211366
1,1366,0.683,0.0,0.003415,0.462439
1,1367,0.683,0.0,0.0034175,0.4627643
1,1368,0.684,0.0,0.00342,0.46308958
1,1369,0.684,0.0,0.0034225,0.46341482
1,1370,0.685,0.0,0.003425,0.46374004
1,1371,0.685,0.0,0.0034275,0.46406523
1,1372,0.686,0.0,0.00343,0.46439038
1,1373,0.686,0.0,0.0034325,0.46471551
1,1374,0.687,0.0,0.003435,0.46504061
1,1375,0.687,0.0,0.0034375,0.46536568
1,1376,0.688,0.0,0.00344,0.46569071
1,1377,0.688,0.0,0.0034425,0.46601572
1,1378,0.689,0.0,0.003445,0.4663407
1,1379,0.689,0.0,0.0034475,0.46666564
1,1380,0.69,0.0,0.00345,0.46699056
1,1381,0.69,0.0,0.0034525,0.46731545
1,1382,0.691,0.0,0.003455,0.4676403
1,1383,0.691,0.0,0.0034575,0.46796513
1,1384,0.692,0.0,0.00346,0.46828993
1,1385,0.692,0.0,0.0034625,0.46861469
1,1386,0.693,0.0,0.003465,0.46893943
1,1387,0.693,0.0,0.0034675,0.46926413
1,1388,0.694,0.0,0.00347,0.46958881
1,1389,0.694,0.0,0.0034725,0.46991345
1,1390,0.695,0.0,0.003475,0.47023807
1,1391,0.695,0.0,0.0034775,0.47056265
1,1392,0.696,0.0,0.00348,0.4708872
1,1393,0.696,0.0,0.0034825,0.47121173
1,1394,0.697,0.0,0.003485,0.47153622
1,1395,0.697,0.0,0.0034875,0.47186068
1,1396,0.698,0.0,0.00349,0.47218511
1,1397,0.698,0.0,0.0034925,0.47250951
1,1398,0.699,0.0,0.003495,0.47283388
1,1399,0.699,0.0,0.0034975,0.47315822
1,1400,0.7,0.0,0.0035,0.47348253
1,1401,0.7,0.0,0.0035025,0.47380681
1,1402,0.701,0.0,0.003505,0.47413106
1,1403,0.701,0.0,0.0035075,0.47445528
1,1404,0.702,0.0,0.00351,0.47477946
1,1405,0.702,0.0,0.0035125,0.47510362
1,1406,0.703,0.0,0.003515,0.47542774
1,1407,0.703,0.0,0.0035175,0.47575184
1,1408,0.704,0.0,0.00352,0.4760759
1,1409,0.704,0.0,0.0035225,0.47639993
1,1410,0.705,0.0,0.003525,0.47672393
1,1411,0.705,0.0,0.0035275,0.47704791
1,1412,0.706,0.0,0.00353,0.47737185
1,1413,0.706,0.0,0.0035325,0.47769575
1,1414,0.707,0.0,0.003535,0.47801963
1,1415,0.707,0.0,0.0035375,0.47834348
1,1416,0.708,0.0,0.00354,0.47866729
1,1417,0.708,0.0,0.0035425,0.47899108
1,1418,0.709,0.0,0.003545,0.47931483
1,1419,0.709,0.0,0.0035475,0.47963855
1,1420,0.71,0.0,0.00355,0.47996224
1,1421,0.71,0.0,0.0035525,0.4802859
1,1422,0.711,0.0,0.003555,0.48060953
1,1423,0.711,0.0,0.0035575,0.48093313
1,1424,0.712,0.0,0.00356,0.4812567
1,1425,0.712,0.0,0.0035625,0.48158023
1,1426,0.713,0.0,0.003565,0.48190373
1,1427,0.713,0.0,0.0035675,0.48222721
1,1428,0.714,0.0,0.00357,0.48255065
1,1429,0.714,0.0,0.0035725,0.48287406
1,1430,0.715,0.0,0.003575,0.48319743
1,1431,0.715,0.0,0.0035775,0.48352078
1,1432,0.716,0.0,0.00358,0.4838441
1,1433,0.716,0.0,0.0035825,0.48416738
1,1434,0.717,0.0,0.003585,0.48449063
1,1435,0.717,0.0,0.0035875,0.48481385
1,1436,0.718,0.0,0.00359,0.48513704
1,1437,0.718,0.0,0.0035925,0.4854602
1,1438,0.719,0.0,0.003595,0.48578332
1,1439,0.719,0.0,0.0035975,0.48610642
1,1440,0.72,0.0,0.0036,0.48642948
1,1441,0.72,0.0,0.0036025,0.48675251
1,1442,0.721,0.0,0.003605,0.48707551
1,1443,0.721,0.0,0.0036075,0.48739847
1,1444,0.722,0.0,0.00361,0.48772141
1,1445,0.722,0.0,0.0036125,0.48804431
1,1446,0.723,0.0,0.003615,0.48836718
1,1447,0.723,0.0,0.0036175,0.48869002
1,1448,0.724,0.0,0.00362,0.48901283
1,1449,0.724,0.0,0.0036225,0.48933561
1,1450,0.725,0.0,0.003625,0.48965835
1,1451,0.725,0.0,0.0036275,0.48998106
1,1452,0.726,0.0,0.00363,0.49030374
1,1453,0.726,0.0,0.0036325,0.49062639
1,1454,0.727,0.0,0.003635,0.490949
1,1455,0.727,0.0,0.0036375,0.49127159
1,1456,0.728,0.0,0.00364,0.49159414
1,1457,0.728,0.0,0.0036425,0.49191666
1,1458,0.729,0.0,0.003645,0.49223914
1,1459,0.729,0.0,0.0036475,0.4925616
1,1460,0.73,0.0,0.00365,0.49288402
1,1461,0.73,0.0,0.0036525,0.49320641
1,1462,0.731,0.0,0.003655,0.49352877
1,1463,0.731,0.0,0.0036575,0.49385109
1,1464,0.732,0.0,0.00366,0.49417338
1,1465,0.732,0.0,0.0036625,0.49449565
1,1466,0.733,0.0,0.003665,0.49481787
1,1467,0.733,0.0,0.0036675,0.49514007
1,1468,0.734,0.0,0.00367,0.49546223
1,1469,0.734,0.0,0.0036725,0.49578436
1,1470,0.735,0.0,0.003675,0.49610646
1,1471,0.735,0.0,0.0036775,0.49642853
1,1472,0.736,0.0,0.00368,0.49675056
1,1473,0.736,0.0,0.0036825,0.49707256
1,1474,0.737,0.0,0.003685,0.49739453
1,1475,0.737,0.0,0.0036875,0.49771646
1,1476,0.738,0.0,0.00369,0.49803836
1,1477,0.738,0.0,0.0036925,0.49836023
1,1478,0.739,0.0,0.003695,0.49868207
1,1479,0.739,0.0,0.0036975,0.49900387
1,1480,0.74,0.0,0.0037,0.49932565
1,1481,0.74,0.0,0.0037025,0.49964738
1,1482,0.741,0.0,0.003705,0.49996909
1,1483,0.741,0.0,0.0037075,0.50029076
1,1484,0.742,0.0,0.00371,0.5006124
1,1485,0.742,0.0,0.0037125,0.50093401
1,1486,0.743,0.0,0.003715,0.50125558
1,1487,0.743,0.0,0.0037175,0.50157712
1,1488,0.744,0.0,0.00372,0.50189863
1,1489,0.744,0.0,0.0037225,0.5022201
1,1490,0.745,0.0,0.003725,0.50254155
1,1491,0.745,0.0,0.0037275,0.50286295
1,1492,0.746,0.0,0.00373,0.50318433
1,1493,0.746,0.0,0.0037325,0.50350567
1,1494,0.747,0.0,0.003735,0.50382698
1,1495,0.747,0.0,0.0037375,0.50414826
1,1496,0.748,0.0,0.00374,0.5044695
1,1497,0.748,0.0,0.0037425,0.50479071
1,1498,0.749,0.0,0.003745,0.50511188
1,1499,0.749,0.0,0.0037475,0.50543302
1,1500,0.75,0.0,0.00375,0.50575413
1,1501,0.75,0.0,0.0037525,0.50607521
1,1502,0.751,0.0,0.003755,0.50639625
1,1503,0.751,0.0,0.0037575,0.50671726
1,1504,0.752,0.0,0.00376,0.50703823
1,1505,0.752,0.0,0.0037625,0.50735917
1,1506,0.753,0.0,0.003765,0.50768008
1,1507,0.753,0.0,0.0037675,0.50800096
1,1508,0.754,0.0,0.00377,0.5083218
1,1509,0.754,0.0,0.0037725,0.5086426
1,1510,0.755,0.0,0.003775,0.50896338
1,1511,0.755,0.0,0.0037775,0.50928412
1,1512,0.756,0.0,0.00378,0.50960482
1,1513,0.756,0.0,0.0037825,0.5099255
1,1514,0.757,0.0,0.003785,0.51024613
1,1515,0.757,0.0,0.0037875,0.51056674
1,1516,0.758,0.0,0.00379,0.51088731
1,1517,0.758,0.0,0.0037925,0.51120784
1,1518,0.759,0.0,0.003795,0.51152835
1,1519,0.759,0.0,0.0037975,0.51184882
1,1520,0.76,0.0,0.0038,0.51216925
1,1521,0.76,0.0,0.0038025,0.51248965
1,1522,0.761,0.0,0.003805,0.51281002
1,1523,0.761,0.0,0.0038075,0.51313035
1,1524,0.762,0.0,0.00381,0.51345065
1,1525,0.762,0.0,0.0038125,0.51377091
1,1526,0.763,0.0,0.003815,0.51409114
1,1527,0.763,0.0,0.0038175,0.51441134
1,1528,0.764,0.0,0.00382,0.5147315
1,1529,0.764,0.0,0.0038225,0.51505163
1,1530,0.765,0.0,0.003825,0.51537172
1,1531,0.765,0.0,0.0038275,0.51569178
1,1532,0.766,0.0,0.00383,0.51601181
1,1533,0.766,0.0,0.0038325,0.5163318
1,1534,0.767,0.0,0.003835,0.51665175
1,1535,0.767,0.0,0.0038375,0.51697167
1,1536,0.768,0.0,0.00384,0.51729156
1,1537,0.768,0.0,0.0038425,0.51761141
1,1538,0.769,0.0,0.003845,0.51793123
1,1539,0.769,0.0,0.0038475,0.51825102
1,1540,0.77,0.0,0.00385,0.51857076
1,1541,0.77,0.0,0.0038525,0.51889048
1,1542,0.771,0.0,0.003855,0.51921016
1,1543,0.771,0.0,0.0038575,0.5195298
1,1544,0.772,0.0,0.00386,0.51984941
1,1545,0.772,0.0,0.0038625,0.52016899
1,1546,0.773,0.0,0.003865,0.52048853
1,1547,0.773,0.0,0.0038675,0.52080804
1,1548,0.774,0.0,0.00387,0.52112751
1,1549,0.774,0.0,0.0038725,0.52144694
1,1550,0.775,0.0,0.003875,0.52176635
1,1551,0.775,0.0,0.0038775,0.52208571
1,1552,0.776,0.0,0.00388,0.52240504
1,1553,0.776,0.0,0.0038825,0.52272434
1,1554,0.777,0.0,0.003885,0.5230436
1,1555,0.777,0.0,0.0038875,0.52336283
1,1556,0.778,0.0,0.00389,0.52368202
1,1557,0.778,0.0,0.0038925,0.52400118
1,1558,0.779,0.0,0.003895,0.5243203
1,1559,0.779,0.0,0.0038975,0.52463938
1,1560,0.78,0.0,0.0039,0.52495843
1,1561,0.78,0.0,0.0039025,0.52527745
1,1562,0.781,0.0,0.003905,0.52559643
1,1563,0.781,0.0,0.0039075,0.52591538
1,1564,0.782,0.0,0.00391,0.52623429
1,1565,0.782,0.0,0.0039125,0.52655316
1,1566,0.783,0.0,0.003915,0.526872
1,1567,0.783,0.0,0.0039175,0.5271908
1,1568,0.784,0.0,0.00392,0.52750957
1,1569,0.784,0.0,0.0039225,0.5278283
1,1570,0.785,0.0,0.003925,0.528147
1,1571,0.785,0.0,0.0039275,0.52846566
1,1572,0.786,0.0,0.00393,0.52878429
1,1573,0.786,0.0,0.0039325,0.52910288
1,1574,0.787,0.0,0.003935,0.52942143
1,1575,0.787,0.0,0.0039375,0.52973995
1,1576,0.788,0.0,0.00394,0.53005844
1,1577,0.788,0.0,0.0039425,0.53037688
1,1578,0.789,0.0,0.003945,0.5306953
1,1579,0.789,0.0,0.0039475,0.53101367
1,1580,0.79,0.0,0.00395,0.53133201
1,1581,0.79,0.0,0.0039525,0.53165032
1,1582,0.791,0.0,0.003955,0.53196859
1,1583,0.791,0.0,0.0039575,0.53228682
1,1584,0.792,0.0,0.00396,0.53260502
1,1585,0.792,0.0,0.0039625,0.53292318
1,1586,0.793,0.0,0.003965,0.5332413
1,1587,0.793,0.0,0.0039675,0.53355939
1,1588,0.794,0.0,0.00397,0.53387744
1,1589,0.794,0.0,0.0039725,0.53419546
1,1590,0.795,0.0,0.003975,0.53451344
1,1591,0.795,0.0,0.0039775,0.53483138
1,1592,0.796,0.0,0.00398,0.53514929
1,1593,0.796,0.0,0.0039825,0.53546716
1,1594,0.797,0.0,0.003985,0.535785
1,1595,0.797,0.0,0.0039875,0.5361028
1,1596,0.798,0.0,0.00399,0.53642056
1,1597,0.798,0.0,0.0039925,0.53673829
1,1598,0.799,0.0,0.003995,0.53705598
1,1599,0.799,0.0,0.0039975,0.53737363
1,1600,0.8,0.0,0.004,0.53769125
1,1601,0.8,0.0,0.0040025,0.53800883
1,1602,0.801,0.0,0.004005,0.53832637
1,1603,0.801,0.0,0.0040075,0.53864388
1,1604,0.802,0.0,0.00401,0.53896135
1,1605,0.802,0.0,0.0040125,0.53927878
1,1606,0.803,0.0,0.004015,0.53959618
1,1607,0.803,0.0,0.0040175,0.53991354
1,1608,0.804,0.0,0.00402,0.54023087
1,1609,0.804,0.0,0.0040225,0.54054815
1,1610,0.805,0.0,0.004025,0.5408654
1,1611,0.805,0.0,0.0040275,0.54118262
1,1612,0.806,0.0,0.00403,0.54149979
1,1613,0.806,0.0,0.0040325,0.54181693
1,1614,0.807,0.0,0.004035,0.54213404
1,1615,0.807,0.0,0.0040375,0.5424511
1,1616,0.808,0.0,0.00404,0.54276813
1,1617,0.808,0.0,0.0040425,0.54308512
1,1618,0.809,0.0,0.004045,0.54340208
1,1619,0.809,0.0,0.0040475,0.543719
1,1620,0.81,0.0,0.00405,0.54403588
1,1621,0.81,0.0,0.0040525,0.54435272
1,1622,0.811,0.0,0.004055,0.54466953
1,1623,0.811,0.0,0.0040575,0.5449863
1,1624,0.812,0.0,0.00406,0.54530303
1,1625,0.812,0.0,0.0040625,0.54561972
1,1626,0.813,0.0,0.004065,0.54593638
1,1627,0.813,0.0,0.0040675,0.546253
1,1628,0.814,0.0,0.00407,0.54656958
1,1629,0.814,0.0,0.0040725,0.54688612
1,1630,0.815,0.0,0.004075,0.54720263
1,1631,0.815,0.0,0.0040775,0.5475191
1,1632,0.816,0.0,0.00408,0.54783553
1,1633,0.816,0.0,0.0040825,0.54815193
1,1634,0.817,0.0,0.004085,0.54846829
1,1635,0.817,0.0,0.0040875,0.5487846
1,1636,0.818,0.0,0.00409,0.54910089
1,1637,0.818,0.0,0.0040925,0.54941713
1,1638,0.819,0.0,0.004095,0.54973334
1,1639,0.819,0.0,0.0040975,0.5500495
1,1640,0.82,0.0,0.0041,0.55036563
1,1641,0.82,0.0,0.0041025,0.55068173
1,1642,0.821,0.0,0.004105,0.55099778
1,1643,0.821,0.0,0.0041075,0.5513138
1,1644,0.822,0.0,0.00411,0.55162978
1,1645,0.822,0.0,0.0041125,0.55194572
1,1646,0.823,0.0,0.004115,0.55226162
1,1647,0.823,0.0,0.0041175,0.55257748
1,1648,0.824,0.0,0.00412,0.55289331
1,1649,0.824,0.0,0.0041225,0.5532091
1,1650,0.825,0.0,0.004125,0.55352485
1,1651,0.825,0.0,0.0041275,0.55384056
1,1652,0.826,0.0,0.00413,0.55415623
1,1653,0.826,0.0,0.0041325,0.55447187
1,1654,0.827,0.0,0.004135,0.55478747
1,1655,0.827,0.0,0.0041375,0.55510303
1,1656,0.828,0.0,0.00414,0.55541855
1,1657,0.828,0.0,0.0041425,0.55573403
1,1658,0.829,0.0,0.004145,0.55604947
1,1659,0.829,0.0,0.0041475,0.55636488
1,1660,0.83,0.0,0.00415,0.55668024
1,1661,0.83,0.0,0.0041525,0.55699557
1,1662,0.831,0.0,0.004155,0.55731086
1,1663,0.831,0.0,0.0041575,0.55762611
1,1664,0.832,0.0,0.00416,0.55794132
1,1665,0.832,0.0,0.0041625,0.55825649
1,1666,0.833,0.0,0.004165,0.55857163
1,1667,0.833,0.0,0.0041675,0.55888672
1,1668,0.834,0.0,0.00417,0.55920178
1,1669,0.834,0.0,0.0041725,0.5595168
1,1670,0.835,0.0,0.004175,0.55983177
1,1671,0.835,0.0,0.0041775,0.56014671
1,1672,0.836,0.0,0.00418,0.56046161
1,1673,0.836,0.0,0.0041825,0.56077648
1,1674,0.837,0.0,0.004185,0.5610913
1,1675,0.837,0.0,0.0041875,0.56140608
1,1676,0.838,0.0,0.00419,0.56172083
1,1677,0.838,0.0,0.0041925,0.56203553
1,1678,0.839,0.0,0.004195,0.5623502
1,1679,0.839,0.0,0.0041975,0.56266482
1,1680,0.84,0.0,0.0042,0.56297941
1,1681,0.84,0.0,0.0042025,0.56329396
1,1682,0.841,0.0,0.004205,0.56360847
1,1683,0.841,0.0,0.0042075,0.56392294
1,1684,0.842,0.0,0.00421,0.56423737
1,1685,0.842,0.0,0.0042125,0.56455176
1,1686,0.843,0.0,0.004215,0.56486611
1,1687,0.843,0.0,0.0042175,0.56518042
1,1688,0.844,0.0,0.00422,0.56549469
1,1689,0.844,0.0,0.0042225,0.56580892
1,1690,0.845,0.0,0.004225,0.56612311
1,1691,0.845,0.0,0.0042275,0.56643727
1,1692,0.846,0.0,0.00423,0.56675138
1,1693,0.846,0.0,0.0042325,0.56706545
1,1694,0.847,0.0,0.004235,0.56737948
1,1695,0.847,0.0,0.0042375,0.56769348
1,1696,0.848,0.0,0.00424,0.56800743
1,1697,0.848,0.0,0.0042425,0.56832134
1,1698,0.849,0.0,0.004245,0.56863522
1,1699,0.849,0.0,0.0042475,0.56894905
1,1700,0.85,0.0,0.00425,0.56926284
1,1701,0.85,0.0,0.0042525,0.5695766
1,1702,0.851,0.0,0.004255,0.56989031
1,1703,0.851,0.0,0.0042575,0.57020398
1,1704,0.852,0.0,0.00426,0.57051762
1,1705,0.852,0.0,0.0042625,0.57083121
1,1706,0.853,0.0,0.004265,0.57114476
1,1707,0.853,0.0,0.0042675,0.57145827
1,1708,0.854,0.0,0.00427,0.57177174
1,1709,0.854,0.0,0.0042725,0.57208517
1,1710,0.855,0.0,0.004275,0.57239856
1,1711,0.855,0.0,0.0042775,0.57271191
1,1712,0.856,0.0,0.00428,0.57302522
1,1713,0.856,0.0,0.0042825,0.57333849
1,1714,0.857,0.0,0.004285,0.57365172
1,1715,0.857,0.0,0.0042875,0.57396491
1,1716,0.858,0.0,0.00429,0.57427805
1,1717,0.858,0.0,0.0042925,0.57459116
1,1718,0.859,0.0,0.004295,0.57490422
1,1719,0.859,0.0,0.0042975,0.57521725
1,1720,0.86,0.0,0.0043,0.57553023
1,1721,0.86,0.0,0.0043025,0.57584317
1,1722,0.861,0.0,0.004305,0.57615607
1,1723,0.861,0.0,0.0043075,0.57646893
1,1724,0.862,0.0,0.00431,0.57678175
1,1725,0.862,0.0,0.0043125,0.57709453
1,1726,0.863,0.0,0.004315,0.57740727
1,1727,0.863,0.0,0.0043175,0.57771997
1,1728,0.864,0.0,0.00432,0.57803262
1,1729,0.864,0.0,0.0043225,0.57834523
1,1730,0.865,0.0,0.004325,0.57865781
1,1731,0.865,0.0,0.0043275,0.57897034
1,1732,0.866,0.0,0.00433,0.57928283
1,1733,0.866,0.0,0.0043325,0.57959527
1,1734,0.867,0.0,0.004335,0.57990768
1,1735,0.867,0.0,0.0043375,0.58022005
1,1736,0.868,0.0,0.00434,0.58053237
1,1737,0.868,0.0,0.0043425,0.58084465
1,1738,0.869,0.0,0.004345,0.58115689
1,1739,0.869,0.0,0.0043475,0.58146909
1,1740,0.87,0.0,0.00435,0.58178125
1,1741,0.87,0.0,0.0043525,0.58209336
1,1742,0.871,0.0,0.004355,0.58240543
1,1743,0.871,0.0,0.0043575,0.58271747
1,1744,0.872,0.0,0.00436,0.58302946
1,1745,0.872,0.0,0.0043625,0.5833414
1,1746,0.873,0.0,0.004365,0.58365331
1,1747,0.873,0.0,0.0043675,0.58396517
1,1748,0.874,0.0,0.00437,0.58427699
1,1749,0.874,0.0,0.0043725,0.58458877
1,1750,0.875,0.0,0.004375,0.58490051
1,1751,0.875,0.0,0.0043775,0.5852122
1,1752,0.876,0.0,0.00438,0.58552386
1,1753,0.876,0.0,0.0043825,0.58583547
1,1754,0.877,0.0,0.004385,0.58614704
1,1755,0.877,0.0,0.0043875,0.58645856
1,1756,0.878,0.0,0.00439,0.58677004
1,1757,0.878,0.0,0.0043925,0.58708148
1,1758,0.879,0.0,0.004395,0.58739288
1,1759,0.879,0.0,0.0043975,0.58770424
1,1760,0.88,0.0,0.0044,0.58801555
1,1761,0.88,0.0,0.0044025,0.58832682
1,1762,0.881,0.0,0.004405,0.58863805
1,1763,0.881,0.0,0.0044075,0.58894923
1,1764,0.882,0.0,0.00441,0.58926038
1,1765,0.882,0.0,0.0044125,0.58957147
1,1766,0.883,0.0,0.004415,0.58988253
1,1767,0.883,0.0,0.0044175,0.59019354
1,1768,0.884,0.0,0.00442,0.59050451
1,1769,0.884,0.0,0.0044225,0.59081544
1,1770,0.885,0.0,0.004425,0.59112633
1,1771,0.885,0.0,0.0044275,0.59143717
1,1772,0.886,0.0,0.00443,0.59174796
1,1773,0.886,0.0,0.0044325,0.59205872
1,1774,0.887,0.0,0.004435,0.59236943
1,1775,0.887,0.0,0.0044375,0.5926801
1,1776,0.888,0.0,0.00444,0.59299072
1,1777,0.888,0.0,0.0044425,0.5933013
1,1778,0.889,0.0,0.004445,0.59361184
1,1779,0.889,0.0,0.0044475,0.59392234
1,1780,0.89,0.0,0.00445,0.59423279
1,1781,0.89,0.0,0.0044525,0.59454319
1,1782,0.891,0.0,0.004455,0.59485356
1,1783,0.891,0.0,0.0044575,0.59516388
1,1784,0.892,0.0,0.00446,0.59547415
1,1785,0.892,0.0,0.0044625,0.59578439
1,1786,0.893,0.0,0.004465,0.59609457
1,1787,0.893,0.0,0.0044675,0.59640472
1,1788,0.894,0.0,0.00447,0.59671482
1,1789,0.894,0.0,0.0044725,0.59702487
1,1790,0.895,0.0,0.004475,0.59733489
1,1791,0.895,0.0,0.0044775,0.59764486
1,1792,0.896,0.0,0.00448,0.59795478
1,1793,0.896,0.0,0.0044825,0.59826466
1,1794,0.897,0.0,0.004485,0.5985745
1,1795,0.897,0.0,0.0044875,0.59888429
1,1796,0.898,0.0,0.00449,0.59919403
1,1797,0.898,0.0,0.0044925,0.59950374
1,1798,0.899,0.0,0.004495,0.59981339
1,1799,0.899,0.0,0.0044975,0.60012301
1,1800,0.9,0.0,0.0045,0.60043258
1,1801,0.9,0.0,0.0045025,0.6007421
1,1802,0.901,0.0,0.004505,0.60105158
1,1803,0.901,0.0,0.0045075,0.60136102
1,1804,0.902,0.0,0.00451,0.60167041
1,1805,0.902,0.0,0.0045125,0.60197975
1,1806,0.903,0.0,0.004515,0.60228905
1,1807,0.903,0.0,0.0045175,0.60259831
1,1808,0.904,0.0,0.00452,0.60290752
1,1809,0.904,0.0,0.0045225,0.60321668
1,1810,0.905,0.0,0.004525,0.60352581
1,1811,0.905,0.0,0.0045275,0.60383488
1,1812,0.906,0.0,0.00453,0.60414391
1,1813,0.906,0.0,0.0045325,0.6044529
1,1814,0.907,0.0,0.004535,0.60476184
1,1815,0.907,0.0,0.0045375,0.60507073
1,1816,0.908,0.0,0.00454,0.60537958
1,1817,0.908,0.0,0.0045425,0.60568838
1,1818,0.909,0.0,0.004545,0.60599714
1,1819,0.909,0.0,0.0045475,0.60630585
1,1820,0.91,0.0,0.00455,0.60661452
1,1821,0.91,0.0,0.0045525,0.60692314
1,1822,0.911,0.0,0.004555,0.60723172
1,1823,0.911,0.0,0.0045575,0.60754025
1,1824,0.912,0.0,0.00456,0.60784873
1,1825,0.912,0.0,0.0045625,0.60815717
1,1826,0.913,0.0,0.004565,0.60846556
1,1827,0.913,0.0,0.0045675,0.60877391
1,1828,0.914,0.0,0.00457,0.60908221
1,1829,0.914,0.0,0.0045725,0.60939046
1,1830,0.915,0.0,0.004575,0.60969867
1,1831,0.915,0.0,0.0045775,0.61000683
1,1832,0.916,0.0,0.00458,0.61031494
1,1833,0.916,0.0,0.0045825,0.61062301
1,1834,0.917,0.0,0.004585,0.61093104
1,1835,0.917,0.0,0.0045875,0.61123901
1,1836,0.918,0.0,0.00459,0.61154694
1,1837,0.918,0.0,0.0045925,0.61185482
1,1838,0.919,0.0,0.004595,0.61216266
1,1839,0.919,0.0,0.0045975,0.61247045
1,1840,0.92,0.0,0.0046,0.61277819
1,1841,0.92,0.0,0.0046025,0.61308589
1,1842,0.921,0.0,0.004605,0.61339354
1,1843,0.921,0.0,0.0046075,0.61370114
1,1844,0.922,0.0,0.00461,0.61400869
1,1845,0.922,0.0,0.0046125,0.6143162
1,1846,0.923,0.0,0.004615,0.61462366
1,1847,0.923,0.0,0.0046175,0.61493108
1,1848,0.924,0.0,0.00462,0.61523844
1,1849,0.924,0.0,0.0046225,0.61554576
1,1850,0.925,0.0,0.004625,0.61585303
1,1851,0.925,0.0,0.0046275,0.61616026
1,1852,0.926,0.0,0.00463,0.61646744
1,1853,0.926,0.0,0.0046325,0.61677457
1,1854,0.927,0.0,0.004635,0.61708165
1,1855,0.927,0.0,0.0046375,0.61738868
1,1856,0.928,0.0,0.00464,0.61769567
1,1857,0.928,0.0,0.0046425,0.61800261
1,1858,0.929,0.0,0.004645,0.6183095
1,1859,0.929,0.0,0.0046475,0.61861634
1,1860,0.93,0.0,0.00465,0.61892313
1,1861,0.93,0.0,0.0046525,0.61922988
1,1862,0.931,0.0,0.004655,0.61953658
1,1863,0.931,0.0,0.0046575,0.61984323
1,1864,0.932,0.0,0.00466,0.62014983
1,1865,0.932,0.0,0.0046625,0.62045639
1,1866,0.933,0.0,0.004665,0.62076289
1,1867,0.933,0.0,0.0046675,0.62106935
1,1868,0.934,0.0,0.00467,0.62137576
1,1869,0.934,0.0,0.0046725,0.62168212
1,1870,0.935,0.0,0.004675,0.62198843
1,1871,0.935,0.0,0.0046775,0.62229469
1,1872,0.936,0.0,0.00468,0.62260091
1,1873,0.936,0.0,0.0046825,0.62290707
1,1874,0.937,0.0,0.004685,0.62321319
1,1875,0.937,0.0,0.0046875,0.62351926
1,1876,0.938,0.0,0.00469,0.62382528
1,1877,0.938,0.0,0.0046925,0.62413125
1,1878,0.939,0.0,0.004695,0.62443717
1,1879,0.939,0.0,0.0046975,0.62474304
1,1880,0.94,0.0,0.0047,0.62504886
1,1881,0.94,0.0,0.0047025,0.62535463
1,1882,0.941,0.0,0.004705,0.62566035
1,1883,0.941,0.0,0.0047075,0.62596603
1,1884,0.942,0.0,0.00471,0.62627165
1,1885,0.942,0.0,0.0047125,0.62657723
1,1886,0.943,0.0,0.004715,0.62688275
1,1887,0.943,0.0,0.0047175,0.62718823
1,1888,0.944,0.0,0.00472,0.62749365
1,1889,0.944,0.0,0.0047225,0.62779903
1,1890,0.945,0.0,0.004725,0.62810435
1,1891,0.945,0.0,0.0047275,0.62840963
1,1892,0.946,0.0,0.00473,0.62871485
1,1893,0.946,0.0,0.0047325,0.62902002
1,1894,0.947,0.0,0.004735,0.62932515
1,1895,0.947,0.0,0.0047375,0.62963022
1,1896,0.948,0.0,0.00474,0.62993525
1,1897,0.948,0.0,0.0047425,0.63024022
1,1898,0.949,0.0,0.004745,0.63054514
1,1899,0.949,0.0,0.0047475,0.63085001
1,1900,0.95,0.0,0.00475,0.63115483
1,1901,0.95,0.0,0.0047525,0.6314596
1,1902,0.951,0.0,0.004755,0.63176432
1,1903,0.951,0.0,0.0047575,0.63206899
1,1904,0.952,0.0,0.00476,0.63237361
1,1905,0.952,0.0,0.0047625,0.63267818
1,1906,0.953,0.0,0.004765,0.63298269
1,1907,0.953,0.0,0.0047675,0.63328715
1,1908,0.954,0.0,0.00477,0.63359157
1,1909,0.954,0.0,0.0047725,0.63389593
1,1910,0.955,0.0,0.004775,0.63420024
1,1911,0.955,0.0,0.0047775,0.63450449
1,1912,0.956,0.0,0.00478,0.6348087
1,1913,0.956,0.0,0.0047825,0.63511286
1,1914,0.957,0.0,0.004785,0.63541696
1,1915,0.957,0.0,0.0047875,0.63572101
1,1916,0.958,0.0,0.00479,0.63602501
1,1917,0.958,0.0,0.0047925,0.63632895
1,1918,0.959,0.0,0.004795,0.63663285
1,1919,0.959,0.0,0.0047975,0.63693669
1,1920,0.96,0.0,0.0048,0.63724048
1,1921,0.96,0.0,0.0048025,0.63754422
1,1922,0.961,0.0,0.004805,0.6378479
1,1923,0.961,0.0,0.0048075,0.63815154
1,1924,0.962,0.0,0.00481,0.63845512
1,1925,0.962,0.0,0.0048125,0.63875864
1,1926,0.963,0.0,0.004815,0.63906212
1,1927,0.963,0.0,0.0048175,0.63936554
1,1928,0.964,0.0,0.00482,0.63966891
1,1929,0.964,0.0,0.0048225,0.63997222
1,1930,0.965,0.0,0.004825,0.64027548
1,1931,0.965,0.0,0.0048275,0.64057869
1,1932,0.966,0.0,0.00483,0.64088185
1,1933,0.966,0.0,0.0048325,0.64118495
1,1934,0.967,0.0,0.004835,0.641488
1,1935,0.967,0.0,0.0048375,0.641791
1,1936,0.968,0.0,0.00484,0.64209394
1,1937,0.968,0.0,0.0048425,0.64239682
1,1938,0.969,0.0,0.004845,0.64269966
1,1939,0.969,0.0,0.0048475,0.64300244
1,1940,0.97,0.0,0.00485,0.64330516
1,1941,0.97,0.0,0.0048525,0.64360784
1,1942,0.971,0.0,0.004855,0.64391045
1,1943,0.971,0.0,0.0048575,0.64421302
1,1944,0.972,0.0,0.00486,0.64451552
1,1945,0.972,0.0,0.0048625,0.64481798
1,1946,0.973,0.0,0.004865,0.64512038
1,1947,0.973,0.0,0.0048675,0.64542272
1,1948,0.974,0.0,0.00487,0.64572501
1,1949,0.974,0.0,0.0048725,0.64602725
1,1950,0.975,0.0,0.004875,0.64632943
1,1951,0.975,0.0,0.0048775,0.64663155
1,1952,0.976,0.0,0.00488,0.64693362
1,1953,0.976,0.0,0.0048825,0.64723564
1,1954,0.977,0.0,0.004885,0.6475376
1,1955,0.977,0.0,0.0048875,0.6478395
1,1956,0.978,0.0,0.00489,0.64814135
1,1957,0.978,0.0,0.0048925,0.64844314
1,1958,0.979,0.0,0.004895,0.64874488
1,1959,0.979,0.0,0.0048975,0.64904656
1,1960,0.98,0.0,0.0049,0.64934818
1,1961,0.98,0.0,0.0049025,0.64964975
1,1962,0.981,0.0,0.004905,0.64995126
1,1963,0.981,0.0,0.0049075,0.65025272
1,1964,0.982,0.0,0.00491,0.65055412
1,1965,0.982,0.0,0.0049125,0.65085546
1,1966,0.983,0.0,0.004915,0.65115675
1,1967,0.983,0.0,0.0049175,0.65145798
1,1968,0.984,0.0,0.00492,0.65175915
1,1969,0.984,0.0,0.0049225,0.65206027
1,1970,0.985,0.0,0.004925,0.65236133
1,1971,0.985,0.0,0.0049275,0.65266233
1,1972,0.986,0.0,0.00493,0.65296327
1,1973,0.986,0.0,0.0049325,0.65326416
1,1974,0.987,0.0,0.004935,0.65356499
1,1975,0.987,0.0,0.0049375,0.65386576
1,1976,0.988,0.0,0.00494,0.65416648
1,1977,0.988,0.0,0.0049425,0.65446713
1,1978,0.989,0.0,0.004945,0.65476773
1,1979,0.989,0.0,0.0049475,0.65506827
1,1980,0.99,0.0,0.00495,0.65536875
1,1981,0.99,0.0,0.0049525,0.65566918
1,1982,0.991,0.0,0.004955,0.65596954
1,1983,0.991,0.0,0.0049575,0.65626985
1,1984,0.992,0.0,0.00496,0.6565701
1,1985,0.992,0.0,0.0049625,0.65687029
1,1986,0.993,0.0,0.004965,0.65717042
1,1987,0.993,0.0,0.0049675,0.65747049
1,1988,0.994,0.0,0.00497,0.6577705
1,1989,0.994,0.0,0.0049725,0.65807046
1,1990,0.995,0.0,0.004975,0.65837035
1,1991,0.995,0.0,0.0049775,0.65867019
1,1992,0.996,0.0,0.00498,0.65896996
1,1993,0.996,0.0,0.0049825,0.65926968
1,1994,0.997,0.0,0.004985,0.65956933
1,1995,0.997,0.0,0.0049875,0.65986893
1,1996,0.998,0.0,0.00499,0.66016846
1,1997,0.998,0.0,0.0049925,0.66046794
1,1998,0.999,0.0,0.004995,0.66076735
1,1999,0.999,0.0,0.0049975,0.6610667
1,2000,1.0,0.0,0.005,0.661366
1,1,1.0,0.0,0.005001,0.66149775
1,2,1.0,0.0,0.005002,0.66160855
1,3,1.0,0.0,0.005003,0.66172642
1,4,1.0,0.0,0.005004,0.66184471
1,5,1.0,0.0,0.005005,0.66196368
1,6,1.0,0.0,0.005006,0.6620833
1,7,1.0,0.0,0.005007,0.66220327
1,8,1.0,0.0,0.005008,0.66232326
1,9,1.0,0.0,0.005009,0.66244309
1,10,1.0,0.0,0.00501,0.66256274
1,11,1.0,0.0,0.005011,0.66268226
1,12,1.0,0.0,0.005012,0.66280176
1,13,1.0,0.0,0.005013,0.66292128
1,14,1.0,0.0,0.005014,0.66304084
1,15,1.0,0.0,0.005015,0.66316042
1,16,1.0,0.0,0.005016,0.66328
1,17,1.0,0.0,0.005017,0.66339956
1,18,1.0,0.0,0.005018,0.6635191
1,19,1.0,0.0,0.005019,0.66363862
1,20,1.0,0.0,0.00502,0.66375813
1,21,1.0,0.0,0.005021,0.66387762
1,22,1.0,0.0,0.005022,0.66399712
1,23,1.0,0.0,0.005023,0.6641166
1,24,1.0,0.0,0.005024,0.66423608
1,25,1.0,0.0,0.005025,0.66435554
1,26,1.0,0.0,0.005026,0.664475
1,27,1.0,0.0,0.005027,0.66459444
1,28,1.0,0.0,0.005028,0.66471388
1,29,1.0,0.0,0.005029,0.6648333
1,30,1.0,0.0,0.00503,0.66495271
1,31,1.0,0.0,0.005031,0.66507212
1,32,1.0,0.0,0.005032,0.66519151
1,33,1.0,0.0,0.005033,0.6653109
1,34,1.0,0.0,0.005034,0.66543027
1,35,1.0,0.0,0.005035,0.66554964
1,36,1.0,0.0,0.005036,0.66566899
1,37,1.0,0.0,0.005037,0.66578833
1,38,1.0,0.0,0.005038,0.66590767
1,39,1.0,0.0,0.005039,0.66602699
1,40,1.0,0.0,0.00504,0.66614631
1,41,1.0,0.0,0.005041,0.66626561
1,42,1.0,0.0,0.005042,0.6663849
1,43,1.0,0.0,0.005043,0.66650419
1,44,1.0,0.0,0.005044,0.66662346
1,45,1.0,0.0,0.005045,0.66674272
1,46,1.0,0.0,0.005046,0.66686198
1,47,1.0,0.0,0.005047,0.66698122
1,48,1.0,0.0,0.005048,0.66710045
1,49,1.0,0.0,0.005049,0.66721968
1,50,1.0,0.0,0.00505,0.66733889
1,51,1.0,0.0,0.005051,0.66745809
1,52,1.0,0.0,0.005052,0.66757728
1,53,1.0,0.0,0.005053,0.66769646
1,54,1.0,0.0,0.005054,0.66781564
1,55,1.0,0.0,0.005055,0.6679348
1,56,1.0,0.0,0.005056,0.66805395
1,57,1.0,0.0,0.005057,0.66817309
1,58,1.0,0.0,0.005058,0.66829222
1,59,1.0,0.0,0.005059,0.66841134
1,60,1.0,0.0,0.00506,0.66853045
1,61,1.0,0.0,0.005061,0.66864955
1,62,1.0,0.0,0.005062,0.66876864
1,63,1.0,0.0,0.005063,0.66888772
1,64,1.0,0.0,0.005064,0.66900679
1,65,1.0,0.0,0.005065,0.66912585
1,66,1.0,0.0,0.005066,0.6692449
1,67,1.0,0.0,0.005067,0.66936393
1,68,1.0,0.0,0.005068,0.66948296
1,69,1.0,0.0,0.005069,0.66960198
1,70,1.0,0.0,0.00507,0.66972099
1,71,1.0,0.0,0.005071,0.66983998
1,72,1.0,0.0,0.005072,0.66995897
1,73,1.0,0.0,0.005073,0.67007794
1,74,1.0,0.0,0.005074,0.67019691
1,75,1.0,0.0,0.005075,0.67031586
1,76,1.0,0.0,0.005076,0.67043481
1,77,1.0,0.0,0.005077,0.67055374
1,78,1.0,0.0,0.005078,0.67067267
1,79,1.0,0.0,0.005079,0.67079158
1,80,1.0,0.0,0.00508,0.67091048
1,81,1.0,0.0,0.005081,0.67102937
1,82,1.0,0.0,0.005082,0.67114826
1,83,1.0,0.0,0.005083,0.67126713
1,84,1.0,0.0,0.005084,0.67138599
1,85,1.0,0.0,0.005085,0.67150484
1,86,1.0,0.0,0.005086,0.67162368
1,87,1.0,0.0,0.005087,0.6717425
1,88,1.0,0.0,0.005088,0.67186132
1,89,1.0,0.0,0.005089,0.67198013
1,90,1.0,0.0,0.00509,0.67209893
1,91,1.0,0.0,0.005091,0.67221771
1,92,1.0,0.0,0.005092,0.67233649
1,93,1.0,0.0,0.005093,0.67245525
1,94,1.0,0.0,0.005094,0.67257401
1,95,1.0,0.0,0.005095,0.67269275
1,96,1.0,0.0,0.005096,0.67281149
1,97,1.0,0.0,0.005097,0.67293021
1,98,1.0,0.0,0.005098,0.67304892
1,99,1.0,0.0,0.005099,0.67316762
1,100,1.0,0.0,0.0051,0.67328631
1,101,1.0,0.0,0.005101,0.67340499
1,102,1.0,0.0,0.005102,0.67352366
1,103,1.0,0.0,0.005103,0.67364232
1,104,1.0,0.0,0.005104,0.67376097
1,105,1.0,0.0,0.005105,0.6738796
1,106,1.0,0.0,0.005106,0.67399823
1,107,1.0,0.0,0.005107,0.67411684
1,108,1.0,0.0,0.005108,0.67423545
1,109,1.0,0.0,0.005109,0.67435404
1,110,1.0,0.0,0.00511,0.67447262
1,111,1.0,0.0,0.005111,0.67459119
1,112,1.0,0.0,0.005112,0.67470976
1,113,1.0,0.0,0.005113,0.67482831
1,114,1.0,0.0,0.005114,0.67494684
1,115,1.0,0.0,0.005115,0.67506537
1,116,1.0,0.0,0.005116,0.67518389
1,117,1.0,0.0,0.005117,0.6753024
1,118,1.0,0.0,0.005118,0.67542089
1,119,1.0,0.0,0.005119,0.67553938
1,120,1.0,0.0,0.00512,0.67565785
1,121,1.0,0.0,0.005121,0.67577631
1,122,1.0,0.0,0.005122,0.67589476
1,123,1.0,0.0,0.005123,0.6760132
1,124,1.0,0.0,0.005124,0.67613163
1,125,1.0,0.0,0.005125,0.67625005
1,126,1.0,0.0,0.005126,0.67636846
1,127,1.0,0.0,0.005127,0.67648686
1,128,1.0,0.0,0.005128,0.67660524
1,129,1.0,0.0,0.005129,0.67672362
1,130,1.0,0.0,0.00513,0.67684198
1,131,1.0,0.0,0.005131,0.67696033
1,132,1.0,0.0,0.005132,0.67707867
1,133,1.0,0.0,0.005133,0.677197
1,134,1.0,0.0,0.005134,0.67731532
1,135,1.0,0.0,0.005135,0.67743363
1,136,1.0,0.0,0.005136,0.67755193
1,137,1.0,0.0,0.005137,0.67767021
1,138,1.0,0.0,0.005138,0.67778849
1,139,1.0,0.0,0.005139,0.67790675
1,140,1.0,0.0,0.00514,0.678025
1,141,1.0,0.0,0.005141,0.67814324
1,142,1.0,0.0,0.005142,0.67826147
1,143,1.0,0.0,0.005143,0.67837969
1,144,1.0,0.0,0.005144,0.67849789
1,145,1.0,0.0,0.005145,0.67861609
1,146,1.0,0.0,0.005146,0.67873427
1,147,1.0,0.0,0.005147,0.67885245
1,148,1.0,0.0,0.005148,0.67897061
1,149,1.0,0.0,0.005149,0.67908876
1,150,1.0,0.0,0.00515,0.6792069
1,151,1.0,0.0,0.005151,0.67932502
1,152,1.0,0.0,0.005152,0.67944314
1,153,1.0,0.0,0.005153,0.67956125
1,154,1.0,0.0,0.005154,0.67967934
1,155,1.0,0.0,0.005155,0.67979742
1,156,1.0,0.0,0.005156,0.67991549
1,157,1.0,0.0,0.005157,0.68003355
1,158,1.0,0.0,0.005158,0.6801516
1,159,1.0,0.0,0.005159,0.68026963
1,160,1.0,0.0,0.00516,0.68038766
1,161,1.0,0.0,0.005161,0.68050567
1,162,1.0,0.0,0.005162,0.68062367
1,163,1.0,0.0,0.005163,0.68074166
1,164,1.0,0.0,0.005164,0.68085964
1,165,1.0,0.0,0.005165,0.68097761
1,166,1.0,0.0,0.005166,0.68109556
1,167,1.0,0.0,0.005167,0.68121351
1,168,1.0,0.0,0.005168,0.68133144
1,169,1.0,0.0,0.005169,0.68144936
1,170,1.0,0.0,0.00517,0.68156727
1,171,1.0,0.0,0.005171,0.68168517
1,172,1.0,0.0,0.005172,0.68180305
1,173,1.0,0.0,0.005173,0.68192093
1,174,1.0,0.0,0.005174,0.68203879
1,175,1.0,0.0,0.005175,0.68215664
1,176,1.0,0.0,0.005176,0.68227448
1,177,1.0,0.0,0.005177,0.6823923
1,178,1.0,0.0,0.005178,0.68251012
1,179,1.0,0.0,0.005179,0.68262792
1,180,1.0,0.0,0.00518,0.68274571
1,181,1.0,0.0,0.005181,0.68286349
1,182,1.0,0.0,0.005182,0.68298126
1,183,1.0,0.0,0.005183,0.68309902
1,184,1.0,0.0,0.005184,0.68321676
1,185,1.0,0.0,0.005185,0.68333449
1,186,1.0,0.0,0.005186,0.68345221
1,187,1.0,0.0,0.005187,0.68356992
1,188,1.0,0.0,0.005188,0.68368762
1,189,1.0,0.0,0.005189,0.6838053
1,190,1.0,0.0,0.00519,0.68392298
1,191,1.0,0.0,0.005191,0.68404064
1,192,1.0,0.0,0.005192,0.68415829
1,193,1.0,0.0,0.005193,0.68427592
1,194,1.0,0.0,0.005194,0.68439355
1,195,1.0,0.0,0.005195,0.68451116
1,196,1.0,0.0,0.005196,0.68462876
1,197,1.0,0.0,0.005197,0.68474635
1,198,1.0,0.0,0.005198,0.68486393
1,199,1.0,0.0,0.005199,0.68498149
1,200,1.0,0.0,0.0052,0.68509904
1,201,1.0,0.0,0.005201,0.68521658
1,202,1.0,0.0,0.005202,0.68533411
1,203,1.0,0.0,0.005203,0.68545163
1,204,1.0,0.0,0.005204,0.68556913
1,205,1.0,0.0,0.005205,0.68568662
1,206,1.0,0.0,0.005206,0.6858041
1,207,1.0,0.0,0.005207,0.68592157
1,208,1.0,0.0,0.005208,0.68603903
1,209,1.0,0.0,0.005209,0.68615647
1,210,1.0,0.0,0.00521,0.6862739
1,211,1.0,0.0,0.005211,0.68639132
1,212,1.0,0.0,0.005212,0.68650872
1,213,1.0,0.0,0.005213,0.68662611
1,214,1.0,0.0,0.005214,0.6867435
1,215,1.0,0.0,0.005215,0.68686086
1,216,1.0,0.0,0.005216,0.68697822
1,217,1.0,0.0,0.005217,0.68709556
1,218,1.0,0.0,0.005218,0.6872129
1,219,1.0,0.0,0.005219,0.68733021
1,220,1.0,0.0,0.00522,0.68744752
1,221,1.0,0.0,0.005221,0.68756481
1,222,1.0,0.0,0.005222,0.6876821
1,223,1.0,0.0,0.005223,0.68779936
1,224,1.0,0.0,0.005224,0.68791662
1,225,1.0,0.0,0.005225,0.68803386
1,226,1.0,0.0,0.005226,0.6881511
1,227,1.0,0.0,0.005227,0.68826831
1,228,1.0,0.0,0.005228,0.68838552
1,229,1.0,0.0,0.005229,0.68850271
1,230,1.0,0.0,0.00523,0.68861989
1,231,1.0,0.0,0.005231,0.68873706
1,232,1.0,0.0,0.005232,0.68885422
1,233,1.0,0.0,0.005233,0.68897136
1,234,1.0,0.0,0.005234,0.68908849
1,235,1.0,0.0,0.005235,0.68920561
1,236,1.0,0.0,0.005236,0.68932271
1,237,1.0,0.0,0.005237,0.6894398
1,238,1.0,0.0,0.005238,0.68955688
1,239,1.0,0.0,0.005239,0.68967395
1,240,1.0,0.0,0.00524,0.689791
1,241,1.0,0.0,0.005241,0.68990804
1,242,1.0,0.0,0.005242,0.69002507
1,243,1.0,0.0,0.005243,0.69014208
1,244,1.0,0.0,0.005244,0.69025908
1,245,1.0,0.0,0.005245,0.69037607
1,246,1.0,0.0,0.005246,0.69049304
1,247,1.0,0.0,0.005247,0.69061001
1,248,1.0,0.0,0.005248,0.69072696
1,249,1.0,0.0,0.005249,0.69084389
1,250,1.0,0.0,0.00525,0.69096082
1,251,1.0,0.0,0.005251,0.69107773
1,252,1.0,0.0,0.005252,0.69119462
1,253,1.0,0.0,0.005253,0.69131151
1,254,1.0,0.0,0.005254,0.69142838
1,255,1.0,0.0,0.005255,0.69154524
1,256,1.0,0.0,0.005256,0.69166208
1,257,1.0,0.0,0.005257,0.69177891
1,258,1.0,0.0,0.005258,0.69189573
1,259,1.0,0.0,0.005259,0.69201253
1,260,1.0,0.0,0.00526,0.69212932
1,261,1.0,0.0,0.005261,0.6922461
1,262,1.0,0.0,0.005262,0.69236287
1,263,1.0,0.0,0.005263,0.69247962
1,264,1.0,0.0,0.005264,0.69259636
1,265,1.0,0.0,0.005265,0.69271308
1,266,1.0,0.0,0.005266,0.69282979
1,267,1.0,0.0,0.005267,0.69294649
1,268,1.0,0.0,0.005268,0.69306317
1,269,1.0,0.0,0.005269,0.69317985
1,270,1.0,0.0,0.00527,0.6932965
1,271,1.0,0.0,0.005271,0.69341315
1,272,1.0,0.0,0.005272,0.69352978
1,273,1.0,0.0,0.005273,0.69364639
1,274,1.0,0.0,0.005274,0.693763
1,275,1.0,0.0,0.005275,0.69387959
1,276,1.0,0.0,0.005276,0.69399616
1,277,1.0,0.0,0.005277,0.69411272
1,278,1.0,0.0,0.005278,0.69422927
1,279,1.0,0.0,0.005279,0.69434581
1,280,1.0,0.0,0.00528,0.69446233
1,281,1.0,0.0,0.005281,0.69457884
1,282,1.0,0.0,0.005282,0.69469533
1,283,1.0,0.0,0.005283,0.69481181
1,284,1.0,0.0,0.005284,0.69492827
1,285,1.0,0.0,0.005285,0.69504473
1,286,1.0,0.0,0.005286,0.69516116
1,287,1.0,0.0,0.005287,0.69527759
1,288,1.0,0.0,0.005288,0.695394
1,289,1.0,0.0,0.005289,0.69551039
1,290,1.0,0.0,0.00529,0.69562678
1,291,1.0,0.0,0.005291,0.69574314
1,292,1.0,0.0,0.005292,0.6958595
1,293,1.0,0.0,0.005293,0.69597584
1,294,1.0,0.0,0.005294,0.69609216
1,295,1.0,0.0,0.005295,0.69620848
1,296,1.0,0.0,0.005296,0.69632477
1,297,1.0,0.0,0.005297,0.69644106
1,298,1.0,0.0,0.005298,0.69655733
1,299,1.0,0.0,0.005299,0.69667358
1,300,1.0,0.0,0.0053,0.69678982
1,301,1.0,0.0,0.005301,0.69690605
1,302,1.0,0.0,0.005302,0.69702226
1,303,1.0,0.0,0.005303,0.69713846
1,304,1.0,0.0,0.005304,0.69725464
1,305,1.0,0.0,0.005305,0.69737081
1,306,1.0,0.0,0.005306,0.69748697
1,307,1.0,0.0,0.005307,0.69760311
1,308,1.0,0.0,0.005308,0.69771923
1,309,1.0,0.0,0.005309,0.69783534
1,310,1.0,0.0,0.00531,0.69795144
1,311,1.0,0.0,0.005311,0.69806752
1,312,1.0,0.0,0.005312,0.69818359
1,313,1.0,0.0,0.005313,0.69829964
1,314,1.0,0.0,0.005314,0.69841568
1,315,1.0,0.0,0.005315,0.6985317
1,316,1.0,0.0,0.005316,0.69864771
1,317,1.0,0.0,0.005317,0.69876371
1,318,1.0,0.0,0.005318,0.69887969
1,319,1.0,0.0,0.005319,0.69899565
1,320,1.0,0.0,0.00532,0.6991116
1,321,1.0,0.0,0.005321,0.69922753
1,322,1.0,0.0,0.005322,0.69934345
1,323,1.0,0.0,0.005323,0.69945936
1,324,1.0,0.0,0.005324,0.69957525
1,325,1.0,0.0,0.005325,0.69969112
1,326,1.0,0.0,0.005326,0.69980698
1,327,1.0,0.0,0.005327,0.69992283
1,328,1.0,0.0,0.005328,0.70003866
1,329,1.0,0.0,0.005329,0.70015447
1,330,1.0,0.0,0.00533,0.70027027
1,331,1.0,0.0,0.005331,0.70038606
1,332,1.0,0.0,0.005332,0.70050183
1,333,1.0,0.0,0.005333,0.70061758
1,334,1.0,0.0,0.005334,0.70073332
1,335,1.0,0.0,0.005335,0.70084904
1,336,1.0,0.0,0.005336,0.70096475
1,337,1.0,0.0,0.005337,0.70108044
1,338,1.0,0.0,0.005338,0.70119612
1,339,1.0,0.0,0.005339,0.70131178
1,340,1.0,0.0,0.00534,0.70142743
1,341,1.0,0.0,0.005341,0.70154306
1,342,1.0,0.0,0.005342,0.70165867
1,343,1.0,0.0,0.005343,0.70177427
1,344,1.0,0.0,0.005344,0.70188986
1,345,1.0,0.0,0.005345,0.70200543
1,346,1.0,0.0,0.005346,0.70212098
1,347,1.0,0.0,0.005347,0.70223652
1,348,1.0,0.0,0.005348,0.70235204
1,349,1.0,0.0,0.005349,0.70246754
1,350,1.0,0.0,0.00535,0.70258303
1,351,1.0,0.0,0.005351,0.70269851
1,352,1.0,0.0,0.005352,0.70281397
1,353,1.0,0.0,0.005353,0.70292941
1,354,1.0,0.0,0.005354,0.70304483
1,355,1.0,0.0,0.005355,0.70316024
1,356,1.0,0.0,0.005356,0.70327564
1,357,1.0,0.0,0.005357,0.70339102
1,358,1.0,0.0,0.005358,0.70350638
1,359,1.0,0.0,0.005359,0.70362172
1,360,1.0,0.0,0.00536,0.70373705
1,361,1.0,0.0,0.005361,0.70385237
1,362,1.0,0.0,0.005362,0.70396766
1,363,1.0,0.0,0.005363,0.70408294
1,364,1.0,0.0,0.005364,0.70419821
1,365,1.0,0.0,0.005365,0.70431346
1,366,1.0,0.0,0.005366,0.70442869
1,367,1.0,0.0,0.005367,0.7045439
1,368,1.0,0.0,0.005368,0.7046591
1,369,1.0,0.0,0.005369,0.70477428
1,370,1.0,0.0,0.00537,0.70488945
1,371,1.0,0.0,0.005371,0.7050046
1,372,1.0,0.0,0.005372,0.70511973
1,373,1.0,0.0,0.005373,0.70523484
1,374,1.0,0.0,0.005374,0.70534994
1,375,1.0,0.0,0.005375,0.70546502
1,376,1.0,0.0,0.005376,0.70558009
1,377,1.0,0.0,0.005377,0.70569514
1,378,1.0,0.0,0.005378,0.70581017
1,379,1.0,0.0,0.005379,0.70592518
1,380,1.0,0.0,0.00538,0.70604018
1,381,1.0,0.0,0.005381,0.70615516
1,382,1.0,0.0,0.005382,0.70627012
1,383,1.0,0.0,0.005383,0.70638507
1,384,1.0,0.0,0.005384,0.7065
1,385,1.0,0.0,0.005385,0.70661491
1,386,1.0,0.0,0.005386,0.7067298
1,387,1.0,0.0,0.005387,0.70684468
1,388,1.0,0.0,0.005388,0.70695954
1,389,1.0,0.0,0.005389,0.70707438
1,390,1.0,0.0,0.00539,0.70718921
1,391,1.0,0.0,0.005391,0.70730401
1,392,1.0,0.0,0.005392,0.7074188
1,393,1.0,0.0,0.005393,0.70753357
1,394,1.0,0.0,0.005394,0.70764833
1,395,1.0,0.0,0.005395,0.70776306
1,396,1.0,0.0,0.005396,0.70787778
1,397,1.0,0.0,0.005397,0.70799248
1,398,1.0,0.0,0.005398,0.70810717
1,399,1.0,0.0,0.005399,0.70822183
1,400,1.0,0.0,0.0054,0.70833648
1,401,1.0,0.0,0.005401,0.70845111
1,402,1.0,0.0,0.005402,0.70856572
1,403,1.0,0.0,0.005403,0.70868031
1,404,1.0,0.0,0.005404,0.70879489
1,405,1.0,0.0,0.005405,0.70890945
1,406,1.0,0.0,0.005406,0.70902398
1,407,1.0,0.0,0.005407,0.7091385
1,408,1.0,0.0,0.005408,0.70925301
1,409,1.0,0.0,0.005409,0.70936749
1,410,1.0,0.0,0.00541,0.70948196
1,411,1.0,0.0,0.005411,0.7095964
1,412,1.0,0.0,0.005412,0.70971083
1,413,1.0,0.0,0.005413,0.70982524
1,414,1.0,0.0,0.005414,0.70993963
1,415,1.0,0.0,0.005415,0.710054
1,416,1.0,0.0,0.005416,0.71016835
1,417,1.0,0.0,0.005417,0.71028269
1,418,1.0,0.0,0.005418,0.710397
1,419,1.0,0.0,0.005419,0.7105113
1,420,1.0,0.0,0.00542,0.71062558
1,421,1.0,0.0,0.005421,0.71073984
1,422,1.0,0.0,0.005422,0.71085408
1,423,1.0,0.0,0.005423,0.7109683
1,424,1.0,0.0,0.005424,0.7110825
1,425,1.0,0.0,0.005425,0.71119668
1,426,1.0,0.0,0.005426,0.71131084
1,427,1.0,0.0,0.005427,0.71142498
1,428,1.0,0.0,0.005428,0.71153911
1,429,1.0,0.0,0.005429,0.71165321
1,430,1.0,0.0,0.00543,0.71176729
1,431,1.0,0.0,0.005431,0.71188136
1,432,1.0,0.0,0.005432,0.7119954
1,433,1.0,0.0,0.005433,0.71210943
1,434,1.0,0.0,0.005434,0.71222343
1,435,1.0,0.0,0.005435,0.71233741
1,436,1.0,0.0,0.005436,0.71245138
1,437,1.0,0.0,0.005437,0.71256532
1,438,1.0,0.0,0.005438,0.71267925
1,439,1.0,0.0,0.005439,0.71279315
1,440,1.0,0.0,0.00544,0.71290704
1,441,1.0,0.0,0.005441,0.7130209
1,442,1.0,0.0,0.005442,0.71313474
1,443,1.0,0.0,0.005443,0.71324857
1,444,1.0,0.0,0.005444,0.71336237
1,445,1.0,0.0,0.005445,0.71347615
1,446,1.0,0.0,0.005446,0.71358991
1,447,1.0,0.0,0.005447,0.71370365
1,448,1.0,0.0,0.005448,0.71381737
1,449,1.0,0.0,0.005449,0.71393107
1,450,1.0,0.0,0.00545,0.71404475
1,451,1.0,0.0,0.005451,0.7141584
1,452,1.0,0.0,0.005452,0.71427204
1,453,1.0,0.0,0.005453,0.71438565
1,454,1.0,0.0,0.005454,0.71449924
1,455,1.0,0.0,0.005455,0.71461281
1,456,1.0,0.0,0.005456,0.71472636
1,457,1.0,0.0,0.005457,0.71483989
1,458,1.0,0.0,0.005458,0.7149534
1,459,1.0,0.0,0.005459,0.71506688
1,460,1.0,0.0,0.00546,0.71518035
1,461,1.0,0.0,0.005461,0.71529379
1,462,1.0,0.0,0.005462,0.71540721
1,463,1.0,0.0,0.005463,0.7155206
1,464,1.0,0.0,0.005464,0.71563398
1,465,1.0,0.0,0.005465,0.71574733
1,466,1.0,0.0,0.005466,0.71586066
1,467,1.0,0.0,0.005467,0.71597397
1,468,1.0,0.0,0.005468,0.71608726
1,469,1.0,0.0,0.005469,0.71620052
1,470,1.0,0.0,0.00547,0.71631376
1,471,1.0,0.0,0.005471,0.71642698
1,472,1.0,0.0,0.005472,0.71654017
1,473,1.0,0.0,0.005473,0.71665335
1,474,1.0,0.0,0.005474,0.71676649
1,475,1.0,0.0,0.005475,0.71687962
1,476,1.0,0.0,0.005476,0.71699272
1,477,1.0,0.0,0.005477,0.7171058
1,478,1.0,0.0,0.005478,0.71721886
1,479,1.0,0.0,0.005479,0.71733189
1,480,1.0,0.0,0.00548,0.7174449
1,481,1.0,0.0,0.005481,0.71755789
1,482,1.0,0.0,0.005482,0.71767085
1,483,1.0,0.0,0.005483,0.71778379
1,484,1.0,0.0,0.005484,0.7178967
1,485,1.0,0.0,0.005485,0.71800959
1,486,1.0,0.0,0.005486,0.71812246
1,487,1.0,0.0,0.005487,0.7182353
1,488,1.0,0.0,0.005488,0.71834812
1,489,1.0,0.0,0.005489,0.71846091
1,490,1.0,0.0,0.00549,0.71857368
1,491,1.0,0.0,0.005491,0.71868643
1,492,1.0,0.0,0.005492,0.71879915
1,493,1.0,0.0,0.005493,0.71891184
1,494,1.0,0.0,0.005494,0.71902451
1,495,1.0,0.0,0.005495,0.71913715
1,496,1.0,0.0,0.005496,0.71924977
1,497,1.0,0.0,0.005497,0.71936237
1,498,1.1,0.0,0.005498,0.71947493
1,499,1.1,0.0,0.005499,0.71958748
1,500,1.1,0.0,0.0055,0.71969999
1,501,1.1,0.0,0.005501,0.71981249
1,502,1.1,0.0,0.005502,0.71992495
1,503,1.1,0.0,0.005503,0.72003739
1,504,1.1,0.0,0.005504,0.7201498
1,505,1.1,0.0,0.005505,0.72026219
1,506,1.1,0.0,0.005506,0.72037455
1,507,1.1,0.0,0.005507,0.72048689
1,508,1.1,0.0,0.005508,0.72059919
1,509,1.1,0.0,0.005509,0.72071147
1,510,1.1,0.0,0.00551,0.72082373
1,511,1.1,0.0,0.005511,0.72093596
1,512,1.1,0.0,0.005512,0.72104815
1,513,1.1,0.0,0.005513,0.72116033
1,514,1.1,0.0,0.005514,0.72127247
1,515,1.1,0.0,0.005515,0.72138459
1,516,1.1,0.0,0.005516,0.72149668
1,517,1.1,0.0,0.005517,0.72160874
1,518,1.1,0.0,0.005518,0.72172077
1,519,1.1,0.0,0.005519,0.72183278
1,520,1.1,0.0,0.00552,0.72194476
1,521,1.1,0.0,0.005521,0.72205671
1,522,1.1,0.0,0.005522,0.72216863
1,523,1.1,0.0,0.005523,0.72228052
1,524,1.1,0.0,0.005524,0.72239238
1,525,1.1,0.0,0.005525,0.72250421
1,526,1.11,0.0,0.005526,0.72261602
1,527,1.11,0.0,0.005527,0.72272779
1,528,1.11,0.0,0.005528,0.72283954
1,529,1.11,0.0,0.005529,0.72295126
1,530,1.11,0.0,0.00553,0.72306294
1,531,1.11,0.0,0.005531,0.7231746
1,532,1.11,0.0,0.005532,0.72328622
1,533,1.11,0.0,0.005533,0.72339782
1,534,1.11,0.0,0.005534,0.72350938
1,535,1.11,0.0,0.005535,0.72362092
1,536,1.11,0.0,0.005536,0.72373242
1,537,1.11,0.0,0.005537,0.7238439
1,538,1.11,0.0,0.005538,0.72395534
1,539,1.11,0.0,0.005539,0.72406675
1,540,1.11,0.0,0.00554,0.72417812
1,541,1.11,0.0,0.005541,0.72428947
1,542,1.11,0.0,0.005542,0.72440079
1,543,1.11,0.0,0.005543,0.72451207
1,544,1.11,0.0,0.005544,0.72462332
1,545,1.11,0.0,0.005545,0.72473454
1,546,1.11,0.0,0.005546,0.72484572
1,547,1.11,0.0,0.005547,0.72495687
1,548,1.11,0.0,0.005548,0.72506799
1,549,1.11,0.0,0.005549,0.72517908
1,550,1.11,0.0,0.00555,0.72529013
1,551,1.11,0.0,0.005551,0.72540115
1,552,1.11,0.0,0.005552,0.72551213
1,553,1.11,0.0,0.005553,0.72562309
1,554,1.11,0.0,0.005554,0.725734
1,555,1.11,0.0,0.005555,0.72584488
1,556,1.11,0.0,0.005556,0.72595573
1,557,1.11,0.0,0.005557,0.72606654
1,558,1.11,0.0,0.005558,0.72617732
1,559,1.11,0.0,0.005559,0.72628806
1,560,1.11,0.0,0.00556,0.72639876
1,561,1.11,0.0,0.005561,0.72650943
1,562,1.11,0.0,0.005562,0.72662007
1,563,1.11,0.0,0.005563,0.72673066
1,564,1.11,0.0,0.005564,0.72684122
1,565,1.11,0.0,0.005565,0.72695175
1,566,1.11,0.0,0.005566,0.72706223
1,567,1.11,0.0,0.005567,0.72717268
1,568,1.11,0.0,0.005568,0.72728309
1,569,1.11,0.0,0.005569,0.72739346
1,570,1.11,0.0,0.00557,0.7275038
1,571,1.11,0.0,0.005571,0.72761409
1,572,1.11,0.0,0.005572,0.72772435
1,573,1.11,0.0,0.005573,0.72783457
1,574,1.11,0.0,0.005574,0.72794475
1,575,1.11,0.0,0.005575,0.72805489
1,576,1.12,0.0,0.005576,0.72816499
1,577,1.12,0.0,0.005577,0.72827504
1,578,1.12,0.0,0.005578,0.72838506
1,579,1.12,0.0,0.005579,0.72849504
1,580,1.12,0.0,0.00558,0.72860498
1,581,1.12,0.0,0.005581,0.72871487
1,582,1.12,0.0,0.005582,0.72882472
1,583,1.12,0.0,0.005583,0.72893454
1,584,1.12,0.0,0.005584,0.7290443
1,585,1.12,0.0,0.005585,0.72915403
1,586,1.12,0.0,0.005586,0.72926371
1,587,1.12,0.0,0.005587,0.72937335
1,588,1.12,0.0,0.005588,0.72948294
1,589,1.12,0.0,0.005589,0.7295925
1,590,1.12,0.0,0.00559,0.729702
1,591,1.12,0.0,0.005591,0.72981146
1,592,1.12,0.0,0.005592,0.72992088
1,593,1.12,0.0,0.005593,0.73003025
1,594,1.12,0.0,0.005594,0.73013957
1,595,1.12,0.0,0.005595,0.73024885
1,596,1.12,0.0,0.005596,0.73035808
1,597,1.12,0.0,0.005597,0.73046727
1,598,1.12,0.0,0.005598,0.7305764
1,599,1.12,0.0,0.005599,0.73068549
1,600,1.12,0.0,0.0056,0.73079453
1,601,1.12,0.0,0.005601,0.73090352
1,602,1.12,0.0,0.005602,0.73101246
1,603,1.12,0.0,0.005603,0.73112135
1,604,1.12,0.0,0.005604,0.73123019
1,605,1.12,0.0,0.005605,0.73133898
1,606,1.12,0.0,0.005606,0.73144772
1,607,1.12,0.0,0.005607,0.73155641
1,608,1.12,0.0,0.005608,0.73166505
1,609,1.12,0.0,0.005609,0.73177363
1,610,1.12,0.0,0.00561,0.73188216
1,611,1.12,0.0,0.005611,0.73199063
1,612,1.12,0.0,0.005612,0.73209906
1,613,1.12,0.0,0.005613,0.73220742
1,614,1.12,0.0,0.005614,0.73231574
1,615,1.12,0.0,0.005615,0.73242399
1,616,1.12,0.0,0.005616,0.73253219
1,617,1.12,0.0,0.005617,0.73264033
1,618,1.12,0.0,0.005618,0.73274842
1,619,1.12,0.0,0.005619,0.73285644
1,620,1.12,0.0,0.00562,0.73296441
1,621,1.12,0.0,0.005621,0.73307232
1,622,1.12,0.0,0.005622,0.73318017
1,623,1.12,0.0,0.005623,0.73328795
1,624,1.12,0.0,0.005624,0.73339568
1,625,1.12,0.0,0.005625,0.73350334
1,626,1.13,0.0,0.005626,0.73361094
1,627,1.13,0.0,0.005627,0.73371848
1,628,1.13,0.0,0.005628,0.73382595
1,629,1.13,0.0,0.005629,0.73393336
1,630,1.13,0.0,0.00563,0.7340407
1,631,1.13,0.0,0.005631,0.73414797
1,632,1.13,0.0,0.005632,0.73425518
1,633,1.13,0.0,0.005633,0.73436232
1,634,1.13,0.0,0.005634,0.73446939
1,635,1.13,0.0,0.005635,0.73457639
1,636,1.13,0.0,0.005636,0.73468332
1,637,1.13,0.0,0.005637,0.73479018
1,638,1.13,0.0,0.005638,0.73489697
1,639,1.13,0.0,0.005639,0.73500368
1,640,1.13,0.0,0.00564,0.73511032
1,641,1.13,0.0,0.005641,0.73521688
1,642,1.13,0.0,0.005642,0.73532337
1,643,1.13,0.0,0.005643,0.73542978
1,644,1.13,0.0,0.005644,0.73553611
1,645,1.13,0.0,0.005645,0.73564236
1,646,1.13,0.0,0.005646,0.73574853
1,647,1.13,0.0,0.005647,0.73585462
1,648,1.13,0.0,0.005648,0.73596063
1,649,1.13,0.0,0.005649,0.73606655
1,650,1.13,0.0,0.00565,0.73617239
1,651,1.13,0.0,0.005651,0.73627814
1,652,1.13,0.0,0.005652,0.7363838
1,653,1.13,0.0,0.005653,0.73648938
1,654,1.13,0.0,0.005654,0.73659486
1,655,1.13,0.0,0.005655,0.73670025
1,656,1.13,0.0,0.005656,0.73680555
1,657,1.13,0.0,0.005657,0.73691075
1,658,1.13,0.0,0.005658,0.73701586
1,659,1.13,0.0,0.005659,0.73712087
1,660,1.13,0.0,0.00566,0.73722578
1,661,1.13,0.0,0.005661,0.73733059
1,662,1.13,0.0,0.005662,0.7374353
1,663,1.13,0.0,0.005663,0.7375399
1,664,1.13,0.0,0.005664,0.7376444
1,665,1.13,0.0,0.005665,0.73774879
1,666,1.13,0.0,0.005666,0.73785307
1,667,1.13,0.0,0.005667,0.73795723
1,668,1.13,0.0,0.005668,0.73806129
1,669,1.13,0.0,0.005669,0.73816522
1,670,1.13,0.0,0.00567,0.73826904
1,671,1.13,0.0,0.005671,0.73837274
1,672,1.13,0.0,0.005672,0.73847632
1,673,1.13,0.0,0.005673,0.73857977
1,674,1.13,0.0,0.005674,0.7386831
1,675,1.13,0.0,0.005675,0.73878629
1,676,1.14,0.0,0.005676,0.73888936
1,677,1.14,0.0,0.005677,0.73899229
1,678,1.14,0.0,0.005678,0.73909508
1,679,1.14,0.0,0.005679,0.73919773
1,680,1.14,0.0,0.00568,0.73930024
1,681,1.14,0.0,0.005681,0.73940261
1,682,1.14,0.0,0.005682,0.73950482
1,683,1.14,0.0,0.005683,0.73960688
1,684,1.14,0.0,0.005684,0.73970879
1,685,1.14,0.0,0.005685,0.73981054
1,686,1.14,0.0,0.005686,0.73991212
1,687,1.14,0.0,0.005687,0.74001354
1,688,1.14,0.0,0.005688,0.74011478
1,689,1.14,0.0,0.005689,0.74021586
1,690,1.14,0.0,0.00569,0.74031675
1,691,1.14,0.0,0.005691,0.74041746
1,692,1.14,0.0,0.005692,0.74051798
1,693,1.14,0.0,0.005693,0.7406183
1,694,1.14,0.0,0.005694,0.74071843
1,695,1.14,0.0,0.005695,0.74081836
1,696,1.14,0.0,0.005696,0.74091807
1,697,1.14,0.0,0.005697,0.74101757
1,698,1.14,0.0,0.005698,0.74111685
1,699,1.14,0.0,0.005699,0.7412159
1,700,1.14,0.0,0.0057,0.74131472
1,701,1.14,0.0,0.005701,0.7414133
1,702,1.14,0.0,0.005702,0.74151162
1,703,1.14,0.0,0.005703,0.74160969
1,704,1.14,0.0,0.005704,0.74170749
1,705,1.14,0.0,0.005705,0.74180502
1,706,1.14,0.0,0.005706,0.74190226
1,707,1.14,0.0,0.005707,0.74199921
1,708,1.14,0.0,0.005708,0.74209586
1,709,1.14,0.0,0.005709,0.74219219
1,710,1.14,0.0,0.00571,0.7422882
1,711,1.14,0.0,0.005711,0.74238387
1,712,1.14,0.0,0.005712,0.74247918
1,713,1.14,0.0,0.005713,0.74257413
1,714,1.14,0.0,0.005714,0.74266869
1,715,1.14,0.0,0.005715,0.74276286
1,716,1.14,0.0,0.005716,0.7428566
1,717,1.14,0.0,0.005717,0.74294991
1,718,1.14,0.0,0.005718,0.74304276
1,719,1.14,0.0,0.005719,0.74313512
1,720,1.14,0.0,0.00572,0.74322698
1,721,1.14,0.0,0.005721,0.7433183
1,722,1.14,0.0,0.005722,0.74340906
1,723,1.14,0.0,0.005723,0.74349922
1,724,1.14,0.0,0.005724,0.74358875
1,725,1.14,0.0,0.005725,0.74367762
1,726,1.15,0.0,0.005726,0.74376577
1,727,1.15,0.0,0.005727,0.74385317
1,728,1.15,0.0,0.005728,0.74393976
1,729,1.15,0.0,0.005729,0.74402549
1,730,1.15,0.0,0.00573,0.7441103
1,731,1.15,0.0,0.005731,0.74419413
1,732,1.15,0.0,0.005732,0.74427689
1,733,1.15,0.0,0.005733,0.74435851
1,734,1.15,0.0,0.005734,0.74443889
1,735,1.15,0.0,0.005735,0.74451791
1,736,1.15,0.0,0.005736,0.74459546
1,737,1.15,0.0,0.005737,0.74467139
1,738,1.15,0.0,0.005738,0.74474554
1,739,1.15,0.0,0.005739,0.74481773
1,740,1.15,0.0,0.00574,0.74488773
1,741,1.15,0.0,0.005741,0.74494944
1,742,1.15,0.0,0.005742,0.74501083
1,743,1.15,0.0,0.005743,0.74506882
1,744,1.15,0.0,0.005744,0.74512374
1,745,1.15,0.0,0.005745,0.74517516
1,746,1.15,0.0,0.005746,0.74522242
1,747,1.15,0.0,0.005747,0.74525684
1,748,1.15,0.0,0.005748,0.74528795
1,749,1.15,0.0,0.005749,0.74531089
1,750,1.15,0.0,0.00575,0.74532474
1,751,1.15,0.0,0.005751,0.74531912
1,752,1.15,0.0,0.005752,0.74530202
1,753,1.15,0.0,0.005753,0.74526498
1,754,1.15,0.0,0.005754,0.74519291
1,755,1.15,0.0,0.005755,0.74509107
1,756,1.15,0.0,0.005756,0.7449285
1,757,1.15,0.0,0.005757,0.74469519
1,758,1.15,0.0,0.005758,0.74435007
1,759,1.15,0.0,0.005759,0.74383291
1,760,1.15,0.0,0.00576,0.74303079
1,761,1.15,0.0,0.005761,0.74173601
1,762,1.15,0.0,0.005762,0.73955598
1,763,1.15,0.0,0.005763,0.73589199
1,764,1.15,0.0,0.005764,0.73059177
1,765,1.15,0.0,0.005765,0.72458183
1,766,1.15,0.0,0.005766,0.71818117
1,767,1.15,0.0,0.005767,0.71168578
1,768,1.15,0.0,0.005768,0.70540024
1,769,1.15,0.0,0.005769,0.69916266
1,770,1.15,0.0,0.00577,0.69309158
1,771,1.15,0.0,0.005771,0.68704024
1,772,1.15,0.0,0.005772,0.68108561
1,773,1.15,0.0,0.005773,0.6753072
1,774,1.15,0.0,0.005774,0.66953647
1,775,1.15,0.0,0.005775,0.66380432
1,776,1.16,0.0,0.005776,0.65801775
1,777,1.16,0.0,0.005777,0.65227271
1,778,1.16,0.0,0.005778,0.64653595
1,779,1.16,0.0,0.005779,0.64082151
1,780,1.16,0.0,0.00578,0.63500192
1,781,1.16,0.0,0.005781,0.62904359
1,782,1.16,0.0,0.005782,0.6230859
1,783,1.16,0.0,0.005783,0.61726322
1,784,1.16,0.0,0.005784,0.61154096
1,785,1.16,0.0,0.005785,0.60588588
1,786,1.16,0.0,0.005786,0.60031329
1,787,1.16,0.0,0.005787,0.59458279
1,788,1.16,0.0,0.005788,0.5887971
1,789,1.16,0.0,0.005789,0.58306575
1,790,1.16,0.0,0.00579,0.57709815
1,791,1.16,0.0,0.005791,0.57122303
1,792,1.16,0.0,0.005792,0.56578624
1,793,1.16,0.0,0.005793,0.56016918
1,794,1.16,0.0,0.005794,0.55461834
1,795,1.16,0.0,0.005795,0.54926746
1,796,1.16,0.0,0.005796,0.54407761
1,797,1.16,0.0,0.005797,0.53898928
1,798,1.16,0.0,0.005798,0.53370437
1,799,1.16,0.0,0.005799,0.52846048
1,800,1.16,0.0,0.0058,0.52300003
1,801,1.16,0.0,0.005801,0.51761658
1,802,1.16,0.0,0.005802,0.51208893
1,803,1.16,0.0,0.005803,0.50653189
1,804,1.16,0.0,0.005804,0.50104407
1,805,1.16,0.0,0.005805,0.49576737
1,806,1.16,0.0,0.005806,0.49026588
1,807,1.16,0.0,0.005807,0.48475918
1,808,1.16,0.0,0.005808,0.47995797
1,809,1.16,0.0,0.005809,0.47574545
1,810,1.16,0.0,0.00581,0.47127173
1,811,1.16,0.0,0.005811,0.4665294
1,812,1.16,0.0,0.005812,0.46170934
1,813,1.16,0.0,0.005813,0.45704972
1,814,1.16,0.0,0.005814,0.45236065
1,815,1.16,0.0,0.005815,0.44779675
1,816,1.16,0.0,0.005816,0.44327045
1,817,1.16,0.0,0.005817,0.43880861
1,818,1.16,0.0,0.005818,0.43454454
1,819,1.16,0.0,0.005819,0.43077941
1,820,1.16,0.0,0.00582,0.42707862
1,821,1.16,0.0,0.005821,0.42311559
1,822,1.16,0.0,0.005822,0.41918715
1,823,1.16,0.0,0.005823,0.41497824
1,824,1.16,0.0,0.005824,0.41068595
1,825,1.16,0.0,0.005825,0.40660331
1,826,1.17,0.0,0.005826,0.40230274
1,827,1.17,0.0,0.005827,0.39813193
1,828,1.17,0.0,0.005828,0.39412247
1,829,1.17,0.0,0.005829,0.39043379
1,830,1.17,0.0,0.00583,0.38693933
1,831,1.17,0.0,0.005831,0.38381491
1,832,1.17,0.0,0.005832,0.38097345
1,833,1.17,0.0,0.005833,0.37804365
1,834,1.17,0.0,0.005834,0.37510516
1,835,1.17,0.0,0.005835,0.37223366
1,836,1.17,0.0,0.005836,0.36941433
1,837,1.17,0.0,0.005837,0.3665832
1,838,1.17,0.0,0.005838,0.36373822
1,839,1.17,0.0,0.005839,0.36086628
1,840,1.17,0.0,0.00584,0.35802554
1,841,1.17,0.0,0.005841,0.3552354
1,842,1.17,0.0,0.005842,0.35262496
1,843,1.17,0.0,0.005843,0.3502074
1,844,1.17,0.0,0.005844,0.3480615
1,845,1.17,0.0,0.005845,0.34631856
1,846,1.17,0.0,0.005846,0.34503596
1,847,1.17,0.0,0.005847,0.34412429
1,848,1.17,0.0,0.005848,0.34356403
1,849,1.17,0.0,0.005849,0.34338521
1,850,1.17,0.0,0.00585,0.3434429
1,851,1.17,0.0,0.005851,0.34350122
1,852,1.17,0.0,0.005852,0.34355916
1,853,1.17,0.0,0.005853,0.34361673
1,854,1.17,0.0,0.005854,0.3436738
1,855,1.17,0.0,0.005855,0.34373025
1,856,1.17,0.0,0.005856,0.34378618
1,857,1.17,0.0,0.005857,0.34384185
1,858,1.17,0.0,0.005858,0.34389737
1,859,1.17,0.0,0.005859,0.34395273
1,860,1.17,0.0,0.00586,0.34400793
1,861,1.17,0.0,0.005861,0.34406292
1,862,1.17,0.0,0.005862,0.34411775
1,863,1.17,0.0,0.005863,0.34417244
1,864,1.17,0.0,0.005864,0.34422696
1,865,1.17,0.0,0.005865,0.34428137
1,866,1.17,0.0,0.005866,0.34433565
1,867,1.17,0.0,0.005867,0.34438985
1,868,1.17,0.0,0.005868,0.344444
1,869,1.17,0.0,0.005869,0.34449808
1,870,1.17,0.0,0.00587,0.34455205
1,871,1.17,0.0,0.005871,0.34460588
1,872,1.17,0.0,0.005872,0.34465963
1,873,1.17,0.0,0.005873,0.34471334
1,874,1.17,0.0,0.005874,0.34476698
1,875,1.17,0.0,0.005875,0.34482059
1,876,1.18,0.0,0.005876,0.34487415
1,877,1.18,0.0,0.005877,0.34492766
1,878,1.18,0.0,0.005878,0.34498109
1,879,1.18,0.0,0.005879,0.34503448
1,880,1.18,0.0,0.00588,0.34508777
1,881,1.18,0.0,0.005881,0.34514097
1,882,1.18,0.0,0.005882,0.34519412
1,883,1.18,0.0,0.005883,0.34524724
1,884,1.18,0.0,0.005884,0.34530033
1,885,1.18,0.0,0.005885,0.34535338
1,886,1.18,0.0,0.005886,0.34540641
1,887,1.18,0.0,0.005887,0.34545942
1,888,1.18,0.0,0.005888,0.34551238
1,889,1.18,0.0,0.005889,0.34556531
1,890,1.18,0.0,0.00589,0.34561821
1,891,1.18,0.0,0.005891,0.34567108
1,892,1.18,0.0,0.005892,0.34572389
1,893,1.18,0.0,0.005893,0.34577666
1,894,1.18,0.0,0.005894,0.34582941
1,895,1.18,0.0,0.005895,0.34588213
1,896,1.18,0.0,0.005896,0.34593474
1,897,1.18,0.0,0.005897,0.3459873
1,898,1.18,0.0,0.005898,0.34603982
1,899,1.18,0.0,0.005899,0.3460923
1,900,1.18,0.0,0.0059,0.34614476
1,901,1.18,0.0,0.005901,0.34619718
1,902,1.18,0.0,0.005902,0.34624955
1,903,1.18,0.0,0.005903,0.3463019
1,904,1.18,0.0,0.005904,0.34635423
1,905,1.18,0.0,0.005905,0.34640656
1,906,1.18,0.0,0.005906,0.34645888
1,907,1.18,0.0,0.005907,0.34651118
1,908,1.18,0.0,0.005908,0.34656344
1,909,1.18,0.0,0.005909,0.34661567
1,910,1.18,0.0,0.00591,0.34666787
1,911,1.18,0.0,0.005911,0.34672006
1,912,1.18,0.0,0.005912,0.34677223
1,913,1.18,0.0,0.005913,0.34682436
1,914,1.18,0.0,0.005914,0.34687647
1,915,1.18,0.0,0.005915,0.34692856
1,916,1.18,0.0,0.005916,0.34698062
1,917,1.18,0.0,0.005917,0.34703266
1,918,1.18,0.0,0.005918,0.34708467
1,919,1.18,0.0,0.005919,0.34713666
1,920,1.18,0.0,0.00592,0.34718862
1,921,1.18,0.0,0.005921,0.34724055
1,922,1.18,0.0,0.005922,0.34729243
1,923,1.18,0.0,0.005923,0.34734427
1,924,1.18,0.0,0.005924,0.34739609
1,925,1.18,0.0,0.005925,0.34744785
1,926,1.19,0.0,0.005926,0.34749957
1,927,1.19,0.0,0.005927,0.34755128
1,928,1.19,0.0,0.005928,0.34760295
1,929,1.19,0.0,0.005929,0.34765458
1,930,1.19,0.0,0.00593,0.34770617
1,931,1.19,0.0,0.005931,0.34775773
1,932,1.19,0.0,0.005932,0.34780924
1,933,1.19,0.0,0.005933,0.34786071
1,934,1.19,0.0,0.005934,0.34791214
1,935,1.19,0.0,0.005935,0.34796354
1,936,1.19,0.0,0.005936,0.34801491
1,937,1.19,0.0,0.005937,0.34806621
1,938,1.19,0.0,0.005938,0.34811744
1,939,1.19,0.0,0.005939,0.34816864
1,940,1.19,0.0,0.00594,0.34821985
1,941,1.19,0.0,0.005941,0.34827105
1,942,1.19,0.0,0.005942,0.34832226
1,943,1.19,0.0,0.005943,0.34837343
1,944,1.19,0.0,0.005944,0.34842456
1,945,1.19,0.0,0.005945,0.34847568
1,946,1.19,0.0,0.005946,0.3485268
1,947,1.19,0.0,0.005947,0.34857787
1,948,1.19,0.0,0.005948,0.34862884
1,949,1.19,0.0,0.005949,0.34867967
1,950,1.19,0.0,0.00595,0.34873042
1,951,1.19,0.0,0.005951,0.34878116
1,952,1.19,0.0,0.005952,0.34883191
1,953,1.19,0.0,0.005953,0.34888268
1,954,1.19,0.0,0.005954,0.34893346
1,955,1.19,0.0,0.005955,0.34898422
1,956,1.19,0.0,0.005956,0.34903492
1,957,1.19,0.0,0.005957,0.34908557
1,958,1.19,0.0,0.005958,0.34913616
1,959,1.19,0.0,0.005959,0.34918672
1,960,1.19,0.0,0.00596,0.34923727
1,961,1.19,0.0,0.005961,0.34928775
1,962,1.19,0.0,0.005962,0.34933808
1,963,1.19,0.0,0.005963,0.3493883
1,964,1.19,0.0,0.005964,0.3494385
1,965,1.19,0.0,0.005965,0.3494887
1,966,1.19,0.0,0.005966,0.34953891
1,967,1.19,0.0,0.005967,0.34958907
1,968,1.19,0.0,0.005968,0.34963907
1,969,1.19,0.0,0.005969,0.34968876
1,970,1.19,0.0,0.00597,0.34973826
1,971,1.19,0.0,0.005971,0.34978769
1,972,1.19,0.0,0.005972,0.34983714
1,973,1.19,0.0,0.005973,0.34988658
1,974,1.19,0.0,0.005974,0.34993587
1,975,1.19,0.0,0.005975,0.34998498
1,976,1.2,0.0,0.005976,0.35003381
1,977,1.2,0.0,0.005977,0.35008235
1,978,1.2,0.0,0.005978,0.35013061
1,979,1.2,0.0,0.005979,0.35017866
1,980,1.2,0.0,0.00598,0.35022661
1,981,1.2,0.0,0.005981,0.35027446
1,982,1.2,0.0,0.005982,0.35032217
1,983,1.2,0.0,0.005983,0.35036978
1,984,1.2,0.0,0.005984,0.35041735
1,985,1.2,0.0,0.005985,0.35046492
1,986,1.2,0.0,0.005986,0.35051252
1,987,1.2,0.0,0.005987,0.35056015
1,988,1.2,0.0,0.005988,0.35060778
1,989,1.2,0.0,0.005989,0.3506554
1,990,1.2,0.0,0.00599,0.35070299
1,991,1.2,0.0,0.005991,0.35075057
1,992,1.2,0.0,0.005992,0.35079795
1,993,1.2,0.0,0.005993,0.35084508
1,994,1.2,0.0,0.005994,0.35089174
1,995,1.2,0.0,0.005995,0.3509379
1,996,1.2,0.0,0.005996,0.35098372
1,997,1.2,0.0,0.005997,0.3510294
1,998,1.2,0.0,0.005998,0.35107512
1,999,1.2,0.0,0.005999,0.35112098
1,1000,1.2,0.0,0.006,0.35116688
1,1001,1.2,0.0,0.006001,0.35121269
1,1002,1.2,0.0,0.006002,0.35125811
1,1003,1.2,0.0,0.006003,0.35130305
1,1004,1.2,0.0,0.006004,0.35134714
1,1005,1.2,0.0,0.006005,0.35139004
1,1006,1.2,0.0,0.006006,0.35143177
1,1007,1.2,0.0,0.006007,0.35147263
1,1008,1.2,0.0,0.006008,0.35151304
1,1009,1.2,0.0,0.006009,0.35155272
1,1010,1.2,0.0,0.00601,0.3515899
1,1011,1.2,0.0,0.006011,0.35162216
1,1012,1.2,0.0,0.006012,0.35164639
1,1013,1.2,0.0,0.006013,0.35165953
1,1014,1.2,0.0,0.006014,0.35165849
1,1015,1.2,0.0,0.006015,0.35164007
1,1016,1.2,0.0,0.006016,0.35160092
1,1017,1.2,0.0,0.006017,0.35153245
1,1018,1.2,0.0,0.006018,0.35143583
1,1019,1.2,0.0,0.006019,0.35130751
1,1020,1.2,0.0,0.00602,0.35113571
1,1021,1.2,0.0,0.006021,0.35092337
1,1022,1.2,0.0,0.006022,0.35065616
1,1023,1.2,0.0,0.006023,0.35033533
1,1024,1.2,0.0,0.006024,0.34995393
1,1025,1.2,0.0,0.006025,0.34950879
1,1026,1.21,0.0,0.006026,0.34899974
1,1027,1.21,0.0,0.006027,0.34843083
1,1028,1.21,0.0,0.006028,0.34781024
1,1029,1.21,0.0,0.006029,0.34715175
1,1030,1.21,0.0,0.00603,0.34647308
1,1031,1.21,0.0,0.006031,0.34579262
1,1032,1.21,0.0,0.006032,0.34512746
1,1033,1.21,0.0,0.006033,0.34449379
1,1034,1.21,0.0,0.006034,0.34390748
1,1035,1.21,0.0,0.006035,0.34338371
1,1036,1.21,0.0,0.006036,0.34293799
1,1037,1.21,0.0,0.006037,0.34258501
1,1038,1.21,0.0,0.006038,0.34233686
1,1039,1.21,0.0,0.006039,0.34220135
1,1040,1.21,0.0,0.00604,0.34218345
1,1041,1.21,0.0,0.006041,0.34223556
1,1042,1.21,0.0,0.006042,0.34229089
1,1043,1.21,0.0,0.006043,0.3423446
1,1044,1.21,0.0,0.006044,0.34239734
1,1045,1.21,0.0,0.006045,0.34244959
1,1046,1.21,0.0,0.006046,0.3425014
1,1047,1.21,0.0,0.006047,0.34255289
1,1048,1.21,0.0,0.006048,0.34260417
1,1049,1.21,0.0,0.006049,0.3426553
1,1050,1.21,0.0,0.00605,0.34270635
1,1051,1.21,0.0,0.006051,0.34275732
1,1052,1.21,0.0,0.006052,0.34280819
1,1053,1.21,0.0,0.006053,0.3428589
1,1054,1.21,0.0,0.006054,0.34290947
1,1055,1.21,0.0,0.006055,0.34295993
1,1056,1.21,0.0,0.006056,0.34301024
1,1057,1.21,0.0,0.006057,0.34306033
1,1058,1.21,0.0,0.006058,0.34311022
1,1059,1.21,0.0,0.006059,0.34315993
1,1060,1.21,0.0,0.00606,0.34320948
1,1061,1.21,0.0,0.006061,0.34325893
1,1062,1.21,0.0,0.006062,0.34330833
1,1063,1.21,0.0,0.006063,0.34335748
1,1064,1.21,0.0,0.006064,0.34340633
1,1065,1.21,0.0,0.006065,0.34345481
1,1066,1.21,0.0,0.006066,0.34350302
1,1067,1.21,0.0,0.006067,0.34355113
1,1068,1.21,0.0,0.006068,0.3435991
1,1069,1.21,0.0,0.006069,0.34364683
1,1070,1.21,0.0,0.00607,0.3436943
1,1071,1.21,0.0,0.006071,0.3437416
1,1072,1.21,0.0,0.006072,0.34378857
1,1073,1.21,0.0,0.006073,0.34383506
1,1074,1.21,0.0,0.006074,0.3438807
1,1075,1.21,0.0,0.006075,0.34392542
1,1076,1.22,0.0,0.006076,0.34396868
1,1077,1.22,0.0,0.006077,0.34400965
1,1078,1.22,0.0,0.006078,0.34404751
1,1079,1.22,0.0,0.006079,0.3440807
1,1080,1.22,0.0,0.00608,0.34410707
1,1081,1.22,0.0,0.006081,0.34412455
1,1082,1.22,0.0,0.006082,0.34413143
1,1083,1.22,0.0,0.006083,0.34412649
1,1084,1.22,0.0,0.006084,0.34410899
1,1085,1.22,0.0,0.006085,0.34407873
1,1086,1.22,0.0,0.006086,0.34403607
1,1087,1.22,0.0,0.006087,0.34397699
1,1088,1.22,0.0,0.006088,0.34390804
1,1089,1.22,0.0,0.006089,0.34383133
1,1090,1.22,0.0,0.00609,0.34374916
1,1091,1.22,0.0,0.006091,0.34365755
1,1092,1.22,0.0,0.006092,0.34356561
1,1093,1.22,0.0,0.006093,0.34347641
1,1094,1.22,0.0,0.006094,0.34338851
1,1095,1.22,0.0,0.006095,0.34330819
1,1096,1.22,0.0,0.006096,0.34323784
1,1097,1.22,0.0,0.006097,0.3431754
1,1098,1.22,0.0,0.006098,0.34312559
1,1099,1.22,0.0,0.006099,0.34308926
1,1100,1.22,0.0,0.0061,0.34306644
1,1101,1.22,0.0,0.006101,0.34305649
1,1102,1.22,0.0,0.006102,0.34305325
1,1103,1.22,0.0,0.006103,0.3430605
1,1104,1.22,0.0,0.006104,0.34307646
1,1105,1.22,0.0,0.006105,0.34309904
1,1106,1.22,0.0,0.006106,0.3431259
1,1107,1.22,0.0,0.006107,0.34315463
1,1108,1.22,0.0,0.006108,0.34318281
1,1109,1.22,0.0,0.006109,0.34320819
1,1110,1.22,0.0,0.00611,0.34322874
1,1111,1.22,0.0,0.006111,0.34324277
1,1112,1.22,0.0,0.006112,0.34324893
1,1113,1.22,0.0,0.006113,0.34324634
1,1114,1.22,0.0,0.006114,0.34323455
1,1115,1.22,0.0,0.006115,0.34321355
1,1116,1.22,0.0,0.006116,0.34318379
1,1117,1.22,0.0,0.006117,0.34314143
1,1118,1.22,0.0,0.006118,0.34309267
1,1119,1.22,0.0,0.006119,0.34303922
1,1120,1.22,0.0,0.00612,0.34298286
1,1121,1.22,0.0,0.006121,0.34292127
1,1122,1.22,0.0,0.006122,0.34286051
1,1123,1.22,0.0,0.006123,0.34280262
1,1124,1.22,0.0,0.006124,0.34274925
1,1125,1.22,0.0,0.006125,0.3426969
1,1126,1.23,0.0,0.006126,0.3426515
1,1127,1.23,0.0,0.006127,0.34261404
1,1128,1.23,0.0,0.006128,0.34258493
1,1129,1.23,0.0,0.006129,0.34256408
1,1130,1.23,0.0,0.00613,0.3425459
1,1131,1.23,0.0,0.006131,0.3425351
1,1132,1.23,0.0,0.006132,0.34253086
1,1133,1.23,0.0,0.006133,0.34253205
1,1134,1.23,0.0,0.006134,0.34253727
1,1135,1.23,0.0,0.006135,0.34254499
1,1136,1.23,0.0,0.006136,0.34255363
1,1137,1.23,0.0,0.006137,0.34256165
1,1138,1.23,0.0,0.006138,0.34256349
1,1139,1.23,0.0,0.006139,0.34256237
1,1140,1.23,0.0,0.00614,0.34255735
1,1141,1.23,0.0,0.006141,0.34254775
1,1142,1.23,0.0,0.006142,0.3425331
1,1143,1.23,0.0,0.006143,0.34251316
1,1144,1.23,0.0,0.006144,0.34248796
1,1145,1.23,0.0,0.006145,0.34245299
1,1146,1.23,0.0,0.006146,0.34241378
1,1147,1.23,0.0,0.006147,0.34237119
1,1148,1.23,0.0,0.006148,0.34232605
1,1149,1.23,0.0,0.006149,0.34227546
1,1150,1.23,0.0,0.00615,0.34222395
1,1151,1.23,0.0,0.006151,0.34217248
1,1152,1.23,0.0,0.006152,0.34212172
1,1153,1.23,0.0,0.006153,0.34206742
1,1154,1.23,0.0,0.006154,0.3420146
1,1155,1.23,0.0,0.006155,0.34196377
1,1156,1.23,0.0,0.006156,0.34191512
1,1157,1.23,0.0,0.006157,0.34186376
1,1158,1.23,0.0,0.006158,0.3418143
1,1159,1.23,0.0,0.006159,0.34176675
1,1160,1.23,0.0,0.00616,0.34172084
1,1161,1.23,0.0,0.006161,0.34167153
1,1162,1.23,0.0,0.006162,0.34162281
1,1163,1.23,0.0,0.006163,0.34157434
1,1164,1.23,0.0,0.006164,0.34152559
1,1165,1.23,0.0,0.006165,0.34147121
1,1166,1.23,0.0,0.006166,0.34141513
1,1167,1.23,0.0,0.006167,0.34135693
1,1168,1.23,0.0,0.006168,0.34129606
1,1169,1.23,0.0,0.006169,0.3412262
1,1170,1.23,0.0,0.00617,0.34115223
1,1171,1.23,0.0,0.006171,0.3410739
1,1172,1.23,0.0,0.006172,0.34098692
1,1173,1.23,0.0,0.006173,0.34089423
1,1174,1.23,0.0,0.006174,0.34079574
1,1175,1.23,0.0,0.006175,0.34068488
1,1176,1.24,0.0,0.006176,0.34056698
1,1177,1.24,0.0,0.006177,0.34044221
1,1178,1.24,0.0,0.006178,0.34030307
1,1179,1.24,0.0,0.006179,0.34015593
1,1180,1.24,0.0,0.00618,0.33999718
1,1181,1.24,0.0,0.006181,0.33983029
1,1182,1.24,0.0,0.006182,0.33964639
1,1183,1.24,0.0,0.006183,0.33945405
1,1184,1.24,0.0,0.006184,0.33924666
1,1185,1.24,0.0,0.006185,0.33902776
1,1186,1.24,0.0,0.006186,0.33879596
1,1187,1.24,0.0,0.006187,0.33855142
1,1188,1.24,0.0,0.006188,0.33829502
1,1189,1.24,0.0,0.006189,0.33802848
1,1190,1.24,0.0,0.00619,0.33775449
1,1191,1.24,0.0,0.006191,0.33747678
1,1192,1.24,0.0,0.006192,0.33720012
1,1193,1.24,0.0,0.006193,0.33693028
1,1194,1.24,0.0,0.006194,0.33667382
1,1195,1.24,0.0,0.006195,0.33643775
1,1196,1.24,0.0,0.006196,0.33622901
1,1197,1.24,0.0,0.006197,0.33605396
1,1198,1.24,0.0,0.006198,0.33591786
1,1199,1.24,0.0,0.006199,0.33582642
1,1200,1.24,0.0,0.0062,0.33577503
1,1201,1.24,0.0,0.006201,0.33576788
1,1202,1.24,0.0,0.006202,0.33580222
1,1203,1.24,0.0,0.006203,0.33585282
1,1204,1.24,0.0,0.006204,0.3359032
1,1205,1.24,0.0,0.006205,0.3359522
1,1206,1.24,0.0,0.006206,0.3360003
1,1207,1.24,0.0,0.006207,0.33604788
1,1208,1.24,0.0,0.006208,0.33609505
1,1209,1.24,0.0,0.006209,0.3361418
1,1210,1.24,0.0,0.00621,0.33618821
1,1211,1.24,0.0,0.006211,0.33623424
1,1212,1.24,0.0,0.006212,0.33627966
1,1213,1.24,0.0,0.006213,0.33632406
1,1214,1.24,0.0,0.006214,0.33636722
1,1215,1.24,0.0,0.006215,0.33640717
1,1216,1.24,0.0,0.006216,0.33644098
1,1217,1.24,0.0,0.006217,0.33646593
1,1218,1.24,0.0,0.006218,0.33647997
1,1219,1.24,0.0,0.006219,0.33648175
1,1220,1.24,0.0,0.00622,0.33647062
1,1221,1.24,0.0,0.006221,0.33644653
1,1222,1.24,0.0,0.006222,0.33641011
1,1223,1.24,0.0,0.006223,0.3363626
1,1224,1.24,0.0,0.006224,0.33630138
1,1225,1.24,0.0,0.006225,0.33623346
1,1226,1.25,0.0,0.006226,0.33616176
1,1227,1.25,0.0,0.006227,0.33608925
1,1228,1.25,0.0,0.006228,0.33601388
1,1229,1.25,0.0,0.006229,0.33594367
1,1230,1.25,0.0,0.00623,0.33588147
1,1231,1.25,0.0,0.006231,0.33582946
1,1232,1.25,0.0,0.006232,0.33578463
1,1233,1.25,0.0,0.006233,0.33575253
1,1234,1.25,0.0,0.006234,0.33573357
1,1235,1.25,0.0,0.006235,0.33572734
1,1236,1.25,0.0,0.006236,0.33573265
1,1237,1.25,0.0,0.006237,0.33574775
1,1238,1.25,0.0,0.006238,0.33576723
1,1239,1.25,0.0,0.006239,0.33579222
1,1240,1.25,0.0,0.00624,0.3358202
1,1241,1.25,0.0,0.006241,0.33584865
1,1242,1.25,0.0,0.006242,0.33587516
1,1243,1.25,0.0,0.006243,0.33589758
1,1244,1.25,0.0,0.006244,0.33591412
1,1245,1.25,0.0,0.006245,0.33592344
1,1246,1.25,0.0,0.006246,0.3359247
1,1247,1.25,0.0,0.006247,0.33591759
1,1248,1.25,0.0,0.006248,0.33590231
1,1249,1.25,0.0,0.006249,0.33587956
1,1250,1.25,0.0,0.00625,0.33585046
1,1251,1.25,0.0,0.006251,0.33581282
1,1252,1.25,0.0,0.006252,0.3357723
1,1253,1.25,0.0,0.006253,0.33573089
1,1254,1.25,0.0,0.006254,0.3356905
1,1255,1.25,0.0,0.006255,0.33565285
1,1256,1.25,0.0,0.006256,0.33561515
1,1257,1.25,0.0,0.006257,0.33558315
1,1258,1.25,0.0,0.006258,0.33555788
1,1259,1.25,0.0,0.006259,0.33553981
1,1260,1.25,0.0,0.00626,0.33552889
1,1261,1.25,0.0,0.006261,0.33552466
1,1262,1.25,0.0,0.006262,0.33552245
1,1263,1.25,0.0,0.006263,0.33552543
1,1264,1.25,0.0,0.006264,0.3355324
1,1265,1.25,0.0,0.006265,0.33554205
1,1266,1.25,0.0,0.006266,0.33555293
1,1267,1.25,0.0,0.006267,0.3355636
1,1268,1.25,0.0,0.006268,0.33557275
1,1269,1.25,0.0,0.006269,0.33557921
1,1270,1.25,0.0,0.00627,0.33558208
1,1271,1.25,0.0,0.006271,0.33558069
1,1272,1.25,0.0,0.006272,0.3355747
1,1273,1.25,0.0,0.006273,0.33556404
1,1274,1.25,0.0,0.006274,0.33554894
1,1275,1.25,0.0,0.006275,0.33552618
1,1276,1.26,0.0,0.006276,0.33550053
1,1277,1.26,0.0,0.006277,0.33547299
1,1278,1.26,0.0,0.006278,0.33544459
1,1279,1.26,0.0,0.006279,0.3354163
1,1280,1.26,0.0,0.00628,0.33538899
1,1281,1.26,0.0,0.006281,0.3353589
1,1282,1.26,0.0,0.006282,0.33533161
1,1283,1.26,0.0,0.006283,0.33530776
1,1284,1.26,0.0,0.006284,0.33528771
1,1285,1.26,0.0,0.006285,0.33527149
1,1286,1.26,0.0,0.006286,0.33525889
1,1287,1.26,0.0,0.006287,0.33524543
1,1288,1.26,0.0,0.006288,0.33523504
1,1289,1.26,0.0,0.006289,0.33522721
1,1290,1.26,0.0,0.00629,0.33522131
1,1291,1.26,0.0,0.006291,0.33521657
1,1292,1.26,0.0,0.006292,0.33521221
1,1293,1.26,0.0,0.006293,0.33520742
1,1294,1.26,0.0,0.006294,0.33519808
1,1295,1.26,0.0,0.006295,0.33518724
1,1296,1.26,0.0,0.006296,0.33517448
1,1297,1.26,0.0,0.006297,0.3351595
1,1298,1.26,0.0,0.006298,0.33514202
1,1299,1.26,0.0,0.006299,0.3351219
1,1300,1.26,0.0,0.0063,0.33509569
1,1301,1.26,0.0,0.006301,0.33506704
1,1302,1.26,0.0,0.006302,0.33503623
1,1303,1.26,0.0,0.006303,0.33500351
1,1304,1.26,0.0,0.006304,0.33496911
1,1305,1.26,0.0,0.006305,0.33492934
1,1306,1.26,0.0,0.006306,0.33488853
1,1307,1.26,0.0,0.006307,0.33484707
1,1308,1.26,0.0,0.006308,0.33480523
1,1309,1.26,0.0,0.006309,0.33475997
1,1310,1.26,0.0,0.00631,0.33471451
1,1311,1.26,0.0,0.006311,0.33466908
1,1312,1.26,0.0,0.006312,0.33462371
1,1313,1.26,0.0,0.006313,0.33457472
1,1314,1.26,0.0,0.006314,0.33452546
1,1315,1.26,0.0,0.006315,0.33447588
1,1316,1.26,0.0,0.006316,0.33442574
1,1317,1.26,0.0,0.006317,0.33437075
1,1318,1.26,0.0,0.006318,0.33431441
1,1319,1.26,0.0,0.006319,0.33425652
1,1320,1.26,0.0,0.00632,0.33419667
1,1321,1.26,0.0,0.006321,0.33412966
1,1322,1.26,0.0,0.006322,0.33405953
1,1323,1.26,0.0,0.006323,0.33398602
1,1324,1.26,0.0,0.006324,0.33390561
1,1325,1.26,0.0,0.006325,0.33382052
1,1326,1.27,0.0,0.006326,0.33373039
1,1327,1.27,0.0,0.006327,0.33362996
1,1328,1.27,0.0,0.006328,0.33352291
1,1329,1.27,0.0,0.006329,0.33340888
1,1330,1.27,0.0,0.00633,0.33328163
1,1331,1.27,0.0,0.006331,0.33314532
1,1332,1.27,0.0,0.006332,0.33299614
1,1333,1.27,0.0,0.006333,0.33283596
1,1334,1.27,0.0,0.006334,0.33265634
1,1335,1.27,0.0,0.006335,0.33246303
1,1336,1.27,0.0,0.006336,0.33224826
1,1337,1.27,0.0,0.006337,0.33201345
1,1338,1.27,0.0,0.006338,0.33175475
1,1339,1.27,0.0,0.006339,0.33146916
1,1340,1.27,0.0,0.00634,0.33115315
1,1341,1.27,0.0,0.006341,0.33080264
1,1342,1.27,0.0,0.006342,0.33041299
1,1343,1.27,0.0,0.006343,0.32997889
1,1344,1.27,0.0,0.006344,0.32949444
1,1345,1.27,0.0,0.006345,0.32895367
1,1346,1.27,0.0,0.006346,0.32835118
1,1347,1.27,0.0,0.006347,0.3276832
1,1348,1.27,0.0,0.006348,0.32694919
1,1349,1.27,0.0,0.006349,0.32615346
1,1350,1.27,0.0,0.00635,0.32530658
1,1351,1.27,0.0,0.006351,0.32442604
1,1352,1.27,0.0,0.006352,0.32353522
1,1353,1.27,0.0,0.006353,0.32266139
1,1354,1.27,0.0,0.006354,0.32183246
1,1355,1.27,0.0,0.006355,0.32107395
1,1356,1.27,0.0,0.006356,0.3204063
1,1357,1.27,0.0,0.006357,0.31984313
1,1358,1.27,0.0,0.006358,0.31939378
1,1359,1.27,0.0,0.006359,0.31906492
1,1360,1.27,0.0,0.00636,0.31886111
1,1361,1.27,0.0,0.006361,0.31878433
1,1362,1.27,0.0,0.006362,0.31882815
1,1363,1.27,0.0,0.006363,0.31887751
1,1364,1.27,0.0,0.006364,0.31892558
1,1365,1.27,0.0,0.006365,0.31897252
1,1366,1.27,0.0,0.006366,0.31901866
1,1367,1.27,0.0,0.006367,0.31906429
1,1368,1.27,0.0,0.006368,0.31910952
1,1369,1.27,0.0,0.006369,0.31915438
1,1370,1.27,0.0,0.00637,0.31919897
1,1371,1.27,0.0,0.006371,0.31924336
1,1372,1.27,0.0,0.006372,0.31928762
1,1373,1.27,0.0,0.006373,0.31933172
1,1374,1.27,0.0,0.006374,0.31937562
1,1375,1.27,0.0,0.006375,0.31941935
1,1376,1.28,0.0,0.006376,0.31946293
1,1377,1.28,0.0,0.006377,0.31950628
1,1378,1.28,0.0,0.006378,0.31954934
1,1379,1.28,0.0,0.006379,0.31959211
1,1380,1.28,0.0,0.00638,0.31963449
1,1381,1.28,0.0,0.006381,0.31967643
1,1382,1.28,0.0,0.006382,0.31971789
1,1383,1.28,0.0,0.006383,0.31975917
1,1384,1.28,0.0,0.006384,0.3198004
1,1385,1.28,0.0,0.006385,0.31984159
1,1386,1.28,0.0,0.006386,0.31988269
1,1387,1.28,0.0,0.006387,0.31992361
1,1388,1.28,0.0,0.006388,0.3199643
1,1389,1.28,0.0,0.006389,0.32000472
1,1390,1.28,0.0,0.00639,0.32004485
1,1391,1.28,0.0,0.006391,0.3200847
1,1392,1.28,0.0,0.006392,0.32012396
1,1393,1.28,0.0,0.006393,0.32016215
1,1394,1.28,0.0,0.006394,0.32019913
1,1395,1.28,0.0,0.006395,0.32023501
1,1396,1.28,0.0,0.006396,0.32026995
1,1397,1.28,0.0,0.006397,0.32030293
1,1398,1.28,0.0,0.006398,0.32033207
1,1399,1.28,0.0,0.006399,0.32035494
1,1400,1.28,0.0,0.0064,0.32036853
1,1401,1.28,0.0,0.006401,0.32036991
1,1402,1.28,0.0,0.006402,0.32035652
1,1403,1.28,0.0,0.006403,0.32032609
1,1404,1.28,0.0,0.006404,0.32027669
1,1405,1.28,0.0,0.006405,0.32020347
1,1406,1.28,0.0,0.006406,0.32010853
1,1407,1.28,0.0,0.006407,0.31999132
1,1408,1.28,0.0,0.006408,0.31984707
1,1409,1.28,0.0,0.006409,0.31967973
1,1410,1.28,0.0,0.00641,0.31948467
1,1411,1.28,0.0,0.006411,0.31926425
1,1412,1.28,0.0,0.006412,0.31901703
1,1413,1.28,0.0,0.006413,0.31874226
1,1414,1.28,0.0,0.006414,0.31843909
1,1415,1.28,0.0,0.006415,0.31810646
1,1416,1.28,0.0,0.006416,0.31774335
1,1417,1.28,0.0,0.006417,0.31734846
1,1418,1.28,0.0,0.006418,0.31692031
1,1419,1.28,0.0,0.006419,0.31645688
1,1420,1.28,0.0,0.00642,0.31595602
1,1421,1.28,0.0,0.006421,0.31541606
1,1422,1.28,0.0,0.006422,0.31483662
1,1423,1.28,0.0,0.006423,0.31421969
1,1424,1.28,0.0,0.006424,0.31357079
1,1425,1.28,0.0,0.006425,0.31290006
1,1426,1.29,0.0,0.006426,0.31222293
1,1427,1.29,0.0,0.006427,0.31155959
1,1428,1.29,0.0,0.006428,0.31093284
1,1429,1.29,0.0,0.006429,0.31036401
1,1430,1.29,0.0,0.00643,0.30986678
1,1431,1.29,0.0,0.006431,0.30947428
1,1432,1.29,0.0,0.006432,0.30924562
1,1433,1.29,0.0,0.006433,0.30916146
1,1434,1.29,0.0,0.006434,0.30920412
1,1435,1.29,0.0,0.006435,0.30925145
1,1436,1.29,0.0,0.006436,0.30929763
1,1437,1.29,0.0,0.006437,0.3093428
1,1438,1.29,0.0,0.006438,0.30938731
1,1439,1.29,0.0,0.006439,0.30943138
1,1440,1.29,0.0,0.00644,0.30947502
1,1441,1.29,0.0,0.006441,0.30951834
1,1442,1.29,0.0,0.006442,0.30956146
1,1443,1.29,0.0,0.006443,0.30960435
1,1444,1.29,0.0,0.006444,0.3096469
1,1445,1.29,0.0,0.006445,0.30968914
1,1446,1.29,0.0,0.006446,0.30973119
1,1447,1.29,0.0,0.006447,0.30977301
1,1448,1.29,0.0,0.006448,0.30981463
1,1449,1.29,0.0,0.006449,0.30985596
1,1450,1.29,0.0,0.00645,0.30989696
1,1451,1.29,0.0,0.006451,0.30993774
1,1452,1.29,0.0,0.006452,0.30997827
1,1453,1.29,0.0,0.006453,0.3100185
1,1454,1.29,0.0,0.006454,0.31005842
1,1455,1.29,0.0,0.006455,0.31009815
1,1456,1.29,0.0,0.006456,0.31013778
1,1457,1.29,0.0,0.006457,0.3101772
1,1458,1.29,0.0,0.006458,0.31021635
1,1459,1.29,0.0,0.006459,0.31025533
1,1460,1.29,0.0,0.00646,0.31029401
1,1461,1.29,0.0,0.006461,0.31033206
1,1462,1.29,0.0,0.006462,0.3103695
1,1463,1.29,0.0,0.006463,0.31040632
1,1464,1.29,0.0,0.006464,0.3104426
1,1465,1.29,0.0,0.006465,0.31047781
1,1466,1.29,0.0,0.006466,0.31051071
1,1467,1.29,0.0,0.006467,0.31053972
1,1468,1.29,0.0,0.006468,0.31056258
1,1469,1.29,0.0,0.006469,0.3105768
1,1470,1.29,0.0,0.00647,0.31058034
1,1471,1.29,0.0,0.006471,0.31057195
1,1472,1.29,0.0,0.006472,0.31055118
1,1473,1.29,0.0,0.006473,0.31051839
1,1474,1.29,0.0,0.006474,0.31047464
1,1475,1.29,0.0,0.006475,0.31042159
1,1476,1.3,0.0,0.006476,0.31035741
1,1477,1.3,0.0,0.006477,0.31028879
1,1478,1.3,0.0,0.006478,0.31021863
1,1479,1.3,0.0,0.006479,0.31014964
1,1480,1.3,0.0,0.00648,0.31008061
1,1481,1.3,0.0,0.006481,0.31001763
1,1482,1.3,0.0,0.006482,0.30996272
1,1483,1.3,0.0,0.006483,0.30991722
1,1484,1.3,0.0,0.006484,0.30987876
1,1485,1.3,0.0,0.006485,0.30985056
1,1486,1.3,0.0,0.006486,0.3098323
1,1487,1.3,0.0,0.006487,0.30982303
1,1488,1.3,0.0,0.006488,0.3098213
1,1489,1.3,0.0,0.006489,0.30982529
1,1490,1.3,0.0,0.00649,0.30983297
1,1491,1.3,0.0,0.006491,0.30984222
1,1492,1.3,0.0,0.006492,0.3098479
1,1493,1.3,0.0,0.006493,0.30985151
1,1494,1.3,0.0,0.006494,0.30985148
1,1495,1.3,0.0,0.006495,0.30984662
1,1496,1.3,0.0,0.006496,0.30983603
1,1497,1.3,0.0,0.006497,0.30981925
1,1498,1.3,0.0,0.006498,0.3097962
1,1499,1.3,0.0,0.006499,0.30976715
1,1500,1.3,0.0,0.0065,0.30972989
1,1501,1.3,0.0,0.006501,0.30968845
1,1502,1.3,0.0,0.006502,0.30964412
1,1503,1.3,0.0,0.006503,0.30959825
1,1504,1.3,0.0,0.006504,0.30955216
1,1505,1.3,0.0,0.006505,0.3095035
1,1506,1.3,0.0,0.006506,0.30945722
1,1507,1.3,0.0,0.006507,0.30941449
1,1508,1.3,0.0,0.006508,0.30937609
1,1509,1.3,0.0,0.006509,0.30934247
1,1510,1.3,0.0,0.00651,0.30931029
1,1511,1.3,0.0,0.006511,0.30928312
1,1512,1.3,0.0,0.006512,0.30926074
1,1513,1.3,0.0,0.006513,0.30924266
1,1514,1.3,0.0,0.006514,0.3092281
1,1515,1.3,0.0,0.006515,0.30921613
1,1516,1.3,0.0,0.006516,0.30920569
1,1517,1.3,0.0,0.006517,0.30919222
1,1518,1.3,0.0,0.006518,0.30917856
1,1519,1.3,0.0,0.006519,0.30916392
1,1520,1.3,0.0,0.00652,0.3091476
1,1521,1.3,0.0,0.006521,0.30912902
1,1522,1.3,0.0,0.006522,0.30910772
1,1523,1.3,0.0,0.006523,0.30908344
1,1524,1.3,0.0,0.006524,0.30905288
1,1525,1.3,0.0,0.006525,0.30901957
1,1526,1.31,0.0,0.006526,0.30898389
1,1527,1.31,0.0,0.006527,0.30894628
1,1528,1.31,0.0,0.006528,0.30890721
1,1529,1.31,0.0,0.006529,0.30886419
1,1530,1.31,0.0,0.00653,0.30882093
1,1531,1.31,0.0,0.006531,0.30877812
1,1532,1.31,0.0,0.006532,0.30873629
1,1533,1.31,0.0,0.006533,0.30869583
1,1534,1.31,0.0,0.006534,0.30865339
1,1535,1.31,0.0,0.006535,0.30861299
1,1536,1.31,0.0,0.006536,0.3085749
1,1537,1.31,0.0,0.006537,0.30853917
1,1538,1.31,0.0,0.006538,0.30850565
1,1539,1.31,0.0,0.006539,0.30847076
1,1540,1.31,0.0,0.00654,0.30843769
1,1541,1.31,0.0,0.006541,0.30840619
1,1542,1.31,0.0,0.006542,0.3083759
1,1543,1.31,0.0,0.006543,0.30834635
1,1544,1.31,0.0,0.006544,0.30831701
1,1545,1.31,0.0,0.006545,0.30828333
1,1546,1.31,0.0,0.006546,0.30824918
1,1547,1.31,0.0,0.006547,0.30821434
1,1548,1.31,0.0,0.006548,0.30817855
1,1549,1.31,0.0,0.006549,0.30814155
1,1550,1.31,0.0,0.00655,0.30809992
1,1551,1.31,0.0,0.006551,0.30805689
1,1552,1.31,0.0,0.006552,0.30801259
1,1553,1.31,0.0,0.006553,0.30796706
1,1554,1.31,0.0,0.006554,0.30792034
1,1555,1.31,0.0,0.006555,0.30786835
1,1556,1.31,0.0,0.006556,0.30781556
1,1557,1.31,0.0,0.006557,0.30776231
1,1558,1.31,0.0,0.006558,0.30770883
1,1559,1.31,0.0,0.006559,0.30765211
1,1560,1.31,0.0,0.00656,0.30759554
1,1561,1.31,0.0,0.006561,0.30753945
1,1562,1.31,0.0,0.006562,0.30748398
1,1563,1.31,0.0,0.006563,0.30742567
1,1564,1.31,0.0,0.006564,0.30736796
1,1565,1.31,0.0,0.006565,0.30731099
1,1566,1.31,0.0,0.006566,0.30725469
1,1567,1.31,0.0,0.006567,0.30719523
1,1568,1.31,0.0,0.006568,0.30713603
1,1569,1.31,0.0,0.006569,0.30707705
1,1570,1.31,0.0,0.00657,0.30701808
1,1571,1.31,0.0,0.006571,0.30695501
1,1572,1.31,0.0,0.006572,0.30689128
1,1573,1.31,0.0,0.006573,0.30682679
1,1574,1.31,0.0,0.006574,0.3067613
1,1575,1.31,0.0,0.006575,0.30669021
1,1576,1.32,0.0,0.006576,0.30661736
1,1577,1.32,0.0,0.006577,0.30654272
1,1578,1.32,0.0,0.006578,0.30646608
1,1579,1.32,0.0,0.006579,0.30638207
1,1580,1.32,0.0,0.00658,0.30629544
1,1581,1.32,0.0,0.006581,0.30620633
1,1582,1.32,0.0,0.006582,0.30611155
1,1583,1.32,0.0,0.006583,0.30601389
1,1584,1.32,0.0,0.006584,0.30591356
1,1585,1.32,0.0,0.006585,0.3058062
1,1586,1.32,0.0,0.006586,0.30569593
1,1587,1.32,0.0,0.006587,0.30558313
1,1588,1.32,0.0,0.006588,0.30546351
1,1589,1.32,0.0,0.006589,0.30534119
1,1590,1.32,0.0,0.00659,0.30521674
1,1591,1.32,0.0,0.006591,0.30508451
1,1592,1.32,0.0,0.006592,0.3049502
1,1593,1.32,0.0,0.006593,0.30481457
1,1594,1.32,0.0,0.006594,0.30467218
1,1595,1.32,0.0,0.006595,0.30452876
1,1596,1.32,0.0,0.006596,0.30438274
1,1597,1.32,0.0,0.006597,0.30423672
1,1598,1.32,0.0,0.006598,0.30408573
1,1599,1.32,0.0,0.006599,0.30393557
1,1600,1.32,0.0,0.0066,0.30378417
1,1601,1.32,0.0,0.006601,0.30363483
1,1602,1.32,0.0,0.006602,0.30348309
1,1603,1.32,0.0,0.006603,0.30333458
1,1604,1.32,0.0,0.006604,0.30318722
1,1605,1.32,0.0,0.006605,0.30304451
1,1606,1.32,0.0,0.006606,0.30290264
1,1607,1.32,0.0,0.006607,0.30276667
1,1608,1.32,0.0,0.006608,0.30263474
1,1609,1.32,0.0,0.006609,0.30250992
1,1610,1.32,0.0,0.00661,0.30238911
1,1611,1.32,0.0,0.006611,0.30227616
1,1612,1.32,0.0,0.006612,0.30217161
1,1613,1.32,0.0,0.006613,0.30207032
1,1614,1.32,0.0,0.006614,0.3019771
1,1615,1.32,0.0,0.006615,0.30189204
1,1616,1.32,0.0,0.006616,0.30181189
1,1617,1.32,0.0,0.006617,0.30173878
1,1618,1.32,0.0,0.006618,0.30167226
1,1619,1.32,0.0,0.006619,0.30161155
1,1620,1.32,0.0,0.00662,0.30155154
1,1621,1.32,0.0,0.006621,0.30149537
1,1622,1.32,0.0,0.006622,0.30144221
1,1623,1.32,0.0,0.006623,0.30139108
1,1624,1.32,0.0,0.006624,0.30133794
1,1625,1.32,0.0,0.006625,0.30128481
1,1626,1.33,0.0,0.006626,0.30123099
1,1627,1.33,0.0,0.006627,0.30117574
1,1628,1.33,0.0,0.006628,0.30111546
1,1629,1.33,0.0,0.006629,0.30105257
1,1630,1.33,0.0,0.00663,0.30098692
1,1631,1.33,0.0,0.006631,0.30091839
1,1632,1.33,0.0,0.006632,0.30084337
1,1633,1.33,0.0,0.006633,0.30076564
1,1634,1.33,0.0,0.006634,0.30068579
1,1635,1.33,0.0,0.006635,0.30060435
1,1636,1.33,0.0,0.006636,0.30051734
1,1637,1.33,0.0,0.006637,0.30043008
1,1638,1.33,0.0,0.006638,0.30034363
1,1639,1.33,0.0,0.006639,0.30025628
1,1640,1.33,0.0,0.00664,0.30017133
1,1641,1.33,0.0,0.006641,0.30008977
1,1642,1.33,0.0,0.006642,0.30000949
1,1643,1.33,0.0,0.006643,0.29993375
1,1644,1.33,0.0,0.006644,0.29986317
1,1645,1.33,0.0,0.006645,0.299798
1,1646,1.33,0.0,0.006646,0.29973424
1,1647,1.33,0.0,0.006647,0.29967582
1,1648,1.33,0.0,0.006648,0.29962266
1,1649,1.33,0.0,0.006649,0.29957438
1,1650,1.33,0.0,0.00665,0.29952749
1,1651,1.33,0.0,0.006651,0.2994842
1,1652,1.33,0.0,0.006652,0.29944388
1,1653,1.33,0.0,0.006653,0.29940574
1,1654,1.33,0.0,0.006654,0.29936887
1,1655,1.33,0.0,0.006655,0.29932906
1,1656,1.33,0.0,0.006656,0.299289
1,1657,1.33,0.0,0.006657,0.29924808
1,1658,1.33,0.0,0.006658,0.29920575
1,1659,1.33,0.0,0.006659,0.2991615
1,1660,1.33,0.0,0.00666,0.2991116
1,1661,1.33,0.0,0.006661,0.29905936
1,1662,1.33,0.0,0.006662,0.29900487
1,1663,1.33,0.0,0.006663,0.29894829
1,1664,1.33,0.0,0.006664,0.29888982
1,1665,1.33,0.0,0.006665,0.29882526
1,1666,1.33,0.0,0.006666,0.29875974
1,1667,1.33,0.0,0.006667,0.29869399
1,1668,1.33,0.0,0.006668,0.29862862
1,1669,1.33,0.0,0.006669,0.29856068
1,1670,1.33,0.0,0.00667,0.29849427
1,1671,1.33,0.0,0.006671,0.29843007
1,1672,1.33,0.0,0.006672,0.29836855
1,1673,1.33,0.0,0.006673,0.29830654
1,1674,1.33,0.0,0.006674,0.29824772
1,1675,1.33,0.0,0.006675,0.29819237
1,1676,1.34,0.0,0.006676,0.29814046
1,1677,1.34,0.0,0.006677,0.29808888
1,1678,1.34,0.0,0.006678,0.29804029
1,1679,1.34,0.0,0.006679,0.29799444
1,1680,1.34,0.0,0.00668,0.29795092
1,1681,1.34,0.0,0.006681,0.29790914
1,1682,1.34,0.0,0.006682,0.29786474
1,1683,1.34,0.0,0.006683,0.29782106
1,1684,1.34,0.0,0.006684,0.29777766
1,1685,1.34,0.0,0.006685,0.29773409
1,1686,1.34,0.0,0.006686,0.29768984
1,1687,1.34,0.0,0.006687,0.29764095
1,1688,1.34,0.0,0.006688,0.29759077
1,1689,1.34,0.0,0.006689,0.29753923
1,1690,1.34,0.0,0.00669,0.29748623
1,1691,1.34,0.0,0.006691,0.2974317
1,1692,1.34,0.0,0.006692,0.29737134
1,1693,1.34,0.0,0.006693,0.29730967
1,1694,1.34,0.0,0.006694,0.29724706
1,1695,1.34,0.0,0.006695,0.2971838
1,1696,1.34,0.0,0.006696,0.29711682
1,1697,1.34,0.0,0.006697,0.2970497
1,1698,1.34,0.0,0.006698,0.2969829
1,1699,1.34,0.0,0.006699,0.29691673
1,1700,1.34,0.0,0.0067,0.29684776
1,1701,1.34,0.0,0.006701,0.29677979
1,1702,1.34,0.0,0.006702,0.29671316
1,1703,1.34,0.0,0.006703,0.29664802
1,1704,1.34,0.0,0.006704,0.29658074
1,1705,1.34,0.0,0.006705,0.29651495
1,1706,1.34,0.0,0.006706,0.29645075
1,1707,1.34,0.0,0.006707,0.29638809
1,1708,1.34,0.0,0.006708,0.29632327
1,1709,1.34,0.0,0.006709,0.29625958
1,1710,1.34,0.0,0.00671,0.29619696
1,1711,1.34,0.0,0.006711,0.2961352
1,1712,1.34,0.0,0.006712,0.2960706
1,1713,1.34,0.0,0.006713,0.29600627
1,1714,1.34,0.0,0.006714,0.29594211
1,1715,1.34,0.0,0.006715,0.29587789
1,1716,1.34,0.0,0.006716,0.29580986
1,1717,1.34,0.0,0.006717,0.29574123
1,1718,1.34,0.0,0.006718,0.29567197
1,1719,1.34,0.0,0.006719,0.29560194
1,1720,1.34,0.0,0.00672,0.29552716
1,1721,1.34,0.0,0.006721,0.29545126
1,1722,1.34,0.0,0.006722,0.29537435
1,1723,1.34,0.0,0.006723,0.29529634
1,1724,1.34,0.0,0.006724,0.29521271
1,1725,1.34,0.0,0.006725,0.29512775
1,1726,1.35,0.0,0.006726,0.29504162
1,1727,1.35,0.0,0.006727,0.29495177
1,1728,1.35,0.0,0.006728,0.29486052
1,1729,1.35,0.0,0.006729,0.29476793
1,1730,1.35,0.0,0.00673,0.29467062
1,1731,1.35,0.0,0.006731,0.29457159
1,1732,1.35,0.0,0.006732,0.29447094
1,1733,1.35,0.0,0.006733,0.29436526
1,1734,1.35,0.0,0.006734,0.29425735
1,1735,1.35,0.0,0.006735,0.29414724
1,1736,1.35,0.0,0.006736,0.29403047
1,1737,1.35,0.0,0.006737,0.29391068
1,1738,1.35,0.0,0.006738,0.29378788
1,1739,1.35,0.0,0.006739,0.29365732
1,1740,1.35,0.0,0.00674,0.29352267
1,1741,1.35,0.0,0.006741,0.29338174
1,1742,1.35,0.0,0.006742,0.2932359
1,1743,1.35,0.0,0.006743,0.29307988
1,1744,1.35,0.0,0.006744,0.2929177
1,1745,1.35,0.0,0.006745,0.29274554
1,1746,1.35,0.0,0.006746,0.29256575
1,1747,1.35,0.0,0.006747,0.29237143
1,1748,1.35,0.0,0.006748,0.2921672
1,1749,1.35,0.0,0.006749,0.29194631
1,1750,1.35,0.0,0.00675,0.29170992
1,1751,1.35,0.0,0.006751,0.29145428
1,1752,1.35,0.0,0.006752,0.29117594
1,1753,1.35,0.0,0.006753,0.2908705
1,1754,1.35,0.0,0.006754,0.29053239
1,1755,1.35,0.0,0.006755,0.29015441
1,1756,1.35,0.0,0.006756,0.28972719
1,1757,1.35,0.0,0.006757,0.28923836
1,1758,1.35,0.0,0.006758,0.28867118
1,1759,1.35,0.0,0.006759,0.28800269
1,1760,1.35,0.0,0.00676,0.28720084
1,1761,1.35,0.0,0.006761,0.28621956
1,1762,1.35,0.0,0.006762,0.2849912
1,1763,1.35,0.0,0.006763,0.28341403
1,1764,1.35,0.0,0.006764,0.28132276
1,1765,1.35,0.0,0.006765,0.27845586
1,1766,1.35,0.0,0.006766,0.27450395
1,1767,1.35,0.0,0.006767,0.26933803
1,1768,1.35,0.0,0.006768,0.2630375
1,1769,1.35,0.0,0.006769,0.25589566
1,1770,1.35,0.0,0.00677,0.24782158
1,1771,1.35,0.0,0.006771,0.23843276
1,1772,1.35,0.0,0.006772,0.22799181
1,1773,1.35,0.0,0.006773,0.21730159
1,1774,1.35,0.0,0.006774,0.20585485
1,1775,1.35,0.0,0.0067740625,0.20391991
1,1776,1.35,0.0,0.0067740684,0.20190637
1,1777,1.35,0.0,0.0067740689,0.19979949
1,1778,1.35,0.0,0.006774069,0.19758028
1,1779,1.35,0.0,0.006774069,0.19522804
1,1780,1.35,0.0,0.006774069,0.19273947
1,1781,1.35,0.0,0.006774069,0.19011925
1,1782,1.35,0.0,0.006774069,0.18736551
1,1783,1.35,0.0,0.006774069,0.18446543
1,1784,1.35,0.0,0.006774069,0.18446543
